pair_id,label,category,device_pair,subject1,subject2,hand1,hand2,ground_truth,similarity_score,raw_response,latency_s,model,prompting_setting,timestamp
D_121_111,non-mated,diagnostic_impostor,na,121,121,13,14,B,75,75,0.267,internvl3,similarity_score,2026-09-05T19:10:29
I_044_232_13,non-mated,primary_impostor,na,044,232,13,13,B,85,85,0.267,internvl3,similarity_score,2026-09-05T19:10:29
I_067_932_13,non-mated,primary_impostor,na,067,932,13,13,B,75,75,0.266,internvl3,similarity_score,2026-09-05T19:10:30
I_169_222_13,non-mated,primary_impostor,na,169,222,13,13,B,85,85,0.269,internvl3,similarity_score,2026-09-05T19:10:30
I_051_174_13,non-mated,primary_impostor,na,051,174,13,13,B,85,85,0.269,internvl3,similarity_score,2026-09-05T19:10:30
D_041_36,non-mated,diagnostic_impostor,na,041,041,13,14,B,75,75,0.271,internvl3,similarity_score,2026-09-05T19:10:30
G_200_13_11863,mated,primary_genuine,na,200,200,13,13,A,85,85,0.268,internvl3,similarity_score,2026-09-05T19:10:31
I_049_269_13,non-mated,primary_impostor,na,049,269,13,13,B,75,75,0.267,internvl3,similarity_score,2026-09-05T19:10:31
G_256_14_13142,mated,primary_genuine,na,256,256,14,14,A,85,85,0.269,internvl3,similarity_score,2026-09-05T19:10:31
G_159_14_10898,mated,primary_genuine,na,159,159,14,14,A,85,85,0.268,internvl3,similarity_score,2026-09-05T19:10:31
G_202_14_11903,mated,primary_genuine,na,202,202,14,14,A,85,85,0.263,internvl3,similarity_score,2026-09-05T19:10:32
D_46_259,non-mated,diagnostic_impostor,na,46,46,13,14,B,75,75,0.265,internvl3,similarity_score,2026-09-05T19:10:32
G_112_14_9805,mated,primary_genuine,na,112,112,14,14,A,75,75,0.263,internvl3,similarity_score,2026-09-05T19:10:32
G_192_13_11674,mated,primary_genuine,na,192,192,13,13,A,85,85,0.263,internvl3,similarity_score,2026-09-05T19:10:33
I_009_216_13,non-mated,primary_impostor,na,009,216,13,13,B,85,85,0.266,internvl3,similarity_score,2026-09-05T19:10:33
D_155_135,non-mated,diagnostic_impostor,na,155,155,13,14,B,75,75,0.265,internvl3,similarity_score,2026-09-05T19:10:33
I_31_911_14,non-mated,primary_impostor,na,31,911,14,14,B,75,75,0.262,internvl3,similarity_score,2026-09-05T19:10:33
I_233_293_14,non-mated,primary_impostor,na,233,293,14,14,B,75,75,0.262,internvl3,similarity_score,2026-09-05T19:10:34
I_57_71_13,non-mated,primary_impostor,na,57,71,13,13,B,75,75,0.266,internvl3,similarity_score,2026-09-05T19:10:34
G_048_14_3830,mated,primary_genuine,na,048,048,14,14,A,85,85,0.271,internvl3,similarity_score,2026-09-05T19:10:34
D_191_165,non-mated,diagnostic_impostor,na,191,191,13,14,B,85,85,0.263,internvl3,similarity_score,2026-09-05T19:10:34
G_182_14_11428,mated,primary_genuine,na,182,182,14,14,A,85,85,0.265,internvl3,similarity_score,2026-09-05T19:10:35
G_009_13_633,mated,primary_genuine,na,009,009,13,13,A,85,85,0.268,internvl3,similarity_score,2026-09-05T19:10:35
I_83_908_13,non-mated,primary_impostor,na,83,908,13,13,B,85,85,0.263,internvl3,similarity_score,2026-09-05T19:10:35
I_010_173_13,non-mated,primary_impostor,na,010,173,13,13,B,60,60,0.267,internvl3,similarity_score,2026-09-05T19:10:35
D_004_2,non-mated,diagnostic_impostor,na,004,004,13,14,B,75,75,0.271,internvl3,similarity_score,2026-09-05T19:10:36
G_212_13_12077,mated,primary_genuine,na,212,212,13,13,A,85,85,0.266,internvl3,similarity_score,2026-09-05T19:10:36
G_270_14_13504,mated,primary_genuine,na,270,270,14,14,A,85,85,0.262,internvl3,similarity_score,2026-09-05T19:10:36
G_42_13_14322,mated,primary_genuine,na,42,42,13,13,A,75,75,0.263,internvl3,similarity_score,2026-09-05T19:10:37
D_128_117,non-mated,diagnostic_impostor,na,128,128,13,14,B,75,75,0.263,internvl3,similarity_score,2026-09-05T19:10:37
G_934_14_16443,mated,primary_genuine,na,934,934,14,14,A,85,85,0.265,internvl3,similarity_score,2026-09-05T19:10:37
I_059_900_13,non-mated,primary_impostor,na,059,900,13,13,B,75,75,0.266,internvl3,similarity_score,2026-09-05T19:10:37
I_31_82_14,non-mated,primary_impostor,na,31,82,14,14,B,75,75,0.263,internvl3,similarity_score,2026-09-05T19:10:38
I_034_181_14,non-mated,primary_impostor,na,034,181,14,14,B,20,20,0.27,internvl3,similarity_score,2026-09-05T19:10:38
G_033_13_2634,mated,primary_genuine,na,033,033,13,13,A,75,75,0.268,internvl3,similarity_score,2026-09-05T19:10:38
I_136_263_13,non-mated,primary_impostor,na,136,263,13,13,B,20,20,0.263,internvl3,similarity_score,2026-09-05T19:10:38
G_160_13_10911,mated,primary_genuine,na,160,160,13,13,A,85,85,0.264,internvl3,similarity_score,2026-09-05T19:10:39
G_12_13_10249,mated,primary_genuine,na,12,12,13,13,A,75,75,0.264,internvl3,similarity_score,2026-09-05T19:10:39
I_006_044_14,non-mated,primary_impostor,na,006,044,14,14,B,85,85,0.27,internvl3,similarity_score,2026-09-05T19:10:39
D_218_186,non-mated,diagnostic_impostor,na,218,218,13,14,B,60,60,0.265,internvl3,similarity_score,2026-09-05T19:10:39
D_39_252,non-mated,diagnostic_impostor,na,39,39,13,14,B,85,85,0.264,internvl3,similarity_score,2026-09-05T19:10:40
I_229_916_13,non-mated,primary_impostor,na,229,916,13,13,B,85,85,0.263,internvl3,similarity_score,2026-09-05T19:10:40
G_049_14_3960,mated,primary_genuine,na,049,049,14,14,A,95,95,0.269,internvl3,similarity_score,2026-09-05T19:10:40
D_918_310,non-mated,diagnostic_impostor,na,918,918,13,14,B,75,75,0.263,internvl3,similarity_score,2026-09-05T19:10:40
G_43_13_14353,mated,primary_genuine,na,43,43,13,13,A,75,75,0.262,internvl3,similarity_score,2026-09-05T19:10:41
G_923_13_16063,mated,primary_genuine,na,923,923,13,13,A,85,85,0.263,internvl3,similarity_score,2026-09-05T19:10:41
G_127_14_10171,mated,primary_genuine,na,127,127,14,14,A,85,85,0.265,internvl3,similarity_score,2026-09-05T19:10:41
D_051_45,non-mated,diagnostic_impostor,na,051,051,13,14,B,75,75,0.27,internvl3,similarity_score,2026-09-05T19:10:42
G_197_14_11779,mated,primary_genuine,na,197,197,14,14,A,85,85,0.262,internvl3,similarity_score,2026-09-05T19:10:42
G_018_14_1489,mated,primary_genuine,na,018,018,14,14,A,95,95,0.269,internvl3,similarity_score,2026-09-05T19:10:42
I_049_901_14,non-mated,primary_impostor,na,049,901,14,14,B,85,85,0.266,internvl3,similarity_score,2026-09-05T19:10:42
I_36_67_13,non-mated,primary_impostor,na,36,67,13,13,B,75,75,0.263,internvl3,similarity_score,2026-09-05T19:10:43
I_146_194_13,non-mated,primary_impostor,na,146,194,13,13,B,75,75,0.265,internvl3,similarity_score,2026-09-05T19:10:43
D_279_230,non-mated,diagnostic_impostor,na,279,279,13,14,B,85,85,0.266,internvl3,similarity_score,2026-09-05T19:10:43
I_013_919_13,non-mated,primary_impostor,na,013,919,13,13,B,75,75,0.267,internvl3,similarity_score,2026-09-05T19:10:43
D_094_86,non-mated,diagnostic_impostor,na,094,094,13,14,B,85,85,0.271,internvl3,similarity_score,2026-09-05T19:10:44
D_158_138,non-mated,diagnostic_impostor,na,158,158,13,14,B,75,75,0.263,internvl3,similarity_score,2026-09-05T19:10:44
I_057_909_14,non-mated,primary_impostor,na,057,909,14,14,B,85,85,0.267,internvl3,similarity_score,2026-09-05T19:10:44
D_099_90,non-mated,diagnostic_impostor,na,099,099,13,14,B,75,75,0.269,internvl3,similarity_score,2026-09-05T19:10:44
G_125_13_10127,mated,primary_genuine,na,125,125,13,13,A,75,75,0.262,internvl3,similarity_score,2026-09-05T19:10:45
I_048_22_13,non-mated,primary_impostor,na,048,22,13,13,B,65,65,0.266,internvl3,similarity_score,2026-09-05T19:10:45
G_156_13_10789,mated,primary_genuine,na,156,156,13,13,A,85,85,0.262,internvl3,similarity_score,2026-09-05T19:10:45
I_42_939_14,non-mated,primary_impostor,na,42,939,14,14,B,75,75,0.263,internvl3,similarity_score,2026-09-05T19:10:46
I_164_279_14,non-mated,primary_impostor,na,164,279,14,14,B,60,60,0.265,internvl3,similarity_score,2026-09-05T19:10:46
I_007_253_13,non-mated,primary_impostor,na,007,253,13,13,B,85,85,0.267,internvl3,similarity_score,2026-09-05T19:10:46
I_902_919_14,non-mated,primary_impostor,na,902,919,14,14,B,85,85,0.264,internvl3,similarity_score,2026-09-05T19:10:46
I_100_189_13,non-mated,primary_impostor,na,100,189,13,13,B,75,75,0.267,internvl3,similarity_score,2026-09-05T19:10:47
G_122_13_10044,mated,primary_genuine,na,122,122,13,13,A,85,85,0.264,internvl3,similarity_score,2026-09-05T19:10:47
I_024_130_13,non-mated,primary_impostor,na,024,130,13,13,B,65,65,0.277,internvl3,similarity_score,2026-09-05T19:10:47
G_284_14_13708,mated,primary_genuine,na,284,284,14,14,A,85,85,0.276,internvl3,similarity_score,2026-09-05T19:10:47
D_228_195,non-mated,diagnostic_impostor,na,228,228,13,14,B,75,75,0.279,internvl3,similarity_score,2026-09-05T19:10:48
D_016_14,non-mated,diagnostic_impostor,na,016,016,13,14,B,85,85,0.284,internvl3,similarity_score,2026-09-05T19:10:48
I_123_932_14,non-mated,primary_impostor,na,123,932,14,14,B,75,75,0.277,internvl3,similarity_score,2026-09-05T19:10:48
D_101_92,non-mated,diagnostic_impostor,na,101,101,13,14,B,85,85,0.287,internvl3,similarity_score,2026-09-05T19:10:49
G_026_13_2176,mated,primary_genuine,na,026,026,13,13,A,85,85,0.285,internvl3,similarity_score,2026-09-05T19:10:49
D_35_248,non-mated,diagnostic_impostor,na,35,35,13,14,B,75,75,0.27,internvl3,similarity_score,2026-09-05T19:10:49
I_055_932_14,non-mated,primary_impostor,na,055,932,14,14,B,75,75,0.266,internvl3,similarity_score,2026-09-05T19:10:49
G_159_13_10878,mated,primary_genuine,na,159,159,13,13,A,75,75,0.263,internvl3,similarity_score,2026-09-05T19:10:50
I_026_051_14,non-mated,primary_impostor,na,026,051,14,14,B,85,85,0.269,internvl3,similarity_score,2026-09-05T19:10:50
G_127_13_10162,mated,primary_genuine,na,127,127,13,13,A,85,85,0.264,internvl3,similarity_score,2026-09-05T19:10:50
I_013_175_14,non-mated,primary_impostor,na,013,175,14,14,B,65,65,0.268,internvl3,similarity_score,2026-09-05T19:10:50
G_905_13_15522,mated,primary_genuine,na,905,905,13,13,A,85,85,0.264,internvl3,similarity_score,2026-09-05T19:10:51
I_907_922_14,non-mated,primary_impostor,na,907,922,14,14,B,85,85,0.263,internvl3,similarity_score,2026-09-05T19:10:51
G_194_13_11703,mated,primary_genuine,na,194,194,13,13,A,85,85,0.264,internvl3,similarity_score,2026-09-05T19:10:51
D_132_120,non-mated,diagnostic_impostor,na,132,132,13,14,B,75,75,0.265,internvl3,similarity_score,2026-09-05T19:10:51
G_196_14_11755,mated,primary_genuine,na,196,196,14,14,A,75,75,0.264,internvl3,similarity_score,2026-09-05T19:10:52
G_929_14_16265,mated,primary_genuine,na,929,929,14,14,A,85,85,0.264,internvl3,similarity_score,2026-09-05T19:10:52
G_240_13_12731,mated,primary_genuine,na,240,240,13,13,A,75,75,0.263,internvl3,similarity_score,2026-09-05T19:10:52
G_47_14_14464,mated,primary_genuine,na,47,47,14,14,A,85,85,0.263,internvl3,similarity_score,2026-09-05T19:10:53
G_912_13_15765,mated,primary_genuine,na,912,912,13,13,A,75,75,0.263,internvl3,similarity_score,2026-09-05T19:10:53
D_157_137,non-mated,diagnostic_impostor,na,157,157,13,14,B,85,85,0.264,internvl3,similarity_score,2026-09-05T19:10:53
I_231_263_13,non-mated,primary_impostor,na,231,263,13,13,B,60,60,0.264,internvl3,similarity_score,2026-09-05T19:10:53
G_247_14_12927,mated,primary_genuine,na,247,247,14,14,A,85,85,0.266,internvl3,similarity_score,2026-09-05T19:10:54
I_005_81_14,non-mated,primary_impostor,na,005,81,14,14,B,75,75,0.267,internvl3,similarity_score,2026-09-05T19:10:54
D_59_270,non-mated,diagnostic_impostor,na,59,59,13,14,B,85,85,0.263,internvl3,similarity_score,2026-09-05T19:10:54
G_011_13_817,mated,primary_genuine,na,011,011,13,13,A,85,85,0.271,internvl3,similarity_score,2026-09-05T19:10:54
G_14_14_10714,mated,primary_genuine,na,14,14,14,14,A,85,85,0.268,internvl3,similarity_score,2026-09-05T19:10:55
I_074_218_13,non-mated,primary_impostor,na,074,218,13,13,B,75,75,0.269,internvl3,similarity_score,2026-09-05T19:10:55
I_197_241_14,non-mated,primary_impostor,na,197,241,14,14,B,85,85,0.264,internvl3,similarity_score,2026-09-05T19:10:55
G_271_13_13508,mated,primary_genuine,na,271,271,13,13,A,85,85,0.264,internvl3,similarity_score,2026-09-05T19:10:55
I_48_927_13,non-mated,primary_impostor,na,48,927,13,13,B,75,75,0.266,internvl3,similarity_score,2026-09-05T19:10:56
G_18_13_11603,mated,primary_genuine,na,18,18,13,13,A,85,85,0.268,internvl3,similarity_score,2026-09-05T19:10:56
D_110_101,non-mated,diagnostic_impostor,na,110,110,13,14,B,75,75,0.271,internvl3,similarity_score,2026-09-05T19:10:56
G_160_14_10920,mated,primary_genuine,na,160,160,14,14,A,85,85,0.264,internvl3,similarity_score,2026-09-05T19:10:57
I_913_914_14,non-mated,primary_impostor,na,913,914,14,14,B,60,60,0.264,internvl3,similarity_score,2026-09-05T19:10:57
D_903_295,non-mated,diagnostic_impostor,na,903,903,13,14,B,85,85,0.265,internvl3,similarity_score,2026-09-05T19:10:57
D_038_33,non-mated,diagnostic_impostor,na,038,038,13,14,B,75,75,0.27,internvl3,similarity_score,2026-09-05T19:10:57
D_079_71,non-mated,diagnostic_impostor,na,079,079,13,14,B,85,85,0.27,internvl3,similarity_score,2026-09-05T19:10:58
I_152_35_13,non-mated,primary_impostor,na,152,35,13,13,B,75,75,0.263,internvl3,similarity_score,2026-09-05T19:10:58
I_005_132_13,non-mated,primary_impostor,na,005,132,13,13,B,60,60,0.266,internvl3,similarity_score,2026-09-05T19:10:58
I_088_149_13,non-mated,primary_impostor,na,088,149,13,13,B,85,85,0.268,internvl3,similarity_score,2026-09-05T19:10:58
D_94_333,non-mated,diagnostic_impostor,na,94,94,13,14,B,75,75,0.262,internvl3,similarity_score,2026-09-05T19:10:59
D_066_60,non-mated,diagnostic_impostor,na,066,066,13,14,B,75,75,0.268,internvl3,similarity_score,2026-09-05T19:10:59
I_067_077_14,non-mated,primary_impostor,na,067,077,14,14,B,65,65,0.269,internvl3,similarity_score,2026-09-05T19:10:59
D_88_289,non-mated,diagnostic_impostor,na,88,88,13,14,B,60,60,0.264,internvl3,similarity_score,2026-09-05T19:10:59
I_027_163_13,non-mated,primary_impostor,na,027,163,13,13,B,75,75,0.271,internvl3,similarity_score,2026-09-05T19:11:00
G_031_14_2510,mated,primary_genuine,na,031,031,14,14,A,95,95,0.27,internvl3,similarity_score,2026-09-05T19:11:00
G_198_13_11796,mated,primary_genuine,na,198,198,13,13,A,85,85,0.264,internvl3,similarity_score,2026-09-05T19:11:00
I_158_931_13,non-mated,primary_impostor,na,158,931,13,13,B,60,60,0.263,internvl3,similarity_score,2026-09-05T19:11:01
G_071_14_5907,mated,primary_genuine,na,071,071,14,14,A,95,95,0.271,internvl3,similarity_score,2026-09-05T19:11:01
I_266_70_14,non-mated,primary_impostor,na,266,70,14,14,B,50,50,0.264,internvl3,similarity_score,2026-09-05T19:11:01
D_173_150,non-mated,diagnostic_impostor,na,173,173,13,14,B,60,60,0.264,internvl3,similarity_score,2026-09-05T19:11:01
I_156_280_13,non-mated,primary_impostor,na,156,280,13,13,B,75,75,0.263,internvl3,similarity_score,2026-09-05T19:11:02
I_055_36_13,non-mated,primary_impostor,na,055,36,13,13,B,75,75,0.266,internvl3,similarity_score,2026-09-05T19:11:02
G_046_13_3632,mated,primary_genuine,na,046,046,13,13,A,85,85,0.269,internvl3,similarity_score,2026-09-05T19:11:02
G_109_14_9407,mated,primary_genuine,na,109,109,14,14,A,85,85,0.269,internvl3,similarity_score,2026-09-05T19:11:02
G_51_14_14610,mated,primary_genuine,na,51,51,14,14,A,20,20,0.265,internvl3,similarity_score,2026-09-05T19:11:03
G_27_13_13568,mated,primary_genuine,na,27,27,13,13,A,85,85,0.265,internvl3,similarity_score,2026-09-05T19:11:03
I_049_81_14,non-mated,primary_impostor,na,049,81,14,14,B,75,75,0.267,internvl3,similarity_score,2026-09-05T19:11:03
G_057_13_4601,mated,primary_genuine,na,057,057,13,13,A,85,85,0.27,internvl3,similarity_score,2026-09-05T19:11:03
D_258_218,non-mated,diagnostic_impostor,na,258,258,13,14,B,75,75,0.266,internvl3,similarity_score,2026-09-05T19:11:04
G_904_14_15508,mated,primary_genuine,na,904,904,14,14,A,75,75,0.263,internvl3,similarity_score,2026-09-05T19:11:04
I_100_279_14,non-mated,primary_impostor,na,100,279,14,14,B,2,2,0.254,internvl3,similarity_score,2026-09-05T19:11:04
D_68_279,non-mated,diagnostic_impostor,na,68,68,13,14,B,85,85,0.263,internvl3,similarity_score,2026-09-05T19:11:05
D_240_203,non-mated,diagnostic_impostor,na,240,240,13,14,B,75,75,0.263,internvl3,similarity_score,2026-09-05T19:11:05
G_907_13_15583,mated,primary_genuine,na,907,907,13,13,A,85,85,0.262,internvl3,similarity_score,2026-09-05T19:11:05
G_927_13_16188,mated,primary_genuine,na,927,927,13,13,A,85,85,0.264,internvl3,similarity_score,2026-09-05T19:11:05
I_11_924_13,non-mated,primary_impostor,na,11,924,13,13,B,60,60,0.264,internvl3,similarity_score,2026-09-05T19:11:06
I_240_918_14,non-mated,primary_impostor,na,240,918,14,14,B,75,75,0.263,internvl3,similarity_score,2026-09-05T19:11:06
G_284_13_13695,mated,primary_genuine,na,284,284,13,13,A,85,85,0.263,internvl3,similarity_score,2026-09-05T19:11:06
I_4_47_13,non-mated,primary_impostor,na,4,47,13,13,B,60,60,0.265,internvl3,similarity_score,2026-09-05T19:11:06
G_181_13_11393,mated,primary_genuine,na,181,181,13,13,A,85,85,0.267,internvl3,similarity_score,2026-09-05T19:11:07
D_227_194,non-mated,diagnostic_impostor,na,227,227,13,14,B,60,60,0.265,internvl3,similarity_score,2026-09-05T19:11:07
G_96_13_16700,mated,primary_genuine,na,96,96,13,13,A,60,60,0.264,internvl3,similarity_score,2026-09-05T19:11:07
I_075_081_14,non-mated,primary_impostor,na,075,081,14,14,B,95,95,0.269,internvl3,similarity_score,2026-09-05T19:11:07
I_019_229_13,non-mated,primary_impostor,na,019,229,13,13,B,85,85,0.266,internvl3,similarity_score,2026-09-05T19:11:08
I_128_138_14,non-mated,primary_impostor,na,128,138,14,14,B,75,75,0.264,internvl3,similarity_score,2026-09-05T19:11:08
G_249_13_12978,mated,primary_genuine,na,249,249,13,13,A,75,75,0.263,internvl3,similarity_score,2026-09-05T19:11:08
I_080_181_14,non-mated,primary_impostor,na,080,181,14,14,B,60,60,0.268,internvl3,similarity_score,2026-09-05T19:11:08
I_021_917_13,non-mated,primary_impostor,na,021,917,13,13,B,75,75,0.267,internvl3,similarity_score,2026-09-05T19:11:09
D_233_200,non-mated,diagnostic_impostor,na,233,233,13,14,B,50,50,0.265,internvl3,similarity_score,2026-09-05T19:11:09
G_053_13_4271,mated,primary_genuine,na,053,053,13,13,A,85,85,0.272,internvl3,similarity_score,2026-09-05T19:11:09
I_223_53_13,non-mated,primary_impostor,na,223,53,13,13,B,75,75,0.268,internvl3,similarity_score,2026-09-05T19:11:10
G_279_14_13557,mated,primary_genuine,na,279,279,14,14,A,75,75,0.266,internvl3,similarity_score,2026-09-05T19:11:10
D_129_118,non-mated,diagnostic_impostor,na,129,129,13,14,B,75,75,0.268,internvl3,similarity_score,2026-09-05T19:11:10
I_084_163_14,non-mated,primary_impostor,na,084,163,14,14,B,85,85,0.267,internvl3,similarity_score,2026-09-05T19:11:10
G_015_14_1230,mated,primary_genuine,na,015,015,14,14,A,85,85,0.271,internvl3,similarity_score,2026-09-05T19:11:11
G_057_14_4669,mated,primary_genuine,na,057,057,14,14,A,85,85,0.271,internvl3,similarity_score,2026-09-05T19:11:11
G_098_14_8073,mated,primary_genuine,na,098,098,14,14,A,20,20,0.269,internvl3,similarity_score,2026-09-05T19:11:11
G_043_13_3371,mated,primary_genuine,na,043,043,13,13,A,85,85,0.27,internvl3,similarity_score,2026-09-05T19:11:11
I_216_931_13,non-mated,primary_impostor,na,216,931,13,13,B,60,60,0.265,internvl3,similarity_score,2026-09-05T19:11:12
G_144_14_10558,mated,primary_genuine,na,144,144,14,14,A,85,85,0.266,internvl3,similarity_score,2026-09-05T19:11:12
G_76_13_15198,mated,primary_genuine,na,76,76,13,13,A,85,85,0.265,internvl3,similarity_score,2026-09-05T19:11:12
I_048_915_13,non-mated,primary_impostor,na,048,915,13,13,B,75,75,0.267,internvl3,similarity_score,2026-09-05T19:11:13
G_66_13_14998,mated,primary_genuine,na,66,66,13,13,A,85,85,0.264,internvl3,similarity_score,2026-09-05T19:11:13
D_292_242,non-mated,diagnostic_impostor,na,292,292,13,14,B,75,75,0.266,internvl3,similarity_score,2026-09-05T19:11:13
G_263_13_13332,mated,primary_genuine,na,263,263,13,13,A,50,50,0.264,internvl3,similarity_score,2026-09-05T19:11:13
I_087_24_14,non-mated,primary_impostor,na,087,24,14,14,B,75,75,0.266,internvl3,similarity_score,2026-09-05T19:11:14
G_010_14_801,mated,primary_genuine,na,010,010,14,14,A,95,95,0.274,internvl3,similarity_score,2026-09-05T19:11:14
D_074_67,non-mated,diagnostic_impostor,na,074,074,13,14,B,85,85,0.269,internvl3,similarity_score,2026-09-05T19:11:14
I_012_049_14,non-mated,primary_impostor,na,012,049,14,14,B,85,85,0.27,internvl3,similarity_score,2026-09-05T19:11:14
I_230_930_13,non-mated,primary_impostor,na,230,930,13,13,B,60,60,0.265,internvl3,similarity_score,2026-09-05T19:11:15
I_054_222_14,non-mated,primary_impostor,na,054,222,14,14,B,85,85,0.271,internvl3,similarity_score,2026-09-05T19:11:15
I_116_118_14,non-mated,primary_impostor,na,116,118,14,14,B,95,95,0.266,internvl3,similarity_score,2026-09-05T19:11:15
D_225_192,non-mated,diagnostic_impostor,na,225,225,13,14,B,85,85,0.264,internvl3,similarity_score,2026-09-05T19:11:15
I_112_156_13,non-mated,primary_impostor,na,112,156,13,13,B,75,75,0.263,internvl3,similarity_score,2026-09-05T19:11:16
D_904_296,non-mated,diagnostic_impostor,na,904,904,13,14,B,60,60,0.265,internvl3,similarity_score,2026-09-05T19:11:16
I_180_181_14,non-mated,primary_impostor,na,180,181,14,14,B,85,85,0.266,internvl3,similarity_score,2026-09-05T19:11:16
G_241_13_12756,mated,primary_genuine,na,241,241,13,13,A,85,85,0.263,internvl3,similarity_score,2026-09-05T19:11:17
G_49_13_14509,mated,primary_genuine,na,49,49,13,13,A,85,85,0.264,internvl3,similarity_score,2026-09-05T19:11:17
G_060_14_4907,mated,primary_genuine,na,060,060,14,14,A,85,85,0.271,internvl3,similarity_score,2026-09-05T19:11:17
G_174_13_11236,mated,primary_genuine,na,174,174,13,13,A,85,85,0.263,internvl3,similarity_score,2026-09-05T19:11:17
I_245_40_14,non-mated,primary_impostor,na,245,40,14,14,B,75,75,0.264,internvl3,similarity_score,2026-09-05T19:11:18
I_198_224_14,non-mated,primary_impostor,na,198,224,14,14,B,85,85,0.265,internvl3,similarity_score,2026-09-05T19:11:18
I_237_43_14,non-mated,primary_impostor,na,237,43,14,14,B,60,60,0.265,internvl3,similarity_score,2026-09-05T19:11:18
G_025_13_2084,mated,primary_genuine,na,025,025,13,13,A,85,85,0.271,internvl3,similarity_score,2026-09-05T19:11:18
D_43_257,non-mated,diagnostic_impostor,na,43,43,13,14,B,50,50,0.263,internvl3,similarity_score,2026-09-05T19:11:19
G_928_14_16226,mated,primary_genuine,na,928,928,14,14,A,75,75,0.264,internvl3,similarity_score,2026-09-05T19:11:19
G_035_13_2823,mated,primary_genuine,na,035,035,13,13,A,85,85,0.271,internvl3,similarity_score,2026-09-05T19:11:19
I_048_216_13,non-mated,primary_impostor,na,048,216,13,13,B,85,85,0.267,internvl3,similarity_score,2026-09-05T19:11:19
I_014_76_13,non-mated,primary_impostor,na,014,76,13,13,B,75,75,0.268,internvl3,similarity_score,2026-09-05T19:11:20
I_111_904_14,non-mated,primary_impostor,na,111,904,14,14,B,75,75,0.267,internvl3,similarity_score,2026-09-05T19:11:20
G_177_14_11308,mated,primary_genuine,na,177,177,14,14,A,75,75,0.264,internvl3,similarity_score,2026-09-05T19:11:20
I_064_074_14,non-mated,primary_impostor,na,064,074,14,14,B,65,65,0.268,internvl3,similarity_score,2026-09-05T19:11:21
I_241_252_14,non-mated,primary_impostor,na,241,252,14,14,B,75,75,0.264,internvl3,similarity_score,2026-09-05T19:11:21
D_103_94,non-mated,diagnostic_impostor,na,103,103,13,14,B,75,75,0.269,internvl3,similarity_score,2026-09-05T19:11:21
D_071_65,non-mated,diagnostic_impostor,na,071,071,13,14,B,85,85,0.27,internvl3,similarity_score,2026-09-05T19:11:21
G_248_13_12935,mated,primary_genuine,na,248,248,13,13,A,85,85,0.265,internvl3,similarity_score,2026-09-05T19:11:22
G_68_13_15046,mated,primary_genuine,na,68,68,13,13,A,85,85,0.263,internvl3,similarity_score,2026-09-05T19:11:22
G_184_14_11491,mated,primary_genuine,na,184,184,14,14,A,95,95,0.263,internvl3,similarity_score,2026-09-05T19:11:22
D_226_193,non-mated,diagnostic_impostor,na,226,226,13,14,B,75,75,0.262,internvl3,similarity_score,2026-09-05T19:11:22
I_061_288_13,non-mated,primary_impostor,na,061,288,13,13,B,85,85,0.267,internvl3,similarity_score,2026-09-05T19:11:23
I_008_60_13,non-mated,primary_impostor,na,008,60,13,13,B,75,75,0.266,internvl3,similarity_score,2026-09-05T19:11:23
I_191_237_13,non-mated,primary_impostor,na,191,237,13,13,B,75,75,0.264,internvl3,similarity_score,2026-09-05T19:11:23
I_158_226_14,non-mated,primary_impostor,na,158,226,14,14,B,60,60,0.264,internvl3,similarity_score,2026-09-05T19:11:23
I_090_102_13,non-mated,primary_impostor,na,090,102,13,13,B,85,85,0.269,internvl3,similarity_score,2026-09-05T19:11:24
I_117_918_13,non-mated,primary_impostor,na,117,918,13,13,B,65,65,0.273,internvl3,similarity_score,2026-09-05T19:11:24
G_270_13_13483,mated,primary_genuine,na,270,270,13,13,A,85,85,0.276,internvl3,similarity_score,2026-09-05T19:11:24
G_299_13_13963,mated,primary_genuine,na,299,299,13,13,A,85,85,0.279,internvl3,similarity_score,2026-09-05T19:11:25
G_266_14_13377,mated,primary_genuine,na,266,266,14,14,A,75,75,0.277,internvl3,similarity_score,2026-09-05T19:11:25
I_062_132_14,non-mated,primary_impostor,na,062,132,14,14,B,75,75,0.282,internvl3,similarity_score,2026-09-05T19:11:25
G_279_13_13541,mated,primary_genuine,na,279,279,13,13,A,75,75,0.281,internvl3,similarity_score,2026-09-05T19:11:25
I_094_96_13,non-mated,primary_impostor,na,094,96,13,13,B,75,75,0.282,internvl3,similarity_score,2026-09-05T19:11:26
I_36_921_14,non-mated,primary_impostor,na,36,921,14,14,B,85,85,0.273,internvl3,similarity_score,2026-09-05T19:11:26
I_097_27_13,non-mated,primary_impostor,na,097,27,13,13,B,75,75,0.267,internvl3,similarity_score,2026-09-05T19:11:26
D_048_42,non-mated,diagnostic_impostor,na,048,048,13,14,B,85,85,0.273,internvl3,similarity_score,2026-09-05T19:11:26
G_919_13_15982,mated,primary_genuine,na,919,919,13,13,A,75,75,0.265,internvl3,similarity_score,2026-09-05T19:11:27
G_120_14_9991,mated,primary_genuine,na,120,120,14,14,A,85,85,0.264,internvl3,similarity_score,2026-09-05T19:11:27
D_220_188,non-mated,diagnostic_impostor,na,220,220,13,14,B,75,75,0.264,internvl3,similarity_score,2026-09-05T19:11:27
G_11_13_9954,mated,primary_genuine,na,11,11,13,13,A,75,75,0.265,internvl3,similarity_score,2026-09-05T19:11:28
G_271_14_13527,mated,primary_genuine,na,271,271,14,14,A,95,95,0.264,internvl3,similarity_score,2026-09-05T19:11:28
G_78_14_15241,mated,primary_genuine,na,78,78,14,14,A,20,20,0.264,internvl3,similarity_score,2026-09-05T19:11:28
I_056_14_13,non-mated,primary_impostor,na,056,14,13,13,B,85,85,0.267,internvl3,similarity_score,2026-09-05T19:11:28
D_031_27,non-mated,diagnostic_impostor,na,031,031,13,14,B,85,85,0.271,internvl3,similarity_score,2026-09-05T19:11:29
G_083_14_6820,mated,primary_genuine,na,083,083,14,14,A,85,85,0.27,internvl3,similarity_score,2026-09-05T19:11:29
D_271_229,non-mated,diagnostic_impostor,na,271,271,13,14,B,85,85,0.267,internvl3,similarity_score,2026-09-05T19:11:29
D_60_271,non-mated,diagnostic_impostor,na,60,60,13,14,B,85,85,0.263,internvl3,similarity_score,2026-09-05T19:11:29
I_30_918_14,non-mated,primary_impostor,na,30,918,14,14,B,75,75,0.263,internvl3,similarity_score,2026-09-05T19:11:30
I_197_260_13,non-mated,primary_impostor,na,197,260,13,13,B,75,75,0.264,internvl3,similarity_score,2026-09-05T19:11:30
I_128_142_14,non-mated,primary_impostor,na,128,142,14,14,B,75,75,0.264,internvl3,similarity_score,2026-09-05T19:11:30
G_916_13_15881,mated,primary_genuine,na,916,916,13,13,A,75,75,0.263,internvl3,similarity_score,2026-09-05T19:11:30
I_081_901_13,non-mated,primary_impostor,na,081,901,13,13,B,75,75,0.266,internvl3,similarity_score,2026-09-05T19:11:31
D_160_141,non-mated,diagnostic_impostor,na,160,160,13,14,B,75,75,0.265,internvl3,similarity_score,2026-09-05T19:11:31
G_062_13_5081,mated,primary_genuine,na,062,062,13,13,A,85,85,0.269,internvl3,similarity_score,2026-09-05T19:11:31
I_041_50_14,non-mated,primary_impostor,na,041,50,14,14,B,60,60,0.268,internvl3,similarity_score,2026-09-05T19:11:32
I_172_72_13,non-mated,primary_impostor,na,172,72,13,13,B,75,75,0.264,internvl3,similarity_score,2026-09-05T19:11:32
G_044_14_3489,mated,primary_genuine,na,044,044,14,14,A,85,85,0.271,internvl3,similarity_score,2026-09-05T19:11:32
D_109_99,non-mated,diagnostic_impostor,na,109,109,13,14,B,85,85,0.266,internvl3,similarity_score,2026-09-05T19:11:32
G_102_13_8526,mated,primary_genuine,na,102,102,13,13,A,85,85,0.269,internvl3,similarity_score,2026-09-05T19:11:33
I_172_54_14,non-mated,primary_impostor,na,172,54,14,14,B,75,75,0.264,internvl3,similarity_score,2026-09-05T19:11:33
I_094_116_13,non-mated,primary_impostor,na,094,116,13,13,B,85,85,0.269,internvl3,similarity_score,2026-09-05T19:11:33
D_096_87,non-mated,diagnostic_impostor,na,096,096,13,14,B,75,75,0.269,internvl3,similarity_score,2026-09-05T19:11:33
I_82_933_14,non-mated,primary_impostor,na,82,933,14,14,B,75,75,0.263,internvl3,similarity_score,2026-09-05T19:11:34
D_059_53,non-mated,diagnostic_impostor,na,059,059,13,14,B,95,95,0.269,internvl3,similarity_score,2026-09-05T19:11:34
I_192_299_13,non-mated,primary_impostor,na,192,299,13,13,B,75,75,0.265,internvl3,similarity_score,2026-09-05T19:11:34
G_67_14_15022,mated,primary_genuine,na,67,67,14,14,A,85,85,0.265,internvl3,similarity_score,2026-09-05T19:11:34
G_072_14_5998,mated,primary_genuine,na,072,072,14,14,A,85,85,0.269,internvl3,similarity_score,2026-09-05T19:11:35
G_212_14_12092,mated,primary_genuine,na,212,212,14,14,A,85,85,0.265,internvl3,similarity_score,2026-09-05T19:11:35
G_38_13_14179,mated,primary_genuine,na,38,38,13,13,A,85,85,0.266,internvl3,similarity_score,2026-09-05T19:11:35
G_223_13_12363,mated,primary_genuine,na,223,223,13,13,A,20,20,0.264,internvl3,similarity_score,2026-09-05T19:11:36
G_141_14_10469,mated,primary_genuine,na,141,141,14,14,A,85,85,0.265,internvl3,similarity_score,2026-09-05T19:11:36
D_37_250,non-mated,diagnostic_impostor,na,37,37,13,14,B,75,75,0.264,internvl3,similarity_score,2026-09-05T19:11:36
D_167_145,non-mated,diagnostic_impostor,na,167,167,13,14,B,20,20,0.265,internvl3,similarity_score,2026-09-05T19:11:36
G_189_13_11576,mated,primary_genuine,na,189,189,13,13,A,75,75,0.264,internvl3,similarity_score,2026-09-05T19:11:37
D_232_199,non-mated,diagnostic_impostor,na,232,232,13,14,B,75,75,0.264,internvl3,similarity_score,2026-09-05T19:11:37
G_199_14_11824,mated,primary_genuine,na,199,199,14,14,A,85,85,0.263,internvl3,similarity_score,2026-09-05T19:11:37
I_198_901_13,non-mated,primary_impostor,na,198,901,13,13,B,75,75,0.263,internvl3,similarity_score,2026-09-05T19:11:37
I_008_111_13,non-mated,primary_impostor,na,008,111,13,13,B,75,75,0.269,internvl3,similarity_score,2026-09-05T19:11:38
D_063_57,non-mated,diagnostic_impostor,na,063,063,13,14,B,75,75,0.269,internvl3,similarity_score,2026-09-05T19:11:38
G_019_14_1610,mated,primary_genuine,na,019,019,14,14,A,85,85,0.27,internvl3,similarity_score,2026-09-05T19:11:38
D_146_131,non-mated,diagnostic_impostor,na,146,146,13,14,B,75,75,0.265,internvl3,similarity_score,2026-09-05T19:11:38
I_128_50_13,non-mated,primary_impostor,na,128,50,13,13,B,75,75,0.264,internvl3,similarity_score,2026-09-05T19:11:39
D_123_113,non-mated,diagnostic_impostor,na,123,123,13,14,B,75,75,0.264,internvl3,similarity_score,2026-09-05T19:11:39
D_182_158,non-mated,diagnostic_impostor,na,182,182,13,14,B,75,75,0.269,internvl3,similarity_score,2026-09-05T19:11:39
D_085_77,non-mated,diagnostic_impostor,na,085,085,13,14,B,75,75,0.269,internvl3,similarity_score,2026-09-05T19:11:39
I_935_97_14,non-mated,primary_impostor,na,935,97,14,14,B,75,75,0.263,internvl3,similarity_score,2026-09-05T19:11:40
D_248_210,non-mated,diagnostic_impostor,na,248,248,13,14,B,75,75,0.265,internvl3,similarity_score,2026-09-05T19:11:40
G_013_14_1036,mated,primary_genuine,na,013,013,14,14,A,65,65,0.271,internvl3,similarity_score,2026-09-05T19:11:40
D_935_328,non-mated,diagnostic_impostor,na,935,935,13,14,B,85,85,0.266,internvl3,similarity_score,2026-09-05T19:11:41
I_258_92_13,non-mated,primary_impostor,na,258,92,13,13,B,20,20,0.264,internvl3,similarity_score,2026-09-05T19:11:41
G_12_14_10264,mated,primary_genuine,na,12,12,14,14,A,85,85,0.264,internvl3,similarity_score,2026-09-05T19:11:41
I_44_922_13,non-mated,primary_impostor,na,44,922,13,13,B,75,75,0.264,internvl3,similarity_score,2026-09-05T19:11:41
G_200_14_11880,mated,primary_genuine,na,200,200,14,14,A,75,75,0.265,internvl3,similarity_score,2026-09-05T19:11:42
G_087_14_7195,mated,primary_genuine,na,087,087,14,14,A,85,85,0.272,internvl3,similarity_score,2026-09-05T19:11:42
D_936_329,non-mated,diagnostic_impostor,na,936,936,13,14,B,75,75,0.265,internvl3,similarity_score,2026-09-05T19:11:42
I_281_299_13,non-mated,primary_impostor,na,281,299,13,13,B,75,75,0.263,internvl3,similarity_score,2026-09-05T19:11:42
G_289_14_13795,mated,primary_genuine,na,289,289,14,14,A,85,85,0.276,internvl3,similarity_score,2026-09-05T19:11:43
I_123_228_14,non-mated,primary_impostor,na,123,228,14,14,B,60,60,0.278,internvl3,similarity_score,2026-09-05T19:11:43
G_283_14_13678,mated,primary_genuine,na,283,283,14,14,A,75,75,0.278,internvl3,similarity_score,2026-09-05T19:11:43
D_152_134,non-mated,diagnostic_impostor,na,152,152,13,14,B,75,75,0.277,internvl3,similarity_score,2026-09-05T19:11:44
G_045_13_3551,mated,primary_genuine,na,045,045,13,13,A,85,85,0.276,internvl3,similarity_score,2026-09-05T19:11:44
I_057_921_13,non-mated,primary_impostor,na,057,921,13,13,B,75,75,0.27,internvl3,similarity_score,2026-09-05T19:11:44
I_223_249_14,non-mated,primary_impostor,na,223,249,14,14,B,75,75,0.267,internvl3,similarity_score,2026-09-05T19:11:44
D_76_284,non-mated,diagnostic_impostor,na,76,76,13,14,B,85,85,0.264,internvl3,similarity_score,2026-09-05T19:11:45
I_078_226_13,non-mated,primary_impostor,na,078,226,13,13,B,60,60,0.267,internvl3,similarity_score,2026-09-05T19:11:45
I_074_58_14,non-mated,primary_impostor,na,074,58,14,14,B,75,75,0.266,internvl3,similarity_score,2026-09-05T19:11:45
I_040_288_13,non-mated,primary_impostor,na,040,288,13,13,B,75,75,0.267,internvl3,similarity_score,2026-09-05T19:11:45
D_48_261,non-mated,diagnostic_impostor,na,48,48,13,14,B,85,85,0.266,internvl3,similarity_score,2026-09-05T19:11:46
I_30_927_13,non-mated,primary_impostor,na,30,927,13,13,B,60,60,0.264,internvl3,similarity_score,2026-09-05T19:11:46
D_9_290,non-mated,diagnostic_impostor,na,9,9,13,14,B,75,75,0.265,internvl3,similarity_score,2026-09-05T19:11:46
I_010_51_13,non-mated,primary_impostor,na,010,51,13,13,B,2,2,0.254,internvl3,similarity_score,2026-09-05T19:11:46
G_075_13_6129,mated,primary_genuine,na,075,075,13,13,A,85,85,0.269,internvl3,similarity_score,2026-09-05T19:11:47
G_912_14_15783,mated,primary_genuine,na,912,912,14,14,A,85,85,0.263,internvl3,similarity_score,2026-09-05T19:11:47
D_008_6,non-mated,diagnostic_impostor,na,008,008,13,14,B,75,75,0.268,internvl3,similarity_score,2026-09-05T19:11:47
I_032_216_13,non-mated,primary_impostor,na,032,216,13,13,B,75,75,0.266,internvl3,similarity_score,2026-09-05T19:11:48
D_263_223,non-mated,diagnostic_impostor,na,263,263,13,14,B,65,65,0.265,internvl3,similarity_score,2026-09-05T19:11:48
G_40_14_14278,mated,primary_genuine,na,40,40,14,14,A,85,85,0.263,internvl3,similarity_score,2026-09-05T19:11:48
I_263_913_13,non-mated,primary_impostor,na,263,913,13,13,B,75,75,0.263,internvl3,similarity_score,2026-09-05T19:11:48
G_242_14_12806,mated,primary_genuine,na,242,242,14,14,A,75,75,0.263,internvl3,similarity_score,2026-09-05T19:11:49
G_56_14_14699,mated,primary_genuine,na,56,56,14,14,A,75,75,0.263,internvl3,similarity_score,2026-09-05T19:11:49
G_82_13_15284,mated,primary_genuine,na,82,82,13,13,A,85,85,0.264,internvl3,similarity_score,2026-09-05T19:11:49
G_045_14_3590,mated,primary_genuine,na,045,045,14,14,A,85,85,0.27,internvl3,similarity_score,2026-09-05T19:11:49
I_107_905_14,non-mated,primary_impostor,na,107,905,14,14,B,50,50,0.266,internvl3,similarity_score,2026-09-05T19:11:50
G_136_14_10370,mated,primary_genuine,na,136,136,14,14,A,85,85,0.263,internvl3,similarity_score,2026-09-05T19:11:50
G_938_14_16550,mated,primary_genuine,na,938,938,14,14,A,85,85,0.264,internvl3,similarity_score,2026-09-05T19:11:50
I_051_96_14,non-mated,primary_impostor,na,051,96,14,14,B,85,85,0.267,internvl3,similarity_score,2026-09-05T19:11:50
I_204_260_13,non-mated,primary_impostor,na,204,260,13,13,B,75,75,0.264,internvl3,similarity_score,2026-09-05T19:11:51
G_83_13_15330,mated,primary_genuine,na,83,83,13,13,A,85,85,0.266,internvl3,similarity_score,2026-09-05T19:11:51
I_245_54_13,non-mated,primary_impostor,na,245,54,13,13,B,50,50,0.264,internvl3,similarity_score,2026-09-05T19:11:51
D_937_330,non-mated,diagnostic_impostor,na,937,937,13,14,B,60,60,0.264,internvl3,similarity_score,2026-09-05T19:11:51
I_037_171_13,non-mated,primary_impostor,na,037,171,13,13,B,75,75,0.266,internvl3,similarity_score,2026-09-05T19:11:52
I_177_935_14,non-mated,primary_impostor,na,177,935,14,14,B,60,60,0.263,internvl3,similarity_score,2026-09-05T19:11:52
I_019_914_14,non-mated,primary_impostor,na,019,914,14,14,B,85,85,0.266,internvl3,similarity_score,2026-09-05T19:11:52
D_269_226,non-mated,diagnostic_impostor,na,269,269,13,14,B,75,75,0.265,internvl3,similarity_score,2026-09-05T19:11:53
G_41_13_14295,mated,primary_genuine,na,41,41,13,13,A,75,75,0.266,internvl3,similarity_score,2026-09-05T19:11:53
I_024_279_13,non-mated,primary_impostor,na,024,279,13,13,B,85,85,0.267,internvl3,similarity_score,2026-09-05T19:11:53
G_24_14_13016,mated,primary_genuine,na,24,24,14,14,A,85,85,0.264,internvl3,similarity_score,2026-09-05T19:11:53
G_027_13_2258,mated,primary_genuine,na,027,027,13,13,A,75,75,0.269,internvl3,similarity_score,2026-09-05T19:11:54
G_38_14_14190,mated,primary_genuine,na,38,38,14,14,A,85,85,0.266,internvl3,similarity_score,2026-09-05T19:11:54
G_101_13_8466,mated,primary_genuine,na,101,101,13,13,A,85,85,0.271,internvl3,similarity_score,2026-09-05T19:11:54
I_100_95_13,non-mated,primary_impostor,na,100,95,13,13,B,75,75,0.266,internvl3,similarity_score,2026-09-05T19:11:54
I_185_927_13,non-mated,primary_impostor,na,185,927,13,13,B,60,60,0.263,internvl3,similarity_score,2026-09-05T19:11:55
G_077_13_6211,mated,primary_genuine,na,077,077,13,13,A,85,85,0.269,internvl3,similarity_score,2026-09-05T19:11:55
G_30_14_14034,mated,primary_genuine,na,30,30,14,14,A,85,85,0.264,internvl3,similarity_score,2026-09-05T19:11:55
I_144_192_14,non-mated,primary_impostor,na,144,192,14,14,B,75,75,0.263,internvl3,similarity_score,2026-09-05T19:11:55
I_178_299_13,non-mated,primary_impostor,na,178,299,13,13,B,60,60,0.264,internvl3,similarity_score,2026-09-05T19:11:56
I_090_291_14,non-mated,primary_impostor,na,090,291,14,14,B,75,75,0.266,internvl3,similarity_score,2026-09-05T19:11:56
D_136_122,non-mated,diagnostic_impostor,na,136,136,13,14,B,75,75,0.263,internvl3,similarity_score,2026-09-05T19:11:56
I_087_914_13,non-mated,primary_impostor,na,087,914,13,13,B,75,75,0.267,internvl3,similarity_score,2026-09-05T19:11:57
I_50_916_13,non-mated,primary_impostor,na,50,916,13,13,B,75,75,0.263,internvl3,similarity_score,2026-09-05T19:11:57
I_164_936_14,non-mated,primary_impostor,na,164,936,14,14,B,75,75,0.263,internvl3,similarity_score,2026-09-05T19:11:57
G_229_14_12572,mated,primary_genuine,na,229,229,14,14,A,85,85,0.265,internvl3,similarity_score,2026-09-05T19:11:57
G_220_14_12332,mated,primary_genuine,na,220,220,14,14,A,85,85,0.263,internvl3,similarity_score,2026-09-05T19:11:58
D_14_125,non-mated,diagnostic_impostor,na,14,14,13,14,B,85,85,0.267,internvl3,similarity_score,2026-09-05T19:11:58
I_031_904_14,non-mated,primary_impostor,na,031,904,14,14,B,85,85,0.266,internvl3,similarity_score,2026-09-05T19:11:58
D_029_26,non-mated,diagnostic_impostor,na,029,029,13,14,B,85,85,0.269,internvl3,similarity_score,2026-09-05T19:11:58
G_109_13_9319,mated,primary_genuine,na,109,109,13,13,A,85,85,0.265,internvl3,similarity_score,2026-09-05T19:11:59
G_72_13_15130,mated,primary_genuine,na,72,72,13,13,A,60,60,0.263,internvl3,similarity_score,2026-09-05T19:11:59
I_006_178_13,non-mated,primary_impostor,na,006,178,13,13,B,60,60,0.266,internvl3,similarity_score,2026-09-05T19:11:59
I_128_43_14,non-mated,primary_impostor,na,128,43,14,14,B,75,75,0.264,internvl3,similarity_score,2026-09-05T19:11:59
G_182_13_11426,mated,primary_genuine,na,182,182,13,13,A,75,75,0.274,internvl3,similarity_score,2026-09-05T19:12:00
I_035_163_13,non-mated,primary_impostor,na,035,163,13,13,B,75,75,0.282,internvl3,similarity_score,2026-09-05T19:12:00
D_930_323,non-mated,diagnostic_impostor,na,930,930,13,14,B,75,75,0.28,internvl3,similarity_score,2026-09-05T19:12:00
G_61_13_14838,mated,primary_genuine,na,61,61,13,13,A,85,85,0.269,internvl3,similarity_score,2026-09-05T19:12:01
G_240_14_12745,mated,primary_genuine,na,240,240,14,14,A,85,85,0.264,internvl3,similarity_score,2026-09-05T19:12:01
G_085_14_7002,mated,primary_genuine,na,085,085,14,14,A,85,85,0.269,internvl3,similarity_score,2026-09-05T19:12:01
I_12_124_13,non-mated,primary_impostor,na,12,124,13,13,B,75,75,0.264,internvl3,similarity_score,2026-09-05T19:12:01
D_033_29,non-mated,diagnostic_impostor,na,033,033,13,14,B,85,85,0.268,internvl3,similarity_score,2026-09-05T19:12:02
I_225_242_13,non-mated,primary_impostor,na,225,242,13,13,B,75,75,0.263,internvl3,similarity_score,2026-09-05T19:12:02
G_105_13_8734,mated,primary_genuine,na,105,105,13,13,A,95,95,0.27,internvl3,similarity_score,2026-09-05T19:12:02
I_035_907_14,non-mated,primary_impostor,na,035,907,14,14,B,85,85,0.266,internvl3,similarity_score,2026-09-05T19:12:02
G_935_13_16452,mated,primary_genuine,na,935,935,13,13,A,75,75,0.263,internvl3,similarity_score,2026-09-05T19:12:03
I_063_3_14,non-mated,primary_impostor,na,063,3,14,14,B,85,85,0.268,internvl3,similarity_score,2026-09-05T19:12:03
G_81_14_15265,mated,primary_genuine,na,81,81,14,14,A,75,75,0.264,internvl3,similarity_score,2026-09-05T19:12:03
G_117_14_9891,mated,primary_genuine,na,117,117,14,14,A,75,75,0.263,internvl3,similarity_score,2026-09-05T19:12:03
G_129_14_10229,mated,primary_genuine,na,129,129,14,14,A,75,75,0.266,internvl3,similarity_score,2026-09-05T19:12:04
D_072_66,non-mated,diagnostic_impostor,na,072,072,13,14,B,75,75,0.27,internvl3,similarity_score,2026-09-05T19:12:04
I_270_909_13,non-mated,primary_impostor,na,270,909,13,13,B,60,60,0.264,internvl3,similarity_score,2026-09-05T19:12:04
D_914_306,non-mated,diagnostic_impostor,na,914,914,13,14,B,85,85,0.264,internvl3,similarity_score,2026-09-05T19:12:05
G_103_13_8639,mated,primary_genuine,na,103,103,13,13,A,75,75,0.269,internvl3,similarity_score,2026-09-05T19:12:05
D_009_7,non-mated,diagnostic_impostor,na,009,009,13,14,B,85,85,0.27,internvl3,similarity_score,2026-09-05T19:12:05
I_148_226_14,non-mated,primary_impostor,na,148,226,14,14,B,65,65,0.266,internvl3,similarity_score,2026-09-05T19:12:05
D_284_235,non-mated,diagnostic_impostor,na,284,284,13,14,B,60,60,0.263,internvl3,similarity_score,2026-09-05T19:12:06
I_261_932_14,non-mated,primary_impostor,na,261,932,14,14,B,60,60,0.264,internvl3,similarity_score,2026-09-05T19:12:06
I_243_269_13,non-mated,primary_impostor,na,243,269,13,13,B,85,85,0.265,internvl3,similarity_score,2026-09-05T19:12:06
D_020_18,non-mated,diagnostic_impostor,na,020,020,13,14,B,85,85,0.27,internvl3,similarity_score,2026-09-05T19:12:06
G_4_13_14536,mated,primary_genuine,na,4,4,13,13,A,85,85,0.267,internvl3,similarity_score,2026-09-05T19:12:07
I_021_918_13,non-mated,primary_impostor,na,021,918,13,13,B,60,60,0.267,internvl3,similarity_score,2026-09-05T19:12:07
G_9_13_16794,mated,primary_genuine,na,9,9,13,13,A,85,85,0.263,internvl3,similarity_score,2026-09-05T19:12:07
G_290_13_13844,mated,primary_genuine,na,290,290,13,13,A,20,20,0.265,internvl3,similarity_score,2026-09-05T19:12:07
I_267_921_14,non-mated,primary_impostor,na,267,921,14,14,B,85,85,0.263,internvl3,similarity_score,2026-09-05T19:12:08
G_921_13_16012,mated,primary_genuine,na,921,921,13,13,A,75,75,0.263,internvl3,similarity_score,2026-09-05T19:12:08
G_213_14_12117,mated,primary_genuine,na,213,213,14,14,A,60,60,0.263,internvl3,similarity_score,2026-09-05T19:12:08
G_110_13_9467,mated,primary_genuine,na,110,110,13,13,A,75,75,0.269,internvl3,similarity_score,2026-09-05T19:12:09
G_65_14_14974,mated,primary_genuine,na,65,65,14,14,A,75,75,0.263,internvl3,similarity_score,2026-09-05T19:12:09
G_95_13_16672,mated,primary_genuine,na,95,95,13,13,A,85,85,0.263,internvl3,similarity_score,2026-09-05T19:12:09
G_248_14_12958,mated,primary_genuine,na,248,248,14,14,A,85,85,0.265,internvl3,similarity_score,2026-09-05T19:12:09
I_094_163_14,non-mated,primary_impostor,na,094,163,14,14,B,85,85,0.267,internvl3,similarity_score,2026-09-05T19:12:10
I_103_143_14,non-mated,primary_impostor,na,103,143,14,14,B,85,85,0.267,internvl3,similarity_score,2026-09-05T19:12:10
I_141_47_14,non-mated,primary_impostor,na,141,47,14,14,B,60,60,0.264,internvl3,similarity_score,2026-09-05T19:12:10
I_045_105_14,non-mated,primary_impostor,na,045,105,14,14,B,85,85,0.269,internvl3,similarity_score,2026-09-05T19:12:10
I_119_259_13,non-mated,primary_impostor,na,119,259,13,13,B,60,60,0.264,internvl3,similarity_score,2026-09-05T19:12:11
G_910_14_15730,mated,primary_genuine,na,910,910,14,14,A,85,85,0.263,internvl3,similarity_score,2026-09-05T19:12:11
G_101_14_8509,mated,primary_genuine,na,101,101,14,14,A,85,85,0.271,internvl3,similarity_score,2026-09-05T19:12:11
G_218_13_12251,mated,primary_genuine,na,218,218,13,13,A,75,75,0.265,internvl3,similarity_score,2026-09-05T19:12:11
G_222_13_12346,mated,primary_genuine,na,222,222,13,13,A,85,85,0.264,internvl3,similarity_score,2026-09-05T19:12:12
I_040_224_13,non-mated,primary_impostor,na,040,224,13,13,B,85,85,0.269,internvl3,similarity_score,2026-09-05T19:12:12
G_141_13_10461,mated,primary_genuine,na,141,141,13,13,A,85,85,0.265,internvl3,similarity_score,2026-09-05T19:12:12
D_56_267,non-mated,diagnostic_impostor,na,56,56,13,14,B,75,75,0.263,internvl3,similarity_score,2026-09-05T19:12:13
G_269_13_13415,mated,primary_genuine,na,269,269,13,13,A,75,75,0.264,internvl3,similarity_score,2026-09-05T19:12:13
I_046_083_14,non-mated,primary_impostor,na,046,083,14,14,B,85,85,0.269,internvl3,similarity_score,2026-09-05T19:12:13
G_118_13_9906,mated,primary_genuine,na,118,118,13,13,A,95,95,0.266,internvl3,similarity_score,2026-09-05T19:12:13
D_056_50,non-mated,diagnostic_impostor,na,056,056,13,14,B,85,85,0.27,internvl3,similarity_score,2026-09-05T19:12:14
I_130_145_13,non-mated,primary_impostor,na,130,145,13,13,B,75,75,0.266,internvl3,similarity_score,2026-09-05T19:12:14
I_025_136_14,non-mated,primary_impostor,na,025,136,14,14,B,60,60,0.269,internvl3,similarity_score,2026-09-05T19:12:14
G_093_14_7732,mated,primary_genuine,na,093,093,14,14,A,85,85,0.271,internvl3,similarity_score,2026-09-05T19:12:14
I_218_921_14,non-mated,primary_impostor,na,218,921,14,14,B,85,85,0.265,internvl3,similarity_score,2026-09-05T19:12:15
D_922_314,non-mated,diagnostic_impostor,na,922,922,13,14,B,75,75,0.265,internvl3,similarity_score,2026-09-05T19:12:15
I_010_015_14,non-mated,primary_impostor,na,010,015,14,14,B,85,85,0.269,internvl3,similarity_score,2026-09-05T19:12:15
I_065_119_13,non-mated,primary_impostor,na,065,119,13,13,B,85,85,0.267,internvl3,similarity_score,2026-09-05T19:12:15
G_243_14_12841,mated,primary_genuine,na,243,243,14,14,A,95,95,0.266,internvl3,similarity_score,2026-09-05T19:12:16
D_054_48,non-mated,diagnostic_impostor,na,054,054,13,14,B,85,85,0.269,internvl3,similarity_score,2026-09-05T19:12:16
G_217_14_12241,mated,primary_genuine,na,217,217,14,14,A,75,75,0.264,internvl3,similarity_score,2026-09-05T19:12:16
I_224_90_14,non-mated,primary_impostor,na,224,90,14,14,B,85,85,0.268,internvl3,similarity_score,2026-09-05T19:12:17
I_148_929_14,non-mated,primary_impostor,na,148,929,14,14,B,85,85,0.267,internvl3,similarity_score,2026-09-05T19:12:17
I_48_90_13,non-mated,primary_impostor,na,48,90,13,13,B,75,75,0.264,internvl3,similarity_score,2026-09-05T19:12:17
I_051_930_13,non-mated,primary_impostor,na,051,930,13,13,B,75,75,0.267,internvl3,similarity_score,2026-09-05T19:12:17
I_246_76_14,non-mated,primary_impostor,na,246,76,14,14,B,75,75,0.263,internvl3,similarity_score,2026-09-05T19:12:18
G_035_14_2862,mated,primary_genuine,na,035,035,14,14,A,85,85,0.27,internvl3,similarity_score,2026-09-05T19:12:18
D_177_153,non-mated,diagnostic_impostor,na,177,177,13,14,B,75,75,0.264,internvl3,similarity_score,2026-09-05T19:12:18
I_053_63_13,non-mated,primary_impostor,na,053,63,13,13,B,60,60,0.266,internvl3,similarity_score,2026-09-05T19:12:18
I_078_223_14,non-mated,primary_impostor,na,078,223,14,14,B,65,65,0.269,internvl3,similarity_score,2026-09-05T19:12:19
G_007_14_499,mated,primary_genuine,na,007,007,14,14,A,85,85,0.269,internvl3,similarity_score,2026-09-05T19:12:19
I_241_25_14,non-mated,primary_impostor,na,241,25,14,14,B,75,75,0.264,internvl3,similarity_score,2026-09-05T19:12:19
I_041_188_14,non-mated,primary_impostor,na,041,188,14,14,B,85,85,0.268,internvl3,similarity_score,2026-09-05T19:12:19
G_156_14_10807,mated,primary_genuine,na,156,156,14,14,A,65,65,0.263,internvl3,similarity_score,2026-09-05T19:12:20
I_007_196_13,non-mated,primary_impostor,na,007,196,13,13,B,50,50,0.267,internvl3,similarity_score,2026-09-05T19:12:20
I_110_189_13,non-mated,primary_impostor,na,110,189,13,13,B,65,65,0.268,internvl3,similarity_score,2026-09-05T19:12:20
I_158_207_13,non-mated,primary_impostor,na,158,207,13,13,B,50,50,0.264,internvl3,similarity_score,2026-09-05T19:12:21
I_144_46_13,non-mated,primary_impostor,na,144,46,13,13,B,75,75,0.265,internvl3,similarity_score,2026-09-05T19:12:21
I_049_913_14,non-mated,primary_impostor,na,049,913,14,14,B,60,60,0.266,internvl3,similarity_score,2026-09-05T19:12:21
I_041_082_14,non-mated,primary_impostor,na,041,082,14,14,B,85,85,0.27,internvl3,similarity_score,2026-09-05T19:12:21
D_043_37,non-mated,diagnostic_impostor,na,043,043,13,14,B,75,75,0.268,internvl3,similarity_score,2026-09-05T19:12:22
I_38_48_14,non-mated,primary_impostor,na,38,48,14,14,B,75,75,0.266,internvl3,similarity_score,2026-09-05T19:12:22
G_163_13_10933,mated,primary_genuine,na,163,163,13,13,A,85,85,0.264,internvl3,similarity_score,2026-09-05T19:12:22
I_087_38_13,non-mated,primary_impostor,na,087,38,13,13,B,75,75,0.267,internvl3,similarity_score,2026-09-05T19:12:22
G_152_13_10726,mated,primary_genuine,na,152,152,13,13,A,85,85,0.264,internvl3,similarity_score,2026-09-05T19:12:23
D_047_41,non-mated,diagnostic_impostor,na,047,047,13,14,B,85,85,0.27,internvl3,similarity_score,2026-09-05T19:12:23
I_130_148_13,non-mated,primary_impostor,na,130,148,13,13,B,85,85,0.265,internvl3,similarity_score,2026-09-05T19:12:23
G_237_14_12721,mated,primary_genuine,na,237,237,14,14,A,75,75,0.265,internvl3,similarity_score,2026-09-05T19:12:23
D_034_30,non-mated,diagnostic_impostor,na,034,034,13,14,B,75,75,0.268,internvl3,similarity_score,2026-09-05T19:12:24
I_110_918_14,non-mated,primary_impostor,na,110,918,14,14,B,50,50,0.267,internvl3,similarity_score,2026-09-05T19:12:24
I_194_218_14,non-mated,primary_impostor,na,194,218,14,14,B,85,85,0.268,internvl3,similarity_score,2026-09-05T19:12:24
I_058_191_13,non-mated,primary_impostor,na,058,191,13,13,B,85,85,0.267,internvl3,similarity_score,2026-09-05T19:12:25
G_175_14_11279,mated,primary_genuine,na,175,175,14,14,A,85,85,0.265,internvl3,similarity_score,2026-09-05T19:12:25
I_56_927_14,non-mated,primary_impostor,na,56,927,14,14,B,2,2,0.253,internvl3,similarity_score,2026-09-05T19:12:25
I_14_143_13,non-mated,primary_impostor,na,14,143,13,13,B,85,85,0.265,internvl3,similarity_score,2026-09-05T19:12:25
G_080_14_6544,mated,primary_genuine,na,080,080,14,14,A,85,85,0.27,internvl3,similarity_score,2026-09-05T19:12:26
D_910_302,non-mated,diagnostic_impostor,na,910,910,13,14,B,75,75,0.264,internvl3,similarity_score,2026-09-05T19:12:26
I_065_203_14,non-mated,primary_impostor,na,065,203,14,14,B,85,85,0.266,internvl3,similarity_score,2026-09-05T19:12:26
G_932_13_16368,mated,primary_genuine,na,932,932,13,13,A,85,85,0.266,internvl3,similarity_score,2026-09-05T19:12:26
G_136_13_10383,mated,primary_genuine,na,136,136,13,13,A,75,75,0.264,internvl3,similarity_score,2026-09-05T19:12:27
I_049_283_13,non-mated,primary_impostor,na,049,283,13,13,B,85,85,0.267,internvl3,similarity_score,2026-09-05T19:12:27
I_48_919_14,non-mated,primary_impostor,na,48,919,14,14,B,75,75,0.264,internvl3,similarity_score,2026-09-05T19:12:27
G_096_13_7843,mated,primary_genuine,na,096,096,13,13,A,75,75,0.269,internvl3,similarity_score,2026-09-05T19:12:27
I_41_90_14,non-mated,primary_impostor,na,41,90,14,14,B,60,60,0.263,internvl3,similarity_score,2026-09-05T19:12:28
G_061_13_4987,mated,primary_genuine,na,061,061,13,13,A,95,95,0.27,internvl3,similarity_score,2026-09-05T19:12:28
G_191_14_11661,mated,primary_genuine,na,191,191,14,14,A,85,85,0.269,internvl3,similarity_score,2026-09-05T19:12:28
G_919_14_15986,mated,primary_genuine,na,919,919,14,14,A,85,85,0.275,internvl3,similarity_score,2026-09-05T19:12:29
G_209_13_12038,mated,primary_genuine,na,209,209,13,13,A,85,85,0.278,internvl3,similarity_score,2026-09-05T19:12:29
G_63_13_14887,mated,primary_genuine,na,63,63,13,13,A,60,60,0.277,internvl3,similarity_score,2026-09-05T19:12:29
G_058_13_4716,mated,primary_genuine,na,058,058,13,13,A,85,85,0.286,internvl3,similarity_score,2026-09-05T19:12:29
G_209_14_12055,mated,primary_genuine,na,209,209,14,14,A,75,75,0.277,internvl3,similarity_score,2026-09-05T19:12:30
I_098_912_14,non-mated,primary_impostor,na,098,912,14,14,B,85,85,0.281,internvl3,similarity_score,2026-09-05T19:12:30
G_034_14_2750,mated,primary_genuine,na,034,034,14,14,A,85,85,0.287,internvl3,similarity_score,2026-09-05T19:12:30
G_084_13_6842,mated,primary_genuine,na,084,084,13,13,A,60,60,0.276,internvl3,similarity_score,2026-09-05T19:12:30
G_046_14_3677,mated,primary_genuine,na,046,046,14,14,A,85,85,0.273,internvl3,similarity_score,2026-09-05T19:12:31
G_249_14_12987,mated,primary_genuine,na,249,249,14,14,A,20,20,0.264,internvl3,similarity_score,2026-09-05T19:12:31
G_059_14_4851,mated,primary_genuine,na,059,059,14,14,A,95,95,0.269,internvl3,similarity_score,2026-09-05T19:12:31
G_65_13_14956,mated,primary_genuine,na,65,65,13,13,A,50,50,0.266,internvl3,similarity_score,2026-09-05T19:12:32
I_119_909_14,non-mated,primary_impostor,na,119,909,14,14,B,85,85,0.264,internvl3,similarity_score,2026-09-05T19:12:32
D_252_213,non-mated,diagnostic_impostor,na,252,252,13,14,B,75,75,0.264,internvl3,similarity_score,2026-09-05T19:12:32
I_29_53_13,non-mated,primary_impostor,na,29,53,13,13,B,85,85,0.265,internvl3,similarity_score,2026-09-05T19:12:32
I_096_904_13,non-mated,primary_impostor,na,096,904,13,13,B,50,50,0.266,internvl3,similarity_score,2026-09-05T19:12:33
G_083_13_6768,mated,primary_genuine,na,083,083,13,13,A,85,85,0.269,internvl3,similarity_score,2026-09-05T19:12:33
G_4_14_14552,mated,primary_genuine,na,4,4,14,14,A,85,85,0.265,internvl3,similarity_score,2026-09-05T19:12:33
G_291_13_13866,mated,primary_genuine,na,291,291,13,13,A,85,85,0.266,internvl3,similarity_score,2026-09-05T19:12:33
G_164_14_10986,mated,primary_genuine,na,164,164,14,14,A,85,85,0.265,internvl3,similarity_score,2026-09-05T19:12:34
G_108_13_9032,mated,primary_genuine,na,108,108,13,13,A,60,60,0.265,internvl3,similarity_score,2026-09-05T19:12:34
I_233_240_13,non-mated,primary_impostor,na,233,240,13,13,B,75,75,0.264,internvl3,similarity_score,2026-09-05T19:12:34
G_925_13_16125,mated,primary_genuine,na,925,925,13,13,A,85,85,0.264,internvl3,similarity_score,2026-09-05T19:12:34
I_068_939_14,non-mated,primary_impostor,na,068,939,14,14,B,65,65,0.267,internvl3,similarity_score,2026-09-05T19:12:35
D_18_155,non-mated,diagnostic_impostor,na,18,18,13,14,B,85,85,0.266,internvl3,similarity_score,2026-09-05T19:12:35
I_004_035_13,non-mated,primary_impostor,na,004,035,13,13,B,75,75,0.269,internvl3,similarity_score,2026-09-05T19:12:35
I_127_290_13,non-mated,primary_impostor,na,127,290,13,13,B,60,60,0.267,internvl3,similarity_score,2026-09-05T19:12:36
D_22_187,non-mated,diagnostic_impostor,na,22,22,13,14,B,75,75,0.265,internvl3,similarity_score,2026-09-05T19:12:36
G_008_14_593,mated,primary_genuine,na,008,008,14,14,A,75,75,0.269,internvl3,similarity_score,2026-09-05T19:12:36
D_102_93,non-mated,diagnostic_impostor,na,102,102,13,14,B,75,75,0.269,internvl3,similarity_score,2026-09-05T19:12:36
I_031_051_13,non-mated,primary_impostor,na,031,051,13,13,B,85,85,0.269,internvl3,similarity_score,2026-09-05T19:12:37
D_285_236,non-mated,diagnostic_impostor,na,285,285,13,14,B,85,85,0.264,internvl3,similarity_score,2026-09-05T19:12:37
I_246_258_14,non-mated,primary_impostor,na,246,258,14,14,B,75,75,0.264,internvl3,similarity_score,2026-09-05T19:12:37
G_142_14_10500,mated,primary_genuine,na,142,142,14,14,A,85,85,0.265,internvl3,similarity_score,2026-09-05T19:12:37
I_209_267_13,non-mated,primary_impostor,na,209,267,13,13,B,85,85,0.264,internvl3,similarity_score,2026-09-05T19:12:38
G_67_13_15006,mated,primary_genuine,na,67,67,13,13,A,85,85,0.264,internvl3,similarity_score,2026-09-05T19:12:38
I_247_266_14,non-mated,primary_impostor,na,247,266,14,14,B,85,85,0.265,internvl3,similarity_score,2026-09-05T19:12:38
I_018_068_13,non-mated,primary_impostor,na,018,068,13,13,B,85,85,0.27,internvl3,similarity_score,2026-09-05T19:12:38
G_006_14_436,mated,primary_genuine,na,006,006,14,14,A,85,85,0.27,internvl3,similarity_score,2026-09-05T19:12:39
I_279_90_14,non-mated,primary_impostor,na,279,90,14,14,B,75,75,0.265,internvl3,similarity_score,2026-09-05T19:12:39
I_024_141_13,non-mated,primary_impostor,na,024,141,13,13,B,75,75,0.267,internvl3,similarity_score,2026-09-05T19:12:39
I_091_167_13,non-mated,primary_impostor,na,091,167,13,13,B,60,60,0.266,internvl3,similarity_score,2026-09-05T19:12:40
I_048_92_14,non-mated,primary_impostor,na,048,92,14,14,B,75,75,0.267,internvl3,similarity_score,2026-09-05T19:12:40
D_068_62,non-mated,diagnostic_impostor,na,068,068,13,14,B,85,85,0.27,internvl3,similarity_score,2026-09-05T19:12:40
D_929_321,non-mated,diagnostic_impostor,na,929,929,13,14,B,60,60,0.267,internvl3,similarity_score,2026-09-05T19:12:40
G_46_13_14407,mated,primary_genuine,na,46,46,13,13,A,75,75,0.265,internvl3,similarity_score,2026-09-05T19:12:41
G_084_14_6897,mated,primary_genuine,na,084,084,14,14,A,85,85,0.27,internvl3,similarity_score,2026-09-05T19:12:41
I_032_911_13,non-mated,primary_impostor,na,032,911,13,13,B,50,50,0.265,internvl3,similarity_score,2026-09-05T19:12:41
D_067_61,non-mated,diagnostic_impostor,na,067,067,13,14,B,85,85,0.271,internvl3,similarity_score,2026-09-05T19:12:41
I_107_935_14,non-mated,primary_impostor,na,107,935,14,14,B,60,60,0.266,internvl3,similarity_score,2026-09-05T19:12:42
D_246_208,non-mated,diagnostic_impostor,na,246,246,13,14,B,75,75,0.264,internvl3,similarity_score,2026-09-05T19:12:42
I_241_53_13,non-mated,primary_impostor,na,241,53,13,13,B,75,75,0.265,internvl3,similarity_score,2026-09-05T19:12:42
D_119_108,non-mated,diagnostic_impostor,na,119,119,13,14,B,85,85,0.266,internvl3,similarity_score,2026-09-05T19:12:42
I_013_055_13,non-mated,primary_impostor,na,013,055,13,13,B,85,85,0.27,internvl3,similarity_score,2026-09-05T19:12:43
G_75_13_15159,mated,primary_genuine,na,75,75,13,13,A,85,85,0.263,internvl3,similarity_score,2026-09-05T19:12:43
G_103_14_8667,mated,primary_genuine,na,103,103,14,14,A,75,75,0.269,internvl3,similarity_score,2026-09-05T19:12:43
D_53_265,non-mated,diagnostic_impostor,na,53,53,13,14,B,85,85,0.264,internvl3,similarity_score,2026-09-05T19:12:44
D_183_159,non-mated,diagnostic_impostor,na,183,183,13,14,B,75,75,0.265,internvl3,similarity_score,2026-09-05T19:12:44
D_090_82,non-mated,diagnostic_impostor,na,090,090,13,14,B,85,85,0.269,internvl3,similarity_score,2026-09-05T19:12:44
G_280_14_13623,mated,primary_genuine,na,280,280,14,14,A,85,85,0.264,internvl3,similarity_score,2026-09-05T19:12:44
I_229_918_13,non-mated,primary_impostor,na,229,918,13,13,B,85,85,0.263,internvl3,similarity_score,2026-09-05T19:12:45
G_121_14_10028,mated,primary_genuine,na,121,121,14,14,A,85,85,0.266,internvl3,similarity_score,2026-09-05T19:12:45
G_164_13_10970,mated,primary_genuine,na,164,164,13,13,A,85,85,0.265,internvl3,similarity_score,2026-09-05T19:12:45
G_257_13_13147,mated,primary_genuine,na,257,257,13,13,A,75,75,0.265,internvl3,similarity_score,2026-09-05T19:12:45
G_053_14_4319,mated,primary_genuine,na,053,053,14,14,A,75,75,0.269,internvl3,similarity_score,2026-09-05T19:12:46
I_132_65_14,non-mated,primary_impostor,na,132,65,14,14,B,60,60,0.266,internvl3,similarity_score,2026-09-05T19:12:46
G_281_14_13647,mated,primary_genuine,na,281,281,14,14,A,85,85,0.264,internvl3,similarity_score,2026-09-05T19:12:46
I_011_148_14,non-mated,primary_impostor,na,011,148,14,14,B,85,85,0.267,internvl3,similarity_score,2026-09-05T19:12:46
I_075_141_14,non-mated,primary_impostor,na,075,141,14,14,B,85,85,0.265,internvl3,similarity_score,2026-09-05T19:12:47
G_052_13_4164,mated,primary_genuine,na,052,052,13,13,A,85,85,0.271,internvl3,similarity_score,2026-09-05T19:12:47
G_37_14_14149,mated,primary_genuine,na,37,37,14,14,A,85,85,0.265,internvl3,similarity_score,2026-09-05T19:12:47
G_070_14_5813,mated,primary_genuine,na,070,070,14,14,A,95,95,0.27,internvl3,similarity_score,2026-09-05T19:12:48
D_046_40,non-mated,diagnostic_impostor,na,046,046,13,14,B,75,75,0.27,internvl3,similarity_score,2026-09-05T19:12:48
D_260_221,non-mated,diagnostic_impostor,na,260,260,13,14,B,65,65,0.262,internvl3,similarity_score,2026-09-05T19:12:48
I_49_78_14,non-mated,primary_impostor,na,49,78,14,14,B,60,60,0.265,internvl3,similarity_score,2026-09-05T19:12:48
G_206_13_11986,mated,primary_genuine,na,206,206,13,13,A,75,75,0.263,internvl3,similarity_score,2026-09-05T19:12:49
D_923_315,non-mated,diagnostic_impostor,na,923,923,13,14,B,85,85,0.264,internvl3,similarity_score,2026-09-05T19:12:49
G_258_13_13193,mated,primary_genuine,na,258,258,13,13,A,85,85,0.265,internvl3,similarity_score,2026-09-05T19:12:49
G_81_13_15251,mated,primary_genuine,na,81,81,13,13,A,85,85,0.266,internvl3,similarity_score,2026-09-05T19:12:49
G_100_13_8247,mated,primary_genuine,na,100,100,13,13,A,60,60,0.269,internvl3,similarity_score,2026-09-05T19:12:50
G_017_13_1359,mated,primary_genuine,na,017,017,13,13,A,85,85,0.271,internvl3,similarity_score,2026-09-05T19:12:50
G_166_14_11016,mated,primary_genuine,na,166,166,14,14,A,85,85,0.266,internvl3,similarity_score,2026-09-05T19:12:50
I_096_152_14,non-mated,primary_impostor,na,096,152,14,14,B,50,50,0.266,internvl3,similarity_score,2026-09-05T19:12:50
G_930_14_16327,mated,primary_genuine,na,930,930,14,14,A,85,85,0.265,internvl3,similarity_score,2026-09-05T19:12:51
I_033_220_14,non-mated,primary_impostor,na,033,220,14,14,B,75,75,0.267,internvl3,similarity_score,2026-09-05T19:12:51
G_020_13_1632,mated,primary_genuine,na,020,020,13,13,A,75,75,0.269,internvl3,similarity_score,2026-09-05T19:12:51
I_064_258_14,non-mated,primary_impostor,na,064,258,14,14,B,85,85,0.268,internvl3,similarity_score,2026-09-05T19:12:52
I_093_226_13,non-mated,primary_impostor,na,093,226,13,13,B,75,75,0.267,internvl3,similarity_score,2026-09-05T19:12:52
D_257_217,non-mated,diagnostic_impostor,na,257,257,13,14,B,75,75,0.266,internvl3,similarity_score,2026-09-05T19:12:52
G_26_13_13459,mated,primary_genuine,na,26,26,13,13,A,75,75,0.263,internvl3,similarity_score,2026-09-05T19:12:52
G_900_13_15365,mated,primary_genuine,na,900,900,13,13,A,75,75,0.265,internvl3,similarity_score,2026-09-05T19:12:53
I_090_128_13,non-mated,primary_impostor,na,090,128,13,13,B,75,75,0.265,internvl3,similarity_score,2026-09-05T19:12:53
D_926_318,non-mated,diagnostic_impostor,na,926,926,13,14,B,75,75,0.265,internvl3,similarity_score,2026-09-05T19:12:53
D_939_332,non-mated,diagnostic_impostor,na,939,939,13,14,B,75,75,0.264,internvl3,similarity_score,2026-09-05T19:12:53
I_116_925_13,non-mated,primary_impostor,na,116,925,13,13,B,85,85,0.273,internvl3,similarity_score,2026-09-05T19:12:54
G_58_13_14740,mated,primary_genuine,na,58,58,13,13,A,65,65,0.278,internvl3,similarity_score,2026-09-05T19:12:54
I_029_066_14,non-mated,primary_impostor,na,029,066,14,14,B,85,85,0.285,internvl3,similarity_score,2026-09-05T19:12:54
G_199_13_11848,mated,primary_genuine,na,199,199,13,13,A,85,85,0.276,internvl3,similarity_score,2026-09-05T19:12:55
I_258_47_14,non-mated,primary_impostor,na,258,47,14,14,B,60,60,0.279,internvl3,similarity_score,2026-09-05T19:12:55
D_025_23,non-mated,diagnostic_impostor,na,025,025,13,14,B,85,85,0.286,internvl3,similarity_score,2026-09-05T19:12:55
I_198_29_13,non-mated,primary_impostor,na,198,29,13,13,B,75,75,0.28,internvl3,similarity_score,2026-09-05T19:12:55
I_237_63_14,non-mated,primary_impostor,na,237,63,14,14,B,60,60,0.269,internvl3,similarity_score,2026-09-05T19:12:56
D_11_100,non-mated,diagnostic_impostor,na,11,11,13,14,B,85,85,0.268,internvl3,similarity_score,2026-09-05T19:12:56
G_196_13_11747,mated,primary_genuine,na,196,196,13,13,A,85,85,0.265,internvl3,similarity_score,2026-09-05T19:12:56
I_089_11_13,non-mated,primary_impostor,na,089,11,13,13,B,85,85,0.269,internvl3,similarity_score,2026-09-05T19:12:56
I_299_44_13,non-mated,primary_impostor,na,299,44,13,13,B,75,75,0.265,internvl3,similarity_score,2026-09-05T19:12:57
I_190_917_14,non-mated,primary_impostor,na,190,917,14,14,B,75,75,0.263,internvl3,similarity_score,2026-09-05T19:12:57
G_014_13_1088,mated,primary_genuine,na,014,014,13,13,A,85,85,0.27,internvl3,similarity_score,2026-09-05T19:12:57
G_214_13_12137,mated,primary_genuine,na,214,214,13,13,A,95,95,0.266,internvl3,similarity_score,2026-09-05T19:12:57
I_070_76_14,non-mated,primary_impostor,na,070,76,14,14,B,75,75,0.267,internvl3,similarity_score,2026-09-05T19:12:58
I_220_912_14,non-mated,primary_impostor,na,220,912,14,14,B,60,60,0.263,internvl3,similarity_score,2026-09-05T19:12:58
I_252_263_13,non-mated,primary_impostor,na,252,263,13,13,B,85,85,0.265,internvl3,similarity_score,2026-09-05T19:12:58
I_192_65_13,non-mated,primary_impostor,na,192,65,13,13,B,20,20,0.264,internvl3,similarity_score,2026-09-05T19:12:59
G_909_13_15641,mated,primary_genuine,na,909,909,13,13,A,75,75,0.264,internvl3,similarity_score,2026-09-05T19:12:59
I_44_901_14,non-mated,primary_impostor,na,44,901,14,14,B,60,60,0.266,internvl3,similarity_score,2026-09-05T19:12:59
G_052_14_4190,mated,primary_genuine,na,052,052,14,14,A,85,85,0.271,internvl3,similarity_score,2026-09-05T19:12:59
I_088_916_13,non-mated,primary_impostor,na,088,916,13,13,B,75,75,0.266,internvl3,similarity_score,2026-09-05T19:13:00
D_933_326,non-mated,diagnostic_impostor,na,933,933,13,14,B,60,60,0.263,internvl3,similarity_score,2026-09-05T19:13:00
I_015_259_13,non-mated,primary_impostor,na,015,259,13,13,B,60,60,0.265,internvl3,similarity_score,2026-09-05T19:13:00
I_087_157_13,non-mated,primary_impostor,na,087,157,13,13,B,75,75,0.267,internvl3,similarity_score,2026-09-05T19:13:00
I_055_299_13,non-mated,primary_impostor,na,055,299,13,13,B,85,85,0.267,internvl3,similarity_score,2026-09-05T19:13:01
D_088_80,non-mated,diagnostic_impostor,na,088,088,13,14,B,85,85,0.269,internvl3,similarity_score,2026-09-05T19:13:01
D_215_183,non-mated,diagnostic_impostor,na,215,215,13,14,B,75,75,0.263,internvl3,similarity_score,2026-09-05T19:13:01
I_059_230_14,non-mated,primary_impostor,na,059,230,14,14,B,60,60,0.267,internvl3,similarity_score,2026-09-05T19:13:01
G_069_13_5715,mated,primary_genuine,na,069,069,13,13,A,85,85,0.269,internvl3,similarity_score,2026-09-05T19:13:02
D_174_151,non-mated,diagnostic_impostor,na,174,174,13,14,B,85,85,0.265,internvl3,similarity_score,2026-09-05T19:13:02
I_231_271_14,non-mated,primary_impostor,na,231,271,14,14,B,85,85,0.263,internvl3,similarity_score,2026-09-05T19:13:02
D_060_54,non-mated,diagnostic_impostor,na,060,060,13,14,B,85,85,0.269,internvl3,similarity_score,2026-09-05T19:13:03
I_021_121_14,non-mated,primary_impostor,na,021,121,14,14,B,85,85,0.269,internvl3,similarity_score,2026-09-05T19:13:03
I_050_92_14,non-mated,primary_impostor,na,050,92,14,14,B,75,75,0.267,internvl3,similarity_score,2026-09-05T19:13:03
G_016_13_1304,mated,primary_genuine,na,016,016,13,13,A,95,95,0.269,internvl3,similarity_score,2026-09-05T19:13:03
G_010_13_742,mated,primary_genuine,na,010,010,13,13,A,85,85,0.269,internvl3,similarity_score,2026-09-05T19:13:04
I_182_240_13,non-mated,primary_impostor,na,182,240,13,13,B,85,85,0.264,internvl3,similarity_score,2026-09-05T19:13:04
G_232_13_12647,mated,primary_genuine,na,232,232,13,13,A,75,75,0.263,internvl3,similarity_score,2026-09-05T19:13:04
G_171_13_11150,mated,primary_genuine,na,171,171,13,13,A,75,75,0.265,internvl3,similarity_score,2026-09-05T19:13:04
I_085_189_13,non-mated,primary_impostor,na,085,189,13,13,B,65,65,0.266,internvl3,similarity_score,2026-09-05T19:13:05
D_214_182,non-mated,diagnostic_impostor,na,214,214,13,14,B,85,85,0.265,internvl3,similarity_score,2026-09-05T19:13:05
G_906_14_15561,mated,primary_genuine,na,906,906,14,14,A,85,85,0.265,internvl3,similarity_score,2026-09-05T19:13:05
I_149_918_14,non-mated,primary_impostor,na,149,918,14,14,B,75,75,0.263,internvl3,similarity_score,2026-09-05T19:13:05
I_013_83_13,non-mated,primary_impostor,na,013,83,13,13,B,75,75,0.267,internvl3,similarity_score,2026-09-05T19:13:06
I_269_56_13,non-mated,primary_impostor,na,269,56,13,13,B,75,75,0.265,internvl3,similarity_score,2026-09-05T19:13:06
G_001_13_14,mated,primary_genuine,na,001,001,13,13,A,85,85,0.27,internvl3,similarity_score,2026-09-05T19:13:06
D_902_294,non-mated,diagnostic_impostor,na,902,902,13,14,B,75,75,0.263,internvl3,similarity_score,2026-09-05T19:13:07
G_082_14_6737,mated,primary_genuine,na,082,082,14,14,A,85,85,0.27,internvl3,similarity_score,2026-09-05T19:13:07
I_066_169_13,non-mated,primary_impostor,na,066,169,13,13,B,75,75,0.267,internvl3,similarity_score,2026-09-05T19:13:07
G_018_13_1446,mated,primary_genuine,na,018,018,13,13,A,85,85,0.269,internvl3,similarity_score,2026-09-05T19:13:07
D_90_291,non-mated,diagnostic_impostor,na,90,90,13,14,B,75,75,0.265,internvl3,similarity_score,2026-09-05T19:13:08
I_220_75_14,non-mated,primary_impostor,na,220,75,14,14,B,50,50,0.264,internvl3,similarity_score,2026-09-05T19:13:08
G_027_14_2335,mated,primary_genuine,na,027,027,14,14,A,85,85,0.269,internvl3,similarity_score,2026-09-05T19:13:08
I_258_936_14,non-mated,primary_impostor,na,258,936,14,14,B,20,20,0.264,internvl3,similarity_score,2026-09-05T19:13:08
G_913_13_15792,mated,primary_genuine,na,913,913,13,13,A,75,75,0.263,internvl3,similarity_score,2026-09-05T19:13:09
G_023_13_1897,mated,primary_genuine,na,023,023,13,13,A,85,85,0.269,internvl3,similarity_score,2026-09-05T19:13:09
D_097_88,non-mated,diagnostic_impostor,na,097,097,13,14,B,85,85,0.27,internvl3,similarity_score,2026-09-05T19:13:09
I_198_230_14,non-mated,primary_impostor,na,198,230,14,14,B,75,75,0.264,internvl3,similarity_score,2026-09-05T19:13:09
G_902_14_15442,mated,primary_genuine,na,902,902,14,14,A,85,85,0.264,internvl3,similarity_score,2026-09-05T19:13:10
G_70_13_15066,mated,primary_genuine,na,70,70,13,13,A,75,75,0.264,internvl3,similarity_score,2026-09-05T19:13:10
I_001_122_13,non-mated,primary_impostor,na,001,122,13,13,B,75,75,0.267,internvl3,similarity_score,2026-09-05T19:13:10
G_072_13_5959,mated,primary_genuine,na,072,072,13,13,A,60,60,0.268,internvl3,similarity_score,2026-09-05T19:13:11
I_056_95_14,non-mated,primary_impostor,na,056,95,14,14,B,65,65,0.266,internvl3,similarity_score,2026-09-05T19:13:11
D_81_286,non-mated,diagnostic_impostor,na,81,81,13,14,B,85,85,0.264,internvl3,similarity_score,2026-09-05T19:13:11
G_36_13_14109,mated,primary_genuine,na,36,36,13,13,A,75,75,0.263,internvl3,similarity_score,2026-09-05T19:13:11
D_149_133,non-mated,diagnostic_impostor,na,149,149,13,14,B,85,85,0.265,internvl3,similarity_score,2026-09-05T19:13:12
G_029_14_2426,mated,primary_genuine,na,029,029,14,14,A,85,85,0.272,internvl3,similarity_score,2026-09-05T19:13:12
I_087_136_13,non-mated,primary_impostor,na,087,136,13,13,B,20,20,0.266,internvl3,similarity_score,2026-09-05T19:13:12
G_067_14_5565,mated,primary_genuine,na,067,067,14,14,A,75,75,0.269,internvl3,similarity_score,2026-09-05T19:13:12
D_075_68,non-mated,diagnostic_impostor,na,075,075,13,14,B,75,75,0.268,internvl3,similarity_score,2026-09-05T19:13:13
G_218_14_12259,mated,primary_genuine,na,218,218,14,14,A,85,85,0.267,internvl3,similarity_score,2026-09-05T19:13:13
G_074_14_6084,mated,primary_genuine,na,074,074,14,14,A,85,85,0.289,internvl3,similarity_score,2026-09-05T19:13:13
G_088_14_7258,mated,primary_genuine,na,088,088,14,14,A,95,95,0.27,internvl3,similarity_score,2026-09-05T19:13:14
D_083_75,non-mated,diagnostic_impostor,na,083,083,13,14,B,85,85,0.271,internvl3,similarity_score,2026-09-05T19:13:14
D_47_260,non-mated,diagnostic_impostor,na,47,47,13,14,B,75,75,0.264,internvl3,similarity_score,2026-09-05T19:13:14
D_916_308,non-mated,diagnostic_impostor,na,916,916,13,14,B,85,85,0.264,internvl3,similarity_score,2026-09-05T19:13:14
I_071_144_13,non-mated,primary_impostor,na,071,144,13,13,B,75,75,0.267,internvl3,similarity_score,2026-09-05T19:13:15
G_188_14_11561,mated,primary_genuine,na,188,188,14,14,A,85,85,0.264,internvl3,similarity_score,2026-09-05T19:13:15
G_939_14_16595,mated,primary_genuine,na,939,939,14,14,A,85,85,0.265,internvl3,similarity_score,2026-09-05T19:13:15
G_008_13_543,mated,primary_genuine,na,008,008,13,13,A,75,75,0.268,internvl3,similarity_score,2026-09-05T19:13:15
D_256_216,non-mated,diagnostic_impostor,na,256,256,13,14,B,85,85,0.267,internvl3,similarity_score,2026-09-05T19:13:16
D_267_225,non-mated,diagnostic_impostor,na,267,267,13,14,B,75,75,0.266,internvl3,similarity_score,2026-09-05T19:13:16
G_170_14_11132,mated,primary_genuine,na,170,170,14,14,A,85,85,0.263,internvl3,similarity_score,2026-09-05T19:13:16
G_22_14_12602,mated,primary_genuine,na,22,22,14,14,A,85,85,0.264,internvl3,similarity_score,2026-09-05T19:13:16
G_42_14_14334,mated,primary_genuine,na,42,42,14,14,A,75,75,0.263,internvl3,similarity_score,2026-09-05T19:13:17
I_156_243_13,non-mated,primary_impostor,na,156,243,13,13,B,65,65,0.265,internvl3,similarity_score,2026-09-05T19:13:17
D_024_22,non-mated,diagnostic_impostor,na,024,024,13,14,B,85,85,0.27,internvl3,similarity_score,2026-09-05T19:13:17
I_249_9_13,non-mated,primary_impostor,na,249,9,13,13,B,75,75,0.264,internvl3,similarity_score,2026-09-05T19:13:17
I_223_90_13,non-mated,primary_impostor,na,223,90,13,13,B,75,75,0.265,internvl3,similarity_score,2026-09-05T19:13:18
I_016_135_14,non-mated,primary_impostor,na,016,135,14,14,B,75,75,0.267,internvl3,similarity_score,2026-09-05T19:13:18
G_111_14_9740,mated,primary_genuine,na,111,111,14,14,A,85,85,0.268,internvl3,similarity_score,2026-09-05T19:13:18
D_142_127,non-mated,diagnostic_impostor,na,142,142,13,14,B,60,60,0.265,internvl3,similarity_score,2026-09-05T19:13:19
I_119_237_14,non-mated,primary_impostor,na,119,237,14,14,B,75,75,0.265,internvl3,similarity_score,2026-09-05T19:13:19
I_136_155_13,non-mated,primary_impostor,na,136,155,13,13,B,75,75,0.267,internvl3,similarity_score,2026-09-05T19:13:19
I_143_918_14,non-mated,primary_impostor,na,143,918,14,14,B,75,75,0.264,internvl3,similarity_score,2026-09-05T19:13:19
I_053_091_13,non-mated,primary_impostor,na,053,091,13,13,B,75,75,0.269,internvl3,similarity_score,2026-09-05T19:13:20
G_137_13_10400,mated,primary_genuine,na,137,137,13,13,A,75,75,0.264,internvl3,similarity_score,2026-09-05T19:13:20
G_930_13_16315,mated,primary_genuine,na,930,930,13,13,A,85,85,0.265,internvl3,similarity_score,2026-09-05T19:13:20
G_091_14_7534,mated,primary_genuine,na,091,091,14,14,A,95,95,0.273,internvl3,similarity_score,2026-09-05T19:13:20
G_78_13_15224,mated,primary_genuine,na,78,78,13,13,A,30,30,0.265,internvl3,similarity_score,2026-09-05T19:13:21
I_065_913_13,non-mated,primary_impostor,na,065,913,13,13,B,75,75,0.266,internvl3,similarity_score,2026-09-05T19:13:21
G_927_14_16198,mated,primary_genuine,na,927,927,14,14,A,75,75,0.266,internvl3,similarity_score,2026-09-05T19:13:21
I_271_65_13,non-mated,primary_impostor,na,271,65,13,13,B,60,60,0.263,internvl3,similarity_score,2026-09-05T19:13:21
G_003_13_130,mated,primary_genuine,na,003,003,13,13,A,85,85,0.271,internvl3,similarity_score,2026-09-05T19:13:22
D_190_164,non-mated,diagnostic_impostor,na,190,190,13,14,B,20,20,0.264,internvl3,similarity_score,2026-09-05T19:13:22
G_50_14_14571,mated,primary_genuine,na,50,50,14,14,A,75,75,0.264,internvl3,similarity_score,2026-09-05T19:13:22
G_123_13_10073,mated,primary_genuine,na,123,123,13,13,A,85,85,0.263,internvl3,similarity_score,2026-09-05T19:13:23
D_75_283,non-mated,diagnostic_impostor,na,75,75,13,14,B,75,75,0.263,internvl3,similarity_score,2026-09-05T19:13:23
D_001_0,non-mated,diagnostic_impostor,na,001,001,13,14,B,75,75,0.271,internvl3,similarity_score,2026-09-05T19:13:23
D_63_274,non-mated,diagnostic_impostor,na,63,63,13,14,B,75,75,0.264,internvl3,similarity_score,2026-09-05T19:13:23
I_014_090_14,non-mated,primary_impostor,na,014,090,14,14,B,75,75,0.269,internvl3,similarity_score,2026-09-05T19:13:24
I_106_167_14,non-mated,primary_impostor,na,106,167,14,14,B,65,65,0.277,internvl3,similarity_score,2026-09-05T19:13:24
I_096_159_14,non-mated,primary_impostor,na,096,159,14,14,B,60,60,0.28,internvl3,similarity_score,2026-09-05T19:13:24
D_254_215,non-mated,diagnostic_impostor,na,254,254,13,14,B,60,60,0.281,internvl3,similarity_score,2026-09-05T19:13:24
D_919_311,non-mated,diagnostic_impostor,na,919,919,13,14,B,85,85,0.279,internvl3,similarity_score,2026-09-05T19:13:25
G_97_14_16739,mated,primary_genuine,na,97,97,14,14,A,85,85,0.276,internvl3,similarity_score,2026-09-05T19:13:25
I_253_289_13,non-mated,primary_impostor,na,253,289,13,13,B,85,85,0.28,internvl3,similarity_score,2026-09-05T19:13:25
D_011_9,non-mated,diagnostic_impostor,na,011,011,13,14,B,75,75,0.285,internvl3,similarity_score,2026-09-05T19:13:26
I_079_118_13,non-mated,primary_impostor,na,079,118,13,13,B,75,75,0.273,internvl3,similarity_score,2026-09-05T19:13:26
G_005_13_311,mated,primary_genuine,na,005,005,13,13,A,85,85,0.27,internvl3,similarity_score,2026-09-05T19:13:26
G_119_14_9934,mated,primary_genuine,na,119,119,14,14,A,85,85,0.268,internvl3,similarity_score,2026-09-05T19:13:26
I_180_27_13,non-mated,primary_impostor,na,180,27,13,13,B,75,75,0.265,internvl3,similarity_score,2026-09-05T19:13:27
I_062_66_13,non-mated,primary_impostor,na,062,66,13,13,B,85,85,0.267,internvl3,similarity_score,2026-09-05T19:13:27
I_045_283_13,non-mated,primary_impostor,na,045,283,13,13,B,60,60,0.267,internvl3,similarity_score,2026-09-05T19:13:27
G_299_14_13983,mated,primary_genuine,na,299,299,14,14,A,75,75,0.263,internvl3,similarity_score,2026-09-05T19:13:27
G_915_14_15877,mated,primary_genuine,na,915,915,14,14,A,75,75,0.263,internvl3,similarity_score,2026-09-05T19:13:28
I_213_254_13,non-mated,primary_impostor,na,213,254,13,13,B,75,75,0.264,internvl3,similarity_score,2026-09-05T19:13:28
I_267_913_13,non-mated,primary_impostor,na,267,913,13,13,B,75,75,0.264,internvl3,similarity_score,2026-09-05T19:13:28
D_118_107,non-mated,diagnostic_impostor,na,118,118,13,14,B,85,85,0.266,internvl3,similarity_score,2026-09-05T19:13:29
G_055_13_4441,mated,primary_genuine,na,055,055,13,13,A,85,85,0.269,internvl3,similarity_score,2026-09-05T19:13:29
D_185_161,non-mated,diagnostic_impostor,na,185,185,13,14,B,75,75,0.263,internvl3,similarity_score,2026-09-05T19:13:29
D_107_97,non-mated,diagnostic_impostor,na,107,107,13,14,B,75,75,0.269,internvl3,similarity_score,2026-09-05T19:13:29
G_178_13_11328,mated,primary_genuine,na,178,178,13,13,A,75,75,0.263,internvl3,similarity_score,2026-09-05T19:13:30
I_202_903_14,non-mated,primary_impostor,na,202,903,14,14,B,85,85,0.265,internvl3,similarity_score,2026-09-05T19:13:30
I_209_66_14,non-mated,primary_impostor,na,209,66,14,14,B,75,75,0.265,internvl3,similarity_score,2026-09-05T19:13:30
G_191_13_11650,mated,primary_genuine,na,191,191,13,13,A,85,85,0.268,internvl3,similarity_score,2026-09-05T19:13:30
D_261_222,non-mated,diagnostic_impostor,na,261,261,13,14,B,75,75,0.263,internvl3,similarity_score,2026-09-05T19:13:31
I_007_285_14,non-mated,primary_impostor,na,007,285,14,14,B,85,85,0.267,internvl3,similarity_score,2026-09-05T19:13:31
G_091_13_7514,mated,primary_genuine,na,091,091,13,13,A,95,95,0.27,internvl3,similarity_score,2026-09-05T19:13:31
I_098_96_13,non-mated,primary_impostor,na,098,96,13,13,B,75,75,0.266,internvl3,similarity_score,2026-09-05T19:13:31
G_061_14_5038,mated,primary_genuine,na,061,061,14,14,A,85,85,0.27,internvl3,similarity_score,2026-09-05T19:13:32
I_011_101_14,non-mated,primary_impostor,na,011,101,14,14,B,85,85,0.27,internvl3,similarity_score,2026-09-05T19:13:32
I_27_71_14,non-mated,primary_impostor,na,27,71,14,14,B,75,75,0.264,internvl3,similarity_score,2026-09-05T19:13:32
I_040_28_14,non-mated,primary_impostor,na,040,28,14,14,B,85,85,0.269,internvl3,similarity_score,2026-09-05T19:13:33
G_183_14_11462,mated,primary_genuine,na,183,183,14,14,A,85,85,0.267,internvl3,similarity_score,2026-09-05T19:13:33
I_106_237_13,non-mated,primary_impostor,na,106,237,13,13,B,75,75,0.267,internvl3,similarity_score,2026-09-05T19:13:33
G_903_13_15456,mated,primary_genuine,na,903,903,13,13,A,85,85,0.265,internvl3,similarity_score,2026-09-05T19:13:33
G_025_14_2118,mated,primary_genuine,na,025,025,14,14,A,85,85,0.269,internvl3,similarity_score,2026-09-05T19:13:34
D_106_96,non-mated,diagnostic_impostor,na,106,106,13,14,B,75,75,0.27,internvl3,similarity_score,2026-09-05T19:13:34
D_26_220,non-mated,diagnostic_impostor,na,26,26,13,14,B,75,75,0.263,internvl3,similarity_score,2026-09-05T19:13:34
G_917_13_15918,mated,primary_genuine,na,917,917,13,13,A,75,75,0.263,internvl3,similarity_score,2026-09-05T19:13:34
G_148_14_10658,mated,primary_genuine,na,148,148,14,14,A,85,85,0.266,internvl3,similarity_score,2026-09-05T19:13:35
G_62_14_14879,mated,primary_genuine,na,62,62,14,14,A,85,85,0.264,internvl3,similarity_score,2026-09-05T19:13:35
G_911_14_15751,mated,primary_genuine,na,911,911,14,14,A,75,75,0.263,internvl3,similarity_score,2026-09-05T19:13:35
I_900_909_14,non-mated,primary_impostor,na,900,909,14,14,B,75,75,0.263,internvl3,similarity_score,2026-09-05T19:13:35
I_243_258_13,non-mated,primary_impostor,na,243,258,13,13,B,60,60,0.265,internvl3,similarity_score,2026-09-05T19:13:36
G_087_13_7128,mated,primary_genuine,na,087,087,13,13,A,75,75,0.27,internvl3,similarity_score,2026-09-05T19:13:36
G_929_13_16249,mated,primary_genuine,na,929,929,13,13,A,85,85,0.265,internvl3,similarity_score,2026-09-05T19:13:36
G_041_14_3290,mated,primary_genuine,na,041,041,14,14,A,85,85,0.27,internvl3,similarity_score,2026-09-05T19:13:37
I_29_44_13,non-mated,primary_impostor,na,29,44,13,13,B,75,75,0.264,internvl3,similarity_score,2026-09-05T19:13:37
I_81_95_14,non-mated,primary_impostor,na,81,95,14,14,B,75,75,0.264,internvl3,similarity_score,2026-09-05T19:13:37
G_938_13_16556,mated,primary_genuine,na,938,938,13,13,A,85,85,0.265,internvl3,similarity_score,2026-09-05T19:13:37
G_142_13_10485,mated,primary_genuine,na,142,142,13,13,A,85,85,0.265,internvl3,similarity_score,2026-09-05T19:13:38
G_049_13_3883,mated,primary_genuine,na,049,049,13,13,A,85,85,0.27,internvl3,similarity_score,2026-09-05T19:13:38
I_192_258_14,non-mated,primary_impostor,na,192,258,14,14,B,65,65,0.264,internvl3,similarity_score,2026-09-05T19:13:38
D_091_83,non-mated,diagnostic_impostor,na,091,091,13,14,B,85,85,0.271,internvl3,similarity_score,2026-09-05T19:13:38
G_204_14_11960,mated,primary_genuine,na,204,204,14,14,A,75,75,0.264,internvl3,similarity_score,2026-09-05T19:13:39
I_28_935_13,non-mated,primary_impostor,na,28,935,13,13,B,60,60,0.265,internvl3,similarity_score,2026-09-05T19:13:39
I_029_197_13,non-mated,primary_impostor,na,029,197,13,13,B,75,75,0.268,internvl3,similarity_score,2026-09-05T19:13:39
G_900_14_15392,mated,primary_genuine,na,900,900,14,14,A,75,75,0.266,internvl3,similarity_score,2026-09-05T19:13:39
D_247_209,non-mated,diagnostic_impostor,na,247,247,13,14,B,60,60,0.267,internvl3,similarity_score,2026-09-05T19:13:40
I_010_31_14,non-mated,primary_impostor,na,010,31,14,14,B,75,75,0.266,internvl3,similarity_score,2026-09-05T19:13:40
I_222_919_14,non-mated,primary_impostor,na,222,919,14,14,B,85,85,0.267,internvl3,similarity_score,2026-09-05T19:13:40
I_061_260_13,non-mated,primary_impostor,na,061,260,13,13,B,75,75,0.266,internvl3,similarity_score,2026-09-05T19:13:41
I_082_284_14,non-mated,primary_impostor,na,082,284,14,14,B,85,85,0.267,internvl3,similarity_score,2026-09-05T19:13:41
D_938_331,non-mated,diagnostic_impostor,na,938,938,13,14,B,85,85,0.265,internvl3,similarity_score,2026-09-05T19:13:41
I_016_117_14,non-mated,primary_impostor,na,016,117,14,14,B,60,60,0.266,internvl3,similarity_score,2026-09-05T19:13:41
I_019_38_13,non-mated,primary_impostor,na,019,38,13,13,B,85,85,0.273,internvl3,similarity_score,2026-09-05T19:13:42
I_132_158_14,non-mated,primary_impostor,na,132,158,14,14,B,20,20,0.265,internvl3,similarity_score,2026-09-05T19:13:42
G_024_14_2039,mated,primary_genuine,na,024,024,14,14,A,85,85,0.269,internvl3,similarity_score,2026-09-05T19:13:42
I_039_225_14,non-mated,primary_impostor,na,039,225,14,14,B,85,85,0.266,internvl3,similarity_score,2026-09-05T19:13:42
G_64_13_14915,mated,primary_genuine,na,64,64,13,13,A,85,85,0.265,internvl3,similarity_score,2026-09-05T19:13:43
D_280_232,non-mated,diagnostic_impostor,na,280,280,13,14,B,75,75,0.268,internvl3,similarity_score,2026-09-05T19:13:43
G_047_14_3772,mated,primary_genuine,na,047,047,14,14,A,75,75,0.27,internvl3,similarity_score,2026-09-05T19:13:43
I_093_96_13,non-mated,primary_impostor,na,093,96,13,13,B,75,75,0.267,internvl3,similarity_score,2026-09-05T19:13:43
I_047_97_14,non-mated,primary_impostor,na,047,97,14,14,B,75,75,0.265,internvl3,similarity_score,2026-09-05T19:13:44
G_252_13_13029,mated,primary_genuine,na,252,252,13,13,A,85,85,0.265,internvl3,similarity_score,2026-09-05T19:13:44
I_085_167_14,non-mated,primary_impostor,na,085,167,14,14,B,60,60,0.267,internvl3,similarity_score,2026-09-05T19:13:44
I_14_39_14,non-mated,primary_impostor,na,14,39,14,14,B,75,75,0.265,internvl3,similarity_score,2026-09-05T19:13:45
G_078_14_6386,mated,primary_genuine,na,078,078,14,14,A,75,75,0.269,internvl3,similarity_score,2026-09-05T19:13:45
G_247_13_12911,mated,primary_genuine,na,247,247,13,13,A,75,75,0.264,internvl3,similarity_score,2026-09-05T19:13:45
I_12_146_13,non-mated,primary_impostor,na,12,146,13,13,B,50,50,0.263,internvl3,similarity_score,2026-09-05T19:13:45
G_013_13_1026,mated,primary_genuine,na,013,013,13,13,A,85,85,0.27,internvl3,similarity_score,2026-09-05T19:13:46
G_011_14_869,mated,primary_genuine,na,011,011,14,14,A,85,85,0.269,internvl3,similarity_score,2026-09-05T19:13:46
I_173_83_13,non-mated,primary_impostor,na,173,83,13,13,B,75,75,0.263,internvl3,similarity_score,2026-09-05T19:13:46
I_121_129_13,non-mated,primary_impostor,na,121,129,13,13,B,75,75,0.265,internvl3,similarity_score,2026-09-05T19:13:46
G_064_14_5303,mated,primary_genuine,na,064,064,14,14,A,85,85,0.268,internvl3,similarity_score,2026-09-05T19:13:47
D_049_43,non-mated,diagnostic_impostor,na,049,049,13,14,B,85,85,0.275,internvl3,similarity_score,2026-09-05T19:13:47
G_216_14_12200,mated,primary_genuine,na,216,216,14,14,A,75,75,0.263,internvl3,similarity_score,2026-09-05T19:13:47
G_290_14_13864,mated,primary_genuine,na,290,290,14,14,A,75,75,0.265,internvl3,similarity_score,2026-09-05T19:13:47
I_127_241_13,non-mated,primary_impostor,na,127,241,13,13,B,65,65,0.264,internvl3,similarity_score,2026-09-05T19:13:48
D_283_234,non-mated,diagnostic_impostor,na,283,283,13,14,B,85,85,0.266,internvl3,similarity_score,2026-09-05T19:13:48
G_063_14_5184,mated,primary_genuine,na,063,063,14,14,A,85,85,0.268,internvl3,similarity_score,2026-09-05T19:13:48
I_38_78_14,non-mated,primary_impostor,na,38,78,14,14,B,75,75,0.266,internvl3,similarity_score,2026-09-05T19:13:49
D_24_202,non-mated,diagnostic_impostor,na,24,24,13,14,B,75,75,0.264,internvl3,similarity_score,2026-09-05T19:13:49
D_098_89,non-mated,diagnostic_impostor,na,098,098,13,14,B,75,75,0.279,internvl3,similarity_score,2026-09-05T19:13:49
I_085_237_14,non-mated,primary_impostor,na,085,237,14,14,B,75,75,0.281,internvl3,similarity_score,2026-09-05T19:13:49
D_97_336,non-mated,diagnostic_impostor,na,97,97,13,14,B,60,60,0.277,internvl3,similarity_score,2026-09-05T19:13:50
G_207_13_12017,mated,primary_genuine,na,207,207,13,13,A,95,95,0.28,internvl3,similarity_score,2026-09-05T19:13:50
I_117_213_14,non-mated,primary_impostor,na,117,213,14,14,B,75,75,0.277,internvl3,similarity_score,2026-09-05T19:13:50
I_072_081_13,non-mated,primary_impostor,na,072,081,13,13,B,75,75,0.285,internvl3,similarity_score,2026-09-05T19:13:50
I_061_919_13,non-mated,primary_impostor,na,061,919,13,13,B,85,85,0.282,internvl3,similarity_score,2026-09-05T19:13:51
I_112_214_14,non-mated,primary_impostor,na,112,214,14,14,B,85,85,0.268,internvl3,similarity_score,2026-09-05T19:13:51
I_269_49_13,non-mated,primary_impostor,na,269,49,13,13,B,75,75,0.264,internvl3,similarity_score,2026-09-05T19:13:51
I_014_203_13,non-mated,primary_impostor,na,014,203,13,13,B,60,60,0.269,internvl3,similarity_score,2026-09-05T19:13:52
D_50_263,non-mated,diagnostic_impostor,na,50,50,13,14,B,85,85,0.263,internvl3,similarity_score,2026-09-05T19:13:52
I_052_60_14,non-mated,primary_impostor,na,052,60,14,14,B,75,75,0.268,internvl3,similarity_score,2026-09-05T19:13:52
I_24_62_13,non-mated,primary_impostor,na,24,62,13,13,B,75,75,0.263,internvl3,similarity_score,2026-09-05T19:13:52
G_56_13_14675,mated,primary_genuine,na,56,56,13,13,A,75,75,0.262,internvl3,similarity_score,2026-09-05T19:13:53
I_30_931_13,non-mated,primary_impostor,na,30,931,13,13,B,60,60,0.263,internvl3,similarity_score,2026-09-05T19:13:53
I_118_938_13,non-mated,primary_impostor,na,118,938,13,13,B,85,85,0.266,internvl3,similarity_score,2026-09-05T19:13:53
I_196_78_14,non-mated,primary_impostor,na,196,78,14,14,B,75,75,0.264,internvl3,similarity_score,2026-09-05T19:13:53
I_924_934_13,non-mated,primary_impostor,na,924,934,13,13,B,60,60,0.264,internvl3,similarity_score,2026-09-05T19:13:54
G_260_13_13276,mated,primary_genuine,na,260,260,13,13,A,75,75,0.263,internvl3,similarity_score,2026-09-05T19:13:54
I_900_938_14,non-mated,primary_impostor,na,900,938,14,14,B,85,85,0.263,internvl3,similarity_score,2026-09-05T19:13:54
D_006_4,non-mated,diagnostic_impostor,na,006,006,13,14,B,75,75,0.271,internvl3,similarity_score,2026-09-05T19:13:54
G_110_14_9525,mated,primary_genuine,na,110,110,14,14,A,75,75,0.27,internvl3,similarity_score,2026-09-05T19:13:55
G_37_13_14155,mated,primary_genuine,na,37,37,13,13,A,85,85,0.264,internvl3,similarity_score,2026-09-05T19:13:55
D_010_8,non-mated,diagnostic_impostor,na,010,010,13,14,B,85,85,0.269,internvl3,similarity_score,2026-09-05T19:13:55
G_937_13_16525,mated,primary_genuine,na,937,937,13,13,A,85,85,0.264,internvl3,similarity_score,2026-09-05T19:13:56
G_120_13_9973,mated,primary_genuine,na,120,120,13,13,A,75,75,0.266,internvl3,similarity_score,2026-09-05T19:13:56
I_206_266_13,non-mated,primary_impostor,na,206,266,13,13,B,60,60,0.266,internvl3,similarity_score,2026-09-05T19:13:56
D_062_56,non-mated,diagnostic_impostor,na,062,062,13,14,B,85,85,0.268,internvl3,similarity_score,2026-09-05T19:13:56
G_149_14_10680,mated,primary_genuine,na,149,149,14,14,A,85,85,0.266,internvl3,similarity_score,2026-09-05T19:13:57
D_213_181,non-mated,diagnostic_impostor,na,213,213,13,14,B,75,75,0.264,internvl3,similarity_score,2026-09-05T19:13:57
G_58_14_14754,mated,primary_genuine,na,58,58,14,14,A,75,75,0.263,internvl3,similarity_score,2026-09-05T19:13:57
I_102_22_13,non-mated,primary_impostor,na,102,22,13,13,B,85,85,0.266,internvl3,similarity_score,2026-09-05T19:13:57
D_188_162,non-mated,diagnostic_impostor,na,188,188,13,14,B,75,75,0.264,internvl3,similarity_score,2026-09-05T19:13:58
I_056_157_14,non-mated,primary_impostor,na,056,157,14,14,B,75,75,0.268,internvl3,similarity_score,2026-09-05T19:13:58
G_901_13_15404,mated,primary_genuine,na,901,901,13,13,A,85,85,0.264,internvl3,similarity_score,2026-09-05T19:13:58
I_005_108_13,non-mated,primary_impostor,na,005,108,13,13,B,85,85,0.27,internvl3,similarity_score,2026-09-05T19:13:58
I_046_157_14,non-mated,primary_impostor,na,046,157,14,14,B,85,85,0.267,internvl3,similarity_score,2026-09-05T19:13:59
G_254_14_13101,mated,primary_genuine,na,254,254,14,14,A,85,85,0.266,internvl3,similarity_score,2026-09-05T19:13:59
G_055_14_4475,mated,primary_genuine,na,055,055,14,14,A,85,85,0.269,internvl3,similarity_score,2026-09-05T19:13:59
G_230_13_12603,mated,primary_genuine,na,230,230,13,13,A,85,85,0.267,internvl3,similarity_score,2026-09-05T19:14:00
I_149_95_13,non-mated,primary_impostor,na,149,95,13,13,B,75,75,0.265,internvl3,similarity_score,2026-09-05T19:14:00
I_048_180_14,non-mated,primary_impostor,na,048,180,14,14,B,85,85,0.267,internvl3,similarity_score,2026-09-05T19:14:00
D_99_337,non-mated,diagnostic_impostor,na,99,99,13,14,B,85,85,0.264,internvl3,similarity_score,2026-09-05T19:14:00
G_902_13_15435,mated,primary_genuine,na,902,902,13,13,A,85,85,0.264,internvl3,similarity_score,2026-09-05T19:14:01
G_293_14_13948,mated,primary_genuine,na,293,293,14,14,A,75,75,0.263,internvl3,similarity_score,2026-09-05T19:14:01
D_57_268,non-mated,diagnostic_impostor,na,57,57,13,14,B,75,75,0.264,internvl3,similarity_score,2026-09-05T19:14:01
I_041_90_14,non-mated,primary_impostor,na,041,90,14,14,B,85,85,0.267,internvl3,similarity_score,2026-09-05T19:14:01
G_006_13_378,mated,primary_genuine,na,006,006,13,13,A,75,75,0.272,internvl3,similarity_score,2026-09-05T19:14:02
G_094_14_7788,mated,primary_genuine,na,094,094,14,14,A,85,85,0.272,internvl3,similarity_score,2026-09-05T19:14:02
I_053_190_14,non-mated,primary_impostor,na,053,190,14,14,B,75,75,0.267,internvl3,similarity_score,2026-09-05T19:14:02
G_021_13_1751,mated,primary_genuine,na,021,021,13,13,A,85,85,0.268,internvl3,similarity_score,2026-09-05T19:14:02
G_021_14_1772,mated,primary_genuine,na,021,021,14,14,A,60,60,0.269,internvl3,similarity_score,2026-09-05T19:14:03
I_011_928_14,non-mated,primary_impostor,na,011,928,14,14,B,75,75,0.266,internvl3,similarity_score,2026-09-05T19:14:03
G_029_13_2341,mated,primary_genuine,na,029,029,13,13,A,60,60,0.269,internvl3,similarity_score,2026-09-05T19:14:03
G_181_14_11398,mated,primary_genuine,na,181,181,14,14,A,65,65,0.266,internvl3,similarity_score,2026-09-05T19:14:04
G_913_14_15809,mated,primary_genuine,na,913,913,14,14,A,85,85,0.263,internvl3,similarity_score,2026-09-05T19:14:04
I_181_900_13,non-mated,primary_impostor,na,181,900,13,13,B,65,65,0.266,internvl3,similarity_score,2026-09-05T19:14:04
I_048_50_14,non-mated,primary_impostor,na,048,50,14,14,B,85,85,0.268,internvl3,similarity_score,2026-09-05T19:14:04
I_203_245_14,non-mated,primary_impostor,na,203,245,14,14,B,75,75,0.264,internvl3,similarity_score,2026-09-05T19:14:05
G_289_13_13789,mated,primary_genuine,na,289,289,13,13,A,95,95,0.267,internvl3,similarity_score,2026-09-05T19:14:05
G_246_14_12896,mated,primary_genuine,na,246,246,14,14,A,75,75,0.264,internvl3,similarity_score,2026-09-05T19:14:05
G_037_14_2957,mated,primary_genuine,na,037,037,14,14,A,85,85,0.271,internvl3,similarity_score,2026-09-05T19:14:05
I_163_227_13,non-mated,primary_impostor,na,163,227,13,13,B,75,75,0.265,internvl3,similarity_score,2026-09-05T19:14:06
I_046_112_14,non-mated,primary_impostor,na,046,112,14,14,B,85,85,0.268,internvl3,similarity_score,2026-09-05T19:14:06
I_263_94_13,non-mated,primary_impostor,na,263,94,13,13,B,75,75,0.264,internvl3,similarity_score,2026-09-05T19:14:06
I_11_9_13,non-mated,primary_impostor,na,11,9,13,13,B,75,75,0.265,internvl3,similarity_score,2026-09-05T19:14:06
I_023_218_13,non-mated,primary_impostor,na,023,218,13,13,B,75,75,0.268,internvl3,similarity_score,2026-09-05T19:14:07
I_204_217_13,non-mated,primary_impostor,na,204,217,13,13,B,85,85,0.265,internvl3,similarity_score,2026-09-05T19:14:07
I_057_135_13,non-mated,primary_impostor,na,057,135,13,13,B,85,85,0.269,internvl3,similarity_score,2026-09-05T19:14:07
D_045_39,non-mated,diagnostic_impostor,na,045,045,13,14,B,85,85,0.269,internvl3,similarity_score,2026-09-05T19:14:08
D_018_16,non-mated,diagnostic_impostor,na,018,018,13,14,B,75,75,0.269,internvl3,similarity_score,2026-09-05T19:14:08
I_020_31_13,non-mated,primary_impostor,na,020,31,13,13,B,75,75,0.266,internvl3,similarity_score,2026-09-05T19:14:08
G_129_13_10221,mated,primary_genuine,na,129,129,13,13,A,85,85,0.267,internvl3,similarity_score,2026-09-05T19:14:08
G_936_13_16481,mated,primary_genuine,na,936,936,13,13,A,85,85,0.267,internvl3,similarity_score,2026-09-05T19:14:09
D_231_198,non-mated,diagnostic_impostor,na,231,231,13,14,B,75,75,0.265,internvl3,similarity_score,2026-09-05T19:14:09
I_022_158_13,non-mated,primary_impostor,na,022,158,13,13,B,60,60,0.266,internvl3,similarity_score,2026-09-05T19:14:09
D_117_106,non-mated,diagnostic_impostor,na,117,117,13,14,B,60,60,0.263,internvl3,similarity_score,2026-09-05T19:14:09
D_014_12,non-mated,diagnostic_impostor,na,014,014,13,14,B,85,85,0.27,internvl3,similarity_score,2026-09-05T19:14:10
G_31_14_14069,mated,primary_genuine,na,31,31,14,14,A,85,85,0.263,internvl3,similarity_score,2026-09-05T19:14:10
D_299_244,non-mated,diagnostic_impostor,na,299,299,13,14,B,75,75,0.264,internvl3,similarity_score,2026-09-05T19:14:10
G_910_13_15705,mated,primary_genuine,na,910,910,13,13,A,85,85,0.264,internvl3,similarity_score,2026-09-05T19:14:10
G_178_14_11343,mated,primary_genuine,na,178,178,14,14,A,75,75,0.265,internvl3,similarity_score,2026-09-05T19:14:11
D_065_59,non-mated,diagnostic_impostor,na,065,065,13,14,B,75,75,0.27,internvl3,similarity_score,2026-09-05T19:14:11
I_916_927_13,non-mated,primary_impostor,na,916,927,13,13,B,75,75,0.265,internvl3,similarity_score,2026-09-05T19:14:11
D_29_239,non-mated,diagnostic_impostor,na,29,29,13,14,B,75,75,0.266,internvl3,similarity_score,2026-09-05T19:14:11
I_232_81_14,non-mated,primary_impostor,na,232,81,14,14,B,75,75,0.264,internvl3,similarity_score,2026-09-05T19:14:12
I_074_65_14,non-mated,primary_impostor,na,074,65,14,14,B,50,50,0.267,internvl3,similarity_score,2026-09-05T19:14:12
I_084_932_14,non-mated,primary_impostor,na,084,932,14,14,B,75,75,0.267,internvl3,similarity_score,2026-09-05T19:14:12
G_106_13_8808,mated,primary_genuine,na,106,106,13,13,A,85,85,0.271,internvl3,similarity_score,2026-09-05T19:14:13
I_074_149_13,non-mated,primary_impostor,na,074,149,13,13,B,95,95,0.27,internvl3,similarity_score,2026-09-05T19:14:13
I_045_915_13,non-mated,primary_impostor,na,045,915,13,13,B,75,75,0.267,internvl3,similarity_score,2026-09-05T19:14:13
I_068_224_14,non-mated,primary_impostor,na,068,224,14,14,B,85,85,0.268,internvl3,similarity_score,2026-09-05T19:14:13
G_223_14_12379,mated,primary_genuine,na,223,223,14,14,A,85,85,0.268,internvl3,similarity_score,2026-09-05T19:14:14
D_172_149,non-mated,diagnostic_impostor,na,172,172,13,14,B,85,85,0.267,internvl3,similarity_score,2026-09-05T19:14:14
I_025_224_14,non-mated,primary_impostor,na,025,224,14,14,B,85,85,0.269,internvl3,similarity_score,2026-09-05T19:14:14
I_203_263_14,non-mated,primary_impostor,na,203,263,14,14,B,75,75,0.265,internvl3,similarity_score,2026-09-05T19:14:14
G_231_14_12631,mated,primary_genuine,na,231,231,14,14,A,85,85,0.264,internvl3,similarity_score,2026-09-05T19:14:15
G_933_13_16392,mated,primary_genuine,na,933,933,13,13,A,75,75,0.263,internvl3,similarity_score,2026-09-05T19:14:15
D_230_197,non-mated,diagnostic_impostor,na,230,230,13,14,B,75,75,0.265,internvl3,similarity_score,2026-09-05T19:14:15
D_82_287,non-mated,diagnostic_impostor,na,82,82,13,14,B,85,85,0.263,internvl3,similarity_score,2026-09-05T19:14:15
I_130_248_14,non-mated,primary_impostor,na,130,248,14,14,B,75,75,0.266,internvl3,similarity_score,2026-09-05T19:14:16
D_040_35,non-mated,diagnostic_impostor,na,040,040,13,14,B,65,65,0.27,internvl3,similarity_score,2026-09-05T19:14:16
I_130_256_14,non-mated,primary_impostor,na,130,256,14,14,B,75,75,0.269,internvl3,similarity_score,2026-09-05T19:14:16
G_245_14_12849,mated,primary_genuine,na,245,245,14,14,A,85,85,0.265,internvl3,similarity_score,2026-09-05T19:14:17
I_082_914_14,non-mated,primary_impostor,na,082,914,14,14,B,85,85,0.27,internvl3,similarity_score,2026-09-05T19:14:17
D_241_204,non-mated,diagnostic_impostor,na,241,241,13,14,B,75,75,0.263,internvl3,similarity_score,2026-09-05T19:14:17
D_64_275,non-mated,diagnostic_impostor,na,64,64,13,14,B,75,75,0.264,internvl3,similarity_score,2026-09-05T19:14:17
I_43_907_13,non-mated,primary_impostor,na,43,907,13,13,B,20,20,0.262,internvl3,similarity_score,2026-09-05T19:14:18
I_928_94_13,non-mated,primary_impostor,na,928,94,13,13,B,60,60,0.262,internvl3,similarity_score,2026-09-05T19:14:18
D_144_129,non-mated,diagnostic_impostor,na,144,144,13,14,B,75,75,0.267,internvl3,similarity_score,2026-09-05T19:14:18
G_092_14_7635,mated,primary_genuine,na,092,092,14,14,A,75,75,0.271,internvl3,similarity_score,2026-09-05T19:14:18
G_76_14_15213,mated,primary_genuine,na,76,76,14,14,A,85,85,0.266,internvl3,similarity_score,2026-09-05T19:14:19
D_259_219,non-mated,diagnostic_impostor,na,259,259,13,14,B,75,75,0.264,internvl3,similarity_score,2026-09-05T19:14:19
G_051_14_4106,mated,primary_genuine,na,051,051,14,14,A,60,60,0.269,internvl3,similarity_score,2026-09-05T19:14:19
I_064_110_14,non-mated,primary_impostor,na,064,110,14,14,B,60,60,0.269,internvl3,similarity_score,2026-09-05T19:14:19
I_014_207_14,non-mated,primary_impostor,na,014,207,14,14,B,85,85,0.267,internvl3,similarity_score,2026-09-05T19:14:20
G_024_13_1986,mated,primary_genuine,na,024,024,13,13,A,85,85,0.27,internvl3,similarity_score,2026-09-05T19:14:20
I_218_237_14,non-mated,primary_impostor,na,218,237,14,14,B,85,85,0.265,internvl3,similarity_score,2026-09-05T19:14:20
I_283_919_13,non-mated,primary_impostor,na,283,919,13,13,B,85,85,0.265,internvl3,similarity_score,2026-09-05T19:14:21
G_054_13_4354,mated,primary_genuine,na,054,054,13,13,A,85,85,0.269,internvl3,similarity_score,2026-09-05T19:14:21
I_149_60_13,non-mated,primary_impostor,na,149,60,13,13,B,85,85,0.265,internvl3,similarity_score,2026-09-05T19:14:21
I_105_11_14,non-mated,primary_impostor,na,105,11,14,14,B,75,75,0.268,internvl3,similarity_score,2026-09-05T19:14:21
I_013_185_13,non-mated,primary_impostor,na,013,185,13,13,B,85,85,0.266,internvl3,similarity_score,2026-09-05T19:14:22
I_83_88_14,non-mated,primary_impostor,na,83,88,14,14,B,60,60,0.265,internvl3,similarity_score,2026-09-05T19:14:22
I_100_218_13,non-mated,primary_impostor,na,100,218,13,13,B,75,75,0.268,internvl3,similarity_score,2026-09-05T19:14:22
G_916_14_15907,mated,primary_genuine,na,916,916,14,14,A,75,75,0.264,internvl3,similarity_score,2026-09-05T19:14:22
D_61_272,non-mated,diagnostic_impostor,na,61,61,13,14,B,60,60,0.264,internvl3,similarity_score,2026-09-05T19:14:23
I_30_92_13,non-mated,primary_impostor,na,30,92,13,13,B,85,85,0.263,internvl3,similarity_score,2026-09-05T19:14:23
G_012_13_933,mated,primary_genuine,na,012,012,13,13,A,85,85,0.27,internvl3,similarity_score,2026-09-05T19:14:23
G_148_13_10635,mated,primary_genuine,na,148,148,13,13,A,85,85,0.265,internvl3,similarity_score,2026-09-05T19:14:23
D_70_280,non-mated,diagnostic_impostor,na,70,70,13,14,B,75,75,0.274,internvl3,similarity_score,2026-09-05T19:14:24
D_027_25,non-mated,diagnostic_impostor,na,027,027,13,14,B,75,75,0.285,internvl3,similarity_score,2026-09-05T19:14:24
G_041_13_3262,mated,primary_genuine,na,041,041,13,13,A,75,75,0.285,internvl3,similarity_score,2026-09-05T19:14:24
G_41_14_14302,mated,primary_genuine,na,41,41,14,14,A,75,75,0.275,internvl3,similarity_score,2026-09-05T19:14:25
D_911_303,non-mated,diagnostic_impostor,na,911,911,13,14,B,75,75,0.278,internvl3,similarity_score,2026-09-05T19:14:25
I_51_68_14,non-mated,primary_impostor,na,51,68,14,14,B,60,60,0.279,internvl3,similarity_score,2026-09-05T19:14:25
D_138_124,non-mated,diagnostic_impostor,na,138,138,13,14,B,85,85,0.279,internvl3,similarity_score,2026-09-05T19:14:25
I_090_902_13,non-mated,primary_impostor,na,090,902,13,13,B,85,85,0.273,internvl3,similarity_score,2026-09-05T19:14:26
D_124_114,non-mated,diagnostic_impostor,na,124,124,13,14,B,85,85,0.267,internvl3,similarity_score,2026-09-05T19:14:26
G_909_14_15656,mated,primary_genuine,na,909,909,14,14,A,75,75,0.264,internvl3,similarity_score,2026-09-05T19:14:26
I_216_26_14,non-mated,primary_impostor,na,216,26,14,14,B,65,65,0.264,internvl3,similarity_score,2026-09-05T19:14:27
G_086_13_7052,mated,primary_genuine,na,086,086,13,13,A,85,85,0.269,internvl3,similarity_score,2026-09-05T19:14:27
G_226_13_12463,mated,primary_genuine,na,226,226,13,13,A,85,85,0.262,internvl3,similarity_score,2026-09-05T19:14:27
D_96_335,non-mated,diagnostic_impostor,na,96,96,13,14,B,75,75,0.265,internvl3,similarity_score,2026-09-05T19:14:27
G_934_13_16426,mated,primary_genuine,na,934,934,13,13,A,85,85,0.265,internvl3,similarity_score,2026-09-05T19:14:28
G_081_14_6635,mated,primary_genuine,na,081,081,14,14,A,75,75,0.269,internvl3,similarity_score,2026-09-05T19:14:28
G_175_13_11263,mated,primary_genuine,na,175,175,13,13,A,85,85,0.266,internvl3,similarity_score,2026-09-05T19:14:28
D_36_249,non-mated,diagnostic_impostor,na,36,36,13,14,B,75,75,0.263,internvl3,similarity_score,2026-09-05T19:14:28
D_12_109,non-mated,diagnostic_impostor,na,12,12,13,14,B,60,60,0.265,internvl3,similarity_score,2026-09-05T19:14:29
G_70_14_15083,mated,primary_genuine,na,70,70,14,14,A,75,75,0.266,internvl3,similarity_score,2026-09-05T19:14:29
D_290_240,non-mated,diagnostic_impostor,na,290,290,13,14,B,60,60,0.263,internvl3,similarity_score,2026-09-05T19:14:29
G_124_13_10098,mated,primary_genuine,na,124,124,13,13,A,75,75,0.265,internvl3,similarity_score,2026-09-05T19:14:29
I_63_903_13,non-mated,primary_impostor,na,63,903,13,13,B,75,75,0.264,internvl3,similarity_score,2026-09-05T19:14:30
I_254_913_14,non-mated,primary_impostor,na,254,913,14,14,B,60,60,0.264,internvl3,similarity_score,2026-09-05T19:14:30
I_017_225_13,non-mated,primary_impostor,na,017,225,13,13,B,75,75,0.267,internvl3,similarity_score,2026-09-05T19:14:30
G_57_14_14724,mated,primary_genuine,na,57,57,14,14,A,85,85,0.264,internvl3,similarity_score,2026-09-05T19:14:30
G_9_14_16797,mated,primary_genuine,na,9,9,14,14,A,85,85,0.264,internvl3,similarity_score,2026-09-05T19:14:31
D_293_243,non-mated,diagnostic_impostor,na,293,293,13,14,B,75,75,0.264,internvl3,similarity_score,2026-09-05T19:14:31
D_915_307,non-mated,diagnostic_impostor,na,915,915,13,14,B,75,75,0.264,internvl3,similarity_score,2026-09-05T19:14:31
D_012_10,non-mated,diagnostic_impostor,na,012,012,13,14,B,85,85,0.271,internvl3,similarity_score,2026-09-05T19:14:32
G_086_14_7106,mated,primary_genuine,na,086,086,14,14,A,95,95,0.269,internvl3,similarity_score,2026-09-05T19:14:32
I_25_257_14,non-mated,primary_impostor,na,25,257,14,14,B,75,75,0.263,internvl3,similarity_score,2026-09-05T19:14:32
I_054_094_14,non-mated,primary_impostor,na,054,094,14,14,B,85,85,0.27,internvl3,similarity_score,2026-09-05T19:14:32
I_281_926_13,non-mated,primary_impostor,na,281,926,13,13,B,65,65,0.265,internvl3,similarity_score,2026-09-05T19:14:33
I_123_4_13,non-mated,primary_impostor,na,123,4,13,13,B,75,75,0.266,internvl3,similarity_score,2026-09-05T19:14:33
G_224_13_12402,mated,primary_genuine,na,224,224,13,13,A,75,75,0.266,internvl3,similarity_score,2026-09-05T19:14:33
D_917_309,non-mated,diagnostic_impostor,na,917,917,13,14,B,75,75,0.264,internvl3,similarity_score,2026-09-05T19:14:33
G_233_14_12685,mated,primary_genuine,na,233,233,14,14,A,75,75,0.264,internvl3,similarity_score,2026-09-05T19:14:34
G_908_13_15620,mated,primary_genuine,na,908,908,13,13,A,85,85,0.264,internvl3,similarity_score,2026-09-05T19:14:34
I_148_166_13,non-mated,primary_impostor,na,148,166,13,13,B,75,75,0.267,internvl3,similarity_score,2026-09-05T19:14:34
I_169_917_13,non-mated,primary_impostor,na,169,917,13,13,B,65,65,0.265,internvl3,similarity_score,2026-09-05T19:14:34
I_043_919_14,non-mated,primary_impostor,na,043,919,14,14,B,75,75,0.267,internvl3,similarity_score,2026-09-05T19:14:35
I_218_26_13,non-mated,primary_impostor,na,218,26,13,13,B,75,75,0.264,internvl3,similarity_score,2026-09-05T19:14:35
G_229_13_12550,mated,primary_genuine,na,229,229,13,13,A,85,85,0.265,internvl3,similarity_score,2026-09-05T19:14:35
G_905_14_15534,mated,primary_genuine,na,905,905,14,14,A,85,85,0.263,internvl3,similarity_score,2026-09-05T19:14:36
G_033_14_2686,mated,primary_genuine,na,033,033,14,14,A,75,75,0.269,internvl3,similarity_score,2026-09-05T19:14:36
G_016_14_1334,mated,primary_genuine,na,016,016,14,14,A,85,85,0.27,internvl3,similarity_score,2026-09-05T19:14:36
D_906_298,non-mated,diagnostic_impostor,na,906,906,13,14,B,85,85,0.263,internvl3,similarity_score,2026-09-05T19:14:36
G_28_13_13818,mated,primary_genuine,na,28,28,13,13,A,85,85,0.265,internvl3,similarity_score,2026-09-05T19:14:37
I_032_924_13,non-mated,primary_impostor,na,032,924,13,13,B,75,75,0.267,internvl3,similarity_score,2026-09-05T19:14:37
G_174_14_11252,mated,primary_genuine,na,174,174,14,14,A,85,85,0.264,internvl3,similarity_score,2026-09-05T19:14:37
I_053_39_14,non-mated,primary_impostor,na,053,39,14,14,B,85,85,0.266,internvl3,similarity_score,2026-09-05T19:14:37
G_089_13_7320,mated,primary_genuine,na,089,089,13,13,A,75,75,0.269,internvl3,similarity_score,2026-09-05T19:14:38
D_180_156,non-mated,diagnostic_impostor,na,180,180,13,14,B,75,75,0.265,internvl3,similarity_score,2026-09-05T19:14:38
I_079_101_13,non-mated,primary_impostor,na,079,101,13,13,B,75,75,0.269,internvl3,similarity_score,2026-09-05T19:14:38
G_005_14_357,mated,primary_genuine,na,005,005,14,14,A,85,85,0.27,internvl3,similarity_score,2026-09-05T19:14:38
G_225_14_12452,mated,primary_genuine,na,225,225,14,14,A,75,75,0.263,internvl3,similarity_score,2026-09-05T19:14:39
G_71_14_15113,mated,primary_genuine,na,71,71,14,14,A,85,85,0.264,internvl3,similarity_score,2026-09-05T19:14:39
G_088_13_7239,mated,primary_genuine,na,088,088,13,13,A,95,95,0.269,internvl3,similarity_score,2026-09-05T19:14:39
D_243_206,non-mated,diagnostic_impostor,na,243,243,13,14,B,85,85,0.267,internvl3,similarity_score,2026-09-05T19:14:40
G_144_13_10545,mated,primary_genuine,na,144,144,13,13,A,85,85,0.267,internvl3,similarity_score,2026-09-05T19:14:40
G_081_13_6576,mated,primary_genuine,na,081,081,13,13,A,75,75,0.269,internvl3,similarity_score,2026-09-05T19:14:40
D_178_154,non-mated,diagnostic_impostor,na,178,178,13,14,B,60,60,0.265,internvl3,similarity_score,2026-09-05T19:14:40
G_056_13_4518,mated,primary_genuine,na,056,056,13,13,A,85,85,0.27,internvl3,similarity_score,2026-09-05T19:14:41
D_080_72,non-mated,diagnostic_impostor,na,080,080,13,14,B,85,85,0.27,internvl3,similarity_score,2026-09-05T19:14:41
D_181_157,non-mated,diagnostic_impostor,na,181,181,13,14,B,85,85,0.267,internvl3,similarity_score,2026-09-05T19:14:41
G_92_13_16275,mated,primary_genuine,na,92,92,13,13,A,85,85,0.265,internvl3,similarity_score,2026-09-05T19:14:41
G_90_13_15671,mated,primary_genuine,na,90,90,13,13,A,75,75,0.263,internvl3,similarity_score,2026-09-05T19:14:42
G_226_14_12479,mated,primary_genuine,na,226,226,14,14,A,75,75,0.262,internvl3,similarity_score,2026-09-05T19:14:42
G_215_14_12176,mated,primary_genuine,na,215,215,14,14,A,75,75,0.265,internvl3,similarity_score,2026-09-05T19:14:42
I_096_200_14,non-mated,primary_impostor,na,096,200,14,14,B,75,75,0.266,internvl3,similarity_score,2026-09-05T19:14:42
G_242_13_12786,mated,primary_genuine,na,242,242,13,13,A,75,75,0.263,internvl3,similarity_score,2026-09-05T19:14:43
G_903_14_15477,mated,primary_genuine,na,903,903,14,14,A,85,85,0.264,internvl3,similarity_score,2026-09-05T19:14:43
G_28_14_13831,mated,primary_genuine,na,28,28,14,14,A,85,85,0.266,internvl3,similarity_score,2026-09-05T19:14:43
I_292_906_14,non-mated,primary_impostor,na,292,906,14,14,B,85,85,0.264,internvl3,similarity_score,2026-09-05T19:14:44
I_109_246_13,non-mated,primary_impostor,na,109,246,13,13,B,75,75,0.266,internvl3,similarity_score,2026-09-05T19:14:44
G_933_14_16415,mated,primary_genuine,na,933,933,14,14,A,85,85,0.262,internvl3,similarity_score,2026-09-05T19:14:44
I_001_098_13,non-mated,primary_impostor,na,001,098,13,13,B,85,85,0.27,internvl3,similarity_score,2026-09-05T19:14:44
I_16_937_13,non-mated,primary_impostor,na,16,937,13,13,B,85,85,0.263,internvl3,similarity_score,2026-09-05T19:14:45
G_36_14_14130,mated,primary_genuine,na,36,36,14,14,A,75,75,0.264,internvl3,similarity_score,2026-09-05T19:14:45
G_039_14_3132,mated,primary_genuine,na,039,039,14,14,A,85,85,0.27,internvl3,similarity_score,2026-09-05T19:14:45
I_055_083_14,non-mated,primary_impostor,na,055,083,14,14,B,85,85,0.269,internvl3,similarity_score,2026-09-05T19:14:45
G_192_14_11701,mated,primary_genuine,na,192,192,14,14,A,85,85,0.264,internvl3,similarity_score,2026-09-05T19:14:46
G_190_14_11635,mated,primary_genuine,na,190,190,14,14,A,75,75,0.262,internvl3,similarity_score,2026-09-05T19:14:46
I_001_231_13,non-mated,primary_impostor,na,001,231,13,13,B,75,75,0.268,internvl3,similarity_score,2026-09-05T19:14:46
G_62_13_14867,mated,primary_genuine,na,62,62,13,13,A,85,85,0.266,internvl3,similarity_score,2026-09-05T19:14:46
G_185_13_11510,mated,primary_genuine,na,185,185,13,13,A,75,75,0.265,internvl3,similarity_score,2026-09-05T19:14:47
D_005_3,non-mated,diagnostic_impostor,na,005,005,13,14,B,75,75,0.27,internvl3,similarity_score,2026-09-05T19:14:47
I_116_261_14,non-mated,primary_impostor,na,116,261,14,14,B,65,65,0.263,internvl3,similarity_score,2026-09-05T19:14:47
D_120_110,non-mated,diagnostic_impostor,na,120,120,13,14,B,85,85,0.264,internvl3,similarity_score,2026-09-05T19:14:48
I_010_72_14,non-mated,primary_impostor,na,010,72,14,14,B,85,85,0.267,internvl3,similarity_score,2026-09-05T19:14:48
G_189_14_11584,mated,primary_genuine,na,189,189,14,14,A,75,75,0.262,internvl3,similarity_score,2026-09-05T19:14:48
G_171_14_11165,mated,primary_genuine,na,171,171,14,14,A,85,85,0.264,internvl3,similarity_score,2026-09-05T19:14:48
I_016_124_14,non-mated,primary_impostor,na,016,124,14,14,B,75,75,0.266,internvl3,similarity_score,2026-09-05T19:14:49
D_95_334,non-mated,diagnostic_impostor,na,95,95,13,14,B,60,60,0.272,internvl3,similarity_score,2026-09-05T19:14:49
G_261_13_13299,mated,primary_genuine,na,261,261,13,13,A,75,75,0.277,internvl3,similarity_score,2026-09-05T19:14:49
D_281_233,non-mated,diagnostic_impostor,na,281,281,13,14,B,65,65,0.279,internvl3,similarity_score,2026-09-05T19:14:49
I_135_299_14,non-mated,primary_impostor,na,135,299,14,14,B,85,85,0.275,internvl3,similarity_score,2026-09-05T19:14:50
I_058_22_14,non-mated,primary_impostor,na,058,22,14,14,B,60,60,0.282,internvl3,similarity_score,2026-09-05T19:14:50
G_017_14_1431,mated,primary_genuine,na,017,017,14,14,A,85,85,0.286,internvl3,similarity_score,2026-09-05T19:14:50
I_027_053_13,non-mated,primary_impostor,na,027,053,13,13,B,85,85,0.285,internvl3,similarity_score,2026-09-05T19:14:51
D_907_299,non-mated,diagnostic_impostor,na,907,907,13,14,B,50,50,0.268,internvl3,similarity_score,2026-09-05T19:14:51
I_008_25_13,non-mated,primary_impostor,na,008,25,13,13,B,65,65,0.266,internvl3,similarity_score,2026-09-05T19:14:51
I_098_169_13,non-mated,primary_impostor,na,098,169,13,13,B,75,75,0.266,internvl3,similarity_score,2026-09-05T19:14:51
I_031_033_13,non-mated,primary_impostor,na,031,033,13,13,B,85,85,0.269,internvl3,similarity_score,2026-09-05T19:14:52
G_094_13_7749,mated,primary_genuine,na,094,094,13,13,A,85,85,0.27,internvl3,similarity_score,2026-09-05T19:14:52
G_48_14_14494,mated,primary_genuine,na,48,48,14,14,A,85,85,0.268,internvl3,similarity_score,2026-09-05T19:14:52
G_220_13_12308,mated,primary_genuine,na,220,220,13,13,A,75,75,0.263,internvl3,similarity_score,2026-09-05T19:14:52
G_130_13_10287,mated,primary_genuine,na,130,130,13,13,A,75,75,0.265,internvl3,similarity_score,2026-09-05T19:14:53
G_39_13_14197,mated,primary_genuine,na,39,39,13,13,A,85,85,0.265,internvl3,similarity_score,2026-09-05T19:14:53
I_049_83_14,non-mated,primary_impostor,na,049,83,14,14,B,75,75,0.268,internvl3,similarity_score,2026-09-05T19:14:53
G_259_14_13232,mated,primary_genuine,na,259,259,14,14,A,60,60,0.264,internvl3,similarity_score,2026-09-05T19:14:53
G_47_13_14444,mated,primary_genuine,na,47,47,13,13,A,75,75,0.264,internvl3,similarity_score,2026-09-05T19:14:54
I_049_102_13,non-mated,primary_impostor,na,049,102,13,13,B,85,85,0.271,internvl3,similarity_score,2026-09-05T19:14:54
G_064_13_5229,mated,primary_genuine,na,064,064,13,13,A,85,85,0.269,internvl3,similarity_score,2026-09-05T19:14:54
I_38_65_13,non-mated,primary_impostor,na,38,65,13,13,B,60,60,0.265,internvl3,similarity_score,2026-09-05T19:14:55
D_116_105,non-mated,diagnostic_impostor,na,116,116,13,14,B,85,85,0.263,internvl3,similarity_score,2026-09-05T19:14:55
I_005_31_14,non-mated,primary_impostor,na,005,31,14,14,B,75,75,0.266,internvl3,similarity_score,2026-09-05T19:14:55
D_163_142,non-mated,diagnostic_impostor,na,163,163,13,14,B,85,85,0.266,internvl3,similarity_score,2026-09-05T19:14:55
I_027_83_13,non-mated,primary_impostor,na,027,83,13,13,B,60,60,0.267,internvl3,similarity_score,2026-09-05T19:14:56
G_034_13_2711,mated,primary_genuine,na,034,034,13,13,A,75,75,0.27,internvl3,similarity_score,2026-09-05T19:14:56
G_051_13_4058,mated,primary_genuine,na,051,051,13,13,A,85,85,0.269,internvl3,similarity_score,2026-09-05T19:14:56
I_249_905_13,non-mated,primary_impostor,na,249,905,13,13,B,85,85,0.265,internvl3,similarity_score,2026-09-05T19:14:56
G_90_14_15693,mated,primary_genuine,na,90,90,14,14,A,85,85,0.263,internvl3,similarity_score,2026-09-05T19:14:57
I_080_109_13,non-mated,primary_impostor,na,080,109,13,13,B,85,85,0.27,internvl3,similarity_score,2026-09-05T19:14:57
I_020_056_13,non-mated,primary_impostor,na,020,056,13,13,B,60,60,0.269,internvl3,similarity_score,2026-09-05T19:14:57
I_29_88_14,non-mated,primary_impostor,na,29,88,14,14,B,20,20,0.264,internvl3,similarity_score,2026-09-05T19:14:57
I_174_283_13,non-mated,primary_impostor,na,174,283,13,13,B,75,75,0.264,internvl3,similarity_score,2026-09-05T19:14:58
D_022_20,non-mated,diagnostic_impostor,na,022,022,13,14,B,75,75,0.27,internvl3,similarity_score,2026-09-05T19:14:58
I_024_160_13,non-mated,primary_impostor,na,024,160,13,13,B,75,75,0.266,internvl3,similarity_score,2026-09-05T19:14:58
G_090_14_7428,mated,primary_genuine,na,090,090,14,14,A,75,75,0.269,internvl3,similarity_score,2026-09-05T19:14:59
G_285_14_13737,mated,primary_genuine,na,285,285,14,14,A,85,85,0.266,internvl3,similarity_score,2026-09-05T19:14:59
G_928_13_16220,mated,primary_genuine,na,928,928,13,13,A,85,85,0.262,internvl3,similarity_score,2026-09-05T19:14:59
I_125_935_14,non-mated,primary_impostor,na,125,935,14,14,B,60,60,0.264,internvl3,similarity_score,2026-09-05T19:14:59
I_212_42_14,non-mated,primary_impostor,na,212,42,14,14,B,85,85,0.268,internvl3,similarity_score,2026-09-05T19:15:00
G_59_13_14774,mated,primary_genuine,na,59,59,13,13,A,85,85,0.264,internvl3,similarity_score,2026-09-05T19:15:00
G_260_14_13281,mated,primary_genuine,na,260,260,14,14,A,85,85,0.267,internvl3,similarity_score,2026-09-05T19:15:00
I_031_157_13,non-mated,primary_impostor,na,031,157,13,13,B,85,85,0.266,internvl3,similarity_score,2026-09-05T19:15:00
I_174_198_13,non-mated,primary_impostor,na,174,198,13,13,B,75,75,0.263,internvl3,similarity_score,2026-09-05T19:15:01
D_49_262,non-mated,diagnostic_impostor,na,49,49,13,14,B,75,75,0.264,internvl3,similarity_score,2026-09-05T19:15:01
G_216_13_12183,mated,primary_genuine,na,216,216,13,13,A,75,75,0.273,internvl3,similarity_score,2026-09-05T19:15:01
I_188_46_14,non-mated,primary_impostor,na,188,46,14,14,B,50,50,0.27,internvl3,similarity_score,2026-09-05T19:15:01
D_28_231,non-mated,diagnostic_impostor,na,28,28,13,14,B,85,85,0.269,internvl3,similarity_score,2026-09-05T19:15:02
I_228_257_14,non-mated,primary_impostor,na,228,257,14,14,B,75,75,0.266,internvl3,similarity_score,2026-09-05T19:15:02
G_143_13_10526,mated,primary_genuine,na,143,143,13,13,A,85,85,0.264,internvl3,similarity_score,2026-09-05T19:15:02
G_241_14_12781,mated,primary_genuine,na,241,241,14,14,A,85,85,0.264,internvl3,similarity_score,2026-09-05T19:15:03
G_166_13_10993,mated,primary_genuine,na,166,166,13,13,A,85,85,0.269,internvl3,similarity_score,2026-09-05T19:15:03
G_258_14_13176,mated,primary_genuine,na,258,258,14,14,A,85,85,0.267,internvl3,similarity_score,2026-09-05T19:15:03
D_089_81,non-mated,diagnostic_impostor,na,089,089,13,14,B,85,85,0.269,internvl3,similarity_score,2026-09-05T19:15:03
G_72_14_15141,mated,primary_genuine,na,72,72,14,14,A,75,75,0.267,internvl3,similarity_score,2026-09-05T19:15:04
G_203_14_11942,mated,primary_genuine,na,203,203,14,14,A,85,85,0.263,internvl3,similarity_score,2026-09-05T19:15:04
G_18_14_11610,mated,primary_genuine,na,18,18,14,14,A,85,85,0.265,internvl3,similarity_score,2026-09-05T19:15:04
I_117_65_13,non-mated,primary_impostor,na,117,65,13,13,B,75,75,0.262,internvl3,similarity_score,2026-09-05T19:15:04
I_062_95_13,non-mated,primary_impostor,na,062,95,13,13,B,85,85,0.266,internvl3,similarity_score,2026-09-05T19:15:05
G_16_14_11106,mated,primary_genuine,na,16,16,14,14,A,85,85,0.265,internvl3,similarity_score,2026-09-05T19:15:05
G_21_13_12285,mated,primary_genuine,na,21,21,13,13,A,75,75,0.265,internvl3,similarity_score,2026-09-05T19:15:05
G_83_14_15318,mated,primary_genuine,na,83,83,14,14,A,85,85,0.265,internvl3,similarity_score,2026-09-05T19:15:05
D_105_95,non-mated,diagnostic_impostor,na,105,105,13,14,B,85,85,0.27,internvl3,similarity_score,2026-09-05T19:15:06
G_112_13_9782,mated,primary_genuine,na,112,112,13,13,A,60,60,0.264,internvl3,similarity_score,2026-09-05T19:15:06
I_173_209_14,non-mated,primary_impostor,na,173,209,14,14,B,60,60,0.264,internvl3,similarity_score,2026-09-05T19:15:06
D_908_300,non-mated,diagnostic_impostor,na,908,908,13,14,B,75,75,0.265,internvl3,similarity_score,2026-09-05T19:15:07
I_008_124_14,non-mated,primary_impostor,na,008,124,14,14,B,75,75,0.266,internvl3,similarity_score,2026-09-05T19:15:07
I_014_172_14,non-mated,primary_impostor,na,014,172,14,14,B,85,85,0.267,internvl3,similarity_score,2026-09-05T19:15:07
G_167_13_11036,mated,primary_genuine,na,167,167,13,13,A,85,85,0.263,internvl3,similarity_score,2026-09-05T19:15:07
G_128_13_10186,mated,primary_genuine,na,128,128,13,13,A,85,85,0.262,internvl3,similarity_score,2026-09-05T19:15:08
D_015_13,non-mated,diagnostic_impostor,na,015,015,13,14,B,85,85,0.27,internvl3,similarity_score,2026-09-05T19:15:08
D_245_207,non-mated,diagnostic_impostor,na,245,245,13,14,B,75,75,0.263,internvl3,similarity_score,2026-09-05T19:15:08
G_009_14_680,mated,primary_genuine,na,009,009,14,14,A,95,95,0.269,internvl3,similarity_score,2026-09-05T19:15:08
I_169_246_14,non-mated,primary_impostor,na,169,246,14,14,B,85,85,0.264,internvl3,similarity_score,2026-09-05T19:15:09
D_057_51,non-mated,diagnostic_impostor,na,057,057,13,14,B,85,85,0.27,internvl3,similarity_score,2026-09-05T19:15:09
G_63_14_14910,mated,primary_genuine,na,63,63,14,14,A,85,85,0.264,internvl3,similarity_score,2026-09-05T19:15:09
I_033_50_13,non-mated,primary_impostor,na,033,50,13,13,B,75,75,0.266,internvl3,similarity_score,2026-09-05T19:15:09
D_017_15,non-mated,diagnostic_impostor,na,017,017,13,14,B,85,85,0.269,internvl3,similarity_score,2026-09-05T19:15:10
D_064_58,non-mated,diagnostic_impostor,na,064,064,13,14,B,75,75,0.27,internvl3,similarity_score,2026-09-05T19:15:10
G_023_14_1965,mated,primary_genuine,na,023,023,14,14,A,75,75,0.27,internvl3,similarity_score,2026-09-05T19:15:10
I_037_29_14,non-mated,primary_impostor,na,037,29,14,14,B,75,75,0.267,internvl3,similarity_score,2026-09-05T19:15:11
D_037_32,non-mated,diagnostic_impostor,na,037,037,13,14,B,75,75,0.268,internvl3,similarity_score,2026-09-05T19:15:11
G_99_13_16752,mated,primary_genuine,na,99,99,13,13,A,75,75,0.263,internvl3,similarity_score,2026-09-05T19:15:11
G_079_14_6445,mated,primary_genuine,na,079,079,14,14,A,75,75,0.269,internvl3,similarity_score,2026-09-05T19:15:11
G_079_13_6400,mated,primary_genuine,na,079,079,13,13,A,85,85,0.27,internvl3,similarity_score,2026-09-05T19:15:12
G_283_13_13665,mated,primary_genuine,na,283,283,13,13,A,85,85,0.266,internvl3,similarity_score,2026-09-05T19:15:12
I_28_49_13,non-mated,primary_impostor,na,28,49,13,13,B,75,75,0.263,internvl3,similarity_score,2026-09-05T19:15:12
G_82_14_15304,mated,primary_genuine,na,82,82,14,14,A,85,85,0.263,internvl3,similarity_score,2026-09-05T19:15:12
G_51_13_14587,mated,primary_genuine,na,51,51,13,13,A,85,85,0.265,internvl3,similarity_score,2026-09-05T19:15:13
G_53_14_14637,mated,primary_genuine,na,53,53,14,14,A,65,65,0.265,internvl3,similarity_score,2026-09-05T19:15:13
G_228_13_12518,mated,primary_genuine,na,228,228,13,13,A,85,85,0.265,internvl3,similarity_score,2026-09-05T19:15:13
G_26_14_13466,mated,primary_genuine,na,26,26,14,14,A,60,60,0.264,internvl3,similarity_score,2026-09-05T19:15:13
G_099_14_8164,mated,primary_genuine,na,099,099,14,14,A,75,75,0.269,internvl3,similarity_score,2026-09-05T19:15:14
G_106_14_8873,mated,primary_genuine,na,106,106,14,14,A,85,85,0.271,internvl3,similarity_score,2026-09-05T19:15:14
D_38_251,non-mated,diagnostic_impostor,na,38,38,13,14,B,85,85,0.266,internvl3,similarity_score,2026-09-05T19:15:14
G_040_14_3214,mated,primary_genuine,na,040,040,14,14,A,75,75,0.269,internvl3,similarity_score,2026-09-05T19:15:15
I_055_35_14,non-mated,primary_impostor,na,055,35,14,14,B,85,85,0.269,internvl3,similarity_score,2026-09-05T19:15:15
I_100_270_14,non-mated,primary_impostor,na,100,270,14,14,B,75,75,0.268,internvl3,similarity_score,2026-09-05T19:15:15
G_44_13_14386,mated,primary_genuine,na,44,44,13,13,A,75,75,0.263,internvl3,similarity_score,2026-09-05T19:15:15
G_53_13_14627,mated,primary_genuine,na,53,53,13,13,A,75,75,0.264,internvl3,similarity_score,2026-09-05T19:15:16
D_092_84,non-mated,diagnostic_impostor,na,092,092,13,14,B,85,85,0.27,internvl3,similarity_score,2026-09-05T19:15:16
D_111_102,non-mated,diagnostic_impostor,na,111,111,13,14,B,60,60,0.266,internvl3,similarity_score,2026-09-05T19:15:16
G_111_13_9623,mated,primary_genuine,na,111,111,13,13,A,75,75,0.266,internvl3,similarity_score,2026-09-05T19:15:16
I_171_905_13,non-mated,primary_impostor,na,171,905,13,13,B,85,85,0.264,internvl3,similarity_score,2026-09-05T19:15:17
G_918_13_15954,mated,primary_genuine,na,918,918,13,13,A,85,85,0.264,internvl3,similarity_score,2026-09-05T19:15:17
D_061_55,non-mated,diagnostic_impostor,na,061,061,13,14,B,85,85,0.269,internvl3,similarity_score,2026-09-05T19:15:17
D_200_172,non-mated,diagnostic_impostor,na,200,200,13,14,B,85,85,0.264,internvl3,similarity_score,2026-09-05T19:15:17
G_173_13_11214,mated,primary_genuine,na,173,173,13,13,A,75,75,0.263,internvl3,similarity_score,2026-09-05T19:15:18
D_62_273,non-mated,diagnostic_impostor,na,62,62,13,14,B,60,60,0.264,internvl3,similarity_score,2026-09-05T19:15:18
I_253_281_14,non-mated,primary_impostor,na,253,281,14,14,B,85,85,0.264,internvl3,similarity_score,2026-09-05T19:15:18
G_155_14_10781,mated,primary_genuine,na,155,155,14,14,A,95,95,0.266,internvl3,similarity_score,2026-09-05T19:15:19
G_44_14_14393,mated,primary_genuine,na,44,44,14,14,A,85,85,0.265,internvl3,similarity_score,2026-09-05T19:15:19
G_925_14_16144,mated,primary_genuine,na,925,925,14,14,A,85,85,0.263,internvl3,similarity_score,2026-09-05T19:15:19
G_132_13_10308,mated,primary_genuine,na,132,132,13,13,A,75,75,0.264,internvl3,similarity_score,2026-09-05T19:15:19
G_915_13_15852,mated,primary_genuine,na,915,915,13,13,A,75,75,0.263,internvl3,similarity_score,2026-09-05T19:15:20
I_061_88_14,non-mated,primary_impostor,na,061,88,14,14,B,60,60,0.268,internvl3,similarity_score,2026-09-05T19:15:20
G_100_14_8348,mated,primary_genuine,na,100,100,14,14,A,60,60,0.266,internvl3,similarity_score,2026-09-05T19:15:20
I_060_56_14,non-mated,primary_impostor,na,060,56,14,14,B,85,85,0.268,internvl3,similarity_score,2026-09-05T19:15:20
D_209_178,non-mated,diagnostic_impostor,na,209,209,13,14,B,75,75,0.264,internvl3,similarity_score,2026-09-05T19:15:21
G_069_14_5732,mated,primary_genuine,na,069,069,14,14,A,85,85,0.274,internvl3,similarity_score,2026-09-05T19:15:21
I_011_257_13,non-mated,primary_impostor,na,011,257,13,13,B,85,85,0.268,internvl3,similarity_score,2026-09-05T19:15:21
I_164_220_13,non-mated,primary_impostor,na,164,220,13,13,B,75,75,0.265,internvl3,similarity_score,2026-09-05T19:15:21
G_198_14_11817,mated,primary_genuine,na,198,198,14,14,A,85,85,0.265,internvl3,similarity_score,2026-09-05T19:15:22
G_213_13_12101,mated,primary_genuine,na,213,213,13,13,A,60,60,0.264,internvl3,similarity_score,2026-09-05T19:15:22
G_040_13_3185,mated,primary_genuine,na,040,040,13,13,A,85,85,0.269,internvl3,similarity_score,2026-09-05T19:15:22
G_096_14_7880,mated,primary_genuine,na,096,096,14,14,A,75,75,0.269,internvl3,similarity_score,2026-09-05T19:15:23
I_215_926_13,non-mated,primary_impostor,na,215,926,13,13,B,60,60,0.264,internvl3,similarity_score,2026-09-05T19:15:23
G_177_13_11298,mated,primary_genuine,na,177,177,13,13,A,85,85,0.264,internvl3,similarity_score,2026-09-05T19:15:23
I_263_48_13,non-mated,primary_impostor,na,263,48,13,13,B,75,75,0.265,internvl3,similarity_score,2026-09-05T19:15:23
I_145_148_14,non-mated,primary_impostor,na,145,148,14,14,B,75,75,0.274,internvl3,similarity_score,2026-09-05T19:15:24
G_931_14_16357,mated,primary_genuine,na,931,931,14,14,A,75,75,0.276,internvl3,similarity_score,2026-09-05T19:15:24
I_256_284_13,non-mated,primary_impostor,na,256,284,13,13,B,75,75,0.279,internvl3,similarity_score,2026-09-05T19:15:24
I_35_41_14,non-mated,primary_impostor,na,35,41,14,14,B,60,60,0.279,internvl3,similarity_score,2026-09-05T19:15:24
G_904_13_15485,mated,primary_genuine,na,904,904,13,13,A,75,75,0.276,internvl3,similarity_score,2026-09-05T19:15:25
G_043_14_3378,mated,primary_genuine,na,043,043,14,14,A,85,85,0.286,internvl3,similarity_score,2026-09-05T19:15:25
I_122_935_13,non-mated,primary_impostor,na,122,935,13,13,B,75,75,0.278,internvl3,similarity_score,2026-09-05T19:15:25
G_169_13_11059,mated,primary_genuine,na,169,169,13,13,A,75,75,0.272,internvl3,similarity_score,2026-09-05T19:15:26
G_145_14_10602,mated,primary_genuine,na,145,145,14,14,A,85,85,0.264,internvl3,similarity_score,2026-09-05T19:15:26
G_173_14_11218,mated,primary_genuine,na,173,173,14,14,A,85,85,0.263,internvl3,similarity_score,2026-09-05T19:15:26
I_128_283_14,non-mated,primary_impostor,na,128,283,14,14,B,75,75,0.263,internvl3,similarity_score,2026-09-05T19:15:26
D_084_76,non-mated,diagnostic_impostor,na,084,084,13,14,B,75,75,0.269,internvl3,similarity_score,2026-09-05T19:15:27
D_086_78,non-mated,diagnostic_impostor,na,086,086,13,14,B,85,85,0.27,internvl3,similarity_score,2026-09-05T19:15:27
G_080_13_6508,mated,primary_genuine,na,080,080,13,13,A,85,85,0.27,internvl3,similarity_score,2026-09-05T19:15:27
I_285_96_14,non-mated,primary_impostor,na,285,96,14,14,B,85,85,0.263,internvl3,similarity_score,2026-09-05T19:15:27
G_197_13_11773,mated,primary_genuine,na,197,197,13,13,A,75,75,0.265,internvl3,similarity_score,2026-09-05T19:15:28
D_125_115,non-mated,diagnostic_impostor,na,125,125,13,14,B,60,60,0.264,internvl3,similarity_score,2026-09-05T19:15:28
I_012_112_13,non-mated,primary_impostor,na,012,112,13,13,B,20,20,0.266,internvl3,similarity_score,2026-09-05T19:15:28
I_041_110_13,non-mated,primary_impostor,na,041,110,13,13,B,75,75,0.27,internvl3,similarity_score,2026-09-05T19:15:28
I_209_36_14,non-mated,primary_impostor,na,209,36,14,14,B,75,75,0.264,internvl3,similarity_score,2026-09-05T19:15:29
I_12_180_13,non-mated,primary_impostor,na,12,180,13,13,B,60,60,0.264,internvl3,similarity_score,2026-09-05T19:15:29
G_038_14_3030,mated,primary_genuine,na,038,038,14,14,A,85,85,0.269,internvl3,similarity_score,2026-09-05T19:15:29
G_194_14_11729,mated,primary_genuine,na,194,194,14,14,A,95,95,0.264,internvl3,similarity_score,2026-09-05T19:15:30
G_031_13_2459,mated,primary_genuine,na,031,031,13,13,A,85,85,0.27,internvl3,similarity_score,2026-09-05T19:15:30
G_050_14_4019,mated,primary_genuine,na,050,050,14,14,A,85,85,0.269,internvl3,similarity_score,2026-09-05T19:15:30
G_184_13_11479,mated,primary_genuine,na,184,184,13,13,A,85,85,0.265,internvl3,similarity_score,2026-09-05T19:15:30
D_242_205,non-mated,diagnostic_impostor,na,242,242,13,14,B,75,75,0.263,internvl3,similarity_score,2026-09-05T19:15:31
G_3_14_14245,mated,primary_genuine,na,3,3,14,14,A,85,85,0.265,internvl3,similarity_score,2026-09-05T19:15:31
I_135_938_13,non-mated,primary_impostor,na,135,938,13,13,B,75,75,0.265,internvl3,similarity_score,2026-09-05T19:15:31
D_71_281,non-mated,diagnostic_impostor,na,71,71,13,14,B,75,75,0.263,internvl3,similarity_score,2026-09-05T19:15:31
I_184_931_14,non-mated,primary_impostor,na,184,931,14,14,B,75,75,0.264,internvl3,similarity_score,2026-09-05T19:15:32
I_014_123_14,non-mated,primary_impostor,na,014,123,14,14,B,85,85,0.267,internvl3,similarity_score,2026-09-05T19:15:32
D_143_128,non-mated,diagnostic_impostor,na,143,143,13,14,B,85,85,0.265,internvl3,similarity_score,2026-09-05T19:15:32
G_267_14_13404,mated,primary_genuine,na,267,267,14,14,A,75,75,0.264,internvl3,similarity_score,2026-09-05T19:15:32
G_206_14_11999,mated,primary_genuine,na,206,206,14,14,A,85,85,0.264,internvl3,similarity_score,2026-09-05T19:15:33
I_016_292_14,non-mated,primary_impostor,na,016,292,14,14,B,85,85,0.267,internvl3,similarity_score,2026-09-05T19:15:33
I_083_090_14,non-mated,primary_impostor,na,083,090,14,14,B,85,85,0.27,internvl3,similarity_score,2026-09-05T19:15:33
G_60_14_14819,mated,primary_genuine,na,60,60,14,14,A,85,85,0.264,internvl3,similarity_score,2026-09-05T19:15:34
G_254_13_13089,mated,primary_genuine,na,254,254,13,13,A,75,75,0.266,internvl3,similarity_score,2026-09-05T19:15:34
D_54_266,non-mated,diagnostic_impostor,na,54,54,13,14,B,20,20,0.265,internvl3,similarity_score,2026-09-05T19:15:34
G_135_14_10362,mated,primary_genuine,na,135,135,14,14,A,85,85,0.267,internvl3,similarity_score,2026-09-05T19:15:34
I_253_59_14,non-mated,primary_impostor,na,253,59,14,14,B,75,75,0.264,internvl3,similarity_score,2026-09-05T19:15:35
G_59_14_14792,mated,primary_genuine,na,59,59,14,14,A,85,85,0.263,internvl3,similarity_score,2026-09-05T19:15:35
G_281_13_13637,mated,primary_genuine,na,281,281,13,13,A,85,85,0.264,internvl3,similarity_score,2026-09-05T19:15:35
I_081_171_13,non-mated,primary_impostor,na,081,171,13,13,B,75,75,0.266,internvl3,similarity_score,2026-09-05T19:15:35
D_900_292,non-mated,diagnostic_impostor,na,900,900,13,14,B,75,75,0.263,internvl3,similarity_score,2026-09-05T19:15:36
I_919_935_14,non-mated,primary_impostor,na,919,935,14,14,B,75,75,0.265,internvl3,similarity_score,2026-09-05T19:15:36
G_937_14_16538,mated,primary_genuine,na,937,937,14,14,A,75,75,0.265,internvl3,similarity_score,2026-09-05T19:15:36
I_14_907_13,non-mated,primary_impostor,na,14,907,13,13,B,75,75,0.265,internvl3,similarity_score,2026-09-05T19:15:36
G_085_13_6946,mated,primary_genuine,na,085,085,13,13,A,85,85,0.269,internvl3,similarity_score,2026-09-05T19:15:37
D_196_168,non-mated,diagnostic_impostor,na,196,196,13,14,B,95,95,0.266,internvl3,similarity_score,2026-09-05T19:15:37
G_246_13_12879,mated,primary_genuine,na,246,246,13,13,A,75,75,0.263,internvl3,similarity_score,2026-09-05T19:15:37
I_045_085_13,non-mated,primary_impostor,na,045,085,13,13,B,75,75,0.269,internvl3,similarity_score,2026-09-05T19:15:37
I_025_937_14,non-mated,primary_impostor,na,025,937,14,14,B,75,75,0.266,internvl3,similarity_score,2026-09-05T19:15:38
I_223_94_13,non-mated,primary_impostor,na,223,94,13,13,B,50,50,0.266,internvl3,similarity_score,2026-09-05T19:15:38
D_019_17,non-mated,diagnostic_impostor,na,019,019,13,14,B,85,85,0.27,internvl3,similarity_score,2026-09-05T19:15:38
I_163_223_13,non-mated,primary_impostor,na,163,223,13,13,B,60,60,0.267,internvl3,similarity_score,2026-09-05T19:15:39
D_198_170,non-mated,diagnostic_impostor,na,198,198,13,14,B,85,85,0.264,internvl3,similarity_score,2026-09-05T19:15:39
G_032_14_2606,mated,primary_genuine,na,032,032,14,14,A,85,85,0.269,internvl3,similarity_score,2026-09-05T19:15:39
I_001_925_13,non-mated,primary_impostor,na,001,925,13,13,B,85,85,0.267,internvl3,similarity_score,2026-09-05T19:15:39
I_232_67_14,non-mated,primary_impostor,na,232,67,14,14,B,85,85,0.267,internvl3,similarity_score,2026-09-05T19:15:40
G_43_14_14369,mated,primary_genuine,na,43,43,14,14,A,75,75,0.262,internvl3,similarity_score,2026-09-05T19:15:40
I_11_27_14,non-mated,primary_impostor,na,11,27,14,14,B,85,85,0.263,internvl3,similarity_score,2026-09-05T19:15:40
D_070_64,non-mated,diagnostic_impostor,na,070,070,13,14,B,85,85,0.271,internvl3,similarity_score,2026-09-05T19:15:40
I_066_39_14,non-mated,primary_impostor,na,066,39,14,14,B,85,85,0.267,internvl3,similarity_score,2026-09-05T19:15:41
I_072_110_13,non-mated,primary_impostor,na,072,110,13,13,B,75,75,0.27,internvl3,similarity_score,2026-09-05T19:15:41
G_227_14_12505,mated,primary_genuine,na,227,227,14,14,A,85,85,0.265,internvl3,similarity_score,2026-09-05T19:15:41
G_257_14_13172,mated,primary_genuine,na,257,257,14,14,A,75,75,0.267,internvl3,similarity_score,2026-09-05T19:15:41
G_88_14_15356,mated,primary_genuine,na,88,88,14,14,A,75,75,0.267,internvl3,similarity_score,2026-09-05T19:15:42
I_226_64_14,non-mated,primary_impostor,na,226,64,14,14,B,75,75,0.264,internvl3,similarity_score,2026-09-05T19:15:42
I_022_108_14,non-mated,primary_impostor,na,022,108,14,14,B,85,85,0.27,internvl3,similarity_score,2026-09-05T19:15:42
D_108_98,non-mated,diagnostic_impostor,na,108,108,13,14,B,85,85,0.267,internvl3,similarity_score,2026-09-05T19:15:43
G_078_13_6338,mated,primary_genuine,na,078,078,13,13,A,85,85,0.272,internvl3,similarity_score,2026-09-05T19:15:43
D_207_177,non-mated,diagnostic_impostor,na,207,207,13,14,B,85,85,0.265,internvl3,similarity_score,2026-09-05T19:15:43
G_143_14_10537,mated,primary_genuine,na,143,143,14,14,A,75,75,0.268,internvl3,similarity_score,2026-09-05T19:15:43
I_067_25_13,non-mated,primary_impostor,na,067,25,13,13,B,60,60,0.268,internvl3,similarity_score,2026-09-05T19:15:44
I_071_929_14,non-mated,primary_impostor,na,071,929,14,14,B,85,85,0.267,internvl3,similarity_score,2026-09-05T19:15:44
I_11_258_14,non-mated,primary_impostor,na,11,258,14,14,B,85,85,0.266,internvl3,similarity_score,2026-09-05T19:15:44
I_218_44_14,non-mated,primary_impostor,na,218,44,14,14,B,60,60,0.266,internvl3,similarity_score,2026-09-05T19:15:44
G_152_14_10738,mated,primary_genuine,na,152,152,14,14,A,85,85,0.264,internvl3,similarity_score,2026-09-05T19:15:45
G_39_14_14212,mated,primary_genuine,na,39,39,14,14,A,85,85,0.264,internvl3,similarity_score,2026-09-05T19:15:45
I_142_172_13,non-mated,primary_impostor,na,142,172,13,13,B,75,75,0.266,internvl3,similarity_score,2026-09-05T19:15:45
I_025_919_14,non-mated,primary_impostor,na,025,919,14,14,B,85,85,0.268,internvl3,similarity_score,2026-09-05T19:15:46
D_115_104,non-mated,diagnostic_impostor,na,115,115,13,14,B,75,75,0.266,internvl3,similarity_score,2026-09-05T19:15:46
G_243_13_12818,mated,primary_genuine,na,243,243,13,13,A,85,85,0.267,internvl3,similarity_score,2026-09-05T19:15:46
G_115_13_9822,mated,primary_genuine,na,115,115,13,13,A,85,85,0.266,internvl3,similarity_score,2026-09-05T19:15:46
G_014_14_1126,mated,primary_genuine,na,014,014,14,14,A,85,85,0.27,internvl3,similarity_score,2026-09-05T19:15:47
I_018_183_13,non-mated,primary_impostor,na,018,183,13,13,B,65,65,0.269,internvl3,similarity_score,2026-09-05T19:15:47
I_049_105_14,non-mated,primary_impostor,na,049,105,14,14,B,85,85,0.271,internvl3,similarity_score,2026-09-05T19:15:47
I_097_156_13,non-mated,primary_impostor,na,097,156,13,13,B,60,60,0.266,internvl3,similarity_score,2026-09-05T19:15:47
I_063_21_13,non-mated,primary_impostor,na,063,21,13,13,B,75,75,0.268,internvl3,similarity_score,2026-09-05T19:15:48
G_921_14_16027,mated,primary_genuine,na,921,921,14,14,A,85,85,0.264,internvl3,similarity_score,2026-09-05T19:15:48
I_070_166_14,non-mated,primary_impostor,na,070,166,14,14,B,85,85,0.278,internvl3,similarity_score,2026-09-05T19:15:48
D_170_147,non-mated,diagnostic_impostor,na,170,170,13,14,B,85,85,0.278,internvl3,similarity_score,2026-09-05T19:15:48
G_012_14_952,mated,primary_genuine,na,012,012,14,14,A,85,85,0.288,internvl3,similarity_score,2026-09-05T19:15:49
G_070_13_5796,mated,primary_genuine,na,070,070,13,13,A,85,85,0.286,internvl3,similarity_score,2026-09-05T19:15:49
G_022_13_1844,mated,primary_genuine,na,022,022,13,13,A,75,75,0.284,internvl3,similarity_score,2026-09-05T19:15:49
G_30_13_14015,mated,primary_genuine,na,30,30,13,13,A,85,85,0.279,internvl3,similarity_score,2026-09-05T19:15:50
I_021_225_14,non-mated,primary_impostor,na,021,225,14,14,B,75,75,0.282,internvl3,similarity_score,2026-09-05T19:15:50
D_921_313,non-mated,diagnostic_impostor,na,921,921,13,14,B,85,85,0.268,internvl3,similarity_score,2026-09-05T19:15:50
I_043_919_13,non-mated,primary_impostor,na,043,919,13,13,B,75,75,0.267,internvl3,similarity_score,2026-09-05T19:15:50
I_091_921_13,non-mated,primary_impostor,na,091,921,13,13,B,75,75,0.266,internvl3,similarity_score,2026-09-05T19:15:51
D_112_103,non-mated,diagnostic_impostor,na,112,112,13,14,B,75,75,0.264,internvl3,similarity_score,2026-09-05T19:15:51
D_92_312,non-mated,diagnostic_impostor,na,92,92,13,14,B,85,85,0.264,internvl3,similarity_score,2026-09-05T19:15:51
I_008_156_14,non-mated,primary_impostor,na,008,156,14,14,B,75,75,0.266,internvl3,similarity_score,2026-09-05T19:15:51
I_062_246_14,non-mated,primary_impostor,na,062,246,14,14,B,85,85,0.266,internvl3,similarity_score,2026-09-05T19:15:52
D_203_174,non-mated,diagnostic_impostor,na,203,203,13,14,B,75,75,0.264,internvl3,similarity_score,2026-09-05T19:15:52
I_173_54_14,non-mated,primary_impostor,na,173,54,14,14,B,75,75,0.263,internvl3,similarity_score,2026-09-05T19:15:52
I_155_99_14,non-mated,primary_impostor,na,155,99,14,14,B,75,75,0.263,internvl3,similarity_score,2026-09-05T19:15:53
G_926_13_16151,mated,primary_genuine,na,926,926,13,13,A,75,75,0.266,internvl3,similarity_score,2026-09-05T19:15:53
D_202_173,non-mated,diagnostic_impostor,na,202,202,13,14,B,85,85,0.264,internvl3,similarity_score,2026-09-05T19:15:53
I_052_063_13,non-mated,primary_impostor,na,052,063,13,13,B,75,75,0.269,internvl3,similarity_score,2026-09-05T19:15:53
I_108_111_14,non-mated,primary_impostor,na,108,111,14,14,B,75,75,0.271,internvl3,similarity_score,2026-09-05T19:15:54
I_013_188_14,non-mated,primary_impostor,na,013,188,14,14,B,60,60,0.268,internvl3,similarity_score,2026-09-05T19:15:54
I_25_26_14,non-mated,primary_impostor,na,25,26,14,14,B,75,75,0.263,internvl3,similarity_score,2026-09-05T19:15:54
G_132_14_10331,mated,primary_genuine,na,132,132,14,14,A,85,85,0.265,internvl3,similarity_score,2026-09-05T19:15:54
I_35_46_14,non-mated,primary_impostor,na,35,46,14,14,B,60,60,0.266,internvl3,similarity_score,2026-09-05T19:15:55
G_185_14_11519,mated,primary_genuine,na,185,185,14,14,A,75,75,0.262,internvl3,similarity_score,2026-09-05T19:15:55
G_188_13_11539,mated,primary_genuine,na,188,188,13,13,A,75,75,0.264,internvl3,similarity_score,2026-09-05T19:15:55
G_285_13_13720,mated,primary_genuine,na,285,285,13,13,A,75,75,0.264,internvl3,similarity_score,2026-09-05T19:15:55
I_12_218_13,non-mated,primary_impostor,na,12,218,13,13,B,75,75,0.264,internvl3,similarity_score,2026-09-05T19:15:56
G_082_13_6663,mated,primary_genuine,na,082,082,13,13,A,85,85,0.271,internvl3,similarity_score,2026-09-05T19:15:56
G_914_14_15836,mated,primary_genuine,na,914,914,14,14,A,75,75,0.265,internvl3,similarity_score,2026-09-05T19:15:56
I_035_903_13,non-mated,primary_impostor,na,035,903,13,13,B,85,85,0.267,internvl3,similarity_score,2026-09-05T19:15:57
I_049_090_14,non-mated,primary_impostor,na,049,090,14,14,B,85,85,0.27,internvl3,similarity_score,2026-09-05T19:15:57
I_038_39_13,non-mated,primary_impostor,na,038,39,13,13,B,65,65,0.268,internvl3,similarity_score,2026-09-05T19:15:57
I_091_914_13,non-mated,primary_impostor,na,091,914,13,13,B,75,75,0.266,internvl3,similarity_score,2026-09-05T19:15:57
I_107_156_14,non-mated,primary_impostor,na,107,156,14,14,B,75,75,0.265,internvl3,similarity_score,2026-09-05T19:15:58
I_261_76_13,non-mated,primary_impostor,na,261,76,13,13,B,75,75,0.266,internvl3,similarity_score,2026-09-05T19:15:58
D_197_169,non-mated,diagnostic_impostor,na,197,197,13,14,B,75,75,0.263,internvl3,similarity_score,2026-09-05T19:15:58
G_93_13_16604,mated,primary_genuine,na,93,93,13,13,A,85,85,0.266,internvl3,similarity_score,2026-09-05T19:15:58
D_093_85,non-mated,diagnostic_impostor,na,093,093,13,14,B,85,85,0.27,internvl3,similarity_score,2026-09-05T19:15:59
G_059_13_4810,mated,primary_genuine,na,059,059,13,13,A,85,85,0.27,internvl3,similarity_score,2026-09-05T19:15:59
D_65_276,non-mated,diagnostic_impostor,na,65,65,13,14,B,50,50,0.263,internvl3,similarity_score,2026-09-05T19:15:59
I_900_923_13,non-mated,primary_impostor,na,900,923,13,13,B,85,85,0.264,internvl3,similarity_score,2026-09-05T19:15:59
I_058_063_14,non-mated,primary_impostor,na,058,063,14,14,B,75,75,0.275,internvl3,similarity_score,2026-09-05T19:16:00
I_119_53_14,non-mated,primary_impostor,na,119,53,14,14,B,75,75,0.265,internvl3,similarity_score,2026-09-05T19:16:00
I_293_43_14,non-mated,primary_impostor,na,293,43,14,14,B,75,75,0.263,internvl3,similarity_score,2026-09-05T19:16:00
G_263_14_13348,mated,primary_genuine,na,263,263,14,14,A,85,85,0.264,internvl3,similarity_score,2026-09-05T19:16:01
I_074_084_14,non-mated,primary_impostor,na,074,084,14,14,B,85,85,0.268,internvl3,similarity_score,2026-09-05T19:16:01
I_105_47_13,non-mated,primary_impostor,na,105,47,13,13,B,75,75,0.266,internvl3,similarity_score,2026-09-05T19:16:01
I_284_291_13,non-mated,primary_impostor,na,284,291,13,13,B,75,75,0.264,internvl3,similarity_score,2026-09-05T19:16:01
D_082_74,non-mated,diagnostic_impostor,na,082,082,13,14,B,95,95,0.272,internvl3,similarity_score,2026-09-05T19:16:02
I_164_924_13,non-mated,primary_impostor,na,164,924,13,13,B,50,50,0.263,internvl3,similarity_score,2026-09-05T19:16:02
I_059_223_13,non-mated,primary_impostor,na,059,223,13,13,B,75,75,0.268,internvl3,similarity_score,2026-09-05T19:16:02
I_086_136_13,non-mated,primary_impostor,na,086,136,13,13,B,75,75,0.267,internvl3,similarity_score,2026-09-05T19:16:02
G_35_14_14104,mated,primary_genuine,na,35,35,14,14,A,85,85,0.265,internvl3,similarity_score,2026-09-05T19:16:03
G_266_13_13356,mated,primary_genuine,na,266,266,13,13,A,85,85,0.266,internvl3,similarity_score,2026-09-05T19:16:03
I_064_253_13,non-mated,primary_impostor,na,064,253,13,13,B,85,85,0.268,internvl3,similarity_score,2026-09-05T19:16:03
I_185_48_14,non-mated,primary_impostor,na,185,48,14,14,B,60,60,0.267,internvl3,similarity_score,2026-09-05T19:16:03
I_177_259_13,non-mated,primary_impostor,na,177,259,13,13,B,60,60,0.264,internvl3,similarity_score,2026-09-05T19:16:04
G_225_13_12433,mated,primary_genuine,na,225,225,13,13,A,85,85,0.263,internvl3,similarity_score,2026-09-05T19:16:04
I_006_248_14,non-mated,primary_impostor,na,006,248,14,14,B,85,85,0.268,internvl3,similarity_score,2026-09-05T19:16:04
G_115_14_9833,mated,primary_genuine,na,115,115,14,14,A,85,85,0.265,internvl3,similarity_score,2026-09-05T19:16:05
D_78_285,non-mated,diagnostic_impostor,na,78,78,13,14,B,60,60,0.268,internvl3,similarity_score,2026-09-05T19:16:05
G_118_14_9912,mated,primary_genuine,na,118,118,14,14,A,95,95,0.268,internvl3,similarity_score,2026-09-05T19:16:05
I_49_937_13,non-mated,primary_impostor,na,49,937,13,13,B,85,85,0.263,internvl3,similarity_score,2026-09-05T19:16:05
D_130_119,non-mated,diagnostic_impostor,na,130,130,13,14,B,75,75,0.265,internvl3,similarity_score,2026-09-05T19:16:06
D_081_73,non-mated,diagnostic_impostor,na,081,081,13,14,B,75,75,0.27,internvl3,similarity_score,2026-09-05T19:16:06
G_92_14_16289,mated,primary_genuine,na,92,92,14,14,A,85,85,0.263,internvl3,similarity_score,2026-09-05T19:16:06
G_020_14_1689,mated,primary_genuine,na,020,020,14,14,A,85,85,0.27,internvl3,similarity_score,2026-09-05T19:16:06
G_935_14_16473,mated,primary_genuine,na,935,935,14,14,A,75,75,0.264,internvl3,similarity_score,2026-09-05T19:16:07
G_54_13_14656,mated,primary_genuine,na,54,54,13,13,A,75,75,0.266,internvl3,similarity_score,2026-09-05T19:16:07
D_026_24,non-mated,diagnostic_impostor,na,026,026,13,14,B,85,85,0.271,internvl3,similarity_score,2026-09-05T19:16:07
I_024_207_14,non-mated,primary_impostor,na,024,207,14,14,B,75,75,0.268,internvl3,similarity_score,2026-09-05T19:16:07
I_055_90_14,non-mated,primary_impostor,na,055,90,14,14,B,85,85,0.267,internvl3,similarity_score,2026-09-05T19:16:08
I_129_218_13,non-mated,primary_impostor,na,129,218,13,13,B,75,75,0.267,internvl3,similarity_score,2026-09-05T19:16:08
D_194_167,non-mated,diagnostic_impostor,na,194,194,13,14,B,85,85,0.265,internvl3,similarity_score,2026-09-05T19:16:08
G_149_13_10676,mated,primary_genuine,na,149,149,13,13,A,85,85,0.265,internvl3,similarity_score,2026-09-05T19:16:09
I_059_086_14,non-mated,primary_impostor,na,059,086,14,14,B,2,2,0.256,internvl3,similarity_score,2026-09-05T19:16:09
I_111_903_13,non-mated,primary_impostor,na,111,903,13,13,B,85,85,0.276,internvl3,similarity_score,2026-09-05T19:16:09
I_107_293_14,non-mated,primary_impostor,na,107,293,14,14,B,75,75,0.266,internvl3,similarity_score,2026-09-05T19:16:09
D_266_224,non-mated,diagnostic_impostor,na,266,266,13,14,B,75,75,0.264,internvl3,similarity_score,2026-09-05T19:16:10
D_913_305,non-mated,diagnostic_impostor,na,913,913,13,14,B,75,75,0.264,internvl3,similarity_score,2026-09-05T19:16:10
G_50_13_14568,mated,primary_genuine,na,50,50,13,13,A,85,85,0.266,internvl3,similarity_score,2026-09-05T19:16:10
I_178_93_14,non-mated,primary_impostor,na,178,93,14,14,B,65,65,0.264,internvl3,similarity_score,2026-09-05T19:16:10
I_062_47_13,non-mated,primary_impostor,na,062,47,13,13,B,75,75,0.266,internvl3,similarity_score,2026-09-05T19:16:11
G_089_14_7363,mated,primary_genuine,na,089,089,14,14,A,85,85,0.272,internvl3,similarity_score,2026-09-05T19:16:11
I_056_169_13,non-mated,primary_impostor,na,056,169,13,13,B,85,85,0.268,internvl3,similarity_score,2026-09-05T19:16:11
D_27_227,non-mated,diagnostic_impostor,na,27,27,13,14,B,85,85,0.266,internvl3,similarity_score,2026-09-05T19:16:11
I_157_909_13,non-mated,primary_impostor,na,157,909,13,13,B,75,75,0.264,internvl3,similarity_score,2026-09-05T19:16:12
I_27_50_14,non-mated,primary_impostor,na,27,50,14,14,B,60,60,0.267,internvl3,similarity_score,2026-09-05T19:16:12
G_46_14_14433,mated,primary_genuine,na,46,46,14,14,A,75,75,0.266,internvl3,similarity_score,2026-09-05T19:16:12
G_939_13_16572,mated,primary_genuine,na,939,939,13,13,A,85,85,0.262,internvl3,similarity_score,2026-09-05T19:16:13
I_222_3_13,non-mated,primary_impostor,na,222,3,13,13,B,75,75,0.265,internvl3,similarity_score,2026-09-05T19:16:13
D_223_190,non-mated,diagnostic_impostor,na,223,223,13,14,B,20,20,0.266,internvl3,similarity_score,2026-09-05T19:16:13
G_138_14_10451,mated,primary_genuine,na,138,138,14,14,A,85,85,0.265,internvl3,similarity_score,2026-09-05T19:16:13
G_170_13_11116,mated,primary_genuine,na,170,170,13,13,A,85,85,0.264,internvl3,similarity_score,2026-09-05T19:16:14
D_171_148,non-mated,diagnostic_impostor,na,171,171,13,14,B,85,85,0.267,internvl3,similarity_score,2026-09-05T19:16:14
I_145_192_13,non-mated,primary_impostor,na,145,192,13,13,B,85,85,0.266,internvl3,similarity_score,2026-09-05T19:16:14
G_068_14_5644,mated,primary_genuine,na,068,068,14,14,A,85,85,0.271,internvl3,similarity_score,2026-09-05T19:16:14
G_232_14_12663,mated,primary_genuine,na,232,232,14,14,A,85,85,0.266,internvl3,similarity_score,2026-09-05T19:16:15
D_909_301,non-mated,diagnostic_impostor,na,909,909,13,14,B,75,75,0.265,internvl3,similarity_score,2026-09-05T19:16:15
G_68_14_15064,mated,primary_genuine,na,68,68,14,14,A,85,85,0.263,internvl3,similarity_score,2026-09-05T19:16:15
I_156_904_13,non-mated,primary_impostor,na,156,904,13,13,B,75,75,0.262,internvl3,similarity_score,2026-09-05T19:16:15
I_200_269_14,non-mated,primary_impostor,na,200,269,14,14,B,65,65,0.264,internvl3,similarity_score,2026-09-05T19:16:16
D_288_237,non-mated,diagnostic_impostor,na,288,288,13,14,B,85,85,0.266,internvl3,similarity_score,2026-09-05T19:16:16
D_204_175,non-mated,diagnostic_impostor,na,204,204,13,14,B,75,75,0.264,internvl3,similarity_score,2026-09-05T19:16:16
G_065_14_5397,mated,primary_genuine,na,065,065,14,14,A,85,85,0.27,internvl3,similarity_score,2026-09-05T19:16:17
I_116_46_14,non-mated,primary_impostor,na,116,46,14,14,B,65,65,0.267,internvl3,similarity_score,2026-09-05T19:16:17
D_100_91,non-mated,diagnostic_impostor,na,100,100,13,14,B,75,75,0.267,internvl3,similarity_score,2026-09-05T19:16:17
G_039_13_3079,mated,primary_genuine,na,039,039,13,13,A,85,85,0.269,internvl3,similarity_score,2026-09-05T19:16:17
G_901_14_15419,mated,primary_genuine,na,901,901,14,14,A,75,75,0.263,internvl3,similarity_score,2026-09-05T19:16:18
I_019_177_13,non-mated,primary_impostor,na,019,177,13,13,B,75,75,0.267,internvl3,similarity_score,2026-09-05T19:16:18
I_051_053_14,non-mated,primary_impostor,na,051,053,14,14,B,85,85,0.27,internvl3,similarity_score,2026-09-05T19:16:18
I_903_97_14,non-mated,primary_impostor,na,903,97,14,14,B,75,75,0.263,internvl3,similarity_score,2026-09-05T19:16:18
G_261_14_13315,mated,primary_genuine,na,261,261,14,14,A,75,75,0.263,internvl3,similarity_score,2026-09-05T19:16:19
G_288_14_13773,mated,primary_genuine,na,288,288,14,14,A,85,85,0.266,internvl3,similarity_score,2026-09-05T19:16:19
G_172_14_11202,mated,primary_genuine,na,172,172,14,14,A,85,85,0.265,internvl3,similarity_score,2026-09-05T19:16:19
G_203_13_11916,mated,primary_genuine,na,203,203,13,13,A,85,85,0.263,internvl3,similarity_score,2026-09-05T19:16:19
I_065_077_14,non-mated,primary_impostor,na,065,077,14,14,B,85,85,0.272,internvl3,similarity_score,2026-09-05T19:16:20
D_21_179,non-mated,diagnostic_impostor,na,21,21,13,14,B,75,75,0.266,internvl3,similarity_score,2026-09-05T19:16:20
G_49_14_14511,mated,primary_genuine,na,49,49,14,14,A,85,85,0.265,internvl3,similarity_score,2026-09-05T19:16:20
G_105_14_8786,mated,primary_genuine,na,105,105,14,14,A,95,95,0.27,internvl3,similarity_score,2026-09-05T19:16:21
I_249_924_13,non-mated,primary_impostor,na,249,924,13,13,B,60,60,0.265,internvl3,similarity_score,2026-09-05T19:16:21
G_019_13_1552,mated,primary_genuine,na,019,019,13,13,A,85,85,0.271,internvl3,similarity_score,2026-09-05T19:16:21
I_266_938_14,non-mated,primary_impostor,na,266,938,14,14,B,75,75,0.263,internvl3,similarity_score,2026-09-05T19:16:21
I_039_254_14,non-mated,primary_impostor,na,039,254,14,14,B,75,75,0.268,internvl3,similarity_score,2026-09-05T19:16:22
I_047_124_13,non-mated,primary_impostor,na,047,124,13,13,B,65,65,0.267,internvl3,similarity_score,2026-09-05T19:16:22
D_141_126,non-mated,diagnostic_impostor,na,141,141,13,14,B,75,75,0.266,internvl3,similarity_score,2026-09-05T19:16:22
I_080_22_13,non-mated,primary_impostor,na,080,22,13,13,B,85,85,0.267,internvl3,similarity_score,2026-09-05T19:16:22
G_146_13_10606,mated,primary_genuine,na,146,146,13,13,A,85,85,0.264,internvl3,similarity_score,2026-09-05T19:16:23
I_192_82_13,non-mated,primary_impostor,na,192,82,13,13,B,65,65,0.264,internvl3,similarity_score,2026-09-05T19:16:23
G_047_13_3698,mated,primary_genuine,na,047,047,13,13,A,75,75,0.27,internvl3,similarity_score,2026-09-05T19:16:23
G_237_13_12701,mated,primary_genuine,na,237,237,13,13,A,85,85,0.265,internvl3,similarity_score,2026-09-05T19:16:23
I_056_90_13,non-mated,primary_impostor,na,056,90,13,13,B,75,75,0.266,internvl3,similarity_score,2026-09-05T19:16:24
D_013_11,non-mated,diagnostic_impostor,na,013,013,13,14,B,60,60,0.277,internvl3,similarity_score,2026-09-05T19:16:24
G_253_14_13071,mated,primary_genuine,na,253,253,14,14,A,75,75,0.278,internvl3,similarity_score,2026-09-05T19:16:24
D_216_184,non-mated,diagnostic_impostor,na,216,216,13,14,B,60,60,0.276,internvl3,similarity_score,2026-09-05T19:16:25
G_25_14_13257,mated,primary_genuine,na,25,25,14,14,A,85,85,0.277,internvl3,similarity_score,2026-09-05T19:16:25
I_117_242_14,non-mated,primary_impostor,na,117,242,14,14,B,50,50,0.281,internvl3,similarity_score,2026-09-05T19:16:25
I_122_916_14,non-mated,primary_impostor,na,122,916,14,14,B,85,85,0.28,internvl3,similarity_score,2026-09-05T19:16:25
G_167_14_11044,mated,primary_genuine,na,167,167,14,14,A,85,85,0.28,internvl3,similarity_score,2026-09-05T19:16:26
I_903_926_14,non-mated,primary_impostor,na,903,926,14,14,B,75,75,0.278,internvl3,similarity_score,2026-09-05T19:16:26
G_292_13_13905,mated,primary_genuine,na,292,292,13,13,A,85,85,0.266,internvl3,similarity_score,2026-09-05T19:16:26
D_078_70,non-mated,diagnostic_impostor,na,078,078,13,14,B,75,75,0.271,internvl3,similarity_score,2026-09-05T19:16:26
I_285_59_13,non-mated,primary_impostor,na,285,59,13,13,B,50,50,0.265,internvl3,similarity_score,2026-09-05T19:16:27
I_258_92_14,non-mated,primary_impostor,na,258,92,14,14,B,20,20,0.266,internvl3,similarity_score,2026-09-05T19:16:27
G_093_13_7686,mated,primary_genuine,na,093,093,13,13,A,85,85,0.272,internvl3,similarity_score,2026-09-05T19:16:27
D_289_238,non-mated,diagnostic_impostor,na,289,289,13,14,B,85,85,0.266,internvl3,similarity_score,2026-09-05T19:16:28
G_245_13_12866,mated,primary_genuine,na,245,245,13,13,A,75,75,0.266,internvl3,similarity_score,2026-09-05T19:16:28
G_21_14_12294,mated,primary_genuine,na,21,21,14,14,A,85,85,0.265,internvl3,similarity_score,2026-09-05T19:16:28
G_95_14_16683,mated,primary_genuine,na,95,95,14,14,A,75,75,0.263,internvl3,similarity_score,2026-09-05T19:16:28
D_72_282,non-mated,diagnostic_impostor,na,72,72,13,14,B,75,75,0.264,internvl3,similarity_score,2026-09-05T19:16:29
G_57_13_14711,mated,primary_genuine,na,57,57,13,13,A,85,85,0.264,internvl3,similarity_score,2026-09-05T19:16:29
I_031_59_13,non-mated,primary_impostor,na,031,59,13,13,B,85,85,0.271,internvl3,similarity_score,2026-09-05T19:16:29
I_048_072_14,non-mated,primary_impostor,na,048,072,14,14,B,75,75,0.269,internvl3,similarity_score,2026-09-05T19:16:29
D_007_5,non-mated,diagnostic_impostor,na,007,007,13,14,B,85,85,0.27,internvl3,similarity_score,2026-09-05T19:16:30
I_189_249_14,non-mated,primary_impostor,na,189,249,14,14,B,75,75,0.265,internvl3,similarity_score,2026-09-05T19:16:30
D_069_63,non-mated,diagnostic_impostor,na,069,069,13,14,B,85,85,0.269,internvl3,similarity_score,2026-09-05T19:16:30
G_224_14_12412,mated,primary_genuine,na,224,224,14,14,A,85,85,0.266,internvl3,similarity_score,2026-09-05T19:16:30
D_184_160,non-mated,diagnostic_impostor,na,184,184,13,14,B,75,75,0.264,internvl3,similarity_score,2026-09-05T19:16:31
I_138_204_13,non-mated,primary_impostor,na,138,204,13,13,B,75,75,0.265,internvl3,similarity_score,2026-09-05T19:16:31
I_932_937_13,non-mated,primary_impostor,na,932,937,13,13,B,60,60,0.267,internvl3,similarity_score,2026-09-05T19:16:31
I_088_61_13,non-mated,primary_impostor,na,088,61,13,13,B,60,60,0.267,internvl3,similarity_score,2026-09-05T19:16:32
G_108_14_9115,mated,primary_genuine,na,108,108,14,14,A,75,75,0.267,internvl3,similarity_score,2026-09-05T19:16:32
G_058_14_4767,mated,primary_genuine,na,058,058,14,14,A,85,85,0.271,internvl3,similarity_score,2026-09-05T19:16:32
I_057_082_13,non-mated,primary_impostor,na,057,082,13,13,B,75,75,0.272,internvl3,similarity_score,2026-09-05T19:16:32
I_065_53_14,non-mated,primary_impostor,na,065,53,14,14,B,75,75,0.268,internvl3,similarity_score,2026-09-05T19:16:33
G_217_13_12223,mated,primary_genuine,na,217,217,13,13,A,85,85,0.265,internvl3,similarity_score,2026-09-05T19:16:33
I_146_27_14,non-mated,primary_impostor,na,146,27,14,14,B,75,75,0.265,internvl3,similarity_score,2026-09-05T19:16:33
G_169_14_11081,mated,primary_genuine,na,169,169,14,14,A,85,85,0.264,internvl3,similarity_score,2026-09-05T19:16:33
I_049_279_14,non-mated,primary_impostor,na,049,279,14,14,B,75,75,0.267,internvl3,similarity_score,2026-09-05T19:16:34
D_145_130,non-mated,diagnostic_impostor,na,145,145,13,14,B,75,75,0.262,internvl3,similarity_score,2026-09-05T19:16:34
G_293_13_13930,mated,primary_genuine,na,293,293,13,13,A,75,75,0.262,internvl3,similarity_score,2026-09-05T19:16:34
G_003_14_145,mated,primary_genuine,na,003,003,14,14,A,85,85,0.269,internvl3,similarity_score,2026-09-05T19:16:34
G_269_14_13431,mated,primary_genuine,na,269,269,14,14,A,75,75,0.264,internvl3,similarity_score,2026-09-05T19:16:35
G_252_14_13054,mated,primary_genuine,na,252,252,14,14,A,85,85,0.266,internvl3,similarity_score,2026-09-05T19:16:35
G_183_13_11447,mated,primary_genuine,na,183,183,13,13,A,85,85,0.268,internvl3,similarity_score,2026-09-05T19:16:35
I_226_271_14,non-mated,primary_impostor,na,226,271,14,14,B,75,75,0.263,internvl3,similarity_score,2026-09-05T19:16:36
I_012_908_13,non-mated,primary_impostor,na,012,908,13,13,B,65,65,0.273,internvl3,similarity_score,2026-09-05T19:16:36
G_233_13_12665,mated,primary_genuine,na,233,233,13,13,A,20,20,0.263,internvl3,similarity_score,2026-09-05T19:16:36
G_138_13_10431,mated,primary_genuine,na,138,138,13,13,A,95,95,0.264,internvl3,similarity_score,2026-09-05T19:16:36
D_912_304,non-mated,diagnostic_impostor,na,912,912,13,14,B,75,75,0.263,internvl3,similarity_score,2026-09-05T19:16:37
G_180_13_11355,mated,primary_genuine,na,180,180,13,13,A,60,60,0.27,internvl3,similarity_score,2026-09-05T19:16:37
G_24_13_13009,mated,primary_genuine,na,24,24,13,13,A,85,85,0.264,internvl3,similarity_score,2026-09-05T19:16:37
G_090_13_7401,mated,primary_genuine,na,090,090,13,13,A,65,65,0.27,internvl3,similarity_score,2026-09-05T19:16:37
I_038_102_13,non-mated,primary_impostor,na,038,102,13,13,B,75,75,0.271,internvl3,similarity_score,2026-09-05T19:16:38
I_005_933_13,non-mated,primary_impostor,na,005,933,13,13,B,75,75,0.267,internvl3,similarity_score,2026-09-05T19:16:38
G_71_13_15098,mated,primary_genuine,na,71,71,13,13,A,85,85,0.263,internvl3,similarity_score,2026-09-05T19:16:38
I_284_78_14,non-mated,primary_impostor,na,284,78,14,14,B,75,75,0.264,internvl3,similarity_score,2026-09-05T19:16:38
D_44_258,non-mated,diagnostic_impostor,na,44,44,13,14,B,75,75,0.263,internvl3,similarity_score,2026-09-05T19:16:39
G_222_14_12353,mated,primary_genuine,na,222,222,14,14,A,85,85,0.267,internvl3,similarity_score,2026-09-05T19:16:39
G_917_14_15931,mated,primary_genuine,na,917,917,14,14,A,75,75,0.263,internvl3,similarity_score,2026-09-05T19:16:39
I_159_925_13,non-mated,primary_impostor,na,159,925,13,13,B,75,75,0.264,internvl3,similarity_score,2026-09-05T19:16:40
G_163_14_10955,mated,primary_genuine,na,163,163,14,14,A,85,85,0.263,internvl3,similarity_score,2026-09-05T19:16:40
G_122_14_10048,mated,primary_genuine,na,122,122,14,14,A,85,85,0.264,internvl3,similarity_score,2026-09-05T19:16:40
G_228_14_12540,mated,primary_genuine,na,228,228,14,14,A,85,85,0.265,internvl3,similarity_score,2026-09-05T19:16:40
G_022_14_1882,mated,primary_genuine,na,022,022,14,14,A,85,85,0.269,internvl3,similarity_score,2026-09-05T19:16:41
G_124_14_10110,mated,primary_genuine,na,124,124,14,14,A,75,75,0.264,internvl3,similarity_score,2026-09-05T19:16:41
I_086_76_14,non-mated,primary_impostor,na,086,76,14,14,B,85,85,0.267,internvl3,similarity_score,2026-09-05T19:16:41
I_108_254_13,non-mated,primary_impostor,na,108,254,13,13,B,85,85,0.269,internvl3,similarity_score,2026-09-05T19:16:41
G_056_14_4559,mated,primary_genuine,na,056,056,14,14,A,85,85,0.271,internvl3,similarity_score,2026-09-05T19:16:42
I_085_12_14,non-mated,primary_impostor,na,085,12,14,14,B,75,75,0.268,internvl3,similarity_score,2026-09-05T19:16:42
D_212_180,non-mated,diagnostic_impostor,na,212,212,13,14,B,60,60,0.266,internvl3,similarity_score,2026-09-05T19:16:42
G_145_13_10574,mated,primary_genuine,na,145,145,13,13,A,85,85,0.263,internvl3,similarity_score,2026-09-05T19:16:42
D_199_171,non-mated,diagnostic_impostor,na,199,199,13,14,B,75,75,0.273,internvl3,similarity_score,2026-09-05T19:16:43
G_155_13_10754,mated,primary_genuine,na,155,155,13,13,A,85,85,0.278,internvl3,similarity_score,2026-09-05T19:16:43
D_16_140,non-mated,diagnostic_impostor,na,16,16,13,14,B,75,75,0.279,internvl3,similarity_score,2026-09-05T19:16:43
I_001_213_13,non-mated,primary_impostor,na,001,213,13,13,B,75,75,0.282,internvl3,similarity_score,2026-09-05T19:16:44
G_16_13_11095,mated,primary_genuine,na,16,16,13,13,A,85,85,0.268,internvl3,similarity_score,2026-09-05T19:16:44
I_097_906_14,non-mated,primary_impostor,na,097,906,14,14,B,85,85,0.271,internvl3,similarity_score,2026-09-05T19:16:44
I_034_271_14,non-mated,primary_impostor,na,034,271,14,14,B,85,85,0.268,internvl3,similarity_score,2026-09-05T19:16:44
G_60_13_14797,mated,primary_genuine,na,60,60,13,13,A,75,75,0.265,internvl3,similarity_score,2026-09-05T19:16:45
G_158_13_10848,mated,primary_genuine,na,158,158,13,13,A,85,85,0.274,internvl3,similarity_score,2026-09-05T19:16:45
G_063_13_5135,mated,primary_genuine,na,063,063,13,13,A,75,75,0.269,internvl3,similarity_score,2026-09-05T19:16:45
I_017_098_14,non-mated,primary_impostor,na,017,098,14,14,B,95,95,0.272,internvl3,similarity_score,2026-09-05T19:16:45
I_172_207_13,non-mated,primary_impostor,na,172,207,13,13,B,85,85,0.265,internvl3,similarity_score,2026-09-05T19:16:46
G_256_13_13123,mated,primary_genuine,na,256,256,13,13,A,85,85,0.267,internvl3,similarity_score,2026-09-05T19:16:46
G_038_13_2992,mated,primary_genuine,na,038,038,13,13,A,85,85,0.27,internvl3,similarity_score,2026-09-05T19:16:46
G_054_14_4396,mated,primary_genuine,na,054,054,14,14,A,75,75,0.269,internvl3,similarity_score,2026-09-05T19:16:47
I_097_267_13,non-mated,primary_impostor,na,097,267,13,13,B,85,85,0.269,internvl3,similarity_score,2026-09-05T19:16:47
I_105_122_14,non-mated,primary_impostor,na,105,122,14,14,B,60,60,0.267,internvl3,similarity_score,2026-09-05T19:16:47
I_56_932_13,non-mated,primary_impostor,na,56,932,13,13,B,60,60,0.263,internvl3,similarity_score,2026-09-05T19:16:47
I_050_077_14,non-mated,primary_impostor,na,050,077,14,14,B,75,75,0.269,internvl3,similarity_score,2026-09-05T19:16:48
G_202_13_11893,mated,primary_genuine,na,202,202,13,13,A,85,85,0.265,internvl3,similarity_score,2026-09-05T19:16:48
I_019_225_14,non-mated,primary_impostor,na,019,225,14,14,B,85,85,0.266,internvl3,similarity_score,2026-09-05T19:16:48
I_93_933_14,non-mated,primary_impostor,na,93,933,14,14,B,60,60,0.265,internvl3,similarity_score,2026-09-05T19:16:48
I_254_30_14,non-mated,primary_impostor,na,254,30,14,14,B,65,65,0.266,internvl3,similarity_score,2026-09-05T19:16:49
I_240_261_13,non-mated,primary_impostor,na,240,261,13,13,B,60,60,0.263,internvl3,similarity_score,2026-09-05T19:16:49
D_934_327,non-mated,diagnostic_impostor,na,934,934,13,14,B,85,85,0.265,internvl3,similarity_score,2026-09-05T19:16:49
D_931_324,non-mated,diagnostic_impostor,na,931,931,13,14,B,75,75,0.263,internvl3,similarity_score,2026-09-05T19:16:49
D_021_19,non-mated,diagnostic_impostor,na,021,021,13,14,B,75,75,0.269,internvl3,similarity_score,2026-09-05T19:16:50
I_045_245_14,non-mated,primary_impostor,na,045,245,14,14,B,85,85,0.267,internvl3,similarity_score,2026-09-05T19:16:50
I_292_921_13,non-mated,primary_impostor,na,292,921,13,13,B,60,60,0.264,internvl3,similarity_score,2026-09-05T19:16:50
G_914_13_15826,mated,primary_genuine,na,914,914,13,13,A,60,60,0.264,internvl3,similarity_score,2026-09-05T19:16:51
I_148_28_13,non-mated,primary_impostor,na,148,28,13,13,B,50,50,0.265,internvl3,similarity_score,2026-09-05T19:16:51
D_270_228,non-mated,diagnostic_impostor,na,270,270,13,14,B,75,75,0.263,internvl3,similarity_score,2026-09-05T19:16:51
G_050_13_3988,mated,primary_genuine,na,050,050,13,13,A,85,85,0.27,internvl3,similarity_score,2026-09-05T19:16:51
I_37_99_13,non-mated,primary_impostor,na,37,99,13,13,B,75,75,0.264,internvl3,similarity_score,2026-09-05T19:16:52
I_049_092_14,non-mated,primary_impostor,na,049,092,14,14,B,60,60,0.27,internvl3,similarity_score,2026-09-05T19:16:52
I_229_42_13,non-mated,primary_impostor,na,229,42,13,13,B,75,75,0.265,internvl3,similarity_score,2026-09-05T19:16:52
G_93_14_16621,mated,primary_genuine,na,93,93,14,14,A,85,85,0.264,internvl3,similarity_score,2026-09-05T19:16:52
G_922_13_16039,mated,primary_genuine,na,922,922,13,13,A,85,85,0.263,internvl3,similarity_score,2026-09-05T19:16:53
I_063_067_14,non-mated,primary_impostor,na,063,067,14,14,B,85,85,0.27,internvl3,similarity_score,2026-09-05T19:16:53
I_051_30_13,non-mated,primary_impostor,na,051,30,13,13,B,75,75,0.266,internvl3,similarity_score,2026-09-05T19:16:53
G_214_14_12141,mated,primary_genuine,na,214,214,14,14,A,95,95,0.268,internvl3,similarity_score,2026-09-05T19:16:53
G_88_13_15343,mated,primary_genuine,na,88,88,13,13,A,85,85,0.263,internvl3,similarity_score,2026-09-05T19:16:54
I_12_290_14,non-mated,primary_impostor,na,12,290,14,14,B,20,20,0.266,internvl3,similarity_score,2026-09-05T19:16:54
I_202_260_14,non-mated,primary_impostor,na,202,260,14,14,B,75,75,0.264,internvl3,similarity_score,2026-09-05T19:16:54
I_200_39_14,non-mated,primary_impostor,na,200,39,14,14,B,65,65,0.264,internvl3,similarity_score,2026-09-05T19:16:55
G_026_14_2217,mated,primary_genuine,na,026,026,14,14,A,95,95,0.271,internvl3,similarity_score,2026-09-05T19:16:55
G_25_13_13243,mated,primary_genuine,na,25,25,13,13,A,85,85,0.265,internvl3,similarity_score,2026-09-05T19:16:55
G_066_14_5446,mated,primary_genuine,na,066,066,14,14,A,85,85,0.269,internvl3,similarity_score,2026-09-05T19:16:55
G_29_14_14012,mated,primary_genuine,na,29,29,14,14,A,85,85,0.266,internvl3,similarity_score,2026-09-05T19:16:56
I_008_72_13,non-mated,primary_impostor,na,008,72,13,13,B,75,75,0.268,internvl3,similarity_score,2026-09-05T19:16:56
G_004_14_238,mated,primary_genuine,na,004,004,14,14,A,85,85,0.27,internvl3,similarity_score,2026-09-05T19:16:56
I_259_293_13,non-mated,primary_impostor,na,259,293,13,13,B,75,75,0.263,internvl3,similarity_score,2026-09-05T19:16:56
I_052_934_13,non-mated,primary_impostor,na,052,934,13,13,B,85,85,0.268,internvl3,similarity_score,2026-09-05T19:16:57
G_227_13_12489,mated,primary_genuine,na,227,227,13,13,A,85,85,0.268,internvl3,similarity_score,2026-09-05T19:16:57
D_901_293,non-mated,diagnostic_impostor,na,901,901,13,14,B,85,85,0.264,internvl3,similarity_score,2026-09-05T19:16:57
I_189_206_14,non-mated,primary_impostor,na,189,206,14,14,B,60,60,0.263,internvl3,similarity_score,2026-09-05T19:16:57
I_180_902_14,non-mated,primary_impostor,na,180,902,14,14,B,75,75,0.265,internvl3,similarity_score,2026-09-05T19:16:58
G_102_14_8609,mated,primary_genuine,na,102,102,14,14,A,85,85,0.27,internvl3,similarity_score,2026-09-05T19:16:58
D_928_320,non-mated,diagnostic_impostor,na,928,928,13,14,B,75,75,0.264,internvl3,similarity_score,2026-09-05T19:16:58
D_905_297,non-mated,diagnostic_impostor,na,905,905,13,14,B,85,85,0.263,internvl3,similarity_score,2026-09-05T19:16:59
G_128_14_10205,mated,primary_genuine,na,128,128,14,14,A,85,85,0.263,internvl3,similarity_score,2026-09-05T19:16:59
G_35_13_14084,mated,primary_genuine,na,35,35,13,13,A,85,85,0.266,internvl3,similarity_score,2026-09-05T19:16:59
G_932_14_16378,mated,primary_genuine,na,932,932,14,14,A,85,85,0.265,internvl3,similarity_score,2026-09-05T19:16:59
I_013_158_13,non-mated,primary_impostor,na,013,158,13,13,B,60,60,0.325,internvl3,similarity_score,2026-09-05T19:17:00
G_135_13_10336,mated,primary_genuine,na,135,135,13,13,A,85,85,0.28,internvl3,similarity_score,2026-09-05T19:17:00
G_922_14_16053,mated,primary_genuine,na,922,922,14,14,A,60,60,0.277,internvl3,similarity_score,2026-09-05T19:17:00
G_097_14_7991,mated,primary_genuine,na,097,097,14,14,A,75,75,0.285,internvl3,similarity_score,2026-09-05T19:17:00
G_107_14_8965,mated,primary_genuine,na,107,107,14,14,A,75,75,0.27,internvl3,similarity_score,2026-09-05T19:17:01
D_253_214,non-mated,diagnostic_impostor,na,253,253,13,14,B,85,85,0.266,internvl3,similarity_score,2026-09-05T19:17:01
G_906_13_15558,mated,primary_genuine,na,906,906,13,13,A,85,85,0.265,internvl3,similarity_score,2026-09-05T19:17:01
G_253_13_13056,mated,primary_genuine,na,253,253,13,13,A,85,85,0.264,internvl3,similarity_score,2026-09-05T19:17:02
G_267_13_13396,mated,primary_genuine,na,267,267,13,13,A,75,75,0.265,internvl3,similarity_score,2026-09-05T19:17:02
I_247_66_13,non-mated,primary_impostor,na,247,66,13,13,B,85,85,0.265,internvl3,similarity_score,2026-09-05T19:17:02
G_137_14_10421,mated,primary_genuine,na,137,137,14,14,A,85,85,0.266,internvl3,similarity_score,2026-09-05T19:17:02
D_217_185,non-mated,diagnostic_impostor,na,217,217,13,14,B,75,75,0.266,internvl3,similarity_score,2026-09-05T19:17:03
I_070_169_13,non-mated,primary_impostor,na,070,169,13,13,B,85,85,0.268,internvl3,similarity_score,2026-09-05T19:17:03
G_40_13_14257,mated,primary_genuine,na,40,40,13,13,A,75,75,0.265,internvl3,similarity_score,2026-09-05T19:17:03
G_066_13_5430,mated,primary_genuine,na,066,066,13,13,A,85,85,0.268,internvl3,similarity_score,2026-09-05T19:17:03
G_121_13_10008,mated,primary_genuine,na,121,121,13,13,A,85,85,0.265,internvl3,similarity_score,2026-09-05T19:17:04
D_4_253,non-mated,diagnostic_impostor,na,4,4,13,14,B,85,85,0.267,internvl3,similarity_score,2026-09-05T19:17:04
D_055_49,non-mated,diagnostic_impostor,na,055,055,13,14,B,75,75,0.269,internvl3,similarity_score,2026-09-05T19:17:04
G_27_14_13581,mated,primary_genuine,na,27,27,14,14,A,75,75,0.264,internvl3,similarity_score,2026-09-05T19:17:04
I_180_299_13,non-mated,primary_impostor,na,180,299,13,13,B,85,85,0.264,internvl3,similarity_score,2026-09-05T19:17:05
D_31_247,non-mated,diagnostic_impostor,na,31,31,13,14,B,75,75,0.262,internvl3,similarity_score,2026-09-05T19:17:05
I_181_903_13,non-mated,primary_impostor,na,181,903,13,13,B,75,75,0.267,internvl3,similarity_score,2026-09-05T19:17:05
I_178_936_13,non-mated,primary_impostor,na,178,936,13,13,B,60,60,0.265,internvl3,similarity_score,2026-09-05T19:17:06
G_125_14_10138,mated,primary_genuine,na,125,125,14,14,A,75,75,0.264,internvl3,similarity_score,2026-09-05T19:17:06
I_017_018_13,non-mated,primary_impostor,na,017,018,13,13,B,75,75,0.268,internvl3,similarity_score,2026-09-05T19:17:06
I_173_934_14,non-mated,primary_impostor,na,173,934,14,14,B,85,85,0.263,internvl3,similarity_score,2026-09-05T19:17:06
D_052_46,non-mated,diagnostic_impostor,na,052,052,13,14,B,75,75,0.269,internvl3,similarity_score,2026-09-05T19:17:07
G_116_14_9857,mated,primary_genuine,na,116,116,14,14,A,95,95,0.264,internvl3,similarity_score,2026-09-05T19:17:07
D_67_278,non-mated,diagnostic_impostor,na,67,67,13,14,B,85,85,0.267,internvl3,similarity_score,2026-09-05T19:17:07
G_908_14_15639,mated,primary_genuine,na,908,908,14,14,A,85,85,0.262,internvl3,similarity_score,2026-09-05T19:17:07
I_053_237_14,non-mated,primary_impostor,na,053,237,14,14,B,75,75,0.266,internvl3,similarity_score,2026-09-05T19:17:08
D_003_1,non-mated,diagnostic_impostor,na,003,003,13,14,B,85,85,0.269,internvl3,similarity_score,2026-09-05T19:17:08
G_099_13_8136,mated,primary_genuine,na,099,099,13,13,A,75,75,0.27,internvl3,similarity_score,2026-09-05T19:17:08
I_152_25_14,non-mated,primary_impostor,na,152,25,14,14,B,75,75,0.264,internvl3,similarity_score,2026-09-05T19:17:08
G_11_14_9965,mated,primary_genuine,na,11,11,14,14,A,85,85,0.265,internvl3,similarity_score,2026-09-05T19:17:09
D_222_189,non-mated,diagnostic_impostor,na,222,222,13,14,B,85,85,0.269,internvl3,similarity_score,2026-09-05T19:17:09
I_228_919_14,non-mated,primary_impostor,na,228,919,14,14,B,85,85,0.266,internvl3,similarity_score,2026-09-05T19:17:09
D_050_44,non-mated,diagnostic_impostor,na,050,050,13,14,B,75,75,0.269,internvl3,similarity_score,2026-09-05T19:17:10
I_59_76_13,non-mated,primary_impostor,na,59,76,13,13,B,75,75,0.264,internvl3,similarity_score,2026-09-05T19:17:10
I_118_173_14,non-mated,primary_impostor,na,118,173,14,14,B,75,75,0.264,internvl3,similarity_score,2026-09-05T19:17:10
D_291_241,non-mated,diagnostic_impostor,na,291,291,13,14,B,75,75,0.265,internvl3,similarity_score,2026-09-05T19:17:10
I_008_196_13,non-mated,primary_impostor,na,008,196,13,13,B,75,75,0.266,internvl3,similarity_score,2026-09-05T19:17:11
I_031_100_13,non-mated,primary_impostor,na,031,100,13,13,B,50,50,0.268,internvl3,similarity_score,2026-09-05T19:17:11
D_192_166,non-mated,diagnostic_impostor,na,192,192,13,14,B,85,85,0.263,internvl3,similarity_score,2026-09-05T19:17:11
I_204_53_14,non-mated,primary_impostor,na,204,53,14,14,B,75,75,0.264,internvl3,similarity_score,2026-09-05T19:17:11
D_249_211,non-mated,diagnostic_impostor,na,249,249,13,14,B,75,75,0.263,internvl3,similarity_score,2026-09-05T19:17:12
D_053_47,non-mated,diagnostic_impostor,na,053,053,13,14,B,85,85,0.268,internvl3,similarity_score,2026-09-05T19:17:12
I_144_97_14,non-mated,primary_impostor,na,144,97,14,14,B,75,75,0.264,internvl3,similarity_score,2026-09-05T19:17:12
G_936_14_16508,mated,primary_genuine,na,936,936,14,14,A,85,85,0.263,internvl3,similarity_score,2026-09-05T19:17:12
D_077_69,non-mated,diagnostic_impostor,na,077,077,13,14,B,75,75,0.268,internvl3,similarity_score,2026-09-05T19:17:13
G_259_13_13205,mated,primary_genuine,na,259,259,13,13,A,75,75,0.263,internvl3,similarity_score,2026-09-05T19:17:13
I_055_254_13,non-mated,primary_impostor,na,055,254,13,13,B,85,85,0.267,internvl3,similarity_score,2026-09-05T19:17:13
G_48_13_14474,mated,primary_genuine,na,48,48,13,13,A,85,85,0.266,internvl3,similarity_score,2026-09-05T19:17:13
I_100_167_14,non-mated,primary_impostor,na,100,167,14,14,B,75,75,0.266,internvl3,similarity_score,2026-09-05T19:17:14
I_220_937_13,non-mated,primary_impostor,na,220,937,13,13,B,85,85,0.263,internvl3,similarity_score,2026-09-05T19:17:14
G_288_13_13747,mated,primary_genuine,na,288,288,13,13,A,85,85,0.265,internvl3,similarity_score,2026-09-05T19:17:14
I_041_72_14,non-mated,primary_impostor,na,041,72,14,14,B,75,75,0.266,internvl3,similarity_score,2026-09-05T19:17:15
G_172_13_11173,mated,primary_genuine,na,172,172,13,13,A,95,95,0.265,internvl3,similarity_score,2026-09-05T19:17:15
I_077_109_14,non-mated,primary_impostor,na,077,109,14,14,B,85,85,0.269,internvl3,similarity_score,2026-09-05T19:17:15
I_159_241_14,non-mated,primary_impostor,na,159,241,14,14,B,75,75,0.264,internvl3,similarity_score,2026-09-05T19:17:15
D_925_317,non-mated,diagnostic_impostor,na,925,925,13,14,B,85,85,0.263,internvl3,similarity_score,2026-09-05T19:17:16
G_918_14_15963,mated,primary_genuine,na,918,918,14,14,A,85,85,0.266,internvl3,similarity_score,2026-09-05T19:17:16
G_96_14_16711,mated,primary_genuine,na,96,96,14,14,A,85,85,0.264,internvl3,similarity_score,2026-09-05T19:17:16
I_041_39_14,non-mated,primary_impostor,na,041,39,14,14,B,65,65,0.266,internvl3,similarity_score,2026-09-05T19:17:16
D_927_319,non-mated,diagnostic_impostor,na,927,927,13,14,B,85,85,0.264,internvl3,similarity_score,2026-09-05T19:17:17
D_40_254,non-mated,diagnostic_impostor,na,40,40,13,14,B,75,75,0.264,internvl3,similarity_score,2026-09-05T19:17:17
D_93_322,non-mated,diagnostic_impostor,na,93,93,13,14,B,85,85,0.265,internvl3,similarity_score,2026-09-05T19:17:17
G_64_14_14938,mated,primary_genuine,na,64,64,14,14,A,85,85,0.263,internvl3,similarity_score,2026-09-05T19:17:17
I_148_216_14,non-mated,primary_impostor,na,148,216,14,14,B,85,85,0.264,internvl3,similarity_score,2026-09-05T19:17:18
I_098_56_14,non-mated,primary_impostor,na,098,56,14,14,B,85,85,0.266,internvl3,similarity_score,2026-09-05T19:17:18
G_037_13_2881,mated,primary_genuine,na,037,037,13,13,A,75,75,0.268,internvl3,similarity_score,2026-09-05T19:17:18
D_148_132,non-mated,diagnostic_impostor,na,148,148,13,14,B,85,85,0.265,internvl3,similarity_score,2026-09-05T19:17:19
I_080_939_13,non-mated,primary_impostor,na,080,939,13,13,B,75,75,0.265,internvl3,similarity_score,2026-09-05T19:17:19
D_66_277,non-mated,diagnostic_impostor,na,66,66,13,14,B,85,85,0.271,internvl3,similarity_score,2026-09-05T19:17:19
I_47_926_14,non-mated,primary_impostor,na,47,926,14,14,B,75,75,0.264,internvl3,similarity_score,2026-09-05T19:17:19
G_14_13_10704,mated,primary_genuine,na,14,14,13,13,A,85,85,0.265,internvl3,similarity_score,2026-09-05T19:17:20
I_033_905_13,non-mated,primary_impostor,na,033,905,13,13,B,75,75,0.265,internvl3,similarity_score,2026-09-05T19:17:20
G_931_13_16344,mated,primary_genuine,na,931,931,13,13,A,85,85,0.263,internvl3,similarity_score,2026-09-05T19:17:20
D_30_246,non-mated,diagnostic_impostor,na,30,30,13,14,B,85,85,0.263,internvl3,similarity_score,2026-09-05T19:17:20
I_270_906_13,non-mated,primary_impostor,na,270,906,13,13,B,75,75,0.263,internvl3,similarity_score,2026-09-05T19:17:21
I_092_261_14,non-mated,primary_impostor,na,092,261,14,14,B,85,85,0.266,internvl3,similarity_score,2026-09-05T19:17:21
I_213_260_14,non-mated,primary_impostor,na,213,260,14,14,B,85,85,0.262,internvl3,similarity_score,2026-09-05T19:17:21
D_166_144,non-mated,diagnostic_impostor,na,166,166,13,14,B,85,85,0.266,internvl3,similarity_score,2026-09-05T19:17:21
I_70_914_14,non-mated,primary_impostor,na,70,914,14,14,B,75,75,0.265,internvl3,similarity_score,2026-09-05T19:17:22
I_029_270_14,non-mated,primary_impostor,na,029,270,14,14,B,20,20,0.265,internvl3,similarity_score,2026-09-05T19:17:22
G_61_14_14848,mated,primary_genuine,na,61,61,14,14,A,85,85,0.264,internvl3,similarity_score,2026-09-05T19:17:22
I_074_245_14,non-mated,primary_impostor,na,074,245,14,14,B,75,75,0.265,internvl3,similarity_score,2026-09-05T19:17:23
G_007_13_462,mated,primary_genuine,na,007,007,13,13,A,85,85,0.269,internvl3,similarity_score,2026-09-05T19:17:23
D_035_31,non-mated,diagnostic_impostor,na,035,035,13,14,B,75,75,0.269,internvl3,similarity_score,2026-09-05T19:17:23
I_004_38_13,non-mated,primary_impostor,na,004,38,13,13,B,60,60,0.269,internvl3,similarity_score,2026-09-05T19:17:23
I_247_71_13,non-mated,primary_impostor,na,247,71,13,13,B,75,75,0.274,internvl3,similarity_score,2026-09-05T19:17:24
G_924_13_16092,mated,primary_genuine,na,924,924,13,13,A,60,60,0.276,internvl3,similarity_score,2026-09-05T19:17:24
G_66_14_14982,mated,primary_genuine,na,66,66,14,14,A,85,85,0.28,internvl3,similarity_score,2026-09-05T19:17:24
D_224_191,non-mated,diagnostic_impostor,na,224,224,13,14,B,75,75,0.284,internvl3,similarity_score,2026-09-05T19:17:24
G_292_14_13914,mated,primary_genuine,na,292,292,14,14,A,85,85,0.278,internvl3,similarity_score,2026-09-05T19:17:25
I_58_922_13,non-mated,primary_impostor,na,58,922,13,13,B,75,75,0.279,internvl3,similarity_score,2026-09-05T19:17:25
I_032_30_13,non-mated,primary_impostor,na,032,30,13,13,B,50,50,0.281,internvl3,similarity_score,2026-09-05T19:17:25
I_132_96_13,non-mated,primary_impostor,na,132,96,13,13,B,60,60,0.266,internvl3,similarity_score,2026-09-05T19:17:26
G_924_14_16119,mated,primary_genuine,na,924,924,14,14,A,75,75,0.266,internvl3,similarity_score,2026-09-05T19:17:26
G_130_14_10294,mated,primary_genuine,na,130,130,14,14,A,85,85,0.266,internvl3,similarity_score,2026-09-05T19:17:26
G_062_14_5104,mated,primary_genuine,na,062,062,14,14,A,85,85,0.268,internvl3,similarity_score,2026-09-05T19:17:26
I_224_913_13,non-mated,primary_impostor,na,224,913,13,13,B,75,75,0.265,internvl3,similarity_score,2026-09-05T19:17:27
I_050_96_14,non-mated,primary_impostor,na,050,96,14,14,B,75,75,0.266,internvl3,similarity_score,2026-09-05T19:17:27
G_092_13_7566,mated,primary_genuine,na,092,092,13,13,A,75,75,0.269,internvl3,similarity_score,2026-09-05T19:17:27
D_932_325,non-mated,diagnostic_impostor,na,932,932,13,14,B,85,85,0.266,internvl3,similarity_score,2026-09-05T19:17:27
G_97_13_16725,mated,primary_genuine,na,97,97,13,13,A,75,75,0.262,internvl3,similarity_score,2026-09-05T19:17:28
D_032_28,non-mated,diagnostic_impostor,na,032,032,13,14,B,75,75,0.269,internvl3,similarity_score,2026-09-05T19:17:28
D_156_136,non-mated,diagnostic_impostor,na,156,156,13,14,B,75,75,0.264,internvl3,similarity_score,2026-09-05T19:17:28
I_124_72_13,non-mated,primary_impostor,na,124,72,13,13,B,85,85,0.266,internvl3,similarity_score,2026-09-05T19:17:28
I_183_61_14,non-mated,primary_impostor,na,183,61,14,14,B,50,50,0.266,internvl3,similarity_score,2026-09-05T19:17:29
D_159_139,non-mated,diagnostic_impostor,na,159,159,13,14,B,75,75,0.266,internvl3,similarity_score,2026-09-05T19:17:29
D_127_116,non-mated,diagnostic_impostor,na,127,127,13,14,B,75,75,0.264,internvl3,similarity_score,2026-09-05T19:17:29
I_123_907_13,non-mated,primary_impostor,na,123,907,13,13,B,75,75,0.263,internvl3,similarity_score,2026-09-05T19:17:30
G_75_14_15178,mated,primary_genuine,na,75,75,14,14,A,85,85,0.263,internvl3,similarity_score,2026-09-05T19:17:30
G_032_13_2530,mated,primary_genuine,na,032,032,13,13,A,65,65,0.268,internvl3,similarity_score,2026-09-05T19:17:30
G_001_14_74,mated,primary_genuine,na,001,001,14,14,A,75,75,0.269,internvl3,similarity_score,2026-09-05T19:17:30
G_94_13_16633,mated,primary_genuine,na,94,94,13,13,A,75,75,0.263,internvl3,similarity_score,2026-09-05T19:17:31
G_22_13_12587,mated,primary_genuine,na,22,22,13,13,A,85,85,0.264,internvl3,similarity_score,2026-09-05T19:17:31
I_121_923_14,non-mated,primary_impostor,na,121,923,14,14,B,85,85,0.265,internvl3,similarity_score,2026-09-05T19:17:31
I_087_093_14,non-mated,primary_impostor,na,087,093,14,14,B,65,65,0.27,internvl3,similarity_score,2026-09-05T19:17:31
D_3_245,non-mated,diagnostic_impostor,na,3,3,13,14,B,85,85,0.263,internvl3,similarity_score,2026-09-05T19:17:32
I_119_240_14,non-mated,primary_impostor,na,119,240,14,14,B,75,75,0.265,internvl3,similarity_score,2026-09-05T19:17:32
D_087_79,non-mated,diagnostic_impostor,na,087,087,13,14,B,75,75,0.269,internvl3,similarity_score,2026-09-05T19:17:32
I_063_115_13,non-mated,primary_impostor,na,063,115,13,13,B,75,75,0.268,internvl3,similarity_score,2026-09-05T19:17:32
D_41_255,non-mated,diagnostic_impostor,na,41,41,13,14,B,75,75,0.264,internvl3,similarity_score,2026-09-05T19:17:33
I_026_24_13,non-mated,primary_impostor,na,026,24,13,13,B,85,85,0.267,internvl3,similarity_score,2026-09-05T19:17:33
D_58_269,non-mated,diagnostic_impostor,na,58,58,13,14,B,75,75,0.263,internvl3,similarity_score,2026-09-05T19:17:33
I_253_270_13,non-mated,primary_impostor,na,253,270,13,13,B,75,75,0.264,internvl3,similarity_score,2026-09-05T19:17:34
D_023_21,non-mated,diagnostic_impostor,na,023,023,13,14,B,85,85,0.269,internvl3,similarity_score,2026-09-05T19:17:34
I_057_231_14,non-mated,primary_impostor,na,057,231,14,14,B,85,85,0.268,internvl3,similarity_score,2026-09-05T19:17:34
I_062_288_13,non-mated,primary_impostor,na,062,288,13,13,B,75,75,0.269,internvl3,similarity_score,2026-09-05T19:17:34
D_039_34,non-mated,diagnostic_impostor,na,039,039,13,14,B,85,85,0.27,internvl3,similarity_score,2026-09-05T19:17:35
D_51_264,non-mated,diagnostic_impostor,na,51,51,13,14,B,60,60,0.268,internvl3,similarity_score,2026-09-05T19:17:35
G_204_13_11952,mated,primary_genuine,na,204,204,13,13,A,85,85,0.264,internvl3,similarity_score,2026-09-05T19:17:35
I_259_289_14,non-mated,primary_impostor,na,259,289,14,14,B,75,75,0.266,internvl3,similarity_score,2026-09-05T19:17:35
I_020_75_13,non-mated,primary_impostor,na,020,75,13,13,B,75,75,0.271,internvl3,similarity_score,2026-09-05T19:17:36
G_077_14_6294,mated,primary_genuine,na,077,077,14,14,A,85,85,0.273,internvl3,similarity_score,2026-09-05T19:17:36
G_146_14_10629,mated,primary_genuine,na,146,146,14,14,A,75,75,0.267,internvl3,similarity_score,2026-09-05T19:17:36
I_53_97_13,non-mated,primary_impostor,na,53,97,13,13,B,65,65,0.267,internvl3,similarity_score,2026-09-05T19:17:36
G_29_13_13997,mated,primary_genuine,na,29,29,13,13,A,75,75,0.266,internvl3,similarity_score,2026-09-05T19:17:37
G_075_14_6167,mated,primary_genuine,na,075,075,14,14,A,85,85,0.271,internvl3,similarity_score,2026-09-05T19:17:37
I_034_27_13,non-mated,primary_impostor,na,034,27,13,13,B,75,75,0.268,internvl3,similarity_score,2026-09-05T19:17:37
D_169_146,non-mated,diagnostic_impostor,na,169,169,13,14,B,75,75,0.265,internvl3,similarity_score,2026-09-05T19:17:38
G_074_13_6044,mated,primary_genuine,na,074,074,13,13,A,85,85,0.269,internvl3,similarity_score,2026-09-05T19:17:38
D_175_152,non-mated,diagnostic_impostor,na,175,175,13,14,B,75,75,0.265,internvl3,similarity_score,2026-09-05T19:17:38
I_164_907_13,non-mated,primary_impostor,na,164,907,13,13,B,50,50,0.263,internvl3,similarity_score,2026-09-05T19:17:38
I_257_913_13,non-mated,primary_impostor,na,257,913,13,13,B,75,75,0.264,internvl3,similarity_score,2026-09-05T19:17:39
G_015_13_1201,mated,primary_genuine,na,015,015,13,13,A,75,75,0.27,internvl3,similarity_score,2026-09-05T19:17:39
D_044_38,non-mated,diagnostic_impostor,na,044,044,13,14,B,75,75,0.27,internvl3,similarity_score,2026-09-05T19:17:39
D_237_201,non-mated,diagnostic_impostor,na,237,237,13,14,B,85,85,0.264,internvl3,similarity_score,2026-09-05T19:17:39
D_058_52,non-mated,diagnostic_impostor,na,058,058,13,14,B,85,85,0.27,internvl3,similarity_score,2026-09-05T19:17:40
G_207_14_12022,mated,primary_genuine,na,207,207,14,14,A,85,85,0.266,internvl3,similarity_score,2026-09-05T19:17:40
I_117_917_14,non-mated,primary_impostor,na,117,917,14,14,B,75,75,0.264,internvl3,similarity_score,2026-09-05T19:17:40
G_107_13_8901,mated,primary_genuine,na,107,107,13,13,A,75,75,0.269,internvl3,similarity_score,2026-09-05T19:17:40
G_923_14_16082,mated,primary_genuine,na,923,923,14,14,A,85,85,0.265,internvl3,similarity_score,2026-09-05T19:17:41
D_137_123,non-mated,diagnostic_impostor,na,137,137,13,14,B,75,75,0.266,internvl3,similarity_score,2026-09-05T19:17:41
G_158_14_10870,mated,primary_genuine,na,158,158,14,14,A,85,85,0.264,internvl3,similarity_score,2026-09-05T19:17:41
D_206_176,non-mated,diagnostic_impostor,na,206,206,13,14,B,60,60,0.264,internvl3,similarity_score,2026-09-05T19:17:42
I_034_094_14,non-mated,primary_impostor,na,034,094,14,14,B,85,85,0.27,internvl3,similarity_score,2026-09-05T19:17:42
I_207_209_14,non-mated,primary_impostor,na,207,209,14,14,B,85,85,0.266,internvl3,similarity_score,2026-09-05T19:17:42
I_083_213_14,non-mated,primary_impostor,na,083,213,14,14,B,75,75,0.266,internvl3,similarity_score,2026-09-05T19:17:42
D_83_288,non-mated,diagnostic_impostor,na,83,83,13,14,B,85,85,0.266,internvl3,similarity_score,2026-09-05T19:17:43
I_121_30_14,non-mated,primary_impostor,na,121,30,14,14,B,75,75,0.265,internvl3,similarity_score,2026-09-05T19:17:43
I_121_99_14,non-mated,primary_impostor,na,121,99,14,14,B,75,75,0.265,internvl3,similarity_score,2026-09-05T19:17:43
I_135_199_14,non-mated,primary_impostor,na,135,199,14,14,B,85,85,0.264,internvl3,similarity_score,2026-09-05T19:17:43
G_94_14_16646,mated,primary_genuine,na,94,94,14,14,A,85,85,0.263,internvl3,similarity_score,2026-09-05T19:17:44
I_038_75_13,non-mated,primary_impostor,na,038,75,13,13,B,60,60,0.269,internvl3,similarity_score,2026-09-05T19:17:44
G_54_14_14669,mated,primary_genuine,na,54,54,14,14,A,50,50,0.264,internvl3,similarity_score,2026-09-05T19:17:44
G_071_13_5893,mated,primary_genuine,na,071,071,13,13,A,95,95,0.269,internvl3,similarity_score,2026-09-05T19:17:44
G_230_14_12604,mated,primary_genuine,na,230,230,14,14,A,85,85,0.263,internvl3,similarity_score,2026-09-05T19:17:45
I_183_31_13,non-mated,primary_impostor,na,183,31,13,13,B,60,60,0.265,internvl3,similarity_score,2026-09-05T19:17:45
I_252_918_14,non-mated,primary_impostor,na,252,918,14,14,B,75,75,0.263,internvl3,similarity_score,2026-09-05T19:17:45
G_048_13_3781,mated,primary_genuine,na,048,048,13,13,A,85,85,0.27,internvl3,similarity_score,2026-09-05T19:17:46
G_215_13_12153,mated,primary_genuine,na,215,215,13,13,A,75,75,0.263,internvl3,similarity_score,2026-09-05T19:17:46
D_122_112,non-mated,diagnostic_impostor,na,122,122,13,14,B,75,75,0.263,internvl3,similarity_score,2026-09-05T19:17:46
I_164_904_14,non-mated,primary_impostor,na,164,904,14,14,B,85,85,0.274,internvl3,similarity_score,2026-09-05T19:17:46
I_182_230_14,non-mated,primary_impostor,na,182,230,14,14,B,75,75,0.264,internvl3,similarity_score,2026-09-05T19:17:47
G_231_13_12619,mated,primary_genuine,na,231,231,13,13,A,85,85,0.264,internvl3,similarity_score,2026-09-05T19:17:47
G_060_13_4905,mated,primary_genuine,na,060,060,13,13,A,85,85,0.269,internvl3,similarity_score,2026-09-05T19:17:47
I_214_938_14,non-mated,primary_impostor,na,214,938,14,14,B,85,85,0.264,internvl3,similarity_score,2026-09-05T19:17:47
G_119_13_9927,mated,primary_genuine,na,119,119,13,13,A,85,85,0.264,internvl3,similarity_score,2026-09-05T19:17:48
I_106_70_14,non-mated,primary_impostor,na,106,70,14,14,B,85,85,0.268,internvl3,similarity_score,2026-09-05T19:17:48
G_097_13_7948,mated,primary_genuine,na,097,097,13,13,A,75,75,0.269,internvl3,similarity_score,2026-09-05T19:17:48
G_907_14_15608,mated,primary_genuine,na,907,907,14,14,A,75,75,0.269,internvl3,similarity_score,2026-09-05T19:17:48
G_117_13_9880,mated,primary_genuine,na,117,117,13,13,A,75,75,0.275,internvl3,similarity_score,2026-09-05T19:17:49
I_069_96_14,non-mated,primary_impostor,na,069,96,14,14,B,75,75,0.281,internvl3,similarity_score,2026-09-05T19:17:49
G_157_13_10816,mated,primary_genuine,na,157,157,13,13,A,85,85,0.281,internvl3,similarity_score,2026-09-05T19:17:49
G_098_13_8043,mated,primary_genuine,na,098,098,13,13,A,85,85,0.284,internvl3,similarity_score,2026-09-05T19:17:50
G_116_13_9847,mated,primary_genuine,na,116,116,13,13,A,85,85,0.282,internvl3,similarity_score,2026-09-05T19:17:50
I_293_72_14,non-mated,primary_impostor,na,293,72,14,14,B,85,85,0.278,internvl3,similarity_score,2026-09-05T19:17:50
I_101_46_13,non-mated,primary_impostor,na,101,46,13,13,B,85,85,0.276,internvl3,similarity_score,2026-09-05T19:17:50
I_069_092_14,non-mated,primary_impostor,na,069,092,14,14,B,50,50,0.27,internvl3,similarity_score,2026-09-05T19:17:51
D_135_121,non-mated,diagnostic_impostor,na,135,135,13,14,B,85,85,0.265,internvl3,similarity_score,2026-09-05T19:17:51
I_074_171_14,non-mated,primary_impostor,na,074,171,14,14,B,75,75,0.267,internvl3,similarity_score,2026-09-05T19:17:51
I_181_232_14,non-mated,primary_impostor,na,181,232,14,14,B,20,20,0.266,internvl3,similarity_score,2026-09-05T19:17:51
I_117_68_14,non-mated,primary_impostor,na,117,68,14,14,B,60,60,0.262,internvl3,similarity_score,2026-09-05T19:17:52
G_99_14_16774,mated,primary_genuine,na,99,99,14,14,A,75,75,0.264,internvl3,similarity_score,2026-09-05T19:17:52
I_213_94_13,non-mated,primary_impostor,na,213,94,13,13,B,75,75,0.263,internvl3,similarity_score,2026-09-05T19:17:52
D_189_163,non-mated,diagnostic_impostor,na,189,189,13,14,B,60,60,0.263,internvl3,similarity_score,2026-09-05T19:17:53
G_123_14_10085,mated,primary_genuine,na,123,123,14,14,A,85,85,0.265,internvl3,similarity_score,2026-09-05T19:17:53
I_097_35_14,non-mated,primary_impostor,na,097,35,14,14,B,85,85,0.268,internvl3,similarity_score,2026-09-05T19:17:53
D_25_212,non-mated,diagnostic_impostor,na,25,25,13,14,B,75,75,0.264,internvl3,similarity_score,2026-09-05T19:17:53
D_229_196,non-mated,diagnostic_impostor,na,229,229,13,14,B,85,85,0.266,internvl3,similarity_score,2026-09-05T19:17:54
D_164_143,non-mated,diagnostic_impostor,na,164,164,13,14,B,85,85,0.266,internvl3,similarity_score,2026-09-05T19:17:54
I_16_900_14,non-mated,primary_impostor,na,16,900,14,14,B,85,85,0.263,internvl3,similarity_score,2026-09-05T19:17:54
G_068_13_5609,mated,primary_genuine,na,068,068,13,13,A,85,85,0.27,internvl3,similarity_score,2026-09-05T19:17:54
D_42_256,non-mated,diagnostic_impostor,na,42,42,13,14,B,85,85,0.263,internvl3,similarity_score,2026-09-05T19:17:55
I_137_96_14,non-mated,primary_impostor,na,137,96,14,14,B,75,75,0.264,internvl3,similarity_score,2026-09-05T19:17:55
G_291_14_13885,mated,primary_genuine,na,291,291,14,14,A,75,75,0.264,internvl3,similarity_score,2026-09-05T19:17:55
G_926_14_16168,mated,primary_genuine,na,926,926,14,14,A,85,85,0.264,internvl3,similarity_score,2026-09-05T19:17:55
G_067_13_5501,mated,primary_genuine,na,067,067,13,13,A,95,95,0.27,internvl3,similarity_score,2026-09-05T19:17:56
G_004_13_199,mated,primary_genuine,na,004,004,13,13,A,75,75,0.269,internvl3,similarity_score,2026-09-05T19:17:56
G_190_13_11626,mated,primary_genuine,na,190,190,13,13,A,75,75,0.263,internvl3,similarity_score,2026-09-05T19:17:56
G_157_14_10836,mated,primary_genuine,na,157,157,14,14,A,85,85,0.264,internvl3,similarity_score,2026-09-05T19:17:57
I_109_123_14,non-mated,primary_impostor,na,109,123,14,14,B,60,60,0.266,internvl3,similarity_score,2026-09-05T19:17:57
I_068_081_13,non-mated,primary_impostor,na,068,081,13,13,B,60,60,0.271,internvl3,similarity_score,2026-09-05T19:17:57
G_911_13_15734,mated,primary_genuine,na,911,911,13,13,A,75,75,0.262,internvl3,similarity_score,2026-09-05T19:17:57
G_31_13_14056,mated,primary_genuine,na,31,31,13,13,A,75,75,0.262,internvl3,similarity_score,2026-09-05T19:17:58
I_146_931_13,non-mated,primary_impostor,na,146,931,13,13,B,75,75,0.263,internvl3,similarity_score,2026-09-05T19:17:58
G_180_14_11376,mated,primary_genuine,na,180,180,14,14,A,85,85,0.265,internvl3,similarity_score,2026-09-05T19:17:58
I_125_167_14,non-mated,primary_impostor,na,125,167,14,14,B,75,75,0.263,internvl3,similarity_score,2026-09-05T19:17:58
G_044_13_3440,mated,primary_genuine,na,044,044,13,13,A,75,75,0.272,internvl3,similarity_score,2026-09-05T19:17:59
I_079_191_14,non-mated,primary_impostor,na,079,191,14,14,B,85,85,0.267,internvl3,similarity_score,2026-09-05T19:17:59
D_924_316,non-mated,diagnostic_impostor,na,924,924,13,14,B,75,75,0.264,internvl3,similarity_score,2026-09-05T19:17:59
G_065_13_5333,mated,primary_genuine,na,065,065,13,13,A,85,85,0.27,internvl3,similarity_score,2026-09-05T19:17:59
I_008_39_14,non-mated,primary_impostor,na,008,39,14,14,B,75,75,0.267,internvl3,similarity_score,2026-09-05T19:18:00
G_280_13_13595,mated,primary_genuine,na,280,280,13,13,A,85,85,0.263,internvl3,similarity_score,2026-09-05T19:18:00
G_3_13_14237,mated,primary_genuine,na,3,3,13,13,A,85,85,0.264,internvl3,similarity_score,2026-09-05T19:18:00
