source_record,pair_id,id_status,stored,derived,parse_status,raw_sha256
1,D_43210_63,exact,65,65.0,explicit_score,108c995b953c8a35561103e2014cf828eb654a99e310f87fab94c2f4b7d2a04f
2,G_58398_left_1287,exact,0,0.0,explicit_score,5feceb66ffc86f38d952786c6d696c79c2dbc239dd4e91b46729d73a27fb57e9
3,G_56583_left_842,exact,0,0.0,explicit_score,5feceb66ffc86f38d952786c6d696c79c2dbc239dd4e91b46729d73a27fb57e9
4,I_14493_83742_left_s,exact,95,95.0,explicit_score,ad48ff99415b2f007dc35b7eb553fd1eb35ebfa2f2f308acd9488eeb86f71fa8
5,I_57145_65052_left_x,exact,65,65.0,explicit_score,108c995b953c8a35561103e2014cf828eb654a99e310f87fab94c2f4b7d2a04f
6,I_56583_93812_left_s,exact,65,65.0,explicit_score,108c995b953c8a35561103e2014cf828eb654a99e310f87fab94c2f4b7d2a04f
7,I_24101_57145_left_s,exact,65,65.0,explicit_score,108c995b953c8a35561103e2014cf828eb654a99e310f87fab94c2f4b7d2a04f
8,G_83742_left_2229,exact,65,65.0,explicit_score,108c995b953c8a35561103e2014cf828eb654a99e310f87fab94c2f4b7d2a04f
9,G_57833_left_1183,exact,95,95.0,explicit_score,ad48ff99415b2f007dc35b7eb553fd1eb35ebfa2f2f308acd9488eeb86f71fa8
10,G_69658_left_1866,exact,65,65.0,explicit_score,108c995b953c8a35561103e2014cf828eb654a99e310f87fab94c2f4b7d2a04f
11,I_24101_57145_left_x,exact,65,65.0,explicit_score,108c995b953c8a35561103e2014cf828eb654a99e310f87fab94c2f4b7d2a04f
12,G_24101_right_301,exact,65,65.0,explicit_score,108c995b953c8a35561103e2014cf828eb654a99e310f87fab94c2f4b7d2a04f
13,D_56583_99,exact,65,65.0,explicit_score,108c995b953c8a35561103e2014cf828eb654a99e310f87fab94c2f4b7d2a04f
14,G_63029_left_1482,exact,65,65.0,explicit_score,108c995b953c8a35561103e2014cf828eb654a99e310f87fab94c2f4b7d2a04f
15,I_24101_87757_right_x,exact,65,65.0,explicit_score,108c995b953c8a35561103e2014cf828eb654a99e310f87fab94c2f4b7d2a04f
16,G_89171_left_2506,exact,65,65.0,explicit_score,108c995b953c8a35561103e2014cf828eb654a99e310f87fab94c2f4b7d2a04f
17,G_43210_left_580,exact,65,65.0,explicit_score,108c995b953c8a35561103e2014cf828eb654a99e310f87fab94c2f4b7d2a04f
18,I_44595_47904_left_s,exact,65,65.0,explicit_score,108c995b953c8a35561103e2014cf828eb654a99e310f87fab94c2f4b7d2a04f
19,G_44595_left_742,exact,0,0.0,explicit_score,5feceb66ffc86f38d952786c6d696c79c2dbc239dd4e91b46729d73a27fb57e9
20,I_89171_96608_right_s,exact,85,85.0,explicit_score,b4944c6ff08dc6f43da2e9c824669b7d927dd1fa976fadc7b456881f51bf5ccc
21,G_65030_left_1658,exact,65,65.0,explicit_score,108c995b953c8a35561103e2014cf828eb654a99e310f87fab94c2f4b7d2a04f
22,I_65030_65052_left_x,exact,65,65.0,explicit_score,108c995b953c8a35561103e2014cf828eb654a99e310f87fab94c2f4b7d2a04f
23,I_20294_47904_right_x,exact,65,65.0,explicit_score,108c995b953c8a35561103e2014cf828eb654a99e310f87fab94c2f4b7d2a04f
24,G_20294_right_224,exact,85,85.0,explicit_score,b4944c6ff08dc6f43da2e9c824669b7d927dd1fa976fadc7b456881f51bf5ccc
25,I_47904_58793_left_s,exact,65,65.0,explicit_score,108c995b953c8a35561103e2014cf828eb654a99e310f87fab94c2f4b7d2a04f
26,D_44595_73,exact,65,65.0,explicit_score,108c995b953c8a35561103e2014cf828eb654a99e310f87fab94c2f4b7d2a04f
27,I_56583_96608_right_x,exact,65,65.0,explicit_score,108c995b953c8a35561103e2014cf828eb654a99e310f87fab94c2f4b7d2a04f
28,D_14493_8,exact,65,65.0,explicit_score,108c995b953c8a35561103e2014cf828eb654a99e310f87fab94c2f4b7d2a04f
29,D_47904_92,exact,65,65.0,explicit_score,108c995b953c8a35561103e2014cf828eb654a99e310f87fab94c2f4b7d2a04f
30,I_32467_43210_right_s,exact,85,85.0,explicit_score,b4944c6ff08dc6f43da2e9c824669b7d927dd1fa976fadc7b456881f51bf5ccc
31,G_74850_right_2037,exact,65,65.0,explicit_score,108c995b953c8a35561103e2014cf828eb654a99e310f87fab94c2f4b7d2a04f
32,I_32467_65030_right_x,exact,65,65.0,explicit_score,108c995b953c8a35561103e2014cf828eb654a99e310f87fab94c2f4b7d2a04f
33,G_20294_left_134,exact,65,65.0,explicit_score,108c995b953c8a35561103e2014cf828eb654a99e310f87fab94c2f4b7d2a04f
34,G_47904_right_832,exact,65,65.0,explicit_score,108c995b953c8a35561103e2014cf828eb654a99e310f87fab94c2f4b7d2a04f
35,I_57145_89171_right_x,exact,65,65.0,explicit_score,108c995b953c8a35561103e2014cf828eb654a99e310f87fab94c2f4b7d2a04f
36,G_76957_left_2098,exact,85,85.0,explicit_score,b4944c6ff08dc6f43da2e9c824669b7d927dd1fa976fadc7b456881f51bf5ccc
37,I_14493_20294_right_x,exact,65,65.0,explicit_score,108c995b953c8a35561103e2014cf828eb654a99e310f87fab94c2f4b7d2a04f
38,D_76957_225,exact,65,65.0,explicit_score,108c995b953c8a35561103e2014cf828eb654a99e310f87fab94c2f4b7d2a04f
39,G_76957_left_2119,exact,85,85.0,explicit_score,b4944c6ff08dc6f43da2e9c824669b7d927dd1fa976fadc7b456881f51bf5ccc
40,D_69658_194,exact,65,65.0,explicit_score,108c995b953c8a35561103e2014cf828eb654a99e310f87fab94c2f4b7d2a04f
41,G_32467_right_505,exact,85,85.0,explicit_score,b4944c6ff08dc6f43da2e9c824669b7d927dd1fa976fadc7b456881f51bf5ccc
42,I_47904_58793_right_s,exact,85,85.0,explicit_score,b4944c6ff08dc6f43da2e9c824669b7d927dd1fa976fadc7b456881f51bf5ccc
43,G_74850_right_2026,exact,65,65.0,explicit_score,108c995b953c8a35561103e2014cf828eb654a99e310f87fab94c2f4b7d2a04f
44,D_89171_262,exact,65,65.0,explicit_score,108c995b953c8a35561103e2014cf828eb654a99e310f87fab94c2f4b7d2a04f
45,I_57833_89171_left_x,exact,65,65.0,explicit_score,108c995b953c8a35561103e2014cf828eb654a99e310f87fab94c2f4b7d2a04f
46,I_74850_83742_left_s,exact,65,65.0,explicit_score,108c995b953c8a35561103e2014cf828eb654a99e310f87fab94c2f4b7d2a04f
47,I_57833_69658_right_x,exact,65,65.0,explicit_score,108c995b953c8a35561103e2014cf828eb654a99e310f87fab94c2f4b7d2a04f
48,G_74850_left_1998,exact,95,95.0,explicit_score,ad48ff99415b2f007dc35b7eb553fd1eb35ebfa2f2f308acd9488eeb86f71fa8
49,D_83742_228,exact,65,65.0,explicit_score,108c995b953c8a35561103e2014cf828eb654a99e310f87fab94c2f4b7d2a04f
50,I_43210_56583_left_x,exact,65,65.0,explicit_score,108c995b953c8a35561103e2014cf828eb654a99e310f87fab94c2f4b7d2a04f
51,G_43210_right_633,exact,65,65.0,explicit_score,108c995b953c8a35561103e2014cf828eb654a99e310f87fab94c2f4b7d2a04f
52,I_58793_65030_left_s,exact,85,85.0,explicit_score,b4944c6ff08dc6f43da2e9c824669b7d927dd1fa976fadc7b456881f51bf5ccc
53,I_57145_76957_left_s,exact,85,85.0,explicit_score,b4944c6ff08dc6f43da2e9c824669b7d927dd1fa976fadc7b456881f51bf5ccc
54,I_14493_65030_left_x,exact,65,65.0,explicit_score,108c995b953c8a35561103e2014cf828eb654a99e310f87fab94c2f4b7d2a04f
55,G_65030_right_1681,exact,65,65.0,explicit_score,108c995b953c8a35561103e2014cf828eb654a99e310f87fab94c2f4b7d2a04f
56,D_58398_142,exact,65,65.0,explicit_score,108c995b953c8a35561103e2014cf828eb654a99e310f87fab94c2f4b7d2a04f
57,G_57833_right_1228,exact,65,65.0,explicit_score,108c995b953c8a35561103e2014cf828eb654a99e310f87fab94c2f4b7d2a04f
58,I_43210_74850_left_s,exact,65,65.0,explicit_score,108c995b953c8a35561103e2014cf828eb654a99e310f87fab94c2f4b7d2a04f
59,D_14493_9,exact,65,65.0,explicit_score,108c995b953c8a35561103e2014cf828eb654a99e310f87fab94c2f4b7d2a04f
60,I_43210_83742_right_s,exact,85,85.0,explicit_score,b4944c6ff08dc6f43da2e9c824669b7d927dd1fa976fadc7b456881f51bf5ccc
61,G_96608_left_2728,exact,65,65.0,explicit_score,108c995b953c8a35561103e2014cf828eb654a99e310f87fab94c2f4b7d2a04f
62,I_57833_96608_left_x,exact,65,65.0,explicit_score,108c995b953c8a35561103e2014cf828eb654a99e310f87fab94c2f4b7d2a04f
63,I_47904_63029_right_x,exact,65,65.0,explicit_score,108c995b953c8a35561103e2014cf828eb654a99e310f87fab94c2f4b7d2a04f
64,I_65052_93812_right_x,exact,65,65.0,explicit_score,108c995b953c8a35561103e2014cf828eb654a99e310f87fab94c2f4b7d2a04f
65,I_44595_99775_left_s,exact,65,65.0,explicit_score,108c995b953c8a35561103e2014cf828eb654a99e310f87fab94c2f4b7d2a04f
66,I_24101_32467_left_x,exact,65,65.0,explicit_score,108c995b953c8a35561103e2014cf828eb654a99e310f87fab94c2f4b7d2a04f
67,G_27295_right_407,exact,65,65.0,explicit_score,108c995b953c8a35561103e2014cf828eb654a99e310f87fab94c2f4b7d2a04f
68,I_65052_83742_left_x,exact,0,0.0,explicit_score,5feceb66ffc86f38d952786c6d696c79c2dbc239dd4e91b46729d73a27fb57e9
69,I_58398_76957_left_x,exact,65,65.0,explicit_score,108c995b953c8a35561103e2014cf828eb654a99e310f87fab94c2f4b7d2a04f
70,G_76957_left_2097,exact,65,65.0,explicit_score,108c995b953c8a35561103e2014cf828eb654a99e310f87fab94c2f4b7d2a04f
71,I_58793_65052_left_s,exact,65,65.0,explicit_score,108c995b953c8a35561103e2014cf828eb654a99e310f87fab94c2f4b7d2a04f
72,G_27295_left_311,exact,65,65.0,explicit_score,108c995b953c8a35561103e2014cf828eb654a99e310f87fab94c2f4b7d2a04f
73,I_14493_57145_right_x,exact,65,65.0,explicit_score,108c995b953c8a35561103e2014cf828eb654a99e310f87fab94c2f4b7d2a04f
74,G_87757_right_2459,exact,65,65.0,explicit_score,108c995b953c8a35561103e2014cf828eb654a99e310f87fab94c2f4b7d2a04f
75,D_93812_272,exact,65,65.0,explicit_score,108c995b953c8a35561103e2014cf828eb654a99e310f87fab94c2f4b7d2a04f
76,G_63029_left_1497,exact,65,65.0,explicit_score,108c995b953c8a35561103e2014cf828eb654a99e310f87fab94c2f4b7d2a04f
77,G_69658_right_1931,exact,65,65.0,explicit_score,108c995b953c8a35561103e2014cf828eb654a99e310f87fab94c2f4b7d2a04f
78,I_87757_99775_left_s,exact,65,65.0,explicit_score,108c995b953c8a35561103e2014cf828eb654a99e310f87fab94c2f4b7d2a04f
79,I_93812_99775_right_s,exact,65,65.0,explicit_score,108c995b953c8a35561103e2014cf828eb654a99e310f87fab94c2f4b7d2a04f
80,I_43210_47904_right_x,exact,65,65.0,explicit_score,108c995b953c8a35561103e2014cf828eb654a99e310f87fab94c2f4b7d2a04f
81,G_58398_left_1293,exact,65,65.0,explicit_score,108c995b953c8a35561103e2014cf828eb654a99e310f87fab94c2f4b7d2a04f
82,I_14493_57145_left_x,exact,65,65.0,explicit_score,108c995b953c8a35561103e2014cf828eb654a99e310f87fab94c2f4b7d2a04f
83,G_57145_right_1072,exact,85,85.0,explicit_score,b4944c6ff08dc6f43da2e9c824669b7d927dd1fa976fadc7b456881f51bf5ccc
84,I_63029_96608_right_s,exact,65,65.0,explicit_score,108c995b953c8a35561103e2014cf828eb654a99e310f87fab94c2f4b7d2a04f
85,I_58398_69658_left_x,exact,65,65.0,explicit_score,108c995b953c8a35561103e2014cf828eb654a99e310f87fab94c2f4b7d2a04f
86,G_57145_right_1080,exact,65,65.0,explicit_score,108c995b953c8a35561103e2014cf828eb654a99e310f87fab94c2f4b7d2a04f
87,I_58793_65030_left_x,exact,65,65.0,explicit_score,108c995b953c8a35561103e2014cf828eb654a99e310f87fab94c2f4b7d2a04f
88,I_57833_89171_right_x,exact,65,65.0,explicit_score,108c995b953c8a35561103e2014cf828eb654a99e310f87fab94c2f4b7d2a04f
89,I_14493_32467_left_x,exact,65,65.0,explicit_score,108c995b953c8a35561103e2014cf828eb654a99e310f87fab94c2f4b7d2a04f
90,I_44595_58398_left_s,exact,65,65.0,explicit_score,108c995b953c8a35561103e2014cf828eb654a99e310f87fab94c2f4b7d2a04f
91,G_14493_left_18,exact,65,65.0,explicit_score,108c995b953c8a35561103e2014cf828eb654a99e310f87fab94c2f4b7d2a04f
92,G_99775_right_2898,exact,85,85.0,explicit_score,b4944c6ff08dc6f43da2e9c824669b7d927dd1fa976fadc7b456881f51bf5ccc
93,I_27295_58398_right_x,exact,65,65.0,explicit_score,108c995b953c8a35561103e2014cf828eb654a99e310f87fab94c2f4b7d2a04f
94,I_32467_57145_right_x,exact,65,65.0,explicit_score,108c995b953c8a35561103e2014cf828eb654a99e310f87fab94c2f4b7d2a04f
95,G_20294_right_240,exact,65,65.0,explicit_score,108c995b953c8a35561103e2014cf828eb654a99e310f87fab94c2f4b7d2a04f
96,I_27295_93812_right_x,exact,65,65.0,explicit_score,108c995b953c8a35561103e2014cf828eb654a99e310f87fab94c2f4b7d2a04f
97,D_69658_195,exact,65,65.0,explicit_score,108c995b953c8a35561103e2014cf828eb654a99e310f87fab94c2f4b7d2a04f
98,I_14493_89171_right_s,exact,85,85.0,explicit_score,b4944c6ff08dc6f43da2e9c824669b7d927dd1fa976fadc7b456881f51bf5ccc
99,D_69658_199,exact,65,65.0,explicit_score,108c995b953c8a35561103e2014cf828eb654a99e310f87fab94c2f4b7d2a04f
100,I_47904_58398_left_x,exact,65,65.0,explicit_score,108c995b953c8a35561103e2014cf828eb654a99e310f87fab94c2f4b7d2a04f
101,I_65052_69658_left_x,exact,65,65.0,explicit_score,108c995b953c8a35561103e2014cf828eb654a99e310f87fab94c2f4b7d2a04f
102,D_58398_133,exact,65,65.0,explicit_score,108c995b953c8a35561103e2014cf828eb654a99e310f87fab94c2f4b7d2a04f
103,I_14493_24101_right_s,exact,65,65.0,explicit_score,108c995b953c8a35561103e2014cf828eb654a99e310f87fab94c2f4b7d2a04f
104,G_56583_left_888,exact,65,65.0,explicit_score,108c995b953c8a35561103e2014cf828eb654a99e310f87fab94c2f4b7d2a04f
105,I_83742_87757_left_x,exact,65,65.0,explicit_score,108c995b953c8a35561103e2014cf828eb654a99e310f87fab94c2f4b7d2a04f
106,D_47904_90,exact,65,65.0,explicit_score,108c995b953c8a35561103e2014cf828eb654a99e310f87fab94c2f4b7d2a04f
107,I_69658_76957_left_s,exact,85,85.0,explicit_score,b4944c6ff08dc6f43da2e9c824669b7d927dd1fa976fadc7b456881f51bf5ccc
108,G_24101_left_296,exact,100,100.0,explicit_score,ad57366865126e55649ecb23ae1d48887544976efea46a48eb5d85a6eeb4d306
109,I_20294_32467_right_x,exact,65,65.0,explicit_score,108c995b953c8a35561103e2014cf828eb654a99e310f87fab94c2f4b7d2a04f
110,D_63029_160,exact,65,65.0,explicit_score,108c995b953c8a35561103e2014cf828eb654a99e310f87fab94c2f4b7d2a04f
111,I_57145_57833_left_x,exact,65,65.0,explicit_score,108c995b953c8a35561103e2014cf828eb654a99e310f87fab94c2f4b7d2a04f
112,G_96608_left_2701,exact,85,85.0,explicit_score,b4944c6ff08dc6f43da2e9c824669b7d927dd1fa976fadc7b456881f51bf5ccc
113,I_14493_32467_right_s,exact,65,65.0,explicit_score,108c995b953c8a35561103e2014cf828eb654a99e310f87fab94c2f4b7d2a04f
114,G_69658_right_1939,exact,65,65.0,explicit_score,108c995b953c8a35561103e2014cf828eb654a99e310f87fab94c2f4b7d2a04f
115,I_58793_63029_right_s,exact,65,65.0,explicit_score,108c995b953c8a35561103e2014cf828eb654a99e310f87fab94c2f4b7d2a04f
116,I_44595_96608_right_x,exact,65,65.0,explicit_score,108c995b953c8a35561103e2014cf828eb654a99e310f87fab94c2f4b7d2a04f
117,I_44595_87757_left_s,exact,65,65.0,explicit_score,108c995b953c8a35561103e2014cf828eb654a99e310f87fab94c2f4b7d2a04f
118,D_87757_240,exact,65,65.0,explicit_score,108c995b953c8a35561103e2014cf828eb654a99e310f87fab94c2f4b7d2a04f
119,G_20294_left_195,exact,65,65.0,explicit_score,108c995b953c8a35561103e2014cf828eb654a99e310f87fab94c2f4b7d2a04f
120,G_27295_left_309,exact,65,65.0,explicit_score,108c995b953c8a35561103e2014cf828eb654a99e310f87fab94c2f4b7d2a04f
121,D_24101_32,exact,65,65.0,explicit_score,108c995b953c8a35561103e2014cf828eb654a99e310f87fab94c2f4b7d2a04f
122,G_76957_right_2160,exact,65,65.0,explicit_score,108c995b953c8a35561103e2014cf828eb654a99e310f87fab94c2f4b7d2a04f
123,G_14493_left_57,exact,85,85.0,explicit_score,b4944c6ff08dc6f43da2e9c824669b7d927dd1fa976fadc7b456881f51bf5ccc
124,I_43210_56583_right_x,exact,65,65.0,explicit_score,108c995b953c8a35561103e2014cf828eb654a99e310f87fab94c2f4b7d2a04f
125,I_65052_76957_right_s,exact,65,65.0,explicit_score,108c995b953c8a35561103e2014cf828eb654a99e310f87fab94c2f4b7d2a04f
126,I_57833_58398_left_x,exact,65,65.0,explicit_score,108c995b953c8a35561103e2014cf828eb654a99e310f87fab94c2f4b7d2a04f
127,G_83742_left_2253,exact,65,65.0,explicit_score,108c995b953c8a35561103e2014cf828eb654a99e310f87fab94c2f4b7d2a04f
128,D_20294_20,exact,65,65.0,explicit_score,108c995b953c8a35561103e2014cf828eb654a99e310f87fab94c2f4b7d2a04f
129,I_89171_99775_right_x,exact,65,65.0,explicit_score,108c995b953c8a35561103e2014cf828eb654a99e310f87fab94c2f4b7d2a04f
130,D_89171_258,exact,65,65.0,explicit_score,108c995b953c8a35561103e2014cf828eb654a99e310f87fab94c2f4b7d2a04f
131,I_47904_58793_right_x,exact,65,65.0,explicit_score,108c995b953c8a35561103e2014cf828eb654a99e310f87fab94c2f4b7d2a04f
132,I_47904_63029_left_s,exact,85,85.0,explicit_score,b4944c6ff08dc6f43da2e9c824669b7d927dd1fa976fadc7b456881f51bf5ccc
133,I_63029_93812_right_x,exact,65,65.0,explicit_score,108c995b953c8a35561103e2014cf828eb654a99e310f87fab94c2f4b7d2a04f
134,G_58398_right_1356,exact,65,65.0,explicit_score,108c995b953c8a35561103e2014cf828eb654a99e310f87fab94c2f4b7d2a04f
135,G_93812_left_2619,exact,85,85.0,explicit_score,b4944c6ff08dc6f43da2e9c824669b7d927dd1fa976fadc7b456881f51bf5ccc
136,G_57833_left_1150,exact,65,65.0,explicit_score,108c995b953c8a35561103e2014cf828eb654a99e310f87fab94c2f4b7d2a04f
137,G_57833_left_1152,exact,65,65.0,explicit_score,108c995b953c8a35561103e2014cf828eb654a99e310f87fab94c2f4b7d2a04f
138,I_47904_69658_left_x,exact,65,65.0,explicit_score,108c995b953c8a35561103e2014cf828eb654a99e310f87fab94c2f4b7d2a04f
139,G_47904_right_834,exact,95,95.0,explicit_score,ad48ff99415b2f007dc35b7eb553fd1eb35ebfa2f2f308acd9488eeb86f71fa8
140,G_58398_right_1352,exact,65,65.0,explicit_score,108c995b953c8a35561103e2014cf828eb654a99e310f87fab94c2f4b7d2a04f
141,G_14493_right_114,exact,65,65.0,explicit_score,108c995b953c8a35561103e2014cf828eb654a99e310f87fab94c2f4b7d2a04f
142,G_65030_right_1685,exact,65,65.0,explicit_score,108c995b953c8a35561103e2014cf828eb654a99e310f87fab94c2f4b7d2a04f
143,I_65052_96608_left_x,exact,65,65.0,explicit_score,108c995b953c8a35561103e2014cf828eb654a99e310f87fab94c2f4b7d2a04f
144,I_43210_57833_right_x,exact,65,65.0,explicit_score,108c995b953c8a35561103e2014cf828eb654a99e310f87fab94c2f4b7d2a04f
145,G_93812_left_2587,exact,65,65.0,explicit_score,108c995b953c8a35561103e2014cf828eb654a99e310f87fab94c2f4b7d2a04f
146,G_14493_right_89,exact,85,85.0,explicit_score,b4944c6ff08dc6f43da2e9c824669b7d927dd1fa976fadc7b456881f51bf5ccc
147,G_99775_right_2920,exact,65,65.0,explicit_score,108c995b953c8a35561103e2014cf828eb654a99e310f87fab94c2f4b7d2a04f
148,G_87757_left_2372,exact,65,65.0,explicit_score,108c995b953c8a35561103e2014cf828eb654a99e310f87fab94c2f4b7d2a04f
149,I_44595_58793_left_x,exact,65,65.0,explicit_score,108c995b953c8a35561103e2014cf828eb654a99e310f87fab94c2f4b7d2a04f
150,I_20294_58398_left_s,exact,65,65.0,explicit_score,108c995b953c8a35561103e2014cf828eb654a99e310f87fab94c2f4b7d2a04f
151,G_65030_right_1699,exact,65,65.0,explicit_score,108c995b953c8a35561103e2014cf828eb654a99e310f87fab94c2f4b7d2a04f
152,G_87757_right_2442,exact,65,65.0,explicit_score,108c995b953c8a35561103e2014cf828eb654a99e310f87fab94c2f4b7d2a04f
153,I_93812_96608_left_s,exact,65,65.0,explicit_score,108c995b953c8a35561103e2014cf828eb654a99e310f87fab94c2f4b7d2a04f
154,G_69658_left_1873,exact,65,65.0,explicit_score,108c995b953c8a35561103e2014cf828eb654a99e310f87fab94c2f4b7d2a04f
155,G_76957_left_2114,exact,65,65.0,explicit_score,108c995b953c8a35561103e2014cf828eb654a99e310f87fab94c2f4b7d2a04f
156,G_65030_right_1705,exact,65,65.0,explicit_score,108c995b953c8a35561103e2014cf828eb654a99e310f87fab94c2f4b7d2a04f
157,G_96608_left_2741,exact,65,65.0,explicit_score,108c995b953c8a35561103e2014cf828eb654a99e310f87fab94c2f4b7d2a04f
158,G_20294_left_137,exact,65,65.0,explicit_score,108c995b953c8a35561103e2014cf828eb654a99e310f87fab94c2f4b7d2a04f
159,I_32467_57145_left_x,exact,65,65.0,explicit_score,108c995b953c8a35561103e2014cf828eb654a99e310f87fab94c2f4b7d2a04f
160,G_65030_left_1671,exact,95,95.0,explicit_score,ad48ff99415b2f007dc35b7eb553fd1eb35ebfa2f2f308acd9488eeb86f71fa8
161,G_65052_left_1738,exact,65,65.0,explicit_score,108c995b953c8a35561103e2014cf828eb654a99e310f87fab94c2f4b7d2a04f
162,D_76957_223,exact,65,65.0,explicit_score,108c995b953c8a35561103e2014cf828eb654a99e310f87fab94c2f4b7d2a04f
163,G_63029_right_1584,exact,65,65.0,explicit_score,108c995b953c8a35561103e2014cf828eb654a99e310f87fab94c2f4b7d2a04f
164,I_43210_83742_left_s,exact,65,65.0,explicit_score,108c995b953c8a35561103e2014cf828eb654a99e310f87fab94c2f4b7d2a04f
165,G_27295_left_355,exact,65,65.0,explicit_score,108c995b953c8a35561103e2014cf828eb654a99e310f87fab94c2f4b7d2a04f
166,G_83742_left_2224,exact,65,65.0,explicit_score,108c995b953c8a35561103e2014cf828eb654a99e310f87fab94c2f4b7d2a04f
167,I_58398_58793_left_s,exact,65,65.0,explicit_score,108c995b953c8a35561103e2014cf828eb654a99e310f87fab94c2f4b7d2a04f
168,I_57145_63029_left_x,exact,65,65.0,explicit_score,108c995b953c8a35561103e2014cf828eb654a99e310f87fab94c2f4b7d2a04f
169,G_57833_right_1237,exact,65,65.0,explicit_score,108c995b953c8a35561103e2014cf828eb654a99e310f87fab94c2f4b7d2a04f
170,I_57833_96608_left_s,exact,65,65.0,explicit_score,108c995b953c8a35561103e2014cf828eb654a99e310f87fab94c2f4b7d2a04f
171,D_99775_293,exact,65,65.0,explicit_score,108c995b953c8a35561103e2014cf828eb654a99e310f87fab94c2f4b7d2a04f
172,G_43210_left_600,exact,65,65.0,explicit_score,108c995b953c8a35561103e2014cf828eb654a99e310f87fab94c2f4b7d2a04f
173,I_44595_74850_left_s,exact,65,65.0,explicit_score,108c995b953c8a35561103e2014cf828eb654a99e310f87fab94c2f4b7d2a04f
174,G_56583_right_894,exact,65,65.0,explicit_score,108c995b953c8a35561103e2014cf828eb654a99e310f87fab94c2f4b7d2a04f
175,I_43210_93812_left_x,exact,65,65.0,explicit_score,108c995b953c8a35561103e2014cf828eb654a99e310f87fab94c2f4b7d2a04f
176,G_87757_right_2434,exact,85,85.0,explicit_score,b4944c6ff08dc6f43da2e9c824669b7d927dd1fa976fadc7b456881f51bf5ccc
177,G_87757_left_2379,exact,65,65.0,explicit_score,108c995b953c8a35561103e2014cf828eb654a99e310f87fab94c2f4b7d2a04f
178,I_24101_83742_left_s,exact,65,65.0,explicit_score,108c995b953c8a35561103e2014cf828eb654a99e310f87fab94c2f4b7d2a04f
179,D_63029_163,exact,65,65.0,explicit_score,108c995b953c8a35561103e2014cf828eb654a99e310f87fab94c2f4b7d2a04f
180,I_27295_76957_left_s,exact,65,65.0,explicit_score,108c995b953c8a35561103e2014cf828eb654a99e310f87fab94c2f4b7d2a04f
181,D_58793_153,exact,65,65.0,explicit_score,108c995b953c8a35561103e2014cf828eb654a99e310f87fab94c2f4b7d2a04f
182,G_93812_left_2637,exact,65,65.0,explicit_score,108c995b953c8a35561103e2014cf828eb654a99e310f87fab94c2f4b7d2a04f
183,D_65052_180,exact,65,65.0,explicit_score,108c995b953c8a35561103e2014cf828eb654a99e310f87fab94c2f4b7d2a04f
184,I_24101_56583_left_s,exact,65,65.0,explicit_score,108c995b953c8a35561103e2014cf828eb654a99e310f87fab94c2f4b7d2a04f
185,G_24101_left_292,exact,65,65.0,explicit_score,108c995b953c8a35561103e2014cf828eb654a99e310f87fab94c2f4b7d2a04f
186,I_58793_93812_right_x,exact,65,65.0,explicit_score,108c995b953c8a35561103e2014cf828eb654a99e310f87fab94c2f4b7d2a04f
187,I_57145_76957_left_x,exact,65,65.0,explicit_score,108c995b953c8a35561103e2014cf828eb654a99e310f87fab94c2f4b7d2a04f
188,I_65052_83742_right_s,exact,65,65.0,explicit_score,108c995b953c8a35561103e2014cf828eb654a99e310f87fab94c2f4b7d2a04f
189,D_20294_18,exact,65,65.0,explicit_score,108c995b953c8a35561103e2014cf828eb654a99e310f87fab94c2f4b7d2a04f
190,D_58793_150,exact,65,65.0,explicit_score,108c995b953c8a35561103e2014cf828eb654a99e310f87fab94c2f4b7d2a04f
191,G_63029_left_1517,exact,65,65.0,explicit_score,108c995b953c8a35561103e2014cf828eb654a99e310f87fab94c2f4b7d2a04f
192,I_65030_87757_left_x,exact,65,65.0,explicit_score,108c995b953c8a35561103e2014cf828eb654a99e310f87fab94c2f4b7d2a04f
193,I_20294_57833_left_x,exact,65,65.0,explicit_score,108c995b953c8a35561103e2014cf828eb654a99e310f87fab94c2f4b7d2a04f
194,I_65030_74850_right_x,exact,65,65.0,explicit_score,108c995b953c8a35561103e2014cf828eb654a99e310f87fab94c2f4b7d2a04f
195,D_57145_108,exact,65,65.0,explicit_score,108c995b953c8a35561103e2014cf828eb654a99e310f87fab94c2f4b7d2a04f
196,G_65030_left_1676,exact,65,65.0,explicit_score,108c995b953c8a35561103e2014cf828eb654a99e310f87fab94c2f4b7d2a04f
197,D_93812_269,exact,65,65.0,explicit_score,108c995b953c8a35561103e2014cf828eb654a99e310f87fab94c2f4b7d2a04f
198,I_74850_83742_right_x,exact,65,65.0,explicit_score,108c995b953c8a35561103e2014cf828eb654a99e310f87fab94c2f4b7d2a04f
199,G_93812_left_2625,exact,65,65.0,explicit_score,108c995b953c8a35561103e2014cf828eb654a99e310f87fab94c2f4b7d2a04f
200,I_20294_56583_left_x,exact,65,65.0,explicit_score,108c995b953c8a35561103e2014cf828eb654a99e310f87fab94c2f4b7d2a04f
201,I_87757_89171_left_s,exact,65,65.0,explicit_score,108c995b953c8a35561103e2014cf828eb654a99e310f87fab94c2f4b7d2a04f
202,D_56583_104,exact,65,65.0,explicit_score,108c995b953c8a35561103e2014cf828eb654a99e310f87fab94c2f4b7d2a04f
203,I_44595_76957_left_s,exact,65,65.0,explicit_score,108c995b953c8a35561103e2014cf828eb654a99e310f87fab94c2f4b7d2a04f
204,I_63029_93812_right_s,exact,65,65.0,explicit_score,108c995b953c8a35561103e2014cf828eb654a99e310f87fab94c2f4b7d2a04f
205,I_47904_63029_right_s,exact,65,65.0,explicit_score,108c995b953c8a35561103e2014cf828eb654a99e310f87fab94c2f4b7d2a04f
206,I_56583_87757_left_x,exact,65,65.0,explicit_score,108c995b953c8a35561103e2014cf828eb654a99e310f87fab94c2f4b7d2a04f
207,G_76957_right_2173,exact,65,65.0,explicit_score,108c995b953c8a35561103e2014cf828eb654a99e310f87fab94c2f4b7d2a04f
208,G_87757_right_2424,exact,65,65.0,explicit_score,108c995b953c8a35561103e2014cf828eb654a99e310f87fab94c2f4b7d2a04f
209,D_65052_187,exact,65,65.0,explicit_score,108c995b953c8a35561103e2014cf828eb654a99e310f87fab94c2f4b7d2a04f
210,D_47904_94,exact,65,65.0,explicit_score,108c995b953c8a35561103e2014cf828eb654a99e310f87fab94c2f4b7d2a04f
211,D_87757_248,exact,65,65.0,explicit_score,108c995b953c8a35561103e2014cf828eb654a99e310f87fab94c2f4b7d2a04f
212,I_27295_44595_left_x,exact,65,65.0,explicit_score,108c995b953c8a35561103e2014cf828eb654a99e310f87fab94c2f4b7d2a04f
213,I_58398_76957_right_s,exact,65,65.0,explicit_score,108c995b953c8a35561103e2014cf828eb654a99e310f87fab94c2f4b7d2a04f
214,G_99775_left_2887,exact,65,65.0,explicit_score,108c995b953c8a35561103e2014cf828eb654a99e310f87fab94c2f4b7d2a04f
215,D_27295_47,exact,65,65.0,explicit_score,108c995b953c8a35561103e2014cf828eb654a99e310f87fab94c2f4b7d2a04f
216,I_74850_87757_left_s,exact,65,65.0,explicit_score,108c995b953c8a35561103e2014cf828eb654a99e310f87fab94c2f4b7d2a04f
217,G_24101_left_297,exact,95,95.0,explicit_score,ad48ff99415b2f007dc35b7eb553fd1eb35ebfa2f2f308acd9488eeb86f71fa8
218,D_65052_185,exact,65,65.0,explicit_score,108c995b953c8a35561103e2014cf828eb654a99e310f87fab94c2f4b7d2a04f
219,D_69658_198,exact,65,65.0,explicit_score,108c995b953c8a35561103e2014cf828eb654a99e310f87fab94c2f4b7d2a04f
220,D_63029_162,exact,65,65.0,explicit_score,108c995b953c8a35561103e2014cf828eb654a99e310f87fab94c2f4b7d2a04f
221,D_27295_46,exact,65,65.0,explicit_score,108c995b953c8a35561103e2014cf828eb654a99e310f87fab94c2f4b7d2a04f
222,I_56583_58793_right_x,exact,65,65.0,explicit_score,108c995b953c8a35561103e2014cf828eb654a99e310f87fab94c2f4b7d2a04f
223,D_63029_159,exact,65,65.0,explicit_score,108c995b953c8a35561103e2014cf828eb654a99e310f87fab94c2f4b7d2a04f
224,G_69658_left_1887,exact,65,65.0,explicit_score,108c995b953c8a35561103e2014cf828eb654a99e310f87fab94c2f4b7d2a04f
225,I_76957_89171_right_x,exact,65,65.0,explicit_score,108c995b953c8a35561103e2014cf828eb654a99e310f87fab94c2f4b7d2a04f
226,G_83742_left_2214,exact,65,65.0,explicit_score,108c995b953c8a35561103e2014cf828eb654a99e310f87fab94c2f4b7d2a04f
227,D_89171_257,exact,65,65.0,explicit_score,108c995b953c8a35561103e2014cf828eb654a99e310f87fab94c2f4b7d2a04f
228,I_83742_87757_right_s,exact,85,85.0,explicit_score,b4944c6ff08dc6f43da2e9c824669b7d927dd1fa976fadc7b456881f51bf5ccc
229,D_57833_126,exact,65,65.0,explicit_score,108c995b953c8a35561103e2014cf828eb654a99e310f87fab94c2f4b7d2a04f
230,I_27295_89171_left_x,exact,65,65.0,explicit_score,108c995b953c8a35561103e2014cf828eb654a99e310f87fab94c2f4b7d2a04f
231,I_47904_57145_right_x,exact,65,65.0,explicit_score,108c995b953c8a35561103e2014cf828eb654a99e310f87fab94c2f4b7d2a04f
232,G_27295_right_373,exact,85,85.0,explicit_score,b4944c6ff08dc6f43da2e9c824669b7d927dd1fa976fadc7b456881f51bf5ccc
233,D_57145_118,exact,65,65.0,explicit_score,108c995b953c8a35561103e2014cf828eb654a99e310f87fab94c2f4b7d2a04f
234,G_47904_right_828,exact,65,65.0,explicit_score,108c995b953c8a35561103e2014cf828eb654a99e310f87fab94c2f4b7d2a04f
235,I_57833_76957_left_x,exact,65,65.0,explicit_score,108c995b953c8a35561103e2014cf828eb654a99e310f87fab94c2f4b7d2a04f
236,I_57833_69658_left_s,exact,65,65.0,explicit_score,108c995b953c8a35561103e2014cf828eb654a99e310f87fab94c2f4b7d2a04f
237,G_63029_right_1565,exact,65,65.0,explicit_score,108c995b953c8a35561103e2014cf828eb654a99e310f87fab94c2f4b7d2a04f
238,G_89171_left_2498,exact,65,65.0,explicit_score,108c995b953c8a35561103e2014cf828eb654a99e310f87fab94c2f4b7d2a04f
239,G_24101_left_295,exact,100,100.0,explicit_score,ad57366865126e55649ecb23ae1d48887544976efea46a48eb5d85a6eeb4d306
240,G_43210_left_591,exact,65,65.0,explicit_score,108c995b953c8a35561103e2014cf828eb654a99e310f87fab94c2f4b7d2a04f
241,G_56583_left_856,exact,65,65.0,explicit_score,108c995b953c8a35561103e2014cf828eb654a99e310f87fab94c2f4b7d2a04f
242,I_32467_56583_left_s,exact,65,65.0,explicit_score,108c995b953c8a35561103e2014cf828eb654a99e310f87fab94c2f4b7d2a04f
243,G_93812_left_2630,exact,65,65.0,explicit_score,108c995b953c8a35561103e2014cf828eb654a99e310f87fab94c2f4b7d2a04f
244,G_58793_right_1464,exact,85,85.0,explicit_score,b4944c6ff08dc6f43da2e9c824669b7d927dd1fa976fadc7b456881f51bf5ccc
245,I_69658_96608_right_s,exact,65,65.0,explicit_score,108c995b953c8a35561103e2014cf828eb654a99e310f87fab94c2f4b7d2a04f
246,G_47904_left_819,exact,65,65.0,explicit_score,108c995b953c8a35561103e2014cf828eb654a99e310f87fab94c2f4b7d2a04f
247,I_65030_93812_right_x,exact,65,65.0,explicit_score,108c995b953c8a35561103e2014cf828eb654a99e310f87fab94c2f4b7d2a04f
248,G_93812_right_2682,exact,65,65.0,explicit_score,108c995b953c8a35561103e2014cf828eb654a99e310f87fab94c2f4b7d2a04f
249,G_58398_left_1300,exact,65,65.0,explicit_score,108c995b953c8a35561103e2014cf828eb654a99e310f87fab94c2f4b7d2a04f
250,G_93812_right_2669,exact,85,85.0,explicit_score,b4944c6ff08dc6f43da2e9c824669b7d927dd1fa976fadc7b456881f51bf5ccc
251,G_96608_left_2736,exact,65,65.0,explicit_score,108c995b953c8a35561103e2014cf828eb654a99e310f87fab94c2f4b7d2a04f
252,G_20294_left_148,exact,65,65.0,explicit_score,108c995b953c8a35561103e2014cf828eb654a99e310f87fab94c2f4b7d2a04f
253,I_43210_63029_right_x,exact,65,65.0,explicit_score,108c995b953c8a35561103e2014cf828eb654a99e310f87fab94c2f4b7d2a04f
254,G_65052_left_1761,exact,65,65.0,explicit_score,108c995b953c8a35561103e2014cf828eb654a99e310f87fab94c2f4b7d2a04f
255,G_58398_left_1270,exact,0,0.0,explicit_score,5feceb66ffc86f38d952786c6d696c79c2dbc239dd4e91b46729d73a27fb57e9
256,G_57145_left_982,exact,65,65.0,explicit_score,108c995b953c8a35561103e2014cf828eb654a99e310f87fab94c2f4b7d2a04f
257,D_74850_208,exact,65,65.0,explicit_score,108c995b953c8a35561103e2014cf828eb654a99e310f87fab94c2f4b7d2a04f
258,I_65052_69658_right_x,exact,65,65.0,explicit_score,108c995b953c8a35561103e2014cf828eb654a99e310f87fab94c2f4b7d2a04f
259,I_27295_43210_left_x,exact,65,65.0,explicit_score,108c995b953c8a35561103e2014cf828eb654a99e310f87fab94c2f4b7d2a04f
260,D_24101_34,exact,85,85.0,explicit_score,b4944c6ff08dc6f43da2e9c824669b7d927dd1fa976fadc7b456881f51bf5ccc
261,G_57833_left_1142,exact,65,65.0,explicit_score,108c995b953c8a35561103e2014cf828eb654a99e310f87fab94c2f4b7d2a04f
262,G_83742_right_2344,exact,65,65.0,explicit_score,108c995b953c8a35561103e2014cf828eb654a99e310f87fab94c2f4b7d2a04f
263,I_47904_96608_right_x,exact,65,65.0,explicit_score,108c995b953c8a35561103e2014cf828eb654a99e310f87fab94c2f4b7d2a04f
264,D_69658_200,exact,65,65.0,explicit_score,108c995b953c8a35561103e2014cf828eb654a99e310f87fab94c2f4b7d2a04f
265,G_56583_left_846,exact,65,65.0,explicit_score,108c995b953c8a35561103e2014cf828eb654a99e310f87fab94c2f4b7d2a04f
266,I_57833_83742_right_x,exact,65,65.0,explicit_score,108c995b953c8a35561103e2014cf828eb654a99e310f87fab94c2f4b7d2a04f
267,G_43210_right_637,exact,100,100.0,explicit_score,ad57366865126e55649ecb23ae1d48887544976efea46a48eb5d85a6eeb4d306
268,I_43210_69658_right_x,exact,65,65.0,explicit_score,108c995b953c8a35561103e2014cf828eb654a99e310f87fab94c2f4b7d2a04f
269,I_14493_58793_right_x,exact,65,65.0,explicit_score,108c995b953c8a35561103e2014cf828eb654a99e310f87fab94c2f4b7d2a04f
270,I_44595_57833_right_x,exact,65,65.0,explicit_score,108c995b953c8a35561103e2014cf828eb654a99e310f87fab94c2f4b7d2a04f
271,G_24101_left_289,exact,65,65.0,explicit_score,108c995b953c8a35561103e2014cf828eb654a99e310f87fab94c2f4b7d2a04f
272,I_57145_63029_right_s,exact,65,65.0,explicit_score,108c995b953c8a35561103e2014cf828eb654a99e310f87fab94c2f4b7d2a04f
273,I_43210_58398_left_s,exact,65,65.0,explicit_score,108c995b953c8a35561103e2014cf828eb654a99e310f87fab94c2f4b7d2a04f
274,D_69658_192,exact,65,65.0,explicit_score,108c995b953c8a35561103e2014cf828eb654a99e310f87fab94c2f4b7d2a04f
275,G_63029_right_1618,exact,85,85.0,explicit_score,b4944c6ff08dc6f43da2e9c824669b7d927dd1fa976fadc7b456881f51bf5ccc
276,I_57833_76957_right_x,exact,65,65.0,explicit_score,108c995b953c8a35561103e2014cf828eb654a99e310f87fab94c2f4b7d2a04f
277,I_58398_58793_left_x,exact,65,65.0,explicit_score,108c995b953c8a35561103e2014cf828eb654a99e310f87fab94c2f4b7d2a04f
278,D_93812_275,exact,65,65.0,explicit_score,108c995b953c8a35561103e2014cf828eb654a99e310f87fab94c2f4b7d2a04f
279,I_20294_65030_right_x,exact,65,65.0,explicit_score,108c995b953c8a35561103e2014cf828eb654a99e310f87fab94c2f4b7d2a04f
280,I_57833_83742_left_s,exact,65,65.0,explicit_score,108c995b953c8a35561103e2014cf828eb654a99e310f87fab94c2f4b7d2a04f
281,G_32467_right_512,exact,65,65.0,explicit_score,108c995b953c8a35561103e2014cf828eb654a99e310f87fab94c2f4b7d2a04f
282,G_93812_right_2673,exact,65,65.0,explicit_score,108c995b953c8a35561103e2014cf828eb654a99e310f87fab94c2f4b7d2a04f
283,I_56583_69658_right_s,exact,85,85.0,explicit_score,b4944c6ff08dc6f43da2e9c824669b7d927dd1fa976fadc7b456881f51bf5ccc
284,I_20294_69658_left_x,exact,65,65.0,explicit_score,108c995b953c8a35561103e2014cf828eb654a99e310f87fab94c2f4b7d2a04f
285,G_27295_left_338,exact,0,0.0,explicit_score,5feceb66ffc86f38d952786c6d696c79c2dbc239dd4e91b46729d73a27fb57e9
286,I_58793_87757_left_s,exact,65,65.0,explicit_score,108c995b953c8a35561103e2014cf828eb654a99e310f87fab94c2f4b7d2a04f
287,D_99775_298,exact,65,65.0,explicit_score,108c995b953c8a35561103e2014cf828eb654a99e310f87fab94c2f4b7d2a04f
288,I_57833_93812_right_x,exact,65,65.0,explicit_score,108c995b953c8a35561103e2014cf828eb654a99e310f87fab94c2f4b7d2a04f
289,I_58398_76957_left_s,exact,65,65.0,explicit_score,108c995b953c8a35561103e2014cf828eb654a99e310f87fab94c2f4b7d2a04f
290,D_58398_136,exact,65,65.0,explicit_score,108c995b953c8a35561103e2014cf828eb654a99e310f87fab94c2f4b7d2a04f
291,I_47904_57833_left_x,exact,65,65.0,explicit_score,108c995b953c8a35561103e2014cf828eb654a99e310f87fab94c2f4b7d2a04f
292,G_65052_right_1818,exact,65,65.0,explicit_score,108c995b953c8a35561103e2014cf828eb654a99e310f87fab94c2f4b7d2a04f
293,I_27295_83742_left_s,exact,65,65.0,explicit_score,108c995b953c8a35561103e2014cf828eb654a99e310f87fab94c2f4b7d2a04f
294,G_57833_left_1173,exact,65,65.0,explicit_score,108c995b953c8a35561103e2014cf828eb654a99e310f87fab94c2f4b7d2a04f
295,G_89171_left_2526,exact,85,85.0,explicit_score,b4944c6ff08dc6f43da2e9c824669b7d927dd1fa976fadc7b456881f51bf5ccc
296,G_76957_left_2116,exact,65,65.0,explicit_score,108c995b953c8a35561103e2014cf828eb654a99e310f87fab94c2f4b7d2a04f
297,I_56583_93812_left_x,exact,65,65.0,explicit_score,108c995b953c8a35561103e2014cf828eb654a99e310f87fab94c2f4b7d2a04f
298,I_83742_93812_left_x,exact,65,65.0,explicit_score,108c995b953c8a35561103e2014cf828eb654a99e310f87fab94c2f4b7d2a04f
299,I_14493_47904_right_s,exact,65,65.0,explicit_score,108c995b953c8a35561103e2014cf828eb654a99e310f87fab94c2f4b7d2a04f
300,G_58793_left_1380,exact,65,65.0,explicit_score,108c995b953c8a35561103e2014cf828eb654a99e310f87fab94c2f4b7d2a04f
301,I_24101_27295_right_s,exact,85,85.0,explicit_score,b4944c6ff08dc6f43da2e9c824669b7d927dd1fa976fadc7b456881f51bf5ccc
302,I_57145_57833_right_x,exact,65,65.0,explicit_score,108c995b953c8a35561103e2014cf828eb654a99e310f87fab94c2f4b7d2a04f
303,G_87757_right_2470,exact,65,65.0,explicit_score,108c995b953c8a35561103e2014cf828eb654a99e310f87fab94c2f4b7d2a04f
304,G_65030_right_1718,exact,85,85.0,explicit_score,b4944c6ff08dc6f43da2e9c824669b7d927dd1fa976fadc7b456881f51bf5ccc
305,I_69658_87757_right_s,exact,65,65.0,explicit_score,108c995b953c8a35561103e2014cf828eb654a99e310f87fab94c2f4b7d2a04f
306,I_65052_87757_left_s,exact,65,65.0,explicit_score,108c995b953c8a35561103e2014cf828eb654a99e310f87fab94c2f4b7d2a04f
307,G_93812_left_2641,exact,85,85.0,explicit_score,b4944c6ff08dc6f43da2e9c824669b7d927dd1fa976fadc7b456881f51bf5ccc
308,G_24101_left_294,exact,65,65.0,explicit_score,108c995b953c8a35561103e2014cf828eb654a99e310f87fab94c2f4b7d2a04f
309,I_58793_74850_left_x,exact,65,65.0,explicit_score,108c995b953c8a35561103e2014cf828eb654a99e310f87fab94c2f4b7d2a04f
310,I_57833_63029_left_x,exact,65,65.0,explicit_score,108c995b953c8a35561103e2014cf828eb654a99e310f87fab94c2f4b7d2a04f
311,I_20294_69658_right_s,exact,85,85.0,explicit_score,b4944c6ff08dc6f43da2e9c824669b7d927dd1fa976fadc7b456881f51bf5ccc
312,G_47904_left_820,exact,65,65.0,explicit_score,108c995b953c8a35561103e2014cf828eb654a99e310f87fab94c2f4b7d2a04f
313,G_14493_right_91,exact,65,65.0,explicit_score,108c995b953c8a35561103e2014cf828eb654a99e310f87fab94c2f4b7d2a04f
314,D_76957_227,exact,65,65.0,explicit_score,108c995b953c8a35561103e2014cf828eb654a99e310f87fab94c2f4b7d2a04f
315,I_27295_76957_left_x,exact,65,65.0,explicit_score,108c995b953c8a35561103e2014cf828eb654a99e310f87fab94c2f4b7d2a04f
316,D_63029_164,exact,65,65.0,explicit_score,108c995b953c8a35561103e2014cf828eb654a99e310f87fab94c2f4b7d2a04f
317,I_24101_58398_right_x,exact,65,65.0,explicit_score,108c995b953c8a35561103e2014cf828eb654a99e310f87fab94c2f4b7d2a04f
318,G_24101_right_302,exact,65,65.0,explicit_score,108c995b953c8a35561103e2014cf828eb654a99e310f87fab94c2f4b7d2a04f
319,G_74850_left_2000,exact,85,85.0,explicit_score,b4944c6ff08dc6f43da2e9c824669b7d927dd1fa976fadc7b456881f51bf5ccc
320,I_69658_99775_right_s,exact,65,65.0,explicit_score,108c995b953c8a35561103e2014cf828eb654a99e310f87fab94c2f4b7d2a04f
321,D_65030_176,exact,65,65.0,explicit_score,108c995b953c8a35561103e2014cf828eb654a99e310f87fab94c2f4b7d2a04f
322,G_58793_right_1475,exact,65,65.0,explicit_score,108c995b953c8a35561103e2014cf828eb654a99e310f87fab94c2f4b7d2a04f
323,G_14493_left_59,exact,65,65.0,explicit_score,108c995b953c8a35561103e2014cf828eb654a99e310f87fab94c2f4b7d2a04f
324,I_27295_89171_right_s,exact,65,65.0,explicit_score,108c995b953c8a35561103e2014cf828eb654a99e310f87fab94c2f4b7d2a04f
325,I_44595_65052_left_s,exact,65,65.0,explicit_score,108c995b953c8a35561103e2014cf828eb654a99e310f87fab94c2f4b7d2a04f
326,I_58398_63029_left_x,exact,65,65.0,explicit_score,108c995b953c8a35561103e2014cf828eb654a99e310f87fab94c2f4b7d2a04f
327,I_43210_99775_right_x,exact,65,65.0,explicit_score,108c995b953c8a35561103e2014cf828eb654a99e310f87fab94c2f4b7d2a04f
328,D_69658_197,exact,65,65.0,explicit_score,108c995b953c8a35561103e2014cf828eb654a99e310f87fab94c2f4b7d2a04f
329,I_76957_99775_right_x,exact,65,65.0,explicit_score,108c995b953c8a35561103e2014cf828eb654a99e310f87fab94c2f4b7d2a04f
330,D_96608_283,exact,65,65.0,explicit_score,108c995b953c8a35561103e2014cf828eb654a99e310f87fab94c2f4b7d2a04f
331,G_87757_right_2451,exact,65,65.0,explicit_score,108c995b953c8a35561103e2014cf828eb654a99e310f87fab94c2f4b7d2a04f
332,I_20294_63029_right_x,exact,65,65.0,explicit_score,108c995b953c8a35561103e2014cf828eb654a99e310f87fab94c2f4b7d2a04f
333,D_74850_207,exact,65,65.0,explicit_score,108c995b953c8a35561103e2014cf828eb654a99e310f87fab94c2f4b7d2a04f
334,I_47904_69658_left_s,exact,65,65.0,explicit_score,108c995b953c8a35561103e2014cf828eb654a99e310f87fab94c2f4b7d2a04f
335,I_32467_89171_right_x,exact,65,65.0,explicit_score,108c995b953c8a35561103e2014cf828eb654a99e310f87fab94c2f4b7d2a04f
336,G_65030_right_1703,exact,65,65.0,explicit_score,108c995b953c8a35561103e2014cf828eb654a99e310f87fab94c2f4b7d2a04f
337,G_83742_left_2230,exact,65,65.0,explicit_score,108c995b953c8a35561103e2014cf828eb654a99e310f87fab94c2f4b7d2a04f
338,I_20294_76957_right_x,exact,65,65.0,explicit_score,108c995b953c8a35561103e2014cf828eb654a99e310f87fab94c2f4b7d2a04f
339,G_57833_right_1225,exact,65,65.0,explicit_score,108c995b953c8a35561103e2014cf828eb654a99e310f87fab94c2f4b7d2a04f
340,D_24101_24,exact,85,85.0,explicit_score,b4944c6ff08dc6f43da2e9c824669b7d927dd1fa976fadc7b456881f51bf5ccc
341,D_58398_141,exact,0,0.0,explicit_score,5feceb66ffc86f38d952786c6d696c79c2dbc239dd4e91b46729d73a27fb57e9
342,G_32467_left_466,exact,65,65.0,explicit_score,108c995b953c8a35561103e2014cf828eb654a99e310f87fab94c2f4b7d2a04f
343,I_47904_57145_left_x,exact,65,65.0,explicit_score,108c995b953c8a35561103e2014cf828eb654a99e310f87fab94c2f4b7d2a04f
344,G_83742_right_2331,exact,65,65.0,explicit_score,108c995b953c8a35561103e2014cf828eb654a99e310f87fab94c2f4b7d2a04f
345,G_96608_right_2786,exact,65,65.0,explicit_score,108c995b953c8a35561103e2014cf828eb654a99e310f87fab94c2f4b7d2a04f
346,G_57145_right_1101,exact,65,65.0,explicit_score,108c995b953c8a35561103e2014cf828eb654a99e310f87fab94c2f4b7d2a04f
347,I_32467_56583_right_s,exact,85,85.0,explicit_score,b4944c6ff08dc6f43da2e9c824669b7d927dd1fa976fadc7b456881f51bf5ccc
348,G_69658_right_1907,exact,65,65.0,explicit_score,108c995b953c8a35561103e2014cf828eb654a99e310f87fab94c2f4b7d2a04f
349,I_20294_57145_left_s,exact,65,65.0,explicit_score,108c995b953c8a35561103e2014cf828eb654a99e310f87fab94c2f4b7d2a04f
350,I_58398_99775_left_x,exact,65,65.0,explicit_score,108c995b953c8a35561103e2014cf828eb654a99e310f87fab94c2f4b7d2a04f
351,D_65052_190,exact,65,65.0,explicit_score,108c995b953c8a35561103e2014cf828eb654a99e310f87fab94c2f4b7d2a04f
352,G_63029_left_1488,exact,65,65.0,explicit_score,108c995b953c8a35561103e2014cf828eb654a99e310f87fab94c2f4b7d2a04f
353,D_43210_70,exact,65,65.0,explicit_score,108c995b953c8a35561103e2014cf828eb654a99e310f87fab94c2f4b7d2a04f
354,I_58398_96608_left_x,exact,65,65.0,explicit_score,108c995b953c8a35561103e2014cf828eb654a99e310f87fab94c2f4b7d2a04f
355,I_57145_96608_left_x,exact,65,65.0,explicit_score,108c995b953c8a35561103e2014cf828eb654a99e310f87fab94c2f4b7d2a04f
356,I_65030_93812_left_x,exact,65,65.0,explicit_score,108c995b953c8a35561103e2014cf828eb654a99e310f87fab94c2f4b7d2a04f
357,I_32467_44595_left_s,exact,65,65.0,explicit_score,108c995b953c8a35561103e2014cf828eb654a99e310f87fab94c2f4b7d2a04f
358,G_32467_right_545,exact,65,65.0,explicit_score,108c995b953c8a35561103e2014cf828eb654a99e310f87fab94c2f4b7d2a04f
359,G_63029_left_1542,exact,85,85.0,explicit_score,b4944c6ff08dc6f43da2e9c824669b7d927dd1fa976fadc7b456881f51bf5ccc
360,D_24101_33,exact,65,65.0,explicit_score,108c995b953c8a35561103e2014cf828eb654a99e310f87fab94c2f4b7d2a04f
361,G_99775_right_2928,exact,65,65.0,explicit_score,108c995b953c8a35561103e2014cf828eb654a99e310f87fab94c2f4b7d2a04f
362,I_20294_87757_left_x,exact,65,65.0,explicit_score,108c995b953c8a35561103e2014cf828eb654a99e310f87fab94c2f4b7d2a04f
363,G_58793_left_1383,exact,65,65.0,explicit_score,108c995b953c8a35561103e2014cf828eb654a99e310f87fab94c2f4b7d2a04f
364,G_43210_left_550,exact,65,65.0,explicit_score,108c995b953c8a35561103e2014cf828eb654a99e310f87fab94c2f4b7d2a04f
365,D_57145_117,exact,65,65.0,explicit_score,108c995b953c8a35561103e2014cf828eb654a99e310f87fab94c2f4b7d2a04f
366,I_27295_76957_right_x,exact,65,65.0,explicit_score,108c995b953c8a35561103e2014cf828eb654a99e310f87fab94c2f4b7d2a04f
367,G_57833_left_1192,exact,95,95.0,explicit_score,ad48ff99415b2f007dc35b7eb553fd1eb35ebfa2f2f308acd9488eeb86f71fa8
368,G_93812_right_2656,exact,65,65.0,explicit_score,108c995b953c8a35561103e2014cf828eb654a99e310f87fab94c2f4b7d2a04f
369,I_43210_56583_left_s,exact,65,65.0,explicit_score,108c995b953c8a35561103e2014cf828eb654a99e310f87fab94c2f4b7d2a04f
370,D_93812_268,exact,65,65.0,explicit_score,108c995b953c8a35561103e2014cf828eb654a99e310f87fab94c2f4b7d2a04f
371,D_58793_154,exact,65,65.0,explicit_score,108c995b953c8a35561103e2014cf828eb654a99e310f87fab94c2f4b7d2a04f
372,G_65052_left_1759,exact,65,65.0,explicit_score,108c995b953c8a35561103e2014cf828eb654a99e310f87fab94c2f4b7d2a04f
373,G_76957_right_2146,exact,65,65.0,explicit_score,108c995b953c8a35561103e2014cf828eb654a99e310f87fab94c2f4b7d2a04f
374,I_24101_43210_right_s,exact,65,65.0,explicit_score,108c995b953c8a35561103e2014cf828eb654a99e310f87fab94c2f4b7d2a04f
375,I_20294_27295_right_x,exact,65,65.0,explicit_score,108c995b953c8a35561103e2014cf828eb654a99e310f87fab94c2f4b7d2a04f
376,G_44595_right_788,exact,65,65.0,explicit_score,108c995b953c8a35561103e2014cf828eb654a99e310f87fab94c2f4b7d2a04f
377,I_57833_93812_right_s,exact,65,65.0,explicit_score,108c995b953c8a35561103e2014cf828eb654a99e310f87fab94c2f4b7d2a04f
378,D_47904_84,exact,65,65.0,explicit_score,108c995b953c8a35561103e2014cf828eb654a99e310f87fab94c2f4b7d2a04f
379,G_56583_left_852,exact,65,65.0,explicit_score,108c995b953c8a35561103e2014cf828eb654a99e310f87fab94c2f4b7d2a04f
380,I_58793_65052_right_s,exact,65,65.0,explicit_score,108c995b953c8a35561103e2014cf828eb654a99e310f87fab94c2f4b7d2a04f
381,D_47904_87,exact,65,65.0,explicit_score,108c995b953c8a35561103e2014cf828eb654a99e310f87fab94c2f4b7d2a04f
382,D_76957_219,exact,65,65.0,explicit_score,108c995b953c8a35561103e2014cf828eb654a99e310f87fab94c2f4b7d2a04f
383,I_47904_89171_right_x,exact,65,65.0,explicit_score,108c995b953c8a35561103e2014cf828eb654a99e310f87fab94c2f4b7d2a04f
384,I_43210_58398_left_x,exact,65,65.0,explicit_score,108c995b953c8a35561103e2014cf828eb654a99e310f87fab94c2f4b7d2a04f
385,D_56583_107,exact,65,65.0,explicit_score,108c995b953c8a35561103e2014cf828eb654a99e310f87fab94c2f4b7d2a04f
386,G_74850_left_2008,exact,65,65.0,explicit_score,108c995b953c8a35561103e2014cf828eb654a99e310f87fab94c2f4b7d2a04f
387,D_63029_167,exact,65,65.0,explicit_score,108c995b953c8a35561103e2014cf828eb654a99e310f87fab94c2f4b7d2a04f
388,D_96608_277,exact,65,65.0,explicit_score,108c995b953c8a35561103e2014cf828eb654a99e310f87fab94c2f4b7d2a04f
389,G_83742_right_2340,exact,65,65.0,explicit_score,108c995b953c8a35561103e2014cf828eb654a99e310f87fab94c2f4b7d2a04f
390,I_56583_63029_left_x,exact,65,65.0,explicit_score,108c995b953c8a35561103e2014cf828eb654a99e310f87fab94c2f4b7d2a04f
391,D_96608_280,exact,65,65.0,explicit_score,108c995b953c8a35561103e2014cf828eb654a99e310f87fab94c2f4b7d2a04f
392,I_65052_76957_left_x,exact,65,65.0,explicit_score,108c995b953c8a35561103e2014cf828eb654a99e310f87fab94c2f4b7d2a04f
393,G_58398_right_1335,exact,65,65.0,explicit_score,108c995b953c8a35561103e2014cf828eb654a99e310f87fab94c2f4b7d2a04f
394,D_83742_239,exact,65,65.0,explicit_score,108c995b953c8a35561103e2014cf828eb654a99e310f87fab94c2f4b7d2a04f
395,I_63029_83742_left_s,exact,85,85.0,explicit_score,b4944c6ff08dc6f43da2e9c824669b7d927dd1fa976fadc7b456881f51bf5ccc
396,I_47904_56583_right_x,exact,65,65.0,explicit_score,108c995b953c8a35561103e2014cf828eb654a99e310f87fab94c2f4b7d2a04f
397,G_57145_left_976,exact,65,65.0,explicit_score,108c995b953c8a35561103e2014cf828eb654a99e310f87fab94c2f4b7d2a04f
398,G_76957_left_2132,exact,85,85.0,explicit_score,b4944c6ff08dc6f43da2e9c824669b7d927dd1fa976fadc7b456881f51bf5ccc
399,D_57145_115,exact,65,65.0,explicit_score,108c995b953c8a35561103e2014cf828eb654a99e310f87fab94c2f4b7d2a04f
400,I_43210_76957_left_x,exact,65,65.0,explicit_score,108c995b953c8a35561103e2014cf828eb654a99e310f87fab94c2f4b7d2a04f
401,G_14493_right_109,exact,65,65.0,explicit_score,108c995b953c8a35561103e2014cf828eb654a99e310f87fab94c2f4b7d2a04f
402,I_69658_74850_left_s,exact,65,65.0,explicit_score,108c995b953c8a35561103e2014cf828eb654a99e310f87fab94c2f4b7d2a04f
403,D_20294_16,exact,65,65.0,explicit_score,108c995b953c8a35561103e2014cf828eb654a99e310f87fab94c2f4b7d2a04f
404,I_58793_89171_left_x,exact,65,65.0,explicit_score,108c995b953c8a35561103e2014cf828eb654a99e310f87fab94c2f4b7d2a04f
405,G_99775_left_2873,exact,65,65.0,explicit_score,108c995b953c8a35561103e2014cf828eb654a99e310f87fab94c2f4b7d2a04f
406,D_58793_155,exact,65,65.0,explicit_score,108c995b953c8a35561103e2014cf828eb654a99e310f87fab94c2f4b7d2a04f
407,I_24101_57833_right_s,exact,65,65.0,explicit_score,108c995b953c8a35561103e2014cf828eb654a99e310f87fab94c2f4b7d2a04f
408,D_74850_210,exact,65,65.0,explicit_score,108c995b953c8a35561103e2014cf828eb654a99e310f87fab94c2f4b7d2a04f
409,I_47904_65052_right_s,exact,65,65.0,explicit_score,108c995b953c8a35561103e2014cf828eb654a99e310f87fab94c2f4b7d2a04f
410,I_65030_89171_right_s,exact,65,65.0,explicit_score,108c995b953c8a35561103e2014cf828eb654a99e310f87fab94c2f4b7d2a04f
411,G_56583_right_912,exact,65,65.0,explicit_score,108c995b953c8a35561103e2014cf828eb654a99e310f87fab94c2f4b7d2a04f
412,I_43210_76957_right_x,exact,65,65.0,explicit_score,108c995b953c8a35561103e2014cf828eb654a99e310f87fab94c2f4b7d2a04f
413,I_47904_74850_right_s,exact,65,65.0,explicit_score,108c995b953c8a35561103e2014cf828eb654a99e310f87fab94c2f4b7d2a04f
414,D_47904_95,exact,85,85.0,explicit_score,b4944c6ff08dc6f43da2e9c824669b7d927dd1fa976fadc7b456881f51bf5ccc
415,G_44595_right_766,exact,65,65.0,explicit_score,108c995b953c8a35561103e2014cf828eb654a99e310f87fab94c2f4b7d2a04f
416,G_43210_right_678,exact,65,65.0,explicit_score,108c995b953c8a35561103e2014cf828eb654a99e310f87fab94c2f4b7d2a04f
417,D_27295_41,exact,65,65.0,explicit_score,108c995b953c8a35561103e2014cf828eb654a99e310f87fab94c2f4b7d2a04f
418,I_58398_89171_left_s,exact,65,65.0,explicit_score,108c995b953c8a35561103e2014cf828eb654a99e310f87fab94c2f4b7d2a04f
419,I_24101_83742_left_x,exact,65,65.0,explicit_score,108c995b953c8a35561103e2014cf828eb654a99e310f87fab94c2f4b7d2a04f
420,I_57833_65052_right_s,exact,65,65.0,explicit_score,108c995b953c8a35561103e2014cf828eb654a99e310f87fab94c2f4b7d2a04f
421,I_58793_63029_left_x,exact,65,65.0,explicit_score,108c995b953c8a35561103e2014cf828eb654a99e310f87fab94c2f4b7d2a04f
422,G_57833_right_1242,exact,65,65.0,explicit_score,108c995b953c8a35561103e2014cf828eb654a99e310f87fab94c2f4b7d2a04f
423,D_44595_79,exact,0,0.0,explicit_score,5feceb66ffc86f38d952786c6d696c79c2dbc239dd4e91b46729d73a27fb57e9
424,G_93812_right_2677,exact,65,65.0,explicit_score,108c995b953c8a35561103e2014cf828eb654a99e310f87fab94c2f4b7d2a04f
425,I_44595_93812_right_x,exact,65,65.0,explicit_score,108c995b953c8a35561103e2014cf828eb654a99e310f87fab94c2f4b7d2a04f
426,G_93812_right_2681,exact,65,65.0,explicit_score,108c995b953c8a35561103e2014cf828eb654a99e310f87fab94c2f4b7d2a04f
427,I_57145_76957_right_s,exact,65,65.0,explicit_score,108c995b953c8a35561103e2014cf828eb654a99e310f87fab94c2f4b7d2a04f
428,I_43210_89171_right_x,exact,65,65.0,explicit_score,108c995b953c8a35561103e2014cf828eb654a99e310f87fab94c2f4b7d2a04f
429,D_74850_211,exact,65,65.0,explicit_score,108c995b953c8a35561103e2014cf828eb654a99e310f87fab94c2f4b7d2a04f
430,I_14493_65052_right_x,exact,65,65.0,explicit_score,108c995b953c8a35561103e2014cf828eb654a99e310f87fab94c2f4b7d2a04f
431,G_58793_right_1458,exact,65,65.0,explicit_score,108c995b953c8a35561103e2014cf828eb654a99e310f87fab94c2f4b7d2a04f
432,G_93812_right_2688,exact,85,85.0,explicit_score,b4944c6ff08dc6f43da2e9c824669b7d927dd1fa976fadc7b456881f51bf5ccc
433,G_56583_right_907,exact,65,65.0,explicit_score,108c995b953c8a35561103e2014cf828eb654a99e310f87fab94c2f4b7d2a04f
434,I_57145_57833_left_s,exact,85,85.0,explicit_score,b4944c6ff08dc6f43da2e9c824669b7d927dd1fa976fadc7b456881f51bf5ccc
435,G_65052_right_1852,exact,65,65.0,explicit_score,108c995b953c8a35561103e2014cf828eb654a99e310f87fab94c2f4b7d2a04f
436,I_57145_69658_left_x,exact,65,65.0,explicit_score,108c995b953c8a35561103e2014cf828eb654a99e310f87fab94c2f4b7d2a04f
437,G_65030_right_1694,exact,65,65.0,explicit_score,108c995b953c8a35561103e2014cf828eb654a99e310f87fab94c2f4b7d2a04f
438,D_93812_265,exact,65,65.0,explicit_score,108c995b953c8a35561103e2014cf828eb654a99e310f87fab94c2f4b7d2a04f
439,I_43210_65030_left_x,exact,65,65.0,explicit_score,108c995b953c8a35561103e2014cf828eb654a99e310f87fab94c2f4b7d2a04f
440,I_44595_89171_left_s,exact,65,65.0,explicit_score,108c995b953c8a35561103e2014cf828eb654a99e310f87fab94c2f4b7d2a04f
441,I_87757_93812_right_s,exact,65,65.0,explicit_score,108c995b953c8a35561103e2014cf828eb654a99e310f87fab94c2f4b7d2a04f
442,I_44595_99775_right_x,exact,65,65.0,explicit_score,108c995b953c8a35561103e2014cf828eb654a99e310f87fab94c2f4b7d2a04f
443,G_87757_left_2398,exact,65,65.0,explicit_score,108c995b953c8a35561103e2014cf828eb654a99e310f87fab94c2f4b7d2a04f
444,I_43210_44595_right_s,exact,65,65.0,explicit_score,108c995b953c8a35561103e2014cf828eb654a99e310f87fab94c2f4b7d2a04f
445,G_57833_right_1256,exact,65,65.0,explicit_score,108c995b953c8a35561103e2014cf828eb654a99e310f87fab94c2f4b7d2a04f
446,I_43210_89171_left_s,exact,65,65.0,explicit_score,108c995b953c8a35561103e2014cf828eb654a99e310f87fab94c2f4b7d2a04f
447,G_69658_left_1884,exact,65,65.0,explicit_score,108c995b953c8a35561103e2014cf828eb654a99e310f87fab94c2f4b7d2a04f
448,G_57833_left_1134,exact,65,65.0,explicit_score,108c995b953c8a35561103e2014cf828eb654a99e310f87fab94c2f4b7d2a04f
449,G_44595_left_695,exact,65,65.0,explicit_score,108c995b953c8a35561103e2014cf828eb654a99e310f87fab94c2f4b7d2a04f
450,D_44595_75,exact,65,65.0,explicit_score,108c995b953c8a35561103e2014cf828eb654a99e310f87fab94c2f4b7d2a04f
451,D_58793_149,exact,65,65.0,explicit_score,108c995b953c8a35561103e2014cf828eb654a99e310f87fab94c2f4b7d2a04f
452,G_65052_left_1726,exact,65,65.0,explicit_score,108c995b953c8a35561103e2014cf828eb654a99e310f87fab94c2f4b7d2a04f
453,I_57145_69658_right_x,exact,65,65.0,explicit_score,108c995b953c8a35561103e2014cf828eb654a99e310f87fab94c2f4b7d2a04f
454,G_20294_right_261,exact,65,65.0,explicit_score,108c995b953c8a35561103e2014cf828eb654a99e310f87fab94c2f4b7d2a04f
455,I_65030_87757_right_s,exact,65,65.0,explicit_score,108c995b953c8a35561103e2014cf828eb654a99e310f87fab94c2f4b7d2a04f
456,I_24101_57833_right_x,exact,65,65.0,explicit_score,108c995b953c8a35561103e2014cf828eb654a99e310f87fab94c2f4b7d2a04f
457,G_44595_left_739,exact,0,0.0,explicit_score,5feceb66ffc86f38d952786c6d696c79c2dbc239dd4e91b46729d73a27fb57e9
458,I_63029_99775_right_x,exact,65,65.0,explicit_score,108c995b953c8a35561103e2014cf828eb654a99e310f87fab94c2f4b7d2a04f
459,G_24101_right_305,exact,65,65.0,explicit_score,108c995b953c8a35561103e2014cf828eb654a99e310f87fab94c2f4b7d2a04f
460,G_65052_left_1758,exact,65,65.0,explicit_score,108c995b953c8a35561103e2014cf828eb654a99e310f87fab94c2f4b7d2a04f
461,I_56583_83742_left_s,exact,65,65.0,explicit_score,108c995b953c8a35561103e2014cf828eb654a99e310f87fab94c2f4b7d2a04f
462,D_58398_139,exact,65,65.0,explicit_score,108c995b953c8a35561103e2014cf828eb654a99e310f87fab94c2f4b7d2a04f
463,G_32467_right_538,exact,65,65.0,explicit_score,108c995b953c8a35561103e2014cf828eb654a99e310f87fab94c2f4b7d2a04f
464,D_47904_91,exact,65,65.0,explicit_score,108c995b953c8a35561103e2014cf828eb654a99e310f87fab94c2f4b7d2a04f
465,G_47904_left_822,exact,65,65.0,explicit_score,108c995b953c8a35561103e2014cf828eb654a99e310f87fab94c2f4b7d2a04f
466,G_87757_left_2365,exact,65,65.0,explicit_score,108c995b953c8a35561103e2014cf828eb654a99e310f87fab94c2f4b7d2a04f
467,I_14493_58398_right_s,exact,65,65.0,explicit_score,108c995b953c8a35561103e2014cf828eb654a99e310f87fab94c2f4b7d2a04f
468,I_56583_58398_right_s,exact,65,65.0,explicit_score,108c995b953c8a35561103e2014cf828eb654a99e310f87fab94c2f4b7d2a04f
469,I_24101_65030_left_s,exact,65,65.0,explicit_score,108c995b953c8a35561103e2014cf828eb654a99e310f87fab94c2f4b7d2a04f
470,G_56583_left_864,exact,65,65.0,explicit_score,108c995b953c8a35561103e2014cf828eb654a99e310f87fab94c2f4b7d2a04f
471,I_74850_83742_right_s,exact,65,65.0,explicit_score,108c995b953c8a35561103e2014cf828eb654a99e310f87fab94c2f4b7d2a04f
472,I_24101_74850_right_s,exact,65,65.0,explicit_score,108c995b953c8a35561103e2014cf828eb654a99e310f87fab94c2f4b7d2a04f
473,I_65030_69658_right_s,exact,85,85.0,explicit_score,b4944c6ff08dc6f43da2e9c824669b7d927dd1fa976fadc7b456881f51bf5ccc
474,I_89171_99775_right_s,exact,65,65.0,explicit_score,108c995b953c8a35561103e2014cf828eb654a99e310f87fab94c2f4b7d2a04f
475,I_63029_99775_left_x,exact,65,65.0,explicit_score,108c995b953c8a35561103e2014cf828eb654a99e310f87fab94c2f4b7d2a04f
476,I_14493_27295_right_x,exact,65,65.0,explicit_score,108c995b953c8a35561103e2014cf828eb654a99e310f87fab94c2f4b7d2a04f
477,I_24101_87757_left_s,exact,65,65.0,explicit_score,108c995b953c8a35561103e2014cf828eb654a99e310f87fab94c2f4b7d2a04f
478,D_20294_19,exact,65,65.0,explicit_score,108c995b953c8a35561103e2014cf828eb654a99e310f87fab94c2f4b7d2a04f
479,I_57833_58793_right_s,exact,85,85.0,explicit_score,b4944c6ff08dc6f43da2e9c824669b7d927dd1fa976fadc7b456881f51bf5ccc
480,I_47904_89171_left_x,exact,65,65.0,explicit_score,108c995b953c8a35561103e2014cf828eb654a99e310f87fab94c2f4b7d2a04f
481,G_32467_left_455,exact,65,65.0,explicit_score,108c995b953c8a35561103e2014cf828eb654a99e310f87fab94c2f4b7d2a04f
482,G_24101_right_303,exact,65,65.0,explicit_score,108c995b953c8a35561103e2014cf828eb654a99e310f87fab94c2f4b7d2a04f
483,D_47904_85,exact,65,65.0,explicit_score,108c995b953c8a35561103e2014cf828eb654a99e310f87fab94c2f4b7d2a04f
484,G_43210_right_675,exact,65,65.0,explicit_score,108c995b953c8a35561103e2014cf828eb654a99e310f87fab94c2f4b7d2a04f
485,I_24101_58398_right_s,exact,65,65.0,explicit_score,108c995b953c8a35561103e2014cf828eb654a99e310f87fab94c2f4b7d2a04f
486,D_83742_233,exact,65,65.0,explicit_score,108c995b953c8a35561103e2014cf828eb654a99e310f87fab94c2f4b7d2a04f
487,G_27295_right_398,exact,65,65.0,explicit_score,108c995b953c8a35561103e2014cf828eb654a99e310f87fab94c2f4b7d2a04f
488,D_20294_14,exact,65,65.0,explicit_score,108c995b953c8a35561103e2014cf828eb654a99e310f87fab94c2f4b7d2a04f
489,G_58398_right_1349,exact,65,65.0,explicit_score,108c995b953c8a35561103e2014cf828eb654a99e310f87fab94c2f4b7d2a04f
490,D_44595_81,exact,65,65.0,explicit_score,108c995b953c8a35561103e2014cf828eb654a99e310f87fab94c2f4b7d2a04f
491,I_57833_99775_left_s,exact,65,65.0,explicit_score,108c995b953c8a35561103e2014cf828eb654a99e310f87fab94c2f4b7d2a04f
492,G_99775_right_2922,exact,65,65.0,explicit_score,108c995b953c8a35561103e2014cf828eb654a99e310f87fab94c2f4b7d2a04f
493,D_65030_179,exact,65,65.0,explicit_score,108c995b953c8a35561103e2014cf828eb654a99e310f87fab94c2f4b7d2a04f
494,G_47904_right_829,exact,65,65.0,explicit_score,108c995b953c8a35561103e2014cf828eb654a99e310f87fab94c2f4b7d2a04f
495,G_24101_right_306,exact,65,65.0,explicit_score,108c995b953c8a35561103e2014cf828eb654a99e310f87fab94c2f4b7d2a04f
496,I_57833_74850_left_x,exact,65,65.0,explicit_score,108c995b953c8a35561103e2014cf828eb654a99e310f87fab94c2f4b7d2a04f
497,G_76957_right_2153,exact,85,85.0,explicit_score,b4944c6ff08dc6f43da2e9c824669b7d927dd1fa976fadc7b456881f51bf5ccc
498,G_63029_left_1538,exact,85,85.0,explicit_score,b4944c6ff08dc6f43da2e9c824669b7d927dd1fa976fadc7b456881f51bf5ccc
499,I_32467_43210_right_x,exact,65,65.0,explicit_score,108c995b953c8a35561103e2014cf828eb654a99e310f87fab94c2f4b7d2a04f
500,I_20294_65052_right_s,exact,65,65.0,explicit_score,108c995b953c8a35561103e2014cf828eb654a99e310f87fab94c2f4b7d2a04f
501,I_44595_58793_right_x,exact,65,65.0,explicit_score,108c995b953c8a35561103e2014cf828eb654a99e310f87fab94c2f4b7d2a04f
502,I_56583_74850_right_s,exact,65,65.0,explicit_score,108c995b953c8a35561103e2014cf828eb654a99e310f87fab94c2f4b7d2a04f
503,D_43210_62,exact,65,65.0,explicit_score,108c995b953c8a35561103e2014cf828eb654a99e310f87fab94c2f4b7d2a04f
504,I_57833_99775_left_x,exact,65,65.0,explicit_score,108c995b953c8a35561103e2014cf828eb654a99e310f87fab94c2f4b7d2a04f
505,G_44595_right_812,exact,85,85.0,explicit_score,b4944c6ff08dc6f43da2e9c824669b7d927dd1fa976fadc7b456881f51bf5ccc
506,G_32467_left_420,exact,65,65.0,explicit_score,108c995b953c8a35561103e2014cf828eb654a99e310f87fab94c2f4b7d2a04f
507,G_27295_right_377,exact,65,65.0,explicit_score,108c995b953c8a35561103e2014cf828eb654a99e310f87fab94c2f4b7d2a04f
508,D_76957_216,exact,65,65.0,explicit_score,108c995b953c8a35561103e2014cf828eb654a99e310f87fab94c2f4b7d2a04f
509,D_14493_3,exact,65,65.0,explicit_score,108c995b953c8a35561103e2014cf828eb654a99e310f87fab94c2f4b7d2a04f
510,I_24101_58793_left_x,exact,65,65.0,explicit_score,108c995b953c8a35561103e2014cf828eb654a99e310f87fab94c2f4b7d2a04f
511,I_24101_65030_right_s,exact,65,65.0,explicit_score,108c995b953c8a35561103e2014cf828eb654a99e310f87fab94c2f4b7d2a04f
512,I_56583_63029_left_s,exact,65,65.0,explicit_score,108c995b953c8a35561103e2014cf828eb654a99e310f87fab94c2f4b7d2a04f
513,I_43210_57833_left_s,exact,65,65.0,explicit_score,108c995b953c8a35561103e2014cf828eb654a99e310f87fab94c2f4b7d2a04f
514,I_43210_63029_left_s,exact,65,65.0,explicit_score,108c995b953c8a35561103e2014cf828eb654a99e310f87fab94c2f4b7d2a04f
515,G_57145_left_960,exact,85,85.0,explicit_score,b4944c6ff08dc6f43da2e9c824669b7d927dd1fa976fadc7b456881f51bf5ccc
516,G_27295_left_337,exact,65,65.0,explicit_score,108c995b953c8a35561103e2014cf828eb654a99e310f87fab94c2f4b7d2a04f
517,G_89171_left_2527,exact,85,85.0,explicit_score,b4944c6ff08dc6f43da2e9c824669b7d927dd1fa976fadc7b456881f51bf5ccc
518,G_27295_left_361,exact,65,65.0,explicit_score,108c995b953c8a35561103e2014cf828eb654a99e310f87fab94c2f4b7d2a04f
519,I_44595_56583_right_s,exact,85,85.0,explicit_score,b4944c6ff08dc6f43da2e9c824669b7d927dd1fa976fadc7b456881f51bf5ccc
520,I_76957_83742_right_x,exact,65,65.0,explicit_score,108c995b953c8a35561103e2014cf828eb654a99e310f87fab94c2f4b7d2a04f
521,D_43210_66,exact,65,65.0,explicit_score,108c995b953c8a35561103e2014cf828eb654a99e310f87fab94c2f4b7d2a04f
522,I_57833_87757_left_x,exact,65,65.0,explicit_score,108c995b953c8a35561103e2014cf828eb654a99e310f87fab94c2f4b7d2a04f
523,I_27295_57833_left_x,exact,65,65.0,explicit_score,108c995b953c8a35561103e2014cf828eb654a99e310f87fab94c2f4b7d2a04f
524,I_56583_76957_right_x,exact,65,65.0,explicit_score,108c995b953c8a35561103e2014cf828eb654a99e310f87fab94c2f4b7d2a04f
525,D_76957_217,exact,65,65.0,explicit_score,108c995b953c8a35561103e2014cf828eb654a99e310f87fab94c2f4b7d2a04f
526,G_89171_left_2496,exact,65,65.0,explicit_score,108c995b953c8a35561103e2014cf828eb654a99e310f87fab94c2f4b7d2a04f
527,I_32467_57145_left_s,exact,65,65.0,explicit_score,108c995b953c8a35561103e2014cf828eb654a99e310f87fab94c2f4b7d2a04f
528,G_96608_right_2788,exact,65,65.0,explicit_score,108c995b953c8a35561103e2014cf828eb654a99e310f87fab94c2f4b7d2a04f
529,I_58793_87757_left_x,exact,65,65.0,explicit_score,108c995b953c8a35561103e2014cf828eb654a99e310f87fab94c2f4b7d2a04f
530,G_58398_right_1321,exact,65,65.0,explicit_score,108c995b953c8a35561103e2014cf828eb654a99e310f87fab94c2f4b7d2a04f
531,I_47904_56583_left_x,exact,65,65.0,explicit_score,108c995b953c8a35561103e2014cf828eb654a99e310f87fab94c2f4b7d2a04f
532,D_65052_188,exact,65,65.0,explicit_score,108c995b953c8a35561103e2014cf828eb654a99e310f87fab94c2f4b7d2a04f
533,I_44595_87757_left_x,exact,65,65.0,explicit_score,108c995b953c8a35561103e2014cf828eb654a99e310f87fab94c2f4b7d2a04f
534,D_99775_290,exact,65,65.0,explicit_score,108c995b953c8a35561103e2014cf828eb654a99e310f87fab94c2f4b7d2a04f
535,G_83742_right_2269,exact,95,95.0,explicit_score,ad48ff99415b2f007dc35b7eb553fd1eb35ebfa2f2f308acd9488eeb86f71fa8
536,G_32467_right_485,exact,85,85.0,explicit_score,b4944c6ff08dc6f43da2e9c824669b7d927dd1fa976fadc7b456881f51bf5ccc
537,D_58398_140,exact,65,65.0,explicit_score,108c995b953c8a35561103e2014cf828eb654a99e310f87fab94c2f4b7d2a04f
538,I_57145_87757_right_s,exact,85,85.0,explicit_score,b4944c6ff08dc6f43da2e9c824669b7d927dd1fa976fadc7b456881f51bf5ccc
539,D_57833_123,exact,65,65.0,explicit_score,108c995b953c8a35561103e2014cf828eb654a99e310f87fab94c2f4b7d2a04f
540,D_83742_229,exact,65,65.0,explicit_score,108c995b953c8a35561103e2014cf828eb654a99e310f87fab94c2f4b7d2a04f
541,D_43210_61,exact,65,65.0,explicit_score,108c995b953c8a35561103e2014cf828eb654a99e310f87fab94c2f4b7d2a04f
542,D_57145_119,exact,85,85.0,explicit_score,b4944c6ff08dc6f43da2e9c824669b7d927dd1fa976fadc7b456881f51bf5ccc
543,D_58398_143,exact,65,65.0,explicit_score,108c995b953c8a35561103e2014cf828eb654a99e310f87fab94c2f4b7d2a04f
544,G_69658_left_1883,exact,65,65.0,explicit_score,108c995b953c8a35561103e2014cf828eb654a99e310f87fab94c2f4b7d2a04f
545,G_57833_right_1204,exact,85,85.0,explicit_score,b4944c6ff08dc6f43da2e9c824669b7d927dd1fa976fadc7b456881f51bf5ccc
546,D_89171_254,exact,65,65.0,explicit_score,108c995b953c8a35561103e2014cf828eb654a99e310f87fab94c2f4b7d2a04f
547,I_57833_69658_right_s,exact,65,65.0,explicit_score,108c995b953c8a35561103e2014cf828eb654a99e310f87fab94c2f4b7d2a04f
548,I_14493_57833_right_x,exact,65,65.0,explicit_score,108c995b953c8a35561103e2014cf828eb654a99e310f87fab94c2f4b7d2a04f
549,I_57145_63029_right_x,exact,65,65.0,explicit_score,108c995b953c8a35561103e2014cf828eb654a99e310f87fab94c2f4b7d2a04f
550,D_47904_88,exact,65,65.0,explicit_score,108c995b953c8a35561103e2014cf828eb654a99e310f87fab94c2f4b7d2a04f
551,G_65052_right_1843,exact,65,65.0,explicit_score,108c995b953c8a35561103e2014cf828eb654a99e310f87fab94c2f4b7d2a04f
552,D_14493_11,exact,65,65.0,explicit_score,108c995b953c8a35561103e2014cf828eb654a99e310f87fab94c2f4b7d2a04f
553,G_43210_right_625,exact,65,65.0,explicit_score,108c995b953c8a35561103e2014cf828eb654a99e310f87fab94c2f4b7d2a04f
554,I_58398_93812_right_x,exact,65,65.0,explicit_score,108c995b953c8a35561103e2014cf828eb654a99e310f87fab94c2f4b7d2a04f
555,I_56583_74850_left_x,exact,65,65.0,explicit_score,108c995b953c8a35561103e2014cf828eb654a99e310f87fab94c2f4b7d2a04f
556,I_56583_65052_right_x,exact,65,65.0,explicit_score,108c995b953c8a35561103e2014cf828eb654a99e310f87fab94c2f4b7d2a04f
557,D_65030_178,exact,95,95.0,explicit_score,ad48ff99415b2f007dc35b7eb553fd1eb35ebfa2f2f308acd9488eeb86f71fa8
558,D_65052_184,exact,65,65.0,explicit_score,108c995b953c8a35561103e2014cf828eb654a99e310f87fab94c2f4b7d2a04f
559,I_57145_76957_right_x,exact,65,65.0,explicit_score,108c995b953c8a35561103e2014cf828eb654a99e310f87fab94c2f4b7d2a04f
560,D_44595_80,exact,0,0.0,explicit_score,5feceb66ffc86f38d952786c6d696c79c2dbc239dd4e91b46729d73a27fb57e9
561,G_99775_left_2861,exact,65,65.0,explicit_score,108c995b953c8a35561103e2014cf828eb654a99e310f87fab94c2f4b7d2a04f
562,I_14493_24101_left_s,exact,65,65.0,explicit_score,108c995b953c8a35561103e2014cf828eb654a99e310f87fab94c2f4b7d2a04f
563,G_96608_right_2827,exact,65,65.0,explicit_score,108c995b953c8a35561103e2014cf828eb654a99e310f87fab94c2f4b7d2a04f
564,I_27295_96608_right_s,exact,65,65.0,explicit_score,108c995b953c8a35561103e2014cf828eb654a99e310f87fab94c2f4b7d2a04f
565,I_32467_76957_right_x,exact,65,65.0,explicit_score,108c995b953c8a35561103e2014cf828eb654a99e310f87fab94c2f4b7d2a04f
566,G_65030_left_1637,exact,65,65.0,explicit_score,108c995b953c8a35561103e2014cf828eb654a99e310f87fab94c2f4b7d2a04f
567,G_99775_left_2851,exact,65,65.0,explicit_score,108c995b953c8a35561103e2014cf828eb654a99e310f87fab94c2f4b7d2a04f
568,I_14493_27295_left_s,exact,85,85.0,explicit_score,b4944c6ff08dc6f43da2e9c824669b7d927dd1fa976fadc7b456881f51bf5ccc
569,D_99775_297,exact,65,65.0,explicit_score,108c995b953c8a35561103e2014cf828eb654a99e310f87fab94c2f4b7d2a04f
570,G_74850_left_1990,exact,65,65.0,explicit_score,108c995b953c8a35561103e2014cf828eb654a99e310f87fab94c2f4b7d2a04f
571,G_43210_left_571,exact,85,85.0,explicit_score,b4944c6ff08dc6f43da2e9c824669b7d927dd1fa976fadc7b456881f51bf5ccc
572,D_89171_260,exact,65,65.0,explicit_score,108c995b953c8a35561103e2014cf828eb654a99e310f87fab94c2f4b7d2a04f
573,G_43210_right_640,exact,65,65.0,explicit_score,108c995b953c8a35561103e2014cf828eb654a99e310f87fab94c2f4b7d2a04f
574,I_58398_83742_right_x,exact,65,65.0,explicit_score,108c995b953c8a35561103e2014cf828eb654a99e310f87fab94c2f4b7d2a04f
575,G_57833_left_1132,exact,65,65.0,explicit_score,108c995b953c8a35561103e2014cf828eb654a99e310f87fab94c2f4b7d2a04f
576,I_65052_69658_right_s,exact,65,65.0,explicit_score,108c995b953c8a35561103e2014cf828eb654a99e310f87fab94c2f4b7d2a04f
577,I_76957_87757_left_x,exact,65,65.0,explicit_score,108c995b953c8a35561103e2014cf828eb654a99e310f87fab94c2f4b7d2a04f
578,G_93812_left_2590,exact,65,65.0,explicit_score,108c995b953c8a35561103e2014cf828eb654a99e310f87fab94c2f4b7d2a04f
579,I_58398_65052_left_s,exact,65,65.0,explicit_score,108c995b953c8a35561103e2014cf828eb654a99e310f87fab94c2f4b7d2a04f
580,G_74850_right_2071,exact,65,65.0,explicit_score,108c995b953c8a35561103e2014cf828eb654a99e310f87fab94c2f4b7d2a04f
581,G_47904_right_831,exact,65,65.0,explicit_score,108c995b953c8a35561103e2014cf828eb654a99e310f87fab94c2f4b7d2a04f
582,G_69658_right_1934,exact,65,65.0,explicit_score,108c995b953c8a35561103e2014cf828eb654a99e310f87fab94c2f4b7d2a04f
583,G_43210_right_672,exact,65,65.0,explicit_score,108c995b953c8a35561103e2014cf828eb654a99e310f87fab94c2f4b7d2a04f
584,G_76957_right_2171,exact,65,65.0,explicit_score,108c995b953c8a35561103e2014cf828eb654a99e310f87fab94c2f4b7d2a04f
585,G_24101_left_293,exact,65,65.0,explicit_score,108c995b953c8a35561103e2014cf828eb654a99e310f87fab94c2f4b7d2a04f
586,G_74850_left_1992,exact,65,65.0,explicit_score,108c995b953c8a35561103e2014cf828eb654a99e310f87fab94c2f4b7d2a04f
587,G_56583_right_941,exact,65,65.0,explicit_score,108c995b953c8a35561103e2014cf828eb654a99e310f87fab94c2f4b7d2a04f
588,I_57145_96608_right_x,exact,65,65.0,explicit_score,108c995b953c8a35561103e2014cf828eb654a99e310f87fab94c2f4b7d2a04f
589,G_99775_left_2892,exact,65,65.0,explicit_score,108c995b953c8a35561103e2014cf828eb654a99e310f87fab94c2f4b7d2a04f
590,D_58398_132,exact,65,65.0,explicit_score,108c995b953c8a35561103e2014cf828eb654a99e310f87fab94c2f4b7d2a04f
591,I_69658_83742_left_s,exact,85,85.0,explicit_score,b4944c6ff08dc6f43da2e9c824669b7d927dd1fa976fadc7b456881f51bf5ccc
592,G_99775_right_2925,exact,85,85.0,explicit_score,b4944c6ff08dc6f43da2e9c824669b7d927dd1fa976fadc7b456881f51bf5ccc
593,D_27295_40,exact,65,65.0,explicit_score,108c995b953c8a35561103e2014cf828eb654a99e310f87fab94c2f4b7d2a04f
594,I_20294_47904_right_s,exact,65,65.0,explicit_score,108c995b953c8a35561103e2014cf828eb654a99e310f87fab94c2f4b7d2a04f
595,G_63029_right_1590,exact,85,85.0,explicit_score,b4944c6ff08dc6f43da2e9c824669b7d927dd1fa976fadc7b456881f51bf5ccc
596,G_93812_left_2614,exact,85,85.0,explicit_score,b4944c6ff08dc6f43da2e9c824669b7d927dd1fa976fadc7b456881f51bf5ccc
597,I_27295_69658_left_x,exact,65,65.0,explicit_score,108c995b953c8a35561103e2014cf828eb654a99e310f87fab94c2f4b7d2a04f
598,I_57833_83742_left_x,exact,0,0.0,explicit_score,5feceb66ffc86f38d952786c6d696c79c2dbc239dd4e91b46729d73a27fb57e9
599,G_20294_left_141,exact,65,65.0,explicit_score,108c995b953c8a35561103e2014cf828eb654a99e310f87fab94c2f4b7d2a04f
600,I_43210_74850_right_x,exact,65,65.0,explicit_score,108c995b953c8a35561103e2014cf828eb654a99e310f87fab94c2f4b7d2a04f
601,I_58398_96608_right_s,exact,65,65.0,explicit_score,108c995b953c8a35561103e2014cf828eb654a99e310f87fab94c2f4b7d2a04f
602,I_96608_99775_left_s,exact,65,65.0,explicit_score,108c995b953c8a35561103e2014cf828eb654a99e310f87fab94c2f4b7d2a04f
603,I_20294_96608_right_x,exact,65,65.0,explicit_score,108c995b953c8a35561103e2014cf828eb654a99e310f87fab94c2f4b7d2a04f
604,G_57833_right_1200,exact,65,65.0,explicit_score,108c995b953c8a35561103e2014cf828eb654a99e310f87fab94c2f4b7d2a04f
605,G_76957_left_2129,exact,65,65.0,explicit_score,108c995b953c8a35561103e2014cf828eb654a99e310f87fab94c2f4b7d2a04f
606,I_58793_99775_right_s,exact,65,65.0,explicit_score,108c995b953c8a35561103e2014cf828eb654a99e310f87fab94c2f4b7d2a04f
607,D_65030_173,exact,65,65.0,explicit_score,108c995b953c8a35561103e2014cf828eb654a99e310f87fab94c2f4b7d2a04f
608,G_58398_right_1342,exact,0,0.0,explicit_score,5feceb66ffc86f38d952786c6d696c79c2dbc239dd4e91b46729d73a27fb57e9
609,I_57145_65052_right_s,exact,65,65.0,explicit_score,108c995b953c8a35561103e2014cf828eb654a99e310f87fab94c2f4b7d2a04f
610,G_89171_right_2565,exact,65,65.0,explicit_score,108c995b953c8a35561103e2014cf828eb654a99e310f87fab94c2f4b7d2a04f
611,G_57145_right_1110,exact,85,85.0,explicit_score,b4944c6ff08dc6f43da2e9c824669b7d927dd1fa976fadc7b456881f51bf5ccc
612,G_69658_left_1901,exact,65,65.0,explicit_score,108c995b953c8a35561103e2014cf828eb654a99e310f87fab94c2f4b7d2a04f
613,D_65030_169,exact,65,65.0,explicit_score,108c995b953c8a35561103e2014cf828eb654a99e310f87fab94c2f4b7d2a04f
614,G_74850_left_1971,exact,65,65.0,explicit_score,108c995b953c8a35561103e2014cf828eb654a99e310f87fab94c2f4b7d2a04f
615,D_56583_103,exact,65,65.0,explicit_score,108c995b953c8a35561103e2014cf828eb654a99e310f87fab94c2f4b7d2a04f
616,G_87757_left_2382,exact,65,65.0,explicit_score,108c995b953c8a35561103e2014cf828eb654a99e310f87fab94c2f4b7d2a04f
617,G_65052_left_1748,exact,65,65.0,explicit_score,108c995b953c8a35561103e2014cf828eb654a99e310f87fab94c2f4b7d2a04f
618,I_56583_57145_right_s,exact,65,65.0,explicit_score,108c995b953c8a35561103e2014cf828eb654a99e310f87fab94c2f4b7d2a04f
619,G_87757_left_2371,exact,65,65.0,explicit_score,108c995b953c8a35561103e2014cf828eb654a99e310f87fab94c2f4b7d2a04f
620,G_56583_right_898,exact,65,65.0,explicit_score,108c995b953c8a35561103e2014cf828eb654a99e310f87fab94c2f4b7d2a04f
621,I_32467_87757_left_s,exact,65,65.0,explicit_score,108c995b953c8a35561103e2014cf828eb654a99e310f87fab94c2f4b7d2a04f
622,I_24101_87757_right_s,exact,85,85.0,explicit_score,b4944c6ff08dc6f43da2e9c824669b7d927dd1fa976fadc7b456881f51bf5ccc
623,I_24101_99775_left_x,exact,65,65.0,explicit_score,108c995b953c8a35561103e2014cf828eb654a99e310f87fab94c2f4b7d2a04f
624,I_65052_69658_left_s,exact,65,65.0,explicit_score,108c995b953c8a35561103e2014cf828eb654a99e310f87fab94c2f4b7d2a04f
625,I_44595_63029_left_x,exact,65,65.0,explicit_score,108c995b953c8a35561103e2014cf828eb654a99e310f87fab94c2f4b7d2a04f
626,I_63029_99775_left_s,exact,65,65.0,explicit_score,108c995b953c8a35561103e2014cf828eb654a99e310f87fab94c2f4b7d2a04f
627,I_32467_47904_left_s,exact,65,65.0,explicit_score,108c995b953c8a35561103e2014cf828eb654a99e310f87fab94c2f4b7d2a04f
628,I_58793_83742_right_x,exact,65,65.0,explicit_score,108c995b953c8a35561103e2014cf828eb654a99e310f87fab94c2f4b7d2a04f
629,I_32467_83742_right_x,exact,65,65.0,explicit_score,108c995b953c8a35561103e2014cf828eb654a99e310f87fab94c2f4b7d2a04f
630,I_14493_93812_right_s,exact,65,65.0,explicit_score,108c995b953c8a35561103e2014cf828eb654a99e310f87fab94c2f4b7d2a04f
631,I_27295_56583_right_x,exact,65,65.0,explicit_score,108c995b953c8a35561103e2014cf828eb654a99e310f87fab94c2f4b7d2a04f
632,D_99775_294,exact,65,65.0,explicit_score,108c995b953c8a35561103e2014cf828eb654a99e310f87fab94c2f4b7d2a04f
633,G_32467_left_430,exact,85,85.0,explicit_score,b4944c6ff08dc6f43da2e9c824669b7d927dd1fa976fadc7b456881f51bf5ccc
634,G_96608_right_2810,exact,0,0.0,explicit_score,5feceb66ffc86f38d952786c6d696c79c2dbc239dd4e91b46729d73a27fb57e9
635,D_32467_50,exact,65,65.0,explicit_score,108c995b953c8a35561103e2014cf828eb654a99e310f87fab94c2f4b7d2a04f
636,I_65030_69658_right_x,exact,65,65.0,explicit_score,108c995b953c8a35561103e2014cf828eb654a99e310f87fab94c2f4b7d2a04f
637,G_74850_right_2016,exact,65,65.0,explicit_score,108c995b953c8a35561103e2014cf828eb654a99e310f87fab94c2f4b7d2a04f
638,I_47904_93812_right_s,exact,65,65.0,explicit_score,108c995b953c8a35561103e2014cf828eb654a99e310f87fab94c2f4b7d2a04f
639,I_27295_65030_right_s,exact,65,65.0,explicit_score,108c995b953c8a35561103e2014cf828eb654a99e310f87fab94c2f4b7d2a04f
640,I_20294_83742_left_x,exact,0,0.0,explicit_score,5feceb66ffc86f38d952786c6d696c79c2dbc239dd4e91b46729d73a27fb57e9
641,I_57833_58793_right_x,exact,65,65.0,explicit_score,108c995b953c8a35561103e2014cf828eb654a99e310f87fab94c2f4b7d2a04f
642,I_43210_65030_right_x,exact,65,65.0,explicit_score,108c995b953c8a35561103e2014cf828eb654a99e310f87fab94c2f4b7d2a04f
643,G_32467_left_454,exact,65,65.0,explicit_score,108c995b953c8a35561103e2014cf828eb654a99e310f87fab94c2f4b7d2a04f
644,I_47904_89171_left_s,exact,85,85.0,explicit_score,b4944c6ff08dc6f43da2e9c824669b7d927dd1fa976fadc7b456881f51bf5ccc
645,D_20294_15,exact,65,65.0,explicit_score,108c995b953c8a35561103e2014cf828eb654a99e310f87fab94c2f4b7d2a04f
646,I_65030_93812_left_s,exact,65,65.0,explicit_score,108c995b953c8a35561103e2014cf828eb654a99e310f87fab94c2f4b7d2a04f
647,G_58793_left_1386,exact,65,65.0,explicit_score,108c995b953c8a35561103e2014cf828eb654a99e310f87fab94c2f4b7d2a04f
648,D_76957_226,exact,65,65.0,explicit_score,108c995b953c8a35561103e2014cf828eb654a99e310f87fab94c2f4b7d2a04f
649,D_63029_166,exact,65,65.0,explicit_score,108c995b953c8a35561103e2014cf828eb654a99e310f87fab94c2f4b7d2a04f
650,I_20294_32467_right_s,exact,85,85.0,explicit_score,b4944c6ff08dc6f43da2e9c824669b7d927dd1fa976fadc7b456881f51bf5ccc
651,I_58793_87757_right_x,exact,65,65.0,explicit_score,108c995b953c8a35561103e2014cf828eb654a99e310f87fab94c2f4b7d2a04f
652,I_24101_69658_left_s,exact,65,65.0,explicit_score,108c995b953c8a35561103e2014cf828eb654a99e310f87fab94c2f4b7d2a04f
653,G_96608_right_2818,exact,85,85.0,explicit_score,b4944c6ff08dc6f43da2e9c824669b7d927dd1fa976fadc7b456881f51bf5ccc
654,G_47904_right_830,exact,65,65.0,explicit_score,108c995b953c8a35561103e2014cf828eb654a99e310f87fab94c2f4b7d2a04f
655,I_47904_74850_left_x,exact,65,65.0,explicit_score,108c995b953c8a35561103e2014cf828eb654a99e310f87fab94c2f4b7d2a04f
656,I_65052_76957_right_x,exact,65,65.0,explicit_score,108c995b953c8a35561103e2014cf828eb654a99e310f87fab94c2f4b7d2a04f
657,I_27295_58398_right_s,exact,65,65.0,explicit_score,108c995b953c8a35561103e2014cf828eb654a99e310f87fab94c2f4b7d2a04f
658,I_58793_93812_left_s,exact,65,65.0,explicit_score,108c995b953c8a35561103e2014cf828eb654a99e310f87fab94c2f4b7d2a04f
659,I_44595_74850_right_s,exact,65,65.0,explicit_score,108c995b953c8a35561103e2014cf828eb654a99e310f87fab94c2f4b7d2a04f
660,I_32467_96608_left_x,exact,65,65.0,explicit_score,108c995b953c8a35561103e2014cf828eb654a99e310f87fab94c2f4b7d2a04f
661,I_65052_74850_right_x,exact,65,65.0,explicit_score,108c995b953c8a35561103e2014cf828eb654a99e310f87fab94c2f4b7d2a04f
662,G_76957_right_2177,exact,85,85.0,explicit_score,b4944c6ff08dc6f43da2e9c824669b7d927dd1fa976fadc7b456881f51bf5ccc
663,I_63029_96608_left_x,exact,65,65.0,explicit_score,108c995b953c8a35561103e2014cf828eb654a99e310f87fab94c2f4b7d2a04f
664,I_83742_89171_right_s,exact,85,85.0,explicit_score,b4944c6ff08dc6f43da2e9c824669b7d927dd1fa976fadc7b456881f51bf5ccc
665,D_76957_220,exact,65,65.0,explicit_score,108c995b953c8a35561103e2014cf828eb654a99e310f87fab94c2f4b7d2a04f
666,G_74850_right_2055,exact,0,0.0,explicit_score,5feceb66ffc86f38d952786c6d696c79c2dbc239dd4e91b46729d73a27fb57e9
667,I_24101_58793_right_s,exact,85,85.0,explicit_score,b4944c6ff08dc6f43da2e9c824669b7d927dd1fa976fadc7b456881f51bf5ccc
668,G_83742_right_2285,exact,65,65.0,explicit_score,108c995b953c8a35561103e2014cf828eb654a99e310f87fab94c2f4b7d2a04f
669,D_56583_100,exact,65,65.0,explicit_score,108c995b953c8a35561103e2014cf828eb654a99e310f87fab94c2f4b7d2a04f
670,I_20294_65052_left_s,exact,65,65.0,explicit_score,108c995b953c8a35561103e2014cf828eb654a99e310f87fab94c2f4b7d2a04f
671,G_43210_left_606,exact,95,95.0,explicit_score,ad48ff99415b2f007dc35b7eb553fd1eb35ebfa2f2f308acd9488eeb86f71fa8
672,I_58398_99775_right_x,exact,65,65.0,explicit_score,108c995b953c8a35561103e2014cf828eb654a99e310f87fab94c2f4b7d2a04f
673,D_87757_251,exact,65,65.0,explicit_score,108c995b953c8a35561103e2014cf828eb654a99e310f87fab94c2f4b7d2a04f
674,I_43210_57833_left_x,exact,65,65.0,explicit_score,108c995b953c8a35561103e2014cf828eb654a99e310f87fab94c2f4b7d2a04f
675,G_14493_right_129,exact,85,85.0,explicit_score,b4944c6ff08dc6f43da2e9c824669b7d927dd1fa976fadc7b456881f51bf5ccc
676,I_57833_76957_right_s,exact,65,65.0,explicit_score,108c995b953c8a35561103e2014cf828eb654a99e310f87fab94c2f4b7d2a04f
677,G_69658_left_1892,exact,95,95.0,explicit_score,ad48ff99415b2f007dc35b7eb553fd1eb35ebfa2f2f308acd9488eeb86f71fa8
678,I_57145_65052_left_s,exact,65,65.0,explicit_score,108c995b953c8a35561103e2014cf828eb654a99e310f87fab94c2f4b7d2a04f
679,D_57145_110,exact,85,85.0,explicit_score,b4944c6ff08dc6f43da2e9c824669b7d927dd1fa976fadc7b456881f51bf5ccc
680,G_56583_left_862,exact,95,95.0,explicit_score,ad48ff99415b2f007dc35b7eb553fd1eb35ebfa2f2f308acd9488eeb86f71fa8
681,G_57145_left_951,exact,65,65.0,explicit_score,108c995b953c8a35561103e2014cf828eb654a99e310f87fab94c2f4b7d2a04f
682,G_65052_left_1732,exact,65,65.0,explicit_score,108c995b953c8a35561103e2014cf828eb654a99e310f87fab94c2f4b7d2a04f
683,G_57145_right_1090,exact,65,65.0,explicit_score,108c995b953c8a35561103e2014cf828eb654a99e310f87fab94c2f4b7d2a04f
684,D_44595_82,exact,65,65.0,explicit_score,108c995b953c8a35561103e2014cf828eb654a99e310f87fab94c2f4b7d2a04f
685,I_47904_76957_left_s,exact,65,65.0,explicit_score,108c995b953c8a35561103e2014cf828eb654a99e310f87fab94c2f4b7d2a04f
686,D_57833_128,exact,65,65.0,explicit_score,108c995b953c8a35561103e2014cf828eb654a99e310f87fab94c2f4b7d2a04f
687,G_96608_right_2782,exact,65,65.0,explicit_score,108c995b953c8a35561103e2014cf828eb654a99e310f87fab94c2f4b7d2a04f
688,D_58398_137,exact,65,65.0,explicit_score,108c995b953c8a35561103e2014cf828eb654a99e310f87fab94c2f4b7d2a04f
689,I_43210_99775_left_x,exact,65,65.0,explicit_score,108c995b953c8a35561103e2014cf828eb654a99e310f87fab94c2f4b7d2a04f
690,G_57145_right_1105,exact,85,85.0,explicit_score,b4944c6ff08dc6f43da2e9c824669b7d927dd1fa976fadc7b456881f51bf5ccc
691,G_20294_right_214,exact,65,65.0,explicit_score,108c995b953c8a35561103e2014cf828eb654a99e310f87fab94c2f4b7d2a04f
692,D_69658_201,exact,65,65.0,explicit_score,108c995b953c8a35561103e2014cf828eb654a99e310f87fab94c2f4b7d2a04f
693,D_74850_209,exact,65,65.0,explicit_score,108c995b953c8a35561103e2014cf828eb654a99e310f87fab94c2f4b7d2a04f
694,I_47904_83742_left_s,exact,65,65.0,explicit_score,108c995b953c8a35561103e2014cf828eb654a99e310f87fab94c2f4b7d2a04f
695,I_65030_65052_left_s,exact,65,65.0,explicit_score,108c995b953c8a35561103e2014cf828eb654a99e310f87fab94c2f4b7d2a04f
696,I_63029_65030_right_s,exact,65,65.0,explicit_score,108c995b953c8a35561103e2014cf828eb654a99e310f87fab94c2f4b7d2a04f
697,G_43210_right_669,exact,85,85.0,explicit_score,b4944c6ff08dc6f43da2e9c824669b7d927dd1fa976fadc7b456881f51bf5ccc
698,G_83742_right_2295,exact,65,65.0,explicit_score,108c995b953c8a35561103e2014cf828eb654a99e310f87fab94c2f4b7d2a04f
699,G_14493_left_30,exact,65,65.0,explicit_score,108c995b953c8a35561103e2014cf828eb654a99e310f87fab94c2f4b7d2a04f
700,G_93812_right_2664,exact,65,65.0,explicit_score,108c995b953c8a35561103e2014cf828eb654a99e310f87fab94c2f4b7d2a04f
701,D_57833_124,exact,65,65.0,explicit_score,108c995b953c8a35561103e2014cf828eb654a99e310f87fab94c2f4b7d2a04f
702,D_27295_42,exact,85,85.0,explicit_score,b4944c6ff08dc6f43da2e9c824669b7d927dd1fa976fadc7b456881f51bf5ccc
703,I_27295_87757_left_x,exact,65,65.0,explicit_score,108c995b953c8a35561103e2014cf828eb654a99e310f87fab94c2f4b7d2a04f
704,G_43210_left_559,exact,65,65.0,explicit_score,108c995b953c8a35561103e2014cf828eb654a99e310f87fab94c2f4b7d2a04f
705,I_44595_96608_right_s,exact,65,65.0,explicit_score,108c995b953c8a35561103e2014cf828eb654a99e310f87fab94c2f4b7d2a04f
706,G_89171_right_2550,exact,65,65.0,explicit_score,108c995b953c8a35561103e2014cf828eb654a99e310f87fab94c2f4b7d2a04f
707,D_87757_244,exact,65,65.0,explicit_score,108c995b953c8a35561103e2014cf828eb654a99e310f87fab94c2f4b7d2a04f
708,G_83742_right_2341,exact,65,65.0,explicit_score,108c995b953c8a35561103e2014cf828eb654a99e310f87fab94c2f4b7d2a04f
709,G_44595_right_779,exact,95,95.0,explicit_score,ad48ff99415b2f007dc35b7eb553fd1eb35ebfa2f2f308acd9488eeb86f71fa8
710,G_14493_right_120,exact,85,85.0,explicit_score,b4944c6ff08dc6f43da2e9c824669b7d927dd1fa976fadc7b456881f51bf5ccc
711,I_43210_57145_right_x,exact,65,65.0,explicit_score,108c995b953c8a35561103e2014cf828eb654a99e310f87fab94c2f4b7d2a04f
712,I_57833_89171_left_s,exact,65,65.0,explicit_score,108c995b953c8a35561103e2014cf828eb654a99e310f87fab94c2f4b7d2a04f
713,G_65030_left_1649,exact,65,65.0,explicit_score,108c995b953c8a35561103e2014cf828eb654a99e310f87fab94c2f4b7d2a04f
714,G_44595_left_723,exact,65,65.0,explicit_score,108c995b953c8a35561103e2014cf828eb654a99e310f87fab94c2f4b7d2a04f
715,I_83742_96608_right_s,exact,65,65.0,explicit_score,108c995b953c8a35561103e2014cf828eb654a99e310f87fab94c2f4b7d2a04f
716,I_44595_65030_right_s,exact,65,65.0,explicit_score,108c995b953c8a35561103e2014cf828eb654a99e310f87fab94c2f4b7d2a04f
717,I_58793_99775_left_x,exact,65,65.0,explicit_score,108c995b953c8a35561103e2014cf828eb654a99e310f87fab94c2f4b7d2a04f
718,I_83742_93812_right_x,exact,65,65.0,explicit_score,108c995b953c8a35561103e2014cf828eb654a99e310f87fab94c2f4b7d2a04f
719,I_14493_76957_right_x,exact,65,65.0,explicit_score,108c995b953c8a35561103e2014cf828eb654a99e310f87fab94c2f4b7d2a04f
720,I_14493_63029_right_x,exact,65,65.0,explicit_score,108c995b953c8a35561103e2014cf828eb654a99e310f87fab94c2f4b7d2a04f
721,I_43210_96608_left_x,exact,65,65.0,explicit_score,108c995b953c8a35561103e2014cf828eb654a99e310f87fab94c2f4b7d2a04f
722,G_14493_left_63,exact,65,65.0,explicit_score,108c995b953c8a35561103e2014cf828eb654a99e310f87fab94c2f4b7d2a04f
723,I_14493_43210_left_x,exact,65,65.0,explicit_score,108c995b953c8a35561103e2014cf828eb654a99e310f87fab94c2f4b7d2a04f
724,D_93812_267,exact,65,65.0,explicit_score,108c995b953c8a35561103e2014cf828eb654a99e310f87fab94c2f4b7d2a04f
725,I_20294_24101_left_s,exact,65,65.0,explicit_score,108c995b953c8a35561103e2014cf828eb654a99e310f87fab94c2f4b7d2a04f
726,D_44595_74,exact,65,65.0,explicit_score,108c995b953c8a35561103e2014cf828eb654a99e310f87fab94c2f4b7d2a04f
727,G_76957_right_2169,exact,65,65.0,explicit_score,108c995b953c8a35561103e2014cf828eb654a99e310f87fab94c2f4b7d2a04f
728,I_56583_57833_right_x,exact,65,65.0,explicit_score,108c995b953c8a35561103e2014cf828eb654a99e310f87fab94c2f4b7d2a04f
729,I_69658_93812_left_x,exact,65,65.0,explicit_score,108c995b953c8a35561103e2014cf828eb654a99e310f87fab94c2f4b7d2a04f
730,I_57145_87757_left_s,exact,85,85.0,explicit_score,b4944c6ff08dc6f43da2e9c824669b7d927dd1fa976fadc7b456881f51bf5ccc
731,D_83742_231,exact,65,65.0,explicit_score,108c995b953c8a35561103e2014cf828eb654a99e310f87fab94c2f4b7d2a04f
732,G_87757_right_2446,exact,65,65.0,explicit_score,108c995b953c8a35561103e2014cf828eb654a99e310f87fab94c2f4b7d2a04f
733,G_87757_right_2429,exact,65,65.0,explicit_score,108c995b953c8a35561103e2014cf828eb654a99e310f87fab94c2f4b7d2a04f
734,I_20294_65030_right_s,exact,65,65.0,explicit_score,108c995b953c8a35561103e2014cf828eb654a99e310f87fab94c2f4b7d2a04f
735,I_57145_83742_right_x,exact,65,65.0,explicit_score,108c995b953c8a35561103e2014cf828eb654a99e310f87fab94c2f4b7d2a04f
736,G_56583_right_901,exact,85,85.0,explicit_score,b4944c6ff08dc6f43da2e9c824669b7d927dd1fa976fadc7b456881f51bf5ccc
737,G_47904_left_815,exact,85,85.0,explicit_score,b4944c6ff08dc6f43da2e9c824669b7d927dd1fa976fadc7b456881f51bf5ccc
738,I_44595_93812_left_x,exact,65,65.0,explicit_score,108c995b953c8a35561103e2014cf828eb654a99e310f87fab94c2f4b7d2a04f
739,I_57145_65052_right_x,exact,65,65.0,explicit_score,108c995b953c8a35561103e2014cf828eb654a99e310f87fab94c2f4b7d2a04f
740,G_76957_right_2174,exact,95,95.0,explicit_score,ad48ff99415b2f007dc35b7eb553fd1eb35ebfa2f2f308acd9488eeb86f71fa8
741,G_32467_left_450,exact,65,65.0,explicit_score,108c995b953c8a35561103e2014cf828eb654a99e310f87fab94c2f4b7d2a04f
742,I_32467_83742_right_s,exact,85,85.0,explicit_score,b4944c6ff08dc6f43da2e9c824669b7d927dd1fa976fadc7b456881f51bf5ccc
743,I_57145_99775_left_x,exact,65,65.0,explicit_score,108c995b953c8a35561103e2014cf828eb654a99e310f87fab94c2f4b7d2a04f
744,G_58398_left_1303,exact,65,65.0,explicit_score,108c995b953c8a35561103e2014cf828eb654a99e310f87fab94c2f4b7d2a04f
745,I_63029_87757_left_s,exact,85,85.0,explicit_score,b4944c6ff08dc6f43da2e9c824669b7d927dd1fa976fadc7b456881f51bf5ccc
746,G_57145_left_991,exact,95,95.0,explicit_score,ad48ff99415b2f007dc35b7eb553fd1eb35ebfa2f2f308acd9488eeb86f71fa8
747,G_93812_right_2685,exact,65,65.0,explicit_score,108c995b953c8a35561103e2014cf828eb654a99e310f87fab94c2f4b7d2a04f
748,G_76957_left_2096,exact,65,65.0,explicit_score,108c995b953c8a35561103e2014cf828eb654a99e310f87fab94c2f4b7d2a04f
749,D_14493_5,exact,65,65.0,explicit_score,108c995b953c8a35561103e2014cf828eb654a99e310f87fab94c2f4b7d2a04f
750,I_65030_89171_left_x,exact,65,65.0,explicit_score,108c995b953c8a35561103e2014cf828eb654a99e310f87fab94c2f4b7d2a04f
751,G_63029_left_1526,exact,65,65.0,explicit_score,108c995b953c8a35561103e2014cf828eb654a99e310f87fab94c2f4b7d2a04f
752,D_96608_279,exact,65,65.0,explicit_score,108c995b953c8a35561103e2014cf828eb654a99e310f87fab94c2f4b7d2a04f
753,D_27295_39,exact,65,65.0,explicit_score,108c995b953c8a35561103e2014cf828eb654a99e310f87fab94c2f4b7d2a04f
754,G_58793_left_1406,exact,95,95.0,explicit_score,ad48ff99415b2f007dc35b7eb553fd1eb35ebfa2f2f308acd9488eeb86f71fa8
755,G_27295_left_350,exact,65,65.0,explicit_score,108c995b953c8a35561103e2014cf828eb654a99e310f87fab94c2f4b7d2a04f
756,G_44595_left_722,exact,65,65.0,explicit_score,108c995b953c8a35561103e2014cf828eb654a99e310f87fab94c2f4b7d2a04f
757,I_44595_63029_right_s,exact,65,65.0,explicit_score,108c995b953c8a35561103e2014cf828eb654a99e310f87fab94c2f4b7d2a04f
758,G_47904_right_827,exact,65,65.0,explicit_score,108c995b953c8a35561103e2014cf828eb654a99e310f87fab94c2f4b7d2a04f
759,I_24101_32467_right_s,exact,65,65.0,explicit_score,108c995b953c8a35561103e2014cf828eb654a99e310f87fab94c2f4b7d2a04f
760,G_58398_left_1275,exact,0,0.0,explicit_score,5feceb66ffc86f38d952786c6d696c79c2dbc239dd4e91b46729d73a27fb57e9
761,I_83742_87757_right_x,exact,65,65.0,explicit_score,108c995b953c8a35561103e2014cf828eb654a99e310f87fab94c2f4b7d2a04f
762,I_43210_44595_right_x,exact,65,65.0,explicit_score,108c995b953c8a35561103e2014cf828eb654a99e310f87fab94c2f4b7d2a04f
763,I_44595_57145_right_s,exact,65,65.0,explicit_score,108c995b953c8a35561103e2014cf828eb654a99e310f87fab94c2f4b7d2a04f
764,G_14493_right_119,exact,85,85.0,explicit_score,b4944c6ff08dc6f43da2e9c824669b7d927dd1fa976fadc7b456881f51bf5ccc
765,D_89171_259,exact,85,85.0,explicit_score,b4944c6ff08dc6f43da2e9c824669b7d927dd1fa976fadc7b456881f51bf5ccc
766,G_24101_left_291,exact,65,65.0,explicit_score,108c995b953c8a35561103e2014cf828eb654a99e310f87fab94c2f4b7d2a04f
767,I_58398_65052_right_s,exact,65,65.0,explicit_score,108c995b953c8a35561103e2014cf828eb654a99e310f87fab94c2f4b7d2a04f
768,I_65030_87757_left_s,exact,65,65.0,explicit_score,108c995b953c8a35561103e2014cf828eb654a99e310f87fab94c2f4b7d2a04f
769,G_76957_right_2163,exact,65,65.0,explicit_score,108c995b953c8a35561103e2014cf828eb654a99e310f87fab94c2f4b7d2a04f
770,G_65052_right_1803,exact,85,85.0,explicit_score,b4944c6ff08dc6f43da2e9c824669b7d927dd1fa976fadc7b456881f51bf5ccc
771,G_24101_right_299,exact,65,65.0,explicit_score,108c995b953c8a35561103e2014cf828eb654a99e310f87fab94c2f4b7d2a04f
772,D_89171_253,exact,85,85.0,explicit_score,b4944c6ff08dc6f43da2e9c824669b7d927dd1fa976fadc7b456881f51bf5ccc
773,I_14493_20294_right_s,exact,85,85.0,explicit_score,b4944c6ff08dc6f43da2e9c824669b7d927dd1fa976fadc7b456881f51bf5ccc
774,D_57145_112,exact,65,65.0,explicit_score,108c995b953c8a35561103e2014cf828eb654a99e310f87fab94c2f4b7d2a04f
775,G_99775_right_2956,exact,65,65.0,explicit_score,108c995b953c8a35561103e2014cf828eb654a99e310f87fab94c2f4b7d2a04f
776,D_93812_270,exact,65,65.0,explicit_score,108c995b953c8a35561103e2014cf828eb654a99e310f87fab94c2f4b7d2a04f
777,G_57145_left_946,exact,85,85.0,explicit_score,b4944c6ff08dc6f43da2e9c824669b7d927dd1fa976fadc7b456881f51bf5ccc
778,I_24101_89171_left_x,exact,65,65.0,explicit_score,108c995b953c8a35561103e2014cf828eb654a99e310f87fab94c2f4b7d2a04f
779,G_44595_left_757,exact,100,100.0,explicit_score,ad57366865126e55649ecb23ae1d48887544976efea46a48eb5d85a6eeb4d306
780,D_24101_25,exact,65,65.0,explicit_score,108c995b953c8a35561103e2014cf828eb654a99e310f87fab94c2f4b7d2a04f
781,G_44595_right_803,exact,65,65.0,explicit_score,108c995b953c8a35561103e2014cf828eb654a99e310f87fab94c2f4b7d2a04f
782,G_96608_right_2787,exact,65,65.0,explicit_score,108c995b953c8a35561103e2014cf828eb654a99e310f87fab94c2f4b7d2a04f
783,G_20294_right_254,exact,65,65.0,explicit_score,108c995b953c8a35561103e2014cf828eb654a99e310f87fab94c2f4b7d2a04f
784,I_65030_83742_right_x,exact,65,65.0,explicit_score,108c995b953c8a35561103e2014cf828eb654a99e310f87fab94c2f4b7d2a04f
785,I_27295_89171_right_x,exact,65,65.0,explicit_score,108c995b953c8a35561103e2014cf828eb654a99e310f87fab94c2f4b7d2a04f
786,D_57833_120,exact,65,65.0,explicit_score,108c995b953c8a35561103e2014cf828eb654a99e310f87fab94c2f4b7d2a04f
787,D_58793_148,exact,65,65.0,explicit_score,108c995b953c8a35561103e2014cf828eb654a99e310f87fab94c2f4b7d2a04f
788,I_43210_65052_left_x,exact,65,65.0,explicit_score,108c995b953c8a35561103e2014cf828eb654a99e310f87fab94c2f4b7d2a04f
789,D_47904_89,exact,65,65.0,explicit_score,108c995b953c8a35561103e2014cf828eb654a99e310f87fab94c2f4b7d2a04f
790,I_32467_65030_left_x,exact,65,65.0,explicit_score,108c995b953c8a35561103e2014cf828eb654a99e310f87fab94c2f4b7d2a04f
791,G_89171_left_2525,exact,65,65.0,explicit_score,108c995b953c8a35561103e2014cf828eb654a99e310f87fab94c2f4b7d2a04f
792,I_27295_56583_left_s,exact,65,65.0,explicit_score,108c995b953c8a35561103e2014cf828eb654a99e310f87fab94c2f4b7d2a04f
793,D_58793_152,exact,0,0.0,explicit_score,5feceb66ffc86f38d952786c6d696c79c2dbc239dd4e91b46729d73a27fb57e9
794,G_63029_right_1579,exact,65,65.0,explicit_score,108c995b953c8a35561103e2014cf828eb654a99e310f87fab94c2f4b7d2a04f
795,D_14493_2,exact,65,65.0,explicit_score,108c995b953c8a35561103e2014cf828eb654a99e310f87fab94c2f4b7d2a04f
796,G_65030_left_1665,exact,95,95.0,explicit_score,ad48ff99415b2f007dc35b7eb553fd1eb35ebfa2f2f308acd9488eeb86f71fa8
797,G_74850_left_1977,exact,65,65.0,explicit_score,108c995b953c8a35561103e2014cf828eb654a99e310f87fab94c2f4b7d2a04f
798,D_93812_264,exact,85,85.0,explicit_score,b4944c6ff08dc6f43da2e9c824669b7d927dd1fa976fadc7b456881f51bf5ccc
799,G_76957_right_2150,exact,65,65.0,explicit_score,108c995b953c8a35561103e2014cf828eb654a99e310f87fab94c2f4b7d2a04f
800,D_32467_56,exact,65,65.0,explicit_score,108c995b953c8a35561103e2014cf828eb654a99e310f87fab94c2f4b7d2a04f
801,G_74850_left_1984,exact,65,65.0,explicit_score,108c995b953c8a35561103e2014cf828eb654a99e310f87fab94c2f4b7d2a04f
802,I_27295_57145_left_x,exact,65,65.0,explicit_score,108c995b953c8a35561103e2014cf828eb654a99e310f87fab94c2f4b7d2a04f
803,D_74850_205,exact,0,0.0,explicit_score,5feceb66ffc86f38d952786c6d696c79c2dbc239dd4e91b46729d73a27fb57e9
804,G_56583_left_854,exact,65,65.0,explicit_score,108c995b953c8a35561103e2014cf828eb654a99e310f87fab94c2f4b7d2a04f
805,I_24101_74850_left_x,exact,65,65.0,explicit_score,108c995b953c8a35561103e2014cf828eb654a99e310f87fab94c2f4b7d2a04f
806,I_69658_99775_left_x,exact,65,65.0,explicit_score,108c995b953c8a35561103e2014cf828eb654a99e310f87fab94c2f4b7d2a04f
807,G_87757_left_2380,exact,65,65.0,explicit_score,108c995b953c8a35561103e2014cf828eb654a99e310f87fab94c2f4b7d2a04f
808,D_24101_26,exact,85,85.0,explicit_score,b4944c6ff08dc6f43da2e9c824669b7d927dd1fa976fadc7b456881f51bf5ccc
809,I_24101_89171_left_s,exact,65,65.0,explicit_score,108c995b953c8a35561103e2014cf828eb654a99e310f87fab94c2f4b7d2a04f
810,G_87757_left_2369,exact,65,65.0,explicit_score,108c995b953c8a35561103e2014cf828eb654a99e310f87fab94c2f4b7d2a04f
811,G_87757_left_2346,exact,65,65.0,explicit_score,108c995b953c8a35561103e2014cf828eb654a99e310f87fab94c2f4b7d2a04f
812,G_65052_left_1788,exact,65,65.0,explicit_score,108c995b953c8a35561103e2014cf828eb654a99e310f87fab94c2f4b7d2a04f
813,I_43210_63029_left_x,exact,65,65.0,explicit_score,108c995b953c8a35561103e2014cf828eb654a99e310f87fab94c2f4b7d2a04f
814,I_20294_44595_right_x,exact,65,65.0,explicit_score,108c995b953c8a35561103e2014cf828eb654a99e310f87fab94c2f4b7d2a04f
815,D_99775_295,exact,65,65.0,explicit_score,108c995b953c8a35561103e2014cf828eb654a99e310f87fab94c2f4b7d2a04f
816,G_69658_right_1941,exact,85,85.0,explicit_score,b4944c6ff08dc6f43da2e9c824669b7d927dd1fa976fadc7b456881f51bf5ccc
817,D_89171_255,exact,65,65.0,explicit_score,108c995b953c8a35561103e2014cf828eb654a99e310f87fab94c2f4b7d2a04f
818,G_27295_left_322,exact,65,65.0,explicit_score,108c995b953c8a35561103e2014cf828eb654a99e310f87fab94c2f4b7d2a04f
819,G_74850_left_1991,exact,65,65.0,explicit_score,108c995b953c8a35561103e2014cf828eb654a99e310f87fab94c2f4b7d2a04f
820,I_69658_87757_right_x,exact,65,65.0,explicit_score,108c995b953c8a35561103e2014cf828eb654a99e310f87fab94c2f4b7d2a04f
821,G_44595_right_808,exact,65,65.0,explicit_score,108c995b953c8a35561103e2014cf828eb654a99e310f87fab94c2f4b7d2a04f
822,D_43210_71,exact,65,65.0,explicit_score,108c995b953c8a35561103e2014cf828eb654a99e310f87fab94c2f4b7d2a04f
823,D_76957_224,exact,65,65.0,explicit_score,108c995b953c8a35561103e2014cf828eb654a99e310f87fab94c2f4b7d2a04f
824,G_32467_right_493,exact,65,65.0,explicit_score,108c995b953c8a35561103e2014cf828eb654a99e310f87fab94c2f4b7d2a04f
825,I_44595_76957_right_x,exact,65,65.0,explicit_score,108c995b953c8a35561103e2014cf828eb654a99e310f87fab94c2f4b7d2a04f
826,I_20294_58398_right_x,exact,65,65.0,explicit_score,108c995b953c8a35561103e2014cf828eb654a99e310f87fab94c2f4b7d2a04f
827,D_96608_281,exact,65,65.0,explicit_score,108c995b953c8a35561103e2014cf828eb654a99e310f87fab94c2f4b7d2a04f
828,I_44595_58398_right_s,exact,65,65.0,explicit_score,108c995b953c8a35561103e2014cf828eb654a99e310f87fab94c2f4b7d2a04f
829,G_57833_right_1246,exact,85,85.0,explicit_score,b4944c6ff08dc6f43da2e9c824669b7d927dd1fa976fadc7b456881f51bf5ccc
830,I_43210_83742_left_x,exact,0,0.0,explicit_score,5feceb66ffc86f38d952786c6d696c79c2dbc239dd4e91b46729d73a27fb57e9
831,I_43210_99775_left_s,exact,65,65.0,explicit_score,108c995b953c8a35561103e2014cf828eb654a99e310f87fab94c2f4b7d2a04f
832,G_24101_right_307,exact,95,95.0,explicit_score,ad48ff99415b2f007dc35b7eb553fd1eb35ebfa2f2f308acd9488eeb86f71fa8
833,I_47904_57145_right_s,exact,65,65.0,explicit_score,108c995b953c8a35561103e2014cf828eb654a99e310f87fab94c2f4b7d2a04f
834,D_44595_76,exact,65,65.0,explicit_score,108c995b953c8a35561103e2014cf828eb654a99e310f87fab94c2f4b7d2a04f
835,D_20294_23,exact,65,65.0,explicit_score,108c995b953c8a35561103e2014cf828eb654a99e310f87fab94c2f4b7d2a04f
836,I_57145_69658_left_s,exact,65,65.0,explicit_score,108c995b953c8a35561103e2014cf828eb654a99e310f87fab94c2f4b7d2a04f
837,G_58398_right_1350,exact,0,0.0,explicit_score,5feceb66ffc86f38d952786c6d696c79c2dbc239dd4e91b46729d73a27fb57e9
838,G_83742_right_2271,exact,95,95.0,explicit_score,ad48ff99415b2f007dc35b7eb553fd1eb35ebfa2f2f308acd9488eeb86f71fa8
839,G_89171_right_2566,exact,95,95.0,explicit_score,ad48ff99415b2f007dc35b7eb553fd1eb35ebfa2f2f308acd9488eeb86f71fa8
840,D_65030_171,exact,65,65.0,explicit_score,108c995b953c8a35561103e2014cf828eb654a99e310f87fab94c2f4b7d2a04f
841,I_58398_93812_left_x,exact,65,65.0,explicit_score,108c995b953c8a35561103e2014cf828eb654a99e310f87fab94c2f4b7d2a04f
842,G_27295_right_408,exact,65,65.0,explicit_score,108c995b953c8a35561103e2014cf828eb654a99e310f87fab94c2f4b7d2a04f
843,G_69658_left_1865,exact,65,65.0,explicit_score,108c995b953c8a35561103e2014cf828eb654a99e310f87fab94c2f4b7d2a04f
844,I_47904_76957_right_x,exact,65,65.0,explicit_score,108c995b953c8a35561103e2014cf828eb654a99e310f87fab94c2f4b7d2a04f
845,I_24101_96608_right_s,exact,65,65.0,explicit_score,108c995b953c8a35561103e2014cf828eb654a99e310f87fab94c2f4b7d2a04f
846,D_99775_296,exact,65,65.0,explicit_score,108c995b953c8a35561103e2014cf828eb654a99e310f87fab94c2f4b7d2a04f
847,G_65052_right_1814,exact,65,65.0,explicit_score,108c995b953c8a35561103e2014cf828eb654a99e310f87fab94c2f4b7d2a04f
848,D_56583_101,exact,65,65.0,explicit_score,108c995b953c8a35561103e2014cf828eb654a99e310f87fab94c2f4b7d2a04f
849,I_44595_69658_right_x,exact,65,65.0,explicit_score,108c995b953c8a35561103e2014cf828eb654a99e310f87fab94c2f4b7d2a04f
850,I_43210_58793_right_s,exact,65,65.0,explicit_score,108c995b953c8a35561103e2014cf828eb654a99e310f87fab94c2f4b7d2a04f
851,I_58398_74850_left_s,exact,65,65.0,explicit_score,108c995b953c8a35561103e2014cf828eb654a99e310f87fab94c2f4b7d2a04f
852,G_74850_right_2022,exact,65,65.0,explicit_score,108c995b953c8a35561103e2014cf828eb654a99e310f87fab94c2f4b7d2a04f
853,G_74850_left_1997,exact,65,65.0,explicit_score,108c995b953c8a35561103e2014cf828eb654a99e310f87fab94c2f4b7d2a04f
854,I_63029_87757_right_x,exact,65,65.0,explicit_score,108c995b953c8a35561103e2014cf828eb654a99e310f87fab94c2f4b7d2a04f
855,D_43210_67,exact,65,65.0,explicit_score,108c995b953c8a35561103e2014cf828eb654a99e310f87fab94c2f4b7d2a04f
856,I_69658_99775_right_x,exact,65,65.0,explicit_score,108c995b953c8a35561103e2014cf828eb654a99e310f87fab94c2f4b7d2a04f
857,D_24101_29,exact,65,65.0,explicit_score,108c995b953c8a35561103e2014cf828eb654a99e310f87fab94c2f4b7d2a04f
858,G_99775_right_2916,exact,100,100.0,explicit_score,ad57366865126e55649ecb23ae1d48887544976efea46a48eb5d85a6eeb4d306
859,G_43210_left_569,exact,65,65.0,explicit_score,108c995b953c8a35561103e2014cf828eb654a99e310f87fab94c2f4b7d2a04f
860,G_44595_left_690,exact,65,65.0,explicit_score,108c995b953c8a35561103e2014cf828eb654a99e310f87fab94c2f4b7d2a04f
861,I_32467_93812_right_s,exact,65,65.0,explicit_score,108c995b953c8a35561103e2014cf828eb654a99e310f87fab94c2f4b7d2a04f
862,G_83742_left_2239,exact,65,65.0,explicit_score,108c995b953c8a35561103e2014cf828eb654a99e310f87fab94c2f4b7d2a04f
863,I_43210_87757_right_s,exact,85,85.0,explicit_score,b4944c6ff08dc6f43da2e9c824669b7d927dd1fa976fadc7b456881f51bf5ccc
864,G_58398_left_1307,exact,65,65.0,explicit_score,108c995b953c8a35561103e2014cf828eb654a99e310f87fab94c2f4b7d2a04f
865,G_87757_right_2453,exact,65,65.0,explicit_score,108c995b953c8a35561103e2014cf828eb654a99e310f87fab94c2f4b7d2a04f
866,D_65052_191,exact,65,65.0,explicit_score,108c995b953c8a35561103e2014cf828eb654a99e310f87fab94c2f4b7d2a04f
867,I_43210_57145_left_x,exact,65,65.0,explicit_score,108c995b953c8a35561103e2014cf828eb654a99e310f87fab94c2f4b7d2a04f
868,I_58398_63029_left_s,exact,65,65.0,explicit_score,108c995b953c8a35561103e2014cf828eb654a99e310f87fab94c2f4b7d2a04f
869,I_69658_96608_left_s,exact,65,65.0,explicit_score,108c995b953c8a35561103e2014cf828eb654a99e310f87fab94c2f4b7d2a04f
870,G_47904_right_826,exact,85,85.0,explicit_score,b4944c6ff08dc6f43da2e9c824669b7d927dd1fa976fadc7b456881f51bf5ccc
871,G_27295_left_343,exact,65,65.0,explicit_score,108c995b953c8a35561103e2014cf828eb654a99e310f87fab94c2f4b7d2a04f
872,D_87757_245,exact,65,65.0,explicit_score,108c995b953c8a35561103e2014cf828eb654a99e310f87fab94c2f4b7d2a04f
873,D_57145_114,exact,65,65.0,explicit_score,108c995b953c8a35561103e2014cf828eb654a99e310f87fab94c2f4b7d2a04f
874,I_69658_96608_right_x,exact,65,65.0,explicit_score,108c995b953c8a35561103e2014cf828eb654a99e310f87fab94c2f4b7d2a04f
875,G_99775_right_2908,exact,85,85.0,explicit_score,b4944c6ff08dc6f43da2e9c824669b7d927dd1fa976fadc7b456881f51bf5ccc
876,I_32467_47904_right_x,exact,65,65.0,explicit_score,108c995b953c8a35561103e2014cf828eb654a99e310f87fab94c2f4b7d2a04f
877,G_27295_left_320,exact,65,65.0,explicit_score,108c995b953c8a35561103e2014cf828eb654a99e310f87fab94c2f4b7d2a04f
878,I_87757_96608_right_x,exact,65,65.0,explicit_score,108c995b953c8a35561103e2014cf828eb654a99e310f87fab94c2f4b7d2a04f
879,D_27295_36,exact,0,0.0,explicit_score,5feceb66ffc86f38d952786c6d696c79c2dbc239dd4e91b46729d73a27fb57e9
880,I_63029_87757_left_x,exact,65,65.0,explicit_score,108c995b953c8a35561103e2014cf828eb654a99e310f87fab94c2f4b7d2a04f
881,D_99775_289,exact,65,65.0,explicit_score,108c995b953c8a35561103e2014cf828eb654a99e310f87fab94c2f4b7d2a04f
882,I_32467_65052_left_x,exact,65,65.0,explicit_score,108c995b953c8a35561103e2014cf828eb654a99e310f87fab94c2f4b7d2a04f
883,G_32467_left_470,exact,85,85.0,explicit_score,b4944c6ff08dc6f43da2e9c824669b7d927dd1fa976fadc7b456881f51bf5ccc
884,G_89171_right_2535,exact,85,85.0,explicit_score,b4944c6ff08dc6f43da2e9c824669b7d927dd1fa976fadc7b456881f51bf5ccc
885,D_32467_52,exact,65,65.0,explicit_score,108c995b953c8a35561103e2014cf828eb654a99e310f87fab94c2f4b7d2a04f
886,I_44595_93812_left_s,exact,65,65.0,explicit_score,108c995b953c8a35561103e2014cf828eb654a99e310f87fab94c2f4b7d2a04f
887,I_57833_65030_right_s,exact,65,65.0,explicit_score,108c995b953c8a35561103e2014cf828eb654a99e310f87fab94c2f4b7d2a04f
888,G_96608_right_2816,exact,85,85.0,explicit_score,b4944c6ff08dc6f43da2e9c824669b7d927dd1fa976fadc7b456881f51bf5ccc
889,D_24101_31,exact,65,65.0,explicit_score,108c995b953c8a35561103e2014cf828eb654a99e310f87fab94c2f4b7d2a04f
890,I_27295_96608_left_x,exact,65,65.0,explicit_score,108c995b953c8a35561103e2014cf828eb654a99e310f87fab94c2f4b7d2a04f
891,G_44595_left_686,exact,65,65.0,explicit_score,108c995b953c8a35561103e2014cf828eb654a99e310f87fab94c2f4b7d2a04f
892,G_14493_right_72,exact,65,65.0,explicit_score,108c995b953c8a35561103e2014cf828eb654a99e310f87fab94c2f4b7d2a04f
893,D_43210_64,exact,65,65.0,explicit_score,108c995b953c8a35561103e2014cf828eb654a99e310f87fab94c2f4b7d2a04f
894,I_56583_99775_right_x,exact,65,65.0,explicit_score,108c995b953c8a35561103e2014cf828eb654a99e310f87fab94c2f4b7d2a04f
895,D_58398_138,exact,65,65.0,explicit_score,108c995b953c8a35561103e2014cf828eb654a99e310f87fab94c2f4b7d2a04f
896,I_14493_65030_right_s,exact,65,65.0,explicit_score,108c995b953c8a35561103e2014cf828eb654a99e310f87fab94c2f4b7d2a04f
897,G_99775_right_2914,exact,65,65.0,explicit_score,108c995b953c8a35561103e2014cf828eb654a99e310f87fab94c2f4b7d2a04f
898,I_65052_83742_right_x,exact,65,65.0,explicit_score,108c995b953c8a35561103e2014cf828eb654a99e310f87fab94c2f4b7d2a04f
899,G_27295_left_342,exact,100,100.0,explicit_score,ad57366865126e55649ecb23ae1d48887544976efea46a48eb5d85a6eeb4d306
900,D_63029_158,exact,65,65.0,explicit_score,108c995b953c8a35561103e2014cf828eb654a99e310f87fab94c2f4b7d2a04f
901,I_20294_47904_left_s,exact,85,85.0,explicit_score,b4944c6ff08dc6f43da2e9c824669b7d927dd1fa976fadc7b456881f51bf5ccc
902,G_57145_left_1034,exact,65,65.0,explicit_score,108c995b953c8a35561103e2014cf828eb654a99e310f87fab94c2f4b7d2a04f
903,G_57833_right_1255,exact,65,65.0,explicit_score,108c995b953c8a35561103e2014cf828eb654a99e310f87fab94c2f4b7d2a04f
904,G_69658_right_1910,exact,65,65.0,explicit_score,108c995b953c8a35561103e2014cf828eb654a99e310f87fab94c2f4b7d2a04f
905,I_65030_76957_right_s,exact,85,85.0,explicit_score,b4944c6ff08dc6f43da2e9c824669b7d927dd1fa976fadc7b456881f51bf5ccc
906,I_56583_96608_right_s,exact,85,85.0,explicit_score,b4944c6ff08dc6f43da2e9c824669b7d927dd1fa976fadc7b456881f51bf5ccc
907,I_14493_58398_left_s,exact,65,65.0,explicit_score,108c995b953c8a35561103e2014cf828eb654a99e310f87fab94c2f4b7d2a04f
908,G_20294_right_235,exact,85,85.0,explicit_score,b4944c6ff08dc6f43da2e9c824669b7d927dd1fa976fadc7b456881f51bf5ccc
909,G_76957_right_2135,exact,65,65.0,explicit_score,108c995b953c8a35561103e2014cf828eb654a99e310f87fab94c2f4b7d2a04f
910,I_14493_87757_right_x,exact,65,65.0,explicit_score,108c995b953c8a35561103e2014cf828eb654a99e310f87fab94c2f4b7d2a04f
911,I_20294_32467_left_s,exact,65,65.0,explicit_score,108c995b953c8a35561103e2014cf828eb654a99e310f87fab94c2f4b7d2a04f
912,G_65052_right_1845,exact,65,65.0,explicit_score,108c995b953c8a35561103e2014cf828eb654a99e310f87fab94c2f4b7d2a04f
913,I_58793_65052_left_x,exact,65,65.0,explicit_score,108c995b953c8a35561103e2014cf828eb654a99e310f87fab94c2f4b7d2a04f
914,D_14493_1,exact,65,65.0,explicit_score,108c995b953c8a35561103e2014cf828eb654a99e310f87fab94c2f4b7d2a04f
915,G_43210_right_681,exact,95,95.0,explicit_score,ad48ff99415b2f007dc35b7eb553fd1eb35ebfa2f2f308acd9488eeb86f71fa8
916,I_43210_44595_left_s,exact,65,65.0,explicit_score,108c995b953c8a35561103e2014cf828eb654a99e310f87fab94c2f4b7d2a04f
917,D_58793_151,exact,65,65.0,explicit_score,108c995b953c8a35561103e2014cf828eb654a99e310f87fab94c2f4b7d2a04f
918,G_65030_right_1707,exact,65,65.0,explicit_score,108c995b953c8a35561103e2014cf828eb654a99e310f87fab94c2f4b7d2a04f
919,I_58398_87757_right_x,exact,65,65.0,explicit_score,108c995b953c8a35561103e2014cf828eb654a99e310f87fab94c2f4b7d2a04f
920,G_93812_right_2693,exact,65,65.0,explicit_score,108c995b953c8a35561103e2014cf828eb654a99e310f87fab94c2f4b7d2a04f
921,I_27295_87757_left_s,exact,65,65.0,explicit_score,108c995b953c8a35561103e2014cf828eb654a99e310f87fab94c2f4b7d2a04f
922,D_89171_256,exact,65,65.0,explicit_score,108c995b953c8a35561103e2014cf828eb654a99e310f87fab94c2f4b7d2a04f
923,I_14493_57145_left_s,exact,85,85.0,explicit_score,b4944c6ff08dc6f43da2e9c824669b7d927dd1fa976fadc7b456881f51bf5ccc
924,I_24101_93812_right_x,exact,65,65.0,explicit_score,108c995b953c8a35561103e2014cf828eb654a99e310f87fab94c2f4b7d2a04f
925,G_89171_right_2551,exact,65,65.0,explicit_score,108c995b953c8a35561103e2014cf828eb654a99e310f87fab94c2f4b7d2a04f
926,G_47904_left_824,exact,85,85.0,explicit_score,b4944c6ff08dc6f43da2e9c824669b7d927dd1fa976fadc7b456881f51bf5ccc
927,I_47904_99775_right_x,exact,65,65.0,explicit_score,108c995b953c8a35561103e2014cf828eb654a99e310f87fab94c2f4b7d2a04f
928,D_76957_221,exact,65,65.0,explicit_score,108c995b953c8a35561103e2014cf828eb654a99e310f87fab94c2f4b7d2a04f
929,G_44595_left_711,exact,65,65.0,explicit_score,108c995b953c8a35561103e2014cf828eb654a99e310f87fab94c2f4b7d2a04f
930,I_32467_58398_left_s,exact,65,65.0,explicit_score,108c995b953c8a35561103e2014cf828eb654a99e310f87fab94c2f4b7d2a04f
931,I_58398_69658_right_s,exact,65,65.0,explicit_score,108c995b953c8a35561103e2014cf828eb654a99e310f87fab94c2f4b7d2a04f
932,I_20294_89171_left_x,exact,65,65.0,explicit_score,108c995b953c8a35561103e2014cf828eb654a99e310f87fab94c2f4b7d2a04f
933,G_57145_right_1045,exact,65,65.0,explicit_score,108c995b953c8a35561103e2014cf828eb654a99e310f87fab94c2f4b7d2a04f
934,D_56583_102,exact,65,65.0,explicit_score,108c995b953c8a35561103e2014cf828eb654a99e310f87fab94c2f4b7d2a04f
935,D_58398_135,exact,65,65.0,explicit_score,108c995b953c8a35561103e2014cf828eb654a99e310f87fab94c2f4b7d2a04f
936,I_20294_27295_right_s,exact,65,65.0,explicit_score,108c995b953c8a35561103e2014cf828eb654a99e310f87fab94c2f4b7d2a04f
937,I_69658_76957_right_x,exact,65,65.0,explicit_score,108c995b953c8a35561103e2014cf828eb654a99e310f87fab94c2f4b7d2a04f
938,I_27295_47904_right_s,exact,65,65.0,explicit_score,108c995b953c8a35561103e2014cf828eb654a99e310f87fab94c2f4b7d2a04f
939,I_44595_47904_right_x,exact,65,65.0,explicit_score,108c995b953c8a35561103e2014cf828eb654a99e310f87fab94c2f4b7d2a04f
940,D_58793_146,exact,65,65.0,explicit_score,108c995b953c8a35561103e2014cf828eb654a99e310f87fab94c2f4b7d2a04f
941,D_47904_93,exact,65,65.0,explicit_score,108c995b953c8a35561103e2014cf828eb654a99e310f87fab94c2f4b7d2a04f
942,I_24101_57833_left_s,exact,65,65.0,explicit_score,108c995b953c8a35561103e2014cf828eb654a99e310f87fab94c2f4b7d2a04f
943,G_44595_right_786,exact,65,65.0,explicit_score,108c995b953c8a35561103e2014cf828eb654a99e310f87fab94c2f4b7d2a04f
944,G_47904_left_816,exact,85,85.0,explicit_score,b4944c6ff08dc6f43da2e9c824669b7d927dd1fa976fadc7b456881f51bf5ccc
945,G_58793_right_1470,exact,85,85.0,explicit_score,b4944c6ff08dc6f43da2e9c824669b7d927dd1fa976fadc7b456881f51bf5ccc
946,G_20294_right_247,exact,65,65.0,explicit_score,108c995b953c8a35561103e2014cf828eb654a99e310f87fab94c2f4b7d2a04f
947,D_99775_292,exact,65,65.0,explicit_score,108c995b953c8a35561103e2014cf828eb654a99e310f87fab94c2f4b7d2a04f
948,I_65052_93812_left_x,exact,65,65.0,explicit_score,108c995b953c8a35561103e2014cf828eb654a99e310f87fab94c2f4b7d2a04f
949,I_47904_96608_left_s,exact,85,85.0,explicit_score,b4944c6ff08dc6f43da2e9c824669b7d927dd1fa976fadc7b456881f51bf5ccc
950,G_87757_right_2417,exact,65,65.0,explicit_score,108c995b953c8a35561103e2014cf828eb654a99e310f87fab94c2f4b7d2a04f
951,G_69658_right_1919,exact,65,65.0,explicit_score,108c995b953c8a35561103e2014cf828eb654a99e310f87fab94c2f4b7d2a04f
952,I_32467_76957_right_s,exact,85,85.0,explicit_score,b4944c6ff08dc6f43da2e9c824669b7d927dd1fa976fadc7b456881f51bf5ccc
953,I_14493_74850_right_s,exact,65,65.0,explicit_score,108c995b953c8a35561103e2014cf828eb654a99e310f87fab94c2f4b7d2a04f
954,D_44595_72,exact,65,65.0,explicit_score,108c995b953c8a35561103e2014cf828eb654a99e310f87fab94c2f4b7d2a04f
955,D_65052_181,exact,65,65.0,explicit_score,108c995b953c8a35561103e2014cf828eb654a99e310f87fab94c2f4b7d2a04f
956,I_14493_44595_right_s,exact,65,65.0,explicit_score,108c995b953c8a35561103e2014cf828eb654a99e310f87fab94c2f4b7d2a04f
957,I_87757_89171_right_s,exact,65,65.0,explicit_score,108c995b953c8a35561103e2014cf828eb654a99e310f87fab94c2f4b7d2a04f
958,G_89171_right_2568,exact,65,65.0,explicit_score,108c995b953c8a35561103e2014cf828eb654a99e310f87fab94c2f4b7d2a04f
959,G_32467_left_480,exact,85,85.0,explicit_score,b4944c6ff08dc6f43da2e9c824669b7d927dd1fa976fadc7b456881f51bf5ccc
960,G_89171_right_2581,exact,95,95.0,explicit_score,ad48ff99415b2f007dc35b7eb553fd1eb35ebfa2f2f308acd9488eeb86f71fa8
961,I_44595_83742_right_s,exact,65,65.0,explicit_score,108c995b953c8a35561103e2014cf828eb654a99e310f87fab94c2f4b7d2a04f
962,D_74850_204,exact,65,65.0,explicit_score,108c995b953c8a35561103e2014cf828eb654a99e310f87fab94c2f4b7d2a04f
963,D_56583_106,exact,65,65.0,explicit_score,108c995b953c8a35561103e2014cf828eb654a99e310f87fab94c2f4b7d2a04f
964,G_65030_left_1655,exact,65,65.0,explicit_score,108c995b953c8a35561103e2014cf828eb654a99e310f87fab94c2f4b7d2a04f
965,G_32467_left_424,exact,65,65.0,explicit_score,108c995b953c8a35561103e2014cf828eb654a99e310f87fab94c2f4b7d2a04f
966,I_44595_56583_left_x,exact,65,65.0,explicit_score,108c995b953c8a35561103e2014cf828eb654a99e310f87fab94c2f4b7d2a04f
967,I_76957_89171_left_s,exact,65,65.0,explicit_score,108c995b953c8a35561103e2014cf828eb654a99e310f87fab94c2f4b7d2a04f
968,G_43210_right_653,exact,65,65.0,explicit_score,108c995b953c8a35561103e2014cf828eb654a99e310f87fab94c2f4b7d2a04f
969,I_65030_87757_right_x,exact,65,65.0,explicit_score,108c995b953c8a35561103e2014cf828eb654a99e310f87fab94c2f4b7d2a04f
970,I_27295_76957_right_s,exact,65,65.0,explicit_score,108c995b953c8a35561103e2014cf828eb654a99e310f87fab94c2f4b7d2a04f
971,G_74850_left_2003,exact,85,85.0,explicit_score,b4944c6ff08dc6f43da2e9c824669b7d927dd1fa976fadc7b456881f51bf5ccc
972,D_63029_161,exact,65,65.0,explicit_score,108c995b953c8a35561103e2014cf828eb654a99e310f87fab94c2f4b7d2a04f
973,D_27295_37,exact,65,65.0,explicit_score,108c995b953c8a35561103e2014cf828eb654a99e310f87fab94c2f4b7d2a04f
974,G_56583_right_914,exact,65,65.0,explicit_score,108c995b953c8a35561103e2014cf828eb654a99e310f87fab94c2f4b7d2a04f
975,G_89171_right_2533,exact,85,85.0,explicit_score,b4944c6ff08dc6f43da2e9c824669b7d927dd1fa976fadc7b456881f51bf5ccc
976,G_74850_left_1996,exact,65,65.0,explicit_score,108c995b953c8a35561103e2014cf828eb654a99e310f87fab94c2f4b7d2a04f
977,I_69658_96608_left_x,exact,65,65.0,explicit_score,108c995b953c8a35561103e2014cf828eb654a99e310f87fab94c2f4b7d2a04f
978,I_47904_96608_right_s,exact,65,65.0,explicit_score,108c995b953c8a35561103e2014cf828eb654a99e310f87fab94c2f4b7d2a04f
979,G_65052_right_1792,exact,85,85.0,explicit_score,b4944c6ff08dc6f43da2e9c824669b7d927dd1fa976fadc7b456881f51bf5ccc
980,G_14493_left_46,exact,65,65.0,explicit_score,108c995b953c8a35561103e2014cf828eb654a99e310f87fab94c2f4b7d2a04f
981,I_14493_24101_right_x,exact,65,65.0,explicit_score,108c995b953c8a35561103e2014cf828eb654a99e310f87fab94c2f4b7d2a04f
982,D_93812_266,exact,65,65.0,explicit_score,108c995b953c8a35561103e2014cf828eb654a99e310f87fab94c2f4b7d2a04f
983,G_32467_left_461,exact,65,65.0,explicit_score,108c995b953c8a35561103e2014cf828eb654a99e310f87fab94c2f4b7d2a04f
984,G_63029_right_1593,exact,65,65.0,explicit_score,108c995b953c8a35561103e2014cf828eb654a99e310f87fab94c2f4b7d2a04f
985,D_83742_237,exact,65,65.0,explicit_score,108c995b953c8a35561103e2014cf828eb654a99e310f87fab94c2f4b7d2a04f
986,G_20294_right_270,exact,85,85.0,explicit_score,b4944c6ff08dc6f43da2e9c824669b7d927dd1fa976fadc7b456881f51bf5ccc
987,G_87757_right_2436,exact,65,65.0,explicit_score,108c995b953c8a35561103e2014cf828eb654a99e310f87fab94c2f4b7d2a04f
988,D_56583_96,exact,85,85.0,explicit_score,b4944c6ff08dc6f43da2e9c824669b7d927dd1fa976fadc7b456881f51bf5ccc
989,I_44595_65030_right_x,exact,65,65.0,explicit_score,108c995b953c8a35561103e2014cf828eb654a99e310f87fab94c2f4b7d2a04f
990,G_20294_right_236,exact,65,65.0,explicit_score,108c995b953c8a35561103e2014cf828eb654a99e310f87fab94c2f4b7d2a04f
991,G_99775_left_2838,exact,65,65.0,explicit_score,108c995b953c8a35561103e2014cf828eb654a99e310f87fab94c2f4b7d2a04f
992,G_99775_right_2943,exact,65,65.0,explicit_score,108c995b953c8a35561103e2014cf828eb654a99e310f87fab94c2f4b7d2a04f
993,G_27295_right_391,exact,65,65.0,explicit_score,108c995b953c8a35561103e2014cf828eb654a99e310f87fab94c2f4b7d2a04f
994,G_58398_right_1339,exact,65,65.0,explicit_score,108c995b953c8a35561103e2014cf828eb654a99e310f87fab94c2f4b7d2a04f
995,D_83742_230,exact,65,65.0,explicit_score,108c995b953c8a35561103e2014cf828eb654a99e310f87fab94c2f4b7d2a04f
996,G_20294_left_146,exact,85,85.0,explicit_score,b4944c6ff08dc6f43da2e9c824669b7d927dd1fa976fadc7b456881f51bf5ccc
997,I_57145_58398_right_x,exact,65,65.0,explicit_score,108c995b953c8a35561103e2014cf828eb654a99e310f87fab94c2f4b7d2a04f
998,I_20294_57833_right_x,exact,65,65.0,explicit_score,108c995b953c8a35561103e2014cf828eb654a99e310f87fab94c2f4b7d2a04f
999,D_89171_263,exact,65,65.0,explicit_score,108c995b953c8a35561103e2014cf828eb654a99e310f87fab94c2f4b7d2a04f
1000,G_96608_right_2805,exact,65,65.0,explicit_score,108c995b953c8a35561103e2014cf828eb654a99e310f87fab94c2f4b7d2a04f
1001,G_56583_left_870,exact,65,65.0,explicit_score,108c995b953c8a35561103e2014cf828eb654a99e310f87fab94c2f4b7d2a04f
1002,D_24101_30,exact,65,65.0,explicit_score,108c995b953c8a35561103e2014cf828eb654a99e310f87fab94c2f4b7d2a04f
1003,D_43210_65,exact,85,85.0,explicit_score,b4944c6ff08dc6f43da2e9c824669b7d927dd1fa976fadc7b456881f51bf5ccc
1004,I_58398_74850_right_s,exact,65,65.0,explicit_score,108c995b953c8a35561103e2014cf828eb654a99e310f87fab94c2f4b7d2a04f
1005,G_14493_left_2,exact,85,85.0,explicit_score,b4944c6ff08dc6f43da2e9c824669b7d927dd1fa976fadc7b456881f51bf5ccc
1006,I_74850_93812_right_s,exact,65,65.0,explicit_score,108c995b953c8a35561103e2014cf828eb654a99e310f87fab94c2f4b7d2a04f
1007,G_57145_left_1028,exact,100,100.0,explicit_score,ad57366865126e55649ecb23ae1d48887544976efea46a48eb5d85a6eeb4d306
1008,G_24101_right_300,exact,65,65.0,explicit_score,108c995b953c8a35561103e2014cf828eb654a99e310f87fab94c2f4b7d2a04f
1009,G_32467_right_543,exact,65,65.0,explicit_score,108c995b953c8a35561103e2014cf828eb654a99e310f87fab94c2f4b7d2a04f
1010,G_96608_left_2700,exact,85,85.0,explicit_score,b4944c6ff08dc6f43da2e9c824669b7d927dd1fa976fadc7b456881f51bf5ccc
1011,G_47904_left_821,exact,65,65.0,explicit_score,108c995b953c8a35561103e2014cf828eb654a99e310f87fab94c2f4b7d2a04f
1012,G_58793_left_1394,exact,65,65.0,explicit_score,108c995b953c8a35561103e2014cf828eb654a99e310f87fab94c2f4b7d2a04f
1013,G_57833_right_1193,exact,65,65.0,explicit_score,108c995b953c8a35561103e2014cf828eb654a99e310f87fab94c2f4b7d2a04f
1014,G_20294_left_178,exact,65,65.0,explicit_score,108c995b953c8a35561103e2014cf828eb654a99e310f87fab94c2f4b7d2a04f
1015,G_65030_right_1687,exact,65,65.0,explicit_score,108c995b953c8a35561103e2014cf828eb654a99e310f87fab94c2f4b7d2a04f
1016,I_20294_43210_right_s,exact,85,85.0,explicit_score,b4944c6ff08dc6f43da2e9c824669b7d927dd1fa976fadc7b456881f51bf5ccc
1017,I_14493_76957_left_s,exact,85,85.0,explicit_score,b4944c6ff08dc6f43da2e9c824669b7d927dd1fa976fadc7b456881f51bf5ccc
1018,I_58793_96608_left_x,exact,65,65.0,explicit_score,108c995b953c8a35561103e2014cf828eb654a99e310f87fab94c2f4b7d2a04f
1019,I_32467_56583_left_x,exact,65,65.0,explicit_score,108c995b953c8a35561103e2014cf828eb654a99e310f87fab94c2f4b7d2a04f
1020,G_27295_left_360,exact,65,65.0,explicit_score,108c995b953c8a35561103e2014cf828eb654a99e310f87fab94c2f4b7d2a04f
1021,D_93812_271,exact,65,65.0,explicit_score,108c995b953c8a35561103e2014cf828eb654a99e310f87fab94c2f4b7d2a04f
1022,I_20294_58793_left_x,exact,65,65.0,explicit_score,108c995b953c8a35561103e2014cf828eb654a99e310f87fab94c2f4b7d2a04f
1023,G_58398_right_1343,exact,0,0.0,explicit_score,5feceb66ffc86f38d952786c6d696c79c2dbc239dd4e91b46729d73a27fb57e9
1024,G_69658_right_1935,exact,65,65.0,explicit_score,108c995b953c8a35561103e2014cf828eb654a99e310f87fab94c2f4b7d2a04f
1025,I_43210_58398_right_x,exact,65,65.0,explicit_score,108c995b953c8a35561103e2014cf828eb654a99e310f87fab94c2f4b7d2a04f
1026,I_43210_76957_left_s,exact,65,65.0,explicit_score,108c995b953c8a35561103e2014cf828eb654a99e310f87fab94c2f4b7d2a04f
1027,G_32467_right_492,exact,65,65.0,explicit_score,108c995b953c8a35561103e2014cf828eb654a99e310f87fab94c2f4b7d2a04f
1028,G_65030_left_1641,exact,65,65.0,explicit_score,108c995b953c8a35561103e2014cf828eb654a99e310f87fab94c2f4b7d2a04f
1029,I_20294_69658_left_s,exact,65,65.0,explicit_score,108c995b953c8a35561103e2014cf828eb654a99e310f87fab94c2f4b7d2a04f
1030,I_58793_89171_right_s,exact,85,85.0,explicit_score,b4944c6ff08dc6f43da2e9c824669b7d927dd1fa976fadc7b456881f51bf5ccc
1031,I_56583_76957_right_s,exact,65,65.0,explicit_score,108c995b953c8a35561103e2014cf828eb654a99e310f87fab94c2f4b7d2a04f
1032,I_14493_99775_right_x,exact,65,65.0,explicit_score,108c995b953c8a35561103e2014cf828eb654a99e310f87fab94c2f4b7d2a04f
1033,I_56583_89171_left_x,exact,65,65.0,explicit_score,108c995b953c8a35561103e2014cf828eb654a99e310f87fab94c2f4b7d2a04f
1034,G_44595_right_777,exact,65,65.0,explicit_score,108c995b953c8a35561103e2014cf828eb654a99e310f87fab94c2f4b7d2a04f
1035,D_65030_170,exact,65,65.0,explicit_score,108c995b953c8a35561103e2014cf828eb654a99e310f87fab94c2f4b7d2a04f
1036,I_56583_87757_right_s,exact,85,85.0,explicit_score,b4944c6ff08dc6f43da2e9c824669b7d927dd1fa976fadc7b456881f51bf5ccc
1037,G_83742_left_2247,exact,65,65.0,explicit_score,108c995b953c8a35561103e2014cf828eb654a99e310f87fab94c2f4b7d2a04f
1038,D_57833_127,exact,65,65.0,explicit_score,108c995b953c8a35561103e2014cf828eb654a99e310f87fab94c2f4b7d2a04f
1039,D_65030_174,exact,65,65.0,explicit_score,108c995b953c8a35561103e2014cf828eb654a99e310f87fab94c2f4b7d2a04f
1040,G_76957_left_2124,exact,95,95.0,explicit_score,ad48ff99415b2f007dc35b7eb553fd1eb35ebfa2f2f308acd9488eeb86f71fa8
1041,G_58398_left_1277,exact,65,65.0,explicit_score,108c995b953c8a35561103e2014cf828eb654a99e310f87fab94c2f4b7d2a04f
1042,I_63029_65030_left_x,exact,65,65.0,explicit_score,108c995b953c8a35561103e2014cf828eb654a99e310f87fab94c2f4b7d2a04f
1043,G_56583_left_885,exact,65,65.0,explicit_score,108c995b953c8a35561103e2014cf828eb654a99e310f87fab94c2f4b7d2a04f
1044,D_65030_172,exact,65,65.0,explicit_score,108c995b953c8a35561103e2014cf828eb654a99e310f87fab94c2f4b7d2a04f
1045,G_63029_right_1594,exact,65,65.0,explicit_score,108c995b953c8a35561103e2014cf828eb654a99e310f87fab94c2f4b7d2a04f
1046,D_65052_182,exact,65,65.0,explicit_score,108c995b953c8a35561103e2014cf828eb654a99e310f87fab94c2f4b7d2a04f
1047,G_83742_right_2312,exact,65,65.0,explicit_score,108c995b953c8a35561103e2014cf828eb654a99e310f87fab94c2f4b7d2a04f
1048,I_83742_96608_left_s,exact,85,85.0,explicit_score,b4944c6ff08dc6f43da2e9c824669b7d927dd1fa976fadc7b456881f51bf5ccc
1049,I_24101_63029_right_x,exact,65,65.0,explicit_score,108c995b953c8a35561103e2014cf828eb654a99e310f87fab94c2f4b7d2a04f
1050,G_93812_left_2604,exact,65,65.0,explicit_score,108c995b953c8a35561103e2014cf828eb654a99e310f87fab94c2f4b7d2a04f
1051,I_44595_58398_left_x,exact,65,65.0,explicit_score,108c995b953c8a35561103e2014cf828eb654a99e310f87fab94c2f4b7d2a04f
1052,I_69658_99775_left_s,exact,65,65.0,explicit_score,108c995b953c8a35561103e2014cf828eb654a99e310f87fab94c2f4b7d2a04f
1053,I_24101_47904_left_s,exact,65,65.0,explicit_score,108c995b953c8a35561103e2014cf828eb654a99e310f87fab94c2f4b7d2a04f
1054,G_14493_right_96,exact,85,85.0,explicit_score,b4944c6ff08dc6f43da2e9c824669b7d927dd1fa976fadc7b456881f51bf5ccc
1055,G_65030_left_1669,exact,95,95.0,explicit_score,ad48ff99415b2f007dc35b7eb553fd1eb35ebfa2f2f308acd9488eeb86f71fa8
1056,I_65030_99775_right_x,exact,65,65.0,explicit_score,108c995b953c8a35561103e2014cf828eb654a99e310f87fab94c2f4b7d2a04f
1057,G_65052_left_1735,exact,65,65.0,explicit_score,108c995b953c8a35561103e2014cf828eb654a99e310f87fab94c2f4b7d2a04f
1058,G_24101_right_304,exact,65,65.0,explicit_score,108c995b953c8a35561103e2014cf828eb654a99e310f87fab94c2f4b7d2a04f
1059,I_87757_89171_right_x,exact,65,65.0,explicit_score,108c995b953c8a35561103e2014cf828eb654a99e310f87fab94c2f4b7d2a04f
1060,G_63029_right_1588,exact,65,65.0,explicit_score,108c995b953c8a35561103e2014cf828eb654a99e310f87fab94c2f4b7d2a04f
1061,G_57145_right_1117,exact,95,95.0,explicit_score,ad48ff99415b2f007dc35b7eb553fd1eb35ebfa2f2f308acd9488eeb86f71fa8
1062,I_65030_83742_left_x,exact,65,65.0,explicit_score,108c995b953c8a35561103e2014cf828eb654a99e310f87fab94c2f4b7d2a04f
1063,D_27295_45,exact,65,65.0,explicit_score,108c995b953c8a35561103e2014cf828eb654a99e310f87fab94c2f4b7d2a04f
1064,D_24101_35,exact,65,65.0,explicit_score,108c995b953c8a35561103e2014cf828eb654a99e310f87fab94c2f4b7d2a04f
1065,I_27295_74850_left_s,exact,65,65.0,explicit_score,108c995b953c8a35561103e2014cf828eb654a99e310f87fab94c2f4b7d2a04f
1066,I_58398_93812_right_s,exact,65,65.0,explicit_score,108c995b953c8a35561103e2014cf828eb654a99e310f87fab94c2f4b7d2a04f
1067,I_76957_96608_left_x,exact,65,65.0,explicit_score,108c995b953c8a35561103e2014cf828eb654a99e310f87fab94c2f4b7d2a04f
1068,I_32467_43210_left_s,exact,65,65.0,explicit_score,108c995b953c8a35561103e2014cf828eb654a99e310f87fab94c2f4b7d2a04f
1069,G_58793_left_1401,exact,65,65.0,explicit_score,108c995b953c8a35561103e2014cf828eb654a99e310f87fab94c2f4b7d2a04f
1070,I_57833_63029_right_x,exact,65,65.0,explicit_score,108c995b953c8a35561103e2014cf828eb654a99e310f87fab94c2f4b7d2a04f
1071,G_65052_right_1804,exact,65,65.0,explicit_score,108c995b953c8a35561103e2014cf828eb654a99e310f87fab94c2f4b7d2a04f
1072,G_63029_left_1511,exact,65,65.0,explicit_score,108c995b953c8a35561103e2014cf828eb654a99e310f87fab94c2f4b7d2a04f
1073,I_57145_58398_right_s,exact,65,65.0,explicit_score,108c995b953c8a35561103e2014cf828eb654a99e310f87fab94c2f4b7d2a04f
1074,G_20294_left_132,exact,85,85.0,explicit_score,b4944c6ff08dc6f43da2e9c824669b7d927dd1fa976fadc7b456881f51bf5ccc
1075,G_44595_right_807,exact,65,65.0,explicit_score,108c995b953c8a35561103e2014cf828eb654a99e310f87fab94c2f4b7d2a04f
1076,G_89171_left_2503,exact,65,65.0,explicit_score,108c995b953c8a35561103e2014cf828eb654a99e310f87fab94c2f4b7d2a04f
1077,G_44595_right_811,exact,95,95.0,explicit_score,ad48ff99415b2f007dc35b7eb553fd1eb35ebfa2f2f308acd9488eeb86f71fa8
1078,G_58793_left_1384,exact,65,65.0,explicit_score,108c995b953c8a35561103e2014cf828eb654a99e310f87fab94c2f4b7d2a04f
1079,I_24101_43210_left_s,exact,65,65.0,explicit_score,108c995b953c8a35561103e2014cf828eb654a99e310f87fab94c2f4b7d2a04f
1080,I_56583_96608_left_x,exact,65,65.0,explicit_score,108c995b953c8a35561103e2014cf828eb654a99e310f87fab94c2f4b7d2a04f
1081,G_24101_right_298,exact,85,85.0,explicit_score,b4944c6ff08dc6f43da2e9c824669b7d927dd1fa976fadc7b456881f51bf5ccc
1082,G_63029_right_1591,exact,85,85.0,explicit_score,b4944c6ff08dc6f43da2e9c824669b7d927dd1fa976fadc7b456881f51bf5ccc
1083,I_32467_57833_right_x,exact,65,65.0,explicit_score,108c995b953c8a35561103e2014cf828eb654a99e310f87fab94c2f4b7d2a04f
1084,G_44595_left_691,exact,65,65.0,explicit_score,108c995b953c8a35561103e2014cf828eb654a99e310f87fab94c2f4b7d2a04f
1085,D_69658_193,exact,65,65.0,explicit_score,108c995b953c8a35561103e2014cf828eb654a99e310f87fab94c2f4b7d2a04f
1086,G_32467_right_525,exact,65,65.0,explicit_score,108c995b953c8a35561103e2014cf828eb654a99e310f87fab94c2f4b7d2a04f
1087,D_87757_242,exact,65,65.0,explicit_score,108c995b953c8a35561103e2014cf828eb654a99e310f87fab94c2f4b7d2a04f
1088,I_24101_47904_left_x,exact,65,65.0,explicit_score,108c995b953c8a35561103e2014cf828eb654a99e310f87fab94c2f4b7d2a04f
1089,G_24101_left_288,exact,85,85.0,explicit_score,b4944c6ff08dc6f43da2e9c824669b7d927dd1fa976fadc7b456881f51bf5ccc
1090,D_32467_57,exact,65,65.0,explicit_score,108c995b953c8a35561103e2014cf828eb654a99e310f87fab94c2f4b7d2a04f
1091,D_43210_69,exact,65,65.0,explicit_score,108c995b953c8a35561103e2014cf828eb654a99e310f87fab94c2f4b7d2a04f
1092,D_69658_202,exact,65,65.0,explicit_score,108c995b953c8a35561103e2014cf828eb654a99e310f87fab94c2f4b7d2a04f
1093,G_58793_left_1388,exact,95,95.0,explicit_score,ad48ff99415b2f007dc35b7eb553fd1eb35ebfa2f2f308acd9488eeb86f71fa8
1094,D_63029_165,exact,65,65.0,explicit_score,108c995b953c8a35561103e2014cf828eb654a99e310f87fab94c2f4b7d2a04f
1095,I_87757_89171_left_x,exact,65,65.0,explicit_score,108c995b953c8a35561103e2014cf828eb654a99e310f87fab94c2f4b7d2a04f
1096,G_76957_left_2106,exact,65,65.0,explicit_score,108c995b953c8a35561103e2014cf828eb654a99e310f87fab94c2f4b7d2a04f
1097,G_89171_left_2487,exact,65,65.0,explicit_score,108c995b953c8a35561103e2014cf828eb654a99e310f87fab94c2f4b7d2a04f
1098,I_27295_65052_left_s,exact,65,65.0,explicit_score,108c995b953c8a35561103e2014cf828eb654a99e310f87fab94c2f4b7d2a04f
1099,G_58793_right_1452,exact,65,65.0,explicit_score,108c995b953c8a35561103e2014cf828eb654a99e310f87fab94c2f4b7d2a04f
1100,I_74850_89171_left_x,exact,65,65.0,explicit_score,108c995b953c8a35561103e2014cf828eb654a99e310f87fab94c2f4b7d2a04f
1101,D_57833_122,exact,65,65.0,explicit_score,108c995b953c8a35561103e2014cf828eb654a99e310f87fab94c2f4b7d2a04f
1102,D_27295_38,exact,65,65.0,explicit_score,108c995b953c8a35561103e2014cf828eb654a99e310f87fab94c2f4b7d2a04f
1103,I_20294_99775_right_s,exact,65,65.0,explicit_score,108c995b953c8a35561103e2014cf828eb654a99e310f87fab94c2f4b7d2a04f
1104,I_27295_44595_left_s,exact,65,65.0,explicit_score,108c995b953c8a35561103e2014cf828eb654a99e310f87fab94c2f4b7d2a04f
1105,G_43210_left_608,exact,85,85.0,explicit_score,b4944c6ff08dc6f43da2e9c824669b7d927dd1fa976fadc7b456881f51bf5ccc
1106,D_14493_0,exact,65,65.0,explicit_score,108c995b953c8a35561103e2014cf828eb654a99e310f87fab94c2f4b7d2a04f
1107,D_58793_145,exact,65,65.0,explicit_score,108c995b953c8a35561103e2014cf828eb654a99e310f87fab94c2f4b7d2a04f
1108,I_20294_57145_left_x,exact,65,65.0,explicit_score,108c995b953c8a35561103e2014cf828eb654a99e310f87fab94c2f4b7d2a04f
1109,I_65052_96608_right_s,exact,65,65.0,explicit_score,108c995b953c8a35561103e2014cf828eb654a99e310f87fab94c2f4b7d2a04f
1110,G_20294_left_151,exact,65,65.0,explicit_score,108c995b953c8a35561103e2014cf828eb654a99e310f87fab94c2f4b7d2a04f
1111,G_74850_right_2052,exact,65,65.0,explicit_score,108c995b953c8a35561103e2014cf828eb654a99e310f87fab94c2f4b7d2a04f
1112,G_14493_left_45,exact,65,65.0,explicit_score,108c995b953c8a35561103e2014cf828eb654a99e310f87fab94c2f4b7d2a04f
1113,D_87757_246,exact,65,65.0,explicit_score,108c995b953c8a35561103e2014cf828eb654a99e310f87fab94c2f4b7d2a04f
1114,G_87757_left_2352,exact,65,65.0,explicit_score,108c995b953c8a35561103e2014cf828eb654a99e310f87fab94c2f4b7d2a04f
1115,D_83742_235,exact,65,65.0,explicit_score,108c995b953c8a35561103e2014cf828eb654a99e310f87fab94c2f4b7d2a04f
1116,D_57145_116,exact,65,65.0,explicit_score,108c995b953c8a35561103e2014cf828eb654a99e310f87fab94c2f4b7d2a04f
1117,I_76957_93812_left_x,exact,65,65.0,explicit_score,108c995b953c8a35561103e2014cf828eb654a99e310f87fab94c2f4b7d2a04f
1118,I_32467_69658_right_s,exact,85,85.0,explicit_score,b4944c6ff08dc6f43da2e9c824669b7d927dd1fa976fadc7b456881f51bf5ccc
1119,D_32467_49,exact,65,65.0,explicit_score,108c995b953c8a35561103e2014cf828eb654a99e310f87fab94c2f4b7d2a04f
1120,D_14493_4,exact,65,65.0,explicit_score,108c995b953c8a35561103e2014cf828eb654a99e310f87fab94c2f4b7d2a04f
1121,G_83742_right_2320,exact,65,65.0,explicit_score,108c995b953c8a35561103e2014cf828eb654a99e310f87fab94c2f4b7d2a04f
1122,I_20294_63029_left_x,exact,65,65.0,explicit_score,108c995b953c8a35561103e2014cf828eb654a99e310f87fab94c2f4b7d2a04f
1123,D_65052_183,exact,65,65.0,explicit_score,108c995b953c8a35561103e2014cf828eb654a99e310f87fab94c2f4b7d2a04f
1124,I_32467_44595_right_x,exact,65,65.0,explicit_score,108c995b953c8a35561103e2014cf828eb654a99e310f87fab94c2f4b7d2a04f
1125,I_24101_56583_right_x,exact,65,65.0,explicit_score,108c995b953c8a35561103e2014cf828eb654a99e310f87fab94c2f4b7d2a04f
1126,I_93812_99775_left_x,exact,65,65.0,explicit_score,108c995b953c8a35561103e2014cf828eb654a99e310f87fab94c2f4b7d2a04f
1127,I_14493_93812_left_x,exact,65,65.0,explicit_score,108c995b953c8a35561103e2014cf828eb654a99e310f87fab94c2f4b7d2a04f
1128,I_63029_74850_left_x,exact,65,65.0,explicit_score,108c995b953c8a35561103e2014cf828eb654a99e310f87fab94c2f4b7d2a04f
1129,I_47904_65052_left_s,exact,65,65.0,explicit_score,108c995b953c8a35561103e2014cf828eb654a99e310f87fab94c2f4b7d2a04f
1130,I_57145_96608_left_s,exact,85,85.0,explicit_score,b4944c6ff08dc6f43da2e9c824669b7d927dd1fa976fadc7b456881f51bf5ccc
1131,G_89171_left_2480,exact,65,65.0,explicit_score,108c995b953c8a35561103e2014cf828eb654a99e310f87fab94c2f4b7d2a04f
1132,G_58793_left_1420,exact,65,65.0,explicit_score,108c995b953c8a35561103e2014cf828eb654a99e310f87fab94c2f4b7d2a04f
1133,I_27295_99775_left_s,exact,65,65.0,explicit_score,108c995b953c8a35561103e2014cf828eb654a99e310f87fab94c2f4b7d2a04f
1134,I_27295_58793_left_s,exact,65,65.0,explicit_score,108c995b953c8a35561103e2014cf828eb654a99e310f87fab94c2f4b7d2a04f
1135,I_14493_58398_left_x,exact,65,65.0,explicit_score,108c995b953c8a35561103e2014cf828eb654a99e310f87fab94c2f4b7d2a04f
1136,I_27295_44595_right_s,exact,65,65.0,explicit_score,108c995b953c8a35561103e2014cf828eb654a99e310f87fab94c2f4b7d2a04f
1137,I_27295_47904_right_x,exact,65,65.0,explicit_score,108c995b953c8a35561103e2014cf828eb654a99e310f87fab94c2f4b7d2a04f
1138,I_76957_89171_right_s,exact,85,85.0,explicit_score,b4944c6ff08dc6f43da2e9c824669b7d927dd1fa976fadc7b456881f51bf5ccc
1139,I_58398_63029_right_s,exact,65,65.0,explicit_score,108c995b953c8a35561103e2014cf828eb654a99e310f87fab94c2f4b7d2a04f
1140,I_20294_56583_right_s,exact,85,85.0,explicit_score,b4944c6ff08dc6f43da2e9c824669b7d927dd1fa976fadc7b456881f51bf5ccc
1141,D_93812_274,exact,65,65.0,explicit_score,108c995b953c8a35561103e2014cf828eb654a99e310f87fab94c2f4b7d2a04f
1142,D_74850_212,exact,65,65.0,explicit_score,108c995b953c8a35561103e2014cf828eb654a99e310f87fab94c2f4b7d2a04f
1143,I_58398_99775_right_s,exact,65,65.0,explicit_score,108c995b953c8a35561103e2014cf828eb654a99e310f87fab94c2f4b7d2a04f
1144,G_56583_left_887,exact,65,65.0,explicit_score,108c995b953c8a35561103e2014cf828eb654a99e310f87fab94c2f4b7d2a04f
1145,G_58793_right_1469,exact,65,65.0,explicit_score,108c995b953c8a35561103e2014cf828eb654a99e310f87fab94c2f4b7d2a04f
1146,G_99775_left_2857,exact,65,65.0,explicit_score,108c995b953c8a35561103e2014cf828eb654a99e310f87fab94c2f4b7d2a04f
1147,I_44595_47904_left_x,exact,65,65.0,explicit_score,108c995b953c8a35561103e2014cf828eb654a99e310f87fab94c2f4b7d2a04f
1148,G_57145_right_1036,exact,85,85.0,explicit_score,b4944c6ff08dc6f43da2e9c824669b7d927dd1fa976fadc7b456881f51bf5ccc
1149,G_43210_right_650,exact,65,65.0,explicit_score,108c995b953c8a35561103e2014cf828eb654a99e310f87fab94c2f4b7d2a04f
1150,I_32467_58398_left_x,exact,65,65.0,explicit_score,108c995b953c8a35561103e2014cf828eb654a99e310f87fab94c2f4b7d2a04f
1151,I_27295_57145_right_x,exact,65,65.0,explicit_score,108c995b953c8a35561103e2014cf828eb654a99e310f87fab94c2f4b7d2a04f
1152,D_65030_175,exact,65,65.0,explicit_score,108c995b953c8a35561103e2014cf828eb654a99e310f87fab94c2f4b7d2a04f
1153,G_58793_right_1451,exact,65,65.0,explicit_score,108c995b953c8a35561103e2014cf828eb654a99e310f87fab94c2f4b7d2a04f
1154,D_96608_276,exact,65,65.0,explicit_score,108c995b953c8a35561103e2014cf828eb654a99e310f87fab94c2f4b7d2a04f
1155,G_58793_right_1446,exact,65,65.0,explicit_score,108c995b953c8a35561103e2014cf828eb654a99e310f87fab94c2f4b7d2a04f
1156,G_63029_left_1489,exact,65,65.0,explicit_score,108c995b953c8a35561103e2014cf828eb654a99e310f87fab94c2f4b7d2a04f
1157,G_14493_left_41,exact,65,65.0,explicit_score,108c995b953c8a35561103e2014cf828eb654a99e310f87fab94c2f4b7d2a04f
1158,I_24101_43210_left_x,exact,65,65.0,explicit_score,108c995b953c8a35561103e2014cf828eb654a99e310f87fab94c2f4b7d2a04f
1159,G_93812_right_2695,exact,85,85.0,explicit_score,b4944c6ff08dc6f43da2e9c824669b7d927dd1fa976fadc7b456881f51bf5ccc
1160,D_57833_130,exact,65,65.0,explicit_score,108c995b953c8a35561103e2014cf828eb654a99e310f87fab94c2f4b7d2a04f
1161,I_74850_99775_left_x,exact,65,65.0,explicit_score,108c995b953c8a35561103e2014cf828eb654a99e310f87fab94c2f4b7d2a04f
1162,G_96608_left_2709,exact,85,85.0,explicit_score,b4944c6ff08dc6f43da2e9c824669b7d927dd1fa976fadc7b456881f51bf5ccc
1163,G_57145_left_1033,exact,65,65.0,explicit_score,108c995b953c8a35561103e2014cf828eb654a99e310f87fab94c2f4b7d2a04f
1164,I_58793_74850_right_s,exact,65,65.0,explicit_score,108c995b953c8a35561103e2014cf828eb654a99e310f87fab94c2f4b7d2a04f
1165,D_14493_6,exact,85,85.0,explicit_score,b4944c6ff08dc6f43da2e9c824669b7d927dd1fa976fadc7b456881f51bf5ccc
1166,D_76957_218,exact,65,65.0,explicit_score,108c995b953c8a35561103e2014cf828eb654a99e310f87fab94c2f4b7d2a04f
1167,G_63029_left_1521,exact,95,95.0,explicit_score,ad48ff99415b2f007dc35b7eb553fd1eb35ebfa2f2f308acd9488eeb86f71fa8
1168,I_20294_58793_right_x,exact,65,65.0,explicit_score,108c995b953c8a35561103e2014cf828eb654a99e310f87fab94c2f4b7d2a04f
1169,D_47904_86,exact,65,65.0,explicit_score,108c995b953c8a35561103e2014cf828eb654a99e310f87fab94c2f4b7d2a04f
1170,I_14493_65052_left_s,exact,65,65.0,explicit_score,108c995b953c8a35561103e2014cf828eb654a99e310f87fab94c2f4b7d2a04f
1171,I_44595_65030_left_x,exact,65,65.0,explicit_score,108c995b953c8a35561103e2014cf828eb654a99e310f87fab94c2f4b7d2a04f
1172,I_57145_83742_left_x,exact,0,0.0,explicit_score,5feceb66ffc86f38d952786c6d696c79c2dbc239dd4e91b46729d73a27fb57e9
1173,G_65052_right_1842,exact,65,65.0,explicit_score,108c995b953c8a35561103e2014cf828eb654a99e310f87fab94c2f4b7d2a04f
1174,G_63029_left_1508,exact,65,65.0,explicit_score,108c995b953c8a35561103e2014cf828eb654a99e310f87fab94c2f4b7d2a04f
1175,G_27295_right_378,exact,65,65.0,explicit_score,108c995b953c8a35561103e2014cf828eb654a99e310f87fab94c2f4b7d2a04f
1176,G_47904_left_817,exact,65,65.0,explicit_score,108c995b953c8a35561103e2014cf828eb654a99e310f87fab94c2f4b7d2a04f
1177,D_87757_247,exact,65,65.0,explicit_score,108c995b953c8a35561103e2014cf828eb654a99e310f87fab94c2f4b7d2a04f
1178,G_57833_left_1131,exact,65,65.0,explicit_score,108c995b953c8a35561103e2014cf828eb654a99e310f87fab94c2f4b7d2a04f
1179,I_43210_57833_right_s,exact,65,65.0,explicit_score,108c995b953c8a35561103e2014cf828eb654a99e310f87fab94c2f4b7d2a04f
1180,G_44595_right_800,exact,65,65.0,explicit_score,108c995b953c8a35561103e2014cf828eb654a99e310f87fab94c2f4b7d2a04f
1181,I_14493_83742_right_s,exact,65,65.0,explicit_score,108c995b953c8a35561103e2014cf828eb654a99e310f87fab94c2f4b7d2a04f
1182,D_44595_78,exact,0,0.0,explicit_score,5feceb66ffc86f38d952786c6d696c79c2dbc239dd4e91b46729d73a27fb57e9
1183,G_57145_left_967,exact,65,65.0,explicit_score,108c995b953c8a35561103e2014cf828eb654a99e310f87fab94c2f4b7d2a04f
1184,D_20294_13,exact,65,65.0,explicit_score,108c995b953c8a35561103e2014cf828eb654a99e310f87fab94c2f4b7d2a04f
1185,D_87757_243,exact,65,65.0,explicit_score,108c995b953c8a35561103e2014cf828eb654a99e310f87fab94c2f4b7d2a04f
1186,G_65030_right_1684,exact,65,65.0,explicit_score,108c995b953c8a35561103e2014cf828eb654a99e310f87fab94c2f4b7d2a04f
1187,I_32467_43210_left_x,exact,65,65.0,explicit_score,108c995b953c8a35561103e2014cf828eb654a99e310f87fab94c2f4b7d2a04f
1188,G_57145_right_1102,exact,85,85.0,explicit_score,b4944c6ff08dc6f43da2e9c824669b7d927dd1fa976fadc7b456881f51bf5ccc
1189,I_44595_47904_right_s,exact,85,85.0,explicit_score,b4944c6ff08dc6f43da2e9c824669b7d927dd1fa976fadc7b456881f51bf5ccc
1190,G_83742_right_2298,exact,65,65.0,explicit_score,108c995b953c8a35561103e2014cf828eb654a99e310f87fab94c2f4b7d2a04f
1191,G_99775_right_2910,exact,65,65.0,explicit_score,108c995b953c8a35561103e2014cf828eb654a99e310f87fab94c2f4b7d2a04f
1192,I_65052_99775_left_s,exact,65,65.0,explicit_score,108c995b953c8a35561103e2014cf828eb654a99e310f87fab94c2f4b7d2a04f
1193,G_58793_right_1448,exact,65,65.0,explicit_score,108c995b953c8a35561103e2014cf828eb654a99e310f87fab94c2f4b7d2a04f
1194,I_83742_87757_left_s,exact,65,65.0,explicit_score,108c995b953c8a35561103e2014cf828eb654a99e310f87fab94c2f4b7d2a04f
1195,D_99775_288,exact,65,65.0,explicit_score,108c995b953c8a35561103e2014cf828eb654a99e310f87fab94c2f4b7d2a04f
1196,G_83742_right_2327,exact,65,65.0,explicit_score,108c995b953c8a35561103e2014cf828eb654a99e310f87fab94c2f4b7d2a04f
1197,G_24101_left_290,exact,65,65.0,explicit_score,108c995b953c8a35561103e2014cf828eb654a99e310f87fab94c2f4b7d2a04f
1198,G_83742_left_2251,exact,65,65.0,explicit_score,108c995b953c8a35561103e2014cf828eb654a99e310f87fab94c2f4b7d2a04f
1199,D_96608_287,exact,65,65.0,explicit_score,108c995b953c8a35561103e2014cf828eb654a99e310f87fab94c2f4b7d2a04f
1200,G_58793_left_1416,exact,65,65.0,explicit_score,108c995b953c8a35561103e2014cf828eb654a99e310f87fab94c2f4b7d2a04f
1201,I_14493_69658_left_s,exact,65,65.0,explicit_score,108c995b953c8a35561103e2014cf828eb654a99e310f87fab94c2f4b7d2a04f
1202,I_47904_58793_left_x,exact,65,65.0,explicit_score,108c995b953c8a35561103e2014cf828eb654a99e310f87fab94c2f4b7d2a04f
1203,D_20294_21,exact,65,65.0,explicit_score,108c995b953c8a35561103e2014cf828eb654a99e310f87fab94c2f4b7d2a04f
1204,I_27295_63029_right_s,exact,65,65.0,explicit_score,108c995b953c8a35561103e2014cf828eb654a99e310f87fab94c2f4b7d2a04f
1205,I_14493_76957_left_x,exact,65,65.0,explicit_score,108c995b953c8a35561103e2014cf828eb654a99e310f87fab94c2f4b7d2a04f
1206,G_57145_left_1008,exact,85,85.0,explicit_score,b4944c6ff08dc6f43da2e9c824669b7d927dd1fa976fadc7b456881f51bf5ccc
1207,G_27295_right_411,exact,65,65.0,explicit_score,108c995b953c8a35561103e2014cf828eb654a99e310f87fab94c2f4b7d2a04f
1208,D_44595_77,exact,65,65.0,explicit_score,108c995b953c8a35561103e2014cf828eb654a99e310f87fab94c2f4b7d2a04f
1209,G_57833_right_1199,exact,65,65.0,explicit_score,108c995b953c8a35561103e2014cf828eb654a99e310f87fab94c2f4b7d2a04f
1210,D_24101_27,exact,65,65.0,explicit_score,108c995b953c8a35561103e2014cf828eb654a99e310f87fab94c2f4b7d2a04f
1211,G_96608_left_2707,exact,65,65.0,explicit_score,108c995b953c8a35561103e2014cf828eb654a99e310f87fab94c2f4b7d2a04f
1212,I_58793_63029_right_x,exact,65,65.0,explicit_score,108c995b953c8a35561103e2014cf828eb654a99e310f87fab94c2f4b7d2a04f
1213,G_32467_right_511,exact,65,65.0,explicit_score,108c995b953c8a35561103e2014cf828eb654a99e310f87fab94c2f4b7d2a04f
1214,G_89171_left_2521,exact,65,65.0,explicit_score,108c995b953c8a35561103e2014cf828eb654a99e310f87fab94c2f4b7d2a04f
1215,G_63029_right_1612,exact,65,65.0,explicit_score,108c995b953c8a35561103e2014cf828eb654a99e310f87fab94c2f4b7d2a04f
1216,I_32467_99775_left_x,exact,65,65.0,explicit_score,108c995b953c8a35561103e2014cf828eb654a99e310f87fab94c2f4b7d2a04f
1217,I_65030_96608_left_s,exact,65,65.0,explicit_score,108c995b953c8a35561103e2014cf828eb654a99e310f87fab94c2f4b7d2a04f
1218,I_24101_47904_right_s,exact,85,85.0,explicit_score,b4944c6ff08dc6f43da2e9c824669b7d927dd1fa976fadc7b456881f51bf5ccc
1219,G_65030_left_1679,exact,95,95.0,explicit_score,ad48ff99415b2f007dc35b7eb553fd1eb35ebfa2f2f308acd9488eeb86f71fa8
1220,I_89171_99775_left_x,exact,65,65.0,explicit_score,108c995b953c8a35561103e2014cf828eb654a99e310f87fab94c2f4b7d2a04f
1221,I_58793_76957_right_x,exact,65,65.0,explicit_score,108c995b953c8a35561103e2014cf828eb654a99e310f87fab94c2f4b7d2a04f
1222,I_44595_57145_left_x,exact,65,65.0,explicit_score,108c995b953c8a35561103e2014cf828eb654a99e310f87fab94c2f4b7d2a04f
1223,G_58793_left_1379,exact,65,65.0,explicit_score,108c995b953c8a35561103e2014cf828eb654a99e310f87fab94c2f4b7d2a04f
1224,G_74850_right_2038,exact,65,65.0,explicit_score,108c995b953c8a35561103e2014cf828eb654a99e310f87fab94c2f4b7d2a04f
1225,G_47904_right_833,exact,65,65.0,explicit_score,108c995b953c8a35561103e2014cf828eb654a99e310f87fab94c2f4b7d2a04f
1226,I_47904_87757_left_s,exact,65,65.0,explicit_score,108c995b953c8a35561103e2014cf828eb654a99e310f87fab94c2f4b7d2a04f
1227,I_47904_63029_left_x,exact,65,65.0,explicit_score,108c995b953c8a35561103e2014cf828eb654a99e310f87fab94c2f4b7d2a04f
1228,D_57145_109,exact,65,65.0,explicit_score,108c995b953c8a35561103e2014cf828eb654a99e310f87fab94c2f4b7d2a04f
1229,G_14493_right_83,exact,65,65.0,explicit_score,108c995b953c8a35561103e2014cf828eb654a99e310f87fab94c2f4b7d2a04f
1230,D_69658_203,exact,65,65.0,explicit_score,108c995b953c8a35561103e2014cf828eb654a99e310f87fab94c2f4b7d2a04f
1231,D_27295_44,exact,65,65.0,explicit_score,108c995b953c8a35561103e2014cf828eb654a99e310f87fab94c2f4b7d2a04f
1232,G_58793_right_1441,exact,65,65.0,explicit_score,108c995b953c8a35561103e2014cf828eb654a99e310f87fab94c2f4b7d2a04f
1233,G_96608_left_2757,exact,85,85.0,explicit_score,b4944c6ff08dc6f43da2e9c824669b7d927dd1fa976fadc7b456881f51bf5ccc
1234,G_47904_left_818,exact,65,65.0,explicit_score,108c995b953c8a35561103e2014cf828eb654a99e310f87fab94c2f4b7d2a04f
1235,G_89171_right_2534,exact,85,85.0,explicit_score,b4944c6ff08dc6f43da2e9c824669b7d927dd1fa976fadc7b456881f51bf5ccc
1236,G_58398_right_1332,exact,65,65.0,explicit_score,108c995b953c8a35561103e2014cf828eb654a99e310f87fab94c2f4b7d2a04f
1237,D_74850_213,exact,65,65.0,explicit_score,108c995b953c8a35561103e2014cf828eb654a99e310f87fab94c2f4b7d2a04f
1238,D_89171_252,exact,65,65.0,explicit_score,108c995b953c8a35561103e2014cf828eb654a99e310f87fab94c2f4b7d2a04f
1239,D_96608_284,exact,65,65.0,explicit_score,108c995b953c8a35561103e2014cf828eb654a99e310f87fab94c2f4b7d2a04f
1240,G_20294_right_243,exact,85,85.0,explicit_score,b4944c6ff08dc6f43da2e9c824669b7d927dd1fa976fadc7b456881f51bf5ccc
1241,D_65030_177,exact,65,65.0,explicit_score,108c995b953c8a35561103e2014cf828eb654a99e310f87fab94c2f4b7d2a04f
1242,I_32467_58398_right_s,exact,65,65.0,explicit_score,108c995b953c8a35561103e2014cf828eb654a99e310f87fab94c2f4b7d2a04f
1243,G_56583_right_939,exact,65,65.0,explicit_score,108c995b953c8a35561103e2014cf828eb654a99e310f87fab94c2f4b7d2a04f
1244,D_32467_51,exact,65,65.0,explicit_score,108c995b953c8a35561103e2014cf828eb654a99e310f87fab94c2f4b7d2a04f
1245,G_20294_left_167,exact,65,65.0,explicit_score,108c995b953c8a35561103e2014cf828eb654a99e310f87fab94c2f4b7d2a04f
1246,G_58793_left_1374,exact,65,65.0,explicit_score,108c995b953c8a35561103e2014cf828eb654a99e310f87fab94c2f4b7d2a04f
1247,I_47904_58398_right_x,exact,65,65.0,explicit_score,108c995b953c8a35561103e2014cf828eb654a99e310f87fab94c2f4b7d2a04f
1248,G_56583_right_904,exact,65,65.0,explicit_score,108c995b953c8a35561103e2014cf828eb654a99e310f87fab94c2f4b7d2a04f
1249,I_58793_96608_left_s,exact,65,65.0,explicit_score,108c995b953c8a35561103e2014cf828eb654a99e310f87fab94c2f4b7d2a04f
1250,I_14493_44595_left_x,exact,65,65.0,explicit_score,108c995b953c8a35561103e2014cf828eb654a99e310f87fab94c2f4b7d2a04f
1251,G_89171_left_2514,exact,65,65.0,explicit_score,108c995b953c8a35561103e2014cf828eb654a99e310f87fab94c2f4b7d2a04f
1252,I_65030_76957_left_x,exact,65,65.0,explicit_score,108c995b953c8a35561103e2014cf828eb654a99e310f87fab94c2f4b7d2a04f
1253,G_44595_left_709,exact,0,0.0,explicit_score,5feceb66ffc86f38d952786c6d696c79c2dbc239dd4e91b46729d73a27fb57e9
1254,G_58793_right_1457,exact,85,85.0,explicit_score,b4944c6ff08dc6f43da2e9c824669b7d927dd1fa976fadc7b456881f51bf5ccc
1255,G_44595_left_756,exact,95,95.0,explicit_score,ad48ff99415b2f007dc35b7eb553fd1eb35ebfa2f2f308acd9488eeb86f71fa8
1256,G_69658_left_1871,exact,65,65.0,explicit_score,108c995b953c8a35561103e2014cf828eb654a99e310f87fab94c2f4b7d2a04f
1257,D_43210_60,exact,65,65.0,explicit_score,108c995b953c8a35561103e2014cf828eb654a99e310f87fab94c2f4b7d2a04f
1258,I_69658_89171_right_s,exact,65,65.0,explicit_score,108c995b953c8a35561103e2014cf828eb654a99e310f87fab94c2f4b7d2a04f
1259,G_65052_left_1733,exact,65,65.0,explicit_score,108c995b953c8a35561103e2014cf828eb654a99e310f87fab94c2f4b7d2a04f
1260,G_65030_left_1636,exact,65,65.0,explicit_score,108c995b953c8a35561103e2014cf828eb654a99e310f87fab94c2f4b7d2a04f
1261,I_47904_56583_right_s,exact,85,85.0,explicit_score,b4944c6ff08dc6f43da2e9c824669b7d927dd1fa976fadc7b456881f51bf5ccc
1262,G_20294_right_287,exact,95,95.0,explicit_score,ad48ff99415b2f007dc35b7eb553fd1eb35ebfa2f2f308acd9488eeb86f71fa8
1263,G_99775_left_2888,exact,65,65.0,explicit_score,108c995b953c8a35561103e2014cf828eb654a99e310f87fab94c2f4b7d2a04f
1264,G_65052_right_1799,exact,65,65.0,explicit_score,108c995b953c8a35561103e2014cf828eb654a99e310f87fab94c2f4b7d2a04f
1265,I_57145_65030_right_x,exact,65,65.0,explicit_score,108c995b953c8a35561103e2014cf828eb654a99e310f87fab94c2f4b7d2a04f
1266,I_56583_58398_left_x,exact,65,65.0,explicit_score,108c995b953c8a35561103e2014cf828eb654a99e310f87fab94c2f4b7d2a04f
1267,G_69658_left_1864,exact,65,65.0,explicit_score,108c995b953c8a35561103e2014cf828eb654a99e310f87fab94c2f4b7d2a04f
1268,G_65052_left_1790,exact,95,95.0,explicit_score,ad48ff99415b2f007dc35b7eb553fd1eb35ebfa2f2f308acd9488eeb86f71fa8
1269,D_89171_261,exact,40,40.0,explicit_score,d59eced1ded07f84c145592f65bdf854358e009c5cd705f5215bf18697fed103
1270,I_32467_58398_right_x,exact,65,65.0,explicit_score,108c995b953c8a35561103e2014cf828eb654a99e310f87fab94c2f4b7d2a04f
1271,G_65052_right_1847,exact,65,65.0,explicit_score,108c995b953c8a35561103e2014cf828eb654a99e310f87fab94c2f4b7d2a04f
1272,I_58398_96608_right_x,exact,65,65.0,explicit_score,108c995b953c8a35561103e2014cf828eb654a99e310f87fab94c2f4b7d2a04f
1273,G_56583_left_868,exact,65,65.0,explicit_score,108c995b953c8a35561103e2014cf828eb654a99e310f87fab94c2f4b7d2a04f
1274,D_99775_291,exact,65,65.0,explicit_score,108c995b953c8a35561103e2014cf828eb654a99e310f87fab94c2f4b7d2a04f
1275,D_58793_144,exact,65,65.0,explicit_score,108c995b953c8a35561103e2014cf828eb654a99e310f87fab94c2f4b7d2a04f
1276,I_65030_83742_right_s,exact,65,65.0,explicit_score,108c995b953c8a35561103e2014cf828eb654a99e310f87fab94c2f4b7d2a04f
1277,I_24101_87757_left_x,exact,65,65.0,explicit_score,108c995b953c8a35561103e2014cf828eb654a99e310f87fab94c2f4b7d2a04f
1278,G_87757_left_2353,exact,65,65.0,explicit_score,108c995b953c8a35561103e2014cf828eb654a99e310f87fab94c2f4b7d2a04f
1279,I_32467_83742_left_x,exact,0,0.0,explicit_score,5feceb66ffc86f38d952786c6d696c79c2dbc239dd4e91b46729d73a27fb57e9
1280,G_63029_right_1623,exact,65,65.0,explicit_score,108c995b953c8a35561103e2014cf828eb654a99e310f87fab94c2f4b7d2a04f
1281,I_58793_99775_left_s,exact,65,65.0,explicit_score,108c995b953c8a35561103e2014cf828eb654a99e310f87fab94c2f4b7d2a04f
1282,D_14493_7,exact,85,85.0,explicit_score,b4944c6ff08dc6f43da2e9c824669b7d927dd1fa976fadc7b456881f51bf5ccc
1283,G_74850_right_2039,exact,0,0.0,explicit_score,5feceb66ffc86f38d952786c6d696c79c2dbc239dd4e91b46729d73a27fb57e9
1284,G_96608_left_2698,exact,95,95.0,explicit_score,ad48ff99415b2f007dc35b7eb553fd1eb35ebfa2f2f308acd9488eeb86f71fa8
1285,D_57833_121,exact,65,65.0,explicit_score,108c995b953c8a35561103e2014cf828eb654a99e310f87fab94c2f4b7d2a04f
1286,D_63029_157,exact,65,65.0,explicit_score,108c995b953c8a35561103e2014cf828eb654a99e310f87fab94c2f4b7d2a04f
1287,I_24101_65052_right_x,exact,65,65.0,explicit_score,108c995b953c8a35561103e2014cf828eb654a99e310f87fab94c2f4b7d2a04f
1288,G_74850_right_2072,exact,65,65.0,explicit_score,108c995b953c8a35561103e2014cf828eb654a99e310f87fab94c2f4b7d2a04f
1289,I_20294_74850_left_x,exact,65,65.0,explicit_score,108c995b953c8a35561103e2014cf828eb654a99e310f87fab94c2f4b7d2a04f
1290,D_32467_53,exact,65,65.0,explicit_score,108c995b953c8a35561103e2014cf828eb654a99e310f87fab94c2f4b7d2a04f
1291,D_56583_98,exact,85,85.0,explicit_score,b4944c6ff08dc6f43da2e9c824669b7d927dd1fa976fadc7b456881f51bf5ccc
1292,G_93812_left_2595,exact,65,65.0,explicit_score,108c995b953c8a35561103e2014cf828eb654a99e310f87fab94c2f4b7d2a04f
1293,I_56583_63029_right_s,exact,65,65.0,explicit_score,108c995b953c8a35561103e2014cf828eb654a99e310f87fab94c2f4b7d2a04f
1294,D_83742_234,exact,65,65.0,explicit_score,108c995b953c8a35561103e2014cf828eb654a99e310f87fab94c2f4b7d2a04f
1295,D_14493_10,exact,65,65.0,explicit_score,108c995b953c8a35561103e2014cf828eb654a99e310f87fab94c2f4b7d2a04f
1296,I_24101_58398_left_x,exact,65,65.0,explicit_score,108c995b953c8a35561103e2014cf828eb654a99e310f87fab94c2f4b7d2a04f
1297,G_20294_left_197,exact,65,65.0,explicit_score,108c995b953c8a35561103e2014cf828eb654a99e310f87fab94c2f4b7d2a04f
1298,G_93812_left_2638,exact,65,65.0,explicit_score,108c995b953c8a35561103e2014cf828eb654a99e310f87fab94c2f4b7d2a04f
1299,G_65052_left_1746,exact,65,65.0,explicit_score,108c995b953c8a35561103e2014cf828eb654a99e310f87fab94c2f4b7d2a04f
1300,G_99775_left_2880,exact,65,65.0,explicit_score,108c995b953c8a35561103e2014cf828eb654a99e310f87fab94c2f4b7d2a04f
1301,G_83742_left_2266,exact,95,95.0,explicit_score,ad48ff99415b2f007dc35b7eb553fd1eb35ebfa2f2f308acd9488eeb86f71fa8
1302,I_14493_65052_right_s,exact,65,65.0,explicit_score,108c995b953c8a35561103e2014cf828eb654a99e310f87fab94c2f4b7d2a04f
1303,G_14493_right_118,exact,85,85.0,explicit_score,b4944c6ff08dc6f43da2e9c824669b7d927dd1fa976fadc7b456881f51bf5ccc
1304,D_56583_97,exact,65,65.0,explicit_score,108c995b953c8a35561103e2014cf828eb654a99e310f87fab94c2f4b7d2a04f
1305,G_43210_left_605,exact,85,85.0,explicit_score,b4944c6ff08dc6f43da2e9c824669b7d927dd1fa976fadc7b456881f51bf5ccc
1306,D_57833_129,exact,65,65.0,explicit_score,108c995b953c8a35561103e2014cf828eb654a99e310f87fab94c2f4b7d2a04f
1307,I_63029_93812_left_s,exact,65,65.0,explicit_score,108c995b953c8a35561103e2014cf828eb654a99e310f87fab94c2f4b7d2a04f
1308,D_43210_68,exact,65,65.0,explicit_score,108c995b953c8a35561103e2014cf828eb654a99e310f87fab94c2f4b7d2a04f
1309,I_56583_76957_left_s,exact,65,65.0,explicit_score,108c995b953c8a35561103e2014cf828eb654a99e310f87fab94c2f4b7d2a04f
1310,G_58398_right_1319,exact,65,65.0,explicit_score,108c995b953c8a35561103e2014cf828eb654a99e310f87fab94c2f4b7d2a04f
1311,G_93812_right_2642,exact,95,95.0,explicit_score,ad48ff99415b2f007dc35b7eb553fd1eb35ebfa2f2f308acd9488eeb86f71fa8
1312,I_76957_83742_left_x,exact,0,0.0,explicit_score,5feceb66ffc86f38d952786c6d696c79c2dbc239dd4e91b46729d73a27fb57e9
1313,G_47904_left_823,exact,65,65.0,explicit_score,108c995b953c8a35561103e2014cf828eb654a99e310f87fab94c2f4b7d2a04f
1314,I_20294_74850_right_s,exact,65,65.0,explicit_score,108c995b953c8a35561103e2014cf828eb654a99e310f87fab94c2f4b7d2a04f
1315,I_76957_93812_left_s,exact,65,65.0,explicit_score,108c995b953c8a35561103e2014cf828eb654a99e310f87fab94c2f4b7d2a04f
1316,D_32467_55,exact,65,65.0,explicit_score,108c995b953c8a35561103e2014cf828eb654a99e310f87fab94c2f4b7d2a04f
1317,D_57145_111,exact,65,65.0,explicit_score,108c995b953c8a35561103e2014cf828eb654a99e310f87fab94c2f4b7d2a04f
1318,D_74850_206,exact,65,65.0,explicit_score,108c995b953c8a35561103e2014cf828eb654a99e310f87fab94c2f4b7d2a04f
1319,G_14493_left_5,exact,65,65.0,explicit_score,108c995b953c8a35561103e2014cf828eb654a99e310f87fab94c2f4b7d2a04f
1320,G_57833_left_1129,exact,65,65.0,explicit_score,108c995b953c8a35561103e2014cf828eb654a99e310f87fab94c2f4b7d2a04f
1321,I_47904_96608_left_x,exact,65,65.0,explicit_score,108c995b953c8a35561103e2014cf828eb654a99e310f87fab94c2f4b7d2a04f
1322,D_83742_238,exact,65,65.0,explicit_score,108c995b953c8a35561103e2014cf828eb654a99e310f87fab94c2f4b7d2a04f
1323,G_89171_right_2585,exact,65,65.0,explicit_score,108c995b953c8a35561103e2014cf828eb654a99e310f87fab94c2f4b7d2a04f
1324,D_57833_131,exact,65,65.0,explicit_score,108c995b953c8a35561103e2014cf828eb654a99e310f87fab94c2f4b7d2a04f
1325,D_96608_286,exact,65,65.0,explicit_score,108c995b953c8a35561103e2014cf828eb654a99e310f87fab94c2f4b7d2a04f
1326,G_96608_left_2699,exact,85,85.0,explicit_score,b4944c6ff08dc6f43da2e9c824669b7d927dd1fa976fadc7b456881f51bf5ccc
1327,G_58398_right_1331,exact,65,65.0,explicit_score,108c995b953c8a35561103e2014cf828eb654a99e310f87fab94c2f4b7d2a04f
1328,G_99775_left_2893,exact,95,95.0,explicit_score,ad48ff99415b2f007dc35b7eb553fd1eb35ebfa2f2f308acd9488eeb86f71fa8
1329,G_58793_right_1436,exact,65,65.0,explicit_score,108c995b953c8a35561103e2014cf828eb654a99e310f87fab94c2f4b7d2a04f
1330,D_57833_125,exact,0,0.0,explicit_score,5feceb66ffc86f38d952786c6d696c79c2dbc239dd4e91b46729d73a27fb57e9
1331,G_27295_right_396,exact,0,0.0,explicit_score,5feceb66ffc86f38d952786c6d696c79c2dbc239dd4e91b46729d73a27fb57e9
1332,I_63029_74850_left_s,exact,65,65.0,explicit_score,108c995b953c8a35561103e2014cf828eb654a99e310f87fab94c2f4b7d2a04f
1333,D_87757_241,exact,65,65.0,explicit_score,108c995b953c8a35561103e2014cf828eb654a99e310f87fab94c2f4b7d2a04f
1334,D_74850_215,exact,0,0.0,explicit_score,5feceb66ffc86f38d952786c6d696c79c2dbc239dd4e91b46729d73a27fb57e9
1335,D_65052_189,exact,65,65.0,explicit_score,108c995b953c8a35561103e2014cf828eb654a99e310f87fab94c2f4b7d2a04f
1336,G_83742_left_2220,exact,65,65.0,explicit_score,108c995b953c8a35561103e2014cf828eb654a99e310f87fab94c2f4b7d2a04f
1337,G_65030_right_1690,exact,85,85.0,explicit_score,b4944c6ff08dc6f43da2e9c824669b7d927dd1fa976fadc7b456881f51bf5ccc
1338,G_57833_left_1147,exact,65,65.0,explicit_score,108c995b953c8a35561103e2014cf828eb654a99e310f87fab94c2f4b7d2a04f
1339,D_87757_250,exact,65,65.0,explicit_score,108c995b953c8a35561103e2014cf828eb654a99e310f87fab94c2f4b7d2a04f
1340,G_96608_left_2717,exact,65,65.0,explicit_score,108c995b953c8a35561103e2014cf828eb654a99e310f87fab94c2f4b7d2a04f
1341,I_57145_83742_left_s,exact,95,95.0,explicit_score,ad48ff99415b2f007dc35b7eb553fd1eb35ebfa2f2f308acd9488eeb86f71fa8
1342,G_83742_left_2262,exact,65,65.0,explicit_score,108c995b953c8a35561103e2014cf828eb654a99e310f87fab94c2f4b7d2a04f
1343,I_58398_87757_left_s,exact,65,65.0,explicit_score,108c995b953c8a35561103e2014cf828eb654a99e310f87fab94c2f4b7d2a04f
1344,G_93812_left_2620,exact,65,65.0,explicit_score,108c995b953c8a35561103e2014cf828eb654a99e310f87fab94c2f4b7d2a04f
1345,D_99775_299,exact,65,65.0,explicit_score,108c995b953c8a35561103e2014cf828eb654a99e310f87fab94c2f4b7d2a04f
1346,D_69658_196,exact,85,85.0,explicit_score,b4944c6ff08dc6f43da2e9c824669b7d927dd1fa976fadc7b456881f51bf5ccc
1347,I_24101_76957_left_x,exact,65,65.0,explicit_score,108c995b953c8a35561103e2014cf828eb654a99e310f87fab94c2f4b7d2a04f
1348,I_24101_69658_right_x,exact,65,65.0,explicit_score,108c995b953c8a35561103e2014cf828eb654a99e310f87fab94c2f4b7d2a04f
1349,G_14493_right_108,exact,65,65.0,explicit_score,108c995b953c8a35561103e2014cf828eb654a99e310f87fab94c2f4b7d2a04f
1350,D_24101_28,exact,65,65.0,explicit_score,108c995b953c8a35561103e2014cf828eb654a99e310f87fab94c2f4b7d2a04f
1351,G_76957_right_2168,exact,65,65.0,explicit_score,108c995b953c8a35561103e2014cf828eb654a99e310f87fab94c2f4b7d2a04f
1352,I_65030_89171_right_x,exact,65,65.0,explicit_score,108c995b953c8a35561103e2014cf828eb654a99e310f87fab94c2f4b7d2a04f
1353,G_63029_right_1569,exact,65,65.0,explicit_score,108c995b953c8a35561103e2014cf828eb654a99e310f87fab94c2f4b7d2a04f
1354,G_14493_left_47,exact,65,65.0,explicit_score,108c995b953c8a35561103e2014cf828eb654a99e310f87fab94c2f4b7d2a04f
1355,G_69658_left_1861,exact,65,65.0,explicit_score,108c995b953c8a35561103e2014cf828eb654a99e310f87fab94c2f4b7d2a04f
1356,G_74850_right_2050,exact,65,65.0,explicit_score,108c995b953c8a35561103e2014cf828eb654a99e310f87fab94c2f4b7d2a04f
1357,G_96608_right_2784,exact,85,85.0,explicit_score,b4944c6ff08dc6f43da2e9c824669b7d927dd1fa976fadc7b456881f51bf5ccc
1358,D_32467_59,exact,65,65.0,explicit_score,108c995b953c8a35561103e2014cf828eb654a99e310f87fab94c2f4b7d2a04f
1359,I_89171_99775_left_s,exact,65,65.0,explicit_score,108c995b953c8a35561103e2014cf828eb654a99e310f87fab94c2f4b7d2a04f
1360,I_47904_57833_right_s,exact,65,65.0,explicit_score,108c995b953c8a35561103e2014cf828eb654a99e310f87fab94c2f4b7d2a04f
1361,I_24101_58793_right_x,exact,85,85.0,explicit_score,b4944c6ff08dc6f43da2e9c824669b7d927dd1fa976fadc7b456881f51bf5ccc
1362,D_83742_236,exact,65,65.0,explicit_score,108c995b953c8a35561103e2014cf828eb654a99e310f87fab94c2f4b7d2a04f
1363,I_58793_65052_right_x,exact,65,65.0,explicit_score,108c995b953c8a35561103e2014cf828eb654a99e310f87fab94c2f4b7d2a04f
1364,I_20294_32467_left_x,exact,65,65.0,explicit_score,108c995b953c8a35561103e2014cf828eb654a99e310f87fab94c2f4b7d2a04f
1365,G_65030_left_1656,exact,65,65.0,explicit_score,108c995b953c8a35561103e2014cf828eb654a99e310f87fab94c2f4b7d2a04f
1366,D_76957_222,exact,65,65.0,explicit_score,108c995b953c8a35561103e2014cf828eb654a99e310f87fab94c2f4b7d2a04f
1367,I_58793_65030_right_x,exact,65,65.0,explicit_score,108c995b953c8a35561103e2014cf828eb654a99e310f87fab94c2f4b7d2a04f
1368,I_20294_65052_left_x,exact,65,65.0,explicit_score,108c995b953c8a35561103e2014cf828eb654a99e310f87fab94c2f4b7d2a04f
1369,I_63029_65030_right_x,exact,65,65.0,explicit_score,108c995b953c8a35561103e2014cf828eb654a99e310f87fab94c2f4b7d2a04f
1370,I_63029_87757_right_s,exact,65,65.0,explicit_score,108c995b953c8a35561103e2014cf828eb654a99e310f87fab94c2f4b7d2a04f
1371,G_69658_right_1932,exact,65,65.0,explicit_score,108c995b953c8a35561103e2014cf828eb654a99e310f87fab94c2f4b7d2a04f
1372,G_43210_left_551,exact,65,65.0,explicit_score,108c995b953c8a35561103e2014cf828eb654a99e310f87fab94c2f4b7d2a04f
1373,I_24101_57145_right_x,exact,65,65.0,explicit_score,108c995b953c8a35561103e2014cf828eb654a99e310f87fab94c2f4b7d2a04f
1374,G_32467_left_456,exact,95,95.0,explicit_score,ad48ff99415b2f007dc35b7eb553fd1eb35ebfa2f2f308acd9488eeb86f71fa8
1375,I_20294_83742_right_s,exact,85,85.0,explicit_score,b4944c6ff08dc6f43da2e9c824669b7d927dd1fa976fadc7b456881f51bf5ccc
1376,G_58398_left_1311,exact,65,65.0,explicit_score,108c995b953c8a35561103e2014cf828eb654a99e310f87fab94c2f4b7d2a04f
1377,G_96608_right_2785,exact,85,85.0,explicit_score,b4944c6ff08dc6f43da2e9c824669b7d927dd1fa976fadc7b456881f51bf5ccc
1378,D_27295_43,exact,65,65.0,explicit_score,108c995b953c8a35561103e2014cf828eb654a99e310f87fab94c2f4b7d2a04f
1379,G_65030_right_1714,exact,65,65.0,explicit_score,108c995b953c8a35561103e2014cf828eb654a99e310f87fab94c2f4b7d2a04f
1380,G_20294_right_228,exact,65,65.0,explicit_score,108c995b953c8a35561103e2014cf828eb654a99e310f87fab94c2f4b7d2a04f
1381,I_32467_47904_left_x,exact,65,65.0,explicit_score,108c995b953c8a35561103e2014cf828eb654a99e310f87fab94c2f4b7d2a04f
1382,I_27295_58793_left_x,exact,65,65.0,explicit_score,108c995b953c8a35561103e2014cf828eb654a99e310f87fab94c2f4b7d2a04f
1383,I_57145_58398_left_s,exact,65,65.0,explicit_score,108c995b953c8a35561103e2014cf828eb654a99e310f87fab94c2f4b7d2a04f
1384,I_58398_83742_left_x,exact,0,0.0,explicit_score,5feceb66ffc86f38d952786c6d696c79c2dbc239dd4e91b46729d73a27fb57e9
1385,G_43210_right_662,exact,65,65.0,explicit_score,108c995b953c8a35561103e2014cf828eb654a99e310f87fab94c2f4b7d2a04f
1386,I_65030_96608_left_x,exact,65,65.0,explicit_score,108c995b953c8a35561103e2014cf828eb654a99e310f87fab94c2f4b7d2a04f
1387,G_57833_left_1171,exact,65,65.0,explicit_score,108c995b953c8a35561103e2014cf828eb654a99e310f87fab94c2f4b7d2a04f
1388,D_83742_232,exact,65,65.0,explicit_score,108c995b953c8a35561103e2014cf828eb654a99e310f87fab94c2f4b7d2a04f
1389,I_57145_74850_left_x,exact,65,65.0,explicit_score,108c995b953c8a35561103e2014cf828eb654a99e310f87fab94c2f4b7d2a04f
1390,I_69658_74850_right_s,exact,65,65.0,explicit_score,108c995b953c8a35561103e2014cf828eb654a99e310f87fab94c2f4b7d2a04f
1391,I_57145_74850_right_s,exact,65,65.0,explicit_score,108c995b953c8a35561103e2014cf828eb654a99e310f87fab94c2f4b7d2a04f
1392,I_20294_93812_right_x,exact,65,65.0,explicit_score,108c995b953c8a35561103e2014cf828eb654a99e310f87fab94c2f4b7d2a04f
1393,G_89171_right_2541,exact,65,65.0,explicit_score,108c995b953c8a35561103e2014cf828eb654a99e310f87fab94c2f4b7d2a04f
1394,I_27295_65030_right_x,exact,65,65.0,explicit_score,108c995b953c8a35561103e2014cf828eb654a99e310f87fab94c2f4b7d2a04f
1395,D_96608_278,exact,65,65.0,explicit_score,108c995b953c8a35561103e2014cf828eb654a99e310f87fab94c2f4b7d2a04f
1396,G_69658_right_1917,exact,65,65.0,explicit_score,108c995b953c8a35561103e2014cf828eb654a99e310f87fab94c2f4b7d2a04f
1397,G_58398_left_1297,exact,65,65.0,explicit_score,108c995b953c8a35561103e2014cf828eb654a99e310f87fab94c2f4b7d2a04f
1398,G_27295_right_405,exact,65,65.0,explicit_score,108c995b953c8a35561103e2014cf828eb654a99e310f87fab94c2f4b7d2a04f
1399,G_63029_left_1552,exact,65,65.0,explicit_score,108c995b953c8a35561103e2014cf828eb654a99e310f87fab94c2f4b7d2a04f
1400,I_14493_20294_left_x,exact,65,65.0,explicit_score,108c995b953c8a35561103e2014cf828eb654a99e310f87fab94c2f4b7d2a04f
1401,G_74850_right_2020,exact,0,0.0,explicit_score,5feceb66ffc86f38d952786c6d696c79c2dbc239dd4e91b46729d73a27fb57e9
1402,I_58398_65030_right_x,exact,65,65.0,explicit_score,108c995b953c8a35561103e2014cf828eb654a99e310f87fab94c2f4b7d2a04f
1403,I_57145_89171_right_s,exact,65,65.0,explicit_score,108c995b953c8a35561103e2014cf828eb654a99e310f87fab94c2f4b7d2a04f
1404,I_47904_58398_left_s,exact,65,65.0,explicit_score,108c995b953c8a35561103e2014cf828eb654a99e310f87fab94c2f4b7d2a04f
1405,D_44595_83,exact,65,65.0,explicit_score,108c995b953c8a35561103e2014cf828eb654a99e310f87fab94c2f4b7d2a04f
1406,I_20294_96608_left_x,exact,65,65.0,explicit_score,108c995b953c8a35561103e2014cf828eb654a99e310f87fab94c2f4b7d2a04f
1407,G_44595_right_776,exact,65,65.0,explicit_score,108c995b953c8a35561103e2014cf828eb654a99e310f87fab94c2f4b7d2a04f
1408,G_56583_right_935,exact,0,0.0,explicit_score,5feceb66ffc86f38d952786c6d696c79c2dbc239dd4e91b46729d73a27fb57e9
1409,I_47904_69658_right_x,exact,65,65.0,explicit_score,108c995b953c8a35561103e2014cf828eb654a99e310f87fab94c2f4b7d2a04f
1410,G_69658_right_1943,exact,65,65.0,explicit_score,108c995b953c8a35561103e2014cf828eb654a99e310f87fab94c2f4b7d2a04f
1411,G_69658_right_1933,exact,65,65.0,explicit_score,108c995b953c8a35561103e2014cf828eb654a99e310f87fab94c2f4b7d2a04f
1412,D_63029_156,exact,85,85.0,explicit_score,b4944c6ff08dc6f43da2e9c824669b7d927dd1fa976fadc7b456881f51bf5ccc
1413,D_20294_17,exact,65,65.0,explicit_score,108c995b953c8a35561103e2014cf828eb654a99e310f87fab94c2f4b7d2a04f
1414,G_27295_right_402,exact,65,65.0,explicit_score,108c995b953c8a35561103e2014cf828eb654a99e310f87fab94c2f4b7d2a04f
1415,G_57833_right_1206,exact,65,65.0,explicit_score,108c995b953c8a35561103e2014cf828eb654a99e310f87fab94c2f4b7d2a04f
1416,D_32467_48,exact,65,65.0,explicit_score,108c995b953c8a35561103e2014cf828eb654a99e310f87fab94c2f4b7d2a04f
1417,D_56583_105,exact,65,65.0,explicit_score,108c995b953c8a35561103e2014cf828eb654a99e310f87fab94c2f4b7d2a04f
1418,G_58398_left_1290,exact,0,0.0,explicit_score,5feceb66ffc86f38d952786c6d696c79c2dbc239dd4e91b46729d73a27fb57e9
1419,G_57145_left_971,exact,100,100.0,explicit_score,ad57366865126e55649ecb23ae1d48887544976efea46a48eb5d85a6eeb4d306
1420,G_47904_right_825,exact,65,65.0,explicit_score,108c995b953c8a35561103e2014cf828eb654a99e310f87fab94c2f4b7d2a04f
1421,I_57833_65052_left_s,exact,65,65.0,explicit_score,108c995b953c8a35561103e2014cf828eb654a99e310f87fab94c2f4b7d2a04f
1422,D_20294_12,exact,65,65.0,explicit_score,108c995b953c8a35561103e2014cf828eb654a99e310f87fab94c2f4b7d2a04f
1423,G_76957_left_2084,exact,65,65.0,explicit_score,108c995b953c8a35561103e2014cf828eb654a99e310f87fab94c2f4b7d2a04f
1424,G_96608_right_2800,exact,65,65.0,explicit_score,108c995b953c8a35561103e2014cf828eb654a99e310f87fab94c2f4b7d2a04f
1425,D_58793_147,exact,65,65.0,explicit_score,108c995b953c8a35561103e2014cf828eb654a99e310f87fab94c2f4b7d2a04f
1426,G_87757_right_2430,exact,65,65.0,explicit_score,108c995b953c8a35561103e2014cf828eb654a99e310f87fab94c2f4b7d2a04f
1427,I_74850_96608_left_s,exact,65,65.0,explicit_score,108c995b953c8a35561103e2014cf828eb654a99e310f87fab94c2f4b7d2a04f
1428,D_32467_54,exact,65,65.0,explicit_score,108c995b953c8a35561103e2014cf828eb654a99e310f87fab94c2f4b7d2a04f
1429,I_47904_57833_right_x,exact,65,65.0,explicit_score,108c995b953c8a35561103e2014cf828eb654a99e310f87fab94c2f4b7d2a04f
1430,D_20294_22,exact,65,65.0,explicit_score,108c995b953c8a35561103e2014cf828eb654a99e310f87fab94c2f4b7d2a04f
1431,I_58398_65030_right_s,exact,65,65.0,explicit_score,108c995b953c8a35561103e2014cf828eb654a99e310f87fab94c2f4b7d2a04f
1432,I_58398_87757_right_s,exact,85,85.0,explicit_score,b4944c6ff08dc6f43da2e9c824669b7d927dd1fa976fadc7b456881f51bf5ccc
1433,I_58793_87757_right_s,exact,65,65.0,explicit_score,108c995b953c8a35561103e2014cf828eb654a99e310f87fab94c2f4b7d2a04f
1434,G_58398_left_1272,exact,65,65.0,explicit_score,108c995b953c8a35561103e2014cf828eb654a99e310f87fab94c2f4b7d2a04f
1435,I_65030_96608_right_x,exact,65,65.0,explicit_score,108c995b953c8a35561103e2014cf828eb654a99e310f87fab94c2f4b7d2a04f
1436,D_74850_214,exact,65,65.0,explicit_score,108c995b953c8a35561103e2014cf828eb654a99e310f87fab94c2f4b7d2a04f
1437,G_20294_left_198,exact,65,65.0,explicit_score,108c995b953c8a35561103e2014cf828eb654a99e310f87fab94c2f4b7d2a04f
1438,D_65052_186,exact,65,65.0,explicit_score,108c995b953c8a35561103e2014cf828eb654a99e310f87fab94c2f4b7d2a04f
1439,G_56583_right_900,exact,85,85.0,explicit_score,b4944c6ff08dc6f43da2e9c824669b7d927dd1fa976fadc7b456881f51bf5ccc
1440,G_57145_right_1060,exact,65,65.0,explicit_score,108c995b953c8a35561103e2014cf828eb654a99e310f87fab94c2f4b7d2a04f
1441,D_96608_285,exact,65,65.0,explicit_score,108c995b953c8a35561103e2014cf828eb654a99e310f87fab94c2f4b7d2a04f
1442,I_14493_99775_left_s,exact,65,65.0,explicit_score,108c995b953c8a35561103e2014cf828eb654a99e310f87fab94c2f4b7d2a04f
1443,D_96608_282,exact,85,85.0,explicit_score,b4944c6ff08dc6f43da2e9c824669b7d927dd1fa976fadc7b456881f51bf5ccc
1444,I_83742_99775_right_x,exact,65,65.0,explicit_score,108c995b953c8a35561103e2014cf828eb654a99e310f87fab94c2f4b7d2a04f
1445,G_89171_right_2552,exact,65,65.0,explicit_score,108c995b953c8a35561103e2014cf828eb654a99e310f87fab94c2f4b7d2a04f
1446,G_69658_left_1893,exact,95,95.0,explicit_score,ad48ff99415b2f007dc35b7eb553fd1eb35ebfa2f2f308acd9488eeb86f71fa8
1447,I_14493_74850_right_x,exact,65,65.0,explicit_score,108c995b953c8a35561103e2014cf828eb654a99e310f87fab94c2f4b7d2a04f
1448,G_56583_right_933,exact,65,65.0,explicit_score,108c995b953c8a35561103e2014cf828eb654a99e310f87fab94c2f4b7d2a04f
1449,D_32467_58,exact,65,65.0,explicit_score,108c995b953c8a35561103e2014cf828eb654a99e310f87fab94c2f4b7d2a04f
1450,G_99775_left_2846,exact,65,65.0,explicit_score,108c995b953c8a35561103e2014cf828eb654a99e310f87fab94c2f4b7d2a04f
1451,I_47904_87757_right_x,exact,65,65.0,explicit_score,108c995b953c8a35561103e2014cf828eb654a99e310f87fab94c2f4b7d2a04f
1452,G_99775_right_2918,exact,65,65.0,explicit_score,108c995b953c8a35561103e2014cf828eb654a99e310f87fab94c2f4b7d2a04f
1453,G_76957_left_2117,exact,65,65.0,explicit_score,108c995b953c8a35561103e2014cf828eb654a99e310f87fab94c2f4b7d2a04f
1454,I_65030_89171_left_s,exact,85,85.0,explicit_score,b4944c6ff08dc6f43da2e9c824669b7d927dd1fa976fadc7b456881f51bf5ccc
1455,D_65030_168,exact,65,65.0,explicit_score,108c995b953c8a35561103e2014cf828eb654a99e310f87fab94c2f4b7d2a04f
1456,G_32467_right_533,exact,65,65.0,explicit_score,108c995b953c8a35561103e2014cf828eb654a99e310f87fab94c2f4b7d2a04f
1457,G_14493_left_36,exact,65,65.0,explicit_score,108c995b953c8a35561103e2014cf828eb654a99e310f87fab94c2f4b7d2a04f
1458,G_27295_right_370,exact,65,65.0,explicit_score,108c995b953c8a35561103e2014cf828eb654a99e310f87fab94c2f4b7d2a04f
1459,G_65052_right_1809,exact,65,65.0,explicit_score,108c995b953c8a35561103e2014cf828eb654a99e310f87fab94c2f4b7d2a04f
1460,G_32467_left_427,exact,30,30.0,explicit_score,624b60c58c9d8bfb6ff1886c2fd605d2adeb6ea4da576068201b6c6958ce93f4
1461,I_93812_96608_right_s,exact,65,65.0,explicit_score,108c995b953c8a35561103e2014cf828eb654a99e310f87fab94c2f4b7d2a04f
1462,G_89171_left_2518,exact,65,65.0,explicit_score,108c995b953c8a35561103e2014cf828eb654a99e310f87fab94c2f4b7d2a04f
1463,I_43210_69658_left_s,exact,65,65.0,explicit_score,108c995b953c8a35561103e2014cf828eb654a99e310f87fab94c2f4b7d2a04f
1464,D_93812_273,exact,65,65.0,explicit_score,108c995b953c8a35561103e2014cf828eb654a99e310f87fab94c2f4b7d2a04f
1465,I_47904_87757_right_s,exact,85,85.0,explicit_score,b4944c6ff08dc6f43da2e9c824669b7d927dd1fa976fadc7b456881f51bf5ccc
1466,G_99775_left_2843,exact,65,65.0,explicit_score,108c995b953c8a35561103e2014cf828eb654a99e310f87fab94c2f4b7d2a04f
1467,I_14493_32467_left_s,exact,65,65.0,explicit_score,108c995b953c8a35561103e2014cf828eb654a99e310f87fab94c2f4b7d2a04f
1468,G_96608_left_2718,exact,85,85.0,explicit_score,b4944c6ff08dc6f43da2e9c824669b7d927dd1fa976fadc7b456881f51bf5ccc
1469,G_57145_right_1051,exact,95,95.0,explicit_score,ad48ff99415b2f007dc35b7eb553fd1eb35ebfa2f2f308acd9488eeb86f71fa8
1470,I_74850_87757_right_s,exact,65,65.0,explicit_score,108c995b953c8a35561103e2014cf828eb654a99e310f87fab94c2f4b7d2a04f
1471,G_32467_right_526,exact,65,65.0,explicit_score,108c995b953c8a35561103e2014cf828eb654a99e310f87fab94c2f4b7d2a04f
1472,D_58398_134,exact,0,0.0,explicit_score,5feceb66ffc86f38d952786c6d696c79c2dbc239dd4e91b46729d73a27fb57e9
1473,I_27295_74850_left_x,exact,65,65.0,explicit_score,108c995b953c8a35561103e2014cf828eb654a99e310f87fab94c2f4b7d2a04f
1474,I_65030_76957_right_x,exact,65,65.0,explicit_score,108c995b953c8a35561103e2014cf828eb654a99e310f87fab94c2f4b7d2a04f
1475,G_43210_left_598,exact,65,65.0,explicit_score,108c995b953c8a35561103e2014cf828eb654a99e310f87fab94c2f4b7d2a04f
1476,I_20294_87757_right_x,exact,65,65.0,explicit_score,108c995b953c8a35561103e2014cf828eb654a99e310f87fab94c2f4b7d2a04f
1477,I_14493_89171_left_x,exact,65,65.0,explicit_score,108c995b953c8a35561103e2014cf828eb654a99e310f87fab94c2f4b7d2a04f
1478,I_74850_99775_left_s,exact,65,65.0,explicit_score,108c995b953c8a35561103e2014cf828eb654a99e310f87fab94c2f4b7d2a04f
1479,G_83742_left_2236,exact,65,65.0,explicit_score,108c995b953c8a35561103e2014cf828eb654a99e310f87fab94c2f4b7d2a04f
1480,G_87757_left_2395,exact,65,65.0,explicit_score,108c995b953c8a35561103e2014cf828eb654a99e310f87fab94c2f4b7d2a04f
1481,D_57145_113,exact,65,65.0,explicit_score,108c995b953c8a35561103e2014cf828eb654a99e310f87fab94c2f4b7d2a04f
1482,D_87757_249,exact,65,65.0,explicit_score,108c995b953c8a35561103e2014cf828eb654a99e310f87fab94c2f4b7d2a04f
1483,I_65052_74850_right_s,exact,65,65.0,explicit_score,108c995b953c8a35561103e2014cf828eb654a99e310f87fab94c2f4b7d2a04f
1484,I_24101_32467_right_x,exact,65,65.0,explicit_score,108c995b953c8a35561103e2014cf828eb654a99e310f87fab94c2f4b7d2a04f
