source_record,pair_id,id_status,stored,derived,parse_status,raw_sha256
1,D_43210_63,exact,B,B,explicit_option,df7e70e5021544f4834bbee64a9e3789febc4be81470df629cad6ddb03320a5c
2,G_58398_left_1287,exact,B,B,explicit_option,df7e70e5021544f4834bbee64a9e3789febc4be81470df629cad6ddb03320a5c
3,G_56583_left_842,exact,B,B,explicit_option,df7e70e5021544f4834bbee64a9e3789febc4be81470df629cad6ddb03320a5c
4,I_14493_83742_left_s,exact,A,A,explicit_option,559aead08264d5795d3909718cdd05abd49572e84fe55590eef31a88a08fdffd
5,I_57145_65052_left_x,exact,B,B,explicit_option,df7e70e5021544f4834bbee64a9e3789febc4be81470df629cad6ddb03320a5c
6,I_56583_93812_left_s,exact,B,B,explicit_option,df7e70e5021544f4834bbee64a9e3789febc4be81470df629cad6ddb03320a5c
7,I_24101_57145_left_s,exact,B,B,explicit_option,df7e70e5021544f4834bbee64a9e3789febc4be81470df629cad6ddb03320a5c
8,G_83742_left_2229,exact,B,B,explicit_option,df7e70e5021544f4834bbee64a9e3789febc4be81470df629cad6ddb03320a5c
9,G_57833_left_1183,exact,A,A,explicit_option,559aead08264d5795d3909718cdd05abd49572e84fe55590eef31a88a08fdffd
10,G_69658_left_1866,exact,B,B,explicit_option,df7e70e5021544f4834bbee64a9e3789febc4be81470df629cad6ddb03320a5c
11,I_24101_57145_left_x,exact,B,B,explicit_option,df7e70e5021544f4834bbee64a9e3789febc4be81470df629cad6ddb03320a5c
12,G_24101_right_301,exact,B,B,explicit_option,df7e70e5021544f4834bbee64a9e3789febc4be81470df629cad6ddb03320a5c
13,D_56583_99,exact,B,B,explicit_option,df7e70e5021544f4834bbee64a9e3789febc4be81470df629cad6ddb03320a5c
14,G_63029_left_1482,exact,B,B,explicit_option,df7e70e5021544f4834bbee64a9e3789febc4be81470df629cad6ddb03320a5c
15,I_24101_87757_right_x,exact,B,B,explicit_option,df7e70e5021544f4834bbee64a9e3789febc4be81470df629cad6ddb03320a5c
16,G_89171_left_2506,exact,B,B,explicit_option,df7e70e5021544f4834bbee64a9e3789febc4be81470df629cad6ddb03320a5c
17,G_43210_left_580,exact,B,B,explicit_option,df7e70e5021544f4834bbee64a9e3789febc4be81470df629cad6ddb03320a5c
18,I_44595_47904_left_s,exact,A,A,explicit_option,559aead08264d5795d3909718cdd05abd49572e84fe55590eef31a88a08fdffd
19,G_44595_left_742,exact,B,B,explicit_option,df7e70e5021544f4834bbee64a9e3789febc4be81470df629cad6ddb03320a5c
20,I_89171_96608_right_s,exact,A,A,explicit_option,559aead08264d5795d3909718cdd05abd49572e84fe55590eef31a88a08fdffd
21,G_65030_left_1658,exact,B,B,explicit_option,df7e70e5021544f4834bbee64a9e3789febc4be81470df629cad6ddb03320a5c
22,I_65030_65052_left_x,exact,B,B,explicit_option,df7e70e5021544f4834bbee64a9e3789febc4be81470df629cad6ddb03320a5c
23,I_20294_47904_right_x,exact,B,B,explicit_option,df7e70e5021544f4834bbee64a9e3789febc4be81470df629cad6ddb03320a5c
24,G_20294_right_224,exact,A,A,explicit_option,559aead08264d5795d3909718cdd05abd49572e84fe55590eef31a88a08fdffd
25,I_47904_58793_left_s,exact,A,A,explicit_option,559aead08264d5795d3909718cdd05abd49572e84fe55590eef31a88a08fdffd
26,D_44595_73,exact,B,B,explicit_option,df7e70e5021544f4834bbee64a9e3789febc4be81470df629cad6ddb03320a5c
27,I_56583_96608_right_x,exact,B,B,explicit_option,df7e70e5021544f4834bbee64a9e3789febc4be81470df629cad6ddb03320a5c
28,D_14493_8,exact,B,B,explicit_option,df7e70e5021544f4834bbee64a9e3789febc4be81470df629cad6ddb03320a5c
29,D_47904_92,exact,B,B,explicit_option,df7e70e5021544f4834bbee64a9e3789febc4be81470df629cad6ddb03320a5c
30,I_32467_43210_right_s,exact,A,A,explicit_option,559aead08264d5795d3909718cdd05abd49572e84fe55590eef31a88a08fdffd
31,G_74850_right_2037,exact,B,B,explicit_option,df7e70e5021544f4834bbee64a9e3789febc4be81470df629cad6ddb03320a5c
32,I_32467_65030_right_x,exact,A,A,explicit_option,559aead08264d5795d3909718cdd05abd49572e84fe55590eef31a88a08fdffd
33,G_20294_left_134,exact,A,A,explicit_option,559aead08264d5795d3909718cdd05abd49572e84fe55590eef31a88a08fdffd
34,G_47904_right_832,exact,B,B,explicit_option,df7e70e5021544f4834bbee64a9e3789febc4be81470df629cad6ddb03320a5c
35,I_57145_89171_right_x,exact,B,B,explicit_option,df7e70e5021544f4834bbee64a9e3789febc4be81470df629cad6ddb03320a5c
36,G_76957_left_2098,exact,A,A,explicit_option,559aead08264d5795d3909718cdd05abd49572e84fe55590eef31a88a08fdffd
37,I_14493_20294_right_x,exact,A,A,explicit_option,559aead08264d5795d3909718cdd05abd49572e84fe55590eef31a88a08fdffd
38,D_76957_225,exact,B,B,explicit_option,df7e70e5021544f4834bbee64a9e3789febc4be81470df629cad6ddb03320a5c
39,G_76957_left_2119,exact,A,A,explicit_option,559aead08264d5795d3909718cdd05abd49572e84fe55590eef31a88a08fdffd
40,D_69658_194,exact,B,B,explicit_option,df7e70e5021544f4834bbee64a9e3789febc4be81470df629cad6ddb03320a5c
41,G_32467_right_505,exact,A,A,explicit_option,559aead08264d5795d3909718cdd05abd49572e84fe55590eef31a88a08fdffd
42,I_47904_58793_right_s,exact,A,A,explicit_option,559aead08264d5795d3909718cdd05abd49572e84fe55590eef31a88a08fdffd
43,G_74850_right_2026,exact,B,B,explicit_option,df7e70e5021544f4834bbee64a9e3789febc4be81470df629cad6ddb03320a5c
44,D_89171_262,exact,A,A,explicit_option,559aead08264d5795d3909718cdd05abd49572e84fe55590eef31a88a08fdffd
45,I_57833_89171_left_x,exact,B,B,explicit_option,df7e70e5021544f4834bbee64a9e3789febc4be81470df629cad6ddb03320a5c
46,I_74850_83742_left_s,exact,A,A,explicit_option,559aead08264d5795d3909718cdd05abd49572e84fe55590eef31a88a08fdffd
47,I_57833_69658_right_x,exact,B,B,explicit_option,df7e70e5021544f4834bbee64a9e3789febc4be81470df629cad6ddb03320a5c
48,G_74850_left_1998,exact,A,A,explicit_option,559aead08264d5795d3909718cdd05abd49572e84fe55590eef31a88a08fdffd
49,D_83742_228,exact,B,B,explicit_option,df7e70e5021544f4834bbee64a9e3789febc4be81470df629cad6ddb03320a5c
50,I_43210_56583_left_x,exact,B,B,explicit_option,df7e70e5021544f4834bbee64a9e3789febc4be81470df629cad6ddb03320a5c
51,G_43210_right_633,exact,B,B,explicit_option,df7e70e5021544f4834bbee64a9e3789febc4be81470df629cad6ddb03320a5c
52,I_58793_65030_left_s,exact,A,A,explicit_option,559aead08264d5795d3909718cdd05abd49572e84fe55590eef31a88a08fdffd
53,I_57145_76957_left_s,exact,A,A,explicit_option,559aead08264d5795d3909718cdd05abd49572e84fe55590eef31a88a08fdffd
54,I_14493_65030_left_x,exact,B,B,explicit_option,df7e70e5021544f4834bbee64a9e3789febc4be81470df629cad6ddb03320a5c
55,G_65030_right_1681,exact,A,A,explicit_option,559aead08264d5795d3909718cdd05abd49572e84fe55590eef31a88a08fdffd
56,D_58398_142,exact,B,B,explicit_option,df7e70e5021544f4834bbee64a9e3789febc4be81470df629cad6ddb03320a5c
57,G_57833_right_1228,exact,B,B,explicit_option,df7e70e5021544f4834bbee64a9e3789febc4be81470df629cad6ddb03320a5c
58,I_43210_74850_left_s,exact,B,B,explicit_option,df7e70e5021544f4834bbee64a9e3789febc4be81470df629cad6ddb03320a5c
59,D_14493_9,exact,A,A,explicit_option,559aead08264d5795d3909718cdd05abd49572e84fe55590eef31a88a08fdffd
60,I_43210_83742_right_s,exact,A,A,explicit_option,559aead08264d5795d3909718cdd05abd49572e84fe55590eef31a88a08fdffd
61,G_96608_left_2728,exact,B,B,explicit_option,df7e70e5021544f4834bbee64a9e3789febc4be81470df629cad6ddb03320a5c
62,I_57833_96608_left_x,exact,B,B,explicit_option,df7e70e5021544f4834bbee64a9e3789febc4be81470df629cad6ddb03320a5c
63,I_47904_63029_right_x,exact,A,A,explicit_option,559aead08264d5795d3909718cdd05abd49572e84fe55590eef31a88a08fdffd
64,I_65052_93812_right_x,exact,B,B,explicit_option,df7e70e5021544f4834bbee64a9e3789febc4be81470df629cad6ddb03320a5c
65,I_44595_99775_left_s,exact,A,A,explicit_option,559aead08264d5795d3909718cdd05abd49572e84fe55590eef31a88a08fdffd
66,I_24101_32467_left_x,exact,B,B,explicit_option,df7e70e5021544f4834bbee64a9e3789febc4be81470df629cad6ddb03320a5c
67,G_27295_right_407,exact,B,B,explicit_option,df7e70e5021544f4834bbee64a9e3789febc4be81470df629cad6ddb03320a5c
68,I_65052_83742_left_x,exact,B,B,explicit_option,df7e70e5021544f4834bbee64a9e3789febc4be81470df629cad6ddb03320a5c
69,I_58398_76957_left_x,exact,B,B,explicit_option,df7e70e5021544f4834bbee64a9e3789febc4be81470df629cad6ddb03320a5c
70,G_76957_left_2097,exact,B,B,explicit_option,df7e70e5021544f4834bbee64a9e3789febc4be81470df629cad6ddb03320a5c
71,I_58793_65052_left_s,exact,B,B,explicit_option,df7e70e5021544f4834bbee64a9e3789febc4be81470df629cad6ddb03320a5c
72,G_27295_left_311,exact,A,A,explicit_option,559aead08264d5795d3909718cdd05abd49572e84fe55590eef31a88a08fdffd
73,I_14493_57145_right_x,exact,A,A,explicit_option,559aead08264d5795d3909718cdd05abd49572e84fe55590eef31a88a08fdffd
74,G_87757_right_2459,exact,B,B,explicit_option,df7e70e5021544f4834bbee64a9e3789febc4be81470df629cad6ddb03320a5c
75,D_93812_272,exact,B,B,explicit_option,df7e70e5021544f4834bbee64a9e3789febc4be81470df629cad6ddb03320a5c
76,G_63029_left_1497,exact,B,B,explicit_option,df7e70e5021544f4834bbee64a9e3789febc4be81470df629cad6ddb03320a5c
77,G_69658_right_1931,exact,B,B,explicit_option,df7e70e5021544f4834bbee64a9e3789febc4be81470df629cad6ddb03320a5c
78,I_87757_99775_left_s,exact,B,B,explicit_option,df7e70e5021544f4834bbee64a9e3789febc4be81470df629cad6ddb03320a5c
79,I_93812_99775_right_s,exact,B,B,explicit_option,df7e70e5021544f4834bbee64a9e3789febc4be81470df629cad6ddb03320a5c
80,I_43210_47904_right_x,exact,B,B,explicit_option,df7e70e5021544f4834bbee64a9e3789febc4be81470df629cad6ddb03320a5c
81,G_58398_left_1293,exact,B,B,explicit_option,df7e70e5021544f4834bbee64a9e3789febc4be81470df629cad6ddb03320a5c
82,I_14493_57145_left_x,exact,B,B,explicit_option,df7e70e5021544f4834bbee64a9e3789febc4be81470df629cad6ddb03320a5c
83,G_57145_right_1072,exact,A,A,explicit_option,559aead08264d5795d3909718cdd05abd49572e84fe55590eef31a88a08fdffd
84,I_63029_96608_right_s,exact,A,A,explicit_option,559aead08264d5795d3909718cdd05abd49572e84fe55590eef31a88a08fdffd
85,I_58398_69658_left_x,exact,B,B,explicit_option,df7e70e5021544f4834bbee64a9e3789febc4be81470df629cad6ddb03320a5c
86,G_57145_right_1080,exact,B,B,explicit_option,df7e70e5021544f4834bbee64a9e3789febc4be81470df629cad6ddb03320a5c
87,I_58793_65030_left_x,exact,A,A,explicit_option,559aead08264d5795d3909718cdd05abd49572e84fe55590eef31a88a08fdffd
88,I_57833_89171_right_x,exact,B,B,explicit_option,df7e70e5021544f4834bbee64a9e3789febc4be81470df629cad6ddb03320a5c
89,I_14493_32467_left_x,exact,B,B,explicit_option,df7e70e5021544f4834bbee64a9e3789febc4be81470df629cad6ddb03320a5c
90,I_44595_58398_left_s,exact,A,A,explicit_option,559aead08264d5795d3909718cdd05abd49572e84fe55590eef31a88a08fdffd
91,G_14493_left_18,exact,B,B,explicit_option,df7e70e5021544f4834bbee64a9e3789febc4be81470df629cad6ddb03320a5c
92,G_99775_right_2898,exact,B,B,explicit_option,df7e70e5021544f4834bbee64a9e3789febc4be81470df629cad6ddb03320a5c
93,I_27295_58398_right_x,exact,B,B,explicit_option,df7e70e5021544f4834bbee64a9e3789febc4be81470df629cad6ddb03320a5c
94,I_32467_57145_right_x,exact,B,B,explicit_option,df7e70e5021544f4834bbee64a9e3789febc4be81470df629cad6ddb03320a5c
95,G_20294_right_240,exact,B,B,explicit_option,df7e70e5021544f4834bbee64a9e3789febc4be81470df629cad6ddb03320a5c
96,I_27295_93812_right_x,exact,B,B,explicit_option,df7e70e5021544f4834bbee64a9e3789febc4be81470df629cad6ddb03320a5c
97,D_69658_195,exact,B,B,explicit_option,df7e70e5021544f4834bbee64a9e3789febc4be81470df629cad6ddb03320a5c
98,I_14493_89171_right_s,exact,A,A,explicit_option,559aead08264d5795d3909718cdd05abd49572e84fe55590eef31a88a08fdffd
99,D_69658_199,exact,B,B,explicit_option,df7e70e5021544f4834bbee64a9e3789febc4be81470df629cad6ddb03320a5c
100,I_47904_58398_left_x,exact,B,B,explicit_option,df7e70e5021544f4834bbee64a9e3789febc4be81470df629cad6ddb03320a5c
101,I_65052_69658_left_x,exact,B,B,explicit_option,df7e70e5021544f4834bbee64a9e3789febc4be81470df629cad6ddb03320a5c
102,D_58398_133,exact,B,B,explicit_option,df7e70e5021544f4834bbee64a9e3789febc4be81470df629cad6ddb03320a5c
103,I_14493_24101_right_s,exact,A,A,explicit_option,559aead08264d5795d3909718cdd05abd49572e84fe55590eef31a88a08fdffd
104,G_56583_left_888,exact,B,B,explicit_option,df7e70e5021544f4834bbee64a9e3789febc4be81470df629cad6ddb03320a5c
105,I_83742_87757_left_x,exact,B,B,explicit_option,df7e70e5021544f4834bbee64a9e3789febc4be81470df629cad6ddb03320a5c
106,D_47904_90,exact,B,B,explicit_option,df7e70e5021544f4834bbee64a9e3789febc4be81470df629cad6ddb03320a5c
107,I_69658_76957_left_s,exact,A,A,explicit_option,559aead08264d5795d3909718cdd05abd49572e84fe55590eef31a88a08fdffd
108,G_24101_left_296,exact,A,A,explicit_option,559aead08264d5795d3909718cdd05abd49572e84fe55590eef31a88a08fdffd
109,I_20294_32467_right_x,exact,B,B,explicit_option,df7e70e5021544f4834bbee64a9e3789febc4be81470df629cad6ddb03320a5c
110,D_63029_160,exact,B,B,explicit_option,df7e70e5021544f4834bbee64a9e3789febc4be81470df629cad6ddb03320a5c
111,I_57145_57833_left_x,exact,B,B,explicit_option,df7e70e5021544f4834bbee64a9e3789febc4be81470df629cad6ddb03320a5c
112,G_96608_left_2701,exact,A,A,explicit_option,559aead08264d5795d3909718cdd05abd49572e84fe55590eef31a88a08fdffd
113,I_14493_32467_right_s,exact,A,A,explicit_option,559aead08264d5795d3909718cdd05abd49572e84fe55590eef31a88a08fdffd
114,G_69658_right_1939,exact,A,A,explicit_option,559aead08264d5795d3909718cdd05abd49572e84fe55590eef31a88a08fdffd
115,I_58793_63029_right_s,exact,B,B,explicit_option,df7e70e5021544f4834bbee64a9e3789febc4be81470df629cad6ddb03320a5c
116,I_44595_96608_right_x,exact,B,B,explicit_option,df7e70e5021544f4834bbee64a9e3789febc4be81470df629cad6ddb03320a5c
117,I_44595_87757_left_s,exact,A,A,explicit_option,559aead08264d5795d3909718cdd05abd49572e84fe55590eef31a88a08fdffd
118,D_87757_240,exact,B,B,explicit_option,df7e70e5021544f4834bbee64a9e3789febc4be81470df629cad6ddb03320a5c
119,G_20294_left_195,exact,A,A,explicit_option,559aead08264d5795d3909718cdd05abd49572e84fe55590eef31a88a08fdffd
120,G_27295_left_309,exact,A,A,explicit_option,559aead08264d5795d3909718cdd05abd49572e84fe55590eef31a88a08fdffd
121,D_24101_32,exact,A,A,explicit_option,559aead08264d5795d3909718cdd05abd49572e84fe55590eef31a88a08fdffd
122,G_76957_right_2160,exact,B,B,explicit_option,df7e70e5021544f4834bbee64a9e3789febc4be81470df629cad6ddb03320a5c
123,G_14493_left_57,exact,A,A,explicit_option,559aead08264d5795d3909718cdd05abd49572e84fe55590eef31a88a08fdffd
124,I_43210_56583_right_x,exact,B,B,explicit_option,df7e70e5021544f4834bbee64a9e3789febc4be81470df629cad6ddb03320a5c
125,I_65052_76957_right_s,exact,A,A,explicit_option,559aead08264d5795d3909718cdd05abd49572e84fe55590eef31a88a08fdffd
126,I_57833_58398_left_x,exact,B,B,explicit_option,df7e70e5021544f4834bbee64a9e3789febc4be81470df629cad6ddb03320a5c
127,G_83742_left_2253,exact,B,B,explicit_option,df7e70e5021544f4834bbee64a9e3789febc4be81470df629cad6ddb03320a5c
128,D_20294_20,exact,A,A,explicit_option,559aead08264d5795d3909718cdd05abd49572e84fe55590eef31a88a08fdffd
129,I_89171_99775_right_x,exact,B,B,explicit_option,df7e70e5021544f4834bbee64a9e3789febc4be81470df629cad6ddb03320a5c
130,D_89171_258,exact,B,B,explicit_option,df7e70e5021544f4834bbee64a9e3789febc4be81470df629cad6ddb03320a5c
131,I_47904_58793_right_x,exact,A,A,explicit_option,559aead08264d5795d3909718cdd05abd49572e84fe55590eef31a88a08fdffd
132,I_47904_63029_left_s,exact,A,A,explicit_option,559aead08264d5795d3909718cdd05abd49572e84fe55590eef31a88a08fdffd
133,I_63029_93812_right_x,exact,B,B,explicit_option,df7e70e5021544f4834bbee64a9e3789febc4be81470df629cad6ddb03320a5c
134,G_58398_right_1356,exact,B,B,explicit_option,df7e70e5021544f4834bbee64a9e3789febc4be81470df629cad6ddb03320a5c
135,G_93812_left_2619,exact,A,A,explicit_option,559aead08264d5795d3909718cdd05abd49572e84fe55590eef31a88a08fdffd
136,G_57833_left_1150,exact,B,B,explicit_option,df7e70e5021544f4834bbee64a9e3789febc4be81470df629cad6ddb03320a5c
137,G_57833_left_1152,exact,A,A,explicit_option,559aead08264d5795d3909718cdd05abd49572e84fe55590eef31a88a08fdffd
138,I_47904_69658_left_x,exact,B,B,explicit_option,df7e70e5021544f4834bbee64a9e3789febc4be81470df629cad6ddb03320a5c
139,G_47904_right_834,exact,A,A,explicit_option,559aead08264d5795d3909718cdd05abd49572e84fe55590eef31a88a08fdffd
140,G_58398_right_1352,exact,B,B,explicit_option,df7e70e5021544f4834bbee64a9e3789febc4be81470df629cad6ddb03320a5c
141,G_14493_right_114,exact,B,B,explicit_option,df7e70e5021544f4834bbee64a9e3789febc4be81470df629cad6ddb03320a5c
142,G_65030_right_1685,exact,B,B,explicit_option,df7e70e5021544f4834bbee64a9e3789febc4be81470df629cad6ddb03320a5c
143,I_65052_96608_left_x,exact,B,B,explicit_option,df7e70e5021544f4834bbee64a9e3789febc4be81470df629cad6ddb03320a5c
144,I_43210_57833_right_x,exact,B,B,explicit_option,df7e70e5021544f4834bbee64a9e3789febc4be81470df629cad6ddb03320a5c
145,G_93812_left_2587,exact,A,A,explicit_option,559aead08264d5795d3909718cdd05abd49572e84fe55590eef31a88a08fdffd
146,G_14493_right_89,exact,A,A,explicit_option,559aead08264d5795d3909718cdd05abd49572e84fe55590eef31a88a08fdffd
147,G_99775_right_2920,exact,B,B,explicit_option,df7e70e5021544f4834bbee64a9e3789febc4be81470df629cad6ddb03320a5c
148,G_87757_left_2372,exact,B,B,explicit_option,df7e70e5021544f4834bbee64a9e3789febc4be81470df629cad6ddb03320a5c
149,I_44595_58793_left_x,exact,B,B,explicit_option,df7e70e5021544f4834bbee64a9e3789febc4be81470df629cad6ddb03320a5c
150,I_20294_58398_left_s,exact,B,B,explicit_option,df7e70e5021544f4834bbee64a9e3789febc4be81470df629cad6ddb03320a5c
151,G_65030_right_1699,exact,A,A,explicit_option,559aead08264d5795d3909718cdd05abd49572e84fe55590eef31a88a08fdffd
152,G_87757_right_2442,exact,A,A,explicit_option,559aead08264d5795d3909718cdd05abd49572e84fe55590eef31a88a08fdffd
153,I_93812_96608_left_s,exact,B,B,explicit_option,df7e70e5021544f4834bbee64a9e3789febc4be81470df629cad6ddb03320a5c
154,G_69658_left_1873,exact,B,B,explicit_option,df7e70e5021544f4834bbee64a9e3789febc4be81470df629cad6ddb03320a5c
155,G_76957_left_2114,exact,B,B,explicit_option,df7e70e5021544f4834bbee64a9e3789febc4be81470df629cad6ddb03320a5c
156,G_65030_right_1705,exact,A,A,explicit_option,559aead08264d5795d3909718cdd05abd49572e84fe55590eef31a88a08fdffd
157,G_96608_left_2741,exact,B,B,explicit_option,df7e70e5021544f4834bbee64a9e3789febc4be81470df629cad6ddb03320a5c
158,G_20294_left_137,exact,B,B,explicit_option,df7e70e5021544f4834bbee64a9e3789febc4be81470df629cad6ddb03320a5c
159,I_32467_57145_left_x,exact,B,B,explicit_option,df7e70e5021544f4834bbee64a9e3789febc4be81470df629cad6ddb03320a5c
160,G_65030_left_1671,exact,A,A,explicit_option,559aead08264d5795d3909718cdd05abd49572e84fe55590eef31a88a08fdffd
161,G_65052_left_1738,exact,B,B,explicit_option,df7e70e5021544f4834bbee64a9e3789febc4be81470df629cad6ddb03320a5c
162,D_76957_223,exact,B,B,explicit_option,df7e70e5021544f4834bbee64a9e3789febc4be81470df629cad6ddb03320a5c
163,G_63029_right_1584,exact,B,B,explicit_option,df7e70e5021544f4834bbee64a9e3789febc4be81470df629cad6ddb03320a5c
164,I_43210_83742_left_s,exact,B,B,explicit_option,df7e70e5021544f4834bbee64a9e3789febc4be81470df629cad6ddb03320a5c
165,G_27295_left_355,exact,B,B,explicit_option,df7e70e5021544f4834bbee64a9e3789febc4be81470df629cad6ddb03320a5c
166,G_83742_left_2224,exact,B,B,explicit_option,df7e70e5021544f4834bbee64a9e3789febc4be81470df629cad6ddb03320a5c
167,I_58398_58793_left_s,exact,B,B,explicit_option,df7e70e5021544f4834bbee64a9e3789febc4be81470df629cad6ddb03320a5c
168,I_57145_63029_left_x,exact,B,B,explicit_option,df7e70e5021544f4834bbee64a9e3789febc4be81470df629cad6ddb03320a5c
169,G_57833_right_1237,exact,B,B,explicit_option,df7e70e5021544f4834bbee64a9e3789febc4be81470df629cad6ddb03320a5c
170,I_57833_96608_left_s,exact,B,B,explicit_option,df7e70e5021544f4834bbee64a9e3789febc4be81470df629cad6ddb03320a5c
171,D_99775_293,exact,B,B,explicit_option,df7e70e5021544f4834bbee64a9e3789febc4be81470df629cad6ddb03320a5c
172,G_43210_left_600,exact,B,B,explicit_option,df7e70e5021544f4834bbee64a9e3789febc4be81470df629cad6ddb03320a5c
173,I_44595_74850_left_s,exact,B,B,explicit_option,df7e70e5021544f4834bbee64a9e3789febc4be81470df629cad6ddb03320a5c
174,G_56583_right_894,exact,B,B,explicit_option,df7e70e5021544f4834bbee64a9e3789febc4be81470df629cad6ddb03320a5c
175,I_43210_93812_left_x,exact,B,B,explicit_option,df7e70e5021544f4834bbee64a9e3789febc4be81470df629cad6ddb03320a5c
176,G_87757_right_2434,exact,A,A,explicit_option,559aead08264d5795d3909718cdd05abd49572e84fe55590eef31a88a08fdffd
177,G_87757_left_2379,exact,B,B,explicit_option,df7e70e5021544f4834bbee64a9e3789febc4be81470df629cad6ddb03320a5c
178,I_24101_83742_left_s,exact,A,A,explicit_option,559aead08264d5795d3909718cdd05abd49572e84fe55590eef31a88a08fdffd
179,D_63029_163,exact,A,A,explicit_option,559aead08264d5795d3909718cdd05abd49572e84fe55590eef31a88a08fdffd
180,I_27295_76957_left_s,exact,A,A,explicit_option,559aead08264d5795d3909718cdd05abd49572e84fe55590eef31a88a08fdffd
181,D_58793_153,exact,B,B,explicit_option,df7e70e5021544f4834bbee64a9e3789febc4be81470df629cad6ddb03320a5c
182,G_93812_left_2637,exact,B,B,explicit_option,df7e70e5021544f4834bbee64a9e3789febc4be81470df629cad6ddb03320a5c
183,D_65052_180,exact,B,B,explicit_option,df7e70e5021544f4834bbee64a9e3789febc4be81470df629cad6ddb03320a5c
184,I_24101_56583_left_s,exact,B,B,explicit_option,df7e70e5021544f4834bbee64a9e3789febc4be81470df629cad6ddb03320a5c
185,G_24101_left_292,exact,A,A,explicit_option,559aead08264d5795d3909718cdd05abd49572e84fe55590eef31a88a08fdffd
186,I_58793_93812_right_x,exact,A,A,explicit_option,559aead08264d5795d3909718cdd05abd49572e84fe55590eef31a88a08fdffd
187,I_57145_76957_left_x,exact,B,B,explicit_option,df7e70e5021544f4834bbee64a9e3789febc4be81470df629cad6ddb03320a5c
188,I_65052_83742_right_s,exact,B,B,explicit_option,df7e70e5021544f4834bbee64a9e3789febc4be81470df629cad6ddb03320a5c
189,D_20294_18,exact,B,B,explicit_option,df7e70e5021544f4834bbee64a9e3789febc4be81470df629cad6ddb03320a5c
190,D_58793_150,exact,B,B,explicit_option,df7e70e5021544f4834bbee64a9e3789febc4be81470df629cad6ddb03320a5c
191,G_63029_left_1517,exact,A,A,explicit_option,559aead08264d5795d3909718cdd05abd49572e84fe55590eef31a88a08fdffd
192,I_65030_87757_left_x,exact,B,B,explicit_option,df7e70e5021544f4834bbee64a9e3789febc4be81470df629cad6ddb03320a5c
193,I_20294_57833_left_x,exact,B,B,explicit_option,df7e70e5021544f4834bbee64a9e3789febc4be81470df629cad6ddb03320a5c
194,I_65030_74850_right_x,exact,B,B,explicit_option,df7e70e5021544f4834bbee64a9e3789febc4be81470df629cad6ddb03320a5c
195,D_57145_108,exact,B,B,explicit_option,df7e70e5021544f4834bbee64a9e3789febc4be81470df629cad6ddb03320a5c
196,G_65030_left_1676,exact,B,B,explicit_option,df7e70e5021544f4834bbee64a9e3789febc4be81470df629cad6ddb03320a5c
197,D_93812_269,exact,B,B,explicit_option,df7e70e5021544f4834bbee64a9e3789febc4be81470df629cad6ddb03320a5c
198,I_74850_83742_right_x,exact,B,B,explicit_option,df7e70e5021544f4834bbee64a9e3789febc4be81470df629cad6ddb03320a5c
199,G_93812_left_2625,exact,B,B,explicit_option,df7e70e5021544f4834bbee64a9e3789febc4be81470df629cad6ddb03320a5c
200,I_20294_56583_left_x,exact,B,B,explicit_option,df7e70e5021544f4834bbee64a9e3789febc4be81470df629cad6ddb03320a5c
201,I_87757_89171_left_s,exact,B,B,explicit_option,df7e70e5021544f4834bbee64a9e3789febc4be81470df629cad6ddb03320a5c
202,D_56583_104,exact,B,B,explicit_option,df7e70e5021544f4834bbee64a9e3789febc4be81470df629cad6ddb03320a5c
203,I_44595_76957_left_s,exact,A,A,explicit_option,559aead08264d5795d3909718cdd05abd49572e84fe55590eef31a88a08fdffd
204,I_63029_93812_right_s,exact,B,B,explicit_option,df7e70e5021544f4834bbee64a9e3789febc4be81470df629cad6ddb03320a5c
205,I_47904_63029_right_s,exact,B,B,explicit_option,df7e70e5021544f4834bbee64a9e3789febc4be81470df629cad6ddb03320a5c
206,I_56583_87757_left_x,exact,B,B,explicit_option,df7e70e5021544f4834bbee64a9e3789febc4be81470df629cad6ddb03320a5c
207,G_76957_right_2173,exact,B,B,explicit_option,df7e70e5021544f4834bbee64a9e3789febc4be81470df629cad6ddb03320a5c
208,G_87757_right_2424,exact,B,B,explicit_option,df7e70e5021544f4834bbee64a9e3789febc4be81470df629cad6ddb03320a5c
209,D_65052_187,exact,A,A,explicit_option,559aead08264d5795d3909718cdd05abd49572e84fe55590eef31a88a08fdffd
210,D_47904_94,exact,B,B,explicit_option,df7e70e5021544f4834bbee64a9e3789febc4be81470df629cad6ddb03320a5c
211,D_87757_248,exact,B,B,explicit_option,df7e70e5021544f4834bbee64a9e3789febc4be81470df629cad6ddb03320a5c
212,I_27295_44595_left_x,exact,B,B,explicit_option,df7e70e5021544f4834bbee64a9e3789febc4be81470df629cad6ddb03320a5c
213,I_58398_76957_right_s,exact,B,B,explicit_option,df7e70e5021544f4834bbee64a9e3789febc4be81470df629cad6ddb03320a5c
214,G_99775_left_2887,exact,A,A,explicit_option,559aead08264d5795d3909718cdd05abd49572e84fe55590eef31a88a08fdffd
215,D_27295_47,exact,A,A,explicit_option,559aead08264d5795d3909718cdd05abd49572e84fe55590eef31a88a08fdffd
216,I_74850_87757_left_s,exact,B,B,explicit_option,df7e70e5021544f4834bbee64a9e3789febc4be81470df629cad6ddb03320a5c
217,G_24101_left_297,exact,A,A,explicit_option,559aead08264d5795d3909718cdd05abd49572e84fe55590eef31a88a08fdffd
218,D_65052_185,exact,B,B,explicit_option,df7e70e5021544f4834bbee64a9e3789febc4be81470df629cad6ddb03320a5c
219,D_69658_198,exact,A,A,explicit_option,559aead08264d5795d3909718cdd05abd49572e84fe55590eef31a88a08fdffd
220,D_63029_162,exact,B,B,explicit_option,df7e70e5021544f4834bbee64a9e3789febc4be81470df629cad6ddb03320a5c
221,D_27295_46,exact,B,B,explicit_option,df7e70e5021544f4834bbee64a9e3789febc4be81470df629cad6ddb03320a5c
222,I_56583_58793_right_x,exact,B,B,explicit_option,df7e70e5021544f4834bbee64a9e3789febc4be81470df629cad6ddb03320a5c
223,D_63029_159,exact,B,B,explicit_option,df7e70e5021544f4834bbee64a9e3789febc4be81470df629cad6ddb03320a5c
224,G_69658_left_1887,exact,B,B,explicit_option,df7e70e5021544f4834bbee64a9e3789febc4be81470df629cad6ddb03320a5c
225,I_76957_89171_right_x,exact,B,B,explicit_option,df7e70e5021544f4834bbee64a9e3789febc4be81470df629cad6ddb03320a5c
226,G_83742_left_2214,exact,A,A,explicit_option,559aead08264d5795d3909718cdd05abd49572e84fe55590eef31a88a08fdffd
227,D_89171_257,exact,A,A,explicit_option,559aead08264d5795d3909718cdd05abd49572e84fe55590eef31a88a08fdffd
228,I_83742_87757_right_s,exact,B,B,explicit_option,df7e70e5021544f4834bbee64a9e3789febc4be81470df629cad6ddb03320a5c
229,D_57833_126,exact,B,B,explicit_option,df7e70e5021544f4834bbee64a9e3789febc4be81470df629cad6ddb03320a5c
230,I_27295_89171_left_x,exact,B,B,explicit_option,df7e70e5021544f4834bbee64a9e3789febc4be81470df629cad6ddb03320a5c
231,I_47904_57145_right_x,exact,B,B,explicit_option,df7e70e5021544f4834bbee64a9e3789febc4be81470df629cad6ddb03320a5c
232,G_27295_right_373,exact,A,A,explicit_option,559aead08264d5795d3909718cdd05abd49572e84fe55590eef31a88a08fdffd
233,D_57145_118,exact,A,A,explicit_option,559aead08264d5795d3909718cdd05abd49572e84fe55590eef31a88a08fdffd
234,G_47904_right_828,exact,A,A,explicit_option,559aead08264d5795d3909718cdd05abd49572e84fe55590eef31a88a08fdffd
235,I_57833_76957_left_x,exact,B,B,explicit_option,df7e70e5021544f4834bbee64a9e3789febc4be81470df629cad6ddb03320a5c
236,I_57833_69658_left_s,exact,B,B,explicit_option,df7e70e5021544f4834bbee64a9e3789febc4be81470df629cad6ddb03320a5c
237,G_63029_right_1565,exact,B,B,explicit_option,df7e70e5021544f4834bbee64a9e3789febc4be81470df629cad6ddb03320a5c
238,G_89171_left_2498,exact,B,B,explicit_option,df7e70e5021544f4834bbee64a9e3789febc4be81470df629cad6ddb03320a5c
239,G_24101_left_295,exact,A,A,explicit_option,559aead08264d5795d3909718cdd05abd49572e84fe55590eef31a88a08fdffd
240,G_43210_left_591,exact,B,B,explicit_option,df7e70e5021544f4834bbee64a9e3789febc4be81470df629cad6ddb03320a5c
241,G_56583_left_856,exact,B,B,explicit_option,df7e70e5021544f4834bbee64a9e3789febc4be81470df629cad6ddb03320a5c
242,I_32467_56583_left_s,exact,B,B,explicit_option,df7e70e5021544f4834bbee64a9e3789febc4be81470df629cad6ddb03320a5c
243,G_93812_left_2630,exact,B,B,explicit_option,df7e70e5021544f4834bbee64a9e3789febc4be81470df629cad6ddb03320a5c
244,G_58793_right_1464,exact,A,A,explicit_option,559aead08264d5795d3909718cdd05abd49572e84fe55590eef31a88a08fdffd
245,I_69658_96608_right_s,exact,B,B,explicit_option,df7e70e5021544f4834bbee64a9e3789febc4be81470df629cad6ddb03320a5c
246,G_47904_left_819,exact,B,B,explicit_option,df7e70e5021544f4834bbee64a9e3789febc4be81470df629cad6ddb03320a5c
247,I_65030_93812_right_x,exact,B,B,explicit_option,df7e70e5021544f4834bbee64a9e3789febc4be81470df629cad6ddb03320a5c
248,G_93812_right_2682,exact,B,B,explicit_option,df7e70e5021544f4834bbee64a9e3789febc4be81470df629cad6ddb03320a5c
249,G_58398_left_1300,exact,A,A,explicit_option,559aead08264d5795d3909718cdd05abd49572e84fe55590eef31a88a08fdffd
250,G_93812_right_2669,exact,A,A,explicit_option,559aead08264d5795d3909718cdd05abd49572e84fe55590eef31a88a08fdffd
251,G_96608_left_2736,exact,B,B,explicit_option,df7e70e5021544f4834bbee64a9e3789febc4be81470df629cad6ddb03320a5c
252,G_20294_left_148,exact,A,A,explicit_option,559aead08264d5795d3909718cdd05abd49572e84fe55590eef31a88a08fdffd
253,I_43210_63029_right_x,exact,B,B,explicit_option,df7e70e5021544f4834bbee64a9e3789febc4be81470df629cad6ddb03320a5c
254,G_65052_left_1761,exact,B,B,explicit_option,df7e70e5021544f4834bbee64a9e3789febc4be81470df629cad6ddb03320a5c
255,G_58398_left_1270,exact,B,B,explicit_option,df7e70e5021544f4834bbee64a9e3789febc4be81470df629cad6ddb03320a5c
256,G_57145_left_982,exact,B,B,explicit_option,df7e70e5021544f4834bbee64a9e3789febc4be81470df629cad6ddb03320a5c
257,D_74850_208,exact,A,A,explicit_option,559aead08264d5795d3909718cdd05abd49572e84fe55590eef31a88a08fdffd
258,I_65052_69658_right_x,exact,B,B,explicit_option,df7e70e5021544f4834bbee64a9e3789febc4be81470df629cad6ddb03320a5c
259,I_27295_43210_left_x,exact,A,A,explicit_option,559aead08264d5795d3909718cdd05abd49572e84fe55590eef31a88a08fdffd
260,D_24101_34,exact,A,A,explicit_option,559aead08264d5795d3909718cdd05abd49572e84fe55590eef31a88a08fdffd
261,G_57833_left_1142,exact,A,A,explicit_option,559aead08264d5795d3909718cdd05abd49572e84fe55590eef31a88a08fdffd
262,G_83742_right_2344,exact,B,B,explicit_option,df7e70e5021544f4834bbee64a9e3789febc4be81470df629cad6ddb03320a5c
263,I_47904_96608_right_x,exact,A,A,explicit_option,559aead08264d5795d3909718cdd05abd49572e84fe55590eef31a88a08fdffd
264,D_69658_200,exact,A,A,explicit_option,559aead08264d5795d3909718cdd05abd49572e84fe55590eef31a88a08fdffd
265,G_56583_left_846,exact,B,B,explicit_option,df7e70e5021544f4834bbee64a9e3789febc4be81470df629cad6ddb03320a5c
266,I_57833_83742_right_x,exact,B,B,explicit_option,df7e70e5021544f4834bbee64a9e3789febc4be81470df629cad6ddb03320a5c
267,G_43210_right_637,exact,A,A,explicit_option,559aead08264d5795d3909718cdd05abd49572e84fe55590eef31a88a08fdffd
268,I_43210_69658_right_x,exact,B,B,explicit_option,df7e70e5021544f4834bbee64a9e3789febc4be81470df629cad6ddb03320a5c
269,I_14493_58793_right_x,exact,B,B,explicit_option,df7e70e5021544f4834bbee64a9e3789febc4be81470df629cad6ddb03320a5c
270,I_44595_57833_right_x,exact,B,B,explicit_option,df7e70e5021544f4834bbee64a9e3789febc4be81470df629cad6ddb03320a5c
271,G_24101_left_289,exact,A,A,explicit_option,559aead08264d5795d3909718cdd05abd49572e84fe55590eef31a88a08fdffd
272,I_57145_63029_right_s,exact,B,B,explicit_option,df7e70e5021544f4834bbee64a9e3789febc4be81470df629cad6ddb03320a5c
273,I_43210_58398_left_s,exact,B,B,explicit_option,df7e70e5021544f4834bbee64a9e3789febc4be81470df629cad6ddb03320a5c
274,D_69658_192,exact,B,B,explicit_option,df7e70e5021544f4834bbee64a9e3789febc4be81470df629cad6ddb03320a5c
275,G_63029_right_1618,exact,A,A,explicit_option,559aead08264d5795d3909718cdd05abd49572e84fe55590eef31a88a08fdffd
276,I_57833_76957_right_x,exact,B,B,explicit_option,df7e70e5021544f4834bbee64a9e3789febc4be81470df629cad6ddb03320a5c
277,I_58398_58793_left_x,exact,B,B,explicit_option,df7e70e5021544f4834bbee64a9e3789febc4be81470df629cad6ddb03320a5c
278,D_93812_275,exact,B,B,explicit_option,df7e70e5021544f4834bbee64a9e3789febc4be81470df629cad6ddb03320a5c
279,I_20294_65030_right_x,exact,B,B,explicit_option,df7e70e5021544f4834bbee64a9e3789febc4be81470df629cad6ddb03320a5c
280,I_57833_83742_left_s,exact,B,B,explicit_option,df7e70e5021544f4834bbee64a9e3789febc4be81470df629cad6ddb03320a5c
281,G_32467_right_512,exact,B,B,explicit_option,df7e70e5021544f4834bbee64a9e3789febc4be81470df629cad6ddb03320a5c
282,G_93812_right_2673,exact,B,B,explicit_option,df7e70e5021544f4834bbee64a9e3789febc4be81470df629cad6ddb03320a5c
283,I_56583_69658_right_s,exact,A,A,explicit_option,559aead08264d5795d3909718cdd05abd49572e84fe55590eef31a88a08fdffd
284,I_20294_69658_left_x,exact,B,B,explicit_option,df7e70e5021544f4834bbee64a9e3789febc4be81470df629cad6ddb03320a5c
285,G_27295_left_338,exact,B,B,explicit_option,df7e70e5021544f4834bbee64a9e3789febc4be81470df629cad6ddb03320a5c
286,I_58793_87757_left_s,exact,B,B,explicit_option,df7e70e5021544f4834bbee64a9e3789febc4be81470df629cad6ddb03320a5c
287,D_99775_298,exact,B,B,explicit_option,df7e70e5021544f4834bbee64a9e3789febc4be81470df629cad6ddb03320a5c
288,I_57833_93812_right_x,exact,B,B,explicit_option,df7e70e5021544f4834bbee64a9e3789febc4be81470df629cad6ddb03320a5c
289,I_58398_76957_left_s,exact,A,A,explicit_option,559aead08264d5795d3909718cdd05abd49572e84fe55590eef31a88a08fdffd
290,D_58398_136,exact,B,B,explicit_option,df7e70e5021544f4834bbee64a9e3789febc4be81470df629cad6ddb03320a5c
291,I_47904_57833_left_x,exact,B,B,explicit_option,df7e70e5021544f4834bbee64a9e3789febc4be81470df629cad6ddb03320a5c
292,G_65052_right_1818,exact,B,B,explicit_option,df7e70e5021544f4834bbee64a9e3789febc4be81470df629cad6ddb03320a5c
293,I_27295_83742_left_s,exact,A,A,explicit_option,559aead08264d5795d3909718cdd05abd49572e84fe55590eef31a88a08fdffd
294,G_57833_left_1173,exact,B,B,explicit_option,df7e70e5021544f4834bbee64a9e3789febc4be81470df629cad6ddb03320a5c
295,G_89171_left_2526,exact,A,A,explicit_option,559aead08264d5795d3909718cdd05abd49572e84fe55590eef31a88a08fdffd
296,G_76957_left_2116,exact,B,B,explicit_option,df7e70e5021544f4834bbee64a9e3789febc4be81470df629cad6ddb03320a5c
297,I_56583_93812_left_x,exact,B,B,explicit_option,df7e70e5021544f4834bbee64a9e3789febc4be81470df629cad6ddb03320a5c
298,I_83742_93812_left_x,exact,B,B,explicit_option,df7e70e5021544f4834bbee64a9e3789febc4be81470df629cad6ddb03320a5c
299,I_14493_47904_right_s,exact,B,B,explicit_option,df7e70e5021544f4834bbee64a9e3789febc4be81470df629cad6ddb03320a5c
300,G_58793_left_1380,exact,B,B,explicit_option,df7e70e5021544f4834bbee64a9e3789febc4be81470df629cad6ddb03320a5c
301,I_24101_27295_right_s,exact,A,A,explicit_option,559aead08264d5795d3909718cdd05abd49572e84fe55590eef31a88a08fdffd
302,I_57145_57833_right_x,exact,B,B,explicit_option,df7e70e5021544f4834bbee64a9e3789febc4be81470df629cad6ddb03320a5c
303,G_87757_right_2470,exact,B,B,explicit_option,df7e70e5021544f4834bbee64a9e3789febc4be81470df629cad6ddb03320a5c
304,G_65030_right_1718,exact,A,A,explicit_option,559aead08264d5795d3909718cdd05abd49572e84fe55590eef31a88a08fdffd
305,I_69658_87757_right_s,exact,A,A,explicit_option,559aead08264d5795d3909718cdd05abd49572e84fe55590eef31a88a08fdffd
306,I_65052_87757_left_s,exact,B,B,explicit_option,df7e70e5021544f4834bbee64a9e3789febc4be81470df629cad6ddb03320a5c
307,G_93812_left_2641,exact,A,A,explicit_option,559aead08264d5795d3909718cdd05abd49572e84fe55590eef31a88a08fdffd
308,G_24101_left_294,exact,B,B,explicit_option,df7e70e5021544f4834bbee64a9e3789febc4be81470df629cad6ddb03320a5c
309,I_58793_74850_left_x,exact,A,A,explicit_option,559aead08264d5795d3909718cdd05abd49572e84fe55590eef31a88a08fdffd
310,I_57833_63029_left_x,exact,B,B,explicit_option,df7e70e5021544f4834bbee64a9e3789febc4be81470df629cad6ddb03320a5c
311,I_20294_69658_right_s,exact,A,A,explicit_option,559aead08264d5795d3909718cdd05abd49572e84fe55590eef31a88a08fdffd
312,G_47904_left_820,exact,B,B,explicit_option,df7e70e5021544f4834bbee64a9e3789febc4be81470df629cad6ddb03320a5c
313,G_14493_right_91,exact,B,B,explicit_option,df7e70e5021544f4834bbee64a9e3789febc4be81470df629cad6ddb03320a5c
314,D_76957_227,exact,B,B,explicit_option,df7e70e5021544f4834bbee64a9e3789febc4be81470df629cad6ddb03320a5c
315,I_27295_76957_left_x,exact,B,B,explicit_option,df7e70e5021544f4834bbee64a9e3789febc4be81470df629cad6ddb03320a5c
316,D_63029_164,exact,B,B,explicit_option,df7e70e5021544f4834bbee64a9e3789febc4be81470df629cad6ddb03320a5c
317,I_24101_58398_right_x,exact,B,B,explicit_option,df7e70e5021544f4834bbee64a9e3789febc4be81470df629cad6ddb03320a5c
318,G_24101_right_302,exact,A,A,explicit_option,559aead08264d5795d3909718cdd05abd49572e84fe55590eef31a88a08fdffd
319,G_74850_left_2000,exact,A,A,explicit_option,559aead08264d5795d3909718cdd05abd49572e84fe55590eef31a88a08fdffd
320,I_69658_99775_right_s,exact,B,B,explicit_option,df7e70e5021544f4834bbee64a9e3789febc4be81470df629cad6ddb03320a5c
321,D_65030_176,exact,A,A,explicit_option,559aead08264d5795d3909718cdd05abd49572e84fe55590eef31a88a08fdffd
322,G_58793_right_1475,exact,B,B,explicit_option,df7e70e5021544f4834bbee64a9e3789febc4be81470df629cad6ddb03320a5c
323,G_14493_left_59,exact,B,B,explicit_option,df7e70e5021544f4834bbee64a9e3789febc4be81470df629cad6ddb03320a5c
324,I_27295_89171_right_s,exact,B,B,explicit_option,df7e70e5021544f4834bbee64a9e3789febc4be81470df629cad6ddb03320a5c
325,I_44595_65052_left_s,exact,A,A,explicit_option,559aead08264d5795d3909718cdd05abd49572e84fe55590eef31a88a08fdffd
326,I_58398_63029_left_x,exact,B,B,explicit_option,df7e70e5021544f4834bbee64a9e3789febc4be81470df629cad6ddb03320a5c
327,D_69658_197,exact,B,B,explicit_option,df7e70e5021544f4834bbee64a9e3789febc4be81470df629cad6ddb03320a5c
328,I_76957_99775_right_x,exact,B,B,explicit_option,df7e70e5021544f4834bbee64a9e3789febc4be81470df629cad6ddb03320a5c
329,D_96608_283,exact,A,A,explicit_option,559aead08264d5795d3909718cdd05abd49572e84fe55590eef31a88a08fdffd
330,G_87757_right_2451,exact,B,B,explicit_option,df7e70e5021544f4834bbee64a9e3789febc4be81470df629cad6ddb03320a5c
331,I_20294_63029_right_x,exact,B,B,explicit_option,df7e70e5021544f4834bbee64a9e3789febc4be81470df629cad6ddb03320a5c
332,D_74850_207,exact,B,B,explicit_option,df7e70e5021544f4834bbee64a9e3789febc4be81470df629cad6ddb03320a5c
333,I_47904_69658_left_s,exact,B,B,explicit_option,df7e70e5021544f4834bbee64a9e3789febc4be81470df629cad6ddb03320a5c
334,I_32467_89171_right_x,exact,B,B,explicit_option,df7e70e5021544f4834bbee64a9e3789febc4be81470df629cad6ddb03320a5c
335,G_65030_right_1703,exact,A,A,explicit_option,559aead08264d5795d3909718cdd05abd49572e84fe55590eef31a88a08fdffd
336,G_83742_left_2230,exact,B,B,explicit_option,df7e70e5021544f4834bbee64a9e3789febc4be81470df629cad6ddb03320a5c
337,I_20294_76957_right_x,exact,B,B,explicit_option,df7e70e5021544f4834bbee64a9e3789febc4be81470df629cad6ddb03320a5c
338,G_57833_right_1225,exact,B,B,explicit_option,df7e70e5021544f4834bbee64a9e3789febc4be81470df629cad6ddb03320a5c
339,D_24101_24,exact,A,A,explicit_option,559aead08264d5795d3909718cdd05abd49572e84fe55590eef31a88a08fdffd
340,D_58398_141,exact,B,B,explicit_option,df7e70e5021544f4834bbee64a9e3789febc4be81470df629cad6ddb03320a5c
341,G_32467_left_466,exact,B,B,explicit_option,df7e70e5021544f4834bbee64a9e3789febc4be81470df629cad6ddb03320a5c
342,I_47904_57145_left_x,exact,B,B,explicit_option,df7e70e5021544f4834bbee64a9e3789febc4be81470df629cad6ddb03320a5c
343,G_83742_right_2331,exact,B,B,explicit_option,df7e70e5021544f4834bbee64a9e3789febc4be81470df629cad6ddb03320a5c
344,G_96608_right_2786,exact,B,B,explicit_option,df7e70e5021544f4834bbee64a9e3789febc4be81470df629cad6ddb03320a5c
345,G_57145_right_1101,exact,A,A,explicit_option,559aead08264d5795d3909718cdd05abd49572e84fe55590eef31a88a08fdffd
346,I_32467_56583_right_s,exact,A,A,explicit_option,559aead08264d5795d3909718cdd05abd49572e84fe55590eef31a88a08fdffd
347,G_69658_right_1907,exact,B,B,explicit_option,df7e70e5021544f4834bbee64a9e3789febc4be81470df629cad6ddb03320a5c
348,I_20294_57145_left_s,exact,B,B,explicit_option,df7e70e5021544f4834bbee64a9e3789febc4be81470df629cad6ddb03320a5c
349,I_58398_99775_left_x,exact,B,B,explicit_option,df7e70e5021544f4834bbee64a9e3789febc4be81470df629cad6ddb03320a5c
350,D_65052_190,exact,B,B,explicit_option,df7e70e5021544f4834bbee64a9e3789febc4be81470df629cad6ddb03320a5c
351,G_63029_left_1488,exact,B,B,explicit_option,df7e70e5021544f4834bbee64a9e3789febc4be81470df629cad6ddb03320a5c
352,D_43210_70,exact,B,B,explicit_option,df7e70e5021544f4834bbee64a9e3789febc4be81470df629cad6ddb03320a5c
353,I_58398_96608_left_x,exact,B,B,explicit_option,df7e70e5021544f4834bbee64a9e3789febc4be81470df629cad6ddb03320a5c
354,I_57145_96608_left_x,exact,B,B,explicit_option,df7e70e5021544f4834bbee64a9e3789febc4be81470df629cad6ddb03320a5c
355,I_65030_93812_left_x,exact,A,A,explicit_option,559aead08264d5795d3909718cdd05abd49572e84fe55590eef31a88a08fdffd
356,I_32467_44595_left_s,exact,B,B,explicit_option,df7e70e5021544f4834bbee64a9e3789febc4be81470df629cad6ddb03320a5c
357,G_32467_right_545,exact,B,B,explicit_option,df7e70e5021544f4834bbee64a9e3789febc4be81470df629cad6ddb03320a5c
358,G_63029_left_1542,exact,A,A,explicit_option,559aead08264d5795d3909718cdd05abd49572e84fe55590eef31a88a08fdffd
359,D_24101_33,exact,B,B,explicit_option,df7e70e5021544f4834bbee64a9e3789febc4be81470df629cad6ddb03320a5c
360,G_99775_right_2928,exact,B,B,explicit_option,df7e70e5021544f4834bbee64a9e3789febc4be81470df629cad6ddb03320a5c
361,I_20294_87757_left_x,exact,B,B,explicit_option,df7e70e5021544f4834bbee64a9e3789febc4be81470df629cad6ddb03320a5c
362,G_58793_left_1383,exact,B,B,explicit_option,df7e70e5021544f4834bbee64a9e3789febc4be81470df629cad6ddb03320a5c
363,G_43210_left_550,exact,A,A,explicit_option,559aead08264d5795d3909718cdd05abd49572e84fe55590eef31a88a08fdffd
364,D_57145_117,exact,B,B,explicit_option,df7e70e5021544f4834bbee64a9e3789febc4be81470df629cad6ddb03320a5c
365,I_27295_76957_right_x,exact,B,B,explicit_option,df7e70e5021544f4834bbee64a9e3789febc4be81470df629cad6ddb03320a5c
366,G_57833_left_1192,exact,A,A,explicit_option,559aead08264d5795d3909718cdd05abd49572e84fe55590eef31a88a08fdffd
367,G_93812_right_2656,exact,A,A,explicit_option,559aead08264d5795d3909718cdd05abd49572e84fe55590eef31a88a08fdffd
368,I_43210_56583_left_s,exact,B,B,explicit_option,df7e70e5021544f4834bbee64a9e3789febc4be81470df629cad6ddb03320a5c
369,D_93812_268,exact,B,B,explicit_option,df7e70e5021544f4834bbee64a9e3789febc4be81470df629cad6ddb03320a5c
370,D_58793_154,exact,B,B,explicit_option,df7e70e5021544f4834bbee64a9e3789febc4be81470df629cad6ddb03320a5c
371,G_65052_left_1759,exact,B,B,explicit_option,df7e70e5021544f4834bbee64a9e3789febc4be81470df629cad6ddb03320a5c
372,G_76957_right_2146,exact,B,B,explicit_option,df7e70e5021544f4834bbee64a9e3789febc4be81470df629cad6ddb03320a5c
373,I_24101_43210_right_s,exact,B,B,explicit_option,df7e70e5021544f4834bbee64a9e3789febc4be81470df629cad6ddb03320a5c
374,I_20294_27295_right_x,exact,B,B,explicit_option,df7e70e5021544f4834bbee64a9e3789febc4be81470df629cad6ddb03320a5c
375,G_44595_right_788,exact,B,B,explicit_option,df7e70e5021544f4834bbee64a9e3789febc4be81470df629cad6ddb03320a5c
376,I_57833_93812_right_s,exact,B,B,explicit_option,df7e70e5021544f4834bbee64a9e3789febc4be81470df629cad6ddb03320a5c
377,D_47904_84,exact,B,B,explicit_option,df7e70e5021544f4834bbee64a9e3789febc4be81470df629cad6ddb03320a5c
378,G_56583_left_852,exact,B,B,explicit_option,df7e70e5021544f4834bbee64a9e3789febc4be81470df629cad6ddb03320a5c
379,I_58793_65052_right_s,exact,A,A,explicit_option,559aead08264d5795d3909718cdd05abd49572e84fe55590eef31a88a08fdffd
380,D_47904_87,exact,B,B,explicit_option,df7e70e5021544f4834bbee64a9e3789febc4be81470df629cad6ddb03320a5c
381,D_76957_219,exact,B,B,explicit_option,df7e70e5021544f4834bbee64a9e3789febc4be81470df629cad6ddb03320a5c
382,I_47904_89171_right_x,exact,B,B,explicit_option,df7e70e5021544f4834bbee64a9e3789febc4be81470df629cad6ddb03320a5c
383,I_43210_58398_left_x,exact,B,B,explicit_option,df7e70e5021544f4834bbee64a9e3789febc4be81470df629cad6ddb03320a5c
384,D_56583_107,exact,B,B,explicit_option,df7e70e5021544f4834bbee64a9e3789febc4be81470df629cad6ddb03320a5c
385,G_74850_left_2008,exact,B,B,explicit_option,df7e70e5021544f4834bbee64a9e3789febc4be81470df629cad6ddb03320a5c
386,D_63029_167,exact,B,B,explicit_option,df7e70e5021544f4834bbee64a9e3789febc4be81470df629cad6ddb03320a5c
387,D_96608_277,exact,B,B,explicit_option,df7e70e5021544f4834bbee64a9e3789febc4be81470df629cad6ddb03320a5c
388,G_83742_right_2340,exact,B,B,explicit_option,df7e70e5021544f4834bbee64a9e3789febc4be81470df629cad6ddb03320a5c
389,I_56583_63029_left_x,exact,B,B,explicit_option,df7e70e5021544f4834bbee64a9e3789febc4be81470df629cad6ddb03320a5c
390,D_96608_280,exact,B,B,explicit_option,df7e70e5021544f4834bbee64a9e3789febc4be81470df629cad6ddb03320a5c
391,I_65052_76957_left_x,exact,B,B,explicit_option,df7e70e5021544f4834bbee64a9e3789febc4be81470df629cad6ddb03320a5c
392,G_58398_right_1335,exact,B,B,explicit_option,df7e70e5021544f4834bbee64a9e3789febc4be81470df629cad6ddb03320a5c
393,D_83742_239,exact,B,B,explicit_option,df7e70e5021544f4834bbee64a9e3789febc4be81470df629cad6ddb03320a5c
394,I_63029_83742_left_s,exact,A,A,explicit_option,559aead08264d5795d3909718cdd05abd49572e84fe55590eef31a88a08fdffd
395,I_47904_56583_right_x,exact,B,B,explicit_option,df7e70e5021544f4834bbee64a9e3789febc4be81470df629cad6ddb03320a5c
396,G_57145_left_976,exact,B,B,explicit_option,df7e70e5021544f4834bbee64a9e3789febc4be81470df629cad6ddb03320a5c
397,G_76957_left_2132,exact,A,A,explicit_option,559aead08264d5795d3909718cdd05abd49572e84fe55590eef31a88a08fdffd
398,D_57145_115,exact,B,B,explicit_option,df7e70e5021544f4834bbee64a9e3789febc4be81470df629cad6ddb03320a5c
399,I_43210_76957_left_x,exact,B,B,explicit_option,df7e70e5021544f4834bbee64a9e3789febc4be81470df629cad6ddb03320a5c
400,G_14493_right_109,exact,B,B,explicit_option,df7e70e5021544f4834bbee64a9e3789febc4be81470df629cad6ddb03320a5c
401,I_69658_74850_left_s,exact,B,B,explicit_option,df7e70e5021544f4834bbee64a9e3789febc4be81470df629cad6ddb03320a5c
402,D_20294_16,exact,A,A,explicit_option,559aead08264d5795d3909718cdd05abd49572e84fe55590eef31a88a08fdffd
403,I_58793_89171_left_x,exact,A,A,explicit_option,559aead08264d5795d3909718cdd05abd49572e84fe55590eef31a88a08fdffd
404,G_99775_left_2873,exact,B,B,explicit_option,df7e70e5021544f4834bbee64a9e3789febc4be81470df629cad6ddb03320a5c
405,D_58793_155,exact,B,B,explicit_option,df7e70e5021544f4834bbee64a9e3789febc4be81470df629cad6ddb03320a5c
406,I_24101_57833_right_s,exact,A,A,explicit_option,559aead08264d5795d3909718cdd05abd49572e84fe55590eef31a88a08fdffd
407,D_74850_210,exact,B,B,explicit_option,df7e70e5021544f4834bbee64a9e3789febc4be81470df629cad6ddb03320a5c
408,I_47904_65052_right_s,exact,A,A,explicit_option,559aead08264d5795d3909718cdd05abd49572e84fe55590eef31a88a08fdffd
409,I_65030_89171_right_s,exact,A,A,explicit_option,559aead08264d5795d3909718cdd05abd49572e84fe55590eef31a88a08fdffd
410,G_56583_right_912,exact,B,B,explicit_option,df7e70e5021544f4834bbee64a9e3789febc4be81470df629cad6ddb03320a5c
411,I_43210_76957_right_x,exact,B,B,explicit_option,df7e70e5021544f4834bbee64a9e3789febc4be81470df629cad6ddb03320a5c
412,I_47904_74850_right_s,exact,A,A,explicit_option,559aead08264d5795d3909718cdd05abd49572e84fe55590eef31a88a08fdffd
413,D_47904_95,exact,A,A,explicit_option,559aead08264d5795d3909718cdd05abd49572e84fe55590eef31a88a08fdffd
414,G_44595_right_766,exact,B,B,explicit_option,df7e70e5021544f4834bbee64a9e3789febc4be81470df629cad6ddb03320a5c
415,G_43210_right_678,exact,B,B,explicit_option,df7e70e5021544f4834bbee64a9e3789febc4be81470df629cad6ddb03320a5c
416,D_27295_41,exact,B,B,explicit_option,df7e70e5021544f4834bbee64a9e3789febc4be81470df629cad6ddb03320a5c
417,I_58398_89171_left_s,exact,B,B,explicit_option,df7e70e5021544f4834bbee64a9e3789febc4be81470df629cad6ddb03320a5c
418,I_24101_83742_left_x,exact,B,B,explicit_option,df7e70e5021544f4834bbee64a9e3789febc4be81470df629cad6ddb03320a5c
419,I_57833_65052_right_s,exact,B,B,explicit_option,df7e70e5021544f4834bbee64a9e3789febc4be81470df629cad6ddb03320a5c
420,I_58793_63029_left_x,exact,B,B,explicit_option,df7e70e5021544f4834bbee64a9e3789febc4be81470df629cad6ddb03320a5c
421,G_57833_right_1242,exact,B,B,explicit_option,df7e70e5021544f4834bbee64a9e3789febc4be81470df629cad6ddb03320a5c
422,D_44595_79,exact,B,B,explicit_option,df7e70e5021544f4834bbee64a9e3789febc4be81470df629cad6ddb03320a5c
423,G_93812_right_2677,exact,B,B,explicit_option,df7e70e5021544f4834bbee64a9e3789febc4be81470df629cad6ddb03320a5c
424,I_44595_93812_right_x,exact,B,B,explicit_option,df7e70e5021544f4834bbee64a9e3789febc4be81470df629cad6ddb03320a5c
425,G_93812_right_2681,exact,B,B,explicit_option,df7e70e5021544f4834bbee64a9e3789febc4be81470df629cad6ddb03320a5c
426,I_57145_76957_right_s,exact,A,A,explicit_option,559aead08264d5795d3909718cdd05abd49572e84fe55590eef31a88a08fdffd
427,I_43210_89171_right_x,exact,A,A,explicit_option,559aead08264d5795d3909718cdd05abd49572e84fe55590eef31a88a08fdffd
428,D_74850_211,exact,B,B,explicit_option,df7e70e5021544f4834bbee64a9e3789febc4be81470df629cad6ddb03320a5c
429,I_14493_65052_right_x,exact,B,B,explicit_option,df7e70e5021544f4834bbee64a9e3789febc4be81470df629cad6ddb03320a5c
430,G_58793_right_1458,exact,B,B,explicit_option,df7e70e5021544f4834bbee64a9e3789febc4be81470df629cad6ddb03320a5c
431,G_93812_right_2688,exact,A,A,explicit_option,559aead08264d5795d3909718cdd05abd49572e84fe55590eef31a88a08fdffd
432,G_56583_right_907,exact,B,B,explicit_option,df7e70e5021544f4834bbee64a9e3789febc4be81470df629cad6ddb03320a5c
433,I_57145_57833_left_s,exact,B,B,explicit_option,df7e70e5021544f4834bbee64a9e3789febc4be81470df629cad6ddb03320a5c
434,G_65052_right_1852,exact,B,B,explicit_option,df7e70e5021544f4834bbee64a9e3789febc4be81470df629cad6ddb03320a5c
435,I_57145_69658_left_x,exact,B,B,explicit_option,df7e70e5021544f4834bbee64a9e3789febc4be81470df629cad6ddb03320a5c
436,G_65030_right_1694,exact,A,A,explicit_option,559aead08264d5795d3909718cdd05abd49572e84fe55590eef31a88a08fdffd
437,D_93812_265,exact,A,A,explicit_option,559aead08264d5795d3909718cdd05abd49572e84fe55590eef31a88a08fdffd
438,I_43210_65030_left_x,exact,B,B,explicit_option,df7e70e5021544f4834bbee64a9e3789febc4be81470df629cad6ddb03320a5c
439,I_44595_89171_left_s,exact,B,B,explicit_option,df7e70e5021544f4834bbee64a9e3789febc4be81470df629cad6ddb03320a5c
440,I_87757_93812_right_s,exact,B,B,explicit_option,df7e70e5021544f4834bbee64a9e3789febc4be81470df629cad6ddb03320a5c
441,I_44595_99775_right_x,exact,A,A,explicit_option,559aead08264d5795d3909718cdd05abd49572e84fe55590eef31a88a08fdffd
442,G_87757_left_2398,exact,A,A,explicit_option,559aead08264d5795d3909718cdd05abd49572e84fe55590eef31a88a08fdffd
443,I_43210_44595_right_s,exact,A,A,explicit_option,559aead08264d5795d3909718cdd05abd49572e84fe55590eef31a88a08fdffd
444,G_57833_right_1256,exact,B,B,explicit_option,df7e70e5021544f4834bbee64a9e3789febc4be81470df629cad6ddb03320a5c
445,I_43210_89171_left_s,exact,B,B,explicit_option,df7e70e5021544f4834bbee64a9e3789febc4be81470df629cad6ddb03320a5c
446,G_69658_left_1884,exact,B,B,explicit_option,df7e70e5021544f4834bbee64a9e3789febc4be81470df629cad6ddb03320a5c
447,G_57833_left_1134,exact,A,A,explicit_option,559aead08264d5795d3909718cdd05abd49572e84fe55590eef31a88a08fdffd
448,G_44595_left_695,exact,B,B,explicit_option,df7e70e5021544f4834bbee64a9e3789febc4be81470df629cad6ddb03320a5c
449,D_44595_75,exact,B,B,explicit_option,df7e70e5021544f4834bbee64a9e3789febc4be81470df629cad6ddb03320a5c
450,D_58793_149,exact,B,B,explicit_option,df7e70e5021544f4834bbee64a9e3789febc4be81470df629cad6ddb03320a5c
451,G_65052_left_1726,exact,B,B,explicit_option,df7e70e5021544f4834bbee64a9e3789febc4be81470df629cad6ddb03320a5c
452,I_57145_69658_right_x,exact,B,B,explicit_option,df7e70e5021544f4834bbee64a9e3789febc4be81470df629cad6ddb03320a5c
453,G_20294_right_261,exact,B,B,explicit_option,df7e70e5021544f4834bbee64a9e3789febc4be81470df629cad6ddb03320a5c
454,I_65030_87757_right_s,exact,A,A,explicit_option,559aead08264d5795d3909718cdd05abd49572e84fe55590eef31a88a08fdffd
455,I_24101_57833_right_x,exact,B,B,explicit_option,df7e70e5021544f4834bbee64a9e3789febc4be81470df629cad6ddb03320a5c
456,G_44595_left_739,exact,B,B,explicit_option,df7e70e5021544f4834bbee64a9e3789febc4be81470df629cad6ddb03320a5c
457,I_63029_99775_right_x,exact,B,B,explicit_option,df7e70e5021544f4834bbee64a9e3789febc4be81470df629cad6ddb03320a5c
458,G_24101_right_305,exact,A,A,explicit_option,559aead08264d5795d3909718cdd05abd49572e84fe55590eef31a88a08fdffd
459,G_65052_left_1758,exact,B,B,explicit_option,df7e70e5021544f4834bbee64a9e3789febc4be81470df629cad6ddb03320a5c
460,I_56583_83742_left_s,exact,B,B,explicit_option,df7e70e5021544f4834bbee64a9e3789febc4be81470df629cad6ddb03320a5c
461,D_58398_139,exact,B,B,explicit_option,df7e70e5021544f4834bbee64a9e3789febc4be81470df629cad6ddb03320a5c
462,G_32467_right_538,exact,B,B,explicit_option,df7e70e5021544f4834bbee64a9e3789febc4be81470df629cad6ddb03320a5c
463,D_47904_91,exact,A,A,explicit_option,559aead08264d5795d3909718cdd05abd49572e84fe55590eef31a88a08fdffd
464,G_47904_left_822,exact,B,B,explicit_option,df7e70e5021544f4834bbee64a9e3789febc4be81470df629cad6ddb03320a5c
465,G_87757_left_2365,exact,B,B,explicit_option,df7e70e5021544f4834bbee64a9e3789febc4be81470df629cad6ddb03320a5c
466,I_14493_58398_right_s,exact,B,B,explicit_option,df7e70e5021544f4834bbee64a9e3789febc4be81470df629cad6ddb03320a5c
467,I_56583_58398_right_s,exact,B,B,explicit_option,df7e70e5021544f4834bbee64a9e3789febc4be81470df629cad6ddb03320a5c
468,I_24101_65030_left_s,exact,A,A,explicit_option,559aead08264d5795d3909718cdd05abd49572e84fe55590eef31a88a08fdffd
469,G_56583_left_864,exact,B,B,explicit_option,df7e70e5021544f4834bbee64a9e3789febc4be81470df629cad6ddb03320a5c
470,I_74850_83742_right_s,exact,B,B,explicit_option,df7e70e5021544f4834bbee64a9e3789febc4be81470df629cad6ddb03320a5c
471,I_24101_74850_right_s,exact,B,B,explicit_option,df7e70e5021544f4834bbee64a9e3789febc4be81470df629cad6ddb03320a5c
472,I_65030_69658_right_s,exact,A,A,explicit_option,559aead08264d5795d3909718cdd05abd49572e84fe55590eef31a88a08fdffd
473,I_89171_99775_right_s,exact,A,A,explicit_option,559aead08264d5795d3909718cdd05abd49572e84fe55590eef31a88a08fdffd
474,I_63029_99775_left_x,exact,B,B,explicit_option,df7e70e5021544f4834bbee64a9e3789febc4be81470df629cad6ddb03320a5c
475,I_14493_27295_right_x,exact,B,B,explicit_option,df7e70e5021544f4834bbee64a9e3789febc4be81470df629cad6ddb03320a5c
476,I_24101_87757_left_s,exact,B,B,explicit_option,df7e70e5021544f4834bbee64a9e3789febc4be81470df629cad6ddb03320a5c
477,D_20294_19,exact,B,B,explicit_option,df7e70e5021544f4834bbee64a9e3789febc4be81470df629cad6ddb03320a5c
478,I_57833_58793_right_s,exact,B,B,explicit_option,df7e70e5021544f4834bbee64a9e3789febc4be81470df629cad6ddb03320a5c
479,I_47904_89171_left_x,exact,B,B,explicit_option,df7e70e5021544f4834bbee64a9e3789febc4be81470df629cad6ddb03320a5c
480,G_32467_left_455,exact,B,B,explicit_option,df7e70e5021544f4834bbee64a9e3789febc4be81470df629cad6ddb03320a5c
481,G_24101_right_303,exact,B,B,explicit_option,df7e70e5021544f4834bbee64a9e3789febc4be81470df629cad6ddb03320a5c
482,D_47904_85,exact,A,A,explicit_option,559aead08264d5795d3909718cdd05abd49572e84fe55590eef31a88a08fdffd
483,G_43210_right_675,exact,B,B,explicit_option,df7e70e5021544f4834bbee64a9e3789febc4be81470df629cad6ddb03320a5c
484,I_24101_58398_right_s,exact,B,B,explicit_option,df7e70e5021544f4834bbee64a9e3789febc4be81470df629cad6ddb03320a5c
485,D_83742_233,exact,B,B,explicit_option,df7e70e5021544f4834bbee64a9e3789febc4be81470df629cad6ddb03320a5c
486,G_27295_right_398,exact,B,B,explicit_option,df7e70e5021544f4834bbee64a9e3789febc4be81470df629cad6ddb03320a5c
487,D_20294_14,exact,B,B,explicit_option,df7e70e5021544f4834bbee64a9e3789febc4be81470df629cad6ddb03320a5c
488,G_58398_right_1349,exact,B,B,explicit_option,df7e70e5021544f4834bbee64a9e3789febc4be81470df629cad6ddb03320a5c
489,D_44595_81,exact,B,B,explicit_option,df7e70e5021544f4834bbee64a9e3789febc4be81470df629cad6ddb03320a5c
490,I_57833_99775_left_s,exact,B,B,explicit_option,df7e70e5021544f4834bbee64a9e3789febc4be81470df629cad6ddb03320a5c
491,G_99775_right_2922,exact,B,B,explicit_option,df7e70e5021544f4834bbee64a9e3789febc4be81470df629cad6ddb03320a5c
492,D_65030_179,exact,B,B,explicit_option,df7e70e5021544f4834bbee64a9e3789febc4be81470df629cad6ddb03320a5c
493,G_47904_right_829,exact,B,B,explicit_option,df7e70e5021544f4834bbee64a9e3789febc4be81470df629cad6ddb03320a5c
494,G_24101_right_306,exact,A,A,explicit_option,559aead08264d5795d3909718cdd05abd49572e84fe55590eef31a88a08fdffd
495,I_57833_74850_left_x,exact,B,B,explicit_option,df7e70e5021544f4834bbee64a9e3789febc4be81470df629cad6ddb03320a5c
496,G_76957_right_2153,exact,A,A,explicit_option,559aead08264d5795d3909718cdd05abd49572e84fe55590eef31a88a08fdffd
497,G_63029_left_1538,exact,A,A,explicit_option,559aead08264d5795d3909718cdd05abd49572e84fe55590eef31a88a08fdffd
498,I_32467_43210_right_x,exact,B,B,explicit_option,df7e70e5021544f4834bbee64a9e3789febc4be81470df629cad6ddb03320a5c
499,I_20294_65052_right_s,exact,B,B,explicit_option,df7e70e5021544f4834bbee64a9e3789febc4be81470df629cad6ddb03320a5c
500,I_44595_58793_right_x,exact,A,A,explicit_option,559aead08264d5795d3909718cdd05abd49572e84fe55590eef31a88a08fdffd
501,I_56583_74850_right_s,exact,B,B,explicit_option,df7e70e5021544f4834bbee64a9e3789febc4be81470df629cad6ddb03320a5c
502,D_43210_62,exact,B,B,explicit_option,df7e70e5021544f4834bbee64a9e3789febc4be81470df629cad6ddb03320a5c
503,I_57833_99775_left_x,exact,B,B,explicit_option,df7e70e5021544f4834bbee64a9e3789febc4be81470df629cad6ddb03320a5c
504,G_44595_right_812,exact,B,B,explicit_option,df7e70e5021544f4834bbee64a9e3789febc4be81470df629cad6ddb03320a5c
505,G_32467_left_420,exact,B,B,explicit_option,df7e70e5021544f4834bbee64a9e3789febc4be81470df629cad6ddb03320a5c
506,G_27295_right_377,exact,B,B,explicit_option,df7e70e5021544f4834bbee64a9e3789febc4be81470df629cad6ddb03320a5c
507,D_76957_216,exact,B,B,explicit_option,df7e70e5021544f4834bbee64a9e3789febc4be81470df629cad6ddb03320a5c
508,D_14493_3,exact,B,B,explicit_option,df7e70e5021544f4834bbee64a9e3789febc4be81470df629cad6ddb03320a5c
509,I_24101_58793_left_x,exact,B,B,explicit_option,df7e70e5021544f4834bbee64a9e3789febc4be81470df629cad6ddb03320a5c
510,I_24101_65030_right_s,exact,A,A,explicit_option,559aead08264d5795d3909718cdd05abd49572e84fe55590eef31a88a08fdffd
511,I_56583_63029_left_s,exact,B,B,explicit_option,df7e70e5021544f4834bbee64a9e3789febc4be81470df629cad6ddb03320a5c
512,I_43210_57833_left_s,exact,A,A,explicit_option,559aead08264d5795d3909718cdd05abd49572e84fe55590eef31a88a08fdffd
513,I_43210_63029_left_s,exact,B,B,explicit_option,df7e70e5021544f4834bbee64a9e3789febc4be81470df629cad6ddb03320a5c
514,G_57145_left_960,exact,A,A,explicit_option,559aead08264d5795d3909718cdd05abd49572e84fe55590eef31a88a08fdffd
515,G_27295_left_337,exact,B,B,explicit_option,df7e70e5021544f4834bbee64a9e3789febc4be81470df629cad6ddb03320a5c
516,G_89171_left_2527,exact,A,A,explicit_option,559aead08264d5795d3909718cdd05abd49572e84fe55590eef31a88a08fdffd
517,G_27295_left_361,exact,B,B,explicit_option,df7e70e5021544f4834bbee64a9e3789febc4be81470df629cad6ddb03320a5c
518,I_44595_56583_right_s,exact,A,A,explicit_option,559aead08264d5795d3909718cdd05abd49572e84fe55590eef31a88a08fdffd
519,I_76957_83742_right_x,exact,B,B,explicit_option,df7e70e5021544f4834bbee64a9e3789febc4be81470df629cad6ddb03320a5c
520,D_43210_66,exact,B,B,explicit_option,df7e70e5021544f4834bbee64a9e3789febc4be81470df629cad6ddb03320a5c
521,I_57833_87757_left_x,exact,B,B,explicit_option,df7e70e5021544f4834bbee64a9e3789febc4be81470df629cad6ddb03320a5c
522,I_27295_57833_left_x,exact,B,B,explicit_option,df7e70e5021544f4834bbee64a9e3789febc4be81470df629cad6ddb03320a5c
523,I_56583_76957_right_x,exact,B,B,explicit_option,df7e70e5021544f4834bbee64a9e3789febc4be81470df629cad6ddb03320a5c
524,D_76957_217,exact,B,B,explicit_option,df7e70e5021544f4834bbee64a9e3789febc4be81470df629cad6ddb03320a5c
525,G_89171_left_2496,exact,B,B,explicit_option,df7e70e5021544f4834bbee64a9e3789febc4be81470df629cad6ddb03320a5c
526,I_32467_57145_left_s,exact,B,B,explicit_option,df7e70e5021544f4834bbee64a9e3789febc4be81470df629cad6ddb03320a5c
527,G_96608_right_2788,exact,B,B,explicit_option,df7e70e5021544f4834bbee64a9e3789febc4be81470df629cad6ddb03320a5c
528,I_58793_87757_left_x,exact,B,B,explicit_option,df7e70e5021544f4834bbee64a9e3789febc4be81470df629cad6ddb03320a5c
529,G_58398_right_1321,exact,B,B,explicit_option,df7e70e5021544f4834bbee64a9e3789febc4be81470df629cad6ddb03320a5c
530,I_47904_56583_left_x,exact,A,A,explicit_option,559aead08264d5795d3909718cdd05abd49572e84fe55590eef31a88a08fdffd
531,D_65052_188,exact,B,B,explicit_option,df7e70e5021544f4834bbee64a9e3789febc4be81470df629cad6ddb03320a5c
532,I_44595_87757_left_x,exact,B,B,explicit_option,df7e70e5021544f4834bbee64a9e3789febc4be81470df629cad6ddb03320a5c
533,D_99775_290,exact,B,B,explicit_option,df7e70e5021544f4834bbee64a9e3789febc4be81470df629cad6ddb03320a5c
534,G_83742_right_2269,exact,A,A,explicit_option,559aead08264d5795d3909718cdd05abd49572e84fe55590eef31a88a08fdffd
535,G_32467_right_485,exact,A,A,explicit_option,559aead08264d5795d3909718cdd05abd49572e84fe55590eef31a88a08fdffd
536,D_58398_140,exact,B,B,explicit_option,df7e70e5021544f4834bbee64a9e3789febc4be81470df629cad6ddb03320a5c
537,I_57145_87757_right_s,exact,A,A,explicit_option,559aead08264d5795d3909718cdd05abd49572e84fe55590eef31a88a08fdffd
538,D_57833_123,exact,B,B,explicit_option,df7e70e5021544f4834bbee64a9e3789febc4be81470df629cad6ddb03320a5c
539,D_83742_229,exact,B,B,explicit_option,df7e70e5021544f4834bbee64a9e3789febc4be81470df629cad6ddb03320a5c
540,D_43210_61,exact,B,B,explicit_option,df7e70e5021544f4834bbee64a9e3789febc4be81470df629cad6ddb03320a5c
541,D_57145_119,exact,A,A,explicit_option,559aead08264d5795d3909718cdd05abd49572e84fe55590eef31a88a08fdffd
542,D_58398_143,exact,B,B,explicit_option,df7e70e5021544f4834bbee64a9e3789febc4be81470df629cad6ddb03320a5c
543,G_69658_left_1883,exact,B,B,explicit_option,df7e70e5021544f4834bbee64a9e3789febc4be81470df629cad6ddb03320a5c
544,G_57833_right_1204,exact,A,A,explicit_option,559aead08264d5795d3909718cdd05abd49572e84fe55590eef31a88a08fdffd
545,D_89171_254,exact,B,B,explicit_option,df7e70e5021544f4834bbee64a9e3789febc4be81470df629cad6ddb03320a5c
546,I_57833_69658_right_s,exact,A,A,explicit_option,559aead08264d5795d3909718cdd05abd49572e84fe55590eef31a88a08fdffd
547,I_14493_57833_right_x,exact,B,B,explicit_option,df7e70e5021544f4834bbee64a9e3789febc4be81470df629cad6ddb03320a5c
548,I_57145_63029_right_x,exact,B,B,explicit_option,df7e70e5021544f4834bbee64a9e3789febc4be81470df629cad6ddb03320a5c
549,D_47904_88,exact,B,B,explicit_option,df7e70e5021544f4834bbee64a9e3789febc4be81470df629cad6ddb03320a5c
550,G_65052_right_1843,exact,B,B,explicit_option,df7e70e5021544f4834bbee64a9e3789febc4be81470df629cad6ddb03320a5c
551,D_14493_11,exact,B,B,explicit_option,df7e70e5021544f4834bbee64a9e3789febc4be81470df629cad6ddb03320a5c
552,G_43210_right_625,exact,B,B,explicit_option,df7e70e5021544f4834bbee64a9e3789febc4be81470df629cad6ddb03320a5c
553,I_58398_93812_right_x,exact,B,B,explicit_option,df7e70e5021544f4834bbee64a9e3789febc4be81470df629cad6ddb03320a5c
554,I_56583_74850_left_x,exact,B,B,explicit_option,df7e70e5021544f4834bbee64a9e3789febc4be81470df629cad6ddb03320a5c
555,I_56583_65052_right_x,exact,B,B,explicit_option,df7e70e5021544f4834bbee64a9e3789febc4be81470df629cad6ddb03320a5c
556,D_65030_178,exact,A,A,explicit_option,559aead08264d5795d3909718cdd05abd49572e84fe55590eef31a88a08fdffd
557,D_65052_184,exact,B,B,explicit_option,df7e70e5021544f4834bbee64a9e3789febc4be81470df629cad6ddb03320a5c
558,I_57145_76957_right_x,exact,B,B,explicit_option,df7e70e5021544f4834bbee64a9e3789febc4be81470df629cad6ddb03320a5c
559,D_44595_80,exact,B,B,explicit_option,df7e70e5021544f4834bbee64a9e3789febc4be81470df629cad6ddb03320a5c
560,G_99775_left_2861,exact,B,B,explicit_option,df7e70e5021544f4834bbee64a9e3789febc4be81470df629cad6ddb03320a5c
561,I_14493_24101_left_s,exact,B,B,explicit_option,df7e70e5021544f4834bbee64a9e3789febc4be81470df629cad6ddb03320a5c
562,G_96608_right_2827,exact,B,B,explicit_option,df7e70e5021544f4834bbee64a9e3789febc4be81470df629cad6ddb03320a5c
563,I_27295_96608_right_s,exact,B,B,explicit_option,df7e70e5021544f4834bbee64a9e3789febc4be81470df629cad6ddb03320a5c
564,I_32467_76957_right_x,exact,B,B,explicit_option,df7e70e5021544f4834bbee64a9e3789febc4be81470df629cad6ddb03320a5c
565,G_65030_left_1637,exact,B,B,explicit_option,df7e70e5021544f4834bbee64a9e3789febc4be81470df629cad6ddb03320a5c
566,G_99775_left_2851,exact,B,B,explicit_option,df7e70e5021544f4834bbee64a9e3789febc4be81470df629cad6ddb03320a5c
567,I_14493_27295_left_s,exact,A,A,explicit_option,559aead08264d5795d3909718cdd05abd49572e84fe55590eef31a88a08fdffd
568,D_99775_297,exact,B,B,explicit_option,df7e70e5021544f4834bbee64a9e3789febc4be81470df629cad6ddb03320a5c
569,G_74850_left_1990,exact,B,B,explicit_option,df7e70e5021544f4834bbee64a9e3789febc4be81470df629cad6ddb03320a5c
570,G_43210_left_571,exact,A,A,explicit_option,559aead08264d5795d3909718cdd05abd49572e84fe55590eef31a88a08fdffd
571,D_89171_260,exact,A,A,explicit_option,559aead08264d5795d3909718cdd05abd49572e84fe55590eef31a88a08fdffd
572,G_43210_right_640,exact,B,B,explicit_option,df7e70e5021544f4834bbee64a9e3789febc4be81470df629cad6ddb03320a5c
573,I_58398_83742_right_x,exact,B,B,explicit_option,df7e70e5021544f4834bbee64a9e3789febc4be81470df629cad6ddb03320a5c
574,G_57833_left_1132,exact,A,A,explicit_option,559aead08264d5795d3909718cdd05abd49572e84fe55590eef31a88a08fdffd
575,I_65052_69658_right_s,exact,A,A,explicit_option,559aead08264d5795d3909718cdd05abd49572e84fe55590eef31a88a08fdffd
576,I_76957_87757_left_x,exact,B,B,explicit_option,df7e70e5021544f4834bbee64a9e3789febc4be81470df629cad6ddb03320a5c
577,G_93812_left_2590,exact,B,B,explicit_option,df7e70e5021544f4834bbee64a9e3789febc4be81470df629cad6ddb03320a5c
578,I_58398_65052_left_s,exact,A,A,explicit_option,559aead08264d5795d3909718cdd05abd49572e84fe55590eef31a88a08fdffd
579,G_74850_right_2071,exact,B,B,explicit_option,df7e70e5021544f4834bbee64a9e3789febc4be81470df629cad6ddb03320a5c
580,G_47904_right_831,exact,B,B,explicit_option,df7e70e5021544f4834bbee64a9e3789febc4be81470df629cad6ddb03320a5c
581,G_69658_right_1934,exact,B,B,explicit_option,df7e70e5021544f4834bbee64a9e3789febc4be81470df629cad6ddb03320a5c
582,G_43210_right_672,exact,A,A,explicit_option,559aead08264d5795d3909718cdd05abd49572e84fe55590eef31a88a08fdffd
583,G_76957_right_2171,exact,B,B,explicit_option,df7e70e5021544f4834bbee64a9e3789febc4be81470df629cad6ddb03320a5c
584,G_24101_left_293,exact,B,B,explicit_option,df7e70e5021544f4834bbee64a9e3789febc4be81470df629cad6ddb03320a5c
585,G_74850_left_1992,exact,B,B,explicit_option,df7e70e5021544f4834bbee64a9e3789febc4be81470df629cad6ddb03320a5c
586,G_56583_right_941,exact,B,B,explicit_option,df7e70e5021544f4834bbee64a9e3789febc4be81470df629cad6ddb03320a5c
587,I_57145_96608_right_x,exact,B,B,explicit_option,df7e70e5021544f4834bbee64a9e3789febc4be81470df629cad6ddb03320a5c
588,G_99775_left_2892,exact,A,A,explicit_option,559aead08264d5795d3909718cdd05abd49572e84fe55590eef31a88a08fdffd
589,D_58398_132,exact,B,B,explicit_option,df7e70e5021544f4834bbee64a9e3789febc4be81470df629cad6ddb03320a5c
590,I_69658_83742_left_s,exact,A,A,explicit_option,559aead08264d5795d3909718cdd05abd49572e84fe55590eef31a88a08fdffd
591,G_99775_right_2925,exact,A,A,explicit_option,559aead08264d5795d3909718cdd05abd49572e84fe55590eef31a88a08fdffd
592,D_27295_40,exact,B,B,explicit_option,df7e70e5021544f4834bbee64a9e3789febc4be81470df629cad6ddb03320a5c
593,I_20294_47904_right_s,exact,B,B,explicit_option,df7e70e5021544f4834bbee64a9e3789febc4be81470df629cad6ddb03320a5c
594,G_63029_right_1590,exact,A,A,explicit_option,559aead08264d5795d3909718cdd05abd49572e84fe55590eef31a88a08fdffd
595,G_93812_left_2614,exact,A,A,explicit_option,559aead08264d5795d3909718cdd05abd49572e84fe55590eef31a88a08fdffd
596,I_27295_69658_left_x,exact,B,B,explicit_option,df7e70e5021544f4834bbee64a9e3789febc4be81470df629cad6ddb03320a5c
597,I_57833_83742_left_x,exact,B,B,explicit_option,df7e70e5021544f4834bbee64a9e3789febc4be81470df629cad6ddb03320a5c
598,G_20294_left_141,exact,B,B,explicit_option,df7e70e5021544f4834bbee64a9e3789febc4be81470df629cad6ddb03320a5c
599,I_43210_74850_right_x,exact,B,B,explicit_option,df7e70e5021544f4834bbee64a9e3789febc4be81470df629cad6ddb03320a5c
600,I_58398_96608_right_s,exact,B,B,explicit_option,df7e70e5021544f4834bbee64a9e3789febc4be81470df629cad6ddb03320a5c
601,I_96608_99775_left_s,exact,A,A,explicit_option,559aead08264d5795d3909718cdd05abd49572e84fe55590eef31a88a08fdffd
602,I_20294_96608_right_x,exact,A,A,explicit_option,559aead08264d5795d3909718cdd05abd49572e84fe55590eef31a88a08fdffd
603,G_57833_right_1200,exact,B,B,explicit_option,df7e70e5021544f4834bbee64a9e3789febc4be81470df629cad6ddb03320a5c
604,G_76957_left_2129,exact,B,B,explicit_option,df7e70e5021544f4834bbee64a9e3789febc4be81470df629cad6ddb03320a5c
605,I_58793_99775_right_s,exact,B,B,explicit_option,df7e70e5021544f4834bbee64a9e3789febc4be81470df629cad6ddb03320a5c
606,D_65030_173,exact,A,A,explicit_option,559aead08264d5795d3909718cdd05abd49572e84fe55590eef31a88a08fdffd
607,G_58398_right_1342,exact,B,B,explicit_option,df7e70e5021544f4834bbee64a9e3789febc4be81470df629cad6ddb03320a5c
608,I_57145_65052_right_s,exact,B,B,explicit_option,df7e70e5021544f4834bbee64a9e3789febc4be81470df629cad6ddb03320a5c
609,G_89171_right_2565,exact,B,B,explicit_option,df7e70e5021544f4834bbee64a9e3789febc4be81470df629cad6ddb03320a5c
610,G_57145_right_1110,exact,A,A,explicit_option,559aead08264d5795d3909718cdd05abd49572e84fe55590eef31a88a08fdffd
611,G_69658_left_1901,exact,A,A,explicit_option,559aead08264d5795d3909718cdd05abd49572e84fe55590eef31a88a08fdffd
612,D_65030_169,exact,B,B,explicit_option,df7e70e5021544f4834bbee64a9e3789febc4be81470df629cad6ddb03320a5c
613,G_74850_left_1971,exact,A,A,explicit_option,559aead08264d5795d3909718cdd05abd49572e84fe55590eef31a88a08fdffd
614,D_56583_103,exact,B,B,explicit_option,df7e70e5021544f4834bbee64a9e3789febc4be81470df629cad6ddb03320a5c
615,G_87757_left_2382,exact,B,B,explicit_option,df7e70e5021544f4834bbee64a9e3789febc4be81470df629cad6ddb03320a5c
616,G_65052_left_1748,exact,B,B,explicit_option,df7e70e5021544f4834bbee64a9e3789febc4be81470df629cad6ddb03320a5c
617,I_56583_57145_right_s,exact,B,B,explicit_option,df7e70e5021544f4834bbee64a9e3789febc4be81470df629cad6ddb03320a5c
618,G_87757_left_2371,exact,B,B,explicit_option,df7e70e5021544f4834bbee64a9e3789febc4be81470df629cad6ddb03320a5c
619,G_56583_right_898,exact,B,B,explicit_option,df7e70e5021544f4834bbee64a9e3789febc4be81470df629cad6ddb03320a5c
620,I_32467_87757_left_s,exact,A,A,explicit_option,559aead08264d5795d3909718cdd05abd49572e84fe55590eef31a88a08fdffd
621,I_24101_87757_right_s,exact,B,B,explicit_option,df7e70e5021544f4834bbee64a9e3789febc4be81470df629cad6ddb03320a5c
622,I_24101_99775_left_x,exact,B,B,explicit_option,df7e70e5021544f4834bbee64a9e3789febc4be81470df629cad6ddb03320a5c
623,I_65052_69658_left_s,exact,B,B,explicit_option,df7e70e5021544f4834bbee64a9e3789febc4be81470df629cad6ddb03320a5c
624,I_44595_63029_left_x,exact,B,B,explicit_option,df7e70e5021544f4834bbee64a9e3789febc4be81470df629cad6ddb03320a5c
625,I_63029_99775_left_s,exact,A,A,explicit_option,559aead08264d5795d3909718cdd05abd49572e84fe55590eef31a88a08fdffd
626,I_32467_47904_left_s,exact,B,B,explicit_option,df7e70e5021544f4834bbee64a9e3789febc4be81470df629cad6ddb03320a5c
627,I_58793_83742_right_x,exact,B,B,explicit_option,df7e70e5021544f4834bbee64a9e3789febc4be81470df629cad6ddb03320a5c
628,I_32467_83742_right_x,exact,B,B,explicit_option,df7e70e5021544f4834bbee64a9e3789febc4be81470df629cad6ddb03320a5c
629,I_14493_93812_right_s,exact,B,B,explicit_option,df7e70e5021544f4834bbee64a9e3789febc4be81470df629cad6ddb03320a5c
630,I_27295_56583_right_x,exact,B,B,explicit_option,df7e70e5021544f4834bbee64a9e3789febc4be81470df629cad6ddb03320a5c
631,D_99775_294,exact,B,B,explicit_option,df7e70e5021544f4834bbee64a9e3789febc4be81470df629cad6ddb03320a5c
632,G_32467_left_430,exact,A,A,explicit_option,559aead08264d5795d3909718cdd05abd49572e84fe55590eef31a88a08fdffd
633,G_96608_right_2810,exact,B,B,explicit_option,df7e70e5021544f4834bbee64a9e3789febc4be81470df629cad6ddb03320a5c
634,D_32467_50,exact,B,B,explicit_option,df7e70e5021544f4834bbee64a9e3789febc4be81470df629cad6ddb03320a5c
635,I_65030_69658_right_x,exact,B,B,explicit_option,df7e70e5021544f4834bbee64a9e3789febc4be81470df629cad6ddb03320a5c
636,G_74850_right_2016,exact,B,B,explicit_option,df7e70e5021544f4834bbee64a9e3789febc4be81470df629cad6ddb03320a5c
637,I_47904_93812_right_s,exact,A,A,explicit_option,559aead08264d5795d3909718cdd05abd49572e84fe55590eef31a88a08fdffd
638,I_27295_65030_right_s,exact,B,B,explicit_option,df7e70e5021544f4834bbee64a9e3789febc4be81470df629cad6ddb03320a5c
639,I_20294_83742_left_x,exact,B,B,explicit_option,df7e70e5021544f4834bbee64a9e3789febc4be81470df629cad6ddb03320a5c
640,I_57833_58793_right_x,exact,B,B,explicit_option,df7e70e5021544f4834bbee64a9e3789febc4be81470df629cad6ddb03320a5c
641,I_43210_65030_right_x,exact,A,A,explicit_option,559aead08264d5795d3909718cdd05abd49572e84fe55590eef31a88a08fdffd
642,G_32467_left_454,exact,B,B,explicit_option,df7e70e5021544f4834bbee64a9e3789febc4be81470df629cad6ddb03320a5c
643,I_47904_89171_left_s,exact,A,A,explicit_option,559aead08264d5795d3909718cdd05abd49572e84fe55590eef31a88a08fdffd
644,D_20294_15,exact,A,A,explicit_option,559aead08264d5795d3909718cdd05abd49572e84fe55590eef31a88a08fdffd
645,I_65030_93812_left_s,exact,A,A,explicit_option,559aead08264d5795d3909718cdd05abd49572e84fe55590eef31a88a08fdffd
646,G_58793_left_1386,exact,B,B,explicit_option,df7e70e5021544f4834bbee64a9e3789febc4be81470df629cad6ddb03320a5c
647,D_76957_226,exact,B,B,explicit_option,df7e70e5021544f4834bbee64a9e3789febc4be81470df629cad6ddb03320a5c
648,D_63029_166,exact,B,B,explicit_option,df7e70e5021544f4834bbee64a9e3789febc4be81470df629cad6ddb03320a5c
649,I_20294_32467_right_s,exact,A,A,explicit_option,559aead08264d5795d3909718cdd05abd49572e84fe55590eef31a88a08fdffd
650,I_58793_87757_right_x,exact,B,B,explicit_option,df7e70e5021544f4834bbee64a9e3789febc4be81470df629cad6ddb03320a5c
651,I_24101_69658_left_s,exact,B,B,explicit_option,df7e70e5021544f4834bbee64a9e3789febc4be81470df629cad6ddb03320a5c
652,G_96608_right_2818,exact,B,B,explicit_option,df7e70e5021544f4834bbee64a9e3789febc4be81470df629cad6ddb03320a5c
653,G_47904_right_830,exact,B,B,explicit_option,df7e70e5021544f4834bbee64a9e3789febc4be81470df629cad6ddb03320a5c
654,I_47904_74850_left_x,exact,A,A,explicit_option,559aead08264d5795d3909718cdd05abd49572e84fe55590eef31a88a08fdffd
655,I_65052_76957_right_x,exact,B,B,explicit_option,df7e70e5021544f4834bbee64a9e3789febc4be81470df629cad6ddb03320a5c
656,I_27295_58398_right_s,exact,B,B,explicit_option,df7e70e5021544f4834bbee64a9e3789febc4be81470df629cad6ddb03320a5c
657,I_58793_93812_left_s,exact,B,B,explicit_option,df7e70e5021544f4834bbee64a9e3789febc4be81470df629cad6ddb03320a5c
658,I_44595_74850_right_s,exact,A,A,explicit_option,559aead08264d5795d3909718cdd05abd49572e84fe55590eef31a88a08fdffd
659,I_32467_96608_left_x,exact,B,B,explicit_option,df7e70e5021544f4834bbee64a9e3789febc4be81470df629cad6ddb03320a5c
660,I_65052_74850_right_x,exact,B,B,explicit_option,df7e70e5021544f4834bbee64a9e3789febc4be81470df629cad6ddb03320a5c
661,G_76957_right_2177,exact,A,A,explicit_option,559aead08264d5795d3909718cdd05abd49572e84fe55590eef31a88a08fdffd
662,I_63029_96608_left_x,exact,B,B,explicit_option,df7e70e5021544f4834bbee64a9e3789febc4be81470df629cad6ddb03320a5c
663,I_83742_89171_right_s,exact,A,A,explicit_option,559aead08264d5795d3909718cdd05abd49572e84fe55590eef31a88a08fdffd
664,D_76957_220,exact,A,A,explicit_option,559aead08264d5795d3909718cdd05abd49572e84fe55590eef31a88a08fdffd
665,G_74850_right_2055,exact,B,B,explicit_option,df7e70e5021544f4834bbee64a9e3789febc4be81470df629cad6ddb03320a5c
666,I_24101_58793_right_s,exact,A,A,explicit_option,559aead08264d5795d3909718cdd05abd49572e84fe55590eef31a88a08fdffd
667,G_83742_right_2285,exact,A,A,explicit_option,559aead08264d5795d3909718cdd05abd49572e84fe55590eef31a88a08fdffd
668,D_56583_100,exact,B,B,explicit_option,df7e70e5021544f4834bbee64a9e3789febc4be81470df629cad6ddb03320a5c
669,I_20294_65052_left_s,exact,B,B,explicit_option,df7e70e5021544f4834bbee64a9e3789febc4be81470df629cad6ddb03320a5c
670,G_43210_left_606,exact,A,A,explicit_option,559aead08264d5795d3909718cdd05abd49572e84fe55590eef31a88a08fdffd
671,I_58398_99775_right_x,exact,B,B,explicit_option,df7e70e5021544f4834bbee64a9e3789febc4be81470df629cad6ddb03320a5c
672,D_87757_251,exact,B,B,explicit_option,df7e70e5021544f4834bbee64a9e3789febc4be81470df629cad6ddb03320a5c
673,I_43210_57833_left_x,exact,B,B,explicit_option,df7e70e5021544f4834bbee64a9e3789febc4be81470df629cad6ddb03320a5c
674,G_14493_right_129,exact,B,B,explicit_option,df7e70e5021544f4834bbee64a9e3789febc4be81470df629cad6ddb03320a5c
675,I_57833_76957_right_s,exact,A,A,explicit_option,559aead08264d5795d3909718cdd05abd49572e84fe55590eef31a88a08fdffd
676,G_69658_left_1892,exact,A,A,explicit_option,559aead08264d5795d3909718cdd05abd49572e84fe55590eef31a88a08fdffd
677,I_57145_65052_left_s,exact,B,B,explicit_option,df7e70e5021544f4834bbee64a9e3789febc4be81470df629cad6ddb03320a5c
678,D_57145_110,exact,A,A,explicit_option,559aead08264d5795d3909718cdd05abd49572e84fe55590eef31a88a08fdffd
679,G_56583_left_862,exact,A,A,explicit_option,559aead08264d5795d3909718cdd05abd49572e84fe55590eef31a88a08fdffd
680,G_57145_left_951,exact,B,B,explicit_option,df7e70e5021544f4834bbee64a9e3789febc4be81470df629cad6ddb03320a5c
681,G_65052_left_1732,exact,B,B,explicit_option,df7e70e5021544f4834bbee64a9e3789febc4be81470df629cad6ddb03320a5c
682,G_57145_right_1090,exact,B,B,explicit_option,df7e70e5021544f4834bbee64a9e3789febc4be81470df629cad6ddb03320a5c
683,D_44595_82,exact,B,B,explicit_option,df7e70e5021544f4834bbee64a9e3789febc4be81470df629cad6ddb03320a5c
684,I_47904_76957_left_s,exact,A,A,explicit_option,559aead08264d5795d3909718cdd05abd49572e84fe55590eef31a88a08fdffd
685,D_57833_128,exact,A,A,explicit_option,559aead08264d5795d3909718cdd05abd49572e84fe55590eef31a88a08fdffd
686,G_96608_right_2782,exact,B,B,explicit_option,df7e70e5021544f4834bbee64a9e3789febc4be81470df629cad6ddb03320a5c
687,D_58398_137,exact,B,B,explicit_option,df7e70e5021544f4834bbee64a9e3789febc4be81470df629cad6ddb03320a5c
688,I_43210_99775_left_x,exact,B,B,explicit_option,df7e70e5021544f4834bbee64a9e3789febc4be81470df629cad6ddb03320a5c
689,G_57145_right_1105,exact,A,A,explicit_option,559aead08264d5795d3909718cdd05abd49572e84fe55590eef31a88a08fdffd
690,G_20294_right_214,exact,B,B,explicit_option,df7e70e5021544f4834bbee64a9e3789febc4be81470df629cad6ddb03320a5c
691,D_69658_201,exact,B,B,explicit_option,df7e70e5021544f4834bbee64a9e3789febc4be81470df629cad6ddb03320a5c
692,D_74850_209,exact,B,B,explicit_option,df7e70e5021544f4834bbee64a9e3789febc4be81470df629cad6ddb03320a5c
693,I_47904_83742_left_s,exact,A,A,explicit_option,559aead08264d5795d3909718cdd05abd49572e84fe55590eef31a88a08fdffd
694,I_65030_65052_left_s,exact,B,B,explicit_option,df7e70e5021544f4834bbee64a9e3789febc4be81470df629cad6ddb03320a5c
695,I_63029_65030_right_s,exact,B,B,explicit_option,df7e70e5021544f4834bbee64a9e3789febc4be81470df629cad6ddb03320a5c
696,G_43210_right_669,exact,A,A,explicit_option,559aead08264d5795d3909718cdd05abd49572e84fe55590eef31a88a08fdffd
697,G_83742_right_2295,exact,B,B,explicit_option,df7e70e5021544f4834bbee64a9e3789febc4be81470df629cad6ddb03320a5c
698,G_14493_left_30,exact,B,B,explicit_option,df7e70e5021544f4834bbee64a9e3789febc4be81470df629cad6ddb03320a5c
699,G_93812_right_2664,exact,A,A,explicit_option,559aead08264d5795d3909718cdd05abd49572e84fe55590eef31a88a08fdffd
700,D_57833_124,exact,B,B,explicit_option,df7e70e5021544f4834bbee64a9e3789febc4be81470df629cad6ddb03320a5c
701,D_27295_42,exact,B,B,explicit_option,df7e70e5021544f4834bbee64a9e3789febc4be81470df629cad6ddb03320a5c
702,I_27295_87757_left_x,exact,B,B,explicit_option,df7e70e5021544f4834bbee64a9e3789febc4be81470df629cad6ddb03320a5c
703,G_43210_left_559,exact,B,B,explicit_option,df7e70e5021544f4834bbee64a9e3789febc4be81470df629cad6ddb03320a5c
704,I_44595_96608_right_s,exact,A,A,explicit_option,559aead08264d5795d3909718cdd05abd49572e84fe55590eef31a88a08fdffd
705,G_89171_right_2550,exact,B,B,explicit_option,df7e70e5021544f4834bbee64a9e3789febc4be81470df629cad6ddb03320a5c
706,D_87757_244,exact,B,B,explicit_option,df7e70e5021544f4834bbee64a9e3789febc4be81470df629cad6ddb03320a5c
707,G_83742_right_2341,exact,B,B,explicit_option,df7e70e5021544f4834bbee64a9e3789febc4be81470df629cad6ddb03320a5c
708,G_44595_right_779,exact,A,A,explicit_option,559aead08264d5795d3909718cdd05abd49572e84fe55590eef31a88a08fdffd
709,G_14493_right_120,exact,A,A,explicit_option,559aead08264d5795d3909718cdd05abd49572e84fe55590eef31a88a08fdffd
710,I_43210_57145_right_x,exact,B,B,explicit_option,df7e70e5021544f4834bbee64a9e3789febc4be81470df629cad6ddb03320a5c
711,I_57833_89171_left_s,exact,A,A,explicit_option,559aead08264d5795d3909718cdd05abd49572e84fe55590eef31a88a08fdffd
712,G_65030_left_1649,exact,B,B,explicit_option,df7e70e5021544f4834bbee64a9e3789febc4be81470df629cad6ddb03320a5c
713,G_44595_left_723,exact,B,B,explicit_option,df7e70e5021544f4834bbee64a9e3789febc4be81470df629cad6ddb03320a5c
714,I_83742_96608_right_s,exact,B,B,explicit_option,df7e70e5021544f4834bbee64a9e3789febc4be81470df629cad6ddb03320a5c
715,I_44595_65030_right_s,exact,A,A,explicit_option,559aead08264d5795d3909718cdd05abd49572e84fe55590eef31a88a08fdffd
716,I_58793_99775_left_x,exact,B,B,explicit_option,df7e70e5021544f4834bbee64a9e3789febc4be81470df629cad6ddb03320a5c
717,I_83742_93812_right_x,exact,B,B,explicit_option,df7e70e5021544f4834bbee64a9e3789febc4be81470df629cad6ddb03320a5c
718,I_14493_76957_right_x,exact,B,B,explicit_option,df7e70e5021544f4834bbee64a9e3789febc4be81470df629cad6ddb03320a5c
719,I_14493_63029_right_x,exact,A,A,explicit_option,559aead08264d5795d3909718cdd05abd49572e84fe55590eef31a88a08fdffd
720,I_43210_96608_left_x,exact,B,B,explicit_option,df7e70e5021544f4834bbee64a9e3789febc4be81470df629cad6ddb03320a5c
721,G_14493_left_63,exact,B,B,explicit_option,df7e70e5021544f4834bbee64a9e3789febc4be81470df629cad6ddb03320a5c
722,I_14493_43210_left_x,exact,B,B,explicit_option,df7e70e5021544f4834bbee64a9e3789febc4be81470df629cad6ddb03320a5c
723,D_93812_267,exact,B,B,explicit_option,df7e70e5021544f4834bbee64a9e3789febc4be81470df629cad6ddb03320a5c
724,I_20294_24101_left_s,exact,B,B,explicit_option,df7e70e5021544f4834bbee64a9e3789febc4be81470df629cad6ddb03320a5c
725,D_44595_74,exact,B,B,explicit_option,df7e70e5021544f4834bbee64a9e3789febc4be81470df629cad6ddb03320a5c
726,G_76957_right_2169,exact,B,B,explicit_option,df7e70e5021544f4834bbee64a9e3789febc4be81470df629cad6ddb03320a5c
727,I_56583_57833_right_x,exact,B,B,explicit_option,df7e70e5021544f4834bbee64a9e3789febc4be81470df629cad6ddb03320a5c
728,I_69658_93812_left_x,exact,B,B,explicit_option,df7e70e5021544f4834bbee64a9e3789febc4be81470df629cad6ddb03320a5c
729,I_57145_87757_left_s,exact,B,B,explicit_option,df7e70e5021544f4834bbee64a9e3789febc4be81470df629cad6ddb03320a5c
730,D_83742_231,exact,B,B,explicit_option,df7e70e5021544f4834bbee64a9e3789febc4be81470df629cad6ddb03320a5c
731,G_87757_right_2446,exact,B,B,explicit_option,df7e70e5021544f4834bbee64a9e3789febc4be81470df629cad6ddb03320a5c
732,G_87757_right_2429,exact,B,B,explicit_option,df7e70e5021544f4834bbee64a9e3789febc4be81470df629cad6ddb03320a5c
733,I_20294_65030_right_s,exact,B,B,explicit_option,df7e70e5021544f4834bbee64a9e3789febc4be81470df629cad6ddb03320a5c
734,I_57145_83742_right_x,exact,B,B,explicit_option,df7e70e5021544f4834bbee64a9e3789febc4be81470df629cad6ddb03320a5c
735,G_56583_right_901,exact,A,A,explicit_option,559aead08264d5795d3909718cdd05abd49572e84fe55590eef31a88a08fdffd
736,G_47904_left_815,exact,A,A,explicit_option,559aead08264d5795d3909718cdd05abd49572e84fe55590eef31a88a08fdffd
737,I_44595_93812_left_x,exact,B,B,explicit_option,df7e70e5021544f4834bbee64a9e3789febc4be81470df629cad6ddb03320a5c
738,I_57145_65052_right_x,exact,B,B,explicit_option,df7e70e5021544f4834bbee64a9e3789febc4be81470df629cad6ddb03320a5c
739,G_76957_right_2174,exact,A,A,explicit_option,559aead08264d5795d3909718cdd05abd49572e84fe55590eef31a88a08fdffd
740,G_32467_left_450,exact,B,B,explicit_option,df7e70e5021544f4834bbee64a9e3789febc4be81470df629cad6ddb03320a5c
741,I_32467_83742_right_s,exact,A,A,explicit_option,559aead08264d5795d3909718cdd05abd49572e84fe55590eef31a88a08fdffd
742,I_57145_99775_left_x,exact,B,B,explicit_option,df7e70e5021544f4834bbee64a9e3789febc4be81470df629cad6ddb03320a5c
743,G_58398_left_1303,exact,B,B,explicit_option,df7e70e5021544f4834bbee64a9e3789febc4be81470df629cad6ddb03320a5c
744,I_63029_87757_left_s,exact,A,A,explicit_option,559aead08264d5795d3909718cdd05abd49572e84fe55590eef31a88a08fdffd
745,G_57145_left_991,exact,A,A,explicit_option,559aead08264d5795d3909718cdd05abd49572e84fe55590eef31a88a08fdffd
746,G_93812_right_2685,exact,B,B,explicit_option,df7e70e5021544f4834bbee64a9e3789febc4be81470df629cad6ddb03320a5c
747,G_76957_left_2096,exact,B,B,explicit_option,df7e70e5021544f4834bbee64a9e3789febc4be81470df629cad6ddb03320a5c
748,D_14493_5,exact,B,B,explicit_option,df7e70e5021544f4834bbee64a9e3789febc4be81470df629cad6ddb03320a5c
749,I_65030_89171_left_x,exact,A,A,explicit_option,559aead08264d5795d3909718cdd05abd49572e84fe55590eef31a88a08fdffd
750,G_63029_left_1526,exact,B,B,explicit_option,df7e70e5021544f4834bbee64a9e3789febc4be81470df629cad6ddb03320a5c
751,D_96608_279,exact,B,B,explicit_option,df7e70e5021544f4834bbee64a9e3789febc4be81470df629cad6ddb03320a5c
752,D_27295_39,exact,B,B,explicit_option,df7e70e5021544f4834bbee64a9e3789febc4be81470df629cad6ddb03320a5c
753,G_58793_left_1406,exact,A,A,explicit_option,559aead08264d5795d3909718cdd05abd49572e84fe55590eef31a88a08fdffd
754,G_27295_left_350,exact,B,B,explicit_option,df7e70e5021544f4834bbee64a9e3789febc4be81470df629cad6ddb03320a5c
755,G_44595_left_722,exact,B,B,explicit_option,df7e70e5021544f4834bbee64a9e3789febc4be81470df629cad6ddb03320a5c
756,I_44595_63029_right_s,exact,B,B,explicit_option,df7e70e5021544f4834bbee64a9e3789febc4be81470df629cad6ddb03320a5c
757,G_47904_right_827,exact,A,A,explicit_option,559aead08264d5795d3909718cdd05abd49572e84fe55590eef31a88a08fdffd
758,I_24101_32467_right_s,exact,A,A,explicit_option,559aead08264d5795d3909718cdd05abd49572e84fe55590eef31a88a08fdffd
759,G_58398_left_1275,exact,B,B,explicit_option,df7e70e5021544f4834bbee64a9e3789febc4be81470df629cad6ddb03320a5c
760,I_83742_87757_right_x,exact,B,B,explicit_option,df7e70e5021544f4834bbee64a9e3789febc4be81470df629cad6ddb03320a5c
761,I_43210_44595_right_x,exact,B,B,explicit_option,df7e70e5021544f4834bbee64a9e3789febc4be81470df629cad6ddb03320a5c
762,I_44595_57145_right_s,exact,B,B,explicit_option,df7e70e5021544f4834bbee64a9e3789febc4be81470df629cad6ddb03320a5c
763,G_14493_right_119,exact,A,A,explicit_option,559aead08264d5795d3909718cdd05abd49572e84fe55590eef31a88a08fdffd
764,D_89171_259,exact,A,A,explicit_option,559aead08264d5795d3909718cdd05abd49572e84fe55590eef31a88a08fdffd
765,G_24101_left_291,exact,B,B,explicit_option,df7e70e5021544f4834bbee64a9e3789febc4be81470df629cad6ddb03320a5c
766,I_58398_65052_right_s,exact,B,B,explicit_option,df7e70e5021544f4834bbee64a9e3789febc4be81470df629cad6ddb03320a5c
767,I_65030_87757_left_s,exact,B,B,explicit_option,df7e70e5021544f4834bbee64a9e3789febc4be81470df629cad6ddb03320a5c
768,G_76957_right_2163,exact,B,B,explicit_option,df7e70e5021544f4834bbee64a9e3789febc4be81470df629cad6ddb03320a5c
769,G_65052_right_1803,exact,A,A,explicit_option,559aead08264d5795d3909718cdd05abd49572e84fe55590eef31a88a08fdffd
770,G_24101_right_299,exact,A,A,explicit_option,559aead08264d5795d3909718cdd05abd49572e84fe55590eef31a88a08fdffd
771,D_89171_253,exact,A,A,explicit_option,559aead08264d5795d3909718cdd05abd49572e84fe55590eef31a88a08fdffd
772,I_14493_20294_right_s,exact,A,A,explicit_option,559aead08264d5795d3909718cdd05abd49572e84fe55590eef31a88a08fdffd
773,D_57145_112,exact,B,B,explicit_option,df7e70e5021544f4834bbee64a9e3789febc4be81470df629cad6ddb03320a5c
774,G_99775_right_2956,exact,B,B,explicit_option,df7e70e5021544f4834bbee64a9e3789febc4be81470df629cad6ddb03320a5c
775,D_93812_270,exact,B,B,explicit_option,df7e70e5021544f4834bbee64a9e3789febc4be81470df629cad6ddb03320a5c
776,G_57145_left_946,exact,B,B,explicit_option,df7e70e5021544f4834bbee64a9e3789febc4be81470df629cad6ddb03320a5c
777,I_24101_89171_left_x,exact,B,B,explicit_option,df7e70e5021544f4834bbee64a9e3789febc4be81470df629cad6ddb03320a5c
778,G_44595_left_757,exact,A,A,explicit_option,559aead08264d5795d3909718cdd05abd49572e84fe55590eef31a88a08fdffd
779,D_24101_25,exact,A,A,explicit_option,559aead08264d5795d3909718cdd05abd49572e84fe55590eef31a88a08fdffd
780,G_44595_right_803,exact,B,B,explicit_option,df7e70e5021544f4834bbee64a9e3789febc4be81470df629cad6ddb03320a5c
781,G_96608_right_2787,exact,B,B,explicit_option,df7e70e5021544f4834bbee64a9e3789febc4be81470df629cad6ddb03320a5c
782,G_20294_right_254,exact,B,B,explicit_option,df7e70e5021544f4834bbee64a9e3789febc4be81470df629cad6ddb03320a5c
783,I_65030_83742_right_x,exact,A,A,explicit_option,559aead08264d5795d3909718cdd05abd49572e84fe55590eef31a88a08fdffd
784,I_27295_89171_right_x,exact,B,B,explicit_option,df7e70e5021544f4834bbee64a9e3789febc4be81470df629cad6ddb03320a5c
785,D_57833_120,exact,B,B,explicit_option,df7e70e5021544f4834bbee64a9e3789febc4be81470df629cad6ddb03320a5c
786,D_58793_148,exact,B,B,explicit_option,df7e70e5021544f4834bbee64a9e3789febc4be81470df629cad6ddb03320a5c
787,I_43210_65052_left_x,exact,B,B,explicit_option,df7e70e5021544f4834bbee64a9e3789febc4be81470df629cad6ddb03320a5c
788,D_47904_89,exact,B,B,explicit_option,df7e70e5021544f4834bbee64a9e3789febc4be81470df629cad6ddb03320a5c
789,I_32467_65030_left_x,exact,B,B,explicit_option,df7e70e5021544f4834bbee64a9e3789febc4be81470df629cad6ddb03320a5c
790,G_89171_left_2525,exact,B,B,explicit_option,df7e70e5021544f4834bbee64a9e3789febc4be81470df629cad6ddb03320a5c
791,I_27295_56583_left_s,exact,A,A,explicit_option,559aead08264d5795d3909718cdd05abd49572e84fe55590eef31a88a08fdffd
792,D_58793_152,exact,B,B,explicit_option,df7e70e5021544f4834bbee64a9e3789febc4be81470df629cad6ddb03320a5c
793,G_63029_right_1579,exact,B,B,explicit_option,df7e70e5021544f4834bbee64a9e3789febc4be81470df629cad6ddb03320a5c
794,D_14493_2,exact,B,B,explicit_option,df7e70e5021544f4834bbee64a9e3789febc4be81470df629cad6ddb03320a5c
795,G_65030_left_1665,exact,A,A,explicit_option,559aead08264d5795d3909718cdd05abd49572e84fe55590eef31a88a08fdffd
796,G_74850_left_1977,exact,A,A,explicit_option,559aead08264d5795d3909718cdd05abd49572e84fe55590eef31a88a08fdffd
797,D_93812_264,exact,A,A,explicit_option,559aead08264d5795d3909718cdd05abd49572e84fe55590eef31a88a08fdffd
798,G_76957_right_2150,exact,B,B,explicit_option,df7e70e5021544f4834bbee64a9e3789febc4be81470df629cad6ddb03320a5c
799,D_32467_56,exact,B,B,explicit_option,df7e70e5021544f4834bbee64a9e3789febc4be81470df629cad6ddb03320a5c
800,G_74850_left_1984,exact,B,B,explicit_option,df7e70e5021544f4834bbee64a9e3789febc4be81470df629cad6ddb03320a5c
801,I_27295_57145_left_x,exact,A,A,explicit_option,559aead08264d5795d3909718cdd05abd49572e84fe55590eef31a88a08fdffd
802,D_74850_205,exact,B,B,explicit_option,df7e70e5021544f4834bbee64a9e3789febc4be81470df629cad6ddb03320a5c
803,G_56583_left_854,exact,B,B,explicit_option,df7e70e5021544f4834bbee64a9e3789febc4be81470df629cad6ddb03320a5c
804,I_24101_74850_left_x,exact,A,A,explicit_option,559aead08264d5795d3909718cdd05abd49572e84fe55590eef31a88a08fdffd
805,I_69658_99775_left_x,exact,B,B,explicit_option,df7e70e5021544f4834bbee64a9e3789febc4be81470df629cad6ddb03320a5c
806,G_87757_left_2380,exact,B,B,explicit_option,df7e70e5021544f4834bbee64a9e3789febc4be81470df629cad6ddb03320a5c
807,D_24101_26,exact,B,B,explicit_option,df7e70e5021544f4834bbee64a9e3789febc4be81470df629cad6ddb03320a5c
808,I_24101_89171_left_s,exact,A,A,explicit_option,559aead08264d5795d3909718cdd05abd49572e84fe55590eef31a88a08fdffd
809,G_87757_left_2369,exact,B,B,explicit_option,df7e70e5021544f4834bbee64a9e3789febc4be81470df629cad6ddb03320a5c
810,G_87757_left_2346,exact,B,B,explicit_option,df7e70e5021544f4834bbee64a9e3789febc4be81470df629cad6ddb03320a5c
811,G_65052_left_1788,exact,B,B,explicit_option,df7e70e5021544f4834bbee64a9e3789febc4be81470df629cad6ddb03320a5c
812,I_43210_63029_left_x,exact,B,B,explicit_option,df7e70e5021544f4834bbee64a9e3789febc4be81470df629cad6ddb03320a5c
813,I_20294_44595_right_x,exact,B,B,explicit_option,df7e70e5021544f4834bbee64a9e3789febc4be81470df629cad6ddb03320a5c
814,D_99775_295,exact,B,B,explicit_option,df7e70e5021544f4834bbee64a9e3789febc4be81470df629cad6ddb03320a5c
815,G_69658_right_1941,exact,A,A,explicit_option,559aead08264d5795d3909718cdd05abd49572e84fe55590eef31a88a08fdffd
816,D_89171_255,exact,B,B,explicit_option,df7e70e5021544f4834bbee64a9e3789febc4be81470df629cad6ddb03320a5c
817,G_27295_left_322,exact,B,B,explicit_option,df7e70e5021544f4834bbee64a9e3789febc4be81470df629cad6ddb03320a5c
818,G_74850_left_1991,exact,B,B,explicit_option,df7e70e5021544f4834bbee64a9e3789febc4be81470df629cad6ddb03320a5c
819,I_69658_87757_right_x,exact,B,B,explicit_option,df7e70e5021544f4834bbee64a9e3789febc4be81470df629cad6ddb03320a5c
820,G_44595_right_808,exact,B,B,explicit_option,df7e70e5021544f4834bbee64a9e3789febc4be81470df629cad6ddb03320a5c
821,D_43210_71,exact,B,B,explicit_option,df7e70e5021544f4834bbee64a9e3789febc4be81470df629cad6ddb03320a5c
822,D_76957_224,exact,B,B,explicit_option,df7e70e5021544f4834bbee64a9e3789febc4be81470df629cad6ddb03320a5c
823,G_32467_right_493,exact,B,B,explicit_option,df7e70e5021544f4834bbee64a9e3789febc4be81470df629cad6ddb03320a5c
824,I_44595_76957_right_x,exact,B,B,explicit_option,df7e70e5021544f4834bbee64a9e3789febc4be81470df629cad6ddb03320a5c
825,I_20294_58398_right_x,exact,B,B,explicit_option,df7e70e5021544f4834bbee64a9e3789febc4be81470df629cad6ddb03320a5c
826,D_96608_281,exact,B,B,explicit_option,df7e70e5021544f4834bbee64a9e3789febc4be81470df629cad6ddb03320a5c
827,I_44595_58398_right_s,exact,B,B,explicit_option,df7e70e5021544f4834bbee64a9e3789febc4be81470df629cad6ddb03320a5c
828,G_57833_right_1246,exact,A,A,explicit_option,559aead08264d5795d3909718cdd05abd49572e84fe55590eef31a88a08fdffd
829,I_43210_83742_left_x,exact,B,B,explicit_option,df7e70e5021544f4834bbee64a9e3789febc4be81470df629cad6ddb03320a5c
830,I_43210_99775_left_s,exact,A,A,explicit_option,559aead08264d5795d3909718cdd05abd49572e84fe55590eef31a88a08fdffd
831,G_24101_right_307,exact,A,A,explicit_option,559aead08264d5795d3909718cdd05abd49572e84fe55590eef31a88a08fdffd
832,I_47904_57145_right_s,exact,B,B,explicit_option,df7e70e5021544f4834bbee64a9e3789febc4be81470df629cad6ddb03320a5c
833,D_44595_76,exact,B,B,explicit_option,df7e70e5021544f4834bbee64a9e3789febc4be81470df629cad6ddb03320a5c
834,D_20294_23,exact,B,B,explicit_option,df7e70e5021544f4834bbee64a9e3789febc4be81470df629cad6ddb03320a5c
835,I_57145_69658_left_s,exact,B,B,explicit_option,df7e70e5021544f4834bbee64a9e3789febc4be81470df629cad6ddb03320a5c
836,G_58398_right_1350,exact,B,B,explicit_option,df7e70e5021544f4834bbee64a9e3789febc4be81470df629cad6ddb03320a5c
837,G_83742_right_2271,exact,A,A,explicit_option,559aead08264d5795d3909718cdd05abd49572e84fe55590eef31a88a08fdffd
838,G_89171_right_2566,exact,A,A,explicit_option,559aead08264d5795d3909718cdd05abd49572e84fe55590eef31a88a08fdffd
839,D_65030_171,exact,B,B,explicit_option,df7e70e5021544f4834bbee64a9e3789febc4be81470df629cad6ddb03320a5c
840,I_58398_93812_left_x,exact,B,B,explicit_option,df7e70e5021544f4834bbee64a9e3789febc4be81470df629cad6ddb03320a5c
841,G_27295_right_408,exact,B,B,explicit_option,df7e70e5021544f4834bbee64a9e3789febc4be81470df629cad6ddb03320a5c
842,G_69658_left_1865,exact,B,B,explicit_option,df7e70e5021544f4834bbee64a9e3789febc4be81470df629cad6ddb03320a5c
843,I_47904_76957_right_x,exact,B,B,explicit_option,df7e70e5021544f4834bbee64a9e3789febc4be81470df629cad6ddb03320a5c
844,I_24101_96608_right_s,exact,A,A,explicit_option,559aead08264d5795d3909718cdd05abd49572e84fe55590eef31a88a08fdffd
845,D_99775_296,exact,B,B,explicit_option,df7e70e5021544f4834bbee64a9e3789febc4be81470df629cad6ddb03320a5c
846,G_65052_right_1814,exact,B,B,explicit_option,df7e70e5021544f4834bbee64a9e3789febc4be81470df629cad6ddb03320a5c
847,D_56583_101,exact,B,B,explicit_option,df7e70e5021544f4834bbee64a9e3789febc4be81470df629cad6ddb03320a5c
848,I_44595_69658_right_x,exact,A,A,explicit_option,559aead08264d5795d3909718cdd05abd49572e84fe55590eef31a88a08fdffd
849,I_43210_58793_right_s,exact,B,B,explicit_option,df7e70e5021544f4834bbee64a9e3789febc4be81470df629cad6ddb03320a5c
850,I_58398_74850_left_s,exact,B,B,explicit_option,df7e70e5021544f4834bbee64a9e3789febc4be81470df629cad6ddb03320a5c
851,G_74850_right_2022,exact,B,B,explicit_option,df7e70e5021544f4834bbee64a9e3789febc4be81470df629cad6ddb03320a5c
852,G_74850_left_1997,exact,B,B,explicit_option,df7e70e5021544f4834bbee64a9e3789febc4be81470df629cad6ddb03320a5c
853,I_63029_87757_right_x,exact,B,B,explicit_option,df7e70e5021544f4834bbee64a9e3789febc4be81470df629cad6ddb03320a5c
854,D_43210_67,exact,A,A,explicit_option,559aead08264d5795d3909718cdd05abd49572e84fe55590eef31a88a08fdffd
855,I_69658_99775_right_x,exact,B,B,explicit_option,df7e70e5021544f4834bbee64a9e3789febc4be81470df629cad6ddb03320a5c
856,D_24101_29,exact,B,B,explicit_option,df7e70e5021544f4834bbee64a9e3789febc4be81470df629cad6ddb03320a5c
857,G_99775_right_2916,exact,A,A,explicit_option,559aead08264d5795d3909718cdd05abd49572e84fe55590eef31a88a08fdffd
858,G_43210_left_569,exact,B,B,explicit_option,df7e70e5021544f4834bbee64a9e3789febc4be81470df629cad6ddb03320a5c
859,G_44595_left_690,exact,B,B,explicit_option,df7e70e5021544f4834bbee64a9e3789febc4be81470df629cad6ddb03320a5c
860,I_32467_93812_right_s,exact,A,A,explicit_option,559aead08264d5795d3909718cdd05abd49572e84fe55590eef31a88a08fdffd
861,G_83742_left_2239,exact,B,B,explicit_option,df7e70e5021544f4834bbee64a9e3789febc4be81470df629cad6ddb03320a5c
862,I_43210_87757_right_s,exact,B,B,explicit_option,df7e70e5021544f4834bbee64a9e3789febc4be81470df629cad6ddb03320a5c
863,G_58398_left_1307,exact,B,B,explicit_option,df7e70e5021544f4834bbee64a9e3789febc4be81470df629cad6ddb03320a5c
864,G_87757_right_2453,exact,B,B,explicit_option,df7e70e5021544f4834bbee64a9e3789febc4be81470df629cad6ddb03320a5c
865,D_65052_191,exact,B,B,explicit_option,df7e70e5021544f4834bbee64a9e3789febc4be81470df629cad6ddb03320a5c
866,I_43210_57145_left_x,exact,B,B,explicit_option,df7e70e5021544f4834bbee64a9e3789febc4be81470df629cad6ddb03320a5c
867,I_58398_63029_left_s,exact,B,B,explicit_option,df7e70e5021544f4834bbee64a9e3789febc4be81470df629cad6ddb03320a5c
868,I_69658_96608_left_s,exact,B,B,explicit_option,df7e70e5021544f4834bbee64a9e3789febc4be81470df629cad6ddb03320a5c
869,G_47904_right_826,exact,A,A,explicit_option,559aead08264d5795d3909718cdd05abd49572e84fe55590eef31a88a08fdffd
870,G_27295_left_343,exact,B,B,explicit_option,df7e70e5021544f4834bbee64a9e3789febc4be81470df629cad6ddb03320a5c
871,D_87757_245,exact,B,B,explicit_option,df7e70e5021544f4834bbee64a9e3789febc4be81470df629cad6ddb03320a5c
872,D_57145_114,exact,B,B,explicit_option,df7e70e5021544f4834bbee64a9e3789febc4be81470df629cad6ddb03320a5c
873,I_69658_96608_right_x,exact,B,B,explicit_option,df7e70e5021544f4834bbee64a9e3789febc4be81470df629cad6ddb03320a5c
874,G_99775_right_2908,exact,A,A,explicit_option,559aead08264d5795d3909718cdd05abd49572e84fe55590eef31a88a08fdffd
875,I_32467_47904_right_x,exact,B,B,explicit_option,df7e70e5021544f4834bbee64a9e3789febc4be81470df629cad6ddb03320a5c
876,G_27295_left_320,exact,B,B,explicit_option,df7e70e5021544f4834bbee64a9e3789febc4be81470df629cad6ddb03320a5c
877,I_87757_96608_right_x,exact,B,B,explicit_option,df7e70e5021544f4834bbee64a9e3789febc4be81470df629cad6ddb03320a5c
878,D_27295_36,exact,B,B,explicit_option,df7e70e5021544f4834bbee64a9e3789febc4be81470df629cad6ddb03320a5c
879,I_63029_87757_left_x,exact,B,B,explicit_option,df7e70e5021544f4834bbee64a9e3789febc4be81470df629cad6ddb03320a5c
880,D_99775_289,exact,B,B,explicit_option,df7e70e5021544f4834bbee64a9e3789febc4be81470df629cad6ddb03320a5c
881,I_32467_65052_left_x,exact,B,B,explicit_option,df7e70e5021544f4834bbee64a9e3789febc4be81470df629cad6ddb03320a5c
882,G_32467_left_470,exact,A,A,explicit_option,559aead08264d5795d3909718cdd05abd49572e84fe55590eef31a88a08fdffd
883,G_89171_right_2535,exact,A,A,explicit_option,559aead08264d5795d3909718cdd05abd49572e84fe55590eef31a88a08fdffd
884,D_32467_52,exact,B,B,explicit_option,df7e70e5021544f4834bbee64a9e3789febc4be81470df629cad6ddb03320a5c
885,I_44595_93812_left_s,exact,A,A,explicit_option,559aead08264d5795d3909718cdd05abd49572e84fe55590eef31a88a08fdffd
886,I_57833_65030_right_s,exact,B,B,explicit_option,df7e70e5021544f4834bbee64a9e3789febc4be81470df629cad6ddb03320a5c
887,G_96608_right_2816,exact,A,A,explicit_option,559aead08264d5795d3909718cdd05abd49572e84fe55590eef31a88a08fdffd
888,D_24101_31,exact,A,A,explicit_option,559aead08264d5795d3909718cdd05abd49572e84fe55590eef31a88a08fdffd
889,I_27295_96608_left_x,exact,B,B,explicit_option,df7e70e5021544f4834bbee64a9e3789febc4be81470df629cad6ddb03320a5c
890,G_44595_left_686,exact,B,B,explicit_option,df7e70e5021544f4834bbee64a9e3789febc4be81470df629cad6ddb03320a5c
891,G_14493_right_72,exact,A,A,explicit_option,559aead08264d5795d3909718cdd05abd49572e84fe55590eef31a88a08fdffd
892,D_43210_64,exact,B,B,explicit_option,df7e70e5021544f4834bbee64a9e3789febc4be81470df629cad6ddb03320a5c
893,I_56583_99775_right_x,exact,B,B,explicit_option,df7e70e5021544f4834bbee64a9e3789febc4be81470df629cad6ddb03320a5c
894,D_58398_138,exact,B,B,explicit_option,df7e70e5021544f4834bbee64a9e3789febc4be81470df629cad6ddb03320a5c
895,I_14493_65030_right_s,exact,B,B,explicit_option,df7e70e5021544f4834bbee64a9e3789febc4be81470df629cad6ddb03320a5c
896,G_99775_right_2914,exact,B,B,explicit_option,df7e70e5021544f4834bbee64a9e3789febc4be81470df629cad6ddb03320a5c
897,I_65052_83742_right_x,exact,B,B,explicit_option,df7e70e5021544f4834bbee64a9e3789febc4be81470df629cad6ddb03320a5c
898,G_27295_left_342,exact,A,A,explicit_option,559aead08264d5795d3909718cdd05abd49572e84fe55590eef31a88a08fdffd
899,D_63029_158,exact,A,A,explicit_option,559aead08264d5795d3909718cdd05abd49572e84fe55590eef31a88a08fdffd
900,I_20294_47904_left_s,exact,A,A,explicit_option,559aead08264d5795d3909718cdd05abd49572e84fe55590eef31a88a08fdffd
901,G_57145_left_1034,exact,B,B,explicit_option,df7e70e5021544f4834bbee64a9e3789febc4be81470df629cad6ddb03320a5c
902,G_57833_right_1255,exact,B,B,explicit_option,df7e70e5021544f4834bbee64a9e3789febc4be81470df629cad6ddb03320a5c
903,G_69658_right_1910,exact,B,B,explicit_option,df7e70e5021544f4834bbee64a9e3789febc4be81470df629cad6ddb03320a5c
904,I_65030_76957_right_s,exact,A,A,explicit_option,559aead08264d5795d3909718cdd05abd49572e84fe55590eef31a88a08fdffd
905,I_56583_96608_right_s,exact,B,B,explicit_option,df7e70e5021544f4834bbee64a9e3789febc4be81470df629cad6ddb03320a5c
906,I_14493_58398_left_s,exact,B,B,explicit_option,df7e70e5021544f4834bbee64a9e3789febc4be81470df629cad6ddb03320a5c
907,G_20294_right_235,exact,B,B,explicit_option,df7e70e5021544f4834bbee64a9e3789febc4be81470df629cad6ddb03320a5c
908,G_76957_right_2135,exact,B,B,explicit_option,df7e70e5021544f4834bbee64a9e3789febc4be81470df629cad6ddb03320a5c
909,I_14493_87757_right_x,exact,B,B,explicit_option,df7e70e5021544f4834bbee64a9e3789febc4be81470df629cad6ddb03320a5c
910,I_20294_32467_left_s,exact,B,B,explicit_option,df7e70e5021544f4834bbee64a9e3789febc4be81470df629cad6ddb03320a5c
911,G_65052_right_1845,exact,B,B,explicit_option,df7e70e5021544f4834bbee64a9e3789febc4be81470df629cad6ddb03320a5c
912,I_58793_65052_left_x,exact,B,B,explicit_option,df7e70e5021544f4834bbee64a9e3789febc4be81470df629cad6ddb03320a5c
913,D_14493_1,exact,B,B,explicit_option,df7e70e5021544f4834bbee64a9e3789febc4be81470df629cad6ddb03320a5c
914,G_43210_right_681,exact,A,A,explicit_option,559aead08264d5795d3909718cdd05abd49572e84fe55590eef31a88a08fdffd
915,I_43210_44595_left_s,exact,B,B,explicit_option,df7e70e5021544f4834bbee64a9e3789febc4be81470df629cad6ddb03320a5c
916,D_58793_151,exact,B,B,explicit_option,df7e70e5021544f4834bbee64a9e3789febc4be81470df629cad6ddb03320a5c
917,G_65030_right_1707,exact,A,A,explicit_option,559aead08264d5795d3909718cdd05abd49572e84fe55590eef31a88a08fdffd
918,I_58398_87757_right_x,exact,B,B,explicit_option,df7e70e5021544f4834bbee64a9e3789febc4be81470df629cad6ddb03320a5c
919,G_93812_right_2693,exact,B,B,explicit_option,df7e70e5021544f4834bbee64a9e3789febc4be81470df629cad6ddb03320a5c
920,I_27295_87757_left_s,exact,A,A,explicit_option,559aead08264d5795d3909718cdd05abd49572e84fe55590eef31a88a08fdffd
921,D_89171_256,exact,B,B,explicit_option,df7e70e5021544f4834bbee64a9e3789febc4be81470df629cad6ddb03320a5c
922,I_14493_57145_left_s,exact,A,A,explicit_option,559aead08264d5795d3909718cdd05abd49572e84fe55590eef31a88a08fdffd
923,I_24101_93812_right_x,exact,B,B,explicit_option,df7e70e5021544f4834bbee64a9e3789febc4be81470df629cad6ddb03320a5c
924,G_89171_right_2551,exact,B,B,explicit_option,df7e70e5021544f4834bbee64a9e3789febc4be81470df629cad6ddb03320a5c
925,G_47904_left_824,exact,A,A,explicit_option,559aead08264d5795d3909718cdd05abd49572e84fe55590eef31a88a08fdffd
926,I_47904_99775_right_x,exact,B,B,explicit_option,df7e70e5021544f4834bbee64a9e3789febc4be81470df629cad6ddb03320a5c
927,D_76957_221,exact,B,B,explicit_option,df7e70e5021544f4834bbee64a9e3789febc4be81470df629cad6ddb03320a5c
928,G_44595_left_711,exact,B,B,explicit_option,df7e70e5021544f4834bbee64a9e3789febc4be81470df629cad6ddb03320a5c
929,I_32467_58398_left_s,exact,B,B,explicit_option,df7e70e5021544f4834bbee64a9e3789febc4be81470df629cad6ddb03320a5c
930,I_58398_69658_right_s,exact,B,B,explicit_option,df7e70e5021544f4834bbee64a9e3789febc4be81470df629cad6ddb03320a5c
931,I_20294_89171_left_x,exact,B,B,explicit_option,df7e70e5021544f4834bbee64a9e3789febc4be81470df629cad6ddb03320a5c
932,G_57145_right_1045,exact,B,B,explicit_option,df7e70e5021544f4834bbee64a9e3789febc4be81470df629cad6ddb03320a5c
933,D_56583_102,exact,B,B,explicit_option,df7e70e5021544f4834bbee64a9e3789febc4be81470df629cad6ddb03320a5c
934,D_58398_135,exact,B,B,explicit_option,df7e70e5021544f4834bbee64a9e3789febc4be81470df629cad6ddb03320a5c
935,I_20294_27295_right_s,exact,A,A,explicit_option,559aead08264d5795d3909718cdd05abd49572e84fe55590eef31a88a08fdffd
936,I_69658_76957_right_x,exact,B,B,explicit_option,df7e70e5021544f4834bbee64a9e3789febc4be81470df629cad6ddb03320a5c
937,I_27295_47904_right_s,exact,B,B,explicit_option,df7e70e5021544f4834bbee64a9e3789febc4be81470df629cad6ddb03320a5c
938,I_44595_47904_right_x,exact,A,A,explicit_option,559aead08264d5795d3909718cdd05abd49572e84fe55590eef31a88a08fdffd
939,D_58793_146,exact,B,B,explicit_option,df7e70e5021544f4834bbee64a9e3789febc4be81470df629cad6ddb03320a5c
940,D_47904_93,exact,B,B,explicit_option,df7e70e5021544f4834bbee64a9e3789febc4be81470df629cad6ddb03320a5c
941,I_24101_57833_left_s,exact,B,B,explicit_option,df7e70e5021544f4834bbee64a9e3789febc4be81470df629cad6ddb03320a5c
942,G_44595_right_786,exact,B,B,explicit_option,df7e70e5021544f4834bbee64a9e3789febc4be81470df629cad6ddb03320a5c
943,G_47904_left_816,exact,A,A,explicit_option,559aead08264d5795d3909718cdd05abd49572e84fe55590eef31a88a08fdffd
944,G_58793_right_1470,exact,A,A,explicit_option,559aead08264d5795d3909718cdd05abd49572e84fe55590eef31a88a08fdffd
945,G_20294_right_247,exact,B,B,explicit_option,df7e70e5021544f4834bbee64a9e3789febc4be81470df629cad6ddb03320a5c
946,D_99775_292,exact,B,B,explicit_option,df7e70e5021544f4834bbee64a9e3789febc4be81470df629cad6ddb03320a5c
947,I_65052_93812_left_x,exact,B,B,explicit_option,df7e70e5021544f4834bbee64a9e3789febc4be81470df629cad6ddb03320a5c
948,I_47904_96608_left_s,exact,A,A,explicit_option,559aead08264d5795d3909718cdd05abd49572e84fe55590eef31a88a08fdffd
949,G_87757_right_2417,exact,B,B,explicit_option,df7e70e5021544f4834bbee64a9e3789febc4be81470df629cad6ddb03320a5c
950,G_69658_right_1919,exact,B,B,explicit_option,df7e70e5021544f4834bbee64a9e3789febc4be81470df629cad6ddb03320a5c
951,I_32467_76957_right_s,exact,A,A,explicit_option,559aead08264d5795d3909718cdd05abd49572e84fe55590eef31a88a08fdffd
952,I_14493_74850_right_s,exact,A,A,explicit_option,559aead08264d5795d3909718cdd05abd49572e84fe55590eef31a88a08fdffd
953,D_44595_72,exact,B,B,explicit_option,df7e70e5021544f4834bbee64a9e3789febc4be81470df629cad6ddb03320a5c
954,D_65052_181,exact,B,B,explicit_option,df7e70e5021544f4834bbee64a9e3789febc4be81470df629cad6ddb03320a5c
955,I_14493_44595_right_s,exact,B,B,explicit_option,df7e70e5021544f4834bbee64a9e3789febc4be81470df629cad6ddb03320a5c
956,I_87757_89171_right_s,exact,B,B,explicit_option,df7e70e5021544f4834bbee64a9e3789febc4be81470df629cad6ddb03320a5c
957,G_89171_right_2568,exact,B,B,explicit_option,df7e70e5021544f4834bbee64a9e3789febc4be81470df629cad6ddb03320a5c
958,G_32467_left_480,exact,A,A,explicit_option,559aead08264d5795d3909718cdd05abd49572e84fe55590eef31a88a08fdffd
959,G_89171_right_2581,exact,A,A,explicit_option,559aead08264d5795d3909718cdd05abd49572e84fe55590eef31a88a08fdffd
960,I_44595_83742_right_s,exact,A,A,explicit_option,559aead08264d5795d3909718cdd05abd49572e84fe55590eef31a88a08fdffd
961,D_74850_204,exact,B,B,explicit_option,df7e70e5021544f4834bbee64a9e3789febc4be81470df629cad6ddb03320a5c
962,D_56583_106,exact,B,B,explicit_option,df7e70e5021544f4834bbee64a9e3789febc4be81470df629cad6ddb03320a5c
963,G_65030_left_1655,exact,A,A,explicit_option,559aead08264d5795d3909718cdd05abd49572e84fe55590eef31a88a08fdffd
964,G_32467_left_424,exact,B,B,explicit_option,df7e70e5021544f4834bbee64a9e3789febc4be81470df629cad6ddb03320a5c
965,I_44595_56583_left_x,exact,B,B,explicit_option,df7e70e5021544f4834bbee64a9e3789febc4be81470df629cad6ddb03320a5c
966,I_76957_89171_left_s,exact,B,B,explicit_option,df7e70e5021544f4834bbee64a9e3789febc4be81470df629cad6ddb03320a5c
967,G_43210_right_653,exact,B,B,explicit_option,df7e70e5021544f4834bbee64a9e3789febc4be81470df629cad6ddb03320a5c
968,I_65030_87757_right_x,exact,B,B,explicit_option,df7e70e5021544f4834bbee64a9e3789febc4be81470df629cad6ddb03320a5c
969,I_27295_76957_right_s,exact,B,B,explicit_option,df7e70e5021544f4834bbee64a9e3789febc4be81470df629cad6ddb03320a5c
970,G_74850_left_2003,exact,A,A,explicit_option,559aead08264d5795d3909718cdd05abd49572e84fe55590eef31a88a08fdffd
971,D_63029_161,exact,B,B,explicit_option,df7e70e5021544f4834bbee64a9e3789febc4be81470df629cad6ddb03320a5c
972,D_27295_37,exact,B,B,explicit_option,df7e70e5021544f4834bbee64a9e3789febc4be81470df629cad6ddb03320a5c
973,G_56583_right_914,exact,A,A,explicit_option,559aead08264d5795d3909718cdd05abd49572e84fe55590eef31a88a08fdffd
974,G_89171_right_2533,exact,A,A,explicit_option,559aead08264d5795d3909718cdd05abd49572e84fe55590eef31a88a08fdffd
975,G_74850_left_1996,exact,B,B,explicit_option,df7e70e5021544f4834bbee64a9e3789febc4be81470df629cad6ddb03320a5c
976,I_69658_96608_left_x,exact,B,B,explicit_option,df7e70e5021544f4834bbee64a9e3789febc4be81470df629cad6ddb03320a5c
977,I_47904_96608_right_s,exact,A,A,explicit_option,559aead08264d5795d3909718cdd05abd49572e84fe55590eef31a88a08fdffd
978,G_65052_right_1792,exact,A,A,explicit_option,559aead08264d5795d3909718cdd05abd49572e84fe55590eef31a88a08fdffd
979,G_14493_left_46,exact,B,B,explicit_option,df7e70e5021544f4834bbee64a9e3789febc4be81470df629cad6ddb03320a5c
980,I_14493_24101_right_x,exact,A,A,explicit_option,559aead08264d5795d3909718cdd05abd49572e84fe55590eef31a88a08fdffd
981,D_93812_266,exact,B,B,explicit_option,df7e70e5021544f4834bbee64a9e3789febc4be81470df629cad6ddb03320a5c
982,G_32467_left_461,exact,B,B,explicit_option,df7e70e5021544f4834bbee64a9e3789febc4be81470df629cad6ddb03320a5c
983,G_63029_right_1593,exact,B,B,explicit_option,df7e70e5021544f4834bbee64a9e3789febc4be81470df629cad6ddb03320a5c
984,D_83742_237,exact,A,A,explicit_option,559aead08264d5795d3909718cdd05abd49572e84fe55590eef31a88a08fdffd
985,G_20294_right_270,exact,A,A,explicit_option,559aead08264d5795d3909718cdd05abd49572e84fe55590eef31a88a08fdffd
986,G_87757_right_2436,exact,B,B,explicit_option,df7e70e5021544f4834bbee64a9e3789febc4be81470df629cad6ddb03320a5c
987,D_56583_96,exact,A,A,explicit_option,559aead08264d5795d3909718cdd05abd49572e84fe55590eef31a88a08fdffd
988,I_44595_65030_right_x,exact,A,A,explicit_option,559aead08264d5795d3909718cdd05abd49572e84fe55590eef31a88a08fdffd
989,G_20294_right_236,exact,B,B,explicit_option,df7e70e5021544f4834bbee64a9e3789febc4be81470df629cad6ddb03320a5c
990,G_99775_left_2838,exact,B,B,explicit_option,df7e70e5021544f4834bbee64a9e3789febc4be81470df629cad6ddb03320a5c
991,G_99775_right_2943,exact,B,B,explicit_option,df7e70e5021544f4834bbee64a9e3789febc4be81470df629cad6ddb03320a5c
992,G_27295_right_391,exact,B,B,explicit_option,df7e70e5021544f4834bbee64a9e3789febc4be81470df629cad6ddb03320a5c
993,G_58398_right_1339,exact,B,B,explicit_option,df7e70e5021544f4834bbee64a9e3789febc4be81470df629cad6ddb03320a5c
994,D_83742_230,exact,B,B,explicit_option,df7e70e5021544f4834bbee64a9e3789febc4be81470df629cad6ddb03320a5c
995,G_20294_left_146,exact,A,A,explicit_option,559aead08264d5795d3909718cdd05abd49572e84fe55590eef31a88a08fdffd
996,I_57145_58398_right_x,exact,B,B,explicit_option,df7e70e5021544f4834bbee64a9e3789febc4be81470df629cad6ddb03320a5c
997,I_20294_57833_right_x,exact,B,B,explicit_option,df7e70e5021544f4834bbee64a9e3789febc4be81470df629cad6ddb03320a5c
998,D_89171_263,exact,B,B,explicit_option,df7e70e5021544f4834bbee64a9e3789febc4be81470df629cad6ddb03320a5c
999,G_96608_right_2805,exact,B,B,explicit_option,df7e70e5021544f4834bbee64a9e3789febc4be81470df629cad6ddb03320a5c
1000,G_56583_left_870,exact,B,B,explicit_option,df7e70e5021544f4834bbee64a9e3789febc4be81470df629cad6ddb03320a5c
1001,D_24101_30,exact,B,B,explicit_option,df7e70e5021544f4834bbee64a9e3789febc4be81470df629cad6ddb03320a5c
1002,D_43210_65,exact,B,B,explicit_option,df7e70e5021544f4834bbee64a9e3789febc4be81470df629cad6ddb03320a5c
1003,I_58398_74850_right_s,exact,B,B,explicit_option,df7e70e5021544f4834bbee64a9e3789febc4be81470df629cad6ddb03320a5c
1004,G_14493_left_2,exact,A,A,explicit_option,559aead08264d5795d3909718cdd05abd49572e84fe55590eef31a88a08fdffd
1005,I_74850_93812_right_s,exact,B,B,explicit_option,df7e70e5021544f4834bbee64a9e3789febc4be81470df629cad6ddb03320a5c
1006,G_57145_left_1028,exact,A,A,explicit_option,559aead08264d5795d3909718cdd05abd49572e84fe55590eef31a88a08fdffd
1007,G_24101_right_300,exact,B,B,explicit_option,df7e70e5021544f4834bbee64a9e3789febc4be81470df629cad6ddb03320a5c
1008,G_32467_right_543,exact,B,B,explicit_option,df7e70e5021544f4834bbee64a9e3789febc4be81470df629cad6ddb03320a5c
1009,G_96608_left_2700,exact,A,A,explicit_option,559aead08264d5795d3909718cdd05abd49572e84fe55590eef31a88a08fdffd
1010,G_47904_left_821,exact,B,B,explicit_option,df7e70e5021544f4834bbee64a9e3789febc4be81470df629cad6ddb03320a5c
1011,G_58793_left_1394,exact,B,B,explicit_option,df7e70e5021544f4834bbee64a9e3789febc4be81470df629cad6ddb03320a5c
1012,G_57833_right_1193,exact,A,A,explicit_option,559aead08264d5795d3909718cdd05abd49572e84fe55590eef31a88a08fdffd
1013,G_20294_left_178,exact,B,B,explicit_option,df7e70e5021544f4834bbee64a9e3789febc4be81470df629cad6ddb03320a5c
1014,G_65030_right_1687,exact,B,B,explicit_option,df7e70e5021544f4834bbee64a9e3789febc4be81470df629cad6ddb03320a5c
1015,I_20294_43210_right_s,exact,A,A,explicit_option,559aead08264d5795d3909718cdd05abd49572e84fe55590eef31a88a08fdffd
1016,I_14493_76957_left_s,exact,A,A,explicit_option,559aead08264d5795d3909718cdd05abd49572e84fe55590eef31a88a08fdffd
1017,I_58793_96608_left_x,exact,B,B,explicit_option,df7e70e5021544f4834bbee64a9e3789febc4be81470df629cad6ddb03320a5c
1018,I_32467_56583_left_x,exact,B,B,explicit_option,df7e70e5021544f4834bbee64a9e3789febc4be81470df629cad6ddb03320a5c
1019,G_27295_left_360,exact,B,B,explicit_option,df7e70e5021544f4834bbee64a9e3789febc4be81470df629cad6ddb03320a5c
1020,D_93812_271,exact,B,B,explicit_option,df7e70e5021544f4834bbee64a9e3789febc4be81470df629cad6ddb03320a5c
1021,I_20294_58793_left_x,exact,B,B,explicit_option,df7e70e5021544f4834bbee64a9e3789febc4be81470df629cad6ddb03320a5c
1022,G_58398_right_1343,exact,B,B,explicit_option,df7e70e5021544f4834bbee64a9e3789febc4be81470df629cad6ddb03320a5c
1023,G_69658_right_1935,exact,B,B,explicit_option,df7e70e5021544f4834bbee64a9e3789febc4be81470df629cad6ddb03320a5c
1024,I_43210_58398_right_x,exact,B,B,explicit_option,df7e70e5021544f4834bbee64a9e3789febc4be81470df629cad6ddb03320a5c
1025,I_43210_76957_left_s,exact,A,A,explicit_option,559aead08264d5795d3909718cdd05abd49572e84fe55590eef31a88a08fdffd
1026,G_32467_right_492,exact,B,B,explicit_option,df7e70e5021544f4834bbee64a9e3789febc4be81470df629cad6ddb03320a5c
1027,G_65030_left_1641,exact,A,A,explicit_option,559aead08264d5795d3909718cdd05abd49572e84fe55590eef31a88a08fdffd
1028,I_20294_69658_left_s,exact,B,B,explicit_option,df7e70e5021544f4834bbee64a9e3789febc4be81470df629cad6ddb03320a5c
1029,I_58793_89171_right_s,exact,A,A,explicit_option,559aead08264d5795d3909718cdd05abd49572e84fe55590eef31a88a08fdffd
1030,I_56583_76957_right_s,exact,A,A,explicit_option,559aead08264d5795d3909718cdd05abd49572e84fe55590eef31a88a08fdffd
1031,I_14493_99775_right_x,exact,A,A,explicit_option,559aead08264d5795d3909718cdd05abd49572e84fe55590eef31a88a08fdffd
1032,I_56583_89171_left_x,exact,B,B,explicit_option,df7e70e5021544f4834bbee64a9e3789febc4be81470df629cad6ddb03320a5c
1033,G_44595_right_777,exact,B,B,explicit_option,df7e70e5021544f4834bbee64a9e3789febc4be81470df629cad6ddb03320a5c
1034,D_65030_170,exact,B,B,explicit_option,df7e70e5021544f4834bbee64a9e3789febc4be81470df629cad6ddb03320a5c
1035,I_56583_87757_right_s,exact,B,B,explicit_option,df7e70e5021544f4834bbee64a9e3789febc4be81470df629cad6ddb03320a5c
1036,G_83742_left_2247,exact,B,B,explicit_option,df7e70e5021544f4834bbee64a9e3789febc4be81470df629cad6ddb03320a5c
1037,D_57833_127,exact,B,B,explicit_option,df7e70e5021544f4834bbee64a9e3789febc4be81470df629cad6ddb03320a5c
1038,D_65030_174,exact,B,B,explicit_option,df7e70e5021544f4834bbee64a9e3789febc4be81470df629cad6ddb03320a5c
1039,G_76957_left_2124,exact,A,A,explicit_option,559aead08264d5795d3909718cdd05abd49572e84fe55590eef31a88a08fdffd
1040,G_58398_left_1277,exact,B,B,explicit_option,df7e70e5021544f4834bbee64a9e3789febc4be81470df629cad6ddb03320a5c
1041,I_63029_65030_left_x,exact,B,B,explicit_option,df7e70e5021544f4834bbee64a9e3789febc4be81470df629cad6ddb03320a5c
1042,G_56583_left_885,exact,B,B,explicit_option,df7e70e5021544f4834bbee64a9e3789febc4be81470df629cad6ddb03320a5c
1043,D_65030_172,exact,B,B,explicit_option,df7e70e5021544f4834bbee64a9e3789febc4be81470df629cad6ddb03320a5c
1044,G_63029_right_1594,exact,B,B,explicit_option,df7e70e5021544f4834bbee64a9e3789febc4be81470df629cad6ddb03320a5c
1045,D_65052_182,exact,B,B,explicit_option,df7e70e5021544f4834bbee64a9e3789febc4be81470df629cad6ddb03320a5c
1046,G_83742_right_2312,exact,B,B,explicit_option,df7e70e5021544f4834bbee64a9e3789febc4be81470df629cad6ddb03320a5c
1047,I_83742_96608_left_s,exact,A,A,explicit_option,559aead08264d5795d3909718cdd05abd49572e84fe55590eef31a88a08fdffd
1048,I_24101_63029_right_x,exact,A,A,explicit_option,559aead08264d5795d3909718cdd05abd49572e84fe55590eef31a88a08fdffd
1049,G_93812_left_2604,exact,B,B,explicit_option,df7e70e5021544f4834bbee64a9e3789febc4be81470df629cad6ddb03320a5c
1050,I_44595_58398_left_x,exact,B,B,explicit_option,df7e70e5021544f4834bbee64a9e3789febc4be81470df629cad6ddb03320a5c
1051,I_69658_99775_left_s,exact,A,A,explicit_option,559aead08264d5795d3909718cdd05abd49572e84fe55590eef31a88a08fdffd
1052,I_24101_47904_left_s,exact,A,A,explicit_option,559aead08264d5795d3909718cdd05abd49572e84fe55590eef31a88a08fdffd
1053,G_14493_right_96,exact,A,A,explicit_option,559aead08264d5795d3909718cdd05abd49572e84fe55590eef31a88a08fdffd
1054,G_65030_left_1669,exact,A,A,explicit_option,559aead08264d5795d3909718cdd05abd49572e84fe55590eef31a88a08fdffd
1055,I_65030_99775_right_x,exact,B,B,explicit_option,df7e70e5021544f4834bbee64a9e3789febc4be81470df629cad6ddb03320a5c
1056,G_65052_left_1735,exact,B,B,explicit_option,df7e70e5021544f4834bbee64a9e3789febc4be81470df629cad6ddb03320a5c
1057,G_24101_right_304,exact,B,B,explicit_option,df7e70e5021544f4834bbee64a9e3789febc4be81470df629cad6ddb03320a5c
1058,I_87757_89171_right_x,exact,B,B,explicit_option,df7e70e5021544f4834bbee64a9e3789febc4be81470df629cad6ddb03320a5c
1059,G_63029_right_1588,exact,B,B,explicit_option,df7e70e5021544f4834bbee64a9e3789febc4be81470df629cad6ddb03320a5c
1060,G_57145_right_1117,exact,A,A,explicit_option,559aead08264d5795d3909718cdd05abd49572e84fe55590eef31a88a08fdffd
1061,I_65030_83742_left_x,exact,A,A,explicit_option,559aead08264d5795d3909718cdd05abd49572e84fe55590eef31a88a08fdffd
1062,D_27295_45,exact,B,B,explicit_option,df7e70e5021544f4834bbee64a9e3789febc4be81470df629cad6ddb03320a5c
1063,D_24101_35,exact,B,B,explicit_option,df7e70e5021544f4834bbee64a9e3789febc4be81470df629cad6ddb03320a5c
1064,I_27295_74850_left_s,exact,A,A,explicit_option,559aead08264d5795d3909718cdd05abd49572e84fe55590eef31a88a08fdffd
1065,I_58398_93812_right_s,exact,B,B,explicit_option,df7e70e5021544f4834bbee64a9e3789febc4be81470df629cad6ddb03320a5c
1066,I_76957_96608_left_x,exact,B,B,explicit_option,df7e70e5021544f4834bbee64a9e3789febc4be81470df629cad6ddb03320a5c
1067,I_32467_43210_left_s,exact,B,B,explicit_option,df7e70e5021544f4834bbee64a9e3789febc4be81470df629cad6ddb03320a5c
1068,G_58793_left_1401,exact,B,B,explicit_option,df7e70e5021544f4834bbee64a9e3789febc4be81470df629cad6ddb03320a5c
1069,I_57833_63029_right_x,exact,B,B,explicit_option,df7e70e5021544f4834bbee64a9e3789febc4be81470df629cad6ddb03320a5c
1070,G_65052_right_1804,exact,B,B,explicit_option,df7e70e5021544f4834bbee64a9e3789febc4be81470df629cad6ddb03320a5c
1071,G_63029_left_1511,exact,B,B,explicit_option,df7e70e5021544f4834bbee64a9e3789febc4be81470df629cad6ddb03320a5c
1072,I_57145_58398_right_s,exact,B,B,explicit_option,df7e70e5021544f4834bbee64a9e3789febc4be81470df629cad6ddb03320a5c
1073,G_20294_left_132,exact,A,A,explicit_option,559aead08264d5795d3909718cdd05abd49572e84fe55590eef31a88a08fdffd
1074,G_44595_right_807,exact,B,B,explicit_option,df7e70e5021544f4834bbee64a9e3789febc4be81470df629cad6ddb03320a5c
1075,G_89171_left_2503,exact,B,B,explicit_option,df7e70e5021544f4834bbee64a9e3789febc4be81470df629cad6ddb03320a5c
1076,G_44595_right_811,exact,A,A,explicit_option,559aead08264d5795d3909718cdd05abd49572e84fe55590eef31a88a08fdffd
1077,G_58793_left_1384,exact,B,B,explicit_option,df7e70e5021544f4834bbee64a9e3789febc4be81470df629cad6ddb03320a5c
1078,I_24101_43210_left_s,exact,B,B,explicit_option,df7e70e5021544f4834bbee64a9e3789febc4be81470df629cad6ddb03320a5c
1079,I_56583_96608_left_x,exact,B,B,explicit_option,df7e70e5021544f4834bbee64a9e3789febc4be81470df629cad6ddb03320a5c
1080,G_24101_right_298,exact,A,A,explicit_option,559aead08264d5795d3909718cdd05abd49572e84fe55590eef31a88a08fdffd
1081,G_63029_right_1591,exact,B,B,explicit_option,df7e70e5021544f4834bbee64a9e3789febc4be81470df629cad6ddb03320a5c
1082,I_32467_57833_right_x,exact,B,B,explicit_option,df7e70e5021544f4834bbee64a9e3789febc4be81470df629cad6ddb03320a5c
1083,G_44595_left_691,exact,B,B,explicit_option,df7e70e5021544f4834bbee64a9e3789febc4be81470df629cad6ddb03320a5c
1084,D_69658_193,exact,B,B,explicit_option,df7e70e5021544f4834bbee64a9e3789febc4be81470df629cad6ddb03320a5c
1085,G_32467_right_525,exact,B,B,explicit_option,df7e70e5021544f4834bbee64a9e3789febc4be81470df629cad6ddb03320a5c
1086,D_87757_242,exact,B,B,explicit_option,df7e70e5021544f4834bbee64a9e3789febc4be81470df629cad6ddb03320a5c
1087,I_24101_47904_left_x,exact,B,B,explicit_option,df7e70e5021544f4834bbee64a9e3789febc4be81470df629cad6ddb03320a5c
1088,G_24101_left_288,exact,A,A,explicit_option,559aead08264d5795d3909718cdd05abd49572e84fe55590eef31a88a08fdffd
1089,D_32467_57,exact,B,B,explicit_option,df7e70e5021544f4834bbee64a9e3789febc4be81470df629cad6ddb03320a5c
1090,D_43210_69,exact,B,B,explicit_option,df7e70e5021544f4834bbee64a9e3789febc4be81470df629cad6ddb03320a5c
1091,D_69658_202,exact,A,A,explicit_option,559aead08264d5795d3909718cdd05abd49572e84fe55590eef31a88a08fdffd
1092,G_58793_left_1388,exact,A,A,explicit_option,559aead08264d5795d3909718cdd05abd49572e84fe55590eef31a88a08fdffd
1093,D_63029_165,exact,B,B,explicit_option,df7e70e5021544f4834bbee64a9e3789febc4be81470df629cad6ddb03320a5c
1094,I_87757_89171_left_x,exact,B,B,explicit_option,df7e70e5021544f4834bbee64a9e3789febc4be81470df629cad6ddb03320a5c
1095,G_76957_left_2106,exact,B,B,explicit_option,df7e70e5021544f4834bbee64a9e3789febc4be81470df629cad6ddb03320a5c
1096,G_89171_left_2487,exact,B,B,explicit_option,df7e70e5021544f4834bbee64a9e3789febc4be81470df629cad6ddb03320a5c
1097,I_27295_65052_left_s,exact,A,A,explicit_option,559aead08264d5795d3909718cdd05abd49572e84fe55590eef31a88a08fdffd
1098,G_58793_right_1452,exact,A,A,explicit_option,559aead08264d5795d3909718cdd05abd49572e84fe55590eef31a88a08fdffd
1099,I_74850_89171_left_x,exact,B,B,explicit_option,df7e70e5021544f4834bbee64a9e3789febc4be81470df629cad6ddb03320a5c
1100,D_57833_122,exact,B,B,explicit_option,df7e70e5021544f4834bbee64a9e3789febc4be81470df629cad6ddb03320a5c
1101,D_27295_38,exact,B,B,explicit_option,df7e70e5021544f4834bbee64a9e3789febc4be81470df629cad6ddb03320a5c
1102,I_20294_99775_right_s,exact,B,B,explicit_option,df7e70e5021544f4834bbee64a9e3789febc4be81470df629cad6ddb03320a5c
1103,I_27295_44595_left_s,exact,A,A,explicit_option,559aead08264d5795d3909718cdd05abd49572e84fe55590eef31a88a08fdffd
1104,G_43210_left_608,exact,A,A,explicit_option,559aead08264d5795d3909718cdd05abd49572e84fe55590eef31a88a08fdffd
1105,D_14493_0,exact,B,B,explicit_option,df7e70e5021544f4834bbee64a9e3789febc4be81470df629cad6ddb03320a5c
1106,D_58793_145,exact,B,B,explicit_option,df7e70e5021544f4834bbee64a9e3789febc4be81470df629cad6ddb03320a5c
1107,I_20294_57145_left_x,exact,B,B,explicit_option,df7e70e5021544f4834bbee64a9e3789febc4be81470df629cad6ddb03320a5c
1108,I_65052_96608_right_s,exact,B,B,explicit_option,df7e70e5021544f4834bbee64a9e3789febc4be81470df629cad6ddb03320a5c
1109,G_20294_left_151,exact,B,B,explicit_option,df7e70e5021544f4834bbee64a9e3789febc4be81470df629cad6ddb03320a5c
1110,G_74850_right_2052,exact,B,B,explicit_option,df7e70e5021544f4834bbee64a9e3789febc4be81470df629cad6ddb03320a5c
1111,G_14493_left_45,exact,B,B,explicit_option,df7e70e5021544f4834bbee64a9e3789febc4be81470df629cad6ddb03320a5c
1112,D_87757_246,exact,B,B,explicit_option,df7e70e5021544f4834bbee64a9e3789febc4be81470df629cad6ddb03320a5c
1113,G_87757_left_2352,exact,B,B,explicit_option,df7e70e5021544f4834bbee64a9e3789febc4be81470df629cad6ddb03320a5c
1114,D_83742_235,exact,B,B,explicit_option,df7e70e5021544f4834bbee64a9e3789febc4be81470df629cad6ddb03320a5c
1115,D_57145_116,exact,B,B,explicit_option,df7e70e5021544f4834bbee64a9e3789febc4be81470df629cad6ddb03320a5c
1116,I_76957_93812_left_x,exact,B,B,explicit_option,df7e70e5021544f4834bbee64a9e3789febc4be81470df629cad6ddb03320a5c
1117,I_32467_69658_right_s,exact,A,A,explicit_option,559aead08264d5795d3909718cdd05abd49572e84fe55590eef31a88a08fdffd
1118,D_32467_49,exact,B,B,explicit_option,df7e70e5021544f4834bbee64a9e3789febc4be81470df629cad6ddb03320a5c
1119,D_14493_4,exact,B,B,explicit_option,df7e70e5021544f4834bbee64a9e3789febc4be81470df629cad6ddb03320a5c
1120,G_83742_right_2320,exact,B,B,explicit_option,df7e70e5021544f4834bbee64a9e3789febc4be81470df629cad6ddb03320a5c
1121,I_20294_63029_left_x,exact,B,B,explicit_option,df7e70e5021544f4834bbee64a9e3789febc4be81470df629cad6ddb03320a5c
1122,D_65052_183,exact,A,A,explicit_option,559aead08264d5795d3909718cdd05abd49572e84fe55590eef31a88a08fdffd
1123,I_32467_44595_right_x,exact,B,B,explicit_option,df7e70e5021544f4834bbee64a9e3789febc4be81470df629cad6ddb03320a5c
1124,I_24101_56583_right_x,exact,B,B,explicit_option,df7e70e5021544f4834bbee64a9e3789febc4be81470df629cad6ddb03320a5c
1125,I_93812_99775_left_x,exact,B,B,explicit_option,df7e70e5021544f4834bbee64a9e3789febc4be81470df629cad6ddb03320a5c
1126,I_14493_93812_left_x,exact,B,B,explicit_option,df7e70e5021544f4834bbee64a9e3789febc4be81470df629cad6ddb03320a5c
1127,I_63029_74850_left_x,exact,B,B,explicit_option,df7e70e5021544f4834bbee64a9e3789febc4be81470df629cad6ddb03320a5c
1128,I_47904_65052_left_s,exact,B,B,explicit_option,df7e70e5021544f4834bbee64a9e3789febc4be81470df629cad6ddb03320a5c
1129,I_57145_96608_left_s,exact,B,B,explicit_option,df7e70e5021544f4834bbee64a9e3789febc4be81470df629cad6ddb03320a5c
1130,G_89171_left_2480,exact,B,B,explicit_option,df7e70e5021544f4834bbee64a9e3789febc4be81470df629cad6ddb03320a5c
1131,G_58793_left_1420,exact,B,B,explicit_option,df7e70e5021544f4834bbee64a9e3789febc4be81470df629cad6ddb03320a5c
1132,I_27295_99775_left_s,exact,A,A,explicit_option,559aead08264d5795d3909718cdd05abd49572e84fe55590eef31a88a08fdffd
1133,I_27295_58793_left_s,exact,A,A,explicit_option,559aead08264d5795d3909718cdd05abd49572e84fe55590eef31a88a08fdffd
1134,I_14493_58398_left_x,exact,B,B,explicit_option,df7e70e5021544f4834bbee64a9e3789febc4be81470df629cad6ddb03320a5c
1135,I_27295_44595_right_s,exact,B,B,explicit_option,df7e70e5021544f4834bbee64a9e3789febc4be81470df629cad6ddb03320a5c
1136,I_27295_47904_right_x,exact,B,B,explicit_option,df7e70e5021544f4834bbee64a9e3789febc4be81470df629cad6ddb03320a5c
1137,I_76957_89171_right_s,exact,A,A,explicit_option,559aead08264d5795d3909718cdd05abd49572e84fe55590eef31a88a08fdffd
1138,I_58398_63029_right_s,exact,B,B,explicit_option,df7e70e5021544f4834bbee64a9e3789febc4be81470df629cad6ddb03320a5c
1139,I_20294_56583_right_s,exact,A,A,explicit_option,559aead08264d5795d3909718cdd05abd49572e84fe55590eef31a88a08fdffd
1140,D_93812_274,exact,B,B,explicit_option,df7e70e5021544f4834bbee64a9e3789febc4be81470df629cad6ddb03320a5c
1141,D_74850_212,exact,A,A,explicit_option,559aead08264d5795d3909718cdd05abd49572e84fe55590eef31a88a08fdffd
1142,I_58398_99775_right_s,exact,A,A,explicit_option,559aead08264d5795d3909718cdd05abd49572e84fe55590eef31a88a08fdffd
1143,G_56583_left_887,exact,B,B,explicit_option,df7e70e5021544f4834bbee64a9e3789febc4be81470df629cad6ddb03320a5c
1144,G_58793_right_1469,exact,B,B,explicit_option,df7e70e5021544f4834bbee64a9e3789febc4be81470df629cad6ddb03320a5c
1145,G_99775_left_2857,exact,B,B,explicit_option,df7e70e5021544f4834bbee64a9e3789febc4be81470df629cad6ddb03320a5c
1146,I_44595_47904_left_x,exact,B,B,explicit_option,df7e70e5021544f4834bbee64a9e3789febc4be81470df629cad6ddb03320a5c
1147,G_57145_right_1036,exact,A,A,explicit_option,559aead08264d5795d3909718cdd05abd49572e84fe55590eef31a88a08fdffd
1148,G_43210_right_650,exact,B,B,explicit_option,df7e70e5021544f4834bbee64a9e3789febc4be81470df629cad6ddb03320a5c
1149,I_32467_58398_left_x,exact,B,B,explicit_option,df7e70e5021544f4834bbee64a9e3789febc4be81470df629cad6ddb03320a5c
1150,I_27295_57145_right_x,exact,B,B,explicit_option,df7e70e5021544f4834bbee64a9e3789febc4be81470df629cad6ddb03320a5c
1151,D_65030_175,exact,B,B,explicit_option,df7e70e5021544f4834bbee64a9e3789febc4be81470df629cad6ddb03320a5c
1152,G_58793_right_1451,exact,B,B,explicit_option,df7e70e5021544f4834bbee64a9e3789febc4be81470df629cad6ddb03320a5c
1153,D_96608_276,exact,B,B,explicit_option,df7e70e5021544f4834bbee64a9e3789febc4be81470df629cad6ddb03320a5c
1154,G_58793_right_1446,exact,B,B,explicit_option,df7e70e5021544f4834bbee64a9e3789febc4be81470df629cad6ddb03320a5c
1155,G_63029_left_1489,exact,B,B,explicit_option,df7e70e5021544f4834bbee64a9e3789febc4be81470df629cad6ddb03320a5c
1156,G_14493_left_41,exact,B,B,explicit_option,df7e70e5021544f4834bbee64a9e3789febc4be81470df629cad6ddb03320a5c
1157,I_24101_43210_left_x,exact,B,B,explicit_option,df7e70e5021544f4834bbee64a9e3789febc4be81470df629cad6ddb03320a5c
1158,G_93812_right_2695,exact,A,A,explicit_option,559aead08264d5795d3909718cdd05abd49572e84fe55590eef31a88a08fdffd
1159,D_57833_130,exact,B,B,explicit_option,df7e70e5021544f4834bbee64a9e3789febc4be81470df629cad6ddb03320a5c
1160,I_74850_99775_left_x,exact,B,B,explicit_option,df7e70e5021544f4834bbee64a9e3789febc4be81470df629cad6ddb03320a5c
1161,G_96608_left_2709,exact,A,A,explicit_option,559aead08264d5795d3909718cdd05abd49572e84fe55590eef31a88a08fdffd
1162,G_57145_left_1033,exact,B,B,explicit_option,df7e70e5021544f4834bbee64a9e3789febc4be81470df629cad6ddb03320a5c
1163,I_58793_74850_right_s,exact,B,B,explicit_option,df7e70e5021544f4834bbee64a9e3789febc4be81470df629cad6ddb03320a5c
1164,D_14493_6,exact,A,A,explicit_option,559aead08264d5795d3909718cdd05abd49572e84fe55590eef31a88a08fdffd
1165,D_76957_218,exact,A,A,explicit_option,559aead08264d5795d3909718cdd05abd49572e84fe55590eef31a88a08fdffd
1166,G_63029_left_1521,exact,A,A,explicit_option,559aead08264d5795d3909718cdd05abd49572e84fe55590eef31a88a08fdffd
1167,I_20294_58793_right_x,exact,A,A,explicit_option,559aead08264d5795d3909718cdd05abd49572e84fe55590eef31a88a08fdffd
1168,D_47904_86,exact,B,B,explicit_option,df7e70e5021544f4834bbee64a9e3789febc4be81470df629cad6ddb03320a5c
1169,I_14493_65052_left_s,exact,B,B,explicit_option,df7e70e5021544f4834bbee64a9e3789febc4be81470df629cad6ddb03320a5c
1170,I_44595_65030_left_x,exact,B,B,explicit_option,df7e70e5021544f4834bbee64a9e3789febc4be81470df629cad6ddb03320a5c
1171,I_57145_83742_left_x,exact,B,B,explicit_option,df7e70e5021544f4834bbee64a9e3789febc4be81470df629cad6ddb03320a5c
1172,G_65052_right_1842,exact,B,B,explicit_option,df7e70e5021544f4834bbee64a9e3789febc4be81470df629cad6ddb03320a5c
1173,G_63029_left_1508,exact,B,B,explicit_option,df7e70e5021544f4834bbee64a9e3789febc4be81470df629cad6ddb03320a5c
1174,G_27295_right_378,exact,B,B,explicit_option,df7e70e5021544f4834bbee64a9e3789febc4be81470df629cad6ddb03320a5c
1175,G_47904_left_817,exact,A,A,explicit_option,559aead08264d5795d3909718cdd05abd49572e84fe55590eef31a88a08fdffd
1176,D_87757_247,exact,B,B,explicit_option,df7e70e5021544f4834bbee64a9e3789febc4be81470df629cad6ddb03320a5c
1177,G_57833_left_1131,exact,B,B,explicit_option,df7e70e5021544f4834bbee64a9e3789febc4be81470df629cad6ddb03320a5c
1178,I_43210_57833_right_s,exact,A,A,explicit_option,559aead08264d5795d3909718cdd05abd49572e84fe55590eef31a88a08fdffd
1179,G_44595_right_800,exact,B,B,explicit_option,df7e70e5021544f4834bbee64a9e3789febc4be81470df629cad6ddb03320a5c
1180,I_14493_83742_right_s,exact,A,A,explicit_option,559aead08264d5795d3909718cdd05abd49572e84fe55590eef31a88a08fdffd
1181,D_44595_78,exact,B,B,explicit_option,df7e70e5021544f4834bbee64a9e3789febc4be81470df629cad6ddb03320a5c
1182,G_57145_left_967,exact,B,B,explicit_option,df7e70e5021544f4834bbee64a9e3789febc4be81470df629cad6ddb03320a5c
1183,D_20294_13,exact,B,B,explicit_option,df7e70e5021544f4834bbee64a9e3789febc4be81470df629cad6ddb03320a5c
1184,D_87757_243,exact,B,B,explicit_option,df7e70e5021544f4834bbee64a9e3789febc4be81470df629cad6ddb03320a5c
1185,G_65030_right_1684,exact,A,A,explicit_option,559aead08264d5795d3909718cdd05abd49572e84fe55590eef31a88a08fdffd
1186,I_32467_43210_left_x,exact,B,B,explicit_option,df7e70e5021544f4834bbee64a9e3789febc4be81470df629cad6ddb03320a5c
1187,G_57145_right_1102,exact,A,A,explicit_option,559aead08264d5795d3909718cdd05abd49572e84fe55590eef31a88a08fdffd
1188,I_44595_47904_right_s,exact,A,A,explicit_option,559aead08264d5795d3909718cdd05abd49572e84fe55590eef31a88a08fdffd
1189,G_83742_right_2298,exact,B,B,explicit_option,df7e70e5021544f4834bbee64a9e3789febc4be81470df629cad6ddb03320a5c
1190,G_99775_right_2910,exact,B,B,explicit_option,df7e70e5021544f4834bbee64a9e3789febc4be81470df629cad6ddb03320a5c
1191,I_65052_99775_left_s,exact,A,A,explicit_option,559aead08264d5795d3909718cdd05abd49572e84fe55590eef31a88a08fdffd
1192,G_58793_right_1448,exact,B,B,explicit_option,df7e70e5021544f4834bbee64a9e3789febc4be81470df629cad6ddb03320a5c
1193,I_83742_87757_left_s,exact,B,B,explicit_option,df7e70e5021544f4834bbee64a9e3789febc4be81470df629cad6ddb03320a5c
1194,D_99775_288,exact,B,B,explicit_option,df7e70e5021544f4834bbee64a9e3789febc4be81470df629cad6ddb03320a5c
1195,G_83742_right_2327,exact,B,B,explicit_option,df7e70e5021544f4834bbee64a9e3789febc4be81470df629cad6ddb03320a5c
1196,G_24101_left_290,exact,B,B,explicit_option,df7e70e5021544f4834bbee64a9e3789febc4be81470df629cad6ddb03320a5c
1197,G_83742_left_2251,exact,B,B,explicit_option,df7e70e5021544f4834bbee64a9e3789febc4be81470df629cad6ddb03320a5c
1198,D_96608_287,exact,A,A,explicit_option,559aead08264d5795d3909718cdd05abd49572e84fe55590eef31a88a08fdffd
1199,G_58793_left_1416,exact,A,A,explicit_option,559aead08264d5795d3909718cdd05abd49572e84fe55590eef31a88a08fdffd
1200,I_14493_69658_left_s,exact,B,B,explicit_option,df7e70e5021544f4834bbee64a9e3789febc4be81470df629cad6ddb03320a5c
1201,I_47904_58793_left_x,exact,B,B,explicit_option,df7e70e5021544f4834bbee64a9e3789febc4be81470df629cad6ddb03320a5c
1202,D_20294_21,exact,B,B,explicit_option,df7e70e5021544f4834bbee64a9e3789febc4be81470df629cad6ddb03320a5c
1203,I_27295_63029_right_s,exact,B,B,explicit_option,df7e70e5021544f4834bbee64a9e3789febc4be81470df629cad6ddb03320a5c
1204,I_14493_76957_left_x,exact,B,B,explicit_option,df7e70e5021544f4834bbee64a9e3789febc4be81470df629cad6ddb03320a5c
1205,G_57145_left_1008,exact,A,A,explicit_option,559aead08264d5795d3909718cdd05abd49572e84fe55590eef31a88a08fdffd
1206,G_27295_right_411,exact,B,B,explicit_option,df7e70e5021544f4834bbee64a9e3789febc4be81470df629cad6ddb03320a5c
1207,D_44595_77,exact,B,B,explicit_option,df7e70e5021544f4834bbee64a9e3789febc4be81470df629cad6ddb03320a5c
1208,G_57833_right_1199,exact,B,B,explicit_option,df7e70e5021544f4834bbee64a9e3789febc4be81470df629cad6ddb03320a5c
1209,D_24101_27,exact,A,A,explicit_option,559aead08264d5795d3909718cdd05abd49572e84fe55590eef31a88a08fdffd
1210,G_96608_left_2707,exact,B,B,explicit_option,df7e70e5021544f4834bbee64a9e3789febc4be81470df629cad6ddb03320a5c
1211,I_58793_63029_right_x,exact,B,B,explicit_option,df7e70e5021544f4834bbee64a9e3789febc4be81470df629cad6ddb03320a5c
1212,G_32467_right_511,exact,B,B,explicit_option,df7e70e5021544f4834bbee64a9e3789febc4be81470df629cad6ddb03320a5c
1213,G_89171_left_2521,exact,B,B,explicit_option,df7e70e5021544f4834bbee64a9e3789febc4be81470df629cad6ddb03320a5c
1214,G_63029_right_1612,exact,B,B,explicit_option,df7e70e5021544f4834bbee64a9e3789febc4be81470df629cad6ddb03320a5c
1215,I_32467_99775_left_x,exact,B,B,explicit_option,df7e70e5021544f4834bbee64a9e3789febc4be81470df629cad6ddb03320a5c
1216,I_65030_96608_left_s,exact,B,B,explicit_option,df7e70e5021544f4834bbee64a9e3789febc4be81470df629cad6ddb03320a5c
1217,I_24101_47904_right_s,exact,A,A,explicit_option,559aead08264d5795d3909718cdd05abd49572e84fe55590eef31a88a08fdffd
1218,G_65030_left_1679,exact,A,A,explicit_option,559aead08264d5795d3909718cdd05abd49572e84fe55590eef31a88a08fdffd
1219,I_89171_99775_left_x,exact,B,B,explicit_option,df7e70e5021544f4834bbee64a9e3789febc4be81470df629cad6ddb03320a5c
1220,I_58793_76957_right_x,exact,B,B,explicit_option,df7e70e5021544f4834bbee64a9e3789febc4be81470df629cad6ddb03320a5c
1221,I_44595_57145_left_x,exact,B,B,explicit_option,df7e70e5021544f4834bbee64a9e3789febc4be81470df629cad6ddb03320a5c
1222,G_58793_left_1379,exact,B,B,explicit_option,df7e70e5021544f4834bbee64a9e3789febc4be81470df629cad6ddb03320a5c
1223,G_74850_right_2038,exact,B,B,explicit_option,df7e70e5021544f4834bbee64a9e3789febc4be81470df629cad6ddb03320a5c
1224,G_47904_right_833,exact,A,A,explicit_option,559aead08264d5795d3909718cdd05abd49572e84fe55590eef31a88a08fdffd
1225,I_47904_87757_left_s,exact,B,B,explicit_option,df7e70e5021544f4834bbee64a9e3789febc4be81470df629cad6ddb03320a5c
1226,I_47904_63029_left_x,exact,A,A,explicit_option,559aead08264d5795d3909718cdd05abd49572e84fe55590eef31a88a08fdffd
1227,D_57145_109,exact,B,B,explicit_option,df7e70e5021544f4834bbee64a9e3789febc4be81470df629cad6ddb03320a5c
1228,G_14493_right_83,exact,B,B,explicit_option,df7e70e5021544f4834bbee64a9e3789febc4be81470df629cad6ddb03320a5c
1229,D_69658_203,exact,B,B,explicit_option,df7e70e5021544f4834bbee64a9e3789febc4be81470df629cad6ddb03320a5c
1230,D_27295_44,exact,B,B,explicit_option,df7e70e5021544f4834bbee64a9e3789febc4be81470df629cad6ddb03320a5c
1231,G_58793_right_1441,exact,B,B,explicit_option,df7e70e5021544f4834bbee64a9e3789febc4be81470df629cad6ddb03320a5c
1232,G_96608_left_2757,exact,A,A,explicit_option,559aead08264d5795d3909718cdd05abd49572e84fe55590eef31a88a08fdffd
1233,G_47904_left_818,exact,B,B,explicit_option,df7e70e5021544f4834bbee64a9e3789febc4be81470df629cad6ddb03320a5c
1234,G_89171_right_2534,exact,A,A,explicit_option,559aead08264d5795d3909718cdd05abd49572e84fe55590eef31a88a08fdffd
1235,G_58398_right_1332,exact,B,B,explicit_option,df7e70e5021544f4834bbee64a9e3789febc4be81470df629cad6ddb03320a5c
1236,D_74850_213,exact,B,B,explicit_option,df7e70e5021544f4834bbee64a9e3789febc4be81470df629cad6ddb03320a5c
1237,D_89171_252,exact,B,B,explicit_option,df7e70e5021544f4834bbee64a9e3789febc4be81470df629cad6ddb03320a5c
1238,D_96608_284,exact,B,B,explicit_option,df7e70e5021544f4834bbee64a9e3789febc4be81470df629cad6ddb03320a5c
1239,G_20294_right_243,exact,A,A,explicit_option,559aead08264d5795d3909718cdd05abd49572e84fe55590eef31a88a08fdffd
1240,D_65030_177,exact,B,B,explicit_option,df7e70e5021544f4834bbee64a9e3789febc4be81470df629cad6ddb03320a5c
1241,I_32467_58398_right_s,exact,B,B,explicit_option,df7e70e5021544f4834bbee64a9e3789febc4be81470df629cad6ddb03320a5c
1242,G_56583_right_939,exact,B,B,explicit_option,df7e70e5021544f4834bbee64a9e3789febc4be81470df629cad6ddb03320a5c
1243,D_32467_51,exact,B,B,explicit_option,df7e70e5021544f4834bbee64a9e3789febc4be81470df629cad6ddb03320a5c
1244,G_20294_left_167,exact,B,B,explicit_option,df7e70e5021544f4834bbee64a9e3789febc4be81470df629cad6ddb03320a5c
1245,G_58793_left_1374,exact,A,A,explicit_option,559aead08264d5795d3909718cdd05abd49572e84fe55590eef31a88a08fdffd
1246,I_47904_58398_right_x,exact,B,B,explicit_option,df7e70e5021544f4834bbee64a9e3789febc4be81470df629cad6ddb03320a5c
1247,G_56583_right_904,exact,B,B,explicit_option,df7e70e5021544f4834bbee64a9e3789febc4be81470df629cad6ddb03320a5c
1248,I_58793_96608_left_s,exact,B,B,explicit_option,df7e70e5021544f4834bbee64a9e3789febc4be81470df629cad6ddb03320a5c
1249,I_14493_44595_left_x,exact,B,B,explicit_option,df7e70e5021544f4834bbee64a9e3789febc4be81470df629cad6ddb03320a5c
1250,G_89171_left_2514,exact,A,A,explicit_option,559aead08264d5795d3909718cdd05abd49572e84fe55590eef31a88a08fdffd
1251,I_65030_76957_left_x,exact,B,B,explicit_option,df7e70e5021544f4834bbee64a9e3789febc4be81470df629cad6ddb03320a5c
1252,G_44595_left_709,exact,B,B,explicit_option,df7e70e5021544f4834bbee64a9e3789febc4be81470df629cad6ddb03320a5c
1253,G_58793_right_1457,exact,A,A,explicit_option,559aead08264d5795d3909718cdd05abd49572e84fe55590eef31a88a08fdffd
1254,G_44595_left_756,exact,A,A,explicit_option,559aead08264d5795d3909718cdd05abd49572e84fe55590eef31a88a08fdffd
1255,G_69658_left_1871,exact,B,B,explicit_option,df7e70e5021544f4834bbee64a9e3789febc4be81470df629cad6ddb03320a5c
1256,D_43210_60,exact,A,A,explicit_option,559aead08264d5795d3909718cdd05abd49572e84fe55590eef31a88a08fdffd
1257,I_69658_89171_right_s,exact,B,B,explicit_option,df7e70e5021544f4834bbee64a9e3789febc4be81470df629cad6ddb03320a5c
1258,G_65052_left_1733,exact,B,B,explicit_option,df7e70e5021544f4834bbee64a9e3789febc4be81470df629cad6ddb03320a5c
1259,G_65030_left_1636,exact,B,B,explicit_option,df7e70e5021544f4834bbee64a9e3789febc4be81470df629cad6ddb03320a5c
1260,I_47904_56583_right_s,exact,A,A,explicit_option,559aead08264d5795d3909718cdd05abd49572e84fe55590eef31a88a08fdffd
1261,G_20294_right_287,exact,A,A,explicit_option,559aead08264d5795d3909718cdd05abd49572e84fe55590eef31a88a08fdffd
1262,G_99775_left_2888,exact,A,A,explicit_option,559aead08264d5795d3909718cdd05abd49572e84fe55590eef31a88a08fdffd
1263,G_65052_right_1799,exact,B,B,explicit_option,df7e70e5021544f4834bbee64a9e3789febc4be81470df629cad6ddb03320a5c
1264,I_57145_65030_right_x,exact,B,B,explicit_option,df7e70e5021544f4834bbee64a9e3789febc4be81470df629cad6ddb03320a5c
1265,I_56583_58398_left_x,exact,B,B,explicit_option,df7e70e5021544f4834bbee64a9e3789febc4be81470df629cad6ddb03320a5c
1266,G_69658_left_1864,exact,A,A,explicit_option,559aead08264d5795d3909718cdd05abd49572e84fe55590eef31a88a08fdffd
1267,G_65052_left_1790,exact,A,A,explicit_option,559aead08264d5795d3909718cdd05abd49572e84fe55590eef31a88a08fdffd
1268,D_89171_261,exact,B,B,explicit_option,df7e70e5021544f4834bbee64a9e3789febc4be81470df629cad6ddb03320a5c
1269,I_32467_58398_right_x,exact,B,B,explicit_option,df7e70e5021544f4834bbee64a9e3789febc4be81470df629cad6ddb03320a5c
1270,G_65052_right_1847,exact,B,B,explicit_option,df7e70e5021544f4834bbee64a9e3789febc4be81470df629cad6ddb03320a5c
1271,I_58398_96608_right_x,exact,B,B,explicit_option,df7e70e5021544f4834bbee64a9e3789febc4be81470df629cad6ddb03320a5c
1272,G_56583_left_868,exact,A,A,explicit_option,559aead08264d5795d3909718cdd05abd49572e84fe55590eef31a88a08fdffd
1273,D_99775_291,exact,B,B,explicit_option,df7e70e5021544f4834bbee64a9e3789febc4be81470df629cad6ddb03320a5c
1274,D_58793_144,exact,B,B,explicit_option,df7e70e5021544f4834bbee64a9e3789febc4be81470df629cad6ddb03320a5c
1275,I_65030_83742_right_s,exact,A,A,explicit_option,559aead08264d5795d3909718cdd05abd49572e84fe55590eef31a88a08fdffd
1276,I_24101_87757_left_x,exact,B,B,explicit_option,df7e70e5021544f4834bbee64a9e3789febc4be81470df629cad6ddb03320a5c
1277,G_87757_left_2353,exact,B,B,explicit_option,df7e70e5021544f4834bbee64a9e3789febc4be81470df629cad6ddb03320a5c
1278,I_32467_83742_left_x,exact,B,B,explicit_option,df7e70e5021544f4834bbee64a9e3789febc4be81470df629cad6ddb03320a5c
1279,G_63029_right_1623,exact,B,B,explicit_option,df7e70e5021544f4834bbee64a9e3789febc4be81470df629cad6ddb03320a5c
1280,I_58793_99775_left_s,exact,B,B,explicit_option,df7e70e5021544f4834bbee64a9e3789febc4be81470df629cad6ddb03320a5c
1281,D_14493_7,exact,A,A,explicit_option,559aead08264d5795d3909718cdd05abd49572e84fe55590eef31a88a08fdffd
1282,G_74850_right_2039,exact,B,B,explicit_option,df7e70e5021544f4834bbee64a9e3789febc4be81470df629cad6ddb03320a5c
1283,G_96608_left_2698,exact,A,A,explicit_option,559aead08264d5795d3909718cdd05abd49572e84fe55590eef31a88a08fdffd
1284,D_57833_121,exact,B,B,explicit_option,df7e70e5021544f4834bbee64a9e3789febc4be81470df629cad6ddb03320a5c
1285,D_63029_157,exact,A,A,explicit_option,559aead08264d5795d3909718cdd05abd49572e84fe55590eef31a88a08fdffd
1286,I_24101_65052_right_x,exact,B,B,explicit_option,df7e70e5021544f4834bbee64a9e3789febc4be81470df629cad6ddb03320a5c
1287,G_74850_right_2072,exact,B,B,explicit_option,df7e70e5021544f4834bbee64a9e3789febc4be81470df629cad6ddb03320a5c
1288,I_20294_74850_left_x,exact,A,A,explicit_option,559aead08264d5795d3909718cdd05abd49572e84fe55590eef31a88a08fdffd
1289,D_32467_53,exact,B,B,explicit_option,df7e70e5021544f4834bbee64a9e3789febc4be81470df629cad6ddb03320a5c
1290,D_56583_98,exact,A,A,explicit_option,559aead08264d5795d3909718cdd05abd49572e84fe55590eef31a88a08fdffd
1291,G_93812_left_2595,exact,A,A,explicit_option,559aead08264d5795d3909718cdd05abd49572e84fe55590eef31a88a08fdffd
1292,I_56583_63029_right_s,exact,B,B,explicit_option,df7e70e5021544f4834bbee64a9e3789febc4be81470df629cad6ddb03320a5c
1293,D_83742_234,exact,B,B,explicit_option,df7e70e5021544f4834bbee64a9e3789febc4be81470df629cad6ddb03320a5c
1294,D_14493_10,exact,B,B,explicit_option,df7e70e5021544f4834bbee64a9e3789febc4be81470df629cad6ddb03320a5c
1295,I_24101_58398_left_x,exact,B,B,explicit_option,df7e70e5021544f4834bbee64a9e3789febc4be81470df629cad6ddb03320a5c
1296,G_20294_left_197,exact,B,B,explicit_option,df7e70e5021544f4834bbee64a9e3789febc4be81470df629cad6ddb03320a5c
1297,G_93812_left_2638,exact,B,B,explicit_option,df7e70e5021544f4834bbee64a9e3789febc4be81470df629cad6ddb03320a5c
1298,G_65052_left_1746,exact,A,A,explicit_option,559aead08264d5795d3909718cdd05abd49572e84fe55590eef31a88a08fdffd
1299,G_99775_left_2880,exact,B,B,explicit_option,df7e70e5021544f4834bbee64a9e3789febc4be81470df629cad6ddb03320a5c
1300,G_83742_left_2266,exact,A,A,explicit_option,559aead08264d5795d3909718cdd05abd49572e84fe55590eef31a88a08fdffd
1301,I_14493_65052_right_s,exact,A,A,explicit_option,559aead08264d5795d3909718cdd05abd49572e84fe55590eef31a88a08fdffd
1302,G_14493_right_118,exact,A,A,explicit_option,559aead08264d5795d3909718cdd05abd49572e84fe55590eef31a88a08fdffd
1303,D_56583_97,exact,B,B,explicit_option,df7e70e5021544f4834bbee64a9e3789febc4be81470df629cad6ddb03320a5c
1304,G_43210_left_605,exact,A,A,explicit_option,559aead08264d5795d3909718cdd05abd49572e84fe55590eef31a88a08fdffd
1305,D_57833_129,exact,B,B,explicit_option,df7e70e5021544f4834bbee64a9e3789febc4be81470df629cad6ddb03320a5c
1306,I_63029_93812_left_s,exact,A,A,explicit_option,559aead08264d5795d3909718cdd05abd49572e84fe55590eef31a88a08fdffd
1307,D_43210_68,exact,B,B,explicit_option,df7e70e5021544f4834bbee64a9e3789febc4be81470df629cad6ddb03320a5c
1308,I_56583_76957_left_s,exact,A,A,explicit_option,559aead08264d5795d3909718cdd05abd49572e84fe55590eef31a88a08fdffd
1309,G_58398_right_1319,exact,B,B,explicit_option,df7e70e5021544f4834bbee64a9e3789febc4be81470df629cad6ddb03320a5c
1310,G_93812_right_2642,exact,A,A,explicit_option,559aead08264d5795d3909718cdd05abd49572e84fe55590eef31a88a08fdffd
1311,I_76957_83742_left_x,exact,B,B,explicit_option,df7e70e5021544f4834bbee64a9e3789febc4be81470df629cad6ddb03320a5c
1312,G_47904_left_823,exact,B,B,explicit_option,df7e70e5021544f4834bbee64a9e3789febc4be81470df629cad6ddb03320a5c
1313,I_20294_74850_right_s,exact,B,B,explicit_option,df7e70e5021544f4834bbee64a9e3789febc4be81470df629cad6ddb03320a5c
1314,I_76957_93812_left_s,exact,A,A,explicit_option,559aead08264d5795d3909718cdd05abd49572e84fe55590eef31a88a08fdffd
1315,D_32467_55,exact,B,B,explicit_option,df7e70e5021544f4834bbee64a9e3789febc4be81470df629cad6ddb03320a5c
1316,D_57145_111,exact,A,A,explicit_option,559aead08264d5795d3909718cdd05abd49572e84fe55590eef31a88a08fdffd
1317,D_74850_206,exact,B,B,explicit_option,df7e70e5021544f4834bbee64a9e3789febc4be81470df629cad6ddb03320a5c
1318,G_14493_left_5,exact,B,B,explicit_option,df7e70e5021544f4834bbee64a9e3789febc4be81470df629cad6ddb03320a5c
1319,G_57833_left_1129,exact,B,B,explicit_option,df7e70e5021544f4834bbee64a9e3789febc4be81470df629cad6ddb03320a5c
1320,I_47904_96608_left_x,exact,B,B,explicit_option,df7e70e5021544f4834bbee64a9e3789febc4be81470df629cad6ddb03320a5c
1321,D_83742_238,exact,B,B,explicit_option,df7e70e5021544f4834bbee64a9e3789febc4be81470df629cad6ddb03320a5c
1322,G_89171_right_2585,exact,A,A,explicit_option,559aead08264d5795d3909718cdd05abd49572e84fe55590eef31a88a08fdffd
1323,D_57833_131,exact,B,B,explicit_option,df7e70e5021544f4834bbee64a9e3789febc4be81470df629cad6ddb03320a5c
1324,D_96608_286,exact,B,B,explicit_option,df7e70e5021544f4834bbee64a9e3789febc4be81470df629cad6ddb03320a5c
1325,G_96608_left_2699,exact,A,A,explicit_option,559aead08264d5795d3909718cdd05abd49572e84fe55590eef31a88a08fdffd
1326,G_58398_right_1331,exact,B,B,explicit_option,df7e70e5021544f4834bbee64a9e3789febc4be81470df629cad6ddb03320a5c
1327,G_99775_left_2893,exact,A,A,explicit_option,559aead08264d5795d3909718cdd05abd49572e84fe55590eef31a88a08fdffd
1328,G_58793_right_1436,exact,B,B,explicit_option,df7e70e5021544f4834bbee64a9e3789febc4be81470df629cad6ddb03320a5c
1329,D_57833_125,exact,B,B,explicit_option,df7e70e5021544f4834bbee64a9e3789febc4be81470df629cad6ddb03320a5c
1330,G_27295_right_396,exact,B,B,explicit_option,df7e70e5021544f4834bbee64a9e3789febc4be81470df629cad6ddb03320a5c
1331,I_63029_74850_left_s,exact,A,A,explicit_option,559aead08264d5795d3909718cdd05abd49572e84fe55590eef31a88a08fdffd
1332,D_87757_241,exact,B,B,explicit_option,df7e70e5021544f4834bbee64a9e3789febc4be81470df629cad6ddb03320a5c
1333,D_74850_215,exact,B,B,explicit_option,df7e70e5021544f4834bbee64a9e3789febc4be81470df629cad6ddb03320a5c
1334,D_65052_189,exact,B,B,explicit_option,df7e70e5021544f4834bbee64a9e3789febc4be81470df629cad6ddb03320a5c
1335,G_83742_left_2220,exact,B,B,explicit_option,df7e70e5021544f4834bbee64a9e3789febc4be81470df629cad6ddb03320a5c
1336,G_65030_right_1690,exact,A,A,explicit_option,559aead08264d5795d3909718cdd05abd49572e84fe55590eef31a88a08fdffd
1337,G_57833_left_1147,exact,B,B,explicit_option,df7e70e5021544f4834bbee64a9e3789febc4be81470df629cad6ddb03320a5c
1338,D_87757_250,exact,B,B,explicit_option,df7e70e5021544f4834bbee64a9e3789febc4be81470df629cad6ddb03320a5c
1339,G_96608_left_2717,exact,B,B,explicit_option,df7e70e5021544f4834bbee64a9e3789febc4be81470df629cad6ddb03320a5c
1340,I_57145_83742_left_s,exact,A,A,explicit_option,559aead08264d5795d3909718cdd05abd49572e84fe55590eef31a88a08fdffd
1341,G_83742_left_2262,exact,B,B,explicit_option,df7e70e5021544f4834bbee64a9e3789febc4be81470df629cad6ddb03320a5c
1342,I_58398_87757_left_s,exact,B,B,explicit_option,df7e70e5021544f4834bbee64a9e3789febc4be81470df629cad6ddb03320a5c
1343,G_93812_left_2620,exact,B,B,explicit_option,df7e70e5021544f4834bbee64a9e3789febc4be81470df629cad6ddb03320a5c
1344,D_99775_299,exact,B,B,explicit_option,df7e70e5021544f4834bbee64a9e3789febc4be81470df629cad6ddb03320a5c
1345,D_69658_196,exact,A,A,explicit_option,559aead08264d5795d3909718cdd05abd49572e84fe55590eef31a88a08fdffd
1346,I_24101_76957_left_x,exact,B,B,explicit_option,df7e70e5021544f4834bbee64a9e3789febc4be81470df629cad6ddb03320a5c
1347,I_24101_69658_right_x,exact,B,B,explicit_option,df7e70e5021544f4834bbee64a9e3789febc4be81470df629cad6ddb03320a5c
1348,G_14493_right_108,exact,B,B,explicit_option,df7e70e5021544f4834bbee64a9e3789febc4be81470df629cad6ddb03320a5c
1349,D_24101_28,exact,A,A,explicit_option,559aead08264d5795d3909718cdd05abd49572e84fe55590eef31a88a08fdffd
1350,G_76957_right_2168,exact,B,B,explicit_option,df7e70e5021544f4834bbee64a9e3789febc4be81470df629cad6ddb03320a5c
1351,I_65030_89171_right_x,exact,B,B,explicit_option,df7e70e5021544f4834bbee64a9e3789febc4be81470df629cad6ddb03320a5c
1352,G_63029_right_1569,exact,B,B,explicit_option,df7e70e5021544f4834bbee64a9e3789febc4be81470df629cad6ddb03320a5c
1353,G_14493_left_47,exact,B,B,explicit_option,df7e70e5021544f4834bbee64a9e3789febc4be81470df629cad6ddb03320a5c
1354,G_69658_left_1861,exact,B,B,explicit_option,df7e70e5021544f4834bbee64a9e3789febc4be81470df629cad6ddb03320a5c
1355,G_74850_right_2050,exact,B,B,explicit_option,df7e70e5021544f4834bbee64a9e3789febc4be81470df629cad6ddb03320a5c
1356,G_96608_right_2784,exact,A,A,explicit_option,559aead08264d5795d3909718cdd05abd49572e84fe55590eef31a88a08fdffd
1357,D_32467_59,exact,B,B,explicit_option,df7e70e5021544f4834bbee64a9e3789febc4be81470df629cad6ddb03320a5c
1358,I_89171_99775_left_s,exact,A,A,explicit_option,559aead08264d5795d3909718cdd05abd49572e84fe55590eef31a88a08fdffd
1359,I_47904_57833_right_s,exact,B,B,explicit_option,df7e70e5021544f4834bbee64a9e3789febc4be81470df629cad6ddb03320a5c
1360,I_24101_58793_right_x,exact,A,A,explicit_option,559aead08264d5795d3909718cdd05abd49572e84fe55590eef31a88a08fdffd
1361,D_83742_236,exact,B,B,explicit_option,df7e70e5021544f4834bbee64a9e3789febc4be81470df629cad6ddb03320a5c
1362,I_58793_65052_right_x,exact,B,B,explicit_option,df7e70e5021544f4834bbee64a9e3789febc4be81470df629cad6ddb03320a5c
1363,I_20294_32467_left_x,exact,B,B,explicit_option,df7e70e5021544f4834bbee64a9e3789febc4be81470df629cad6ddb03320a5c
1364,G_65030_left_1656,exact,A,A,explicit_option,559aead08264d5795d3909718cdd05abd49572e84fe55590eef31a88a08fdffd
1365,D_76957_222,exact,B,B,explicit_option,df7e70e5021544f4834bbee64a9e3789febc4be81470df629cad6ddb03320a5c
1366,I_58793_65030_right_x,exact,B,B,explicit_option,df7e70e5021544f4834bbee64a9e3789febc4be81470df629cad6ddb03320a5c
1367,I_20294_65052_left_x,exact,B,B,explicit_option,df7e70e5021544f4834bbee64a9e3789febc4be81470df629cad6ddb03320a5c
1368,I_63029_65030_right_x,exact,B,B,explicit_option,df7e70e5021544f4834bbee64a9e3789febc4be81470df629cad6ddb03320a5c
1369,I_63029_87757_right_s,exact,A,A,explicit_option,559aead08264d5795d3909718cdd05abd49572e84fe55590eef31a88a08fdffd
1370,G_69658_right_1932,exact,B,B,explicit_option,df7e70e5021544f4834bbee64a9e3789febc4be81470df629cad6ddb03320a5c
1371,G_43210_left_551,exact,B,B,explicit_option,df7e70e5021544f4834bbee64a9e3789febc4be81470df629cad6ddb03320a5c
1372,I_24101_57145_right_x,exact,B,B,explicit_option,df7e70e5021544f4834bbee64a9e3789febc4be81470df629cad6ddb03320a5c
1373,G_32467_left_456,exact,A,A,explicit_option,559aead08264d5795d3909718cdd05abd49572e84fe55590eef31a88a08fdffd
1374,I_20294_83742_right_s,exact,B,B,explicit_option,df7e70e5021544f4834bbee64a9e3789febc4be81470df629cad6ddb03320a5c
1375,G_58398_left_1311,exact,B,B,explicit_option,df7e70e5021544f4834bbee64a9e3789febc4be81470df629cad6ddb03320a5c
1376,G_96608_right_2785,exact,B,B,explicit_option,df7e70e5021544f4834bbee64a9e3789febc4be81470df629cad6ddb03320a5c
1377,D_27295_43,exact,B,B,explicit_option,df7e70e5021544f4834bbee64a9e3789febc4be81470df629cad6ddb03320a5c
1378,G_65030_right_1714,exact,B,B,explicit_option,df7e70e5021544f4834bbee64a9e3789febc4be81470df629cad6ddb03320a5c
1379,G_20294_right_228,exact,B,B,explicit_option,df7e70e5021544f4834bbee64a9e3789febc4be81470df629cad6ddb03320a5c
1380,I_32467_47904_left_x,exact,B,B,explicit_option,df7e70e5021544f4834bbee64a9e3789febc4be81470df629cad6ddb03320a5c
1381,I_27295_58793_left_x,exact,B,B,explicit_option,df7e70e5021544f4834bbee64a9e3789febc4be81470df629cad6ddb03320a5c
1382,I_57145_58398_left_s,exact,B,B,explicit_option,df7e70e5021544f4834bbee64a9e3789febc4be81470df629cad6ddb03320a5c
1383,I_58398_83742_left_x,exact,B,B,explicit_option,df7e70e5021544f4834bbee64a9e3789febc4be81470df629cad6ddb03320a5c
1384,G_43210_right_662,exact,B,B,explicit_option,df7e70e5021544f4834bbee64a9e3789febc4be81470df629cad6ddb03320a5c
1385,I_65030_96608_left_x,exact,B,B,explicit_option,df7e70e5021544f4834bbee64a9e3789febc4be81470df629cad6ddb03320a5c
1386,G_57833_left_1171,exact,B,B,explicit_option,df7e70e5021544f4834bbee64a9e3789febc4be81470df629cad6ddb03320a5c
1387,D_83742_232,exact,B,B,explicit_option,df7e70e5021544f4834bbee64a9e3789febc4be81470df629cad6ddb03320a5c
1388,I_57145_74850_left_x,exact,B,B,explicit_option,df7e70e5021544f4834bbee64a9e3789febc4be81470df629cad6ddb03320a5c
1389,I_69658_74850_right_s,exact,B,B,explicit_option,df7e70e5021544f4834bbee64a9e3789febc4be81470df629cad6ddb03320a5c
1390,I_57145_74850_right_s,exact,B,B,explicit_option,df7e70e5021544f4834bbee64a9e3789febc4be81470df629cad6ddb03320a5c
1391,I_20294_93812_right_x,exact,B,B,explicit_option,df7e70e5021544f4834bbee64a9e3789febc4be81470df629cad6ddb03320a5c
1392,G_89171_right_2541,exact,B,B,explicit_option,df7e70e5021544f4834bbee64a9e3789febc4be81470df629cad6ddb03320a5c
1393,I_27295_65030_right_x,exact,B,B,explicit_option,df7e70e5021544f4834bbee64a9e3789febc4be81470df629cad6ddb03320a5c
1394,D_96608_278,exact,B,B,explicit_option,df7e70e5021544f4834bbee64a9e3789febc4be81470df629cad6ddb03320a5c
1395,G_69658_right_1917,exact,B,B,explicit_option,df7e70e5021544f4834bbee64a9e3789febc4be81470df629cad6ddb03320a5c
1396,G_58398_left_1297,exact,B,B,explicit_option,df7e70e5021544f4834bbee64a9e3789febc4be81470df629cad6ddb03320a5c
1397,G_27295_right_405,exact,B,B,explicit_option,df7e70e5021544f4834bbee64a9e3789febc4be81470df629cad6ddb03320a5c
1398,G_63029_left_1552,exact,B,B,explicit_option,df7e70e5021544f4834bbee64a9e3789febc4be81470df629cad6ddb03320a5c
1399,I_14493_20294_left_x,exact,B,B,explicit_option,df7e70e5021544f4834bbee64a9e3789febc4be81470df629cad6ddb03320a5c
1400,G_74850_right_2020,exact,B,B,explicit_option,df7e70e5021544f4834bbee64a9e3789febc4be81470df629cad6ddb03320a5c
1401,I_58398_65030_right_x,exact,B,B,explicit_option,df7e70e5021544f4834bbee64a9e3789febc4be81470df629cad6ddb03320a5c
1402,I_57145_89171_right_s,exact,A,A,explicit_option,559aead08264d5795d3909718cdd05abd49572e84fe55590eef31a88a08fdffd
1403,I_47904_58398_left_s,exact,B,B,explicit_option,df7e70e5021544f4834bbee64a9e3789febc4be81470df629cad6ddb03320a5c
1404,D_44595_83,exact,A,A,explicit_option,559aead08264d5795d3909718cdd05abd49572e84fe55590eef31a88a08fdffd
1405,I_20294_96608_left_x,exact,B,B,explicit_option,df7e70e5021544f4834bbee64a9e3789febc4be81470df629cad6ddb03320a5c
1406,G_44595_right_776,exact,B,B,explicit_option,df7e70e5021544f4834bbee64a9e3789febc4be81470df629cad6ddb03320a5c
1407,G_56583_right_935,exact,B,B,explicit_option,df7e70e5021544f4834bbee64a9e3789febc4be81470df629cad6ddb03320a5c
1408,I_47904_69658_right_x,exact,B,B,explicit_option,df7e70e5021544f4834bbee64a9e3789febc4be81470df629cad6ddb03320a5c
1409,G_69658_right_1943,exact,B,B,explicit_option,df7e70e5021544f4834bbee64a9e3789febc4be81470df629cad6ddb03320a5c
1410,G_69658_right_1933,exact,B,B,explicit_option,df7e70e5021544f4834bbee64a9e3789febc4be81470df629cad6ddb03320a5c
1411,D_63029_156,exact,A,A,explicit_option,559aead08264d5795d3909718cdd05abd49572e84fe55590eef31a88a08fdffd
1412,D_20294_17,exact,B,B,explicit_option,df7e70e5021544f4834bbee64a9e3789febc4be81470df629cad6ddb03320a5c
1413,G_27295_right_402,exact,B,B,explicit_option,df7e70e5021544f4834bbee64a9e3789febc4be81470df629cad6ddb03320a5c
1414,G_57833_right_1206,exact,B,B,explicit_option,df7e70e5021544f4834bbee64a9e3789febc4be81470df629cad6ddb03320a5c
1415,D_32467_48,exact,B,B,explicit_option,df7e70e5021544f4834bbee64a9e3789febc4be81470df629cad6ddb03320a5c
1416,D_56583_105,exact,B,B,explicit_option,df7e70e5021544f4834bbee64a9e3789febc4be81470df629cad6ddb03320a5c
1417,G_58398_left_1290,exact,B,B,explicit_option,df7e70e5021544f4834bbee64a9e3789febc4be81470df629cad6ddb03320a5c
1418,G_57145_left_971,exact,A,A,explicit_option,559aead08264d5795d3909718cdd05abd49572e84fe55590eef31a88a08fdffd
1419,G_47904_right_825,exact,A,A,explicit_option,559aead08264d5795d3909718cdd05abd49572e84fe55590eef31a88a08fdffd
1420,I_57833_65052_left_s,exact,B,B,explicit_option,df7e70e5021544f4834bbee64a9e3789febc4be81470df629cad6ddb03320a5c
1421,D_20294_12,exact,A,A,explicit_option,559aead08264d5795d3909718cdd05abd49572e84fe55590eef31a88a08fdffd
1422,G_76957_left_2084,exact,B,B,explicit_option,df7e70e5021544f4834bbee64a9e3789febc4be81470df629cad6ddb03320a5c
1423,G_96608_right_2800,exact,B,B,explicit_option,df7e70e5021544f4834bbee64a9e3789febc4be81470df629cad6ddb03320a5c
1424,D_58793_147,exact,B,B,explicit_option,df7e70e5021544f4834bbee64a9e3789febc4be81470df629cad6ddb03320a5c
1425,G_87757_right_2430,exact,B,B,explicit_option,df7e70e5021544f4834bbee64a9e3789febc4be81470df629cad6ddb03320a5c
1426,I_74850_96608_left_s,exact,B,B,explicit_option,df7e70e5021544f4834bbee64a9e3789febc4be81470df629cad6ddb03320a5c
1427,D_32467_54,exact,B,B,explicit_option,df7e70e5021544f4834bbee64a9e3789febc4be81470df629cad6ddb03320a5c
1428,I_47904_57833_right_x,exact,B,B,explicit_option,df7e70e5021544f4834bbee64a9e3789febc4be81470df629cad6ddb03320a5c
1429,D_20294_22,exact,B,B,explicit_option,df7e70e5021544f4834bbee64a9e3789febc4be81470df629cad6ddb03320a5c
1430,I_58398_65030_right_s,exact,B,B,explicit_option,df7e70e5021544f4834bbee64a9e3789febc4be81470df629cad6ddb03320a5c
1431,I_58398_87757_right_s,exact,B,B,explicit_option,df7e70e5021544f4834bbee64a9e3789febc4be81470df629cad6ddb03320a5c
1432,I_58793_87757_right_s,exact,B,B,explicit_option,df7e70e5021544f4834bbee64a9e3789febc4be81470df629cad6ddb03320a5c
1433,G_58398_left_1272,exact,B,B,explicit_option,df7e70e5021544f4834bbee64a9e3789febc4be81470df629cad6ddb03320a5c
1434,I_65030_96608_right_x,exact,A,A,explicit_option,559aead08264d5795d3909718cdd05abd49572e84fe55590eef31a88a08fdffd
1435,D_74850_214,exact,B,B,explicit_option,df7e70e5021544f4834bbee64a9e3789febc4be81470df629cad6ddb03320a5c
1436,G_20294_left_198,exact,B,B,explicit_option,df7e70e5021544f4834bbee64a9e3789febc4be81470df629cad6ddb03320a5c
1437,D_65052_186,exact,B,B,explicit_option,df7e70e5021544f4834bbee64a9e3789febc4be81470df629cad6ddb03320a5c
1438,G_56583_right_900,exact,A,A,explicit_option,559aead08264d5795d3909718cdd05abd49572e84fe55590eef31a88a08fdffd
1439,G_57145_right_1060,exact,B,B,explicit_option,df7e70e5021544f4834bbee64a9e3789febc4be81470df629cad6ddb03320a5c
1440,D_96608_285,exact,A,A,explicit_option,559aead08264d5795d3909718cdd05abd49572e84fe55590eef31a88a08fdffd
1441,I_14493_99775_left_s,exact,A,A,explicit_option,559aead08264d5795d3909718cdd05abd49572e84fe55590eef31a88a08fdffd
1442,D_96608_282,exact,A,A,explicit_option,559aead08264d5795d3909718cdd05abd49572e84fe55590eef31a88a08fdffd
1443,I_83742_99775_right_x,exact,B,B,explicit_option,df7e70e5021544f4834bbee64a9e3789febc4be81470df629cad6ddb03320a5c
1444,G_89171_right_2552,exact,B,B,explicit_option,df7e70e5021544f4834bbee64a9e3789febc4be81470df629cad6ddb03320a5c
1445,G_69658_left_1893,exact,A,A,explicit_option,559aead08264d5795d3909718cdd05abd49572e84fe55590eef31a88a08fdffd
1446,I_14493_74850_right_x,exact,B,B,explicit_option,df7e70e5021544f4834bbee64a9e3789febc4be81470df629cad6ddb03320a5c
1447,G_56583_right_933,exact,B,B,explicit_option,df7e70e5021544f4834bbee64a9e3789febc4be81470df629cad6ddb03320a5c
1448,D_32467_58,exact,B,B,explicit_option,df7e70e5021544f4834bbee64a9e3789febc4be81470df629cad6ddb03320a5c
1449,G_99775_left_2846,exact,B,B,explicit_option,df7e70e5021544f4834bbee64a9e3789febc4be81470df629cad6ddb03320a5c
1450,I_47904_87757_right_x,exact,B,B,explicit_option,df7e70e5021544f4834bbee64a9e3789febc4be81470df629cad6ddb03320a5c
1451,G_99775_right_2918,exact,A,A,explicit_option,559aead08264d5795d3909718cdd05abd49572e84fe55590eef31a88a08fdffd
1452,G_76957_left_2117,exact,B,B,explicit_option,df7e70e5021544f4834bbee64a9e3789febc4be81470df629cad6ddb03320a5c
1453,I_65030_89171_left_s,exact,A,A,explicit_option,559aead08264d5795d3909718cdd05abd49572e84fe55590eef31a88a08fdffd
1454,D_65030_168,exact,B,B,explicit_option,df7e70e5021544f4834bbee64a9e3789febc4be81470df629cad6ddb03320a5c
1455,G_32467_right_533,exact,B,B,explicit_option,df7e70e5021544f4834bbee64a9e3789febc4be81470df629cad6ddb03320a5c
1456,G_14493_left_36,exact,B,B,explicit_option,df7e70e5021544f4834bbee64a9e3789febc4be81470df629cad6ddb03320a5c
1457,G_27295_right_370,exact,B,B,explicit_option,df7e70e5021544f4834bbee64a9e3789febc4be81470df629cad6ddb03320a5c
1458,G_65052_right_1809,exact,B,B,explicit_option,df7e70e5021544f4834bbee64a9e3789febc4be81470df629cad6ddb03320a5c
1459,G_32467_left_427,exact,B,B,explicit_option,df7e70e5021544f4834bbee64a9e3789febc4be81470df629cad6ddb03320a5c
1460,I_93812_96608_right_s,exact,A,A,explicit_option,559aead08264d5795d3909718cdd05abd49572e84fe55590eef31a88a08fdffd
1461,G_89171_left_2518,exact,B,B,explicit_option,df7e70e5021544f4834bbee64a9e3789febc4be81470df629cad6ddb03320a5c
1462,I_43210_69658_left_s,exact,B,B,explicit_option,df7e70e5021544f4834bbee64a9e3789febc4be81470df629cad6ddb03320a5c
1463,D_93812_273,exact,B,B,explicit_option,df7e70e5021544f4834bbee64a9e3789febc4be81470df629cad6ddb03320a5c
1464,I_47904_87757_right_s,exact,A,A,explicit_option,559aead08264d5795d3909718cdd05abd49572e84fe55590eef31a88a08fdffd
1465,G_99775_left_2843,exact,B,B,explicit_option,df7e70e5021544f4834bbee64a9e3789febc4be81470df629cad6ddb03320a5c
1466,I_14493_32467_left_s,exact,B,B,explicit_option,df7e70e5021544f4834bbee64a9e3789febc4be81470df629cad6ddb03320a5c
1467,G_96608_left_2718,exact,A,A,explicit_option,559aead08264d5795d3909718cdd05abd49572e84fe55590eef31a88a08fdffd
1468,G_57145_right_1051,exact,A,A,explicit_option,559aead08264d5795d3909718cdd05abd49572e84fe55590eef31a88a08fdffd
1469,I_74850_87757_right_s,exact,A,A,explicit_option,559aead08264d5795d3909718cdd05abd49572e84fe55590eef31a88a08fdffd
1470,G_32467_right_526,exact,B,B,explicit_option,df7e70e5021544f4834bbee64a9e3789febc4be81470df629cad6ddb03320a5c
1471,D_58398_134,exact,B,B,explicit_option,df7e70e5021544f4834bbee64a9e3789febc4be81470df629cad6ddb03320a5c
1472,I_27295_74850_left_x,exact,A,A,explicit_option,559aead08264d5795d3909718cdd05abd49572e84fe55590eef31a88a08fdffd
1473,I_65030_76957_right_x,exact,B,B,explicit_option,df7e70e5021544f4834bbee64a9e3789febc4be81470df629cad6ddb03320a5c
1474,G_43210_left_598,exact,B,B,explicit_option,df7e70e5021544f4834bbee64a9e3789febc4be81470df629cad6ddb03320a5c
1475,I_20294_87757_right_x,exact,B,B,explicit_option,df7e70e5021544f4834bbee64a9e3789febc4be81470df629cad6ddb03320a5c
1476,I_14493_89171_left_x,exact,B,B,explicit_option,df7e70e5021544f4834bbee64a9e3789febc4be81470df629cad6ddb03320a5c
1477,I_74850_99775_left_s,exact,A,A,explicit_option,559aead08264d5795d3909718cdd05abd49572e84fe55590eef31a88a08fdffd
1478,G_83742_left_2236,exact,B,B,explicit_option,df7e70e5021544f4834bbee64a9e3789febc4be81470df629cad6ddb03320a5c
1479,G_87757_left_2395,exact,B,B,explicit_option,df7e70e5021544f4834bbee64a9e3789febc4be81470df629cad6ddb03320a5c
1480,D_57145_113,exact,B,B,explicit_option,df7e70e5021544f4834bbee64a9e3789febc4be81470df629cad6ddb03320a5c
1481,D_87757_249,exact,B,B,explicit_option,df7e70e5021544f4834bbee64a9e3789febc4be81470df629cad6ddb03320a5c
1482,I_65052_74850_right_s,exact,A,A,explicit_option,559aead08264d5795d3909718cdd05abd49572e84fe55590eef31a88a08fdffd
1483,I_24101_32467_right_x,exact,B,B,explicit_option,df7e70e5021544f4834bbee64a9e3789febc4be81470df629cad6ddb03320a5c
