pair_id,label,frgp,which_hand,subject1,subject2,ground_truth,similarity_score,raw_response,res1,res2,latency_s,model,prompting_setting,timestamp
G_2303_frgp13,genuine,13,right,2303,2303,A,100,100,1000,500,0.581,qwen3vl,similarity_score,2026-07-06T23:03:56
G_2304_frgp13,genuine,13,right,2304,2304,A,100,100,1000,500,0.405,qwen3vl,similarity_score,2026-07-06T23:03:56
G_2306_frgp13,genuine,13,right,2306,2306,A,100,100,1000,500,0.401,qwen3vl,similarity_score,2026-07-06T23:03:57
G_2307_frgp13,genuine,13,right,2307,2307,A,100,100,1000,500,0.402,qwen3vl,similarity_score,2026-07-06T23:03:57
G_2310_frgp13,genuine,13,right,2310,2310,A,100,100,1000,500,0.408,qwen3vl,similarity_score,2026-07-06T23:03:58
G_2312_frgp13,genuine,13,right,2312,2312,A,100,100,1000,500,0.416,qwen3vl,similarity_score,2026-07-06T23:03:58
G_2313_frgp13,genuine,13,right,2313,2313,A,100,100,1000,500,0.421,qwen3vl,similarity_score,2026-07-06T23:03:58
G_2314_frgp13,genuine,13,right,2314,2314,A,100,100,1000,500,0.402,qwen3vl,similarity_score,2026-07-06T23:03:59
G_2315_frgp13,genuine,13,right,2315,2315,A,100,100,1000,500,0.412,qwen3vl,similarity_score,2026-07-06T23:03:59
G_2317_frgp13,genuine,13,right,2317,2317,A,100,100,1000,500,0.432,qwen3vl,similarity_score,2026-07-06T23:04:00
G_2319_frgp13,genuine,13,right,2319,2319,A,100,100,1000,500,0.413,qwen3vl,similarity_score,2026-07-06T23:04:00
G_2320_frgp13,genuine,13,right,2320,2320,A,100,100,1000,500,0.416,qwen3vl,similarity_score,2026-07-06T23:04:00
G_2321_frgp13,genuine,13,right,2321,2321,A,100,100,1000,500,0.41,qwen3vl,similarity_score,2026-07-06T23:04:01
G_2325_frgp13,genuine,13,right,2325,2325,A,100,100,1000,500,0.409,qwen3vl,similarity_score,2026-07-06T23:04:01
G_2326_frgp13,genuine,13,right,2326,2326,A,100,100,1000,500,0.411,qwen3vl,similarity_score,2026-07-06T23:04:02
G_2327_frgp13,genuine,13,right,2327,2327,A,100,100,1000,500,0.395,qwen3vl,similarity_score,2026-07-06T23:04:02
G_2328_frgp13,genuine,13,right,2328,2328,A,100,100,1000,500,0.401,qwen3vl,similarity_score,2026-07-06T23:04:03
G_2329_frgp13,genuine,13,right,2329,2329,A,100,100,1000,500,0.403,qwen3vl,similarity_score,2026-07-06T23:04:03
G_2330_frgp13,genuine,13,right,2330,2330,A,100,100,1000,500,0.399,qwen3vl,similarity_score,2026-07-06T23:04:03
G_2332_frgp13,genuine,13,right,2332,2332,A,100,100,1000,500,0.403,qwen3vl,similarity_score,2026-07-06T23:04:04
G_2334_frgp13,genuine,13,right,2334,2334,A,100,100,1000,500,0.399,qwen3vl,similarity_score,2026-07-06T23:04:04
G_2337_frgp13,genuine,13,right,2337,2337,A,100,100,1000,500,0.402,qwen3vl,similarity_score,2026-07-06T23:04:05
G_2338_frgp13,genuine,13,right,2338,2338,A,100,100,1000,500,0.406,qwen3vl,similarity_score,2026-07-06T23:04:05
G_2339_frgp13,genuine,13,right,2339,2339,A,100,100,1000,500,0.401,qwen3vl,similarity_score,2026-07-06T23:04:05
G_2340_frgp13,genuine,13,right,2340,2340,A,100,100,1000,500,0.401,qwen3vl,similarity_score,2026-07-06T23:04:06
G_2341_frgp13,genuine,13,right,2341,2341,A,100,100,1000,500,0.399,qwen3vl,similarity_score,2026-07-06T23:04:06
G_2342_frgp13,genuine,13,right,2342,2342,A,100,100,1000,500,0.398,qwen3vl,similarity_score,2026-07-06T23:04:07
G_2344_frgp13,genuine,13,right,2344,2344,A,100,100,1000,500,0.4,qwen3vl,similarity_score,2026-07-06T23:04:07
G_2348_frgp13,genuine,13,right,2348,2348,A,100,100,1000,500,0.398,qwen3vl,similarity_score,2026-07-06T23:04:07
G_2349_frgp13,genuine,13,right,2349,2349,A,100,100,1000,500,0.423,qwen3vl,similarity_score,2026-07-06T23:04:08
G_2351_frgp13,genuine,13,right,2351,2351,A,100,100,1000,500,0.394,qwen3vl,similarity_score,2026-07-06T23:04:08
G_2352_frgp13,genuine,13,right,2352,2352,A,100,100,1000,500,0.403,qwen3vl,similarity_score,2026-07-06T23:04:09
G_2353_frgp13,genuine,13,right,2353,2353,A,100,100,1000,500,0.397,qwen3vl,similarity_score,2026-07-06T23:04:09
G_2355_frgp13,genuine,13,right,2355,2355,A,100,100,1000,500,0.401,qwen3vl,similarity_score,2026-07-06T23:04:09
G_2356_frgp13,genuine,13,right,2356,2356,A,100,100,1000,500,0.407,qwen3vl,similarity_score,2026-07-06T23:04:10
G_2357_frgp13,genuine,13,right,2357,2357,A,100,100,1000,500,0.407,qwen3vl,similarity_score,2026-07-06T23:04:10
G_2358_frgp13,genuine,13,right,2358,2358,A,100,100,1000,500,0.397,qwen3vl,similarity_score,2026-07-06T23:04:11
G_2359_frgp13,genuine,13,right,2359,2359,A,100,100,1000,500,0.409,qwen3vl,similarity_score,2026-07-06T23:04:11
G_2360_frgp13,genuine,13,right,2360,2360,A,100,100,1000,500,0.404,qwen3vl,similarity_score,2026-07-06T23:04:11
G_2362_frgp13,genuine,13,right,2362,2362,A,100,100,1000,500,0.402,qwen3vl,similarity_score,2026-07-06T23:04:12
G_2364_frgp13,genuine,13,right,2364,2364,A,100,100,1000,500,0.395,qwen3vl,similarity_score,2026-07-06T23:04:12
G_2367_frgp13,genuine,13,right,2367,2367,A,100,100,1000,500,0.402,qwen3vl,similarity_score,2026-07-06T23:04:13
G_2368_frgp13,genuine,13,right,2368,2368,A,100,100,1000,500,0.399,qwen3vl,similarity_score,2026-07-06T23:04:13
G_2369_frgp13,genuine,13,right,2369,2369,A,100,100,1000,500,0.399,qwen3vl,similarity_score,2026-07-06T23:04:13
G_2370_frgp13,genuine,13,right,2370,2370,A,100,100,1000,500,0.398,qwen3vl,similarity_score,2026-07-06T23:04:14
G_2371_frgp13,genuine,13,right,2371,2371,A,100,100,1000,500,0.4,qwen3vl,similarity_score,2026-07-06T23:04:14
G_2372_frgp13,genuine,13,right,2372,2372,A,100,100,1000,500,0.396,qwen3vl,similarity_score,2026-07-06T23:04:15
G_2373_frgp13,genuine,13,right,2373,2373,A,100,100,1000,500,0.403,qwen3vl,similarity_score,2026-07-06T23:04:15
G_2374_frgp13,genuine,13,right,2374,2374,A,100,100,1000,500,0.405,qwen3vl,similarity_score,2026-07-06T23:04:15
G_2375_frgp13,genuine,13,right,2375,2375,A,100,100,1000,500,0.399,qwen3vl,similarity_score,2026-07-06T23:04:16
G_2376_frgp13,genuine,13,right,2376,2376,A,100,100,1000,500,0.407,qwen3vl,similarity_score,2026-07-06T23:04:16
G_2379_frgp13,genuine,13,right,2379,2379,A,100,100,1000,500,0.4,qwen3vl,similarity_score,2026-07-06T23:04:17
G_2380_frgp13,genuine,13,right,2380,2380,A,100,100,1000,500,0.396,qwen3vl,similarity_score,2026-07-06T23:04:17
G_2381_frgp13,genuine,13,right,2381,2381,A,100,100,1000,500,0.402,qwen3vl,similarity_score,2026-07-06T23:04:17
G_2383_frgp13,genuine,13,right,2383,2383,A,100,100,1000,500,0.399,qwen3vl,similarity_score,2026-07-06T23:04:18
G_2384_frgp13,genuine,13,right,2384,2384,A,100,100,1000,500,0.401,qwen3vl,similarity_score,2026-07-06T23:04:18
G_2386_frgp13,genuine,13,right,2386,2386,A,100,100,1000,500,0.402,qwen3vl,similarity_score,2026-07-06T23:04:19
G_2388_frgp13,genuine,13,right,2388,2388,A,100,100,1000,500,0.399,qwen3vl,similarity_score,2026-07-06T23:04:19
G_2391_frgp13,genuine,13,right,2391,2391,A,100,100,1000,500,0.404,qwen3vl,similarity_score,2026-07-06T23:04:19
G_2392_frgp13,genuine,13,right,2392,2392,A,100,100,1000,500,0.402,qwen3vl,similarity_score,2026-07-06T23:04:20
G_2394_frgp13,genuine,13,right,2394,2394,A,100,100,1000,500,0.395,qwen3vl,similarity_score,2026-07-06T23:04:20
G_2395_frgp13,genuine,13,right,2395,2395,A,100,100,1000,500,0.396,qwen3vl,similarity_score,2026-07-06T23:04:21
G_2396_frgp13,genuine,13,right,2396,2396,A,100,100,1000,500,0.402,qwen3vl,similarity_score,2026-07-06T23:04:21
G_2398_frgp13,genuine,13,right,2398,2398,A,100,100,1000,500,0.4,qwen3vl,similarity_score,2026-07-06T23:04:21
G_2399_frgp13,genuine,13,right,2399,2399,A,100,100,1000,500,0.403,qwen3vl,similarity_score,2026-07-06T23:04:22
G_2401_frgp13,genuine,13,right,2401,2401,A,100,100,1000,500,0.405,qwen3vl,similarity_score,2026-07-06T23:04:22
G_2402_frgp13,genuine,13,right,2402,2402,A,100,100,1000,500,0.406,qwen3vl,similarity_score,2026-07-06T23:04:23
G_2403_frgp13,genuine,13,right,2403,2403,A,100,100,1000,500,0.4,qwen3vl,similarity_score,2026-07-06T23:04:23
G_2405_frgp13,genuine,13,right,2405,2405,A,100,100,1000,500,0.395,qwen3vl,similarity_score,2026-07-06T23:04:23
G_2406_frgp13,genuine,13,right,2406,2406,A,100,100,1000,500,0.397,qwen3vl,similarity_score,2026-07-06T23:04:24
G_2407_frgp13,genuine,13,right,2407,2407,A,100,100,1000,500,0.407,qwen3vl,similarity_score,2026-07-06T23:04:24
G_2408_frgp13,genuine,13,right,2408,2408,A,100,100,1000,500,0.395,qwen3vl,similarity_score,2026-07-06T23:04:25
G_2409_frgp13,genuine,13,right,2409,2409,A,100,100,1000,500,0.398,qwen3vl,similarity_score,2026-07-06T23:04:25
G_2412_frgp13,genuine,13,right,2412,2412,A,100,100,1000,500,0.399,qwen3vl,similarity_score,2026-07-06T23:04:25
G_2413_frgp13,genuine,13,right,2413,2413,A,100,100,1000,500,0.402,qwen3vl,similarity_score,2026-07-06T23:04:26
G_2415_frgp13,genuine,13,right,2415,2415,A,100,100,1000,500,0.404,qwen3vl,similarity_score,2026-07-06T23:04:26
G_2418_frgp13,genuine,13,right,2418,2418,A,100,100,1000,500,0.398,qwen3vl,similarity_score,2026-07-06T23:04:27
G_2423_frgp13,genuine,13,right,2423,2423,A,100,100,1000,500,0.393,qwen3vl,similarity_score,2026-07-06T23:04:27
G_2424_frgp13,genuine,13,right,2424,2424,A,100,100,1000,500,0.39,qwen3vl,similarity_score,2026-07-06T23:04:27
G_2425_frgp13,genuine,13,right,2425,2425,A,100,100,1000,500,0.416,qwen3vl,similarity_score,2026-07-06T23:04:28
G_2426_frgp13,genuine,13,right,2426,2426,A,100,100,1000,500,0.415,qwen3vl,similarity_score,2026-07-06T23:04:28
G_2428_frgp13,genuine,13,right,2428,2428,A,100,100,1000,500,0.399,qwen3vl,similarity_score,2026-07-06T23:04:29
G_2440_frgp13,genuine,13,right,2440,2440,A,100,100,1000,500,0.395,qwen3vl,similarity_score,2026-07-06T23:04:29
G_2447_frgp13,genuine,13,right,2447,2447,A,100,100,1000,500,0.403,qwen3vl,similarity_score,2026-07-06T23:04:29
G_2455_frgp13,genuine,13,right,2455,2455,A,100,100,1000,500,0.396,qwen3vl,similarity_score,2026-07-06T23:04:30
G_2462_frgp13,genuine,13,right,2462,2462,A,100,100,1000,500,0.395,qwen3vl,similarity_score,2026-07-06T23:04:30
G_2463_frgp13,genuine,13,right,2463,2463,A,100,100,1000,500,0.397,qwen3vl,similarity_score,2026-07-06T23:04:31
G_2481_frgp13,genuine,13,right,2481,2481,A,100,100,1000,500,0.399,qwen3vl,similarity_score,2026-07-06T23:04:31
I_2303_2304_frgp13,impostor,13,right,2303,2304,B,65,65,1000,500,0.381,qwen3vl,similarity_score,2026-07-06T23:04:31
I_2303_2306_frgp13,impostor,13,right,2303,2306,B,65,65,1000,500,0.382,qwen3vl,similarity_score,2026-07-06T23:04:32
I_2303_2307_frgp13,impostor,13,right,2303,2307,B,85,85,1000,500,0.379,qwen3vl,similarity_score,2026-07-06T23:04:32
I_2303_2310_frgp13,impostor,13,right,2303,2310,B,65,65,1000,500,0.38,qwen3vl,similarity_score,2026-07-06T23:04:33
I_2303_2312_frgp13,impostor,13,right,2303,2312,B,65,65,1000,500,0.381,qwen3vl,similarity_score,2026-07-06T23:04:33
I_2303_2313_frgp13,impostor,13,right,2303,2313,B,65,65,1000,500,0.383,qwen3vl,similarity_score,2026-07-06T23:04:33
I_2303_2314_frgp13,impostor,13,right,2303,2314,B,85,85,1000,500,0.383,qwen3vl,similarity_score,2026-07-06T23:04:34
I_2303_2315_frgp13,impostor,13,right,2303,2315,B,65,65,1000,500,0.381,qwen3vl,similarity_score,2026-07-06T23:04:34
I_2303_2317_frgp13,impostor,13,right,2303,2317,B,65,65,1000,500,0.384,qwen3vl,similarity_score,2026-07-06T23:04:34
I_2303_2319_frgp13,impostor,13,right,2303,2319,B,65,65,1000,500,0.382,qwen3vl,similarity_score,2026-07-06T23:04:35
I_2303_2320_frgp13,impostor,13,right,2303,2320,B,65,65,1000,500,0.381,qwen3vl,similarity_score,2026-07-06T23:04:35
I_2303_2321_frgp13,impostor,13,right,2303,2321,B,65,65,1000,500,0.383,qwen3vl,similarity_score,2026-07-06T23:04:36
I_2303_2325_frgp13,impostor,13,right,2303,2325,B,65,65,1000,500,0.381,qwen3vl,similarity_score,2026-07-06T23:04:36
I_2303_2326_frgp13,impostor,13,right,2303,2326,B,65,65,1000,500,0.383,qwen3vl,similarity_score,2026-07-06T23:04:36
I_2303_2327_frgp13,impostor,13,right,2303,2327,B,65,65,1000,500,0.382,qwen3vl,similarity_score,2026-07-06T23:04:37
I_2303_2328_frgp13,impostor,13,right,2303,2328,B,65,65,1000,500,0.38,qwen3vl,similarity_score,2026-07-06T23:04:37
I_2303_2329_frgp13,impostor,13,right,2303,2329,B,65,65,1000,500,0.38,qwen3vl,similarity_score,2026-07-06T23:04:37
I_2303_2330_frgp13,impostor,13,right,2303,2330,B,65,65,1000,500,0.379,qwen3vl,similarity_score,2026-07-06T23:04:38
I_2303_2332_frgp13,impostor,13,right,2303,2332,B,65,65,1000,500,0.381,qwen3vl,similarity_score,2026-07-06T23:04:38
I_2303_2334_frgp13,impostor,13,right,2303,2334,B,65,65,1000,500,0.389,qwen3vl,similarity_score,2026-07-06T23:04:39
I_2303_2337_frgp13,impostor,13,right,2303,2337,B,85,85,1000,500,0.382,qwen3vl,similarity_score,2026-07-06T23:04:39
I_2303_2338_frgp13,impostor,13,right,2303,2338,B,85,85,1000,500,0.388,qwen3vl,similarity_score,2026-07-06T23:04:39
I_2303_2339_frgp13,impostor,13,right,2303,2339,B,65,65,1000,500,0.383,qwen3vl,similarity_score,2026-07-06T23:04:40
I_2303_2340_frgp13,impostor,13,right,2303,2340,B,65,65,1000,500,0.381,qwen3vl,similarity_score,2026-07-06T23:04:40
I_2303_2341_frgp13,impostor,13,right,2303,2341,B,85,85,1000,500,0.379,qwen3vl,similarity_score,2026-07-06T23:04:41
I_2303_2342_frgp13,impostor,13,right,2303,2342,B,65,65,1000,500,0.38,qwen3vl,similarity_score,2026-07-06T23:04:41
I_2303_2344_frgp13,impostor,13,right,2303,2344,B,65,65,1000,500,0.384,qwen3vl,similarity_score,2026-07-06T23:04:41
I_2303_2348_frgp13,impostor,13,right,2303,2348,B,65,65,1000,500,0.377,qwen3vl,similarity_score,2026-07-06T23:04:42
I_2303_2349_frgp13,impostor,13,right,2303,2349,B,65,65,1000,500,0.382,qwen3vl,similarity_score,2026-07-06T23:04:42
I_2303_2351_frgp13,impostor,13,right,2303,2351,B,0,0,1000,500,0.363,qwen3vl,similarity_score,2026-07-06T23:04:42
I_2303_2352_frgp13,impostor,13,right,2303,2352,B,85,85,1000,500,0.381,qwen3vl,similarity_score,2026-07-06T23:04:43
I_2303_2353_frgp13,impostor,13,right,2303,2353,B,65,65,1000,500,0.38,qwen3vl,similarity_score,2026-07-06T23:04:43
I_2303_2355_frgp13,impostor,13,right,2303,2355,B,65,65,1000,500,0.382,qwen3vl,similarity_score,2026-07-06T23:04:44
I_2303_2356_frgp13,impostor,13,right,2303,2356,B,65,65,1000,500,0.379,qwen3vl,similarity_score,2026-07-06T23:04:44
I_2303_2357_frgp13,impostor,13,right,2303,2357,B,65,65,1000,500,0.385,qwen3vl,similarity_score,2026-07-06T23:04:44
I_2303_2358_frgp13,impostor,13,right,2303,2358,B,65,65,1000,500,0.384,qwen3vl,similarity_score,2026-07-06T23:04:45
I_2303_2359_frgp13,impostor,13,right,2303,2359,B,65,65,1000,500,0.385,qwen3vl,similarity_score,2026-07-06T23:04:45
I_2303_2360_frgp13,impostor,13,right,2303,2360,B,85,85,1000,500,0.384,qwen3vl,similarity_score,2026-07-06T23:04:45
I_2303_2362_frgp13,impostor,13,right,2303,2362,B,65,65,1000,500,0.383,qwen3vl,similarity_score,2026-07-06T23:04:46
I_2303_2364_frgp13,impostor,13,right,2303,2364,B,65,65,1000,500,0.385,qwen3vl,similarity_score,2026-07-06T23:04:46
I_2303_2367_frgp13,impostor,13,right,2303,2367,B,65,65,1000,500,0.388,qwen3vl,similarity_score,2026-07-06T23:04:47
I_2303_2368_frgp13,impostor,13,right,2303,2368,B,65,65,1000,500,0.385,qwen3vl,similarity_score,2026-07-06T23:04:47
I_2303_2369_frgp13,impostor,13,right,2303,2369,B,85,85,1000,500,0.385,qwen3vl,similarity_score,2026-07-06T23:04:47
I_2303_2370_frgp13,impostor,13,right,2303,2370,B,65,65,1000,500,0.384,qwen3vl,similarity_score,2026-07-06T23:04:48
I_2303_2371_frgp13,impostor,13,right,2303,2371,B,65,65,1000,500,0.383,qwen3vl,similarity_score,2026-07-06T23:04:48
I_2303_2372_frgp13,impostor,13,right,2303,2372,B,65,65,1000,500,0.386,qwen3vl,similarity_score,2026-07-06T23:04:49
I_2303_2373_frgp13,impostor,13,right,2303,2373,B,65,65,1000,500,0.386,qwen3vl,similarity_score,2026-07-06T23:04:49
I_2303_2374_frgp13,impostor,13,right,2303,2374,B,65,65,1000,500,0.387,qwen3vl,similarity_score,2026-07-06T23:04:49
I_2303_2375_frgp13,impostor,13,right,2303,2375,B,65,65,1000,500,0.388,qwen3vl,similarity_score,2026-07-06T23:04:50
I_2303_2376_frgp13,impostor,13,right,2303,2376,B,65,65,1000,500,0.388,qwen3vl,similarity_score,2026-07-06T23:04:50
I_2303_2379_frgp13,impostor,13,right,2303,2379,B,65,65,1000,500,0.386,qwen3vl,similarity_score,2026-07-06T23:04:50
I_2303_2380_frgp13,impostor,13,right,2303,2380,B,65,65,1000,500,0.385,qwen3vl,similarity_score,2026-07-06T23:04:51
I_2303_2381_frgp13,impostor,13,right,2303,2381,B,65,65,1000,500,0.387,qwen3vl,similarity_score,2026-07-06T23:04:51
I_2303_2383_frgp13,impostor,13,right,2303,2383,B,65,65,1000,500,0.386,qwen3vl,similarity_score,2026-07-06T23:04:52
I_2303_2384_frgp13,impostor,13,right,2303,2384,B,65,65,1000,500,0.384,qwen3vl,similarity_score,2026-07-06T23:04:52
I_2303_2386_frgp13,impostor,13,right,2303,2386,B,65,65,1000,500,0.386,qwen3vl,similarity_score,2026-07-06T23:04:52
I_2303_2388_frgp13,impostor,13,right,2303,2388,B,65,65,1000,500,0.383,qwen3vl,similarity_score,2026-07-06T23:04:53
I_2303_2391_frgp13,impostor,13,right,2303,2391,B,65,65,1000,500,0.382,qwen3vl,similarity_score,2026-07-06T23:04:53
I_2303_2392_frgp13,impostor,13,right,2303,2392,B,85,85,1000,500,0.384,qwen3vl,similarity_score,2026-07-06T23:04:54
I_2303_2394_frgp13,impostor,13,right,2303,2394,B,65,65,1000,500,0.383,qwen3vl,similarity_score,2026-07-06T23:04:54
I_2303_2395_frgp13,impostor,13,right,2303,2395,B,65,65,1000,500,0.385,qwen3vl,similarity_score,2026-07-06T23:04:54
I_2303_2396_frgp13,impostor,13,right,2303,2396,B,65,65,1000,500,0.386,qwen3vl,similarity_score,2026-07-06T23:04:55
I_2303_2398_frgp13,impostor,13,right,2303,2398,B,85,85,1000,500,0.383,qwen3vl,similarity_score,2026-07-06T23:04:55
I_2303_2399_frgp13,impostor,13,right,2303,2399,B,65,65,1000,500,0.384,qwen3vl,similarity_score,2026-07-06T23:04:55
I_2303_2401_frgp13,impostor,13,right,2303,2401,B,65,65,1000,500,0.382,qwen3vl,similarity_score,2026-07-06T23:04:56
I_2303_2402_frgp13,impostor,13,right,2303,2402,B,65,65,1000,500,0.384,qwen3vl,similarity_score,2026-07-06T23:04:56
I_2303_2403_frgp13,impostor,13,right,2303,2403,B,65,65,1000,500,0.383,qwen3vl,similarity_score,2026-07-06T23:04:57
I_2303_2405_frgp13,impostor,13,right,2303,2405,B,65,65,1000,500,0.382,qwen3vl,similarity_score,2026-07-06T23:04:57
I_2303_2406_frgp13,impostor,13,right,2303,2406,B,85,85,1000,500,0.383,qwen3vl,similarity_score,2026-07-06T23:04:57
I_2303_2407_frgp13,impostor,13,right,2303,2407,B,65,65,1000,500,0.384,qwen3vl,similarity_score,2026-07-06T23:04:58
I_2303_2408_frgp13,impostor,13,right,2303,2408,B,65,65,1000,500,0.382,qwen3vl,similarity_score,2026-07-06T23:04:58
I_2303_2409_frgp13,impostor,13,right,2303,2409,B,65,65,1000,500,0.382,qwen3vl,similarity_score,2026-07-06T23:04:59
I_2303_2412_frgp13,impostor,13,right,2303,2412,B,65,65,1000,500,0.382,qwen3vl,similarity_score,2026-07-06T23:04:59
I_2303_2413_frgp13,impostor,13,right,2303,2413,B,65,65,1000,500,0.388,qwen3vl,similarity_score,2026-07-06T23:04:59
I_2303_2415_frgp13,impostor,13,right,2303,2415,B,65,65,1000,500,0.387,qwen3vl,similarity_score,2026-07-06T23:05:00
I_2303_2418_frgp13,impostor,13,right,2303,2418,B,85,85,1000,500,0.385,qwen3vl,similarity_score,2026-07-06T23:05:00
I_2303_2423_frgp13,impostor,13,right,2303,2423,B,65,65,1000,500,0.381,qwen3vl,similarity_score,2026-07-06T23:05:00
I_2303_2424_frgp13,impostor,13,right,2303,2424,B,65,65,1000,500,0.383,qwen3vl,similarity_score,2026-07-06T23:05:01
I_2303_2425_frgp13,impostor,13,right,2303,2425,B,65,65,1000,500,0.385,qwen3vl,similarity_score,2026-07-06T23:05:01
I_2303_2426_frgp13,impostor,13,right,2303,2426,B,65,65,1000,500,0.381,qwen3vl,similarity_score,2026-07-06T23:05:02
I_2303_2428_frgp13,impostor,13,right,2303,2428,B,85,85,1000,500,0.382,qwen3vl,similarity_score,2026-07-06T23:05:02
I_2303_2440_frgp13,impostor,13,right,2303,2440,B,65,65,1000,500,0.381,qwen3vl,similarity_score,2026-07-06T23:05:02
I_2303_2447_frgp13,impostor,13,right,2303,2447,B,85,85,1000,500,0.38,qwen3vl,similarity_score,2026-07-06T23:05:03
I_2303_2455_frgp13,impostor,13,right,2303,2455,B,65,65,1000,500,0.38,qwen3vl,similarity_score,2026-07-06T23:05:03
I_2303_2462_frgp13,impostor,13,right,2303,2462,B,65,65,1000,500,0.38,qwen3vl,similarity_score,2026-07-06T23:05:04
I_2303_2463_frgp13,impostor,13,right,2303,2463,B,65,65,1000,500,0.383,qwen3vl,similarity_score,2026-07-06T23:05:04
I_2303_2481_frgp13,impostor,13,right,2303,2481,B,65,65,1000,500,0.386,qwen3vl,similarity_score,2026-07-06T23:05:04
I_2304_2306_frgp13,impostor,13,right,2304,2306,B,65,65,1000,500,0.381,qwen3vl,similarity_score,2026-07-06T23:05:05
I_2304_2307_frgp13,impostor,13,right,2304,2307,B,85,85,1000,500,0.381,qwen3vl,similarity_score,2026-07-06T23:05:05
I_2304_2310_frgp13,impostor,13,right,2304,2310,B,65,65,1000,500,0.38,qwen3vl,similarity_score,2026-07-06T23:05:05
I_2304_2312_frgp13,impostor,13,right,2304,2312,B,65,65,1000,500,0.379,qwen3vl,similarity_score,2026-07-06T23:05:06
I_2304_2313_frgp13,impostor,13,right,2304,2313,B,65,65,1000,500,0.379,qwen3vl,similarity_score,2026-07-06T23:05:06
I_2304_2314_frgp13,impostor,13,right,2304,2314,B,65,65,1000,500,0.379,qwen3vl,similarity_score,2026-07-06T23:05:07
I_2304_2315_frgp13,impostor,13,right,2304,2315,B,65,65,1000,500,0.378,qwen3vl,similarity_score,2026-07-06T23:05:07
I_2304_2317_frgp13,impostor,13,right,2304,2317,B,85,85,1000,500,0.378,qwen3vl,similarity_score,2026-07-06T23:05:07
I_2304_2319_frgp13,impostor,13,right,2304,2319,B,65,65,1000,500,0.375,qwen3vl,similarity_score,2026-07-06T23:05:08
I_2304_2320_frgp13,impostor,13,right,2304,2320,B,65,65,1000,500,0.377,qwen3vl,similarity_score,2026-07-06T23:05:08
I_2304_2321_frgp13,impostor,13,right,2304,2321,B,65,65,1000,500,0.38,qwen3vl,similarity_score,2026-07-06T23:05:08
I_2304_2325_frgp13,impostor,13,right,2304,2325,B,65,65,1000,500,0.381,qwen3vl,similarity_score,2026-07-06T23:05:09
I_2304_2326_frgp13,impostor,13,right,2304,2326,B,65,65,1000,500,0.383,qwen3vl,similarity_score,2026-07-06T23:05:09
I_2304_2327_frgp13,impostor,13,right,2304,2327,B,65,65,1000,500,0.38,qwen3vl,similarity_score,2026-07-06T23:05:10
I_2304_2328_frgp13,impostor,13,right,2304,2328,B,65,65,1000,500,0.381,qwen3vl,similarity_score,2026-07-06T23:05:10
I_2304_2329_frgp13,impostor,13,right,2304,2329,B,85,85,1000,500,0.388,qwen3vl,similarity_score,2026-07-06T23:05:10
I_2304_2330_frgp13,impostor,13,right,2304,2330,B,65,65,1000,500,0.382,qwen3vl,similarity_score,2026-07-06T23:05:11
I_2304_2332_frgp13,impostor,13,right,2304,2332,B,65,65,1000,500,0.381,qwen3vl,similarity_score,2026-07-06T23:05:11
I_2304_2334_frgp13,impostor,13,right,2304,2334,B,65,65,1000,500,0.383,qwen3vl,similarity_score,2026-07-06T23:05:12
I_2304_2337_frgp13,impostor,13,right,2304,2337,B,85,85,1000,500,0.38,qwen3vl,similarity_score,2026-07-06T23:05:12
I_2304_2338_frgp13,impostor,13,right,2304,2338,B,85,85,1000,500,0.381,qwen3vl,similarity_score,2026-07-06T23:05:12
I_2304_2339_frgp13,impostor,13,right,2304,2339,B,65,65,1000,500,0.38,qwen3vl,similarity_score,2026-07-06T23:05:13
I_2304_2340_frgp13,impostor,13,right,2304,2340,B,65,65,1000,500,0.379,qwen3vl,similarity_score,2026-07-06T23:05:13
I_2304_2341_frgp13,impostor,13,right,2304,2341,B,65,65,1000,500,0.381,qwen3vl,similarity_score,2026-07-06T23:05:13
I_2304_2342_frgp13,impostor,13,right,2304,2342,B,65,65,1000,500,0.384,qwen3vl,similarity_score,2026-07-06T23:05:14
I_2304_2344_frgp13,impostor,13,right,2304,2344,B,85,85,1000,500,0.383,qwen3vl,similarity_score,2026-07-06T23:05:14
I_2304_2348_frgp13,impostor,13,right,2304,2348,B,65,65,1000,500,0.38,qwen3vl,similarity_score,2026-07-06T23:05:15
I_2304_2349_frgp13,impostor,13,right,2304,2349,B,65,65,1000,500,0.386,qwen3vl,similarity_score,2026-07-06T23:05:15
I_2304_2351_frgp13,impostor,13,right,2304,2351,B,65,65,1000,500,0.379,qwen3vl,similarity_score,2026-07-06T23:05:15
I_2304_2352_frgp13,impostor,13,right,2304,2352,B,65,65,1000,500,0.384,qwen3vl,similarity_score,2026-07-06T23:05:16
I_2304_2353_frgp13,impostor,13,right,2304,2353,B,65,65,1000,500,0.401,qwen3vl,similarity_score,2026-07-06T23:05:16
I_2304_2355_frgp13,impostor,13,right,2304,2355,B,65,65,1000,500,0.384,qwen3vl,similarity_score,2026-07-06T23:05:17
I_2304_2356_frgp13,impostor,13,right,2304,2356,B,65,65,1000,500,0.381,qwen3vl,similarity_score,2026-07-06T23:05:17
I_2304_2357_frgp13,impostor,13,right,2304,2357,B,65,65,1000,500,0.385,qwen3vl,similarity_score,2026-07-06T23:05:17
I_2304_2358_frgp13,impostor,13,right,2304,2358,B,65,65,1000,500,0.385,qwen3vl,similarity_score,2026-07-06T23:05:18
I_2304_2359_frgp13,impostor,13,right,2304,2359,B,65,65,1000,500,0.384,qwen3vl,similarity_score,2026-07-06T23:05:18
I_2304_2360_frgp13,impostor,13,right,2304,2360,B,85,85,1000,500,0.38,qwen3vl,similarity_score,2026-07-06T23:05:18
I_2304_2362_frgp13,impostor,13,right,2304,2362,B,65,65,1000,500,0.382,qwen3vl,similarity_score,2026-07-06T23:05:19
I_2304_2364_frgp13,impostor,13,right,2304,2364,B,65,65,1000,500,0.382,qwen3vl,similarity_score,2026-07-06T23:05:19
I_2304_2367_frgp13,impostor,13,right,2304,2367,B,65,65,1000,500,0.383,qwen3vl,similarity_score,2026-07-06T23:05:20
I_2304_2368_frgp13,impostor,13,right,2304,2368,B,65,65,1000,500,0.379,qwen3vl,similarity_score,2026-07-06T23:05:20
I_2304_2369_frgp13,impostor,13,right,2304,2369,B,85,85,1000,500,0.382,qwen3vl,similarity_score,2026-07-06T23:05:20
I_2304_2370_frgp13,impostor,13,right,2304,2370,B,85,85,1000,500,0.38,qwen3vl,similarity_score,2026-07-06T23:05:21
I_2304_2371_frgp13,impostor,13,right,2304,2371,B,85,85,1000,500,0.375,qwen3vl,similarity_score,2026-07-06T23:05:21
I_2304_2372_frgp13,impostor,13,right,2304,2372,B,65,65,1000,500,0.378,qwen3vl,similarity_score,2026-07-06T23:05:21
I_2304_2373_frgp13,impostor,13,right,2304,2373,B,85,85,1000,500,0.381,qwen3vl,similarity_score,2026-07-06T23:05:22
I_2304_2374_frgp13,impostor,13,right,2304,2374,B,65,65,1000,500,0.383,qwen3vl,similarity_score,2026-07-06T23:05:22
I_2304_2375_frgp13,impostor,13,right,2304,2375,B,65,65,1000,500,0.384,qwen3vl,similarity_score,2026-07-06T23:05:23
I_2304_2376_frgp13,impostor,13,right,2304,2376,B,85,85,1000,500,0.384,qwen3vl,similarity_score,2026-07-06T23:05:23
I_2304_2379_frgp13,impostor,13,right,2304,2379,B,65,65,1000,500,0.386,qwen3vl,similarity_score,2026-07-06T23:05:23
I_2304_2380_frgp13,impostor,13,right,2304,2380,B,65,65,1000,500,0.383,qwen3vl,similarity_score,2026-07-06T23:05:24
I_2304_2381_frgp13,impostor,13,right,2304,2381,B,65,65,1000,500,0.384,qwen3vl,similarity_score,2026-07-06T23:05:24
I_2304_2383_frgp13,impostor,13,right,2304,2383,B,65,65,1000,500,0.385,qwen3vl,similarity_score,2026-07-06T23:05:25
I_2304_2384_frgp13,impostor,13,right,2304,2384,B,65,65,1000,500,0.383,qwen3vl,similarity_score,2026-07-06T23:05:25
I_2304_2386_frgp13,impostor,13,right,2304,2386,B,65,65,1000,500,0.384,qwen3vl,similarity_score,2026-07-06T23:05:25
I_2304_2388_frgp13,impostor,13,right,2304,2388,B,65,65,1000,500,0.382,qwen3vl,similarity_score,2026-07-06T23:05:26
I_2304_2391_frgp13,impostor,13,right,2304,2391,B,85,85,1000,500,0.379,qwen3vl,similarity_score,2026-07-06T23:05:26
I_2304_2392_frgp13,impostor,13,right,2304,2392,B,85,85,1000,500,0.38,qwen3vl,similarity_score,2026-07-06T23:05:26
I_2304_2394_frgp13,impostor,13,right,2304,2394,B,85,85,1000,500,0.38,qwen3vl,similarity_score,2026-07-06T23:05:27
I_2304_2395_frgp13,impostor,13,right,2304,2395,B,65,65,1000,500,0.383,qwen3vl,similarity_score,2026-07-06T23:05:27
I_2304_2396_frgp13,impostor,13,right,2304,2396,B,65,65,1000,500,0.38,qwen3vl,similarity_score,2026-07-06T23:05:28
I_2304_2398_frgp13,impostor,13,right,2304,2398,B,65,65,1000,500,0.377,qwen3vl,similarity_score,2026-07-06T23:05:28
I_2304_2399_frgp13,impostor,13,right,2304,2399,B,65,65,1000,500,0.38,qwen3vl,similarity_score,2026-07-06T23:05:28
I_2304_2401_frgp13,impostor,13,right,2304,2401,B,65,65,1000,500,0.38,qwen3vl,similarity_score,2026-07-06T23:05:29
I_2304_2402_frgp13,impostor,13,right,2304,2402,B,65,65,1000,500,0.381,qwen3vl,similarity_score,2026-07-06T23:05:29
I_2304_2403_frgp13,impostor,13,right,2304,2403,B,65,65,1000,500,0.383,qwen3vl,similarity_score,2026-07-06T23:05:29
I_2304_2405_frgp13,impostor,13,right,2304,2405,B,65,65,1000,500,0.381,qwen3vl,similarity_score,2026-07-06T23:05:30
I_2304_2406_frgp13,impostor,13,right,2304,2406,B,85,85,1000,500,0.383,qwen3vl,similarity_score,2026-07-06T23:05:30
I_2304_2407_frgp13,impostor,13,right,2304,2407,B,65,65,1000,500,0.384,qwen3vl,similarity_score,2026-07-06T23:05:31
I_2304_2408_frgp13,impostor,13,right,2304,2408,B,65,65,1000,500,0.377,qwen3vl,similarity_score,2026-07-06T23:05:31
I_2304_2409_frgp13,impostor,13,right,2304,2409,B,65,65,1000,500,0.378,qwen3vl,similarity_score,2026-07-06T23:05:31
I_2304_2412_frgp13,impostor,13,right,2304,2412,B,65,65,1000,500,0.377,qwen3vl,similarity_score,2026-07-06T23:05:32
I_2304_2413_frgp13,impostor,13,right,2304,2413,B,65,65,1000,500,0.376,qwen3vl,similarity_score,2026-07-06T23:05:32
I_2304_2415_frgp13,impostor,13,right,2304,2415,B,65,65,1000,500,0.379,qwen3vl,similarity_score,2026-07-06T23:05:33
I_2304_2418_frgp13,impostor,13,right,2304,2418,B,65,65,1000,500,0.374,qwen3vl,similarity_score,2026-07-06T23:05:33
I_2304_2423_frgp13,impostor,13,right,2304,2423,B,65,65,1000,500,0.375,qwen3vl,similarity_score,2026-07-06T23:05:33
I_2304_2424_frgp13,impostor,13,right,2304,2424,B,65,65,1000,500,0.375,qwen3vl,similarity_score,2026-07-06T23:05:34
I_2304_2425_frgp13,impostor,13,right,2304,2425,B,85,85,1000,500,0.377,qwen3vl,similarity_score,2026-07-06T23:05:34
I_2304_2426_frgp13,impostor,13,right,2304,2426,B,85,85,1000,500,0.382,qwen3vl,similarity_score,2026-07-06T23:05:34
I_2304_2428_frgp13,impostor,13,right,2304,2428,B,65,65,1000,500,0.38,qwen3vl,similarity_score,2026-07-06T23:05:35
I_2304_2440_frgp13,impostor,13,right,2304,2440,B,65,65,1000,500,0.378,qwen3vl,similarity_score,2026-07-06T23:05:35
I_2304_2447_frgp13,impostor,13,right,2304,2447,B,85,85,1000,500,0.379,qwen3vl,similarity_score,2026-07-06T23:05:36
I_2304_2455_frgp13,impostor,13,right,2304,2455,B,65,65,1000,500,0.378,qwen3vl,similarity_score,2026-07-06T23:05:36
I_2304_2462_frgp13,impostor,13,right,2304,2462,B,65,65,1000,500,0.378,qwen3vl,similarity_score,2026-07-06T23:05:36
I_2304_2463_frgp13,impostor,13,right,2304,2463,B,65,65,1000,500,0.381,qwen3vl,similarity_score,2026-07-06T23:05:37
I_2304_2481_frgp13,impostor,13,right,2304,2481,B,65,65,1000,500,0.38,qwen3vl,similarity_score,2026-07-06T23:05:37
I_2306_2307_frgp13,impostor,13,right,2306,2307,B,65,65,1000,500,0.378,qwen3vl,similarity_score,2026-07-06T23:05:37
I_2306_2310_frgp13,impostor,13,right,2306,2310,B,65,65,1000,500,0.375,qwen3vl,similarity_score,2026-07-06T23:05:38
I_2306_2312_frgp13,impostor,13,right,2306,2312,B,65,65,1000,500,0.378,qwen3vl,similarity_score,2026-07-06T23:05:38
I_2306_2313_frgp13,impostor,13,right,2306,2313,B,65,65,1000,500,0.381,qwen3vl,similarity_score,2026-07-06T23:05:39
I_2306_2314_frgp13,impostor,13,right,2306,2314,B,65,65,1000,500,0.378,qwen3vl,similarity_score,2026-07-06T23:05:39
I_2306_2315_frgp13,impostor,13,right,2306,2315,B,65,65,1000,500,0.384,qwen3vl,similarity_score,2026-07-06T23:05:39
I_2306_2317_frgp13,impostor,13,right,2306,2317,B,65,65,1000,500,0.38,qwen3vl,similarity_score,2026-07-06T23:05:40
I_2306_2319_frgp13,impostor,13,right,2306,2319,B,65,65,1000,500,0.376,qwen3vl,similarity_score,2026-07-06T23:05:40
I_2306_2320_frgp13,impostor,13,right,2306,2320,B,65,65,1000,500,0.378,qwen3vl,similarity_score,2026-07-06T23:05:40
I_2306_2321_frgp13,impostor,13,right,2306,2321,B,65,65,1000,500,0.376,qwen3vl,similarity_score,2026-07-06T23:05:41
I_2306_2325_frgp13,impostor,13,right,2306,2325,B,65,65,1000,500,0.382,qwen3vl,similarity_score,2026-07-06T23:05:41
I_2306_2326_frgp13,impostor,13,right,2306,2326,B,65,65,1000,500,0.381,qwen3vl,similarity_score,2026-07-06T23:05:42
I_2306_2327_frgp13,impostor,13,right,2306,2327,B,65,65,1000,500,0.378,qwen3vl,similarity_score,2026-07-06T23:05:42
I_2306_2328_frgp13,impostor,13,right,2306,2328,B,0,0,1000,500,0.363,qwen3vl,similarity_score,2026-07-06T23:05:42
I_2306_2329_frgp13,impostor,13,right,2306,2329,B,65,65,1000,500,0.377,qwen3vl,similarity_score,2026-07-06T23:05:43
I_2306_2330_frgp13,impostor,13,right,2306,2330,B,65,65,1000,500,0.379,qwen3vl,similarity_score,2026-07-06T23:05:43
I_2306_2332_frgp13,impostor,13,right,2306,2332,B,65,65,1000,500,0.38,qwen3vl,similarity_score,2026-07-06T23:05:43
I_2306_2334_frgp13,impostor,13,right,2306,2334,B,65,65,1000,500,0.376,qwen3vl,similarity_score,2026-07-06T23:05:44
I_2306_2337_frgp13,impostor,13,right,2306,2337,B,95,95,1000,500,0.383,qwen3vl,similarity_score,2026-07-06T23:05:44
I_2306_2338_frgp13,impostor,13,right,2306,2338,B,65,65,1000,500,0.383,qwen3vl,similarity_score,2026-07-06T23:05:45
I_2306_2339_frgp13,impostor,13,right,2306,2339,B,65,65,1000,500,0.381,qwen3vl,similarity_score,2026-07-06T23:05:45
I_2306_2340_frgp13,impostor,13,right,2306,2340,B,65,65,1000,500,0.381,qwen3vl,similarity_score,2026-07-06T23:05:45
I_2306_2341_frgp13,impostor,13,right,2306,2341,B,65,65,1000,500,0.379,qwen3vl,similarity_score,2026-07-06T23:05:46
I_2306_2342_frgp13,impostor,13,right,2306,2342,B,65,65,1000,500,0.378,qwen3vl,similarity_score,2026-07-06T23:05:46
I_2306_2344_frgp13,impostor,13,right,2306,2344,B,85,85,1000,500,0.379,qwen3vl,similarity_score,2026-07-06T23:05:47
I_2306_2348_frgp13,impostor,13,right,2306,2348,B,65,65,1000,500,0.377,qwen3vl,similarity_score,2026-07-06T23:05:47
I_2306_2349_frgp13,impostor,13,right,2306,2349,B,0,0,1000,500,0.361,qwen3vl,similarity_score,2026-07-06T23:05:47
I_2306_2351_frgp13,impostor,13,right,2306,2351,B,65,65,1000,500,0.378,qwen3vl,similarity_score,2026-07-06T23:05:48
I_2306_2352_frgp13,impostor,13,right,2306,2352,B,65,65,1000,500,0.381,qwen3vl,similarity_score,2026-07-06T23:05:48
I_2306_2353_frgp13,impostor,13,right,2306,2353,B,65,65,1000,500,0.38,qwen3vl,similarity_score,2026-07-06T23:05:48
I_2306_2355_frgp13,impostor,13,right,2306,2355,B,65,65,1000,500,0.386,qwen3vl,similarity_score,2026-07-06T23:05:49
I_2306_2356_frgp13,impostor,13,right,2306,2356,B,65,65,1000,500,0.381,qwen3vl,similarity_score,2026-07-06T23:05:49
I_2306_2357_frgp13,impostor,13,right,2306,2357,B,65,65,1000,500,0.384,qwen3vl,similarity_score,2026-07-06T23:05:50
I_2306_2358_frgp13,impostor,13,right,2306,2358,B,65,65,1000,500,0.382,qwen3vl,similarity_score,2026-07-06T23:05:50
I_2306_2359_frgp13,impostor,13,right,2306,2359,B,65,65,1000,500,0.386,qwen3vl,similarity_score,2026-07-06T23:05:50
I_2306_2360_frgp13,impostor,13,right,2306,2360,B,65,65,1000,500,0.381,qwen3vl,similarity_score,2026-07-06T23:05:51
I_2306_2362_frgp13,impostor,13,right,2306,2362,B,65,65,1000,500,0.382,qwen3vl,similarity_score,2026-07-06T23:05:51
I_2306_2364_frgp13,impostor,13,right,2306,2364,B,65,65,1000,500,0.383,qwen3vl,similarity_score,2026-07-06T23:05:51
I_2306_2367_frgp13,impostor,13,right,2306,2367,B,0,0,1000,500,0.365,qwen3vl,similarity_score,2026-07-06T23:05:52
I_2306_2368_frgp13,impostor,13,right,2306,2368,B,65,65,1000,500,0.388,qwen3vl,similarity_score,2026-07-06T23:05:52
I_2306_2369_frgp13,impostor,13,right,2306,2369,B,65,65,1000,500,0.381,qwen3vl,similarity_score,2026-07-06T23:05:53
I_2306_2370_frgp13,impostor,13,right,2306,2370,B,65,65,1000,500,0.38,qwen3vl,similarity_score,2026-07-06T23:05:53
I_2306_2371_frgp13,impostor,13,right,2306,2371,B,65,65,1000,500,0.383,qwen3vl,similarity_score,2026-07-06T23:05:53
I_2306_2372_frgp13,impostor,13,right,2306,2372,B,65,65,1000,500,0.383,qwen3vl,similarity_score,2026-07-06T23:05:54
I_2306_2373_frgp13,impostor,13,right,2306,2373,B,65,65,1000,500,0.383,qwen3vl,similarity_score,2026-07-06T23:05:54
I_2306_2374_frgp13,impostor,13,right,2306,2374,B,65,65,1000,500,0.383,qwen3vl,similarity_score,2026-07-06T23:05:55
I_2306_2375_frgp13,impostor,13,right,2306,2375,B,65,65,1000,500,0.382,qwen3vl,similarity_score,2026-07-06T23:05:55
I_2306_2376_frgp13,impostor,13,right,2306,2376,B,65,65,1000,500,0.382,qwen3vl,similarity_score,2026-07-06T23:05:55
I_2306_2379_frgp13,impostor,13,right,2306,2379,B,65,65,1000,500,0.384,qwen3vl,similarity_score,2026-07-06T23:05:56
I_2306_2380_frgp13,impostor,13,right,2306,2380,B,65,65,1000,500,0.382,qwen3vl,similarity_score,2026-07-06T23:05:56
I_2306_2381_frgp13,impostor,13,right,2306,2381,B,65,65,1000,500,0.382,qwen3vl,similarity_score,2026-07-06T23:05:56
I_2306_2383_frgp13,impostor,13,right,2306,2383,B,65,65,1000,500,0.381,qwen3vl,similarity_score,2026-07-06T23:05:57
I_2306_2384_frgp13,impostor,13,right,2306,2384,B,65,65,1000,500,0.383,qwen3vl,similarity_score,2026-07-06T23:05:57
I_2306_2386_frgp13,impostor,13,right,2306,2386,B,0,0,1000,500,0.365,qwen3vl,similarity_score,2026-07-06T23:05:58
I_2306_2388_frgp13,impostor,13,right,2306,2388,B,65,65,1000,500,0.379,qwen3vl,similarity_score,2026-07-06T23:05:58
I_2306_2391_frgp13,impostor,13,right,2306,2391,B,65,65,1000,500,0.382,qwen3vl,similarity_score,2026-07-06T23:05:58
I_2306_2392_frgp13,impostor,13,right,2306,2392,B,65,65,1000,500,0.382,qwen3vl,similarity_score,2026-07-06T23:05:59
I_2306_2394_frgp13,impostor,13,right,2306,2394,B,65,65,1000,500,0.382,qwen3vl,similarity_score,2026-07-06T23:05:59
I_2306_2395_frgp13,impostor,13,right,2306,2395,B,65,65,1000,500,0.382,qwen3vl,similarity_score,2026-07-06T23:05:59
I_2306_2396_frgp13,impostor,13,right,2306,2396,B,0,0,1000,500,0.364,qwen3vl,similarity_score,2026-07-06T23:06:00
I_2306_2398_frgp13,impostor,13,right,2306,2398,B,65,65,1000,500,0.381,qwen3vl,similarity_score,2026-07-06T23:06:00
I_2306_2399_frgp13,impostor,13,right,2306,2399,B,65,65,1000,500,0.385,qwen3vl,similarity_score,2026-07-06T23:06:01
I_2306_2401_frgp13,impostor,13,right,2306,2401,B,0,0,1000,500,0.367,qwen3vl,similarity_score,2026-07-06T23:06:01
I_2306_2402_frgp13,impostor,13,right,2306,2402,B,65,65,1000,500,0.383,qwen3vl,similarity_score,2026-07-06T23:06:01
I_2306_2403_frgp13,impostor,13,right,2306,2403,B,65,65,1000,500,0.381,qwen3vl,similarity_score,2026-07-06T23:06:02
I_2306_2405_frgp13,impostor,13,right,2306,2405,B,65,65,1000,500,0.379,qwen3vl,similarity_score,2026-07-06T23:06:02
I_2306_2406_frgp13,impostor,13,right,2306,2406,B,65,65,1000,500,0.381,qwen3vl,similarity_score,2026-07-06T23:06:02
I_2306_2407_frgp13,impostor,13,right,2306,2407,B,0,0,1000,500,0.362,qwen3vl,similarity_score,2026-07-06T23:06:03
I_2306_2408_frgp13,impostor,13,right,2306,2408,B,65,65,1000,500,0.378,qwen3vl,similarity_score,2026-07-06T23:06:03
I_2306_2409_frgp13,impostor,13,right,2306,2409,B,65,65,1000,500,0.38,qwen3vl,similarity_score,2026-07-06T23:06:04
I_2306_2412_frgp13,impostor,13,right,2306,2412,B,65,65,1000,500,0.383,qwen3vl,similarity_score,2026-07-06T23:06:04
I_2306_2413_frgp13,impostor,13,right,2306,2413,B,65,65,1000,500,0.383,qwen3vl,similarity_score,2026-07-06T23:06:04
I_2306_2415_frgp13,impostor,13,right,2306,2415,B,65,65,1000,500,0.382,qwen3vl,similarity_score,2026-07-06T23:06:05
I_2306_2418_frgp13,impostor,13,right,2306,2418,B,85,85,1000,500,0.381,qwen3vl,similarity_score,2026-07-06T23:06:05
I_2306_2423_frgp13,impostor,13,right,2306,2423,B,65,65,1000,500,0.378,qwen3vl,similarity_score,2026-07-06T23:06:06
I_2306_2424_frgp13,impostor,13,right,2306,2424,B,65,65,1000,500,0.381,qwen3vl,similarity_score,2026-07-06T23:06:06
I_2306_2425_frgp13,impostor,13,right,2306,2425,B,65,65,1000,500,0.381,qwen3vl,similarity_score,2026-07-06T23:06:06
I_2306_2426_frgp13,impostor,13,right,2306,2426,B,65,65,1000,500,0.381,qwen3vl,similarity_score,2026-07-06T23:06:07
I_2306_2428_frgp13,impostor,13,right,2306,2428,B,65,65,1000,500,0.38,qwen3vl,similarity_score,2026-07-06T23:06:07
I_2306_2440_frgp13,impostor,13,right,2306,2440,B,65,65,1000,500,0.378,qwen3vl,similarity_score,2026-07-06T23:06:07
I_2306_2447_frgp13,impostor,13,right,2306,2447,B,85,85,1000,500,0.38,qwen3vl,similarity_score,2026-07-06T23:06:08
I_2306_2455_frgp13,impostor,13,right,2306,2455,B,65,65,1000,500,0.377,qwen3vl,similarity_score,2026-07-06T23:06:08
I_2306_2462_frgp13,impostor,13,right,2306,2462,B,65,65,1000,500,0.379,qwen3vl,similarity_score,2026-07-06T23:06:09
I_2306_2463_frgp13,impostor,13,right,2306,2463,B,65,65,1000,500,0.378,qwen3vl,similarity_score,2026-07-06T23:06:09
I_2306_2481_frgp13,impostor,13,right,2306,2481,B,65,65,1000,500,0.386,qwen3vl,similarity_score,2026-07-06T23:06:09
I_2307_2310_frgp13,impostor,13,right,2307,2310,B,65,65,1000,500,0.386,qwen3vl,similarity_score,2026-07-06T23:06:10
I_2307_2312_frgp13,impostor,13,right,2307,2312,B,65,65,1000,500,0.385,qwen3vl,similarity_score,2026-07-06T23:06:10
I_2307_2313_frgp13,impostor,13,right,2307,2313,B,85,85,1000,500,0.387,qwen3vl,similarity_score,2026-07-06T23:06:10
I_2307_2314_frgp13,impostor,13,right,2307,2314,B,65,65,1000,500,0.383,qwen3vl,similarity_score,2026-07-06T23:06:11
I_2307_2315_frgp13,impostor,13,right,2307,2315,B,85,85,1000,500,0.381,qwen3vl,similarity_score,2026-07-06T23:06:11
I_2307_2317_frgp13,impostor,13,right,2307,2317,B,95,95,1000,500,0.381,qwen3vl,similarity_score,2026-07-06T23:06:12
I_2307_2319_frgp13,impostor,13,right,2307,2319,B,65,65,1000,500,0.383,qwen3vl,similarity_score,2026-07-06T23:06:12
I_2307_2320_frgp13,impostor,13,right,2307,2320,B,85,85,1000,500,0.391,qwen3vl,similarity_score,2026-07-06T23:06:12
I_2307_2321_frgp13,impostor,13,right,2307,2321,B,85,85,1000,500,0.392,qwen3vl,similarity_score,2026-07-06T23:06:13
I_2307_2325_frgp13,impostor,13,right,2307,2325,B,65,65,1000,500,0.384,qwen3vl,similarity_score,2026-07-06T23:06:13
I_2307_2326_frgp13,impostor,13,right,2307,2326,B,85,85,1000,500,0.381,qwen3vl,similarity_score,2026-07-06T23:06:14
I_2307_2327_frgp13,impostor,13,right,2307,2327,B,65,65,1000,500,0.381,qwen3vl,similarity_score,2026-07-06T23:06:14
I_2307_2328_frgp13,impostor,13,right,2307,2328,B,65,65,1000,500,0.383,qwen3vl,similarity_score,2026-07-06T23:06:14
I_2307_2329_frgp13,impostor,13,right,2307,2329,B,65,65,1000,500,0.384,qwen3vl,similarity_score,2026-07-06T23:06:15
I_2307_2330_frgp13,impostor,13,right,2307,2330,B,65,65,1000,500,0.379,qwen3vl,similarity_score,2026-07-06T23:06:15
I_2307_2332_frgp13,impostor,13,right,2307,2332,B,65,65,1000,500,0.381,qwen3vl,similarity_score,2026-07-06T23:06:15
I_2307_2334_frgp13,impostor,13,right,2307,2334,B,65,65,1000,500,0.376,qwen3vl,similarity_score,2026-07-06T23:06:16
I_2307_2337_frgp13,impostor,13,right,2307,2337,B,85,85,1000,500,0.381,qwen3vl,similarity_score,2026-07-06T23:06:16
I_2307_2338_frgp13,impostor,13,right,2307,2338,B,85,85,1000,500,0.383,qwen3vl,similarity_score,2026-07-06T23:06:17
I_2307_2339_frgp13,impostor,13,right,2307,2339,B,65,65,1000,500,0.384,qwen3vl,similarity_score,2026-07-06T23:06:17
I_2307_2340_frgp13,impostor,13,right,2307,2340,B,85,85,1000,500,0.389,qwen3vl,similarity_score,2026-07-06T23:06:17
I_2307_2341_frgp13,impostor,13,right,2307,2341,B,85,85,1000,500,0.384,qwen3vl,similarity_score,2026-07-06T23:06:18
I_2307_2342_frgp13,impostor,13,right,2307,2342,B,65,65,1000,500,0.382,qwen3vl,similarity_score,2026-07-06T23:06:18
I_2307_2344_frgp13,impostor,13,right,2307,2344,B,85,85,1000,500,0.379,qwen3vl,similarity_score,2026-07-06T23:06:19
I_2307_2348_frgp13,impostor,13,right,2307,2348,B,65,65,1000,500,0.384,qwen3vl,similarity_score,2026-07-06T23:06:19
I_2307_2349_frgp13,impostor,13,right,2307,2349,B,85,85,1000,500,0.39,qwen3vl,similarity_score,2026-07-06T23:06:19
I_2307_2351_frgp13,impostor,13,right,2307,2351,B,65,65,1000,500,0.383,qwen3vl,similarity_score,2026-07-06T23:06:20
I_2307_2352_frgp13,impostor,13,right,2307,2352,B,85,85,1000,500,0.382,qwen3vl,similarity_score,2026-07-06T23:06:20
I_2307_2353_frgp13,impostor,13,right,2307,2353,B,85,85,1000,500,0.379,qwen3vl,similarity_score,2026-07-06T23:06:20
I_2307_2355_frgp13,impostor,13,right,2307,2355,B,65,65,1000,500,0.381,qwen3vl,similarity_score,2026-07-06T23:06:21
I_2307_2356_frgp13,impostor,13,right,2307,2356,B,65,65,1000,500,0.382,qwen3vl,similarity_score,2026-07-06T23:06:21
I_2307_2357_frgp13,impostor,13,right,2307,2357,B,65,65,1000,500,0.382,qwen3vl,similarity_score,2026-07-06T23:06:22
I_2307_2358_frgp13,impostor,13,right,2307,2358,B,65,65,1000,500,0.379,qwen3vl,similarity_score,2026-07-06T23:06:22
I_2307_2359_frgp13,impostor,13,right,2307,2359,B,65,65,1000,500,0.383,qwen3vl,similarity_score,2026-07-06T23:06:22
I_2307_2360_frgp13,impostor,13,right,2307,2360,B,65,65,1000,500,0.379,qwen3vl,similarity_score,2026-07-06T23:06:23
I_2307_2362_frgp13,impostor,13,right,2307,2362,B,65,65,1000,500,0.379,qwen3vl,similarity_score,2026-07-06T23:06:23
I_2307_2364_frgp13,impostor,13,right,2307,2364,B,65,65,1000,500,0.382,qwen3vl,similarity_score,2026-07-06T23:06:23
I_2307_2367_frgp13,impostor,13,right,2307,2367,B,85,85,1000,500,0.381,qwen3vl,similarity_score,2026-07-06T23:06:24
I_2307_2368_frgp13,impostor,13,right,2307,2368,B,85,85,1000,500,0.383,qwen3vl,similarity_score,2026-07-06T23:06:24
I_2307_2369_frgp13,impostor,13,right,2307,2369,B,85,85,1000,500,0.383,qwen3vl,similarity_score,2026-07-06T23:06:25
I_2307_2370_frgp13,impostor,13,right,2307,2370,B,65,65,1000,500,0.382,qwen3vl,similarity_score,2026-07-06T23:06:25
I_2307_2371_frgp13,impostor,13,right,2307,2371,B,65,65,1000,500,0.382,qwen3vl,similarity_score,2026-07-06T23:06:25
I_2307_2372_frgp13,impostor,13,right,2307,2372,B,65,65,1000,500,0.381,qwen3vl,similarity_score,2026-07-06T23:06:26
I_2307_2373_frgp13,impostor,13,right,2307,2373,B,85,85,1000,500,0.38,qwen3vl,similarity_score,2026-07-06T23:06:26
I_2307_2374_frgp13,impostor,13,right,2307,2374,B,65,65,1000,500,0.381,qwen3vl,similarity_score,2026-07-06T23:06:27
I_2307_2375_frgp13,impostor,13,right,2307,2375,B,85,85,1000,500,0.383,qwen3vl,similarity_score,2026-07-06T23:06:27
I_2307_2376_frgp13,impostor,13,right,2307,2376,B,65,65,1000,500,0.386,qwen3vl,similarity_score,2026-07-06T23:06:27
I_2307_2379_frgp13,impostor,13,right,2307,2379,B,85,85,1000,500,0.383,qwen3vl,similarity_score,2026-07-06T23:06:28
I_2307_2380_frgp13,impostor,13,right,2307,2380,B,65,65,1000,500,0.383,qwen3vl,similarity_score,2026-07-06T23:06:28
I_2307_2381_frgp13,impostor,13,right,2307,2381,B,65,65,1000,500,0.383,qwen3vl,similarity_score,2026-07-06T23:06:28
I_2307_2383_frgp13,impostor,13,right,2307,2383,B,65,65,1000,500,0.384,qwen3vl,similarity_score,2026-07-06T23:06:29
I_2307_2384_frgp13,impostor,13,right,2307,2384,B,85,85,1000,500,0.389,qwen3vl,similarity_score,2026-07-06T23:06:29
I_2307_2386_frgp13,impostor,13,right,2307,2386,B,65,65,1000,500,0.385,qwen3vl,similarity_score,2026-07-06T23:06:30
I_2307_2388_frgp13,impostor,13,right,2307,2388,B,85,85,1000,500,0.385,qwen3vl,similarity_score,2026-07-06T23:06:30
I_2307_2391_frgp13,impostor,13,right,2307,2391,B,85,85,1000,500,0.384,qwen3vl,similarity_score,2026-07-06T23:06:30
I_2307_2392_frgp13,impostor,13,right,2307,2392,B,85,85,1000,500,0.383,qwen3vl,similarity_score,2026-07-06T23:06:31
I_2307_2394_frgp13,impostor,13,right,2307,2394,B,65,65,1000,500,0.379,qwen3vl,similarity_score,2026-07-06T23:06:31
I_2307_2395_frgp13,impostor,13,right,2307,2395,B,85,85,1000,500,0.402,qwen3vl,similarity_score,2026-07-06T23:06:32
I_2307_2396_frgp13,impostor,13,right,2307,2396,B,65,65,1000,500,0.385,qwen3vl,similarity_score,2026-07-06T23:06:32
I_2307_2398_frgp13,impostor,13,right,2307,2398,B,85,85,1000,500,0.383,qwen3vl,similarity_score,2026-07-06T23:06:32
I_2307_2399_frgp13,impostor,13,right,2307,2399,B,65,65,1000,500,0.382,qwen3vl,similarity_score,2026-07-06T23:06:33
I_2307_2401_frgp13,impostor,13,right,2307,2401,B,65,65,1000,500,0.383,qwen3vl,similarity_score,2026-07-06T23:06:33
I_2307_2402_frgp13,impostor,13,right,2307,2402,B,85,85,1000,500,0.386,qwen3vl,similarity_score,2026-07-06T23:06:33
I_2307_2403_frgp13,impostor,13,right,2307,2403,B,65,65,1000,500,0.383,qwen3vl,similarity_score,2026-07-06T23:06:34
I_2307_2405_frgp13,impostor,13,right,2307,2405,B,65,65,1000,500,0.405,qwen3vl,similarity_score,2026-07-06T23:06:34
I_2307_2406_frgp13,impostor,13,right,2307,2406,B,85,85,1000,500,0.381,qwen3vl,similarity_score,2026-07-06T23:06:35
I_2307_2407_frgp13,impostor,13,right,2307,2407,B,65,65,1000,500,0.384,qwen3vl,similarity_score,2026-07-06T23:06:35
I_2307_2408_frgp13,impostor,13,right,2307,2408,B,65,65,1000,500,0.382,qwen3vl,similarity_score,2026-07-06T23:06:35
I_2307_2409_frgp13,impostor,13,right,2307,2409,B,65,65,1000,500,0.383,qwen3vl,similarity_score,2026-07-06T23:06:36
I_2307_2412_frgp13,impostor,13,right,2307,2412,B,65,65,1000,500,0.382,qwen3vl,similarity_score,2026-07-06T23:06:36
I_2307_2413_frgp13,impostor,13,right,2307,2413,B,85,85,1000,500,0.383,qwen3vl,similarity_score,2026-07-06T23:06:37
I_2307_2415_frgp13,impostor,13,right,2307,2415,B,85,85,1000,500,0.387,qwen3vl,similarity_score,2026-07-06T23:06:37
I_2307_2418_frgp13,impostor,13,right,2307,2418,B,85,85,1000,500,0.383,qwen3vl,similarity_score,2026-07-06T23:06:37
I_2307_2423_frgp13,impostor,13,right,2307,2423,B,65,65,1000,500,0.385,qwen3vl,similarity_score,2026-07-06T23:06:38
I_2307_2424_frgp13,impostor,13,right,2307,2424,B,85,85,1000,500,0.386,qwen3vl,similarity_score,2026-07-06T23:06:38
I_2307_2425_frgp13,impostor,13,right,2307,2425,B,85,85,1000,500,0.383,qwen3vl,similarity_score,2026-07-06T23:06:38
I_2307_2426_frgp13,impostor,13,right,2307,2426,B,65,65,1000,500,0.383,qwen3vl,similarity_score,2026-07-06T23:06:39
I_2307_2428_frgp13,impostor,13,right,2307,2428,B,85,85,1000,500,0.383,qwen3vl,similarity_score,2026-07-06T23:06:39
I_2307_2440_frgp13,impostor,13,right,2307,2440,B,65,65,1000,500,0.381,qwen3vl,similarity_score,2026-07-06T23:06:40
I_2307_2447_frgp13,impostor,13,right,2307,2447,B,85,85,1000,500,0.381,qwen3vl,similarity_score,2026-07-06T23:06:40
I_2307_2455_frgp13,impostor,13,right,2307,2455,B,65,65,1000,500,0.382,qwen3vl,similarity_score,2026-07-06T23:06:40
I_2307_2462_frgp13,impostor,13,right,2307,2462,B,65,65,1000,500,0.381,qwen3vl,similarity_score,2026-07-06T23:06:41
I_2307_2463_frgp13,impostor,13,right,2307,2463,B,65,65,1000,500,0.382,qwen3vl,similarity_score,2026-07-06T23:06:41
I_2307_2481_frgp13,impostor,13,right,2307,2481,B,65,65,1000,500,0.382,qwen3vl,similarity_score,2026-07-06T23:06:42
I_2310_2312_frgp13,impostor,13,right,2310,2312,B,65,65,1000,500,0.38,qwen3vl,similarity_score,2026-07-06T23:06:42
I_2310_2313_frgp13,impostor,13,right,2310,2313,B,65,65,1000,500,0.38,qwen3vl,similarity_score,2026-07-06T23:06:42
I_2310_2314_frgp13,impostor,13,right,2310,2314,B,65,65,1000,500,0.379,qwen3vl,similarity_score,2026-07-06T23:06:43
I_2310_2315_frgp13,impostor,13,right,2310,2315,B,85,85,1000,500,0.38,qwen3vl,similarity_score,2026-07-06T23:06:43
I_2310_2317_frgp13,impostor,13,right,2310,2317,B,65,65,1000,500,0.383,qwen3vl,similarity_score,2026-07-06T23:06:43
I_2310_2319_frgp13,impostor,13,right,2310,2319,B,65,65,1000,500,0.383,qwen3vl,similarity_score,2026-07-06T23:06:44
I_2310_2320_frgp13,impostor,13,right,2310,2320,B,65,65,1000,500,0.399,qwen3vl,similarity_score,2026-07-06T23:06:44
I_2310_2321_frgp13,impostor,13,right,2310,2321,B,85,85,1000,500,0.383,qwen3vl,similarity_score,2026-07-06T23:06:45
I_2310_2325_frgp13,impostor,13,right,2310,2325,B,65,65,1000,500,0.381,qwen3vl,similarity_score,2026-07-06T23:06:45
I_2310_2326_frgp13,impostor,13,right,2310,2326,B,65,65,1000,500,0.383,qwen3vl,similarity_score,2026-07-06T23:06:45
I_2310_2327_frgp13,impostor,13,right,2310,2327,B,65,65,1000,500,0.379,qwen3vl,similarity_score,2026-07-06T23:06:46
I_2310_2328_frgp13,impostor,13,right,2310,2328,B,65,65,1000,500,0.382,qwen3vl,similarity_score,2026-07-06T23:06:46
I_2310_2329_frgp13,impostor,13,right,2310,2329,B,85,85,1000,500,0.38,qwen3vl,similarity_score,2026-07-06T23:06:46
I_2310_2330_frgp13,impostor,13,right,2310,2330,B,65,65,1000,500,0.38,qwen3vl,similarity_score,2026-07-06T23:06:47
I_2310_2332_frgp13,impostor,13,right,2310,2332,B,65,65,1000,500,0.379,qwen3vl,similarity_score,2026-07-06T23:06:47
I_2310_2334_frgp13,impostor,13,right,2310,2334,B,65,65,1000,500,0.379,qwen3vl,similarity_score,2026-07-06T23:06:48
I_2310_2337_frgp13,impostor,13,right,2310,2337,B,95,95,1000,500,0.381,qwen3vl,similarity_score,2026-07-06T23:06:48
I_2310_2338_frgp13,impostor,13,right,2310,2338,B,65,65,1000,500,0.382,qwen3vl,similarity_score,2026-07-06T23:06:48
I_2310_2339_frgp13,impostor,13,right,2310,2339,B,85,85,1000,500,0.381,qwen3vl,similarity_score,2026-07-06T23:06:49
I_2310_2340_frgp13,impostor,13,right,2310,2340,B,85,85,1000,500,0.381,qwen3vl,similarity_score,2026-07-06T23:06:49
I_2310_2341_frgp13,impostor,13,right,2310,2341,B,65,65,1000,500,0.379,qwen3vl,similarity_score,2026-07-06T23:06:50
I_2310_2342_frgp13,impostor,13,right,2310,2342,B,65,65,1000,500,0.381,qwen3vl,similarity_score,2026-07-06T23:06:50
I_2310_2344_frgp13,impostor,13,right,2310,2344,B,65,65,1000,500,0.382,qwen3vl,similarity_score,2026-07-06T23:06:50
I_2310_2348_frgp13,impostor,13,right,2310,2348,B,65,65,1000,500,0.382,qwen3vl,similarity_score,2026-07-06T23:06:51
I_2310_2349_frgp13,impostor,13,right,2310,2349,B,65,65,1000,500,0.388,qwen3vl,similarity_score,2026-07-06T23:06:51
I_2310_2351_frgp13,impostor,13,right,2310,2351,B,65,65,1000,500,0.381,qwen3vl,similarity_score,2026-07-06T23:06:51
I_2310_2352_frgp13,impostor,13,right,2310,2352,B,65,65,1000,500,0.377,qwen3vl,similarity_score,2026-07-06T23:06:52
I_2310_2353_frgp13,impostor,13,right,2310,2353,B,65,65,1000,500,0.379,qwen3vl,similarity_score,2026-07-06T23:06:52
I_2310_2355_frgp13,impostor,13,right,2310,2355,B,65,65,1000,500,0.375,qwen3vl,similarity_score,2026-07-06T23:06:53
I_2310_2356_frgp13,impostor,13,right,2310,2356,B,65,65,1000,500,0.379,qwen3vl,similarity_score,2026-07-06T23:06:53
I_2310_2357_frgp13,impostor,13,right,2310,2357,B,65,65,1000,500,0.383,qwen3vl,similarity_score,2026-07-06T23:06:53
I_2310_2358_frgp13,impostor,13,right,2310,2358,B,65,65,1000,500,0.383,qwen3vl,similarity_score,2026-07-06T23:06:54
I_2310_2359_frgp13,impostor,13,right,2310,2359,B,65,65,1000,500,0.383,qwen3vl,similarity_score,2026-07-06T23:06:54
I_2310_2360_frgp13,impostor,13,right,2310,2360,B,85,85,1000,500,0.381,qwen3vl,similarity_score,2026-07-06T23:06:54
I_2310_2362_frgp13,impostor,13,right,2310,2362,B,65,65,1000,500,0.38,qwen3vl,similarity_score,2026-07-06T23:06:55
I_2310_2364_frgp13,impostor,13,right,2310,2364,B,65,65,1000,500,0.376,qwen3vl,similarity_score,2026-07-06T23:06:55
I_2310_2367_frgp13,impostor,13,right,2310,2367,B,0,0,1000,500,0.363,qwen3vl,similarity_score,2026-07-06T23:06:56
I_2310_2368_frgp13,impostor,13,right,2310,2368,B,65,65,1000,500,0.38,qwen3vl,similarity_score,2026-07-06T23:06:56
I_2310_2369_frgp13,impostor,13,right,2310,2369,B,85,85,1000,500,0.38,qwen3vl,similarity_score,2026-07-06T23:06:56
I_2310_2370_frgp13,impostor,13,right,2310,2370,B,65,65,1000,500,0.383,qwen3vl,similarity_score,2026-07-06T23:06:57
I_2310_2371_frgp13,impostor,13,right,2310,2371,B,65,65,1000,500,0.381,qwen3vl,similarity_score,2026-07-06T23:06:57
I_2310_2372_frgp13,impostor,13,right,2310,2372,B,65,65,1000,500,0.378,qwen3vl,similarity_score,2026-07-06T23:06:58
I_2310_2373_frgp13,impostor,13,right,2310,2373,B,65,65,1000,500,0.382,qwen3vl,similarity_score,2026-07-06T23:06:58
I_2310_2374_frgp13,impostor,13,right,2310,2374,B,65,65,1000,500,0.386,qwen3vl,similarity_score,2026-07-06T23:06:58
I_2310_2375_frgp13,impostor,13,right,2310,2375,B,65,65,1000,500,0.383,qwen3vl,similarity_score,2026-07-06T23:06:59
I_2310_2376_frgp13,impostor,13,right,2310,2376,B,65,65,1000,500,0.386,qwen3vl,similarity_score,2026-07-06T23:06:59
I_2310_2379_frgp13,impostor,13,right,2310,2379,B,65,65,1000,500,0.384,qwen3vl,similarity_score,2026-07-06T23:06:59
I_2310_2380_frgp13,impostor,13,right,2310,2380,B,65,65,1000,500,0.381,qwen3vl,similarity_score,2026-07-06T23:07:00
I_2310_2381_frgp13,impostor,13,right,2310,2381,B,65,65,1000,500,0.38,qwen3vl,similarity_score,2026-07-06T23:07:00
I_2310_2383_frgp13,impostor,13,right,2310,2383,B,65,65,1000,500,0.379,qwen3vl,similarity_score,2026-07-06T23:07:01
I_2310_2384_frgp13,impostor,13,right,2310,2384,B,65,65,1000,500,0.38,qwen3vl,similarity_score,2026-07-06T23:07:01
I_2310_2386_frgp13,impostor,13,right,2310,2386,B,0,0,1000,500,0.363,qwen3vl,similarity_score,2026-07-06T23:07:01
I_2310_2388_frgp13,impostor,13,right,2310,2388,B,65,65,1000,500,0.382,qwen3vl,similarity_score,2026-07-06T23:07:02
I_2310_2391_frgp13,impostor,13,right,2310,2391,B,65,65,1000,500,0.381,qwen3vl,similarity_score,2026-07-06T23:07:02
I_2310_2392_frgp13,impostor,13,right,2310,2392,B,65,65,1000,500,0.378,qwen3vl,similarity_score,2026-07-06T23:07:02
I_2310_2394_frgp13,impostor,13,right,2310,2394,B,65,65,1000,500,0.378,qwen3vl,similarity_score,2026-07-06T23:07:03
I_2310_2395_frgp13,impostor,13,right,2310,2395,B,65,65,1000,500,0.38,qwen3vl,similarity_score,2026-07-06T23:07:03
I_2310_2396_frgp13,impostor,13,right,2310,2396,B,65,65,1000,500,0.382,qwen3vl,similarity_score,2026-07-06T23:07:04
I_2310_2398_frgp13,impostor,13,right,2310,2398,B,65,65,1000,500,0.38,qwen3vl,similarity_score,2026-07-06T23:07:04
I_2310_2399_frgp13,impostor,13,right,2310,2399,B,65,65,1000,500,0.382,qwen3vl,similarity_score,2026-07-06T23:07:04
I_2310_2401_frgp13,impostor,13,right,2310,2401,B,65,65,1000,500,0.386,qwen3vl,similarity_score,2026-07-06T23:07:05
I_2310_2402_frgp13,impostor,13,right,2310,2402,B,65,65,1000,500,0.385,qwen3vl,similarity_score,2026-07-06T23:07:05
I_2310_2403_frgp13,impostor,13,right,2310,2403,B,65,65,1000,500,0.379,qwen3vl,similarity_score,2026-07-06T23:07:06
I_2310_2405_frgp13,impostor,13,right,2310,2405,B,65,65,1000,500,0.382,qwen3vl,similarity_score,2026-07-06T23:07:06
I_2310_2406_frgp13,impostor,13,right,2310,2406,B,65,65,1000,500,0.387,qwen3vl,similarity_score,2026-07-06T23:07:06
I_2310_2407_frgp13,impostor,13,right,2310,2407,B,65,65,1000,500,0.382,qwen3vl,similarity_score,2026-07-06T23:07:07
I_2310_2408_frgp13,impostor,13,right,2310,2408,B,65,65,1000,500,0.384,qwen3vl,similarity_score,2026-07-06T23:07:07
I_2310_2409_frgp13,impostor,13,right,2310,2409,B,65,65,1000,500,0.381,qwen3vl,similarity_score,2026-07-06T23:07:07
I_2310_2412_frgp13,impostor,13,right,2310,2412,B,65,65,1000,500,0.382,qwen3vl,similarity_score,2026-07-06T23:07:08
I_2310_2413_frgp13,impostor,13,right,2310,2413,B,65,65,1000,500,0.383,qwen3vl,similarity_score,2026-07-06T23:07:08
I_2310_2415_frgp13,impostor,13,right,2310,2415,B,65,65,1000,500,0.383,qwen3vl,similarity_score,2026-07-06T23:07:09
I_2310_2418_frgp13,impostor,13,right,2310,2418,B,65,65,1000,500,0.383,qwen3vl,similarity_score,2026-07-06T23:07:09
I_2310_2423_frgp13,impostor,13,right,2310,2423,B,65,65,1000,500,0.379,qwen3vl,similarity_score,2026-07-06T23:07:09
I_2310_2424_frgp13,impostor,13,right,2310,2424,B,65,65,1000,500,0.382,qwen3vl,similarity_score,2026-07-06T23:07:10
I_2310_2425_frgp13,impostor,13,right,2310,2425,B,85,85,1000,500,0.38,qwen3vl,similarity_score,2026-07-06T23:07:10
I_2310_2426_frgp13,impostor,13,right,2310,2426,B,65,65,1000,500,0.379,qwen3vl,similarity_score,2026-07-06T23:07:10
I_2310_2428_frgp13,impostor,13,right,2310,2428,B,85,85,1000,500,0.378,qwen3vl,similarity_score,2026-07-06T23:07:11
I_2310_2440_frgp13,impostor,13,right,2310,2440,B,85,85,1000,500,0.383,qwen3vl,similarity_score,2026-07-06T23:07:11
I_2310_2447_frgp13,impostor,13,right,2310,2447,B,65,65,1000,500,0.382,qwen3vl,similarity_score,2026-07-06T23:07:12
I_2310_2455_frgp13,impostor,13,right,2310,2455,B,65,65,1000,500,0.38,qwen3vl,similarity_score,2026-07-06T23:07:12
I_2310_2462_frgp13,impostor,13,right,2310,2462,B,85,85,1000,500,0.379,qwen3vl,similarity_score,2026-07-06T23:07:12
I_2310_2463_frgp13,impostor,13,right,2310,2463,B,65,65,1000,500,0.38,qwen3vl,similarity_score,2026-07-06T23:07:13
I_2310_2481_frgp13,impostor,13,right,2310,2481,B,65,65,1000,500,0.385,qwen3vl,similarity_score,2026-07-06T23:07:13
I_2312_2313_frgp13,impostor,13,right,2312,2313,B,65,65,1000,500,0.385,qwen3vl,similarity_score,2026-07-06T23:07:14
I_2312_2314_frgp13,impostor,13,right,2312,2314,B,65,65,1000,500,0.382,qwen3vl,similarity_score,2026-07-06T23:07:14
I_2312_2315_frgp13,impostor,13,right,2312,2315,B,85,85,1000,500,0.382,qwen3vl,similarity_score,2026-07-06T23:07:14
I_2312_2317_frgp13,impostor,13,right,2312,2317,B,85,85,1000,500,0.383,qwen3vl,similarity_score,2026-07-06T23:07:15
I_2312_2319_frgp13,impostor,13,right,2312,2319,B,85,85,1000,500,0.38,qwen3vl,similarity_score,2026-07-06T23:07:15
I_2312_2320_frgp13,impostor,13,right,2312,2320,B,85,85,1000,500,0.381,qwen3vl,similarity_score,2026-07-06T23:07:15
I_2312_2321_frgp13,impostor,13,right,2312,2321,B,65,65,1000,500,0.381,qwen3vl,similarity_score,2026-07-06T23:07:16
I_2312_2325_frgp13,impostor,13,right,2312,2325,B,65,65,1000,500,0.378,qwen3vl,similarity_score,2026-07-06T23:07:16
I_2312_2326_frgp13,impostor,13,right,2312,2326,B,65,65,1000,500,0.382,qwen3vl,similarity_score,2026-07-06T23:07:17
I_2312_2327_frgp13,impostor,13,right,2312,2327,B,65,65,1000,500,0.38,qwen3vl,similarity_score,2026-07-06T23:07:17
I_2312_2328_frgp13,impostor,13,right,2312,2328,B,65,65,1000,500,0.38,qwen3vl,similarity_score,2026-07-06T23:07:17
I_2312_2329_frgp13,impostor,13,right,2312,2329,B,85,85,1000,500,0.378,qwen3vl,similarity_score,2026-07-06T23:07:18
I_2312_2330_frgp13,impostor,13,right,2312,2330,B,65,65,1000,500,0.38,qwen3vl,similarity_score,2026-07-06T23:07:18
I_2312_2332_frgp13,impostor,13,right,2312,2332,B,85,85,1000,500,0.382,qwen3vl,similarity_score,2026-07-06T23:07:18
I_2312_2334_frgp13,impostor,13,right,2312,2334,B,65,65,1000,500,0.382,qwen3vl,similarity_score,2026-07-06T23:07:19
I_2312_2337_frgp13,impostor,13,right,2312,2337,B,85,85,1000,500,0.38,qwen3vl,similarity_score,2026-07-06T23:07:19
I_2312_2338_frgp13,impostor,13,right,2312,2338,B,85,85,1000,500,0.379,qwen3vl,similarity_score,2026-07-06T23:07:20
I_2312_2339_frgp13,impostor,13,right,2312,2339,B,65,65,1000,500,0.377,qwen3vl,similarity_score,2026-07-06T23:07:20
I_2312_2340_frgp13,impostor,13,right,2312,2340,B,85,85,1000,500,0.382,qwen3vl,similarity_score,2026-07-06T23:07:20
I_2312_2341_frgp13,impostor,13,right,2312,2341,B,65,65,1000,500,0.385,qwen3vl,similarity_score,2026-07-06T23:07:21
I_2312_2342_frgp13,impostor,13,right,2312,2342,B,65,65,1000,500,0.389,qwen3vl,similarity_score,2026-07-06T23:07:21
I_2312_2344_frgp13,impostor,13,right,2312,2344,B,65,65,1000,500,0.383,qwen3vl,similarity_score,2026-07-06T23:07:22
I_2312_2348_frgp13,impostor,13,right,2312,2348,B,65,65,1000,500,0.38,qwen3vl,similarity_score,2026-07-06T23:07:22
I_2312_2349_frgp13,impostor,13,right,2312,2349,B,30,30,1000,500,0.389,qwen3vl,similarity_score,2026-07-06T23:07:22
I_2312_2351_frgp13,impostor,13,right,2312,2351,B,65,65,1000,500,0.381,qwen3vl,similarity_score,2026-07-06T23:07:23
I_2312_2352_frgp13,impostor,13,right,2312,2352,B,65,65,1000,500,0.384,qwen3vl,similarity_score,2026-07-06T23:07:23
I_2312_2353_frgp13,impostor,13,right,2312,2353,B,85,85,1000,500,0.383,qwen3vl,similarity_score,2026-07-06T23:07:23
I_2312_2355_frgp13,impostor,13,right,2312,2355,B,85,85,1000,500,0.381,qwen3vl,similarity_score,2026-07-06T23:07:24
I_2312_2356_frgp13,impostor,13,right,2312,2356,B,65,65,1000,500,0.381,qwen3vl,similarity_score,2026-07-06T23:07:24
I_2312_2357_frgp13,impostor,13,right,2312,2357,B,65,65,1000,500,0.384,qwen3vl,similarity_score,2026-07-06T23:07:25
I_2312_2358_frgp13,impostor,13,right,2312,2358,B,65,65,1000,500,0.376,qwen3vl,similarity_score,2026-07-06T23:07:25
I_2312_2359_frgp13,impostor,13,right,2312,2359,B,65,65,1000,500,0.381,qwen3vl,similarity_score,2026-07-06T23:07:25
I_2312_2360_frgp13,impostor,13,right,2312,2360,B,85,85,1000,500,0.38,qwen3vl,similarity_score,2026-07-06T23:07:26
I_2312_2362_frgp13,impostor,13,right,2312,2362,B,85,85,1000,500,0.382,qwen3vl,similarity_score,2026-07-06T23:07:26
I_2312_2364_frgp13,impostor,13,right,2312,2364,B,85,85,1000,500,0.377,qwen3vl,similarity_score,2026-07-06T23:07:27
I_2312_2367_frgp13,impostor,13,right,2312,2367,B,65,65,1000,500,0.383,qwen3vl,similarity_score,2026-07-06T23:07:27
I_2312_2368_frgp13,impostor,13,right,2312,2368,B,65,65,1000,500,0.383,qwen3vl,similarity_score,2026-07-06T23:07:27
I_2312_2369_frgp13,impostor,13,right,2312,2369,B,85,85,1000,500,0.383,qwen3vl,similarity_score,2026-07-06T23:07:28
I_2312_2370_frgp13,impostor,13,right,2312,2370,B,65,65,1000,500,0.382,qwen3vl,similarity_score,2026-07-06T23:07:28
I_2312_2371_frgp13,impostor,13,right,2312,2371,B,85,85,1000,500,0.383,qwen3vl,similarity_score,2026-07-06T23:07:28
I_2312_2372_frgp13,impostor,13,right,2312,2372,B,65,65,1000,500,0.382,qwen3vl,similarity_score,2026-07-06T23:07:29
I_2312_2373_frgp13,impostor,13,right,2312,2373,B,65,65,1000,500,0.383,qwen3vl,similarity_score,2026-07-06T23:07:29
I_2312_2374_frgp13,impostor,13,right,2312,2374,B,85,85,1000,500,0.391,qwen3vl,similarity_score,2026-07-06T23:07:30
I_2312_2375_frgp13,impostor,13,right,2312,2375,B,65,65,1000,500,0.385,qwen3vl,similarity_score,2026-07-06T23:07:30
I_2312_2376_frgp13,impostor,13,right,2312,2376,B,65,65,1000,500,0.386,qwen3vl,similarity_score,2026-07-06T23:07:30
I_2312_2379_frgp13,impostor,13,right,2312,2379,B,65,65,1000,500,0.381,qwen3vl,similarity_score,2026-07-06T23:07:31
I_2312_2380_frgp13,impostor,13,right,2312,2380,B,85,85,1000,500,0.38,qwen3vl,similarity_score,2026-07-06T23:07:31
I_2312_2381_frgp13,impostor,13,right,2312,2381,B,65,65,1000,500,0.383,qwen3vl,similarity_score,2026-07-06T23:07:31
I_2312_2383_frgp13,impostor,13,right,2312,2383,B,85,85,1000,500,0.382,qwen3vl,similarity_score,2026-07-06T23:07:32
I_2312_2384_frgp13,impostor,13,right,2312,2384,B,85,85,1000,500,0.383,qwen3vl,similarity_score,2026-07-06T23:07:32
I_2312_2386_frgp13,impostor,13,right,2312,2386,B,65,65,1000,500,0.38,qwen3vl,similarity_score,2026-07-06T23:07:33
I_2312_2388_frgp13,impostor,13,right,2312,2388,B,65,65,1000,500,0.384,qwen3vl,similarity_score,2026-07-06T23:07:33
I_2312_2391_frgp13,impostor,13,right,2312,2391,B,85,85,1000,500,0.384,qwen3vl,similarity_score,2026-07-06T23:07:33
I_2312_2392_frgp13,impostor,13,right,2312,2392,B,85,85,1000,500,0.383,qwen3vl,similarity_score,2026-07-06T23:07:34
I_2312_2394_frgp13,impostor,13,right,2312,2394,B,65,65,1000,500,0.378,qwen3vl,similarity_score,2026-07-06T23:07:34
I_2312_2395_frgp13,impostor,13,right,2312,2395,B,85,85,1000,500,0.38,qwen3vl,similarity_score,2026-07-06T23:07:35
I_2312_2396_frgp13,impostor,13,right,2312,2396,B,65,65,1000,500,0.38,qwen3vl,similarity_score,2026-07-06T23:07:35
I_2312_2398_frgp13,impostor,13,right,2312,2398,B,65,65,1000,500,0.385,qwen3vl,similarity_score,2026-07-06T23:07:35
I_2312_2399_frgp13,impostor,13,right,2312,2399,B,65,65,1000,500,0.384,qwen3vl,similarity_score,2026-07-06T23:07:36
I_2312_2401_frgp13,impostor,13,right,2312,2401,B,65,65,1000,500,0.385,qwen3vl,similarity_score,2026-07-06T23:07:36
I_2312_2402_frgp13,impostor,13,right,2312,2402,B,65,65,1000,500,0.389,qwen3vl,similarity_score,2026-07-06T23:07:36
I_2312_2403_frgp13,impostor,13,right,2312,2403,B,65,65,1000,500,0.39,qwen3vl,similarity_score,2026-07-06T23:07:37
I_2312_2405_frgp13,impostor,13,right,2312,2405,B,65,65,1000,500,0.388,qwen3vl,similarity_score,2026-07-06T23:07:37
I_2312_2406_frgp13,impostor,13,right,2312,2406,B,65,65,1000,500,0.389,qwen3vl,similarity_score,2026-07-06T23:07:38
I_2312_2407_frgp13,impostor,13,right,2312,2407,B,65,65,1000,500,0.387,qwen3vl,similarity_score,2026-07-06T23:07:38
I_2312_2408_frgp13,impostor,13,right,2312,2408,B,65,65,1000,500,0.392,qwen3vl,similarity_score,2026-07-06T23:07:38
I_2312_2409_frgp13,impostor,13,right,2312,2409,B,85,85,1000,500,0.408,qwen3vl,similarity_score,2026-07-06T23:07:39
I_2312_2412_frgp13,impostor,13,right,2312,2412,B,65,65,1000,500,0.398,qwen3vl,similarity_score,2026-07-06T23:07:39
I_2312_2413_frgp13,impostor,13,right,2312,2413,B,65,65,1000,500,0.397,qwen3vl,similarity_score,2026-07-06T23:07:40
I_2312_2415_frgp13,impostor,13,right,2312,2415,B,65,65,1000,500,0.385,qwen3vl,similarity_score,2026-07-06T23:07:40
I_2312_2418_frgp13,impostor,13,right,2312,2418,B,85,85,1000,500,0.391,qwen3vl,similarity_score,2026-07-06T23:07:40
I_2312_2423_frgp13,impostor,13,right,2312,2423,B,65,65,1000,500,0.391,qwen3vl,similarity_score,2026-07-06T23:07:41
I_2312_2424_frgp13,impostor,13,right,2312,2424,B,85,85,1000,500,0.403,qwen3vl,similarity_score,2026-07-06T23:07:41
I_2312_2425_frgp13,impostor,13,right,2312,2425,B,65,65,1000,500,0.397,qwen3vl,similarity_score,2026-07-06T23:07:42
I_2312_2426_frgp13,impostor,13,right,2312,2426,B,65,65,1000,500,0.397,qwen3vl,similarity_score,2026-07-06T23:07:42
I_2312_2428_frgp13,impostor,13,right,2312,2428,B,85,85,1000,500,0.381,qwen3vl,similarity_score,2026-07-06T23:07:42
I_2312_2440_frgp13,impostor,13,right,2312,2440,B,85,85,1000,500,0.385,qwen3vl,similarity_score,2026-07-06T23:07:43
I_2312_2447_frgp13,impostor,13,right,2312,2447,B,65,65,1000,500,0.389,qwen3vl,similarity_score,2026-07-06T23:07:43
I_2312_2455_frgp13,impostor,13,right,2312,2455,B,65,65,1000,500,0.384,qwen3vl,similarity_score,2026-07-06T23:07:44
I_2312_2462_frgp13,impostor,13,right,2312,2462,B,85,85,1000,500,0.381,qwen3vl,similarity_score,2026-07-06T23:07:44
I_2312_2463_frgp13,impostor,13,right,2312,2463,B,65,65,1000,500,0.381,qwen3vl,similarity_score,2026-07-06T23:07:44
I_2312_2481_frgp13,impostor,13,right,2312,2481,B,65,65,1000,500,0.385,qwen3vl,similarity_score,2026-07-06T23:07:45
I_2313_2314_frgp13,impostor,13,right,2313,2314,B,65,65,1000,500,0.38,qwen3vl,similarity_score,2026-07-06T23:07:45
I_2313_2315_frgp13,impostor,13,right,2313,2315,B,95,95,1000,500,0.383,qwen3vl,similarity_score,2026-07-06T23:07:45
I_2313_2317_frgp13,impostor,13,right,2313,2317,B,95,95,1000,500,0.383,qwen3vl,similarity_score,2026-07-06T23:07:46
I_2313_2319_frgp13,impostor,13,right,2313,2319,B,65,65,1000,500,0.381,qwen3vl,similarity_score,2026-07-06T23:07:46
I_2313_2320_frgp13,impostor,13,right,2313,2320,B,65,65,1000,500,0.382,qwen3vl,similarity_score,2026-07-06T23:07:47
I_2313_2321_frgp13,impostor,13,right,2313,2321,B,65,65,1000,500,0.379,qwen3vl,similarity_score,2026-07-06T23:07:47
I_2313_2325_frgp13,impostor,13,right,2313,2325,B,65,65,1000,500,0.384,qwen3vl,similarity_score,2026-07-06T23:07:47
I_2313_2326_frgp13,impostor,13,right,2313,2326,B,65,65,1000,500,0.389,qwen3vl,similarity_score,2026-07-06T23:07:48
I_2313_2327_frgp13,impostor,13,right,2313,2327,B,65,65,1000,500,0.38,qwen3vl,similarity_score,2026-07-06T23:07:48
I_2313_2328_frgp13,impostor,13,right,2313,2328,B,65,65,1000,500,0.381,qwen3vl,similarity_score,2026-07-06T23:07:48
I_2313_2329_frgp13,impostor,13,right,2313,2329,B,85,85,1000,500,0.383,qwen3vl,similarity_score,2026-07-06T23:07:49
I_2313_2330_frgp13,impostor,13,right,2313,2330,B,65,65,1000,500,0.389,qwen3vl,similarity_score,2026-07-06T23:07:49
I_2313_2332_frgp13,impostor,13,right,2313,2332,B,65,65,1000,500,0.388,qwen3vl,similarity_score,2026-07-06T23:07:50
I_2313_2334_frgp13,impostor,13,right,2313,2334,B,65,65,1000,500,0.389,qwen3vl,similarity_score,2026-07-06T23:07:50
I_2313_2337_frgp13,impostor,13,right,2313,2337,B,85,85,1000,500,0.39,qwen3vl,similarity_score,2026-07-06T23:07:50
I_2313_2338_frgp13,impostor,13,right,2313,2338,B,95,95,1000,500,0.391,qwen3vl,similarity_score,2026-07-06T23:07:51
I_2313_2339_frgp13,impostor,13,right,2313,2339,B,65,65,1000,500,0.388,qwen3vl,similarity_score,2026-07-06T23:07:51
I_2313_2340_frgp13,impostor,13,right,2313,2340,B,85,85,1000,500,0.391,qwen3vl,similarity_score,2026-07-06T23:07:52
I_2313_2341_frgp13,impostor,13,right,2313,2341,B,65,65,1000,500,0.394,qwen3vl,similarity_score,2026-07-06T23:07:52
I_2313_2342_frgp13,impostor,13,right,2313,2342,B,65,65,1000,500,0.385,qwen3vl,similarity_score,2026-07-06T23:07:52
I_2313_2344_frgp13,impostor,13,right,2313,2344,B,65,65,1000,500,0.383,qwen3vl,similarity_score,2026-07-06T23:07:53
I_2313_2348_frgp13,impostor,13,right,2313,2348,B,65,65,1000,500,0.389,qwen3vl,similarity_score,2026-07-06T23:07:53
I_2313_2349_frgp13,impostor,13,right,2313,2349,B,65,65,1000,500,0.386,qwen3vl,similarity_score,2026-07-06T23:07:54
I_2313_2351_frgp13,impostor,13,right,2313,2351,B,65,65,1000,500,0.384,qwen3vl,similarity_score,2026-07-06T23:07:54
I_2313_2352_frgp13,impostor,13,right,2313,2352,B,65,65,1000,500,0.385,qwen3vl,similarity_score,2026-07-06T23:07:54
I_2313_2353_frgp13,impostor,13,right,2313,2353,B,65,65,1000,500,0.381,qwen3vl,similarity_score,2026-07-06T23:07:55
I_2313_2355_frgp13,impostor,13,right,2313,2355,B,65,65,1000,500,0.379,qwen3vl,similarity_score,2026-07-06T23:07:55
I_2313_2356_frgp13,impostor,13,right,2313,2356,B,65,65,1000,500,0.381,qwen3vl,similarity_score,2026-07-06T23:07:55
I_2313_2357_frgp13,impostor,13,right,2313,2357,B,65,65,1000,500,0.387,qwen3vl,similarity_score,2026-07-06T23:07:56
I_2313_2358_frgp13,impostor,13,right,2313,2358,B,65,65,1000,500,0.381,qwen3vl,similarity_score,2026-07-06T23:07:56
I_2313_2359_frgp13,impostor,13,right,2313,2359,B,65,65,1000,500,0.39,qwen3vl,similarity_score,2026-07-06T23:07:57
I_2313_2360_frgp13,impostor,13,right,2313,2360,B,65,65,1000,500,0.386,qwen3vl,similarity_score,2026-07-06T23:07:57
I_2313_2362_frgp13,impostor,13,right,2313,2362,B,65,65,1000,500,0.385,qwen3vl,similarity_score,2026-07-06T23:07:57
I_2313_2364_frgp13,impostor,13,right,2313,2364,B,65,65,1000,500,0.382,qwen3vl,similarity_score,2026-07-06T23:07:58
I_2313_2367_frgp13,impostor,13,right,2313,2367,B,65,65,1000,500,0.384,qwen3vl,similarity_score,2026-07-06T23:07:58
I_2313_2368_frgp13,impostor,13,right,2313,2368,B,65,65,1000,500,0.386,qwen3vl,similarity_score,2026-07-06T23:07:59
I_2313_2369_frgp13,impostor,13,right,2313,2369,B,85,85,1000,500,0.388,qwen3vl,similarity_score,2026-07-06T23:07:59
I_2313_2370_frgp13,impostor,13,right,2313,2370,B,65,65,1000,500,0.384,qwen3vl,similarity_score,2026-07-06T23:07:59
I_2313_2371_frgp13,impostor,13,right,2313,2371,B,65,65,1000,500,0.383,qwen3vl,similarity_score,2026-07-06T23:08:00
I_2313_2372_frgp13,impostor,13,right,2313,2372,B,65,65,1000,500,0.382,qwen3vl,similarity_score,2026-07-06T23:08:00
I_2313_2373_frgp13,impostor,13,right,2313,2373,B,65,65,1000,500,0.382,qwen3vl,similarity_score,2026-07-06T23:08:00
I_2313_2374_frgp13,impostor,13,right,2313,2374,B,65,65,1000,500,0.385,qwen3vl,similarity_score,2026-07-06T23:08:01
I_2313_2375_frgp13,impostor,13,right,2313,2375,B,85,85,1000,500,0.385,qwen3vl,similarity_score,2026-07-06T23:08:01
I_2313_2376_frgp13,impostor,13,right,2313,2376,B,65,65,1000,500,0.386,qwen3vl,similarity_score,2026-07-06T23:08:02
I_2313_2379_frgp13,impostor,13,right,2313,2379,B,65,65,1000,500,0.388,qwen3vl,similarity_score,2026-07-06T23:08:02
I_2313_2380_frgp13,impostor,13,right,2313,2380,B,65,65,1000,500,0.383,qwen3vl,similarity_score,2026-07-06T23:08:02
I_2313_2381_frgp13,impostor,13,right,2313,2381,B,65,65,1000,500,0.384,qwen3vl,similarity_score,2026-07-06T23:08:03
I_2313_2383_frgp13,impostor,13,right,2313,2383,B,65,65,1000,500,0.382,qwen3vl,similarity_score,2026-07-06T23:08:03
I_2313_2384_frgp13,impostor,13,right,2313,2384,B,65,65,1000,500,0.384,qwen3vl,similarity_score,2026-07-06T23:08:04
I_2313_2386_frgp13,impostor,13,right,2313,2386,B,65,65,1000,500,0.385,qwen3vl,similarity_score,2026-07-06T23:08:04
I_2313_2388_frgp13,impostor,13,right,2313,2388,B,65,65,1000,500,0.384,qwen3vl,similarity_score,2026-07-06T23:08:04
I_2313_2391_frgp13,impostor,13,right,2313,2391,B,85,85,1000,500,0.386,qwen3vl,similarity_score,2026-07-06T23:08:05
I_2313_2392_frgp13,impostor,13,right,2313,2392,B,85,85,1000,500,0.384,qwen3vl,similarity_score,2026-07-06T23:08:05
I_2313_2394_frgp13,impostor,13,right,2313,2394,B,65,65,1000,500,0.384,qwen3vl,similarity_score,2026-07-06T23:08:05
I_2313_2395_frgp13,impostor,13,right,2313,2395,B,65,65,1000,500,0.382,qwen3vl,similarity_score,2026-07-06T23:08:06
I_2313_2396_frgp13,impostor,13,right,2313,2396,B,65,65,1000,500,0.384,qwen3vl,similarity_score,2026-07-06T23:08:06
I_2313_2398_frgp13,impostor,13,right,2313,2398,B,85,85,1000,500,0.385,qwen3vl,similarity_score,2026-07-06T23:08:07
I_2313_2399_frgp13,impostor,13,right,2313,2399,B,65,65,1000,500,0.384,qwen3vl,similarity_score,2026-07-06T23:08:07
I_2313_2401_frgp13,impostor,13,right,2313,2401,B,65,65,1000,500,0.388,qwen3vl,similarity_score,2026-07-06T23:08:07
I_2313_2402_frgp13,impostor,13,right,2313,2402,B,65,65,1000,500,0.386,qwen3vl,similarity_score,2026-07-06T23:08:08
I_2313_2403_frgp13,impostor,13,right,2313,2403,B,65,65,1000,500,0.385,qwen3vl,similarity_score,2026-07-06T23:08:08
I_2313_2405_frgp13,impostor,13,right,2313,2405,B,65,65,1000,500,0.383,qwen3vl,similarity_score,2026-07-06T23:08:09
I_2313_2406_frgp13,impostor,13,right,2313,2406,B,65,65,1000,500,0.383,qwen3vl,similarity_score,2026-07-06T23:08:09
I_2313_2407_frgp13,impostor,13,right,2313,2407,B,65,65,1000,500,0.384,qwen3vl,similarity_score,2026-07-06T23:08:09
I_2313_2408_frgp13,impostor,13,right,2313,2408,B,65,65,1000,500,0.382,qwen3vl,similarity_score,2026-07-06T23:08:10
I_2313_2409_frgp13,impostor,13,right,2313,2409,B,65,65,1000,500,0.383,qwen3vl,similarity_score,2026-07-06T23:08:10
I_2313_2412_frgp13,impostor,13,right,2313,2412,B,65,65,1000,500,0.385,qwen3vl,similarity_score,2026-07-06T23:08:10
I_2313_2413_frgp13,impostor,13,right,2313,2413,B,65,65,1000,500,0.385,qwen3vl,similarity_score,2026-07-06T23:08:11
I_2313_2415_frgp13,impostor,13,right,2313,2415,B,65,65,1000,500,0.384,qwen3vl,similarity_score,2026-07-06T23:08:11
I_2313_2418_frgp13,impostor,13,right,2313,2418,B,65,65,1000,500,0.386,qwen3vl,similarity_score,2026-07-06T23:08:12
I_2313_2423_frgp13,impostor,13,right,2313,2423,B,65,65,1000,500,0.383,qwen3vl,similarity_score,2026-07-06T23:08:12
I_2313_2424_frgp13,impostor,13,right,2313,2424,B,65,65,1000,500,0.382,qwen3vl,similarity_score,2026-07-06T23:08:12
I_2313_2425_frgp13,impostor,13,right,2313,2425,B,65,65,1000,500,0.384,qwen3vl,similarity_score,2026-07-06T23:08:13
I_2313_2426_frgp13,impostor,13,right,2313,2426,B,65,65,1000,500,0.383,qwen3vl,similarity_score,2026-07-06T23:08:13
I_2313_2428_frgp13,impostor,13,right,2313,2428,B,65,65,1000,500,0.385,qwen3vl,similarity_score,2026-07-06T23:08:14
I_2313_2440_frgp13,impostor,13,right,2313,2440,B,85,85,1000,500,0.379,qwen3vl,similarity_score,2026-07-06T23:08:14
I_2313_2447_frgp13,impostor,13,right,2313,2447,B,85,85,1000,500,0.384,qwen3vl,similarity_score,2026-07-06T23:08:14
I_2313_2455_frgp13,impostor,13,right,2313,2455,B,65,65,1000,500,0.382,qwen3vl,similarity_score,2026-07-06T23:08:15
I_2313_2462_frgp13,impostor,13,right,2313,2462,B,65,65,1000,500,0.383,qwen3vl,similarity_score,2026-07-06T23:08:15
I_2313_2463_frgp13,impostor,13,right,2313,2463,B,65,65,1000,500,0.385,qwen3vl,similarity_score,2026-07-06T23:08:15
I_2313_2481_frgp13,impostor,13,right,2313,2481,B,65,65,1000,500,0.385,qwen3vl,similarity_score,2026-07-06T23:08:16
I_2314_2315_frgp13,impostor,13,right,2314,2315,B,65,65,1000,500,0.383,qwen3vl,similarity_score,2026-07-06T23:08:16
I_2314_2317_frgp13,impostor,13,right,2314,2317,B,65,65,1000,500,0.381,qwen3vl,similarity_score,2026-07-06T23:08:17
I_2314_2319_frgp13,impostor,13,right,2314,2319,B,65,65,1000,500,0.377,qwen3vl,similarity_score,2026-07-06T23:08:17
I_2314_2320_frgp13,impostor,13,right,2314,2320,B,65,65,1000,500,0.378,qwen3vl,similarity_score,2026-07-06T23:08:17
I_2314_2321_frgp13,impostor,13,right,2314,2321,B,65,65,1000,500,0.376,qwen3vl,similarity_score,2026-07-06T23:08:18
I_2314_2325_frgp13,impostor,13,right,2314,2325,B,65,65,1000,500,0.377,qwen3vl,similarity_score,2026-07-06T23:08:18
I_2314_2326_frgp13,impostor,13,right,2314,2326,B,65,65,1000,500,0.383,qwen3vl,similarity_score,2026-07-06T23:08:18
I_2314_2327_frgp13,impostor,13,right,2314,2327,B,85,85,1000,500,0.374,qwen3vl,similarity_score,2026-07-06T23:08:19
I_2314_2328_frgp13,impostor,13,right,2314,2328,B,65,65,1000,500,0.379,qwen3vl,similarity_score,2026-07-06T23:08:19
I_2314_2329_frgp13,impostor,13,right,2314,2329,B,65,65,1000,500,0.374,qwen3vl,similarity_score,2026-07-06T23:08:20
I_2314_2330_frgp13,impostor,13,right,2314,2330,B,65,65,1000,500,0.377,qwen3vl,similarity_score,2026-07-06T23:08:20
I_2314_2332_frgp13,impostor,13,right,2314,2332,B,65,65,1000,500,0.376,qwen3vl,similarity_score,2026-07-06T23:08:20
I_2314_2334_frgp13,impostor,13,right,2314,2334,B,65,65,1000,500,0.377,qwen3vl,similarity_score,2026-07-06T23:08:21
I_2314_2337_frgp13,impostor,13,right,2314,2337,B,85,85,1000,500,0.375,qwen3vl,similarity_score,2026-07-06T23:08:21
I_2314_2338_frgp13,impostor,13,right,2314,2338,B,65,65,1000,500,0.378,qwen3vl,similarity_score,2026-07-06T23:08:21
I_2314_2339_frgp13,impostor,13,right,2314,2339,B,65,65,1000,500,0.378,qwen3vl,similarity_score,2026-07-06T23:08:22
I_2314_2340_frgp13,impostor,13,right,2314,2340,B,65,65,1000,500,0.377,qwen3vl,similarity_score,2026-07-06T23:08:22
I_2314_2341_frgp13,impostor,13,right,2314,2341,B,65,65,1000,500,0.377,qwen3vl,similarity_score,2026-07-06T23:08:23
I_2314_2342_frgp13,impostor,13,right,2314,2342,B,65,65,1000,500,0.377,qwen3vl,similarity_score,2026-07-06T23:08:23
I_2314_2344_frgp13,impostor,13,right,2314,2344,B,65,65,1000,500,0.377,qwen3vl,similarity_score,2026-07-06T23:08:23
I_2314_2348_frgp13,impostor,13,right,2314,2348,B,65,65,1000,500,0.377,qwen3vl,similarity_score,2026-07-06T23:08:24
I_2314_2349_frgp13,impostor,13,right,2314,2349,B,0,0,1000,500,0.365,qwen3vl,similarity_score,2026-07-06T23:08:24
I_2314_2351_frgp13,impostor,13,right,2314,2351,B,65,65,1000,500,0.376,qwen3vl,similarity_score,2026-07-06T23:08:24
I_2314_2352_frgp13,impostor,13,right,2314,2352,B,65,65,1000,500,0.377,qwen3vl,similarity_score,2026-07-06T23:08:25
I_2314_2353_frgp13,impostor,13,right,2314,2353,B,65,65,1000,500,0.373,qwen3vl,similarity_score,2026-07-06T23:08:25
I_2314_2355_frgp13,impostor,13,right,2314,2355,B,65,65,1000,500,0.379,qwen3vl,similarity_score,2026-07-06T23:08:26
I_2314_2356_frgp13,impostor,13,right,2314,2356,B,65,65,1000,500,0.374,qwen3vl,similarity_score,2026-07-06T23:08:26
I_2314_2357_frgp13,impostor,13,right,2314,2357,B,65,65,1000,500,0.379,qwen3vl,similarity_score,2026-07-06T23:08:26
I_2314_2358_frgp13,impostor,13,right,2314,2358,B,65,65,1000,500,0.378,qwen3vl,similarity_score,2026-07-06T23:08:27
I_2314_2359_frgp13,impostor,13,right,2314,2359,B,65,65,1000,500,0.38,qwen3vl,similarity_score,2026-07-06T23:08:27
I_2314_2360_frgp13,impostor,13,right,2314,2360,B,65,65,1000,500,0.377,qwen3vl,similarity_score,2026-07-06T23:08:28
I_2314_2362_frgp13,impostor,13,right,2314,2362,B,85,85,1000,500,0.376,qwen3vl,similarity_score,2026-07-06T23:08:28
I_2314_2364_frgp13,impostor,13,right,2314,2364,B,65,65,1000,500,0.371,qwen3vl,similarity_score,2026-07-06T23:08:28
I_2314_2367_frgp13,impostor,13,right,2314,2367,B,65,65,1000,500,0.381,qwen3vl,similarity_score,2026-07-06T23:08:29
I_2314_2368_frgp13,impostor,13,right,2314,2368,B,65,65,1000,500,0.378,qwen3vl,similarity_score,2026-07-06T23:08:29
I_2314_2369_frgp13,impostor,13,right,2314,2369,B,85,85,1000,500,0.379,qwen3vl,similarity_score,2026-07-06T23:08:29
I_2314_2370_frgp13,impostor,13,right,2314,2370,B,65,65,1000,500,0.379,qwen3vl,similarity_score,2026-07-06T23:08:30
I_2314_2371_frgp13,impostor,13,right,2314,2371,B,65,65,1000,500,0.375,qwen3vl,similarity_score,2026-07-06T23:08:30
I_2314_2372_frgp13,impostor,13,right,2314,2372,B,65,65,1000,500,0.376,qwen3vl,similarity_score,2026-07-06T23:08:31
I_2314_2373_frgp13,impostor,13,right,2314,2373,B,85,85,1000,500,0.375,qwen3vl,similarity_score,2026-07-06T23:08:31
I_2314_2374_frgp13,impostor,13,right,2314,2374,B,65,65,1000,500,0.382,qwen3vl,similarity_score,2026-07-06T23:08:31
I_2314_2375_frgp13,impostor,13,right,2314,2375,B,65,65,1000,500,0.381,qwen3vl,similarity_score,2026-07-06T23:08:32
I_2314_2376_frgp13,impostor,13,right,2314,2376,B,65,65,1000,500,0.382,qwen3vl,similarity_score,2026-07-06T23:08:32
I_2314_2379_frgp13,impostor,13,right,2314,2379,B,65,65,1000,500,0.379,qwen3vl,similarity_score,2026-07-06T23:08:32
I_2314_2380_frgp13,impostor,13,right,2314,2380,B,65,65,1000,500,0.378,qwen3vl,similarity_score,2026-07-06T23:08:33
I_2314_2381_frgp13,impostor,13,right,2314,2381,B,65,65,1000,500,0.378,qwen3vl,similarity_score,2026-07-06T23:08:33
I_2314_2383_frgp13,impostor,13,right,2314,2383,B,65,65,1000,500,0.376,qwen3vl,similarity_score,2026-07-06T23:08:34
I_2314_2384_frgp13,impostor,13,right,2314,2384,B,65,65,1000,500,0.375,qwen3vl,similarity_score,2026-07-06T23:08:34
I_2314_2386_frgp13,impostor,13,right,2314,2386,B,65,65,1000,500,0.379,qwen3vl,similarity_score,2026-07-06T23:08:34
I_2314_2388_frgp13,impostor,13,right,2314,2388,B,65,65,1000,500,0.38,qwen3vl,similarity_score,2026-07-06T23:08:35
I_2314_2391_frgp13,impostor,13,right,2314,2391,B,65,65,1000,500,0.377,qwen3vl,similarity_score,2026-07-06T23:08:35
I_2314_2392_frgp13,impostor,13,right,2314,2392,B,85,85,1000,500,0.376,qwen3vl,similarity_score,2026-07-06T23:08:35
I_2314_2394_frgp13,impostor,13,right,2314,2394,B,65,65,1000,500,0.371,qwen3vl,similarity_score,2026-07-06T23:08:36
I_2314_2395_frgp13,impostor,13,right,2314,2395,B,65,65,1000,500,0.374,qwen3vl,similarity_score,2026-07-06T23:08:36
I_2314_2396_frgp13,impostor,13,right,2314,2396,B,0,0,1000,500,0.358,qwen3vl,similarity_score,2026-07-06T23:08:37
I_2314_2398_frgp13,impostor,13,right,2314,2398,B,65,65,1000,500,0.374,qwen3vl,similarity_score,2026-07-06T23:08:37
I_2314_2399_frgp13,impostor,13,right,2314,2399,B,65,65,1000,500,0.374,qwen3vl,similarity_score,2026-07-06T23:08:37
I_2314_2401_frgp13,impostor,13,right,2314,2401,B,65,65,1000,500,0.372,qwen3vl,similarity_score,2026-07-06T23:08:38
I_2314_2402_frgp13,impostor,13,right,2314,2402,B,65,65,1000,500,0.374,qwen3vl,similarity_score,2026-07-06T23:08:38
I_2314_2403_frgp13,impostor,13,right,2314,2403,B,65,65,1000,500,0.376,qwen3vl,similarity_score,2026-07-06T23:08:38
I_2314_2405_frgp13,impostor,13,right,2314,2405,B,65,65,1000,500,0.376,qwen3vl,similarity_score,2026-07-06T23:08:39
I_2314_2406_frgp13,impostor,13,right,2314,2406,B,65,65,1000,500,0.377,qwen3vl,similarity_score,2026-07-06T23:08:39
I_2314_2407_frgp13,impostor,13,right,2314,2407,B,65,65,1000,500,0.372,qwen3vl,similarity_score,2026-07-06T23:08:40
I_2314_2408_frgp13,impostor,13,right,2314,2408,B,65,65,1000,500,0.368,qwen3vl,similarity_score,2026-07-06T23:08:40
I_2314_2409_frgp13,impostor,13,right,2314,2409,B,65,65,1000,500,0.372,qwen3vl,similarity_score,2026-07-06T23:08:40
I_2314_2412_frgp13,impostor,13,right,2314,2412,B,65,65,1000,500,0.373,qwen3vl,similarity_score,2026-07-06T23:08:41
I_2314_2413_frgp13,impostor,13,right,2314,2413,B,65,65,1000,500,0.375,qwen3vl,similarity_score,2026-07-06T23:08:41
I_2314_2415_frgp13,impostor,13,right,2314,2415,B,65,65,1000,500,0.375,qwen3vl,similarity_score,2026-07-06T23:08:41
I_2314_2418_frgp13,impostor,13,right,2314,2418,B,65,65,1000,500,0.372,qwen3vl,similarity_score,2026-07-06T23:08:42
I_2314_2423_frgp13,impostor,13,right,2314,2423,B,65,65,1000,500,0.375,qwen3vl,similarity_score,2026-07-06T23:08:42
I_2314_2424_frgp13,impostor,13,right,2314,2424,B,65,65,1000,500,0.374,qwen3vl,similarity_score,2026-07-06T23:08:43
I_2314_2425_frgp13,impostor,13,right,2314,2425,B,65,65,1000,500,0.373,qwen3vl,similarity_score,2026-07-06T23:08:43
I_2314_2426_frgp13,impostor,13,right,2314,2426,B,65,65,1000,500,0.371,qwen3vl,similarity_score,2026-07-06T23:08:43
I_2314_2428_frgp13,impostor,13,right,2314,2428,B,65,65,1000,500,0.373,qwen3vl,similarity_score,2026-07-06T23:08:44
I_2314_2440_frgp13,impostor,13,right,2314,2440,B,85,85,1000,500,0.373,qwen3vl,similarity_score,2026-07-06T23:08:44
I_2314_2447_frgp13,impostor,13,right,2314,2447,B,65,65,1000,500,0.374,qwen3vl,similarity_score,2026-07-06T23:08:44
I_2314_2455_frgp13,impostor,13,right,2314,2455,B,65,65,1000,500,0.376,qwen3vl,similarity_score,2026-07-06T23:08:45
I_2314_2462_frgp13,impostor,13,right,2314,2462,B,65,65,1000,500,0.376,qwen3vl,similarity_score,2026-07-06T23:08:45
I_2314_2463_frgp13,impostor,13,right,2314,2463,B,65,65,1000,500,0.375,qwen3vl,similarity_score,2026-07-06T23:08:46
I_2314_2481_frgp13,impostor,13,right,2314,2481,B,65,65,1000,500,0.376,qwen3vl,similarity_score,2026-07-06T23:08:46
I_2315_2317_frgp13,impostor,13,right,2315,2317,B,65,65,1000,500,0.373,qwen3vl,similarity_score,2026-07-06T23:08:46
I_2315_2319_frgp13,impostor,13,right,2315,2319,B,65,65,1000,500,0.375,qwen3vl,similarity_score,2026-07-06T23:08:47
I_2315_2320_frgp13,impostor,13,right,2315,2320,B,65,65,1000,500,0.375,qwen3vl,similarity_score,2026-07-06T23:08:47
I_2315_2321_frgp13,impostor,13,right,2315,2321,B,85,85,1000,500,0.375,qwen3vl,similarity_score,2026-07-06T23:08:47
I_2315_2325_frgp13,impostor,13,right,2315,2325,B,65,65,1000,500,0.374,qwen3vl,similarity_score,2026-07-06T23:08:48
I_2315_2326_frgp13,impostor,13,right,2315,2326,B,85,85,1000,500,0.376,qwen3vl,similarity_score,2026-07-06T23:08:48
I_2315_2327_frgp13,impostor,13,right,2315,2327,B,85,85,1000,500,0.376,qwen3vl,similarity_score,2026-07-06T23:08:49
I_2315_2328_frgp13,impostor,13,right,2315,2328,B,65,65,1000,500,0.374,qwen3vl,similarity_score,2026-07-06T23:08:49
I_2315_2329_frgp13,impostor,13,right,2315,2329,B,65,65,1000,500,0.375,qwen3vl,similarity_score,2026-07-06T23:08:49
I_2315_2330_frgp13,impostor,13,right,2315,2330,B,65,65,1000,500,0.374,qwen3vl,similarity_score,2026-07-06T23:08:50
I_2315_2332_frgp13,impostor,13,right,2315,2332,B,65,65,1000,500,0.376,qwen3vl,similarity_score,2026-07-06T23:08:50
I_2315_2334_frgp13,impostor,13,right,2315,2334,B,65,65,1000,500,0.374,qwen3vl,similarity_score,2026-07-06T23:08:50
I_2315_2337_frgp13,impostor,13,right,2315,2337,B,95,95,1000,500,0.376,qwen3vl,similarity_score,2026-07-06T23:08:51
I_2315_2338_frgp13,impostor,13,right,2315,2338,B,85,85,1000,500,0.375,qwen3vl,similarity_score,2026-07-06T23:08:51
I_2315_2339_frgp13,impostor,13,right,2315,2339,B,85,85,1000,500,0.376,qwen3vl,similarity_score,2026-07-06T23:08:52
I_2315_2340_frgp13,impostor,13,right,2315,2340,B,85,85,1000,500,0.374,qwen3vl,similarity_score,2026-07-06T23:08:52
I_2315_2341_frgp13,impostor,13,right,2315,2341,B,65,65,1000,500,0.374,qwen3vl,similarity_score,2026-07-06T23:08:52
I_2315_2342_frgp13,impostor,13,right,2315,2342,B,65,65,1000,500,0.375,qwen3vl,similarity_score,2026-07-06T23:08:53
I_2315_2344_frgp13,impostor,13,right,2315,2344,B,65,65,1000,500,0.376,qwen3vl,similarity_score,2026-07-06T23:08:53
I_2315_2348_frgp13,impostor,13,right,2315,2348,B,65,65,1000,500,0.376,qwen3vl,similarity_score,2026-07-06T23:08:53
I_2315_2349_frgp13,impostor,13,right,2315,2349,B,0,0,1000,500,0.361,qwen3vl,similarity_score,2026-07-06T23:08:54
I_2315_2351_frgp13,impostor,13,right,2315,2351,B,65,65,1000,500,0.374,qwen3vl,similarity_score,2026-07-06T23:08:54
I_2315_2352_frgp13,impostor,13,right,2315,2352,B,65,65,1000,500,0.378,qwen3vl,similarity_score,2026-07-06T23:08:54
I_2315_2353_frgp13,impostor,13,right,2315,2353,B,85,85,1000,500,0.373,qwen3vl,similarity_score,2026-07-06T23:08:55
I_2315_2355_frgp13,impostor,13,right,2315,2355,B,85,85,1000,500,0.374,qwen3vl,similarity_score,2026-07-06T23:08:55
I_2315_2356_frgp13,impostor,13,right,2315,2356,B,65,65,1000,500,0.374,qwen3vl,similarity_score,2026-07-06T23:08:56
I_2315_2357_frgp13,impostor,13,right,2315,2357,B,65,65,1000,500,0.376,qwen3vl,similarity_score,2026-07-06T23:08:56
I_2315_2358_frgp13,impostor,13,right,2315,2358,B,65,65,1000,500,0.38,qwen3vl,similarity_score,2026-07-06T23:08:56
I_2315_2359_frgp13,impostor,13,right,2315,2359,B,65,65,1000,500,0.378,qwen3vl,similarity_score,2026-07-06T23:08:57
I_2315_2360_frgp13,impostor,13,right,2315,2360,B,85,85,1000,500,0.376,qwen3vl,similarity_score,2026-07-06T23:08:57
I_2315_2362_frgp13,impostor,13,right,2315,2362,B,65,65,1000,500,0.377,qwen3vl,similarity_score,2026-07-06T23:08:58
I_2315_2364_frgp13,impostor,13,right,2315,2364,B,65,65,1000,500,0.373,qwen3vl,similarity_score,2026-07-06T23:08:58
I_2315_2367_frgp13,impostor,13,right,2315,2367,B,65,65,1000,500,0.384,qwen3vl,similarity_score,2026-07-06T23:08:58
I_2315_2368_frgp13,impostor,13,right,2315,2368,B,65,65,1000,500,0.382,qwen3vl,similarity_score,2026-07-06T23:08:59
I_2315_2369_frgp13,impostor,13,right,2315,2369,B,85,85,1000,500,0.381,qwen3vl,similarity_score,2026-07-06T23:08:59
I_2315_2370_frgp13,impostor,13,right,2315,2370,B,65,65,1000,500,0.381,qwen3vl,similarity_score,2026-07-06T23:08:59
I_2315_2371_frgp13,impostor,13,right,2315,2371,B,65,65,1000,500,0.381,qwen3vl,similarity_score,2026-07-06T23:09:00
I_2315_2372_frgp13,impostor,13,right,2315,2372,B,65,65,1000,500,0.381,qwen3vl,similarity_score,2026-07-06T23:09:00
I_2315_2373_frgp13,impostor,13,right,2315,2373,B,65,65,1000,500,0.376,qwen3vl,similarity_score,2026-07-06T23:09:01
I_2315_2374_frgp13,impostor,13,right,2315,2374,B,65,65,1000,500,0.376,qwen3vl,similarity_score,2026-07-06T23:09:01
I_2315_2375_frgp13,impostor,13,right,2315,2375,B,65,65,1000,500,0.376,qwen3vl,similarity_score,2026-07-06T23:09:01
I_2315_2376_frgp13,impostor,13,right,2315,2376,B,65,65,1000,500,0.378,qwen3vl,similarity_score,2026-07-06T23:09:02
I_2315_2379_frgp13,impostor,13,right,2315,2379,B,65,65,1000,500,0.377,qwen3vl,similarity_score,2026-07-06T23:09:02
I_2315_2380_frgp13,impostor,13,right,2315,2380,B,65,65,1000,500,0.379,qwen3vl,similarity_score,2026-07-06T23:09:02
I_2315_2381_frgp13,impostor,13,right,2315,2381,B,65,65,1000,500,0.378,qwen3vl,similarity_score,2026-07-06T23:09:03
I_2315_2383_frgp13,impostor,13,right,2315,2383,B,65,65,1000,500,0.379,qwen3vl,similarity_score,2026-07-06T23:09:03
I_2315_2384_frgp13,impostor,13,right,2315,2384,B,65,65,1000,500,0.377,qwen3vl,similarity_score,2026-07-06T23:09:04
I_2315_2386_frgp13,impostor,13,right,2315,2386,B,0,0,1000,500,0.358,qwen3vl,similarity_score,2026-07-06T23:09:04
I_2315_2388_frgp13,impostor,13,right,2315,2388,B,65,65,1000,500,0.381,qwen3vl,similarity_score,2026-07-06T23:09:04
I_2315_2391_frgp13,impostor,13,right,2315,2391,B,65,65,1000,500,0.381,qwen3vl,similarity_score,2026-07-06T23:09:05
I_2315_2392_frgp13,impostor,13,right,2315,2392,B,85,85,1000,500,0.378,qwen3vl,similarity_score,2026-07-06T23:09:05
I_2315_2394_frgp13,impostor,13,right,2315,2394,B,65,65,1000,500,0.38,qwen3vl,similarity_score,2026-07-06T23:09:05
I_2315_2395_frgp13,impostor,13,right,2315,2395,B,65,65,1000,500,0.378,qwen3vl,similarity_score,2026-07-06T23:09:06
I_2315_2396_frgp13,impostor,13,right,2315,2396,B,65,65,1000,500,0.385,qwen3vl,similarity_score,2026-07-06T23:09:06
I_2315_2398_frgp13,impostor,13,right,2315,2398,B,65,65,1000,500,0.382,qwen3vl,similarity_score,2026-07-06T23:09:07
I_2315_2399_frgp13,impostor,13,right,2315,2399,B,65,65,1000,500,0.378,qwen3vl,similarity_score,2026-07-06T23:09:07
I_2315_2401_frgp13,impostor,13,right,2315,2401,B,65,65,1000,500,0.383,qwen3vl,similarity_score,2026-07-06T23:09:07
I_2315_2402_frgp13,impostor,13,right,2315,2402,B,65,65,1000,500,0.381,qwen3vl,similarity_score,2026-07-06T23:09:08
I_2315_2403_frgp13,impostor,13,right,2315,2403,B,65,65,1000,500,0.381,qwen3vl,similarity_score,2026-07-06T23:09:08
I_2315_2405_frgp13,impostor,13,right,2315,2405,B,65,65,1000,500,0.378,qwen3vl,similarity_score,2026-07-06T23:09:08
I_2315_2406_frgp13,impostor,13,right,2315,2406,B,65,65,1000,500,0.386,qwen3vl,similarity_score,2026-07-06T23:09:09
I_2315_2407_frgp13,impostor,13,right,2315,2407,B,65,65,1000,500,0.38,qwen3vl,similarity_score,2026-07-06T23:09:09
I_2315_2408_frgp13,impostor,13,right,2315,2408,B,65,65,1000,500,0.378,qwen3vl,similarity_score,2026-07-06T23:09:10
I_2315_2409_frgp13,impostor,13,right,2315,2409,B,65,65,1000,500,0.378,qwen3vl,similarity_score,2026-07-06T23:09:10
I_2315_2412_frgp13,impostor,13,right,2315,2412,B,65,65,1000,500,0.384,qwen3vl,similarity_score,2026-07-06T23:09:10
I_2315_2413_frgp13,impostor,13,right,2315,2413,B,65,65,1000,500,0.375,qwen3vl,similarity_score,2026-07-06T23:09:11
I_2315_2415_frgp13,impostor,13,right,2315,2415,B,65,65,1000,500,0.377,qwen3vl,similarity_score,2026-07-06T23:09:11
I_2315_2418_frgp13,impostor,13,right,2315,2418,B,65,65,1000,500,0.373,qwen3vl,similarity_score,2026-07-06T23:09:12
I_2315_2423_frgp13,impostor,13,right,2315,2423,B,65,65,1000,500,0.378,qwen3vl,similarity_score,2026-07-06T23:09:12
I_2315_2424_frgp13,impostor,13,right,2315,2424,B,65,65,1000,500,0.378,qwen3vl,similarity_score,2026-07-06T23:09:12
I_2315_2425_frgp13,impostor,13,right,2315,2425,B,85,85,1000,500,0.384,qwen3vl,similarity_score,2026-07-06T23:09:13
I_2315_2426_frgp13,impostor,13,right,2315,2426,B,65,65,1000,500,0.38,qwen3vl,similarity_score,2026-07-06T23:09:13
I_2315_2428_frgp13,impostor,13,right,2315,2428,B,65,65,1000,500,0.381,qwen3vl,similarity_score,2026-07-06T23:09:13
I_2315_2440_frgp13,impostor,13,right,2315,2440,B,65,65,1000,500,0.379,qwen3vl,similarity_score,2026-07-06T23:09:14
I_2315_2447_frgp13,impostor,13,right,2315,2447,B,85,85,1000,500,0.381,qwen3vl,similarity_score,2026-07-06T23:09:14
I_2315_2455_frgp13,impostor,13,right,2315,2455,B,65,65,1000,500,0.38,qwen3vl,similarity_score,2026-07-06T23:09:15
I_2315_2462_frgp13,impostor,13,right,2315,2462,B,65,65,1000,500,0.379,qwen3vl,similarity_score,2026-07-06T23:09:15
I_2315_2463_frgp13,impostor,13,right,2315,2463,B,65,65,1000,500,0.382,qwen3vl,similarity_score,2026-07-06T23:09:15
I_2315_2481_frgp13,impostor,13,right,2315,2481,B,65,65,1000,500,0.381,qwen3vl,similarity_score,2026-07-06T23:09:16
I_2317_2319_frgp13,impostor,13,right,2317,2319,B,65,65,1000,500,0.379,qwen3vl,similarity_score,2026-07-06T23:09:16
I_2317_2320_frgp13,impostor,13,right,2317,2320,B,65,65,1000,500,0.386,qwen3vl,similarity_score,2026-07-06T23:09:16
I_2317_2321_frgp13,impostor,13,right,2317,2321,B,65,65,1000,500,0.386,qwen3vl,similarity_score,2026-07-06T23:09:17
I_2317_2325_frgp13,impostor,13,right,2317,2325,B,65,65,1000,500,0.382,qwen3vl,similarity_score,2026-07-06T23:09:17
I_2317_2326_frgp13,impostor,13,right,2317,2326,B,65,65,1000,500,0.384,qwen3vl,similarity_score,2026-07-06T23:09:18
I_2317_2327_frgp13,impostor,13,right,2317,2327,B,65,65,1000,500,0.38,qwen3vl,similarity_score,2026-07-06T23:09:18
I_2317_2328_frgp13,impostor,13,right,2317,2328,B,65,65,1000,500,0.386,qwen3vl,similarity_score,2026-07-06T23:09:18
I_2317_2329_frgp13,impostor,13,right,2317,2329,B,85,85,1000,500,0.385,qwen3vl,similarity_score,2026-07-06T23:09:19
I_2317_2330_frgp13,impostor,13,right,2317,2330,B,65,65,1000,500,0.382,qwen3vl,similarity_score,2026-07-06T23:09:19
I_2317_2332_frgp13,impostor,13,right,2317,2332,B,65,65,1000,500,0.383,qwen3vl,similarity_score,2026-07-06T23:09:20
I_2317_2334_frgp13,impostor,13,right,2317,2334,B,65,65,1000,500,0.381,qwen3vl,similarity_score,2026-07-06T23:09:20
I_2317_2337_frgp13,impostor,13,right,2317,2337,B,85,85,1000,500,0.381,qwen3vl,similarity_score,2026-07-06T23:09:20
I_2317_2338_frgp13,impostor,13,right,2317,2338,B,65,65,1000,500,0.381,qwen3vl,similarity_score,2026-07-06T23:09:21
I_2317_2339_frgp13,impostor,13,right,2317,2339,B,65,65,1000,500,0.381,qwen3vl,similarity_score,2026-07-06T23:09:21
I_2317_2340_frgp13,impostor,13,right,2317,2340,B,65,65,1000,500,0.38,qwen3vl,similarity_score,2026-07-06T23:09:21
I_2317_2341_frgp13,impostor,13,right,2317,2341,B,65,65,1000,500,0.382,qwen3vl,similarity_score,2026-07-06T23:09:22
I_2317_2342_frgp13,impostor,13,right,2317,2342,B,65,65,1000,500,0.381,qwen3vl,similarity_score,2026-07-06T23:09:22
I_2317_2344_frgp13,impostor,13,right,2317,2344,B,85,85,1000,500,0.379,qwen3vl,similarity_score,2026-07-06T23:09:23
I_2317_2348_frgp13,impostor,13,right,2317,2348,B,65,65,1000,500,0.378,qwen3vl,similarity_score,2026-07-06T23:09:23
I_2317_2349_frgp13,impostor,13,right,2317,2349,B,65,65,1000,500,0.382,qwen3vl,similarity_score,2026-07-06T23:09:23
I_2317_2351_frgp13,impostor,13,right,2317,2351,B,65,65,1000,500,0.38,qwen3vl,similarity_score,2026-07-06T23:09:24
I_2317_2352_frgp13,impostor,13,right,2317,2352,B,85,85,1000,500,0.385,qwen3vl,similarity_score,2026-07-06T23:09:24
I_2317_2353_frgp13,impostor,13,right,2317,2353,B,65,65,1000,500,0.381,qwen3vl,similarity_score,2026-07-06T23:09:24
I_2317_2355_frgp13,impostor,13,right,2317,2355,B,65,65,1000,500,0.379,qwen3vl,similarity_score,2026-07-06T23:09:25
I_2317_2356_frgp13,impostor,13,right,2317,2356,B,65,65,1000,500,0.382,qwen3vl,similarity_score,2026-07-06T23:09:25
I_2317_2357_frgp13,impostor,13,right,2317,2357,B,65,65,1000,500,0.384,qwen3vl,similarity_score,2026-07-06T23:09:26
I_2317_2358_frgp13,impostor,13,right,2317,2358,B,65,65,1000,500,0.378,qwen3vl,similarity_score,2026-07-06T23:09:26
I_2317_2359_frgp13,impostor,13,right,2317,2359,B,65,65,1000,500,0.392,qwen3vl,similarity_score,2026-07-06T23:09:26
I_2317_2360_frgp13,impostor,13,right,2317,2360,B,65,65,1000,500,0.383,qwen3vl,similarity_score,2026-07-06T23:09:27
I_2317_2362_frgp13,impostor,13,right,2317,2362,B,65,65,1000,500,0.381,qwen3vl,similarity_score,2026-07-06T23:09:27
I_2317_2364_frgp13,impostor,13,right,2317,2364,B,65,65,1000,500,0.382,qwen3vl,similarity_score,2026-07-06T23:09:28
I_2317_2367_frgp13,impostor,13,right,2317,2367,B,65,65,1000,500,0.387,qwen3vl,similarity_score,2026-07-06T23:09:28
I_2317_2368_frgp13,impostor,13,right,2317,2368,B,65,65,1000,500,0.385,qwen3vl,similarity_score,2026-07-06T23:09:28
I_2317_2369_frgp13,impostor,13,right,2317,2369,B,85,85,1000,500,0.387,qwen3vl,similarity_score,2026-07-06T23:09:29
I_2317_2370_frgp13,impostor,13,right,2317,2370,B,65,65,1000,500,0.385,qwen3vl,similarity_score,2026-07-06T23:09:29
I_2317_2371_frgp13,impostor,13,right,2317,2371,B,65,65,1000,500,0.385,qwen3vl,similarity_score,2026-07-06T23:09:29
I_2317_2372_frgp13,impostor,13,right,2317,2372,B,65,65,1000,500,0.383,qwen3vl,similarity_score,2026-07-06T23:09:30
I_2317_2373_frgp13,impostor,13,right,2317,2373,B,65,65,1000,500,0.383,qwen3vl,similarity_score,2026-07-06T23:09:30
I_2317_2374_frgp13,impostor,13,right,2317,2374,B,65,65,1000,500,0.385,qwen3vl,similarity_score,2026-07-06T23:09:31
I_2317_2375_frgp13,impostor,13,right,2317,2375,B,65,65,1000,500,0.384,qwen3vl,similarity_score,2026-07-06T23:09:31
I_2317_2376_frgp13,impostor,13,right,2317,2376,B,65,65,1000,500,0.386,qwen3vl,similarity_score,2026-07-06T23:09:31
I_2317_2379_frgp13,impostor,13,right,2317,2379,B,65,65,1000,500,0.384,qwen3vl,similarity_score,2026-07-06T23:09:32
I_2317_2380_frgp13,impostor,13,right,2317,2380,B,65,65,1000,500,0.381,qwen3vl,similarity_score,2026-07-06T23:09:32
I_2317_2381_frgp13,impostor,13,right,2317,2381,B,65,65,1000,500,0.385,qwen3vl,similarity_score,2026-07-06T23:09:33
I_2317_2383_frgp13,impostor,13,right,2317,2383,B,85,85,1000,500,0.384,qwen3vl,similarity_score,2026-07-06T23:09:33
I_2317_2384_frgp13,impostor,13,right,2317,2384,B,65,65,1000,500,0.383,qwen3vl,similarity_score,2026-07-06T23:09:33
I_2317_2386_frgp13,impostor,13,right,2317,2386,B,65,65,1000,500,0.383,qwen3vl,similarity_score,2026-07-06T23:09:34
I_2317_2388_frgp13,impostor,13,right,2317,2388,B,65,65,1000,500,0.382,qwen3vl,similarity_score,2026-07-06T23:09:34
I_2317_2391_frgp13,impostor,13,right,2317,2391,B,85,85,1000,500,0.382,qwen3vl,similarity_score,2026-07-06T23:09:34
I_2317_2392_frgp13,impostor,13,right,2317,2392,B,85,85,1000,500,0.381,qwen3vl,similarity_score,2026-07-06T23:09:35
I_2317_2394_frgp13,impostor,13,right,2317,2394,B,65,65,1000,500,0.379,qwen3vl,similarity_score,2026-07-06T23:09:35
I_2317_2395_frgp13,impostor,13,right,2317,2395,B,65,65,1000,500,0.381,qwen3vl,similarity_score,2026-07-06T23:09:36
I_2317_2396_frgp13,impostor,13,right,2317,2396,B,65,65,1000,500,0.385,qwen3vl,similarity_score,2026-07-06T23:09:36
I_2317_2398_frgp13,impostor,13,right,2317,2398,B,65,65,1000,500,0.386,qwen3vl,similarity_score,2026-07-06T23:09:36
I_2317_2399_frgp13,impostor,13,right,2317,2399,B,65,65,1000,500,0.384,qwen3vl,similarity_score,2026-07-06T23:09:37
I_2317_2401_frgp13,impostor,13,right,2317,2401,B,65,65,1000,500,0.386,qwen3vl,similarity_score,2026-07-06T23:09:37
I_2317_2402_frgp13,impostor,13,right,2317,2402,B,65,65,1000,500,0.383,qwen3vl,similarity_score,2026-07-06T23:09:38
I_2317_2403_frgp13,impostor,13,right,2317,2403,B,65,65,1000,500,0.377,qwen3vl,similarity_score,2026-07-06T23:09:38
I_2317_2405_frgp13,impostor,13,right,2317,2405,B,65,65,1000,500,0.378,qwen3vl,similarity_score,2026-07-06T23:09:38
I_2317_2406_frgp13,impostor,13,right,2317,2406,B,65,65,1000,500,0.384,qwen3vl,similarity_score,2026-07-06T23:09:39
I_2317_2407_frgp13,impostor,13,right,2317,2407,B,65,65,1000,500,0.381,qwen3vl,similarity_score,2026-07-06T23:09:39
I_2317_2408_frgp13,impostor,13,right,2317,2408,B,65,65,1000,500,0.379,qwen3vl,similarity_score,2026-07-06T23:09:39
I_2317_2409_frgp13,impostor,13,right,2317,2409,B,65,65,1000,500,0.379,qwen3vl,similarity_score,2026-07-06T23:09:40
I_2317_2412_frgp13,impostor,13,right,2317,2412,B,85,85,1000,500,0.382,qwen3vl,similarity_score,2026-07-06T23:09:40
I_2317_2413_frgp13,impostor,13,right,2317,2413,B,65,65,1000,500,0.383,qwen3vl,similarity_score,2026-07-06T23:09:41
I_2317_2415_frgp13,impostor,13,right,2317,2415,B,65,65,1000,500,0.38,qwen3vl,similarity_score,2026-07-06T23:09:41
I_2317_2418_frgp13,impostor,13,right,2317,2418,B,85,85,1000,500,0.38,qwen3vl,similarity_score,2026-07-06T23:09:41
I_2317_2423_frgp13,impostor,13,right,2317,2423,B,65,65,1000,500,0.381,qwen3vl,similarity_score,2026-07-06T23:09:42
I_2317_2424_frgp13,impostor,13,right,2317,2424,B,65,65,1000,500,0.386,qwen3vl,similarity_score,2026-07-06T23:09:42
I_2317_2425_frgp13,impostor,13,right,2317,2425,B,85,85,1000,500,0.381,qwen3vl,similarity_score,2026-07-06T23:09:42
I_2317_2426_frgp13,impostor,13,right,2317,2426,B,65,65,1000,500,0.378,qwen3vl,similarity_score,2026-07-06T23:09:43
I_2317_2428_frgp13,impostor,13,right,2317,2428,B,85,85,1000,500,0.381,qwen3vl,similarity_score,2026-07-06T23:09:43
I_2317_2440_frgp13,impostor,13,right,2317,2440,B,65,65,1000,500,0.38,qwen3vl,similarity_score,2026-07-06T23:09:44
I_2317_2447_frgp13,impostor,13,right,2317,2447,B,85,85,1000,500,0.378,qwen3vl,similarity_score,2026-07-06T23:09:44
I_2317_2455_frgp13,impostor,13,right,2317,2455,B,65,65,1000,500,0.381,qwen3vl,similarity_score,2026-07-06T23:09:44
I_2317_2462_frgp13,impostor,13,right,2317,2462,B,65,65,1000,500,0.38,qwen3vl,similarity_score,2026-07-06T23:09:45
I_2317_2463_frgp13,impostor,13,right,2317,2463,B,65,65,1000,500,0.376,qwen3vl,similarity_score,2026-07-06T23:09:45
I_2317_2481_frgp13,impostor,13,right,2317,2481,B,65,65,1000,500,0.381,qwen3vl,similarity_score,2026-07-06T23:09:46
I_2319_2320_frgp13,impostor,13,right,2319,2320,B,65,65,1000,500,0.375,qwen3vl,similarity_score,2026-07-06T23:09:46
I_2319_2321_frgp13,impostor,13,right,2319,2321,B,65,65,1000,500,0.373,qwen3vl,similarity_score,2026-07-06T23:09:46
I_2319_2325_frgp13,impostor,13,right,2319,2325,B,0,0,1000,500,0.361,qwen3vl,similarity_score,2026-07-06T23:09:47
I_2319_2326_frgp13,impostor,13,right,2319,2326,B,65,65,1000,500,0.38,qwen3vl,similarity_score,2026-07-06T23:09:47
I_2319_2327_frgp13,impostor,13,right,2319,2327,B,85,85,1000,500,0.373,qwen3vl,similarity_score,2026-07-06T23:09:47
I_2319_2328_frgp13,impostor,13,right,2319,2328,B,0,0,1000,500,0.359,qwen3vl,similarity_score,2026-07-06T23:09:48
I_2319_2329_frgp13,impostor,13,right,2319,2329,B,85,85,1000,500,0.379,qwen3vl,similarity_score,2026-07-06T23:09:48
I_2319_2330_frgp13,impostor,13,right,2319,2330,B,65,65,1000,500,0.377,qwen3vl,similarity_score,2026-07-06T23:09:49
I_2319_2332_frgp13,impostor,13,right,2319,2332,B,65,65,1000,500,0.372,qwen3vl,similarity_score,2026-07-06T23:09:49
I_2319_2334_frgp13,impostor,13,right,2319,2334,B,65,65,1000,500,0.377,qwen3vl,similarity_score,2026-07-06T23:09:49
I_2319_2337_frgp13,impostor,13,right,2319,2337,B,85,85,1000,500,0.377,qwen3vl,similarity_score,2026-07-06T23:09:50
I_2319_2338_frgp13,impostor,13,right,2319,2338,B,65,65,1000,500,0.372,qwen3vl,similarity_score,2026-07-06T23:09:50
I_2319_2339_frgp13,impostor,13,right,2319,2339,B,65,65,1000,500,0.381,qwen3vl,similarity_score,2026-07-06T23:09:50
I_2319_2340_frgp13,impostor,13,right,2319,2340,B,65,65,1000,500,0.375,qwen3vl,similarity_score,2026-07-06T23:09:51
I_2319_2341_frgp13,impostor,13,right,2319,2341,B,0,0,1000,500,0.359,qwen3vl,similarity_score,2026-07-06T23:09:51
I_2319_2342_frgp13,impostor,13,right,2319,2342,B,65,65,1000,500,0.379,qwen3vl,similarity_score,2026-07-06T23:09:51
I_2319_2344_frgp13,impostor,13,right,2319,2344,B,65,65,1000,500,0.379,qwen3vl,similarity_score,2026-07-06T23:09:52
I_2319_2348_frgp13,impostor,13,right,2319,2348,B,65,65,1000,500,0.376,qwen3vl,similarity_score,2026-07-06T23:09:52
I_2319_2349_frgp13,impostor,13,right,2319,2349,B,0,0,1000,500,0.366,qwen3vl,similarity_score,2026-07-06T23:09:53
I_2319_2351_frgp13,impostor,13,right,2319,2351,B,65,65,1000,500,0.374,qwen3vl,similarity_score,2026-07-06T23:09:53
I_2319_2352_frgp13,impostor,13,right,2319,2352,B,0,0,1000,500,0.359,qwen3vl,similarity_score,2026-07-06T23:09:53
I_2319_2353_frgp13,impostor,13,right,2319,2353,B,65,65,1000,500,0.372,qwen3vl,similarity_score,2026-07-06T23:09:54
I_2319_2355_frgp13,impostor,13,right,2319,2355,B,65,65,1000,500,0.371,qwen3vl,similarity_score,2026-07-06T23:09:54
I_2319_2356_frgp13,impostor,13,right,2319,2356,B,65,65,1000,500,0.375,qwen3vl,similarity_score,2026-07-06T23:09:54
I_2319_2357_frgp13,impostor,13,right,2319,2357,B,65,65,1000,500,0.372,qwen3vl,similarity_score,2026-07-06T23:09:55
I_2319_2358_frgp13,impostor,13,right,2319,2358,B,0,0,1000,500,0.356,qwen3vl,similarity_score,2026-07-06T23:09:55
I_2319_2359_frgp13,impostor,13,right,2319,2359,B,0,0,1000,500,0.358,qwen3vl,similarity_score,2026-07-06T23:09:56
I_2319_2360_frgp13,impostor,13,right,2319,2360,B,85,85,1000,500,0.371,qwen3vl,similarity_score,2026-07-06T23:09:56
I_2319_2362_frgp13,impostor,13,right,2319,2362,B,65,65,1000,500,0.375,qwen3vl,similarity_score,2026-07-06T23:09:56
I_2319_2364_frgp13,impostor,13,right,2319,2364,B,85,85,1000,500,0.372,qwen3vl,similarity_score,2026-07-06T23:09:57
I_2319_2367_frgp13,impostor,13,right,2319,2367,B,0,0,1000,500,0.358,qwen3vl,similarity_score,2026-07-06T23:09:57
I_2319_2368_frgp13,impostor,13,right,2319,2368,B,0,0,1000,500,0.356,qwen3vl,similarity_score,2026-07-06T23:09:57
I_2319_2369_frgp13,impostor,13,right,2319,2369,B,65,65,1000,500,0.376,qwen3vl,similarity_score,2026-07-06T23:09:58
I_2319_2370_frgp13,impostor,13,right,2319,2370,B,0,0,1000,500,0.36,qwen3vl,similarity_score,2026-07-06T23:09:58
I_2319_2371_frgp13,impostor,13,right,2319,2371,B,65,65,1000,500,0.378,qwen3vl,similarity_score,2026-07-06T23:09:58
I_2319_2372_frgp13,impostor,13,right,2319,2372,B,65,65,1000,500,0.373,qwen3vl,similarity_score,2026-07-06T23:09:59
I_2319_2373_frgp13,impostor,13,right,2319,2373,B,0,0,1000,500,0.359,qwen3vl,similarity_score,2026-07-06T23:09:59
I_2319_2374_frgp13,impostor,13,right,2319,2374,B,65,65,1000,500,0.379,qwen3vl,similarity_score,2026-07-06T23:10:00
I_2319_2375_frgp13,impostor,13,right,2319,2375,B,65,65,1000,500,0.379,qwen3vl,similarity_score,2026-07-06T23:10:00
I_2319_2376_frgp13,impostor,13,right,2319,2376,B,0,0,1000,500,0.368,qwen3vl,similarity_score,2026-07-06T23:10:00
I_2319_2379_frgp13,impostor,13,right,2319,2379,B,65,65,1000,500,0.38,qwen3vl,similarity_score,2026-07-06T23:10:01
I_2319_2380_frgp13,impostor,13,right,2319,2380,B,65,65,1000,500,0.379,qwen3vl,similarity_score,2026-07-06T23:10:01
I_2319_2381_frgp13,impostor,13,right,2319,2381,B,0,0,1000,500,0.361,qwen3vl,similarity_score,2026-07-06T23:10:01
I_2319_2383_frgp13,impostor,13,right,2319,2383,B,65,65,1000,500,0.377,qwen3vl,similarity_score,2026-07-06T23:10:02
I_2319_2384_frgp13,impostor,13,right,2319,2384,B,65,65,1000,500,0.379,qwen3vl,similarity_score,2026-07-06T23:10:02
I_2319_2386_frgp13,impostor,13,right,2319,2386,B,0,0,1000,500,0.361,qwen3vl,similarity_score,2026-07-06T23:10:03
I_2319_2388_frgp13,impostor,13,right,2319,2388,B,0,0,1000,500,0.355,qwen3vl,similarity_score,2026-07-06T23:10:03
I_2319_2391_frgp13,impostor,13,right,2319,2391,B,65,65,1000,500,0.379,qwen3vl,similarity_score,2026-07-06T23:10:03
I_2319_2392_frgp13,impostor,13,right,2319,2392,B,65,65,1000,500,0.383,qwen3vl,similarity_score,2026-07-06T23:10:04
I_2319_2394_frgp13,impostor,13,right,2319,2394,B,65,65,1000,500,0.384,qwen3vl,similarity_score,2026-07-06T23:10:04
I_2319_2395_frgp13,impostor,13,right,2319,2395,B,65,65,1000,500,0.378,qwen3vl,similarity_score,2026-07-06T23:10:04
I_2319_2396_frgp13,impostor,13,right,2319,2396,B,0,0,1000,500,0.361,qwen3vl,similarity_score,2026-07-06T23:10:05
I_2319_2398_frgp13,impostor,13,right,2319,2398,B,65,65,1000,500,0.381,qwen3vl,similarity_score,2026-07-06T23:10:05
I_2319_2399_frgp13,impostor,13,right,2319,2399,B,0,0,1000,500,0.365,qwen3vl,similarity_score,2026-07-06T23:10:06
I_2319_2401_frgp13,impostor,13,right,2319,2401,B,0,0,1000,500,0.405,qwen3vl,similarity_score,2026-07-06T23:10:06
I_2319_2402_frgp13,impostor,13,right,2319,2402,B,65,65,1000,500,0.382,qwen3vl,similarity_score,2026-07-06T23:10:06
I_2319_2403_frgp13,impostor,13,right,2319,2403,B,65,65,1000,500,0.38,qwen3vl,similarity_score,2026-07-06T23:10:07
I_2319_2405_frgp13,impostor,13,right,2319,2405,B,65,65,1000,500,0.381,qwen3vl,similarity_score,2026-07-06T23:10:07
I_2319_2406_frgp13,impostor,13,right,2319,2406,B,0,0,1000,500,0.37,qwen3vl,similarity_score,2026-07-06T23:10:07
I_2319_2407_frgp13,impostor,13,right,2319,2407,B,0,0,1000,500,0.372,qwen3vl,similarity_score,2026-07-06T23:10:08
I_2319_2408_frgp13,impostor,13,right,2319,2408,B,65,65,1000,500,0.388,qwen3vl,similarity_score,2026-07-06T23:10:08
I_2319_2409_frgp13,impostor,13,right,2319,2409,B,65,65,1000,500,0.382,qwen3vl,similarity_score,2026-07-06T23:10:09
I_2319_2412_frgp13,impostor,13,right,2319,2412,B,65,65,1000,500,0.38,qwen3vl,similarity_score,2026-07-06T23:10:09
I_2319_2413_frgp13,impostor,13,right,2319,2413,B,0,0,1000,500,0.36,qwen3vl,similarity_score,2026-07-06T23:10:09
I_2319_2415_frgp13,impostor,13,right,2319,2415,B,65,65,1000,500,0.38,qwen3vl,similarity_score,2026-07-06T23:10:10
I_2319_2418_frgp13,impostor,13,right,2319,2418,B,65,65,1000,500,0.378,qwen3vl,similarity_score,2026-07-06T23:10:10
I_2319_2423_frgp13,impostor,13,right,2319,2423,B,65,65,1000,500,0.376,qwen3vl,similarity_score,2026-07-06T23:10:11
I_2319_2424_frgp13,impostor,13,right,2319,2424,B,65,65,1000,500,0.379,qwen3vl,similarity_score,2026-07-06T23:10:11
I_2319_2425_frgp13,impostor,13,right,2319,2425,B,65,65,1000,500,0.379,qwen3vl,similarity_score,2026-07-06T23:10:11
I_2319_2426_frgp13,impostor,13,right,2319,2426,B,65,65,1000,500,0.384,qwen3vl,similarity_score,2026-07-06T23:10:12
I_2319_2428_frgp13,impostor,13,right,2319,2428,B,65,65,1000,500,0.382,qwen3vl,similarity_score,2026-07-06T23:10:12
I_2319_2440_frgp13,impostor,13,right,2319,2440,B,95,95,1000,500,0.392,qwen3vl,similarity_score,2026-07-06T23:10:12
I_2319_2447_frgp13,impostor,13,right,2319,2447,B,65,65,1000,500,0.385,qwen3vl,similarity_score,2026-07-06T23:10:13
I_2319_2455_frgp13,impostor,13,right,2319,2455,B,0,0,1000,500,0.364,qwen3vl,similarity_score,2026-07-06T23:10:13
I_2319_2462_frgp13,impostor,13,right,2319,2462,B,95,95,1000,500,0.38,qwen3vl,similarity_score,2026-07-06T23:10:14
I_2319_2463_frgp13,impostor,13,right,2319,2463,B,0,0,1000,500,0.361,qwen3vl,similarity_score,2026-07-06T23:10:14
I_2319_2481_frgp13,impostor,13,right,2319,2481,B,65,65,1000,500,0.38,qwen3vl,similarity_score,2026-07-06T23:10:14
I_2320_2321_frgp13,impostor,13,right,2320,2321,B,85,85,1000,500,0.388,qwen3vl,similarity_score,2026-07-06T23:10:15
I_2320_2325_frgp13,impostor,13,right,2320,2325,B,65,65,1000,500,0.39,qwen3vl,similarity_score,2026-07-06T23:10:15
I_2320_2326_frgp13,impostor,13,right,2320,2326,B,65,65,1000,500,0.394,qwen3vl,similarity_score,2026-07-06T23:10:15
I_2320_2327_frgp13,impostor,13,right,2320,2327,B,65,65,1000,500,0.39,qwen3vl,similarity_score,2026-07-06T23:10:16
I_2320_2328_frgp13,impostor,13,right,2320,2328,B,0,0,1000,500,0.365,qwen3vl,similarity_score,2026-07-06T23:10:16
I_2320_2329_frgp13,impostor,13,right,2320,2329,B,85,85,1000,500,0.382,qwen3vl,similarity_score,2026-07-06T23:10:17
I_2320_2330_frgp13,impostor,13,right,2320,2330,B,65,65,1000,500,0.383,qwen3vl,similarity_score,2026-07-06T23:10:17
I_2320_2332_frgp13,impostor,13,right,2320,2332,B,85,85,1000,500,0.384,qwen3vl,similarity_score,2026-07-06T23:10:17
I_2320_2334_frgp13,impostor,13,right,2320,2334,B,65,65,1000,500,0.381,qwen3vl,similarity_score,2026-07-06T23:10:18
I_2320_2337_frgp13,impostor,13,right,2320,2337,B,95,95,1000,500,0.381,qwen3vl,similarity_score,2026-07-06T23:10:18
I_2320_2338_frgp13,impostor,13,right,2320,2338,B,85,85,1000,500,0.382,qwen3vl,similarity_score,2026-07-06T23:10:19
I_2320_2339_frgp13,impostor,13,right,2320,2339,B,65,65,1000,500,0.376,qwen3vl,similarity_score,2026-07-06T23:10:19
I_2320_2340_frgp13,impostor,13,right,2320,2340,B,85,85,1000,500,0.378,qwen3vl,similarity_score,2026-07-06T23:10:19
I_2320_2341_frgp13,impostor,13,right,2320,2341,B,65,65,1000,500,0.384,qwen3vl,similarity_score,2026-07-06T23:10:20
I_2320_2342_frgp13,impostor,13,right,2320,2342,B,85,85,1000,500,0.382,qwen3vl,similarity_score,2026-07-06T23:10:20
I_2320_2344_frgp13,impostor,13,right,2320,2344,B,65,65,1000,500,0.38,qwen3vl,similarity_score,2026-07-06T23:10:20
I_2320_2348_frgp13,impostor,13,right,2320,2348,B,65,65,1000,500,0.379,qwen3vl,similarity_score,2026-07-06T23:10:21
I_2320_2349_frgp13,impostor,13,right,2320,2349,B,0,0,1000,500,0.375,qwen3vl,similarity_score,2026-07-06T23:10:21
I_2320_2351_frgp13,impostor,13,right,2320,2351,B,65,65,1000,500,0.383,qwen3vl,similarity_score,2026-07-06T23:10:22
I_2320_2352_frgp13,impostor,13,right,2320,2352,B,65,65,1000,500,0.384,qwen3vl,similarity_score,2026-07-06T23:10:22
I_2320_2353_frgp13,impostor,13,right,2320,2353,B,65,65,1000,500,0.383,qwen3vl,similarity_score,2026-07-06T23:10:22
I_2320_2355_frgp13,impostor,13,right,2320,2355,B,85,85,1000,500,0.382,qwen3vl,similarity_score,2026-07-06T23:10:23
I_2320_2356_frgp13,impostor,13,right,2320,2356,B,65,65,1000,500,0.379,qwen3vl,similarity_score,2026-07-06T23:10:23
I_2320_2357_frgp13,impostor,13,right,2320,2357,B,65,65,1000,500,0.384,qwen3vl,similarity_score,2026-07-06T23:10:23
I_2320_2358_frgp13,impostor,13,right,2320,2358,B,0,0,1000,500,0.364,qwen3vl,similarity_score,2026-07-06T23:10:24
I_2320_2359_frgp13,impostor,13,right,2320,2359,B,65,65,1000,500,0.384,qwen3vl,similarity_score,2026-07-06T23:10:24
I_2320_2360_frgp13,impostor,13,right,2320,2360,B,95,95,1000,500,0.378,qwen3vl,similarity_score,2026-07-06T23:10:25
I_2320_2362_frgp13,impostor,13,right,2320,2362,B,85,85,1000,500,0.38,qwen3vl,similarity_score,2026-07-06T23:10:25
I_2320_2364_frgp13,impostor,13,right,2320,2364,B,95,95,1000,500,0.386,qwen3vl,similarity_score,2026-07-06T23:10:25
I_2320_2367_frgp13,impostor,13,right,2320,2367,B,65,65,1000,500,0.386,qwen3vl,similarity_score,2026-07-06T23:10:26
I_2320_2368_frgp13,impostor,13,right,2320,2368,B,65,65,1000,500,0.385,qwen3vl,similarity_score,2026-07-06T23:10:26
I_2320_2369_frgp13,impostor,13,right,2320,2369,B,95,95,1000,500,0.377,qwen3vl,similarity_score,2026-07-06T23:10:27
I_2320_2370_frgp13,impostor,13,right,2320,2370,B,65,65,1000,500,0.372,qwen3vl,similarity_score,2026-07-06T23:10:27
I_2320_2371_frgp13,impostor,13,right,2320,2371,B,85,85,1000,500,0.385,qwen3vl,similarity_score,2026-07-06T23:10:27
I_2320_2372_frgp13,impostor,13,right,2320,2372,B,65,65,1000,500,0.381,qwen3vl,similarity_score,2026-07-06T23:10:28
I_2320_2373_frgp13,impostor,13,right,2320,2373,B,65,65,1000,500,0.383,qwen3vl,similarity_score,2026-07-06T23:10:28
I_2320_2374_frgp13,impostor,13,right,2320,2374,B,65,65,1000,500,0.39,qwen3vl,similarity_score,2026-07-06T23:10:28
I_2320_2375_frgp13,impostor,13,right,2320,2375,B,65,65,1000,500,0.384,qwen3vl,similarity_score,2026-07-06T23:10:29
I_2320_2376_frgp13,impostor,13,right,2320,2376,B,65,65,1000,500,0.385,qwen3vl,similarity_score,2026-07-06T23:10:29
I_2320_2379_frgp13,impostor,13,right,2320,2379,B,65,65,1000,500,0.382,qwen3vl,similarity_score,2026-07-06T23:10:30
I_2320_2380_frgp13,impostor,13,right,2320,2380,B,65,65,1000,500,0.381,qwen3vl,similarity_score,2026-07-06T23:10:30
I_2320_2381_frgp13,impostor,13,right,2320,2381,B,65,65,1000,500,0.383,qwen3vl,similarity_score,2026-07-06T23:10:30
I_2320_2383_frgp13,impostor,13,right,2320,2383,B,85,85,1000,500,0.382,qwen3vl,similarity_score,2026-07-06T23:10:31
I_2320_2384_frgp13,impostor,13,right,2320,2384,B,65,65,1000,500,0.382,qwen3vl,similarity_score,2026-07-06T23:10:31
I_2320_2386_frgp13,impostor,13,right,2320,2386,B,0,0,1000,500,0.366,qwen3vl,similarity_score,2026-07-06T23:10:31
I_2320_2388_frgp13,impostor,13,right,2320,2388,B,65,65,1000,500,0.379,qwen3vl,similarity_score,2026-07-06T23:10:32
I_2320_2391_frgp13,impostor,13,right,2320,2391,B,65,65,1000,500,0.38,qwen3vl,similarity_score,2026-07-06T23:10:32
I_2320_2392_frgp13,impostor,13,right,2320,2392,B,95,95,1000,500,0.384,qwen3vl,similarity_score,2026-07-06T23:10:33
I_2320_2394_frgp13,impostor,13,right,2320,2394,B,65,65,1000,500,0.383,qwen3vl,similarity_score,2026-07-06T23:10:33
I_2320_2395_frgp13,impostor,13,right,2320,2395,B,85,85,1000,500,0.381,qwen3vl,similarity_score,2026-07-06T23:10:33
I_2320_2396_frgp13,impostor,13,right,2320,2396,B,0,0,1000,500,0.365,qwen3vl,similarity_score,2026-07-06T23:10:34
I_2320_2398_frgp13,impostor,13,right,2320,2398,B,65,65,1000,500,0.381,qwen3vl,similarity_score,2026-07-06T23:10:34
I_2320_2399_frgp13,impostor,13,right,2320,2399,B,65,65,1000,500,0.382,qwen3vl,similarity_score,2026-07-06T23:10:34
I_2320_2401_frgp13,impostor,13,right,2320,2401,B,65,65,1000,500,0.38,qwen3vl,similarity_score,2026-07-06T23:10:35
I_2320_2402_frgp13,impostor,13,right,2320,2402,B,65,65,1000,500,0.384,qwen3vl,similarity_score,2026-07-06T23:10:35
I_2320_2403_frgp13,impostor,13,right,2320,2403,B,65,65,1000,500,0.383,qwen3vl,similarity_score,2026-07-06T23:10:36
I_2320_2405_frgp13,impostor,13,right,2320,2405,B,65,65,1000,500,0.38,qwen3vl,similarity_score,2026-07-06T23:10:36
I_2320_2406_frgp13,impostor,13,right,2320,2406,B,65,65,1000,500,0.397,qwen3vl,similarity_score,2026-07-06T23:10:36
I_2320_2407_frgp13,impostor,13,right,2320,2407,B,65,65,1000,500,0.384,qwen3vl,similarity_score,2026-07-06T23:10:37
I_2320_2408_frgp13,impostor,13,right,2320,2408,B,65,65,1000,500,0.382,qwen3vl,similarity_score,2026-07-06T23:10:37
I_2320_2409_frgp13,impostor,13,right,2320,2409,B,85,85,1000,500,0.381,qwen3vl,similarity_score,2026-07-06T23:10:38
I_2320_2412_frgp13,impostor,13,right,2320,2412,B,65,65,1000,500,0.38,qwen3vl,similarity_score,2026-07-06T23:10:38
I_2320_2413_frgp13,impostor,13,right,2320,2413,B,65,65,1000,500,0.383,qwen3vl,similarity_score,2026-07-06T23:10:38
I_2320_2415_frgp13,impostor,13,right,2320,2415,B,65,65,1000,500,0.387,qwen3vl,similarity_score,2026-07-06T23:10:39
I_2320_2418_frgp13,impostor,13,right,2320,2418,B,85,85,1000,500,0.38,qwen3vl,similarity_score,2026-07-06T23:10:39
I_2320_2423_frgp13,impostor,13,right,2320,2423,B,65,65,1000,500,0.382,qwen3vl,similarity_score,2026-07-06T23:10:39
I_2320_2424_frgp13,impostor,13,right,2320,2424,B,85,85,1000,500,0.378,qwen3vl,similarity_score,2026-07-06T23:10:40
I_2320_2425_frgp13,impostor,13,right,2320,2425,B,65,65,1000,500,0.377,qwen3vl,similarity_score,2026-07-06T23:10:40
I_2320_2426_frgp13,impostor,13,right,2320,2426,B,65,65,1000,500,0.381,qwen3vl,similarity_score,2026-07-06T23:10:41
I_2320_2428_frgp13,impostor,13,right,2320,2428,B,85,85,1000,500,0.378,qwen3vl,similarity_score,2026-07-06T23:10:41
I_2320_2440_frgp13,impostor,13,right,2320,2440,B,85,85,1000,500,0.384,qwen3vl,similarity_score,2026-07-06T23:10:41
I_2320_2447_frgp13,impostor,13,right,2320,2447,B,85,85,1000,500,0.376,qwen3vl,similarity_score,2026-07-06T23:10:42
I_2320_2455_frgp13,impostor,13,right,2320,2455,B,65,65,1000,500,0.376,qwen3vl,similarity_score,2026-07-06T23:10:42
I_2320_2462_frgp13,impostor,13,right,2320,2462,B,85,85,1000,500,0.379,qwen3vl,similarity_score,2026-07-06T23:10:43
I_2320_2463_frgp13,impostor,13,right,2320,2463,B,65,65,1000,500,0.378,qwen3vl,similarity_score,2026-07-06T23:10:43
I_2320_2481_frgp13,impostor,13,right,2320,2481,B,65,65,1000,500,0.373,qwen3vl,similarity_score,2026-07-06T23:10:43
I_2321_2325_frgp13,impostor,13,right,2321,2325,B,65,65,1000,500,0.374,qwen3vl,similarity_score,2026-07-06T23:10:44
I_2321_2326_frgp13,impostor,13,right,2321,2326,B,65,65,1000,500,0.376,qwen3vl,similarity_score,2026-07-06T23:10:44
I_2321_2327_frgp13,impostor,13,right,2321,2327,B,85,85,1000,500,0.379,qwen3vl,similarity_score,2026-07-06T23:10:44
I_2321_2328_frgp13,impostor,13,right,2321,2328,B,65,65,1000,500,0.38,qwen3vl,similarity_score,2026-07-06T23:10:45
I_2321_2329_frgp13,impostor,13,right,2321,2329,B,65,65,1000,500,0.375,qwen3vl,similarity_score,2026-07-06T23:10:45
I_2321_2330_frgp13,impostor,13,right,2321,2330,B,65,65,1000,500,0.378,qwen3vl,similarity_score,2026-07-06T23:10:46
I_2321_2332_frgp13,impostor,13,right,2321,2332,B,65,65,1000,500,0.38,qwen3vl,similarity_score,2026-07-06T23:10:46
I_2321_2334_frgp13,impostor,13,right,2321,2334,B,65,65,1000,500,0.376,qwen3vl,similarity_score,2026-07-06T23:10:46
I_2321_2337_frgp13,impostor,13,right,2321,2337,B,65,65,1000,500,0.377,qwen3vl,similarity_score,2026-07-06T23:10:47
I_2321_2338_frgp13,impostor,13,right,2321,2338,B,85,85,1000,500,0.376,qwen3vl,similarity_score,2026-07-06T23:10:47
I_2321_2339_frgp13,impostor,13,right,2321,2339,B,65,65,1000,500,0.376,qwen3vl,similarity_score,2026-07-06T23:10:47
I_2321_2340_frgp13,impostor,13,right,2321,2340,B,65,65,1000,500,0.381,qwen3vl,similarity_score,2026-07-06T23:10:48
I_2321_2341_frgp13,impostor,13,right,2321,2341,B,65,65,1000,500,0.381,qwen3vl,similarity_score,2026-07-06T23:10:48
I_2321_2342_frgp13,impostor,13,right,2321,2342,B,65,65,1000,500,0.382,qwen3vl,similarity_score,2026-07-06T23:10:49
I_2321_2344_frgp13,impostor,13,right,2321,2344,B,65,65,1000,500,0.381,qwen3vl,similarity_score,2026-07-06T23:10:49
I_2321_2348_frgp13,impostor,13,right,2321,2348,B,65,65,1000,500,0.381,qwen3vl,similarity_score,2026-07-06T23:10:49
I_2321_2349_frgp13,impostor,13,right,2321,2349,B,0,0,1000,500,0.368,qwen3vl,similarity_score,2026-07-06T23:10:50
I_2321_2351_frgp13,impostor,13,right,2321,2351,B,0,0,1000,500,0.359,qwen3vl,similarity_score,2026-07-06T23:10:50
I_2321_2352_frgp13,impostor,13,right,2321,2352,B,65,65,1000,500,0.382,qwen3vl,similarity_score,2026-07-06T23:10:50
I_2321_2353_frgp13,impostor,13,right,2321,2353,B,65,65,1000,500,0.378,qwen3vl,similarity_score,2026-07-06T23:10:51
I_2321_2355_frgp13,impostor,13,right,2321,2355,B,85,85,1000,500,0.379,qwen3vl,similarity_score,2026-07-06T23:10:51
I_2321_2356_frgp13,impostor,13,right,2321,2356,B,65,65,1000,500,0.386,qwen3vl,similarity_score,2026-07-06T23:10:52
I_2321_2357_frgp13,impostor,13,right,2321,2357,B,65,65,1000,500,0.385,qwen3vl,similarity_score,2026-07-06T23:10:52
I_2321_2358_frgp13,impostor,13,right,2321,2358,B,0,0,1000,500,0.36,qwen3vl,similarity_score,2026-07-06T23:10:52
I_2321_2359_frgp13,impostor,13,right,2321,2359,B,65,65,1000,500,0.387,qwen3vl,similarity_score,2026-07-06T23:10:53
I_2321_2360_frgp13,impostor,13,right,2321,2360,B,85,85,1000,500,0.38,qwen3vl,similarity_score,2026-07-06T23:10:53
I_2321_2362_frgp13,impostor,13,right,2321,2362,B,65,65,1000,500,0.378,qwen3vl,similarity_score,2026-07-06T23:10:53
I_2321_2364_frgp13,impostor,13,right,2321,2364,B,65,65,1000,500,0.376,qwen3vl,similarity_score,2026-07-06T23:10:54
I_2321_2367_frgp13,impostor,13,right,2321,2367,B,0,0,1000,500,0.358,qwen3vl,similarity_score,2026-07-06T23:10:54
I_2321_2368_frgp13,impostor,13,right,2321,2368,B,65,65,1000,500,0.375,qwen3vl,similarity_score,2026-07-06T23:10:55
I_2321_2369_frgp13,impostor,13,right,2321,2369,B,85,85,1000,500,0.375,qwen3vl,similarity_score,2026-07-06T23:10:55
I_2321_2370_frgp13,impostor,13,right,2321,2370,B,65,65,1000,500,0.375,qwen3vl,similarity_score,2026-07-06T23:10:55
I_2321_2371_frgp13,impostor,13,right,2321,2371,B,65,65,1000,500,0.378,qwen3vl,similarity_score,2026-07-06T23:10:56
I_2321_2372_frgp13,impostor,13,right,2321,2372,B,65,65,1000,500,0.373,qwen3vl,similarity_score,2026-07-06T23:10:56
I_2321_2373_frgp13,impostor,13,right,2321,2373,B,65,65,1000,500,0.374,qwen3vl,similarity_score,2026-07-06T23:10:56
I_2321_2374_frgp13,impostor,13,right,2321,2374,B,65,65,1000,500,0.375,qwen3vl,similarity_score,2026-07-06T23:10:57
I_2321_2375_frgp13,impostor,13,right,2321,2375,B,65,65,1000,500,0.375,qwen3vl,similarity_score,2026-07-06T23:10:57
I_2321_2376_frgp13,impostor,13,right,2321,2376,B,65,65,1000,500,0.376,qwen3vl,similarity_score,2026-07-06T23:10:58
I_2321_2379_frgp13,impostor,13,right,2321,2379,B,65,65,1000,500,0.378,qwen3vl,similarity_score,2026-07-06T23:10:58
I_2321_2380_frgp13,impostor,13,right,2321,2380,B,65,65,1000,500,0.375,qwen3vl,similarity_score,2026-07-06T23:10:58
I_2321_2381_frgp13,impostor,13,right,2321,2381,B,65,65,1000,500,0.377,qwen3vl,similarity_score,2026-07-06T23:10:59
I_2321_2383_frgp13,impostor,13,right,2321,2383,B,65,65,1000,500,0.381,qwen3vl,similarity_score,2026-07-06T23:10:59
I_2321_2384_frgp13,impostor,13,right,2321,2384,B,65,65,1000,500,0.383,qwen3vl,similarity_score,2026-07-06T23:10:59
I_2321_2386_frgp13,impostor,13,right,2321,2386,B,0,0,1000,500,0.365,qwen3vl,similarity_score,2026-07-06T23:11:00
I_2321_2388_frgp13,impostor,13,right,2321,2388,B,65,65,1000,500,0.38,qwen3vl,similarity_score,2026-07-06T23:11:00
I_2321_2391_frgp13,impostor,13,right,2321,2391,B,65,65,1000,500,0.383,qwen3vl,similarity_score,2026-07-06T23:11:01
I_2321_2392_frgp13,impostor,13,right,2321,2392,B,85,85,1000,500,0.384,qwen3vl,similarity_score,2026-07-06T23:11:01
I_2321_2394_frgp13,impostor,13,right,2321,2394,B,65,65,1000,500,0.381,qwen3vl,similarity_score,2026-07-06T23:11:01
I_2321_2395_frgp13,impostor,13,right,2321,2395,B,65,65,1000,500,0.378,qwen3vl,similarity_score,2026-07-06T23:11:02
I_2321_2396_frgp13,impostor,13,right,2321,2396,B,65,65,1000,500,0.385,qwen3vl,similarity_score,2026-07-06T23:11:02
I_2321_2398_frgp13,impostor,13,right,2321,2398,B,65,65,1000,500,0.382,qwen3vl,similarity_score,2026-07-06T23:11:03
I_2321_2399_frgp13,impostor,13,right,2321,2399,B,65,65,1000,500,0.379,qwen3vl,similarity_score,2026-07-06T23:11:03
I_2321_2401_frgp13,impostor,13,right,2321,2401,B,65,65,1000,500,0.381,qwen3vl,similarity_score,2026-07-06T23:11:03
I_2321_2402_frgp13,impostor,13,right,2321,2402,B,65,65,1000,500,0.383,qwen3vl,similarity_score,2026-07-06T23:11:04
I_2321_2403_frgp13,impostor,13,right,2321,2403,B,65,65,1000,500,0.382,qwen3vl,similarity_score,2026-07-06T23:11:04
I_2321_2405_frgp13,impostor,13,right,2321,2405,B,65,65,1000,500,0.38,qwen3vl,similarity_score,2026-07-06T23:11:04
I_2321_2406_frgp13,impostor,13,right,2321,2406,B,65,65,1000,500,0.377,qwen3vl,similarity_score,2026-07-06T23:11:05
I_2321_2407_frgp13,impostor,13,right,2321,2407,B,65,65,1000,500,0.384,qwen3vl,similarity_score,2026-07-06T23:11:05
I_2321_2408_frgp13,impostor,13,right,2321,2408,B,65,65,1000,500,0.379,qwen3vl,similarity_score,2026-07-06T23:11:06
I_2321_2409_frgp13,impostor,13,right,2321,2409,B,65,65,1000,500,0.38,qwen3vl,similarity_score,2026-07-06T23:11:06
I_2321_2412_frgp13,impostor,13,right,2321,2412,B,65,65,1000,500,0.38,qwen3vl,similarity_score,2026-07-06T23:11:06
I_2321_2413_frgp13,impostor,13,right,2321,2413,B,65,65,1000,500,0.383,qwen3vl,similarity_score,2026-07-06T23:11:07
I_2321_2415_frgp13,impostor,13,right,2321,2415,B,65,65,1000,500,0.384,qwen3vl,similarity_score,2026-07-06T23:11:07
I_2321_2418_frgp13,impostor,13,right,2321,2418,B,65,65,1000,500,0.382,qwen3vl,similarity_score,2026-07-06T23:11:07
I_2321_2423_frgp13,impostor,13,right,2321,2423,B,65,65,1000,500,0.381,qwen3vl,similarity_score,2026-07-06T23:11:08
I_2321_2424_frgp13,impostor,13,right,2321,2424,B,65,65,1000,500,0.383,qwen3vl,similarity_score,2026-07-06T23:11:08
I_2321_2425_frgp13,impostor,13,right,2321,2425,B,65,65,1000,500,0.383,qwen3vl,similarity_score,2026-07-06T23:11:09
I_2321_2426_frgp13,impostor,13,right,2321,2426,B,65,65,1000,500,0.383,qwen3vl,similarity_score,2026-07-06T23:11:09
I_2321_2428_frgp13,impostor,13,right,2321,2428,B,65,65,1000,500,0.384,qwen3vl,similarity_score,2026-07-06T23:11:09
I_2321_2440_frgp13,impostor,13,right,2321,2440,B,65,65,1000,500,0.379,qwen3vl,similarity_score,2026-07-06T23:11:10
I_2321_2447_frgp13,impostor,13,right,2321,2447,B,65,65,1000,500,0.383,qwen3vl,similarity_score,2026-07-06T23:11:10
I_2321_2455_frgp13,impostor,13,right,2321,2455,B,65,65,1000,500,0.377,qwen3vl,similarity_score,2026-07-06T23:11:11
I_2321_2462_frgp13,impostor,13,right,2321,2462,B,65,65,1000,500,0.375,qwen3vl,similarity_score,2026-07-06T23:11:11
I_2321_2463_frgp13,impostor,13,right,2321,2463,B,65,65,1000,500,0.383,qwen3vl,similarity_score,2026-07-06T23:11:11
I_2321_2481_frgp13,impostor,13,right,2321,2481,B,65,65,1000,500,0.384,qwen3vl,similarity_score,2026-07-06T23:11:12
I_2325_2326_frgp13,impostor,13,right,2325,2326,B,65,65,1000,500,0.384,qwen3vl,similarity_score,2026-07-06T23:11:12
I_2325_2327_frgp13,impostor,13,right,2325,2327,B,65,65,1000,500,0.382,qwen3vl,similarity_score,2026-07-06T23:11:12
I_2325_2328_frgp13,impostor,13,right,2325,2328,B,65,65,1000,500,0.381,qwen3vl,similarity_score,2026-07-06T23:11:13
I_2325_2329_frgp13,impostor,13,right,2325,2329,B,65,65,1000,500,0.383,qwen3vl,similarity_score,2026-07-06T23:11:13
I_2325_2330_frgp13,impostor,13,right,2325,2330,B,65,65,1000,500,0.381,qwen3vl,similarity_score,2026-07-06T23:11:14
I_2325_2332_frgp13,impostor,13,right,2325,2332,B,65,65,1000,500,0.38,qwen3vl,similarity_score,2026-07-06T23:11:14
I_2325_2334_frgp13,impostor,13,right,2325,2334,B,65,65,1000,500,0.377,qwen3vl,similarity_score,2026-07-06T23:11:14
I_2325_2337_frgp13,impostor,13,right,2325,2337,B,65,65,1000,500,0.38,qwen3vl,similarity_score,2026-07-06T23:11:15
I_2325_2338_frgp13,impostor,13,right,2325,2338,B,65,65,1000,500,0.377,qwen3vl,similarity_score,2026-07-06T23:11:15
I_2325_2339_frgp13,impostor,13,right,2325,2339,B,65,65,1000,500,0.382,qwen3vl,similarity_score,2026-07-06T23:11:15
I_2325_2340_frgp13,impostor,13,right,2325,2340,B,65,65,1000,500,0.382,qwen3vl,similarity_score,2026-07-06T23:11:16
I_2325_2341_frgp13,impostor,13,right,2325,2341,B,65,65,1000,500,0.384,qwen3vl,similarity_score,2026-07-06T23:11:16
I_2325_2342_frgp13,impostor,13,right,2325,2342,B,65,65,1000,500,0.386,qwen3vl,similarity_score,2026-07-06T23:11:17
I_2325_2344_frgp13,impostor,13,right,2325,2344,B,65,65,1000,500,0.381,qwen3vl,similarity_score,2026-07-06T23:11:17
I_2325_2348_frgp13,impostor,13,right,2325,2348,B,65,65,1000,500,0.413,qwen3vl,similarity_score,2026-07-06T23:11:17
I_2325_2349_frgp13,impostor,13,right,2325,2349,B,65,65,1000,500,0.386,qwen3vl,similarity_score,2026-07-06T23:11:18
I_2325_2351_frgp13,impostor,13,right,2325,2351,B,65,65,1000,500,0.38,qwen3vl,similarity_score,2026-07-06T23:11:18
I_2325_2352_frgp13,impostor,13,right,2325,2352,B,65,65,1000,500,0.382,qwen3vl,similarity_score,2026-07-06T23:11:19
I_2325_2353_frgp13,impostor,13,right,2325,2353,B,65,65,1000,500,0.38,qwen3vl,similarity_score,2026-07-06T23:11:19
I_2325_2355_frgp13,impostor,13,right,2325,2355,B,65,65,1000,500,0.382,qwen3vl,similarity_score,2026-07-06T23:11:19
I_2325_2356_frgp13,impostor,13,right,2325,2356,B,65,65,1000,500,0.385,qwen3vl,similarity_score,2026-07-06T23:11:20
I_2325_2357_frgp13,impostor,13,right,2325,2357,B,65,65,1000,500,0.376,qwen3vl,similarity_score,2026-07-06T23:11:20
I_2325_2358_frgp13,impostor,13,right,2325,2358,B,65,65,1000,500,0.377,qwen3vl,similarity_score,2026-07-06T23:11:20
I_2325_2359_frgp13,impostor,13,right,2325,2359,B,65,65,1000,500,0.378,qwen3vl,similarity_score,2026-07-06T23:11:21
I_2325_2360_frgp13,impostor,13,right,2325,2360,B,65,65,1000,500,0.379,qwen3vl,similarity_score,2026-07-06T23:11:21
I_2325_2362_frgp13,impostor,13,right,2325,2362,B,65,65,1000,500,0.383,qwen3vl,similarity_score,2026-07-06T23:11:22
I_2325_2364_frgp13,impostor,13,right,2325,2364,B,65,65,1000,500,0.38,qwen3vl,similarity_score,2026-07-06T23:11:22
I_2325_2367_frgp13,impostor,13,right,2325,2367,B,65,65,1000,500,0.381,qwen3vl,similarity_score,2026-07-06T23:11:22
I_2325_2368_frgp13,impostor,13,right,2325,2368,B,65,65,1000,500,0.381,qwen3vl,similarity_score,2026-07-06T23:11:23
I_2325_2369_frgp13,impostor,13,right,2325,2369,B,65,65,1000,500,0.382,qwen3vl,similarity_score,2026-07-06T23:11:23
I_2325_2370_frgp13,impostor,13,right,2325,2370,B,65,65,1000,500,0.383,qwen3vl,similarity_score,2026-07-06T23:11:24
I_2325_2371_frgp13,impostor,13,right,2325,2371,B,65,65,1000,500,0.382,qwen3vl,similarity_score,2026-07-06T23:11:24
I_2325_2372_frgp13,impostor,13,right,2325,2372,B,65,65,1000,500,0.38,qwen3vl,similarity_score,2026-07-06T23:11:24
I_2325_2373_frgp13,impostor,13,right,2325,2373,B,65,65,1000,500,0.384,qwen3vl,similarity_score,2026-07-06T23:11:25
I_2325_2374_frgp13,impostor,13,right,2325,2374,B,65,65,1000,500,0.38,qwen3vl,similarity_score,2026-07-06T23:11:25
I_2325_2375_frgp13,impostor,13,right,2325,2375,B,65,65,1000,500,0.379,qwen3vl,similarity_score,2026-07-06T23:11:25
I_2325_2376_frgp13,impostor,13,right,2325,2376,B,65,65,1000,500,0.382,qwen3vl,similarity_score,2026-07-06T23:11:26
I_2325_2379_frgp13,impostor,13,right,2325,2379,B,65,65,1000,500,0.378,qwen3vl,similarity_score,2026-07-06T23:11:26
I_2325_2380_frgp13,impostor,13,right,2325,2380,B,65,65,1000,500,0.377,qwen3vl,similarity_score,2026-07-06T23:11:27
I_2325_2381_frgp13,impostor,13,right,2325,2381,B,65,65,1000,500,0.377,qwen3vl,similarity_score,2026-07-06T23:11:27
I_2325_2383_frgp13,impostor,13,right,2325,2383,B,65,65,1000,500,0.377,qwen3vl,similarity_score,2026-07-06T23:11:27
I_2325_2384_frgp13,impostor,13,right,2325,2384,B,65,65,1000,500,0.381,qwen3vl,similarity_score,2026-07-06T23:11:28
I_2325_2386_frgp13,impostor,13,right,2325,2386,B,65,65,1000,500,0.38,qwen3vl,similarity_score,2026-07-06T23:11:28
I_2325_2388_frgp13,impostor,13,right,2325,2388,B,65,65,1000,500,0.38,qwen3vl,similarity_score,2026-07-06T23:11:28
I_2325_2391_frgp13,impostor,13,right,2325,2391,B,65,65,1000,500,0.381,qwen3vl,similarity_score,2026-07-06T23:11:29
I_2325_2392_frgp13,impostor,13,right,2325,2392,B,65,65,1000,500,0.379,qwen3vl,similarity_score,2026-07-06T23:11:29
I_2325_2394_frgp13,impostor,13,right,2325,2394,B,65,65,1000,500,0.377,qwen3vl,similarity_score,2026-07-06T23:11:30
I_2325_2395_frgp13,impostor,13,right,2325,2395,B,65,65,1000,500,0.373,qwen3vl,similarity_score,2026-07-06T23:11:30
I_2325_2396_frgp13,impostor,13,right,2325,2396,B,0,0,1000,500,0.358,qwen3vl,similarity_score,2026-07-06T23:11:30
I_2325_2398_frgp13,impostor,13,right,2325,2398,B,65,65,1000,500,0.377,qwen3vl,similarity_score,2026-07-06T23:11:31
I_2325_2399_frgp13,impostor,13,right,2325,2399,B,65,65,1000,500,0.377,qwen3vl,similarity_score,2026-07-06T23:11:31
I_2325_2401_frgp13,impostor,13,right,2325,2401,B,65,65,1000,500,0.376,qwen3vl,similarity_score,2026-07-06T23:11:31
I_2325_2402_frgp13,impostor,13,right,2325,2402,B,0,0,1000,500,0.36,qwen3vl,similarity_score,2026-07-06T23:11:32
I_2325_2403_frgp13,impostor,13,right,2325,2403,B,65,65,1000,500,0.375,qwen3vl,similarity_score,2026-07-06T23:11:32
I_2325_2405_frgp13,impostor,13,right,2325,2405,B,65,65,1000,500,0.378,qwen3vl,similarity_score,2026-07-06T23:11:33
I_2325_2406_frgp13,impostor,13,right,2325,2406,B,65,65,1000,500,0.372,qwen3vl,similarity_score,2026-07-06T23:11:33
I_2325_2407_frgp13,impostor,13,right,2325,2407,B,65,65,1000,500,0.372,qwen3vl,similarity_score,2026-07-06T23:11:33
I_2325_2408_frgp13,impostor,13,right,2325,2408,B,65,65,1000,500,0.373,qwen3vl,similarity_score,2026-07-06T23:11:34
I_2325_2409_frgp13,impostor,13,right,2325,2409,B,65,65,1000,500,0.372,qwen3vl,similarity_score,2026-07-06T23:11:34
I_2325_2412_frgp13,impostor,13,right,2325,2412,B,65,65,1000,500,0.377,qwen3vl,similarity_score,2026-07-06T23:11:34
I_2325_2413_frgp13,impostor,13,right,2325,2413,B,65,65,1000,500,0.373,qwen3vl,similarity_score,2026-07-06T23:11:35
I_2325_2415_frgp13,impostor,13,right,2325,2415,B,65,65,1000,500,0.375,qwen3vl,similarity_score,2026-07-06T23:11:35
I_2325_2418_frgp13,impostor,13,right,2325,2418,B,65,65,1000,500,0.374,qwen3vl,similarity_score,2026-07-06T23:11:36
I_2325_2423_frgp13,impostor,13,right,2325,2423,B,65,65,1000,500,0.37,qwen3vl,similarity_score,2026-07-06T23:11:36
I_2325_2424_frgp13,impostor,13,right,2325,2424,B,65,65,1000,500,0.372,qwen3vl,similarity_score,2026-07-06T23:11:36
I_2325_2425_frgp13,impostor,13,right,2325,2425,B,65,65,1000,500,0.376,qwen3vl,similarity_score,2026-07-06T23:11:37
I_2325_2426_frgp13,impostor,13,right,2325,2426,B,65,65,1000,500,0.372,qwen3vl,similarity_score,2026-07-06T23:11:37
I_2325_2428_frgp13,impostor,13,right,2325,2428,B,65,65,1000,500,0.377,qwen3vl,similarity_score,2026-07-06T23:11:37
I_2325_2440_frgp13,impostor,13,right,2325,2440,B,65,65,1000,500,0.372,qwen3vl,similarity_score,2026-07-06T23:11:38
I_2325_2447_frgp13,impostor,13,right,2325,2447,B,65,65,1000,500,0.375,qwen3vl,similarity_score,2026-07-06T23:11:38
I_2325_2455_frgp13,impostor,13,right,2325,2455,B,65,65,1000,500,0.375,qwen3vl,similarity_score,2026-07-06T23:11:39
I_2325_2462_frgp13,impostor,13,right,2325,2462,B,65,65,1000,500,0.371,qwen3vl,similarity_score,2026-07-06T23:11:39
I_2325_2463_frgp13,impostor,13,right,2325,2463,B,65,65,1000,500,0.373,qwen3vl,similarity_score,2026-07-06T23:11:39
I_2325_2481_frgp13,impostor,13,right,2325,2481,B,65,65,1000,500,0.374,qwen3vl,similarity_score,2026-07-06T23:11:40
I_2326_2327_frgp13,impostor,13,right,2326,2327,B,65,65,1000,500,0.378,qwen3vl,similarity_score,2026-07-06T23:11:40
I_2326_2328_frgp13,impostor,13,right,2326,2328,B,65,65,1000,500,0.381,qwen3vl,similarity_score,2026-07-06T23:11:40
I_2326_2329_frgp13,impostor,13,right,2326,2329,B,65,65,1000,500,0.38,qwen3vl,similarity_score,2026-07-06T23:11:41
I_2326_2330_frgp13,impostor,13,right,2326,2330,B,65,65,1000,500,0.38,qwen3vl,similarity_score,2026-07-06T23:11:41
I_2326_2332_frgp13,impostor,13,right,2326,2332,B,65,65,1000,500,0.378,qwen3vl,similarity_score,2026-07-06T23:11:42
I_2326_2334_frgp13,impostor,13,right,2326,2334,B,65,65,1000,500,0.377,qwen3vl,similarity_score,2026-07-06T23:11:42
I_2326_2337_frgp13,impostor,13,right,2326,2337,B,85,85,1000,500,0.377,qwen3vl,similarity_score,2026-07-06T23:11:42
I_2326_2338_frgp13,impostor,13,right,2326,2338,B,85,85,1000,500,0.377,qwen3vl,similarity_score,2026-07-06T23:11:43
I_2326_2339_frgp13,impostor,13,right,2326,2339,B,65,65,1000,500,0.375,qwen3vl,similarity_score,2026-07-06T23:11:43
I_2326_2340_frgp13,impostor,13,right,2326,2340,B,85,85,1000,500,0.381,qwen3vl,similarity_score,2026-07-06T23:11:43
I_2326_2341_frgp13,impostor,13,right,2326,2341,B,65,65,1000,500,0.377,qwen3vl,similarity_score,2026-07-06T23:11:44
I_2326_2342_frgp13,impostor,13,right,2326,2342,B,65,65,1000,500,0.379,qwen3vl,similarity_score,2026-07-06T23:11:44
I_2326_2344_frgp13,impostor,13,right,2326,2344,B,85,85,1000,500,0.379,qwen3vl,similarity_score,2026-07-06T23:11:45
I_2326_2348_frgp13,impostor,13,right,2326,2348,B,65,65,1000,500,0.377,qwen3vl,similarity_score,2026-07-06T23:11:45
I_2326_2349_frgp13,impostor,13,right,2326,2349,B,65,65,1000,500,0.383,qwen3vl,similarity_score,2026-07-06T23:11:45
I_2326_2351_frgp13,impostor,13,right,2326,2351,B,0,0,1000,500,0.364,qwen3vl,similarity_score,2026-07-06T23:11:46
I_2326_2352_frgp13,impostor,13,right,2326,2352,B,65,65,1000,500,0.378,qwen3vl,similarity_score,2026-07-06T23:11:46
I_2326_2353_frgp13,impostor,13,right,2326,2353,B,85,85,1000,500,0.379,qwen3vl,similarity_score,2026-07-06T23:11:46
I_2326_2355_frgp13,impostor,13,right,2326,2355,B,65,65,1000,500,0.376,qwen3vl,similarity_score,2026-07-06T23:11:47
I_2326_2356_frgp13,impostor,13,right,2326,2356,B,65,65,1000,500,0.38,qwen3vl,similarity_score,2026-07-06T23:11:47
I_2326_2357_frgp13,impostor,13,right,2326,2357,B,65,65,1000,500,0.379,qwen3vl,similarity_score,2026-07-06T23:11:48
I_2326_2358_frgp13,impostor,13,right,2326,2358,B,65,65,1000,500,0.374,qwen3vl,similarity_score,2026-07-06T23:11:48
I_2326_2359_frgp13,impostor,13,right,2326,2359,B,0,0,1000,500,0.359,qwen3vl,similarity_score,2026-07-06T23:11:48
I_2326_2360_frgp13,impostor,13,right,2326,2360,B,65,65,1000,500,0.379,qwen3vl,similarity_score,2026-07-06T23:11:49
I_2326_2362_frgp13,impostor,13,right,2326,2362,B,65,65,1000,500,0.386,qwen3vl,similarity_score,2026-07-06T23:11:49
I_2326_2364_frgp13,impostor,13,right,2326,2364,B,65,65,1000,500,0.382,qwen3vl,similarity_score,2026-07-06T23:11:49
I_2326_2367_frgp13,impostor,13,right,2326,2367,B,0,0,1000,500,0.38,qwen3vl,similarity_score,2026-07-06T23:11:50
I_2326_2368_frgp13,impostor,13,right,2326,2368,B,65,65,1000,500,0.39,qwen3vl,similarity_score,2026-07-06T23:11:50
I_2326_2369_frgp13,impostor,13,right,2326,2369,B,85,85,1000,500,0.388,qwen3vl,similarity_score,2026-07-06T23:11:51
I_2326_2370_frgp13,impostor,13,right,2326,2370,B,65,65,1000,500,0.391,qwen3vl,similarity_score,2026-07-06T23:11:51
I_2326_2371_frgp13,impostor,13,right,2326,2371,B,65,65,1000,500,0.393,qwen3vl,similarity_score,2026-07-06T23:11:51
I_2326_2372_frgp13,impostor,13,right,2326,2372,B,65,65,1000,500,0.392,qwen3vl,similarity_score,2026-07-06T23:11:52
I_2326_2373_frgp13,impostor,13,right,2326,2373,B,85,85,1000,500,0.391,qwen3vl,similarity_score,2026-07-06T23:11:52
I_2326_2374_frgp13,impostor,13,right,2326,2374,B,65,65,1000,500,0.388,qwen3vl,similarity_score,2026-07-06T23:11:53
I_2326_2375_frgp13,impostor,13,right,2326,2375,B,65,65,1000,500,0.388,qwen3vl,similarity_score,2026-07-06T23:11:53
I_2326_2376_frgp13,impostor,13,right,2326,2376,B,65,65,1000,500,0.389,qwen3vl,similarity_score,2026-07-06T23:11:53
I_2326_2379_frgp13,impostor,13,right,2326,2379,B,65,65,1000,500,0.384,qwen3vl,similarity_score,2026-07-06T23:11:54
I_2326_2380_frgp13,impostor,13,right,2326,2380,B,65,65,1000,500,0.386,qwen3vl,similarity_score,2026-07-06T23:11:54
I_2326_2381_frgp13,impostor,13,right,2326,2381,B,65,65,1000,500,0.386,qwen3vl,similarity_score,2026-07-06T23:11:55
I_2326_2383_frgp13,impostor,13,right,2326,2383,B,65,65,1000,500,0.379,qwen3vl,similarity_score,2026-07-06T23:11:55
I_2326_2384_frgp13,impostor,13,right,2326,2384,B,65,65,1000,500,0.384,qwen3vl,similarity_score,2026-07-06T23:11:55
I_2326_2386_frgp13,impostor,13,right,2326,2386,B,65,65,1000,500,0.381,qwen3vl,similarity_score,2026-07-06T23:11:56
I_2326_2388_frgp13,impostor,13,right,2326,2388,B,65,65,1000,500,0.381,qwen3vl,similarity_score,2026-07-06T23:11:56
I_2326_2391_frgp13,impostor,13,right,2326,2391,B,85,85,1000,500,0.383,qwen3vl,similarity_score,2026-07-06T23:11:56
I_2326_2392_frgp13,impostor,13,right,2326,2392,B,65,65,1000,500,0.384,qwen3vl,similarity_score,2026-07-06T23:11:57
I_2326_2394_frgp13,impostor,13,right,2326,2394,B,65,65,1000,500,0.379,qwen3vl,similarity_score,2026-07-06T23:11:57
I_2326_2395_frgp13,impostor,13,right,2326,2395,B,65,65,1000,500,0.382,qwen3vl,similarity_score,2026-07-06T23:11:58
I_2326_2396_frgp13,impostor,13,right,2326,2396,B,65,65,1000,500,0.381,qwen3vl,similarity_score,2026-07-06T23:11:58
I_2326_2398_frgp13,impostor,13,right,2326,2398,B,65,65,1000,500,0.378,qwen3vl,similarity_score,2026-07-06T23:11:58
I_2326_2399_frgp13,impostor,13,right,2326,2399,B,65,65,1000,500,0.389,qwen3vl,similarity_score,2026-07-06T23:11:59
I_2326_2401_frgp13,impostor,13,right,2326,2401,B,0,0,1000,500,0.367,qwen3vl,similarity_score,2026-07-06T23:11:59
I_2326_2402_frgp13,impostor,13,right,2326,2402,B,65,65,1000,500,0.389,qwen3vl,similarity_score,2026-07-06T23:11:59
I_2326_2403_frgp13,impostor,13,right,2326,2403,B,65,65,1000,500,0.388,qwen3vl,similarity_score,2026-07-06T23:12:00
I_2326_2405_frgp13,impostor,13,right,2326,2405,B,65,65,1000,500,0.384,qwen3vl,similarity_score,2026-07-06T23:12:00
I_2326_2406_frgp13,impostor,13,right,2326,2406,B,65,65,1000,500,0.383,qwen3vl,similarity_score,2026-07-06T23:12:01
I_2326_2407_frgp13,impostor,13,right,2326,2407,B,65,65,1000,500,0.383,qwen3vl,similarity_score,2026-07-06T23:12:01
I_2326_2408_frgp13,impostor,13,right,2326,2408,B,65,65,1000,500,0.382,qwen3vl,similarity_score,2026-07-06T23:12:01
I_2326_2409_frgp13,impostor,13,right,2326,2409,B,65,65,1000,500,0.381,qwen3vl,similarity_score,2026-07-06T23:12:02
I_2326_2412_frgp13,impostor,13,right,2326,2412,B,65,65,1000,500,0.384,qwen3vl,similarity_score,2026-07-06T23:12:02
I_2326_2413_frgp13,impostor,13,right,2326,2413,B,65,65,1000,500,0.387,qwen3vl,similarity_score,2026-07-06T23:12:03
I_2326_2415_frgp13,impostor,13,right,2326,2415,B,65,65,1000,500,0.388,qwen3vl,similarity_score,2026-07-06T23:12:03
I_2326_2418_frgp13,impostor,13,right,2326,2418,B,85,85,1000,500,0.389,qwen3vl,similarity_score,2026-07-06T23:12:03
I_2326_2423_frgp13,impostor,13,right,2326,2423,B,65,65,1000,500,0.387,qwen3vl,similarity_score,2026-07-06T23:12:04
I_2326_2424_frgp13,impostor,13,right,2326,2424,B,65,65,1000,500,0.385,qwen3vl,similarity_score,2026-07-06T23:12:04
I_2326_2425_frgp13,impostor,13,right,2326,2425,B,85,85,1000,500,0.389,qwen3vl,similarity_score,2026-07-06T23:12:04
I_2326_2426_frgp13,impostor,13,right,2326,2426,B,65,65,1000,500,0.386,qwen3vl,similarity_score,2026-07-06T23:12:05
I_2326_2428_frgp13,impostor,13,right,2326,2428,B,65,65,1000,500,0.389,qwen3vl,similarity_score,2026-07-06T23:12:05
I_2326_2440_frgp13,impostor,13,right,2326,2440,B,65,65,1000,500,0.39,qwen3vl,similarity_score,2026-07-06T23:12:06
I_2326_2447_frgp13,impostor,13,right,2326,2447,B,85,85,1000,500,0.385,qwen3vl,similarity_score,2026-07-06T23:12:06
I_2326_2455_frgp13,impostor,13,right,2326,2455,B,65,65,1000,500,0.397,qwen3vl,similarity_score,2026-07-06T23:12:06
I_2326_2462_frgp13,impostor,13,right,2326,2462,B,65,65,1000,500,0.389,qwen3vl,similarity_score,2026-07-06T23:12:07
I_2326_2463_frgp13,impostor,13,right,2326,2463,B,65,65,1000,500,0.386,qwen3vl,similarity_score,2026-07-06T23:12:07
I_2326_2481_frgp13,impostor,13,right,2326,2481,B,65,65,1000,500,0.386,qwen3vl,similarity_score,2026-07-06T23:12:08
I_2327_2328_frgp13,impostor,13,right,2327,2328,B,65,65,1000,500,0.379,qwen3vl,similarity_score,2026-07-06T23:12:08
I_2327_2329_frgp13,impostor,13,right,2327,2329,B,65,65,1000,500,0.378,qwen3vl,similarity_score,2026-07-06T23:12:08
I_2327_2330_frgp13,impostor,13,right,2327,2330,B,65,65,1000,500,0.38,qwen3vl,similarity_score,2026-07-06T23:12:09
I_2327_2332_frgp13,impostor,13,right,2327,2332,B,65,65,1000,500,0.378,qwen3vl,similarity_score,2026-07-06T23:12:09
I_2327_2334_frgp13,impostor,13,right,2327,2334,B,65,65,1000,500,0.375,qwen3vl,similarity_score,2026-07-06T23:12:09
I_2327_2337_frgp13,impostor,13,right,2327,2337,B,85,85,1000,500,0.374,qwen3vl,similarity_score,2026-07-06T23:12:10
I_2327_2338_frgp13,impostor,13,right,2327,2338,B,65,65,1000,500,0.377,qwen3vl,similarity_score,2026-07-06T23:12:10
I_2327_2339_frgp13,impostor,13,right,2327,2339,B,65,65,1000,500,0.383,qwen3vl,similarity_score,2026-07-06T23:12:11
I_2327_2340_frgp13,impostor,13,right,2327,2340,B,85,85,1000,500,0.379,qwen3vl,similarity_score,2026-07-06T23:12:11
I_2327_2341_frgp13,impostor,13,right,2327,2341,B,65,65,1000,500,0.376,qwen3vl,similarity_score,2026-07-06T23:12:11
I_2327_2342_frgp13,impostor,13,right,2327,2342,B,65,65,1000,500,0.377,qwen3vl,similarity_score,2026-07-06T23:12:12
I_2327_2344_frgp13,impostor,13,right,2327,2344,B,65,65,1000,500,0.375,qwen3vl,similarity_score,2026-07-06T23:12:12
I_2327_2348_frgp13,impostor,13,right,2327,2348,B,65,65,1000,500,0.374,qwen3vl,similarity_score,2026-07-06T23:12:12
I_2327_2349_frgp13,impostor,13,right,2327,2349,B,0,0,1000,500,0.365,qwen3vl,similarity_score,2026-07-06T23:12:13
I_2327_2351_frgp13,impostor,13,right,2327,2351,B,65,65,1000,500,0.375,qwen3vl,similarity_score,2026-07-06T23:12:13
I_2327_2352_frgp13,impostor,13,right,2327,2352,B,65,65,1000,500,0.375,qwen3vl,similarity_score,2026-07-06T23:12:14
I_2327_2353_frgp13,impostor,13,right,2327,2353,B,65,65,1000,500,0.368,qwen3vl,similarity_score,2026-07-06T23:12:14
I_2327_2355_frgp13,impostor,13,right,2327,2355,B,65,65,1000,500,0.373,qwen3vl,similarity_score,2026-07-06T23:12:14
I_2327_2356_frgp13,impostor,13,right,2327,2356,B,65,65,1000,500,0.373,qwen3vl,similarity_score,2026-07-06T23:12:15
I_2327_2357_frgp13,impostor,13,right,2327,2357,B,65,65,1000,500,0.373,qwen3vl,similarity_score,2026-07-06T23:12:15
I_2327_2358_frgp13,impostor,13,right,2327,2358,B,65,65,1000,500,0.373,qwen3vl,similarity_score,2026-07-06T23:12:15
I_2327_2359_frgp13,impostor,13,right,2327,2359,B,0,0,1000,500,0.355,qwen3vl,similarity_score,2026-07-06T23:12:16
I_2327_2360_frgp13,impostor,13,right,2327,2360,B,65,65,1000,500,0.372,qwen3vl,similarity_score,2026-07-06T23:12:16
I_2327_2362_frgp13,impostor,13,right,2327,2362,B,65,65,1000,500,0.376,qwen3vl,similarity_score,2026-07-06T23:12:17
I_2327_2364_frgp13,impostor,13,right,2327,2364,B,65,65,1000,500,0.368,qwen3vl,similarity_score,2026-07-06T23:12:17
I_2327_2367_frgp13,impostor,13,right,2327,2367,B,65,65,1000,500,0.374,qwen3vl,similarity_score,2026-07-06T23:12:17
I_2327_2368_frgp13,impostor,13,right,2327,2368,B,65,65,1000,500,0.373,qwen3vl,similarity_score,2026-07-06T23:12:18
I_2327_2369_frgp13,impostor,13,right,2327,2369,B,85,85,1000,500,0.37,qwen3vl,similarity_score,2026-07-06T23:12:18
I_2327_2370_frgp13,impostor,13,right,2327,2370,B,65,65,1000,500,0.374,qwen3vl,similarity_score,2026-07-06T23:12:18
I_2327_2371_frgp13,impostor,13,right,2327,2371,B,65,65,1000,500,0.377,qwen3vl,similarity_score,2026-07-06T23:12:19
I_2327_2372_frgp13,impostor,13,right,2327,2372,B,65,65,1000,500,0.375,qwen3vl,similarity_score,2026-07-06T23:12:19
I_2327_2373_frgp13,impostor,13,right,2327,2373,B,0,0,1000,500,0.355,qwen3vl,similarity_score,2026-07-06T23:12:20
I_2327_2374_frgp13,impostor,13,right,2327,2374,B,65,65,1000,500,0.373,qwen3vl,similarity_score,2026-07-06T23:12:20
I_2327_2375_frgp13,impostor,13,right,2327,2375,B,65,65,1000,500,0.377,qwen3vl,similarity_score,2026-07-06T23:12:20
I_2327_2376_frgp13,impostor,13,right,2327,2376,B,65,65,1000,500,0.377,qwen3vl,similarity_score,2026-07-06T23:12:21
I_2327_2379_frgp13,impostor,13,right,2327,2379,B,65,65,1000,500,0.372,qwen3vl,similarity_score,2026-07-06T23:12:21
I_2327_2380_frgp13,impostor,13,right,2327,2380,B,65,65,1000,500,0.376,qwen3vl,similarity_score,2026-07-06T23:12:21
I_2327_2381_frgp13,impostor,13,right,2327,2381,B,65,65,1000,500,0.382,qwen3vl,similarity_score,2026-07-06T23:12:22
I_2327_2383_frgp13,impostor,13,right,2327,2383,B,65,65,1000,500,0.382,qwen3vl,similarity_score,2026-07-06T23:12:22
I_2327_2384_frgp13,impostor,13,right,2327,2384,B,65,65,1000,500,0.379,qwen3vl,similarity_score,2026-07-06T23:12:23
I_2327_2386_frgp13,impostor,13,right,2327,2386,B,0,0,1000,500,0.359,qwen3vl,similarity_score,2026-07-06T23:12:23
I_2327_2388_frgp13,impostor,13,right,2327,2388,B,65,65,1000,500,0.373,qwen3vl,similarity_score,2026-07-06T23:12:23
I_2327_2391_frgp13,impostor,13,right,2327,2391,B,65,65,1000,500,0.377,qwen3vl,similarity_score,2026-07-06T23:12:24
I_2327_2392_frgp13,impostor,13,right,2327,2392,B,65,65,1000,500,0.375,qwen3vl,similarity_score,2026-07-06T23:12:24
I_2327_2394_frgp13,impostor,13,right,2327,2394,B,65,65,1000,500,0.375,qwen3vl,similarity_score,2026-07-06T23:12:24
I_2327_2395_frgp13,impostor,13,right,2327,2395,B,65,65,1000,500,0.374,qwen3vl,similarity_score,2026-07-06T23:12:25
I_2327_2396_frgp13,impostor,13,right,2327,2396,B,0,0,1000,500,0.356,qwen3vl,similarity_score,2026-07-06T23:12:25
I_2327_2398_frgp13,impostor,13,right,2327,2398,B,65,65,1000,500,0.379,qwen3vl,similarity_score,2026-07-06T23:12:26
I_2327_2399_frgp13,impostor,13,right,2327,2399,B,65,65,1000,500,0.371,qwen3vl,similarity_score,2026-07-06T23:12:26
I_2327_2401_frgp13,impostor,13,right,2327,2401,B,65,65,1000,500,0.375,qwen3vl,similarity_score,2026-07-06T23:12:26
I_2327_2402_frgp13,impostor,13,right,2327,2402,B,65,65,1000,500,0.377,qwen3vl,similarity_score,2026-07-06T23:12:27
I_2327_2403_frgp13,impostor,13,right,2327,2403,B,65,65,1000,500,0.374,qwen3vl,similarity_score,2026-07-06T23:12:27
I_2327_2405_frgp13,impostor,13,right,2327,2405,B,65,65,1000,500,0.376,qwen3vl,similarity_score,2026-07-06T23:12:27
I_2327_2406_frgp13,impostor,13,right,2327,2406,B,65,65,1000,500,0.374,qwen3vl,similarity_score,2026-07-06T23:12:28
I_2327_2407_frgp13,impostor,13,right,2327,2407,B,0,0,1000,500,0.357,qwen3vl,similarity_score,2026-07-06T23:12:28
I_2327_2408_frgp13,impostor,13,right,2327,2408,B,65,65,1000,500,0.375,qwen3vl,similarity_score,2026-07-06T23:12:29
I_2327_2409_frgp13,impostor,13,right,2327,2409,B,65,65,1000,500,0.373,qwen3vl,similarity_score,2026-07-06T23:12:29
I_2327_2412_frgp13,impostor,13,right,2327,2412,B,65,65,1000,500,0.374,qwen3vl,similarity_score,2026-07-06T23:12:29
I_2327_2413_frgp13,impostor,13,right,2327,2413,B,65,65,1000,500,0.376,qwen3vl,similarity_score,2026-07-06T23:12:30
I_2327_2415_frgp13,impostor,13,right,2327,2415,B,65,65,1000,500,0.372,qwen3vl,similarity_score,2026-07-06T23:12:30
I_2327_2418_frgp13,impostor,13,right,2327,2418,B,65,65,1000,500,0.377,qwen3vl,similarity_score,2026-07-06T23:12:30
I_2327_2423_frgp13,impostor,13,right,2327,2423,B,65,65,1000,500,0.37,qwen3vl,similarity_score,2026-07-06T23:12:31
I_2327_2424_frgp13,impostor,13,right,2327,2424,B,65,65,1000,500,0.373,qwen3vl,similarity_score,2026-07-06T23:12:31
I_2327_2425_frgp13,impostor,13,right,2327,2425,B,65,65,1000,500,0.376,qwen3vl,similarity_score,2026-07-06T23:12:31
I_2327_2426_frgp13,impostor,13,right,2327,2426,B,65,65,1000,500,0.371,qwen3vl,similarity_score,2026-07-06T23:12:32
I_2327_2428_frgp13,impostor,13,right,2327,2428,B,65,65,1000,500,0.371,qwen3vl,similarity_score,2026-07-06T23:12:32
I_2327_2440_frgp13,impostor,13,right,2327,2440,B,85,85,1000,500,0.375,qwen3vl,similarity_score,2026-07-06T23:12:33
I_2327_2447_frgp13,impostor,13,right,2327,2447,B,65,65,1000,500,0.375,qwen3vl,similarity_score,2026-07-06T23:12:33
I_2327_2455_frgp13,impostor,13,right,2327,2455,B,65,65,1000,500,0.37,qwen3vl,similarity_score,2026-07-06T23:12:33
I_2327_2462_frgp13,impostor,13,right,2327,2462,B,65,65,1000,500,0.37,qwen3vl,similarity_score,2026-07-06T23:12:34
I_2327_2463_frgp13,impostor,13,right,2327,2463,B,65,65,1000,500,0.376,qwen3vl,similarity_score,2026-07-06T23:12:34
I_2327_2481_frgp13,impostor,13,right,2327,2481,B,65,65,1000,500,0.374,qwen3vl,similarity_score,2026-07-06T23:12:34
I_2328_2329_frgp13,impostor,13,right,2328,2329,B,65,65,1000,500,0.373,qwen3vl,similarity_score,2026-07-06T23:12:35
I_2328_2330_frgp13,impostor,13,right,2328,2330,B,65,65,1000,500,0.376,qwen3vl,similarity_score,2026-07-06T23:12:35
I_2328_2332_frgp13,impostor,13,right,2328,2332,B,65,65,1000,500,0.38,qwen3vl,similarity_score,2026-07-06T23:12:36
I_2328_2334_frgp13,impostor,13,right,2328,2334,B,65,65,1000,500,0.377,qwen3vl,similarity_score,2026-07-06T23:12:36
I_2328_2337_frgp13,impostor,13,right,2328,2337,B,65,65,1000,500,0.379,qwen3vl,similarity_score,2026-07-06T23:12:36
I_2328_2338_frgp13,impostor,13,right,2328,2338,B,65,65,1000,500,0.378,qwen3vl,similarity_score,2026-07-06T23:12:37
I_2328_2339_frgp13,impostor,13,right,2328,2339,B,65,65,1000,500,0.377,qwen3vl,similarity_score,2026-07-06T23:12:37
I_2328_2340_frgp13,impostor,13,right,2328,2340,B,65,65,1000,500,0.379,qwen3vl,similarity_score,2026-07-06T23:12:37
I_2328_2341_frgp13,impostor,13,right,2328,2341,B,85,85,1000,500,0.374,qwen3vl,similarity_score,2026-07-06T23:12:38
I_2328_2342_frgp13,impostor,13,right,2328,2342,B,65,65,1000,500,0.378,qwen3vl,similarity_score,2026-07-06T23:12:38
I_2328_2344_frgp13,impostor,13,right,2328,2344,B,85,85,1000,500,0.379,qwen3vl,similarity_score,2026-07-06T23:12:39
I_2328_2348_frgp13,impostor,13,right,2328,2348,B,65,65,1000,500,0.374,qwen3vl,similarity_score,2026-07-06T23:12:39
I_2328_2349_frgp13,impostor,13,right,2328,2349,B,65,65,1000,500,0.385,qwen3vl,similarity_score,2026-07-06T23:12:39
I_2328_2351_frgp13,impostor,13,right,2328,2351,B,0,0,1000,500,0.36,qwen3vl,similarity_score,2026-07-06T23:12:40
I_2328_2352_frgp13,impostor,13,right,2328,2352,B,85,85,1000,500,0.379,qwen3vl,similarity_score,2026-07-06T23:12:40
I_2328_2353_frgp13,impostor,13,right,2328,2353,B,65,65,1000,500,0.38,qwen3vl,similarity_score,2026-07-06T23:12:41
I_2328_2355_frgp13,impostor,13,right,2328,2355,B,65,65,1000,500,0.378,qwen3vl,similarity_score,2026-07-06T23:12:41
I_2328_2356_frgp13,impostor,13,right,2328,2356,B,65,65,1000,500,0.382,qwen3vl,similarity_score,2026-07-06T23:12:41
I_2328_2357_frgp13,impostor,13,right,2328,2357,B,85,85,1000,500,0.383,qwen3vl,similarity_score,2026-07-06T23:12:42
I_2328_2358_frgp13,impostor,13,right,2328,2358,B,65,65,1000,500,0.377,qwen3vl,similarity_score,2026-07-06T23:12:42
I_2328_2359_frgp13,impostor,13,right,2328,2359,B,65,65,1000,500,0.378,qwen3vl,similarity_score,2026-07-06T23:12:42
I_2328_2360_frgp13,impostor,13,right,2328,2360,B,65,65,1000,500,0.378,qwen3vl,similarity_score,2026-07-06T23:12:43
I_2328_2362_frgp13,impostor,13,right,2328,2362,B,65,65,1000,500,0.379,qwen3vl,similarity_score,2026-07-06T23:12:43
I_2328_2364_frgp13,impostor,13,right,2328,2364,B,65,65,1000,500,0.377,qwen3vl,similarity_score,2026-07-06T23:12:44
I_2328_2367_frgp13,impostor,13,right,2328,2367,B,65,65,1000,500,0.383,qwen3vl,similarity_score,2026-07-06T23:12:44
I_2328_2368_frgp13,impostor,13,right,2328,2368,B,85,85,1000,500,0.384,qwen3vl,similarity_score,2026-07-06T23:12:44
I_2328_2369_frgp13,impostor,13,right,2328,2369,B,65,65,1000,500,0.385,qwen3vl,similarity_score,2026-07-06T23:12:45
I_2328_2370_frgp13,impostor,13,right,2328,2370,B,65,65,1000,500,0.384,qwen3vl,similarity_score,2026-07-06T23:12:45
I_2328_2371_frgp13,impostor,13,right,2328,2371,B,65,65,1000,500,0.382,qwen3vl,similarity_score,2026-07-06T23:12:45
I_2328_2372_frgp13,impostor,13,right,2328,2372,B,65,65,1000,500,0.384,qwen3vl,similarity_score,2026-07-06T23:12:46
I_2328_2373_frgp13,impostor,13,right,2328,2373,B,65,65,1000,500,0.385,qwen3vl,similarity_score,2026-07-06T23:12:46
I_2328_2374_frgp13,impostor,13,right,2328,2374,B,85,85,1000,500,0.387,qwen3vl,similarity_score,2026-07-06T23:12:47
I_2328_2375_frgp13,impostor,13,right,2328,2375,B,65,65,1000,500,0.381,qwen3vl,similarity_score,2026-07-06T23:12:47
I_2328_2376_frgp13,impostor,13,right,2328,2376,B,65,65,1000,500,0.388,qwen3vl,similarity_score,2026-07-06T23:12:47
I_2328_2379_frgp13,impostor,13,right,2328,2379,B,65,65,1000,500,0.386,qwen3vl,similarity_score,2026-07-06T23:12:48
I_2328_2380_frgp13,impostor,13,right,2328,2380,B,65,65,1000,500,0.386,qwen3vl,similarity_score,2026-07-06T23:12:48
I_2328_2381_frgp13,impostor,13,right,2328,2381,B,65,65,1000,500,0.383,qwen3vl,similarity_score,2026-07-06T23:12:49
I_2328_2383_frgp13,impostor,13,right,2328,2383,B,65,65,1000,500,0.383,qwen3vl,similarity_score,2026-07-06T23:12:49
I_2328_2384_frgp13,impostor,13,right,2328,2384,B,85,85,1000,500,0.383,qwen3vl,similarity_score,2026-07-06T23:12:49
I_2328_2386_frgp13,impostor,13,right,2328,2386,B,65,65,1000,500,0.385,qwen3vl,similarity_score,2026-07-06T23:12:50
I_2328_2388_frgp13,impostor,13,right,2328,2388,B,65,65,1000,500,0.382,qwen3vl,similarity_score,2026-07-06T23:12:50
I_2328_2391_frgp13,impostor,13,right,2328,2391,B,65,65,1000,500,0.383,qwen3vl,similarity_score,2026-07-06T23:12:50
I_2328_2392_frgp13,impostor,13,right,2328,2392,B,85,85,1000,500,0.384,qwen3vl,similarity_score,2026-07-06T23:12:51
I_2328_2394_frgp13,impostor,13,right,2328,2394,B,65,65,1000,500,0.382,qwen3vl,similarity_score,2026-07-06T23:12:51
I_2328_2395_frgp13,impostor,13,right,2328,2395,B,65,65,1000,500,0.384,qwen3vl,similarity_score,2026-07-06T23:12:52
I_2328_2396_frgp13,impostor,13,right,2328,2396,B,65,65,1000,500,0.393,qwen3vl,similarity_score,2026-07-06T23:12:52
I_2328_2398_frgp13,impostor,13,right,2328,2398,B,65,65,1000,500,0.387,qwen3vl,similarity_score,2026-07-06T23:12:52
I_2328_2399_frgp13,impostor,13,right,2328,2399,B,65,65,1000,500,0.384,qwen3vl,similarity_score,2026-07-06T23:12:53
I_2328_2401_frgp13,impostor,13,right,2328,2401,B,65,65,1000,500,0.393,qwen3vl,similarity_score,2026-07-06T23:12:53
I_2328_2402_frgp13,impostor,13,right,2328,2402,B,85,85,1000,500,0.389,qwen3vl,similarity_score,2026-07-06T23:12:54
I_2328_2403_frgp13,impostor,13,right,2328,2403,B,65,65,1000,500,0.384,qwen3vl,similarity_score,2026-07-06T23:12:54
I_2328_2405_frgp13,impostor,13,right,2328,2405,B,65,65,1000,500,0.384,qwen3vl,similarity_score,2026-07-06T23:12:54
I_2328_2406_frgp13,impostor,13,right,2328,2406,B,85,85,1000,500,0.383,qwen3vl,similarity_score,2026-07-06T23:12:55
I_2328_2407_frgp13,impostor,13,right,2328,2407,B,85,85,1000,500,0.383,qwen3vl,similarity_score,2026-07-06T23:12:55
I_2328_2408_frgp13,impostor,13,right,2328,2408,B,85,85,1000,500,0.386,qwen3vl,similarity_score,2026-07-06T23:12:55
I_2328_2409_frgp13,impostor,13,right,2328,2409,B,65,65,1000,500,0.381,qwen3vl,similarity_score,2026-07-06T23:12:56
I_2328_2412_frgp13,impostor,13,right,2328,2412,B,85,85,1000,500,0.38,qwen3vl,similarity_score,2026-07-06T23:12:56
I_2328_2413_frgp13,impostor,13,right,2328,2413,B,65,65,1000,500,0.389,qwen3vl,similarity_score,2026-07-06T23:12:57
I_2328_2415_frgp13,impostor,13,right,2328,2415,B,85,85,1000,500,0.389,qwen3vl,similarity_score,2026-07-06T23:12:57
I_2328_2418_frgp13,impostor,13,right,2328,2418,B,65,65,1000,500,0.386,qwen3vl,similarity_score,2026-07-06T23:12:57
I_2328_2423_frgp13,impostor,13,right,2328,2423,B,65,65,1000,500,0.384,qwen3vl,similarity_score,2026-07-06T23:12:58
I_2328_2424_frgp13,impostor,13,right,2328,2424,B,65,65,1000,500,0.384,qwen3vl,similarity_score,2026-07-06T23:12:58
I_2328_2425_frgp13,impostor,13,right,2328,2425,B,85,85,1000,500,0.383,qwen3vl,similarity_score,2026-07-06T23:12:59
I_2328_2426_frgp13,impostor,13,right,2328,2426,B,65,65,1000,500,0.383,qwen3vl,similarity_score,2026-07-06T23:12:59
I_2328_2428_frgp13,impostor,13,right,2328,2428,B,65,65,1000,500,0.383,qwen3vl,similarity_score,2026-07-06T23:12:59
I_2328_2440_frgp13,impostor,13,right,2328,2440,B,65,65,1000,500,0.382,qwen3vl,similarity_score,2026-07-06T23:13:00
I_2328_2447_frgp13,impostor,13,right,2328,2447,B,65,65,1000,500,0.386,qwen3vl,similarity_score,2026-07-06T23:13:00
I_2328_2455_frgp13,impostor,13,right,2328,2455,B,65,65,1000,500,0.381,qwen3vl,similarity_score,2026-07-06T23:13:00
I_2328_2462_frgp13,impostor,13,right,2328,2462,B,65,65,1000,500,0.378,qwen3vl,similarity_score,2026-07-06T23:13:01
I_2328_2463_frgp13,impostor,13,right,2328,2463,B,85,85,1000,500,0.384,qwen3vl,similarity_score,2026-07-06T23:13:01
I_2328_2481_frgp13,impostor,13,right,2328,2481,B,65,65,1000,500,0.387,qwen3vl,similarity_score,2026-07-06T23:13:02
I_2329_2330_frgp13,impostor,13,right,2329,2330,B,65,65,1000,500,0.381,qwen3vl,similarity_score,2026-07-06T23:13:02
I_2329_2332_frgp13,impostor,13,right,2329,2332,B,85,85,1000,500,0.38,qwen3vl,similarity_score,2026-07-06T23:13:02
I_2329_2334_frgp13,impostor,13,right,2329,2334,B,65,65,1000,500,0.379,qwen3vl,similarity_score,2026-07-06T23:13:03
I_2329_2337_frgp13,impostor,13,right,2329,2337,B,85,85,1000,500,0.375,qwen3vl,similarity_score,2026-07-06T23:13:03
I_2329_2338_frgp13,impostor,13,right,2329,2338,B,65,65,1000,500,0.38,qwen3vl,similarity_score,2026-07-06T23:13:04
I_2329_2339_frgp13,impostor,13,right,2329,2339,B,65,65,1000,500,0.373,qwen3vl,similarity_score,2026-07-06T23:13:04
I_2329_2340_frgp13,impostor,13,right,2329,2340,B,65,65,1000,500,0.375,qwen3vl,similarity_score,2026-07-06T23:13:04
I_2329_2341_frgp13,impostor,13,right,2329,2341,B,65,65,1000,500,0.376,qwen3vl,similarity_score,2026-07-06T23:13:05
I_2329_2342_frgp13,impostor,13,right,2329,2342,B,65,65,1000,500,0.374,qwen3vl,similarity_score,2026-07-06T23:13:05
I_2329_2344_frgp13,impostor,13,right,2329,2344,B,65,65,1000,500,0.378,qwen3vl,similarity_score,2026-07-06T23:13:05
I_2329_2348_frgp13,impostor,13,right,2329,2348,B,65,65,1000,500,0.38,qwen3vl,similarity_score,2026-07-06T23:13:06
I_2329_2349_frgp13,impostor,13,right,2329,2349,B,30,30,1000,500,0.377,qwen3vl,similarity_score,2026-07-06T23:13:06
I_2329_2351_frgp13,impostor,13,right,2329,2351,B,65,65,1000,500,0.374,qwen3vl,similarity_score,2026-07-06T23:13:07
I_2329_2352_frgp13,impostor,13,right,2329,2352,B,65,65,1000,500,0.375,qwen3vl,similarity_score,2026-07-06T23:13:07
I_2329_2353_frgp13,impostor,13,right,2329,2353,B,65,65,1000,500,0.386,qwen3vl,similarity_score,2026-07-06T23:13:07
I_2329_2355_frgp13,impostor,13,right,2329,2355,B,65,65,1000,500,0.38,qwen3vl,similarity_score,2026-07-06T23:13:08
I_2329_2356_frgp13,impostor,13,right,2329,2356,B,65,65,1000,500,0.377,qwen3vl,similarity_score,2026-07-06T23:13:08
I_2329_2357_frgp13,impostor,13,right,2329,2357,B,65,65,1000,500,0.381,qwen3vl,similarity_score,2026-07-06T23:13:08
I_2329_2358_frgp13,impostor,13,right,2329,2358,B,65,65,1000,500,0.378,qwen3vl,similarity_score,2026-07-06T23:13:09
I_2329_2359_frgp13,impostor,13,right,2329,2359,B,65,65,1000,500,0.378,qwen3vl,similarity_score,2026-07-06T23:13:09
I_2329_2360_frgp13,impostor,13,right,2329,2360,B,65,65,1000,500,0.384,qwen3vl,similarity_score,2026-07-06T23:13:10
I_2329_2362_frgp13,impostor,13,right,2329,2362,B,85,85,1000,500,0.385,qwen3vl,similarity_score,2026-07-06T23:13:10
I_2329_2364_frgp13,impostor,13,right,2329,2364,B,65,65,1000,500,0.378,qwen3vl,similarity_score,2026-07-06T23:13:10
I_2329_2367_frgp13,impostor,13,right,2329,2367,B,0,0,1000,500,0.361,qwen3vl,similarity_score,2026-07-06T23:13:11
I_2329_2368_frgp13,impostor,13,right,2329,2368,B,65,65,1000,500,0.38,qwen3vl,similarity_score,2026-07-06T23:13:11
I_2329_2369_frgp13,impostor,13,right,2329,2369,B,85,85,1000,500,0.381,qwen3vl,similarity_score,2026-07-06T23:13:11
I_2329_2370_frgp13,impostor,13,right,2329,2370,B,65,65,1000,500,0.378,qwen3vl,similarity_score,2026-07-06T23:13:12
I_2329_2371_frgp13,impostor,13,right,2329,2371,B,85,85,1000,500,0.376,qwen3vl,similarity_score,2026-07-06T23:13:12
I_2329_2372_frgp13,impostor,13,right,2329,2372,B,65,65,1000,500,0.377,qwen3vl,similarity_score,2026-07-06T23:13:13
I_2329_2373_frgp13,impostor,13,right,2329,2373,B,65,65,1000,500,0.377,qwen3vl,similarity_score,2026-07-06T23:13:13
I_2329_2374_frgp13,impostor,13,right,2329,2374,B,85,85,1000,500,0.38,qwen3vl,similarity_score,2026-07-06T23:13:13
I_2329_2375_frgp13,impostor,13,right,2329,2375,B,85,85,1000,500,0.38,qwen3vl,similarity_score,2026-07-06T23:13:14
I_2329_2376_frgp13,impostor,13,right,2329,2376,B,65,65,1000,500,0.385,qwen3vl,similarity_score,2026-07-06T23:13:14
I_2329_2379_frgp13,impostor,13,right,2329,2379,B,65,65,1000,500,0.384,qwen3vl,similarity_score,2026-07-06T23:13:14
I_2329_2380_frgp13,impostor,13,right,2329,2380,B,85,85,1000,500,0.375,qwen3vl,similarity_score,2026-07-06T23:13:15
I_2329_2381_frgp13,impostor,13,right,2329,2381,B,65,65,1000,500,0.382,qwen3vl,similarity_score,2026-07-06T23:13:15
I_2329_2383_frgp13,impostor,13,right,2329,2383,B,85,85,1000,500,0.378,qwen3vl,similarity_score,2026-07-06T23:13:16
I_2329_2384_frgp13,impostor,13,right,2329,2384,B,85,85,1000,500,0.378,qwen3vl,similarity_score,2026-07-06T23:13:16
I_2329_2386_frgp13,impostor,13,right,2329,2386,B,65,65,1000,500,0.381,qwen3vl,similarity_score,2026-07-06T23:13:16
I_2329_2388_frgp13,impostor,13,right,2329,2388,B,65,65,1000,500,0.379,qwen3vl,similarity_score,2026-07-06T23:13:17
I_2329_2391_frgp13,impostor,13,right,2329,2391,B,65,65,1000,500,0.377,qwen3vl,similarity_score,2026-07-06T23:13:17
I_2329_2392_frgp13,impostor,13,right,2329,2392,B,90,90,1000,500,0.38,qwen3vl,similarity_score,2026-07-06T23:13:18
I_2329_2394_frgp13,impostor,13,right,2329,2394,B,85,85,1000,500,0.377,qwen3vl,similarity_score,2026-07-06T23:13:18
I_2329_2395_frgp13,impostor,13,right,2329,2395,B,85,85,1000,500,0.377,qwen3vl,similarity_score,2026-07-06T23:13:18
I_2329_2396_frgp13,impostor,13,right,2329,2396,B,65,65,1000,500,0.38,qwen3vl,similarity_score,2026-07-06T23:13:19
I_2329_2398_frgp13,impostor,13,right,2329,2398,B,65,65,1000,500,0.382,qwen3vl,similarity_score,2026-07-06T23:13:19
I_2329_2399_frgp13,impostor,13,right,2329,2399,B,65,65,1000,500,0.385,qwen3vl,similarity_score,2026-07-06T23:13:19
I_2329_2401_frgp13,impostor,13,right,2329,2401,B,65,65,1000,500,0.386,qwen3vl,similarity_score,2026-07-06T23:13:20
I_2329_2402_frgp13,impostor,13,right,2329,2402,B,65,65,1000,500,0.384,qwen3vl,similarity_score,2026-07-06T23:13:20
I_2329_2403_frgp13,impostor,13,right,2329,2403,B,65,65,1000,500,0.387,qwen3vl,similarity_score,2026-07-06T23:13:21
I_2329_2405_frgp13,impostor,13,right,2329,2405,B,85,85,1000,500,0.384,qwen3vl,similarity_score,2026-07-06T23:13:21
I_2329_2406_frgp13,impostor,13,right,2329,2406,B,65,65,1000,500,0.382,qwen3vl,similarity_score,2026-07-06T23:13:21
I_2329_2407_frgp13,impostor,13,right,2329,2407,B,65,65,1000,500,0.387,qwen3vl,similarity_score,2026-07-06T23:13:22
I_2329_2408_frgp13,impostor,13,right,2329,2408,B,85,85,1000,500,0.419,qwen3vl,similarity_score,2026-07-06T23:13:22
I_2329_2409_frgp13,impostor,13,right,2329,2409,B,85,85,1000,500,0.388,qwen3vl,similarity_score,2026-07-06T23:13:23
I_2329_2412_frgp13,impostor,13,right,2329,2412,B,85,85,1000,500,0.389,qwen3vl,similarity_score,2026-07-06T23:13:23
I_2329_2413_frgp13,impostor,13,right,2329,2413,B,65,65,1000,500,0.384,qwen3vl,similarity_score,2026-07-06T23:13:23
I_2329_2415_frgp13,impostor,13,right,2329,2415,B,65,65,1000,500,0.383,qwen3vl,similarity_score,2026-07-06T23:13:24
I_2329_2418_frgp13,impostor,13,right,2329,2418,B,65,65,1000,500,0.381,qwen3vl,similarity_score,2026-07-06T23:13:24
I_2329_2423_frgp13,impostor,13,right,2329,2423,B,65,65,1000,500,0.387,qwen3vl,similarity_score,2026-07-06T23:13:24
I_2329_2424_frgp13,impostor,13,right,2329,2424,B,85,85,1000,500,0.386,qwen3vl,similarity_score,2026-07-06T23:13:25
I_2329_2425_frgp13,impostor,13,right,2329,2425,B,85,85,1000,500,0.386,qwen3vl,similarity_score,2026-07-06T23:13:25
I_2329_2426_frgp13,impostor,13,right,2329,2426,B,85,85,1000,500,0.384,qwen3vl,similarity_score,2026-07-06T23:13:26
I_2329_2428_frgp13,impostor,13,right,2329,2428,B,85,85,1000,500,0.381,qwen3vl,similarity_score,2026-07-06T23:13:26
I_2329_2440_frgp13,impostor,13,right,2329,2440,B,85,85,1000,500,0.382,qwen3vl,similarity_score,2026-07-06T23:13:26
I_2329_2447_frgp13,impostor,13,right,2329,2447,B,85,85,1000,500,0.385,qwen3vl,similarity_score,2026-07-06T23:13:27
I_2329_2455_frgp13,impostor,13,right,2329,2455,B,65,65,1000,500,0.385,qwen3vl,similarity_score,2026-07-06T23:13:27
I_2329_2462_frgp13,impostor,13,right,2329,2462,B,85,85,1000,500,0.387,qwen3vl,similarity_score,2026-07-06T23:13:28
I_2329_2463_frgp13,impostor,13,right,2329,2463,B,65,65,1000,500,0.391,qwen3vl,similarity_score,2026-07-06T23:13:28
I_2329_2481_frgp13,impostor,13,right,2329,2481,B,65,65,1000,500,0.389,qwen3vl,similarity_score,2026-07-06T23:13:28
I_2330_2332_frgp13,impostor,13,right,2330,2332,B,85,85,1000,500,0.381,qwen3vl,similarity_score,2026-07-06T23:13:29
I_2330_2334_frgp13,impostor,13,right,2330,2334,B,65,65,1000,500,0.384,qwen3vl,similarity_score,2026-07-06T23:13:29
I_2330_2337_frgp13,impostor,13,right,2330,2337,B,95,95,1000,500,0.391,qwen3vl,similarity_score,2026-07-06T23:13:29
I_2330_2338_frgp13,impostor,13,right,2330,2338,B,85,85,1000,500,0.383,qwen3vl,similarity_score,2026-07-06T23:13:30
I_2330_2339_frgp13,impostor,13,right,2330,2339,B,65,65,1000,500,0.383,qwen3vl,similarity_score,2026-07-06T23:13:30
I_2330_2340_frgp13,impostor,13,right,2330,2340,B,85,85,1000,500,0.387,qwen3vl,similarity_score,2026-07-06T23:13:31
I_2330_2341_frgp13,impostor,13,right,2330,2341,B,65,65,1000,500,0.389,qwen3vl,similarity_score,2026-07-06T23:13:31
I_2330_2342_frgp13,impostor,13,right,2330,2342,B,65,65,1000,500,0.383,qwen3vl,similarity_score,2026-07-06T23:13:31
I_2330_2344_frgp13,impostor,13,right,2330,2344,B,65,65,1000,500,0.383,qwen3vl,similarity_score,2026-07-06T23:13:32
I_2330_2348_frgp13,impostor,13,right,2330,2348,B,65,65,1000,500,0.387,qwen3vl,similarity_score,2026-07-06T23:13:32
I_2330_2349_frgp13,impostor,13,right,2330,2349,B,0,0,1000,500,0.378,qwen3vl,similarity_score,2026-07-06T23:13:33
I_2330_2351_frgp13,impostor,13,right,2330,2351,B,65,65,1000,500,0.388,qwen3vl,similarity_score,2026-07-06T23:13:33
I_2330_2352_frgp13,impostor,13,right,2330,2352,B,65,65,1000,500,0.389,qwen3vl,similarity_score,2026-07-06T23:13:33
I_2330_2353_frgp13,impostor,13,right,2330,2353,B,65,65,1000,500,0.386,qwen3vl,similarity_score,2026-07-06T23:13:34
I_2330_2355_frgp13,impostor,13,right,2330,2355,B,85,85,1000,500,0.394,qwen3vl,similarity_score,2026-07-06T23:13:34
I_2330_2356_frgp13,impostor,13,right,2330,2356,B,65,65,1000,500,0.393,qwen3vl,similarity_score,2026-07-06T23:13:34
I_2330_2357_frgp13,impostor,13,right,2330,2357,B,65,65,1000,500,0.39,qwen3vl,similarity_score,2026-07-06T23:13:35
I_2330_2358_frgp13,impostor,13,right,2330,2358,B,65,65,1000,500,0.388,qwen3vl,similarity_score,2026-07-06T23:13:35
I_2330_2359_frgp13,impostor,13,right,2330,2359,B,65,65,1000,500,0.387,qwen3vl,similarity_score,2026-07-06T23:13:36
I_2330_2360_frgp13,impostor,13,right,2330,2360,B,65,65,1000,500,0.384,qwen3vl,similarity_score,2026-07-06T23:13:36
I_2330_2362_frgp13,impostor,13,right,2330,2362,B,85,85,1000,500,0.385,qwen3vl,similarity_score,2026-07-06T23:13:36
I_2330_2364_frgp13,impostor,13,right,2330,2364,B,65,65,1000,500,0.382,qwen3vl,similarity_score,2026-07-06T23:13:37
I_2330_2367_frgp13,impostor,13,right,2330,2367,B,0,0,1000,500,0.369,qwen3vl,similarity_score,2026-07-06T23:13:37
I_2330_2368_frgp13,impostor,13,right,2330,2368,B,65,65,1000,500,0.391,qwen3vl,similarity_score,2026-07-06T23:13:38
I_2330_2369_frgp13,impostor,13,right,2330,2369,B,95,95,1000,500,0.39,qwen3vl,similarity_score,2026-07-06T23:13:38
I_2330_2370_frgp13,impostor,13,right,2330,2370,B,65,65,1000,500,0.384,qwen3vl,similarity_score,2026-07-06T23:13:38
I_2330_2371_frgp13,impostor,13,right,2330,2371,B,65,65,1000,500,0.385,qwen3vl,similarity_score,2026-07-06T23:13:39
I_2330_2372_frgp13,impostor,13,right,2330,2372,B,65,65,1000,500,0.386,qwen3vl,similarity_score,2026-07-06T23:13:39
I_2330_2373_frgp13,impostor,13,right,2330,2373,B,85,85,1000,500,0.387,qwen3vl,similarity_score,2026-07-06T23:13:39
I_2330_2374_frgp13,impostor,13,right,2330,2374,B,65,65,1000,500,0.385,qwen3vl,similarity_score,2026-07-06T23:13:40
I_2330_2375_frgp13,impostor,13,right,2330,2375,B,65,65,1000,500,0.384,qwen3vl,similarity_score,2026-07-06T23:13:40
I_2330_2376_frgp13,impostor,13,right,2330,2376,B,65,65,1000,500,0.391,qwen3vl,similarity_score,2026-07-06T23:13:41
I_2330_2379_frgp13,impostor,13,right,2330,2379,B,65,65,1000,500,0.388,qwen3vl,similarity_score,2026-07-06T23:13:41
I_2330_2380_frgp13,impostor,13,right,2330,2380,B,65,65,1000,500,0.385,qwen3vl,similarity_score,2026-07-06T23:13:41
I_2330_2381_frgp13,impostor,13,right,2330,2381,B,65,65,1000,500,0.384,qwen3vl,similarity_score,2026-07-06T23:13:42
I_2330_2383_frgp13,impostor,13,right,2330,2383,B,65,65,1000,500,0.383,qwen3vl,similarity_score,2026-07-06T23:13:42
I_2330_2384_frgp13,impostor,13,right,2330,2384,B,65,65,1000,500,0.384,qwen3vl,similarity_score,2026-07-06T23:13:43
I_2330_2386_frgp13,impostor,13,right,2330,2386,B,0,0,1000,500,0.365,qwen3vl,similarity_score,2026-07-06T23:13:43
I_2330_2388_frgp13,impostor,13,right,2330,2388,B,65,65,1000,500,0.384,qwen3vl,similarity_score,2026-07-06T23:13:43
I_2330_2391_frgp13,impostor,13,right,2330,2391,B,85,85,1000,500,0.389,qwen3vl,similarity_score,2026-07-06T23:13:44
I_2330_2392_frgp13,impostor,13,right,2330,2392,B,85,85,1000,500,0.385,qwen3vl,similarity_score,2026-07-06T23:13:44
I_2330_2394_frgp13,impostor,13,right,2330,2394,B,65,65,1000,500,0.386,qwen3vl,similarity_score,2026-07-06T23:13:44
I_2330_2395_frgp13,impostor,13,right,2330,2395,B,65,65,1000,500,0.382,qwen3vl,similarity_score,2026-07-06T23:13:45
I_2330_2396_frgp13,impostor,13,right,2330,2396,B,0,0,1000,500,0.365,qwen3vl,similarity_score,2026-07-06T23:13:45
I_2330_2398_frgp13,impostor,13,right,2330,2398,B,65,65,1000,500,0.381,qwen3vl,similarity_score,2026-07-06T23:13:46
I_2330_2399_frgp13,impostor,13,right,2330,2399,B,65,65,1000,500,0.379,qwen3vl,similarity_score,2026-07-06T23:13:46
I_2330_2401_frgp13,impostor,13,right,2330,2401,B,65,65,1000,500,0.382,qwen3vl,similarity_score,2026-07-06T23:13:46
I_2330_2402_frgp13,impostor,13,right,2330,2402,B,65,65,1000,500,0.38,qwen3vl,similarity_score,2026-07-06T23:13:47
I_2330_2403_frgp13,impostor,13,right,2330,2403,B,65,65,1000,500,0.383,qwen3vl,similarity_score,2026-07-06T23:13:47
I_2330_2405_frgp13,impostor,13,right,2330,2405,B,65,65,1000,500,0.382,qwen3vl,similarity_score,2026-07-06T23:13:48
I_2330_2406_frgp13,impostor,13,right,2330,2406,B,65,65,1000,500,0.383,qwen3vl,similarity_score,2026-07-06T23:13:48
I_2330_2407_frgp13,impostor,13,right,2330,2407,B,65,65,1000,500,0.385,qwen3vl,similarity_score,2026-07-06T23:13:48
I_2330_2408_frgp13,impostor,13,right,2330,2408,B,65,65,1000,500,0.385,qwen3vl,similarity_score,2026-07-06T23:13:49
I_2330_2409_frgp13,impostor,13,right,2330,2409,B,65,65,1000,500,0.385,qwen3vl,similarity_score,2026-07-06T23:13:49
I_2330_2412_frgp13,impostor,13,right,2330,2412,B,65,65,1000,500,0.384,qwen3vl,similarity_score,2026-07-06T23:13:49
I_2330_2413_frgp13,impostor,13,right,2330,2413,B,65,65,1000,500,0.385,qwen3vl,similarity_score,2026-07-06T23:13:50
I_2330_2415_frgp13,impostor,13,right,2330,2415,B,65,65,1000,500,0.384,qwen3vl,similarity_score,2026-07-06T23:13:50
I_2330_2418_frgp13,impostor,13,right,2330,2418,B,85,85,1000,500,0.382,qwen3vl,similarity_score,2026-07-06T23:13:51
I_2330_2423_frgp13,impostor,13,right,2330,2423,B,65,65,1000,500,0.373,qwen3vl,similarity_score,2026-07-06T23:13:51
I_2330_2424_frgp13,impostor,13,right,2330,2424,B,65,65,1000,500,0.386,qwen3vl,similarity_score,2026-07-06T23:13:51
I_2330_2425_frgp13,impostor,13,right,2330,2425,B,65,65,1000,500,0.393,qwen3vl,similarity_score,2026-07-06T23:13:52
I_2330_2426_frgp13,impostor,13,right,2330,2426,B,65,65,1000,500,0.385,qwen3vl,similarity_score,2026-07-06T23:13:52
I_2330_2428_frgp13,impostor,13,right,2330,2428,B,65,65,1000,500,0.401,qwen3vl,similarity_score,2026-07-06T23:13:53
I_2330_2440_frgp13,impostor,13,right,2330,2440,B,65,65,1000,500,0.381,qwen3vl,similarity_score,2026-07-06T23:13:53
I_2330_2447_frgp13,impostor,13,right,2330,2447,B,85,85,1000,500,0.382,qwen3vl,similarity_score,2026-07-06T23:13:53
I_2330_2455_frgp13,impostor,13,right,2330,2455,B,65,65,1000,500,0.401,qwen3vl,similarity_score,2026-07-06T23:13:54
I_2330_2462_frgp13,impostor,13,right,2330,2462,B,65,65,1000,500,0.382,qwen3vl,similarity_score,2026-07-06T23:13:54
I_2330_2463_frgp13,impostor,13,right,2330,2463,B,65,65,1000,500,0.406,qwen3vl,similarity_score,2026-07-06T23:13:54
I_2330_2481_frgp13,impostor,13,right,2330,2481,B,65,65,1000,500,0.403,qwen3vl,similarity_score,2026-07-06T23:13:55
I_2332_2334_frgp13,impostor,13,right,2332,2334,B,65,65,1000,500,0.395,qwen3vl,similarity_score,2026-07-06T23:13:55
I_2332_2337_frgp13,impostor,13,right,2332,2337,B,65,65,1000,500,0.425,qwen3vl,similarity_score,2026-07-06T23:13:56
I_2332_2338_frgp13,impostor,13,right,2332,2338,B,85,85,1000,500,0.39,qwen3vl,similarity_score,2026-07-06T23:13:56
I_2332_2339_frgp13,impostor,13,right,2332,2339,B,65,65,1000,500,0.389,qwen3vl,similarity_score,2026-07-06T23:13:56
I_2332_2340_frgp13,impostor,13,right,2332,2340,B,65,65,1000,500,0.383,qwen3vl,similarity_score,2026-07-06T23:13:57
I_2332_2341_frgp13,impostor,13,right,2332,2341,B,65,65,1000,500,0.39,qwen3vl,similarity_score,2026-07-06T23:13:57
I_2332_2342_frgp13,impostor,13,right,2332,2342,B,65,65,1000,500,0.391,qwen3vl,similarity_score,2026-07-06T23:13:58
I_2332_2344_frgp13,impostor,13,right,2332,2344,B,65,65,1000,500,0.39,qwen3vl,similarity_score,2026-07-06T23:13:58
I_2332_2348_frgp13,impostor,13,right,2332,2348,B,65,65,1000,500,0.384,qwen3vl,similarity_score,2026-07-06T23:13:58
I_2332_2349_frgp13,impostor,13,right,2332,2349,B,0,0,1000,500,0.368,qwen3vl,similarity_score,2026-07-06T23:13:59
I_2332_2351_frgp13,impostor,13,right,2332,2351,B,65,65,1000,500,0.381,qwen3vl,similarity_score,2026-07-06T23:13:59
I_2332_2352_frgp13,impostor,13,right,2332,2352,B,65,65,1000,500,0.384,qwen3vl,similarity_score,2026-07-06T23:14:00
I_2332_2353_frgp13,impostor,13,right,2332,2353,B,65,65,1000,500,0.383,qwen3vl,similarity_score,2026-07-06T23:14:00
I_2332_2355_frgp13,impostor,13,right,2332,2355,B,85,85,1000,500,0.387,qwen3vl,similarity_score,2026-07-06T23:14:00
I_2332_2356_frgp13,impostor,13,right,2332,2356,B,65,65,1000,500,0.383,qwen3vl,similarity_score,2026-07-06T23:14:01
I_2332_2357_frgp13,impostor,13,right,2332,2357,B,65,65,1000,500,0.382,qwen3vl,similarity_score,2026-07-06T23:14:01
I_2332_2358_frgp13,impostor,13,right,2332,2358,B,65,65,1000,500,0.391,qwen3vl,similarity_score,2026-07-06T23:14:01
I_2332_2359_frgp13,impostor,13,right,2332,2359,B,65,65,1000,500,0.383,qwen3vl,similarity_score,2026-07-06T23:14:02
I_2332_2360_frgp13,impostor,13,right,2332,2360,B,65,65,1000,500,0.381,qwen3vl,similarity_score,2026-07-06T23:14:02
I_2332_2362_frgp13,impostor,13,right,2332,2362,B,65,65,1000,500,0.382,qwen3vl,similarity_score,2026-07-06T23:14:03
I_2332_2364_frgp13,impostor,13,right,2332,2364,B,65,65,1000,500,0.38,qwen3vl,similarity_score,2026-07-06T23:14:03
I_2332_2367_frgp13,impostor,13,right,2332,2367,B,65,65,1000,500,0.385,qwen3vl,similarity_score,2026-07-06T23:14:03
I_2332_2368_frgp13,impostor,13,right,2332,2368,B,65,65,1000,500,0.381,qwen3vl,similarity_score,2026-07-06T23:14:04
I_2332_2369_frgp13,impostor,13,right,2332,2369,B,95,95,1000,500,0.38,qwen3vl,similarity_score,2026-07-06T23:14:04
I_2332_2370_frgp13,impostor,13,right,2332,2370,B,65,65,1000,500,0.379,qwen3vl,similarity_score,2026-07-06T23:14:05
I_2332_2371_frgp13,impostor,13,right,2332,2371,B,65,65,1000,500,0.383,qwen3vl,similarity_score,2026-07-06T23:14:05
I_2332_2372_frgp13,impostor,13,right,2332,2372,B,65,65,1000,500,0.383,qwen3vl,similarity_score,2026-07-06T23:14:05
I_2332_2373_frgp13,impostor,13,right,2332,2373,B,65,65,1000,500,0.383,qwen3vl,similarity_score,2026-07-06T23:14:06
I_2332_2374_frgp13,impostor,13,right,2332,2374,B,65,65,1000,500,0.381,qwen3vl,similarity_score,2026-07-06T23:14:06
I_2332_2375_frgp13,impostor,13,right,2332,2375,B,65,65,1000,500,0.38,qwen3vl,similarity_score,2026-07-06T23:14:06
I_2332_2376_frgp13,impostor,13,right,2332,2376,B,65,65,1000,500,0.381,qwen3vl,similarity_score,2026-07-06T23:14:07
I_2332_2379_frgp13,impostor,13,right,2332,2379,B,65,65,1000,500,0.379,qwen3vl,similarity_score,2026-07-06T23:14:07
I_2332_2380_frgp13,impostor,13,right,2332,2380,B,65,65,1000,500,0.383,qwen3vl,similarity_score,2026-07-06T23:14:08
I_2332_2381_frgp13,impostor,13,right,2332,2381,B,65,65,1000,500,0.382,qwen3vl,similarity_score,2026-07-06T23:14:08
I_2332_2383_frgp13,impostor,13,right,2332,2383,B,85,85,1000,500,0.381,qwen3vl,similarity_score,2026-07-06T23:14:08
I_2332_2384_frgp13,impostor,13,right,2332,2384,B,65,65,1000,500,0.384,qwen3vl,similarity_score,2026-07-06T23:14:09
I_2332_2386_frgp13,impostor,13,right,2332,2386,B,0,0,1000,500,0.364,qwen3vl,similarity_score,2026-07-06T23:14:09
I_2332_2388_frgp13,impostor,13,right,2332,2388,B,65,65,1000,500,0.383,qwen3vl,similarity_score,2026-07-06T23:14:09
I_2332_2391_frgp13,impostor,13,right,2332,2391,B,65,65,1000,500,0.383,qwen3vl,similarity_score,2026-07-06T23:14:10
I_2332_2392_frgp13,impostor,13,right,2332,2392,B,85,85,1000,500,0.382,qwen3vl,similarity_score,2026-07-06T23:14:10
I_2332_2394_frgp13,impostor,13,right,2332,2394,B,65,65,1000,500,0.39,qwen3vl,similarity_score,2026-07-06T23:14:11
I_2332_2395_frgp13,impostor,13,right,2332,2395,B,85,85,1000,500,0.383,qwen3vl,similarity_score,2026-07-06T23:14:11
I_2332_2396_frgp13,impostor,13,right,2332,2396,B,65,65,1000,500,0.384,qwen3vl,similarity_score,2026-07-06T23:14:11
I_2332_2398_frgp13,impostor,13,right,2332,2398,B,65,65,1000,500,0.384,qwen3vl,similarity_score,2026-07-06T23:14:12
I_2332_2399_frgp13,impostor,13,right,2332,2399,B,65,65,1000,500,0.384,qwen3vl,similarity_score,2026-07-06T23:14:12
I_2332_2401_frgp13,impostor,13,right,2332,2401,B,65,65,1000,500,0.382,qwen3vl,similarity_score,2026-07-06T23:14:13
I_2332_2402_frgp13,impostor,13,right,2332,2402,B,65,65,1000,500,0.384,qwen3vl,similarity_score,2026-07-06T23:14:13
I_2332_2403_frgp13,impostor,13,right,2332,2403,B,65,65,1000,500,0.384,qwen3vl,similarity_score,2026-07-06T23:14:13
I_2332_2405_frgp13,impostor,13,right,2332,2405,B,65,65,1000,500,0.383,qwen3vl,similarity_score,2026-07-06T23:14:14
I_2332_2406_frgp13,impostor,13,right,2332,2406,B,65,65,1000,500,0.379,qwen3vl,similarity_score,2026-07-06T23:14:14
I_2332_2407_frgp13,impostor,13,right,2332,2407,B,65,65,1000,500,0.4,qwen3vl,similarity_score,2026-07-06T23:14:14
I_2332_2408_frgp13,impostor,13,right,2332,2408,B,65,65,1000,500,0.384,qwen3vl,similarity_score,2026-07-06T23:14:15
I_2332_2409_frgp13,impostor,13,right,2332,2409,B,65,65,1000,500,0.387,qwen3vl,similarity_score,2026-07-06T23:14:15
I_2332_2412_frgp13,impostor,13,right,2332,2412,B,65,65,1000,500,0.39,qwen3vl,similarity_score,2026-07-06T23:14:16
I_2332_2413_frgp13,impostor,13,right,2332,2413,B,65,65,1000,500,0.391,qwen3vl,similarity_score,2026-07-06T23:14:16
I_2332_2415_frgp13,impostor,13,right,2332,2415,B,65,65,1000,500,0.39,qwen3vl,similarity_score,2026-07-06T23:14:16
I_2332_2418_frgp13,impostor,13,right,2332,2418,B,65,65,1000,500,0.39,qwen3vl,similarity_score,2026-07-06T23:14:17
I_2332_2423_frgp13,impostor,13,right,2332,2423,B,65,65,1000,500,0.383,qwen3vl,similarity_score,2026-07-06T23:14:17
I_2332_2424_frgp13,impostor,13,right,2332,2424,B,65,65,1000,500,0.382,qwen3vl,similarity_score,2026-07-06T23:14:18
I_2332_2425_frgp13,impostor,13,right,2332,2425,B,65,65,1000,500,0.386,qwen3vl,similarity_score,2026-07-06T23:14:18
I_2332_2426_frgp13,impostor,13,right,2332,2426,B,65,65,1000,500,0.382,qwen3vl,similarity_score,2026-07-06T23:14:18
I_2332_2428_frgp13,impostor,13,right,2332,2428,B,85,85,1000,500,0.383,qwen3vl,similarity_score,2026-07-06T23:14:19
I_2332_2440_frgp13,impostor,13,right,2332,2440,B,65,65,1000,500,0.382,qwen3vl,similarity_score,2026-07-06T23:14:19
I_2332_2447_frgp13,impostor,13,right,2332,2447,B,65,65,1000,500,0.389,qwen3vl,similarity_score,2026-07-06T23:14:20
I_2332_2455_frgp13,impostor,13,right,2332,2455,B,65,65,1000,500,0.385,qwen3vl,similarity_score,2026-07-06T23:14:20
I_2332_2462_frgp13,impostor,13,right,2332,2462,B,65,65,1000,500,0.389,qwen3vl,similarity_score,2026-07-06T23:14:20
I_2332_2463_frgp13,impostor,13,right,2332,2463,B,65,65,1000,500,0.408,qwen3vl,similarity_score,2026-07-06T23:14:21
I_2332_2481_frgp13,impostor,13,right,2332,2481,B,65,65,1000,500,0.389,qwen3vl,similarity_score,2026-07-06T23:14:21
I_2334_2337_frgp13,impostor,13,right,2334,2337,B,95,95,1000,500,0.386,qwen3vl,similarity_score,2026-07-06T23:14:21
I_2334_2338_frgp13,impostor,13,right,2334,2338,B,85,85,1000,500,0.387,qwen3vl,similarity_score,2026-07-06T23:14:22
I_2334_2339_frgp13,impostor,13,right,2334,2339,B,65,65,1000,500,0.384,qwen3vl,similarity_score,2026-07-06T23:14:22
I_2334_2340_frgp13,impostor,13,right,2334,2340,B,65,65,1000,500,0.391,qwen3vl,similarity_score,2026-07-06T23:14:23
I_2334_2341_frgp13,impostor,13,right,2334,2341,B,65,65,1000,500,0.392,qwen3vl,similarity_score,2026-07-06T23:14:23
I_2334_2342_frgp13,impostor,13,right,2334,2342,B,65,65,1000,500,0.39,qwen3vl,similarity_score,2026-07-06T23:14:23
I_2334_2344_frgp13,impostor,13,right,2334,2344,B,65,65,1000,500,0.384,qwen3vl,similarity_score,2026-07-06T23:14:24
I_2334_2348_frgp13,impostor,13,right,2334,2348,B,65,65,1000,500,0.382,qwen3vl,similarity_score,2026-07-06T23:14:24
I_2334_2349_frgp13,impostor,13,right,2334,2349,B,65,65,1000,500,0.388,qwen3vl,similarity_score,2026-07-06T23:14:25
I_2334_2351_frgp13,impostor,13,right,2334,2351,B,65,65,1000,500,0.381,qwen3vl,similarity_score,2026-07-06T23:14:25
I_2334_2352_frgp13,impostor,13,right,2334,2352,B,65,65,1000,500,0.383,qwen3vl,similarity_score,2026-07-06T23:14:25
I_2334_2353_frgp13,impostor,13,right,2334,2353,B,65,65,1000,500,0.383,qwen3vl,similarity_score,2026-07-06T23:14:26
I_2334_2355_frgp13,impostor,13,right,2334,2355,B,65,65,1000,500,0.385,qwen3vl,similarity_score,2026-07-06T23:14:26
I_2334_2356_frgp13,impostor,13,right,2334,2356,B,65,65,1000,500,0.387,qwen3vl,similarity_score,2026-07-06T23:14:26
I_2334_2357_frgp13,impostor,13,right,2334,2357,B,65,65,1000,500,0.396,qwen3vl,similarity_score,2026-07-06T23:14:27
I_2334_2358_frgp13,impostor,13,right,2334,2358,B,65,65,1000,500,0.383,qwen3vl,similarity_score,2026-07-06T23:14:27
I_2334_2359_frgp13,impostor,13,right,2334,2359,B,65,65,1000,500,0.384,qwen3vl,similarity_score,2026-07-06T23:14:28
I_2334_2360_frgp13,impostor,13,right,2334,2360,B,65,65,1000,500,0.384,qwen3vl,similarity_score,2026-07-06T23:14:28
I_2334_2362_frgp13,impostor,13,right,2334,2362,B,65,65,1000,500,0.382,qwen3vl,similarity_score,2026-07-06T23:14:28
I_2334_2364_frgp13,impostor,13,right,2334,2364,B,65,65,1000,500,0.381,qwen3vl,similarity_score,2026-07-06T23:14:29
I_2334_2367_frgp13,impostor,13,right,2334,2367,B,0,0,1000,500,0.366,qwen3vl,similarity_score,2026-07-06T23:14:29
I_2334_2368_frgp13,impostor,13,right,2334,2368,B,65,65,1000,500,0.381,qwen3vl,similarity_score,2026-07-06T23:14:30
I_2334_2369_frgp13,impostor,13,right,2334,2369,B,85,85,1000,500,0.378,qwen3vl,similarity_score,2026-07-06T23:14:30
I_2334_2370_frgp13,impostor,13,right,2334,2370,B,0,0,1000,500,0.358,qwen3vl,similarity_score,2026-07-06T23:14:30
I_2334_2371_frgp13,impostor,13,right,2334,2371,B,65,65,1000,500,0.377,qwen3vl,similarity_score,2026-07-06T23:14:31
I_2334_2372_frgp13,impostor,13,right,2334,2372,B,65,65,1000,500,0.376,qwen3vl,similarity_score,2026-07-06T23:14:31
I_2334_2373_frgp13,impostor,13,right,2334,2373,B,65,65,1000,500,0.381,qwen3vl,similarity_score,2026-07-06T23:14:31
I_2334_2374_frgp13,impostor,13,right,2334,2374,B,65,65,1000,500,0.379,qwen3vl,similarity_score,2026-07-06T23:14:32
I_2334_2375_frgp13,impostor,13,right,2334,2375,B,65,65,1000,500,0.381,qwen3vl,similarity_score,2026-07-06T23:14:32
I_2334_2376_frgp13,impostor,13,right,2334,2376,B,65,65,1000,500,0.383,qwen3vl,similarity_score,2026-07-06T23:14:33
I_2334_2379_frgp13,impostor,13,right,2334,2379,B,65,65,1000,500,0.383,qwen3vl,similarity_score,2026-07-06T23:14:33
I_2334_2380_frgp13,impostor,13,right,2334,2380,B,65,65,1000,500,0.384,qwen3vl,similarity_score,2026-07-06T23:14:33
I_2334_2381_frgp13,impostor,13,right,2334,2381,B,65,65,1000,500,0.387,qwen3vl,similarity_score,2026-07-06T23:14:34
I_2334_2383_frgp13,impostor,13,right,2334,2383,B,65,65,1000,500,0.382,qwen3vl,similarity_score,2026-07-06T23:14:34
I_2334_2384_frgp13,impostor,13,right,2334,2384,B,65,65,1000,500,0.38,qwen3vl,similarity_score,2026-07-06T23:14:34
I_2334_2386_frgp13,impostor,13,right,2334,2386,B,0,0,1000,500,0.361,qwen3vl,similarity_score,2026-07-06T23:14:35
I_2334_2388_frgp13,impostor,13,right,2334,2388,B,65,65,1000,500,0.379,qwen3vl,similarity_score,2026-07-06T23:14:35
I_2334_2391_frgp13,impostor,13,right,2334,2391,B,85,85,1000,500,0.379,qwen3vl,similarity_score,2026-07-06T23:14:36
I_2334_2392_frgp13,impostor,13,right,2334,2392,B,85,85,1000,500,0.376,qwen3vl,similarity_score,2026-07-06T23:14:36
I_2334_2394_frgp13,impostor,13,right,2334,2394,B,65,65,1000,500,0.377,qwen3vl,similarity_score,2026-07-06T23:14:36
I_2334_2395_frgp13,impostor,13,right,2334,2395,B,85,85,1000,500,0.38,qwen3vl,similarity_score,2026-07-06T23:14:37
I_2334_2396_frgp13,impostor,13,right,2334,2396,B,65,65,1000,500,0.38,qwen3vl,similarity_score,2026-07-06T23:14:37
I_2334_2398_frgp13,impostor,13,right,2334,2398,B,85,85,1000,500,0.381,qwen3vl,similarity_score,2026-07-06T23:14:37
I_2334_2399_frgp13,impostor,13,right,2334,2399,B,65,65,1000,500,0.374,qwen3vl,similarity_score,2026-07-06T23:14:38
I_2334_2401_frgp13,impostor,13,right,2334,2401,B,65,65,1000,500,0.376,qwen3vl,similarity_score,2026-07-06T23:14:38
I_2334_2402_frgp13,impostor,13,right,2334,2402,B,65,65,1000,500,0.38,qwen3vl,similarity_score,2026-07-06T23:14:39
I_2334_2403_frgp13,impostor,13,right,2334,2403,B,65,65,1000,500,0.378,qwen3vl,similarity_score,2026-07-06T23:14:39
I_2334_2405_frgp13,impostor,13,right,2334,2405,B,65,65,1000,500,0.377,qwen3vl,similarity_score,2026-07-06T23:14:39
I_2334_2406_frgp13,impostor,13,right,2334,2406,B,65,65,1000,500,0.374,qwen3vl,similarity_score,2026-07-06T23:14:40
I_2334_2407_frgp13,impostor,13,right,2334,2407,B,65,65,1000,500,0.374,qwen3vl,similarity_score,2026-07-06T23:14:40
I_2334_2408_frgp13,impostor,13,right,2334,2408,B,65,65,1000,500,0.377,qwen3vl,similarity_score,2026-07-06T23:14:40
I_2334_2409_frgp13,impostor,13,right,2334,2409,B,65,65,1000,500,0.376,qwen3vl,similarity_score,2026-07-06T23:14:41
I_2334_2412_frgp13,impostor,13,right,2334,2412,B,65,65,1000,500,0.377,qwen3vl,similarity_score,2026-07-06T23:14:41
I_2334_2413_frgp13,impostor,13,right,2334,2413,B,65,65,1000,500,0.386,qwen3vl,similarity_score,2026-07-06T23:14:42
I_2334_2415_frgp13,impostor,13,right,2334,2415,B,65,65,1000,500,0.381,qwen3vl,similarity_score,2026-07-06T23:14:42
I_2334_2418_frgp13,impostor,13,right,2334,2418,B,85,85,1000,500,0.381,qwen3vl,similarity_score,2026-07-06T23:14:42
I_2334_2423_frgp13,impostor,13,right,2334,2423,B,65,65,1000,500,0.381,qwen3vl,similarity_score,2026-07-06T23:14:43
I_2334_2424_frgp13,impostor,13,right,2334,2424,B,65,65,1000,500,0.381,qwen3vl,similarity_score,2026-07-06T23:14:43
I_2334_2425_frgp13,impostor,13,right,2334,2425,B,65,65,1000,500,0.38,qwen3vl,similarity_score,2026-07-06T23:14:44
I_2334_2426_frgp13,impostor,13,right,2334,2426,B,65,65,1000,500,0.38,qwen3vl,similarity_score,2026-07-06T23:14:44
I_2334_2428_frgp13,impostor,13,right,2334,2428,B,85,85,1000,500,0.381,qwen3vl,similarity_score,2026-07-06T23:14:44
I_2334_2440_frgp13,impostor,13,right,2334,2440,B,65,65,1000,500,0.378,qwen3vl,similarity_score,2026-07-06T23:14:45
I_2334_2447_frgp13,impostor,13,right,2334,2447,B,85,85,1000,500,0.378,qwen3vl,similarity_score,2026-07-06T23:14:45
I_2334_2455_frgp13,impostor,13,right,2334,2455,B,65,65,1000,500,0.38,qwen3vl,similarity_score,2026-07-06T23:14:45
I_2334_2462_frgp13,impostor,13,right,2334,2462,B,65,65,1000,500,0.375,qwen3vl,similarity_score,2026-07-06T23:14:46
I_2334_2463_frgp13,impostor,13,right,2334,2463,B,65,65,1000,500,0.38,qwen3vl,similarity_score,2026-07-06T23:14:46
I_2334_2481_frgp13,impostor,13,right,2334,2481,B,65,65,1000,500,0.379,qwen3vl,similarity_score,2026-07-06T23:14:47
I_2337_2338_frgp13,impostor,13,right,2337,2338,B,85,85,1000,500,0.379,qwen3vl,similarity_score,2026-07-06T23:14:47
I_2337_2339_frgp13,impostor,13,right,2337,2339,B,65,65,1000,500,0.379,qwen3vl,similarity_score,2026-07-06T23:14:47
I_2337_2340_frgp13,impostor,13,right,2337,2340,B,95,95,1000,500,0.379,qwen3vl,similarity_score,2026-07-06T23:14:48
I_2337_2341_frgp13,impostor,13,right,2337,2341,B,65,65,1000,500,0.377,qwen3vl,similarity_score,2026-07-06T23:14:48
I_2337_2342_frgp13,impostor,13,right,2337,2342,B,65,65,1000,500,0.38,qwen3vl,similarity_score,2026-07-06T23:14:48
I_2337_2344_frgp13,impostor,13,right,2337,2344,B,65,65,1000,500,0.378,qwen3vl,similarity_score,2026-07-06T23:14:49
I_2337_2348_frgp13,impostor,13,right,2337,2348,B,65,65,1000,500,0.378,qwen3vl,similarity_score,2026-07-06T23:14:49
I_2337_2349_frgp13,impostor,13,right,2337,2349,B,0,0,1000,500,0.37,qwen3vl,similarity_score,2026-07-06T23:14:50
I_2337_2351_frgp13,impostor,13,right,2337,2351,B,65,65,1000,500,0.382,qwen3vl,similarity_score,2026-07-06T23:14:50
I_2337_2352_frgp13,impostor,13,right,2337,2352,B,65,65,1000,500,0.385,qwen3vl,similarity_score,2026-07-06T23:14:50
I_2337_2353_frgp13,impostor,13,right,2337,2353,B,65,65,1000,500,0.386,qwen3vl,similarity_score,2026-07-06T23:14:51
I_2337_2355_frgp13,impostor,13,right,2337,2355,B,65,65,1000,500,0.383,qwen3vl,similarity_score,2026-07-06T23:14:51
I_2337_2356_frgp13,impostor,13,right,2337,2356,B,65,65,1000,500,0.383,qwen3vl,similarity_score,2026-07-06T23:14:52
I_2337_2357_frgp13,impostor,13,right,2337,2357,B,65,65,1000,500,0.382,qwen3vl,similarity_score,2026-07-06T23:14:52
I_2337_2358_frgp13,impostor,13,right,2337,2358,B,65,65,1000,500,0.373,qwen3vl,similarity_score,2026-07-06T23:14:52
I_2337_2359_frgp13,impostor,13,right,2337,2359,B,65,65,1000,500,0.38,qwen3vl,similarity_score,2026-07-06T23:14:53
I_2337_2360_frgp13,impostor,13,right,2337,2360,B,85,85,1000,500,0.377,qwen3vl,similarity_score,2026-07-06T23:14:53
I_2337_2362_frgp13,impostor,13,right,2337,2362,B,65,65,1000,500,0.38,qwen3vl,similarity_score,2026-07-06T23:14:53
I_2337_2364_frgp13,impostor,13,right,2337,2364,B,65,65,1000,500,0.378,qwen3vl,similarity_score,2026-07-06T23:14:54
I_2337_2367_frgp13,impostor,13,right,2337,2367,B,0,0,1000,500,0.364,qwen3vl,similarity_score,2026-07-06T23:14:54
I_2337_2368_frgp13,impostor,13,right,2337,2368,B,65,65,1000,500,0.379,qwen3vl,similarity_score,2026-07-06T23:14:55
I_2337_2369_frgp13,impostor,13,right,2337,2369,B,65,65,1000,500,0.377,qwen3vl,similarity_score,2026-07-06T23:14:55
I_2337_2370_frgp13,impostor,13,right,2337,2370,B,65,65,1000,500,0.38,qwen3vl,similarity_score,2026-07-06T23:14:55
I_2337_2371_frgp13,impostor,13,right,2337,2371,B,65,65,1000,500,0.381,qwen3vl,similarity_score,2026-07-06T23:14:56
I_2337_2372_frgp13,impostor,13,right,2337,2372,B,65,65,1000,500,0.379,qwen3vl,similarity_score,2026-07-06T23:14:56
I_2337_2373_frgp13,impostor,13,right,2337,2373,B,65,65,1000,500,0.379,qwen3vl,similarity_score,2026-07-06T23:14:56
I_2337_2374_frgp13,impostor,13,right,2337,2374,B,65,65,1000,500,0.384,qwen3vl,similarity_score,2026-07-06T23:14:57
I_2337_2375_frgp13,impostor,13,right,2337,2375,B,65,65,1000,500,0.38,qwen3vl,similarity_score,2026-07-06T23:14:57
I_2337_2376_frgp13,impostor,13,right,2337,2376,B,65,65,1000,500,0.382,qwen3vl,similarity_score,2026-07-06T23:14:58
I_2337_2379_frgp13,impostor,13,right,2337,2379,B,65,65,1000,500,0.375,qwen3vl,similarity_score,2026-07-06T23:14:58
I_2337_2380_frgp13,impostor,13,right,2337,2380,B,65,65,1000,500,0.381,qwen3vl,similarity_score,2026-07-06T23:14:58
I_2337_2381_frgp13,impostor,13,right,2337,2381,B,65,65,1000,500,0.387,qwen3vl,similarity_score,2026-07-06T23:14:59
I_2337_2383_frgp13,impostor,13,right,2337,2383,B,65,65,1000,500,0.382,qwen3vl,similarity_score,2026-07-06T23:14:59
I_2337_2384_frgp13,impostor,13,right,2337,2384,B,65,65,1000,500,0.382,qwen3vl,similarity_score,2026-07-06T23:14:59
I_2337_2386_frgp13,impostor,13,right,2337,2386,B,0,0,1000,500,0.366,qwen3vl,similarity_score,2026-07-06T23:15:00
I_2337_2388_frgp13,impostor,13,right,2337,2388,B,65,65,1000,500,0.385,qwen3vl,similarity_score,2026-07-06T23:15:00
I_2337_2391_frgp13,impostor,13,right,2337,2391,B,65,65,1000,500,0.385,qwen3vl,similarity_score,2026-07-06T23:15:01
I_2337_2392_frgp13,impostor,13,right,2337,2392,B,85,85,1000,500,0.383,qwen3vl,similarity_score,2026-07-06T23:15:01
I_2337_2394_frgp13,impostor,13,right,2337,2394,B,65,65,1000,500,0.382,qwen3vl,similarity_score,2026-07-06T23:15:01
I_2337_2395_frgp13,impostor,13,right,2337,2395,B,65,65,1000,500,0.385,qwen3vl,similarity_score,2026-07-06T23:15:02
I_2337_2396_frgp13,impostor,13,right,2337,2396,B,65,65,1000,500,0.393,qwen3vl,similarity_score,2026-07-06T23:15:02
I_2337_2398_frgp13,impostor,13,right,2337,2398,B,65,65,1000,500,0.387,qwen3vl,similarity_score,2026-07-06T23:15:03
I_2337_2399_frgp13,impostor,13,right,2337,2399,B,65,65,1000,500,0.378,qwen3vl,similarity_score,2026-07-06T23:15:03
I_2337_2401_frgp13,impostor,13,right,2337,2401,B,65,65,1000,500,0.381,qwen3vl,similarity_score,2026-07-06T23:15:03
I_2337_2402_frgp13,impostor,13,right,2337,2402,B,65,65,1000,500,0.385,qwen3vl,similarity_score,2026-07-06T23:15:04
I_2337_2403_frgp13,impostor,13,right,2337,2403,B,65,65,1000,500,0.383,qwen3vl,similarity_score,2026-07-06T23:15:04
I_2337_2405_frgp13,impostor,13,right,2337,2405,B,65,65,1000,500,0.383,qwen3vl,similarity_score,2026-07-06T23:15:04
I_2337_2406_frgp13,impostor,13,right,2337,2406,B,65,65,1000,500,0.384,qwen3vl,similarity_score,2026-07-06T23:15:05
I_2337_2407_frgp13,impostor,13,right,2337,2407,B,65,65,1000,500,0.39,qwen3vl,similarity_score,2026-07-06T23:15:05
I_2337_2408_frgp13,impostor,13,right,2337,2408,B,65,65,1000,500,0.384,qwen3vl,similarity_score,2026-07-06T23:15:06
I_2337_2409_frgp13,impostor,13,right,2337,2409,B,65,65,1000,500,0.385,qwen3vl,similarity_score,2026-07-06T23:15:06
I_2337_2412_frgp13,impostor,13,right,2337,2412,B,65,65,1000,500,0.383,qwen3vl,similarity_score,2026-07-06T23:15:06
I_2337_2413_frgp13,impostor,13,right,2337,2413,B,65,65,1000,500,0.387,qwen3vl,similarity_score,2026-07-06T23:15:07
I_2337_2415_frgp13,impostor,13,right,2337,2415,B,65,65,1000,500,0.385,qwen3vl,similarity_score,2026-07-06T23:15:07
I_2337_2418_frgp13,impostor,13,right,2337,2418,B,65,65,1000,500,0.386,qwen3vl,similarity_score,2026-07-06T23:15:08
I_2337_2423_frgp13,impostor,13,right,2337,2423,B,65,65,1000,500,0.389,qwen3vl,similarity_score,2026-07-06T23:15:08
I_2337_2424_frgp13,impostor,13,right,2337,2424,B,65,65,1000,500,0.385,qwen3vl,similarity_score,2026-07-06T23:15:08
I_2337_2425_frgp13,impostor,13,right,2337,2425,B,65,65,1000,500,0.383,qwen3vl,similarity_score,2026-07-06T23:15:09
I_2337_2426_frgp13,impostor,13,right,2337,2426,B,65,65,1000,500,0.392,qwen3vl,similarity_score,2026-07-06T23:15:09
I_2337_2428_frgp13,impostor,13,right,2337,2428,B,65,65,1000,500,0.388,qwen3vl,similarity_score,2026-07-06T23:15:09
I_2337_2440_frgp13,impostor,13,right,2337,2440,B,85,85,1000,500,0.381,qwen3vl,similarity_score,2026-07-06T23:15:10
I_2337_2447_frgp13,impostor,13,right,2337,2447,B,85,85,1000,500,0.382,qwen3vl,similarity_score,2026-07-06T23:15:10
I_2337_2455_frgp13,impostor,13,right,2337,2455,B,65,65,1000,500,0.38,qwen3vl,similarity_score,2026-07-06T23:15:11
I_2337_2462_frgp13,impostor,13,right,2337,2462,B,65,65,1000,500,0.373,qwen3vl,similarity_score,2026-07-06T23:15:11
I_2337_2463_frgp13,impostor,13,right,2337,2463,B,65,65,1000,500,0.383,qwen3vl,similarity_score,2026-07-06T23:15:11
I_2337_2481_frgp13,impostor,13,right,2337,2481,B,65,65,1000,500,0.38,qwen3vl,similarity_score,2026-07-06T23:15:12
I_2338_2339_frgp13,impostor,13,right,2338,2339,B,65,65,1000,500,0.384,qwen3vl,similarity_score,2026-07-06T23:15:12
I_2338_2340_frgp13,impostor,13,right,2338,2340,B,85,85,1000,500,0.384,qwen3vl,similarity_score,2026-07-06T23:15:13
I_2338_2341_frgp13,impostor,13,right,2338,2341,B,65,65,1000,500,0.383,qwen3vl,similarity_score,2026-07-06T23:15:13
I_2338_2342_frgp13,impostor,13,right,2338,2342,B,65,65,1000,500,0.383,qwen3vl,similarity_score,2026-07-06T23:15:13
I_2338_2344_frgp13,impostor,13,right,2338,2344,B,65,65,1000,500,0.386,qwen3vl,similarity_score,2026-07-06T23:15:14
I_2338_2348_frgp13,impostor,13,right,2338,2348,B,65,65,1000,500,0.388,qwen3vl,similarity_score,2026-07-06T23:15:14
I_2338_2349_frgp13,impostor,13,right,2338,2349,B,0,0,1000,500,0.372,qwen3vl,similarity_score,2026-07-06T23:15:14
I_2338_2351_frgp13,impostor,13,right,2338,2351,B,0,0,1000,500,0.365,qwen3vl,similarity_score,2026-07-06T23:15:15
I_2338_2352_frgp13,impostor,13,right,2338,2352,B,65,65,1000,500,0.386,qwen3vl,similarity_score,2026-07-06T23:15:15
I_2338_2353_frgp13,impostor,13,right,2338,2353,B,65,65,1000,500,0.385,qwen3vl,similarity_score,2026-07-06T23:15:16
I_2338_2355_frgp13,impostor,13,right,2338,2355,B,65,65,1000,500,0.384,qwen3vl,similarity_score,2026-07-06T23:15:16
I_2338_2356_frgp13,impostor,13,right,2338,2356,B,65,65,1000,500,0.381,qwen3vl,similarity_score,2026-07-06T23:15:16
I_2338_2357_frgp13,impostor,13,right,2338,2357,B,65,65,1000,500,0.387,qwen3vl,similarity_score,2026-07-06T23:15:17
I_2338_2358_frgp13,impostor,13,right,2338,2358,B,0,0,1000,500,0.368,qwen3vl,similarity_score,2026-07-06T23:15:17
I_2338_2359_frgp13,impostor,13,right,2338,2359,B,0,0,1000,500,0.368,qwen3vl,similarity_score,2026-07-06T23:15:17
I_2338_2360_frgp13,impostor,13,right,2338,2360,B,65,65,1000,500,0.386,qwen3vl,similarity_score,2026-07-06T23:15:18
I_2338_2362_frgp13,impostor,13,right,2338,2362,B,65,65,1000,500,0.387,qwen3vl,similarity_score,2026-07-06T23:15:18
I_2338_2364_frgp13,impostor,13,right,2338,2364,B,65,65,1000,500,0.384,qwen3vl,similarity_score,2026-07-06T23:15:19
I_2338_2367_frgp13,impostor,13,right,2338,2367,B,65,65,1000,500,0.385,qwen3vl,similarity_score,2026-07-06T23:15:19
I_2338_2368_frgp13,impostor,13,right,2338,2368,B,65,65,1000,500,0.383,qwen3vl,similarity_score,2026-07-06T23:15:19
I_2338_2369_frgp13,impostor,13,right,2338,2369,B,65,65,1000,500,0.381,qwen3vl,similarity_score,2026-07-06T23:15:20
I_2338_2370_frgp13,impostor,13,right,2338,2370,B,65,65,1000,500,0.385,qwen3vl,similarity_score,2026-07-06T23:15:20
I_2338_2371_frgp13,impostor,13,right,2338,2371,B,65,65,1000,500,0.4,qwen3vl,similarity_score,2026-07-06T23:15:21
I_2338_2372_frgp13,impostor,13,right,2338,2372,B,65,65,1000,500,0.385,qwen3vl,similarity_score,2026-07-06T23:15:21
I_2338_2373_frgp13,impostor,13,right,2338,2373,B,65,65,1000,500,0.386,qwen3vl,similarity_score,2026-07-06T23:15:21
I_2338_2374_frgp13,impostor,13,right,2338,2374,B,65,65,1000,500,0.382,qwen3vl,similarity_score,2026-07-06T23:15:22
I_2338_2375_frgp13,impostor,13,right,2338,2375,B,65,65,1000,500,0.383,qwen3vl,similarity_score,2026-07-06T23:15:22
I_2338_2376_frgp13,impostor,13,right,2338,2376,B,65,65,1000,500,0.387,qwen3vl,similarity_score,2026-07-06T23:15:22
I_2338_2379_frgp13,impostor,13,right,2338,2379,B,65,65,1000,500,0.385,qwen3vl,similarity_score,2026-07-06T23:15:23
I_2338_2380_frgp13,impostor,13,right,2338,2380,B,65,65,1000,500,0.383,qwen3vl,similarity_score,2026-07-06T23:15:23
I_2338_2381_frgp13,impostor,13,right,2338,2381,B,0,0,1000,500,0.366,qwen3vl,similarity_score,2026-07-06T23:15:24
I_2338_2383_frgp13,impostor,13,right,2338,2383,B,65,65,1000,500,0.386,qwen3vl,similarity_score,2026-07-06T23:15:24
I_2338_2384_frgp13,impostor,13,right,2338,2384,B,65,65,1000,500,0.387,qwen3vl,similarity_score,2026-07-06T23:15:24
I_2338_2386_frgp13,impostor,13,right,2338,2386,B,0,0,1000,500,0.367,qwen3vl,similarity_score,2026-07-06T23:15:25
I_2338_2388_frgp13,impostor,13,right,2338,2388,B,65,65,1000,500,0.383,qwen3vl,similarity_score,2026-07-06T23:15:25
I_2338_2391_frgp13,impostor,13,right,2338,2391,B,65,65,1000,500,0.384,qwen3vl,similarity_score,2026-07-06T23:15:26
I_2338_2392_frgp13,impostor,13,right,2338,2392,B,65,65,1000,500,0.383,qwen3vl,similarity_score,2026-07-06T23:15:26
I_2338_2394_frgp13,impostor,13,right,2338,2394,B,65,65,1000,500,0.383,qwen3vl,similarity_score,2026-07-06T23:15:26
I_2338_2395_frgp13,impostor,13,right,2338,2395,B,65,65,1000,500,0.384,qwen3vl,similarity_score,2026-07-06T23:15:27
I_2338_2396_frgp13,impostor,13,right,2338,2396,B,0,0,1000,500,0.368,qwen3vl,similarity_score,2026-07-06T23:15:27
I_2338_2398_frgp13,impostor,13,right,2338,2398,B,65,65,1000,500,0.384,qwen3vl,similarity_score,2026-07-06T23:15:27
I_2338_2399_frgp13,impostor,13,right,2338,2399,B,65,65,1000,500,0.385,qwen3vl,similarity_score,2026-07-06T23:15:28
I_2338_2401_frgp13,impostor,13,right,2338,2401,B,65,65,1000,500,0.385,qwen3vl,similarity_score,2026-07-06T23:15:28
I_2338_2402_frgp13,impostor,13,right,2338,2402,B,65,65,1000,500,0.386,qwen3vl,similarity_score,2026-07-06T23:15:29
I_2338_2403_frgp13,impostor,13,right,2338,2403,B,65,65,1000,500,0.383,qwen3vl,similarity_score,2026-07-06T23:15:29
I_2338_2405_frgp13,impostor,13,right,2338,2405,B,65,65,1000,500,0.383,qwen3vl,similarity_score,2026-07-06T23:15:29
I_2338_2406_frgp13,impostor,13,right,2338,2406,B,65,65,1000,500,0.384,qwen3vl,similarity_score,2026-07-06T23:15:30
I_2338_2407_frgp13,impostor,13,right,2338,2407,B,65,65,1000,500,0.381,qwen3vl,similarity_score,2026-07-06T23:15:30
I_2338_2408_frgp13,impostor,13,right,2338,2408,B,65,65,1000,500,0.382,qwen3vl,similarity_score,2026-07-06T23:15:30
I_2338_2409_frgp13,impostor,13,right,2338,2409,B,65,65,1000,500,0.384,qwen3vl,similarity_score,2026-07-06T23:15:31
I_2338_2412_frgp13,impostor,13,right,2338,2412,B,65,65,1000,500,0.38,qwen3vl,similarity_score,2026-07-06T23:15:31
I_2338_2413_frgp13,impostor,13,right,2338,2413,B,65,65,1000,500,0.389,qwen3vl,similarity_score,2026-07-06T23:15:32
I_2338_2415_frgp13,impostor,13,right,2338,2415,B,65,65,1000,500,0.38,qwen3vl,similarity_score,2026-07-06T23:15:32
I_2338_2418_frgp13,impostor,13,right,2338,2418,B,65,65,1000,500,0.385,qwen3vl,similarity_score,2026-07-06T23:15:32
I_2338_2423_frgp13,impostor,13,right,2338,2423,B,65,65,1000,500,0.377,qwen3vl,similarity_score,2026-07-06T23:15:33
I_2338_2424_frgp13,impostor,13,right,2338,2424,B,65,65,1000,500,0.378,qwen3vl,similarity_score,2026-07-06T23:15:33
I_2338_2425_frgp13,impostor,13,right,2338,2425,B,65,65,1000,500,0.382,qwen3vl,similarity_score,2026-07-06T23:15:34
I_2338_2426_frgp13,impostor,13,right,2338,2426,B,0,0,1000,500,0.365,qwen3vl,similarity_score,2026-07-06T23:15:34
I_2338_2428_frgp13,impostor,13,right,2338,2428,B,65,65,1000,500,0.381,qwen3vl,similarity_score,2026-07-06T23:15:34
I_2338_2440_frgp13,impostor,13,right,2338,2440,B,65,65,1000,500,0.379,qwen3vl,similarity_score,2026-07-06T23:15:35
I_2338_2447_frgp13,impostor,13,right,2338,2447,B,85,85,1000,500,0.384,qwen3vl,similarity_score,2026-07-06T23:15:35
I_2338_2455_frgp13,impostor,13,right,2338,2455,B,65,65,1000,500,0.384,qwen3vl,similarity_score,2026-07-06T23:15:35
I_2338_2462_frgp13,impostor,13,right,2338,2462,B,65,65,1000,500,0.378,qwen3vl,similarity_score,2026-07-06T23:15:36
I_2338_2463_frgp13,impostor,13,right,2338,2463,B,0,0,1000,500,0.363,qwen3vl,similarity_score,2026-07-06T23:15:36
I_2338_2481_frgp13,impostor,13,right,2338,2481,B,65,65,1000,500,0.382,qwen3vl,similarity_score,2026-07-06T23:15:37
I_2339_2340_frgp13,impostor,13,right,2339,2340,B,65,65,1000,500,0.375,qwen3vl,similarity_score,2026-07-06T23:15:37
I_2339_2341_frgp13,impostor,13,right,2339,2341,B,65,65,1000,500,0.376,qwen3vl,similarity_score,2026-07-06T23:15:37
I_2339_2342_frgp13,impostor,13,right,2339,2342,B,65,65,1000,500,0.378,qwen3vl,similarity_score,2026-07-06T23:15:38
I_2339_2344_frgp13,impostor,13,right,2339,2344,B,65,65,1000,500,0.376,qwen3vl,similarity_score,2026-07-06T23:15:38
I_2339_2348_frgp13,impostor,13,right,2339,2348,B,65,65,1000,500,0.38,qwen3vl,similarity_score,2026-07-06T23:15:38
I_2339_2349_frgp13,impostor,13,right,2339,2349,B,0,0,1000,500,0.367,qwen3vl,similarity_score,2026-07-06T23:15:39
I_2339_2351_frgp13,impostor,13,right,2339,2351,B,0,0,1000,500,0.36,qwen3vl,similarity_score,2026-07-06T23:15:39
I_2339_2352_frgp13,impostor,13,right,2339,2352,B,65,65,1000,500,0.38,qwen3vl,similarity_score,2026-07-06T23:15:40
I_2339_2353_frgp13,impostor,13,right,2339,2353,B,65,65,1000,500,0.375,qwen3vl,similarity_score,2026-07-06T23:15:40
I_2339_2355_frgp13,impostor,13,right,2339,2355,B,65,65,1000,500,0.373,qwen3vl,similarity_score,2026-07-06T23:15:40
I_2339_2356_frgp13,impostor,13,right,2339,2356,B,65,65,1000,500,0.376,qwen3vl,similarity_score,2026-07-06T23:15:41
I_2339_2357_frgp13,impostor,13,right,2339,2357,B,65,65,1000,500,0.378,qwen3vl,similarity_score,2026-07-06T23:15:41
I_2339_2358_frgp13,impostor,13,right,2339,2358,B,0,0,1000,500,0.361,qwen3vl,similarity_score,2026-07-06T23:15:41
I_2339_2359_frgp13,impostor,13,right,2339,2359,B,65,65,1000,500,0.376,qwen3vl,similarity_score,2026-07-06T23:15:42
I_2339_2360_frgp13,impostor,13,right,2339,2360,B,65,65,1000,500,0.385,qwen3vl,similarity_score,2026-07-06T23:15:42
I_2339_2362_frgp13,impostor,13,right,2339,2362,B,65,65,1000,500,0.378,qwen3vl,similarity_score,2026-07-06T23:15:43
I_2339_2364_frgp13,impostor,13,right,2339,2364,B,65,65,1000,500,0.374,qwen3vl,similarity_score,2026-07-06T23:15:43
I_2339_2367_frgp13,impostor,13,right,2339,2367,B,65,65,1000,500,0.376,qwen3vl,similarity_score,2026-07-06T23:15:43
I_2339_2368_frgp13,impostor,13,right,2339,2368,B,65,65,1000,500,0.377,qwen3vl,similarity_score,2026-07-06T23:15:44
I_2339_2369_frgp13,impostor,13,right,2339,2369,B,85,85,1000,500,0.377,qwen3vl,similarity_score,2026-07-06T23:15:44
I_2339_2370_frgp13,impostor,13,right,2339,2370,B,65,65,1000,500,0.376,qwen3vl,similarity_score,2026-07-06T23:15:44
I_2339_2371_frgp13,impostor,13,right,2339,2371,B,65,65,1000,500,0.378,qwen3vl,similarity_score,2026-07-06T23:15:45
I_2339_2372_frgp13,impostor,13,right,2339,2372,B,65,65,1000,500,0.374,qwen3vl,similarity_score,2026-07-06T23:15:45
I_2339_2373_frgp13,impostor,13,right,2339,2373,B,65,65,1000,500,0.378,qwen3vl,similarity_score,2026-07-06T23:15:46
I_2339_2374_frgp13,impostor,13,right,2339,2374,B,65,65,1000,500,0.379,qwen3vl,similarity_score,2026-07-06T23:15:46
I_2339_2375_frgp13,impostor,13,right,2339,2375,B,65,65,1000,500,0.377,qwen3vl,similarity_score,2026-07-06T23:15:46
I_2339_2376_frgp13,impostor,13,right,2339,2376,B,65,65,1000,500,0.382,qwen3vl,similarity_score,2026-07-06T23:15:47
I_2339_2379_frgp13,impostor,13,right,2339,2379,B,65,65,1000,500,0.375,qwen3vl,similarity_score,2026-07-06T23:15:47
I_2339_2380_frgp13,impostor,13,right,2339,2380,B,65,65,1000,500,0.378,qwen3vl,similarity_score,2026-07-06T23:15:47
I_2339_2381_frgp13,impostor,13,right,2339,2381,B,65,65,1000,500,0.379,qwen3vl,similarity_score,2026-07-06T23:15:48
I_2339_2383_frgp13,impostor,13,right,2339,2383,B,65,65,1000,500,0.375,qwen3vl,similarity_score,2026-07-06T23:15:48
I_2339_2384_frgp13,impostor,13,right,2339,2384,B,65,65,1000,500,0.377,qwen3vl,similarity_score,2026-07-06T23:15:49
I_2339_2386_frgp13,impostor,13,right,2339,2386,B,0,0,1000,500,0.36,qwen3vl,similarity_score,2026-07-06T23:15:49
I_2339_2388_frgp13,impostor,13,right,2339,2388,B,65,65,1000,500,0.381,qwen3vl,similarity_score,2026-07-06T23:15:49
I_2339_2391_frgp13,impostor,13,right,2339,2391,B,65,65,1000,500,0.378,qwen3vl,similarity_score,2026-07-06T23:15:50
I_2339_2392_frgp13,impostor,13,right,2339,2392,B,65,65,1000,500,0.376,qwen3vl,similarity_score,2026-07-06T23:15:50
I_2339_2394_frgp13,impostor,13,right,2339,2394,B,65,65,1000,500,0.374,qwen3vl,similarity_score,2026-07-06T23:15:50
I_2339_2395_frgp13,impostor,13,right,2339,2395,B,65,65,1000,500,0.375,qwen3vl,similarity_score,2026-07-06T23:15:51
I_2339_2396_frgp13,impostor,13,right,2339,2396,B,65,65,1000,500,0.376,qwen3vl,similarity_score,2026-07-06T23:15:51
I_2339_2398_frgp13,impostor,13,right,2339,2398,B,65,65,1000,500,0.375,qwen3vl,similarity_score,2026-07-06T23:15:52
I_2339_2399_frgp13,impostor,13,right,2339,2399,B,65,65,1000,500,0.376,qwen3vl,similarity_score,2026-07-06T23:15:52
I_2339_2401_frgp13,impostor,13,right,2339,2401,B,65,65,1000,500,0.376,qwen3vl,similarity_score,2026-07-06T23:15:52
I_2339_2402_frgp13,impostor,13,right,2339,2402,B,65,65,1000,500,0.382,qwen3vl,similarity_score,2026-07-06T23:15:53
I_2339_2403_frgp13,impostor,13,right,2339,2403,B,65,65,1000,500,0.375,qwen3vl,similarity_score,2026-07-06T23:15:53
I_2339_2405_frgp13,impostor,13,right,2339,2405,B,65,65,1000,500,0.378,qwen3vl,similarity_score,2026-07-06T23:15:53
I_2339_2406_frgp13,impostor,13,right,2339,2406,B,65,65,1000,500,0.377,qwen3vl,similarity_score,2026-07-06T23:15:54
I_2339_2407_frgp13,impostor,13,right,2339,2407,B,65,65,1000,500,0.379,qwen3vl,similarity_score,2026-07-06T23:15:54
I_2339_2408_frgp13,impostor,13,right,2339,2408,B,65,65,1000,500,0.379,qwen3vl,similarity_score,2026-07-06T23:15:55
I_2339_2409_frgp13,impostor,13,right,2339,2409,B,65,65,1000,500,0.379,qwen3vl,similarity_score,2026-07-06T23:15:55
I_2339_2412_frgp13,impostor,13,right,2339,2412,B,65,65,1000,500,0.378,qwen3vl,similarity_score,2026-07-06T23:15:55
I_2339_2413_frgp13,impostor,13,right,2339,2413,B,65,65,1000,500,0.379,qwen3vl,similarity_score,2026-07-06T23:15:56
I_2339_2415_frgp13,impostor,13,right,2339,2415,B,65,65,1000,500,0.38,qwen3vl,similarity_score,2026-07-06T23:15:56
I_2339_2418_frgp13,impostor,13,right,2339,2418,B,65,65,1000,500,0.379,qwen3vl,similarity_score,2026-07-06T23:15:56
I_2339_2423_frgp13,impostor,13,right,2339,2423,B,65,65,1000,500,0.375,qwen3vl,similarity_score,2026-07-06T23:15:57
I_2339_2424_frgp13,impostor,13,right,2339,2424,B,65,65,1000,500,0.377,qwen3vl,similarity_score,2026-07-06T23:15:57
I_2339_2425_frgp13,impostor,13,right,2339,2425,B,65,65,1000,500,0.377,qwen3vl,similarity_score,2026-07-06T23:15:58
I_2339_2426_frgp13,impostor,13,right,2339,2426,B,65,65,1000,500,0.376,qwen3vl,similarity_score,2026-07-06T23:15:58
I_2339_2428_frgp13,impostor,13,right,2339,2428,B,65,65,1000,500,0.375,qwen3vl,similarity_score,2026-07-06T23:15:58
I_2339_2440_frgp13,impostor,13,right,2339,2440,B,65,65,1000,500,0.377,qwen3vl,similarity_score,2026-07-06T23:15:59
I_2339_2447_frgp13,impostor,13,right,2339,2447,B,65,65,1000,500,0.379,qwen3vl,similarity_score,2026-07-06T23:15:59
I_2339_2455_frgp13,impostor,13,right,2339,2455,B,65,65,1000,500,0.377,qwen3vl,similarity_score,2026-07-06T23:16:00
I_2339_2462_frgp13,impostor,13,right,2339,2462,B,65,65,1000,500,0.408,qwen3vl,similarity_score,2026-07-06T23:16:00
I_2339_2463_frgp13,impostor,13,right,2339,2463,B,65,65,1000,500,0.412,qwen3vl,similarity_score,2026-07-06T23:16:00
I_2339_2481_frgp13,impostor,13,right,2339,2481,B,65,65,1000,500,0.397,qwen3vl,similarity_score,2026-07-06T23:16:01
I_2340_2341_frgp13,impostor,13,right,2340,2341,B,65,65,1000,500,0.376,qwen3vl,similarity_score,2026-07-06T23:16:01
I_2340_2342_frgp13,impostor,13,right,2340,2342,B,65,65,1000,500,0.378,qwen3vl,similarity_score,2026-07-06T23:16:01
I_2340_2344_frgp13,impostor,13,right,2340,2344,B,65,65,1000,500,0.378,qwen3vl,similarity_score,2026-07-06T23:16:02
I_2340_2348_frgp13,impostor,13,right,2340,2348,B,65,65,1000,500,0.382,qwen3vl,similarity_score,2026-07-06T23:16:02
I_2340_2349_frgp13,impostor,13,right,2340,2349,B,0,0,1000,500,0.368,qwen3vl,similarity_score,2026-07-06T23:16:03
I_2340_2351_frgp13,impostor,13,right,2340,2351,B,65,65,1000,500,0.378,qwen3vl,similarity_score,2026-07-06T23:16:03
I_2340_2352_frgp13,impostor,13,right,2340,2352,B,65,65,1000,500,0.38,qwen3vl,similarity_score,2026-07-06T23:16:03
I_2340_2353_frgp13,impostor,13,right,2340,2353,B,85,85,1000,500,0.38,qwen3vl,similarity_score,2026-07-06T23:16:04
I_2340_2355_frgp13,impostor,13,right,2340,2355,B,85,85,1000,500,0.379,qwen3vl,similarity_score,2026-07-06T23:16:04
I_2340_2356_frgp13,impostor,13,right,2340,2356,B,65,65,1000,500,0.38,qwen3vl,similarity_score,2026-07-06T23:16:05
I_2340_2357_frgp13,impostor,13,right,2340,2357,B,65,65,1000,500,0.377,qwen3vl,similarity_score,2026-07-06T23:16:05
I_2340_2358_frgp13,impostor,13,right,2340,2358,B,65,65,1000,500,0.379,qwen3vl,similarity_score,2026-07-06T23:16:05
I_2340_2359_frgp13,impostor,13,right,2340,2359,B,0,0,1000,500,0.364,qwen3vl,similarity_score,2026-07-06T23:16:06
I_2340_2360_frgp13,impostor,13,right,2340,2360,B,65,65,1000,500,0.378,qwen3vl,similarity_score,2026-07-06T23:16:06
I_2340_2362_frgp13,impostor,13,right,2340,2362,B,65,65,1000,500,0.379,qwen3vl,similarity_score,2026-07-06T23:16:06
I_2340_2364_frgp13,impostor,13,right,2340,2364,B,65,65,1000,500,0.382,qwen3vl,similarity_score,2026-07-06T23:16:07
I_2340_2367_frgp13,impostor,13,right,2340,2367,B,65,65,1000,500,0.377,qwen3vl,similarity_score,2026-07-06T23:16:07
I_2340_2368_frgp13,impostor,13,right,2340,2368,B,0,0,1000,500,0.362,qwen3vl,similarity_score,2026-07-06T23:16:07
I_2340_2369_frgp13,impostor,13,right,2340,2369,B,85,85,1000,500,0.377,qwen3vl,similarity_score,2026-07-06T23:16:08
I_2340_2370_frgp13,impostor,13,right,2340,2370,B,65,65,1000,500,0.376,qwen3vl,similarity_score,2026-07-06T23:16:08
I_2340_2371_frgp13,impostor,13,right,2340,2371,B,65,65,1000,500,0.377,qwen3vl,similarity_score,2026-07-06T23:16:09
I_2340_2372_frgp13,impostor,13,right,2340,2372,B,65,65,1000,500,0.377,qwen3vl,similarity_score,2026-07-06T23:16:09
I_2340_2373_frgp13,impostor,13,right,2340,2373,B,65,65,1000,500,0.378,qwen3vl,similarity_score,2026-07-06T23:16:09
I_2340_2374_frgp13,impostor,13,right,2340,2374,B,65,65,1000,500,0.376,qwen3vl,similarity_score,2026-07-06T23:16:10
I_2340_2375_frgp13,impostor,13,right,2340,2375,B,65,65,1000,500,0.377,qwen3vl,similarity_score,2026-07-06T23:16:10
I_2340_2376_frgp13,impostor,13,right,2340,2376,B,65,65,1000,500,0.378,qwen3vl,similarity_score,2026-07-06T23:16:11
I_2340_2379_frgp13,impostor,13,right,2340,2379,B,65,65,1000,500,0.381,qwen3vl,similarity_score,2026-07-06T23:16:11
I_2340_2380_frgp13,impostor,13,right,2340,2380,B,65,65,1000,500,0.382,qwen3vl,similarity_score,2026-07-06T23:16:11
I_2340_2381_frgp13,impostor,13,right,2340,2381,B,65,65,1000,500,0.381,qwen3vl,similarity_score,2026-07-06T23:16:12
I_2340_2383_frgp13,impostor,13,right,2340,2383,B,65,65,1000,500,0.381,qwen3vl,similarity_score,2026-07-06T23:16:12
I_2340_2384_frgp13,impostor,13,right,2340,2384,B,65,65,1000,500,0.381,qwen3vl,similarity_score,2026-07-06T23:16:12
I_2340_2386_frgp13,impostor,13,right,2340,2386,B,0,0,1000,500,0.362,qwen3vl,similarity_score,2026-07-06T23:16:13
I_2340_2388_frgp13,impostor,13,right,2340,2388,B,65,65,1000,500,0.376,qwen3vl,similarity_score,2026-07-06T23:16:13
I_2340_2391_frgp13,impostor,13,right,2340,2391,B,85,85,1000,500,0.378,qwen3vl,similarity_score,2026-07-06T23:16:14
I_2340_2392_frgp13,impostor,13,right,2340,2392,B,85,85,1000,500,0.378,qwen3vl,similarity_score,2026-07-06T23:16:14
I_2340_2394_frgp13,impostor,13,right,2340,2394,B,65,65,1000,500,0.376,qwen3vl,similarity_score,2026-07-06T23:16:14
I_2340_2395_frgp13,impostor,13,right,2340,2395,B,65,65,1000,500,0.379,qwen3vl,similarity_score,2026-07-06T23:16:15
I_2340_2396_frgp13,impostor,13,right,2340,2396,B,0,0,1000,500,0.362,qwen3vl,similarity_score,2026-07-06T23:16:15
I_2340_2398_frgp13,impostor,13,right,2340,2398,B,65,65,1000,500,0.378,qwen3vl,similarity_score,2026-07-06T23:16:15
I_2340_2399_frgp13,impostor,13,right,2340,2399,B,65,65,1000,500,0.38,qwen3vl,similarity_score,2026-07-06T23:16:16
I_2340_2401_frgp13,impostor,13,right,2340,2401,B,65,65,1000,500,0.376,qwen3vl,similarity_score,2026-07-06T23:16:16
I_2340_2402_frgp13,impostor,13,right,2340,2402,B,65,65,1000,500,0.381,qwen3vl,similarity_score,2026-07-06T23:16:17
I_2340_2403_frgp13,impostor,13,right,2340,2403,B,65,65,1000,500,0.377,qwen3vl,similarity_score,2026-07-06T23:16:17
I_2340_2405_frgp13,impostor,13,right,2340,2405,B,65,65,1000,500,0.378,qwen3vl,similarity_score,2026-07-06T23:16:17
I_2340_2406_frgp13,impostor,13,right,2340,2406,B,65,65,1000,500,0.379,qwen3vl,similarity_score,2026-07-06T23:16:18
I_2340_2407_frgp13,impostor,13,right,2340,2407,B,65,65,1000,500,0.38,qwen3vl,similarity_score,2026-07-06T23:16:18
I_2340_2408_frgp13,impostor,13,right,2340,2408,B,65,65,1000,500,0.379,qwen3vl,similarity_score,2026-07-06T23:16:18
I_2340_2409_frgp13,impostor,13,right,2340,2409,B,65,65,1000,500,0.383,qwen3vl,similarity_score,2026-07-06T23:16:19
I_2340_2412_frgp13,impostor,13,right,2340,2412,B,65,65,1000,500,0.378,qwen3vl,similarity_score,2026-07-06T23:16:19
I_2340_2413_frgp13,impostor,13,right,2340,2413,B,65,65,1000,500,0.376,qwen3vl,similarity_score,2026-07-06T23:16:20
I_2340_2415_frgp13,impostor,13,right,2340,2415,B,65,65,1000,500,0.376,qwen3vl,similarity_score,2026-07-06T23:16:20
I_2340_2418_frgp13,impostor,13,right,2340,2418,B,65,65,1000,500,0.375,qwen3vl,similarity_score,2026-07-06T23:16:20
I_2340_2423_frgp13,impostor,13,right,2340,2423,B,65,65,1000,500,0.379,qwen3vl,similarity_score,2026-07-06T23:16:21
I_2340_2424_frgp13,impostor,13,right,2340,2424,B,65,65,1000,500,0.375,qwen3vl,similarity_score,2026-07-06T23:16:21
I_2340_2425_frgp13,impostor,13,right,2340,2425,B,65,65,1000,500,0.391,qwen3vl,similarity_score,2026-07-06T23:16:21
I_2340_2426_frgp13,impostor,13,right,2340,2426,B,65,65,1000,500,0.417,qwen3vl,similarity_score,2026-07-06T23:16:22
I_2340_2428_frgp13,impostor,13,right,2340,2428,B,65,65,1000,500,0.411,qwen3vl,similarity_score,2026-07-06T23:16:22
I_2340_2440_frgp13,impostor,13,right,2340,2440,B,65,65,1000,500,0.414,qwen3vl,similarity_score,2026-07-06T23:16:23
I_2340_2447_frgp13,impostor,13,right,2340,2447,B,65,65,1000,500,0.416,qwen3vl,similarity_score,2026-07-06T23:16:23
I_2340_2455_frgp13,impostor,13,right,2340,2455,B,65,65,1000,500,0.395,qwen3vl,similarity_score,2026-07-06T23:16:24
I_2340_2462_frgp13,impostor,13,right,2340,2462,B,85,85,1000,500,0.376,qwen3vl,similarity_score,2026-07-06T23:16:24
I_2340_2463_frgp13,impostor,13,right,2340,2463,B,65,65,1000,500,0.378,qwen3vl,similarity_score,2026-07-06T23:16:24
I_2340_2481_frgp13,impostor,13,right,2340,2481,B,65,65,1000,500,0.377,qwen3vl,similarity_score,2026-07-06T23:16:25
I_2341_2342_frgp13,impostor,13,right,2341,2342,B,65,65,1000,500,0.375,qwen3vl,similarity_score,2026-07-06T23:16:25
I_2341_2344_frgp13,impostor,13,right,2341,2344,B,85,85,1000,500,0.376,qwen3vl,similarity_score,2026-07-06T23:16:25
I_2341_2348_frgp13,impostor,13,right,2341,2348,B,65,65,1000,500,0.378,qwen3vl,similarity_score,2026-07-06T23:16:26
I_2341_2349_frgp13,impostor,13,right,2341,2349,B,65,65,1000,500,0.38,qwen3vl,similarity_score,2026-07-06T23:16:26
I_2341_2351_frgp13,impostor,13,right,2341,2351,B,65,65,1000,500,0.373,qwen3vl,similarity_score,2026-07-06T23:16:27
I_2341_2352_frgp13,impostor,13,right,2341,2352,B,85,85,1000,500,0.375,qwen3vl,similarity_score,2026-07-06T23:16:27
I_2341_2353_frgp13,impostor,13,right,2341,2353,B,65,65,1000,500,0.374,qwen3vl,similarity_score,2026-07-06T23:16:27
I_2341_2355_frgp13,impostor,13,right,2341,2355,B,65,65,1000,500,0.373,qwen3vl,similarity_score,2026-07-06T23:16:28
I_2341_2356_frgp13,impostor,13,right,2341,2356,B,65,65,1000,500,0.376,qwen3vl,similarity_score,2026-07-06T23:16:28
I_2341_2357_frgp13,impostor,13,right,2341,2357,B,65,65,1000,500,0.375,qwen3vl,similarity_score,2026-07-06T23:16:28
I_2341_2358_frgp13,impostor,13,right,2341,2358,B,65,65,1000,500,0.377,qwen3vl,similarity_score,2026-07-06T23:16:29
I_2341_2359_frgp13,impostor,13,right,2341,2359,B,65,65,1000,500,0.379,qwen3vl,similarity_score,2026-07-06T23:16:29
I_2341_2360_frgp13,impostor,13,right,2341,2360,B,65,65,1000,500,0.378,qwen3vl,similarity_score,2026-07-06T23:16:30
I_2341_2362_frgp13,impostor,13,right,2341,2362,B,65,65,1000,500,0.374,qwen3vl,similarity_score,2026-07-06T23:16:30
I_2341_2364_frgp13,impostor,13,right,2341,2364,B,65,65,1000,500,0.373,qwen3vl,similarity_score,2026-07-06T23:16:30
I_2341_2367_frgp13,impostor,13,right,2341,2367,B,65,65,1000,500,0.376,qwen3vl,similarity_score,2026-07-06T23:16:31
I_2341_2368_frgp13,impostor,13,right,2341,2368,B,65,65,1000,500,0.374,qwen3vl,similarity_score,2026-07-06T23:16:31
I_2341_2369_frgp13,impostor,13,right,2341,2369,B,85,85,1000,500,0.375,qwen3vl,similarity_score,2026-07-06T23:16:31
I_2341_2370_frgp13,impostor,13,right,2341,2370,B,85,85,1000,500,0.376,qwen3vl,similarity_score,2026-07-06T23:16:32
I_2341_2371_frgp13,impostor,13,right,2341,2371,B,65,65,1000,500,0.374,qwen3vl,similarity_score,2026-07-06T23:16:32
I_2341_2372_frgp13,impostor,13,right,2341,2372,B,65,65,1000,500,0.376,qwen3vl,similarity_score,2026-07-06T23:16:33
I_2341_2373_frgp13,impostor,13,right,2341,2373,B,95,95,1000,500,0.374,qwen3vl,similarity_score,2026-07-06T23:16:33
I_2341_2374_frgp13,impostor,13,right,2341,2374,B,65,65,1000,500,0.375,qwen3vl,similarity_score,2026-07-06T23:16:33
I_2341_2375_frgp13,impostor,13,right,2341,2375,B,65,65,1000,500,0.379,qwen3vl,similarity_score,2026-07-06T23:16:34
I_2341_2376_frgp13,impostor,13,right,2341,2376,B,65,65,1000,500,0.38,qwen3vl,similarity_score,2026-07-06T23:16:34
I_2341_2379_frgp13,impostor,13,right,2341,2379,B,65,65,1000,500,0.378,qwen3vl,similarity_score,2026-07-06T23:16:34
I_2341_2380_frgp13,impostor,13,right,2341,2380,B,65,65,1000,500,0.375,qwen3vl,similarity_score,2026-07-06T23:16:35
I_2341_2381_frgp13,impostor,13,right,2341,2381,B,65,65,1000,500,0.376,qwen3vl,similarity_score,2026-07-06T23:16:35
I_2341_2383_frgp13,impostor,13,right,2341,2383,B,65,65,1000,500,0.374,qwen3vl,similarity_score,2026-07-06T23:16:36
I_2341_2384_frgp13,impostor,13,right,2341,2384,B,65,65,1000,500,0.374,qwen3vl,similarity_score,2026-07-06T23:16:36
I_2341_2386_frgp13,impostor,13,right,2341,2386,B,65,65,1000,500,0.375,qwen3vl,similarity_score,2026-07-06T23:16:36
I_2341_2388_frgp13,impostor,13,right,2341,2388,B,65,65,1000,500,0.374,qwen3vl,similarity_score,2026-07-06T23:16:37
I_2341_2391_frgp13,impostor,13,right,2341,2391,B,65,65,1000,500,0.376,qwen3vl,similarity_score,2026-07-06T23:16:37
I_2341_2392_frgp13,impostor,13,right,2341,2392,B,85,85,1000,500,0.377,qwen3vl,similarity_score,2026-07-06T23:16:37
I_2341_2394_frgp13,impostor,13,right,2341,2394,B,65,65,1000,500,0.376,qwen3vl,similarity_score,2026-07-06T23:16:38
I_2341_2395_frgp13,impostor,13,right,2341,2395,B,65,65,1000,500,0.372,qwen3vl,similarity_score,2026-07-06T23:16:38
I_2341_2396_frgp13,impostor,13,right,2341,2396,B,65,65,1000,500,0.376,qwen3vl,similarity_score,2026-07-06T23:16:39
I_2341_2398_frgp13,impostor,13,right,2341,2398,B,65,65,1000,500,0.374,qwen3vl,similarity_score,2026-07-06T23:16:39
I_2341_2399_frgp13,impostor,13,right,2341,2399,B,65,65,1000,500,0.374,qwen3vl,similarity_score,2026-07-06T23:16:39
I_2341_2401_frgp13,impostor,13,right,2341,2401,B,65,65,1000,500,0.373,qwen3vl,similarity_score,2026-07-06T23:16:40
I_2341_2402_frgp13,impostor,13,right,2341,2402,B,65,65,1000,500,0.374,qwen3vl,similarity_score,2026-07-06T23:16:40
I_2341_2403_frgp13,impostor,13,right,2341,2403,B,65,65,1000,500,0.373,qwen3vl,similarity_score,2026-07-06T23:16:40
I_2341_2405_frgp13,impostor,13,right,2341,2405,B,65,65,1000,500,0.374,qwen3vl,similarity_score,2026-07-06T23:16:41
I_2341_2406_frgp13,impostor,13,right,2341,2406,B,65,65,1000,500,0.374,qwen3vl,similarity_score,2026-07-06T23:16:41
I_2341_2407_frgp13,impostor,13,right,2341,2407,B,65,65,1000,500,0.377,qwen3vl,similarity_score,2026-07-06T23:16:42
I_2341_2408_frgp13,impostor,13,right,2341,2408,B,65,65,1000,500,0.374,qwen3vl,similarity_score,2026-07-06T23:16:42
I_2341_2409_frgp13,impostor,13,right,2341,2409,B,65,65,1000,500,0.379,qwen3vl,similarity_score,2026-07-06T23:16:42
I_2341_2412_frgp13,impostor,13,right,2341,2412,B,65,65,1000,500,0.378,qwen3vl,similarity_score,2026-07-06T23:16:43
I_2341_2413_frgp13,impostor,13,right,2341,2413,B,65,65,1000,500,0.375,qwen3vl,similarity_score,2026-07-06T23:16:43
I_2341_2415_frgp13,impostor,13,right,2341,2415,B,65,65,1000,500,0.375,qwen3vl,similarity_score,2026-07-06T23:16:43
I_2341_2418_frgp13,impostor,13,right,2341,2418,B,85,85,1000,500,0.373,qwen3vl,similarity_score,2026-07-06T23:16:44
I_2341_2423_frgp13,impostor,13,right,2341,2423,B,65,65,1000,500,0.374,qwen3vl,similarity_score,2026-07-06T23:16:44
I_2341_2424_frgp13,impostor,13,right,2341,2424,B,65,65,1000,500,0.377,qwen3vl,similarity_score,2026-07-06T23:16:45
I_2341_2425_frgp13,impostor,13,right,2341,2425,B,65,65,1000,500,0.376,qwen3vl,similarity_score,2026-07-06T23:16:45
I_2341_2426_frgp13,impostor,13,right,2341,2426,B,85,85,1000,500,0.374,qwen3vl,similarity_score,2026-07-06T23:16:45
I_2341_2428_frgp13,impostor,13,right,2341,2428,B,85,85,1000,500,0.381,qwen3vl,similarity_score,2026-07-06T23:16:46
I_2341_2440_frgp13,impostor,13,right,2341,2440,B,65,65,1000,500,0.373,qwen3vl,similarity_score,2026-07-06T23:16:46
I_2341_2447_frgp13,impostor,13,right,2341,2447,B,85,85,1000,500,0.387,qwen3vl,similarity_score,2026-07-06T23:16:46
I_2341_2455_frgp13,impostor,13,right,2341,2455,B,65,65,1000,500,0.411,qwen3vl,similarity_score,2026-07-06T23:16:47
I_2341_2462_frgp13,impostor,13,right,2341,2462,B,65,65,1000,500,0.411,qwen3vl,similarity_score,2026-07-06T23:16:47
I_2341_2463_frgp13,impostor,13,right,2341,2463,B,65,65,1000,500,0.41,qwen3vl,similarity_score,2026-07-06T23:16:48
I_2341_2481_frgp13,impostor,13,right,2341,2481,B,65,65,1000,500,0.412,qwen3vl,similarity_score,2026-07-06T23:16:48
I_2342_2344_frgp13,impostor,13,right,2342,2344,B,65,65,1000,500,0.399,qwen3vl,similarity_score,2026-07-06T23:16:48
I_2342_2348_frgp13,impostor,13,right,2342,2348,B,65,65,1000,500,0.376,qwen3vl,similarity_score,2026-07-06T23:16:49
I_2342_2349_frgp13,impostor,13,right,2342,2349,B,0,0,1000,500,0.364,qwen3vl,similarity_score,2026-07-06T23:16:49
I_2342_2351_frgp13,impostor,13,right,2342,2351,B,65,65,1000,500,0.376,qwen3vl,similarity_score,2026-07-06T23:16:50
I_2342_2352_frgp13,impostor,13,right,2342,2352,B,65,65,1000,500,0.377,qwen3vl,similarity_score,2026-07-06T23:16:50
I_2342_2353_frgp13,impostor,13,right,2342,2353,B,65,65,1000,500,0.375,qwen3vl,similarity_score,2026-07-06T23:16:50
I_2342_2355_frgp13,impostor,13,right,2342,2355,B,65,65,1000,500,0.376,qwen3vl,similarity_score,2026-07-06T23:16:51
I_2342_2356_frgp13,impostor,13,right,2342,2356,B,65,65,1000,500,0.374,qwen3vl,similarity_score,2026-07-06T23:16:51
I_2342_2357_frgp13,impostor,13,right,2342,2357,B,65,65,1000,500,0.377,qwen3vl,similarity_score,2026-07-06T23:16:51
I_2342_2358_frgp13,impostor,13,right,2342,2358,B,65,65,1000,500,0.377,qwen3vl,similarity_score,2026-07-06T23:16:52
I_2342_2359_frgp13,impostor,13,right,2342,2359,B,65,65,1000,500,0.382,qwen3vl,similarity_score,2026-07-06T23:16:52
I_2342_2360_frgp13,impostor,13,right,2342,2360,B,65,65,1000,500,0.376,qwen3vl,similarity_score,2026-07-06T23:16:53
I_2342_2362_frgp13,impostor,13,right,2342,2362,B,65,65,1000,500,0.375,qwen3vl,similarity_score,2026-07-06T23:16:53
I_2342_2364_frgp13,impostor,13,right,2342,2364,B,65,65,1000,500,0.376,qwen3vl,similarity_score,2026-07-06T23:16:53
I_2342_2367_frgp13,impostor,13,right,2342,2367,B,0,0,1000,500,0.357,qwen3vl,similarity_score,2026-07-06T23:16:54
I_2342_2368_frgp13,impostor,13,right,2342,2368,B,65,65,1000,500,0.375,qwen3vl,similarity_score,2026-07-06T23:16:54
I_2342_2369_frgp13,impostor,13,right,2342,2369,B,65,65,1000,500,0.378,qwen3vl,similarity_score,2026-07-06T23:16:54
I_2342_2370_frgp13,impostor,13,right,2342,2370,B,65,65,1000,500,0.377,qwen3vl,similarity_score,2026-07-06T23:16:55
I_2342_2371_frgp13,impostor,13,right,2342,2371,B,65,65,1000,500,0.375,qwen3vl,similarity_score,2026-07-06T23:16:55
I_2342_2372_frgp13,impostor,13,right,2342,2372,B,65,65,1000,500,0.377,qwen3vl,similarity_score,2026-07-06T23:16:56
I_2342_2373_frgp13,impostor,13,right,2342,2373,B,65,65,1000,500,0.375,qwen3vl,similarity_score,2026-07-06T23:16:56
I_2342_2374_frgp13,impostor,13,right,2342,2374,B,65,65,1000,500,0.38,qwen3vl,similarity_score,2026-07-06T23:16:56
I_2342_2375_frgp13,impostor,13,right,2342,2375,B,65,65,1000,500,0.377,qwen3vl,similarity_score,2026-07-06T23:16:57
I_2342_2376_frgp13,impostor,13,right,2342,2376,B,65,65,1000,500,0.379,qwen3vl,similarity_score,2026-07-06T23:16:57
I_2342_2379_frgp13,impostor,13,right,2342,2379,B,65,65,1000,500,0.378,qwen3vl,similarity_score,2026-07-06T23:16:58
I_2342_2380_frgp13,impostor,13,right,2342,2380,B,65,65,1000,500,0.375,qwen3vl,similarity_score,2026-07-06T23:16:58
I_2342_2381_frgp13,impostor,13,right,2342,2381,B,65,65,1000,500,0.375,qwen3vl,similarity_score,2026-07-06T23:16:58
I_2342_2383_frgp13,impostor,13,right,2342,2383,B,65,65,1000,500,0.373,qwen3vl,similarity_score,2026-07-06T23:16:59
I_2342_2384_frgp13,impostor,13,right,2342,2384,B,65,65,1000,500,0.374,qwen3vl,similarity_score,2026-07-06T23:16:59
I_2342_2386_frgp13,impostor,13,right,2342,2386,B,0,0,1000,500,0.362,qwen3vl,similarity_score,2026-07-06T23:16:59
I_2342_2388_frgp13,impostor,13,right,2342,2388,B,65,65,1000,500,0.373,qwen3vl,similarity_score,2026-07-06T23:17:00
I_2342_2391_frgp13,impostor,13,right,2342,2391,B,65,65,1000,500,0.372,qwen3vl,similarity_score,2026-07-06T23:17:00
I_2342_2392_frgp13,impostor,13,right,2342,2392,B,65,65,1000,500,0.374,qwen3vl,similarity_score,2026-07-06T23:17:00
I_2342_2394_frgp13,impostor,13,right,2342,2394,B,65,65,1000,500,0.373,qwen3vl,similarity_score,2026-07-06T23:17:01
I_2342_2395_frgp13,impostor,13,right,2342,2395,B,65,65,1000,500,0.377,qwen3vl,similarity_score,2026-07-06T23:17:01
I_2342_2396_frgp13,impostor,13,right,2342,2396,B,65,65,1000,500,0.375,qwen3vl,similarity_score,2026-07-06T23:17:02
I_2342_2398_frgp13,impostor,13,right,2342,2398,B,65,65,1000,500,0.373,qwen3vl,similarity_score,2026-07-06T23:17:02
I_2342_2399_frgp13,impostor,13,right,2342,2399,B,65,65,1000,500,0.374,qwen3vl,similarity_score,2026-07-06T23:17:02
I_2342_2401_frgp13,impostor,13,right,2342,2401,B,65,65,1000,500,0.376,qwen3vl,similarity_score,2026-07-06T23:17:03
I_2342_2402_frgp13,impostor,13,right,2342,2402,B,65,65,1000,500,0.376,qwen3vl,similarity_score,2026-07-06T23:17:03
I_2342_2403_frgp13,impostor,13,right,2342,2403,B,65,65,1000,500,0.375,qwen3vl,similarity_score,2026-07-06T23:17:03
I_2342_2405_frgp13,impostor,13,right,2342,2405,B,65,65,1000,500,0.371,qwen3vl,similarity_score,2026-07-06T23:17:04
I_2342_2406_frgp13,impostor,13,right,2342,2406,B,0,0,1000,500,0.356,qwen3vl,similarity_score,2026-07-06T23:17:04
I_2342_2407_frgp13,impostor,13,right,2342,2407,B,65,65,1000,500,0.381,qwen3vl,similarity_score,2026-07-06T23:17:05
I_2342_2408_frgp13,impostor,13,right,2342,2408,B,65,65,1000,500,0.372,qwen3vl,similarity_score,2026-07-06T23:17:05
I_2342_2409_frgp13,impostor,13,right,2342,2409,B,65,65,1000,500,0.374,qwen3vl,similarity_score,2026-07-06T23:17:05
I_2342_2412_frgp13,impostor,13,right,2342,2412,B,65,65,1000,500,0.377,qwen3vl,similarity_score,2026-07-06T23:17:06
I_2342_2413_frgp13,impostor,13,right,2342,2413,B,65,65,1000,500,0.374,qwen3vl,similarity_score,2026-07-06T23:17:06
I_2342_2415_frgp13,impostor,13,right,2342,2415,B,65,65,1000,500,0.377,qwen3vl,similarity_score,2026-07-06T23:17:06
I_2342_2418_frgp13,impostor,13,right,2342,2418,B,65,65,1000,500,0.374,qwen3vl,similarity_score,2026-07-06T23:17:07
I_2342_2423_frgp13,impostor,13,right,2342,2423,B,65,65,1000,500,0.373,qwen3vl,similarity_score,2026-07-06T23:17:07
I_2342_2424_frgp13,impostor,13,right,2342,2424,B,65,65,1000,500,0.372,qwen3vl,similarity_score,2026-07-06T23:17:08
I_2342_2425_frgp13,impostor,13,right,2342,2425,B,65,65,1000,500,0.372,qwen3vl,similarity_score,2026-07-06T23:17:08
I_2342_2426_frgp13,impostor,13,right,2342,2426,B,65,65,1000,500,0.375,qwen3vl,similarity_score,2026-07-06T23:17:08
I_2342_2428_frgp13,impostor,13,right,2342,2428,B,65,65,1000,500,0.373,qwen3vl,similarity_score,2026-07-06T23:17:09
I_2342_2440_frgp13,impostor,13,right,2342,2440,B,65,65,1000,500,0.374,qwen3vl,similarity_score,2026-07-06T23:17:09
I_2342_2447_frgp13,impostor,13,right,2342,2447,B,65,65,1000,500,0.378,qwen3vl,similarity_score,2026-07-06T23:17:09
I_2342_2455_frgp13,impostor,13,right,2342,2455,B,0,0,1000,500,0.355,qwen3vl,similarity_score,2026-07-06T23:17:10
I_2342_2462_frgp13,impostor,13,right,2342,2462,B,65,65,1000,500,0.372,qwen3vl,similarity_score,2026-07-06T23:17:10
I_2342_2463_frgp13,impostor,13,right,2342,2463,B,65,65,1000,500,0.374,qwen3vl,similarity_score,2026-07-06T23:17:11
I_2342_2481_frgp13,impostor,13,right,2342,2481,B,65,65,1000,500,0.373,qwen3vl,similarity_score,2026-07-06T23:17:11
I_2344_2348_frgp13,impostor,13,right,2344,2348,B,65,65,1000,500,0.375,qwen3vl,similarity_score,2026-07-06T23:17:11
I_2344_2349_frgp13,impostor,13,right,2344,2349,B,65,65,1000,500,0.382,qwen3vl,similarity_score,2026-07-06T23:17:12
I_2344_2351_frgp13,impostor,13,right,2344,2351,B,65,65,1000,500,0.378,qwen3vl,similarity_score,2026-07-06T23:17:12
I_2344_2352_frgp13,impostor,13,right,2344,2352,B,85,85,1000,500,0.378,qwen3vl,similarity_score,2026-07-06T23:17:12
I_2344_2353_frgp13,impostor,13,right,2344,2353,B,85,85,1000,500,0.381,qwen3vl,similarity_score,2026-07-06T23:17:13
I_2344_2355_frgp13,impostor,13,right,2344,2355,B,65,65,1000,500,0.384,qwen3vl,similarity_score,2026-07-06T23:17:13
I_2344_2356_frgp13,impostor,13,right,2344,2356,B,65,65,1000,500,0.385,qwen3vl,similarity_score,2026-07-06T23:17:14
I_2344_2357_frgp13,impostor,13,right,2344,2357,B,85,85,1000,500,0.378,qwen3vl,similarity_score,2026-07-06T23:17:14
I_2344_2358_frgp13,impostor,13,right,2344,2358,B,65,65,1000,500,0.377,qwen3vl,similarity_score,2026-07-06T23:17:14
I_2344_2359_frgp13,impostor,13,right,2344,2359,B,65,65,1000,500,0.381,qwen3vl,similarity_score,2026-07-06T23:17:15
I_2344_2360_frgp13,impostor,13,right,2344,2360,B,85,85,1000,500,0.384,qwen3vl,similarity_score,2026-07-06T23:17:15
I_2344_2362_frgp13,impostor,13,right,2344,2362,B,65,65,1000,500,0.384,qwen3vl,similarity_score,2026-07-06T23:17:15
I_2344_2364_frgp13,impostor,13,right,2344,2364,B,65,65,1000,500,0.38,qwen3vl,similarity_score,2026-07-06T23:17:16
I_2344_2367_frgp13,impostor,13,right,2344,2367,B,65,65,1000,500,0.378,qwen3vl,similarity_score,2026-07-06T23:17:16
I_2344_2368_frgp13,impostor,13,right,2344,2368,B,65,65,1000,500,0.376,qwen3vl,similarity_score,2026-07-06T23:17:17
I_2344_2369_frgp13,impostor,13,right,2344,2369,B,85,85,1000,500,0.376,qwen3vl,similarity_score,2026-07-06T23:17:17
I_2344_2370_frgp13,impostor,13,right,2344,2370,B,65,65,1000,500,0.376,qwen3vl,similarity_score,2026-07-06T23:17:17
I_2344_2371_frgp13,impostor,13,right,2344,2371,B,65,65,1000,500,0.377,qwen3vl,similarity_score,2026-07-06T23:17:18
I_2344_2372_frgp13,impostor,13,right,2344,2372,B,65,65,1000,500,0.374,qwen3vl,similarity_score,2026-07-06T23:17:18
I_2344_2373_frgp13,impostor,13,right,2344,2373,B,65,65,1000,500,0.377,qwen3vl,similarity_score,2026-07-06T23:17:19
I_2344_2374_frgp13,impostor,13,right,2344,2374,B,65,65,1000,500,0.378,qwen3vl,similarity_score,2026-07-06T23:17:19
I_2344_2375_frgp13,impostor,13,right,2344,2375,B,65,65,1000,500,0.376,qwen3vl,similarity_score,2026-07-06T23:17:19
I_2344_2376_frgp13,impostor,13,right,2344,2376,B,85,85,1000,500,0.379,qwen3vl,similarity_score,2026-07-06T23:17:20
I_2344_2379_frgp13,impostor,13,right,2344,2379,B,65,65,1000,500,0.376,qwen3vl,similarity_score,2026-07-06T23:17:20
I_2344_2380_frgp13,impostor,13,right,2344,2380,B,65,65,1000,500,0.379,qwen3vl,similarity_score,2026-07-06T23:17:20
I_2344_2381_frgp13,impostor,13,right,2344,2381,B,65,65,1000,500,0.378,qwen3vl,similarity_score,2026-07-06T23:17:21
I_2344_2383_frgp13,impostor,13,right,2344,2383,B,65,65,1000,500,0.375,qwen3vl,similarity_score,2026-07-06T23:17:21
I_2344_2384_frgp13,impostor,13,right,2344,2384,B,65,65,1000,500,0.376,qwen3vl,similarity_score,2026-07-06T23:17:22
I_2344_2386_frgp13,impostor,13,right,2344,2386,B,65,65,1000,500,0.378,qwen3vl,similarity_score,2026-07-06T23:17:22
I_2344_2388_frgp13,impostor,13,right,2344,2388,B,65,65,1000,500,0.375,qwen3vl,similarity_score,2026-07-06T23:17:22
I_2344_2391_frgp13,impostor,13,right,2344,2391,B,85,85,1000,500,0.378,qwen3vl,similarity_score,2026-07-06T23:17:23
I_2344_2392_frgp13,impostor,13,right,2344,2392,B,85,85,1000,500,0.376,qwen3vl,similarity_score,2026-07-06T23:17:23
I_2344_2394_frgp13,impostor,13,right,2344,2394,B,85,85,1000,500,0.38,qwen3vl,similarity_score,2026-07-06T23:17:23
I_2344_2395_frgp13,impostor,13,right,2344,2395,B,65,65,1000,500,0.377,qwen3vl,similarity_score,2026-07-06T23:17:24
I_2344_2396_frgp13,impostor,13,right,2344,2396,B,65,65,1000,500,0.376,qwen3vl,similarity_score,2026-07-06T23:17:24
I_2344_2398_frgp13,impostor,13,right,2344,2398,B,85,85,1000,500,0.375,qwen3vl,similarity_score,2026-07-06T23:17:25
I_2344_2399_frgp13,impostor,13,right,2344,2399,B,65,65,1000,500,0.375,qwen3vl,similarity_score,2026-07-06T23:17:25
I_2344_2401_frgp13,impostor,13,right,2344,2401,B,65,65,1000,500,0.376,qwen3vl,similarity_score,2026-07-06T23:17:25
I_2344_2402_frgp13,impostor,13,right,2344,2402,B,65,65,1000,500,0.379,qwen3vl,similarity_score,2026-07-06T23:17:26
I_2344_2403_frgp13,impostor,13,right,2344,2403,B,65,65,1000,500,0.374,qwen3vl,similarity_score,2026-07-06T23:17:26
I_2344_2405_frgp13,impostor,13,right,2344,2405,B,65,65,1000,500,0.376,qwen3vl,similarity_score,2026-07-06T23:17:26
I_2344_2406_frgp13,impostor,13,right,2344,2406,B,65,65,1000,500,0.38,qwen3vl,similarity_score,2026-07-06T23:17:27
I_2344_2407_frgp13,impostor,13,right,2344,2407,B,65,65,1000,500,0.377,qwen3vl,similarity_score,2026-07-06T23:17:27
I_2344_2408_frgp13,impostor,13,right,2344,2408,B,65,65,1000,500,0.375,qwen3vl,similarity_score,2026-07-06T23:17:28
I_2344_2409_frgp13,impostor,13,right,2344,2409,B,65,65,1000,500,0.374,qwen3vl,similarity_score,2026-07-06T23:17:28
I_2344_2412_frgp13,impostor,13,right,2344,2412,B,65,65,1000,500,0.374,qwen3vl,similarity_score,2026-07-06T23:17:28
I_2344_2413_frgp13,impostor,13,right,2344,2413,B,65,65,1000,500,0.376,qwen3vl,similarity_score,2026-07-06T23:17:29
I_2344_2415_frgp13,impostor,13,right,2344,2415,B,65,65,1000,500,0.375,qwen3vl,similarity_score,2026-07-06T23:17:29
I_2344_2418_frgp13,impostor,13,right,2344,2418,B,85,85,1000,500,0.377,qwen3vl,similarity_score,2026-07-06T23:17:29
I_2344_2423_frgp13,impostor,13,right,2344,2423,B,65,65,1000,500,0.375,qwen3vl,similarity_score,2026-07-06T23:17:30
I_2344_2424_frgp13,impostor,13,right,2344,2424,B,65,65,1000,500,0.374,qwen3vl,similarity_score,2026-07-06T23:17:30
I_2344_2425_frgp13,impostor,13,right,2344,2425,B,95,95,1000,500,0.379,qwen3vl,similarity_score,2026-07-06T23:17:31
I_2344_2426_frgp13,impostor,13,right,2344,2426,B,65,65,1000,500,0.375,qwen3vl,similarity_score,2026-07-06T23:17:31
I_2344_2428_frgp13,impostor,13,right,2344,2428,B,85,85,1000,500,0.375,qwen3vl,similarity_score,2026-07-06T23:17:31
I_2344_2440_frgp13,impostor,13,right,2344,2440,B,65,65,1000,500,0.375,qwen3vl,similarity_score,2026-07-06T23:17:32
I_2344_2447_frgp13,impostor,13,right,2344,2447,B,85,85,1000,500,0.377,qwen3vl,similarity_score,2026-07-06T23:17:32
I_2344_2455_frgp13,impostor,13,right,2344,2455,B,65,65,1000,500,0.378,qwen3vl,similarity_score,2026-07-06T23:17:32
I_2344_2462_frgp13,impostor,13,right,2344,2462,B,65,65,1000,500,0.374,qwen3vl,similarity_score,2026-07-06T23:17:33
I_2344_2463_frgp13,impostor,13,right,2344,2463,B,65,65,1000,500,0.38,qwen3vl,similarity_score,2026-07-06T23:17:33
I_2344_2481_frgp13,impostor,13,right,2344,2481,B,85,85,1000,500,0.376,qwen3vl,similarity_score,2026-07-06T23:17:34
I_2348_2349_frgp13,impostor,13,right,2348,2349,B,65,65,1000,500,0.381,qwen3vl,similarity_score,2026-07-06T23:17:34
I_2348_2351_frgp13,impostor,13,right,2348,2351,B,65,65,1000,500,0.375,qwen3vl,similarity_score,2026-07-06T23:17:34
I_2348_2352_frgp13,impostor,13,right,2348,2352,B,65,65,1000,500,0.376,qwen3vl,similarity_score,2026-07-06T23:17:35
I_2348_2353_frgp13,impostor,13,right,2348,2353,B,65,65,1000,500,0.371,qwen3vl,similarity_score,2026-07-06T23:17:35
I_2348_2355_frgp13,impostor,13,right,2348,2355,B,65,65,1000,500,0.374,qwen3vl,similarity_score,2026-07-06T23:17:35
I_2348_2356_frgp13,impostor,13,right,2348,2356,B,65,65,1000,500,0.391,qwen3vl,similarity_score,2026-07-06T23:17:36
I_2348_2357_frgp13,impostor,13,right,2348,2357,B,65,65,1000,500,0.409,qwen3vl,similarity_score,2026-07-06T23:17:36
I_2348_2358_frgp13,impostor,13,right,2348,2358,B,65,65,1000,500,0.41,qwen3vl,similarity_score,2026-07-06T23:17:37
I_2348_2359_frgp13,impostor,13,right,2348,2359,B,65,65,1000,500,0.411,qwen3vl,similarity_score,2026-07-06T23:17:37
I_2348_2360_frgp13,impostor,13,right,2348,2360,B,65,65,1000,500,0.411,qwen3vl,similarity_score,2026-07-06T23:17:37
I_2348_2362_frgp13,impostor,13,right,2348,2362,B,65,65,1000,500,0.379,qwen3vl,similarity_score,2026-07-06T23:17:38
I_2348_2364_frgp13,impostor,13,right,2348,2364,B,65,65,1000,500,0.373,qwen3vl,similarity_score,2026-07-06T23:17:38
I_2348_2367_frgp13,impostor,13,right,2348,2367,B,65,65,1000,500,0.378,qwen3vl,similarity_score,2026-07-06T23:17:39
I_2348_2368_frgp13,impostor,13,right,2348,2368,B,65,65,1000,500,0.384,qwen3vl,similarity_score,2026-07-06T23:17:39
I_2348_2369_frgp13,impostor,13,right,2348,2369,B,65,65,1000,500,0.376,qwen3vl,similarity_score,2026-07-06T23:17:39
I_2348_2370_frgp13,impostor,13,right,2348,2370,B,65,65,1000,500,0.375,qwen3vl,similarity_score,2026-07-06T23:17:40
I_2348_2371_frgp13,impostor,13,right,2348,2371,B,65,65,1000,500,0.375,qwen3vl,similarity_score,2026-07-06T23:17:40
I_2348_2372_frgp13,impostor,13,right,2348,2372,B,65,65,1000,500,0.374,qwen3vl,similarity_score,2026-07-06T23:17:40
I_2348_2373_frgp13,impostor,13,right,2348,2373,B,65,65,1000,500,0.373,qwen3vl,similarity_score,2026-07-06T23:17:41
I_2348_2374_frgp13,impostor,13,right,2348,2374,B,65,65,1000,500,0.375,qwen3vl,similarity_score,2026-07-06T23:17:41
I_2348_2375_frgp13,impostor,13,right,2348,2375,B,65,65,1000,500,0.375,qwen3vl,similarity_score,2026-07-06T23:17:42
I_2348_2376_frgp13,impostor,13,right,2348,2376,B,65,65,1000,500,0.38,qwen3vl,similarity_score,2026-07-06T23:17:42
I_2348_2379_frgp13,impostor,13,right,2348,2379,B,65,65,1000,500,0.377,qwen3vl,similarity_score,2026-07-06T23:17:42
I_2348_2380_frgp13,impostor,13,right,2348,2380,B,65,65,1000,500,0.377,qwen3vl,similarity_score,2026-07-06T23:17:43
I_2348_2381_frgp13,impostor,13,right,2348,2381,B,65,65,1000,500,0.379,qwen3vl,similarity_score,2026-07-06T23:17:43
I_2348_2383_frgp13,impostor,13,right,2348,2383,B,65,65,1000,500,0.375,qwen3vl,similarity_score,2026-07-06T23:17:44
I_2348_2384_frgp13,impostor,13,right,2348,2384,B,65,65,1000,500,0.379,qwen3vl,similarity_score,2026-07-06T23:17:44
I_2348_2386_frgp13,impostor,13,right,2348,2386,B,0,0,1000,500,0.361,qwen3vl,similarity_score,2026-07-06T23:17:44
I_2348_2388_frgp13,impostor,13,right,2348,2388,B,65,65,1000,500,0.378,qwen3vl,similarity_score,2026-07-06T23:17:45
I_2348_2391_frgp13,impostor,13,right,2348,2391,B,65,65,1000,500,0.373,qwen3vl,similarity_score,2026-07-06T23:17:45
I_2348_2392_frgp13,impostor,13,right,2348,2392,B,65,65,1000,500,0.377,qwen3vl,similarity_score,2026-07-06T23:17:45
I_2348_2394_frgp13,impostor,13,right,2348,2394,B,65,65,1000,500,0.378,qwen3vl,similarity_score,2026-07-06T23:17:46
I_2348_2395_frgp13,impostor,13,right,2348,2395,B,65,65,1000,500,0.371,qwen3vl,similarity_score,2026-07-06T23:17:46
I_2348_2396_frgp13,impostor,13,right,2348,2396,B,65,65,1000,500,0.377,qwen3vl,similarity_score,2026-07-06T23:17:46
I_2348_2398_frgp13,impostor,13,right,2348,2398,B,65,65,1000,500,0.377,qwen3vl,similarity_score,2026-07-06T23:17:47
I_2348_2399_frgp13,impostor,13,right,2348,2399,B,65,65,1000,500,0.374,qwen3vl,similarity_score,2026-07-06T23:17:47
I_2348_2401_frgp13,impostor,13,right,2348,2401,B,65,65,1000,500,0.374,qwen3vl,similarity_score,2026-07-06T23:17:48
I_2348_2402_frgp13,impostor,13,right,2348,2402,B,65,65,1000,500,0.375,qwen3vl,similarity_score,2026-07-06T23:17:48
I_2348_2403_frgp13,impostor,13,right,2348,2403,B,65,65,1000,500,0.372,qwen3vl,similarity_score,2026-07-06T23:17:48
I_2348_2405_frgp13,impostor,13,right,2348,2405,B,65,65,1000,500,0.373,qwen3vl,similarity_score,2026-07-06T23:17:49
I_2348_2406_frgp13,impostor,13,right,2348,2406,B,65,65,1000,500,0.375,qwen3vl,similarity_score,2026-07-06T23:17:49
I_2348_2407_frgp13,impostor,13,right,2348,2407,B,65,65,1000,500,0.378,qwen3vl,similarity_score,2026-07-06T23:17:49
I_2348_2408_frgp13,impostor,13,right,2348,2408,B,65,65,1000,500,0.374,qwen3vl,similarity_score,2026-07-06T23:17:50
I_2348_2409_frgp13,impostor,13,right,2348,2409,B,65,65,1000,500,0.373,qwen3vl,similarity_score,2026-07-06T23:17:50
I_2348_2412_frgp13,impostor,13,right,2348,2412,B,65,65,1000,500,0.374,qwen3vl,similarity_score,2026-07-06T23:17:51
I_2348_2413_frgp13,impostor,13,right,2348,2413,B,65,65,1000,500,0.375,qwen3vl,similarity_score,2026-07-06T23:17:51
I_2348_2415_frgp13,impostor,13,right,2348,2415,B,65,65,1000,500,0.373,qwen3vl,similarity_score,2026-07-06T23:17:51
I_2348_2418_frgp13,impostor,13,right,2348,2418,B,65,65,1000,500,0.375,qwen3vl,similarity_score,2026-07-06T23:17:52
I_2348_2423_frgp13,impostor,13,right,2348,2423,B,65,65,1000,500,0.372,qwen3vl,similarity_score,2026-07-06T23:17:52
I_2348_2424_frgp13,impostor,13,right,2348,2424,B,65,65,1000,500,0.374,qwen3vl,similarity_score,2026-07-06T23:17:52
I_2348_2425_frgp13,impostor,13,right,2348,2425,B,65,65,1000,500,0.372,qwen3vl,similarity_score,2026-07-06T23:17:53
I_2348_2426_frgp13,impostor,13,right,2348,2426,B,65,65,1000,500,0.375,qwen3vl,similarity_score,2026-07-06T23:17:53
I_2348_2428_frgp13,impostor,13,right,2348,2428,B,65,65,1000,500,0.377,qwen3vl,similarity_score,2026-07-06T23:17:54
I_2348_2440_frgp13,impostor,13,right,2348,2440,B,65,65,1000,500,0.373,qwen3vl,similarity_score,2026-07-06T23:17:54
I_2348_2447_frgp13,impostor,13,right,2348,2447,B,65,65,1000,500,0.374,qwen3vl,similarity_score,2026-07-06T23:17:54
I_2348_2455_frgp13,impostor,13,right,2348,2455,B,65,65,1000,500,0.373,qwen3vl,similarity_score,2026-07-06T23:17:55
I_2348_2462_frgp13,impostor,13,right,2348,2462,B,65,65,1000,500,0.371,qwen3vl,similarity_score,2026-07-06T23:17:55
I_2348_2463_frgp13,impostor,13,right,2348,2463,B,65,65,1000,500,0.374,qwen3vl,similarity_score,2026-07-06T23:17:55
I_2348_2481_frgp13,impostor,13,right,2348,2481,B,65,65,1000,500,0.375,qwen3vl,similarity_score,2026-07-06T23:17:56
I_2349_2351_frgp13,impostor,13,right,2349,2351,B,65,65,1000,500,0.39,qwen3vl,similarity_score,2026-07-06T23:17:56
I_2349_2352_frgp13,impostor,13,right,2349,2352,B,65,65,1000,500,0.394,qwen3vl,similarity_score,2026-07-06T23:17:57
I_2349_2353_frgp13,impostor,13,right,2349,2353,B,65,65,1000,500,0.391,qwen3vl,similarity_score,2026-07-06T23:17:57
I_2349_2355_frgp13,impostor,13,right,2349,2355,B,65,65,1000,500,0.394,qwen3vl,similarity_score,2026-07-06T23:17:57
I_2349_2356_frgp13,impostor,13,right,2349,2356,B,65,65,1000,500,0.396,qwen3vl,similarity_score,2026-07-06T23:17:58
I_2349_2357_frgp13,impostor,13,right,2349,2357,B,65,65,1000,500,0.394,qwen3vl,similarity_score,2026-07-06T23:17:58
I_2349_2358_frgp13,impostor,13,right,2349,2358,B,65,65,1000,500,0.391,qwen3vl,similarity_score,2026-07-06T23:17:59
I_2349_2359_frgp13,impostor,13,right,2349,2359,B,65,65,1000,500,0.394,qwen3vl,similarity_score,2026-07-06T23:17:59
I_2349_2360_frgp13,impostor,13,right,2349,2360,B,65,65,1000,500,0.393,qwen3vl,similarity_score,2026-07-06T23:17:59
I_2349_2362_frgp13,impostor,13,right,2349,2362,B,65,65,1000,500,0.409,qwen3vl,similarity_score,2026-07-06T23:18:00
I_2349_2364_frgp13,impostor,13,right,2349,2364,B,65,65,1000,500,0.427,qwen3vl,similarity_score,2026-07-06T23:18:00
I_2349_2367_frgp13,impostor,13,right,2349,2367,B,65,65,1000,500,0.417,qwen3vl,similarity_score,2026-07-06T23:18:01
I_2349_2368_frgp13,impostor,13,right,2349,2368,B,65,65,1000,500,0.393,qwen3vl,similarity_score,2026-07-06T23:18:01
I_2349_2369_frgp13,impostor,13,right,2349,2369,B,65,65,1000,500,0.395,qwen3vl,similarity_score,2026-07-06T23:18:01
I_2349_2370_frgp13,impostor,13,right,2349,2370,B,65,65,1000,500,0.391,qwen3vl,similarity_score,2026-07-06T23:18:02
I_2349_2371_frgp13,impostor,13,right,2349,2371,B,65,65,1000,500,0.393,qwen3vl,similarity_score,2026-07-06T23:18:02
I_2349_2372_frgp13,impostor,13,right,2349,2372,B,65,65,1000,500,0.389,qwen3vl,similarity_score,2026-07-06T23:18:03
I_2349_2373_frgp13,impostor,13,right,2349,2373,B,65,65,1000,500,0.389,qwen3vl,similarity_score,2026-07-06T23:18:03
I_2349_2374_frgp13,impostor,13,right,2349,2374,B,65,65,1000,500,0.392,qwen3vl,similarity_score,2026-07-06T23:18:03
I_2349_2375_frgp13,impostor,13,right,2349,2375,B,65,65,1000,500,0.391,qwen3vl,similarity_score,2026-07-06T23:18:04
I_2349_2376_frgp13,impostor,13,right,2349,2376,B,65,65,1000,500,0.391,qwen3vl,similarity_score,2026-07-06T23:18:04
I_2349_2379_frgp13,impostor,13,right,2349,2379,B,65,65,1000,500,0.396,qwen3vl,similarity_score,2026-07-06T23:18:05
I_2349_2380_frgp13,impostor,13,right,2349,2380,B,65,65,1000,500,0.394,qwen3vl,similarity_score,2026-07-06T23:18:05
I_2349_2381_frgp13,impostor,13,right,2349,2381,B,45,45,1000,500,0.39,qwen3vl,similarity_score,2026-07-06T23:18:05
I_2349_2383_frgp13,impostor,13,right,2349,2383,B,65,65,1000,500,0.394,qwen3vl,similarity_score,2026-07-06T23:18:06
I_2349_2384_frgp13,impostor,13,right,2349,2384,B,65,65,1000,500,0.39,qwen3vl,similarity_score,2026-07-06T23:18:06
I_2349_2386_frgp13,impostor,13,right,2349,2386,B,65,65,1000,500,0.395,qwen3vl,similarity_score,2026-07-06T23:18:07
I_2349_2388_frgp13,impostor,13,right,2349,2388,B,65,65,1000,500,0.395,qwen3vl,similarity_score,2026-07-06T23:18:07
I_2349_2391_frgp13,impostor,13,right,2349,2391,B,65,65,1000,500,0.392,qwen3vl,similarity_score,2026-07-06T23:18:07
I_2349_2392_frgp13,impostor,13,right,2349,2392,B,65,65,1000,500,0.392,qwen3vl,similarity_score,2026-07-06T23:18:08
I_2349_2394_frgp13,impostor,13,right,2349,2394,B,65,65,1000,500,0.389,qwen3vl,similarity_score,2026-07-06T23:18:08
I_2349_2395_frgp13,impostor,13,right,2349,2395,B,65,65,1000,500,0.389,qwen3vl,similarity_score,2026-07-06T23:18:08
I_2349_2396_frgp13,impostor,13,right,2349,2396,B,65,65,1000,500,0.392,qwen3vl,similarity_score,2026-07-06T23:18:09
I_2349_2398_frgp13,impostor,13,right,2349,2398,B,65,65,1000,500,0.39,qwen3vl,similarity_score,2026-07-06T23:18:09
I_2349_2399_frgp13,impostor,13,right,2349,2399,B,65,65,1000,500,0.39,qwen3vl,similarity_score,2026-07-06T23:18:10
I_2349_2401_frgp13,impostor,13,right,2349,2401,B,65,65,1000,500,0.39,qwen3vl,similarity_score,2026-07-06T23:18:10
I_2349_2402_frgp13,impostor,13,right,2349,2402,B,65,65,1000,500,0.391,qwen3vl,similarity_score,2026-07-06T23:18:10
I_2349_2403_frgp13,impostor,13,right,2349,2403,B,65,65,1000,500,0.393,qwen3vl,similarity_score,2026-07-06T23:18:11
I_2349_2405_frgp13,impostor,13,right,2349,2405,B,65,65,1000,500,0.395,qwen3vl,similarity_score,2026-07-06T23:18:11
I_2349_2406_frgp13,impostor,13,right,2349,2406,B,65,65,1000,500,0.394,qwen3vl,similarity_score,2026-07-06T23:18:12
I_2349_2407_frgp13,impostor,13,right,2349,2407,B,65,65,1000,500,0.394,qwen3vl,similarity_score,2026-07-06T23:18:12
I_2349_2408_frgp13,impostor,13,right,2349,2408,B,65,65,1000,500,0.39,qwen3vl,similarity_score,2026-07-06T23:18:12
I_2349_2409_frgp13,impostor,13,right,2349,2409,B,65,65,1000,500,0.39,qwen3vl,similarity_score,2026-07-06T23:18:13
I_2349_2412_frgp13,impostor,13,right,2349,2412,B,65,65,1000,500,0.391,qwen3vl,similarity_score,2026-07-06T23:18:13
I_2349_2413_frgp13,impostor,13,right,2349,2413,B,65,65,1000,500,0.411,qwen3vl,similarity_score,2026-07-06T23:18:14
I_2349_2415_frgp13,impostor,13,right,2349,2415,B,65,65,1000,500,0.435,qwen3vl,similarity_score,2026-07-06T23:18:14
I_2349_2418_frgp13,impostor,13,right,2349,2418,B,65,65,1000,500,0.425,qwen3vl,similarity_score,2026-07-06T23:18:14
I_2349_2423_frgp13,impostor,13,right,2349,2423,B,65,65,1000,500,0.391,qwen3vl,similarity_score,2026-07-06T23:18:15
I_2349_2424_frgp13,impostor,13,right,2349,2424,B,30,30,1000,500,0.392,qwen3vl,similarity_score,2026-07-06T23:18:15
I_2349_2425_frgp13,impostor,13,right,2349,2425,B,65,65,1000,500,0.399,qwen3vl,similarity_score,2026-07-06T23:18:16
I_2349_2426_frgp13,impostor,13,right,2349,2426,B,65,65,1000,500,0.398,qwen3vl,similarity_score,2026-07-06T23:18:16
I_2349_2428_frgp13,impostor,13,right,2349,2428,B,65,65,1000,500,0.391,qwen3vl,similarity_score,2026-07-06T23:18:16
I_2349_2440_frgp13,impostor,13,right,2349,2440,B,65,65,1000,500,0.388,qwen3vl,similarity_score,2026-07-06T23:18:17
I_2349_2447_frgp13,impostor,13,right,2349,2447,B,65,65,1000,500,0.391,qwen3vl,similarity_score,2026-07-06T23:18:17
I_2349_2455_frgp13,impostor,13,right,2349,2455,B,65,65,1000,500,0.389,qwen3vl,similarity_score,2026-07-06T23:18:18
I_2349_2462_frgp13,impostor,13,right,2349,2462,B,0,0,1000,500,0.373,qwen3vl,similarity_score,2026-07-06T23:18:18
I_2349_2463_frgp13,impostor,13,right,2349,2463,B,65,65,1000,500,0.391,qwen3vl,similarity_score,2026-07-06T23:18:18
I_2349_2481_frgp13,impostor,13,right,2349,2481,B,65,65,1000,500,0.395,qwen3vl,similarity_score,2026-07-06T23:18:19
I_2351_2352_frgp13,impostor,13,right,2351,2352,B,0,0,1000,500,0.357,qwen3vl,similarity_score,2026-07-06T23:18:19
I_2351_2353_frgp13,impostor,13,right,2351,2353,B,0,0,1000,500,0.355,qwen3vl,similarity_score,2026-07-06T23:18:19
I_2351_2355_frgp13,impostor,13,right,2351,2355,B,0,0,1000,500,0.351,qwen3vl,similarity_score,2026-07-06T23:18:20
I_2351_2356_frgp13,impostor,13,right,2351,2356,B,0,0,1000,500,0.355,qwen3vl,similarity_score,2026-07-06T23:18:20
I_2351_2357_frgp13,impostor,13,right,2351,2357,B,0,0,1000,500,0.357,qwen3vl,similarity_score,2026-07-06T23:18:21
I_2351_2358_frgp13,impostor,13,right,2351,2358,B,0,0,1000,500,0.357,qwen3vl,similarity_score,2026-07-06T23:18:21
I_2351_2359_frgp13,impostor,13,right,2351,2359,B,0,0,1000,500,0.353,qwen3vl,similarity_score,2026-07-06T23:18:21
I_2351_2360_frgp13,impostor,13,right,2351,2360,B,65,65,1000,500,0.371,qwen3vl,similarity_score,2026-07-06T23:18:22
I_2351_2362_frgp13,impostor,13,right,2351,2362,B,65,65,1000,500,0.374,qwen3vl,similarity_score,2026-07-06T23:18:22
I_2351_2364_frgp13,impostor,13,right,2351,2364,B,65,65,1000,500,0.373,qwen3vl,similarity_score,2026-07-06T23:18:22
I_2351_2367_frgp13,impostor,13,right,2351,2367,B,0,0,1000,500,0.358,qwen3vl,similarity_score,2026-07-06T23:18:23
I_2351_2368_frgp13,impostor,13,right,2351,2368,B,0,0,1000,500,0.352,qwen3vl,similarity_score,2026-07-06T23:18:23
I_2351_2369_frgp13,impostor,13,right,2351,2369,B,0,0,1000,500,0.354,qwen3vl,similarity_score,2026-07-06T23:18:23
I_2351_2370_frgp13,impostor,13,right,2351,2370,B,0,0,1000,500,0.357,qwen3vl,similarity_score,2026-07-06T23:18:24
I_2351_2371_frgp13,impostor,13,right,2351,2371,B,65,65,1000,500,0.371,qwen3vl,similarity_score,2026-07-06T23:18:24
I_2351_2372_frgp13,impostor,13,right,2351,2372,B,85,85,1000,500,0.375,qwen3vl,similarity_score,2026-07-06T23:18:25
I_2351_2373_frgp13,impostor,13,right,2351,2373,B,0,0,1000,500,0.353,qwen3vl,similarity_score,2026-07-06T23:18:25
I_2351_2374_frgp13,impostor,13,right,2351,2374,B,0,0,1000,500,0.352,qwen3vl,similarity_score,2026-07-06T23:18:25
I_2351_2375_frgp13,impostor,13,right,2351,2375,B,65,65,1000,500,0.373,qwen3vl,similarity_score,2026-07-06T23:18:26
I_2351_2376_frgp13,impostor,13,right,2351,2376,B,0,0,1000,500,0.357,qwen3vl,similarity_score,2026-07-06T23:18:26
I_2351_2379_frgp13,impostor,13,right,2351,2379,B,0,0,1000,500,0.353,qwen3vl,similarity_score,2026-07-06T23:18:26
I_2351_2380_frgp13,impostor,13,right,2351,2380,B,0,0,1000,500,0.356,qwen3vl,similarity_score,2026-07-06T23:18:27
I_2351_2381_frgp13,impostor,13,right,2351,2381,B,0,0,1000,500,0.354,qwen3vl,similarity_score,2026-07-06T23:18:27
I_2351_2383_frgp13,impostor,13,right,2351,2383,B,0,0,1000,500,0.353,qwen3vl,similarity_score,2026-07-06T23:18:27
I_2351_2384_frgp13,impostor,13,right,2351,2384,B,0,0,1000,500,0.355,qwen3vl,similarity_score,2026-07-06T23:18:28
I_2351_2386_frgp13,impostor,13,right,2351,2386,B,0,0,1000,500,0.353,qwen3vl,similarity_score,2026-07-06T23:18:28
I_2351_2388_frgp13,impostor,13,right,2351,2388,B,0,0,1000,500,0.353,qwen3vl,similarity_score,2026-07-06T23:18:28
I_2351_2391_frgp13,impostor,13,right,2351,2391,B,65,65,1000,500,0.369,qwen3vl,similarity_score,2026-07-06T23:18:29
I_2351_2392_frgp13,impostor,13,right,2351,2392,B,65,65,1000,500,0.374,qwen3vl,similarity_score,2026-07-06T23:18:29
I_2351_2394_frgp13,impostor,13,right,2351,2394,B,65,65,1000,500,0.369,qwen3vl,similarity_score,2026-07-06T23:18:30
I_2351_2395_frgp13,impostor,13,right,2351,2395,B,0,0,1000,500,0.351,qwen3vl,similarity_score,2026-07-06T23:18:30
I_2351_2396_frgp13,impostor,13,right,2351,2396,B,0,0,1000,500,0.358,qwen3vl,similarity_score,2026-07-06T23:18:30
I_2351_2398_frgp13,impostor,13,right,2351,2398,B,0,0,1000,500,0.357,qwen3vl,similarity_score,2026-07-06T23:18:31
I_2351_2399_frgp13,impostor,13,right,2351,2399,B,0,0,1000,500,0.357,qwen3vl,similarity_score,2026-07-06T23:18:31
I_2351_2401_frgp13,impostor,13,right,2351,2401,B,0,0,1000,500,0.361,qwen3vl,similarity_score,2026-07-06T23:18:31
I_2351_2402_frgp13,impostor,13,right,2351,2402,B,0,0,1000,500,0.356,qwen3vl,similarity_score,2026-07-06T23:18:32
I_2351_2403_frgp13,impostor,13,right,2351,2403,B,0,0,1000,500,0.354,qwen3vl,similarity_score,2026-07-06T23:18:32
I_2351_2405_frgp13,impostor,13,right,2351,2405,B,65,65,1000,500,0.373,qwen3vl,similarity_score,2026-07-06T23:18:32
I_2351_2406_frgp13,impostor,13,right,2351,2406,B,0,0,1000,500,0.354,qwen3vl,similarity_score,2026-07-06T23:18:33
I_2351_2407_frgp13,impostor,13,right,2351,2407,B,0,0,1000,500,0.354,qwen3vl,similarity_score,2026-07-06T23:18:33
I_2351_2408_frgp13,impostor,13,right,2351,2408,B,65,65,1000,500,0.371,qwen3vl,similarity_score,2026-07-06T23:18:33
I_2351_2409_frgp13,impostor,13,right,2351,2409,B,65,65,1000,500,0.372,qwen3vl,similarity_score,2026-07-06T23:18:34
I_2351_2412_frgp13,impostor,13,right,2351,2412,B,0,0,1000,500,0.358,qwen3vl,similarity_score,2026-07-06T23:18:34
I_2351_2413_frgp13,impostor,13,right,2351,2413,B,0,0,1000,500,0.357,qwen3vl,similarity_score,2026-07-06T23:18:35
I_2351_2415_frgp13,impostor,13,right,2351,2415,B,0,0,1000,500,0.354,qwen3vl,similarity_score,2026-07-06T23:18:35
I_2351_2418_frgp13,impostor,13,right,2351,2418,B,0,0,1000,500,0.354,qwen3vl,similarity_score,2026-07-06T23:18:35
I_2351_2423_frgp13,impostor,13,right,2351,2423,B,65,65,1000,500,0.371,qwen3vl,similarity_score,2026-07-06T23:18:36
I_2351_2424_frgp13,impostor,13,right,2351,2424,B,65,65,1000,500,0.368,qwen3vl,similarity_score,2026-07-06T23:18:36
I_2351_2425_frgp13,impostor,13,right,2351,2425,B,0,0,1000,500,0.356,qwen3vl,similarity_score,2026-07-06T23:18:36
I_2351_2426_frgp13,impostor,13,right,2351,2426,B,0,0,1000,500,0.354,qwen3vl,similarity_score,2026-07-06T23:18:37
I_2351_2428_frgp13,impostor,13,right,2351,2428,B,0,0,1000,500,0.359,qwen3vl,similarity_score,2026-07-06T23:18:37
I_2351_2440_frgp13,impostor,13,right,2351,2440,B,65,65,1000,500,0.404,qwen3vl,similarity_score,2026-07-06T23:18:38
I_2351_2447_frgp13,impostor,13,right,2351,2447,B,65,65,1000,500,0.406,qwen3vl,similarity_score,2026-07-06T23:18:38
I_2351_2455_frgp13,impostor,13,right,2351,2455,B,0,0,1000,500,0.382,qwen3vl,similarity_score,2026-07-06T23:18:38
I_2351_2462_frgp13,impostor,13,right,2351,2462,B,65,65,1000,500,0.405,qwen3vl,similarity_score,2026-07-06T23:18:39
I_2351_2463_frgp13,impostor,13,right,2351,2463,B,0,0,1000,500,0.377,qwen3vl,similarity_score,2026-07-06T23:18:39
I_2351_2481_frgp13,impostor,13,right,2351,2481,B,0,0,1000,500,0.356,qwen3vl,similarity_score,2026-07-06T23:18:39
I_2352_2353_frgp13,impostor,13,right,2352,2353,B,65,65,1000,500,0.379,qwen3vl,similarity_score,2026-07-06T23:18:40
I_2352_2355_frgp13,impostor,13,right,2352,2355,B,65,65,1000,500,0.379,qwen3vl,similarity_score,2026-07-06T23:18:40
I_2352_2356_frgp13,impostor,13,right,2352,2356,B,65,65,1000,500,0.377,qwen3vl,similarity_score,2026-07-06T23:18:41
I_2352_2357_frgp13,impostor,13,right,2352,2357,B,65,65,1000,500,0.38,qwen3vl,similarity_score,2026-07-06T23:18:41
I_2352_2358_frgp13,impostor,13,right,2352,2358,B,65,65,1000,500,0.378,qwen3vl,similarity_score,2026-07-06T23:18:41
I_2352_2359_frgp13,impostor,13,right,2352,2359,B,65,65,1000,500,0.382,qwen3vl,similarity_score,2026-07-06T23:18:42
I_2352_2360_frgp13,impostor,13,right,2352,2360,B,65,65,1000,500,0.377,qwen3vl,similarity_score,2026-07-06T23:18:42
I_2352_2362_frgp13,impostor,13,right,2352,2362,B,65,65,1000,500,0.378,qwen3vl,similarity_score,2026-07-06T23:18:42
I_2352_2364_frgp13,impostor,13,right,2352,2364,B,65,65,1000,500,0.375,qwen3vl,similarity_score,2026-07-06T23:18:43
I_2352_2367_frgp13,impostor,13,right,2352,2367,B,85,85,1000,500,0.378,qwen3vl,similarity_score,2026-07-06T23:18:43
I_2352_2368_frgp13,impostor,13,right,2352,2368,B,85,85,1000,500,0.378,qwen3vl,similarity_score,2026-07-06T23:18:44
I_2352_2369_frgp13,impostor,13,right,2352,2369,B,85,85,1000,500,0.379,qwen3vl,similarity_score,2026-07-06T23:18:44
I_2352_2370_frgp13,impostor,13,right,2352,2370,B,65,65,1000,500,0.378,qwen3vl,similarity_score,2026-07-06T23:18:44
I_2352_2371_frgp13,impostor,13,right,2352,2371,B,65,65,1000,500,0.381,qwen3vl,similarity_score,2026-07-06T23:18:45
I_2352_2372_frgp13,impostor,13,right,2352,2372,B,65,65,1000,500,0.374,qwen3vl,similarity_score,2026-07-06T23:18:45
I_2352_2373_frgp13,impostor,13,right,2352,2373,B,85,85,1000,500,0.378,qwen3vl,similarity_score,2026-07-06T23:18:45
I_2352_2374_frgp13,impostor,13,right,2352,2374,B,65,65,1000,500,0.378,qwen3vl,similarity_score,2026-07-06T23:18:46
I_2352_2375_frgp13,impostor,13,right,2352,2375,B,65,65,1000,500,0.375,qwen3vl,similarity_score,2026-07-06T23:18:46
I_2352_2376_frgp13,impostor,13,right,2352,2376,B,65,65,1000,500,0.379,qwen3vl,similarity_score,2026-07-06T23:18:47
I_2352_2379_frgp13,impostor,13,right,2352,2379,B,65,65,1000,500,0.379,qwen3vl,similarity_score,2026-07-06T23:18:47
I_2352_2380_frgp13,impostor,13,right,2352,2380,B,65,65,1000,500,0.376,qwen3vl,similarity_score,2026-07-06T23:18:47
I_2352_2381_frgp13,impostor,13,right,2352,2381,B,65,65,1000,500,0.378,qwen3vl,similarity_score,2026-07-06T23:18:48
I_2352_2383_frgp13,impostor,13,right,2352,2383,B,65,65,1000,500,0.375,qwen3vl,similarity_score,2026-07-06T23:18:48
I_2352_2384_frgp13,impostor,13,right,2352,2384,B,65,65,1000,500,0.379,qwen3vl,similarity_score,2026-07-06T23:18:49
I_2352_2386_frgp13,impostor,13,right,2352,2386,B,65,65,1000,500,0.383,qwen3vl,similarity_score,2026-07-06T23:18:49
I_2352_2388_frgp13,impostor,13,right,2352,2388,B,65,65,1000,500,0.386,qwen3vl,similarity_score,2026-07-06T23:18:49
I_2352_2391_frgp13,impostor,13,right,2352,2391,B,85,85,1000,500,0.385,qwen3vl,similarity_score,2026-07-06T23:18:50
I_2352_2392_frgp13,impostor,13,right,2352,2392,B,85,85,1000,500,0.384,qwen3vl,similarity_score,2026-07-06T23:18:50
I_2352_2394_frgp13,impostor,13,right,2352,2394,B,65,65,1000,500,0.383,qwen3vl,similarity_score,2026-07-06T23:18:50
I_2352_2395_frgp13,impostor,13,right,2352,2395,B,65,65,1000,500,0.382,qwen3vl,similarity_score,2026-07-06T23:18:51
I_2352_2396_frgp13,impostor,13,right,2352,2396,B,65,65,1000,500,0.382,qwen3vl,similarity_score,2026-07-06T23:18:51
I_2352_2398_frgp13,impostor,13,right,2352,2398,B,85,85,1000,500,0.381,qwen3vl,similarity_score,2026-07-06T23:18:52
I_2352_2399_frgp13,impostor,13,right,2352,2399,B,85,85,1000,500,0.383,qwen3vl,similarity_score,2026-07-06T23:18:52
I_2352_2401_frgp13,impostor,13,right,2352,2401,B,65,65,1000,500,0.385,qwen3vl,similarity_score,2026-07-06T23:18:52
I_2352_2402_frgp13,impostor,13,right,2352,2402,B,85,85,1000,500,0.381,qwen3vl,similarity_score,2026-07-06T23:18:53
I_2352_2403_frgp13,impostor,13,right,2352,2403,B,65,65,1000,500,0.376,qwen3vl,similarity_score,2026-07-06T23:18:53
I_2352_2405_frgp13,impostor,13,right,2352,2405,B,65,65,1000,500,0.377,qwen3vl,similarity_score,2026-07-06T23:18:53
I_2352_2406_frgp13,impostor,13,right,2352,2406,B,65,65,1000,500,0.382,qwen3vl,similarity_score,2026-07-06T23:18:54
I_2352_2407_frgp13,impostor,13,right,2352,2407,B,85,85,1000,500,0.383,qwen3vl,similarity_score,2026-07-06T23:18:54
I_2352_2408_frgp13,impostor,13,right,2352,2408,B,65,65,1000,500,0.381,qwen3vl,similarity_score,2026-07-06T23:18:55
I_2352_2409_frgp13,impostor,13,right,2352,2409,B,65,65,1000,500,0.38,qwen3vl,similarity_score,2026-07-06T23:18:55
I_2352_2412_frgp13,impostor,13,right,2352,2412,B,65,65,1000,500,0.378,qwen3vl,similarity_score,2026-07-06T23:18:55
I_2352_2413_frgp13,impostor,13,right,2352,2413,B,65,65,1000,500,0.382,qwen3vl,similarity_score,2026-07-06T23:18:56
I_2352_2415_frgp13,impostor,13,right,2352,2415,B,85,85,1000,500,0.382,qwen3vl,similarity_score,2026-07-06T23:18:56
I_2352_2418_frgp13,impostor,13,right,2352,2418,B,85,85,1000,500,0.381,qwen3vl,similarity_score,2026-07-06T23:18:57
I_2352_2423_frgp13,impostor,13,right,2352,2423,B,65,65,1000,500,0.381,qwen3vl,similarity_score,2026-07-06T23:18:57
I_2352_2424_frgp13,impostor,13,right,2352,2424,B,65,65,1000,500,0.378,qwen3vl,similarity_score,2026-07-06T23:18:57
I_2352_2425_frgp13,impostor,13,right,2352,2425,B,65,65,1000,500,0.382,qwen3vl,similarity_score,2026-07-06T23:18:58
I_2352_2426_frgp13,impostor,13,right,2352,2426,B,85,85,1000,500,0.38,qwen3vl,similarity_score,2026-07-06T23:18:58
I_2352_2428_frgp13,impostor,13,right,2352,2428,B,65,65,1000,500,0.377,qwen3vl,similarity_score,2026-07-06T23:18:58
I_2352_2440_frgp13,impostor,13,right,2352,2440,B,65,65,1000,500,0.375,qwen3vl,similarity_score,2026-07-06T23:18:59
I_2352_2447_frgp13,impostor,13,right,2352,2447,B,65,65,1000,500,0.38,qwen3vl,similarity_score,2026-07-06T23:18:59
I_2352_2455_frgp13,impostor,13,right,2352,2455,B,65,65,1000,500,0.393,qwen3vl,similarity_score,2026-07-06T23:19:00
I_2352_2462_frgp13,impostor,13,right,2352,2462,B,65,65,1000,500,0.412,qwen3vl,similarity_score,2026-07-06T23:19:00
I_2352_2463_frgp13,impostor,13,right,2352,2463,B,65,65,1000,500,0.413,qwen3vl,similarity_score,2026-07-06T23:19:00
I_2352_2481_frgp13,impostor,13,right,2352,2481,B,65,65,1000,500,0.39,qwen3vl,similarity_score,2026-07-06T23:19:01
I_2353_2355_frgp13,impostor,13,right,2353,2355,B,85,85,1000,500,0.372,qwen3vl,similarity_score,2026-07-06T23:19:01
I_2353_2356_frgp13,impostor,13,right,2353,2356,B,65,65,1000,500,0.378,qwen3vl,similarity_score,2026-07-06T23:19:02
I_2353_2357_frgp13,impostor,13,right,2353,2357,B,65,65,1000,500,0.377,qwen3vl,similarity_score,2026-07-06T23:19:02
I_2353_2358_frgp13,impostor,13,right,2353,2358,B,0,0,1000,500,0.354,qwen3vl,similarity_score,2026-07-06T23:19:02
I_2353_2359_frgp13,impostor,13,right,2353,2359,B,65,65,1000,500,0.372,qwen3vl,similarity_score,2026-07-06T23:19:03
I_2353_2360_frgp13,impostor,13,right,2353,2360,B,65,65,1000,500,0.372,qwen3vl,similarity_score,2026-07-06T23:19:03
I_2353_2362_frgp13,impostor,13,right,2353,2362,B,65,65,1000,500,0.376,qwen3vl,similarity_score,2026-07-06T23:19:03
I_2353_2364_frgp13,impostor,13,right,2353,2364,B,65,65,1000,500,0.371,qwen3vl,similarity_score,2026-07-06T23:19:04
I_2353_2367_frgp13,impostor,13,right,2353,2367,B,65,65,1000,500,0.372,qwen3vl,similarity_score,2026-07-06T23:19:04
I_2353_2368_frgp13,impostor,13,right,2353,2368,B,0,0,1000,500,0.36,qwen3vl,similarity_score,2026-07-06T23:19:04
I_2353_2369_frgp13,impostor,13,right,2353,2369,B,85,85,1000,500,0.375,qwen3vl,similarity_score,2026-07-06T23:19:05
I_2353_2370_frgp13,impostor,13,right,2353,2370,B,65,65,1000,500,0.376,qwen3vl,similarity_score,2026-07-06T23:19:05
I_2353_2371_frgp13,impostor,13,right,2353,2371,B,65,65,1000,500,0.377,qwen3vl,similarity_score,2026-07-06T23:19:06
I_2353_2372_frgp13,impostor,13,right,2353,2372,B,65,65,1000,500,0.375,qwen3vl,similarity_score,2026-07-06T23:19:06
I_2353_2373_frgp13,impostor,13,right,2353,2373,B,65,65,1000,500,0.375,qwen3vl,similarity_score,2026-07-06T23:19:06
I_2353_2374_frgp13,impostor,13,right,2353,2374,B,65,65,1000,500,0.375,qwen3vl,similarity_score,2026-07-06T23:19:07
I_2353_2375_frgp13,impostor,13,right,2353,2375,B,65,65,1000,500,0.374,qwen3vl,similarity_score,2026-07-06T23:19:07
I_2353_2376_frgp13,impostor,13,right,2353,2376,B,65,65,1000,500,0.375,qwen3vl,similarity_score,2026-07-06T23:19:07
I_2353_2379_frgp13,impostor,13,right,2353,2379,B,65,65,1000,500,0.374,qwen3vl,similarity_score,2026-07-06T23:19:08
I_2353_2380_frgp13,impostor,13,right,2353,2380,B,65,65,1000,500,0.376,qwen3vl,similarity_score,2026-07-06T23:19:08
I_2353_2381_frgp13,impostor,13,right,2353,2381,B,65,65,1000,500,0.377,qwen3vl,similarity_score,2026-07-06T23:19:09
I_2353_2383_frgp13,impostor,13,right,2353,2383,B,65,65,1000,500,0.372,qwen3vl,similarity_score,2026-07-06T23:19:09
I_2353_2384_frgp13,impostor,13,right,2353,2384,B,65,65,1000,500,0.374,qwen3vl,similarity_score,2026-07-06T23:19:09
I_2353_2386_frgp13,impostor,13,right,2353,2386,B,0,0,1000,500,0.358,qwen3vl,similarity_score,2026-07-06T23:19:10
I_2353_2388_frgp13,impostor,13,right,2353,2388,B,65,65,1000,500,0.375,qwen3vl,similarity_score,2026-07-06T23:19:10
I_2353_2391_frgp13,impostor,13,right,2353,2391,B,65,65,1000,500,0.376,qwen3vl,similarity_score,2026-07-06T23:19:10
I_2353_2392_frgp13,impostor,13,right,2353,2392,B,65,65,1000,500,0.375,qwen3vl,similarity_score,2026-07-06T23:19:11
I_2353_2394_frgp13,impostor,13,right,2353,2394,B,65,65,1000,500,0.376,qwen3vl,similarity_score,2026-07-06T23:19:11
I_2353_2395_frgp13,impostor,13,right,2353,2395,B,65,65,1000,500,0.377,qwen3vl,similarity_score,2026-07-06T23:19:12
I_2353_2396_frgp13,impostor,13,right,2353,2396,B,65,65,1000,500,0.377,qwen3vl,similarity_score,2026-07-06T23:19:12
I_2353_2398_frgp13,impostor,13,right,2353,2398,B,65,65,1000,500,0.378,qwen3vl,similarity_score,2026-07-06T23:19:12
I_2353_2399_frgp13,impostor,13,right,2353,2399,B,65,65,1000,500,0.38,qwen3vl,similarity_score,2026-07-06T23:19:13
I_2353_2401_frgp13,impostor,13,right,2353,2401,B,65,65,1000,500,0.377,qwen3vl,similarity_score,2026-07-06T23:19:13
I_2353_2402_frgp13,impostor,13,right,2353,2402,B,65,65,1000,500,0.378,qwen3vl,similarity_score,2026-07-06T23:19:13
I_2353_2403_frgp13,impostor,13,right,2353,2403,B,65,65,1000,500,0.378,qwen3vl,similarity_score,2026-07-06T23:19:14
I_2353_2405_frgp13,impostor,13,right,2353,2405,B,65,65,1000,500,0.378,qwen3vl,similarity_score,2026-07-06T23:19:14
I_2353_2406_frgp13,impostor,13,right,2353,2406,B,65,65,1000,500,0.378,qwen3vl,similarity_score,2026-07-06T23:19:15
I_2353_2407_frgp13,impostor,13,right,2353,2407,B,65,65,1000,500,0.377,qwen3vl,similarity_score,2026-07-06T23:19:15
I_2353_2408_frgp13,impostor,13,right,2353,2408,B,65,65,1000,500,0.374,qwen3vl,similarity_score,2026-07-06T23:19:15
I_2353_2409_frgp13,impostor,13,right,2353,2409,B,65,65,1000,500,0.377,qwen3vl,similarity_score,2026-07-06T23:19:16
I_2353_2412_frgp13,impostor,13,right,2353,2412,B,65,65,1000,500,0.376,qwen3vl,similarity_score,2026-07-06T23:19:16
I_2353_2413_frgp13,impostor,13,right,2353,2413,B,65,65,1000,500,0.377,qwen3vl,similarity_score,2026-07-06T23:19:17
I_2353_2415_frgp13,impostor,13,right,2353,2415,B,65,65,1000,500,0.375,qwen3vl,similarity_score,2026-07-06T23:19:17
I_2353_2418_frgp13,impostor,13,right,2353,2418,B,65,65,1000,500,0.375,qwen3vl,similarity_score,2026-07-06T23:19:17
I_2353_2423_frgp13,impostor,13,right,2353,2423,B,65,65,1000,500,0.376,qwen3vl,similarity_score,2026-07-06T23:19:18
I_2353_2424_frgp13,impostor,13,right,2353,2424,B,65,65,1000,500,0.376,qwen3vl,similarity_score,2026-07-06T23:19:18
I_2353_2425_frgp13,impostor,13,right,2353,2425,B,65,65,1000,500,0.378,qwen3vl,similarity_score,2026-07-06T23:19:18
I_2353_2426_frgp13,impostor,13,right,2353,2426,B,65,65,1000,500,0.379,qwen3vl,similarity_score,2026-07-06T23:19:19
I_2353_2428_frgp13,impostor,13,right,2353,2428,B,85,85,1000,500,0.379,qwen3vl,similarity_score,2026-07-06T23:19:19
I_2353_2440_frgp13,impostor,13,right,2353,2440,B,65,65,1000,500,0.377,qwen3vl,similarity_score,2026-07-06T23:19:20
I_2353_2447_frgp13,impostor,13,right,2353,2447,B,65,65,1000,500,0.378,qwen3vl,similarity_score,2026-07-06T23:19:20
I_2353_2455_frgp13,impostor,13,right,2353,2455,B,0,0,1000,500,0.359,qwen3vl,similarity_score,2026-07-06T23:19:20
I_2353_2462_frgp13,impostor,13,right,2353,2462,B,65,65,1000,500,0.377,qwen3vl,similarity_score,2026-07-06T23:19:21
I_2353_2463_frgp13,impostor,13,right,2353,2463,B,65,65,1000,500,0.378,qwen3vl,similarity_score,2026-07-06T23:19:21
I_2353_2481_frgp13,impostor,13,right,2353,2481,B,65,65,1000,500,0.378,qwen3vl,similarity_score,2026-07-06T23:19:21
I_2355_2356_frgp13,impostor,13,right,2355,2356,B,65,65,1000,500,0.379,qwen3vl,similarity_score,2026-07-06T23:19:22
I_2355_2357_frgp13,impostor,13,right,2355,2357,B,65,65,1000,500,0.379,qwen3vl,similarity_score,2026-07-06T23:19:22
I_2355_2358_frgp13,impostor,13,right,2355,2358,B,0,0,1000,500,0.36,qwen3vl,similarity_score,2026-07-06T23:19:23
I_2355_2359_frgp13,impostor,13,right,2355,2359,B,65,65,1000,500,0.384,qwen3vl,similarity_score,2026-07-06T23:19:23
I_2355_2360_frgp13,impostor,13,right,2355,2360,B,85,85,1000,500,0.378,qwen3vl,similarity_score,2026-07-06T23:19:23
I_2355_2362_frgp13,impostor,13,right,2355,2362,B,65,65,1000,500,0.39,qwen3vl,similarity_score,2026-07-06T23:19:24
I_2355_2364_frgp13,impostor,13,right,2355,2364,B,65,65,1000,500,0.407,qwen3vl,similarity_score,2026-07-06T23:19:24
I_2355_2367_frgp13,impostor,13,right,2355,2367,B,0,0,1000,500,0.387,qwen3vl,similarity_score,2026-07-06T23:19:24
I_2355_2368_frgp13,impostor,13,right,2355,2368,B,65,65,1000,500,0.408,qwen3vl,similarity_score,2026-07-06T23:19:25
I_2355_2369_frgp13,impostor,13,right,2355,2369,B,85,85,1000,500,0.411,qwen3vl,similarity_score,2026-07-06T23:19:25
I_2355_2370_frgp13,impostor,13,right,2355,2370,B,0,0,1000,500,0.38,qwen3vl,similarity_score,2026-07-06T23:19:26
I_2355_2371_frgp13,impostor,13,right,2355,2371,B,65,65,1000,500,0.383,qwen3vl,similarity_score,2026-07-06T23:19:26
I_2355_2372_frgp13,impostor,13,right,2355,2372,B,65,65,1000,500,0.379,qwen3vl,similarity_score,2026-07-06T23:19:26
I_2355_2373_frgp13,impostor,13,right,2355,2373,B,0,0,1000,500,0.361,qwen3vl,similarity_score,2026-07-06T23:19:27
I_2355_2374_frgp13,impostor,13,right,2355,2374,B,65,65,1000,500,0.374,qwen3vl,similarity_score,2026-07-06T23:19:27
I_2355_2375_frgp13,impostor,13,right,2355,2375,B,65,65,1000,500,0.378,qwen3vl,similarity_score,2026-07-06T23:19:28
I_2355_2376_frgp13,impostor,13,right,2355,2376,B,65,65,1000,500,0.376,qwen3vl,similarity_score,2026-07-06T23:19:28
I_2355_2379_frgp13,impostor,13,right,2355,2379,B,65,65,1000,500,0.374,qwen3vl,similarity_score,2026-07-06T23:19:28
I_2355_2380_frgp13,impostor,13,right,2355,2380,B,65,65,1000,500,0.384,qwen3vl,similarity_score,2026-07-06T23:19:29
I_2355_2381_frgp13,impostor,13,right,2355,2381,B,0,0,1000,500,0.361,qwen3vl,similarity_score,2026-07-06T23:19:29
I_2355_2383_frgp13,impostor,13,right,2355,2383,B,65,65,1000,500,0.377,qwen3vl,similarity_score,2026-07-06T23:19:29
I_2355_2384_frgp13,impostor,13,right,2355,2384,B,65,65,1000,500,0.376,qwen3vl,similarity_score,2026-07-06T23:19:30
I_2355_2386_frgp13,impostor,13,right,2355,2386,B,0,0,1000,500,0.357,qwen3vl,similarity_score,2026-07-06T23:19:30
I_2355_2388_frgp13,impostor,13,right,2355,2388,B,65,65,1000,500,0.374,qwen3vl,similarity_score,2026-07-06T23:19:31
I_2355_2391_frgp13,impostor,13,right,2355,2391,B,65,65,1000,500,0.376,qwen3vl,similarity_score,2026-07-06T23:19:31
I_2355_2392_frgp13,impostor,13,right,2355,2392,B,85,85,1000,500,0.375,qwen3vl,similarity_score,2026-07-06T23:19:31
I_2355_2394_frgp13,impostor,13,right,2355,2394,B,65,65,1000,500,0.376,qwen3vl,similarity_score,2026-07-06T23:19:32
I_2355_2395_frgp13,impostor,13,right,2355,2395,B,85,85,1000,500,0.374,qwen3vl,similarity_score,2026-07-06T23:19:32
I_2355_2396_frgp13,impostor,13,right,2355,2396,B,0,0,1000,500,0.36,qwen3vl,similarity_score,2026-07-06T23:19:32
I_2355_2398_frgp13,impostor,13,right,2355,2398,B,65,65,1000,500,0.377,qwen3vl,similarity_score,2026-07-06T23:19:33
I_2355_2399_frgp13,impostor,13,right,2355,2399,B,65,65,1000,500,0.375,qwen3vl,similarity_score,2026-07-06T23:19:33
I_2355_2401_frgp13,impostor,13,right,2355,2401,B,65,65,1000,500,0.376,qwen3vl,similarity_score,2026-07-06T23:19:33
I_2355_2402_frgp13,impostor,13,right,2355,2402,B,65,65,1000,500,0.377,qwen3vl,similarity_score,2026-07-06T23:19:34
I_2355_2403_frgp13,impostor,13,right,2355,2403,B,65,65,1000,500,0.373,qwen3vl,similarity_score,2026-07-06T23:19:34
I_2355_2405_frgp13,impostor,13,right,2355,2405,B,65,65,1000,500,0.375,qwen3vl,similarity_score,2026-07-06T23:19:35
I_2355_2406_frgp13,impostor,13,right,2355,2406,B,0,0,1000,500,0.356,qwen3vl,similarity_score,2026-07-06T23:19:35
I_2355_2407_frgp13,impostor,13,right,2355,2407,B,0,0,1000,500,0.357,qwen3vl,similarity_score,2026-07-06T23:19:35
I_2355_2408_frgp13,impostor,13,right,2355,2408,B,65,65,1000,500,0.406,qwen3vl,similarity_score,2026-07-06T23:19:36
I_2355_2409_frgp13,impostor,13,right,2355,2409,B,85,85,1000,500,0.376,qwen3vl,similarity_score,2026-07-06T23:19:36
I_2355_2412_frgp13,impostor,13,right,2355,2412,B,65,65,1000,500,0.382,qwen3vl,similarity_score,2026-07-06T23:19:37
I_2355_2413_frgp13,impostor,13,right,2355,2413,B,65,65,1000,500,0.384,qwen3vl,similarity_score,2026-07-06T23:19:37
I_2355_2415_frgp13,impostor,13,right,2355,2415,B,65,65,1000,500,0.378,qwen3vl,similarity_score,2026-07-06T23:19:37
I_2355_2418_frgp13,impostor,13,right,2355,2418,B,65,65,1000,500,0.385,qwen3vl,similarity_score,2026-07-06T23:19:38
I_2355_2423_frgp13,impostor,13,right,2355,2423,B,85,85,1000,500,0.38,qwen3vl,similarity_score,2026-07-06T23:19:38
I_2355_2424_frgp13,impostor,13,right,2355,2424,B,65,65,1000,500,0.38,qwen3vl,similarity_score,2026-07-06T23:19:38
I_2355_2425_frgp13,impostor,13,right,2355,2425,B,65,65,1000,500,0.379,qwen3vl,similarity_score,2026-07-06T23:19:39
I_2355_2426_frgp13,impostor,13,right,2355,2426,B,65,65,1000,500,0.382,qwen3vl,similarity_score,2026-07-06T23:19:39
I_2355_2428_frgp13,impostor,13,right,2355,2428,B,65,65,1000,500,0.379,qwen3vl,similarity_score,2026-07-06T23:19:40
I_2355_2440_frgp13,impostor,13,right,2355,2440,B,85,85,1000,500,0.381,qwen3vl,similarity_score,2026-07-06T23:19:40
I_2355_2447_frgp13,impostor,13,right,2355,2447,B,65,65,1000,500,0.377,qwen3vl,similarity_score,2026-07-06T23:19:40
I_2355_2455_frgp13,impostor,13,right,2355,2455,B,0,0,1000,500,0.36,qwen3vl,similarity_score,2026-07-06T23:19:41
I_2355_2462_frgp13,impostor,13,right,2355,2462,B,65,65,1000,500,0.373,qwen3vl,similarity_score,2026-07-06T23:19:41
I_2355_2463_frgp13,impostor,13,right,2355,2463,B,65,65,1000,500,0.373,qwen3vl,similarity_score,2026-07-06T23:19:41
I_2355_2481_frgp13,impostor,13,right,2355,2481,B,0,0,1000,500,0.356,qwen3vl,similarity_score,2026-07-06T23:19:42
I_2356_2357_frgp13,impostor,13,right,2356,2357,B,65,65,1000,500,0.374,qwen3vl,similarity_score,2026-07-06T23:19:42
I_2356_2358_frgp13,impostor,13,right,2356,2358,B,65,65,1000,500,0.375,qwen3vl,similarity_score,2026-07-06T23:19:43
I_2356_2359_frgp13,impostor,13,right,2356,2359,B,65,65,1000,500,0.375,qwen3vl,similarity_score,2026-07-06T23:19:43
I_2356_2360_frgp13,impostor,13,right,2356,2360,B,65,65,1000,500,0.372,qwen3vl,similarity_score,2026-07-06T23:19:43
I_2356_2362_frgp13,impostor,13,right,2356,2362,B,65,65,1000,500,0.374,qwen3vl,similarity_score,2026-07-06T23:19:44
I_2356_2364_frgp13,impostor,13,right,2356,2364,B,65,65,1000,500,0.372,qwen3vl,similarity_score,2026-07-06T23:19:44
I_2356_2367_frgp13,impostor,13,right,2356,2367,B,65,65,1000,500,0.38,qwen3vl,similarity_score,2026-07-06T23:19:44
I_2356_2368_frgp13,impostor,13,right,2356,2368,B,65,65,1000,500,0.376,qwen3vl,similarity_score,2026-07-06T23:19:45
I_2356_2369_frgp13,impostor,13,right,2356,2369,B,85,85,1000,500,0.373,qwen3vl,similarity_score,2026-07-06T23:19:45
I_2356_2370_frgp13,impostor,13,right,2356,2370,B,65,65,1000,500,0.373,qwen3vl,similarity_score,2026-07-06T23:19:46
I_2356_2371_frgp13,impostor,13,right,2356,2371,B,85,85,1000,500,0.372,qwen3vl,similarity_score,2026-07-06T23:19:46
I_2356_2372_frgp13,impostor,13,right,2356,2372,B,65,65,1000,500,0.374,qwen3vl,similarity_score,2026-07-06T23:19:46
I_2356_2373_frgp13,impostor,13,right,2356,2373,B,65,65,1000,500,0.376,qwen3vl,similarity_score,2026-07-06T23:19:47
I_2356_2374_frgp13,impostor,13,right,2356,2374,B,65,65,1000,500,0.375,qwen3vl,similarity_score,2026-07-06T23:19:47
I_2356_2375_frgp13,impostor,13,right,2356,2375,B,65,65,1000,500,0.377,qwen3vl,similarity_score,2026-07-06T23:19:47
I_2356_2376_frgp13,impostor,13,right,2356,2376,B,65,65,1000,500,0.376,qwen3vl,similarity_score,2026-07-06T23:19:48
I_2356_2379_frgp13,impostor,13,right,2356,2379,B,65,65,1000,500,0.374,qwen3vl,similarity_score,2026-07-06T23:19:48
I_2356_2380_frgp13,impostor,13,right,2356,2380,B,85,85,1000,500,0.375,qwen3vl,similarity_score,2026-07-06T23:19:49
I_2356_2381_frgp13,impostor,13,right,2356,2381,B,65,65,1000,500,0.389,qwen3vl,similarity_score,2026-07-06T23:19:49
I_2356_2383_frgp13,impostor,13,right,2356,2383,B,85,85,1000,500,0.409,qwen3vl,similarity_score,2026-07-06T23:19:49
I_2356_2384_frgp13,impostor,13,right,2356,2384,B,65,65,1000,500,0.41,qwen3vl,similarity_score,2026-07-06T23:19:50
I_2356_2386_frgp13,impostor,13,right,2356,2386,B,0,0,1000,500,0.388,qwen3vl,similarity_score,2026-07-06T23:19:50
I_2356_2388_frgp13,impostor,13,right,2356,2388,B,65,65,1000,500,0.411,qwen3vl,similarity_score,2026-07-06T23:19:51
I_2356_2391_frgp13,impostor,13,right,2356,2391,B,65,65,1000,500,0.391,qwen3vl,similarity_score,2026-07-06T23:19:51
I_2356_2392_frgp13,impostor,13,right,2356,2392,B,85,85,1000,500,0.376,qwen3vl,similarity_score,2026-07-06T23:19:51
I_2356_2394_frgp13,impostor,13,right,2356,2394,B,65,65,1000,500,0.375,qwen3vl,similarity_score,2026-07-06T23:19:52
I_2356_2395_frgp13,impostor,13,right,2356,2395,B,65,65,1000,500,0.377,qwen3vl,similarity_score,2026-07-06T23:19:52
I_2356_2396_frgp13,impostor,13,right,2356,2396,B,65,65,1000,500,0.379,qwen3vl,similarity_score,2026-07-06T23:19:52
I_2356_2398_frgp13,impostor,13,right,2356,2398,B,65,65,1000,500,0.374,qwen3vl,similarity_score,2026-07-06T23:19:53
I_2356_2399_frgp13,impostor,13,right,2356,2399,B,0,0,1000,500,0.357,qwen3vl,similarity_score,2026-07-06T23:19:53
I_2356_2401_frgp13,impostor,13,right,2356,2401,B,65,65,1000,500,0.376,qwen3vl,similarity_score,2026-07-06T23:19:54
I_2356_2402_frgp13,impostor,13,right,2356,2402,B,65,65,1000,500,0.378,qwen3vl,similarity_score,2026-07-06T23:19:54
I_2356_2403_frgp13,impostor,13,right,2356,2403,B,65,65,1000,500,0.376,qwen3vl,similarity_score,2026-07-06T23:19:54
I_2356_2405_frgp13,impostor,13,right,2356,2405,B,65,65,1000,500,0.376,qwen3vl,similarity_score,2026-07-06T23:19:55
I_2356_2406_frgp13,impostor,13,right,2356,2406,B,65,65,1000,500,0.376,qwen3vl,similarity_score,2026-07-06T23:19:55
I_2356_2407_frgp13,impostor,13,right,2356,2407,B,65,65,1000,500,0.376,qwen3vl,similarity_score,2026-07-06T23:19:55
I_2356_2408_frgp13,impostor,13,right,2356,2408,B,65,65,1000,500,0.374,qwen3vl,similarity_score,2026-07-06T23:19:56
I_2356_2409_frgp13,impostor,13,right,2356,2409,B,85,85,1000,500,0.374,qwen3vl,similarity_score,2026-07-06T23:19:56
I_2356_2412_frgp13,impostor,13,right,2356,2412,B,85,85,1000,500,0.376,qwen3vl,similarity_score,2026-07-06T23:19:57
I_2356_2413_frgp13,impostor,13,right,2356,2413,B,65,65,1000,500,0.374,qwen3vl,similarity_score,2026-07-06T23:19:57
I_2356_2415_frgp13,impostor,13,right,2356,2415,B,65,65,1000,500,0.376,qwen3vl,similarity_score,2026-07-06T23:19:57
I_2356_2418_frgp13,impostor,13,right,2356,2418,B,65,65,1000,500,0.382,qwen3vl,similarity_score,2026-07-06T23:19:58
I_2356_2423_frgp13,impostor,13,right,2356,2423,B,65,65,1000,500,0.375,qwen3vl,similarity_score,2026-07-06T23:19:58
I_2356_2424_frgp13,impostor,13,right,2356,2424,B,85,85,1000,500,0.38,qwen3vl,similarity_score,2026-07-06T23:19:58
I_2356_2425_frgp13,impostor,13,right,2356,2425,B,65,65,1000,500,0.38,qwen3vl,similarity_score,2026-07-06T23:19:59
I_2356_2426_frgp13,impostor,13,right,2356,2426,B,65,65,1000,500,0.377,qwen3vl,similarity_score,2026-07-06T23:19:59
I_2356_2428_frgp13,impostor,13,right,2356,2428,B,65,65,1000,500,0.391,qwen3vl,similarity_score,2026-07-06T23:20:00
I_2356_2440_frgp13,impostor,13,right,2356,2440,B,85,85,1000,500,0.374,qwen3vl,similarity_score,2026-07-06T23:20:00
I_2356_2447_frgp13,impostor,13,right,2356,2447,B,65,65,1000,500,0.375,qwen3vl,similarity_score,2026-07-06T23:20:00
I_2356_2455_frgp13,impostor,13,right,2356,2455,B,0,0,1000,500,0.358,qwen3vl,similarity_score,2026-07-06T23:20:01
I_2356_2462_frgp13,impostor,13,right,2356,2462,B,85,85,1000,500,0.374,qwen3vl,similarity_score,2026-07-06T23:20:01
I_2356_2463_frgp13,impostor,13,right,2356,2463,B,65,65,1000,500,0.376,qwen3vl,similarity_score,2026-07-06T23:20:01
I_2356_2481_frgp13,impostor,13,right,2356,2481,B,65,65,1000,500,0.377,qwen3vl,similarity_score,2026-07-06T23:20:02
I_2357_2358_frgp13,impostor,13,right,2357,2358,B,65,65,1000,500,0.382,qwen3vl,similarity_score,2026-07-06T23:20:02
I_2357_2359_frgp13,impostor,13,right,2357,2359,B,65,65,1000,500,0.384,qwen3vl,similarity_score,2026-07-06T23:20:03
I_2357_2360_frgp13,impostor,13,right,2357,2360,B,65,65,1000,500,0.38,qwen3vl,similarity_score,2026-07-06T23:20:03
I_2357_2362_frgp13,impostor,13,right,2357,2362,B,65,65,1000,500,0.381,qwen3vl,similarity_score,2026-07-06T23:20:03
I_2357_2364_frgp13,impostor,13,right,2357,2364,B,65,65,1000,500,0.381,qwen3vl,similarity_score,2026-07-06T23:20:04
I_2357_2367_frgp13,impostor,13,right,2357,2367,B,85,85,1000,500,0.384,qwen3vl,similarity_score,2026-07-06T23:20:04
I_2357_2368_frgp13,impostor,13,right,2357,2368,B,85,85,1000,500,0.386,qwen3vl,similarity_score,2026-07-06T23:20:04
I_2357_2369_frgp13,impostor,13,right,2357,2369,B,85,85,1000,500,0.38,qwen3vl,similarity_score,2026-07-06T23:20:05
I_2357_2370_frgp13,impostor,13,right,2357,2370,B,65,65,1000,500,0.384,qwen3vl,similarity_score,2026-07-06T23:20:05
I_2357_2371_frgp13,impostor,13,right,2357,2371,B,65,65,1000,500,0.385,qwen3vl,similarity_score,2026-07-06T23:20:06
I_2357_2372_frgp13,impostor,13,right,2357,2372,B,65,65,1000,500,0.384,qwen3vl,similarity_score,2026-07-06T23:20:06
I_2357_2373_frgp13,impostor,13,right,2357,2373,B,65,65,1000,500,0.383,qwen3vl,similarity_score,2026-07-06T23:20:06
I_2357_2374_frgp13,impostor,13,right,2357,2374,B,85,85,1000,500,0.383,qwen3vl,similarity_score,2026-07-06T23:20:07
I_2357_2375_frgp13,impostor,13,right,2357,2375,B,85,85,1000,500,0.381,qwen3vl,similarity_score,2026-07-06T23:20:07
I_2357_2376_frgp13,impostor,13,right,2357,2376,B,85,85,1000,500,0.386,qwen3vl,similarity_score,2026-07-06T23:20:08
I_2357_2379_frgp13,impostor,13,right,2357,2379,B,85,85,1000,500,0.38,qwen3vl,similarity_score,2026-07-06T23:20:08
I_2357_2380_frgp13,impostor,13,right,2357,2380,B,65,65,1000,500,0.379,qwen3vl,similarity_score,2026-07-06T23:20:08
I_2357_2381_frgp13,impostor,13,right,2357,2381,B,65,65,1000,500,0.379,qwen3vl,similarity_score,2026-07-06T23:20:09
I_2357_2383_frgp13,impostor,13,right,2357,2383,B,65,65,1000,500,0.379,qwen3vl,similarity_score,2026-07-06T23:20:09
I_2357_2384_frgp13,impostor,13,right,2357,2384,B,65,65,1000,500,0.38,qwen3vl,similarity_score,2026-07-06T23:20:09
I_2357_2386_frgp13,impostor,13,right,2357,2386,B,65,65,1000,500,0.381,qwen3vl,similarity_score,2026-07-06T23:20:10
I_2357_2388_frgp13,impostor,13,right,2357,2388,B,65,65,1000,500,0.385,qwen3vl,similarity_score,2026-07-06T23:20:10
I_2357_2391_frgp13,impostor,13,right,2357,2391,B,85,85,1000,500,0.385,qwen3vl,similarity_score,2026-07-06T23:20:11
I_2357_2392_frgp13,impostor,13,right,2357,2392,B,85,85,1000,500,0.382,qwen3vl,similarity_score,2026-07-06T23:20:11
I_2357_2394_frgp13,impostor,13,right,2357,2394,B,65,65,1000,500,0.38,qwen3vl,similarity_score,2026-07-06T23:20:11
I_2357_2395_frgp13,impostor,13,right,2357,2395,B,65,65,1000,500,0.382,qwen3vl,similarity_score,2026-07-06T23:20:12
I_2357_2396_frgp13,impostor,13,right,2357,2396,B,65,65,1000,500,0.381,qwen3vl,similarity_score,2026-07-06T23:20:12
I_2357_2398_frgp13,impostor,13,right,2357,2398,B,65,65,1000,500,0.384,qwen3vl,similarity_score,2026-07-06T23:20:12
I_2357_2399_frgp13,impostor,13,right,2357,2399,B,65,65,1000,500,0.383,qwen3vl,similarity_score,2026-07-06T23:20:13
I_2357_2401_frgp13,impostor,13,right,2357,2401,B,65,65,1000,500,0.386,qwen3vl,similarity_score,2026-07-06T23:20:13
I_2357_2402_frgp13,impostor,13,right,2357,2402,B,85,85,1000,500,0.386,qwen3vl,similarity_score,2026-07-06T23:20:14
I_2357_2403_frgp13,impostor,13,right,2357,2403,B,65,65,1000,500,0.382,qwen3vl,similarity_score,2026-07-06T23:20:14
I_2357_2405_frgp13,impostor,13,right,2357,2405,B,65,65,1000,500,0.384,qwen3vl,similarity_score,2026-07-06T23:20:14
I_2357_2406_frgp13,impostor,13,right,2357,2406,B,65,65,1000,500,0.385,qwen3vl,similarity_score,2026-07-06T23:20:15
I_2357_2407_frgp13,impostor,13,right,2357,2407,B,95,95,1000,500,0.386,qwen3vl,similarity_score,2026-07-06T23:20:15
I_2357_2408_frgp13,impostor,13,right,2357,2408,B,85,85,1000,500,0.385,qwen3vl,similarity_score,2026-07-06T23:20:16
I_2357_2409_frgp13,impostor,13,right,2357,2409,B,85,85,1000,500,0.379,qwen3vl,similarity_score,2026-07-06T23:20:16
I_2357_2412_frgp13,impostor,13,right,2357,2412,B,85,85,1000,500,0.382,qwen3vl,similarity_score,2026-07-06T23:20:16
I_2357_2413_frgp13,impostor,13,right,2357,2413,B,85,85,1000,500,0.381,qwen3vl,similarity_score,2026-07-06T23:20:17
I_2357_2415_frgp13,impostor,13,right,2357,2415,B,85,85,1000,500,0.383,qwen3vl,similarity_score,2026-07-06T23:20:17
I_2357_2418_frgp13,impostor,13,right,2357,2418,B,65,65,1000,500,0.384,qwen3vl,similarity_score,2026-07-06T23:20:17
I_2357_2423_frgp13,impostor,13,right,2357,2423,B,65,65,1000,500,0.384,qwen3vl,similarity_score,2026-07-06T23:20:18
I_2357_2424_frgp13,impostor,13,right,2357,2424,B,65,65,1000,500,0.383,qwen3vl,similarity_score,2026-07-06T23:20:18
I_2357_2425_frgp13,impostor,13,right,2357,2425,B,85,85,1000,500,0.381,qwen3vl,similarity_score,2026-07-06T23:20:19
I_2357_2426_frgp13,impostor,13,right,2357,2426,B,65,65,1000,500,0.381,qwen3vl,similarity_score,2026-07-06T23:20:19
I_2357_2428_frgp13,impostor,13,right,2357,2428,B,65,65,1000,500,0.386,qwen3vl,similarity_score,2026-07-06T23:20:19
I_2357_2440_frgp13,impostor,13,right,2357,2440,B,65,65,1000,500,0.383,qwen3vl,similarity_score,2026-07-06T23:20:20
I_2357_2447_frgp13,impostor,13,right,2357,2447,B,65,65,1000,500,0.38,qwen3vl,similarity_score,2026-07-06T23:20:20
I_2357_2455_frgp13,impostor,13,right,2357,2455,B,65,65,1000,500,0.381,qwen3vl,similarity_score,2026-07-06T23:20:21
I_2357_2462_frgp13,impostor,13,right,2357,2462,B,65,65,1000,500,0.379,qwen3vl,similarity_score,2026-07-06T23:20:21
I_2357_2463_frgp13,impostor,13,right,2357,2463,B,65,65,1000,500,0.383,qwen3vl,similarity_score,2026-07-06T23:20:21
I_2357_2481_frgp13,impostor,13,right,2357,2481,B,65,65,1000,500,0.383,qwen3vl,similarity_score,2026-07-06T23:20:22
I_2358_2359_frgp13,impostor,13,right,2358,2359,B,65,65,1000,500,0.376,qwen3vl,similarity_score,2026-07-06T23:20:22
I_2358_2360_frgp13,impostor,13,right,2358,2360,B,65,65,1000,500,0.376,qwen3vl,similarity_score,2026-07-06T23:20:22
I_2358_2362_frgp13,impostor,13,right,2358,2362,B,65,65,1000,500,0.406,qwen3vl,similarity_score,2026-07-06T23:20:23
I_2358_2364_frgp13,impostor,13,right,2358,2364,B,65,65,1000,500,0.407,qwen3vl,similarity_score,2026-07-06T23:20:23
I_2358_2367_frgp13,impostor,13,right,2358,2367,B,65,65,1000,500,0.41,qwen3vl,similarity_score,2026-07-06T23:20:24
I_2358_2368_frgp13,impostor,13,right,2358,2368,B,65,65,1000,500,0.412,qwen3vl,similarity_score,2026-07-06T23:20:24
I_2358_2369_frgp13,impostor,13,right,2358,2369,B,65,65,1000,500,0.4,qwen3vl,similarity_score,2026-07-06T23:20:24
I_2358_2370_frgp13,impostor,13,right,2358,2370,B,65,65,1000,500,0.377,qwen3vl,similarity_score,2026-07-06T23:20:25
I_2358_2371_frgp13,impostor,13,right,2358,2371,B,65,65,1000,500,0.375,qwen3vl,similarity_score,2026-07-06T23:20:25
I_2358_2372_frgp13,impostor,13,right,2358,2372,B,65,65,1000,500,0.374,qwen3vl,similarity_score,2026-07-06T23:20:26
I_2358_2373_frgp13,impostor,13,right,2358,2373,B,65,65,1000,500,0.375,qwen3vl,similarity_score,2026-07-06T23:20:26
I_2358_2374_frgp13,impostor,13,right,2358,2374,B,65,65,1000,500,0.375,qwen3vl,similarity_score,2026-07-06T23:20:26
I_2358_2375_frgp13,impostor,13,right,2358,2375,B,65,65,1000,500,0.379,qwen3vl,similarity_score,2026-07-06T23:20:27
I_2358_2376_frgp13,impostor,13,right,2358,2376,B,65,65,1000,500,0.378,qwen3vl,similarity_score,2026-07-06T23:20:27
I_2358_2379_frgp13,impostor,13,right,2358,2379,B,65,65,1000,500,0.376,qwen3vl,similarity_score,2026-07-06T23:20:27
I_2358_2380_frgp13,impostor,13,right,2358,2380,B,65,65,1000,500,0.375,qwen3vl,similarity_score,2026-07-06T23:20:28
I_2358_2381_frgp13,impostor,13,right,2358,2381,B,65,65,1000,500,0.375,qwen3vl,similarity_score,2026-07-06T23:20:28
I_2358_2383_frgp13,impostor,13,right,2358,2383,B,65,65,1000,500,0.374,qwen3vl,similarity_score,2026-07-06T23:20:29
I_2358_2384_frgp13,impostor,13,right,2358,2384,B,65,65,1000,500,0.374,qwen3vl,similarity_score,2026-07-06T23:20:29
I_2358_2386_frgp13,impostor,13,right,2358,2386,B,65,65,1000,500,0.374,qwen3vl,similarity_score,2026-07-06T23:20:29
I_2358_2388_frgp13,impostor,13,right,2358,2388,B,65,65,1000,500,0.376,qwen3vl,similarity_score,2026-07-06T23:20:30
I_2358_2391_frgp13,impostor,13,right,2358,2391,B,65,65,1000,500,0.374,qwen3vl,similarity_score,2026-07-06T23:20:30
I_2358_2392_frgp13,impostor,13,right,2358,2392,B,65,65,1000,500,0.377,qwen3vl,similarity_score,2026-07-06T23:20:30
I_2358_2394_frgp13,impostor,13,right,2358,2394,B,65,65,1000,500,0.377,qwen3vl,similarity_score,2026-07-06T23:20:31
I_2358_2395_frgp13,impostor,13,right,2358,2395,B,65,65,1000,500,0.375,qwen3vl,similarity_score,2026-07-06T23:20:31
I_2358_2396_frgp13,impostor,13,right,2358,2396,B,65,65,1000,500,0.379,qwen3vl,similarity_score,2026-07-06T23:20:32
I_2358_2398_frgp13,impostor,13,right,2358,2398,B,65,65,1000,500,0.375,qwen3vl,similarity_score,2026-07-06T23:20:32
I_2358_2399_frgp13,impostor,13,right,2358,2399,B,65,65,1000,500,0.378,qwen3vl,similarity_score,2026-07-06T23:20:32
I_2358_2401_frgp13,impostor,13,right,2358,2401,B,65,65,1000,500,0.375,qwen3vl,similarity_score,2026-07-06T23:20:33
I_2358_2402_frgp13,impostor,13,right,2358,2402,B,65,65,1000,500,0.376,qwen3vl,similarity_score,2026-07-06T23:20:33
I_2358_2403_frgp13,impostor,13,right,2358,2403,B,65,65,1000,500,0.377,qwen3vl,similarity_score,2026-07-06T23:20:34
I_2358_2405_frgp13,impostor,13,right,2358,2405,B,65,65,1000,500,0.379,qwen3vl,similarity_score,2026-07-06T23:20:34
I_2358_2406_frgp13,impostor,13,right,2358,2406,B,65,65,1000,500,0.378,qwen3vl,similarity_score,2026-07-06T23:20:34
I_2358_2407_frgp13,impostor,13,right,2358,2407,B,65,65,1000,500,0.376,qwen3vl,similarity_score,2026-07-06T23:20:35
I_2358_2408_frgp13,impostor,13,right,2358,2408,B,65,65,1000,500,0.372,qwen3vl,similarity_score,2026-07-06T23:20:35
I_2358_2409_frgp13,impostor,13,right,2358,2409,B,65,65,1000,500,0.375,qwen3vl,similarity_score,2026-07-06T23:20:35
I_2358_2412_frgp13,impostor,13,right,2358,2412,B,65,65,1000,500,0.377,qwen3vl,similarity_score,2026-07-06T23:20:36
I_2358_2413_frgp13,impostor,13,right,2358,2413,B,65,65,1000,500,0.376,qwen3vl,similarity_score,2026-07-06T23:20:36
I_2358_2415_frgp13,impostor,13,right,2358,2415,B,65,65,1000,500,0.375,qwen3vl,similarity_score,2026-07-06T23:20:37
I_2358_2418_frgp13,impostor,13,right,2358,2418,B,65,65,1000,500,0.378,qwen3vl,similarity_score,2026-07-06T23:20:37
I_2358_2423_frgp13,impostor,13,right,2358,2423,B,65,65,1000,500,0.376,qwen3vl,similarity_score,2026-07-06T23:20:37
I_2358_2424_frgp13,impostor,13,right,2358,2424,B,65,65,1000,500,0.377,qwen3vl,similarity_score,2026-07-06T23:20:38
I_2358_2425_frgp13,impostor,13,right,2358,2425,B,85,85,1000,500,0.376,qwen3vl,similarity_score,2026-07-06T23:20:38
I_2358_2426_frgp13,impostor,13,right,2358,2426,B,65,65,1000,500,0.38,qwen3vl,similarity_score,2026-07-06T23:20:38
I_2358_2428_frgp13,impostor,13,right,2358,2428,B,65,65,1000,500,0.378,qwen3vl,similarity_score,2026-07-06T23:20:39
I_2358_2440_frgp13,impostor,13,right,2358,2440,B,65,65,1000,500,0.374,qwen3vl,similarity_score,2026-07-06T23:20:39
I_2358_2447_frgp13,impostor,13,right,2358,2447,B,65,65,1000,500,0.375,qwen3vl,similarity_score,2026-07-06T23:20:40
I_2358_2455_frgp13,impostor,13,right,2358,2455,B,65,65,1000,500,0.374,qwen3vl,similarity_score,2026-07-06T23:20:40
I_2358_2462_frgp13,impostor,13,right,2358,2462,B,65,65,1000,500,0.375,qwen3vl,similarity_score,2026-07-06T23:20:40
I_2358_2463_frgp13,impostor,13,right,2358,2463,B,65,65,1000,500,0.376,qwen3vl,similarity_score,2026-07-06T23:20:41
I_2358_2481_frgp13,impostor,13,right,2358,2481,B,65,65,1000,500,0.377,qwen3vl,similarity_score,2026-07-06T23:20:41
I_2359_2360_frgp13,impostor,13,right,2359,2360,B,65,65,1000,500,0.381,qwen3vl,similarity_score,2026-07-06T23:20:41
I_2359_2362_frgp13,impostor,13,right,2359,2362,B,65,65,1000,500,0.38,qwen3vl,similarity_score,2026-07-06T23:20:42
I_2359_2364_frgp13,impostor,13,right,2359,2364,B,65,65,1000,500,0.378,qwen3vl,similarity_score,2026-07-06T23:20:42
I_2359_2367_frgp13,impostor,13,right,2359,2367,B,65,65,1000,500,0.38,qwen3vl,similarity_score,2026-07-06T23:20:43
I_2359_2368_frgp13,impostor,13,right,2359,2368,B,65,65,1000,500,0.38,qwen3vl,similarity_score,2026-07-06T23:20:43
I_2359_2369_frgp13,impostor,13,right,2359,2369,B,65,65,1000,500,0.38,qwen3vl,similarity_score,2026-07-06T23:20:43
I_2359_2370_frgp13,impostor,13,right,2359,2370,B,65,65,1000,500,0.382,qwen3vl,similarity_score,2026-07-06T23:20:44
I_2359_2371_frgp13,impostor,13,right,2359,2371,B,65,65,1000,500,0.383,qwen3vl,similarity_score,2026-07-06T23:20:44
I_2359_2372_frgp13,impostor,13,right,2359,2372,B,65,65,1000,500,0.383,qwen3vl,similarity_score,2026-07-06T23:20:44
I_2359_2373_frgp13,impostor,13,right,2359,2373,B,65,65,1000,500,0.384,qwen3vl,similarity_score,2026-07-06T23:20:45
I_2359_2374_frgp13,impostor,13,right,2359,2374,B,65,65,1000,500,0.381,qwen3vl,similarity_score,2026-07-06T23:20:45
I_2359_2375_frgp13,impostor,13,right,2359,2375,B,65,65,1000,500,0.382,qwen3vl,similarity_score,2026-07-06T23:20:46
I_2359_2376_frgp13,impostor,13,right,2359,2376,B,85,85,1000,500,0.38,qwen3vl,similarity_score,2026-07-06T23:20:46
I_2359_2379_frgp13,impostor,13,right,2359,2379,B,65,65,1000,500,0.385,qwen3vl,similarity_score,2026-07-06T23:20:46
I_2359_2380_frgp13,impostor,13,right,2359,2380,B,65,65,1000,500,0.382,qwen3vl,similarity_score,2026-07-06T23:20:47
I_2359_2381_frgp13,impostor,13,right,2359,2381,B,65,65,1000,500,0.38,qwen3vl,similarity_score,2026-07-06T23:20:47
I_2359_2383_frgp13,impostor,13,right,2359,2383,B,65,65,1000,500,0.377,qwen3vl,similarity_score,2026-07-06T23:20:48
I_2359_2384_frgp13,impostor,13,right,2359,2384,B,65,65,1000,500,0.411,qwen3vl,similarity_score,2026-07-06T23:20:48
I_2359_2386_frgp13,impostor,13,right,2359,2386,B,65,65,1000,500,0.416,qwen3vl,similarity_score,2026-07-06T23:20:48
I_2359_2388_frgp13,impostor,13,right,2359,2388,B,65,65,1000,500,0.416,qwen3vl,similarity_score,2026-07-06T23:20:49
I_2359_2391_frgp13,impostor,13,right,2359,2391,B,65,65,1000,500,0.417,qwen3vl,similarity_score,2026-07-06T23:20:49
I_2359_2392_frgp13,impostor,13,right,2359,2392,B,85,85,1000,500,0.404,qwen3vl,similarity_score,2026-07-06T23:20:50
I_2359_2394_frgp13,impostor,13,right,2359,2394,B,65,65,1000,500,0.379,qwen3vl,similarity_score,2026-07-06T23:20:50
I_2359_2395_frgp13,impostor,13,right,2359,2395,B,65,65,1000,500,0.378,qwen3vl,similarity_score,2026-07-06T23:20:50
I_2359_2396_frgp13,impostor,13,right,2359,2396,B,65,65,1000,500,0.381,qwen3vl,similarity_score,2026-07-06T23:20:51
I_2359_2398_frgp13,impostor,13,right,2359,2398,B,65,65,1000,500,0.379,qwen3vl,similarity_score,2026-07-06T23:20:51
I_2359_2399_frgp13,impostor,13,right,2359,2399,B,65,65,1000,500,0.38,qwen3vl,similarity_score,2026-07-06T23:20:51
I_2359_2401_frgp13,impostor,13,right,2359,2401,B,65,65,1000,500,0.381,qwen3vl,similarity_score,2026-07-06T23:20:52
I_2359_2402_frgp13,impostor,13,right,2359,2402,B,65,65,1000,500,0.382,qwen3vl,similarity_score,2026-07-06T23:20:52
I_2359_2403_frgp13,impostor,13,right,2359,2403,B,65,65,1000,500,0.38,qwen3vl,similarity_score,2026-07-06T23:20:53
I_2359_2405_frgp13,impostor,13,right,2359,2405,B,65,65,1000,500,0.378,qwen3vl,similarity_score,2026-07-06T23:20:53
I_2359_2406_frgp13,impostor,13,right,2359,2406,B,65,65,1000,500,0.379,qwen3vl,similarity_score,2026-07-06T23:20:53
I_2359_2407_frgp13,impostor,13,right,2359,2407,B,65,65,1000,500,0.381,qwen3vl,similarity_score,2026-07-06T23:20:54
I_2359_2408_frgp13,impostor,13,right,2359,2408,B,65,65,1000,500,0.38,qwen3vl,similarity_score,2026-07-06T23:20:54
I_2359_2409_frgp13,impostor,13,right,2359,2409,B,85,85,1000,500,0.381,qwen3vl,similarity_score,2026-07-06T23:20:55
I_2359_2412_frgp13,impostor,13,right,2359,2412,B,65,65,1000,500,0.383,qwen3vl,similarity_score,2026-07-06T23:20:55
I_2359_2413_frgp13,impostor,13,right,2359,2413,B,65,65,1000,500,0.385,qwen3vl,similarity_score,2026-07-06T23:20:55
I_2359_2415_frgp13,impostor,13,right,2359,2415,B,65,65,1000,500,0.383,qwen3vl,similarity_score,2026-07-06T23:20:56
I_2359_2418_frgp13,impostor,13,right,2359,2418,B,65,65,1000,500,0.382,qwen3vl,similarity_score,2026-07-06T23:20:56
I_2359_2423_frgp13,impostor,13,right,2359,2423,B,65,65,1000,500,0.38,qwen3vl,similarity_score,2026-07-06T23:20:56
I_2359_2424_frgp13,impostor,13,right,2359,2424,B,65,65,1000,500,0.379,qwen3vl,similarity_score,2026-07-06T23:20:57
I_2359_2425_frgp13,impostor,13,right,2359,2425,B,65,65,1000,500,0.38,qwen3vl,similarity_score,2026-07-06T23:20:57
I_2359_2426_frgp13,impostor,13,right,2359,2426,B,85,85,1000,500,0.379,qwen3vl,similarity_score,2026-07-06T23:20:58
I_2359_2428_frgp13,impostor,13,right,2359,2428,B,65,65,1000,500,0.379,qwen3vl,similarity_score,2026-07-06T23:20:58
I_2359_2440_frgp13,impostor,13,right,2359,2440,B,65,65,1000,500,0.38,qwen3vl,similarity_score,2026-07-06T23:20:58
I_2359_2447_frgp13,impostor,13,right,2359,2447,B,65,65,1000,500,0.386,qwen3vl,similarity_score,2026-07-06T23:20:59
I_2359_2455_frgp13,impostor,13,right,2359,2455,B,65,65,1000,500,0.382,qwen3vl,similarity_score,2026-07-06T23:20:59
I_2359_2462_frgp13,impostor,13,right,2359,2462,B,65,65,1000,500,0.38,qwen3vl,similarity_score,2026-07-06T23:20:59
I_2359_2463_frgp13,impostor,13,right,2359,2463,B,65,65,1000,500,0.381,qwen3vl,similarity_score,2026-07-06T23:21:00
I_2359_2481_frgp13,impostor,13,right,2359,2481,B,65,65,1000,500,0.38,qwen3vl,similarity_score,2026-07-06T23:21:00
I_2360_2362_frgp13,impostor,13,right,2360,2362,B,85,85,1000,500,0.375,qwen3vl,similarity_score,2026-07-06T23:21:01
I_2360_2364_frgp13,impostor,13,right,2360,2364,B,85,85,1000,500,0.375,qwen3vl,similarity_score,2026-07-06T23:21:01
I_2360_2367_frgp13,impostor,13,right,2360,2367,B,65,65,1000,500,0.379,qwen3vl,similarity_score,2026-07-06T23:21:01
I_2360_2368_frgp13,impostor,13,right,2360,2368,B,65,65,1000,500,0.378,qwen3vl,similarity_score,2026-07-06T23:21:02
I_2360_2369_frgp13,impostor,13,right,2360,2369,B,85,85,1000,500,0.381,qwen3vl,similarity_score,2026-07-06T23:21:02
I_2360_2370_frgp13,impostor,13,right,2360,2370,B,65,65,1000,500,0.381,qwen3vl,similarity_score,2026-07-06T23:21:02
I_2360_2371_frgp13,impostor,13,right,2360,2371,B,65,65,1000,500,0.376,qwen3vl,similarity_score,2026-07-06T23:21:03
I_2360_2372_frgp13,impostor,13,right,2360,2372,B,65,65,1000,500,0.375,qwen3vl,similarity_score,2026-07-06T23:21:03
I_2360_2373_frgp13,impostor,13,right,2360,2373,B,65,65,1000,500,0.378,qwen3vl,similarity_score,2026-07-06T23:21:04
I_2360_2374_frgp13,impostor,13,right,2360,2374,B,65,65,1000,500,0.375,qwen3vl,similarity_score,2026-07-06T23:21:04
I_2360_2375_frgp13,impostor,13,right,2360,2375,B,65,65,1000,500,0.378,qwen3vl,similarity_score,2026-07-06T23:21:04
I_2360_2376_frgp13,impostor,13,right,2360,2376,B,65,65,1000,500,0.389,qwen3vl,similarity_score,2026-07-06T23:21:05
I_2360_2379_frgp13,impostor,13,right,2360,2379,B,65,65,1000,500,0.379,qwen3vl,similarity_score,2026-07-06T23:21:05
I_2360_2380_frgp13,impostor,13,right,2360,2380,B,65,65,1000,500,0.376,qwen3vl,similarity_score,2026-07-06T23:21:06
I_2360_2381_frgp13,impostor,13,right,2360,2381,B,65,65,1000,500,0.376,qwen3vl,similarity_score,2026-07-06T23:21:06
I_2360_2383_frgp13,impostor,13,right,2360,2383,B,65,65,1000,500,0.375,qwen3vl,similarity_score,2026-07-06T23:21:06
I_2360_2384_frgp13,impostor,13,right,2360,2384,B,65,65,1000,500,0.376,qwen3vl,similarity_score,2026-07-06T23:21:07
I_2360_2386_frgp13,impostor,13,right,2360,2386,B,65,65,1000,500,0.377,qwen3vl,similarity_score,2026-07-06T23:21:07
I_2360_2388_frgp13,impostor,13,right,2360,2388,B,65,65,1000,500,0.378,qwen3vl,similarity_score,2026-07-06T23:21:07
I_2360_2391_frgp13,impostor,13,right,2360,2391,B,65,65,1000,500,0.376,qwen3vl,similarity_score,2026-07-06T23:21:08
I_2360_2392_frgp13,impostor,13,right,2360,2392,B,85,85,1000,500,0.379,qwen3vl,similarity_score,2026-07-06T23:21:08
I_2360_2394_frgp13,impostor,13,right,2360,2394,B,65,65,1000,500,0.379,qwen3vl,similarity_score,2026-07-06T23:21:09
I_2360_2395_frgp13,impostor,13,right,2360,2395,B,65,65,1000,500,0.376,qwen3vl,similarity_score,2026-07-06T23:21:09
I_2360_2396_frgp13,impostor,13,right,2360,2396,B,65,65,1000,500,0.379,qwen3vl,similarity_score,2026-07-06T23:21:09
I_2360_2398_frgp13,impostor,13,right,2360,2398,B,85,85,1000,500,0.38,qwen3vl,similarity_score,2026-07-06T23:21:10
I_2360_2399_frgp13,impostor,13,right,2360,2399,B,65,65,1000,500,0.378,qwen3vl,similarity_score,2026-07-06T23:21:10
I_2360_2401_frgp13,impostor,13,right,2360,2401,B,65,65,1000,500,0.377,qwen3vl,similarity_score,2026-07-06T23:21:10
I_2360_2402_frgp13,impostor,13,right,2360,2402,B,65,65,1000,500,0.381,qwen3vl,similarity_score,2026-07-06T23:21:11
I_2360_2403_frgp13,impostor,13,right,2360,2403,B,65,65,1000,500,0.379,qwen3vl,similarity_score,2026-07-06T23:21:11
I_2360_2405_frgp13,impostor,13,right,2360,2405,B,65,65,1000,500,0.38,qwen3vl,similarity_score,2026-07-06T23:21:12
I_2360_2406_frgp13,impostor,13,right,2360,2406,B,65,65,1000,500,0.381,qwen3vl,similarity_score,2026-07-06T23:21:12
I_2360_2407_frgp13,impostor,13,right,2360,2407,B,65,65,1000,500,0.379,qwen3vl,similarity_score,2026-07-06T23:21:12
I_2360_2408_frgp13,impostor,13,right,2360,2408,B,65,65,1000,500,0.375,qwen3vl,similarity_score,2026-07-06T23:21:13
I_2360_2409_frgp13,impostor,13,right,2360,2409,B,65,65,1000,500,0.376,qwen3vl,similarity_score,2026-07-06T23:21:13
I_2360_2412_frgp13,impostor,13,right,2360,2412,B,65,65,1000,500,0.377,qwen3vl,similarity_score,2026-07-06T23:21:13
I_2360_2413_frgp13,impostor,13,right,2360,2413,B,65,65,1000,500,0.377,qwen3vl,similarity_score,2026-07-06T23:21:14
I_2360_2415_frgp13,impostor,13,right,2360,2415,B,65,65,1000,500,0.378,qwen3vl,similarity_score,2026-07-06T23:21:14
I_2360_2418_frgp13,impostor,13,right,2360,2418,B,65,65,1000,500,0.377,qwen3vl,similarity_score,2026-07-06T23:21:15
I_2360_2423_frgp13,impostor,13,right,2360,2423,B,65,65,1000,500,0.389,qwen3vl,similarity_score,2026-07-06T23:21:15
I_2360_2424_frgp13,impostor,13,right,2360,2424,B,65,65,1000,500,0.417,qwen3vl,similarity_score,2026-07-06T23:21:15
I_2360_2425_frgp13,impostor,13,right,2360,2425,B,85,85,1000,500,0.423,qwen3vl,similarity_score,2026-07-06T23:21:16
I_2360_2426_frgp13,impostor,13,right,2360,2426,B,65,65,1000,500,0.397,qwen3vl,similarity_score,2026-07-06T23:21:16
I_2360_2428_frgp13,impostor,13,right,2360,2428,B,85,85,1000,500,0.378,qwen3vl,similarity_score,2026-07-06T23:21:17
I_2360_2440_frgp13,impostor,13,right,2360,2440,B,85,85,1000,500,0.378,qwen3vl,similarity_score,2026-07-06T23:21:17
I_2360_2447_frgp13,impostor,13,right,2360,2447,B,85,85,1000,500,0.385,qwen3vl,similarity_score,2026-07-06T23:21:17
I_2360_2455_frgp13,impostor,13,right,2360,2455,B,65,65,1000,500,0.379,qwen3vl,similarity_score,2026-07-06T23:21:18
I_2360_2462_frgp13,impostor,13,right,2360,2462,B,85,85,1000,500,0.377,qwen3vl,similarity_score,2026-07-06T23:21:18
I_2360_2463_frgp13,impostor,13,right,2360,2463,B,65,65,1000,500,0.381,qwen3vl,similarity_score,2026-07-06T23:21:18
I_2360_2481_frgp13,impostor,13,right,2360,2481,B,65,65,1000,500,0.379,qwen3vl,similarity_score,2026-07-06T23:21:19
I_2362_2364_frgp13,impostor,13,right,2362,2364,B,85,85,1000,500,0.374,qwen3vl,similarity_score,2026-07-06T23:21:19
I_2362_2367_frgp13,impostor,13,right,2362,2367,B,65,65,1000,500,0.376,qwen3vl,similarity_score,2026-07-06T23:21:20
I_2362_2368_frgp13,impostor,13,right,2362,2368,B,65,65,1000,500,0.375,qwen3vl,similarity_score,2026-07-06T23:21:20
I_2362_2369_frgp13,impostor,13,right,2362,2369,B,95,95,1000,500,0.375,qwen3vl,similarity_score,2026-07-06T23:21:20
I_2362_2370_frgp13,impostor,13,right,2362,2370,B,85,85,1000,500,0.377,qwen3vl,similarity_score,2026-07-06T23:21:21
I_2362_2371_frgp13,impostor,13,right,2362,2371,B,85,85,1000,500,0.375,qwen3vl,similarity_score,2026-07-06T23:21:21
I_2362_2372_frgp13,impostor,13,right,2362,2372,B,65,65,1000,500,0.378,qwen3vl,similarity_score,2026-07-06T23:21:22
I_2362_2373_frgp13,impostor,13,right,2362,2373,B,85,85,1000,500,0.381,qwen3vl,similarity_score,2026-07-06T23:21:22
I_2362_2374_frgp13,impostor,13,right,2362,2374,B,65,65,1000,500,0.378,qwen3vl,similarity_score,2026-07-06T23:21:22
I_2362_2375_frgp13,impostor,13,right,2362,2375,B,85,85,1000,500,0.377,qwen3vl,similarity_score,2026-07-06T23:21:23
I_2362_2376_frgp13,impostor,13,right,2362,2376,B,65,65,1000,500,0.377,qwen3vl,similarity_score,2026-07-06T23:21:23
I_2362_2379_frgp13,impostor,13,right,2362,2379,B,65,65,1000,500,0.376,qwen3vl,similarity_score,2026-07-06T23:21:23
I_2362_2380_frgp13,impostor,13,right,2362,2380,B,65,65,1000,500,0.377,qwen3vl,similarity_score,2026-07-06T23:21:24
I_2362_2381_frgp13,impostor,13,right,2362,2381,B,65,65,1000,500,0.38,qwen3vl,similarity_score,2026-07-06T23:21:24
I_2362_2383_frgp13,impostor,13,right,2362,2383,B,85,85,1000,500,0.38,qwen3vl,similarity_score,2026-07-06T23:21:25
I_2362_2384_frgp13,impostor,13,right,2362,2384,B,65,65,1000,500,0.378,qwen3vl,similarity_score,2026-07-06T23:21:25
I_2362_2386_frgp13,impostor,13,right,2362,2386,B,65,65,1000,500,0.379,qwen3vl,similarity_score,2026-07-06T23:21:25
I_2362_2388_frgp13,impostor,13,right,2362,2388,B,65,65,1000,500,0.379,qwen3vl,similarity_score,2026-07-06T23:21:26
I_2362_2391_frgp13,impostor,13,right,2362,2391,B,65,65,1000,500,0.379,qwen3vl,similarity_score,2026-07-06T23:21:26
I_2362_2392_frgp13,impostor,13,right,2362,2392,B,85,85,1000,500,0.38,qwen3vl,similarity_score,2026-07-06T23:21:26
I_2362_2394_frgp13,impostor,13,right,2362,2394,B,65,65,1000,500,0.378,qwen3vl,similarity_score,2026-07-06T23:21:27
I_2362_2395_frgp13,impostor,13,right,2362,2395,B,65,65,1000,500,0.375,qwen3vl,similarity_score,2026-07-06T23:21:27
I_2362_2396_frgp13,impostor,13,right,2362,2396,B,0,0,1000,500,0.361,qwen3vl,similarity_score,2026-07-06T23:21:28
I_2362_2398_frgp13,impostor,13,right,2362,2398,B,85,85,1000,500,0.377,qwen3vl,similarity_score,2026-07-06T23:21:28
I_2362_2399_frgp13,impostor,13,right,2362,2399,B,65,65,1000,500,0.379,qwen3vl,similarity_score,2026-07-06T23:21:28
I_2362_2401_frgp13,impostor,13,right,2362,2401,B,65,65,1000,500,0.377,qwen3vl,similarity_score,2026-07-06T23:21:29
I_2362_2402_frgp13,impostor,13,right,2362,2402,B,65,65,1000,500,0.376,qwen3vl,similarity_score,2026-07-06T23:21:29
I_2362_2403_frgp13,impostor,13,right,2362,2403,B,65,65,1000,500,0.377,qwen3vl,similarity_score,2026-07-06T23:21:29
I_2362_2405_frgp13,impostor,13,right,2362,2405,B,85,85,1000,500,0.375,qwen3vl,similarity_score,2026-07-06T23:21:30
I_2362_2406_frgp13,impostor,13,right,2362,2406,B,65,65,1000,500,0.375,qwen3vl,similarity_score,2026-07-06T23:21:30
I_2362_2407_frgp13,impostor,13,right,2362,2407,B,65,65,1000,500,0.378,qwen3vl,similarity_score,2026-07-06T23:21:31
I_2362_2408_frgp13,impostor,13,right,2362,2408,B,65,65,1000,500,0.374,qwen3vl,similarity_score,2026-07-06T23:21:31
I_2362_2409_frgp13,impostor,13,right,2362,2409,B,65,65,1000,500,0.376,qwen3vl,similarity_score,2026-07-06T23:21:31
I_2362_2412_frgp13,impostor,13,right,2362,2412,B,65,65,1000,500,0.379,qwen3vl,similarity_score,2026-07-06T23:21:32
I_2362_2413_frgp13,impostor,13,right,2362,2413,B,65,65,1000,500,0.375,qwen3vl,similarity_score,2026-07-06T23:21:32
I_2362_2415_frgp13,impostor,13,right,2362,2415,B,65,65,1000,500,0.378,qwen3vl,similarity_score,2026-07-06T23:21:32
I_2362_2418_frgp13,impostor,13,right,2362,2418,B,85,85,1000,500,0.377,qwen3vl,similarity_score,2026-07-06T23:21:33
I_2362_2423_frgp13,impostor,13,right,2362,2423,B,65,65,1000,500,0.375,qwen3vl,similarity_score,2026-07-06T23:21:33
I_2362_2424_frgp13,impostor,13,right,2362,2424,B,85,85,1000,500,0.376,qwen3vl,similarity_score,2026-07-06T23:21:34
I_2362_2425_frgp13,impostor,13,right,2362,2425,B,65,65,1000,500,0.376,qwen3vl,similarity_score,2026-07-06T23:21:34
I_2362_2426_frgp13,impostor,13,right,2362,2426,B,65,65,1000,500,0.376,qwen3vl,similarity_score,2026-07-06T23:21:34
I_2362_2428_frgp13,impostor,13,right,2362,2428,B,85,85,1000,500,0.374,qwen3vl,similarity_score,2026-07-06T23:21:35
I_2362_2440_frgp13,impostor,13,right,2362,2440,B,65,65,1000,500,0.375,qwen3vl,similarity_score,2026-07-06T23:21:35
I_2362_2447_frgp13,impostor,13,right,2362,2447,B,85,85,1000,500,0.379,qwen3vl,similarity_score,2026-07-06T23:21:35
I_2362_2455_frgp13,impostor,13,right,2362,2455,B,65,65,1000,500,0.374,qwen3vl,similarity_score,2026-07-06T23:21:36
I_2362_2462_frgp13,impostor,13,right,2362,2462,B,65,65,1000,500,0.375,qwen3vl,similarity_score,2026-07-06T23:21:36
I_2362_2463_frgp13,impostor,13,right,2362,2463,B,65,65,1000,500,0.381,qwen3vl,similarity_score,2026-07-06T23:21:37
I_2362_2481_frgp13,impostor,13,right,2362,2481,B,65,65,1000,500,0.38,qwen3vl,similarity_score,2026-07-06T23:21:37
I_2364_2367_frgp13,impostor,13,right,2364,2367,B,65,65,1000,500,0.374,qwen3vl,similarity_score,2026-07-06T23:21:37
I_2364_2368_frgp13,impostor,13,right,2364,2368,B,65,65,1000,500,0.373,qwen3vl,similarity_score,2026-07-06T23:21:38
I_2364_2369_frgp13,impostor,13,right,2364,2369,B,85,85,1000,500,0.376,qwen3vl,similarity_score,2026-07-06T23:21:38
I_2364_2370_frgp13,impostor,13,right,2364,2370,B,65,65,1000,500,0.374,qwen3vl,similarity_score,2026-07-06T23:21:38
I_2364_2371_frgp13,impostor,13,right,2364,2371,B,85,85,1000,500,0.39,qwen3vl,similarity_score,2026-07-06T23:21:39
I_2364_2372_frgp13,impostor,13,right,2364,2372,B,65,65,1000,500,0.406,qwen3vl,similarity_score,2026-07-06T23:21:39
I_2364_2373_frgp13,impostor,13,right,2364,2373,B,65,65,1000,500,0.412,qwen3vl,similarity_score,2026-07-06T23:21:40
I_2364_2374_frgp13,impostor,13,right,2364,2374,B,65,65,1000,500,0.408,qwen3vl,similarity_score,2026-07-06T23:21:40
I_2364_2375_frgp13,impostor,13,right,2364,2375,B,65,65,1000,500,0.408,qwen3vl,similarity_score,2026-07-06T23:21:40
I_2364_2376_frgp13,impostor,13,right,2364,2376,B,65,65,1000,500,0.396,qwen3vl,similarity_score,2026-07-06T23:21:41
I_2364_2379_frgp13,impostor,13,right,2364,2379,B,65,65,1000,500,0.377,qwen3vl,similarity_score,2026-07-06T23:21:41
I_2364_2380_frgp13,impostor,13,right,2364,2380,B,65,65,1000,500,0.373,qwen3vl,similarity_score,2026-07-06T23:21:42
I_2364_2381_frgp13,impostor,13,right,2364,2381,B,0,0,1000,500,0.355,qwen3vl,similarity_score,2026-07-06T23:21:42
I_2364_2383_frgp13,impostor,13,right,2364,2383,B,65,65,1000,500,0.373,qwen3vl,similarity_score,2026-07-06T23:21:42
I_2364_2384_frgp13,impostor,13,right,2364,2384,B,65,65,1000,500,0.377,qwen3vl,similarity_score,2026-07-06T23:21:43
I_2364_2386_frgp13,impostor,13,right,2364,2386,B,65,65,1000,500,0.378,qwen3vl,similarity_score,2026-07-06T23:21:43
I_2364_2388_frgp13,impostor,13,right,2364,2388,B,65,65,1000,500,0.373,qwen3vl,similarity_score,2026-07-06T23:21:43
I_2364_2391_frgp13,impostor,13,right,2364,2391,B,65,65,1000,500,0.374,qwen3vl,similarity_score,2026-07-06T23:21:44
I_2364_2392_frgp13,impostor,13,right,2364,2392,B,65,65,1000,500,0.376,qwen3vl,similarity_score,2026-07-06T23:21:44
I_2364_2394_frgp13,impostor,13,right,2364,2394,B,65,65,1000,500,0.371,qwen3vl,similarity_score,2026-07-06T23:21:45
I_2364_2395_frgp13,impostor,13,right,2364,2395,B,65,65,1000,500,0.37,qwen3vl,similarity_score,2026-07-06T23:21:45
I_2364_2396_frgp13,impostor,13,right,2364,2396,B,0,0,1000,500,0.358,qwen3vl,similarity_score,2026-07-06T23:21:45
I_2364_2398_frgp13,impostor,13,right,2364,2398,B,65,65,1000,500,0.375,qwen3vl,similarity_score,2026-07-06T23:21:46
I_2364_2399_frgp13,impostor,13,right,2364,2399,B,65,65,1000,500,0.371,qwen3vl,similarity_score,2026-07-06T23:21:46
I_2364_2401_frgp13,impostor,13,right,2364,2401,B,65,65,1000,500,0.374,qwen3vl,similarity_score,2026-07-06T23:21:46
I_2364_2402_frgp13,impostor,13,right,2364,2402,B,65,65,1000,500,0.374,qwen3vl,similarity_score,2026-07-06T23:21:47
I_2364_2403_frgp13,impostor,13,right,2364,2403,B,65,65,1000,500,0.373,qwen3vl,similarity_score,2026-07-06T23:21:47
I_2364_2405_frgp13,impostor,13,right,2364,2405,B,65,65,1000,500,0.369,qwen3vl,similarity_score,2026-07-06T23:21:48
I_2364_2406_frgp13,impostor,13,right,2364,2406,B,65,65,1000,500,0.371,qwen3vl,similarity_score,2026-07-06T23:21:48
I_2364_2407_frgp13,impostor,13,right,2364,2407,B,0,0,1000,500,0.356,qwen3vl,similarity_score,2026-07-06T23:21:48
I_2364_2408_frgp13,impostor,13,right,2364,2408,B,65,65,1000,500,0.37,qwen3vl,similarity_score,2026-07-06T23:21:49
I_2364_2409_frgp13,impostor,13,right,2364,2409,B,65,65,1000,500,0.37,qwen3vl,similarity_score,2026-07-06T23:21:49
I_2364_2412_frgp13,impostor,13,right,2364,2412,B,65,65,1000,500,0.372,qwen3vl,similarity_score,2026-07-06T23:21:49
I_2364_2413_frgp13,impostor,13,right,2364,2413,B,65,65,1000,500,0.372,qwen3vl,similarity_score,2026-07-06T23:21:50
I_2364_2415_frgp13,impostor,13,right,2364,2415,B,65,65,1000,500,0.371,qwen3vl,similarity_score,2026-07-06T23:21:50
I_2364_2418_frgp13,impostor,13,right,2364,2418,B,65,65,1000,500,0.371,qwen3vl,similarity_score,2026-07-06T23:21:51
I_2364_2423_frgp13,impostor,13,right,2364,2423,B,65,65,1000,500,0.37,qwen3vl,similarity_score,2026-07-06T23:21:51
I_2364_2424_frgp13,impostor,13,right,2364,2424,B,85,85,1000,500,0.372,qwen3vl,similarity_score,2026-07-06T23:21:51
I_2364_2425_frgp13,impostor,13,right,2364,2425,B,65,65,1000,500,0.372,qwen3vl,similarity_score,2026-07-06T23:21:52
I_2364_2426_frgp13,impostor,13,right,2364,2426,B,65,65,1000,500,0.371,qwen3vl,similarity_score,2026-07-06T23:21:52
I_2364_2428_frgp13,impostor,13,right,2364,2428,B,65,65,1000,500,0.372,qwen3vl,similarity_score,2026-07-06T23:21:52
I_2364_2440_frgp13,impostor,13,right,2364,2440,B,65,65,1000,500,0.37,qwen3vl,similarity_score,2026-07-06T23:21:53
I_2364_2447_frgp13,impostor,13,right,2364,2447,B,65,65,1000,500,0.371,qwen3vl,similarity_score,2026-07-06T23:21:53
I_2364_2455_frgp13,impostor,13,right,2364,2455,B,65,65,1000,500,0.373,qwen3vl,similarity_score,2026-07-06T23:21:53
I_2364_2462_frgp13,impostor,13,right,2364,2462,B,65,65,1000,500,0.37,qwen3vl,similarity_score,2026-07-06T23:21:54
I_2364_2463_frgp13,impostor,13,right,2364,2463,B,65,65,1000,500,0.374,qwen3vl,similarity_score,2026-07-06T23:21:54
I_2364_2481_frgp13,impostor,13,right,2364,2481,B,65,65,1000,500,0.373,qwen3vl,similarity_score,2026-07-06T23:21:55
I_2367_2368_frgp13,impostor,13,right,2367,2368,B,65,65,1000,500,0.38,qwen3vl,similarity_score,2026-07-06T23:21:55
I_2367_2369_frgp13,impostor,13,right,2367,2369,B,85,85,1000,500,0.385,qwen3vl,similarity_score,2026-07-06T23:21:55
I_2367_2370_frgp13,impostor,13,right,2367,2370,B,65,65,1000,500,0.382,qwen3vl,similarity_score,2026-07-06T23:21:56
I_2367_2371_frgp13,impostor,13,right,2367,2371,B,65,65,1000,500,0.381,qwen3vl,similarity_score,2026-07-06T23:21:56
I_2367_2372_frgp13,impostor,13,right,2367,2372,B,65,65,1000,500,0.378,qwen3vl,similarity_score,2026-07-06T23:21:57
I_2367_2373_frgp13,impostor,13,right,2367,2373,B,65,65,1000,500,0.379,qwen3vl,similarity_score,2026-07-06T23:21:57
I_2367_2374_frgp13,impostor,13,right,2367,2374,B,65,65,1000,500,0.381,qwen3vl,similarity_score,2026-07-06T23:21:57
I_2367_2375_frgp13,impostor,13,right,2367,2375,B,85,85,1000,500,0.383,qwen3vl,similarity_score,2026-07-06T23:21:58
I_2367_2376_frgp13,impostor,13,right,2367,2376,B,85,85,1000,500,0.382,qwen3vl,similarity_score,2026-07-06T23:21:58
I_2367_2379_frgp13,impostor,13,right,2367,2379,B,65,65,1000,500,0.383,qwen3vl,similarity_score,2026-07-06T23:21:58
I_2367_2380_frgp13,impostor,13,right,2367,2380,B,65,65,1000,500,0.38,qwen3vl,similarity_score,2026-07-06T23:21:59
I_2367_2381_frgp13,impostor,13,right,2367,2381,B,65,65,1000,500,0.382,qwen3vl,similarity_score,2026-07-06T23:21:59
I_2367_2383_frgp13,impostor,13,right,2367,2383,B,65,65,1000,500,0.393,qwen3vl,similarity_score,2026-07-06T23:22:00
I_2367_2384_frgp13,impostor,13,right,2367,2384,B,65,65,1000,500,0.416,qwen3vl,similarity_score,2026-07-06T23:22:00
I_2367_2386_frgp13,impostor,13,right,2367,2386,B,65,65,1000,500,0.417,qwen3vl,similarity_score,2026-07-06T23:22:00
I_2367_2388_frgp13,impostor,13,right,2367,2388,B,65,65,1000,500,0.389,qwen3vl,similarity_score,2026-07-06T23:22:01
I_2367_2391_frgp13,impostor,13,right,2367,2391,B,65,65,1000,500,0.383,qwen3vl,similarity_score,2026-07-06T23:22:01
I_2367_2392_frgp13,impostor,13,right,2367,2392,B,85,85,1000,500,0.384,qwen3vl,similarity_score,2026-07-06T23:22:02
I_2367_2394_frgp13,impostor,13,right,2367,2394,B,65,65,1000,500,0.38,qwen3vl,similarity_score,2026-07-06T23:22:02
I_2367_2395_frgp13,impostor,13,right,2367,2395,B,65,65,1000,500,0.38,qwen3vl,similarity_score,2026-07-06T23:22:02
I_2367_2396_frgp13,impostor,13,right,2367,2396,B,65,65,1000,500,0.387,qwen3vl,similarity_score,2026-07-06T23:22:03
I_2367_2398_frgp13,impostor,13,right,2367,2398,B,65,65,1000,500,0.384,qwen3vl,similarity_score,2026-07-06T23:22:03
I_2367_2399_frgp13,impostor,13,right,2367,2399,B,85,85,1000,500,0.381,qwen3vl,similarity_score,2026-07-06T23:22:03
I_2367_2401_frgp13,impostor,13,right,2367,2401,B,85,85,1000,500,0.381,qwen3vl,similarity_score,2026-07-06T23:22:04
I_2367_2402_frgp13,impostor,13,right,2367,2402,B,65,65,1000,500,0.383,qwen3vl,similarity_score,2026-07-06T23:22:04
I_2367_2403_frgp13,impostor,13,right,2367,2403,B,85,85,1000,500,0.381,qwen3vl,similarity_score,2026-07-06T23:22:05
I_2367_2405_frgp13,impostor,13,right,2367,2405,B,65,65,1000,500,0.38,qwen3vl,similarity_score,2026-07-06T23:22:05
I_2367_2406_frgp13,impostor,13,right,2367,2406,B,85,85,1000,500,0.381,qwen3vl,similarity_score,2026-07-06T23:22:05
I_2367_2407_frgp13,impostor,13,right,2367,2407,B,95,95,1000,500,0.382,qwen3vl,similarity_score,2026-07-06T23:22:06
I_2367_2408_frgp13,impostor,13,right,2367,2408,B,65,65,1000,500,0.378,qwen3vl,similarity_score,2026-07-06T23:22:06
I_2367_2409_frgp13,impostor,13,right,2367,2409,B,65,65,1000,500,0.381,qwen3vl,similarity_score,2026-07-06T23:22:07
I_2367_2412_frgp13,impostor,13,right,2367,2412,B,65,65,1000,500,0.381,qwen3vl,similarity_score,2026-07-06T23:22:07
I_2367_2413_frgp13,impostor,13,right,2367,2413,B,65,65,1000,500,0.384,qwen3vl,similarity_score,2026-07-06T23:22:07
I_2367_2415_frgp13,impostor,13,right,2367,2415,B,65,65,1000,500,0.381,qwen3vl,similarity_score,2026-07-06T23:22:08
I_2367_2418_frgp13,impostor,13,right,2367,2418,B,65,65,1000,500,0.38,qwen3vl,similarity_score,2026-07-06T23:22:08
I_2367_2423_frgp13,impostor,13,right,2367,2423,B,65,65,1000,500,0.381,qwen3vl,similarity_score,2026-07-06T23:22:08
I_2367_2424_frgp13,impostor,13,right,2367,2424,B,65,65,1000,500,0.379,qwen3vl,similarity_score,2026-07-06T23:22:09
I_2367_2425_frgp13,impostor,13,right,2367,2425,B,65,65,1000,500,0.379,qwen3vl,similarity_score,2026-07-06T23:22:09
I_2367_2426_frgp13,impostor,13,right,2367,2426,B,65,65,1000,500,0.381,qwen3vl,similarity_score,2026-07-06T23:22:10
I_2367_2428_frgp13,impostor,13,right,2367,2428,B,85,85,1000,500,0.38,qwen3vl,similarity_score,2026-07-06T23:22:10
I_2367_2440_frgp13,impostor,13,right,2367,2440,B,65,65,1000,500,0.379,qwen3vl,similarity_score,2026-07-06T23:22:10
I_2367_2447_frgp13,impostor,13,right,2367,2447,B,85,85,1000,500,0.385,qwen3vl,similarity_score,2026-07-06T23:22:11
I_2367_2455_frgp13,impostor,13,right,2367,2455,B,65,65,1000,500,0.378,qwen3vl,similarity_score,2026-07-06T23:22:11
I_2367_2462_frgp13,impostor,13,right,2367,2462,B,65,65,1000,500,0.378,qwen3vl,similarity_score,2026-07-06T23:22:11
I_2367_2463_frgp13,impostor,13,right,2367,2463,B,65,65,1000,500,0.38,qwen3vl,similarity_score,2026-07-06T23:22:12
I_2367_2481_frgp13,impostor,13,right,2367,2481,B,85,85,1000,500,0.38,qwen3vl,similarity_score,2026-07-06T23:22:12
I_2368_2369_frgp13,impostor,13,right,2368,2369,B,85,85,1000,500,0.377,qwen3vl,similarity_score,2026-07-06T23:22:13
I_2368_2370_frgp13,impostor,13,right,2368,2370,B,85,85,1000,500,0.376,qwen3vl,similarity_score,2026-07-06T23:22:13
I_2368_2371_frgp13,impostor,13,right,2368,2371,B,65,65,1000,500,0.377,qwen3vl,similarity_score,2026-07-06T23:22:13
I_2368_2372_frgp13,impostor,13,right,2368,2372,B,65,65,1000,500,0.38,qwen3vl,similarity_score,2026-07-06T23:22:14
I_2368_2373_frgp13,impostor,13,right,2368,2373,B,65,65,1000,500,0.378,qwen3vl,similarity_score,2026-07-06T23:22:14
I_2368_2374_frgp13,impostor,13,right,2368,2374,B,65,65,1000,500,0.382,qwen3vl,similarity_score,2026-07-06T23:22:15
I_2368_2375_frgp13,impostor,13,right,2368,2375,B,85,85,1000,500,0.38,qwen3vl,similarity_score,2026-07-06T23:22:15
I_2368_2376_frgp13,impostor,13,right,2368,2376,B,85,85,1000,500,0.381,qwen3vl,similarity_score,2026-07-06T23:22:15
I_2368_2379_frgp13,impostor,13,right,2368,2379,B,85,85,1000,500,0.38,qwen3vl,similarity_score,2026-07-06T23:22:16
I_2368_2380_frgp13,impostor,13,right,2368,2380,B,85,85,1000,500,0.377,qwen3vl,similarity_score,2026-07-06T23:22:16
I_2368_2381_frgp13,impostor,13,right,2368,2381,B,65,65,1000,500,0.381,qwen3vl,similarity_score,2026-07-06T23:22:16
I_2368_2383_frgp13,impostor,13,right,2368,2383,B,85,85,1000,500,0.379,qwen3vl,similarity_score,2026-07-06T23:22:17
I_2368_2384_frgp13,impostor,13,right,2368,2384,B,85,85,1000,500,0.382,qwen3vl,similarity_score,2026-07-06T23:22:17
I_2368_2386_frgp13,impostor,13,right,2368,2386,B,65,65,1000,500,0.382,qwen3vl,similarity_score,2026-07-06T23:22:18
I_2368_2388_frgp13,impostor,13,right,2368,2388,B,65,65,1000,500,0.38,qwen3vl,similarity_score,2026-07-06T23:22:18
I_2368_2391_frgp13,impostor,13,right,2368,2391,B,65,65,1000,500,0.379,qwen3vl,similarity_score,2026-07-06T23:22:18
I_2368_2392_frgp13,impostor,13,right,2368,2392,B,85,85,1000,500,0.38,qwen3vl,similarity_score,2026-07-06T23:22:19
I_2368_2394_frgp13,impostor,13,right,2368,2394,B,65,65,1000,500,0.379,qwen3vl,similarity_score,2026-07-06T23:22:19
I_2368_2395_frgp13,impostor,13,right,2368,2395,B,85,85,1000,500,0.38,qwen3vl,similarity_score,2026-07-06T23:22:19
I_2368_2396_frgp13,impostor,13,right,2368,2396,B,65,65,1000,500,0.379,qwen3vl,similarity_score,2026-07-06T23:22:20
I_2368_2398_frgp13,impostor,13,right,2368,2398,B,85,85,1000,500,0.379,qwen3vl,similarity_score,2026-07-06T23:22:20
I_2368_2399_frgp13,impostor,13,right,2368,2399,B,65,65,1000,500,0.381,qwen3vl,similarity_score,2026-07-06T23:22:21
I_2368_2401_frgp13,impostor,13,right,2368,2401,B,65,65,1000,500,0.379,qwen3vl,similarity_score,2026-07-06T23:22:21
I_2368_2402_frgp13,impostor,13,right,2368,2402,B,85,85,1000,500,0.38,qwen3vl,similarity_score,2026-07-06T23:22:21
I_2368_2403_frgp13,impostor,13,right,2368,2403,B,65,65,1000,500,0.38,qwen3vl,similarity_score,2026-07-06T23:22:22
I_2368_2405_frgp13,impostor,13,right,2368,2405,B,65,65,1000,500,0.38,qwen3vl,similarity_score,2026-07-06T23:22:22
I_2368_2406_frgp13,impostor,13,right,2368,2406,B,85,85,1000,500,0.379,qwen3vl,similarity_score,2026-07-06T23:22:22
I_2368_2407_frgp13,impostor,13,right,2368,2407,B,65,65,1000,500,0.381,qwen3vl,similarity_score,2026-07-06T23:22:23
I_2368_2408_frgp13,impostor,13,right,2368,2408,B,85,85,1000,500,0.377,qwen3vl,similarity_score,2026-07-06T23:22:23
I_2368_2409_frgp13,impostor,13,right,2368,2409,B,65,65,1000,500,0.409,qwen3vl,similarity_score,2026-07-06T23:22:24
I_2368_2412_frgp13,impostor,13,right,2368,2412,B,65,65,1000,500,0.414,qwen3vl,similarity_score,2026-07-06T23:22:24
I_2368_2413_frgp13,impostor,13,right,2368,2413,B,85,85,1000,500,0.415,qwen3vl,similarity_score,2026-07-06T23:22:24
I_2368_2415_frgp13,impostor,13,right,2368,2415,B,65,65,1000,500,0.416,qwen3vl,similarity_score,2026-07-06T23:22:25
I_2368_2418_frgp13,impostor,13,right,2368,2418,B,85,85,1000,500,0.403,qwen3vl,similarity_score,2026-07-06T23:22:25
I_2368_2423_frgp13,impostor,13,right,2368,2423,B,65,65,1000,500,0.38,qwen3vl,similarity_score,2026-07-06T23:22:26
I_2368_2424_frgp13,impostor,13,right,2368,2424,B,65,65,1000,500,0.376,qwen3vl,similarity_score,2026-07-06T23:22:26
I_2368_2425_frgp13,impostor,13,right,2368,2425,B,85,85,1000,500,0.379,qwen3vl,similarity_score,2026-07-06T23:22:26
I_2368_2426_frgp13,impostor,13,right,2368,2426,B,65,65,1000,500,0.379,qwen3vl,similarity_score,2026-07-06T23:22:27
I_2368_2428_frgp13,impostor,13,right,2368,2428,B,85,85,1000,500,0.378,qwen3vl,similarity_score,2026-07-06T23:22:27
I_2368_2440_frgp13,impostor,13,right,2368,2440,B,65,65,1000,500,0.376,qwen3vl,similarity_score,2026-07-06T23:22:28
I_2368_2447_frgp13,impostor,13,right,2368,2447,B,65,65,1000,500,0.376,qwen3vl,similarity_score,2026-07-06T23:22:28
I_2368_2455_frgp13,impostor,13,right,2368,2455,B,65,65,1000,500,0.377,qwen3vl,similarity_score,2026-07-06T23:22:28
I_2368_2462_frgp13,impostor,13,right,2368,2462,B,65,65,1000,500,0.375,qwen3vl,similarity_score,2026-07-06T23:22:29
I_2368_2463_frgp13,impostor,13,right,2368,2463,B,65,65,1000,500,0.378,qwen3vl,similarity_score,2026-07-06T23:22:29
I_2368_2481_frgp13,impostor,13,right,2368,2481,B,65,65,1000,500,0.379,qwen3vl,similarity_score,2026-07-06T23:22:29
I_2369_2370_frgp13,impostor,13,right,2369,2370,B,65,65,1000,500,0.376,qwen3vl,similarity_score,2026-07-06T23:22:30
I_2369_2371_frgp13,impostor,13,right,2369,2371,B,85,85,1000,500,0.377,qwen3vl,similarity_score,2026-07-06T23:22:30
I_2369_2372_frgp13,impostor,13,right,2369,2372,B,65,65,1000,500,0.375,qwen3vl,similarity_score,2026-07-06T23:22:31
I_2369_2373_frgp13,impostor,13,right,2369,2373,B,85,85,1000,500,0.376,qwen3vl,similarity_score,2026-07-06T23:22:31
I_2369_2374_frgp13,impostor,13,right,2369,2374,B,65,65,1000,500,0.377,qwen3vl,similarity_score,2026-07-06T23:22:31
I_2369_2375_frgp13,impostor,13,right,2369,2375,B,85,85,1000,500,0.377,qwen3vl,similarity_score,2026-07-06T23:22:32
I_2369_2376_frgp13,impostor,13,right,2369,2376,B,65,65,1000,500,0.379,qwen3vl,similarity_score,2026-07-06T23:22:32
I_2369_2379_frgp13,impostor,13,right,2369,2379,B,65,65,1000,500,0.377,qwen3vl,similarity_score,2026-07-06T23:22:32
I_2369_2380_frgp13,impostor,13,right,2369,2380,B,65,65,1000,500,0.377,qwen3vl,similarity_score,2026-07-06T23:22:33
I_2369_2381_frgp13,impostor,13,right,2369,2381,B,65,65,1000,500,0.377,qwen3vl,similarity_score,2026-07-06T23:22:33
I_2369_2383_frgp13,impostor,13,right,2369,2383,B,85,85,1000,500,0.378,qwen3vl,similarity_score,2026-07-06T23:22:34
I_2369_2384_frgp13,impostor,13,right,2369,2384,B,65,65,1000,500,0.377,qwen3vl,similarity_score,2026-07-06T23:22:34
I_2369_2386_frgp13,impostor,13,right,2369,2386,B,65,65,1000,500,0.378,qwen3vl,similarity_score,2026-07-06T23:22:34
I_2369_2388_frgp13,impostor,13,right,2369,2388,B,65,65,1000,500,0.378,qwen3vl,similarity_score,2026-07-06T23:22:35
I_2369_2391_frgp13,impostor,13,right,2369,2391,B,65,65,1000,500,0.378,qwen3vl,similarity_score,2026-07-06T23:22:35
I_2369_2392_frgp13,impostor,13,right,2369,2392,B,85,85,1000,500,0.376,qwen3vl,similarity_score,2026-07-06T23:22:35
I_2369_2394_frgp13,impostor,13,right,2369,2394,B,65,65,1000,500,0.378,qwen3vl,similarity_score,2026-07-06T23:22:36
I_2369_2395_frgp13,impostor,13,right,2369,2395,B,85,85,1000,500,0.377,qwen3vl,similarity_score,2026-07-06T23:22:36
I_2369_2396_frgp13,impostor,13,right,2369,2396,B,65,65,1000,500,0.378,qwen3vl,similarity_score,2026-07-06T23:22:37
I_2369_2398_frgp13,impostor,13,right,2369,2398,B,65,65,1000,500,0.377,qwen3vl,similarity_score,2026-07-06T23:22:37
I_2369_2399_frgp13,impostor,13,right,2369,2399,B,65,65,1000,500,0.38,qwen3vl,similarity_score,2026-07-06T23:22:37
I_2369_2401_frgp13,impostor,13,right,2369,2401,B,65,65,1000,500,0.379,qwen3vl,similarity_score,2026-07-06T23:22:38
I_2369_2402_frgp13,impostor,13,right,2369,2402,B,65,65,1000,500,0.383,qwen3vl,similarity_score,2026-07-06T23:22:38
I_2369_2403_frgp13,impostor,13,right,2369,2403,B,65,65,1000,500,0.378,qwen3vl,similarity_score,2026-07-06T23:22:39
I_2369_2405_frgp13,impostor,13,right,2369,2405,B,65,65,1000,500,0.377,qwen3vl,similarity_score,2026-07-06T23:22:39
I_2369_2406_frgp13,impostor,13,right,2369,2406,B,65,65,1000,500,0.378,qwen3vl,similarity_score,2026-07-06T23:22:39
I_2369_2407_frgp13,impostor,13,right,2369,2407,B,65,65,1000,500,0.379,qwen3vl,similarity_score,2026-07-06T23:22:40
I_2369_2408_frgp13,impostor,13,right,2369,2408,B,65,65,1000,500,0.377,qwen3vl,similarity_score,2026-07-06T23:22:40
I_2369_2409_frgp13,impostor,13,right,2369,2409,B,85,85,1000,500,0.377,qwen3vl,similarity_score,2026-07-06T23:22:40
I_2369_2412_frgp13,impostor,13,right,2369,2412,B,65,65,1000,500,0.38,qwen3vl,similarity_score,2026-07-06T23:22:41
I_2369_2413_frgp13,impostor,13,right,2369,2413,B,65,65,1000,500,0.38,qwen3vl,similarity_score,2026-07-06T23:22:41
I_2369_2415_frgp13,impostor,13,right,2369,2415,B,65,65,1000,500,0.377,qwen3vl,similarity_score,2026-07-06T23:22:42
I_2369_2418_frgp13,impostor,13,right,2369,2418,B,85,85,1000,500,0.375,qwen3vl,similarity_score,2026-07-06T23:22:42
I_2369_2423_frgp13,impostor,13,right,2369,2423,B,65,65,1000,500,0.381,qwen3vl,similarity_score,2026-07-06T23:22:42
I_2369_2424_frgp13,impostor,13,right,2369,2424,B,85,85,1000,500,0.378,qwen3vl,similarity_score,2026-07-06T23:22:43
I_2369_2425_frgp13,impostor,13,right,2369,2425,B,65,65,1000,500,0.378,qwen3vl,similarity_score,2026-07-06T23:22:43
I_2369_2426_frgp13,impostor,13,right,2369,2426,B,65,65,1000,500,0.377,qwen3vl,similarity_score,2026-07-06T23:22:43
I_2369_2428_frgp13,impostor,13,right,2369,2428,B,85,85,1000,500,0.376,qwen3vl,similarity_score,2026-07-06T23:22:44
I_2369_2440_frgp13,impostor,13,right,2369,2440,B,85,85,1000,500,0.375,qwen3vl,similarity_score,2026-07-06T23:22:44
I_2369_2447_frgp13,impostor,13,right,2369,2447,B,85,85,1000,500,0.379,qwen3vl,similarity_score,2026-07-06T23:22:45
I_2369_2455_frgp13,impostor,13,right,2369,2455,B,65,65,1000,500,0.378,qwen3vl,similarity_score,2026-07-06T23:22:45
I_2369_2462_frgp13,impostor,13,right,2369,2462,B,85,85,1000,500,0.379,qwen3vl,similarity_score,2026-07-06T23:22:45
I_2369_2463_frgp13,impostor,13,right,2369,2463,B,65,65,1000,500,0.382,qwen3vl,similarity_score,2026-07-06T23:22:46
I_2369_2481_frgp13,impostor,13,right,2369,2481,B,65,65,1000,500,0.381,qwen3vl,similarity_score,2026-07-06T23:22:46
I_2370_2371_frgp13,impostor,13,right,2370,2371,B,85,85,1000,500,0.378,qwen3vl,similarity_score,2026-07-06T23:22:46
I_2370_2372_frgp13,impostor,13,right,2370,2372,B,65,65,1000,500,0.374,qwen3vl,similarity_score,2026-07-06T23:22:47
I_2370_2373_frgp13,impostor,13,right,2370,2373,B,85,85,1000,500,0.375,qwen3vl,similarity_score,2026-07-06T23:22:47
I_2370_2374_frgp13,impostor,13,right,2370,2374,B,85,85,1000,500,0.377,qwen3vl,similarity_score,2026-07-06T23:22:48
I_2370_2375_frgp13,impostor,13,right,2370,2375,B,85,85,1000,500,0.374,qwen3vl,similarity_score,2026-07-06T23:22:48
I_2370_2376_frgp13,impostor,13,right,2370,2376,B,65,65,1000,500,0.376,qwen3vl,similarity_score,2026-07-06T23:22:48
I_2370_2379_frgp13,impostor,13,right,2370,2379,B,65,65,1000,500,0.407,qwen3vl,similarity_score,2026-07-06T23:22:49
I_2370_2380_frgp13,impostor,13,right,2370,2380,B,65,65,1000,500,0.41,qwen3vl,similarity_score,2026-07-06T23:22:49
I_2370_2381_frgp13,impostor,13,right,2370,2381,B,65,65,1000,500,0.411,qwen3vl,similarity_score,2026-07-06T23:22:50
I_2370_2383_frgp13,impostor,13,right,2370,2383,B,85,85,1000,500,0.413,qwen3vl,similarity_score,2026-07-06T23:22:50
I_2370_2384_frgp13,impostor,13,right,2370,2384,B,65,65,1000,500,0.398,qwen3vl,similarity_score,2026-07-06T23:22:50
I_2370_2386_frgp13,impostor,13,right,2370,2386,B,65,65,1000,500,0.396,qwen3vl,similarity_score,2026-07-06T23:22:51
I_2370_2388_frgp13,impostor,13,right,2370,2388,B,85,85,1000,500,0.376,qwen3vl,similarity_score,2026-07-06T23:22:51
I_2370_2391_frgp13,impostor,13,right,2370,2391,B,85,85,1000,500,0.377,qwen3vl,similarity_score,2026-07-06T23:22:52
I_2370_2392_frgp13,impostor,13,right,2370,2392,B,85,85,1000,500,0.376,qwen3vl,similarity_score,2026-07-06T23:22:52
I_2370_2394_frgp13,impostor,13,right,2370,2394,B,65,65,1000,500,0.375,qwen3vl,similarity_score,2026-07-06T23:22:52
I_2370_2395_frgp13,impostor,13,right,2370,2395,B,65,65,1000,500,0.377,qwen3vl,similarity_score,2026-07-06T23:22:53
I_2370_2396_frgp13,impostor,13,right,2370,2396,B,65,65,1000,500,0.378,qwen3vl,similarity_score,2026-07-06T23:22:53
I_2370_2398_frgp13,impostor,13,right,2370,2398,B,65,65,1000,500,0.378,qwen3vl,similarity_score,2026-07-06T23:22:53
I_2370_2399_frgp13,impostor,13,right,2370,2399,B,65,65,1000,500,0.379,qwen3vl,similarity_score,2026-07-06T23:22:54
I_2370_2401_frgp13,impostor,13,right,2370,2401,B,65,65,1000,500,0.379,qwen3vl,similarity_score,2026-07-06T23:22:54
I_2370_2402_frgp13,impostor,13,right,2370,2402,B,65,65,1000,500,0.378,qwen3vl,similarity_score,2026-07-06T23:22:55
I_2370_2403_frgp13,impostor,13,right,2370,2403,B,65,65,1000,500,0.374,qwen3vl,similarity_score,2026-07-06T23:22:55
I_2370_2405_frgp13,impostor,13,right,2370,2405,B,65,65,1000,500,0.376,qwen3vl,similarity_score,2026-07-06T23:22:55
I_2370_2406_frgp13,impostor,13,right,2370,2406,B,85,85,1000,500,0.379,qwen3vl,similarity_score,2026-07-06T23:22:56
I_2370_2407_frgp13,impostor,13,right,2370,2407,B,65,65,1000,500,0.374,qwen3vl,similarity_score,2026-07-06T23:22:56
I_2370_2408_frgp13,impostor,13,right,2370,2408,B,65,65,1000,500,0.376,qwen3vl,similarity_score,2026-07-06T23:22:56
I_2370_2409_frgp13,impostor,13,right,2370,2409,B,65,65,1000,500,0.374,qwen3vl,similarity_score,2026-07-06T23:22:57
I_2370_2412_frgp13,impostor,13,right,2370,2412,B,65,65,1000,500,0.374,qwen3vl,similarity_score,2026-07-06T23:22:57
I_2370_2413_frgp13,impostor,13,right,2370,2413,B,65,65,1000,500,0.374,qwen3vl,similarity_score,2026-07-06T23:22:58
I_2370_2415_frgp13,impostor,13,right,2370,2415,B,65,65,1000,500,0.374,qwen3vl,similarity_score,2026-07-06T23:22:58
I_2370_2418_frgp13,impostor,13,right,2370,2418,B,85,85,1000,500,0.374,qwen3vl,similarity_score,2026-07-06T23:22:58
I_2370_2423_frgp13,impostor,13,right,2370,2423,B,65,65,1000,500,0.373,qwen3vl,similarity_score,2026-07-06T23:22:59
I_2370_2424_frgp13,impostor,13,right,2370,2424,B,65,65,1000,500,0.372,qwen3vl,similarity_score,2026-07-06T23:22:59
I_2370_2425_frgp13,impostor,13,right,2370,2425,B,85,85,1000,500,0.377,qwen3vl,similarity_score,2026-07-06T23:22:59
I_2370_2426_frgp13,impostor,13,right,2370,2426,B,65,65,1000,500,0.376,qwen3vl,similarity_score,2026-07-06T23:23:00
I_2370_2428_frgp13,impostor,13,right,2370,2428,B,85,85,1000,500,0.376,qwen3vl,similarity_score,2026-07-06T23:23:00
I_2370_2440_frgp13,impostor,13,right,2370,2440,B,65,65,1000,500,0.377,qwen3vl,similarity_score,2026-07-06T23:23:01
I_2370_2447_frgp13,impostor,13,right,2370,2447,B,85,85,1000,500,0.377,qwen3vl,similarity_score,2026-07-06T23:23:01
I_2370_2455_frgp13,impostor,13,right,2370,2455,B,65,65,1000,500,0.374,qwen3vl,similarity_score,2026-07-06T23:23:01
I_2370_2462_frgp13,impostor,13,right,2370,2462,B,65,65,1000,500,0.377,qwen3vl,similarity_score,2026-07-06T23:23:02
I_2370_2463_frgp13,impostor,13,right,2370,2463,B,65,65,1000,500,0.377,qwen3vl,similarity_score,2026-07-06T23:23:02
I_2370_2481_frgp13,impostor,13,right,2370,2481,B,65,65,1000,500,0.376,qwen3vl,similarity_score,2026-07-06T23:23:02
I_2371_2372_frgp13,impostor,13,right,2371,2372,B,65,65,1000,500,0.375,qwen3vl,similarity_score,2026-07-06T23:23:03
I_2371_2373_frgp13,impostor,13,right,2371,2373,B,65,65,1000,500,0.38,qwen3vl,similarity_score,2026-07-06T23:23:03
I_2371_2374_frgp13,impostor,13,right,2371,2374,B,65,65,1000,500,0.377,qwen3vl,similarity_score,2026-07-06T23:23:04
I_2371_2375_frgp13,impostor,13,right,2371,2375,B,65,65,1000,500,0.376,qwen3vl,similarity_score,2026-07-06T23:23:04
I_2371_2376_frgp13,impostor,13,right,2371,2376,B,85,85,1000,500,0.378,qwen3vl,similarity_score,2026-07-06T23:23:04
I_2371_2379_frgp13,impostor,13,right,2371,2379,B,65,65,1000,500,0.377,qwen3vl,similarity_score,2026-07-06T23:23:05
I_2371_2380_frgp13,impostor,13,right,2371,2380,B,85,85,1000,500,0.375,qwen3vl,similarity_score,2026-07-06T23:23:05
I_2371_2381_frgp13,impostor,13,right,2371,2381,B,65,65,1000,500,0.377,qwen3vl,similarity_score,2026-07-06T23:23:05
I_2371_2383_frgp13,impostor,13,right,2371,2383,B,85,85,1000,500,0.379,qwen3vl,similarity_score,2026-07-06T23:23:06
I_2371_2384_frgp13,impostor,13,right,2371,2384,B,65,65,1000,500,0.375,qwen3vl,similarity_score,2026-07-06T23:23:06
I_2371_2386_frgp13,impostor,13,right,2371,2386,B,0,0,1000,500,0.359,qwen3vl,similarity_score,2026-07-06T23:23:07
I_2371_2388_frgp13,impostor,13,right,2371,2388,B,65,65,1000,500,0.374,qwen3vl,similarity_score,2026-07-06T23:23:07
I_2371_2391_frgp13,impostor,13,right,2371,2391,B,65,65,1000,500,0.376,qwen3vl,similarity_score,2026-07-06T23:23:07
I_2371_2392_frgp13,impostor,13,right,2371,2392,B,95,95,1000,500,0.376,qwen3vl,similarity_score,2026-07-06T23:23:08
I_2371_2394_frgp13,impostor,13,right,2371,2394,B,65,65,1000,500,0.376,qwen3vl,similarity_score,2026-07-06T23:23:08
I_2371_2395_frgp13,impostor,13,right,2371,2395,B,85,85,1000,500,0.377,qwen3vl,similarity_score,2026-07-06T23:23:08
I_2371_2396_frgp13,impostor,13,right,2371,2396,B,65,65,1000,500,0.38,qwen3vl,similarity_score,2026-07-06T23:23:09
I_2371_2398_frgp13,impostor,13,right,2371,2398,B,65,65,1000,500,0.376,qwen3vl,similarity_score,2026-07-06T23:23:09
I_2371_2399_frgp13,impostor,13,right,2371,2399,B,65,65,1000,500,0.381,qwen3vl,similarity_score,2026-07-06T23:23:10
I_2371_2401_frgp13,impostor,13,right,2371,2401,B,65,65,1000,500,0.378,qwen3vl,similarity_score,2026-07-06T23:23:10
I_2371_2402_frgp13,impostor,13,right,2371,2402,B,65,65,1000,500,0.38,qwen3vl,similarity_score,2026-07-06T23:23:10
I_2371_2403_frgp13,impostor,13,right,2371,2403,B,65,65,1000,500,0.38,qwen3vl,similarity_score,2026-07-06T23:23:11
I_2371_2405_frgp13,impostor,13,right,2371,2405,B,65,65,1000,500,0.375,qwen3vl,similarity_score,2026-07-06T23:23:11
I_2371_2406_frgp13,impostor,13,right,2371,2406,B,65,65,1000,500,0.378,qwen3vl,similarity_score,2026-07-06T23:23:11
I_2371_2407_frgp13,impostor,13,right,2371,2407,B,65,65,1000,500,0.378,qwen3vl,similarity_score,2026-07-06T23:23:12
I_2371_2408_frgp13,impostor,13,right,2371,2408,B,65,65,1000,500,0.375,qwen3vl,similarity_score,2026-07-06T23:23:12
I_2371_2409_frgp13,impostor,13,right,2371,2409,B,85,85,1000,500,0.376,qwen3vl,similarity_score,2026-07-06T23:23:13
I_2371_2412_frgp13,impostor,13,right,2371,2412,B,65,65,1000,500,0.375,qwen3vl,similarity_score,2026-07-06T23:23:13
I_2371_2413_frgp13,impostor,13,right,2371,2413,B,65,65,1000,500,0.376,qwen3vl,similarity_score,2026-07-06T23:23:13
I_2371_2415_frgp13,impostor,13,right,2371,2415,B,85,85,1000,500,0.378,qwen3vl,similarity_score,2026-07-06T23:23:14
I_2371_2418_frgp13,impostor,13,right,2371,2418,B,65,65,1000,500,0.375,qwen3vl,similarity_score,2026-07-06T23:23:14
I_2371_2423_frgp13,impostor,13,right,2371,2423,B,65,65,1000,500,0.378,qwen3vl,similarity_score,2026-07-06T23:23:14
I_2371_2424_frgp13,impostor,13,right,2371,2424,B,85,85,1000,500,0.374,qwen3vl,similarity_score,2026-07-06T23:23:15
I_2371_2425_frgp13,impostor,13,right,2371,2425,B,85,85,1000,500,0.374,qwen3vl,similarity_score,2026-07-06T23:23:15
I_2371_2426_frgp13,impostor,13,right,2371,2426,B,65,65,1000,500,0.377,qwen3vl,similarity_score,2026-07-06T23:23:16
I_2371_2428_frgp13,impostor,13,right,2371,2428,B,85,85,1000,500,0.377,qwen3vl,similarity_score,2026-07-06T23:23:16
I_2371_2440_frgp13,impostor,13,right,2371,2440,B,65,65,1000,500,0.377,qwen3vl,similarity_score,2026-07-06T23:23:16
I_2371_2447_frgp13,impostor,13,right,2371,2447,B,65,65,1000,500,0.38,qwen3vl,similarity_score,2026-07-06T23:23:17
I_2371_2455_frgp13,impostor,13,right,2371,2455,B,65,65,1000,500,0.377,qwen3vl,similarity_score,2026-07-06T23:23:17
I_2371_2462_frgp13,impostor,13,right,2371,2462,B,65,65,1000,500,0.378,qwen3vl,similarity_score,2026-07-06T23:23:17
I_2371_2463_frgp13,impostor,13,right,2371,2463,B,65,65,1000,500,0.379,qwen3vl,similarity_score,2026-07-06T23:23:18
I_2371_2481_frgp13,impostor,13,right,2371,2481,B,65,65,1000,500,0.377,qwen3vl,similarity_score,2026-07-06T23:23:18
I_2372_2373_frgp13,impostor,13,right,2372,2373,B,65,65,1000,500,0.375,qwen3vl,similarity_score,2026-07-06T23:23:19
I_2372_2374_frgp13,impostor,13,right,2372,2374,B,65,65,1000,500,0.376,qwen3vl,similarity_score,2026-07-06T23:23:19
I_2372_2375_frgp13,impostor,13,right,2372,2375,B,65,65,1000,500,0.374,qwen3vl,similarity_score,2026-07-06T23:23:19
I_2372_2376_frgp13,impostor,13,right,2372,2376,B,65,65,1000,500,0.377,qwen3vl,similarity_score,2026-07-06T23:23:20
I_2372_2379_frgp13,impostor,13,right,2372,2379,B,65,65,1000,500,0.374,qwen3vl,similarity_score,2026-07-06T23:23:20
I_2372_2380_frgp13,impostor,13,right,2372,2380,B,65,65,1000,500,0.376,qwen3vl,similarity_score,2026-07-06T23:23:21
I_2372_2381_frgp13,impostor,13,right,2372,2381,B,0,0,1000,500,0.36,qwen3vl,similarity_score,2026-07-06T23:23:21
I_2372_2383_frgp13,impostor,13,right,2372,2383,B,65,65,1000,500,0.376,qwen3vl,similarity_score,2026-07-06T23:23:21
I_2372_2384_frgp13,impostor,13,right,2372,2384,B,65,65,1000,500,0.377,qwen3vl,similarity_score,2026-07-06T23:23:22
I_2372_2386_frgp13,impostor,13,right,2372,2386,B,65,65,1000,500,0.403,qwen3vl,similarity_score,2026-07-06T23:23:22
I_2372_2388_frgp13,impostor,13,right,2372,2388,B,65,65,1000,500,0.407,qwen3vl,similarity_score,2026-07-06T23:23:22
I_2372_2391_frgp13,impostor,13,right,2372,2391,B,65,65,1000,500,0.408,qwen3vl,similarity_score,2026-07-06T23:23:23
I_2372_2392_frgp13,impostor,13,right,2372,2392,B,65,65,1000,500,0.408,qwen3vl,similarity_score,2026-07-06T23:23:23
I_2372_2394_frgp13,impostor,13,right,2372,2394,B,65,65,1000,500,0.399,qwen3vl,similarity_score,2026-07-06T23:23:24
I_2372_2395_frgp13,impostor,13,right,2372,2395,B,65,65,1000,500,0.376,qwen3vl,similarity_score,2026-07-06T23:23:24
I_2372_2396_frgp13,impostor,13,right,2372,2396,B,0,0,1000,500,0.36,qwen3vl,similarity_score,2026-07-06T23:23:24
I_2372_2398_frgp13,impostor,13,right,2372,2398,B,65,65,1000,500,0.376,qwen3vl,similarity_score,2026-07-06T23:23:25
I_2372_2399_frgp13,impostor,13,right,2372,2399,B,65,65,1000,500,0.373,qwen3vl,similarity_score,2026-07-06T23:23:25
I_2372_2401_frgp13,impostor,13,right,2372,2401,B,65,65,1000,500,0.374,qwen3vl,similarity_score,2026-07-06T23:23:25
I_2372_2402_frgp13,impostor,13,right,2372,2402,B,65,65,1000,500,0.374,qwen3vl,similarity_score,2026-07-06T23:23:26
I_2372_2403_frgp13,impostor,13,right,2372,2403,B,65,65,1000,500,0.372,qwen3vl,similarity_score,2026-07-06T23:23:26
I_2372_2405_frgp13,impostor,13,right,2372,2405,B,65,65,1000,500,0.374,qwen3vl,similarity_score,2026-07-06T23:23:27
I_2372_2406_frgp13,impostor,13,right,2372,2406,B,65,65,1000,500,0.373,qwen3vl,similarity_score,2026-07-06T23:23:27
I_2372_2407_frgp13,impostor,13,right,2372,2407,B,65,65,1000,500,0.372,qwen3vl,similarity_score,2026-07-06T23:23:27
I_2372_2408_frgp13,impostor,13,right,2372,2408,B,65,65,1000,500,0.371,qwen3vl,similarity_score,2026-07-06T23:23:28
I_2372_2409_frgp13,impostor,13,right,2372,2409,B,65,65,1000,500,0.372,qwen3vl,similarity_score,2026-07-06T23:23:28
I_2372_2412_frgp13,impostor,13,right,2372,2412,B,65,65,1000,500,0.372,qwen3vl,similarity_score,2026-07-06T23:23:28
I_2372_2413_frgp13,impostor,13,right,2372,2413,B,65,65,1000,500,0.372,qwen3vl,similarity_score,2026-07-06T23:23:29
I_2372_2415_frgp13,impostor,13,right,2372,2415,B,65,65,1000,500,0.376,qwen3vl,similarity_score,2026-07-06T23:23:29
I_2372_2418_frgp13,impostor,13,right,2372,2418,B,65,65,1000,500,0.372,qwen3vl,similarity_score,2026-07-06T23:23:30
I_2372_2423_frgp13,impostor,13,right,2372,2423,B,65,65,1000,500,0.37,qwen3vl,similarity_score,2026-07-06T23:23:30
I_2372_2424_frgp13,impostor,13,right,2372,2424,B,85,85,1000,500,0.37,qwen3vl,similarity_score,2026-07-06T23:23:30
I_2372_2425_frgp13,impostor,13,right,2372,2425,B,65,65,1000,500,0.376,qwen3vl,similarity_score,2026-07-06T23:23:31
I_2372_2426_frgp13,impostor,13,right,2372,2426,B,65,65,1000,500,0.373,qwen3vl,similarity_score,2026-07-06T23:23:31
I_2372_2428_frgp13,impostor,13,right,2372,2428,B,65,65,1000,500,0.373,qwen3vl,similarity_score,2026-07-06T23:23:31
I_2372_2440_frgp13,impostor,13,right,2372,2440,B,85,85,1000,500,0.369,qwen3vl,similarity_score,2026-07-06T23:23:32
I_2372_2447_frgp13,impostor,13,right,2372,2447,B,65,65,1000,500,0.371,qwen3vl,similarity_score,2026-07-06T23:23:32
I_2372_2455_frgp13,impostor,13,right,2372,2455,B,65,65,1000,500,0.37,qwen3vl,similarity_score,2026-07-06T23:23:33
I_2372_2462_frgp13,impostor,13,right,2372,2462,B,65,65,1000,500,0.371,qwen3vl,similarity_score,2026-07-06T23:23:33
I_2372_2463_frgp13,impostor,13,right,2372,2463,B,65,65,1000,500,0.371,qwen3vl,similarity_score,2026-07-06T23:23:33
I_2372_2481_frgp13,impostor,13,right,2372,2481,B,65,65,1000,500,0.371,qwen3vl,similarity_score,2026-07-06T23:23:34
I_2373_2374_frgp13,impostor,13,right,2373,2374,B,65,65,1000,500,0.379,qwen3vl,similarity_score,2026-07-06T23:23:34
I_2373_2375_frgp13,impostor,13,right,2373,2375,B,85,85,1000,500,0.38,qwen3vl,similarity_score,2026-07-06T23:23:34
I_2373_2376_frgp13,impostor,13,right,2373,2376,B,65,65,1000,500,0.379,qwen3vl,similarity_score,2026-07-06T23:23:35
I_2373_2379_frgp13,impostor,13,right,2373,2379,B,65,65,1000,500,0.377,qwen3vl,similarity_score,2026-07-06T23:23:35
I_2373_2380_frgp13,impostor,13,right,2373,2380,B,65,65,1000,500,0.375,qwen3vl,similarity_score,2026-07-06T23:23:36
I_2373_2381_frgp13,impostor,13,right,2373,2381,B,65,65,1000,500,0.378,qwen3vl,similarity_score,2026-07-06T23:23:36
I_2373_2383_frgp13,impostor,13,right,2373,2383,B,65,65,1000,500,0.381,qwen3vl,similarity_score,2026-07-06T23:23:36
I_2373_2384_frgp13,impostor,13,right,2373,2384,B,85,85,1000,500,0.378,qwen3vl,similarity_score,2026-07-06T23:23:37
I_2373_2386_frgp13,impostor,13,right,2373,2386,B,65,65,1000,500,0.377,qwen3vl,similarity_score,2026-07-06T23:23:37
I_2373_2388_frgp13,impostor,13,right,2373,2388,B,65,65,1000,500,0.376,qwen3vl,similarity_score,2026-07-06T23:23:37
I_2373_2391_frgp13,impostor,13,right,2373,2391,B,85,85,1000,500,0.378,qwen3vl,similarity_score,2026-07-06T23:23:38
I_2373_2392_frgp13,impostor,13,right,2373,2392,B,95,95,1000,500,0.378,qwen3vl,similarity_score,2026-07-06T23:23:38
I_2373_2394_frgp13,impostor,13,right,2373,2394,B,85,85,1000,500,0.377,qwen3vl,similarity_score,2026-07-06T23:23:39
I_2373_2395_frgp13,impostor,13,right,2373,2395,B,85,85,1000,500,0.379,qwen3vl,similarity_score,2026-07-06T23:23:39
I_2373_2396_frgp13,impostor,13,right,2373,2396,B,65,65,1000,500,0.38,qwen3vl,similarity_score,2026-07-06T23:23:39
I_2373_2398_frgp13,impostor,13,right,2373,2398,B,85,85,1000,500,0.377,qwen3vl,similarity_score,2026-07-06T23:23:40
I_2373_2399_frgp13,impostor,13,right,2373,2399,B,65,65,1000,500,0.379,qwen3vl,similarity_score,2026-07-06T23:23:40
I_2373_2401_frgp13,impostor,13,right,2373,2401,B,65,65,1000,500,0.381,qwen3vl,similarity_score,2026-07-06T23:23:40
I_2373_2402_frgp13,impostor,13,right,2373,2402,B,65,65,1000,500,0.383,qwen3vl,similarity_score,2026-07-06T23:23:41
I_2373_2403_frgp13,impostor,13,right,2373,2403,B,85,85,1000,500,0.384,qwen3vl,similarity_score,2026-07-06T23:23:41
I_2373_2405_frgp13,impostor,13,right,2373,2405,B,65,65,1000,500,0.379,qwen3vl,similarity_score,2026-07-06T23:23:42
I_2373_2406_frgp13,impostor,13,right,2373,2406,B,65,65,1000,500,0.379,qwen3vl,similarity_score,2026-07-06T23:23:42
I_2373_2407_frgp13,impostor,13,right,2373,2407,B,85,85,1000,500,0.382,qwen3vl,similarity_score,2026-07-06T23:23:42
I_2373_2408_frgp13,impostor,13,right,2373,2408,B,65,65,1000,500,0.378,qwen3vl,similarity_score,2026-07-06T23:23:43
I_2373_2409_frgp13,impostor,13,right,2373,2409,B,85,85,1000,500,0.374,qwen3vl,similarity_score,2026-07-06T23:23:43
I_2373_2412_frgp13,impostor,13,right,2373,2412,B,65,65,1000,500,0.377,qwen3vl,similarity_score,2026-07-06T23:23:44
I_2373_2413_frgp13,impostor,13,right,2373,2413,B,85,85,1000,500,0.383,qwen3vl,similarity_score,2026-07-06T23:23:44
I_2373_2415_frgp13,impostor,13,right,2373,2415,B,65,65,1000,500,0.383,qwen3vl,similarity_score,2026-07-06T23:23:44
I_2373_2418_frgp13,impostor,13,right,2373,2418,B,85,85,1000,500,0.382,qwen3vl,similarity_score,2026-07-06T23:23:45
I_2373_2423_frgp13,impostor,13,right,2373,2423,B,65,65,1000,500,0.382,qwen3vl,similarity_score,2026-07-06T23:23:45
I_2373_2424_frgp13,impostor,13,right,2373,2424,B,65,65,1000,500,0.382,qwen3vl,similarity_score,2026-07-06T23:23:45
I_2373_2425_frgp13,impostor,13,right,2373,2425,B,85,85,1000,500,0.381,qwen3vl,similarity_score,2026-07-06T23:23:46
I_2373_2426_frgp13,impostor,13,right,2373,2426,B,65,65,1000,500,0.382,qwen3vl,similarity_score,2026-07-06T23:23:46
I_2373_2428_frgp13,impostor,13,right,2373,2428,B,85,85,1000,500,0.41,qwen3vl,similarity_score,2026-07-06T23:23:47
I_2373_2440_frgp13,impostor,13,right,2373,2440,B,65,65,1000,500,0.412,qwen3vl,similarity_score,2026-07-06T23:23:47
I_2373_2447_frgp13,impostor,13,right,2373,2447,B,85,85,1000,500,0.414,qwen3vl,similarity_score,2026-07-06T23:23:47
I_2373_2455_frgp13,impostor,13,right,2373,2455,B,65,65,1000,500,0.414,qwen3vl,similarity_score,2026-07-06T23:23:48
I_2373_2462_frgp13,impostor,13,right,2373,2462,B,65,65,1000,500,0.401,qwen3vl,similarity_score,2026-07-06T23:23:48
I_2373_2463_frgp13,impostor,13,right,2373,2463,B,65,65,1000,500,0.38,qwen3vl,similarity_score,2026-07-06T23:23:49
I_2373_2481_frgp13,impostor,13,right,2373,2481,B,65,65,1000,500,0.378,qwen3vl,similarity_score,2026-07-06T23:23:49
I_2374_2375_frgp13,impostor,13,right,2374,2375,B,65,65,1000,500,0.383,qwen3vl,similarity_score,2026-07-06T23:23:49
I_2374_2376_frgp13,impostor,13,right,2374,2376,B,85,85,1000,500,0.378,qwen3vl,similarity_score,2026-07-06T23:23:50
I_2374_2379_frgp13,impostor,13,right,2374,2379,B,65,65,1000,500,0.377,qwen3vl,similarity_score,2026-07-06T23:23:50
I_2374_2380_frgp13,impostor,13,right,2374,2380,B,85,85,1000,500,0.377,qwen3vl,similarity_score,2026-07-06T23:23:51
I_2374_2381_frgp13,impostor,13,right,2374,2381,B,65,65,1000,500,0.378,qwen3vl,similarity_score,2026-07-06T23:23:51
I_2374_2383_frgp13,impostor,13,right,2374,2383,B,85,85,1000,500,0.377,qwen3vl,similarity_score,2026-07-06T23:23:51
I_2374_2384_frgp13,impostor,13,right,2374,2384,B,65,65,1000,500,0.379,qwen3vl,similarity_score,2026-07-06T23:23:52
I_2374_2386_frgp13,impostor,13,right,2374,2386,B,0,0,1000,500,0.361,qwen3vl,similarity_score,2026-07-06T23:23:52
I_2374_2388_frgp13,impostor,13,right,2374,2388,B,65,65,1000,500,0.38,qwen3vl,similarity_score,2026-07-06T23:23:52
I_2374_2391_frgp13,impostor,13,right,2374,2391,B,65,65,1000,500,0.379,qwen3vl,similarity_score,2026-07-06T23:23:53
I_2374_2392_frgp13,impostor,13,right,2374,2392,B,85,85,1000,500,0.379,qwen3vl,similarity_score,2026-07-06T23:23:53
I_2374_2394_frgp13,impostor,13,right,2374,2394,B,65,65,1000,500,0.377,qwen3vl,similarity_score,2026-07-06T23:23:54
I_2374_2395_frgp13,impostor,13,right,2374,2395,B,85,85,1000,500,0.378,qwen3vl,similarity_score,2026-07-06T23:23:54
I_2374_2396_frgp13,impostor,13,right,2374,2396,B,65,65,1000,500,0.378,qwen3vl,similarity_score,2026-07-06T23:23:54
I_2374_2398_frgp13,impostor,13,right,2374,2398,B,65,65,1000,500,0.38,qwen3vl,similarity_score,2026-07-06T23:23:55
I_2374_2399_frgp13,impostor,13,right,2374,2399,B,65,65,1000,500,0.378,qwen3vl,similarity_score,2026-07-06T23:23:55
I_2374_2401_frgp13,impostor,13,right,2374,2401,B,65,65,1000,500,0.381,qwen3vl,similarity_score,2026-07-06T23:23:55
I_2374_2402_frgp13,impostor,13,right,2374,2402,B,65,65,1000,500,0.38,qwen3vl,similarity_score,2026-07-06T23:23:56
I_2374_2403_frgp13,impostor,13,right,2374,2403,B,65,65,1000,500,0.383,qwen3vl,similarity_score,2026-07-06T23:23:56
I_2374_2405_frgp13,impostor,13,right,2374,2405,B,65,65,1000,500,0.378,qwen3vl,similarity_score,2026-07-06T23:23:57
I_2374_2406_frgp13,impostor,13,right,2374,2406,B,65,65,1000,500,0.381,qwen3vl,similarity_score,2026-07-06T23:23:57
I_2374_2407_frgp13,impostor,13,right,2374,2407,B,65,65,1000,500,0.379,qwen3vl,similarity_score,2026-07-06T23:23:57
I_2374_2408_frgp13,impostor,13,right,2374,2408,B,85,85,1000,500,0.377,qwen3vl,similarity_score,2026-07-06T23:23:58
I_2374_2409_frgp13,impostor,13,right,2374,2409,B,85,85,1000,500,0.377,qwen3vl,similarity_score,2026-07-06T23:23:58
I_2374_2412_frgp13,impostor,13,right,2374,2412,B,85,85,1000,500,0.377,qwen3vl,similarity_score,2026-07-06T23:23:58
I_2374_2413_frgp13,impostor,13,right,2374,2413,B,65,65,1000,500,0.378,qwen3vl,similarity_score,2026-07-06T23:23:59
I_2374_2415_frgp13,impostor,13,right,2374,2415,B,65,65,1000,500,0.38,qwen3vl,similarity_score,2026-07-06T23:23:59
I_2374_2418_frgp13,impostor,13,right,2374,2418,B,65,65,1000,500,0.379,qwen3vl,similarity_score,2026-07-06T23:24:00
I_2374_2423_frgp13,impostor,13,right,2374,2423,B,65,65,1000,500,0.376,qwen3vl,similarity_score,2026-07-06T23:24:00
I_2374_2424_frgp13,impostor,13,right,2374,2424,B,65,65,1000,500,0.381,qwen3vl,similarity_score,2026-07-06T23:24:00
I_2374_2425_frgp13,impostor,13,right,2374,2425,B,65,65,1000,500,0.379,qwen3vl,similarity_score,2026-07-06T23:24:01
I_2374_2426_frgp13,impostor,13,right,2374,2426,B,65,65,1000,500,0.379,qwen3vl,similarity_score,2026-07-06T23:24:01
I_2374_2428_frgp13,impostor,13,right,2374,2428,B,85,85,1000,500,0.381,qwen3vl,similarity_score,2026-07-06T23:24:02
I_2374_2440_frgp13,impostor,13,right,2374,2440,B,65,65,1000,500,0.377,qwen3vl,similarity_score,2026-07-06T23:24:02
I_2374_2447_frgp13,impostor,13,right,2374,2447,B,65,65,1000,500,0.378,qwen3vl,similarity_score,2026-07-06T23:24:02
I_2374_2455_frgp13,impostor,13,right,2374,2455,B,65,65,1000,500,0.377,qwen3vl,similarity_score,2026-07-06T23:24:03
I_2374_2462_frgp13,impostor,13,right,2374,2462,B,85,85,1000,500,0.376,qwen3vl,similarity_score,2026-07-06T23:24:03
I_2374_2463_frgp13,impostor,13,right,2374,2463,B,65,65,1000,500,0.378,qwen3vl,similarity_score,2026-07-06T23:24:03
I_2374_2481_frgp13,impostor,13,right,2374,2481,B,65,65,1000,500,0.377,qwen3vl,similarity_score,2026-07-06T23:24:04
I_2375_2376_frgp13,impostor,13,right,2375,2376,B,65,65,1000,500,0.377,qwen3vl,similarity_score,2026-07-06T23:24:04
I_2375_2379_frgp13,impostor,13,right,2375,2379,B,85,85,1000,500,0.378,qwen3vl,similarity_score,2026-07-06T23:24:05
I_2375_2380_frgp13,impostor,13,right,2375,2380,B,65,65,1000,500,0.376,qwen3vl,similarity_score,2026-07-06T23:24:05
I_2375_2381_frgp13,impostor,13,right,2375,2381,B,65,65,1000,500,0.377,qwen3vl,similarity_score,2026-07-06T23:24:05
I_2375_2383_frgp13,impostor,13,right,2375,2383,B,65,65,1000,500,0.379,qwen3vl,similarity_score,2026-07-06T23:24:06
I_2375_2384_frgp13,impostor,13,right,2375,2384,B,85,85,1000,500,0.378,qwen3vl,similarity_score,2026-07-06T23:24:06
I_2375_2386_frgp13,impostor,13,right,2375,2386,B,0,0,1000,500,0.363,qwen3vl,similarity_score,2026-07-06T23:24:06
I_2375_2388_frgp13,impostor,13,right,2375,2388,B,65,65,1000,500,0.379,qwen3vl,similarity_score,2026-07-06T23:24:07
I_2375_2391_frgp13,impostor,13,right,2375,2391,B,65,65,1000,500,0.375,qwen3vl,similarity_score,2026-07-06T23:24:07
I_2375_2392_frgp13,impostor,13,right,2375,2392,B,85,85,1000,500,0.377,qwen3vl,similarity_score,2026-07-06T23:24:08
I_2375_2394_frgp13,impostor,13,right,2375,2394,B,65,65,1000,500,0.376,qwen3vl,similarity_score,2026-07-06T23:24:08
I_2375_2395_frgp13,impostor,13,right,2375,2395,B,65,65,1000,500,0.376,qwen3vl,similarity_score,2026-07-06T23:24:08
I_2375_2396_frgp13,impostor,13,right,2375,2396,B,65,65,1000,500,0.376,qwen3vl,similarity_score,2026-07-06T23:24:09
I_2375_2398_frgp13,impostor,13,right,2375,2398,B,65,65,1000,500,0.375,qwen3vl,similarity_score,2026-07-06T23:24:09
I_2375_2399_frgp13,impostor,13,right,2375,2399,B,65,65,1000,500,0.379,qwen3vl,similarity_score,2026-07-06T23:24:09
I_2375_2401_frgp13,impostor,13,right,2375,2401,B,65,65,1000,500,0.379,qwen3vl,similarity_score,2026-07-06T23:24:10
I_2375_2402_frgp13,impostor,13,right,2375,2402,B,65,65,1000,500,0.379,qwen3vl,similarity_score,2026-07-06T23:24:10
I_2375_2403_frgp13,impostor,13,right,2375,2403,B,65,65,1000,500,0.377,qwen3vl,similarity_score,2026-07-06T23:24:11
I_2375_2405_frgp13,impostor,13,right,2375,2405,B,65,65,1000,500,0.376,qwen3vl,similarity_score,2026-07-06T23:24:11
I_2375_2406_frgp13,impostor,13,right,2375,2406,B,65,65,1000,500,0.383,qwen3vl,similarity_score,2026-07-06T23:24:11
I_2375_2407_frgp13,impostor,13,right,2375,2407,B,65,65,1000,500,0.377,qwen3vl,similarity_score,2026-07-06T23:24:12
I_2375_2408_frgp13,impostor,13,right,2375,2408,B,65,65,1000,500,0.377,qwen3vl,similarity_score,2026-07-06T23:24:12
I_2375_2409_frgp13,impostor,13,right,2375,2409,B,65,65,1000,500,0.377,qwen3vl,similarity_score,2026-07-06T23:24:12
I_2375_2412_frgp13,impostor,13,right,2375,2412,B,85,85,1000,500,0.375,qwen3vl,similarity_score,2026-07-06T23:24:13
I_2375_2413_frgp13,impostor,13,right,2375,2413,B,65,65,1000,500,0.376,qwen3vl,similarity_score,2026-07-06T23:24:13
I_2375_2415_frgp13,impostor,13,right,2375,2415,B,65,65,1000,500,0.377,qwen3vl,similarity_score,2026-07-06T23:24:14
I_2375_2418_frgp13,impostor,13,right,2375,2418,B,65,65,1000,500,0.376,qwen3vl,similarity_score,2026-07-06T23:24:14
I_2375_2423_frgp13,impostor,13,right,2375,2423,B,65,65,1000,500,0.376,qwen3vl,similarity_score,2026-07-06T23:24:14
I_2375_2424_frgp13,impostor,13,right,2375,2424,B,65,65,1000,500,0.376,qwen3vl,similarity_score,2026-07-06T23:24:15
I_2375_2425_frgp13,impostor,13,right,2375,2425,B,65,65,1000,500,0.377,qwen3vl,similarity_score,2026-07-06T23:24:15
I_2375_2426_frgp13,impostor,13,right,2375,2426,B,65,65,1000,500,0.381,qwen3vl,similarity_score,2026-07-06T23:24:15
I_2375_2428_frgp13,impostor,13,right,2375,2428,B,65,65,1000,500,0.375,qwen3vl,similarity_score,2026-07-06T23:24:16
I_2375_2440_frgp13,impostor,13,right,2375,2440,B,65,65,1000,500,0.373,qwen3vl,similarity_score,2026-07-06T23:24:16
I_2375_2447_frgp13,impostor,13,right,2375,2447,B,65,65,1000,500,0.374,qwen3vl,similarity_score,2026-07-06T23:24:17
I_2375_2455_frgp13,impostor,13,right,2375,2455,B,65,65,1000,500,0.376,qwen3vl,similarity_score,2026-07-06T23:24:17
I_2375_2462_frgp13,impostor,13,right,2375,2462,B,65,65,1000,500,0.376,qwen3vl,similarity_score,2026-07-06T23:24:17
I_2375_2463_frgp13,impostor,13,right,2375,2463,B,65,65,1000,500,0.38,qwen3vl,similarity_score,2026-07-06T23:24:18
I_2375_2481_frgp13,impostor,13,right,2375,2481,B,65,65,1000,500,0.379,qwen3vl,similarity_score,2026-07-06T23:24:18
I_2376_2379_frgp13,impostor,13,right,2376,2379,B,65,65,1000,500,0.39,qwen3vl,similarity_score,2026-07-06T23:24:18
I_2376_2380_frgp13,impostor,13,right,2376,2380,B,85,85,1000,500,0.385,qwen3vl,similarity_score,2026-07-06T23:24:19
I_2376_2381_frgp13,impostor,13,right,2376,2381,B,65,65,1000,500,0.386,qwen3vl,similarity_score,2026-07-06T23:24:19
I_2376_2383_frgp13,impostor,13,right,2376,2383,B,85,85,1000,500,0.381,qwen3vl,similarity_score,2026-07-06T23:24:20
I_2376_2384_frgp13,impostor,13,right,2376,2384,B,85,85,1000,500,0.384,qwen3vl,similarity_score,2026-07-06T23:24:20
I_2376_2386_frgp13,impostor,13,right,2376,2386,B,0,0,1000,500,0.371,qwen3vl,similarity_score,2026-07-06T23:24:20
I_2376_2388_frgp13,impostor,13,right,2376,2388,B,65,65,1000,500,0.388,qwen3vl,similarity_score,2026-07-06T23:24:21
I_2376_2391_frgp13,impostor,13,right,2376,2391,B,85,85,1000,500,0.387,qwen3vl,similarity_score,2026-07-06T23:24:21
I_2376_2392_frgp13,impostor,13,right,2376,2392,B,95,95,1000,500,0.389,qwen3vl,similarity_score,2026-07-06T23:24:22
I_2376_2394_frgp13,impostor,13,right,2376,2394,B,65,65,1000,500,0.386,qwen3vl,similarity_score,2026-07-06T23:24:22
I_2376_2395_frgp13,impostor,13,right,2376,2395,B,85,85,1000,500,0.397,qwen3vl,similarity_score,2026-07-06T23:24:22
I_2376_2396_frgp13,impostor,13,right,2376,2396,B,65,65,1000,500,0.421,qwen3vl,similarity_score,2026-07-06T23:24:23
I_2376_2398_frgp13,impostor,13,right,2376,2398,B,65,65,1000,500,0.421,qwen3vl,similarity_score,2026-07-06T23:24:23
I_2376_2399_frgp13,impostor,13,right,2376,2399,B,65,65,1000,500,0.422,qwen3vl,similarity_score,2026-07-06T23:24:24
I_2376_2401_frgp13,impostor,13,right,2376,2401,B,65,65,1000,500,0.424,qwen3vl,similarity_score,2026-07-06T23:24:24
I_2376_2402_frgp13,impostor,13,right,2376,2402,B,65,65,1000,500,0.391,qwen3vl,similarity_score,2026-07-06T23:24:24
I_2376_2403_frgp13,impostor,13,right,2376,2403,B,65,65,1000,500,0.383,qwen3vl,similarity_score,2026-07-06T23:24:25
I_2376_2405_frgp13,impostor,13,right,2376,2405,B,65,65,1000,500,0.381,qwen3vl,similarity_score,2026-07-06T23:24:25
I_2376_2406_frgp13,impostor,13,right,2376,2406,B,65,65,1000,500,0.391,qwen3vl,similarity_score,2026-07-06T23:24:26
I_2376_2407_frgp13,impostor,13,right,2376,2407,B,85,85,1000,500,0.385,qwen3vl,similarity_score,2026-07-06T23:24:26
I_2376_2408_frgp13,impostor,13,right,2376,2408,B,85,85,1000,500,0.386,qwen3vl,similarity_score,2026-07-06T23:24:26
I_2376_2409_frgp13,impostor,13,right,2376,2409,B,85,85,1000,500,0.386,qwen3vl,similarity_score,2026-07-06T23:24:27
I_2376_2412_frgp13,impostor,13,right,2376,2412,B,85,85,1000,500,0.383,qwen3vl,similarity_score,2026-07-06T23:24:27
I_2376_2413_frgp13,impostor,13,right,2376,2413,B,85,85,1000,500,0.389,qwen3vl,similarity_score,2026-07-06T23:24:27
I_2376_2415_frgp13,impostor,13,right,2376,2415,B,85,85,1000,500,0.388,qwen3vl,similarity_score,2026-07-06T23:24:28
I_2376_2418_frgp13,impostor,13,right,2376,2418,B,85,85,1000,500,0.387,qwen3vl,similarity_score,2026-07-06T23:24:28
I_2376_2423_frgp13,impostor,13,right,2376,2423,B,65,65,1000,500,0.385,qwen3vl,similarity_score,2026-07-06T23:24:29
I_2376_2424_frgp13,impostor,13,right,2376,2424,B,65,65,1000,500,0.385,qwen3vl,similarity_score,2026-07-06T23:24:29
I_2376_2425_frgp13,impostor,13,right,2376,2425,B,85,85,1000,500,0.386,qwen3vl,similarity_score,2026-07-06T23:24:29
I_2376_2426_frgp13,impostor,13,right,2376,2426,B,65,65,1000,500,0.382,qwen3vl,similarity_score,2026-07-06T23:24:30
I_2376_2428_frgp13,impostor,13,right,2376,2428,B,85,85,1000,500,0.381,qwen3vl,similarity_score,2026-07-06T23:24:30
I_2376_2440_frgp13,impostor,13,right,2376,2440,B,65,65,1000,500,0.386,qwen3vl,similarity_score,2026-07-06T23:24:31
I_2376_2447_frgp13,impostor,13,right,2376,2447,B,85,85,1000,500,0.385,qwen3vl,similarity_score,2026-07-06T23:24:31
I_2376_2455_frgp13,impostor,13,right,2376,2455,B,65,65,1000,500,0.387,qwen3vl,similarity_score,2026-07-06T23:24:31
I_2376_2462_frgp13,impostor,13,right,2376,2462,B,65,65,1000,500,0.387,qwen3vl,similarity_score,2026-07-06T23:24:32
I_2376_2463_frgp13,impostor,13,right,2376,2463,B,65,65,1000,500,0.387,qwen3vl,similarity_score,2026-07-06T23:24:32
I_2376_2481_frgp13,impostor,13,right,2376,2481,B,65,65,1000,500,0.383,qwen3vl,similarity_score,2026-07-06T23:24:32
I_2379_2380_frgp13,impostor,13,right,2379,2380,B,65,65,1000,500,0.377,qwen3vl,similarity_score,2026-07-06T23:24:33
I_2379_2381_frgp13,impostor,13,right,2379,2381,B,65,65,1000,500,0.383,qwen3vl,similarity_score,2026-07-06T23:24:33
I_2379_2383_frgp13,impostor,13,right,2379,2383,B,65,65,1000,500,0.381,qwen3vl,similarity_score,2026-07-06T23:24:34
I_2379_2384_frgp13,impostor,13,right,2379,2384,B,85,85,1000,500,0.382,qwen3vl,similarity_score,2026-07-06T23:24:34
I_2379_2386_frgp13,impostor,13,right,2379,2386,B,65,65,1000,500,0.381,qwen3vl,similarity_score,2026-07-06T23:24:34
I_2379_2388_frgp13,impostor,13,right,2379,2388,B,65,65,1000,500,0.384,qwen3vl,similarity_score,2026-07-06T23:24:35
I_2379_2391_frgp13,impostor,13,right,2379,2391,B,85,85,1000,500,0.378,qwen3vl,similarity_score,2026-07-06T23:24:35
I_2379_2392_frgp13,impostor,13,right,2379,2392,B,95,95,1000,500,0.382,qwen3vl,similarity_score,2026-07-06T23:24:36
I_2379_2394_frgp13,impostor,13,right,2379,2394,B,65,65,1000,500,0.377,qwen3vl,similarity_score,2026-07-06T23:24:36
I_2379_2395_frgp13,impostor,13,right,2379,2395,B,85,85,1000,500,0.376,qwen3vl,similarity_score,2026-07-06T23:24:36
I_2379_2396_frgp13,impostor,13,right,2379,2396,B,65,65,1000,500,0.382,qwen3vl,similarity_score,2026-07-06T23:24:37
I_2379_2398_frgp13,impostor,13,right,2379,2398,B,65,65,1000,500,0.38,qwen3vl,similarity_score,2026-07-06T23:24:37
I_2379_2399_frgp13,impostor,13,right,2379,2399,B,85,85,1000,500,0.377,qwen3vl,similarity_score,2026-07-06T23:24:37
I_2379_2401_frgp13,impostor,13,right,2379,2401,B,65,65,1000,500,0.376,qwen3vl,similarity_score,2026-07-06T23:24:38
I_2379_2402_frgp13,impostor,13,right,2379,2402,B,85,85,1000,500,0.377,qwen3vl,similarity_score,2026-07-06T23:24:38
I_2379_2403_frgp13,impostor,13,right,2379,2403,B,65,65,1000,500,0.378,qwen3vl,similarity_score,2026-07-06T23:24:39
I_2379_2405_frgp13,impostor,13,right,2379,2405,B,65,65,1000,500,0.376,qwen3vl,similarity_score,2026-07-06T23:24:39
I_2379_2406_frgp13,impostor,13,right,2379,2406,B,65,65,1000,500,0.382,qwen3vl,similarity_score,2026-07-06T23:24:39
I_2379_2407_frgp13,impostor,13,right,2379,2407,B,85,85,1000,500,0.377,qwen3vl,similarity_score,2026-07-06T23:24:40
I_2379_2408_frgp13,impostor,13,right,2379,2408,B,65,65,1000,500,0.382,qwen3vl,similarity_score,2026-07-06T23:24:40
I_2379_2409_frgp13,impostor,13,right,2379,2409,B,85,85,1000,500,0.382,qwen3vl,similarity_score,2026-07-06T23:24:40
I_2379_2412_frgp13,impostor,13,right,2379,2412,B,85,85,1000,500,0.382,qwen3vl,similarity_score,2026-07-06T23:24:41
I_2379_2413_frgp13,impostor,13,right,2379,2413,B,85,85,1000,500,0.384,qwen3vl,similarity_score,2026-07-06T23:24:41
I_2379_2415_frgp13,impostor,13,right,2379,2415,B,85,85,1000,500,0.384,qwen3vl,similarity_score,2026-07-06T23:24:42
I_2379_2418_frgp13,impostor,13,right,2379,2418,B,65,65,1000,500,0.383,qwen3vl,similarity_score,2026-07-06T23:24:42
I_2379_2423_frgp13,impostor,13,right,2379,2423,B,65,65,1000,500,0.383,qwen3vl,similarity_score,2026-07-06T23:24:42
I_2379_2424_frgp13,impostor,13,right,2379,2424,B,65,65,1000,500,0.383,qwen3vl,similarity_score,2026-07-06T23:24:43
I_2379_2425_frgp13,impostor,13,right,2379,2425,B,85,85,1000,500,0.383,qwen3vl,similarity_score,2026-07-06T23:24:43
I_2379_2426_frgp13,impostor,13,right,2379,2426,B,65,65,1000,500,0.382,qwen3vl,similarity_score,2026-07-06T23:24:44
I_2379_2428_frgp13,impostor,13,right,2379,2428,B,85,85,1000,500,0.379,qwen3vl,similarity_score,2026-07-06T23:24:44
I_2379_2440_frgp13,impostor,13,right,2379,2440,B,65,65,1000,500,0.38,qwen3vl,similarity_score,2026-07-06T23:24:44
I_2379_2447_frgp13,impostor,13,right,2379,2447,B,65,65,1000,500,0.38,qwen3vl,similarity_score,2026-07-06T23:24:45
I_2379_2455_frgp13,impostor,13,right,2379,2455,B,65,65,1000,500,0.379,qwen3vl,similarity_score,2026-07-06T23:24:45
I_2379_2462_frgp13,impostor,13,right,2379,2462,B,65,65,1000,500,0.378,qwen3vl,similarity_score,2026-07-06T23:24:45
I_2379_2463_frgp13,impostor,13,right,2379,2463,B,65,65,1000,500,0.379,qwen3vl,similarity_score,2026-07-06T23:24:46
I_2379_2481_frgp13,impostor,13,right,2379,2481,B,65,65,1000,500,0.38,qwen3vl,similarity_score,2026-07-06T23:24:46
I_2380_2381_frgp13,impostor,13,right,2380,2381,B,65,65,1000,500,0.377,qwen3vl,similarity_score,2026-07-06T23:24:47
I_2380_2383_frgp13,impostor,13,right,2380,2383,B,85,85,1000,500,0.374,qwen3vl,similarity_score,2026-07-06T23:24:47
I_2380_2384_frgp13,impostor,13,right,2380,2384,B,85,85,1000,500,0.387,qwen3vl,similarity_score,2026-07-06T23:24:47
I_2380_2386_frgp13,impostor,13,right,2380,2386,B,0,0,1000,500,0.389,qwen3vl,similarity_score,2026-07-06T23:24:48
I_2380_2388_frgp13,impostor,13,right,2380,2388,B,65,65,1000,500,0.411,qwen3vl,similarity_score,2026-07-06T23:24:48
I_2380_2391_frgp13,impostor,13,right,2380,2391,B,65,65,1000,500,0.413,qwen3vl,similarity_score,2026-07-06T23:24:49
I_2380_2392_frgp13,impostor,13,right,2380,2392,B,85,85,1000,500,0.414,qwen3vl,similarity_score,2026-07-06T23:24:49
I_2380_2394_frgp13,impostor,13,right,2380,2394,B,65,65,1000,500,0.397,qwen3vl,similarity_score,2026-07-06T23:24:49
I_2380_2395_frgp13,impostor,13,right,2380,2395,B,85,85,1000,500,0.381,qwen3vl,similarity_score,2026-07-06T23:24:50
I_2380_2396_frgp13,impostor,13,right,2380,2396,B,65,65,1000,500,0.377,qwen3vl,similarity_score,2026-07-06T23:24:50
I_2380_2398_frgp13,impostor,13,right,2380,2398,B,65,65,1000,500,0.381,qwen3vl,similarity_score,2026-07-06T23:24:50
I_2380_2399_frgp13,impostor,13,right,2380,2399,B,65,65,1000,500,0.382,qwen3vl,similarity_score,2026-07-06T23:24:51
I_2380_2401_frgp13,impostor,13,right,2380,2401,B,65,65,1000,500,0.379,qwen3vl,similarity_score,2026-07-06T23:24:51
I_2380_2402_frgp13,impostor,13,right,2380,2402,B,65,65,1000,500,0.382,qwen3vl,similarity_score,2026-07-06T23:24:52
I_2380_2403_frgp13,impostor,13,right,2380,2403,B,65,65,1000,500,0.379,qwen3vl,similarity_score,2026-07-06T23:24:52
I_2380_2405_frgp13,impostor,13,right,2380,2405,B,65,65,1000,500,0.381,qwen3vl,similarity_score,2026-07-06T23:24:52
I_2380_2406_frgp13,impostor,13,right,2380,2406,B,65,65,1000,500,0.38,qwen3vl,similarity_score,2026-07-06T23:24:53
I_2380_2407_frgp13,impostor,13,right,2380,2407,B,65,65,1000,500,0.377,qwen3vl,similarity_score,2026-07-06T23:24:53
I_2380_2408_frgp13,impostor,13,right,2380,2408,B,85,85,1000,500,0.374,qwen3vl,similarity_score,2026-07-06T23:24:54
I_2380_2409_frgp13,impostor,13,right,2380,2409,B,85,85,1000,500,0.376,qwen3vl,similarity_score,2026-07-06T23:24:54
I_2380_2412_frgp13,impostor,13,right,2380,2412,B,85,85,1000,500,0.378,qwen3vl,similarity_score,2026-07-06T23:24:54
I_2380_2413_frgp13,impostor,13,right,2380,2413,B,65,65,1000,500,0.38,qwen3vl,similarity_score,2026-07-06T23:24:55
I_2380_2415_frgp13,impostor,13,right,2380,2415,B,65,65,1000,500,0.379,qwen3vl,similarity_score,2026-07-06T23:24:55
I_2380_2418_frgp13,impostor,13,right,2380,2418,B,65,65,1000,500,0.378,qwen3vl,similarity_score,2026-07-06T23:24:55
I_2380_2423_frgp13,impostor,13,right,2380,2423,B,65,65,1000,500,0.378,qwen3vl,similarity_score,2026-07-06T23:24:56
I_2380_2424_frgp13,impostor,13,right,2380,2424,B,65,65,1000,500,0.375,qwen3vl,similarity_score,2026-07-06T23:24:56
I_2380_2425_frgp13,impostor,13,right,2380,2425,B,65,65,1000,500,0.377,qwen3vl,similarity_score,2026-07-06T23:24:57
I_2380_2426_frgp13,impostor,13,right,2380,2426,B,65,65,1000,500,0.38,qwen3vl,similarity_score,2026-07-06T23:24:57
I_2380_2428_frgp13,impostor,13,right,2380,2428,B,85,85,1000,500,0.377,qwen3vl,similarity_score,2026-07-06T23:24:57
I_2380_2440_frgp13,impostor,13,right,2380,2440,B,65,65,1000,500,0.382,qwen3vl,similarity_score,2026-07-06T23:24:58
I_2380_2447_frgp13,impostor,13,right,2380,2447,B,65,65,1000,500,0.38,qwen3vl,similarity_score,2026-07-06T23:24:58
I_2380_2455_frgp13,impostor,13,right,2380,2455,B,65,65,1000,500,0.379,qwen3vl,similarity_score,2026-07-06T23:24:58
I_2380_2462_frgp13,impostor,13,right,2380,2462,B,65,65,1000,500,0.374,qwen3vl,similarity_score,2026-07-06T23:24:59
I_2380_2463_frgp13,impostor,13,right,2380,2463,B,65,65,1000,500,0.375,qwen3vl,similarity_score,2026-07-06T23:24:59
I_2380_2481_frgp13,impostor,13,right,2380,2481,B,65,65,1000,500,0.378,qwen3vl,similarity_score,2026-07-06T23:25:00
I_2381_2383_frgp13,impostor,13,right,2381,2383,B,65,65,1000,500,0.379,qwen3vl,similarity_score,2026-07-06T23:25:00
I_2381_2384_frgp13,impostor,13,right,2381,2384,B,65,65,1000,500,0.381,qwen3vl,similarity_score,2026-07-06T23:25:00
I_2381_2386_frgp13,impostor,13,right,2381,2386,B,65,65,1000,500,0.383,qwen3vl,similarity_score,2026-07-06T23:25:01
I_2381_2388_frgp13,impostor,13,right,2381,2388,B,65,65,1000,500,0.376,qwen3vl,similarity_score,2026-07-06T23:25:01
I_2381_2391_frgp13,impostor,13,right,2381,2391,B,85,85,1000,500,0.382,qwen3vl,similarity_score,2026-07-06T23:25:01
I_2381_2392_frgp13,impostor,13,right,2381,2392,B,65,65,1000,500,0.378,qwen3vl,similarity_score,2026-07-06T23:25:02
I_2381_2394_frgp13,impostor,13,right,2381,2394,B,65,65,1000,500,0.377,qwen3vl,similarity_score,2026-07-06T23:25:02
I_2381_2395_frgp13,impostor,13,right,2381,2395,B,65,65,1000,500,0.376,qwen3vl,similarity_score,2026-07-06T23:25:03
I_2381_2396_frgp13,impostor,13,right,2381,2396,B,65,65,1000,500,0.378,qwen3vl,similarity_score,2026-07-06T23:25:03
I_2381_2398_frgp13,impostor,13,right,2381,2398,B,65,65,1000,500,0.377,qwen3vl,similarity_score,2026-07-06T23:25:03
I_2381_2399_frgp13,impostor,13,right,2381,2399,B,65,65,1000,500,0.378,qwen3vl,similarity_score,2026-07-06T23:25:04
I_2381_2401_frgp13,impostor,13,right,2381,2401,B,65,65,1000,500,0.378,qwen3vl,similarity_score,2026-07-06T23:25:04
I_2381_2402_frgp13,impostor,13,right,2381,2402,B,65,65,1000,500,0.381,qwen3vl,similarity_score,2026-07-06T23:25:04
I_2381_2403_frgp13,impostor,13,right,2381,2403,B,65,65,1000,500,0.377,qwen3vl,similarity_score,2026-07-06T23:25:05
I_2381_2405_frgp13,impostor,13,right,2381,2405,B,65,65,1000,500,0.378,qwen3vl,similarity_score,2026-07-06T23:25:05
I_2381_2406_frgp13,impostor,13,right,2381,2406,B,65,65,1000,500,0.381,qwen3vl,similarity_score,2026-07-06T23:25:06
I_2381_2407_frgp13,impostor,13,right,2381,2407,B,65,65,1000,500,0.381,qwen3vl,similarity_score,2026-07-06T23:25:06
I_2381_2408_frgp13,impostor,13,right,2381,2408,B,65,65,1000,500,0.379,qwen3vl,similarity_score,2026-07-06T23:25:06
I_2381_2409_frgp13,impostor,13,right,2381,2409,B,65,65,1000,500,0.377,qwen3vl,similarity_score,2026-07-06T23:25:07
I_2381_2412_frgp13,impostor,13,right,2381,2412,B,65,65,1000,500,0.376,qwen3vl,similarity_score,2026-07-06T23:25:07
I_2381_2413_frgp13,impostor,13,right,2381,2413,B,65,65,1000,500,0.378,qwen3vl,similarity_score,2026-07-06T23:25:08
I_2381_2415_frgp13,impostor,13,right,2381,2415,B,65,65,1000,500,0.379,qwen3vl,similarity_score,2026-07-06T23:25:08
I_2381_2418_frgp13,impostor,13,right,2381,2418,B,85,85,1000,500,0.381,qwen3vl,similarity_score,2026-07-06T23:25:08
I_2381_2423_frgp13,impostor,13,right,2381,2423,B,65,65,1000,500,0.378,qwen3vl,similarity_score,2026-07-06T23:25:09
I_2381_2424_frgp13,impostor,13,right,2381,2424,B,65,65,1000,500,0.378,qwen3vl,similarity_score,2026-07-06T23:25:09
I_2381_2425_frgp13,impostor,13,right,2381,2425,B,85,85,1000,500,0.383,qwen3vl,similarity_score,2026-07-06T23:25:09
I_2381_2426_frgp13,impostor,13,right,2381,2426,B,65,65,1000,500,0.38,qwen3vl,similarity_score,2026-07-06T23:25:10
I_2381_2428_frgp13,impostor,13,right,2381,2428,B,65,65,1000,500,0.38,qwen3vl,similarity_score,2026-07-06T23:25:10
I_2381_2440_frgp13,impostor,13,right,2381,2440,B,65,65,1000,500,0.378,qwen3vl,similarity_score,2026-07-06T23:25:11
I_2381_2447_frgp13,impostor,13,right,2381,2447,B,65,65,1000,500,0.377,qwen3vl,similarity_score,2026-07-06T23:25:11
I_2381_2455_frgp13,impostor,13,right,2381,2455,B,65,65,1000,500,0.375,qwen3vl,similarity_score,2026-07-06T23:25:11
I_2381_2462_frgp13,impostor,13,right,2381,2462,B,65,65,1000,500,0.378,qwen3vl,similarity_score,2026-07-06T23:25:12
I_2381_2463_frgp13,impostor,13,right,2381,2463,B,65,65,1000,500,0.379,qwen3vl,similarity_score,2026-07-06T23:25:12
I_2381_2481_frgp13,impostor,13,right,2381,2481,B,65,65,1000,500,0.377,qwen3vl,similarity_score,2026-07-06T23:25:12
I_2383_2384_frgp13,impostor,13,right,2383,2384,B,65,65,1000,500,0.375,qwen3vl,similarity_score,2026-07-06T23:25:13
I_2383_2386_frgp13,impostor,13,right,2383,2386,B,0,0,1000,500,0.36,qwen3vl,similarity_score,2026-07-06T23:25:13
I_2383_2388_frgp13,impostor,13,right,2383,2388,B,65,65,1000,500,0.375,qwen3vl,similarity_score,2026-07-06T23:25:14
I_2383_2391_frgp13,impostor,13,right,2383,2391,B,65,65,1000,500,0.378,qwen3vl,similarity_score,2026-07-06T23:25:14
I_2383_2392_frgp13,impostor,13,right,2383,2392,B,95,95,1000,500,0.378,qwen3vl,similarity_score,2026-07-06T23:25:14
I_2383_2394_frgp13,impostor,13,right,2383,2394,B,65,65,1000,500,0.378,qwen3vl,similarity_score,2026-07-06T23:25:15
I_2383_2395_frgp13,impostor,13,right,2383,2395,B,85,85,1000,500,0.378,qwen3vl,similarity_score,2026-07-06T23:25:15
I_2383_2396_frgp13,impostor,13,right,2383,2396,B,65,65,1000,500,0.377,qwen3vl,similarity_score,2026-07-06T23:25:15
I_2383_2398_frgp13,impostor,13,right,2383,2398,B,65,65,1000,500,0.378,qwen3vl,similarity_score,2026-07-06T23:25:16
I_2383_2399_frgp13,impostor,13,right,2383,2399,B,65,65,1000,500,0.378,qwen3vl,similarity_score,2026-07-06T23:25:16
I_2383_2401_frgp13,impostor,13,right,2383,2401,B,65,65,1000,500,0.378,qwen3vl,similarity_score,2026-07-06T23:25:17
I_2383_2402_frgp13,impostor,13,right,2383,2402,B,65,65,1000,500,0.377,qwen3vl,similarity_score,2026-07-06T23:25:17
I_2383_2403_frgp13,impostor,13,right,2383,2403,B,65,65,1000,500,0.377,qwen3vl,similarity_score,2026-07-06T23:25:17
I_2383_2405_frgp13,impostor,13,right,2383,2405,B,65,65,1000,500,0.379,qwen3vl,similarity_score,2026-07-06T23:25:18
I_2383_2406_frgp13,impostor,13,right,2383,2406,B,65,65,1000,500,0.378,qwen3vl,similarity_score,2026-07-06T23:25:18
I_2383_2407_frgp13,impostor,13,right,2383,2407,B,65,65,1000,500,0.388,qwen3vl,similarity_score,2026-07-06T23:25:18
I_2383_2408_frgp13,impostor,13,right,2383,2408,B,85,85,1000,500,0.379,qwen3vl,similarity_score,2026-07-06T23:25:19
I_2383_2409_frgp13,impostor,13,right,2383,2409,B,85,85,1000,500,0.378,qwen3vl,similarity_score,2026-07-06T23:25:19
I_2383_2412_frgp13,impostor,13,right,2383,2412,B,85,85,1000,500,0.38,qwen3vl,similarity_score,2026-07-06T23:25:20
I_2383_2413_frgp13,impostor,13,right,2383,2413,B,65,65,1000,500,0.379,qwen3vl,similarity_score,2026-07-06T23:25:20
I_2383_2415_frgp13,impostor,13,right,2383,2415,B,65,65,1000,500,0.378,qwen3vl,similarity_score,2026-07-06T23:25:20
I_2383_2418_frgp13,impostor,13,right,2383,2418,B,65,65,1000,500,0.379,qwen3vl,similarity_score,2026-07-06T23:25:21
I_2383_2423_frgp13,impostor,13,right,2383,2423,B,65,65,1000,500,0.378,qwen3vl,similarity_score,2026-07-06T23:25:21
I_2383_2424_frgp13,impostor,13,right,2383,2424,B,85,85,1000,500,0.379,qwen3vl,similarity_score,2026-07-06T23:25:22
I_2383_2425_frgp13,impostor,13,right,2383,2425,B,65,65,1000,500,0.378,qwen3vl,similarity_score,2026-07-06T23:25:22
I_2383_2426_frgp13,impostor,13,right,2383,2426,B,65,65,1000,500,0.379,qwen3vl,similarity_score,2026-07-06T23:25:22
I_2383_2428_frgp13,impostor,13,right,2383,2428,B,85,85,1000,500,0.378,qwen3vl,similarity_score,2026-07-06T23:25:23
I_2383_2440_frgp13,impostor,13,right,2383,2440,B,85,85,1000,500,0.377,qwen3vl,similarity_score,2026-07-06T23:25:23
I_2383_2447_frgp13,impostor,13,right,2383,2447,B,65,65,1000,500,0.413,qwen3vl,similarity_score,2026-07-06T23:25:23
I_2383_2455_frgp13,impostor,13,right,2383,2455,B,65,65,1000,500,0.412,qwen3vl,similarity_score,2026-07-06T23:25:24
I_2383_2462_frgp13,impostor,13,right,2383,2462,B,65,65,1000,500,0.415,qwen3vl,similarity_score,2026-07-06T23:25:24
I_2383_2463_frgp13,impostor,13,right,2383,2463,B,65,65,1000,500,0.413,qwen3vl,similarity_score,2026-07-06T23:25:25
I_2383_2481_frgp13,impostor,13,right,2383,2481,B,65,65,1000,500,0.401,qwen3vl,similarity_score,2026-07-06T23:25:25
I_2384_2386_frgp13,impostor,13,right,2384,2386,B,0,0,1000,500,0.364,qwen3vl,similarity_score,2026-07-06T23:25:25
I_2384_2388_frgp13,impostor,13,right,2384,2388,B,65,65,1000,500,0.378,qwen3vl,similarity_score,2026-07-06T23:25:26
I_2384_2391_frgp13,impostor,13,right,2384,2391,B,65,65,1000,500,0.381,qwen3vl,similarity_score,2026-07-06T23:25:26
I_2384_2392_frgp13,impostor,13,right,2384,2392,B,65,65,1000,500,0.379,qwen3vl,similarity_score,2026-07-06T23:25:27
I_2384_2394_frgp13,impostor,13,right,2384,2394,B,65,65,1000,500,0.377,qwen3vl,similarity_score,2026-07-06T23:25:27
I_2384_2395_frgp13,impostor,13,right,2384,2395,B,65,65,1000,500,0.377,qwen3vl,similarity_score,2026-07-06T23:25:27
I_2384_2396_frgp13,impostor,13,right,2384,2396,B,65,65,1000,500,0.38,qwen3vl,similarity_score,2026-07-06T23:25:28
I_2384_2398_frgp13,impostor,13,right,2384,2398,B,65,65,1000,500,0.375,qwen3vl,similarity_score,2026-07-06T23:25:28
I_2384_2399_frgp13,impostor,13,right,2384,2399,B,65,65,1000,500,0.378,qwen3vl,similarity_score,2026-07-06T23:25:28
I_2384_2401_frgp13,impostor,13,right,2384,2401,B,65,65,1000,500,0.377,qwen3vl,similarity_score,2026-07-06T23:25:29
I_2384_2402_frgp13,impostor,13,right,2384,2402,B,65,65,1000,500,0.378,qwen3vl,similarity_score,2026-07-06T23:25:29
I_2384_2403_frgp13,impostor,13,right,2384,2403,B,65,65,1000,500,0.379,qwen3vl,similarity_score,2026-07-06T23:25:30
I_2384_2405_frgp13,impostor,13,right,2384,2405,B,65,65,1000,500,0.378,qwen3vl,similarity_score,2026-07-06T23:25:30
I_2384_2406_frgp13,impostor,13,right,2384,2406,B,65,65,1000,500,0.378,qwen3vl,similarity_score,2026-07-06T23:25:30
I_2384_2407_frgp13,impostor,13,right,2384,2407,B,65,65,1000,500,0.38,qwen3vl,similarity_score,2026-07-06T23:25:31
I_2384_2408_frgp13,impostor,13,right,2384,2408,B,65,65,1000,500,0.376,qwen3vl,similarity_score,2026-07-06T23:25:31
I_2384_2409_frgp13,impostor,13,right,2384,2409,B,65,65,1000,500,0.379,qwen3vl,similarity_score,2026-07-06T23:25:31
I_2384_2412_frgp13,impostor,13,right,2384,2412,B,65,65,1000,500,0.378,qwen3vl,similarity_score,2026-07-06T23:25:32
I_2384_2413_frgp13,impostor,13,right,2384,2413,B,65,65,1000,500,0.381,qwen3vl,similarity_score,2026-07-06T23:25:32
I_2384_2415_frgp13,impostor,13,right,2384,2415,B,65,65,1000,500,0.378,qwen3vl,similarity_score,2026-07-06T23:25:33
I_2384_2418_frgp13,impostor,13,right,2384,2418,B,65,65,1000,500,0.378,qwen3vl,similarity_score,2026-07-06T23:25:33
I_2384_2423_frgp13,impostor,13,right,2384,2423,B,65,65,1000,500,0.376,qwen3vl,similarity_score,2026-07-06T23:25:33
I_2384_2424_frgp13,impostor,13,right,2384,2424,B,65,65,1000,500,0.376,qwen3vl,similarity_score,2026-07-06T23:25:34
I_2384_2425_frgp13,impostor,13,right,2384,2425,B,65,65,1000,500,0.377,qwen3vl,similarity_score,2026-07-06T23:25:34
I_2384_2426_frgp13,impostor,13,right,2384,2426,B,65,65,1000,500,0.377,qwen3vl,similarity_score,2026-07-06T23:25:35
I_2384_2428_frgp13,impostor,13,right,2384,2428,B,65,65,1000,500,0.377,qwen3vl,similarity_score,2026-07-06T23:25:35
I_2384_2440_frgp13,impostor,13,right,2384,2440,B,65,65,1000,500,0.375,qwen3vl,similarity_score,2026-07-06T23:25:35
I_2384_2447_frgp13,impostor,13,right,2384,2447,B,65,65,1000,500,0.378,qwen3vl,similarity_score,2026-07-06T23:25:36
I_2384_2455_frgp13,impostor,13,right,2384,2455,B,65,65,1000,500,0.377,qwen3vl,similarity_score,2026-07-06T23:25:36
I_2384_2462_frgp13,impostor,13,right,2384,2462,B,0,0,1000,500,0.361,qwen3vl,similarity_score,2026-07-06T23:25:36
I_2384_2463_frgp13,impostor,13,right,2384,2463,B,65,65,1000,500,0.378,qwen3vl,similarity_score,2026-07-06T23:25:37
I_2384_2481_frgp13,impostor,13,right,2384,2481,B,65,65,1000,500,0.378,qwen3vl,similarity_score,2026-07-06T23:25:37
I_2386_2388_frgp13,impostor,13,right,2386,2388,B,65,65,1000,500,0.38,qwen3vl,similarity_score,2026-07-06T23:25:38
I_2386_2391_frgp13,impostor,13,right,2386,2391,B,65,65,1000,500,0.381,qwen3vl,similarity_score,2026-07-06T23:25:38
I_2386_2392_frgp13,impostor,13,right,2386,2392,B,65,65,1000,500,0.379,qwen3vl,similarity_score,2026-07-06T23:25:38
I_2386_2394_frgp13,impostor,13,right,2386,2394,B,65,65,1000,500,0.38,qwen3vl,similarity_score,2026-07-06T23:25:39
I_2386_2395_frgp13,impostor,13,right,2386,2395,B,65,65,1000,500,0.377,qwen3vl,similarity_score,2026-07-06T23:25:39
I_2386_2396_frgp13,impostor,13,right,2386,2396,B,65,65,1000,500,0.381,qwen3vl,similarity_score,2026-07-06T23:25:39
I_2386_2398_frgp13,impostor,13,right,2386,2398,B,65,65,1000,500,0.378,qwen3vl,similarity_score,2026-07-06T23:25:40
I_2386_2399_frgp13,impostor,13,right,2386,2399,B,65,65,1000,500,0.38,qwen3vl,similarity_score,2026-07-06T23:25:40
I_2386_2401_frgp13,impostor,13,right,2386,2401,B,65,65,1000,500,0.383,qwen3vl,similarity_score,2026-07-06T23:25:41
I_2386_2402_frgp13,impostor,13,right,2386,2402,B,65,65,1000,500,0.39,qwen3vl,similarity_score,2026-07-06T23:25:41
I_2386_2403_frgp13,impostor,13,right,2386,2403,B,65,65,1000,500,0.38,qwen3vl,similarity_score,2026-07-06T23:25:41
I_2386_2405_frgp13,impostor,13,right,2386,2405,B,65,65,1000,500,0.39,qwen3vl,similarity_score,2026-07-06T23:25:42
I_2386_2406_frgp13,impostor,13,right,2386,2406,B,65,65,1000,500,0.381,qwen3vl,similarity_score,2026-07-06T23:25:42
I_2386_2407_frgp13,impostor,13,right,2386,2407,B,65,65,1000,500,0.382,qwen3vl,similarity_score,2026-07-06T23:25:42
I_2386_2408_frgp13,impostor,13,right,2386,2408,B,65,65,1000,500,0.385,qwen3vl,similarity_score,2026-07-06T23:25:43
I_2386_2409_frgp13,impostor,13,right,2386,2409,B,65,65,1000,500,0.385,qwen3vl,similarity_score,2026-07-06T23:25:43
I_2386_2412_frgp13,impostor,13,right,2386,2412,B,65,65,1000,500,0.382,qwen3vl,similarity_score,2026-07-06T23:25:44
I_2386_2413_frgp13,impostor,13,right,2386,2413,B,65,65,1000,500,0.381,qwen3vl,similarity_score,2026-07-06T23:25:44
I_2386_2415_frgp13,impostor,13,right,2386,2415,B,65,65,1000,500,0.384,qwen3vl,similarity_score,2026-07-06T23:25:44
I_2386_2418_frgp13,impostor,13,right,2386,2418,B,65,65,1000,500,0.384,qwen3vl,similarity_score,2026-07-06T23:25:45
I_2386_2423_frgp13,impostor,13,right,2386,2423,B,65,65,1000,500,0.381,qwen3vl,similarity_score,2026-07-06T23:25:45
I_2386_2424_frgp13,impostor,13,right,2386,2424,B,65,65,1000,500,0.376,qwen3vl,similarity_score,2026-07-06T23:25:46
I_2386_2425_frgp13,impostor,13,right,2386,2425,B,65,65,1000,500,0.377,qwen3vl,similarity_score,2026-07-06T23:25:46
I_2386_2426_frgp13,impostor,13,right,2386,2426,B,65,65,1000,500,0.38,qwen3vl,similarity_score,2026-07-06T23:25:46
I_2386_2428_frgp13,impostor,13,right,2386,2428,B,65,65,1000,500,0.388,qwen3vl,similarity_score,2026-07-06T23:25:47
I_2386_2440_frgp13,impostor,13,right,2386,2440,B,65,65,1000,500,0.383,qwen3vl,similarity_score,2026-07-06T23:25:47
I_2386_2447_frgp13,impostor,13,right,2386,2447,B,65,65,1000,500,0.383,qwen3vl,similarity_score,2026-07-06T23:25:47
I_2386_2455_frgp13,impostor,13,right,2386,2455,B,65,65,1000,500,0.398,qwen3vl,similarity_score,2026-07-06T23:25:48
I_2386_2462_frgp13,impostor,13,right,2386,2462,B,65,65,1000,500,0.418,qwen3vl,similarity_score,2026-07-06T23:25:48
I_2386_2463_frgp13,impostor,13,right,2386,2463,B,65,65,1000,500,0.416,qwen3vl,similarity_score,2026-07-06T23:25:49
I_2386_2481_frgp13,impostor,13,right,2386,2481,B,65,65,1000,500,0.416,qwen3vl,similarity_score,2026-07-06T23:25:49
I_2388_2391_frgp13,impostor,13,right,2388,2391,B,85,85,1000,500,0.413,qwen3vl,similarity_score,2026-07-06T23:25:50
I_2388_2392_frgp13,impostor,13,right,2388,2392,B,85,85,1000,500,0.382,qwen3vl,similarity_score,2026-07-06T23:25:50
I_2388_2394_frgp13,impostor,13,right,2388,2394,B,65,65,1000,500,0.375,qwen3vl,similarity_score,2026-07-06T23:25:50
I_2388_2395_frgp13,impostor,13,right,2388,2395,B,65,65,1000,500,0.377,qwen3vl,similarity_score,2026-07-06T23:25:51
I_2388_2396_frgp13,impostor,13,right,2388,2396,B,65,65,1000,500,0.378,qwen3vl,similarity_score,2026-07-06T23:25:51
I_2388_2398_frgp13,impostor,13,right,2388,2398,B,65,65,1000,500,0.377,qwen3vl,similarity_score,2026-07-06T23:25:51
I_2388_2399_frgp13,impostor,13,right,2388,2399,B,65,65,1000,500,0.376,qwen3vl,similarity_score,2026-07-06T23:25:52
I_2388_2401_frgp13,impostor,13,right,2388,2401,B,65,65,1000,500,0.377,qwen3vl,similarity_score,2026-07-06T23:25:52
I_2388_2402_frgp13,impostor,13,right,2388,2402,B,65,65,1000,500,0.38,qwen3vl,similarity_score,2026-07-06T23:25:53
I_2388_2403_frgp13,impostor,13,right,2388,2403,B,65,65,1000,500,0.381,qwen3vl,similarity_score,2026-07-06T23:25:53
I_2388_2405_frgp13,impostor,13,right,2388,2405,B,65,65,1000,500,0.375,qwen3vl,similarity_score,2026-07-06T23:25:53
I_2388_2406_frgp13,impostor,13,right,2388,2406,B,65,65,1000,500,0.379,qwen3vl,similarity_score,2026-07-06T23:25:54
I_2388_2407_frgp13,impostor,13,right,2388,2407,B,65,65,1000,500,0.382,qwen3vl,similarity_score,2026-07-06T23:25:54
I_2388_2408_frgp13,impostor,13,right,2388,2408,B,85,85,1000,500,0.381,qwen3vl,similarity_score,2026-07-06T23:25:54
I_2388_2409_frgp13,impostor,13,right,2388,2409,B,65,65,1000,500,0.381,qwen3vl,similarity_score,2026-07-06T23:25:55
I_2388_2412_frgp13,impostor,13,right,2388,2412,B,85,85,1000,500,0.381,qwen3vl,similarity_score,2026-07-06T23:25:55
I_2388_2413_frgp13,impostor,13,right,2388,2413,B,65,65,1000,500,0.382,qwen3vl,similarity_score,2026-07-06T23:25:56
I_2388_2415_frgp13,impostor,13,right,2388,2415,B,65,65,1000,500,0.382,qwen3vl,similarity_score,2026-07-06T23:25:56
I_2388_2418_frgp13,impostor,13,right,2388,2418,B,65,65,1000,500,0.379,qwen3vl,similarity_score,2026-07-06T23:25:56
I_2388_2423_frgp13,impostor,13,right,2388,2423,B,65,65,1000,500,0.379,qwen3vl,similarity_score,2026-07-06T23:25:57
I_2388_2424_frgp13,impostor,13,right,2388,2424,B,65,65,1000,500,0.377,qwen3vl,similarity_score,2026-07-06T23:25:57
I_2388_2425_frgp13,impostor,13,right,2388,2425,B,65,65,1000,500,0.378,qwen3vl,similarity_score,2026-07-06T23:25:57
I_2388_2426_frgp13,impostor,13,right,2388,2426,B,65,65,1000,500,0.382,qwen3vl,similarity_score,2026-07-06T23:25:58
I_2388_2428_frgp13,impostor,13,right,2388,2428,B,65,65,1000,500,0.38,qwen3vl,similarity_score,2026-07-06T23:25:58
I_2388_2440_frgp13,impostor,13,right,2388,2440,B,65,65,1000,500,0.377,qwen3vl,similarity_score,2026-07-06T23:25:59
I_2388_2447_frgp13,impostor,13,right,2388,2447,B,85,85,1000,500,0.379,qwen3vl,similarity_score,2026-07-06T23:25:59
I_2388_2455_frgp13,impostor,13,right,2388,2455,B,65,65,1000,500,0.384,qwen3vl,similarity_score,2026-07-06T23:25:59
I_2388_2462_frgp13,impostor,13,right,2388,2462,B,65,65,1000,500,0.382,qwen3vl,similarity_score,2026-07-06T23:26:00
I_2388_2463_frgp13,impostor,13,right,2388,2463,B,65,65,1000,500,0.378,qwen3vl,similarity_score,2026-07-06T23:26:00
I_2388_2481_frgp13,impostor,13,right,2388,2481,B,65,65,1000,500,0.379,qwen3vl,similarity_score,2026-07-06T23:26:01
I_2391_2392_frgp13,impostor,13,right,2391,2392,B,85,85,1000,500,0.38,qwen3vl,similarity_score,2026-07-06T23:26:01
I_2391_2394_frgp13,impostor,13,right,2391,2394,B,65,65,1000,500,0.378,qwen3vl,similarity_score,2026-07-06T23:26:01
I_2391_2395_frgp13,impostor,13,right,2391,2395,B,65,65,1000,500,0.379,qwen3vl,similarity_score,2026-07-06T23:26:02
I_2391_2396_frgp13,impostor,13,right,2391,2396,B,65,65,1000,500,0.382,qwen3vl,similarity_score,2026-07-06T23:26:02
I_2391_2398_frgp13,impostor,13,right,2391,2398,B,65,65,1000,500,0.381,qwen3vl,similarity_score,2026-07-06T23:26:02
I_2391_2399_frgp13,impostor,13,right,2391,2399,B,85,85,1000,500,0.383,qwen3vl,similarity_score,2026-07-06T23:26:03
I_2391_2401_frgp13,impostor,13,right,2391,2401,B,65,65,1000,500,0.379,qwen3vl,similarity_score,2026-07-06T23:26:03
I_2391_2402_frgp13,impostor,13,right,2391,2402,B,65,65,1000,500,0.381,qwen3vl,similarity_score,2026-07-06T23:26:04
I_2391_2403_frgp13,impostor,13,right,2391,2403,B,65,65,1000,500,0.379,qwen3vl,similarity_score,2026-07-06T23:26:04
I_2391_2405_frgp13,impostor,13,right,2391,2405,B,65,65,1000,500,0.379,qwen3vl,similarity_score,2026-07-06T23:26:04
I_2391_2406_frgp13,impostor,13,right,2391,2406,B,65,65,1000,500,0.38,qwen3vl,similarity_score,2026-07-06T23:26:05
I_2391_2407_frgp13,impostor,13,right,2391,2407,B,65,65,1000,500,0.38,qwen3vl,similarity_score,2026-07-06T23:26:05
I_2391_2408_frgp13,impostor,13,right,2391,2408,B,65,65,1000,500,0.383,qwen3vl,similarity_score,2026-07-06T23:26:05
I_2391_2409_frgp13,impostor,13,right,2391,2409,B,65,65,1000,500,0.379,qwen3vl,similarity_score,2026-07-06T23:26:06
I_2391_2412_frgp13,impostor,13,right,2391,2412,B,65,65,1000,500,0.378,qwen3vl,similarity_score,2026-07-06T23:26:06
I_2391_2413_frgp13,impostor,13,right,2391,2413,B,65,65,1000,500,0.381,qwen3vl,similarity_score,2026-07-06T23:26:07
I_2391_2415_frgp13,impostor,13,right,2391,2415,B,65,65,1000,500,0.378,qwen3vl,similarity_score,2026-07-06T23:26:07
I_2391_2418_frgp13,impostor,13,right,2391,2418,B,65,65,1000,500,0.378,qwen3vl,similarity_score,2026-07-06T23:26:07
I_2391_2423_frgp13,impostor,13,right,2391,2423,B,65,65,1000,500,0.379,qwen3vl,similarity_score,2026-07-06T23:26:08
I_2391_2424_frgp13,impostor,13,right,2391,2424,B,65,65,1000,500,0.375,qwen3vl,similarity_score,2026-07-06T23:26:08
I_2391_2425_frgp13,impostor,13,right,2391,2425,B,65,65,1000,500,0.376,qwen3vl,similarity_score,2026-07-06T23:26:08
I_2391_2426_frgp13,impostor,13,right,2391,2426,B,65,65,1000,500,0.377,qwen3vl,similarity_score,2026-07-06T23:26:09
I_2391_2428_frgp13,impostor,13,right,2391,2428,B,65,65,1000,500,0.378,qwen3vl,similarity_score,2026-07-06T23:26:09
I_2391_2440_frgp13,impostor,13,right,2391,2440,B,65,65,1000,500,0.376,qwen3vl,similarity_score,2026-07-06T23:26:10
I_2391_2447_frgp13,impostor,13,right,2391,2447,B,85,85,1000,500,0.379,qwen3vl,similarity_score,2026-07-06T23:26:10
I_2391_2455_frgp13,impostor,13,right,2391,2455,B,65,65,1000,500,0.377,qwen3vl,similarity_score,2026-07-06T23:26:10
I_2391_2462_frgp13,impostor,13,right,2391,2462,B,65,65,1000,500,0.38,qwen3vl,similarity_score,2026-07-06T23:26:11
I_2391_2463_frgp13,impostor,13,right,2391,2463,B,65,65,1000,500,0.379,qwen3vl,similarity_score,2026-07-06T23:26:11
I_2391_2481_frgp13,impostor,13,right,2391,2481,B,65,65,1000,500,0.377,qwen3vl,similarity_score,2026-07-06T23:26:12
I_2392_2394_frgp13,impostor,13,right,2392,2394,B,65,65,1000,500,0.378,qwen3vl,similarity_score,2026-07-06T23:26:12
I_2392_2395_frgp13,impostor,13,right,2392,2395,B,85,85,1000,500,0.379,qwen3vl,similarity_score,2026-07-06T23:26:12
I_2392_2396_frgp13,impostor,13,right,2392,2396,B,65,65,1000,500,0.38,qwen3vl,similarity_score,2026-07-06T23:26:13
I_2392_2398_frgp13,impostor,13,right,2392,2398,B,85,85,1000,500,0.38,qwen3vl,similarity_score,2026-07-06T23:26:13
I_2392_2399_frgp13,impostor,13,right,2392,2399,B,65,65,1000,500,0.379,qwen3vl,similarity_score,2026-07-06T23:26:13
I_2392_2401_frgp13,impostor,13,right,2392,2401,B,65,65,1000,500,0.378,qwen3vl,similarity_score,2026-07-06T23:26:14
I_2392_2402_frgp13,impostor,13,right,2392,2402,B,65,65,1000,500,0.378,qwen3vl,similarity_score,2026-07-06T23:26:14
I_2392_2403_frgp13,impostor,13,right,2392,2403,B,65,65,1000,500,0.379,qwen3vl,similarity_score,2026-07-06T23:26:15
I_2392_2405_frgp13,impostor,13,right,2392,2405,B,65,65,1000,500,0.376,qwen3vl,similarity_score,2026-07-06T23:26:15
I_2392_2406_frgp13,impostor,13,right,2392,2406,B,85,85,1000,500,0.378,qwen3vl,similarity_score,2026-07-06T23:26:15
I_2392_2407_frgp13,impostor,13,right,2392,2407,B,65,65,1000,500,0.38,qwen3vl,similarity_score,2026-07-06T23:26:16
I_2392_2408_frgp13,impostor,13,right,2392,2408,B,65,65,1000,500,0.378,qwen3vl,similarity_score,2026-07-06T23:26:16
I_2392_2409_frgp13,impostor,13,right,2392,2409,B,85,85,1000,500,0.38,qwen3vl,similarity_score,2026-07-06T23:26:16
I_2392_2412_frgp13,impostor,13,right,2392,2412,B,65,65,1000,500,0.381,qwen3vl,similarity_score,2026-07-06T23:26:17
I_2392_2413_frgp13,impostor,13,right,2392,2413,B,85,85,1000,500,0.377,qwen3vl,similarity_score,2026-07-06T23:26:17
I_2392_2415_frgp13,impostor,13,right,2392,2415,B,85,85,1000,500,0.379,qwen3vl,similarity_score,2026-07-06T23:26:18
I_2392_2418_frgp13,impostor,13,right,2392,2418,B,65,65,1000,500,0.378,qwen3vl,similarity_score,2026-07-06T23:26:18
I_2392_2423_frgp13,impostor,13,right,2392,2423,B,65,65,1000,500,0.379,qwen3vl,similarity_score,2026-07-06T23:26:18
I_2392_2424_frgp13,impostor,13,right,2392,2424,B,85,85,1000,500,0.379,qwen3vl,similarity_score,2026-07-06T23:26:19
I_2392_2425_frgp13,impostor,13,right,2392,2425,B,65,65,1000,500,0.38,qwen3vl,similarity_score,2026-07-06T23:26:19
I_2392_2426_frgp13,impostor,13,right,2392,2426,B,65,65,1000,500,0.407,qwen3vl,similarity_score,2026-07-06T23:26:19
I_2392_2428_frgp13,impostor,13,right,2392,2428,B,85,85,1000,500,0.427,qwen3vl,similarity_score,2026-07-06T23:26:20
I_2392_2440_frgp13,impostor,13,right,2392,2440,B,85,85,1000,500,0.407,qwen3vl,similarity_score,2026-07-06T23:26:20
I_2392_2447_frgp13,impostor,13,right,2392,2447,B,65,65,1000,500,0.384,qwen3vl,similarity_score,2026-07-06T23:26:21
I_2392_2455_frgp13,impostor,13,right,2392,2455,B,65,65,1000,500,0.383,qwen3vl,similarity_score,2026-07-06T23:26:21
I_2392_2462_frgp13,impostor,13,right,2392,2462,B,65,65,1000,500,0.387,qwen3vl,similarity_score,2026-07-06T23:26:21
I_2392_2463_frgp13,impostor,13,right,2392,2463,B,65,65,1000,500,0.387,qwen3vl,similarity_score,2026-07-06T23:26:22
I_2392_2481_frgp13,impostor,13,right,2392,2481,B,65,65,1000,500,0.384,qwen3vl,similarity_score,2026-07-06T23:26:22
I_2394_2395_frgp13,impostor,13,right,2394,2395,B,65,65,1000,500,0.376,qwen3vl,similarity_score,2026-07-06T23:26:23
I_2394_2396_frgp13,impostor,13,right,2394,2396,B,65,65,1000,500,0.375,qwen3vl,similarity_score,2026-07-06T23:26:23
I_2394_2398_frgp13,impostor,13,right,2394,2398,B,65,65,1000,500,0.375,qwen3vl,similarity_score,2026-07-06T23:26:23
I_2394_2399_frgp13,impostor,13,right,2394,2399,B,65,65,1000,500,0.38,qwen3vl,similarity_score,2026-07-06T23:26:24
I_2394_2401_frgp13,impostor,13,right,2394,2401,B,65,65,1000,500,0.377,qwen3vl,similarity_score,2026-07-06T23:26:24
I_2394_2402_frgp13,impostor,13,right,2394,2402,B,65,65,1000,500,0.383,qwen3vl,similarity_score,2026-07-06T23:26:25
I_2394_2403_frgp13,impostor,13,right,2394,2403,B,65,65,1000,500,0.383,qwen3vl,similarity_score,2026-07-06T23:26:25
I_2394_2405_frgp13,impostor,13,right,2394,2405,B,65,65,1000,500,0.381,qwen3vl,similarity_score,2026-07-06T23:26:25
I_2394_2406_frgp13,impostor,13,right,2394,2406,B,65,65,1000,500,0.379,qwen3vl,similarity_score,2026-07-06T23:26:26
I_2394_2407_frgp13,impostor,13,right,2394,2407,B,65,65,1000,500,0.378,qwen3vl,similarity_score,2026-07-06T23:26:26
I_2394_2408_frgp13,impostor,13,right,2394,2408,B,65,65,1000,500,0.377,qwen3vl,similarity_score,2026-07-06T23:26:26
I_2394_2409_frgp13,impostor,13,right,2394,2409,B,65,65,1000,500,0.379,qwen3vl,similarity_score,2026-07-06T23:26:27
I_2394_2412_frgp13,impostor,13,right,2394,2412,B,65,65,1000,500,0.378,qwen3vl,similarity_score,2026-07-06T23:26:27
I_2394_2413_frgp13,impostor,13,right,2394,2413,B,65,65,1000,500,0.382,qwen3vl,similarity_score,2026-07-06T23:26:28
I_2394_2415_frgp13,impostor,13,right,2394,2415,B,65,65,1000,500,0.382,qwen3vl,similarity_score,2026-07-06T23:26:28
I_2394_2418_frgp13,impostor,13,right,2394,2418,B,65,65,1000,500,0.382,qwen3vl,similarity_score,2026-07-06T23:26:28
I_2394_2423_frgp13,impostor,13,right,2394,2423,B,65,65,1000,500,0.381,qwen3vl,similarity_score,2026-07-06T23:26:29
I_2394_2424_frgp13,impostor,13,right,2394,2424,B,65,65,1000,500,0.378,qwen3vl,similarity_score,2026-07-06T23:26:29
I_2394_2425_frgp13,impostor,13,right,2394,2425,B,65,65,1000,500,0.383,qwen3vl,similarity_score,2026-07-06T23:26:29
I_2394_2426_frgp13,impostor,13,right,2394,2426,B,65,65,1000,500,0.376,qwen3vl,similarity_score,2026-07-06T23:26:30
I_2394_2428_frgp13,impostor,13,right,2394,2428,B,65,65,1000,500,0.375,qwen3vl,similarity_score,2026-07-06T23:26:30
I_2394_2440_frgp13,impostor,13,right,2394,2440,B,65,65,1000,500,0.378,qwen3vl,similarity_score,2026-07-06T23:26:31
I_2394_2447_frgp13,impostor,13,right,2394,2447,B,65,65,1000,500,0.379,qwen3vl,similarity_score,2026-07-06T23:26:31
I_2394_2455_frgp13,impostor,13,right,2394,2455,B,65,65,1000,500,0.377,qwen3vl,similarity_score,2026-07-06T23:26:31
I_2394_2462_frgp13,impostor,13,right,2394,2462,B,65,65,1000,500,0.379,qwen3vl,similarity_score,2026-07-06T23:26:32
I_2394_2463_frgp13,impostor,13,right,2394,2463,B,65,65,1000,500,0.378,qwen3vl,similarity_score,2026-07-06T23:26:32
I_2394_2481_frgp13,impostor,13,right,2394,2481,B,65,65,1000,500,0.381,qwen3vl,similarity_score,2026-07-06T23:26:32
I_2395_2396_frgp13,impostor,13,right,2395,2396,B,65,65,1000,500,0.384,qwen3vl,similarity_score,2026-07-06T23:26:33
I_2395_2398_frgp13,impostor,13,right,2395,2398,B,65,65,1000,500,0.38,qwen3vl,similarity_score,2026-07-06T23:26:33
I_2395_2399_frgp13,impostor,13,right,2395,2399,B,65,65,1000,500,0.38,qwen3vl,similarity_score,2026-07-06T23:26:34
I_2395_2401_frgp13,impostor,13,right,2395,2401,B,65,65,1000,500,0.381,qwen3vl,similarity_score,2026-07-06T23:26:34
I_2395_2402_frgp13,impostor,13,right,2395,2402,B,65,65,1000,500,0.384,qwen3vl,similarity_score,2026-07-06T23:26:34
I_2395_2403_frgp13,impostor,13,right,2395,2403,B,65,65,1000,500,0.382,qwen3vl,similarity_score,2026-07-06T23:26:35
I_2395_2405_frgp13,impostor,13,right,2395,2405,B,65,65,1000,500,0.377,qwen3vl,similarity_score,2026-07-06T23:26:35
I_2395_2406_frgp13,impostor,13,right,2395,2406,B,65,65,1000,500,0.38,qwen3vl,similarity_score,2026-07-06T23:26:36
I_2395_2407_frgp13,impostor,13,right,2395,2407,B,65,65,1000,500,0.382,qwen3vl,similarity_score,2026-07-06T23:26:36
I_2395_2408_frgp13,impostor,13,right,2395,2408,B,85,85,1000,500,0.378,qwen3vl,similarity_score,2026-07-06T23:26:36
I_2395_2409_frgp13,impostor,13,right,2395,2409,B,95,95,1000,500,0.381,qwen3vl,similarity_score,2026-07-06T23:26:37
I_2395_2412_frgp13,impostor,13,right,2395,2412,B,85,85,1000,500,0.377,qwen3vl,similarity_score,2026-07-06T23:26:37
I_2395_2413_frgp13,impostor,13,right,2395,2413,B,65,65,1000,500,0.381,qwen3vl,similarity_score,2026-07-06T23:26:37
I_2395_2415_frgp13,impostor,13,right,2395,2415,B,65,65,1000,500,0.377,qwen3vl,similarity_score,2026-07-06T23:26:38
I_2395_2418_frgp13,impostor,13,right,2395,2418,B,65,65,1000,500,0.378,qwen3vl,similarity_score,2026-07-06T23:26:38
I_2395_2423_frgp13,impostor,13,right,2395,2423,B,85,85,1000,500,0.378,qwen3vl,similarity_score,2026-07-06T23:26:39
I_2395_2424_frgp13,impostor,13,right,2395,2424,B,65,65,1000,500,0.377,qwen3vl,similarity_score,2026-07-06T23:26:39
I_2395_2425_frgp13,impostor,13,right,2395,2425,B,65,65,1000,500,0.379,qwen3vl,similarity_score,2026-07-06T23:26:39
I_2395_2426_frgp13,impostor,13,right,2395,2426,B,65,65,1000,500,0.378,qwen3vl,similarity_score,2026-07-06T23:26:40
I_2395_2428_frgp13,impostor,13,right,2395,2428,B,85,85,1000,500,0.377,qwen3vl,similarity_score,2026-07-06T23:26:40
I_2395_2440_frgp13,impostor,13,right,2395,2440,B,65,65,1000,500,0.379,qwen3vl,similarity_score,2026-07-06T23:26:40
I_2395_2447_frgp13,impostor,13,right,2395,2447,B,65,65,1000,500,0.381,qwen3vl,similarity_score,2026-07-06T23:26:41
I_2395_2455_frgp13,impostor,13,right,2395,2455,B,0,0,1000,500,0.362,qwen3vl,similarity_score,2026-07-06T23:26:41
I_2395_2462_frgp13,impostor,13,right,2395,2462,B,65,65,1000,500,0.377,qwen3vl,similarity_score,2026-07-06T23:26:42
I_2395_2463_frgp13,impostor,13,right,2395,2463,B,65,65,1000,500,0.378,qwen3vl,similarity_score,2026-07-06T23:26:42
I_2395_2481_frgp13,impostor,13,right,2395,2481,B,65,65,1000,500,0.382,qwen3vl,similarity_score,2026-07-06T23:26:42
I_2396_2398_frgp13,impostor,13,right,2396,2398,B,65,65,1000,500,0.388,qwen3vl,similarity_score,2026-07-06T23:26:43
I_2396_2399_frgp13,impostor,13,right,2396,2399,B,65,65,1000,500,0.398,qwen3vl,similarity_score,2026-07-06T23:26:43
I_2396_2401_frgp13,impostor,13,right,2396,2401,B,65,65,1000,500,0.42,qwen3vl,similarity_score,2026-07-06T23:26:44
I_2396_2402_frgp13,impostor,13,right,2396,2402,B,65,65,1000,500,0.421,qwen3vl,similarity_score,2026-07-06T23:26:44
I_2396_2403_frgp13,impostor,13,right,2396,2403,B,65,65,1000,500,0.42,qwen3vl,similarity_score,2026-07-06T23:26:44
I_2396_2405_frgp13,impostor,13,right,2396,2405,B,65,65,1000,500,0.419,qwen3vl,similarity_score,2026-07-06T23:26:45
I_2396_2406_frgp13,impostor,13,right,2396,2406,B,65,65,1000,500,0.387,qwen3vl,similarity_score,2026-07-06T23:26:45
I_2396_2407_frgp13,impostor,13,right,2396,2407,B,65,65,1000,500,0.381,qwen3vl,similarity_score,2026-07-06T23:26:46
I_2396_2408_frgp13,impostor,13,right,2396,2408,B,65,65,1000,500,0.38,qwen3vl,similarity_score,2026-07-06T23:26:46
I_2396_2409_frgp13,impostor,13,right,2396,2409,B,65,65,1000,500,0.379,qwen3vl,similarity_score,2026-07-06T23:26:46
I_2396_2412_frgp13,impostor,13,right,2396,2412,B,65,65,1000,500,0.381,qwen3vl,similarity_score,2026-07-06T23:26:47
I_2396_2413_frgp13,impostor,13,right,2396,2413,B,65,65,1000,500,0.38,qwen3vl,similarity_score,2026-07-06T23:26:47
I_2396_2415_frgp13,impostor,13,right,2396,2415,B,65,65,1000,500,0.381,qwen3vl,similarity_score,2026-07-06T23:26:47
I_2396_2418_frgp13,impostor,13,right,2396,2418,B,65,65,1000,500,0.382,qwen3vl,similarity_score,2026-07-06T23:26:48
I_2396_2423_frgp13,impostor,13,right,2396,2423,B,65,65,1000,500,0.381,qwen3vl,similarity_score,2026-07-06T23:26:48
I_2396_2424_frgp13,impostor,13,right,2396,2424,B,65,65,1000,500,0.38,qwen3vl,similarity_score,2026-07-06T23:26:49
I_2396_2425_frgp13,impostor,13,right,2396,2425,B,65,65,1000,500,0.382,qwen3vl,similarity_score,2026-07-06T23:26:49
I_2396_2426_frgp13,impostor,13,right,2396,2426,B,65,65,1000,500,0.384,qwen3vl,similarity_score,2026-07-06T23:26:49
I_2396_2428_frgp13,impostor,13,right,2396,2428,B,65,65,1000,500,0.384,qwen3vl,similarity_score,2026-07-06T23:26:50
I_2396_2440_frgp13,impostor,13,right,2396,2440,B,65,65,1000,500,0.382,qwen3vl,similarity_score,2026-07-06T23:26:50
I_2396_2447_frgp13,impostor,13,right,2396,2447,B,65,65,1000,500,0.382,qwen3vl,similarity_score,2026-07-06T23:26:51
I_2396_2455_frgp13,impostor,13,right,2396,2455,B,65,65,1000,500,0.382,qwen3vl,similarity_score,2026-07-06T23:26:51
I_2396_2462_frgp13,impostor,13,right,2396,2462,B,65,65,1000,500,0.381,qwen3vl,similarity_score,2026-07-06T23:26:51
I_2396_2463_frgp13,impostor,13,right,2396,2463,B,65,65,1000,500,0.383,qwen3vl,similarity_score,2026-07-06T23:26:52
I_2396_2481_frgp13,impostor,13,right,2396,2481,B,65,65,1000,500,0.383,qwen3vl,similarity_score,2026-07-06T23:26:52
I_2398_2399_frgp13,impostor,13,right,2398,2399,B,65,65,1000,500,0.378,qwen3vl,similarity_score,2026-07-06T23:26:52
I_2398_2401_frgp13,impostor,13,right,2398,2401,B,65,65,1000,500,0.377,qwen3vl,similarity_score,2026-07-06T23:26:53
I_2398_2402_frgp13,impostor,13,right,2398,2402,B,65,65,1000,500,0.377,qwen3vl,similarity_score,2026-07-06T23:26:53
I_2398_2403_frgp13,impostor,13,right,2398,2403,B,85,85,1000,500,0.378,qwen3vl,similarity_score,2026-07-06T23:26:54
I_2398_2405_frgp13,impostor,13,right,2398,2405,B,65,65,1000,500,0.378,qwen3vl,similarity_score,2026-07-06T23:26:54
I_2398_2406_frgp13,impostor,13,right,2398,2406,B,85,85,1000,500,0.377,qwen3vl,similarity_score,2026-07-06T23:26:54
I_2398_2407_frgp13,impostor,13,right,2398,2407,B,65,65,1000,500,0.38,qwen3vl,similarity_score,2026-07-06T23:26:55
I_2398_2408_frgp13,impostor,13,right,2398,2408,B,65,65,1000,500,0.377,qwen3vl,similarity_score,2026-07-06T23:26:55
I_2398_2409_frgp13,impostor,13,right,2398,2409,B,85,85,1000,500,0.378,qwen3vl,similarity_score,2026-07-06T23:26:55
I_2398_2412_frgp13,impostor,13,right,2398,2412,B,65,65,1000,500,0.379,qwen3vl,similarity_score,2026-07-06T23:26:56
I_2398_2413_frgp13,impostor,13,right,2398,2413,B,85,85,1000,500,0.378,qwen3vl,similarity_score,2026-07-06T23:26:56
I_2398_2415_frgp13,impostor,13,right,2398,2415,B,85,85,1000,500,0.376,qwen3vl,similarity_score,2026-07-06T23:26:57
I_2398_2418_frgp13,impostor,13,right,2398,2418,B,85,85,1000,500,0.376,qwen3vl,similarity_score,2026-07-06T23:26:57
I_2398_2423_frgp13,impostor,13,right,2398,2423,B,65,65,1000,500,0.376,qwen3vl,similarity_score,2026-07-06T23:26:57
I_2398_2424_frgp13,impostor,13,right,2398,2424,B,65,65,1000,500,0.38,qwen3vl,similarity_score,2026-07-06T23:26:58
I_2398_2425_frgp13,impostor,13,right,2398,2425,B,85,85,1000,500,0.377,qwen3vl,similarity_score,2026-07-06T23:26:58
I_2398_2426_frgp13,impostor,13,right,2398,2426,B,65,65,1000,500,0.376,qwen3vl,similarity_score,2026-07-06T23:26:58
I_2398_2428_frgp13,impostor,13,right,2398,2428,B,85,85,1000,500,0.377,qwen3vl,similarity_score,2026-07-06T23:26:59
I_2398_2440_frgp13,impostor,13,right,2398,2440,B,85,85,1000,500,0.376,qwen3vl,similarity_score,2026-07-06T23:26:59
I_2398_2447_frgp13,impostor,13,right,2398,2447,B,85,85,1000,500,0.391,qwen3vl,similarity_score,2026-07-06T23:27:00
I_2398_2455_frgp13,impostor,13,right,2398,2455,B,65,65,1000,500,0.412,qwen3vl,similarity_score,2026-07-06T23:27:00
I_2398_2462_frgp13,impostor,13,right,2398,2462,B,65,65,1000,500,0.412,qwen3vl,similarity_score,2026-07-06T23:27:00
I_2398_2463_frgp13,impostor,13,right,2398,2463,B,65,65,1000,500,0.383,qwen3vl,similarity_score,2026-07-06T23:27:01
I_2398_2481_frgp13,impostor,13,right,2398,2481,B,65,65,1000,500,0.379,qwen3vl,similarity_score,2026-07-06T23:27:01
I_2399_2401_frgp13,impostor,13,right,2399,2401,B,65,65,1000,500,0.38,qwen3vl,similarity_score,2026-07-06T23:27:02
I_2399_2402_frgp13,impostor,13,right,2399,2402,B,65,65,1000,500,0.378,qwen3vl,similarity_score,2026-07-06T23:27:02
I_2399_2403_frgp13,impostor,13,right,2399,2403,B,65,65,1000,500,0.381,qwen3vl,similarity_score,2026-07-06T23:27:02
I_2399_2405_frgp13,impostor,13,right,2399,2405,B,65,65,1000,500,0.383,qwen3vl,similarity_score,2026-07-06T23:27:03
I_2399_2406_frgp13,impostor,13,right,2399,2406,B,85,85,1000,500,0.38,qwen3vl,similarity_score,2026-07-06T23:27:03
I_2399_2407_frgp13,impostor,13,right,2399,2407,B,65,65,1000,500,0.381,qwen3vl,similarity_score,2026-07-06T23:27:03
I_2399_2408_frgp13,impostor,13,right,2399,2408,B,65,65,1000,500,0.377,qwen3vl,similarity_score,2026-07-06T23:27:04
I_2399_2409_frgp13,impostor,13,right,2399,2409,B,65,65,1000,500,0.379,qwen3vl,similarity_score,2026-07-06T23:27:04
I_2399_2412_frgp13,impostor,13,right,2399,2412,B,65,65,1000,500,0.382,qwen3vl,similarity_score,2026-07-06T23:27:05
I_2399_2413_frgp13,impostor,13,right,2399,2413,B,65,65,1000,500,0.381,qwen3vl,similarity_score,2026-07-06T23:27:05
I_2399_2415_frgp13,impostor,13,right,2399,2415,B,65,65,1000,500,0.379,qwen3vl,similarity_score,2026-07-06T23:27:05
I_2399_2418_frgp13,impostor,13,right,2399,2418,B,65,65,1000,500,0.383,qwen3vl,similarity_score,2026-07-06T23:27:06
I_2399_2423_frgp13,impostor,13,right,2399,2423,B,65,65,1000,500,0.38,qwen3vl,similarity_score,2026-07-06T23:27:06
I_2399_2424_frgp13,impostor,13,right,2399,2424,B,65,65,1000,500,0.383,qwen3vl,similarity_score,2026-07-06T23:27:07
I_2399_2425_frgp13,impostor,13,right,2399,2425,B,85,85,1000,500,0.379,qwen3vl,similarity_score,2026-07-06T23:27:07
I_2399_2426_frgp13,impostor,13,right,2399,2426,B,65,65,1000,500,0.378,qwen3vl,similarity_score,2026-07-06T23:27:07
I_2399_2428_frgp13,impostor,13,right,2399,2428,B,65,65,1000,500,0.379,qwen3vl,similarity_score,2026-07-06T23:27:08
I_2399_2440_frgp13,impostor,13,right,2399,2440,B,65,65,1000,500,0.382,qwen3vl,similarity_score,2026-07-06T23:27:08
I_2399_2447_frgp13,impostor,13,right,2399,2447,B,65,65,1000,500,0.381,qwen3vl,similarity_score,2026-07-06T23:27:08
I_2399_2455_frgp13,impostor,13,right,2399,2455,B,65,65,1000,500,0.38,qwen3vl,similarity_score,2026-07-06T23:27:09
I_2399_2462_frgp13,impostor,13,right,2399,2462,B,65,65,1000,500,0.379,qwen3vl,similarity_score,2026-07-06T23:27:09
I_2399_2463_frgp13,impostor,13,right,2399,2463,B,65,65,1000,500,0.382,qwen3vl,similarity_score,2026-07-06T23:27:10
I_2399_2481_frgp13,impostor,13,right,2399,2481,B,65,65,1000,500,0.383,qwen3vl,similarity_score,2026-07-06T23:27:10
I_2401_2402_frgp13,impostor,13,right,2401,2402,B,65,65,1000,500,0.383,qwen3vl,similarity_score,2026-07-06T23:27:10
I_2401_2403_frgp13,impostor,13,right,2401,2403,B,65,65,1000,500,0.384,qwen3vl,similarity_score,2026-07-06T23:27:11
I_2401_2405_frgp13,impostor,13,right,2401,2405,B,65,65,1000,500,0.38,qwen3vl,similarity_score,2026-07-06T23:27:11
I_2401_2406_frgp13,impostor,13,right,2401,2406,B,85,85,1000,500,0.378,qwen3vl,similarity_score,2026-07-06T23:27:11
I_2401_2407_frgp13,impostor,13,right,2401,2407,B,85,85,1000,500,0.379,qwen3vl,similarity_score,2026-07-06T23:27:12
I_2401_2408_frgp13,impostor,13,right,2401,2408,B,85,85,1000,500,0.379,qwen3vl,similarity_score,2026-07-06T23:27:12
I_2401_2409_frgp13,impostor,13,right,2401,2409,B,85,85,1000,500,0.38,qwen3vl,similarity_score,2026-07-06T23:27:13
I_2401_2412_frgp13,impostor,13,right,2401,2412,B,65,65,1000,500,0.38,qwen3vl,similarity_score,2026-07-06T23:27:13
I_2401_2413_frgp13,impostor,13,right,2401,2413,B,95,95,1000,500,0.382,qwen3vl,similarity_score,2026-07-06T23:27:13
I_2401_2415_frgp13,impostor,13,right,2401,2415,B,85,85,1000,500,0.379,qwen3vl,similarity_score,2026-07-06T23:27:14
I_2401_2418_frgp13,impostor,13,right,2401,2418,B,65,65,1000,500,0.379,qwen3vl,similarity_score,2026-07-06T23:27:14
I_2401_2423_frgp13,impostor,13,right,2401,2423,B,65,65,1000,500,0.378,qwen3vl,similarity_score,2026-07-06T23:27:15
I_2401_2424_frgp13,impostor,13,right,2401,2424,B,65,65,1000,500,0.379,qwen3vl,similarity_score,2026-07-06T23:27:15
I_2401_2425_frgp13,impostor,13,right,2401,2425,B,85,85,1000,500,0.381,qwen3vl,similarity_score,2026-07-06T23:27:15
I_2401_2426_frgp13,impostor,13,right,2401,2426,B,65,65,1000,500,0.381,qwen3vl,similarity_score,2026-07-06T23:27:16
I_2401_2428_frgp13,impostor,13,right,2401,2428,B,85,85,1000,500,0.38,qwen3vl,similarity_score,2026-07-06T23:27:16
I_2401_2440_frgp13,impostor,13,right,2401,2440,B,65,65,1000,500,0.38,qwen3vl,similarity_score,2026-07-06T23:27:16
I_2401_2447_frgp13,impostor,13,right,2401,2447,B,65,65,1000,500,0.382,qwen3vl,similarity_score,2026-07-06T23:27:17
I_2401_2455_frgp13,impostor,13,right,2401,2455,B,65,65,1000,500,0.38,qwen3vl,similarity_score,2026-07-06T23:27:17
I_2401_2462_frgp13,impostor,13,right,2401,2462,B,65,65,1000,500,0.379,qwen3vl,similarity_score,2026-07-06T23:27:18
I_2401_2463_frgp13,impostor,13,right,2401,2463,B,85,85,1000,500,0.383,qwen3vl,similarity_score,2026-07-06T23:27:18
I_2401_2481_frgp13,impostor,13,right,2401,2481,B,65,65,1000,500,0.383,qwen3vl,similarity_score,2026-07-06T23:27:18
I_2402_2403_frgp13,impostor,13,right,2402,2403,B,65,65,1000,500,0.385,qwen3vl,similarity_score,2026-07-06T23:27:19
I_2402_2405_frgp13,impostor,13,right,2402,2405,B,65,65,1000,500,0.383,qwen3vl,similarity_score,2026-07-06T23:27:19
I_2402_2406_frgp13,impostor,13,right,2402,2406,B,85,85,1000,500,0.385,qwen3vl,similarity_score,2026-07-06T23:27:19
I_2402_2407_frgp13,impostor,13,right,2402,2407,B,65,65,1000,500,0.403,qwen3vl,similarity_score,2026-07-06T23:27:20
I_2402_2408_frgp13,impostor,13,right,2402,2408,B,65,65,1000,500,0.424,qwen3vl,similarity_score,2026-07-06T23:27:20
I_2402_2409_frgp13,impostor,13,right,2402,2409,B,65,65,1000,500,0.415,qwen3vl,similarity_score,2026-07-06T23:27:21
I_2402_2412_frgp13,impostor,13,right,2402,2412,B,65,65,1000,500,0.382,qwen3vl,similarity_score,2026-07-06T23:27:21
I_2402_2413_frgp13,impostor,13,right,2402,2413,B,65,65,1000,500,0.385,qwen3vl,similarity_score,2026-07-06T23:27:21
I_2402_2415_frgp13,impostor,13,right,2402,2415,B,65,65,1000,500,0.384,qwen3vl,similarity_score,2026-07-06T23:27:22
I_2402_2418_frgp13,impostor,13,right,2402,2418,B,65,65,1000,500,0.389,qwen3vl,similarity_score,2026-07-06T23:27:22
I_2402_2423_frgp13,impostor,13,right,2402,2423,B,65,65,1000,500,0.386,qwen3vl,similarity_score,2026-07-06T23:27:23
I_2402_2424_frgp13,impostor,13,right,2402,2424,B,65,65,1000,500,0.38,qwen3vl,similarity_score,2026-07-06T23:27:23
I_2402_2425_frgp13,impostor,13,right,2402,2425,B,65,65,1000,500,0.382,qwen3vl,similarity_score,2026-07-06T23:27:23
I_2402_2426_frgp13,impostor,13,right,2402,2426,B,65,65,1000,500,0.383,qwen3vl,similarity_score,2026-07-06T23:27:24
I_2402_2428_frgp13,impostor,13,right,2402,2428,B,85,85,1000,500,0.381,qwen3vl,similarity_score,2026-07-06T23:27:24
I_2402_2440_frgp13,impostor,13,right,2402,2440,B,65,65,1000,500,0.381,qwen3vl,similarity_score,2026-07-06T23:27:25
I_2402_2447_frgp13,impostor,13,right,2402,2447,B,65,65,1000,500,0.384,qwen3vl,similarity_score,2026-07-06T23:27:25
I_2402_2455_frgp13,impostor,13,right,2402,2455,B,65,65,1000,500,0.38,qwen3vl,similarity_score,2026-07-06T23:27:25
I_2402_2462_frgp13,impostor,13,right,2402,2462,B,65,65,1000,500,0.384,qwen3vl,similarity_score,2026-07-06T23:27:26
I_2402_2463_frgp13,impostor,13,right,2402,2463,B,65,65,1000,500,0.384,qwen3vl,similarity_score,2026-07-06T23:27:26
I_2402_2481_frgp13,impostor,13,right,2402,2481,B,65,65,1000,500,0.382,qwen3vl,similarity_score,2026-07-06T23:27:26
I_2403_2405_frgp13,impostor,13,right,2403,2405,B,65,65,1000,500,0.38,qwen3vl,similarity_score,2026-07-06T23:27:27
I_2403_2406_frgp13,impostor,13,right,2403,2406,B,65,65,1000,500,0.378,qwen3vl,similarity_score,2026-07-06T23:27:27
I_2403_2407_frgp13,impostor,13,right,2403,2407,B,65,65,1000,500,0.38,qwen3vl,similarity_score,2026-07-06T23:27:28
I_2403_2408_frgp13,impostor,13,right,2403,2408,B,85,85,1000,500,0.377,qwen3vl,similarity_score,2026-07-06T23:27:28
I_2403_2409_frgp13,impostor,13,right,2403,2409,B,85,85,1000,500,0.376,qwen3vl,similarity_score,2026-07-06T23:27:28
I_2403_2412_frgp13,impostor,13,right,2403,2412,B,65,65,1000,500,0.381,qwen3vl,similarity_score,2026-07-06T23:27:29
I_2403_2413_frgp13,impostor,13,right,2403,2413,B,65,65,1000,500,0.378,qwen3vl,similarity_score,2026-07-06T23:27:29
I_2403_2415_frgp13,impostor,13,right,2403,2415,B,65,65,1000,500,0.38,qwen3vl,similarity_score,2026-07-06T23:27:29
I_2403_2418_frgp13,impostor,13,right,2403,2418,B,85,85,1000,500,0.379,qwen3vl,similarity_score,2026-07-06T23:27:30
I_2403_2423_frgp13,impostor,13,right,2403,2423,B,85,85,1000,500,0.379,qwen3vl,similarity_score,2026-07-06T23:27:30
I_2403_2424_frgp13,impostor,13,right,2403,2424,B,65,65,1000,500,0.378,qwen3vl,similarity_score,2026-07-06T23:27:31
I_2403_2425_frgp13,impostor,13,right,2403,2425,B,65,65,1000,500,0.379,qwen3vl,similarity_score,2026-07-06T23:27:31
I_2403_2426_frgp13,impostor,13,right,2403,2426,B,65,65,1000,500,0.378,qwen3vl,similarity_score,2026-07-06T23:27:31
I_2403_2428_frgp13,impostor,13,right,2403,2428,B,85,85,1000,500,0.377,qwen3vl,similarity_score,2026-07-06T23:27:32
I_2403_2440_frgp13,impostor,13,right,2403,2440,B,85,85,1000,500,0.375,qwen3vl,similarity_score,2026-07-06T23:27:32
I_2403_2447_frgp13,impostor,13,right,2403,2447,B,85,85,1000,500,0.381,qwen3vl,similarity_score,2026-07-06T23:27:33
I_2403_2455_frgp13,impostor,13,right,2403,2455,B,65,65,1000,500,0.378,qwen3vl,similarity_score,2026-07-06T23:27:33
I_2403_2462_frgp13,impostor,13,right,2403,2462,B,65,65,1000,500,0.379,qwen3vl,similarity_score,2026-07-06T23:27:33
I_2403_2463_frgp13,impostor,13,right,2403,2463,B,65,65,1000,500,0.378,qwen3vl,similarity_score,2026-07-06T23:27:34
I_2403_2481_frgp13,impostor,13,right,2403,2481,B,65,65,1000,500,0.379,qwen3vl,similarity_score,2026-07-06T23:27:34
I_2405_2406_frgp13,impostor,13,right,2405,2406,B,65,65,1000,500,0.374,qwen3vl,similarity_score,2026-07-06T23:27:34
I_2405_2407_frgp13,impostor,13,right,2405,2407,B,65,65,1000,500,0.378,qwen3vl,similarity_score,2026-07-06T23:27:35
I_2405_2408_frgp13,impostor,13,right,2405,2408,B,65,65,1000,500,0.37,qwen3vl,similarity_score,2026-07-06T23:27:35
I_2405_2409_frgp13,impostor,13,right,2405,2409,B,85,85,1000,500,0.372,qwen3vl,similarity_score,2026-07-06T23:27:36
I_2405_2412_frgp13,impostor,13,right,2405,2412,B,85,85,1000,500,0.373,qwen3vl,similarity_score,2026-07-06T23:27:36
I_2405_2413_frgp13,impostor,13,right,2405,2413,B,65,65,1000,500,0.377,qwen3vl,similarity_score,2026-07-06T23:27:36
I_2405_2415_frgp13,impostor,13,right,2405,2415,B,65,65,1000,500,0.374,qwen3vl,similarity_score,2026-07-06T23:27:37
I_2405_2418_frgp13,impostor,13,right,2405,2418,B,65,65,1000,500,0.371,qwen3vl,similarity_score,2026-07-06T23:27:37
I_2405_2423_frgp13,impostor,13,right,2405,2423,B,65,65,1000,500,0.381,qwen3vl,similarity_score,2026-07-06T23:27:37
I_2405_2424_frgp13,impostor,13,right,2405,2424,B,85,85,1000,500,0.373,qwen3vl,similarity_score,2026-07-06T23:27:38
I_2405_2425_frgp13,impostor,13,right,2405,2425,B,65,65,1000,500,0.372,qwen3vl,similarity_score,2026-07-06T23:27:38
I_2405_2426_frgp13,impostor,13,right,2405,2426,B,65,65,1000,500,0.373,qwen3vl,similarity_score,2026-07-06T23:27:39
I_2405_2428_frgp13,impostor,13,right,2405,2428,B,65,65,1000,500,0.373,qwen3vl,similarity_score,2026-07-06T23:27:39
I_2405_2440_frgp13,impostor,13,right,2405,2440,B,85,85,1000,500,0.372,qwen3vl,similarity_score,2026-07-06T23:27:39
I_2405_2447_frgp13,impostor,13,right,2405,2447,B,85,85,1000,500,0.373,qwen3vl,similarity_score,2026-07-06T23:27:40
I_2405_2455_frgp13,impostor,13,right,2405,2455,B,65,65,1000,500,0.388,qwen3vl,similarity_score,2026-07-06T23:27:40
I_2405_2462_frgp13,impostor,13,right,2405,2462,B,85,85,1000,500,0.372,qwen3vl,similarity_score,2026-07-06T23:27:40
I_2405_2463_frgp13,impostor,13,right,2405,2463,B,65,65,1000,500,0.374,qwen3vl,similarity_score,2026-07-06T23:27:41
I_2405_2481_frgp13,impostor,13,right,2405,2481,B,65,65,1000,500,0.372,qwen3vl,similarity_score,2026-07-06T23:27:41
I_2406_2407_frgp13,impostor,13,right,2406,2407,B,65,65,1000,500,0.377,qwen3vl,similarity_score,2026-07-06T23:27:42
I_2406_2408_frgp13,impostor,13,right,2406,2408,B,65,65,1000,500,0.377,qwen3vl,similarity_score,2026-07-06T23:27:42
I_2406_2409_frgp13,impostor,13,right,2406,2409,B,65,65,1000,500,0.381,qwen3vl,similarity_score,2026-07-06T23:27:42
I_2406_2412_frgp13,impostor,13,right,2406,2412,B,65,65,1000,500,0.378,qwen3vl,similarity_score,2026-07-06T23:27:43
I_2406_2413_frgp13,impostor,13,right,2406,2413,B,65,65,1000,500,0.378,qwen3vl,similarity_score,2026-07-06T23:27:43
I_2406_2415_frgp13,impostor,13,right,2406,2415,B,65,65,1000,500,0.391,qwen3vl,similarity_score,2026-07-06T23:27:43
I_2406_2418_frgp13,impostor,13,right,2406,2418,B,65,65,1000,500,0.415,qwen3vl,similarity_score,2026-07-06T23:27:44
I_2406_2423_frgp13,impostor,13,right,2406,2423,B,65,65,1000,500,0.414,qwen3vl,similarity_score,2026-07-06T23:27:44
I_2406_2424_frgp13,impostor,13,right,2406,2424,B,65,65,1000,500,0.413,qwen3vl,similarity_score,2026-07-06T23:27:45
I_2406_2425_frgp13,impostor,13,right,2406,2425,B,65,65,1000,500,0.415,qwen3vl,similarity_score,2026-07-06T23:27:45
I_2406_2426_frgp13,impostor,13,right,2406,2426,B,65,65,1000,500,0.403,qwen3vl,similarity_score,2026-07-06T23:27:45
I_2406_2428_frgp13,impostor,13,right,2406,2428,B,65,65,1000,500,0.377,qwen3vl,similarity_score,2026-07-06T23:27:46
I_2406_2440_frgp13,impostor,13,right,2406,2440,B,65,65,1000,500,0.376,qwen3vl,similarity_score,2026-07-06T23:27:46
I_2406_2447_frgp13,impostor,13,right,2406,2447,B,65,65,1000,500,0.381,qwen3vl,similarity_score,2026-07-06T23:27:47
I_2406_2455_frgp13,impostor,13,right,2406,2455,B,65,65,1000,500,0.379,qwen3vl,similarity_score,2026-07-06T23:27:47
I_2406_2462_frgp13,impostor,13,right,2406,2462,B,65,65,1000,500,0.377,qwen3vl,similarity_score,2026-07-06T23:27:47
I_2406_2463_frgp13,impostor,13,right,2406,2463,B,65,65,1000,500,0.381,qwen3vl,similarity_score,2026-07-06T23:27:48
I_2406_2481_frgp13,impostor,13,right,2406,2481,B,65,65,1000,500,0.378,qwen3vl,similarity_score,2026-07-06T23:27:48
I_2407_2408_frgp13,impostor,13,right,2407,2408,B,65,65,1000,500,0.383,qwen3vl,similarity_score,2026-07-06T23:27:49
I_2407_2409_frgp13,impostor,13,right,2407,2409,B,85,85,1000,500,0.382,qwen3vl,similarity_score,2026-07-06T23:27:49
I_2407_2412_frgp13,impostor,13,right,2407,2412,B,85,85,1000,500,0.38,qwen3vl,similarity_score,2026-07-06T23:27:49
I_2407_2413_frgp13,impostor,13,right,2407,2413,B,85,85,1000,500,0.379,qwen3vl,similarity_score,2026-07-06T23:27:50
I_2407_2415_frgp13,impostor,13,right,2407,2415,B,85,85,1000,500,0.385,qwen3vl,similarity_score,2026-07-06T23:27:50
I_2407_2418_frgp13,impostor,13,right,2407,2418,B,65,65,1000,500,0.383,qwen3vl,similarity_score,2026-07-06T23:27:50
I_2407_2423_frgp13,impostor,13,right,2407,2423,B,65,65,1000,500,0.384,qwen3vl,similarity_score,2026-07-06T23:27:51
I_2407_2424_frgp13,impostor,13,right,2407,2424,B,65,65,1000,500,0.381,qwen3vl,similarity_score,2026-07-06T23:27:51
I_2407_2425_frgp13,impostor,13,right,2407,2425,B,85,85,1000,500,0.38,qwen3vl,similarity_score,2026-07-06T23:27:52
I_2407_2426_frgp13,impostor,13,right,2407,2426,B,65,65,1000,500,0.381,qwen3vl,similarity_score,2026-07-06T23:27:52
I_2407_2428_frgp13,impostor,13,right,2407,2428,B,65,65,1000,500,0.381,qwen3vl,similarity_score,2026-07-06T23:27:52
I_2407_2440_frgp13,impostor,13,right,2407,2440,B,65,65,1000,500,0.383,qwen3vl,similarity_score,2026-07-06T23:27:53
I_2407_2447_frgp13,impostor,13,right,2407,2447,B,65,65,1000,500,0.381,qwen3vl,similarity_score,2026-07-06T23:27:53
I_2407_2455_frgp13,impostor,13,right,2407,2455,B,65,65,1000,500,0.38,qwen3vl,similarity_score,2026-07-06T23:27:53
I_2407_2462_frgp13,impostor,13,right,2407,2462,B,65,65,1000,500,0.382,qwen3vl,similarity_score,2026-07-06T23:27:54
I_2407_2463_frgp13,impostor,13,right,2407,2463,B,65,65,1000,500,0.38,qwen3vl,similarity_score,2026-07-06T23:27:54
I_2407_2481_frgp13,impostor,13,right,2407,2481,B,65,65,1000,500,0.379,qwen3vl,similarity_score,2026-07-06T23:27:55
I_2408_2409_frgp13,impostor,13,right,2408,2409,B,85,85,1000,500,0.372,qwen3vl,similarity_score,2026-07-06T23:27:55
I_2408_2412_frgp13,impostor,13,right,2408,2412,B,85,85,1000,500,0.373,qwen3vl,similarity_score,2026-07-06T23:27:55
I_2408_2413_frgp13,impostor,13,right,2408,2413,B,65,65,1000,500,0.376,qwen3vl,similarity_score,2026-07-06T23:27:56
I_2408_2415_frgp13,impostor,13,right,2408,2415,B,65,65,1000,500,0.373,qwen3vl,similarity_score,2026-07-06T23:27:56
I_2408_2418_frgp13,impostor,13,right,2408,2418,B,65,65,1000,500,0.372,qwen3vl,similarity_score,2026-07-06T23:27:56
I_2408_2423_frgp13,impostor,13,right,2408,2423,B,65,65,1000,500,0.372,qwen3vl,similarity_score,2026-07-06T23:27:57
I_2408_2424_frgp13,impostor,13,right,2408,2424,B,65,65,1000,500,0.372,qwen3vl,similarity_score,2026-07-06T23:27:57
I_2408_2425_frgp13,impostor,13,right,2408,2425,B,65,65,1000,500,0.373,qwen3vl,similarity_score,2026-07-06T23:27:58
I_2408_2426_frgp13,impostor,13,right,2408,2426,B,65,65,1000,500,0.374,qwen3vl,similarity_score,2026-07-06T23:27:58
I_2408_2428_frgp13,impostor,13,right,2408,2428,B,65,65,1000,500,0.374,qwen3vl,similarity_score,2026-07-06T23:27:58
I_2408_2440_frgp13,impostor,13,right,2408,2440,B,65,65,1000,500,0.376,qwen3vl,similarity_score,2026-07-06T23:27:59
I_2408_2447_frgp13,impostor,13,right,2408,2447,B,65,65,1000,500,0.377,qwen3vl,similarity_score,2026-07-06T23:27:59
I_2408_2455_frgp13,impostor,13,right,2408,2455,B,65,65,1000,500,0.374,qwen3vl,similarity_score,2026-07-06T23:27:59
I_2408_2462_frgp13,impostor,13,right,2408,2462,B,65,65,1000,500,0.409,qwen3vl,similarity_score,2026-07-06T23:28:00
I_2408_2463_frgp13,impostor,13,right,2408,2463,B,65,65,1000,500,0.413,qwen3vl,similarity_score,2026-07-06T23:28:00
I_2408_2481_frgp13,impostor,13,right,2408,2481,B,65,65,1000,500,0.399,qwen3vl,similarity_score,2026-07-06T23:28:01
I_2409_2412_frgp13,impostor,13,right,2409,2412,B,85,85,1000,500,0.383,qwen3vl,similarity_score,2026-07-06T23:28:01
I_2409_2413_frgp13,impostor,13,right,2409,2413,B,65,65,1000,500,0.378,qwen3vl,similarity_score,2026-07-06T23:28:01
I_2409_2415_frgp13,impostor,13,right,2409,2415,B,65,65,1000,500,0.376,qwen3vl,similarity_score,2026-07-06T23:28:02
I_2409_2418_frgp13,impostor,13,right,2409,2418,B,65,65,1000,500,0.377,qwen3vl,similarity_score,2026-07-06T23:28:02
I_2409_2423_frgp13,impostor,13,right,2409,2423,B,85,85,1000,500,0.378,qwen3vl,similarity_score,2026-07-06T23:28:03
I_2409_2424_frgp13,impostor,13,right,2409,2424,B,65,65,1000,500,0.374,qwen3vl,similarity_score,2026-07-06T23:28:03
I_2409_2425_frgp13,impostor,13,right,2409,2425,B,65,65,1000,500,0.377,qwen3vl,similarity_score,2026-07-06T23:28:03
I_2409_2426_frgp13,impostor,13,right,2409,2426,B,65,65,1000,500,0.376,qwen3vl,similarity_score,2026-07-06T23:28:04
I_2409_2428_frgp13,impostor,13,right,2409,2428,B,65,65,1000,500,0.375,qwen3vl,similarity_score,2026-07-06T23:28:04
I_2409_2440_frgp13,impostor,13,right,2409,2440,B,65,65,1000,500,0.378,qwen3vl,similarity_score,2026-07-06T23:28:04
I_2409_2447_frgp13,impostor,13,right,2409,2447,B,65,65,1000,500,0.375,qwen3vl,similarity_score,2026-07-06T23:28:05
I_2409_2455_frgp13,impostor,13,right,2409,2455,B,65,65,1000,500,0.378,qwen3vl,similarity_score,2026-07-06T23:28:05
I_2409_2462_frgp13,impostor,13,right,2409,2462,B,65,65,1000,500,0.375,qwen3vl,similarity_score,2026-07-06T23:28:06
I_2409_2463_frgp13,impostor,13,right,2409,2463,B,65,65,1000,500,0.375,qwen3vl,similarity_score,2026-07-06T23:28:06
I_2409_2481_frgp13,impostor,13,right,2409,2481,B,65,65,1000,500,0.376,qwen3vl,similarity_score,2026-07-06T23:28:06
I_2412_2413_frgp13,impostor,13,right,2412,2413,B,65,65,1000,500,0.381,qwen3vl,similarity_score,2026-07-06T23:28:07
I_2412_2415_frgp13,impostor,13,right,2412,2415,B,30,30,1000,500,0.376,qwen3vl,similarity_score,2026-07-06T23:28:07
I_2412_2418_frgp13,impostor,13,right,2412,2418,B,65,65,1000,500,0.375,qwen3vl,similarity_score,2026-07-06T23:28:07
I_2412_2423_frgp13,impostor,13,right,2412,2423,B,65,65,1000,500,0.374,qwen3vl,similarity_score,2026-07-06T23:28:08
I_2412_2424_frgp13,impostor,13,right,2412,2424,B,65,65,1000,500,0.376,qwen3vl,similarity_score,2026-07-06T23:28:08
I_2412_2425_frgp13,impostor,13,right,2412,2425,B,0,0,1000,500,0.363,qwen3vl,similarity_score,2026-07-06T23:28:09
I_2412_2426_frgp13,impostor,13,right,2412,2426,B,65,65,1000,500,0.379,qwen3vl,similarity_score,2026-07-06T23:28:09
I_2412_2428_frgp13,impostor,13,right,2412,2428,B,65,65,1000,500,0.38,qwen3vl,similarity_score,2026-07-06T23:28:09
I_2412_2440_frgp13,impostor,13,right,2412,2440,B,0,0,1000,500,0.359,qwen3vl,similarity_score,2026-07-06T23:28:10
I_2412_2447_frgp13,impostor,13,right,2412,2447,B,65,65,1000,500,0.377,qwen3vl,similarity_score,2026-07-06T23:28:10
I_2412_2455_frgp13,impostor,13,right,2412,2455,B,65,65,1000,500,0.379,qwen3vl,similarity_score,2026-07-06T23:28:10
I_2412_2462_frgp13,impostor,13,right,2412,2462,B,65,65,1000,500,0.38,qwen3vl,similarity_score,2026-07-06T23:28:11
I_2412_2463_frgp13,impostor,13,right,2412,2463,B,65,65,1000,500,0.381,qwen3vl,similarity_score,2026-07-06T23:28:11
I_2412_2481_frgp13,impostor,13,right,2412,2481,B,30,30,1000,500,0.382,qwen3vl,similarity_score,2026-07-06T23:28:12
I_2413_2415_frgp13,impostor,13,right,2413,2415,B,85,85,1000,500,0.384,qwen3vl,similarity_score,2026-07-06T23:28:12
I_2413_2418_frgp13,impostor,13,right,2413,2418,B,65,65,1000,500,0.382,qwen3vl,similarity_score,2026-07-06T23:28:12
I_2413_2423_frgp13,impostor,13,right,2413,2423,B,85,85,1000,500,0.377,qwen3vl,similarity_score,2026-07-06T23:28:13
I_2413_2424_frgp13,impostor,13,right,2413,2424,B,65,65,1000,500,0.378,qwen3vl,similarity_score,2026-07-06T23:28:13
I_2413_2425_frgp13,impostor,13,right,2413,2425,B,85,85,1000,500,0.382,qwen3vl,similarity_score,2026-07-06T23:28:14
I_2413_2426_frgp13,impostor,13,right,2413,2426,B,65,65,1000,500,0.38,qwen3vl,similarity_score,2026-07-06T23:28:14
I_2413_2428_frgp13,impostor,13,right,2413,2428,B,85,85,1000,500,0.383,qwen3vl,similarity_score,2026-07-06T23:28:14
I_2413_2440_frgp13,impostor,13,right,2413,2440,B,65,65,1000,500,0.383,qwen3vl,similarity_score,2026-07-06T23:28:15
I_2413_2447_frgp13,impostor,13,right,2413,2447,B,65,65,1000,500,0.384,qwen3vl,similarity_score,2026-07-06T23:28:15
I_2413_2455_frgp13,impostor,13,right,2413,2455,B,65,65,1000,500,0.383,qwen3vl,similarity_score,2026-07-06T23:28:15
I_2413_2462_frgp13,impostor,13,right,2413,2462,B,65,65,1000,500,0.383,qwen3vl,similarity_score,2026-07-06T23:28:16
I_2413_2463_frgp13,impostor,13,right,2413,2463,B,85,85,1000,500,0.384,qwen3vl,similarity_score,2026-07-06T23:28:16
I_2413_2481_frgp13,impostor,13,right,2413,2481,B,65,65,1000,500,0.38,qwen3vl,similarity_score,2026-07-06T23:28:17
I_2415_2418_frgp13,impostor,13,right,2415,2418,B,65,65,1000,500,0.378,qwen3vl,similarity_score,2026-07-06T23:28:17
I_2415_2423_frgp13,impostor,13,right,2415,2423,B,65,65,1000,500,0.377,qwen3vl,similarity_score,2026-07-06T23:28:17
I_2415_2424_frgp13,impostor,13,right,2415,2424,B,85,85,1000,500,0.383,qwen3vl,similarity_score,2026-07-06T23:28:18
I_2415_2425_frgp13,impostor,13,right,2415,2425,B,85,85,1000,500,0.383,qwen3vl,similarity_score,2026-07-06T23:28:18
I_2415_2426_frgp13,impostor,13,right,2415,2426,B,65,65,1000,500,0.38,qwen3vl,similarity_score,2026-07-06T23:28:18
I_2415_2428_frgp13,impostor,13,right,2415,2428,B,85,85,1000,500,0.382,qwen3vl,similarity_score,2026-07-06T23:28:19
I_2415_2440_frgp13,impostor,13,right,2415,2440,B,85,85,1000,500,0.377,qwen3vl,similarity_score,2026-07-06T23:28:19
I_2415_2447_frgp13,impostor,13,right,2415,2447,B,65,65,1000,500,0.38,qwen3vl,similarity_score,2026-07-06T23:28:20
I_2415_2455_frgp13,impostor,13,right,2415,2455,B,65,65,1000,500,0.377,qwen3vl,similarity_score,2026-07-06T23:28:20
I_2415_2462_frgp13,impostor,13,right,2415,2462,B,65,65,1000,500,0.384,qwen3vl,similarity_score,2026-07-06T23:28:20
I_2415_2463_frgp13,impostor,13,right,2415,2463,B,65,65,1000,500,0.383,qwen3vl,similarity_score,2026-07-06T23:28:21
I_2415_2481_frgp13,impostor,13,right,2415,2481,B,65,65,1000,500,0.381,qwen3vl,similarity_score,2026-07-06T23:28:21
I_2418_2423_frgp13,impostor,13,right,2418,2423,B,65,65,1000,500,0.38,qwen3vl,similarity_score,2026-07-06T23:28:22
I_2418_2424_frgp13,impostor,13,right,2418,2424,B,65,65,1000,500,0.381,qwen3vl,similarity_score,2026-07-06T23:28:22
I_2418_2425_frgp13,impostor,13,right,2418,2425,B,65,65,1000,500,0.378,qwen3vl,similarity_score,2026-07-06T23:28:22
I_2418_2426_frgp13,impostor,13,right,2418,2426,B,65,65,1000,500,0.381,qwen3vl,similarity_score,2026-07-06T23:28:23
I_2418_2428_frgp13,impostor,13,right,2418,2428,B,85,85,1000,500,0.374,qwen3vl,similarity_score,2026-07-06T23:28:23
I_2418_2440_frgp13,impostor,13,right,2418,2440,B,65,65,1000,500,0.388,qwen3vl,similarity_score,2026-07-06T23:28:23
I_2418_2447_frgp13,impostor,13,right,2418,2447,B,95,95,1000,500,0.413,qwen3vl,similarity_score,2026-07-06T23:28:24
I_2418_2455_frgp13,impostor,13,right,2418,2455,B,65,65,1000,500,0.411,qwen3vl,similarity_score,2026-07-06T23:28:24
I_2418_2462_frgp13,impostor,13,right,2418,2462,B,65,65,1000,500,0.413,qwen3vl,similarity_score,2026-07-06T23:28:25
I_2418_2463_frgp13,impostor,13,right,2418,2463,B,65,65,1000,500,0.415,qwen3vl,similarity_score,2026-07-06T23:28:25
I_2418_2481_frgp13,impostor,13,right,2418,2481,B,65,65,1000,500,0.395,qwen3vl,similarity_score,2026-07-06T23:28:25
I_2423_2424_frgp13,impostor,13,right,2423,2424,B,65,65,1000,500,0.373,qwen3vl,similarity_score,2026-07-06T23:28:26
I_2423_2425_frgp13,impostor,13,right,2423,2425,B,0,0,1000,500,0.356,qwen3vl,similarity_score,2026-07-06T23:28:26
I_2423_2426_frgp13,impostor,13,right,2423,2426,B,65,65,1000,500,0.378,qwen3vl,similarity_score,2026-07-06T23:28:27
I_2423_2428_frgp13,impostor,13,right,2423,2428,B,65,65,1000,500,0.375,qwen3vl,similarity_score,2026-07-06T23:28:27
I_2423_2440_frgp13,impostor,13,right,2423,2440,B,85,85,1000,500,0.37,qwen3vl,similarity_score,2026-07-06T23:28:27
I_2423_2447_frgp13,impostor,13,right,2423,2447,B,65,65,1000,500,0.375,qwen3vl,similarity_score,2026-07-06T23:28:28
I_2423_2455_frgp13,impostor,13,right,2423,2455,B,0,0,1000,500,0.354,qwen3vl,similarity_score,2026-07-06T23:28:28
I_2423_2462_frgp13,impostor,13,right,2423,2462,B,65,65,1000,500,0.37,qwen3vl,similarity_score,2026-07-06T23:28:28
I_2423_2463_frgp13,impostor,13,right,2423,2463,B,0,0,1000,500,0.355,qwen3vl,similarity_score,2026-07-06T23:28:29
I_2423_2481_frgp13,impostor,13,right,2423,2481,B,0,0,1000,500,0.358,qwen3vl,similarity_score,2026-07-06T23:28:29
I_2424_2425_frgp13,impostor,13,right,2424,2425,B,65,65,1000,500,0.375,qwen3vl,similarity_score,2026-07-06T23:28:30
I_2424_2426_frgp13,impostor,13,right,2424,2426,B,65,65,1000,500,0.374,qwen3vl,similarity_score,2026-07-06T23:28:30
I_2424_2428_frgp13,impostor,13,right,2424,2428,B,65,65,1000,500,0.371,qwen3vl,similarity_score,2026-07-06T23:28:30
I_2424_2440_frgp13,impostor,13,right,2424,2440,B,95,95,1000,500,0.372,qwen3vl,similarity_score,2026-07-06T23:28:31
I_2424_2447_frgp13,impostor,13,right,2424,2447,B,65,65,1000,500,0.376,qwen3vl,similarity_score,2026-07-06T23:28:31
I_2424_2455_frgp13,impostor,13,right,2424,2455,B,65,65,1000,500,0.381,qwen3vl,similarity_score,2026-07-06T23:28:31
I_2424_2462_frgp13,impostor,13,right,2424,2462,B,85,85,1000,500,0.38,qwen3vl,similarity_score,2026-07-06T23:28:32
I_2424_2463_frgp13,impostor,13,right,2424,2463,B,0,0,1000,500,0.36,qwen3vl,similarity_score,2026-07-06T23:28:32
I_2424_2481_frgp13,impostor,13,right,2424,2481,B,65,65,1000,500,0.38,qwen3vl,similarity_score,2026-07-06T23:28:33
I_2425_2426_frgp13,impostor,13,right,2425,2426,B,65,65,1000,500,0.379,qwen3vl,similarity_score,2026-07-06T23:28:33
I_2425_2428_frgp13,impostor,13,right,2425,2428,B,65,65,1000,500,0.381,qwen3vl,similarity_score,2026-07-06T23:28:33
I_2425_2440_frgp13,impostor,13,right,2425,2440,B,65,65,1000,500,0.378,qwen3vl,similarity_score,2026-07-06T23:28:34
I_2425_2447_frgp13,impostor,13,right,2425,2447,B,65,65,1000,500,0.377,qwen3vl,similarity_score,2026-07-06T23:28:34
I_2425_2455_frgp13,impostor,13,right,2425,2455,B,65,65,1000,500,0.377,qwen3vl,similarity_score,2026-07-06T23:28:34
I_2425_2462_frgp13,impostor,13,right,2425,2462,B,65,65,1000,500,0.376,qwen3vl,similarity_score,2026-07-06T23:28:35
I_2425_2463_frgp13,impostor,13,right,2425,2463,B,65,65,1000,500,0.377,qwen3vl,similarity_score,2026-07-06T23:28:35
I_2425_2481_frgp13,impostor,13,right,2425,2481,B,65,65,1000,500,0.38,qwen3vl,similarity_score,2026-07-06T23:28:36
I_2426_2428_frgp13,impostor,13,right,2426,2428,B,65,65,1000,500,0.377,qwen3vl,similarity_score,2026-07-06T23:28:36
I_2426_2440_frgp13,impostor,13,right,2426,2440,B,65,65,1000,500,0.374,qwen3vl,similarity_score,2026-07-06T23:28:36
I_2426_2447_frgp13,impostor,13,right,2426,2447,B,65,65,1000,500,0.381,qwen3vl,similarity_score,2026-07-06T23:28:37
I_2426_2455_frgp13,impostor,13,right,2426,2455,B,65,65,1000,500,0.375,qwen3vl,similarity_score,2026-07-06T23:28:37
I_2426_2462_frgp13,impostor,13,right,2426,2462,B,65,65,1000,500,0.373,qwen3vl,similarity_score,2026-07-06T23:28:37
I_2426_2463_frgp13,impostor,13,right,2426,2463,B,65,65,1000,500,0.375,qwen3vl,similarity_score,2026-07-06T23:28:38
I_2426_2481_frgp13,impostor,13,right,2426,2481,B,85,85,1000,500,0.377,qwen3vl,similarity_score,2026-07-06T23:28:38
I_2428_2440_frgp13,impostor,13,right,2428,2440,B,85,85,1000,500,0.379,qwen3vl,similarity_score,2026-07-06T23:28:39
I_2428_2447_frgp13,impostor,13,right,2428,2447,B,85,85,1000,500,0.375,qwen3vl,similarity_score,2026-07-06T23:28:39
I_2428_2455_frgp13,impostor,13,right,2428,2455,B,65,65,1000,500,0.378,qwen3vl,similarity_score,2026-07-06T23:28:39
I_2428_2462_frgp13,impostor,13,right,2428,2462,B,65,65,1000,500,0.374,qwen3vl,similarity_score,2026-07-06T23:28:40
I_2428_2463_frgp13,impostor,13,right,2428,2463,B,65,65,1000,500,0.38,qwen3vl,similarity_score,2026-07-06T23:28:40
I_2428_2481_frgp13,impostor,13,right,2428,2481,B,65,65,1000,500,0.38,qwen3vl,similarity_score,2026-07-06T23:28:40
I_2440_2447_frgp13,impostor,13,right,2440,2447,B,85,85,1000,500,0.376,qwen3vl,similarity_score,2026-07-06T23:28:41
I_2440_2455_frgp13,impostor,13,right,2440,2455,B,0,0,1000,500,0.356,qwen3vl,similarity_score,2026-07-06T23:28:41
I_2440_2462_frgp13,impostor,13,right,2440,2462,B,85,85,1000,500,0.372,qwen3vl,similarity_score,2026-07-06T23:28:42
I_2440_2463_frgp13,impostor,13,right,2440,2463,B,65,65,1000,500,0.372,qwen3vl,similarity_score,2026-07-06T23:28:42
I_2440_2481_frgp13,impostor,13,right,2440,2481,B,65,65,1000,500,0.38,qwen3vl,similarity_score,2026-07-06T23:28:42
I_2447_2455_frgp13,impostor,13,right,2447,2455,B,65,65,1000,500,0.376,qwen3vl,similarity_score,2026-07-06T23:28:43
I_2447_2462_frgp13,impostor,13,right,2447,2462,B,65,65,1000,500,0.373,qwen3vl,similarity_score,2026-07-06T23:28:43
I_2447_2463_frgp13,impostor,13,right,2447,2463,B,65,65,1000,500,0.376,qwen3vl,similarity_score,2026-07-06T23:28:43
I_2447_2481_frgp13,impostor,13,right,2447,2481,B,65,65,1000,500,0.376,qwen3vl,similarity_score,2026-07-06T23:28:44
I_2455_2462_frgp13,impostor,13,right,2455,2462,B,65,65,1000,500,0.372,qwen3vl,similarity_score,2026-07-06T23:28:44
I_2455_2463_frgp13,impostor,13,right,2455,2463,B,65,65,1000,500,0.376,qwen3vl,similarity_score,2026-07-06T23:28:45
I_2455_2481_frgp13,impostor,13,right,2455,2481,B,65,65,1000,500,0.377,qwen3vl,similarity_score,2026-07-06T23:28:45
I_2462_2463_frgp13,impostor,13,right,2462,2463,B,65,65,1000,500,0.375,qwen3vl,similarity_score,2026-07-06T23:28:45
I_2462_2481_frgp13,impostor,13,right,2462,2481,B,65,65,1000,500,0.377,qwen3vl,similarity_score,2026-07-06T23:28:46
I_2463_2481_frgp13,impostor,13,right,2463,2481,B,65,65,1000,500,0.38,qwen3vl,similarity_score,2026-07-06T23:28:46
G_2303_frgp14,genuine,14,left,2303,2303,A,100,100,1000,500,0.397,qwen3vl,similarity_score,2026-07-06T23:28:46
G_2304_frgp14,genuine,14,left,2304,2304,A,100,100,1000,500,0.398,qwen3vl,similarity_score,2026-07-06T23:28:47
G_2306_frgp14,genuine,14,left,2306,2306,A,100,100,1000,500,0.394,qwen3vl,similarity_score,2026-07-06T23:28:47
G_2307_frgp14,genuine,14,left,2307,2307,A,100,100,1000,500,0.397,qwen3vl,similarity_score,2026-07-06T23:28:48
G_2310_frgp14,genuine,14,left,2310,2310,A,100,100,1000,500,0.395,qwen3vl,similarity_score,2026-07-06T23:28:48
G_2312_frgp14,genuine,14,left,2312,2312,A,100,100,1000,500,0.413,qwen3vl,similarity_score,2026-07-06T23:28:48
G_2313_frgp14,genuine,14,left,2313,2313,A,100,100,1000,500,0.438,qwen3vl,similarity_score,2026-07-06T23:28:49
G_2314_frgp14,genuine,14,left,2314,2314,A,100,100,1000,500,0.426,qwen3vl,similarity_score,2026-07-06T23:28:49
G_2315_frgp14,genuine,14,left,2315,2315,A,100,100,1000,500,0.435,qwen3vl,similarity_score,2026-07-06T23:28:50
G_2317_frgp14,genuine,14,left,2317,2317,A,100,100,1000,500,0.436,qwen3vl,similarity_score,2026-07-06T23:28:50
G_2319_frgp14,genuine,14,left,2319,2319,A,100,100,1000,500,0.406,qwen3vl,similarity_score,2026-07-06T23:28:51
G_2320_frgp14,genuine,14,left,2320,2320,A,100,100,1000,500,0.395,qwen3vl,similarity_score,2026-07-06T23:28:51
G_2321_frgp14,genuine,14,left,2321,2321,A,100,100,1000,500,0.401,qwen3vl,similarity_score,2026-07-06T23:28:51
G_2325_frgp14,genuine,14,left,2325,2325,A,100,100,1000,500,0.396,qwen3vl,similarity_score,2026-07-06T23:28:52
G_2326_frgp14,genuine,14,left,2326,2326,A,100,100,1000,500,0.402,qwen3vl,similarity_score,2026-07-06T23:28:52
G_2327_frgp14,genuine,14,left,2327,2327,A,100,100,1000,500,0.4,qwen3vl,similarity_score,2026-07-06T23:28:53
G_2328_frgp14,genuine,14,left,2328,2328,A,100,100,1000,500,0.4,qwen3vl,similarity_score,2026-07-06T23:28:53
G_2329_frgp14,genuine,14,left,2329,2329,A,100,100,1000,500,0.396,qwen3vl,similarity_score,2026-07-06T23:28:53
G_2330_frgp14,genuine,14,left,2330,2330,A,100,100,1000,500,0.397,qwen3vl,similarity_score,2026-07-06T23:28:54
G_2332_frgp14,genuine,14,left,2332,2332,A,100,100,1000,500,0.397,qwen3vl,similarity_score,2026-07-06T23:28:54
G_2334_frgp14,genuine,14,left,2334,2334,A,100,100,1000,500,0.393,qwen3vl,similarity_score,2026-07-06T23:28:55
G_2337_frgp14,genuine,14,left,2337,2337,A,100,100,1000,500,0.399,qwen3vl,similarity_score,2026-07-06T23:28:55
G_2338_frgp14,genuine,14,left,2338,2338,A,100,100,1000,500,0.396,qwen3vl,similarity_score,2026-07-06T23:28:55
G_2339_frgp14,genuine,14,left,2339,2339,A,100,100,1000,500,0.395,qwen3vl,similarity_score,2026-07-06T23:28:56
G_2340_frgp14,genuine,14,left,2340,2340,A,100,100,1000,500,0.395,qwen3vl,similarity_score,2026-07-06T23:28:56
G_2341_frgp14,genuine,14,left,2341,2341,A,100,100,1000,500,0.397,qwen3vl,similarity_score,2026-07-06T23:28:57
G_2342_frgp14,genuine,14,left,2342,2342,A,100,100,1000,500,0.395,qwen3vl,similarity_score,2026-07-06T23:28:57
G_2344_frgp14,genuine,14,left,2344,2344,A,100,100,1000,500,0.401,qwen3vl,similarity_score,2026-07-06T23:28:57
G_2348_frgp14,genuine,14,left,2348,2348,A,100,100,1000,500,0.395,qwen3vl,similarity_score,2026-07-06T23:28:58
G_2349_frgp14,genuine,14,left,2349,2349,A,100,100,1000,500,0.411,qwen3vl,similarity_score,2026-07-06T23:28:58
G_2351_frgp14,genuine,14,left,2351,2351,A,100,100,1000,500,0.393,qwen3vl,similarity_score,2026-07-06T23:28:59
G_2352_frgp14,genuine,14,left,2352,2352,A,100,100,1000,500,0.399,qwen3vl,similarity_score,2026-07-06T23:28:59
G_2353_frgp14,genuine,14,left,2353,2353,A,100,100,1000,500,0.391,qwen3vl,similarity_score,2026-07-06T23:28:59
G_2355_frgp14,genuine,14,left,2355,2355,A,100,100,1000,500,0.392,qwen3vl,similarity_score,2026-07-06T23:29:00
G_2356_frgp14,genuine,14,left,2356,2356,A,100,100,1000,500,0.389,qwen3vl,similarity_score,2026-07-06T23:29:00
G_2357_frgp14,genuine,14,left,2357,2357,A,100,100,1000,500,0.399,qwen3vl,similarity_score,2026-07-06T23:29:01
G_2358_frgp14,genuine,14,left,2358,2358,A,100,100,1000,500,0.393,qwen3vl,similarity_score,2026-07-06T23:29:01
G_2359_frgp14,genuine,14,left,2359,2359,A,100,100,1000,500,0.406,qwen3vl,similarity_score,2026-07-06T23:29:01
G_2360_frgp14,genuine,14,left,2360,2360,A,100,100,1000,500,0.399,qwen3vl,similarity_score,2026-07-06T23:29:02
G_2362_frgp14,genuine,14,left,2362,2362,A,100,100,1000,500,0.398,qwen3vl,similarity_score,2026-07-06T23:29:02
G_2364_frgp14,genuine,14,left,2364,2364,A,100,100,1000,500,0.398,qwen3vl,similarity_score,2026-07-06T23:29:03
G_2367_frgp14,genuine,14,left,2367,2367,A,100,100,1000,500,0.398,qwen3vl,similarity_score,2026-07-06T23:29:03
G_2368_frgp14,genuine,14,left,2368,2368,A,100,100,1000,500,0.397,qwen3vl,similarity_score,2026-07-06T23:29:03
G_2369_frgp14,genuine,14,left,2369,2369,A,100,100,1000,500,0.398,qwen3vl,similarity_score,2026-07-06T23:29:04
G_2370_frgp14,genuine,14,left,2370,2370,A,100,100,1000,500,0.39,qwen3vl,similarity_score,2026-07-06T23:29:04
G_2371_frgp14,genuine,14,left,2371,2371,A,100,100,1000,500,0.404,qwen3vl,similarity_score,2026-07-06T23:29:04
G_2372_frgp14,genuine,14,left,2372,2372,A,100,100,1000,500,0.391,qwen3vl,similarity_score,2026-07-06T23:29:05
G_2373_frgp14,genuine,14,left,2373,2373,A,100,100,1000,500,0.397,qwen3vl,similarity_score,2026-07-06T23:29:05
G_2374_frgp14,genuine,14,left,2374,2374,A,100,100,1000,500,0.401,qwen3vl,similarity_score,2026-07-06T23:29:06
G_2375_frgp14,genuine,14,left,2375,2375,A,100,100,1000,500,0.4,qwen3vl,similarity_score,2026-07-06T23:29:06
G_2376_frgp14,genuine,14,left,2376,2376,A,100,100,1000,500,0.41,qwen3vl,similarity_score,2026-07-06T23:29:06
G_2379_frgp14,genuine,14,left,2379,2379,A,100,100,1000,500,0.403,qwen3vl,similarity_score,2026-07-06T23:29:07
G_2380_frgp14,genuine,14,left,2380,2380,A,100,100,1000,500,0.398,qwen3vl,similarity_score,2026-07-06T23:29:07
G_2381_frgp14,genuine,14,left,2381,2381,A,100,100,1000,500,0.396,qwen3vl,similarity_score,2026-07-06T23:29:08
G_2383_frgp14,genuine,14,left,2383,2383,A,100,100,1000,500,0.4,qwen3vl,similarity_score,2026-07-06T23:29:08
G_2384_frgp14,genuine,14,left,2384,2384,A,100,100,1000,500,0.398,qwen3vl,similarity_score,2026-07-06T23:29:08
G_2386_frgp14,genuine,14,left,2386,2386,A,100,100,1000,500,0.402,qwen3vl,similarity_score,2026-07-06T23:29:09
G_2388_frgp14,genuine,14,left,2388,2388,A,100,100,1000,500,0.395,qwen3vl,similarity_score,2026-07-06T23:29:09
G_2391_frgp14,genuine,14,left,2391,2391,A,100,100,1000,500,0.397,qwen3vl,similarity_score,2026-07-06T23:29:10
G_2392_frgp14,genuine,14,left,2392,2392,A,100,100,1000,500,0.4,qwen3vl,similarity_score,2026-07-06T23:29:10
G_2394_frgp14,genuine,14,left,2394,2394,A,100,100,1000,500,0.394,qwen3vl,similarity_score,2026-07-06T23:29:10
G_2395_frgp14,genuine,14,left,2395,2395,A,100,100,1000,500,0.397,qwen3vl,similarity_score,2026-07-06T23:29:11
G_2396_frgp14,genuine,14,left,2396,2396,A,100,100,1000,500,0.41,qwen3vl,similarity_score,2026-07-06T23:29:11
G_2398_frgp14,genuine,14,left,2398,2398,A,100,100,1000,500,0.394,qwen3vl,similarity_score,2026-07-06T23:29:12
G_2399_frgp14,genuine,14,left,2399,2399,A,100,100,1000,500,0.4,qwen3vl,similarity_score,2026-07-06T23:29:12
G_2401_frgp14,genuine,14,left,2401,2401,A,100,100,1000,500,0.403,qwen3vl,similarity_score,2026-07-06T23:29:12
G_2402_frgp14,genuine,14,left,2402,2402,A,100,100,1000,500,0.402,qwen3vl,similarity_score,2026-07-06T23:29:13
G_2403_frgp14,genuine,14,left,2403,2403,A,100,100,1000,500,0.397,qwen3vl,similarity_score,2026-07-06T23:29:13
G_2405_frgp14,genuine,14,left,2405,2405,A,100,100,1000,500,0.393,qwen3vl,similarity_score,2026-07-06T23:29:14
G_2406_frgp14,genuine,14,left,2406,2406,A,100,100,1000,500,0.404,qwen3vl,similarity_score,2026-07-06T23:29:14
G_2407_frgp14,genuine,14,left,2407,2407,A,100,100,1000,500,0.406,qwen3vl,similarity_score,2026-07-06T23:29:14
G_2408_frgp14,genuine,14,left,2408,2408,A,100,100,1000,500,0.399,qwen3vl,similarity_score,2026-07-06T23:29:15
G_2409_frgp14,genuine,14,left,2409,2409,A,100,100,1000,500,0.403,qwen3vl,similarity_score,2026-07-06T23:29:15
G_2412_frgp14,genuine,14,left,2412,2412,A,100,100,1000,500,0.404,qwen3vl,similarity_score,2026-07-06T23:29:16
G_2413_frgp14,genuine,14,left,2413,2413,A,100,100,1000,500,0.403,qwen3vl,similarity_score,2026-07-06T23:29:16
G_2415_frgp14,genuine,14,left,2415,2415,A,100,100,1000,500,0.404,qwen3vl,similarity_score,2026-07-06T23:29:16
G_2418_frgp14,genuine,14,left,2418,2418,A,100,100,1000,500,0.401,qwen3vl,similarity_score,2026-07-06T23:29:17
G_2423_frgp14,genuine,14,left,2423,2423,A,100,100,1000,500,0.393,qwen3vl,similarity_score,2026-07-06T23:29:17
G_2424_frgp14,genuine,14,left,2424,2424,A,100,100,1000,500,0.396,qwen3vl,similarity_score,2026-07-06T23:29:18
G_2425_frgp14,genuine,14,left,2425,2425,A,100,100,1000,500,0.397,qwen3vl,similarity_score,2026-07-06T23:29:18
G_2426_frgp14,genuine,14,left,2426,2426,A,100,100,1000,500,0.397,qwen3vl,similarity_score,2026-07-06T23:29:18
G_2428_frgp14,genuine,14,left,2428,2428,A,100,100,1000,500,0.398,qwen3vl,similarity_score,2026-07-06T23:29:19
G_2440_frgp14,genuine,14,left,2440,2440,A,100,100,1000,500,0.394,qwen3vl,similarity_score,2026-07-06T23:29:19
G_2447_frgp14,genuine,14,left,2447,2447,A,100,100,1000,500,0.396,qwen3vl,similarity_score,2026-07-06T23:29:20
G_2455_frgp14,genuine,14,left,2455,2455,A,100,100,1000,500,0.724,qwen3vl,similarity_score,2026-07-13T18:55:45
G_2462_frgp14,genuine,14,left,2462,2462,A,100,100,1000,500,0.394,qwen3vl,similarity_score,2026-07-13T18:55:46
G_2463_frgp14,genuine,14,left,2463,2463,A,100,100,1000,500,0.397,qwen3vl,similarity_score,2026-07-13T18:55:46
G_2481_frgp14,genuine,14,left,2481,2481,A,100,100,1000,500,0.398,qwen3vl,similarity_score,2026-07-13T18:55:46
I_2303_2304_frgp14,impostor,14,left,2303,2304,B,65,65,1000,500,0.387,qwen3vl,similarity_score,2026-07-13T18:55:47
I_2303_2306_frgp14,impostor,14,left,2303,2306,B,65,65,1000,500,0.383,qwen3vl,similarity_score,2026-07-13T18:55:47
I_2303_2307_frgp14,impostor,14,left,2303,2307,B,65,65,1000,500,0.384,qwen3vl,similarity_score,2026-07-13T18:55:48
I_2303_2310_frgp14,impostor,14,left,2303,2310,B,65,65,1000,500,0.38,qwen3vl,similarity_score,2026-07-13T18:55:48
I_2303_2312_frgp14,impostor,14,left,2303,2312,B,65,65,1000,500,0.384,qwen3vl,similarity_score,2026-07-13T18:55:48
I_2303_2313_frgp14,impostor,14,left,2303,2313,B,65,65,1000,500,0.385,qwen3vl,similarity_score,2026-07-13T18:55:49
I_2303_2314_frgp14,impostor,14,left,2303,2314,B,65,65,1000,500,0.383,qwen3vl,similarity_score,2026-07-13T18:55:49
I_2303_2315_frgp14,impostor,14,left,2303,2315,B,85,85,1000,500,0.383,qwen3vl,similarity_score,2026-07-13T18:55:49
I_2303_2317_frgp14,impostor,14,left,2303,2317,B,65,65,1000,500,0.385,qwen3vl,similarity_score,2026-07-13T18:55:50
I_2303_2319_frgp14,impostor,14,left,2303,2319,B,65,65,1000,500,0.379,qwen3vl,similarity_score,2026-07-13T18:55:50
I_2303_2320_frgp14,impostor,14,left,2303,2320,B,65,65,1000,500,0.378,qwen3vl,similarity_score,2026-07-13T18:55:51
I_2303_2321_frgp14,impostor,14,left,2303,2321,B,95,95,1000,500,0.383,qwen3vl,similarity_score,2026-07-13T18:55:51
I_2303_2325_frgp14,impostor,14,left,2303,2325,B,65,65,1000,500,0.379,qwen3vl,similarity_score,2026-07-13T18:55:51
I_2303_2326_frgp14,impostor,14,left,2303,2326,B,65,65,1000,500,0.385,qwen3vl,similarity_score,2026-07-13T18:55:52
I_2303_2327_frgp14,impostor,14,left,2303,2327,B,65,65,1000,500,0.38,qwen3vl,similarity_score,2026-07-13T18:55:52
I_2303_2328_frgp14,impostor,14,left,2303,2328,B,65,65,1000,500,0.382,qwen3vl,similarity_score,2026-07-13T18:55:53
I_2303_2329_frgp14,impostor,14,left,2303,2329,B,65,65,1000,500,0.381,qwen3vl,similarity_score,2026-07-13T18:55:53
I_2303_2330_frgp14,impostor,14,left,2303,2330,B,85,85,1000,500,0.379,qwen3vl,similarity_score,2026-07-13T18:55:53
I_2303_2332_frgp14,impostor,14,left,2303,2332,B,65,65,1000,500,0.384,qwen3vl,similarity_score,2026-07-13T18:55:54
I_2303_2334_frgp14,impostor,14,left,2303,2334,B,65,65,1000,500,0.385,qwen3vl,similarity_score,2026-07-13T18:55:54
I_2303_2337_frgp14,impostor,14,left,2303,2337,B,65,65,1000,500,0.384,qwen3vl,similarity_score,2026-07-13T18:55:54
I_2303_2338_frgp14,impostor,14,left,2303,2338,B,65,65,1000,500,0.383,qwen3vl,similarity_score,2026-07-13T18:55:55
I_2303_2339_frgp14,impostor,14,left,2303,2339,B,65,65,1000,500,0.376,qwen3vl,similarity_score,2026-07-13T18:55:55
I_2303_2340_frgp14,impostor,14,left,2303,2340,B,65,65,1000,500,0.383,qwen3vl,similarity_score,2026-07-13T18:55:56
I_2303_2341_frgp14,impostor,14,left,2303,2341,B,0,0,1000,500,0.363,qwen3vl,similarity_score,2026-07-13T18:55:56
I_2303_2342_frgp14,impostor,14,left,2303,2342,B,65,65,1000,500,0.381,qwen3vl,similarity_score,2026-07-13T18:55:56
I_2303_2344_frgp14,impostor,14,left,2303,2344,B,65,65,1000,500,0.382,qwen3vl,similarity_score,2026-07-13T18:55:57
I_2303_2348_frgp14,impostor,14,left,2303,2348,B,65,65,1000,500,0.379,qwen3vl,similarity_score,2026-07-13T18:55:57
I_2303_2349_frgp14,impostor,14,left,2303,2349,B,0,0,1000,500,0.365,qwen3vl,similarity_score,2026-07-13T18:55:57
I_2303_2351_frgp14,impostor,14,left,2303,2351,B,65,65,1000,500,0.378,qwen3vl,similarity_score,2026-07-13T18:55:58
I_2303_2352_frgp14,impostor,14,left,2303,2352,B,65,65,1000,500,0.378,qwen3vl,similarity_score,2026-07-13T18:55:58
I_2303_2353_frgp14,impostor,14,left,2303,2353,B,65,65,1000,500,0.383,qwen3vl,similarity_score,2026-07-13T18:55:59
I_2303_2355_frgp14,impostor,14,left,2303,2355,B,85,85,1000,500,0.382,qwen3vl,similarity_score,2026-07-13T18:55:59
I_2303_2356_frgp14,impostor,14,left,2303,2356,B,65,65,1000,500,0.38,qwen3vl,similarity_score,2026-07-13T18:55:59
I_2303_2357_frgp14,impostor,14,left,2303,2357,B,65,65,1000,500,0.383,qwen3vl,similarity_score,2026-07-13T18:56:00
I_2303_2358_frgp14,impostor,14,left,2303,2358,B,65,65,1000,500,0.379,qwen3vl,similarity_score,2026-07-13T18:56:00
I_2303_2359_frgp14,impostor,14,left,2303,2359,B,0,0,1000,500,0.361,qwen3vl,similarity_score,2026-07-13T18:56:00
I_2303_2360_frgp14,impostor,14,left,2303,2360,B,65,65,1000,500,0.381,qwen3vl,similarity_score,2026-07-13T18:56:01
I_2303_2362_frgp14,impostor,14,left,2303,2362,B,65,65,1000,500,0.38,qwen3vl,similarity_score,2026-07-13T18:56:01
I_2303_2364_frgp14,impostor,14,left,2303,2364,B,85,85,1000,500,0.382,qwen3vl,similarity_score,2026-07-13T18:56:02
I_2303_2367_frgp14,impostor,14,left,2303,2367,B,65,65,1000,500,0.38,qwen3vl,similarity_score,2026-07-13T18:56:02
I_2303_2368_frgp14,impostor,14,left,2303,2368,B,65,65,1000,500,0.376,qwen3vl,similarity_score,2026-07-13T18:56:02
I_2303_2369_frgp14,impostor,14,left,2303,2369,B,65,65,1000,500,0.381,qwen3vl,similarity_score,2026-07-13T18:56:03
I_2303_2370_frgp14,impostor,14,left,2303,2370,B,65,65,1000,500,0.379,qwen3vl,similarity_score,2026-07-13T18:56:03
I_2303_2371_frgp14,impostor,14,left,2303,2371,B,65,65,1000,500,0.382,qwen3vl,similarity_score,2026-07-13T18:56:04
I_2303_2372_frgp14,impostor,14,left,2303,2372,B,65,65,1000,500,0.384,qwen3vl,similarity_score,2026-07-13T18:56:04
I_2303_2373_frgp14,impostor,14,left,2303,2373,B,0,0,1000,500,0.363,qwen3vl,similarity_score,2026-07-13T18:56:04
I_2303_2374_frgp14,impostor,14,left,2303,2374,B,65,65,1000,500,0.382,qwen3vl,similarity_score,2026-07-13T18:56:05
I_2303_2375_frgp14,impostor,14,left,2303,2375,B,65,65,1000,500,0.38,qwen3vl,similarity_score,2026-07-13T18:56:05
I_2303_2376_frgp14,impostor,14,left,2303,2376,B,65,65,1000,500,0.381,qwen3vl,similarity_score,2026-07-13T18:56:05
I_2303_2379_frgp14,impostor,14,left,2303,2379,B,65,65,1000,500,0.382,qwen3vl,similarity_score,2026-07-13T18:56:06
I_2303_2380_frgp14,impostor,14,left,2303,2380,B,65,65,1000,500,0.382,qwen3vl,similarity_score,2026-07-13T18:56:06
I_2303_2381_frgp14,impostor,14,left,2303,2381,B,65,65,1000,500,0.379,qwen3vl,similarity_score,2026-07-13T18:56:07
I_2303_2383_frgp14,impostor,14,left,2303,2383,B,65,65,1000,500,0.382,qwen3vl,similarity_score,2026-07-13T18:56:07
I_2303_2384_frgp14,impostor,14,left,2303,2384,B,65,65,1000,500,0.379,qwen3vl,similarity_score,2026-07-13T18:56:07
I_2303_2386_frgp14,impostor,14,left,2303,2386,B,65,65,1000,500,0.381,qwen3vl,similarity_score,2026-07-13T18:56:08
I_2303_2388_frgp14,impostor,14,left,2303,2388,B,65,65,1000,500,0.38,qwen3vl,similarity_score,2026-07-13T18:56:08
I_2303_2391_frgp14,impostor,14,left,2303,2391,B,65,65,1000,500,0.379,qwen3vl,similarity_score,2026-07-13T18:56:08
I_2303_2392_frgp14,impostor,14,left,2303,2392,B,65,65,1000,500,0.388,qwen3vl,similarity_score,2026-07-13T18:56:09
I_2303_2394_frgp14,impostor,14,left,2303,2394,B,65,65,1000,500,0.382,qwen3vl,similarity_score,2026-07-13T18:56:09
I_2303_2395_frgp14,impostor,14,left,2303,2395,B,65,65,1000,500,0.38,qwen3vl,similarity_score,2026-07-13T18:56:10
I_2303_2396_frgp14,impostor,14,left,2303,2396,B,0,0,1000,500,0.367,qwen3vl,similarity_score,2026-07-13T18:56:10
I_2303_2398_frgp14,impostor,14,left,2303,2398,B,65,65,1000,500,0.382,qwen3vl,similarity_score,2026-07-13T18:56:10
I_2303_2399_frgp14,impostor,14,left,2303,2399,B,0,0,1000,500,0.366,qwen3vl,similarity_score,2026-07-13T18:56:11
I_2303_2401_frgp14,impostor,14,left,2303,2401,B,65,65,1000,500,0.382,qwen3vl,similarity_score,2026-07-13T18:56:11
I_2303_2402_frgp14,impostor,14,left,2303,2402,B,65,65,1000,500,0.38,qwen3vl,similarity_score,2026-07-13T18:56:11
I_2303_2403_frgp14,impostor,14,left,2303,2403,B,0,0,1000,500,0.367,qwen3vl,similarity_score,2026-07-13T18:56:12
I_2303_2405_frgp14,impostor,14,left,2303,2405,B,65,65,1000,500,0.381,qwen3vl,similarity_score,2026-07-13T18:56:12
I_2303_2406_frgp14,impostor,14,left,2303,2406,B,0,0,1000,500,0.365,qwen3vl,similarity_score,2026-07-13T18:56:13
I_2303_2407_frgp14,impostor,14,left,2303,2407,B,65,65,1000,500,0.381,qwen3vl,similarity_score,2026-07-13T18:56:13
I_2303_2408_frgp14,impostor,14,left,2303,2408,B,65,65,1000,500,0.379,qwen3vl,similarity_score,2026-07-13T18:56:13
I_2303_2409_frgp14,impostor,14,left,2303,2409,B,65,65,1000,500,0.384,qwen3vl,similarity_score,2026-07-13T18:56:14
I_2303_2412_frgp14,impostor,14,left,2303,2412,B,65,65,1000,500,0.385,qwen3vl,similarity_score,2026-07-13T18:56:14
I_2303_2413_frgp14,impostor,14,left,2303,2413,B,65,65,1000,500,0.39,qwen3vl,similarity_score,2026-07-13T18:56:15
I_2303_2415_frgp14,impostor,14,left,2303,2415,B,65,65,1000,500,0.383,qwen3vl,similarity_score,2026-07-13T18:56:15
I_2303_2418_frgp14,impostor,14,left,2303,2418,B,95,95,1000,500,0.381,qwen3vl,similarity_score,2026-07-13T18:56:15
I_2303_2423_frgp14,impostor,14,left,2303,2423,B,65,65,1000,500,0.381,qwen3vl,similarity_score,2026-07-13T18:56:16
I_2303_2424_frgp14,impostor,14,left,2303,2424,B,65,65,1000,500,0.381,qwen3vl,similarity_score,2026-07-13T18:56:16
I_2303_2425_frgp14,impostor,14,left,2303,2425,B,65,65,1000,500,0.381,qwen3vl,similarity_score,2026-07-13T18:56:16
I_2303_2426_frgp14,impostor,14,left,2303,2426,B,65,65,1000,500,0.38,qwen3vl,similarity_score,2026-07-13T18:56:17
I_2303_2428_frgp14,impostor,14,left,2303,2428,B,85,85,1000,500,0.38,qwen3vl,similarity_score,2026-07-13T18:56:17
I_2303_2440_frgp14,impostor,14,left,2303,2440,B,65,65,1000,500,0.378,qwen3vl,similarity_score,2026-07-13T18:56:18
I_2303_2447_frgp14,impostor,14,left,2303,2447,B,65,65,1000,500,0.38,qwen3vl,similarity_score,2026-07-13T18:56:18
I_2303_2455_frgp14,impostor,14,left,2303,2455,B,65,65,1000,500,0.378,qwen3vl,similarity_score,2026-07-13T18:56:18
I_2303_2462_frgp14,impostor,14,left,2303,2462,B,65,65,1000,500,0.381,qwen3vl,similarity_score,2026-07-13T18:56:19
I_2303_2463_frgp14,impostor,14,left,2303,2463,B,65,65,1000,500,0.382,qwen3vl,similarity_score,2026-07-13T18:56:19
I_2303_2481_frgp14,impostor,14,left,2303,2481,B,65,65,1000,500,0.379,qwen3vl,similarity_score,2026-07-13T18:56:19
I_2304_2306_frgp14,impostor,14,left,2304,2306,B,65,65,1000,500,0.386,qwen3vl,similarity_score,2026-07-13T18:56:20
I_2304_2307_frgp14,impostor,14,left,2304,2307,B,65,65,1000,500,0.381,qwen3vl,similarity_score,2026-07-13T18:56:20
I_2304_2310_frgp14,impostor,14,left,2304,2310,B,65,65,1000,500,0.38,qwen3vl,similarity_score,2026-07-13T18:56:21
I_2304_2312_frgp14,impostor,14,left,2304,2312,B,65,65,1000,500,0.38,qwen3vl,similarity_score,2026-07-13T18:56:21
I_2304_2313_frgp14,impostor,14,left,2304,2313,B,65,65,1000,500,0.378,qwen3vl,similarity_score,2026-07-13T18:56:21
I_2304_2314_frgp14,impostor,14,left,2304,2314,B,65,65,1000,500,0.378,qwen3vl,similarity_score,2026-07-13T18:56:22
I_2304_2315_frgp14,impostor,14,left,2304,2315,B,85,85,1000,500,0.381,qwen3vl,similarity_score,2026-07-13T18:56:22
I_2304_2317_frgp14,impostor,14,left,2304,2317,B,85,85,1000,500,0.379,qwen3vl,similarity_score,2026-07-13T18:56:23
I_2304_2319_frgp14,impostor,14,left,2304,2319,B,65,65,1000,500,0.381,qwen3vl,similarity_score,2026-07-13T18:56:23
I_2304_2320_frgp14,impostor,14,left,2304,2320,B,65,65,1000,500,0.38,qwen3vl,similarity_score,2026-07-13T18:56:23
I_2304_2321_frgp14,impostor,14,left,2304,2321,B,65,65,1000,500,0.384,qwen3vl,similarity_score,2026-07-13T18:56:24
I_2304_2325_frgp14,impostor,14,left,2304,2325,B,65,65,1000,500,0.38,qwen3vl,similarity_score,2026-07-13T18:56:24
I_2304_2326_frgp14,impostor,14,left,2304,2326,B,65,65,1000,500,0.383,qwen3vl,similarity_score,2026-07-13T18:56:24
I_2304_2327_frgp14,impostor,14,left,2304,2327,B,65,65,1000,500,0.381,qwen3vl,similarity_score,2026-07-13T18:56:25
I_2304_2328_frgp14,impostor,14,left,2304,2328,B,65,65,1000,500,0.379,qwen3vl,similarity_score,2026-07-13T18:56:25
I_2304_2329_frgp14,impostor,14,left,2304,2329,B,65,65,1000,500,0.381,qwen3vl,similarity_score,2026-07-13T18:56:26
I_2304_2330_frgp14,impostor,14,left,2304,2330,B,85,85,1000,500,0.381,qwen3vl,similarity_score,2026-07-13T18:56:26
I_2304_2332_frgp14,impostor,14,left,2304,2332,B,65,65,1000,500,0.381,qwen3vl,similarity_score,2026-07-13T18:56:26
I_2304_2334_frgp14,impostor,14,left,2304,2334,B,65,65,1000,500,0.38,qwen3vl,similarity_score,2026-07-13T18:56:27
I_2304_2337_frgp14,impostor,14,left,2304,2337,B,65,65,1000,500,0.382,qwen3vl,similarity_score,2026-07-13T18:56:27
I_2304_2338_frgp14,impostor,14,left,2304,2338,B,65,65,1000,500,0.383,qwen3vl,similarity_score,2026-07-13T18:56:27
I_2304_2339_frgp14,impostor,14,left,2304,2339,B,65,65,1000,500,0.383,qwen3vl,similarity_score,2026-07-13T18:56:28
I_2304_2340_frgp14,impostor,14,left,2304,2340,B,65,65,1000,500,0.38,qwen3vl,similarity_score,2026-07-13T18:56:28
I_2304_2341_frgp14,impostor,14,left,2304,2341,B,65,65,1000,500,0.384,qwen3vl,similarity_score,2026-07-13T18:56:29
I_2304_2342_frgp14,impostor,14,left,2304,2342,B,65,65,1000,500,0.383,qwen3vl,similarity_score,2026-07-13T18:56:29
I_2304_2344_frgp14,impostor,14,left,2304,2344,B,65,65,1000,500,0.383,qwen3vl,similarity_score,2026-07-13T18:56:29
I_2304_2348_frgp14,impostor,14,left,2304,2348,B,65,65,1000,500,0.382,qwen3vl,similarity_score,2026-07-13T18:56:30
I_2304_2349_frgp14,impostor,14,left,2304,2349,B,65,65,1000,500,0.384,qwen3vl,similarity_score,2026-07-13T18:56:30
I_2304_2351_frgp14,impostor,14,left,2304,2351,B,65,65,1000,500,0.379,qwen3vl,similarity_score,2026-07-13T18:56:31
I_2304_2352_frgp14,impostor,14,left,2304,2352,B,95,95,1000,500,0.381,qwen3vl,similarity_score,2026-07-13T18:56:31
I_2304_2353_frgp14,impostor,14,left,2304,2353,B,65,65,1000,500,0.376,qwen3vl,similarity_score,2026-07-13T18:56:31
I_2304_2355_frgp14,impostor,14,left,2304,2355,B,85,85,1000,500,0.379,qwen3vl,similarity_score,2026-07-13T18:56:32
I_2304_2356_frgp14,impostor,14,left,2304,2356,B,65,65,1000,500,0.379,qwen3vl,similarity_score,2026-07-13T18:56:32
I_2304_2357_frgp14,impostor,14,left,2304,2357,B,85,85,1000,500,0.379,qwen3vl,similarity_score,2026-07-13T18:56:32
I_2304_2358_frgp14,impostor,14,left,2304,2358,B,65,65,1000,500,0.383,qwen3vl,similarity_score,2026-07-13T18:56:33
I_2304_2359_frgp14,impostor,14,left,2304,2359,B,85,85,1000,500,0.383,qwen3vl,similarity_score,2026-07-13T18:56:33
I_2304_2360_frgp14,impostor,14,left,2304,2360,B,65,65,1000,500,0.381,qwen3vl,similarity_score,2026-07-13T18:56:34
I_2304_2362_frgp14,impostor,14,left,2304,2362,B,65,65,1000,500,0.382,qwen3vl,similarity_score,2026-07-13T18:56:34
I_2304_2364_frgp14,impostor,14,left,2304,2364,B,65,65,1000,500,0.378,qwen3vl,similarity_score,2026-07-13T18:56:34
I_2304_2367_frgp14,impostor,14,left,2304,2367,B,85,85,1000,500,0.381,qwen3vl,similarity_score,2026-07-13T18:56:35
I_2304_2368_frgp14,impostor,14,left,2304,2368,B,65,65,1000,500,0.381,qwen3vl,similarity_score,2026-07-13T18:56:35
I_2304_2369_frgp14,impostor,14,left,2304,2369,B,65,65,1000,500,0.379,qwen3vl,similarity_score,2026-07-13T18:56:35
I_2304_2370_frgp14,impostor,14,left,2304,2370,B,85,85,1000,500,0.379,qwen3vl,similarity_score,2026-07-13T18:56:36
I_2304_2371_frgp14,impostor,14,left,2304,2371,B,85,85,1000,500,0.378,qwen3vl,similarity_score,2026-07-13T18:56:36
I_2304_2372_frgp14,impostor,14,left,2304,2372,B,65,65,1000,500,0.382,qwen3vl,similarity_score,2026-07-13T18:56:37
I_2304_2373_frgp14,impostor,14,left,2304,2373,B,65,65,1000,500,0.379,qwen3vl,similarity_score,2026-07-13T18:56:37
I_2304_2374_frgp14,impostor,14,left,2304,2374,B,85,85,1000,500,0.384,qwen3vl,similarity_score,2026-07-13T18:56:37
I_2304_2375_frgp14,impostor,14,left,2304,2375,B,65,65,1000,500,0.381,qwen3vl,similarity_score,2026-07-13T18:56:38
I_2304_2376_frgp14,impostor,14,left,2304,2376,B,85,85,1000,500,0.383,qwen3vl,similarity_score,2026-07-13T18:56:38
I_2304_2379_frgp14,impostor,14,left,2304,2379,B,65,65,1000,500,0.379,qwen3vl,similarity_score,2026-07-13T18:56:39
I_2304_2380_frgp14,impostor,14,left,2304,2380,B,65,65,1000,500,0.383,qwen3vl,similarity_score,2026-07-13T18:56:39
I_2304_2381_frgp14,impostor,14,left,2304,2381,B,65,65,1000,500,0.381,qwen3vl,similarity_score,2026-07-13T18:56:39
I_2304_2383_frgp14,impostor,14,left,2304,2383,B,85,85,1000,500,0.384,qwen3vl,similarity_score,2026-07-13T18:56:40
I_2304_2384_frgp14,impostor,14,left,2304,2384,B,65,65,1000,500,0.38,qwen3vl,similarity_score,2026-07-13T18:56:40
I_2304_2386_frgp14,impostor,14,left,2304,2386,B,65,65,1000,500,0.38,qwen3vl,similarity_score,2026-07-13T18:56:40
I_2304_2388_frgp14,impostor,14,left,2304,2388,B,65,65,1000,500,0.381,qwen3vl,similarity_score,2026-07-13T18:56:41
I_2304_2391_frgp14,impostor,14,left,2304,2391,B,65,65,1000,500,0.38,qwen3vl,similarity_score,2026-07-13T18:56:41
I_2304_2392_frgp14,impostor,14,left,2304,2392,B,85,85,1000,500,0.382,qwen3vl,similarity_score,2026-07-13T18:56:42
I_2304_2394_frgp14,impostor,14,left,2304,2394,B,65,65,1000,500,0.379,qwen3vl,similarity_score,2026-07-13T18:56:42
I_2304_2395_frgp14,impostor,14,left,2304,2395,B,85,85,1000,500,0.38,qwen3vl,similarity_score,2026-07-13T18:56:42
I_2304_2396_frgp14,impostor,14,left,2304,2396,B,65,65,1000,500,0.382,qwen3vl,similarity_score,2026-07-13T18:56:43
I_2304_2398_frgp14,impostor,14,left,2304,2398,B,65,65,1000,500,0.378,qwen3vl,similarity_score,2026-07-13T18:56:43
I_2304_2399_frgp14,impostor,14,left,2304,2399,B,65,65,1000,500,0.38,qwen3vl,similarity_score,2026-07-13T18:56:43
I_2304_2401_frgp14,impostor,14,left,2304,2401,B,65,65,1000,500,0.385,qwen3vl,similarity_score,2026-07-13T18:56:44
I_2304_2402_frgp14,impostor,14,left,2304,2402,B,65,65,1000,500,0.383,qwen3vl,similarity_score,2026-07-13T18:56:44
I_2304_2403_frgp14,impostor,14,left,2304,2403,B,65,65,1000,500,0.379,qwen3vl,similarity_score,2026-07-13T18:56:45
I_2304_2405_frgp14,impostor,14,left,2304,2405,B,65,65,1000,500,0.381,qwen3vl,similarity_score,2026-07-13T18:56:45
I_2304_2406_frgp14,impostor,14,left,2304,2406,B,65,65,1000,500,0.378,qwen3vl,similarity_score,2026-07-13T18:56:45
I_2304_2407_frgp14,impostor,14,left,2304,2407,B,85,85,1000,500,0.379,qwen3vl,similarity_score,2026-07-13T18:56:46
I_2304_2408_frgp14,impostor,14,left,2304,2408,B,65,65,1000,500,0.38,qwen3vl,similarity_score,2026-07-13T18:56:46
I_2304_2409_frgp14,impostor,14,left,2304,2409,B,65,65,1000,500,0.381,qwen3vl,similarity_score,2026-07-13T18:56:47
I_2304_2412_frgp14,impostor,14,left,2304,2412,B,65,65,1000,500,0.382,qwen3vl,similarity_score,2026-07-13T18:56:47
I_2304_2413_frgp14,impostor,14,left,2304,2413,B,65,65,1000,500,0.381,qwen3vl,similarity_score,2026-07-13T18:56:47
I_2304_2415_frgp14,impostor,14,left,2304,2415,B,85,85,1000,500,0.382,qwen3vl,similarity_score,2026-07-13T18:56:48
I_2304_2418_frgp14,impostor,14,left,2304,2418,B,65,65,1000,500,0.382,qwen3vl,similarity_score,2026-07-13T18:56:48
I_2304_2423_frgp14,impostor,14,left,2304,2423,B,65,65,1000,500,0.38,qwen3vl,similarity_score,2026-07-13T18:56:48
I_2304_2424_frgp14,impostor,14,left,2304,2424,B,85,85,1000,500,0.385,qwen3vl,similarity_score,2026-07-13T18:56:49
I_2304_2425_frgp14,impostor,14,left,2304,2425,B,65,65,1000,500,0.384,qwen3vl,similarity_score,2026-07-13T18:56:49
I_2304_2426_frgp14,impostor,14,left,2304,2426,B,65,65,1000,500,0.381,qwen3vl,similarity_score,2026-07-13T18:56:50
I_2304_2428_frgp14,impostor,14,left,2304,2428,B,65,65,1000,500,0.377,qwen3vl,similarity_score,2026-07-13T18:56:50
I_2304_2440_frgp14,impostor,14,left,2304,2440,B,65,65,1000,500,0.379,qwen3vl,similarity_score,2026-07-13T18:56:50
I_2304_2447_frgp14,impostor,14,left,2304,2447,B,85,85,1000,500,0.378,qwen3vl,similarity_score,2026-07-13T18:56:51
I_2304_2455_frgp14,impostor,14,left,2304,2455,B,65,65,1000,500,0.38,qwen3vl,similarity_score,2026-07-13T18:56:51
I_2304_2462_frgp14,impostor,14,left,2304,2462,B,65,65,1000,500,0.378,qwen3vl,similarity_score,2026-07-13T18:56:51
I_2304_2463_frgp14,impostor,14,left,2304,2463,B,65,65,1000,500,0.379,qwen3vl,similarity_score,2026-07-13T18:56:52
I_2304_2481_frgp14,impostor,14,left,2304,2481,B,85,85,1000,500,0.379,qwen3vl,similarity_score,2026-07-13T18:56:52
I_2306_2307_frgp14,impostor,14,left,2306,2307,B,65,65,1000,500,0.384,qwen3vl,similarity_score,2026-07-13T18:56:53
I_2306_2310_frgp14,impostor,14,left,2306,2310,B,65,65,1000,500,0.38,qwen3vl,similarity_score,2026-07-13T18:56:53
I_2306_2312_frgp14,impostor,14,left,2306,2312,B,65,65,1000,500,0.38,qwen3vl,similarity_score,2026-07-13T18:56:53
I_2306_2313_frgp14,impostor,14,left,2306,2313,B,65,65,1000,500,0.384,qwen3vl,similarity_score,2026-07-13T18:56:54
I_2306_2314_frgp14,impostor,14,left,2306,2314,B,85,85,1000,500,0.381,qwen3vl,similarity_score,2026-07-13T18:56:54
I_2306_2315_frgp14,impostor,14,left,2306,2315,B,65,65,1000,500,0.38,qwen3vl,similarity_score,2026-07-13T18:56:55
I_2306_2317_frgp14,impostor,14,left,2306,2317,B,65,65,1000,500,0.379,qwen3vl,similarity_score,2026-07-13T18:56:55
I_2306_2319_frgp14,impostor,14,left,2306,2319,B,65,65,1000,500,0.378,qwen3vl,similarity_score,2026-07-13T18:56:55
I_2306_2320_frgp14,impostor,14,left,2306,2320,B,65,65,1000,500,0.379,qwen3vl,similarity_score,2026-07-13T18:56:56
I_2306_2321_frgp14,impostor,14,left,2306,2321,B,65,65,1000,500,0.381,qwen3vl,similarity_score,2026-07-13T18:56:56
I_2306_2325_frgp14,impostor,14,left,2306,2325,B,65,65,1000,500,0.374,qwen3vl,similarity_score,2026-07-13T18:56:56
I_2306_2326_frgp14,impostor,14,left,2306,2326,B,0,0,1000,500,0.365,qwen3vl,similarity_score,2026-07-13T18:56:57
I_2306_2327_frgp14,impostor,14,left,2306,2327,B,65,65,1000,500,0.379,qwen3vl,similarity_score,2026-07-13T18:56:57
I_2306_2328_frgp14,impostor,14,left,2306,2328,B,0,0,1000,500,0.36,qwen3vl,similarity_score,2026-07-13T18:56:57
I_2306_2329_frgp14,impostor,14,left,2306,2329,B,65,65,1000,500,0.38,qwen3vl,similarity_score,2026-07-13T18:56:58
I_2306_2330_frgp14,impostor,14,left,2306,2330,B,85,85,1000,500,0.379,qwen3vl,similarity_score,2026-07-13T18:56:58
I_2306_2332_frgp14,impostor,14,left,2306,2332,B,65,65,1000,500,0.387,qwen3vl,similarity_score,2026-07-13T18:56:59
I_2306_2334_frgp14,impostor,14,left,2306,2334,B,65,65,1000,500,0.384,qwen3vl,similarity_score,2026-07-13T18:56:59
I_2306_2337_frgp14,impostor,14,left,2306,2337,B,65,65,1000,500,0.383,qwen3vl,similarity_score,2026-07-13T18:56:59
I_2306_2338_frgp14,impostor,14,left,2306,2338,B,65,65,1000,500,0.386,qwen3vl,similarity_score,2026-07-13T18:57:00
I_2306_2339_frgp14,impostor,14,left,2306,2339,B,65,65,1000,500,0.386,qwen3vl,similarity_score,2026-07-13T18:57:00
I_2306_2340_frgp14,impostor,14,left,2306,2340,B,65,65,1000,500,0.389,qwen3vl,similarity_score,2026-07-13T18:57:01
I_2306_2341_frgp14,impostor,14,left,2306,2341,B,0,0,1000,500,0.369,qwen3vl,similarity_score,2026-07-13T18:57:01
I_2306_2342_frgp14,impostor,14,left,2306,2342,B,65,65,1000,500,0.385,qwen3vl,similarity_score,2026-07-13T18:57:01
I_2306_2344_frgp14,impostor,14,left,2306,2344,B,65,65,1000,500,0.384,qwen3vl,similarity_score,2026-07-13T18:57:02
I_2306_2348_frgp14,impostor,14,left,2306,2348,B,65,65,1000,500,0.385,qwen3vl,similarity_score,2026-07-13T18:57:02
I_2306_2349_frgp14,impostor,14,left,2306,2349,B,0,0,1000,500,0.367,qwen3vl,similarity_score,2026-07-13T18:57:02
I_2306_2351_frgp14,impostor,14,left,2306,2351,B,65,65,1000,500,0.38,qwen3vl,similarity_score,2026-07-13T18:57:03
I_2306_2352_frgp14,impostor,14,left,2306,2352,B,65,65,1000,500,0.384,qwen3vl,similarity_score,2026-07-13T18:57:03
I_2306_2353_frgp14,impostor,14,left,2306,2353,B,65,65,1000,500,0.382,qwen3vl,similarity_score,2026-07-13T18:57:04
I_2306_2355_frgp14,impostor,14,left,2306,2355,B,85,85,1000,500,0.381,qwen3vl,similarity_score,2026-07-13T18:57:04
I_2306_2356_frgp14,impostor,14,left,2306,2356,B,65,65,1000,500,0.379,qwen3vl,similarity_score,2026-07-13T18:57:04
I_2306_2357_frgp14,impostor,14,left,2306,2357,B,65,65,1000,500,0.383,qwen3vl,similarity_score,2026-07-13T18:57:05
I_2306_2358_frgp14,impostor,14,left,2306,2358,B,65,65,1000,500,0.385,qwen3vl,similarity_score,2026-07-13T18:57:05
I_2306_2359_frgp14,impostor,14,left,2306,2359,B,65,65,1000,500,0.381,qwen3vl,similarity_score,2026-07-13T18:57:06
I_2306_2360_frgp14,impostor,14,left,2306,2360,B,65,65,1000,500,0.383,qwen3vl,similarity_score,2026-07-13T18:57:06
I_2306_2362_frgp14,impostor,14,left,2306,2362,B,65,65,1000,500,0.381,qwen3vl,similarity_score,2026-07-13T18:57:06
I_2306_2364_frgp14,impostor,14,left,2306,2364,B,65,65,1000,500,0.38,qwen3vl,similarity_score,2026-07-13T18:57:07
I_2306_2367_frgp14,impostor,14,left,2306,2367,B,65,65,1000,500,0.379,qwen3vl,similarity_score,2026-07-13T18:57:07
I_2306_2368_frgp14,impostor,14,left,2306,2368,B,65,65,1000,500,0.377,qwen3vl,similarity_score,2026-07-13T18:57:07
I_2306_2369_frgp14,impostor,14,left,2306,2369,B,65,65,1000,500,0.384,qwen3vl,similarity_score,2026-07-13T18:57:08
I_2306_2370_frgp14,impostor,14,left,2306,2370,B,65,65,1000,500,0.379,qwen3vl,similarity_score,2026-07-13T18:57:08
I_2306_2371_frgp14,impostor,14,left,2306,2371,B,65,65,1000,500,0.384,qwen3vl,similarity_score,2026-07-13T18:57:09
I_2306_2372_frgp14,impostor,14,left,2306,2372,B,65,65,1000,500,0.382,qwen3vl,similarity_score,2026-07-13T18:57:09
I_2306_2373_frgp14,impostor,14,left,2306,2373,B,0,0,1000,500,0.364,qwen3vl,similarity_score,2026-07-13T18:57:09
I_2306_2374_frgp14,impostor,14,left,2306,2374,B,65,65,1000,500,0.382,qwen3vl,similarity_score,2026-07-13T18:57:10
I_2306_2375_frgp14,impostor,14,left,2306,2375,B,65,65,1000,500,0.383,qwen3vl,similarity_score,2026-07-13T18:57:10
I_2306_2376_frgp14,impostor,14,left,2306,2376,B,65,65,1000,500,0.384,qwen3vl,similarity_score,2026-07-13T18:57:10
I_2306_2379_frgp14,impostor,14,left,2306,2379,B,65,65,1000,500,0.383,qwen3vl,similarity_score,2026-07-13T18:57:11
I_2306_2380_frgp14,impostor,14,left,2306,2380,B,65,65,1000,500,0.379,qwen3vl,similarity_score,2026-07-13T18:57:11
I_2306_2381_frgp14,impostor,14,left,2306,2381,B,65,65,1000,500,0.379,qwen3vl,similarity_score,2026-07-13T18:57:12
I_2306_2383_frgp14,impostor,14,left,2306,2383,B,65,65,1000,500,0.381,qwen3vl,similarity_score,2026-07-13T18:57:12
I_2306_2384_frgp14,impostor,14,left,2306,2384,B,65,65,1000,500,0.381,qwen3vl,similarity_score,2026-07-13T18:57:12
I_2306_2386_frgp14,impostor,14,left,2306,2386,B,65,65,1000,500,0.383,qwen3vl,similarity_score,2026-07-13T18:57:13
I_2306_2388_frgp14,impostor,14,left,2306,2388,B,65,65,1000,500,0.385,qwen3vl,similarity_score,2026-07-13T18:57:13
I_2306_2391_frgp14,impostor,14,left,2306,2391,B,65,65,1000,500,0.385,qwen3vl,similarity_score,2026-07-13T18:57:14
I_2306_2392_frgp14,impostor,14,left,2306,2392,B,85,85,1000,500,0.384,qwen3vl,similarity_score,2026-07-13T18:57:14
I_2306_2394_frgp14,impostor,14,left,2306,2394,B,65,65,1000,500,0.382,qwen3vl,similarity_score,2026-07-13T18:57:14
I_2306_2395_frgp14,impostor,14,left,2306,2395,B,65,65,1000,500,0.385,qwen3vl,similarity_score,2026-07-13T18:57:15
I_2306_2396_frgp14,impostor,14,left,2306,2396,B,0,0,1000,500,0.365,qwen3vl,similarity_score,2026-07-13T18:57:15
I_2306_2398_frgp14,impostor,14,left,2306,2398,B,65,65,1000,500,0.38,qwen3vl,similarity_score,2026-07-13T18:57:15
I_2306_2399_frgp14,impostor,14,left,2306,2399,B,0,0,1000,500,0.364,qwen3vl,similarity_score,2026-07-13T18:57:16
I_2306_2401_frgp14,impostor,14,left,2306,2401,B,65,65,1000,500,0.383,qwen3vl,similarity_score,2026-07-13T18:57:16
I_2306_2402_frgp14,impostor,14,left,2306,2402,B,0,0,1000,500,0.362,qwen3vl,similarity_score,2026-07-13T18:57:17
I_2306_2403_frgp14,impostor,14,left,2306,2403,B,65,65,1000,500,0.379,qwen3vl,similarity_score,2026-07-13T18:57:17
I_2306_2405_frgp14,impostor,14,left,2306,2405,B,65,65,1000,500,0.379,qwen3vl,similarity_score,2026-07-13T18:57:17
I_2306_2406_frgp14,impostor,14,left,2306,2406,B,65,65,1000,500,0.383,qwen3vl,similarity_score,2026-07-13T18:57:18
I_2306_2407_frgp14,impostor,14,left,2306,2407,B,65,65,1000,500,0.379,qwen3vl,similarity_score,2026-07-13T18:57:18
I_2306_2408_frgp14,impostor,14,left,2306,2408,B,65,65,1000,500,0.382,qwen3vl,similarity_score,2026-07-13T18:57:18
I_2306_2409_frgp14,impostor,14,left,2306,2409,B,65,65,1000,500,0.382,qwen3vl,similarity_score,2026-07-13T18:57:19
I_2306_2412_frgp14,impostor,14,left,2306,2412,B,65,65,1000,500,0.38,qwen3vl,similarity_score,2026-07-13T18:57:19
I_2306_2413_frgp14,impostor,14,left,2306,2413,B,0,0,1000,500,0.364,qwen3vl,similarity_score,2026-07-13T18:57:20
I_2306_2415_frgp14,impostor,14,left,2306,2415,B,65,65,1000,500,0.381,qwen3vl,similarity_score,2026-07-13T18:57:20
I_2306_2418_frgp14,impostor,14,left,2306,2418,B,95,95,1000,500,0.382,qwen3vl,similarity_score,2026-07-13T18:57:20
I_2306_2423_frgp14,impostor,14,left,2306,2423,B,65,65,1000,500,0.381,qwen3vl,similarity_score,2026-07-13T18:57:21
I_2306_2424_frgp14,impostor,14,left,2306,2424,B,65,65,1000,500,0.383,qwen3vl,similarity_score,2026-07-13T18:57:21
I_2306_2425_frgp14,impostor,14,left,2306,2425,B,65,65,1000,500,0.386,qwen3vl,similarity_score,2026-07-13T18:57:21
I_2306_2426_frgp14,impostor,14,left,2306,2426,B,65,65,1000,500,0.382,qwen3vl,similarity_score,2026-07-13T18:57:22
I_2306_2428_frgp14,impostor,14,left,2306,2428,B,65,65,1000,500,0.383,qwen3vl,similarity_score,2026-07-13T18:57:22
I_2306_2440_frgp14,impostor,14,left,2306,2440,B,65,65,1000,500,0.383,qwen3vl,similarity_score,2026-07-13T18:57:23
I_2306_2447_frgp14,impostor,14,left,2306,2447,B,65,65,1000,500,0.413,qwen3vl,similarity_score,2026-07-13T18:57:23
I_2306_2455_frgp14,impostor,14,left,2306,2455,B,65,65,1000,500,0.386,qwen3vl,similarity_score,2026-07-13T18:57:23
I_2306_2462_frgp14,impostor,14,left,2306,2462,B,65,65,1000,500,0.388,qwen3vl,similarity_score,2026-07-13T18:57:24
I_2306_2463_frgp14,impostor,14,left,2306,2463,B,65,65,1000,500,0.383,qwen3vl,similarity_score,2026-07-13T18:57:24
I_2306_2481_frgp14,impostor,14,left,2306,2481,B,65,65,1000,500,0.381,qwen3vl,similarity_score,2026-07-13T18:57:25
I_2307_2310_frgp14,impostor,14,left,2307,2310,B,65,65,1000,500,0.382,qwen3vl,similarity_score,2026-07-13T18:57:25
I_2307_2312_frgp14,impostor,14,left,2307,2312,B,65,65,1000,500,0.374,qwen3vl,similarity_score,2026-07-13T18:57:25
I_2307_2313_frgp14,impostor,14,left,2307,2313,B,65,65,1000,500,0.382,qwen3vl,similarity_score,2026-07-13T18:57:26
I_2307_2314_frgp14,impostor,14,left,2307,2314,B,65,65,1000,500,0.377,qwen3vl,similarity_score,2026-07-13T18:57:26
I_2307_2315_frgp14,impostor,14,left,2307,2315,B,95,95,1000,500,0.379,qwen3vl,similarity_score,2026-07-13T18:57:26
I_2307_2317_frgp14,impostor,14,left,2307,2317,B,95,95,1000,500,0.378,qwen3vl,similarity_score,2026-07-13T18:57:27
I_2307_2319_frgp14,impostor,14,left,2307,2319,B,65,65,1000,500,0.375,qwen3vl,similarity_score,2026-07-13T18:57:27
I_2307_2320_frgp14,impostor,14,left,2307,2320,B,65,65,1000,500,0.379,qwen3vl,similarity_score,2026-07-13T18:57:28
I_2307_2321_frgp14,impostor,14,left,2307,2321,B,65,65,1000,500,0.377,qwen3vl,similarity_score,2026-07-13T18:57:28
I_2307_2325_frgp14,impostor,14,left,2307,2325,B,65,65,1000,500,0.378,qwen3vl,similarity_score,2026-07-13T18:57:28
I_2307_2326_frgp14,impostor,14,left,2307,2326,B,65,65,1000,500,0.382,qwen3vl,similarity_score,2026-07-13T18:57:29
I_2307_2327_frgp14,impostor,14,left,2307,2327,B,65,65,1000,500,0.387,qwen3vl,similarity_score,2026-07-13T18:57:29
I_2307_2328_frgp14,impostor,14,left,2307,2328,B,0,0,1000,500,0.374,qwen3vl,similarity_score,2026-07-13T18:57:29
I_2307_2329_frgp14,impostor,14,left,2307,2329,B,65,65,1000,500,0.384,qwen3vl,similarity_score,2026-07-13T18:57:30
I_2307_2330_frgp14,impostor,14,left,2307,2330,B,65,65,1000,500,0.38,qwen3vl,similarity_score,2026-07-13T18:57:30
I_2307_2332_frgp14,impostor,14,left,2307,2332,B,65,65,1000,500,0.383,qwen3vl,similarity_score,2026-07-13T18:57:31
I_2307_2334_frgp14,impostor,14,left,2307,2334,B,65,65,1000,500,0.397,qwen3vl,similarity_score,2026-07-13T18:57:31
I_2307_2337_frgp14,impostor,14,left,2307,2337,B,65,65,1000,500,0.387,qwen3vl,similarity_score,2026-07-13T18:57:31
I_2307_2338_frgp14,impostor,14,left,2307,2338,B,65,65,1000,500,0.378,qwen3vl,similarity_score,2026-07-13T18:57:32
I_2307_2339_frgp14,impostor,14,left,2307,2339,B,65,65,1000,500,0.375,qwen3vl,similarity_score,2026-07-13T18:57:32
I_2307_2340_frgp14,impostor,14,left,2307,2340,B,65,65,1000,500,0.38,qwen3vl,similarity_score,2026-07-13T18:57:33
I_2307_2341_frgp14,impostor,14,left,2307,2341,B,0,0,1000,500,0.361,qwen3vl,similarity_score,2026-07-13T18:57:33
I_2307_2342_frgp14,impostor,14,left,2307,2342,B,65,65,1000,500,0.373,qwen3vl,similarity_score,2026-07-13T18:57:33
I_2307_2344_frgp14,impostor,14,left,2307,2344,B,65,65,1000,500,0.381,qwen3vl,similarity_score,2026-07-13T18:57:34
I_2307_2348_frgp14,impostor,14,left,2307,2348,B,65,65,1000,500,0.383,qwen3vl,similarity_score,2026-07-13T18:57:34
I_2307_2349_frgp14,impostor,14,left,2307,2349,B,0,0,1000,500,0.365,qwen3vl,similarity_score,2026-07-13T18:57:34
I_2307_2351_frgp14,impostor,14,left,2307,2351,B,65,65,1000,500,0.379,qwen3vl,similarity_score,2026-07-13T18:57:35
I_2307_2352_frgp14,impostor,14,left,2307,2352,B,65,65,1000,500,0.377,qwen3vl,similarity_score,2026-07-13T18:57:35
I_2307_2353_frgp14,impostor,14,left,2307,2353,B,65,65,1000,500,0.382,qwen3vl,similarity_score,2026-07-13T18:57:36
I_2307_2355_frgp14,impostor,14,left,2307,2355,B,85,85,1000,500,0.381,qwen3vl,similarity_score,2026-07-13T18:57:36
I_2307_2356_frgp14,impostor,14,left,2307,2356,B,65,65,1000,500,0.384,qwen3vl,similarity_score,2026-07-13T18:57:36
I_2307_2357_frgp14,impostor,14,left,2307,2357,B,65,65,1000,500,0.383,qwen3vl,similarity_score,2026-07-13T18:57:37
I_2307_2358_frgp14,impostor,14,left,2307,2358,B,65,65,1000,500,0.382,qwen3vl,similarity_score,2026-07-13T18:57:37
I_2307_2359_frgp14,impostor,14,left,2307,2359,B,65,65,1000,500,0.381,qwen3vl,similarity_score,2026-07-13T18:57:37
I_2307_2360_frgp14,impostor,14,left,2307,2360,B,65,65,1000,500,0.38,qwen3vl,similarity_score,2026-07-13T18:57:38
I_2307_2362_frgp14,impostor,14,left,2307,2362,B,65,65,1000,500,0.381,qwen3vl,similarity_score,2026-07-13T18:57:38
I_2307_2364_frgp14,impostor,14,left,2307,2364,B,65,65,1000,500,0.38,qwen3vl,similarity_score,2026-07-13T18:57:39
I_2307_2367_frgp14,impostor,14,left,2307,2367,B,65,65,1000,500,0.382,qwen3vl,similarity_score,2026-07-13T18:57:39
I_2307_2368_frgp14,impostor,14,left,2307,2368,B,0,0,1000,500,0.363,qwen3vl,similarity_score,2026-07-13T18:57:39
I_2307_2369_frgp14,impostor,14,left,2307,2369,B,0,0,1000,500,0.363,qwen3vl,similarity_score,2026-07-13T18:57:40
I_2307_2370_frgp14,impostor,14,left,2307,2370,B,65,65,1000,500,0.379,qwen3vl,similarity_score,2026-07-13T18:57:40
I_2307_2371_frgp14,impostor,14,left,2307,2371,B,65,65,1000,500,0.38,qwen3vl,similarity_score,2026-07-13T18:57:40
I_2307_2372_frgp14,impostor,14,left,2307,2372,B,65,65,1000,500,0.38,qwen3vl,similarity_score,2026-07-13T18:57:41
I_2307_2373_frgp14,impostor,14,left,2307,2373,B,0,0,1000,500,0.364,qwen3vl,similarity_score,2026-07-13T18:57:41
I_2307_2374_frgp14,impostor,14,left,2307,2374,B,65,65,1000,500,0.379,qwen3vl,similarity_score,2026-07-13T18:57:42
I_2307_2375_frgp14,impostor,14,left,2307,2375,B,65,65,1000,500,0.375,qwen3vl,similarity_score,2026-07-13T18:57:42
I_2307_2376_frgp14,impostor,14,left,2307,2376,B,65,65,1000,500,0.378,qwen3vl,similarity_score,2026-07-13T18:57:42
I_2307_2379_frgp14,impostor,14,left,2307,2379,B,65,65,1000,500,0.377,qwen3vl,similarity_score,2026-07-13T18:57:43
I_2307_2380_frgp14,impostor,14,left,2307,2380,B,85,85,1000,500,0.38,qwen3vl,similarity_score,2026-07-13T18:57:43
I_2307_2381_frgp14,impostor,14,left,2307,2381,B,65,65,1000,500,0.382,qwen3vl,similarity_score,2026-07-13T18:57:43
I_2307_2383_frgp14,impostor,14,left,2307,2383,B,65,65,1000,500,0.382,qwen3vl,similarity_score,2026-07-13T18:57:44
I_2307_2384_frgp14,impostor,14,left,2307,2384,B,65,65,1000,500,0.379,qwen3vl,similarity_score,2026-07-13T18:57:44
I_2307_2386_frgp14,impostor,14,left,2307,2386,B,0,0,1000,500,0.363,qwen3vl,similarity_score,2026-07-13T18:57:45
I_2307_2388_frgp14,impostor,14,left,2307,2388,B,85,85,1000,500,0.381,qwen3vl,similarity_score,2026-07-13T18:57:45
I_2307_2391_frgp14,impostor,14,left,2307,2391,B,65,65,1000,500,0.382,qwen3vl,similarity_score,2026-07-13T18:57:45
I_2307_2392_frgp14,impostor,14,left,2307,2392,B,95,95,1000,500,0.396,qwen3vl,similarity_score,2026-07-13T18:57:46
I_2307_2394_frgp14,impostor,14,left,2307,2394,B,65,65,1000,500,0.385,qwen3vl,similarity_score,2026-07-13T18:57:46
I_2307_2395_frgp14,impostor,14,left,2307,2395,B,65,65,1000,500,0.381,qwen3vl,similarity_score,2026-07-13T18:57:47
I_2307_2396_frgp14,impostor,14,left,2307,2396,B,0,0,1000,500,0.363,qwen3vl,similarity_score,2026-07-13T18:57:47
I_2307_2398_frgp14,impostor,14,left,2307,2398,B,65,65,1000,500,0.382,qwen3vl,similarity_score,2026-07-13T18:57:47
I_2307_2399_frgp14,impostor,14,left,2307,2399,B,0,0,1000,500,0.365,qwen3vl,similarity_score,2026-07-13T18:57:48
I_2307_2401_frgp14,impostor,14,left,2307,2401,B,65,65,1000,500,0.381,qwen3vl,similarity_score,2026-07-13T18:57:48
I_2307_2402_frgp14,impostor,14,left,2307,2402,B,65,65,1000,500,0.382,qwen3vl,similarity_score,2026-07-13T18:57:48
I_2307_2403_frgp14,impostor,14,left,2307,2403,B,0,0,1000,500,0.363,qwen3vl,similarity_score,2026-07-13T18:57:49
I_2307_2405_frgp14,impostor,14,left,2307,2405,B,65,65,1000,500,0.381,qwen3vl,similarity_score,2026-07-13T18:57:49
I_2307_2406_frgp14,impostor,14,left,2307,2406,B,0,0,1000,500,0.365,qwen3vl,similarity_score,2026-07-13T18:57:50
I_2307_2407_frgp14,impostor,14,left,2307,2407,B,65,65,1000,500,0.382,qwen3vl,similarity_score,2026-07-13T18:57:50
I_2307_2408_frgp14,impostor,14,left,2307,2408,B,65,65,1000,500,0.375,qwen3vl,similarity_score,2026-07-13T18:57:50
I_2307_2409_frgp14,impostor,14,left,2307,2409,B,65,65,1000,500,0.378,qwen3vl,similarity_score,2026-07-13T18:57:51
I_2307_2412_frgp14,impostor,14,left,2307,2412,B,65,65,1000,500,0.38,qwen3vl,similarity_score,2026-07-13T18:57:51
I_2307_2413_frgp14,impostor,14,left,2307,2413,B,65,65,1000,500,0.38,qwen3vl,similarity_score,2026-07-13T18:57:51
I_2307_2415_frgp14,impostor,14,left,2307,2415,B,0,0,1000,500,0.364,qwen3vl,similarity_score,2026-07-13T18:57:52
I_2307_2418_frgp14,impostor,14,left,2307,2418,B,85,85,1000,500,0.38,qwen3vl,similarity_score,2026-07-13T18:57:52
I_2307_2423_frgp14,impostor,14,left,2307,2423,B,65,65,1000,500,0.383,qwen3vl,similarity_score,2026-07-13T18:57:53
I_2307_2424_frgp14,impostor,14,left,2307,2424,B,65,65,1000,500,0.382,qwen3vl,similarity_score,2026-07-13T18:57:53
I_2307_2425_frgp14,impostor,14,left,2307,2425,B,65,65,1000,500,0.381,qwen3vl,similarity_score,2026-07-13T18:57:53
I_2307_2426_frgp14,impostor,14,left,2307,2426,B,65,65,1000,500,0.382,qwen3vl,similarity_score,2026-07-13T18:57:54
I_2307_2428_frgp14,impostor,14,left,2307,2428,B,65,65,1000,500,0.385,qwen3vl,similarity_score,2026-07-13T18:57:54
I_2307_2440_frgp14,impostor,14,left,2307,2440,B,85,85,1000,500,0.379,qwen3vl,similarity_score,2026-07-13T18:57:54
I_2307_2447_frgp14,impostor,14,left,2307,2447,B,95,95,1000,500,0.38,qwen3vl,similarity_score,2026-07-13T18:57:55
I_2307_2455_frgp14,impostor,14,left,2307,2455,B,65,65,1000,500,0.377,qwen3vl,similarity_score,2026-07-13T18:57:55
I_2307_2462_frgp14,impostor,14,left,2307,2462,B,65,65,1000,500,0.376,qwen3vl,similarity_score,2026-07-13T18:57:56
I_2307_2463_frgp14,impostor,14,left,2307,2463,B,0,0,1000,500,0.362,qwen3vl,similarity_score,2026-07-13T18:57:56
I_2307_2481_frgp14,impostor,14,left,2307,2481,B,65,65,1000,500,0.378,qwen3vl,similarity_score,2026-07-13T18:57:56
I_2310_2312_frgp14,impostor,14,left,2310,2312,B,65,65,1000,500,0.382,qwen3vl,similarity_score,2026-07-13T18:57:57
I_2310_2313_frgp14,impostor,14,left,2310,2313,B,65,65,1000,500,0.383,qwen3vl,similarity_score,2026-07-13T18:57:57
I_2310_2314_frgp14,impostor,14,left,2310,2314,B,65,65,1000,500,0.377,qwen3vl,similarity_score,2026-07-13T18:57:57
I_2310_2315_frgp14,impostor,14,left,2310,2315,B,85,85,1000,500,0.379,qwen3vl,similarity_score,2026-07-13T18:57:58
I_2310_2317_frgp14,impostor,14,left,2310,2317,B,85,85,1000,500,0.382,qwen3vl,similarity_score,2026-07-13T18:57:58
I_2310_2319_frgp14,impostor,14,left,2310,2319,B,65,65,1000,500,0.383,qwen3vl,similarity_score,2026-07-13T18:57:59
I_2310_2320_frgp14,impostor,14,left,2310,2320,B,65,65,1000,500,0.382,qwen3vl,similarity_score,2026-07-13T18:57:59
I_2310_2321_frgp14,impostor,14,left,2310,2321,B,65,65,1000,500,0.383,qwen3vl,similarity_score,2026-07-13T18:57:59
I_2310_2325_frgp14,impostor,14,left,2310,2325,B,65,65,1000,500,0.379,qwen3vl,similarity_score,2026-07-13T18:58:00
I_2310_2326_frgp14,impostor,14,left,2310,2326,B,65,65,1000,500,0.381,qwen3vl,similarity_score,2026-07-13T18:58:00
I_2310_2327_frgp14,impostor,14,left,2310,2327,B,85,85,1000,500,0.378,qwen3vl,similarity_score,2026-07-13T18:58:01
I_2310_2328_frgp14,impostor,14,left,2310,2328,B,65,65,1000,500,0.383,qwen3vl,similarity_score,2026-07-13T18:58:01
I_2310_2329_frgp14,impostor,14,left,2310,2329,B,65,65,1000,500,0.382,qwen3vl,similarity_score,2026-07-13T18:58:01
I_2310_2330_frgp14,impostor,14,left,2310,2330,B,65,65,1000,500,0.382,qwen3vl,similarity_score,2026-07-13T18:58:02
I_2310_2332_frgp14,impostor,14,left,2310,2332,B,65,65,1000,500,0.381,qwen3vl,similarity_score,2026-07-13T18:58:02
I_2310_2334_frgp14,impostor,14,left,2310,2334,B,65,65,1000,500,0.379,qwen3vl,similarity_score,2026-07-13T18:58:02
I_2310_2337_frgp14,impostor,14,left,2310,2337,B,65,65,1000,500,0.38,qwen3vl,similarity_score,2026-07-13T18:58:03
I_2310_2338_frgp14,impostor,14,left,2310,2338,B,85,85,1000,500,0.383,qwen3vl,similarity_score,2026-07-13T18:58:03
I_2310_2339_frgp14,impostor,14,left,2310,2339,B,65,65,1000,500,0.384,qwen3vl,similarity_score,2026-07-13T18:58:04
I_2310_2340_frgp14,impostor,14,left,2310,2340,B,65,65,1000,500,0.381,qwen3vl,similarity_score,2026-07-13T18:58:04
I_2310_2341_frgp14,impostor,14,left,2310,2341,B,65,65,1000,500,0.383,qwen3vl,similarity_score,2026-07-13T18:58:04
I_2310_2342_frgp14,impostor,14,left,2310,2342,B,65,65,1000,500,0.377,qwen3vl,similarity_score,2026-07-13T18:58:05
I_2310_2344_frgp14,impostor,14,left,2310,2344,B,65,65,1000,500,0.38,qwen3vl,similarity_score,2026-07-13T18:58:05
I_2310_2348_frgp14,impostor,14,left,2310,2348,B,65,65,1000,500,0.376,qwen3vl,similarity_score,2026-07-13T18:58:05
I_2310_2349_frgp14,impostor,14,left,2310,2349,B,65,65,1000,500,0.383,qwen3vl,similarity_score,2026-07-13T18:58:06
I_2310_2351_frgp14,impostor,14,left,2310,2351,B,65,65,1000,500,0.377,qwen3vl,similarity_score,2026-07-13T18:58:06
I_2310_2352_frgp14,impostor,14,left,2310,2352,B,65,65,1000,500,0.378,qwen3vl,similarity_score,2026-07-13T18:58:07
I_2310_2353_frgp14,impostor,14,left,2310,2353,B,65,65,1000,500,0.376,qwen3vl,similarity_score,2026-07-13T18:58:07
I_2310_2355_frgp14,impostor,14,left,2310,2355,B,65,65,1000,500,0.375,qwen3vl,similarity_score,2026-07-13T18:58:07
I_2310_2356_frgp14,impostor,14,left,2310,2356,B,65,65,1000,500,0.379,qwen3vl,similarity_score,2026-07-13T18:58:08
I_2310_2357_frgp14,impostor,14,left,2310,2357,B,65,65,1000,500,0.382,qwen3vl,similarity_score,2026-07-13T18:58:08
I_2310_2358_frgp14,impostor,14,left,2310,2358,B,65,65,1000,500,0.382,qwen3vl,similarity_score,2026-07-13T18:58:08
I_2310_2359_frgp14,impostor,14,left,2310,2359,B,65,65,1000,500,0.384,qwen3vl,similarity_score,2026-07-13T18:58:09
I_2310_2360_frgp14,impostor,14,left,2310,2360,B,65,65,1000,500,0.378,qwen3vl,similarity_score,2026-07-13T18:58:09
I_2310_2362_frgp14,impostor,14,left,2310,2362,B,85,85,1000,500,0.379,qwen3vl,similarity_score,2026-07-13T18:58:10
I_2310_2364_frgp14,impostor,14,left,2310,2364,B,65,65,1000,500,0.376,qwen3vl,similarity_score,2026-07-13T18:58:10
I_2310_2367_frgp14,impostor,14,left,2310,2367,B,65,65,1000,500,0.377,qwen3vl,similarity_score,2026-07-13T18:58:10
I_2310_2368_frgp14,impostor,14,left,2310,2368,B,65,65,1000,500,0.376,qwen3vl,similarity_score,2026-07-13T18:58:11
I_2310_2369_frgp14,impostor,14,left,2310,2369,B,65,65,1000,500,0.377,qwen3vl,similarity_score,2026-07-13T18:58:11
I_2310_2370_frgp14,impostor,14,left,2310,2370,B,65,65,1000,500,0.375,qwen3vl,similarity_score,2026-07-13T18:58:12
I_2310_2371_frgp14,impostor,14,left,2310,2371,B,65,65,1000,500,0.378,qwen3vl,similarity_score,2026-07-13T18:58:12
I_2310_2372_frgp14,impostor,14,left,2310,2372,B,65,65,1000,500,0.376,qwen3vl,similarity_score,2026-07-13T18:58:12
I_2310_2373_frgp14,impostor,14,left,2310,2373,B,65,65,1000,500,0.378,qwen3vl,similarity_score,2026-07-13T18:58:13
I_2310_2374_frgp14,impostor,14,left,2310,2374,B,65,65,1000,500,0.379,qwen3vl,similarity_score,2026-07-13T18:58:13
I_2310_2375_frgp14,impostor,14,left,2310,2375,B,65,65,1000,500,0.383,qwen3vl,similarity_score,2026-07-13T18:58:13
I_2310_2376_frgp14,impostor,14,left,2310,2376,B,65,65,1000,500,0.385,qwen3vl,similarity_score,2026-07-13T18:58:14
I_2310_2379_frgp14,impostor,14,left,2310,2379,B,65,65,1000,500,0.382,qwen3vl,similarity_score,2026-07-13T18:58:14
I_2310_2380_frgp14,impostor,14,left,2310,2380,B,65,65,1000,500,0.381,qwen3vl,similarity_score,2026-07-13T18:58:15
I_2310_2381_frgp14,impostor,14,left,2310,2381,B,0,0,1000,500,0.361,qwen3vl,similarity_score,2026-07-13T18:58:15
I_2310_2383_frgp14,impostor,14,left,2310,2383,B,65,65,1000,500,0.378,qwen3vl,similarity_score,2026-07-13T18:58:15
I_2310_2384_frgp14,impostor,14,left,2310,2384,B,65,65,1000,500,0.377,qwen3vl,similarity_score,2026-07-13T18:58:16
I_2310_2386_frgp14,impostor,14,left,2310,2386,B,65,65,1000,500,0.382,qwen3vl,similarity_score,2026-07-13T18:58:16
I_2310_2388_frgp14,impostor,14,left,2310,2388,B,65,65,1000,500,0.381,qwen3vl,similarity_score,2026-07-13T18:58:16
I_2310_2391_frgp14,impostor,14,left,2310,2391,B,65,65,1000,500,0.377,qwen3vl,similarity_score,2026-07-13T18:58:17
I_2310_2392_frgp14,impostor,14,left,2310,2392,B,65,65,1000,500,0.378,qwen3vl,similarity_score,2026-07-13T18:58:17
I_2310_2394_frgp14,impostor,14,left,2310,2394,B,65,65,1000,500,0.381,qwen3vl,similarity_score,2026-07-13T18:58:18
I_2310_2395_frgp14,impostor,14,left,2310,2395,B,65,65,1000,500,0.376,qwen3vl,similarity_score,2026-07-13T18:58:18
I_2310_2396_frgp14,impostor,14,left,2310,2396,B,0,0,1000,500,0.366,qwen3vl,similarity_score,2026-07-13T18:58:18
I_2310_2398_frgp14,impostor,14,left,2310,2398,B,65,65,1000,500,0.382,qwen3vl,similarity_score,2026-07-13T18:58:19
I_2310_2399_frgp14,impostor,14,left,2310,2399,B,65,65,1000,500,0.384,qwen3vl,similarity_score,2026-07-13T18:58:19
I_2310_2401_frgp14,impostor,14,left,2310,2401,B,65,65,1000,500,0.381,qwen3vl,similarity_score,2026-07-13T18:58:19
I_2310_2402_frgp14,impostor,14,left,2310,2402,B,65,65,1000,500,0.379,qwen3vl,similarity_score,2026-07-13T18:58:20
I_2310_2403_frgp14,impostor,14,left,2310,2403,B,0,0,1000,500,0.36,qwen3vl,similarity_score,2026-07-13T18:58:20
I_2310_2405_frgp14,impostor,14,left,2310,2405,B,65,65,1000,500,0.378,qwen3vl,similarity_score,2026-07-13T18:58:21
I_2310_2406_frgp14,impostor,14,left,2310,2406,B,65,65,1000,500,0.383,qwen3vl,similarity_score,2026-07-13T18:58:21
I_2310_2407_frgp14,impostor,14,left,2310,2407,B,65,65,1000,500,0.382,qwen3vl,similarity_score,2026-07-13T18:58:21
I_2310_2408_frgp14,impostor,14,left,2310,2408,B,65,65,1000,500,0.378,qwen3vl,similarity_score,2026-07-13T18:58:22
I_2310_2409_frgp14,impostor,14,left,2310,2409,B,65,65,1000,500,0.379,qwen3vl,similarity_score,2026-07-13T18:58:22
I_2310_2412_frgp14,impostor,14,left,2310,2412,B,65,65,1000,500,0.377,qwen3vl,similarity_score,2026-07-13T18:58:22
I_2310_2413_frgp14,impostor,14,left,2310,2413,B,65,65,1000,500,0.379,qwen3vl,similarity_score,2026-07-13T18:58:23
I_2310_2415_frgp14,impostor,14,left,2310,2415,B,65,65,1000,500,0.382,qwen3vl,similarity_score,2026-07-13T18:58:23
I_2310_2418_frgp14,impostor,14,left,2310,2418,B,85,85,1000,500,0.383,qwen3vl,similarity_score,2026-07-13T18:58:24
I_2310_2423_frgp14,impostor,14,left,2310,2423,B,65,65,1000,500,0.382,qwen3vl,similarity_score,2026-07-13T18:58:24
I_2310_2424_frgp14,impostor,14,left,2310,2424,B,65,65,1000,500,0.378,qwen3vl,similarity_score,2026-07-13T18:58:24
I_2310_2425_frgp14,impostor,14,left,2310,2425,B,65,65,1000,500,0.378,qwen3vl,similarity_score,2026-07-13T18:58:25
I_2310_2426_frgp14,impostor,14,left,2310,2426,B,0,0,1000,500,0.357,qwen3vl,similarity_score,2026-07-13T18:58:25
I_2310_2428_frgp14,impostor,14,left,2310,2428,B,95,95,1000,500,0.379,qwen3vl,similarity_score,2026-07-13T18:58:25
I_2310_2440_frgp14,impostor,14,left,2310,2440,B,65,65,1000,500,0.38,qwen3vl,similarity_score,2026-07-13T18:58:26
I_2310_2447_frgp14,impostor,14,left,2310,2447,B,85,85,1000,500,0.377,qwen3vl,similarity_score,2026-07-13T18:58:26
I_2310_2455_frgp14,impostor,14,left,2310,2455,B,65,65,1000,500,0.38,qwen3vl,similarity_score,2026-07-13T18:58:27
I_2310_2462_frgp14,impostor,14,left,2310,2462,B,65,65,1000,500,0.376,qwen3vl,similarity_score,2026-07-13T18:58:27
I_2310_2463_frgp14,impostor,14,left,2310,2463,B,0,0,1000,500,0.359,qwen3vl,similarity_score,2026-07-13T18:58:27
I_2310_2481_frgp14,impostor,14,left,2310,2481,B,65,65,1000,500,0.378,qwen3vl,similarity_score,2026-07-13T18:58:28
I_2312_2313_frgp14,impostor,14,left,2312,2313,B,65,65,1000,500,0.382,qwen3vl,similarity_score,2026-07-13T18:58:28
I_2312_2314_frgp14,impostor,14,left,2312,2314,B,65,65,1000,500,0.38,qwen3vl,similarity_score,2026-07-13T18:58:29
I_2312_2315_frgp14,impostor,14,left,2312,2315,B,85,85,1000,500,0.383,qwen3vl,similarity_score,2026-07-13T18:58:29
I_2312_2317_frgp14,impostor,14,left,2312,2317,B,85,85,1000,500,0.381,qwen3vl,similarity_score,2026-07-13T18:58:29
I_2312_2319_frgp14,impostor,14,left,2312,2319,B,85,85,1000,500,0.379,qwen3vl,similarity_score,2026-07-13T18:58:30
I_2312_2320_frgp14,impostor,14,left,2312,2320,B,85,85,1000,500,0.379,qwen3vl,similarity_score,2026-07-13T18:58:30
I_2312_2321_frgp14,impostor,14,left,2312,2321,B,65,65,1000,500,0.377,qwen3vl,similarity_score,2026-07-13T18:58:30
I_2312_2325_frgp14,impostor,14,left,2312,2325,B,65,65,1000,500,0.378,qwen3vl,similarity_score,2026-07-13T18:58:31
I_2312_2326_frgp14,impostor,14,left,2312,2326,B,0,0,1000,500,0.364,qwen3vl,similarity_score,2026-07-13T18:58:31
I_2312_2327_frgp14,impostor,14,left,2312,2327,B,65,65,1000,500,0.379,qwen3vl,similarity_score,2026-07-13T18:58:32
I_2312_2328_frgp14,impostor,14,left,2312,2328,B,0,0,1000,500,0.361,qwen3vl,similarity_score,2026-07-13T18:58:32
I_2312_2329_frgp14,impostor,14,left,2312,2329,B,65,65,1000,500,0.377,qwen3vl,similarity_score,2026-07-13T18:58:32
I_2312_2330_frgp14,impostor,14,left,2312,2330,B,65,65,1000,500,0.378,qwen3vl,similarity_score,2026-07-13T18:58:33
I_2312_2332_frgp14,impostor,14,left,2312,2332,B,65,65,1000,500,0.377,qwen3vl,similarity_score,2026-07-13T18:58:33
I_2312_2334_frgp14,impostor,14,left,2312,2334,B,65,65,1000,500,0.381,qwen3vl,similarity_score,2026-07-13T18:58:33
I_2312_2337_frgp14,impostor,14,left,2312,2337,B,65,65,1000,500,0.383,qwen3vl,similarity_score,2026-07-13T18:58:34
I_2312_2338_frgp14,impostor,14,left,2312,2338,B,85,85,1000,500,0.383,qwen3vl,similarity_score,2026-07-13T18:58:34
I_2312_2339_frgp14,impostor,14,left,2312,2339,B,65,65,1000,500,0.38,qwen3vl,similarity_score,2026-07-13T18:58:35
I_2312_2340_frgp14,impostor,14,left,2312,2340,B,65,65,1000,500,0.376,qwen3vl,similarity_score,2026-07-13T18:58:35
I_2312_2341_frgp14,impostor,14,left,2312,2341,B,0,0,1000,500,0.359,qwen3vl,similarity_score,2026-07-13T18:58:35
I_2312_2342_frgp14,impostor,14,left,2312,2342,B,65,65,1000,500,0.379,qwen3vl,similarity_score,2026-07-13T18:58:36
I_2312_2344_frgp14,impostor,14,left,2312,2344,B,65,65,1000,500,0.382,qwen3vl,similarity_score,2026-07-13T18:58:36
I_2312_2348_frgp14,impostor,14,left,2312,2348,B,65,65,1000,500,0.375,qwen3vl,similarity_score,2026-07-13T18:58:36
I_2312_2349_frgp14,impostor,14,left,2312,2349,B,0,0,1000,500,0.365,qwen3vl,similarity_score,2026-07-13T18:58:37
I_2312_2351_frgp14,impostor,14,left,2312,2351,B,65,65,1000,500,0.378,qwen3vl,similarity_score,2026-07-13T18:58:37
I_2312_2352_frgp14,impostor,14,left,2312,2352,B,65,65,1000,500,0.388,qwen3vl,similarity_score,2026-07-13T18:58:38
I_2312_2353_frgp14,impostor,14,left,2312,2353,B,65,65,1000,500,0.379,qwen3vl,similarity_score,2026-07-13T18:58:38
I_2312_2355_frgp14,impostor,14,left,2312,2355,B,95,95,1000,500,0.38,qwen3vl,similarity_score,2026-07-13T18:58:38
I_2312_2356_frgp14,impostor,14,left,2312,2356,B,65,65,1000,500,0.382,qwen3vl,similarity_score,2026-07-13T18:58:39
I_2312_2357_frgp14,impostor,14,left,2312,2357,B,65,65,1000,500,0.382,qwen3vl,similarity_score,2026-07-13T18:58:39
I_2312_2358_frgp14,impostor,14,left,2312,2358,B,65,65,1000,500,0.382,qwen3vl,similarity_score,2026-07-13T18:58:39
I_2312_2359_frgp14,impostor,14,left,2312,2359,B,65,65,1000,500,0.382,qwen3vl,similarity_score,2026-07-13T18:58:40
I_2312_2360_frgp14,impostor,14,left,2312,2360,B,85,85,1000,500,0.377,qwen3vl,similarity_score,2026-07-13T18:58:40
I_2312_2362_frgp14,impostor,14,left,2312,2362,B,65,65,1000,500,0.381,qwen3vl,similarity_score,2026-07-13T18:58:41
I_2312_2364_frgp14,impostor,14,left,2312,2364,B,65,65,1000,500,0.377,qwen3vl,similarity_score,2026-07-13T18:58:41
I_2312_2367_frgp14,impostor,14,left,2312,2367,B,0,0,1000,500,0.363,qwen3vl,similarity_score,2026-07-13T18:58:41
I_2312_2368_frgp14,impostor,14,left,2312,2368,B,0,0,1000,500,0.362,qwen3vl,similarity_score,2026-07-13T18:58:42
I_2312_2369_frgp14,impostor,14,left,2312,2369,B,0,0,1000,500,0.363,qwen3vl,similarity_score,2026-07-13T18:58:42
I_2312_2370_frgp14,impostor,14,left,2312,2370,B,65,65,1000,500,0.376,qwen3vl,similarity_score,2026-07-13T18:58:42
I_2312_2371_frgp14,impostor,14,left,2312,2371,B,65,65,1000,500,0.38,qwen3vl,similarity_score,2026-07-13T18:58:43
I_2312_2372_frgp14,impostor,14,left,2312,2372,B,65,65,1000,500,0.378,qwen3vl,similarity_score,2026-07-13T18:58:43
I_2312_2373_frgp14,impostor,14,left,2312,2373,B,0,0,1000,500,0.365,qwen3vl,similarity_score,2026-07-13T18:58:44
I_2312_2374_frgp14,impostor,14,left,2312,2374,B,65,65,1000,500,0.382,qwen3vl,similarity_score,2026-07-13T18:58:44
I_2312_2375_frgp14,impostor,14,left,2312,2375,B,65,65,1000,500,0.381,qwen3vl,similarity_score,2026-07-13T18:58:44
I_2312_2376_frgp14,impostor,14,left,2312,2376,B,65,65,1000,500,0.382,qwen3vl,similarity_score,2026-07-13T18:58:45
I_2312_2379_frgp14,impostor,14,left,2312,2379,B,65,65,1000,500,0.381,qwen3vl,similarity_score,2026-07-13T18:58:45
I_2312_2380_frgp14,impostor,14,left,2312,2380,B,65,65,1000,500,0.381,qwen3vl,similarity_score,2026-07-13T18:58:45
I_2312_2381_frgp14,impostor,14,left,2312,2381,B,65,65,1000,500,0.38,qwen3vl,similarity_score,2026-07-13T18:58:46
I_2312_2383_frgp14,impostor,14,left,2312,2383,B,65,65,1000,500,0.38,qwen3vl,similarity_score,2026-07-13T18:58:46
I_2312_2384_frgp14,impostor,14,left,2312,2384,B,65,65,1000,500,0.378,qwen3vl,similarity_score,2026-07-13T18:58:47
I_2312_2386_frgp14,impostor,14,left,2312,2386,B,0,0,1000,500,0.362,qwen3vl,similarity_score,2026-07-13T18:58:47
I_2312_2388_frgp14,impostor,14,left,2312,2388,B,85,85,1000,500,0.38,qwen3vl,similarity_score,2026-07-13T18:58:47
I_2312_2391_frgp14,impostor,14,left,2312,2391,B,65,65,1000,500,0.381,qwen3vl,similarity_score,2026-07-13T18:58:48
I_2312_2392_frgp14,impostor,14,left,2312,2392,B,85,85,1000,500,0.383,qwen3vl,similarity_score,2026-07-13T18:58:48
I_2312_2394_frgp14,impostor,14,left,2312,2394,B,65,65,1000,500,0.381,qwen3vl,similarity_score,2026-07-13T18:58:48
I_2312_2395_frgp14,impostor,14,left,2312,2395,B,65,65,1000,500,0.381,qwen3vl,similarity_score,2026-07-13T18:58:49
I_2312_2396_frgp14,impostor,14,left,2312,2396,B,0,0,1000,500,0.366,qwen3vl,similarity_score,2026-07-13T18:58:49
I_2312_2398_frgp14,impostor,14,left,2312,2398,B,65,65,1000,500,0.375,qwen3vl,similarity_score,2026-07-13T18:58:50
I_2312_2399_frgp14,impostor,14,left,2312,2399,B,0,0,1000,500,0.365,qwen3vl,similarity_score,2026-07-13T18:58:50
I_2312_2401_frgp14,impostor,14,left,2312,2401,B,65,65,1000,500,0.394,qwen3vl,similarity_score,2026-07-13T18:58:50
I_2312_2402_frgp14,impostor,14,left,2312,2402,B,65,65,1000,500,0.38,qwen3vl,similarity_score,2026-07-13T18:58:51
I_2312_2403_frgp14,impostor,14,left,2312,2403,B,65,65,1000,500,0.378,qwen3vl,similarity_score,2026-07-13T18:58:51
I_2312_2405_frgp14,impostor,14,left,2312,2405,B,65,65,1000,500,0.377,qwen3vl,similarity_score,2026-07-13T18:58:52
I_2312_2406_frgp14,impostor,14,left,2312,2406,B,0,0,1000,500,0.363,qwen3vl,similarity_score,2026-07-13T18:58:52
I_2312_2407_frgp14,impostor,14,left,2312,2407,B,65,65,1000,500,0.379,qwen3vl,similarity_score,2026-07-13T18:58:52
I_2312_2408_frgp14,impostor,14,left,2312,2408,B,65,65,1000,500,0.381,qwen3vl,similarity_score,2026-07-13T18:58:53
I_2312_2409_frgp14,impostor,14,left,2312,2409,B,65,65,1000,500,0.381,qwen3vl,similarity_score,2026-07-13T18:58:53
I_2312_2412_frgp14,impostor,14,left,2312,2412,B,65,65,1000,500,0.381,qwen3vl,similarity_score,2026-07-13T18:58:53
I_2312_2413_frgp14,impostor,14,left,2312,2413,B,65,65,1000,500,0.384,qwen3vl,similarity_score,2026-07-13T18:58:54
I_2312_2415_frgp14,impostor,14,left,2312,2415,B,65,65,1000,500,0.381,qwen3vl,similarity_score,2026-07-13T18:58:54
I_2312_2418_frgp14,impostor,14,left,2312,2418,B,65,65,1000,500,0.38,qwen3vl,similarity_score,2026-07-13T18:58:55
I_2312_2423_frgp14,impostor,14,left,2312,2423,B,65,65,1000,500,0.38,qwen3vl,similarity_score,2026-07-13T18:58:55
I_2312_2424_frgp14,impostor,14,left,2312,2424,B,65,65,1000,500,0.379,qwen3vl,similarity_score,2026-07-13T18:58:55
I_2312_2425_frgp14,impostor,14,left,2312,2425,B,65,65,1000,500,0.38,qwen3vl,similarity_score,2026-07-13T18:58:56
I_2312_2426_frgp14,impostor,14,left,2312,2426,B,65,65,1000,500,0.382,qwen3vl,similarity_score,2026-07-13T18:58:56
I_2312_2428_frgp14,impostor,14,left,2312,2428,B,65,65,1000,500,0.377,qwen3vl,similarity_score,2026-07-13T18:58:56
I_2312_2440_frgp14,impostor,14,left,2312,2440,B,65,65,1000,500,0.379,qwen3vl,similarity_score,2026-07-13T18:58:57
I_2312_2447_frgp14,impostor,14,left,2312,2447,B,65,65,1000,500,0.379,qwen3vl,similarity_score,2026-07-13T18:58:57
I_2312_2455_frgp14,impostor,14,left,2312,2455,B,65,65,1000,500,0.377,qwen3vl,similarity_score,2026-07-13T18:58:58
I_2312_2462_frgp14,impostor,14,left,2312,2462,B,65,65,1000,500,0.378,qwen3vl,similarity_score,2026-07-13T18:58:58
I_2312_2463_frgp14,impostor,14,left,2312,2463,B,0,0,1000,500,0.363,qwen3vl,similarity_score,2026-07-13T18:58:58
I_2312_2481_frgp14,impostor,14,left,2312,2481,B,65,65,1000,500,0.385,qwen3vl,similarity_score,2026-07-13T18:58:59
I_2313_2314_frgp14,impostor,14,left,2313,2314,B,65,65,1000,500,0.383,qwen3vl,similarity_score,2026-07-13T18:58:59
I_2313_2315_frgp14,impostor,14,left,2313,2315,B,65,65,1000,500,0.383,qwen3vl,similarity_score,2026-07-13T18:58:59
I_2313_2317_frgp14,impostor,14,left,2313,2317,B,85,85,1000,500,0.384,qwen3vl,similarity_score,2026-07-13T18:59:00
I_2313_2319_frgp14,impostor,14,left,2313,2319,B,65,65,1000,500,0.381,qwen3vl,similarity_score,2026-07-13T18:59:00
I_2313_2320_frgp14,impostor,14,left,2313,2320,B,65,65,1000,500,0.379,qwen3vl,similarity_score,2026-07-13T18:59:01
I_2313_2321_frgp14,impostor,14,left,2313,2321,B,85,85,1000,500,0.383,qwen3vl,similarity_score,2026-07-13T18:59:01
I_2313_2325_frgp14,impostor,14,left,2313,2325,B,65,65,1000,500,0.378,qwen3vl,similarity_score,2026-07-13T18:59:01
I_2313_2326_frgp14,impostor,14,left,2313,2326,B,65,65,1000,500,0.387,qwen3vl,similarity_score,2026-07-13T18:59:02
I_2313_2327_frgp14,impostor,14,left,2313,2327,B,65,65,1000,500,0.385,qwen3vl,similarity_score,2026-07-13T18:59:02
I_2313_2328_frgp14,impostor,14,left,2313,2328,B,65,65,1000,500,0.381,qwen3vl,similarity_score,2026-07-13T18:59:03
I_2313_2329_frgp14,impostor,14,left,2313,2329,B,65,65,1000,500,0.386,qwen3vl,similarity_score,2026-07-13T18:59:03
I_2313_2330_frgp14,impostor,14,left,2313,2330,B,65,65,1000,500,0.383,qwen3vl,similarity_score,2026-07-13T18:59:03
I_2313_2332_frgp14,impostor,14,left,2313,2332,B,65,65,1000,500,0.385,qwen3vl,similarity_score,2026-07-13T18:59:04
I_2313_2334_frgp14,impostor,14,left,2313,2334,B,45,45,1000,500,0.384,qwen3vl,similarity_score,2026-07-13T18:59:04
I_2313_2337_frgp14,impostor,14,left,2313,2337,B,65,65,1000,500,0.383,qwen3vl,similarity_score,2026-07-13T18:59:04
I_2313_2338_frgp14,impostor,14,left,2313,2338,B,85,85,1000,500,0.382,qwen3vl,similarity_score,2026-07-13T18:59:05
I_2313_2339_frgp14,impostor,14,left,2313,2339,B,65,65,1000,500,0.38,qwen3vl,similarity_score,2026-07-13T18:59:05
I_2313_2340_frgp14,impostor,14,left,2313,2340,B,65,65,1000,500,0.384,qwen3vl,similarity_score,2026-07-13T18:59:06
I_2313_2341_frgp14,impostor,14,left,2313,2341,B,0,0,1000,500,0.367,qwen3vl,similarity_score,2026-07-13T18:59:06
I_2313_2342_frgp14,impostor,14,left,2313,2342,B,65,65,1000,500,0.382,qwen3vl,similarity_score,2026-07-13T18:59:06
I_2313_2344_frgp14,impostor,14,left,2313,2344,B,65,65,1000,500,0.383,qwen3vl,similarity_score,2026-07-13T18:59:07
I_2313_2348_frgp14,impostor,14,left,2313,2348,B,65,65,1000,500,0.382,qwen3vl,similarity_score,2026-07-13T18:59:07
I_2313_2349_frgp14,impostor,14,left,2313,2349,B,0,0,1000,500,0.366,qwen3vl,similarity_score,2026-07-13T18:59:07
I_2313_2351_frgp14,impostor,14,left,2313,2351,B,65,65,1000,500,0.38,qwen3vl,similarity_score,2026-07-13T18:59:08
I_2313_2352_frgp14,impostor,14,left,2313,2352,B,65,65,1000,500,0.383,qwen3vl,similarity_score,2026-07-13T18:59:08
I_2313_2353_frgp14,impostor,14,left,2313,2353,B,65,65,1000,500,0.384,qwen3vl,similarity_score,2026-07-13T18:59:09
I_2313_2355_frgp14,impostor,14,left,2313,2355,B,65,65,1000,500,0.383,qwen3vl,similarity_score,2026-07-13T18:59:09
I_2313_2356_frgp14,impostor,14,left,2313,2356,B,65,65,1000,500,0.381,qwen3vl,similarity_score,2026-07-13T18:59:09
I_2313_2357_frgp14,impostor,14,left,2313,2357,B,65,65,1000,500,0.381,qwen3vl,similarity_score,2026-07-13T18:59:10
I_2313_2358_frgp14,impostor,14,left,2313,2358,B,65,65,1000,500,0.384,qwen3vl,similarity_score,2026-07-13T18:59:10
I_2313_2359_frgp14,impostor,14,left,2313,2359,B,65,65,1000,500,0.385,qwen3vl,similarity_score,2026-07-13T18:59:11
I_2313_2360_frgp14,impostor,14,left,2313,2360,B,65,65,1000,500,0.386,qwen3vl,similarity_score,2026-07-13T18:59:11
I_2313_2362_frgp14,impostor,14,left,2313,2362,B,65,65,1000,500,0.388,qwen3vl,similarity_score,2026-07-13T18:59:11
I_2313_2364_frgp14,impostor,14,left,2313,2364,B,65,65,1000,500,0.381,qwen3vl,similarity_score,2026-07-13T18:59:12
I_2313_2367_frgp14,impostor,14,left,2313,2367,B,65,65,1000,500,0.383,qwen3vl,similarity_score,2026-07-13T18:59:12
I_2313_2368_frgp14,impostor,14,left,2313,2368,B,0,0,1000,500,0.365,qwen3vl,similarity_score,2026-07-13T18:59:12
I_2313_2369_frgp14,impostor,14,left,2313,2369,B,0,0,1000,500,0.366,qwen3vl,similarity_score,2026-07-13T18:59:13
I_2313_2370_frgp14,impostor,14,left,2313,2370,B,65,65,1000,500,0.384,qwen3vl,similarity_score,2026-07-13T18:59:13
I_2313_2371_frgp14,impostor,14,left,2313,2371,B,65,65,1000,500,0.386,qwen3vl,similarity_score,2026-07-13T18:59:14
I_2313_2372_frgp14,impostor,14,left,2313,2372,B,65,65,1000,500,0.383,qwen3vl,similarity_score,2026-07-13T18:59:14
I_2313_2373_frgp14,impostor,14,left,2313,2373,B,0,0,1000,500,0.365,qwen3vl,similarity_score,2026-07-13T18:59:14
I_2313_2374_frgp14,impostor,14,left,2313,2374,B,65,65,1000,500,0.384,qwen3vl,similarity_score,2026-07-13T18:59:15
I_2313_2375_frgp14,impostor,14,left,2313,2375,B,65,65,1000,500,0.384,qwen3vl,similarity_score,2026-07-13T18:59:15
I_2313_2376_frgp14,impostor,14,left,2313,2376,B,65,65,1000,500,0.384,qwen3vl,similarity_score,2026-07-13T18:59:15
I_2313_2379_frgp14,impostor,14,left,2313,2379,B,65,65,1000,500,0.383,qwen3vl,similarity_score,2026-07-13T18:59:16
I_2313_2380_frgp14,impostor,14,left,2313,2380,B,65,65,1000,500,0.381,qwen3vl,similarity_score,2026-07-13T18:59:16
I_2313_2381_frgp14,impostor,14,left,2313,2381,B,65,65,1000,500,0.38,qwen3vl,similarity_score,2026-07-13T18:59:17
I_2313_2383_frgp14,impostor,14,left,2313,2383,B,65,65,1000,500,0.379,qwen3vl,similarity_score,2026-07-13T18:59:17
I_2313_2384_frgp14,impostor,14,left,2313,2384,B,65,65,1000,500,0.384,qwen3vl,similarity_score,2026-07-13T18:59:17
I_2313_2386_frgp14,impostor,14,left,2313,2386,B,65,65,1000,500,0.383,qwen3vl,similarity_score,2026-07-13T18:59:18
I_2313_2388_frgp14,impostor,14,left,2313,2388,B,65,65,1000,500,0.382,qwen3vl,similarity_score,2026-07-13T18:59:18
I_2313_2391_frgp14,impostor,14,left,2313,2391,B,65,65,1000,500,0.385,qwen3vl,similarity_score,2026-07-13T18:59:19
I_2313_2392_frgp14,impostor,14,left,2313,2392,B,65,65,1000,500,0.382,qwen3vl,similarity_score,2026-07-13T18:59:19
I_2313_2394_frgp14,impostor,14,left,2313,2394,B,65,65,1000,500,0.383,qwen3vl,similarity_score,2026-07-13T18:59:19
I_2313_2395_frgp14,impostor,14,left,2313,2395,B,65,65,1000,500,0.381,qwen3vl,similarity_score,2026-07-13T18:59:20
I_2313_2396_frgp14,impostor,14,left,2313,2396,B,0,0,1000,500,0.367,qwen3vl,similarity_score,2026-07-13T18:59:20
I_2313_2398_frgp14,impostor,14,left,2313,2398,B,65,65,1000,500,0.381,qwen3vl,similarity_score,2026-07-13T18:59:20
I_2313_2399_frgp14,impostor,14,left,2313,2399,B,0,0,1000,500,0.367,qwen3vl,similarity_score,2026-07-13T18:59:21
I_2313_2401_frgp14,impostor,14,left,2313,2401,B,65,65,1000,500,0.383,qwen3vl,similarity_score,2026-07-13T18:59:21
I_2313_2402_frgp14,impostor,14,left,2313,2402,B,65,65,1000,500,0.385,qwen3vl,similarity_score,2026-07-13T18:59:22
I_2313_2403_frgp14,impostor,14,left,2313,2403,B,0,0,1000,500,0.362,qwen3vl,similarity_score,2026-07-13T18:59:22
I_2313_2405_frgp14,impostor,14,left,2313,2405,B,65,65,1000,500,0.382,qwen3vl,similarity_score,2026-07-13T18:59:22
I_2313_2406_frgp14,impostor,14,left,2313,2406,B,0,0,1000,500,0.362,qwen3vl,similarity_score,2026-07-13T18:59:23
I_2313_2407_frgp14,impostor,14,left,2313,2407,B,65,65,1000,500,0.383,qwen3vl,similarity_score,2026-07-13T18:59:23
I_2313_2408_frgp14,impostor,14,left,2313,2408,B,65,65,1000,500,0.384,qwen3vl,similarity_score,2026-07-13T18:59:23
I_2313_2409_frgp14,impostor,14,left,2313,2409,B,65,65,1000,500,0.384,qwen3vl,similarity_score,2026-07-13T18:59:24
I_2313_2412_frgp14,impostor,14,left,2313,2412,B,65,65,1000,500,0.381,qwen3vl,similarity_score,2026-07-13T18:59:24
I_2313_2413_frgp14,impostor,14,left,2313,2413,B,65,65,1000,500,0.384,qwen3vl,similarity_score,2026-07-13T18:59:25
I_2313_2415_frgp14,impostor,14,left,2313,2415,B,65,65,1000,500,0.384,qwen3vl,similarity_score,2026-07-13T18:59:25
I_2313_2418_frgp14,impostor,14,left,2313,2418,B,65,65,1000,500,0.381,qwen3vl,similarity_score,2026-07-13T18:59:25
I_2313_2423_frgp14,impostor,14,left,2313,2423,B,0,0,1000,500,0.365,qwen3vl,similarity_score,2026-07-13T18:59:26
I_2313_2424_frgp14,impostor,14,left,2313,2424,B,65,65,1000,500,0.383,qwen3vl,similarity_score,2026-07-13T18:59:26
I_2313_2425_frgp14,impostor,14,left,2313,2425,B,65,65,1000,500,0.385,qwen3vl,similarity_score,2026-07-13T18:59:26
I_2313_2426_frgp14,impostor,14,left,2313,2426,B,65,65,1000,500,0.382,qwen3vl,similarity_score,2026-07-13T18:59:27
I_2313_2428_frgp14,impostor,14,left,2313,2428,B,65,65,1000,500,0.382,qwen3vl,similarity_score,2026-07-13T18:59:27
I_2313_2440_frgp14,impostor,14,left,2313,2440,B,65,65,1000,500,0.381,qwen3vl,similarity_score,2026-07-13T18:59:28
I_2313_2447_frgp14,impostor,14,left,2313,2447,B,85,85,1000,500,0.379,qwen3vl,similarity_score,2026-07-13T18:59:28
I_2313_2455_frgp14,impostor,14,left,2313,2455,B,65,65,1000,500,0.384,qwen3vl,similarity_score,2026-07-13T18:59:28
I_2313_2462_frgp14,impostor,14,left,2313,2462,B,65,65,1000,500,0.385,qwen3vl,similarity_score,2026-07-13T18:59:29
I_2313_2463_frgp14,impostor,14,left,2313,2463,B,0,0,1000,500,0.366,qwen3vl,similarity_score,2026-07-13T18:59:29
I_2313_2481_frgp14,impostor,14,left,2313,2481,B,65,65,1000,500,0.384,qwen3vl,similarity_score,2026-07-13T18:59:30
I_2314_2315_frgp14,impostor,14,left,2314,2315,B,65,65,1000,500,0.376,qwen3vl,similarity_score,2026-07-13T18:59:30
I_2314_2317_frgp14,impostor,14,left,2314,2317,B,65,65,1000,500,0.377,qwen3vl,similarity_score,2026-07-13T18:59:30
I_2314_2319_frgp14,impostor,14,left,2314,2319,B,85,85,1000,500,0.37,qwen3vl,similarity_score,2026-07-13T18:59:31
I_2314_2320_frgp14,impostor,14,left,2314,2320,B,65,65,1000,500,0.373,qwen3vl,similarity_score,2026-07-13T18:59:31
I_2314_2321_frgp14,impostor,14,left,2314,2321,B,65,65,1000,500,0.374,qwen3vl,similarity_score,2026-07-13T18:59:31
I_2314_2325_frgp14,impostor,14,left,2314,2325,B,85,85,1000,500,0.373,qwen3vl,similarity_score,2026-07-13T18:59:32
I_2314_2326_frgp14,impostor,14,left,2314,2326,B,0,0,1000,500,0.361,qwen3vl,similarity_score,2026-07-13T18:59:32
I_2314_2327_frgp14,impostor,14,left,2314,2327,B,85,85,1000,500,0.373,qwen3vl,similarity_score,2026-07-13T18:59:32
I_2314_2328_frgp14,impostor,14,left,2314,2328,B,0,0,1000,500,0.36,qwen3vl,similarity_score,2026-07-13T18:59:33
I_2314_2329_frgp14,impostor,14,left,2314,2329,B,65,65,1000,500,0.376,qwen3vl,similarity_score,2026-07-13T18:59:33
I_2314_2330_frgp14,impostor,14,left,2314,2330,B,65,65,1000,500,0.378,qwen3vl,similarity_score,2026-07-13T18:59:34
I_2314_2332_frgp14,impostor,14,left,2314,2332,B,65,65,1000,500,0.378,qwen3vl,similarity_score,2026-07-13T18:59:34
I_2314_2334_frgp14,impostor,14,left,2314,2334,B,65,65,1000,500,0.377,qwen3vl,similarity_score,2026-07-13T18:59:34
I_2314_2337_frgp14,impostor,14,left,2314,2337,B,65,65,1000,500,0.384,qwen3vl,similarity_score,2026-07-13T18:59:35
I_2314_2338_frgp14,impostor,14,left,2314,2338,B,65,65,1000,500,0.381,qwen3vl,similarity_score,2026-07-13T18:59:35
I_2314_2339_frgp14,impostor,14,left,2314,2339,B,65,65,1000,500,0.378,qwen3vl,similarity_score,2026-07-13T18:59:36
I_2314_2340_frgp14,impostor,14,left,2314,2340,B,65,65,1000,500,0.378,qwen3vl,similarity_score,2026-07-13T18:59:36
I_2314_2341_frgp14,impostor,14,left,2314,2341,B,0,0,1000,500,0.362,qwen3vl,similarity_score,2026-07-13T18:59:36
I_2314_2342_frgp14,impostor,14,left,2314,2342,B,65,65,1000,500,0.375,qwen3vl,similarity_score,2026-07-13T18:59:37
I_2314_2344_frgp14,impostor,14,left,2314,2344,B,65,65,1000,500,0.374,qwen3vl,similarity_score,2026-07-13T18:59:37
I_2314_2348_frgp14,impostor,14,left,2314,2348,B,65,65,1000,500,0.374,qwen3vl,similarity_score,2026-07-13T18:59:37
I_2314_2349_frgp14,impostor,14,left,2314,2349,B,0,0,1000,500,0.36,qwen3vl,similarity_score,2026-07-13T18:59:38
I_2314_2351_frgp14,impostor,14,left,2314,2351,B,65,65,1000,500,0.377,qwen3vl,similarity_score,2026-07-13T18:59:38
I_2314_2352_frgp14,impostor,14,left,2314,2352,B,0,0,1000,500,0.36,qwen3vl,similarity_score,2026-07-13T18:59:38
I_2314_2353_frgp14,impostor,14,left,2314,2353,B,65,65,1000,500,0.377,qwen3vl,similarity_score,2026-07-13T18:59:39
I_2314_2355_frgp14,impostor,14,left,2314,2355,B,65,65,1000,500,0.374,qwen3vl,similarity_score,2026-07-13T18:59:39
I_2314_2356_frgp14,impostor,14,left,2314,2356,B,65,65,1000,500,0.375,qwen3vl,similarity_score,2026-07-13T18:59:40
I_2314_2357_frgp14,impostor,14,left,2314,2357,B,0,0,1000,500,0.358,qwen3vl,similarity_score,2026-07-13T18:59:40
I_2314_2358_frgp14,impostor,14,left,2314,2358,B,65,65,1000,500,0.377,qwen3vl,similarity_score,2026-07-13T18:59:40
I_2314_2359_frgp14,impostor,14,left,2314,2359,B,0,0,1000,500,0.356,qwen3vl,similarity_score,2026-07-13T18:59:41
I_2314_2360_frgp14,impostor,14,left,2314,2360,B,65,65,1000,500,0.375,qwen3vl,similarity_score,2026-07-13T18:59:41
I_2314_2362_frgp14,impostor,14,left,2314,2362,B,65,65,1000,500,0.37,qwen3vl,similarity_score,2026-07-13T18:59:41
I_2314_2364_frgp14,impostor,14,left,2314,2364,B,65,65,1000,500,0.374,qwen3vl,similarity_score,2026-07-13T18:59:42
I_2314_2367_frgp14,impostor,14,left,2314,2367,B,0,0,1000,500,0.356,qwen3vl,similarity_score,2026-07-13T18:59:42
I_2314_2368_frgp14,impostor,14,left,2314,2368,B,0,0,1000,500,0.358,qwen3vl,similarity_score,2026-07-13T18:59:43
I_2314_2369_frgp14,impostor,14,left,2314,2369,B,0,0,1000,500,0.357,qwen3vl,similarity_score,2026-07-13T18:59:43
I_2314_2370_frgp14,impostor,14,left,2314,2370,B,65,65,1000,500,0.375,qwen3vl,similarity_score,2026-07-13T18:59:43
I_2314_2371_frgp14,impostor,14,left,2314,2371,B,0,0,1000,500,0.361,qwen3vl,similarity_score,2026-07-13T18:59:44
I_2314_2372_frgp14,impostor,14,left,2314,2372,B,85,85,1000,500,0.375,qwen3vl,similarity_score,2026-07-13T18:59:44
I_2314_2373_frgp14,impostor,14,left,2314,2373,B,0,0,1000,500,0.358,qwen3vl,similarity_score,2026-07-13T18:59:44
I_2314_2374_frgp14,impostor,14,left,2314,2374,B,65,65,1000,500,0.377,qwen3vl,similarity_score,2026-07-13T18:59:45
I_2314_2375_frgp14,impostor,14,left,2314,2375,B,65,65,1000,500,0.375,qwen3vl,similarity_score,2026-07-13T18:59:45
I_2314_2376_frgp14,impostor,14,left,2314,2376,B,0,0,1000,500,0.36,qwen3vl,similarity_score,2026-07-13T18:59:45
I_2314_2379_frgp14,impostor,14,left,2314,2379,B,65,65,1000,500,0.376,qwen3vl,similarity_score,2026-07-13T18:59:46
I_2314_2380_frgp14,impostor,14,left,2314,2380,B,65,65,1000,500,0.374,qwen3vl,similarity_score,2026-07-13T18:59:46
I_2314_2381_frgp14,impostor,14,left,2314,2381,B,0,0,1000,500,0.358,qwen3vl,similarity_score,2026-07-13T18:59:47
I_2314_2383_frgp14,impostor,14,left,2314,2383,B,65,65,1000,500,0.372,qwen3vl,similarity_score,2026-07-13T18:59:47
I_2314_2384_frgp14,impostor,14,left,2314,2384,B,65,65,1000,500,0.376,qwen3vl,similarity_score,2026-07-13T18:59:47
I_2314_2386_frgp14,impostor,14,left,2314,2386,B,0,0,1000,500,0.362,qwen3vl,similarity_score,2026-07-13T18:59:48
I_2314_2388_frgp14,impostor,14,left,2314,2388,B,65,65,1000,500,0.379,qwen3vl,similarity_score,2026-07-13T18:59:48
I_2314_2391_frgp14,impostor,14,left,2314,2391,B,65,65,1000,500,0.385,qwen3vl,similarity_score,2026-07-13T18:59:48
I_2314_2392_frgp14,impostor,14,left,2314,2392,B,65,65,1000,500,0.379,qwen3vl,similarity_score,2026-07-13T18:59:49
I_2314_2394_frgp14,impostor,14,left,2314,2394,B,65,65,1000,500,0.376,qwen3vl,similarity_score,2026-07-13T18:59:49
I_2314_2395_frgp14,impostor,14,left,2314,2395,B,65,65,1000,500,0.377,qwen3vl,similarity_score,2026-07-13T18:59:50
I_2314_2396_frgp14,impostor,14,left,2314,2396,B,0,0,1000,500,0.359,qwen3vl,similarity_score,2026-07-13T18:59:50
I_2314_2398_frgp14,impostor,14,left,2314,2398,B,65,65,1000,500,0.373,qwen3vl,similarity_score,2026-07-13T18:59:50
I_2314_2399_frgp14,impostor,14,left,2314,2399,B,0,0,1000,500,0.358,qwen3vl,similarity_score,2026-07-13T18:59:51
I_2314_2401_frgp14,impostor,14,left,2314,2401,B,65,65,1000,500,0.377,qwen3vl,similarity_score,2026-07-13T18:59:51
I_2314_2402_frgp14,impostor,14,left,2314,2402,B,0,0,1000,500,0.356,qwen3vl,similarity_score,2026-07-13T18:59:51
I_2314_2403_frgp14,impostor,14,left,2314,2403,B,0,0,1000,500,0.357,qwen3vl,similarity_score,2026-07-13T18:59:52
I_2314_2405_frgp14,impostor,14,left,2314,2405,B,85,85,1000,500,0.375,qwen3vl,similarity_score,2026-07-13T18:59:52
I_2314_2406_frgp14,impostor,14,left,2314,2406,B,0,0,1000,500,0.361,qwen3vl,similarity_score,2026-07-13T18:59:52
I_2314_2407_frgp14,impostor,14,left,2314,2407,B,65,65,1000,500,0.377,qwen3vl,similarity_score,2026-07-13T18:59:53
I_2314_2408_frgp14,impostor,14,left,2314,2408,B,65,65,1000,500,0.375,qwen3vl,similarity_score,2026-07-13T18:59:53
I_2314_2409_frgp14,impostor,14,left,2314,2409,B,65,65,1000,500,0.377,qwen3vl,similarity_score,2026-07-13T18:59:54
I_2314_2412_frgp14,impostor,14,left,2314,2412,B,65,65,1000,500,0.377,qwen3vl,similarity_score,2026-07-13T18:59:54
I_2314_2413_frgp14,impostor,14,left,2314,2413,B,0,0,1000,500,0.359,qwen3vl,similarity_score,2026-07-13T18:59:54
I_2314_2415_frgp14,impostor,14,left,2314,2415,B,0,0,1000,500,0.359,qwen3vl,similarity_score,2026-07-13T18:59:55
I_2314_2418_frgp14,impostor,14,left,2314,2418,B,65,65,1000,500,0.375,qwen3vl,similarity_score,2026-07-13T18:59:55
I_2314_2423_frgp14,impostor,14,left,2314,2423,B,0,0,1000,500,0.356,qwen3vl,similarity_score,2026-07-13T18:59:55
I_2314_2424_frgp14,impostor,14,left,2314,2424,B,0,0,1000,500,0.359,qwen3vl,similarity_score,2026-07-13T18:59:56
I_2314_2425_frgp14,impostor,14,left,2314,2425,B,0,0,1000,500,0.359,qwen3vl,similarity_score,2026-07-13T18:59:56
I_2314_2426_frgp14,impostor,14,left,2314,2426,B,65,65,1000,500,0.374,qwen3vl,similarity_score,2026-07-13T18:59:57
I_2314_2428_frgp14,impostor,14,left,2314,2428,B,65,65,1000,500,0.375,qwen3vl,similarity_score,2026-07-13T18:59:57
I_2314_2440_frgp14,impostor,14,left,2314,2440,B,65,65,1000,500,0.376,qwen3vl,similarity_score,2026-07-13T18:59:57
I_2314_2447_frgp14,impostor,14,left,2314,2447,B,85,85,1000,500,0.376,qwen3vl,similarity_score,2026-07-13T18:59:58
I_2314_2455_frgp14,impostor,14,left,2314,2455,B,65,65,1000,500,0.38,qwen3vl,similarity_score,2026-07-13T18:59:58
I_2314_2462_frgp14,impostor,14,left,2314,2462,B,85,85,1000,500,0.389,qwen3vl,similarity_score,2026-07-13T18:59:58
I_2314_2463_frgp14,impostor,14,left,2314,2463,B,0,0,1000,500,0.361,qwen3vl,similarity_score,2026-07-13T18:59:59
I_2314_2481_frgp14,impostor,14,left,2314,2481,B,0,0,1000,500,0.362,qwen3vl,similarity_score,2026-07-13T18:59:59
I_2315_2317_frgp14,impostor,14,left,2315,2317,B,85,85,1000,500,0.389,qwen3vl,similarity_score,2026-07-13T19:00:00
I_2315_2319_frgp14,impostor,14,left,2315,2319,B,85,85,1000,500,0.383,qwen3vl,similarity_score,2026-07-13T19:00:00
I_2315_2320_frgp14,impostor,14,left,2315,2320,B,65,65,1000,500,0.379,qwen3vl,similarity_score,2026-07-13T19:00:00
I_2315_2321_frgp14,impostor,14,left,2315,2321,B,65,65,1000,500,0.38,qwen3vl,similarity_score,2026-07-13T19:00:01
I_2315_2325_frgp14,impostor,14,left,2315,2325,B,0,0,1000,500,0.36,qwen3vl,similarity_score,2026-07-13T19:00:01
I_2315_2326_frgp14,impostor,14,left,2315,2326,B,65,65,1000,500,0.379,qwen3vl,similarity_score,2026-07-13T19:00:01
I_2315_2327_frgp14,impostor,14,left,2315,2327,B,65,65,1000,500,0.379,qwen3vl,similarity_score,2026-07-13T19:00:02
I_2315_2328_frgp14,impostor,14,left,2315,2328,B,65,65,1000,500,0.382,qwen3vl,similarity_score,2026-07-13T19:00:02
I_2315_2329_frgp14,impostor,14,left,2315,2329,B,65,65,1000,500,0.38,qwen3vl,similarity_score,2026-07-13T19:00:03
I_2315_2330_frgp14,impostor,14,left,2315,2330,B,85,85,1000,500,0.38,qwen3vl,similarity_score,2026-07-13T19:00:03
I_2315_2332_frgp14,impostor,14,left,2315,2332,B,65,65,1000,500,0.38,qwen3vl,similarity_score,2026-07-13T19:00:03
I_2315_2334_frgp14,impostor,14,left,2315,2334,B,65,65,1000,500,0.383,qwen3vl,similarity_score,2026-07-13T19:00:04
I_2315_2337_frgp14,impostor,14,left,2315,2337,B,65,65,1000,500,0.381,qwen3vl,similarity_score,2026-07-13T19:00:04
I_2315_2338_frgp14,impostor,14,left,2315,2338,B,65,65,1000,500,0.378,qwen3vl,similarity_score,2026-07-13T19:00:04
I_2315_2339_frgp14,impostor,14,left,2315,2339,B,65,65,1000,500,0.38,qwen3vl,similarity_score,2026-07-13T19:00:05
I_2315_2340_frgp14,impostor,14,left,2315,2340,B,65,65,1000,500,0.379,qwen3vl,similarity_score,2026-07-13T19:00:05
I_2315_2341_frgp14,impostor,14,left,2315,2341,B,0,0,1000,500,0.363,qwen3vl,similarity_score,2026-07-13T19:00:06
I_2315_2342_frgp14,impostor,14,left,2315,2342,B,85,85,1000,500,0.383,qwen3vl,similarity_score,2026-07-13T19:00:06
I_2315_2344_frgp14,impostor,14,left,2315,2344,B,65,65,1000,500,0.381,qwen3vl,similarity_score,2026-07-13T19:00:06
I_2315_2348_frgp14,impostor,14,left,2315,2348,B,65,65,1000,500,0.376,qwen3vl,similarity_score,2026-07-13T19:00:07
I_2315_2349_frgp14,impostor,14,left,2315,2349,B,0,0,1000,500,0.36,qwen3vl,similarity_score,2026-07-13T19:00:07
I_2315_2351_frgp14,impostor,14,left,2315,2351,B,65,65,1000,500,0.373,qwen3vl,similarity_score,2026-07-13T19:00:07
I_2315_2352_frgp14,impostor,14,left,2315,2352,B,65,65,1000,500,0.376,qwen3vl,similarity_score,2026-07-13T19:00:08
I_2315_2353_frgp14,impostor,14,left,2315,2353,B,65,65,1000,500,0.377,qwen3vl,similarity_score,2026-07-13T19:00:08
I_2315_2355_frgp14,impostor,14,left,2315,2355,B,95,95,1000,500,0.373,qwen3vl,similarity_score,2026-07-13T19:00:09
I_2315_2356_frgp14,impostor,14,left,2315,2356,B,65,65,1000,500,0.372,qwen3vl,similarity_score,2026-07-13T19:00:09
I_2315_2357_frgp14,impostor,14,left,2315,2357,B,65,65,1000,500,0.374,qwen3vl,similarity_score,2026-07-13T19:00:09
I_2315_2358_frgp14,impostor,14,left,2315,2358,B,65,65,1000,500,0.376,qwen3vl,similarity_score,2026-07-13T19:00:10
I_2315_2359_frgp14,impostor,14,left,2315,2359,B,65,65,1000,500,0.376,qwen3vl,similarity_score,2026-07-13T19:00:10
I_2315_2360_frgp14,impostor,14,left,2315,2360,B,65,65,1000,500,0.375,qwen3vl,similarity_score,2026-07-13T19:00:10
I_2315_2362_frgp14,impostor,14,left,2315,2362,B,85,85,1000,500,0.377,qwen3vl,similarity_score,2026-07-13T19:00:11
I_2315_2364_frgp14,impostor,14,left,2315,2364,B,85,85,1000,500,0.373,qwen3vl,similarity_score,2026-07-13T19:00:11
I_2315_2367_frgp14,impostor,14,left,2315,2367,B,65,65,1000,500,0.374,qwen3vl,similarity_score,2026-07-13T19:00:12
I_2315_2368_frgp14,impostor,14,left,2315,2368,B,65,65,1000,500,0.385,qwen3vl,similarity_score,2026-07-13T19:00:12
I_2315_2369_frgp14,impostor,14,left,2315,2369,B,65,65,1000,500,0.377,qwen3vl,similarity_score,2026-07-13T19:00:12
I_2315_2370_frgp14,impostor,14,left,2315,2370,B,65,65,1000,500,0.375,qwen3vl,similarity_score,2026-07-13T19:00:13
I_2315_2371_frgp14,impostor,14,left,2315,2371,B,65,65,1000,500,0.379,qwen3vl,similarity_score,2026-07-13T19:00:13
I_2315_2372_frgp14,impostor,14,left,2315,2372,B,65,65,1000,500,0.377,qwen3vl,similarity_score,2026-07-13T19:00:13
I_2315_2373_frgp14,impostor,14,left,2315,2373,B,0,0,1000,500,0.362,qwen3vl,similarity_score,2026-07-13T19:00:14
I_2315_2374_frgp14,impostor,14,left,2315,2374,B,65,65,1000,500,0.377,qwen3vl,similarity_score,2026-07-13T19:00:14
I_2315_2375_frgp14,impostor,14,left,2315,2375,B,65,65,1000,500,0.374,qwen3vl,similarity_score,2026-07-13T19:00:15
I_2315_2376_frgp14,impostor,14,left,2315,2376,B,65,65,1000,500,0.379,qwen3vl,similarity_score,2026-07-13T19:00:15
I_2315_2379_frgp14,impostor,14,left,2315,2379,B,65,65,1000,500,0.375,qwen3vl,similarity_score,2026-07-13T19:00:15
I_2315_2380_frgp14,impostor,14,left,2315,2380,B,65,65,1000,500,0.373,qwen3vl,similarity_score,2026-07-13T19:00:16
I_2315_2381_frgp14,impostor,14,left,2315,2381,B,65,65,1000,500,0.377,qwen3vl,similarity_score,2026-07-13T19:00:16
I_2315_2383_frgp14,impostor,14,left,2315,2383,B,65,65,1000,500,0.375,qwen3vl,similarity_score,2026-07-13T19:00:16
I_2315_2384_frgp14,impostor,14,left,2315,2384,B,65,65,1000,500,0.376,qwen3vl,similarity_score,2026-07-13T19:00:17
I_2315_2386_frgp14,impostor,14,left,2315,2386,B,0,0,1000,500,0.358,qwen3vl,similarity_score,2026-07-13T19:00:17
I_2315_2388_frgp14,impostor,14,left,2315,2388,B,65,65,1000,500,0.373,qwen3vl,similarity_score,2026-07-13T19:00:18
I_2315_2391_frgp14,impostor,14,left,2315,2391,B,65,65,1000,500,0.373,qwen3vl,similarity_score,2026-07-13T19:00:18
I_2315_2392_frgp14,impostor,14,left,2315,2392,B,85,85,1000,500,0.375,qwen3vl,similarity_score,2026-07-13T19:00:18
I_2315_2394_frgp14,impostor,14,left,2315,2394,B,65,65,1000,500,0.374,qwen3vl,similarity_score,2026-07-13T19:00:19
I_2315_2395_frgp14,impostor,14,left,2315,2395,B,65,65,1000,500,0.372,qwen3vl,similarity_score,2026-07-13T19:00:19
I_2315_2396_frgp14,impostor,14,left,2315,2396,B,0,0,1000,500,0.361,qwen3vl,similarity_score,2026-07-13T19:00:19
I_2315_2398_frgp14,impostor,14,left,2315,2398,B,85,85,1000,500,0.373,qwen3vl,similarity_score,2026-07-13T19:00:20
I_2315_2399_frgp14,impostor,14,left,2315,2399,B,0,0,1000,500,0.358,qwen3vl,similarity_score,2026-07-13T19:00:20
I_2315_2401_frgp14,impostor,14,left,2315,2401,B,65,65,1000,500,0.376,qwen3vl,similarity_score,2026-07-13T19:00:21
I_2315_2402_frgp14,impostor,14,left,2315,2402,B,65,65,1000,500,0.379,qwen3vl,similarity_score,2026-07-13T19:00:21
I_2315_2403_frgp14,impostor,14,left,2315,2403,B,65,65,1000,500,0.376,qwen3vl,similarity_score,2026-07-13T19:00:21
I_2315_2405_frgp14,impostor,14,left,2315,2405,B,65,65,1000,500,0.376,qwen3vl,similarity_score,2026-07-13T19:00:22
I_2315_2406_frgp14,impostor,14,left,2315,2406,B,0,0,1000,500,0.357,qwen3vl,similarity_score,2026-07-13T19:00:22
I_2315_2407_frgp14,impostor,14,left,2315,2407,B,65,65,1000,500,0.374,qwen3vl,similarity_score,2026-07-13T19:00:22
I_2315_2408_frgp14,impostor,14,left,2315,2408,B,65,65,1000,500,0.375,qwen3vl,similarity_score,2026-07-13T19:00:23
I_2315_2409_frgp14,impostor,14,left,2315,2409,B,65,65,1000,500,0.375,qwen3vl,similarity_score,2026-07-13T19:00:23
I_2315_2412_frgp14,impostor,14,left,2315,2412,B,65,65,1000,500,0.374,qwen3vl,similarity_score,2026-07-13T19:00:24
I_2315_2413_frgp14,impostor,14,left,2315,2413,B,65,65,1000,500,0.377,qwen3vl,similarity_score,2026-07-13T19:00:24
I_2315_2415_frgp14,impostor,14,left,2315,2415,B,65,65,1000,500,0.374,qwen3vl,similarity_score,2026-07-13T19:00:24
I_2315_2418_frgp14,impostor,14,left,2315,2418,B,95,95,1000,500,0.373,qwen3vl,similarity_score,2026-07-13T19:00:25
I_2315_2423_frgp14,impostor,14,left,2315,2423,B,65,65,1000,500,0.375,qwen3vl,similarity_score,2026-07-13T19:00:25
I_2315_2424_frgp14,impostor,14,left,2315,2424,B,65,65,1000,500,0.374,qwen3vl,similarity_score,2026-07-13T19:00:25
I_2315_2425_frgp14,impostor,14,left,2315,2425,B,65,65,1000,500,0.376,qwen3vl,similarity_score,2026-07-13T19:00:26
I_2315_2426_frgp14,impostor,14,left,2315,2426,B,65,65,1000,500,0.378,qwen3vl,similarity_score,2026-07-13T19:00:26
I_2315_2428_frgp14,impostor,14,left,2315,2428,B,85,85,1000,500,0.377,qwen3vl,similarity_score,2026-07-13T19:00:27
I_2315_2440_frgp14,impostor,14,left,2315,2440,B,65,65,1000,500,0.378,qwen3vl,similarity_score,2026-07-13T19:00:27
I_2315_2447_frgp14,impostor,14,left,2315,2447,B,95,95,1000,500,0.375,qwen3vl,similarity_score,2026-07-13T19:00:27
I_2315_2455_frgp14,impostor,14,left,2315,2455,B,65,65,1000,500,0.376,qwen3vl,similarity_score,2026-07-13T19:00:28
I_2315_2462_frgp14,impostor,14,left,2315,2462,B,65,65,1000,500,0.375,qwen3vl,similarity_score,2026-07-13T19:00:28
I_2315_2463_frgp14,impostor,14,left,2315,2463,B,65,65,1000,500,0.375,qwen3vl,similarity_score,2026-07-13T19:00:28
I_2315_2481_frgp14,impostor,14,left,2315,2481,B,65,65,1000,500,0.377,qwen3vl,similarity_score,2026-07-13T19:00:29
I_2317_2319_frgp14,impostor,14,left,2317,2319,B,65,65,1000,500,0.379,qwen3vl,similarity_score,2026-07-13T19:00:29
I_2317_2320_frgp14,impostor,14,left,2317,2320,B,65,65,1000,500,0.373,qwen3vl,similarity_score,2026-07-13T19:00:30
I_2317_2321_frgp14,impostor,14,left,2317,2321,B,65,65,1000,500,0.375,qwen3vl,similarity_score,2026-07-13T19:00:30
I_2317_2325_frgp14,impostor,14,left,2317,2325,B,65,65,1000,500,0.373,qwen3vl,similarity_score,2026-07-13T19:00:30
I_2317_2326_frgp14,impostor,14,left,2317,2326,B,65,65,1000,500,0.377,qwen3vl,similarity_score,2026-07-13T19:00:31
I_2317_2327_frgp14,impostor,14,left,2317,2327,B,65,65,1000,500,0.376,qwen3vl,similarity_score,2026-07-13T19:00:31
I_2317_2328_frgp14,impostor,14,left,2317,2328,B,65,65,1000,500,0.374,qwen3vl,similarity_score,2026-07-13T19:00:31
I_2317_2329_frgp14,impostor,14,left,2317,2329,B,65,65,1000,500,0.375,qwen3vl,similarity_score,2026-07-13T19:00:32
I_2317_2330_frgp14,impostor,14,left,2317,2330,B,65,65,1000,500,0.376,qwen3vl,similarity_score,2026-07-13T19:00:32
I_2317_2332_frgp14,impostor,14,left,2317,2332,B,65,65,1000,500,0.374,qwen3vl,similarity_score,2026-07-13T19:00:33
I_2317_2334_frgp14,impostor,14,left,2317,2334,B,65,65,1000,500,0.374,qwen3vl,similarity_score,2026-07-13T19:00:33
I_2317_2337_frgp14,impostor,14,left,2317,2337,B,65,65,1000,500,0.375,qwen3vl,similarity_score,2026-07-13T19:00:33
I_2317_2338_frgp14,impostor,14,left,2317,2338,B,65,65,1000,500,0.375,qwen3vl,similarity_score,2026-07-13T19:00:34
I_2317_2339_frgp14,impostor,14,left,2317,2339,B,65,65,1000,500,0.377,qwen3vl,similarity_score,2026-07-13T19:00:34
I_2317_2340_frgp14,impostor,14,left,2317,2340,B,65,65,1000,500,0.375,qwen3vl,similarity_score,2026-07-13T19:00:34
I_2317_2341_frgp14,impostor,14,left,2317,2341,B,0,0,1000,500,0.359,qwen3vl,similarity_score,2026-07-13T19:00:35
I_2317_2342_frgp14,impostor,14,left,2317,2342,B,65,65,1000,500,0.374,qwen3vl,similarity_score,2026-07-13T19:00:35
I_2317_2344_frgp14,impostor,14,left,2317,2344,B,85,85,1000,500,0.377,qwen3vl,similarity_score,2026-07-13T19:00:36
I_2317_2348_frgp14,impostor,14,left,2317,2348,B,65,65,1000,500,0.382,qwen3vl,similarity_score,2026-07-13T19:00:36
I_2317_2349_frgp14,impostor,14,left,2317,2349,B,0,0,1000,500,0.362,qwen3vl,similarity_score,2026-07-13T19:00:36
I_2317_2351_frgp14,impostor,14,left,2317,2351,B,65,65,1000,500,0.374,qwen3vl,similarity_score,2026-07-13T19:00:37
I_2317_2352_frgp14,impostor,14,left,2317,2352,B,65,65,1000,500,0.374,qwen3vl,similarity_score,2026-07-13T19:00:37
I_2317_2353_frgp14,impostor,14,left,2317,2353,B,65,65,1000,500,0.373,qwen3vl,similarity_score,2026-07-13T19:00:37
I_2317_2355_frgp14,impostor,14,left,2317,2355,B,85,85,1000,500,0.372,qwen3vl,similarity_score,2026-07-13T19:00:38
I_2317_2356_frgp14,impostor,14,left,2317,2356,B,65,65,1000,500,0.376,qwen3vl,similarity_score,2026-07-13T19:00:38
I_2317_2357_frgp14,impostor,14,left,2317,2357,B,65,65,1000,500,0.375,qwen3vl,similarity_score,2026-07-13T19:00:39
I_2317_2358_frgp14,impostor,14,left,2317,2358,B,65,65,1000,500,0.377,qwen3vl,similarity_score,2026-07-13T19:00:39
I_2317_2359_frgp14,impostor,14,left,2317,2359,B,65,65,1000,500,0.377,qwen3vl,similarity_score,2026-07-13T19:00:39
I_2317_2360_frgp14,impostor,14,left,2317,2360,B,65,65,1000,500,0.374,qwen3vl,similarity_score,2026-07-13T19:00:40
I_2317_2362_frgp14,impostor,14,left,2317,2362,B,65,65,1000,500,0.377,qwen3vl,similarity_score,2026-07-13T19:00:40
I_2317_2364_frgp14,impostor,14,left,2317,2364,B,65,65,1000,500,0.374,qwen3vl,similarity_score,2026-07-13T19:00:40
I_2317_2367_frgp14,impostor,14,left,2317,2367,B,65,65,1000,500,0.375,qwen3vl,similarity_score,2026-07-13T19:00:41
I_2317_2368_frgp14,impostor,14,left,2317,2368,B,0,0,1000,500,0.361,qwen3vl,similarity_score,2026-07-13T19:00:41
I_2317_2369_frgp14,impostor,14,left,2317,2369,B,0,0,1000,500,0.36,qwen3vl,similarity_score,2026-07-13T19:00:41
I_2317_2370_frgp14,impostor,14,left,2317,2370,B,65,65,1000,500,0.375,qwen3vl,similarity_score,2026-07-13T19:00:42
I_2317_2371_frgp14,impostor,14,left,2317,2371,B,65,65,1000,500,0.377,qwen3vl,similarity_score,2026-07-13T19:00:42
I_2317_2372_frgp14,impostor,14,left,2317,2372,B,65,65,1000,500,0.374,qwen3vl,similarity_score,2026-07-13T19:00:43
I_2317_2373_frgp14,impostor,14,left,2317,2373,B,0,0,1000,500,0.358,qwen3vl,similarity_score,2026-07-13T19:00:43
I_2317_2374_frgp14,impostor,14,left,2317,2374,B,65,65,1000,500,0.376,qwen3vl,similarity_score,2026-07-13T19:00:43
I_2317_2375_frgp14,impostor,14,left,2317,2375,B,65,65,1000,500,0.376,qwen3vl,similarity_score,2026-07-13T19:00:44
I_2317_2376_frgp14,impostor,14,left,2317,2376,B,65,65,1000,500,0.379,qwen3vl,similarity_score,2026-07-13T19:00:44
I_2317_2379_frgp14,impostor,14,left,2317,2379,B,65,65,1000,500,0.377,qwen3vl,similarity_score,2026-07-13T19:00:44
I_2317_2380_frgp14,impostor,14,left,2317,2380,B,85,85,1000,500,0.375,qwen3vl,similarity_score,2026-07-13T19:00:45
I_2317_2381_frgp14,impostor,14,left,2317,2381,B,65,65,1000,500,0.375,qwen3vl,similarity_score,2026-07-13T19:00:45
I_2317_2383_frgp14,impostor,14,left,2317,2383,B,65,65,1000,500,0.376,qwen3vl,similarity_score,2026-07-13T19:00:46
I_2317_2384_frgp14,impostor,14,left,2317,2384,B,65,65,1000,500,0.378,qwen3vl,similarity_score,2026-07-13T19:00:46
I_2317_2386_frgp14,impostor,14,left,2317,2386,B,0,0,1000,500,0.362,qwen3vl,similarity_score,2026-07-13T19:00:46
I_2317_2388_frgp14,impostor,14,left,2317,2388,B,65,65,1000,500,0.375,qwen3vl,similarity_score,2026-07-13T19:00:47
I_2317_2391_frgp14,impostor,14,left,2317,2391,B,65,65,1000,500,0.376,qwen3vl,similarity_score,2026-07-13T19:00:47
I_2317_2392_frgp14,impostor,14,left,2317,2392,B,85,85,1000,500,0.377,qwen3vl,similarity_score,2026-07-13T19:00:47
I_2317_2394_frgp14,impostor,14,left,2317,2394,B,65,65,1000,500,0.376,qwen3vl,similarity_score,2026-07-13T19:00:48
I_2317_2395_frgp14,impostor,14,left,2317,2395,B,65,65,1000,500,0.375,qwen3vl,similarity_score,2026-07-13T19:00:48
I_2317_2396_frgp14,impostor,14,left,2317,2396,B,0,0,1000,500,0.362,qwen3vl,similarity_score,2026-07-13T19:00:49
I_2317_2398_frgp14,impostor,14,left,2317,2398,B,65,65,1000,500,0.376,qwen3vl,similarity_score,2026-07-13T19:00:49
I_2317_2399_frgp14,impostor,14,left,2317,2399,B,0,0,1000,500,0.36,qwen3vl,similarity_score,2026-07-13T19:00:49
I_2317_2401_frgp14,impostor,14,left,2317,2401,B,65,65,1000,500,0.376,qwen3vl,similarity_score,2026-07-13T19:00:50
I_2317_2402_frgp14,impostor,14,left,2317,2402,B,65,65,1000,500,0.376,qwen3vl,similarity_score,2026-07-13T19:00:50
I_2317_2403_frgp14,impostor,14,left,2317,2403,B,0,0,1000,500,0.36,qwen3vl,similarity_score,2026-07-13T19:00:50
I_2317_2405_frgp14,impostor,14,left,2317,2405,B,65,65,1000,500,0.376,qwen3vl,similarity_score,2026-07-13T19:00:51
I_2317_2406_frgp14,impostor,14,left,2317,2406,B,0,0,1000,500,0.359,qwen3vl,similarity_score,2026-07-13T19:00:51
I_2317_2407_frgp14,impostor,14,left,2317,2407,B,65,65,1000,500,0.377,qwen3vl,similarity_score,2026-07-13T19:00:52
I_2317_2408_frgp14,impostor,14,left,2317,2408,B,65,65,1000,500,0.377,qwen3vl,similarity_score,2026-07-13T19:00:52
I_2317_2409_frgp14,impostor,14,left,2317,2409,B,65,65,1000,500,0.377,qwen3vl,similarity_score,2026-07-13T19:00:52
I_2317_2412_frgp14,impostor,14,left,2317,2412,B,65,65,1000,500,0.374,qwen3vl,similarity_score,2026-07-13T19:00:53
I_2317_2413_frgp14,impostor,14,left,2317,2413,B,65,65,1000,500,0.376,qwen3vl,similarity_score,2026-07-13T19:00:53
I_2317_2415_frgp14,impostor,14,left,2317,2415,B,0,0,1000,500,0.36,qwen3vl,similarity_score,2026-07-13T19:00:53
I_2317_2418_frgp14,impostor,14,left,2317,2418,B,65,65,1000,500,0.377,qwen3vl,similarity_score,2026-07-13T19:00:54
I_2317_2423_frgp14,impostor,14,left,2317,2423,B,65,65,1000,500,0.377,qwen3vl,similarity_score,2026-07-13T19:00:54
I_2317_2424_frgp14,impostor,14,left,2317,2424,B,65,65,1000,500,0.376,qwen3vl,similarity_score,2026-07-13T19:00:55
I_2317_2425_frgp14,impostor,14,left,2317,2425,B,65,65,1000,500,0.377,qwen3vl,similarity_score,2026-07-13T19:00:55
I_2317_2426_frgp14,impostor,14,left,2317,2426,B,65,65,1000,500,0.375,qwen3vl,similarity_score,2026-07-13T19:00:55
I_2317_2428_frgp14,impostor,14,left,2317,2428,B,65,65,1000,500,0.377,qwen3vl,similarity_score,2026-07-13T19:00:56
I_2317_2440_frgp14,impostor,14,left,2317,2440,B,65,65,1000,500,0.377,qwen3vl,similarity_score,2026-07-13T19:00:56
I_2317_2447_frgp14,impostor,14,left,2317,2447,B,85,85,1000,500,0.375,qwen3vl,similarity_score,2026-07-13T19:00:56
I_2317_2455_frgp14,impostor,14,left,2317,2455,B,65,65,1000,500,0.375,qwen3vl,similarity_score,2026-07-13T19:00:57
I_2317_2462_frgp14,impostor,14,left,2317,2462,B,65,65,1000,500,0.375,qwen3vl,similarity_score,2026-07-13T19:00:57
I_2317_2463_frgp14,impostor,14,left,2317,2463,B,0,0,1000,500,0.357,qwen3vl,similarity_score,2026-07-13T19:00:58
I_2317_2481_frgp14,impostor,14,left,2317,2481,B,65,65,1000,500,0.377,qwen3vl,similarity_score,2026-07-13T19:00:58
I_2319_2320_frgp14,impostor,14,left,2319,2320,B,65,65,1000,500,0.375,qwen3vl,similarity_score,2026-07-13T19:00:58
I_2319_2321_frgp14,impostor,14,left,2319,2321,B,85,85,1000,500,0.373,qwen3vl,similarity_score,2026-07-13T19:00:59
I_2319_2325_frgp14,impostor,14,left,2319,2325,B,65,65,1000,500,0.37,qwen3vl,similarity_score,2026-07-13T19:00:59
I_2319_2326_frgp14,impostor,14,left,2319,2326,B,65,65,1000,500,0.376,qwen3vl,similarity_score,2026-07-13T19:00:59
I_2319_2327_frgp14,impostor,14,left,2319,2327,B,85,85,1000,500,0.373,qwen3vl,similarity_score,2026-07-13T19:01:00
I_2319_2328_frgp14,impostor,14,left,2319,2328,B,65,65,1000,500,0.376,qwen3vl,similarity_score,2026-07-13T19:01:00
I_2319_2329_frgp14,impostor,14,left,2319,2329,B,85,85,1000,500,0.372,qwen3vl,similarity_score,2026-07-13T19:01:01
I_2319_2330_frgp14,impostor,14,left,2319,2330,B,85,85,1000,500,0.375,qwen3vl,similarity_score,2026-07-13T19:01:01
I_2319_2332_frgp14,impostor,14,left,2319,2332,B,85,85,1000,500,0.373,qwen3vl,similarity_score,2026-07-13T19:01:01
I_2319_2334_frgp14,impostor,14,left,2319,2334,B,65,65,1000,500,0.373,qwen3vl,similarity_score,2026-07-13T19:01:02
I_2319_2337_frgp14,impostor,14,left,2319,2337,B,85,85,1000,500,0.371,qwen3vl,similarity_score,2026-07-13T19:01:02
I_2319_2338_frgp14,impostor,14,left,2319,2338,B,85,85,1000,500,0.372,qwen3vl,similarity_score,2026-07-13T19:01:02
I_2319_2339_frgp14,impostor,14,left,2319,2339,B,65,65,1000,500,0.371,qwen3vl,similarity_score,2026-07-13T19:01:03
I_2319_2340_frgp14,impostor,14,left,2319,2340,B,85,85,1000,500,0.373,qwen3vl,similarity_score,2026-07-13T19:01:03
I_2319_2341_frgp14,impostor,14,left,2319,2341,B,65,65,1000,500,0.373,qwen3vl,similarity_score,2026-07-13T19:01:04
I_2319_2342_frgp14,impostor,14,left,2319,2342,B,65,65,1000,500,0.375,qwen3vl,similarity_score,2026-07-13T19:01:04
I_2319_2344_frgp14,impostor,14,left,2319,2344,B,85,85,1000,500,0.374,qwen3vl,similarity_score,2026-07-13T19:01:04
I_2319_2348_frgp14,impostor,14,left,2319,2348,B,85,85,1000,500,0.374,qwen3vl,similarity_score,2026-07-13T19:01:05
I_2319_2349_frgp14,impostor,14,left,2319,2349,B,0,0,1000,500,0.36,qwen3vl,similarity_score,2026-07-13T19:01:05
I_2319_2351_frgp14,impostor,14,left,2319,2351,B,65,65,1000,500,0.373,qwen3vl,similarity_score,2026-07-13T19:01:05
I_2319_2352_frgp14,impostor,14,left,2319,2352,B,65,65,1000,500,0.372,qwen3vl,similarity_score,2026-07-13T19:01:06
I_2319_2353_frgp14,impostor,14,left,2319,2353,B,85,85,1000,500,0.374,qwen3vl,similarity_score,2026-07-13T19:01:06
I_2319_2355_frgp14,impostor,14,left,2319,2355,B,85,85,1000,500,0.371,qwen3vl,similarity_score,2026-07-13T19:01:06
I_2319_2356_frgp14,impostor,14,left,2319,2356,B,65,65,1000,500,0.375,qwen3vl,similarity_score,2026-07-13T19:01:07
I_2319_2357_frgp14,impostor,14,left,2319,2357,B,85,85,1000,500,0.373,qwen3vl,similarity_score,2026-07-13T19:01:07
I_2319_2358_frgp14,impostor,14,left,2319,2358,B,65,65,1000,500,0.372,qwen3vl,similarity_score,2026-07-13T19:01:08
I_2319_2359_frgp14,impostor,14,left,2319,2359,B,65,65,1000,500,0.374,qwen3vl,similarity_score,2026-07-13T19:01:08
I_2319_2360_frgp14,impostor,14,left,2319,2360,B,85,85,1000,500,0.377,qwen3vl,similarity_score,2026-07-13T19:01:08
I_2319_2362_frgp14,impostor,14,left,2319,2362,B,85,85,1000,500,0.372,qwen3vl,similarity_score,2026-07-13T19:01:09
I_2319_2364_frgp14,impostor,14,left,2319,2364,B,85,85,1000,500,0.374,qwen3vl,similarity_score,2026-07-13T19:01:09
I_2319_2367_frgp14,impostor,14,left,2319,2367,B,65,65,1000,500,0.372,qwen3vl,similarity_score,2026-07-13T19:01:09
I_2319_2368_frgp14,impostor,14,left,2319,2368,B,65,65,1000,500,0.372,qwen3vl,similarity_score,2026-07-13T19:01:10
I_2319_2369_frgp14,impostor,14,left,2319,2369,B,65,65,1000,500,0.373,qwen3vl,similarity_score,2026-07-13T19:01:10
I_2319_2370_frgp14,impostor,14,left,2319,2370,B,85,85,1000,500,0.374,qwen3vl,similarity_score,2026-07-13T19:01:11
I_2319_2371_frgp14,impostor,14,left,2319,2371,B,65,65,1000,500,0.376,qwen3vl,similarity_score,2026-07-13T19:01:11
I_2319_2372_frgp14,impostor,14,left,2319,2372,B,85,85,1000,500,0.372,qwen3vl,similarity_score,2026-07-13T19:01:11
I_2319_2373_frgp14,impostor,14,left,2319,2373,B,0,0,1000,500,0.355,qwen3vl,similarity_score,2026-07-13T19:01:12
I_2319_2374_frgp14,impostor,14,left,2319,2374,B,65,65,1000,500,0.372,qwen3vl,similarity_score,2026-07-13T19:01:12
I_2319_2375_frgp14,impostor,14,left,2319,2375,B,65,65,1000,500,0.373,qwen3vl,similarity_score,2026-07-13T19:01:12
I_2319_2376_frgp14,impostor,14,left,2319,2376,B,65,65,1000,500,0.376,qwen3vl,similarity_score,2026-07-13T19:01:13
I_2319_2379_frgp14,impostor,14,left,2319,2379,B,65,65,1000,500,0.377,qwen3vl,similarity_score,2026-07-13T19:01:13
I_2319_2380_frgp14,impostor,14,left,2319,2380,B,85,85,1000,500,0.374,qwen3vl,similarity_score,2026-07-13T19:01:14
I_2319_2381_frgp14,impostor,14,left,2319,2381,B,65,65,1000,500,0.374,qwen3vl,similarity_score,2026-07-13T19:01:14
I_2319_2383_frgp14,impostor,14,left,2319,2383,B,65,65,1000,500,0.375,qwen3vl,similarity_score,2026-07-13T19:01:14
I_2319_2384_frgp14,impostor,14,left,2319,2384,B,65,65,1000,500,0.37,qwen3vl,similarity_score,2026-07-13T19:01:15
I_2319_2386_frgp14,impostor,14,left,2319,2386,B,65,65,1000,500,0.372,qwen3vl,similarity_score,2026-07-13T19:01:15
I_2319_2388_frgp14,impostor,14,left,2319,2388,B,65,65,1000,500,0.373,qwen3vl,similarity_score,2026-07-13T19:01:15
I_2319_2391_frgp14,impostor,14,left,2319,2391,B,65,65,1000,500,0.376,qwen3vl,similarity_score,2026-07-13T19:01:16
I_2319_2392_frgp14,impostor,14,left,2319,2392,B,85,85,1000,500,0.373,qwen3vl,similarity_score,2026-07-13T19:01:16
I_2319_2394_frgp14,impostor,14,left,2319,2394,B,65,65,1000,500,0.373,qwen3vl,similarity_score,2026-07-13T19:01:17
I_2319_2395_frgp14,impostor,14,left,2319,2395,B,65,65,1000,500,0.372,qwen3vl,similarity_score,2026-07-13T19:01:17
I_2319_2396_frgp14,impostor,14,left,2319,2396,B,0,0,1000,500,0.358,qwen3vl,similarity_score,2026-07-13T19:01:17
I_2319_2398_frgp14,impostor,14,left,2319,2398,B,65,65,1000,500,0.374,qwen3vl,similarity_score,2026-07-13T19:01:18
I_2319_2399_frgp14,impostor,14,left,2319,2399,B,65,65,1000,500,0.374,qwen3vl,similarity_score,2026-07-13T19:01:18
I_2319_2401_frgp14,impostor,14,left,2319,2401,B,65,65,1000,500,0.373,qwen3vl,similarity_score,2026-07-13T19:01:18
I_2319_2402_frgp14,impostor,14,left,2319,2402,B,65,65,1000,500,0.374,qwen3vl,similarity_score,2026-07-13T19:01:19
I_2319_2403_frgp14,impostor,14,left,2319,2403,B,65,65,1000,500,0.374,qwen3vl,similarity_score,2026-07-13T19:01:19
I_2319_2405_frgp14,impostor,14,left,2319,2405,B,65,65,1000,500,0.374,qwen3vl,similarity_score,2026-07-13T19:01:20
I_2319_2406_frgp14,impostor,14,left,2319,2406,B,65,65,1000,500,0.376,qwen3vl,similarity_score,2026-07-13T19:01:20
I_2319_2407_frgp14,impostor,14,left,2319,2407,B,65,65,1000,500,0.375,qwen3vl,similarity_score,2026-07-13T19:01:20
I_2319_2408_frgp14,impostor,14,left,2319,2408,B,65,65,1000,500,0.373,qwen3vl,similarity_score,2026-07-13T19:01:21
I_2319_2409_frgp14,impostor,14,left,2319,2409,B,65,65,1000,500,0.373,qwen3vl,similarity_score,2026-07-13T19:01:21
I_2319_2412_frgp14,impostor,14,left,2319,2412,B,65,65,1000,500,0.371,qwen3vl,similarity_score,2026-07-13T19:01:21
I_2319_2413_frgp14,impostor,14,left,2319,2413,B,65,65,1000,500,0.377,qwen3vl,similarity_score,2026-07-13T19:01:22
I_2319_2415_frgp14,impostor,14,left,2319,2415,B,65,65,1000,500,0.371,qwen3vl,similarity_score,2026-07-13T19:01:22
I_2319_2418_frgp14,impostor,14,left,2319,2418,B,85,85,1000,500,0.372,qwen3vl,similarity_score,2026-07-13T19:01:23
I_2319_2423_frgp14,impostor,14,left,2319,2423,B,65,65,1000,500,0.372,qwen3vl,similarity_score,2026-07-13T19:01:23
I_2319_2424_frgp14,impostor,14,left,2319,2424,B,65,65,1000,500,0.372,qwen3vl,similarity_score,2026-07-13T19:01:23
I_2319_2425_frgp14,impostor,14,left,2319,2425,B,65,65,1000,500,0.373,qwen3vl,similarity_score,2026-07-13T19:01:24
I_2319_2426_frgp14,impostor,14,left,2319,2426,B,65,65,1000,500,0.37,qwen3vl,similarity_score,2026-07-13T19:01:24
I_2319_2428_frgp14,impostor,14,left,2319,2428,B,85,85,1000,500,0.372,qwen3vl,similarity_score,2026-07-13T19:01:24
I_2319_2440_frgp14,impostor,14,left,2319,2440,B,85,85,1000,500,0.37,qwen3vl,similarity_score,2026-07-13T19:01:25
I_2319_2447_frgp14,impostor,14,left,2319,2447,B,85,85,1000,500,0.371,qwen3vl,similarity_score,2026-07-13T19:01:25
I_2319_2455_frgp14,impostor,14,left,2319,2455,B,65,65,1000,500,0.371,qwen3vl,similarity_score,2026-07-13T19:01:25
I_2319_2462_frgp14,impostor,14,left,2319,2462,B,65,65,1000,500,0.376,qwen3vl,similarity_score,2026-07-13T19:01:26
I_2319_2463_frgp14,impostor,14,left,2319,2463,B,65,65,1000,500,0.371,qwen3vl,similarity_score,2026-07-13T19:01:26
I_2319_2481_frgp14,impostor,14,left,2319,2481,B,65,65,1000,500,0.372,qwen3vl,similarity_score,2026-07-13T19:01:27
I_2320_2321_frgp14,impostor,14,left,2320,2321,B,65,65,1000,500,0.38,qwen3vl,similarity_score,2026-07-13T19:01:27
I_2320_2325_frgp14,impostor,14,left,2320,2325,B,65,65,1000,500,0.373,qwen3vl,similarity_score,2026-07-13T19:01:27
I_2320_2326_frgp14,impostor,14,left,2320,2326,B,0,0,1000,500,0.358,qwen3vl,similarity_score,2026-07-13T19:01:28
I_2320_2327_frgp14,impostor,14,left,2320,2327,B,85,85,1000,500,0.372,qwen3vl,similarity_score,2026-07-13T19:01:28
I_2320_2328_frgp14,impostor,14,left,2320,2328,B,65,65,1000,500,0.374,qwen3vl,similarity_score,2026-07-13T19:01:28
I_2320_2329_frgp14,impostor,14,left,2320,2329,B,65,65,1000,500,0.374,qwen3vl,similarity_score,2026-07-13T19:01:29
I_2320_2330_frgp14,impostor,14,left,2320,2330,B,65,65,1000,500,0.375,qwen3vl,similarity_score,2026-07-13T19:01:29
I_2320_2332_frgp14,impostor,14,left,2320,2332,B,65,65,1000,500,0.372,qwen3vl,similarity_score,2026-07-13T19:01:30
I_2320_2334_frgp14,impostor,14,left,2320,2334,B,65,65,1000,500,0.371,qwen3vl,similarity_score,2026-07-13T19:01:30
I_2320_2337_frgp14,impostor,14,left,2320,2337,B,65,65,1000,500,0.372,qwen3vl,similarity_score,2026-07-13T19:01:30
I_2320_2338_frgp14,impostor,14,left,2320,2338,B,65,65,1000,500,0.374,qwen3vl,similarity_score,2026-07-13T19:01:31
I_2320_2339_frgp14,impostor,14,left,2320,2339,B,65,65,1000,500,0.373,qwen3vl,similarity_score,2026-07-13T19:01:31
I_2320_2340_frgp14,impostor,14,left,2320,2340,B,65,65,1000,500,0.374,qwen3vl,similarity_score,2026-07-13T19:01:31
I_2320_2341_frgp14,impostor,14,left,2320,2341,B,0,0,1000,500,0.356,qwen3vl,similarity_score,2026-07-13T19:01:32
I_2320_2342_frgp14,impostor,14,left,2320,2342,B,65,65,1000,500,0.372,qwen3vl,similarity_score,2026-07-13T19:01:32
I_2320_2344_frgp14,impostor,14,left,2320,2344,B,65,65,1000,500,0.374,qwen3vl,similarity_score,2026-07-13T19:01:33
I_2320_2348_frgp14,impostor,14,left,2320,2348,B,65,65,1000,500,0.371,qwen3vl,similarity_score,2026-07-13T19:01:33
I_2320_2349_frgp14,impostor,14,left,2320,2349,B,0,0,1000,500,0.357,qwen3vl,similarity_score,2026-07-13T19:01:33
I_2320_2351_frgp14,impostor,14,left,2320,2351,B,65,65,1000,500,0.372,qwen3vl,similarity_score,2026-07-13T19:01:34
I_2320_2352_frgp14,impostor,14,left,2320,2352,B,65,65,1000,500,0.374,qwen3vl,similarity_score,2026-07-13T19:01:34
I_2320_2353_frgp14,impostor,14,left,2320,2353,B,65,65,1000,500,0.37,qwen3vl,similarity_score,2026-07-13T19:01:34
I_2320_2355_frgp14,impostor,14,left,2320,2355,B,65,65,1000,500,0.37,qwen3vl,similarity_score,2026-07-13T19:01:35
I_2320_2356_frgp14,impostor,14,left,2320,2356,B,65,65,1000,500,0.371,qwen3vl,similarity_score,2026-07-13T19:01:35
I_2320_2357_frgp14,impostor,14,left,2320,2357,B,65,65,1000,500,0.372,qwen3vl,similarity_score,2026-07-13T19:01:36
I_2320_2358_frgp14,impostor,14,left,2320,2358,B,65,65,1000,500,0.377,qwen3vl,similarity_score,2026-07-13T19:01:36
I_2320_2359_frgp14,impostor,14,left,2320,2359,B,65,65,1000,500,0.372,qwen3vl,similarity_score,2026-07-13T19:01:36
I_2320_2360_frgp14,impostor,14,left,2320,2360,B,65,65,1000,500,0.374,qwen3vl,similarity_score,2026-07-13T19:01:37
I_2320_2362_frgp14,impostor,14,left,2320,2362,B,65,65,1000,500,0.371,qwen3vl,similarity_score,2026-07-13T19:01:37
I_2320_2364_frgp14,impostor,14,left,2320,2364,B,65,65,1000,500,0.374,qwen3vl,similarity_score,2026-07-13T19:01:37
I_2320_2367_frgp14,impostor,14,left,2320,2367,B,65,65,1000,500,0.372,qwen3vl,similarity_score,2026-07-13T19:01:38
I_2320_2368_frgp14,impostor,14,left,2320,2368,B,0,0,1000,500,0.359,qwen3vl,similarity_score,2026-07-13T19:01:38
I_2320_2369_frgp14,impostor,14,left,2320,2369,B,65,65,1000,500,0.374,qwen3vl,similarity_score,2026-07-13T19:01:38
I_2320_2370_frgp14,impostor,14,left,2320,2370,B,65,65,1000,500,0.373,qwen3vl,similarity_score,2026-07-13T19:01:39
I_2320_2371_frgp14,impostor,14,left,2320,2371,B,65,65,1000,500,0.375,qwen3vl,similarity_score,2026-07-13T19:01:39
I_2320_2372_frgp14,impostor,14,left,2320,2372,B,65,65,1000,500,0.37,qwen3vl,similarity_score,2026-07-13T19:01:40
I_2320_2373_frgp14,impostor,14,left,2320,2373,B,0,0,1000,500,0.357,qwen3vl,similarity_score,2026-07-13T19:01:40
I_2320_2374_frgp14,impostor,14,left,2320,2374,B,65,65,1000,500,0.375,qwen3vl,similarity_score,2026-07-13T19:01:40
I_2320_2375_frgp14,impostor,14,left,2320,2375,B,65,65,1000,500,0.376,qwen3vl,similarity_score,2026-07-13T19:01:41
I_2320_2376_frgp14,impostor,14,left,2320,2376,B,65,65,1000,500,0.375,qwen3vl,similarity_score,2026-07-13T19:01:41
I_2320_2379_frgp14,impostor,14,left,2320,2379,B,65,65,1000,500,0.375,qwen3vl,similarity_score,2026-07-13T19:01:41
I_2320_2380_frgp14,impostor,14,left,2320,2380,B,65,65,1000,500,0.374,qwen3vl,similarity_score,2026-07-13T19:01:42
I_2320_2381_frgp14,impostor,14,left,2320,2381,B,65,65,1000,500,0.373,qwen3vl,similarity_score,2026-07-13T19:01:42
I_2320_2383_frgp14,impostor,14,left,2320,2383,B,65,65,1000,500,0.373,qwen3vl,similarity_score,2026-07-13T19:01:43
I_2320_2384_frgp14,impostor,14,left,2320,2384,B,65,65,1000,500,0.373,qwen3vl,similarity_score,2026-07-13T19:01:43
I_2320_2386_frgp14,impostor,14,left,2320,2386,B,65,65,1000,500,0.375,qwen3vl,similarity_score,2026-07-13T19:01:43
I_2320_2388_frgp14,impostor,14,left,2320,2388,B,65,65,1000,500,0.371,qwen3vl,similarity_score,2026-07-13T19:01:44
I_2320_2391_frgp14,impostor,14,left,2320,2391,B,65,65,1000,500,0.374,qwen3vl,similarity_score,2026-07-13T19:01:44
I_2320_2392_frgp14,impostor,14,left,2320,2392,B,65,65,1000,500,0.373,qwen3vl,similarity_score,2026-07-13T19:01:44
I_2320_2394_frgp14,impostor,14,left,2320,2394,B,65,65,1000,500,0.371,qwen3vl,similarity_score,2026-07-13T19:01:45
I_2320_2395_frgp14,impostor,14,left,2320,2395,B,65,65,1000,500,0.372,qwen3vl,similarity_score,2026-07-13T19:01:45
I_2320_2396_frgp14,impostor,14,left,2320,2396,B,0,0,1000,500,0.358,qwen3vl,similarity_score,2026-07-13T19:01:46
I_2320_2398_frgp14,impostor,14,left,2320,2398,B,85,85,1000,500,0.376,qwen3vl,similarity_score,2026-07-13T19:01:46
I_2320_2399_frgp14,impostor,14,left,2320,2399,B,65,65,1000,500,0.374,qwen3vl,similarity_score,2026-07-13T19:01:46
I_2320_2401_frgp14,impostor,14,left,2320,2401,B,65,65,1000,500,0.376,qwen3vl,similarity_score,2026-07-13T19:01:47
I_2320_2402_frgp14,impostor,14,left,2320,2402,B,0,0,1000,500,0.357,qwen3vl,similarity_score,2026-07-13T19:01:47
I_2320_2403_frgp14,impostor,14,left,2320,2403,B,65,65,1000,500,0.377,qwen3vl,similarity_score,2026-07-13T19:01:47
I_2320_2405_frgp14,impostor,14,left,2320,2405,B,65,65,1000,500,0.371,qwen3vl,similarity_score,2026-07-13T19:01:48
I_2320_2406_frgp14,impostor,14,left,2320,2406,B,0,0,1000,500,0.358,qwen3vl,similarity_score,2026-07-13T19:01:48
I_2320_2407_frgp14,impostor,14,left,2320,2407,B,65,65,1000,500,0.374,qwen3vl,similarity_score,2026-07-13T19:01:49
I_2320_2408_frgp14,impostor,14,left,2320,2408,B,65,65,1000,500,0.375,qwen3vl,similarity_score,2026-07-13T19:01:49
I_2320_2409_frgp14,impostor,14,left,2320,2409,B,65,65,1000,500,0.372,qwen3vl,similarity_score,2026-07-13T19:01:49
I_2320_2412_frgp14,impostor,14,left,2320,2412,B,65,65,1000,500,0.374,qwen3vl,similarity_score,2026-07-13T19:01:50
I_2320_2413_frgp14,impostor,14,left,2320,2413,B,65,65,1000,500,0.376,qwen3vl,similarity_score,2026-07-13T19:01:50
I_2320_2415_frgp14,impostor,14,left,2320,2415,B,65,65,1000,500,0.375,qwen3vl,similarity_score,2026-07-13T19:01:50
I_2320_2418_frgp14,impostor,14,left,2320,2418,B,65,65,1000,500,0.372,qwen3vl,similarity_score,2026-07-13T19:01:51
I_2320_2423_frgp14,impostor,14,left,2320,2423,B,65,65,1000,500,0.376,qwen3vl,similarity_score,2026-07-13T19:01:51
I_2320_2424_frgp14,impostor,14,left,2320,2424,B,65,65,1000,500,0.373,qwen3vl,similarity_score,2026-07-13T19:01:52
I_2320_2425_frgp14,impostor,14,left,2320,2425,B,65,65,1000,500,0.375,qwen3vl,similarity_score,2026-07-13T19:01:52
I_2320_2426_frgp14,impostor,14,left,2320,2426,B,65,65,1000,500,0.372,qwen3vl,similarity_score,2026-07-13T19:01:52
I_2320_2428_frgp14,impostor,14,left,2320,2428,B,85,85,1000,500,0.376,qwen3vl,similarity_score,2026-07-13T19:01:53
I_2320_2440_frgp14,impostor,14,left,2320,2440,B,65,65,1000,500,0.371,qwen3vl,similarity_score,2026-07-13T19:01:53
I_2320_2447_frgp14,impostor,14,left,2320,2447,B,85,85,1000,500,0.375,qwen3vl,similarity_score,2026-07-13T19:01:53
I_2320_2455_frgp14,impostor,14,left,2320,2455,B,65,65,1000,500,0.372,qwen3vl,similarity_score,2026-07-13T19:01:54
I_2320_2462_frgp14,impostor,14,left,2320,2462,B,65,65,1000,500,0.375,qwen3vl,similarity_score,2026-07-13T19:01:54
I_2320_2463_frgp14,impostor,14,left,2320,2463,B,65,65,1000,500,0.372,qwen3vl,similarity_score,2026-07-13T19:01:54
I_2320_2481_frgp14,impostor,14,left,2320,2481,B,65,65,1000,500,0.375,qwen3vl,similarity_score,2026-07-13T19:01:55
I_2321_2325_frgp14,impostor,14,left,2321,2325,B,65,65,1000,500,0.379,qwen3vl,similarity_score,2026-07-13T19:01:55
I_2321_2326_frgp14,impostor,14,left,2321,2326,B,65,65,1000,500,0.383,qwen3vl,similarity_score,2026-07-13T19:01:56
I_2321_2327_frgp14,impostor,14,left,2321,2327,B,65,65,1000,500,0.376,qwen3vl,similarity_score,2026-07-13T19:01:56
I_2321_2328_frgp14,impostor,14,left,2321,2328,B,65,65,1000,500,0.378,qwen3vl,similarity_score,2026-07-13T19:01:56
I_2321_2329_frgp14,impostor,14,left,2321,2329,B,65,65,1000,500,0.379,qwen3vl,similarity_score,2026-07-13T19:01:57
I_2321_2330_frgp14,impostor,14,left,2321,2330,B,65,65,1000,500,0.387,qwen3vl,similarity_score,2026-07-13T19:01:57
I_2321_2332_frgp14,impostor,14,left,2321,2332,B,85,85,1000,500,0.389,qwen3vl,similarity_score,2026-07-13T19:01:58
I_2321_2334_frgp14,impostor,14,left,2321,2334,B,65,65,1000,500,0.38,qwen3vl,similarity_score,2026-07-13T19:01:58
I_2321_2337_frgp14,impostor,14,left,2321,2337,B,65,65,1000,500,0.38,qwen3vl,similarity_score,2026-07-13T19:01:58
I_2321_2338_frgp14,impostor,14,left,2321,2338,B,85,85,1000,500,0.387,qwen3vl,similarity_score,2026-07-13T19:01:59
I_2321_2339_frgp14,impostor,14,left,2321,2339,B,65,65,1000,500,0.385,qwen3vl,similarity_score,2026-07-13T19:01:59
I_2321_2340_frgp14,impostor,14,left,2321,2340,B,65,65,1000,500,0.38,qwen3vl,similarity_score,2026-07-13T19:01:59
I_2321_2341_frgp14,impostor,14,left,2321,2341,B,65,65,1000,500,0.38,qwen3vl,similarity_score,2026-07-13T19:02:00
I_2321_2342_frgp14,impostor,14,left,2321,2342,B,65,65,1000,500,0.376,qwen3vl,similarity_score,2026-07-13T19:02:00
I_2321_2344_frgp14,impostor,14,left,2321,2344,B,65,65,1000,500,0.377,qwen3vl,similarity_score,2026-07-13T19:02:01
I_2321_2348_frgp14,impostor,14,left,2321,2348,B,65,65,1000,500,0.378,qwen3vl,similarity_score,2026-07-13T19:02:01
I_2321_2349_frgp14,impostor,14,left,2321,2349,B,0,0,1000,500,0.362,qwen3vl,similarity_score,2026-07-13T19:02:01
I_2321_2351_frgp14,impostor,14,left,2321,2351,B,65,65,1000,500,0.378,qwen3vl,similarity_score,2026-07-13T19:02:02
I_2321_2352_frgp14,impostor,14,left,2321,2352,B,65,65,1000,500,0.38,qwen3vl,similarity_score,2026-07-13T19:02:02
I_2321_2353_frgp14,impostor,14,left,2321,2353,B,65,65,1000,500,0.374,qwen3vl,similarity_score,2026-07-13T19:02:02
I_2321_2355_frgp14,impostor,14,left,2321,2355,B,85,85,1000,500,0.376,qwen3vl,similarity_score,2026-07-13T19:02:03
I_2321_2356_frgp14,impostor,14,left,2321,2356,B,65,65,1000,500,0.376,qwen3vl,similarity_score,2026-07-13T19:02:03
I_2321_2357_frgp14,impostor,14,left,2321,2357,B,65,65,1000,500,0.378,qwen3vl,similarity_score,2026-07-13T19:02:04
I_2321_2358_frgp14,impostor,14,left,2321,2358,B,65,65,1000,500,0.378,qwen3vl,similarity_score,2026-07-13T19:02:04
I_2321_2359_frgp14,impostor,14,left,2321,2359,B,65,65,1000,500,0.38,qwen3vl,similarity_score,2026-07-13T19:02:04
I_2321_2360_frgp14,impostor,14,left,2321,2360,B,65,65,1000,500,0.375,qwen3vl,similarity_score,2026-07-13T19:02:05
I_2321_2362_frgp14,impostor,14,left,2321,2362,B,65,65,1000,500,0.377,qwen3vl,similarity_score,2026-07-13T19:02:05
I_2321_2364_frgp14,impostor,14,left,2321,2364,B,65,65,1000,500,0.376,qwen3vl,similarity_score,2026-07-13T19:02:05
I_2321_2367_frgp14,impostor,14,left,2321,2367,B,65,65,1000,500,0.379,qwen3vl,similarity_score,2026-07-13T19:02:06
I_2321_2368_frgp14,impostor,14,left,2321,2368,B,65,65,1000,500,0.377,qwen3vl,similarity_score,2026-07-13T19:02:06
I_2321_2369_frgp14,impostor,14,left,2321,2369,B,65,65,1000,500,0.377,qwen3vl,similarity_score,2026-07-13T19:02:07
I_2321_2370_frgp14,impostor,14,left,2321,2370,B,65,65,1000,500,0.377,qwen3vl,similarity_score,2026-07-13T19:02:07
I_2321_2371_frgp14,impostor,14,left,2321,2371,B,65,65,1000,500,0.378,qwen3vl,similarity_score,2026-07-13T19:02:07
I_2321_2372_frgp14,impostor,14,left,2321,2372,B,65,65,1000,500,0.376,qwen3vl,similarity_score,2026-07-13T19:02:08
I_2321_2373_frgp14,impostor,14,left,2321,2373,B,0,0,1000,500,0.36,qwen3vl,similarity_score,2026-07-13T19:02:08
I_2321_2374_frgp14,impostor,14,left,2321,2374,B,65,65,1000,500,0.378,qwen3vl,similarity_score,2026-07-13T19:02:08
I_2321_2375_frgp14,impostor,14,left,2321,2375,B,65,65,1000,500,0.379,qwen3vl,similarity_score,2026-07-13T19:02:09
I_2321_2376_frgp14,impostor,14,left,2321,2376,B,65,65,1000,500,0.38,qwen3vl,similarity_score,2026-07-13T19:02:09
I_2321_2379_frgp14,impostor,14,left,2321,2379,B,65,65,1000,500,0.376,qwen3vl,similarity_score,2026-07-13T19:02:10
I_2321_2380_frgp14,impostor,14,left,2321,2380,B,65,65,1000,500,0.378,qwen3vl,similarity_score,2026-07-13T19:02:10
I_2321_2381_frgp14,impostor,14,left,2321,2381,B,65,65,1000,500,0.376,qwen3vl,similarity_score,2026-07-13T19:02:10
I_2321_2383_frgp14,impostor,14,left,2321,2383,B,65,65,1000,500,0.378,qwen3vl,similarity_score,2026-07-13T19:02:11
I_2321_2384_frgp14,impostor,14,left,2321,2384,B,65,65,1000,500,0.38,qwen3vl,similarity_score,2026-07-13T19:02:11
I_2321_2386_frgp14,impostor,14,left,2321,2386,B,65,65,1000,500,0.378,qwen3vl,similarity_score,2026-07-13T19:02:11
I_2321_2388_frgp14,impostor,14,left,2321,2388,B,65,65,1000,500,0.376,qwen3vl,similarity_score,2026-07-13T19:02:12
I_2321_2391_frgp14,impostor,14,left,2321,2391,B,65,65,1000,500,0.377,qwen3vl,similarity_score,2026-07-13T19:02:12
I_2321_2392_frgp14,impostor,14,left,2321,2392,B,65,65,1000,500,0.376,qwen3vl,similarity_score,2026-07-13T19:02:13
I_2321_2394_frgp14,impostor,14,left,2321,2394,B,65,65,1000,500,0.377,qwen3vl,similarity_score,2026-07-13T19:02:13
I_2321_2395_frgp14,impostor,14,left,2321,2395,B,65,65,1000,500,0.377,qwen3vl,similarity_score,2026-07-13T19:02:13
I_2321_2396_frgp14,impostor,14,left,2321,2396,B,65,65,1000,500,0.378,qwen3vl,similarity_score,2026-07-13T19:02:14
I_2321_2398_frgp14,impostor,14,left,2321,2398,B,65,65,1000,500,0.378,qwen3vl,similarity_score,2026-07-13T19:02:14
I_2321_2399_frgp14,impostor,14,left,2321,2399,B,65,65,1000,500,0.376,qwen3vl,similarity_score,2026-07-13T19:02:15
I_2321_2401_frgp14,impostor,14,left,2321,2401,B,65,65,1000,500,0.379,qwen3vl,similarity_score,2026-07-13T19:02:15
I_2321_2402_frgp14,impostor,14,left,2321,2402,B,65,65,1000,500,0.376,qwen3vl,similarity_score,2026-07-13T19:02:15
I_2321_2403_frgp14,impostor,14,left,2321,2403,B,0,0,1000,500,0.358,qwen3vl,similarity_score,2026-07-13T19:02:16
I_2321_2405_frgp14,impostor,14,left,2321,2405,B,65,65,1000,500,0.378,qwen3vl,similarity_score,2026-07-13T19:02:16
I_2321_2406_frgp14,impostor,14,left,2321,2406,B,65,65,1000,500,0.381,qwen3vl,similarity_score,2026-07-13T19:02:16
I_2321_2407_frgp14,impostor,14,left,2321,2407,B,65,65,1000,500,0.378,qwen3vl,similarity_score,2026-07-13T19:02:17
I_2321_2408_frgp14,impostor,14,left,2321,2408,B,65,65,1000,500,0.377,qwen3vl,similarity_score,2026-07-13T19:02:17
I_2321_2409_frgp14,impostor,14,left,2321,2409,B,65,65,1000,500,0.377,qwen3vl,similarity_score,2026-07-13T19:02:18
I_2321_2412_frgp14,impostor,14,left,2321,2412,B,65,65,1000,500,0.379,qwen3vl,similarity_score,2026-07-13T19:02:18
I_2321_2413_frgp14,impostor,14,left,2321,2413,B,65,65,1000,500,0.377,qwen3vl,similarity_score,2026-07-13T19:02:18
I_2321_2415_frgp14,impostor,14,left,2321,2415,B,65,65,1000,500,0.381,qwen3vl,similarity_score,2026-07-13T19:02:19
I_2321_2418_frgp14,impostor,14,left,2321,2418,B,85,85,1000,500,0.378,qwen3vl,similarity_score,2026-07-13T19:02:19
I_2321_2423_frgp14,impostor,14,left,2321,2423,B,65,65,1000,500,0.378,qwen3vl,similarity_score,2026-07-13T19:02:19
I_2321_2424_frgp14,impostor,14,left,2321,2424,B,65,65,1000,500,0.377,qwen3vl,similarity_score,2026-07-13T19:02:20
I_2321_2425_frgp14,impostor,14,left,2321,2425,B,65,65,1000,500,0.377,qwen3vl,similarity_score,2026-07-13T19:02:20
I_2321_2426_frgp14,impostor,14,left,2321,2426,B,65,65,1000,500,0.377,qwen3vl,similarity_score,2026-07-13T19:02:21
I_2321_2428_frgp14,impostor,14,left,2321,2428,B,65,65,1000,500,0.382,qwen3vl,similarity_score,2026-07-13T19:02:21
I_2321_2440_frgp14,impostor,14,left,2321,2440,B,65,65,1000,500,0.376,qwen3vl,similarity_score,2026-07-13T19:02:21
I_2321_2447_frgp14,impostor,14,left,2321,2447,B,85,85,1000,500,0.381,qwen3vl,similarity_score,2026-07-13T19:02:22
I_2321_2455_frgp14,impostor,14,left,2321,2455,B,65,65,1000,500,0.377,qwen3vl,similarity_score,2026-07-13T19:02:22
I_2321_2462_frgp14,impostor,14,left,2321,2462,B,85,85,1000,500,0.375,qwen3vl,similarity_score,2026-07-13T19:02:22
I_2321_2463_frgp14,impostor,14,left,2321,2463,B,65,65,1000,500,0.376,qwen3vl,similarity_score,2026-07-13T19:02:23
I_2321_2481_frgp14,impostor,14,left,2321,2481,B,65,65,1000,500,0.377,qwen3vl,similarity_score,2026-07-13T19:02:23
I_2325_2326_frgp14,impostor,14,left,2325,2326,B,65,65,1000,500,0.374,qwen3vl,similarity_score,2026-07-13T19:02:24
I_2325_2327_frgp14,impostor,14,left,2325,2327,B,65,65,1000,500,0.368,qwen3vl,similarity_score,2026-07-13T19:02:24
I_2325_2328_frgp14,impostor,14,left,2325,2328,B,0,0,1000,500,0.355,qwen3vl,similarity_score,2026-07-13T19:02:24
I_2325_2329_frgp14,impostor,14,left,2325,2329,B,65,65,1000,500,0.37,qwen3vl,similarity_score,2026-07-13T19:02:25
I_2325_2330_frgp14,impostor,14,left,2325,2330,B,65,65,1000,500,0.372,qwen3vl,similarity_score,2026-07-13T19:02:25
I_2325_2332_frgp14,impostor,14,left,2325,2332,B,65,65,1000,500,0.372,qwen3vl,similarity_score,2026-07-13T19:02:25
I_2325_2334_frgp14,impostor,14,left,2325,2334,B,65,65,1000,500,0.369,qwen3vl,similarity_score,2026-07-13T19:02:26
I_2325_2337_frgp14,impostor,14,left,2325,2337,B,65,65,1000,500,0.372,qwen3vl,similarity_score,2026-07-13T19:02:26
I_2325_2338_frgp14,impostor,14,left,2325,2338,B,65,65,1000,500,0.37,qwen3vl,similarity_score,2026-07-13T19:02:27
I_2325_2339_frgp14,impostor,14,left,2325,2339,B,65,65,1000,500,0.373,qwen3vl,similarity_score,2026-07-13T19:02:27
I_2325_2340_frgp14,impostor,14,left,2325,2340,B,65,65,1000,500,0.371,qwen3vl,similarity_score,2026-07-13T19:02:27
I_2325_2341_frgp14,impostor,14,left,2325,2341,B,0,0,1000,500,0.358,qwen3vl,similarity_score,2026-07-13T19:02:28
I_2325_2342_frgp14,impostor,14,left,2325,2342,B,65,65,1000,500,0.372,qwen3vl,similarity_score,2026-07-13T19:02:28
I_2325_2344_frgp14,impostor,14,left,2325,2344,B,65,65,1000,500,0.373,qwen3vl,similarity_score,2026-07-13T19:02:28
I_2325_2348_frgp14,impostor,14,left,2325,2348,B,65,65,1000,500,0.37,qwen3vl,similarity_score,2026-07-13T19:02:29
I_2325_2349_frgp14,impostor,14,left,2325,2349,B,0,0,1000,500,0.357,qwen3vl,similarity_score,2026-07-13T19:02:29
I_2325_2351_frgp14,impostor,14,left,2325,2351,B,65,65,1000,500,0.372,qwen3vl,similarity_score,2026-07-13T19:02:29
I_2325_2352_frgp14,impostor,14,left,2325,2352,B,65,65,1000,500,0.373,qwen3vl,similarity_score,2026-07-13T19:02:30
I_2325_2353_frgp14,impostor,14,left,2325,2353,B,65,65,1000,500,0.369,qwen3vl,similarity_score,2026-07-13T19:02:30
I_2325_2355_frgp14,impostor,14,left,2325,2355,B,65,65,1000,500,0.372,qwen3vl,similarity_score,2026-07-13T19:02:31
I_2325_2356_frgp14,impostor,14,left,2325,2356,B,65,65,1000,500,0.373,qwen3vl,similarity_score,2026-07-13T19:02:31
I_2325_2357_frgp14,impostor,14,left,2325,2357,B,65,65,1000,500,0.372,qwen3vl,similarity_score,2026-07-13T19:02:31
I_2325_2358_frgp14,impostor,14,left,2325,2358,B,65,65,1000,500,0.375,qwen3vl,similarity_score,2026-07-13T19:02:32
I_2325_2359_frgp14,impostor,14,left,2325,2359,B,0,0,1000,500,0.356,qwen3vl,similarity_score,2026-07-13T19:02:32
I_2325_2360_frgp14,impostor,14,left,2325,2360,B,65,65,1000,500,0.373,qwen3vl,similarity_score,2026-07-13T19:02:32
I_2325_2362_frgp14,impostor,14,left,2325,2362,B,65,65,1000,500,0.374,qwen3vl,similarity_score,2026-07-13T19:02:33
I_2325_2364_frgp14,impostor,14,left,2325,2364,B,65,65,1000,500,0.381,qwen3vl,similarity_score,2026-07-13T19:02:33
I_2325_2367_frgp14,impostor,14,left,2325,2367,B,65,65,1000,500,0.382,qwen3vl,similarity_score,2026-07-13T19:02:34
I_2325_2368_frgp14,impostor,14,left,2325,2368,B,0,0,1000,500,0.356,qwen3vl,similarity_score,2026-07-13T19:02:34
I_2325_2369_frgp14,impostor,14,left,2325,2369,B,0,0,1000,500,0.355,qwen3vl,similarity_score,2026-07-13T19:02:34
I_2325_2370_frgp14,impostor,14,left,2325,2370,B,65,65,1000,500,0.374,qwen3vl,similarity_score,2026-07-13T19:02:35
I_2325_2371_frgp14,impostor,14,left,2325,2371,B,65,65,1000,500,0.382,qwen3vl,similarity_score,2026-07-13T19:02:35
I_2325_2372_frgp14,impostor,14,left,2325,2372,B,65,65,1000,500,0.375,qwen3vl,similarity_score,2026-07-13T19:02:35
I_2325_2373_frgp14,impostor,14,left,2325,2373,B,0,0,1000,500,0.354,qwen3vl,similarity_score,2026-07-13T19:02:36
I_2325_2374_frgp14,impostor,14,left,2325,2374,B,65,65,1000,500,0.373,qwen3vl,similarity_score,2026-07-13T19:02:36
I_2325_2375_frgp14,impostor,14,left,2325,2375,B,65,65,1000,500,0.372,qwen3vl,similarity_score,2026-07-13T19:02:36
I_2325_2376_frgp14,impostor,14,left,2325,2376,B,65,65,1000,500,0.375,qwen3vl,similarity_score,2026-07-13T19:02:37
I_2325_2379_frgp14,impostor,14,left,2325,2379,B,65,65,1000,500,0.37,qwen3vl,similarity_score,2026-07-13T19:02:37
I_2325_2380_frgp14,impostor,14,left,2325,2380,B,65,65,1000,500,0.372,qwen3vl,similarity_score,2026-07-13T19:02:38
I_2325_2381_frgp14,impostor,14,left,2325,2381,B,65,65,1000,500,0.372,qwen3vl,similarity_score,2026-07-13T19:02:38
I_2325_2383_frgp14,impostor,14,left,2325,2383,B,65,65,1000,500,0.372,qwen3vl,similarity_score,2026-07-13T19:02:38
I_2325_2384_frgp14,impostor,14,left,2325,2384,B,65,65,1000,500,0.372,qwen3vl,similarity_score,2026-07-13T19:02:39
I_2325_2386_frgp14,impostor,14,left,2325,2386,B,65,65,1000,500,0.374,qwen3vl,similarity_score,2026-07-13T19:02:39
I_2325_2388_frgp14,impostor,14,left,2325,2388,B,65,65,1000,500,0.372,qwen3vl,similarity_score,2026-07-13T19:02:39
I_2325_2391_frgp14,impostor,14,left,2325,2391,B,65,65,1000,500,0.37,qwen3vl,similarity_score,2026-07-13T19:02:40
I_2325_2392_frgp14,impostor,14,left,2325,2392,B,65,65,1000,500,0.372,qwen3vl,similarity_score,2026-07-13T19:02:40
I_2325_2394_frgp14,impostor,14,left,2325,2394,B,65,65,1000,500,0.373,qwen3vl,similarity_score,2026-07-13T19:02:41
I_2325_2395_frgp14,impostor,14,left,2325,2395,B,65,65,1000,500,0.373,qwen3vl,similarity_score,2026-07-13T19:02:41
I_2325_2396_frgp14,impostor,14,left,2325,2396,B,0,0,1000,500,0.358,qwen3vl,similarity_score,2026-07-13T19:02:41
I_2325_2398_frgp14,impostor,14,left,2325,2398,B,65,65,1000,500,0.371,qwen3vl,similarity_score,2026-07-13T19:02:42
I_2325_2399_frgp14,impostor,14,left,2325,2399,B,0,0,1000,500,0.354,qwen3vl,similarity_score,2026-07-13T19:02:42
I_2325_2401_frgp14,impostor,14,left,2325,2401,B,65,65,1000,500,0.374,qwen3vl,similarity_score,2026-07-13T19:02:42
I_2325_2402_frgp14,impostor,14,left,2325,2402,B,0,0,1000,500,0.357,qwen3vl,similarity_score,2026-07-13T19:02:43
I_2325_2403_frgp14,impostor,14,left,2325,2403,B,0,0,1000,500,0.357,qwen3vl,similarity_score,2026-07-13T19:02:43
I_2325_2405_frgp14,impostor,14,left,2325,2405,B,65,65,1000,500,0.37,qwen3vl,similarity_score,2026-07-13T19:02:44
I_2325_2406_frgp14,impostor,14,left,2325,2406,B,0,0,1000,500,0.357,qwen3vl,similarity_score,2026-07-13T19:02:44
I_2325_2407_frgp14,impostor,14,left,2325,2407,B,65,65,1000,500,0.376,qwen3vl,similarity_score,2026-07-13T19:02:44
I_2325_2408_frgp14,impostor,14,left,2325,2408,B,65,65,1000,500,0.37,qwen3vl,similarity_score,2026-07-13T19:02:45
I_2325_2409_frgp14,impostor,14,left,2325,2409,B,65,65,1000,500,0.371,qwen3vl,similarity_score,2026-07-13T19:02:45
I_2325_2412_frgp14,impostor,14,left,2325,2412,B,0,0,1000,500,0.354,qwen3vl,similarity_score,2026-07-13T19:02:45
I_2325_2413_frgp14,impostor,14,left,2325,2413,B,65,65,1000,500,0.372,qwen3vl,similarity_score,2026-07-13T19:02:46
I_2325_2415_frgp14,impostor,14,left,2325,2415,B,65,65,1000,500,0.377,qwen3vl,similarity_score,2026-07-13T19:02:46
I_2325_2418_frgp14,impostor,14,left,2325,2418,B,0,0,1000,500,0.357,qwen3vl,similarity_score,2026-07-13T19:02:46
I_2325_2423_frgp14,impostor,14,left,2325,2423,B,0,0,1000,500,0.355,qwen3vl,similarity_score,2026-07-13T19:02:47
I_2325_2424_frgp14,impostor,14,left,2325,2424,B,0,0,1000,500,0.357,qwen3vl,similarity_score,2026-07-13T19:02:47
I_2325_2425_frgp14,impostor,14,left,2325,2425,B,65,65,1000,500,0.37,qwen3vl,similarity_score,2026-07-13T19:02:48
I_2325_2426_frgp14,impostor,14,left,2325,2426,B,0,0,1000,500,0.359,qwen3vl,similarity_score,2026-07-13T19:02:48
I_2325_2428_frgp14,impostor,14,left,2325,2428,B,65,65,1000,500,0.37,qwen3vl,similarity_score,2026-07-13T19:02:48
I_2325_2440_frgp14,impostor,14,left,2325,2440,B,65,65,1000,500,0.37,qwen3vl,similarity_score,2026-07-13T19:02:49
I_2325_2447_frgp14,impostor,14,left,2325,2447,B,65,65,1000,500,0.369,qwen3vl,similarity_score,2026-07-13T19:02:49
I_2325_2455_frgp14,impostor,14,left,2325,2455,B,65,65,1000,500,0.371,qwen3vl,similarity_score,2026-07-13T19:02:49
I_2325_2462_frgp14,impostor,14,left,2325,2462,B,65,65,1000,500,0.372,qwen3vl,similarity_score,2026-07-13T19:02:50
I_2325_2463_frgp14,impostor,14,left,2325,2463,B,0,0,1000,500,0.354,qwen3vl,similarity_score,2026-07-13T19:02:50
I_2325_2481_frgp14,impostor,14,left,2325,2481,B,0,0,1000,500,0.354,qwen3vl,similarity_score,2026-07-13T19:02:50
I_2326_2327_frgp14,impostor,14,left,2326,2327,B,65,65,1000,500,0.384,qwen3vl,similarity_score,2026-07-13T19:02:51
I_2326_2328_frgp14,impostor,14,left,2326,2328,B,65,65,1000,500,0.38,qwen3vl,similarity_score,2026-07-13T19:02:51
I_2326_2329_frgp14,impostor,14,left,2326,2329,B,65,65,1000,500,0.379,qwen3vl,similarity_score,2026-07-13T19:02:52
I_2326_2330_frgp14,impostor,14,left,2326,2330,B,65,65,1000,500,0.378,qwen3vl,similarity_score,2026-07-13T19:02:52
I_2326_2332_frgp14,impostor,14,left,2326,2332,B,65,65,1000,500,0.379,qwen3vl,similarity_score,2026-07-13T19:02:52
I_2326_2334_frgp14,impostor,14,left,2326,2334,B,30,30,1000,500,0.379,qwen3vl,similarity_score,2026-07-13T19:02:53
I_2326_2337_frgp14,impostor,14,left,2326,2337,B,65,65,1000,500,0.381,qwen3vl,similarity_score,2026-07-13T19:02:53
I_2326_2338_frgp14,impostor,14,left,2326,2338,B,65,65,1000,500,0.38,qwen3vl,similarity_score,2026-07-13T19:02:53
I_2326_2339_frgp14,impostor,14,left,2326,2339,B,65,65,1000,500,0.379,qwen3vl,similarity_score,2026-07-13T19:02:54
I_2326_2340_frgp14,impostor,14,left,2326,2340,B,65,65,1000,500,0.38,qwen3vl,similarity_score,2026-07-13T19:02:54
I_2326_2341_frgp14,impostor,14,left,2326,2341,B,65,65,1000,500,0.38,qwen3vl,similarity_score,2026-07-13T19:02:55
I_2326_2342_frgp14,impostor,14,left,2326,2342,B,65,65,1000,500,0.38,qwen3vl,similarity_score,2026-07-13T19:02:55
I_2326_2344_frgp14,impostor,14,left,2326,2344,B,65,65,1000,500,0.38,qwen3vl,similarity_score,2026-07-13T19:02:55
I_2326_2348_frgp14,impostor,14,left,2326,2348,B,65,65,1000,500,0.379,qwen3vl,similarity_score,2026-07-13T19:02:56
I_2326_2349_frgp14,impostor,14,left,2326,2349,B,65,65,1000,500,0.382,qwen3vl,similarity_score,2026-07-13T19:02:56
I_2326_2351_frgp14,impostor,14,left,2326,2351,B,65,65,1000,500,0.378,qwen3vl,similarity_score,2026-07-13T19:02:57
I_2326_2352_frgp14,impostor,14,left,2326,2352,B,65,65,1000,500,0.381,qwen3vl,similarity_score,2026-07-13T19:02:57
I_2326_2353_frgp14,impostor,14,left,2326,2353,B,65,65,1000,500,0.38,qwen3vl,similarity_score,2026-07-13T19:02:57
I_2326_2355_frgp14,impostor,14,left,2326,2355,B,65,65,1000,500,0.379,qwen3vl,similarity_score,2026-07-13T19:02:58
I_2326_2356_frgp14,impostor,14,left,2326,2356,B,65,65,1000,500,0.382,qwen3vl,similarity_score,2026-07-13T19:02:58
I_2326_2357_frgp14,impostor,14,left,2326,2357,B,65,65,1000,500,0.382,qwen3vl,similarity_score,2026-07-13T19:02:58
I_2326_2358_frgp14,impostor,14,left,2326,2358,B,65,65,1000,500,0.379,qwen3vl,similarity_score,2026-07-13T19:02:59
I_2326_2359_frgp14,impostor,14,left,2326,2359,B,65,65,1000,500,0.384,qwen3vl,similarity_score,2026-07-13T19:02:59
I_2326_2360_frgp14,impostor,14,left,2326,2360,B,65,65,1000,500,0.378,qwen3vl,similarity_score,2026-07-13T19:03:00
I_2326_2362_frgp14,impostor,14,left,2326,2362,B,65,65,1000,500,0.379,qwen3vl,similarity_score,2026-07-13T19:03:00
I_2326_2364_frgp14,impostor,14,left,2326,2364,B,65,65,1000,500,0.377,qwen3vl,similarity_score,2026-07-13T19:03:00
I_2326_2367_frgp14,impostor,14,left,2326,2367,B,65,65,1000,500,0.382,qwen3vl,similarity_score,2026-07-13T19:03:01
I_2326_2368_frgp14,impostor,14,left,2326,2368,B,65,65,1000,500,0.381,qwen3vl,similarity_score,2026-07-13T19:03:01
I_2326_2369_frgp14,impostor,14,left,2326,2369,B,65,65,1000,500,0.381,qwen3vl,similarity_score,2026-07-13T19:03:01
I_2326_2370_frgp14,impostor,14,left,2326,2370,B,65,65,1000,500,0.38,qwen3vl,similarity_score,2026-07-13T19:03:02
I_2326_2371_frgp14,impostor,14,left,2326,2371,B,65,65,1000,500,0.38,qwen3vl,similarity_score,2026-07-13T19:03:02
I_2326_2372_frgp14,impostor,14,left,2326,2372,B,65,65,1000,500,0.377,qwen3vl,similarity_score,2026-07-13T19:03:03
I_2326_2373_frgp14,impostor,14,left,2326,2373,B,65,65,1000,500,0.38,qwen3vl,similarity_score,2026-07-13T19:03:03
I_2326_2374_frgp14,impostor,14,left,2326,2374,B,65,65,1000,500,0.379,qwen3vl,similarity_score,2026-07-13T19:03:03
I_2326_2375_frgp14,impostor,14,left,2326,2375,B,65,65,1000,500,0.381,qwen3vl,similarity_score,2026-07-13T19:03:04
I_2326_2376_frgp14,impostor,14,left,2326,2376,B,65,65,1000,500,0.383,qwen3vl,similarity_score,2026-07-13T19:03:04
I_2326_2379_frgp14,impostor,14,left,2326,2379,B,65,65,1000,500,0.38,qwen3vl,similarity_score,2026-07-13T19:03:05
I_2326_2380_frgp14,impostor,14,left,2326,2380,B,65,65,1000,500,0.379,qwen3vl,similarity_score,2026-07-13T19:03:05
I_2326_2381_frgp14,impostor,14,left,2326,2381,B,65,65,1000,500,0.378,qwen3vl,similarity_score,2026-07-13T19:03:05
I_2326_2383_frgp14,impostor,14,left,2326,2383,B,65,65,1000,500,0.377,qwen3vl,similarity_score,2026-07-13T19:03:06
I_2326_2384_frgp14,impostor,14,left,2326,2384,B,65,65,1000,500,0.379,qwen3vl,similarity_score,2026-07-13T19:03:06
I_2326_2386_frgp14,impostor,14,left,2326,2386,B,65,65,1000,500,0.378,qwen3vl,similarity_score,2026-07-13T19:03:06
I_2326_2388_frgp14,impostor,14,left,2326,2388,B,65,65,1000,500,0.379,qwen3vl,similarity_score,2026-07-13T19:03:07
I_2326_2391_frgp14,impostor,14,left,2326,2391,B,65,65,1000,500,0.378,qwen3vl,similarity_score,2026-07-13T19:03:07
I_2326_2392_frgp14,impostor,14,left,2326,2392,B,65,65,1000,500,0.379,qwen3vl,similarity_score,2026-07-13T19:03:08
I_2326_2394_frgp14,impostor,14,left,2326,2394,B,65,65,1000,500,0.379,qwen3vl,similarity_score,2026-07-13T19:03:08
I_2326_2395_frgp14,impostor,14,left,2326,2395,B,65,65,1000,500,0.379,qwen3vl,similarity_score,2026-07-13T19:03:08
I_2326_2396_frgp14,impostor,14,left,2326,2396,B,65,65,1000,500,0.382,qwen3vl,similarity_score,2026-07-13T19:03:09
I_2326_2398_frgp14,impostor,14,left,2326,2398,B,65,65,1000,500,0.376,qwen3vl,similarity_score,2026-07-13T19:03:09
I_2326_2399_frgp14,impostor,14,left,2326,2399,B,65,65,1000,500,0.38,qwen3vl,similarity_score,2026-07-13T19:03:09
I_2326_2401_frgp14,impostor,14,left,2326,2401,B,65,65,1000,500,0.38,qwen3vl,similarity_score,2026-07-13T19:03:10
I_2326_2402_frgp14,impostor,14,left,2326,2402,B,65,65,1000,500,0.382,qwen3vl,similarity_score,2026-07-13T19:03:10
I_2326_2403_frgp14,impostor,14,left,2326,2403,B,65,65,1000,500,0.379,qwen3vl,similarity_score,2026-07-13T19:03:11
I_2326_2405_frgp14,impostor,14,left,2326,2405,B,65,65,1000,500,0.38,qwen3vl,similarity_score,2026-07-13T19:03:11
I_2326_2406_frgp14,impostor,14,left,2326,2406,B,65,65,1000,500,0.379,qwen3vl,similarity_score,2026-07-13T19:03:11
I_2326_2407_frgp14,impostor,14,left,2326,2407,B,65,65,1000,500,0.379,qwen3vl,similarity_score,2026-07-13T19:03:12
I_2326_2408_frgp14,impostor,14,left,2326,2408,B,65,65,1000,500,0.376,qwen3vl,similarity_score,2026-07-13T19:03:12
I_2326_2409_frgp14,impostor,14,left,2326,2409,B,65,65,1000,500,0.377,qwen3vl,similarity_score,2026-07-13T19:03:12
I_2326_2412_frgp14,impostor,14,left,2326,2412,B,65,65,1000,500,0.381,qwen3vl,similarity_score,2026-07-13T19:03:13
I_2326_2413_frgp14,impostor,14,left,2326,2413,B,65,65,1000,500,0.379,qwen3vl,similarity_score,2026-07-13T19:03:13
I_2326_2415_frgp14,impostor,14,left,2326,2415,B,65,65,1000,500,0.384,qwen3vl,similarity_score,2026-07-13T19:03:14
I_2326_2418_frgp14,impostor,14,left,2326,2418,B,65,65,1000,500,0.379,qwen3vl,similarity_score,2026-07-13T19:03:14
I_2326_2423_frgp14,impostor,14,left,2326,2423,B,65,65,1000,500,0.377,qwen3vl,similarity_score,2026-07-13T19:03:14
I_2326_2424_frgp14,impostor,14,left,2326,2424,B,65,65,1000,500,0.377,qwen3vl,similarity_score,2026-07-13T19:03:15
I_2326_2425_frgp14,impostor,14,left,2326,2425,B,65,65,1000,500,0.377,qwen3vl,similarity_score,2026-07-13T19:03:15
I_2326_2426_frgp14,impostor,14,left,2326,2426,B,65,65,1000,500,0.381,qwen3vl,similarity_score,2026-07-13T19:03:16
I_2326_2428_frgp14,impostor,14,left,2326,2428,B,65,65,1000,500,0.382,qwen3vl,similarity_score,2026-07-13T19:03:16
I_2326_2440_frgp14,impostor,14,left,2326,2440,B,65,65,1000,500,0.378,qwen3vl,similarity_score,2026-07-13T19:03:16
I_2326_2447_frgp14,impostor,14,left,2326,2447,B,65,65,1000,500,0.38,qwen3vl,similarity_score,2026-07-13T19:03:17
I_2326_2455_frgp14,impostor,14,left,2326,2455,B,65,65,1000,500,0.378,qwen3vl,similarity_score,2026-07-13T19:03:17
I_2326_2462_frgp14,impostor,14,left,2326,2462,B,65,65,1000,500,0.38,qwen3vl,similarity_score,2026-07-13T19:03:17
I_2326_2463_frgp14,impostor,14,left,2326,2463,B,65,65,1000,500,0.377,qwen3vl,similarity_score,2026-07-13T19:03:18
I_2326_2481_frgp14,impostor,14,left,2326,2481,B,65,65,1000,500,0.381,qwen3vl,similarity_score,2026-07-13T19:03:18
I_2327_2328_frgp14,impostor,14,left,2327,2328,B,65,65,1000,500,0.377,qwen3vl,similarity_score,2026-07-13T19:03:19
I_2327_2329_frgp14,impostor,14,left,2327,2329,B,65,65,1000,500,0.376,qwen3vl,similarity_score,2026-07-13T19:03:19
I_2327_2330_frgp14,impostor,14,left,2327,2330,B,65,65,1000,500,0.371,qwen3vl,similarity_score,2026-07-13T19:03:19
I_2327_2332_frgp14,impostor,14,left,2327,2332,B,65,65,1000,500,0.378,qwen3vl,similarity_score,2026-07-13T19:03:20
I_2327_2334_frgp14,impostor,14,left,2327,2334,B,65,65,1000,500,0.371,qwen3vl,similarity_score,2026-07-13T19:03:20
I_2327_2337_frgp14,impostor,14,left,2327,2337,B,65,65,1000,500,0.371,qwen3vl,similarity_score,2026-07-13T19:03:20
I_2327_2338_frgp14,impostor,14,left,2327,2338,B,65,65,1000,500,0.373,qwen3vl,similarity_score,2026-07-13T19:03:21
I_2327_2339_frgp14,impostor,14,left,2327,2339,B,65,65,1000,500,0.373,qwen3vl,similarity_score,2026-07-13T19:03:21
I_2327_2340_frgp14,impostor,14,left,2327,2340,B,65,65,1000,500,0.371,qwen3vl,similarity_score,2026-07-13T19:03:22
I_2327_2341_frgp14,impostor,14,left,2327,2341,B,0,0,1000,500,0.357,qwen3vl,similarity_score,2026-07-13T19:03:22
I_2327_2342_frgp14,impostor,14,left,2327,2342,B,65,65,1000,500,0.374,qwen3vl,similarity_score,2026-07-13T19:03:22
I_2327_2344_frgp14,impostor,14,left,2327,2344,B,65,65,1000,500,0.374,qwen3vl,similarity_score,2026-07-13T19:03:23
I_2327_2348_frgp14,impostor,14,left,2327,2348,B,65,65,1000,500,0.373,qwen3vl,similarity_score,2026-07-13T19:03:23
I_2327_2349_frgp14,impostor,14,left,2327,2349,B,0,0,1000,500,0.358,qwen3vl,similarity_score,2026-07-13T19:03:23
I_2327_2351_frgp14,impostor,14,left,2327,2351,B,65,65,1000,500,0.369,qwen3vl,similarity_score,2026-07-13T19:03:24
I_2327_2352_frgp14,impostor,14,left,2327,2352,B,65,65,1000,500,0.374,qwen3vl,similarity_score,2026-07-13T19:03:24
I_2327_2353_frgp14,impostor,14,left,2327,2353,B,65,65,1000,500,0.372,qwen3vl,similarity_score,2026-07-13T19:03:24
I_2327_2355_frgp14,impostor,14,left,2327,2355,B,85,85,1000,500,0.371,qwen3vl,similarity_score,2026-07-13T19:03:25
I_2327_2356_frgp14,impostor,14,left,2327,2356,B,65,65,1000,500,0.37,qwen3vl,similarity_score,2026-07-13T19:03:25
I_2327_2357_frgp14,impostor,14,left,2327,2357,B,65,65,1000,500,0.375,qwen3vl,similarity_score,2026-07-13T19:03:26
I_2327_2358_frgp14,impostor,14,left,2327,2358,B,65,65,1000,500,0.372,qwen3vl,similarity_score,2026-07-13T19:03:26
I_2327_2359_frgp14,impostor,14,left,2327,2359,B,0,0,1000,500,0.355,qwen3vl,similarity_score,2026-07-13T19:03:26
I_2327_2360_frgp14,impostor,14,left,2327,2360,B,65,65,1000,500,0.372,qwen3vl,similarity_score,2026-07-13T19:03:27
I_2327_2362_frgp14,impostor,14,left,2327,2362,B,65,65,1000,500,0.373,qwen3vl,similarity_score,2026-07-13T19:03:27
I_2327_2364_frgp14,impostor,14,left,2327,2364,B,65,65,1000,500,0.372,qwen3vl,similarity_score,2026-07-13T19:03:27
I_2327_2367_frgp14,impostor,14,left,2327,2367,B,0,0,1000,500,0.354,qwen3vl,similarity_score,2026-07-13T19:03:28
I_2327_2368_frgp14,impostor,14,left,2327,2368,B,0,0,1000,500,0.356,qwen3vl,similarity_score,2026-07-13T19:03:28
I_2327_2369_frgp14,impostor,14,left,2327,2369,B,0,0,1000,500,0.354,qwen3vl,similarity_score,2026-07-13T19:03:28
I_2327_2370_frgp14,impostor,14,left,2327,2370,B,65,65,1000,500,0.372,qwen3vl,similarity_score,2026-07-13T19:03:29
I_2327_2371_frgp14,impostor,14,left,2327,2371,B,65,65,1000,500,0.373,qwen3vl,similarity_score,2026-07-13T19:03:29
I_2327_2372_frgp14,impostor,14,left,2327,2372,B,65,65,1000,500,0.375,qwen3vl,similarity_score,2026-07-13T19:03:30
I_2327_2373_frgp14,impostor,14,left,2327,2373,B,0,0,1000,500,0.353,qwen3vl,similarity_score,2026-07-13T19:03:30
I_2327_2374_frgp14,impostor,14,left,2327,2374,B,65,65,1000,500,0.37,qwen3vl,similarity_score,2026-07-13T19:03:30
I_2327_2375_frgp14,impostor,14,left,2327,2375,B,65,65,1000,500,0.371,qwen3vl,similarity_score,2026-07-13T19:03:31
I_2327_2376_frgp14,impostor,14,left,2327,2376,B,65,65,1000,500,0.373,qwen3vl,similarity_score,2026-07-13T19:03:31
I_2327_2379_frgp14,impostor,14,left,2327,2379,B,65,65,1000,500,0.371,qwen3vl,similarity_score,2026-07-13T19:03:31
I_2327_2380_frgp14,impostor,14,left,2327,2380,B,65,65,1000,500,0.374,qwen3vl,similarity_score,2026-07-13T19:03:32
I_2327_2381_frgp14,impostor,14,left,2327,2381,B,65,65,1000,500,0.372,qwen3vl,similarity_score,2026-07-13T19:03:32
I_2327_2383_frgp14,impostor,14,left,2327,2383,B,65,65,1000,500,0.371,qwen3vl,similarity_score,2026-07-13T19:03:33
I_2327_2384_frgp14,impostor,14,left,2327,2384,B,65,65,1000,500,0.371,qwen3vl,similarity_score,2026-07-13T19:03:33
I_2327_2386_frgp14,impostor,14,left,2327,2386,B,0,0,1000,500,0.355,qwen3vl,similarity_score,2026-07-13T19:03:33
I_2327_2388_frgp14,impostor,14,left,2327,2388,B,65,65,1000,500,0.37,qwen3vl,similarity_score,2026-07-13T19:03:34
I_2327_2391_frgp14,impostor,14,left,2327,2391,B,65,65,1000,500,0.371,qwen3vl,similarity_score,2026-07-13T19:03:34
I_2327_2392_frgp14,impostor,14,left,2327,2392,B,65,65,1000,500,0.373,qwen3vl,similarity_score,2026-07-13T19:03:34
I_2327_2394_frgp14,impostor,14,left,2327,2394,B,65,65,1000,500,0.372,qwen3vl,similarity_score,2026-07-13T19:03:35
I_2327_2395_frgp14,impostor,14,left,2327,2395,B,65,65,1000,500,0.372,qwen3vl,similarity_score,2026-07-13T19:03:35
I_2327_2396_frgp14,impostor,14,left,2327,2396,B,65,65,1000,500,0.373,qwen3vl,similarity_score,2026-07-13T19:03:36
I_2327_2398_frgp14,impostor,14,left,2327,2398,B,65,65,1000,500,0.376,qwen3vl,similarity_score,2026-07-13T19:03:36
I_2327_2399_frgp14,impostor,14,left,2327,2399,B,65,65,1000,500,0.372,qwen3vl,similarity_score,2026-07-13T19:03:36
I_2327_2401_frgp14,impostor,14,left,2327,2401,B,65,65,1000,500,0.374,qwen3vl,similarity_score,2026-07-13T19:03:37
I_2327_2402_frgp14,impostor,14,left,2327,2402,B,65,65,1000,500,0.372,qwen3vl,similarity_score,2026-07-13T19:03:37
I_2327_2403_frgp14,impostor,14,left,2327,2403,B,65,65,1000,500,0.371,qwen3vl,similarity_score,2026-07-13T19:03:37
I_2327_2405_frgp14,impostor,14,left,2327,2405,B,65,65,1000,500,0.37,qwen3vl,similarity_score,2026-07-13T19:03:38
I_2327_2406_frgp14,impostor,14,left,2327,2406,B,0,0,1000,500,0.355,qwen3vl,similarity_score,2026-07-13T19:03:38
I_2327_2407_frgp14,impostor,14,left,2327,2407,B,65,65,1000,500,0.372,qwen3vl,similarity_score,2026-07-13T19:03:38
I_2327_2408_frgp14,impostor,14,left,2327,2408,B,65,65,1000,500,0.374,qwen3vl,similarity_score,2026-07-13T19:03:39
I_2327_2409_frgp14,impostor,14,left,2327,2409,B,65,65,1000,500,0.372,qwen3vl,similarity_score,2026-07-13T19:03:39
I_2327_2412_frgp14,impostor,14,left,2327,2412,B,65,65,1000,500,0.371,qwen3vl,similarity_score,2026-07-13T19:03:40
I_2327_2413_frgp14,impostor,14,left,2327,2413,B,65,65,1000,500,0.372,qwen3vl,similarity_score,2026-07-13T19:03:40
I_2327_2415_frgp14,impostor,14,left,2327,2415,B,65,65,1000,500,0.37,qwen3vl,similarity_score,2026-07-13T19:03:40
I_2327_2418_frgp14,impostor,14,left,2327,2418,B,65,65,1000,500,0.374,qwen3vl,similarity_score,2026-07-13T19:03:41
I_2327_2423_frgp14,impostor,14,left,2327,2423,B,65,65,1000,500,0.371,qwen3vl,similarity_score,2026-07-13T19:03:41
I_2327_2424_frgp14,impostor,14,left,2327,2424,B,65,65,1000,500,0.372,qwen3vl,similarity_score,2026-07-13T19:03:41
I_2327_2425_frgp14,impostor,14,left,2327,2425,B,0,0,1000,500,0.357,qwen3vl,similarity_score,2026-07-13T19:03:42
I_2327_2426_frgp14,impostor,14,left,2327,2426,B,65,65,1000,500,0.372,qwen3vl,similarity_score,2026-07-13T19:03:42
I_2327_2428_frgp14,impostor,14,left,2327,2428,B,65,65,1000,500,0.372,qwen3vl,similarity_score,2026-07-13T19:03:43
I_2327_2440_frgp14,impostor,14,left,2327,2440,B,65,65,1000,500,0.372,qwen3vl,similarity_score,2026-07-13T19:03:43
I_2327_2447_frgp14,impostor,14,left,2327,2447,B,65,65,1000,500,0.372,qwen3vl,similarity_score,2026-07-13T19:03:43
I_2327_2455_frgp14,impostor,14,left,2327,2455,B,65,65,1000,500,0.369,qwen3vl,similarity_score,2026-07-13T19:03:44
I_2327_2462_frgp14,impostor,14,left,2327,2462,B,65,65,1000,500,0.369,qwen3vl,similarity_score,2026-07-13T19:03:44
I_2327_2463_frgp14,impostor,14,left,2327,2463,B,0,0,1000,500,0.356,qwen3vl,similarity_score,2026-07-13T19:03:44
I_2327_2481_frgp14,impostor,14,left,2327,2481,B,65,65,1000,500,0.373,qwen3vl,similarity_score,2026-07-13T19:03:45
I_2328_2329_frgp14,impostor,14,left,2328,2329,B,65,65,1000,500,0.379,qwen3vl,similarity_score,2026-07-13T19:03:45
I_2328_2330_frgp14,impostor,14,left,2328,2330,B,65,65,1000,500,0.378,qwen3vl,similarity_score,2026-07-13T19:03:46
I_2328_2332_frgp14,impostor,14,left,2328,2332,B,65,65,1000,500,0.382,qwen3vl,similarity_score,2026-07-13T19:03:46
I_2328_2334_frgp14,impostor,14,left,2328,2334,B,65,65,1000,500,0.376,qwen3vl,similarity_score,2026-07-13T19:03:46
I_2328_2337_frgp14,impostor,14,left,2328,2337,B,65,65,1000,500,0.377,qwen3vl,similarity_score,2026-07-13T19:03:47
I_2328_2338_frgp14,impostor,14,left,2328,2338,B,65,65,1000,500,0.38,qwen3vl,similarity_score,2026-07-13T19:03:47
I_2328_2339_frgp14,impostor,14,left,2328,2339,B,65,65,1000,500,0.374,qwen3vl,similarity_score,2026-07-13T19:03:47
I_2328_2340_frgp14,impostor,14,left,2328,2340,B,65,65,1000,500,0.377,qwen3vl,similarity_score,2026-07-13T19:03:48
I_2328_2341_frgp14,impostor,14,left,2328,2341,B,65,65,1000,500,0.378,qwen3vl,similarity_score,2026-07-13T19:03:48
I_2328_2342_frgp14,impostor,14,left,2328,2342,B,65,65,1000,500,0.377,qwen3vl,similarity_score,2026-07-13T19:03:49
I_2328_2344_frgp14,impostor,14,left,2328,2344,B,85,85,1000,500,0.375,qwen3vl,similarity_score,2026-07-13T19:03:49
I_2328_2348_frgp14,impostor,14,left,2328,2348,B,65,65,1000,500,0.376,qwen3vl,similarity_score,2026-07-13T19:03:49
I_2328_2349_frgp14,impostor,14,left,2328,2349,B,65,65,1000,500,0.382,qwen3vl,similarity_score,2026-07-13T19:03:50
I_2328_2351_frgp14,impostor,14,left,2328,2351,B,65,65,1000,500,0.376,qwen3vl,similarity_score,2026-07-13T19:03:50
I_2328_2352_frgp14,impostor,14,left,2328,2352,B,65,65,1000,500,0.376,qwen3vl,similarity_score,2026-07-13T19:03:50
I_2328_2353_frgp14,impostor,14,left,2328,2353,B,65,65,1000,500,0.381,qwen3vl,similarity_score,2026-07-13T19:03:51
I_2328_2355_frgp14,impostor,14,left,2328,2355,B,65,65,1000,500,0.374,qwen3vl,similarity_score,2026-07-13T19:03:51
I_2328_2356_frgp14,impostor,14,left,2328,2356,B,65,65,1000,500,0.377,qwen3vl,similarity_score,2026-07-13T19:03:52
I_2328_2357_frgp14,impostor,14,left,2328,2357,B,65,65,1000,500,0.376,qwen3vl,similarity_score,2026-07-13T19:03:52
I_2328_2358_frgp14,impostor,14,left,2328,2358,B,65,65,1000,500,0.378,qwen3vl,similarity_score,2026-07-13T19:03:52
I_2328_2359_frgp14,impostor,14,left,2328,2359,B,65,65,1000,500,0.383,qwen3vl,similarity_score,2026-07-13T19:03:53
I_2328_2360_frgp14,impostor,14,left,2328,2360,B,65,65,1000,500,0.377,qwen3vl,similarity_score,2026-07-13T19:03:53
I_2328_2362_frgp14,impostor,14,left,2328,2362,B,65,65,1000,500,0.38,qwen3vl,similarity_score,2026-07-13T19:03:53
I_2328_2364_frgp14,impostor,14,left,2328,2364,B,65,65,1000,500,0.378,qwen3vl,similarity_score,2026-07-13T19:03:54
I_2328_2367_frgp14,impostor,14,left,2328,2367,B,65,65,1000,500,0.379,qwen3vl,similarity_score,2026-07-13T19:03:54
I_2328_2368_frgp14,impostor,14,left,2328,2368,B,65,65,1000,500,0.376,qwen3vl,similarity_score,2026-07-13T19:03:55
I_2328_2369_frgp14,impostor,14,left,2328,2369,B,65,65,1000,500,0.377,qwen3vl,similarity_score,2026-07-13T19:03:55
I_2328_2370_frgp14,impostor,14,left,2328,2370,B,65,65,1000,500,0.374,qwen3vl,similarity_score,2026-07-13T19:03:55
I_2328_2371_frgp14,impostor,14,left,2328,2371,B,65,65,1000,500,0.379,qwen3vl,similarity_score,2026-07-13T19:03:56
I_2328_2372_frgp14,impostor,14,left,2328,2372,B,65,65,1000,500,0.378,qwen3vl,similarity_score,2026-07-13T19:03:56
I_2328_2373_frgp14,impostor,14,left,2328,2373,B,65,65,1000,500,0.379,qwen3vl,similarity_score,2026-07-13T19:03:56
I_2328_2374_frgp14,impostor,14,left,2328,2374,B,85,85,1000,500,0.383,qwen3vl,similarity_score,2026-07-13T19:03:57
I_2328_2375_frgp14,impostor,14,left,2328,2375,B,65,65,1000,500,0.38,qwen3vl,similarity_score,2026-07-13T19:03:57
I_2328_2376_frgp14,impostor,14,left,2328,2376,B,65,65,1000,500,0.38,qwen3vl,similarity_score,2026-07-13T19:03:58
I_2328_2379_frgp14,impostor,14,left,2328,2379,B,65,65,1000,500,0.377,qwen3vl,similarity_score,2026-07-13T19:03:58
I_2328_2380_frgp14,impostor,14,left,2328,2380,B,65,65,1000,500,0.378,qwen3vl,similarity_score,2026-07-13T19:03:58
I_2328_2381_frgp14,impostor,14,left,2328,2381,B,65,65,1000,500,0.375,qwen3vl,similarity_score,2026-07-13T19:03:59
I_2328_2383_frgp14,impostor,14,left,2328,2383,B,65,65,1000,500,0.379,qwen3vl,similarity_score,2026-07-13T19:03:59
I_2328_2384_frgp14,impostor,14,left,2328,2384,B,65,65,1000,500,0.377,qwen3vl,similarity_score,2026-07-13T19:04:00
I_2328_2386_frgp14,impostor,14,left,2328,2386,B,65,65,1000,500,0.377,qwen3vl,similarity_score,2026-07-13T19:04:00
I_2328_2388_frgp14,impostor,14,left,2328,2388,B,65,65,1000,500,0.374,qwen3vl,similarity_score,2026-07-13T19:04:00
I_2328_2391_frgp14,impostor,14,left,2328,2391,B,65,65,1000,500,0.375,qwen3vl,similarity_score,2026-07-13T19:04:01
I_2328_2392_frgp14,impostor,14,left,2328,2392,B,65,65,1000,500,0.378,qwen3vl,similarity_score,2026-07-13T19:04:01
I_2328_2394_frgp14,impostor,14,left,2328,2394,B,65,65,1000,500,0.377,qwen3vl,similarity_score,2026-07-13T19:04:01
I_2328_2395_frgp14,impostor,14,left,2328,2395,B,65,65,1000,500,0.381,qwen3vl,similarity_score,2026-07-13T19:04:02
I_2328_2396_frgp14,impostor,14,left,2328,2396,B,65,65,1000,500,0.384,qwen3vl,similarity_score,2026-07-13T19:04:02
I_2328_2398_frgp14,impostor,14,left,2328,2398,B,65,65,1000,500,0.378,qwen3vl,similarity_score,2026-07-13T19:04:03
I_2328_2399_frgp14,impostor,14,left,2328,2399,B,65,65,1000,500,0.38,qwen3vl,similarity_score,2026-07-13T19:04:03
I_2328_2401_frgp14,impostor,14,left,2328,2401,B,65,65,1000,500,0.38,qwen3vl,similarity_score,2026-07-13T19:04:03
I_2328_2402_frgp14,impostor,14,left,2328,2402,B,65,65,1000,500,0.379,qwen3vl,similarity_score,2026-07-13T19:04:04
I_2328_2403_frgp14,impostor,14,left,2328,2403,B,0,0,1000,500,0.359,qwen3vl,similarity_score,2026-07-13T19:04:04
I_2328_2405_frgp14,impostor,14,left,2328,2405,B,0,0,1000,500,0.359,qwen3vl,similarity_score,2026-07-13T19:04:04
I_2328_2406_frgp14,impostor,14,left,2328,2406,B,65,65,1000,500,0.38,qwen3vl,similarity_score,2026-07-13T19:04:05
I_2328_2407_frgp14,impostor,14,left,2328,2407,B,65,65,1000,500,0.378,qwen3vl,similarity_score,2026-07-13T19:04:05
I_2328_2408_frgp14,impostor,14,left,2328,2408,B,65,65,1000,500,0.381,qwen3vl,similarity_score,2026-07-13T19:04:06
I_2328_2409_frgp14,impostor,14,left,2328,2409,B,65,65,1000,500,0.381,qwen3vl,similarity_score,2026-07-13T19:04:06
I_2328_2412_frgp14,impostor,14,left,2328,2412,B,65,65,1000,500,0.379,qwen3vl,similarity_score,2026-07-13T19:04:06
I_2328_2413_frgp14,impostor,14,left,2328,2413,B,65,65,1000,500,0.381,qwen3vl,similarity_score,2026-07-13T19:04:07
I_2328_2415_frgp14,impostor,14,left,2328,2415,B,65,65,1000,500,0.378,qwen3vl,similarity_score,2026-07-13T19:04:07
I_2328_2418_frgp14,impostor,14,left,2328,2418,B,65,65,1000,500,0.377,qwen3vl,similarity_score,2026-07-13T19:04:07
I_2328_2423_frgp14,impostor,14,left,2328,2423,B,65,65,1000,500,0.379,qwen3vl,similarity_score,2026-07-13T19:04:08
I_2328_2424_frgp14,impostor,14,left,2328,2424,B,65,65,1000,500,0.385,qwen3vl,similarity_score,2026-07-13T19:04:08
I_2328_2425_frgp14,impostor,14,left,2328,2425,B,65,65,1000,500,0.38,qwen3vl,similarity_score,2026-07-13T19:04:09
I_2328_2426_frgp14,impostor,14,left,2328,2426,B,0,0,1000,500,0.36,qwen3vl,similarity_score,2026-07-13T19:04:09
I_2328_2428_frgp14,impostor,14,left,2328,2428,B,65,65,1000,500,0.379,qwen3vl,similarity_score,2026-07-13T19:04:09
I_2328_2440_frgp14,impostor,14,left,2328,2440,B,65,65,1000,500,0.378,qwen3vl,similarity_score,2026-07-13T19:04:10
I_2328_2447_frgp14,impostor,14,left,2328,2447,B,65,65,1000,500,0.378,qwen3vl,similarity_score,2026-07-13T19:04:10
I_2328_2455_frgp14,impostor,14,left,2328,2455,B,65,65,1000,500,0.379,qwen3vl,similarity_score,2026-07-13T19:04:10
I_2328_2462_frgp14,impostor,14,left,2328,2462,B,65,65,1000,500,0.38,qwen3vl,similarity_score,2026-07-13T19:04:11
I_2328_2463_frgp14,impostor,14,left,2328,2463,B,65,65,1000,500,0.381,qwen3vl,similarity_score,2026-07-13T19:04:11
I_2328_2481_frgp14,impostor,14,left,2328,2481,B,65,65,1000,500,0.381,qwen3vl,similarity_score,2026-07-13T19:04:12
I_2329_2330_frgp14,impostor,14,left,2329,2330,B,65,65,1000,500,0.379,qwen3vl,similarity_score,2026-07-13T19:04:12
I_2329_2332_frgp14,impostor,14,left,2329,2332,B,65,65,1000,500,0.378,qwen3vl,similarity_score,2026-07-13T19:04:12
I_2329_2334_frgp14,impostor,14,left,2329,2334,B,45,45,1000,500,0.376,qwen3vl,similarity_score,2026-07-13T19:04:13
I_2329_2337_frgp14,impostor,14,left,2329,2337,B,65,65,1000,500,0.376,qwen3vl,similarity_score,2026-07-13T19:04:13
I_2329_2338_frgp14,impostor,14,left,2329,2338,B,85,85,1000,500,0.379,qwen3vl,similarity_score,2026-07-13T19:04:13
I_2329_2339_frgp14,impostor,14,left,2329,2339,B,65,65,1000,500,0.377,qwen3vl,similarity_score,2026-07-13T19:04:14
I_2329_2340_frgp14,impostor,14,left,2329,2340,B,65,65,1000,500,0.379,qwen3vl,similarity_score,2026-07-13T19:04:14
I_2329_2341_frgp14,impostor,14,left,2329,2341,B,0,0,1000,500,0.359,qwen3vl,similarity_score,2026-07-13T19:04:15
I_2329_2342_frgp14,impostor,14,left,2329,2342,B,65,65,1000,500,0.376,qwen3vl,similarity_score,2026-07-13T19:04:15
I_2329_2344_frgp14,impostor,14,left,2329,2344,B,65,65,1000,500,0.374,qwen3vl,similarity_score,2026-07-13T19:04:15
I_2329_2348_frgp14,impostor,14,left,2329,2348,B,85,85,1000,500,0.375,qwen3vl,similarity_score,2026-07-13T19:04:16
I_2329_2349_frgp14,impostor,14,left,2329,2349,B,0,0,1000,500,0.364,qwen3vl,similarity_score,2026-07-13T19:04:16
I_2329_2351_frgp14,impostor,14,left,2329,2351,B,65,65,1000,500,0.373,qwen3vl,similarity_score,2026-07-13T19:04:16
I_2329_2352_frgp14,impostor,14,left,2329,2352,B,65,65,1000,500,0.377,qwen3vl,similarity_score,2026-07-13T19:04:17
I_2329_2353_frgp14,impostor,14,left,2329,2353,B,65,65,1000,500,0.374,qwen3vl,similarity_score,2026-07-13T19:04:17
I_2329_2355_frgp14,impostor,14,left,2329,2355,B,85,85,1000,500,0.374,qwen3vl,similarity_score,2026-07-13T19:04:18
I_2329_2356_frgp14,impostor,14,left,2329,2356,B,85,85,1000,500,0.373,qwen3vl,similarity_score,2026-07-13T19:04:18
I_2329_2357_frgp14,impostor,14,left,2329,2357,B,65,65,1000,500,0.375,qwen3vl,similarity_score,2026-07-13T19:04:18
I_2329_2358_frgp14,impostor,14,left,2329,2358,B,65,65,1000,500,0.376,qwen3vl,similarity_score,2026-07-13T19:04:19
I_2329_2359_frgp14,impostor,14,left,2329,2359,B,65,65,1000,500,0.375,qwen3vl,similarity_score,2026-07-13T19:04:19
I_2329_2360_frgp14,impostor,14,left,2329,2360,B,85,85,1000,500,0.379,qwen3vl,similarity_score,2026-07-13T19:04:19
I_2329_2362_frgp14,impostor,14,left,2329,2362,B,65,65,1000,500,0.376,qwen3vl,similarity_score,2026-07-13T19:04:20
I_2329_2364_frgp14,impostor,14,left,2329,2364,B,65,65,1000,500,0.381,qwen3vl,similarity_score,2026-07-13T19:04:20
I_2329_2367_frgp14,impostor,14,left,2329,2367,B,65,65,1000,500,0.377,qwen3vl,similarity_score,2026-07-13T19:04:21
I_2329_2368_frgp14,impostor,14,left,2329,2368,B,30,30,1000,500,0.377,qwen3vl,similarity_score,2026-07-13T19:04:21
I_2329_2369_frgp14,impostor,14,left,2329,2369,B,65,65,1000,500,0.375,qwen3vl,similarity_score,2026-07-13T19:04:21
I_2329_2370_frgp14,impostor,14,left,2329,2370,B,65,65,1000,500,0.373,qwen3vl,similarity_score,2026-07-13T19:04:22
I_2329_2371_frgp14,impostor,14,left,2329,2371,B,65,65,1000,500,0.377,qwen3vl,similarity_score,2026-07-13T19:04:22
I_2329_2372_frgp14,impostor,14,left,2329,2372,B,85,85,1000,500,0.373,qwen3vl,similarity_score,2026-07-13T19:04:22
I_2329_2373_frgp14,impostor,14,left,2329,2373,B,0,0,1000,500,0.36,qwen3vl,similarity_score,2026-07-13T19:04:23
I_2329_2374_frgp14,impostor,14,left,2329,2374,B,65,65,1000,500,0.379,qwen3vl,similarity_score,2026-07-13T19:04:23
I_2329_2375_frgp14,impostor,14,left,2329,2375,B,65,65,1000,500,0.377,qwen3vl,similarity_score,2026-07-13T19:04:24
I_2329_2376_frgp14,impostor,14,left,2329,2376,B,65,65,1000,500,0.38,qwen3vl,similarity_score,2026-07-13T19:04:24
I_2329_2379_frgp14,impostor,14,left,2329,2379,B,65,65,1000,500,0.378,qwen3vl,similarity_score,2026-07-13T19:04:24
I_2329_2380_frgp14,impostor,14,left,2329,2380,B,65,65,1000,500,0.379,qwen3vl,similarity_score,2026-07-13T19:04:25
I_2329_2381_frgp14,impostor,14,left,2329,2381,B,65,65,1000,500,0.375,qwen3vl,similarity_score,2026-07-13T19:04:25
I_2329_2383_frgp14,impostor,14,left,2329,2383,B,65,65,1000,500,0.374,qwen3vl,similarity_score,2026-07-13T19:04:25
I_2329_2384_frgp14,impostor,14,left,2329,2384,B,65,65,1000,500,0.378,qwen3vl,similarity_score,2026-07-13T19:04:26
I_2329_2386_frgp14,impostor,14,left,2329,2386,B,0,0,1000,500,0.362,qwen3vl,similarity_score,2026-07-13T19:04:26
I_2329_2388_frgp14,impostor,14,left,2329,2388,B,85,85,1000,500,0.375,qwen3vl,similarity_score,2026-07-13T19:04:27
I_2329_2391_frgp14,impostor,14,left,2329,2391,B,65,65,1000,500,0.373,qwen3vl,similarity_score,2026-07-13T19:04:27
I_2329_2392_frgp14,impostor,14,left,2329,2392,B,85,85,1000,500,0.375,qwen3vl,similarity_score,2026-07-13T19:04:27
I_2329_2394_frgp14,impostor,14,left,2329,2394,B,65,65,1000,500,0.376,qwen3vl,similarity_score,2026-07-13T19:04:28
I_2329_2395_frgp14,impostor,14,left,2329,2395,B,65,65,1000,500,0.375,qwen3vl,similarity_score,2026-07-13T19:04:28
I_2329_2396_frgp14,impostor,14,left,2329,2396,B,0,0,1000,500,0.363,qwen3vl,similarity_score,2026-07-13T19:04:28
I_2329_2398_frgp14,impostor,14,left,2329,2398,B,65,65,1000,500,0.375,qwen3vl,similarity_score,2026-07-13T19:04:29
I_2329_2399_frgp14,impostor,14,left,2329,2399,B,0,0,1000,500,0.361,qwen3vl,similarity_score,2026-07-13T19:04:29
I_2329_2401_frgp14,impostor,14,left,2329,2401,B,65,65,1000,500,0.374,qwen3vl,similarity_score,2026-07-13T19:04:30
I_2329_2402_frgp14,impostor,14,left,2329,2402,B,65,65,1000,500,0.374,qwen3vl,similarity_score,2026-07-13T19:04:30
I_2329_2403_frgp14,impostor,14,left,2329,2403,B,65,65,1000,500,0.375,qwen3vl,similarity_score,2026-07-13T19:04:30
I_2329_2405_frgp14,impostor,14,left,2329,2405,B,65,65,1000,500,0.374,qwen3vl,similarity_score,2026-07-13T19:04:31
I_2329_2406_frgp14,impostor,14,left,2329,2406,B,0,0,1000,500,0.362,qwen3vl,similarity_score,2026-07-13T19:04:31
I_2329_2407_frgp14,impostor,14,left,2329,2407,B,65,65,1000,500,0.375,qwen3vl,similarity_score,2026-07-13T19:04:31
I_2329_2408_frgp14,impostor,14,left,2329,2408,B,85,85,1000,500,0.376,qwen3vl,similarity_score,2026-07-13T19:04:32
I_2329_2409_frgp14,impostor,14,left,2329,2409,B,85,85,1000,500,0.373,qwen3vl,similarity_score,2026-07-13T19:04:32
I_2329_2412_frgp14,impostor,14,left,2329,2412,B,65,65,1000,500,0.376,qwen3vl,similarity_score,2026-07-13T19:04:33
I_2329_2413_frgp14,impostor,14,left,2329,2413,B,65,65,1000,500,0.376,qwen3vl,similarity_score,2026-07-13T19:04:33
I_2329_2415_frgp14,impostor,14,left,2329,2415,B,0,0,1000,500,0.357,qwen3vl,similarity_score,2026-07-13T19:04:33
I_2329_2418_frgp14,impostor,14,left,2329,2418,B,65,65,1000,500,0.376,qwen3vl,similarity_score,2026-07-13T19:04:34
I_2329_2423_frgp14,impostor,14,left,2329,2423,B,65,65,1000,500,0.374,qwen3vl,similarity_score,2026-07-13T19:04:34
I_2329_2424_frgp14,impostor,14,left,2329,2424,B,65,65,1000,500,0.374,qwen3vl,similarity_score,2026-07-13T19:04:34
I_2329_2425_frgp14,impostor,14,left,2329,2425,B,65,65,1000,500,0.38,qwen3vl,similarity_score,2026-07-13T19:04:35
I_2329_2426_frgp14,impostor,14,left,2329,2426,B,65,65,1000,500,0.375,qwen3vl,similarity_score,2026-07-13T19:04:35
I_2329_2428_frgp14,impostor,14,left,2329,2428,B,85,85,1000,500,0.376,qwen3vl,similarity_score,2026-07-13T19:04:36
I_2329_2440_frgp14,impostor,14,left,2329,2440,B,65,65,1000,500,0.379,qwen3vl,similarity_score,2026-07-13T19:04:36
I_2329_2447_frgp14,impostor,14,left,2329,2447,B,85,85,1000,500,0.383,qwen3vl,similarity_score,2026-07-13T19:04:36
I_2329_2455_frgp14,impostor,14,left,2329,2455,B,65,65,1000,500,0.379,qwen3vl,similarity_score,2026-07-13T19:04:37
I_2329_2462_frgp14,impostor,14,left,2329,2462,B,85,85,1000,500,0.38,qwen3vl,similarity_score,2026-07-13T19:04:37
I_2329_2463_frgp14,impostor,14,left,2329,2463,B,65,65,1000,500,0.379,qwen3vl,similarity_score,2026-07-13T19:04:37
I_2329_2481_frgp14,impostor,14,left,2329,2481,B,65,65,1000,500,0.381,qwen3vl,similarity_score,2026-07-13T19:04:38
I_2330_2332_frgp14,impostor,14,left,2330,2332,B,85,85,1000,500,0.381,qwen3vl,similarity_score,2026-07-13T19:04:38
I_2330_2334_frgp14,impostor,14,left,2330,2334,B,65,65,1000,500,0.378,qwen3vl,similarity_score,2026-07-13T19:04:39
I_2330_2337_frgp14,impostor,14,left,2330,2337,B,65,65,1000,500,0.379,qwen3vl,similarity_score,2026-07-13T19:04:39
I_2330_2338_frgp14,impostor,14,left,2330,2338,B,65,65,1000,500,0.379,qwen3vl,similarity_score,2026-07-13T19:04:39
I_2330_2339_frgp14,impostor,14,left,2330,2339,B,65,65,1000,500,0.377,qwen3vl,similarity_score,2026-07-13T19:04:40
I_2330_2340_frgp14,impostor,14,left,2330,2340,B,65,65,1000,500,0.379,qwen3vl,similarity_score,2026-07-13T19:04:40
I_2330_2341_frgp14,impostor,14,left,2330,2341,B,65,65,1000,500,0.378,qwen3vl,similarity_score,2026-07-13T19:04:40
I_2330_2342_frgp14,impostor,14,left,2330,2342,B,65,65,1000,500,0.38,qwen3vl,similarity_score,2026-07-13T19:04:41
I_2330_2344_frgp14,impostor,14,left,2330,2344,B,85,85,1000,500,0.379,qwen3vl,similarity_score,2026-07-13T19:04:41
I_2330_2348_frgp14,impostor,14,left,2330,2348,B,65,65,1000,500,0.377,qwen3vl,similarity_score,2026-07-13T19:04:42
I_2330_2349_frgp14,impostor,14,left,2330,2349,B,0,0,1000,500,0.364,qwen3vl,similarity_score,2026-07-13T19:04:42
I_2330_2351_frgp14,impostor,14,left,2330,2351,B,65,65,1000,500,0.377,qwen3vl,similarity_score,2026-07-13T19:04:42
I_2330_2352_frgp14,impostor,14,left,2330,2352,B,85,85,1000,500,0.378,qwen3vl,similarity_score,2026-07-13T19:04:43
I_2330_2353_frgp14,impostor,14,left,2330,2353,B,65,65,1000,500,0.377,qwen3vl,similarity_score,2026-07-13T19:04:43
I_2330_2355_frgp14,impostor,14,left,2330,2355,B,95,95,1000,500,0.377,qwen3vl,similarity_score,2026-07-13T19:04:43
I_2330_2356_frgp14,impostor,14,left,2330,2356,B,65,65,1000,500,0.379,qwen3vl,similarity_score,2026-07-13T19:04:44
I_2330_2357_frgp14,impostor,14,left,2330,2357,B,65,65,1000,500,0.379,qwen3vl,similarity_score,2026-07-13T19:04:44
I_2330_2358_frgp14,impostor,14,left,2330,2358,B,65,65,1000,500,0.379,qwen3vl,similarity_score,2026-07-13T19:04:45
I_2330_2359_frgp14,impostor,14,left,2330,2359,B,65,65,1000,500,0.38,qwen3vl,similarity_score,2026-07-13T19:04:45
I_2330_2360_frgp14,impostor,14,left,2330,2360,B,65,65,1000,500,0.385,qwen3vl,similarity_score,2026-07-13T19:04:45
I_2330_2362_frgp14,impostor,14,left,2330,2362,B,95,95,1000,500,0.382,qwen3vl,similarity_score,2026-07-13T19:04:46
I_2330_2364_frgp14,impostor,14,left,2330,2364,B,85,85,1000,500,0.382,qwen3vl,similarity_score,2026-07-13T19:04:46
I_2330_2367_frgp14,impostor,14,left,2330,2367,B,65,65,1000,500,0.382,qwen3vl,similarity_score,2026-07-13T19:04:47
I_2330_2368_frgp14,impostor,14,left,2330,2368,B,65,65,1000,500,0.375,qwen3vl,similarity_score,2026-07-13T19:04:47
I_2330_2369_frgp14,impostor,14,left,2330,2369,B,65,65,1000,500,0.376,qwen3vl,similarity_score,2026-07-13T19:04:47
I_2330_2370_frgp14,impostor,14,left,2330,2370,B,85,85,1000,500,0.376,qwen3vl,similarity_score,2026-07-13T19:04:48
I_2330_2371_frgp14,impostor,14,left,2330,2371,B,65,65,1000,500,0.376,qwen3vl,similarity_score,2026-07-13T19:04:48
I_2330_2372_frgp14,impostor,14,left,2330,2372,B,65,65,1000,500,0.371,qwen3vl,similarity_score,2026-07-13T19:04:48
I_2330_2373_frgp14,impostor,14,left,2330,2373,B,0,0,1000,500,0.357,qwen3vl,similarity_score,2026-07-13T19:04:49
I_2330_2374_frgp14,impostor,14,left,2330,2374,B,65,65,1000,500,0.377,qwen3vl,similarity_score,2026-07-13T19:04:49
I_2330_2375_frgp14,impostor,14,left,2330,2375,B,65,65,1000,500,0.375,qwen3vl,similarity_score,2026-07-13T19:04:50
I_2330_2376_frgp14,impostor,14,left,2330,2376,B,65,65,1000,500,0.379,qwen3vl,similarity_score,2026-07-13T19:04:50
I_2330_2379_frgp14,impostor,14,left,2330,2379,B,65,65,1000,500,0.376,qwen3vl,similarity_score,2026-07-13T19:04:50
I_2330_2380_frgp14,impostor,14,left,2330,2380,B,65,65,1000,500,0.374,qwen3vl,similarity_score,2026-07-13T19:04:51
I_2330_2381_frgp14,impostor,14,left,2330,2381,B,65,65,1000,500,0.378,qwen3vl,similarity_score,2026-07-13T19:04:51
I_2330_2383_frgp14,impostor,14,left,2330,2383,B,85,85,1000,500,0.375,qwen3vl,similarity_score,2026-07-13T19:04:51
I_2330_2384_frgp14,impostor,14,left,2330,2384,B,65,65,1000,500,0.379,qwen3vl,similarity_score,2026-07-13T19:04:52
I_2330_2386_frgp14,impostor,14,left,2330,2386,B,65,65,1000,500,0.38,qwen3vl,similarity_score,2026-07-13T19:04:52
I_2330_2388_frgp14,impostor,14,left,2330,2388,B,65,65,1000,500,0.373,qwen3vl,similarity_score,2026-07-13T19:04:53
I_2330_2391_frgp14,impostor,14,left,2330,2391,B,65,65,1000,500,0.379,qwen3vl,similarity_score,2026-07-13T19:04:53
I_2330_2392_frgp14,impostor,14,left,2330,2392,B,85,85,1000,500,0.373,qwen3vl,similarity_score,2026-07-13T19:04:53
I_2330_2394_frgp14,impostor,14,left,2330,2394,B,65,65,1000,500,0.374,qwen3vl,similarity_score,2026-07-13T19:04:54
I_2330_2395_frgp14,impostor,14,left,2330,2395,B,65,65,1000,500,0.372,qwen3vl,similarity_score,2026-07-13T19:04:54
I_2330_2396_frgp14,impostor,14,left,2330,2396,B,0,0,1000,500,0.358,qwen3vl,similarity_score,2026-07-13T19:04:54
I_2330_2398_frgp14,impostor,14,left,2330,2398,B,85,85,1000,500,0.374,qwen3vl,similarity_score,2026-07-13T19:04:55
I_2330_2399_frgp14,impostor,14,left,2330,2399,B,65,65,1000,500,0.375,qwen3vl,similarity_score,2026-07-13T19:04:55
I_2330_2401_frgp14,impostor,14,left,2330,2401,B,65,65,1000,500,0.375,qwen3vl,similarity_score,2026-07-13T19:04:56
I_2330_2402_frgp14,impostor,14,left,2330,2402,B,65,65,1000,500,0.378,qwen3vl,similarity_score,2026-07-13T19:04:56
I_2330_2403_frgp14,impostor,14,left,2330,2403,B,65,65,1000,500,0.375,qwen3vl,similarity_score,2026-07-13T19:04:56
I_2330_2405_frgp14,impostor,14,left,2330,2405,B,65,65,1000,500,0.377,qwen3vl,similarity_score,2026-07-13T19:04:57
I_2330_2406_frgp14,impostor,14,left,2330,2406,B,65,65,1000,500,0.377,qwen3vl,similarity_score,2026-07-13T19:04:57
I_2330_2407_frgp14,impostor,14,left,2330,2407,B,65,65,1000,500,0.374,qwen3vl,similarity_score,2026-07-13T19:04:57
I_2330_2408_frgp14,impostor,14,left,2330,2408,B,65,65,1000,500,0.372,qwen3vl,similarity_score,2026-07-13T19:04:58
I_2330_2409_frgp14,impostor,14,left,2330,2409,B,65,65,1000,500,0.377,qwen3vl,similarity_score,2026-07-13T19:04:58
I_2330_2412_frgp14,impostor,14,left,2330,2412,B,65,65,1000,500,0.381,qwen3vl,similarity_score,2026-07-13T19:04:59
I_2330_2413_frgp14,impostor,14,left,2330,2413,B,65,65,1000,500,0.38,qwen3vl,similarity_score,2026-07-13T19:04:59
I_2330_2415_frgp14,impostor,14,left,2330,2415,B,65,65,1000,500,0.375,qwen3vl,similarity_score,2026-07-13T19:04:59
I_2330_2418_frgp14,impostor,14,left,2330,2418,B,95,95,1000,500,0.372,qwen3vl,similarity_score,2026-07-13T19:05:00
I_2330_2423_frgp14,impostor,14,left,2330,2423,B,65,65,1000,500,0.375,qwen3vl,similarity_score,2026-07-13T19:05:00
I_2330_2424_frgp14,impostor,14,left,2330,2424,B,65,65,1000,500,0.374,qwen3vl,similarity_score,2026-07-13T19:05:00
I_2330_2425_frgp14,impostor,14,left,2330,2425,B,65,65,1000,500,0.375,qwen3vl,similarity_score,2026-07-13T19:05:01
I_2330_2426_frgp14,impostor,14,left,2330,2426,B,85,85,1000,500,0.379,qwen3vl,similarity_score,2026-07-13T19:05:01
I_2330_2428_frgp14,impostor,14,left,2330,2428,B,85,85,1000,500,0.375,qwen3vl,similarity_score,2026-07-13T19:05:02
I_2330_2440_frgp14,impostor,14,left,2330,2440,B,65,65,1000,500,0.373,qwen3vl,similarity_score,2026-07-13T19:05:02
I_2330_2447_frgp14,impostor,14,left,2330,2447,B,85,85,1000,500,0.375,qwen3vl,similarity_score,2026-07-13T19:05:02
I_2330_2455_frgp14,impostor,14,left,2330,2455,B,65,65,1000,500,0.374,qwen3vl,similarity_score,2026-07-13T19:05:03
I_2330_2462_frgp14,impostor,14,left,2330,2462,B,85,85,1000,500,0.372,qwen3vl,similarity_score,2026-07-13T19:05:03
I_2330_2463_frgp14,impostor,14,left,2330,2463,B,65,65,1000,500,0.375,qwen3vl,similarity_score,2026-07-13T19:05:03
I_2330_2481_frgp14,impostor,14,left,2330,2481,B,65,65,1000,500,0.374,qwen3vl,similarity_score,2026-07-13T19:05:04
I_2332_2334_frgp14,impostor,14,left,2332,2334,B,65,65,1000,500,0.375,qwen3vl,similarity_score,2026-07-13T19:05:04
I_2332_2337_frgp14,impostor,14,left,2332,2337,B,65,65,1000,500,0.374,qwen3vl,similarity_score,2026-07-13T19:05:05
I_2332_2338_frgp14,impostor,14,left,2332,2338,B,85,85,1000,500,0.374,qwen3vl,similarity_score,2026-07-13T19:05:05
I_2332_2339_frgp14,impostor,14,left,2332,2339,B,65,65,1000,500,0.373,qwen3vl,similarity_score,2026-07-13T19:05:05
I_2332_2340_frgp14,impostor,14,left,2332,2340,B,85,85,1000,500,0.374,qwen3vl,similarity_score,2026-07-13T19:05:06
I_2332_2341_frgp14,impostor,14,left,2332,2341,B,65,65,1000,500,0.377,qwen3vl,similarity_score,2026-07-13T19:05:06
I_2332_2342_frgp14,impostor,14,left,2332,2342,B,65,65,1000,500,0.372,qwen3vl,similarity_score,2026-07-13T19:05:06
I_2332_2344_frgp14,impostor,14,left,2332,2344,B,65,65,1000,500,0.378,qwen3vl,similarity_score,2026-07-13T19:05:07
I_2332_2348_frgp14,impostor,14,left,2332,2348,B,65,65,1000,500,0.375,qwen3vl,similarity_score,2026-07-13T19:05:07
I_2332_2349_frgp14,impostor,14,left,2332,2349,B,65,65,1000,500,0.378,qwen3vl,similarity_score,2026-07-13T19:05:08
I_2332_2351_frgp14,impostor,14,left,2332,2351,B,65,65,1000,500,0.375,qwen3vl,similarity_score,2026-07-13T19:05:08
I_2332_2352_frgp14,impostor,14,left,2332,2352,B,65,65,1000,500,0.379,qwen3vl,similarity_score,2026-07-13T19:05:08
I_2332_2353_frgp14,impostor,14,left,2332,2353,B,65,65,1000,500,0.378,qwen3vl,similarity_score,2026-07-13T19:05:09
I_2332_2355_frgp14,impostor,14,left,2332,2355,B,65,65,1000,500,0.376,qwen3vl,similarity_score,2026-07-13T19:05:09
I_2332_2356_frgp14,impostor,14,left,2332,2356,B,65,65,1000,500,0.376,qwen3vl,similarity_score,2026-07-13T19:05:09
I_2332_2357_frgp14,impostor,14,left,2332,2357,B,65,65,1000,500,0.376,qwen3vl,similarity_score,2026-07-13T19:05:10
I_2332_2358_frgp14,impostor,14,left,2332,2358,B,65,65,1000,500,0.377,qwen3vl,similarity_score,2026-07-13T19:05:10
I_2332_2359_frgp14,impostor,14,left,2332,2359,B,65,65,1000,500,0.38,qwen3vl,similarity_score,2026-07-13T19:05:11
I_2332_2360_frgp14,impostor,14,left,2332,2360,B,85,85,1000,500,0.379,qwen3vl,similarity_score,2026-07-13T19:05:11
I_2332_2362_frgp14,impostor,14,left,2332,2362,B,85,85,1000,500,0.376,qwen3vl,similarity_score,2026-07-13T19:05:11
I_2332_2364_frgp14,impostor,14,left,2332,2364,B,65,65,1000,500,0.377,qwen3vl,similarity_score,2026-07-13T19:05:12
I_2332_2367_frgp14,impostor,14,left,2332,2367,B,65,65,1000,500,0.376,qwen3vl,similarity_score,2026-07-13T19:05:12
I_2332_2368_frgp14,impostor,14,left,2332,2368,B,65,65,1000,500,0.372,qwen3vl,similarity_score,2026-07-13T19:05:12
I_2332_2369_frgp14,impostor,14,left,2332,2369,B,65,65,1000,500,0.373,qwen3vl,similarity_score,2026-07-13T19:05:13
I_2332_2370_frgp14,impostor,14,left,2332,2370,B,65,65,1000,500,0.378,qwen3vl,similarity_score,2026-07-13T19:05:13
I_2332_2371_frgp14,impostor,14,left,2332,2371,B,65,65,1000,500,0.379,qwen3vl,similarity_score,2026-07-13T19:05:14
I_2332_2372_frgp14,impostor,14,left,2332,2372,B,65,65,1000,500,0.373,qwen3vl,similarity_score,2026-07-13T19:05:14
I_2332_2373_frgp14,impostor,14,left,2332,2373,B,0,0,1000,500,0.359,qwen3vl,similarity_score,2026-07-13T19:05:14
I_2332_2374_frgp14,impostor,14,left,2332,2374,B,85,85,1000,500,0.376,qwen3vl,similarity_score,2026-07-13T19:05:15
I_2332_2375_frgp14,impostor,14,left,2332,2375,B,65,65,1000,500,0.377,qwen3vl,similarity_score,2026-07-13T19:05:15
I_2332_2376_frgp14,impostor,14,left,2332,2376,B,65,65,1000,500,0.376,qwen3vl,similarity_score,2026-07-13T19:05:15
I_2332_2379_frgp14,impostor,14,left,2332,2379,B,65,65,1000,500,0.376,qwen3vl,similarity_score,2026-07-13T19:05:16
I_2332_2380_frgp14,impostor,14,left,2332,2380,B,65,65,1000,500,0.375,qwen3vl,similarity_score,2026-07-13T19:05:16
I_2332_2381_frgp14,impostor,14,left,2332,2381,B,65,65,1000,500,0.375,qwen3vl,similarity_score,2026-07-13T19:05:17
I_2332_2383_frgp14,impostor,14,left,2332,2383,B,65,65,1000,500,0.378,qwen3vl,similarity_score,2026-07-13T19:05:17
I_2332_2384_frgp14,impostor,14,left,2332,2384,B,65,65,1000,500,0.375,qwen3vl,similarity_score,2026-07-13T19:05:17
I_2332_2386_frgp14,impostor,14,left,2332,2386,B,65,65,1000,500,0.376,qwen3vl,similarity_score,2026-07-13T19:05:18
I_2332_2388_frgp14,impostor,14,left,2332,2388,B,85,85,1000,500,0.372,qwen3vl,similarity_score,2026-07-13T19:05:18
I_2332_2391_frgp14,impostor,14,left,2332,2391,B,65,65,1000,500,0.377,qwen3vl,similarity_score,2026-07-13T19:05:18
I_2332_2392_frgp14,impostor,14,left,2332,2392,B,65,65,1000,500,0.374,qwen3vl,similarity_score,2026-07-13T19:05:19
I_2332_2394_frgp14,impostor,14,left,2332,2394,B,65,65,1000,500,0.375,qwen3vl,similarity_score,2026-07-13T19:05:19
I_2332_2395_frgp14,impostor,14,left,2332,2395,B,65,65,1000,500,0.373,qwen3vl,similarity_score,2026-07-13T19:05:20
I_2332_2396_frgp14,impostor,14,left,2332,2396,B,0,0,1000,500,0.357,qwen3vl,similarity_score,2026-07-13T19:05:20
I_2332_2398_frgp14,impostor,14,left,2332,2398,B,65,65,1000,500,0.372,qwen3vl,similarity_score,2026-07-13T19:05:20
I_2332_2399_frgp14,impostor,14,left,2332,2399,B,65,65,1000,500,0.373,qwen3vl,similarity_score,2026-07-13T19:05:21
I_2332_2401_frgp14,impostor,14,left,2332,2401,B,65,65,1000,500,0.376,qwen3vl,similarity_score,2026-07-13T19:05:21
I_2332_2402_frgp14,impostor,14,left,2332,2402,B,65,65,1000,500,0.373,qwen3vl,similarity_score,2026-07-13T19:05:21
I_2332_2403_frgp14,impostor,14,left,2332,2403,B,65,65,1000,500,0.373,qwen3vl,similarity_score,2026-07-13T19:05:22
I_2332_2405_frgp14,impostor,14,left,2332,2405,B,65,65,1000,500,0.384,qwen3vl,similarity_score,2026-07-13T19:05:22
I_2332_2406_frgp14,impostor,14,left,2332,2406,B,65,65,1000,500,0.411,qwen3vl,similarity_score,2026-07-13T19:05:23
I_2332_2407_frgp14,impostor,14,left,2332,2407,B,65,65,1000,500,0.411,qwen3vl,similarity_score,2026-07-13T19:05:23
I_2332_2408_frgp14,impostor,14,left,2332,2408,B,65,65,1000,500,0.409,qwen3vl,similarity_score,2026-07-13T19:05:23
I_2332_2409_frgp14,impostor,14,left,2332,2409,B,65,65,1000,500,0.41,qwen3vl,similarity_score,2026-07-13T19:05:24
I_2332_2412_frgp14,impostor,14,left,2332,2412,B,65,65,1000,500,0.397,qwen3vl,similarity_score,2026-07-13T19:05:24
I_2332_2413_frgp14,impostor,14,left,2332,2413,B,65,65,1000,500,0.374,qwen3vl,similarity_score,2026-07-13T19:05:25
I_2332_2415_frgp14,impostor,14,left,2332,2415,B,65,65,1000,500,0.373,qwen3vl,similarity_score,2026-07-13T19:05:25
I_2332_2418_frgp14,impostor,14,left,2332,2418,B,85,85,1000,500,0.372,qwen3vl,similarity_score,2026-07-13T19:05:25
I_2332_2423_frgp14,impostor,14,left,2332,2423,B,65,65,1000,500,0.374,qwen3vl,similarity_score,2026-07-13T19:05:26
I_2332_2424_frgp14,impostor,14,left,2332,2424,B,65,65,1000,500,0.374,qwen3vl,similarity_score,2026-07-13T19:05:26
I_2332_2425_frgp14,impostor,14,left,2332,2425,B,65,65,1000,500,0.373,qwen3vl,similarity_score,2026-07-13T19:05:26
I_2332_2426_frgp14,impostor,14,left,2332,2426,B,65,65,1000,500,0.375,qwen3vl,similarity_score,2026-07-13T19:05:27
I_2332_2428_frgp14,impostor,14,left,2332,2428,B,85,85,1000,500,0.375,qwen3vl,similarity_score,2026-07-13T19:05:27
I_2332_2440_frgp14,impostor,14,left,2332,2440,B,65,65,1000,500,0.373,qwen3vl,similarity_score,2026-07-13T19:05:28
I_2332_2447_frgp14,impostor,14,left,2332,2447,B,85,85,1000,500,0.372,qwen3vl,similarity_score,2026-07-13T19:05:28
I_2332_2455_frgp14,impostor,14,left,2332,2455,B,65,65,1000,500,0.373,qwen3vl,similarity_score,2026-07-13T19:05:28
I_2332_2462_frgp14,impostor,14,left,2332,2462,B,85,85,1000,500,0.374,qwen3vl,similarity_score,2026-07-13T19:05:29
I_2332_2463_frgp14,impostor,14,left,2332,2463,B,65,65,1000,500,0.372,qwen3vl,similarity_score,2026-07-13T19:05:29
I_2332_2481_frgp14,impostor,14,left,2332,2481,B,65,65,1000,500,0.375,qwen3vl,similarity_score,2026-07-13T19:05:29
I_2334_2337_frgp14,impostor,14,left,2334,2337,B,65,65,1000,500,0.373,qwen3vl,similarity_score,2026-07-13T19:05:30
I_2334_2338_frgp14,impostor,14,left,2334,2338,B,65,65,1000,500,0.37,qwen3vl,similarity_score,2026-07-13T19:05:30
I_2334_2339_frgp14,impostor,14,left,2334,2339,B,65,65,1000,500,0.37,qwen3vl,similarity_score,2026-07-13T19:05:31
I_2334_2340_frgp14,impostor,14,left,2334,2340,B,65,65,1000,500,0.376,qwen3vl,similarity_score,2026-07-13T19:05:31
I_2334_2341_frgp14,impostor,14,left,2334,2341,B,65,65,1000,500,0.371,qwen3vl,similarity_score,2026-07-13T19:05:31
I_2334_2342_frgp14,impostor,14,left,2334,2342,B,65,65,1000,500,0.372,qwen3vl,similarity_score,2026-07-13T19:05:32
I_2334_2344_frgp14,impostor,14,left,2334,2344,B,65,65,1000,500,0.372,qwen3vl,similarity_score,2026-07-13T19:05:32
I_2334_2348_frgp14,impostor,14,left,2334,2348,B,65,65,1000,500,0.372,qwen3vl,similarity_score,2026-07-13T19:05:32
I_2334_2349_frgp14,impostor,14,left,2334,2349,B,65,65,1000,500,0.372,qwen3vl,similarity_score,2026-07-13T19:05:33
I_2334_2351_frgp14,impostor,14,left,2334,2351,B,65,65,1000,500,0.373,qwen3vl,similarity_score,2026-07-13T19:05:33
I_2334_2352_frgp14,impostor,14,left,2334,2352,B,65,65,1000,500,0.37,qwen3vl,similarity_score,2026-07-13T19:05:34
I_2334_2353_frgp14,impostor,14,left,2334,2353,B,65,65,1000,500,0.371,qwen3vl,similarity_score,2026-07-13T19:05:34
I_2334_2355_frgp14,impostor,14,left,2334,2355,B,65,65,1000,500,0.369,qwen3vl,similarity_score,2026-07-13T19:05:34
I_2334_2356_frgp14,impostor,14,left,2334,2356,B,65,65,1000,500,0.37,qwen3vl,similarity_score,2026-07-13T19:05:35
I_2334_2357_frgp14,impostor,14,left,2334,2357,B,65,65,1000,500,0.371,qwen3vl,similarity_score,2026-07-13T19:05:35
I_2334_2358_frgp14,impostor,14,left,2334,2358,B,65,65,1000,500,0.371,qwen3vl,similarity_score,2026-07-13T19:05:35
I_2334_2359_frgp14,impostor,14,left,2334,2359,B,65,65,1000,500,0.371,qwen3vl,similarity_score,2026-07-13T19:05:36
I_2334_2360_frgp14,impostor,14,left,2334,2360,B,65,65,1000,500,0.371,qwen3vl,similarity_score,2026-07-13T19:05:36
I_2334_2362_frgp14,impostor,14,left,2334,2362,B,65,65,1000,500,0.372,qwen3vl,similarity_score,2026-07-13T19:05:36
I_2334_2364_frgp14,impostor,14,left,2334,2364,B,65,65,1000,500,0.371,qwen3vl,similarity_score,2026-07-13T19:05:37
I_2334_2367_frgp14,impostor,14,left,2334,2367,B,65,65,1000,500,0.374,qwen3vl,similarity_score,2026-07-13T19:05:37
I_2334_2368_frgp14,impostor,14,left,2334,2368,B,0,0,1000,500,0.355,qwen3vl,similarity_score,2026-07-13T19:05:38
I_2334_2369_frgp14,impostor,14,left,2334,2369,B,65,65,1000,500,0.372,qwen3vl,similarity_score,2026-07-13T19:05:38
I_2334_2370_frgp14,impostor,14,left,2334,2370,B,65,65,1000,500,0.372,qwen3vl,similarity_score,2026-07-13T19:05:38
I_2334_2371_frgp14,impostor,14,left,2334,2371,B,65,65,1000,500,0.374,qwen3vl,similarity_score,2026-07-13T19:05:39
I_2334_2372_frgp14,impostor,14,left,2334,2372,B,65,65,1000,500,0.369,qwen3vl,similarity_score,2026-07-13T19:05:39
I_2334_2373_frgp14,impostor,14,left,2334,2373,B,0,0,1000,500,0.354,qwen3vl,similarity_score,2026-07-13T19:05:39
I_2334_2374_frgp14,impostor,14,left,2334,2374,B,65,65,1000,500,0.372,qwen3vl,similarity_score,2026-07-13T19:05:40
I_2334_2375_frgp14,impostor,14,left,2334,2375,B,65,65,1000,500,0.375,qwen3vl,similarity_score,2026-07-13T19:05:40
I_2334_2376_frgp14,impostor,14,left,2334,2376,B,65,65,1000,500,0.374,qwen3vl,similarity_score,2026-07-13T19:05:41
I_2334_2379_frgp14,impostor,14,left,2334,2379,B,65,65,1000,500,0.375,qwen3vl,similarity_score,2026-07-13T19:05:41
I_2334_2380_frgp14,impostor,14,left,2334,2380,B,65,65,1000,500,0.371,qwen3vl,similarity_score,2026-07-13T19:05:41
I_2334_2381_frgp14,impostor,14,left,2334,2381,B,65,65,1000,500,0.371,qwen3vl,similarity_score,2026-07-13T19:05:42
I_2334_2383_frgp14,impostor,14,left,2334,2383,B,65,65,1000,500,0.371,qwen3vl,similarity_score,2026-07-13T19:05:42
I_2334_2384_frgp14,impostor,14,left,2334,2384,B,65,65,1000,500,0.372,qwen3vl,similarity_score,2026-07-13T19:05:42
I_2334_2386_frgp14,impostor,14,left,2334,2386,B,65,65,1000,500,0.373,qwen3vl,similarity_score,2026-07-13T19:05:43
I_2334_2388_frgp14,impostor,14,left,2334,2388,B,65,65,1000,500,0.37,qwen3vl,similarity_score,2026-07-13T19:05:43
I_2334_2391_frgp14,impostor,14,left,2334,2391,B,65,65,1000,500,0.372,qwen3vl,similarity_score,2026-07-13T19:05:44
I_2334_2392_frgp14,impostor,14,left,2334,2392,B,65,65,1000,500,0.374,qwen3vl,similarity_score,2026-07-13T19:05:44
I_2334_2394_frgp14,impostor,14,left,2334,2394,B,65,65,1000,500,0.372,qwen3vl,similarity_score,2026-07-13T19:05:44
I_2334_2395_frgp14,impostor,14,left,2334,2395,B,65,65,1000,500,0.373,qwen3vl,similarity_score,2026-07-13T19:05:45
I_2334_2396_frgp14,impostor,14,left,2334,2396,B,65,65,1000,500,0.373,qwen3vl,similarity_score,2026-07-13T19:05:45
I_2334_2398_frgp14,impostor,14,left,2334,2398,B,85,85,1000,500,0.371,qwen3vl,similarity_score,2026-07-13T19:05:45
I_2334_2399_frgp14,impostor,14,left,2334,2399,B,65,65,1000,500,0.373,qwen3vl,similarity_score,2026-07-13T19:05:46
I_2334_2401_frgp14,impostor,14,left,2334,2401,B,65,65,1000,500,0.375,qwen3vl,similarity_score,2026-07-13T19:05:46
I_2334_2402_frgp14,impostor,14,left,2334,2402,B,0,0,1000,500,0.357,qwen3vl,similarity_score,2026-07-13T19:05:46
