pair_id,label,category,device_pair,subject1,subject2,hand1,hand2,ground_truth,llm_answer,correct,raw_response,latency_s,model,prompting_setting,timestamp
D_43210_63,non-mated,diagnostic_impostor,cross,43210,43210,left,right,B,A,0,A,0.863,gemma3,zero_shot,2026-08-22T22:48:01
G_58398_left_1287,mated,primary_genuine,cross,58398,58398,left,left,A,A,1,A,0.571,gemma3,zero_shot,2026-08-22T22:48:01
G_56583_left_842,mated,primary_genuine,cross,56583,56583,left,left,A,B,0,B,0.567,gemma3,zero_shot,2026-08-22T22:48:02
I_14493_83742_left_s,non-mated,primary_impostor,same,14493,83742,left,left,B,A,0,A,0.585,gemma3,zero_shot,2026-08-22T22:48:02
I_57145_65052_left_x,non-mated,primary_impostor,cross,57145,65052,left,left,B,A,0,A,0.566,gemma3,zero_shot,2026-08-22T22:48:03
I_56583_93812_left_s,non-mated,primary_impostor,same,56583,93812,left,left,B,A,0,A,0.578,gemma3,zero_shot,2026-08-22T22:48:04
I_24101_57145_left_s,non-mated,primary_impostor,same,24101,57145,left,left,B,A,0,A,0.584,gemma3,zero_shot,2026-08-22T22:48:04
G_83742_left_2229,mated,primary_genuine,cross,83742,83742,left,left,A,A,1,A,0.564,gemma3,zero_shot,2026-08-22T22:48:05
G_57833_left_1183,mated,primary_genuine,same,57833,57833,left,left,A,A,1,A,0.55,gemma3,zero_shot,2026-08-22T22:48:05
G_69658_left_1866,mated,primary_genuine,same,69658,69658,left,left,A,A,1,A,0.574,gemma3,zero_shot,2026-08-22T22:48:06
I_24101_57145_left_x,non-mated,primary_impostor,cross,24101,57145,left,left,B,A,0,A,0.566,gemma3,zero_shot,2026-08-22T22:48:06
G_24101_right_301,mated,primary_genuine,cross,24101,24101,right,right,A,A,1,A,0.566,gemma3,zero_shot,2026-08-22T22:48:07
D_56583_99,non-mated,diagnostic_impostor,same,56583,56583,left,right,B,A,0,A,0.574,gemma3,zero_shot,2026-08-22T22:48:08
G_63029_left_1482,mated,primary_genuine,same,63029,63029,left,left,A,A,1,A,0.574,gemma3,zero_shot,2026-08-22T22:48:08
I_24101_87757_right_x,non-mated,primary_impostor,cross,24101,87757,right,right,B,A,0,A,0.572,gemma3,zero_shot,2026-08-22T22:48:09
G_89171_left_2506,mated,primary_genuine,cross,89171,89171,left,left,A,A,1,A,0.584,gemma3,zero_shot,2026-08-22T22:48:09
G_43210_left_580,mated,primary_genuine,same,43210,43210,left,left,A,A,1,A,0.588,gemma3,zero_shot,2026-08-22T22:48:10
I_44595_47904_left_s,non-mated,primary_impostor,same,44595,47904,left,left,B,A,0,A,0.578,gemma3,zero_shot,2026-08-22T22:48:10
G_44595_left_742,mated,primary_genuine,same,44595,44595,left,left,A,A,1,A,0.556,gemma3,zero_shot,2026-08-22T22:48:11
I_89171_96608_right_s,non-mated,primary_impostor,same,89171,96608,right,right,B,A,0,A,0.586,gemma3,zero_shot,2026-08-22T22:48:12
G_65030_left_1658,mated,primary_genuine,cross,65030,65030,left,left,A,A,1,A,0.563,gemma3,zero_shot,2026-08-22T22:48:12
I_65030_65052_left_x,non-mated,primary_impostor,cross,65030,65052,left,left,B,A,0,A,0.567,gemma3,zero_shot,2026-08-22T22:48:13
I_20294_47904_right_x,non-mated,primary_impostor,cross,20294,47904,right,right,B,A,0,A,0.577,gemma3,zero_shot,2026-08-22T22:48:13
G_20294_right_224,mated,primary_genuine,same,20294,20294,right,right,A,A,1,A,0.576,gemma3,zero_shot,2026-08-22T22:48:14
I_47904_58793_left_s,non-mated,primary_impostor,same,47904,58793,left,left,B,A,0,A,0.583,gemma3,zero_shot,2026-08-22T22:48:14
D_44595_73,non-mated,diagnostic_impostor,same,44595,44595,left,right,B,A,0,A,0.554,gemma3,zero_shot,2026-08-22T22:48:15
I_56583_96608_right_x,non-mated,primary_impostor,cross,56583,96608,right,right,B,A,0,A,0.571,gemma3,zero_shot,2026-08-22T22:48:16
D_14493_8,non-mated,diagnostic_impostor,same,14493,14493,left,right,B,A,0,A,0.558,gemma3,zero_shot,2026-08-22T22:48:16
D_47904_92,non-mated,diagnostic_impostor,cross,47904,47904,left,right,B,A,0,A,0.563,gemma3,zero_shot,2026-08-22T22:48:17
I_32467_43210_right_s,non-mated,primary_impostor,same,32467,43210,right,right,B,A,0,A,0.582,gemma3,zero_shot,2026-08-22T22:48:17
G_74850_right_2037,mated,primary_genuine,cross,74850,74850,right,right,A,A,1,A,0.579,gemma3,zero_shot,2026-08-22T22:48:18
I_32467_65030_right_x,non-mated,primary_impostor,cross,32467,65030,right,right,B,A,0,A,0.568,gemma3,zero_shot,2026-08-22T22:48:18
G_20294_left_134,mated,primary_genuine,same,20294,20294,left,left,A,A,1,A,0.589,gemma3,zero_shot,2026-08-22T22:48:19
G_47904_right_832,mated,primary_genuine,cross,47904,47904,right,right,A,A,1,A,0.564,gemma3,zero_shot,2026-08-22T22:48:20
I_57145_89171_right_x,non-mated,primary_impostor,cross,57145,89171,right,right,B,A,0,A,0.569,gemma3,zero_shot,2026-08-22T22:48:20
G_76957_left_2098,mated,primary_genuine,same,76957,76957,left,left,A,A,1,A,0.578,gemma3,zero_shot,2026-08-22T22:48:21
I_14493_20294_right_x,non-mated,primary_impostor,cross,14493,20294,right,right,B,A,0,A,0.573,gemma3,zero_shot,2026-08-22T22:48:21
D_76957_225,non-mated,diagnostic_impostor,same,76957,76957,left,right,B,A,0,A,0.593,gemma3,zero_shot,2026-08-22T22:48:22
G_76957_left_2119,mated,primary_genuine,same,76957,76957,left,left,A,A,1,A,0.593,gemma3,zero_shot,2026-08-22T22:48:23
D_69658_194,non-mated,diagnostic_impostor,cross,69658,69658,left,right,B,A,0,A,0.602,gemma3,zero_shot,2026-08-22T22:48:23
G_32467_right_505,mated,primary_genuine,same,32467,32467,right,right,A,A,1,A,0.613,gemma3,zero_shot,2026-08-22T22:48:24
I_47904_58793_right_s,non-mated,primary_impostor,same,47904,58793,right,right,B,A,0,A,0.579,gemma3,zero_shot,2026-08-22T22:48:24
G_74850_right_2026,mated,primary_genuine,same,74850,74850,right,right,A,A,1,A,0.578,gemma3,zero_shot,2026-08-22T22:48:25
D_89171_262,non-mated,diagnostic_impostor,cross,89171,89171,left,right,B,A,0,A,0.558,gemma3,zero_shot,2026-08-22T22:48:25
I_57833_89171_left_x,non-mated,primary_impostor,cross,57833,89171,left,left,B,A,0,A,0.57,gemma3,zero_shot,2026-08-22T22:48:26
I_74850_83742_left_s,non-mated,primary_impostor,same,74850,83742,left,left,B,A,0,A,0.582,gemma3,zero_shot,2026-08-22T22:48:27
I_57833_69658_right_x,non-mated,primary_impostor,cross,57833,69658,right,right,B,A,0,A,0.564,gemma3,zero_shot,2026-08-22T22:48:27
G_74850_left_1998,mated,primary_genuine,same,74850,74850,left,left,A,A,1,A,0.555,gemma3,zero_shot,2026-08-22T22:48:28
D_83742_228,non-mated,diagnostic_impostor,cross,83742,83742,left,right,B,A,0,A,0.572,gemma3,zero_shot,2026-08-22T22:48:28
I_43210_56583_left_x,non-mated,primary_impostor,cross,43210,56583,left,left,B,A,0,A,0.563,gemma3,zero_shot,2026-08-22T22:48:29
G_43210_right_633,mated,primary_genuine,cross,43210,43210,right,right,A,A,1,A,0.571,gemma3,zero_shot,2026-08-22T22:48:29
I_58793_65030_left_s,non-mated,primary_impostor,same,58793,65030,left,left,B,A,0,A,0.587,gemma3,zero_shot,2026-08-22T22:48:30
I_57145_76957_left_s,non-mated,primary_impostor,same,57145,76957,left,left,B,A,0,A,0.584,gemma3,zero_shot,2026-08-22T22:48:31
I_14493_65030_left_x,non-mated,primary_impostor,cross,14493,65030,left,left,B,A,0,A,0.584,gemma3,zero_shot,2026-08-22T22:48:31
G_65030_right_1681,mated,primary_genuine,same,65030,65030,right,right,A,A,1,A,0.585,gemma3,zero_shot,2026-08-22T22:48:32
D_58398_142,non-mated,diagnostic_impostor,same,58398,58398,left,right,B,A,0,A,0.554,gemma3,zero_shot,2026-08-22T22:48:32
G_57833_right_1228,mated,primary_genuine,cross,57833,57833,right,right,A,A,1,A,0.574,gemma3,zero_shot,2026-08-22T22:48:33
I_43210_74850_left_s,non-mated,primary_impostor,same,43210,74850,left,left,B,A,0,A,0.584,gemma3,zero_shot,2026-08-22T22:48:33
D_14493_9,non-mated,diagnostic_impostor,same,14493,14493,left,right,B,A,0,A,0.58,gemma3,zero_shot,2026-08-22T22:48:34
I_43210_83742_right_s,non-mated,primary_impostor,same,43210,83742,right,right,B,A,0,A,0.583,gemma3,zero_shot,2026-08-22T22:48:35
G_96608_left_2728,mated,primary_genuine,same,96608,96608,left,left,A,A,1,A,0.575,gemma3,zero_shot,2026-08-22T22:48:35
I_57833_96608_left_x,non-mated,primary_impostor,cross,57833,96608,left,left,B,A,0,A,0.572,gemma3,zero_shot,2026-08-22T22:48:36
I_47904_63029_right_x,non-mated,primary_impostor,cross,47904,63029,right,right,B,A,0,A,0.57,gemma3,zero_shot,2026-08-22T22:48:36
I_65052_93812_right_x,non-mated,primary_impostor,cross,65052,93812,right,right,B,A,0,A,0.571,gemma3,zero_shot,2026-08-22T22:48:37
I_44595_99775_left_s,non-mated,primary_impostor,same,44595,99775,left,left,B,A,0,A,0.582,gemma3,zero_shot,2026-08-22T22:48:38
I_24101_32467_left_x,non-mated,primary_impostor,cross,24101,32467,left,left,B,A,0,A,0.568,gemma3,zero_shot,2026-08-22T22:48:38
G_27295_right_407,mated,primary_genuine,cross,27295,27295,right,right,A,A,1,A,0.557,gemma3,zero_shot,2026-08-22T22:48:39
I_65052_83742_left_x,non-mated,primary_impostor,cross,65052,83742,left,left,B,A,0,A,0.567,gemma3,zero_shot,2026-08-22T22:48:39
I_58398_76957_left_x,non-mated,primary_impostor,cross,58398,76957,left,left,B,A,0,A,0.564,gemma3,zero_shot,2026-08-22T22:48:40
G_76957_left_2097,mated,primary_genuine,cross,76957,76957,left,left,A,A,1,A,0.565,gemma3,zero_shot,2026-08-22T22:48:40
I_58793_65052_left_s,non-mated,primary_impostor,same,58793,65052,left,left,B,A,0,A,0.582,gemma3,zero_shot,2026-08-22T22:48:41
G_27295_left_311,mated,primary_genuine,same,27295,27295,left,left,A,A,1,A,0.571,gemma3,zero_shot,2026-08-22T22:48:42
I_14493_57145_right_x,non-mated,primary_impostor,cross,14493,57145,right,right,B,A,0,A,0.571,gemma3,zero_shot,2026-08-22T22:48:42
G_87757_right_2459,mated,primary_genuine,cross,87757,87757,right,right,A,A,1,A,0.562,gemma3,zero_shot,2026-08-22T22:48:43
D_93812_272,non-mated,diagnostic_impostor,cross,93812,93812,left,right,B,A,0,A,0.567,gemma3,zero_shot,2026-08-22T22:48:43
G_63029_left_1497,mated,primary_genuine,cross,63029,63029,left,left,A,A,1,A,0.568,gemma3,zero_shot,2026-08-22T22:48:44
G_69658_right_1931,mated,primary_genuine,cross,69658,69658,right,right,A,A,1,A,0.562,gemma3,zero_shot,2026-08-22T22:48:44
I_87757_99775_left_s,non-mated,primary_impostor,same,87757,99775,left,left,B,A,0,A,0.581,gemma3,zero_shot,2026-08-22T22:48:45
I_93812_99775_right_s,non-mated,primary_impostor,same,93812,99775,right,right,B,A,0,A,0.575,gemma3,zero_shot,2026-08-22T22:48:45
I_43210_47904_right_x,non-mated,primary_impostor,cross,43210,47904,right,right,B,A,0,A,0.571,gemma3,zero_shot,2026-08-22T22:48:46
G_58398_left_1293,mated,primary_genuine,cross,58398,58398,left,left,A,A,1,A,0.57,gemma3,zero_shot,2026-08-22T22:48:47
I_14493_57145_left_x,non-mated,primary_impostor,cross,14493,57145,left,left,B,A,0,A,0.61,gemma3,zero_shot,2026-08-22T22:48:47
G_57145_right_1072,mated,primary_genuine,same,57145,57145,right,right,A,A,1,A,0.623,gemma3,zero_shot,2026-08-22T22:48:48
I_63029_96608_right_s,non-mated,primary_impostor,same,63029,96608,right,right,B,A,0,A,0.629,gemma3,zero_shot,2026-08-22T22:48:48
I_58398_69658_left_x,non-mated,primary_impostor,cross,58398,69658,left,left,B,A,0,A,0.576,gemma3,zero_shot,2026-08-22T22:48:49
G_57145_right_1080,mated,primary_genuine,cross,57145,57145,right,right,A,A,1,A,0.565,gemma3,zero_shot,2026-08-22T22:48:50
I_58793_65030_left_x,non-mated,primary_impostor,cross,58793,65030,left,left,B,A,0,A,0.569,gemma3,zero_shot,2026-08-22T22:48:50
I_57833_89171_right_x,non-mated,primary_impostor,cross,57833,89171,right,right,B,A,0,A,0.569,gemma3,zero_shot,2026-08-22T22:48:51
I_14493_32467_left_x,non-mated,primary_impostor,cross,14493,32467,left,left,B,A,0,A,0.571,gemma3,zero_shot,2026-08-22T22:48:51
I_44595_58398_left_s,non-mated,primary_impostor,same,44595,58398,left,left,B,A,0,A,0.581,gemma3,zero_shot,2026-08-22T22:48:52
G_14493_left_18,mated,primary_genuine,cross,14493,14493,left,left,A,A,1,A,0.568,gemma3,zero_shot,2026-08-22T22:48:52
G_99775_right_2898,mated,primary_genuine,same,99775,99775,right,right,A,A,1,A,0.575,gemma3,zero_shot,2026-08-22T22:48:53
I_27295_58398_right_x,non-mated,primary_impostor,cross,27295,58398,right,right,B,A,0,A,0.569,gemma3,zero_shot,2026-08-22T22:48:54
I_32467_57145_right_x,non-mated,primary_impostor,cross,32467,57145,right,right,B,A,0,A,0.571,gemma3,zero_shot,2026-08-22T22:48:54
G_20294_right_240,mated,primary_genuine,cross,20294,20294,right,right,A,A,1,A,0.568,gemma3,zero_shot,2026-08-22T22:48:55
I_27295_93812_right_x,non-mated,primary_impostor,cross,27295,93812,right,right,B,A,0,A,0.572,gemma3,zero_shot,2026-08-22T22:48:55
D_69658_195,non-mated,diagnostic_impostor,cross,69658,69658,left,right,B,A,0,A,0.567,gemma3,zero_shot,2026-08-22T22:48:56
I_14493_89171_right_s,non-mated,primary_impostor,same,14493,89171,right,right,B,A,0,A,0.59,gemma3,zero_shot,2026-08-22T22:48:57
D_69658_199,non-mated,diagnostic_impostor,same,69658,69658,left,right,B,A,0,A,0.55,gemma3,zero_shot,2026-08-22T22:48:57
I_47904_58398_left_x,non-mated,primary_impostor,cross,47904,58398,left,left,B,A,0,A,0.568,gemma3,zero_shot,2026-08-22T22:48:58
I_65052_69658_left_x,non-mated,primary_impostor,cross,65052,69658,left,left,B,A,0,A,0.57,gemma3,zero_shot,2026-08-22T22:48:58
D_58398_133,non-mated,diagnostic_impostor,cross,58398,58398,left,right,B,A,0,A,0.565,gemma3,zero_shot,2026-08-22T22:48:59
I_14493_24101_right_s,non-mated,primary_impostor,same,14493,24101,right,right,B,A,0,A,0.588,gemma3,zero_shot,2026-08-22T22:48:59
G_56583_left_888,mated,primary_genuine,same,56583,56583,left,left,A,A,1,A,0.55,gemma3,zero_shot,2026-08-22T22:49:00
I_83742_87757_left_x,non-mated,primary_impostor,cross,83742,87757,left,left,B,A,0,A,0.569,gemma3,zero_shot,2026-08-22T22:49:00
D_47904_90,non-mated,diagnostic_impostor,same,47904,47904,left,right,B,A,0,A,0.558,gemma3,zero_shot,2026-08-22T22:49:01
I_69658_76957_left_s,non-mated,primary_impostor,same,69658,76957,left,left,B,A,0,A,0.577,gemma3,zero_shot,2026-08-22T22:49:02
G_24101_left_296,mated,primary_genuine,same,24101,24101,left,left,A,A,1,A,0.551,gemma3,zero_shot,2026-08-22T22:49:02
I_20294_32467_right_x,non-mated,primary_impostor,cross,20294,32467,right,right,B,A,0,A,0.575,gemma3,zero_shot,2026-08-22T22:49:03
D_63029_160,non-mated,diagnostic_impostor,same,63029,63029,left,right,B,A,0,A,0.557,gemma3,zero_shot,2026-08-22T22:49:03
I_57145_57833_left_x,non-mated,primary_impostor,cross,57145,57833,left,left,B,A,0,A,0.57,gemma3,zero_shot,2026-08-22T22:49:04
G_96608_left_2701,mated,primary_genuine,same,96608,96608,left,left,A,A,1,A,0.584,gemma3,zero_shot,2026-08-22T22:49:04
I_14493_32467_right_s,non-mated,primary_impostor,same,14493,32467,right,right,B,A,0,A,0.585,gemma3,zero_shot,2026-08-22T22:49:05
G_69658_right_1939,mated,primary_genuine,same,69658,69658,right,right,A,A,1,A,0.557,gemma3,zero_shot,2026-08-22T22:49:06
I_58793_63029_right_s,non-mated,primary_impostor,same,58793,63029,right,right,B,A,0,A,0.573,gemma3,zero_shot,2026-08-22T22:49:06
I_44595_96608_right_x,non-mated,primary_impostor,cross,44595,96608,right,right,B,A,0,A,0.57,gemma3,zero_shot,2026-08-22T22:49:07
I_44595_87757_left_s,non-mated,primary_impostor,same,44595,87757,left,left,B,A,0,A,0.585,gemma3,zero_shot,2026-08-22T22:49:07
D_87757_240,non-mated,diagnostic_impostor,cross,87757,87757,left,right,B,A,0,A,0.575,gemma3,zero_shot,2026-08-22T22:49:08
G_20294_left_195,mated,primary_genuine,same,20294,20294,left,left,A,A,1,A,0.56,gemma3,zero_shot,2026-08-22T22:49:08
G_27295_left_309,mated,primary_genuine,same,27295,27295,left,left,A,A,1,A,0.58,gemma3,zero_shot,2026-08-22T22:49:09
D_24101_32,non-mated,diagnostic_impostor,same,24101,24101,left,right,B,A,0,A,0.554,gemma3,zero_shot,2026-08-22T22:49:10
G_76957_right_2160,mated,primary_genuine,cross,76957,76957,right,right,A,A,1,A,0.565,gemma3,zero_shot,2026-08-22T22:49:10
G_14493_left_57,mated,primary_genuine,same,14493,14493,left,left,A,A,1,A,0.557,gemma3,zero_shot,2026-08-22T22:49:11
I_43210_56583_right_x,non-mated,primary_impostor,cross,43210,56583,right,right,B,A,0,A,0.571,gemma3,zero_shot,2026-08-22T22:49:11
I_65052_76957_right_s,non-mated,primary_impostor,same,65052,76957,right,right,B,A,0,A,0.581,gemma3,zero_shot,2026-08-22T22:49:12
I_57833_58398_left_x,non-mated,primary_impostor,cross,57833,58398,left,left,B,A,0,A,0.568,gemma3,zero_shot,2026-08-22T22:49:12
G_83742_left_2253,mated,primary_genuine,same,83742,83742,left,left,A,A,1,A,0.559,gemma3,zero_shot,2026-08-22T22:49:13
D_20294_20,non-mated,diagnostic_impostor,same,20294,20294,left,right,B,A,0,A,0.559,gemma3,zero_shot,2026-08-22T22:49:14
I_89171_99775_right_x,non-mated,primary_impostor,cross,89171,99775,right,right,B,A,0,A,0.57,gemma3,zero_shot,2026-08-22T22:49:14
D_89171_258,non-mated,diagnostic_impostor,cross,89171,89171,left,right,B,A,0,A,0.572,gemma3,zero_shot,2026-08-22T22:49:15
I_47904_58793_right_x,non-mated,primary_impostor,cross,47904,58793,right,right,B,A,0,A,0.568,gemma3,zero_shot,2026-08-22T22:49:15
I_47904_63029_left_s,non-mated,primary_impostor,same,47904,63029,left,left,B,A,0,A,0.581,gemma3,zero_shot,2026-08-22T22:49:16
I_63029_93812_right_x,non-mated,primary_impostor,cross,63029,93812,right,right,B,A,0,A,0.569,gemma3,zero_shot,2026-08-22T22:49:16
G_58398_right_1356,mated,primary_genuine,same,58398,58398,right,right,A,A,1,A,0.556,gemma3,zero_shot,2026-08-22T22:49:17
G_93812_left_2619,mated,primary_genuine,cross,93812,93812,left,left,A,A,1,A,0.567,gemma3,zero_shot,2026-08-22T22:49:18
G_57833_left_1150,mated,primary_genuine,same,57833,57833,left,left,A,A,1,A,0.573,gemma3,zero_shot,2026-08-22T22:49:18
G_57833_left_1152,mated,primary_genuine,cross,57833,57833,left,left,A,A,1,A,0.561,gemma3,zero_shot,2026-08-22T22:49:19
I_47904_69658_left_x,non-mated,primary_impostor,cross,47904,69658,left,left,B,A,0,A,0.567,gemma3,zero_shot,2026-08-22T22:49:19
G_47904_right_834,mated,primary_genuine,same,47904,47904,right,right,A,A,1,A,0.548,gemma3,zero_shot,2026-08-22T22:49:20
G_58398_right_1352,mated,primary_genuine,cross,58398,58398,right,right,A,A,1,A,0.561,gemma3,zero_shot,2026-08-22T22:49:20
G_14493_right_114,mated,primary_genuine,cross,14493,14493,right,right,A,A,1,A,0.557,gemma3,zero_shot,2026-08-22T22:49:21
G_65030_right_1685,mated,primary_genuine,cross,65030,65030,right,right,A,A,1,A,0.565,gemma3,zero_shot,2026-08-22T22:49:21
I_65052_96608_left_x,non-mated,primary_impostor,cross,65052,96608,left,left,B,A,0,A,0.57,gemma3,zero_shot,2026-08-22T22:49:22
I_43210_57833_right_x,non-mated,primary_impostor,cross,43210,57833,right,right,B,A,0,A,0.566,gemma3,zero_shot,2026-08-22T22:49:23
G_93812_left_2587,mated,primary_genuine,same,93812,93812,left,left,A,A,1,A,0.577,gemma3,zero_shot,2026-08-22T22:49:23
G_14493_right_89,mated,primary_genuine,same,14493,14493,right,right,A,A,1,A,0.587,gemma3,zero_shot,2026-08-22T22:49:24
G_99775_right_2920,mated,primary_genuine,cross,99775,99775,right,right,A,A,1,A,0.61,gemma3,zero_shot,2026-08-22T22:49:24
G_87757_left_2372,mated,primary_genuine,cross,87757,87757,left,left,A,A,1,A,0.616,gemma3,zero_shot,2026-08-22T22:49:25
I_44595_58793_left_x,non-mated,primary_impostor,cross,44595,58793,left,left,B,A,0,A,0.597,gemma3,zero_shot,2026-08-22T22:49:26
I_20294_58398_left_s,non-mated,primary_impostor,same,20294,58398,left,left,B,A,0,A,0.588,gemma3,zero_shot,2026-08-22T22:49:26
G_65030_right_1699,mated,primary_genuine,cross,65030,65030,right,right,A,A,1,A,0.563,gemma3,zero_shot,2026-08-22T22:49:27
G_87757_right_2442,mated,primary_genuine,same,87757,87757,right,right,A,A,1,A,0.578,gemma3,zero_shot,2026-08-22T22:49:27
I_93812_96608_left_s,non-mated,primary_impostor,same,93812,96608,left,left,B,A,0,A,0.579,gemma3,zero_shot,2026-08-22T22:49:28
G_69658_left_1873,mated,primary_genuine,cross,69658,69658,left,left,A,A,1,A,0.563,gemma3,zero_shot,2026-08-22T22:49:28
G_76957_left_2114,mated,primary_genuine,cross,76957,76957,left,left,A,A,1,A,0.558,gemma3,zero_shot,2026-08-22T22:49:29
G_65030_right_1705,mated,primary_genuine,cross,65030,65030,right,right,A,A,1,A,0.56,gemma3,zero_shot,2026-08-22T22:49:30
G_96608_left_2741,mated,primary_genuine,cross,96608,96608,left,left,A,A,1,A,0.559,gemma3,zero_shot,2026-08-22T22:49:30
G_20294_left_137,mated,primary_genuine,cross,20294,20294,left,left,A,A,1,A,0.579,gemma3,zero_shot,2026-08-22T22:49:31
I_32467_57145_left_x,non-mated,primary_impostor,cross,32467,57145,left,left,B,A,0,A,0.576,gemma3,zero_shot,2026-08-22T22:49:31
G_65030_left_1671,mated,primary_genuine,same,65030,65030,left,left,A,A,1,A,0.553,gemma3,zero_shot,2026-08-22T22:49:32
G_65052_left_1738,mated,primary_genuine,same,65052,65052,left,left,A,A,1,A,0.574,gemma3,zero_shot,2026-08-22T22:49:32
D_76957_223,non-mated,diagnostic_impostor,same,76957,76957,left,right,B,A,0,A,0.552,gemma3,zero_shot,2026-08-22T22:49:33
G_63029_right_1584,mated,primary_genuine,cross,63029,63029,right,right,A,A,1,A,0.567,gemma3,zero_shot,2026-08-22T22:49:34
I_43210_83742_left_s,non-mated,primary_impostor,same,43210,83742,left,left,B,A,0,A,0.582,gemma3,zero_shot,2026-08-22T22:49:34
G_27295_left_355,mated,primary_genuine,same,27295,27295,left,left,A,A,1,A,0.553,gemma3,zero_shot,2026-08-22T22:49:35
G_83742_left_2224,mated,primary_genuine,same,83742,83742,left,left,A,A,1,A,0.576,gemma3,zero_shot,2026-08-22T22:49:35
I_58398_58793_left_s,non-mated,primary_impostor,same,58398,58793,left,left,B,A,0,A,0.581,gemma3,zero_shot,2026-08-22T22:49:36
I_57145_63029_left_x,non-mated,primary_impostor,cross,57145,63029,left,left,B,A,0,A,0.57,gemma3,zero_shot,2026-08-22T22:49:36
G_57833_right_1237,mated,primary_genuine,cross,57833,57833,right,right,A,A,1,A,0.56,gemma3,zero_shot,2026-08-22T22:49:37
I_57833_96608_left_s,non-mated,primary_impostor,same,57833,96608,left,left,B,A,0,A,0.583,gemma3,zero_shot,2026-08-22T22:49:38
D_99775_293,non-mated,diagnostic_impostor,same,99775,99775,left,right,B,A,0,A,0.549,gemma3,zero_shot,2026-08-22T22:49:38
G_43210_left_600,mated,primary_genuine,cross,43210,43210,left,left,A,A,1,A,0.561,gemma3,zero_shot,2026-08-22T22:49:39
I_44595_74850_left_s,non-mated,primary_impostor,same,44595,74850,left,left,B,A,0,A,0.58,gemma3,zero_shot,2026-08-22T22:49:39
G_56583_right_894,mated,primary_genuine,cross,56583,56583,right,right,A,A,1,A,0.568,gemma3,zero_shot,2026-08-22T22:49:40
I_43210_93812_left_x,non-mated,primary_impostor,cross,43210,93812,left,left,B,A,0,A,0.568,gemma3,zero_shot,2026-08-22T22:49:40
G_87757_right_2434,mated,primary_genuine,same,87757,87757,right,right,A,A,1,A,0.58,gemma3,zero_shot,2026-08-22T22:49:41
G_87757_left_2379,mated,primary_genuine,cross,87757,87757,left,left,A,A,1,A,0.569,gemma3,zero_shot,2026-08-22T22:49:42
I_24101_83742_left_s,non-mated,primary_impostor,same,24101,83742,left,left,B,A,0,A,0.583,gemma3,zero_shot,2026-08-22T22:49:42
D_63029_163,non-mated,diagnostic_impostor,same,63029,63029,left,right,B,A,0,A,0.578,gemma3,zero_shot,2026-08-22T22:49:43
I_27295_76957_left_s,non-mated,primary_impostor,same,27295,76957,left,left,B,A,0,A,0.579,gemma3,zero_shot,2026-08-22T22:49:43
D_58793_153,non-mated,diagnostic_impostor,cross,58793,58793,left,right,B,A,0,A,0.565,gemma3,zero_shot,2026-08-22T22:49:44
G_93812_left_2637,mated,primary_genuine,same,93812,93812,left,left,A,A,1,A,0.556,gemma3,zero_shot,2026-08-22T22:49:44
D_65052_180,non-mated,diagnostic_impostor,same,65052,65052,left,right,B,A,0,A,0.552,gemma3,zero_shot,2026-08-22T22:49:45
I_24101_56583_left_s,non-mated,primary_impostor,same,24101,56583,left,left,B,A,0,A,0.581,gemma3,zero_shot,2026-08-22T22:49:46
G_24101_left_292,mated,primary_genuine,cross,24101,24101,left,left,A,A,1,A,0.571,gemma3,zero_shot,2026-08-22T22:49:46
I_58793_93812_right_x,non-mated,primary_impostor,cross,58793,93812,right,right,B,A,0,A,0.566,gemma3,zero_shot,2026-08-22T22:49:47
I_57145_76957_left_x,non-mated,primary_impostor,cross,57145,76957,left,left,B,A,0,A,0.569,gemma3,zero_shot,2026-08-22T22:49:47
I_65052_83742_right_s,non-mated,primary_impostor,same,65052,83742,right,right,B,A,0,A,0.581,gemma3,zero_shot,2026-08-22T22:49:48
D_20294_18,non-mated,diagnostic_impostor,cross,20294,20294,left,right,B,A,0,A,0.571,gemma3,zero_shot,2026-08-22T22:49:48
D_58793_150,non-mated,diagnostic_impostor,cross,58793,58793,left,right,B,A,0,A,0.581,gemma3,zero_shot,2026-08-22T22:49:49
G_63029_left_1517,mated,primary_genuine,cross,63029,63029,left,left,A,A,1,A,0.613,gemma3,zero_shot,2026-08-22T22:49:50
I_65030_87757_left_x,non-mated,primary_impostor,cross,65030,87757,left,left,B,A,0,A,0.609,gemma3,zero_shot,2026-08-22T22:49:50
I_20294_57833_left_x,non-mated,primary_impostor,cross,20294,57833,left,left,B,A,0,A,0.61,gemma3,zero_shot,2026-08-22T22:49:51
I_65030_74850_right_x,non-mated,primary_impostor,cross,65030,74850,right,right,B,A,0,A,0.569,gemma3,zero_shot,2026-08-22T22:49:51
D_57145_108,non-mated,diagnostic_impostor,same,57145,57145,left,right,B,A,0,A,0.581,gemma3,zero_shot,2026-08-22T22:49:52
G_65030_left_1676,mated,primary_genuine,same,65030,65030,left,left,A,A,1,A,0.554,gemma3,zero_shot,2026-08-22T22:49:52
D_93812_269,non-mated,diagnostic_impostor,same,93812,93812,left,right,B,A,0,A,0.558,gemma3,zero_shot,2026-08-22T22:49:53
I_74850_83742_right_x,non-mated,primary_impostor,cross,74850,83742,right,right,B,A,0,A,0.575,gemma3,zero_shot,2026-08-22T22:49:54
G_93812_left_2625,mated,primary_genuine,cross,93812,93812,left,left,A,A,1,A,0.563,gemma3,zero_shot,2026-08-22T22:49:54
I_20294_56583_left_x,non-mated,primary_impostor,cross,20294,56583,left,left,B,A,0,A,0.577,gemma3,zero_shot,2026-08-22T22:49:55
I_87757_89171_left_s,non-mated,primary_impostor,same,87757,89171,left,left,B,A,0,A,0.58,gemma3,zero_shot,2026-08-22T22:49:55
D_56583_104,non-mated,diagnostic_impostor,same,56583,56583,left,right,B,A,0,A,0.552,gemma3,zero_shot,2026-08-22T22:49:56
I_44595_76957_left_s,non-mated,primary_impostor,same,44595,76957,left,left,B,A,0,A,0.583,gemma3,zero_shot,2026-08-22T22:49:56
I_63029_93812_right_s,non-mated,primary_impostor,same,63029,93812,right,right,B,A,0,A,0.577,gemma3,zero_shot,2026-08-22T22:49:57
I_47904_63029_right_s,non-mated,primary_impostor,same,47904,63029,right,right,B,A,0,A,0.575,gemma3,zero_shot,2026-08-22T22:49:58
I_56583_87757_left_x,non-mated,primary_impostor,cross,56583,87757,left,left,B,A,0,A,0.569,gemma3,zero_shot,2026-08-22T22:49:58
G_76957_right_2173,mated,primary_genuine,cross,76957,76957,right,right,A,A,1,A,0.557,gemma3,zero_shot,2026-08-22T22:49:59
G_87757_right_2424,mated,primary_genuine,same,87757,87757,right,right,A,A,1,A,0.578,gemma3,zero_shot,2026-08-22T22:49:59
D_65052_187,non-mated,diagnostic_impostor,same,65052,65052,left,right,B,A,0,A,0.578,gemma3,zero_shot,2026-08-22T22:50:00
D_47904_94,non-mated,diagnostic_impostor,cross,47904,47904,left,right,B,A,0,A,0.57,gemma3,zero_shot,2026-08-22T22:50:00
D_87757_248,non-mated,diagnostic_impostor,same,87757,87757,left,right,B,A,0,A,0.553,gemma3,zero_shot,2026-08-22T22:50:01
I_27295_44595_left_x,non-mated,primary_impostor,cross,27295,44595,left,left,B,A,0,A,0.569,gemma3,zero_shot,2026-08-22T22:50:02
I_58398_76957_right_s,non-mated,primary_impostor,same,58398,76957,right,right,B,A,0,A,0.579,gemma3,zero_shot,2026-08-22T22:50:02
G_99775_left_2887,mated,primary_genuine,same,99775,99775,left,left,A,A,1,A,0.557,gemma3,zero_shot,2026-08-22T22:50:03
D_27295_47,non-mated,diagnostic_impostor,same,27295,27295,left,right,B,A,0,A,0.577,gemma3,zero_shot,2026-08-22T22:50:03
I_74850_87757_left_s,non-mated,primary_impostor,same,74850,87757,left,left,B,A,0,A,0.583,gemma3,zero_shot,2026-08-22T22:50:04
G_24101_left_297,mated,primary_genuine,same,24101,24101,left,left,A,A,1,A,0.556,gemma3,zero_shot,2026-08-22T22:50:04
D_65052_185,non-mated,diagnostic_impostor,cross,65052,65052,left,right,B,A,0,A,0.561,gemma3,zero_shot,2026-08-22T22:50:05
D_69658_198,non-mated,diagnostic_impostor,cross,69658,69658,left,right,B,A,0,A,0.565,gemma3,zero_shot,2026-08-22T22:50:06
D_63029_162,non-mated,diagnostic_impostor,cross,63029,63029,left,right,B,A,0,A,0.565,gemma3,zero_shot,2026-08-22T22:50:06
D_27295_46,non-mated,diagnostic_impostor,cross,27295,27295,left,right,B,A,0,A,0.566,gemma3,zero_shot,2026-08-22T22:50:07
I_56583_58793_right_x,non-mated,primary_impostor,cross,56583,58793,right,right,B,A,0,A,0.57,gemma3,zero_shot,2026-08-22T22:50:07
D_63029_159,non-mated,diagnostic_impostor,cross,63029,63029,left,right,B,A,0,A,0.566,gemma3,zero_shot,2026-08-22T22:50:08
G_69658_left_1887,mated,primary_genuine,cross,69658,69658,left,left,A,A,1,A,0.564,gemma3,zero_shot,2026-08-22T22:50:08
I_76957_89171_right_x,non-mated,primary_impostor,cross,76957,89171,right,right,B,A,0,A,0.573,gemma3,zero_shot,2026-08-22T22:50:09
G_83742_left_2214,mated,primary_genuine,same,83742,83742,left,left,A,A,1,A,0.581,gemma3,zero_shot,2026-08-22T22:50:10
D_89171_257,non-mated,diagnostic_impostor,same,89171,89171,left,right,B,A,0,A,0.563,gemma3,zero_shot,2026-08-22T22:50:10
I_83742_87757_right_s,non-mated,primary_impostor,same,83742,87757,right,right,B,A,0,A,0.587,gemma3,zero_shot,2026-08-22T22:50:11
D_57833_126,non-mated,diagnostic_impostor,cross,57833,57833,left,right,B,A,0,A,0.561,gemma3,zero_shot,2026-08-22T22:50:11
I_27295_89171_left_x,non-mated,primary_impostor,cross,27295,89171,left,left,B,A,0,A,0.57,gemma3,zero_shot,2026-08-22T22:50:12
I_47904_57145_right_x,non-mated,primary_impostor,cross,47904,57145,right,right,B,A,0,A,0.57,gemma3,zero_shot,2026-08-22T22:50:12
G_27295_right_373,mated,primary_genuine,same,27295,27295,right,right,A,A,1,A,0.584,gemma3,zero_shot,2026-08-22T22:50:13
D_57145_118,non-mated,diagnostic_impostor,same,57145,57145,left,right,B,A,0,A,0.557,gemma3,zero_shot,2026-08-22T22:50:14
G_47904_right_828,mated,primary_genuine,cross,47904,47904,right,right,A,A,1,A,0.571,gemma3,zero_shot,2026-08-22T22:50:14
I_57833_76957_left_x,non-mated,primary_impostor,cross,57833,76957,left,left,B,A,0,A,0.569,gemma3,zero_shot,2026-08-22T22:50:15
I_57833_69658_left_s,non-mated,primary_impostor,same,57833,69658,left,left,B,A,0,A,0.579,gemma3,zero_shot,2026-08-22T22:50:15
G_63029_right_1565,mated,primary_genuine,cross,63029,63029,right,right,A,A,1,A,0.563,gemma3,zero_shot,2026-08-22T22:50:16
G_89171_left_2498,mated,primary_genuine,same,89171,89171,left,left,A,A,1,A,0.577,gemma3,zero_shot,2026-08-22T22:50:16
G_24101_left_295,mated,primary_genuine,same,24101,24101,left,left,A,A,1,A,0.555,gemma3,zero_shot,2026-08-22T22:50:17
G_43210_left_591,mated,primary_genuine,cross,43210,43210,left,left,A,A,1,A,0.556,gemma3,zero_shot,2026-08-22T22:50:18
G_56583_left_856,mated,primary_genuine,cross,56583,56583,left,left,A,A,1,A,0.569,gemma3,zero_shot,2026-08-22T22:50:18
I_32467_56583_left_s,non-mated,primary_impostor,same,32467,56583,left,left,B,A,0,A,0.594,gemma3,zero_shot,2026-08-22T22:50:19
G_93812_left_2630,mated,primary_genuine,cross,93812,93812,left,left,A,A,1,A,0.564,gemma3,zero_shot,2026-08-22T22:50:19
G_58793_right_1464,mated,primary_genuine,same,58793,58793,right,right,A,A,1,A,0.559,gemma3,zero_shot,2026-08-22T22:50:20
I_69658_96608_right_s,non-mated,primary_impostor,same,69658,96608,right,right,B,A,0,A,0.588,gemma3,zero_shot,2026-08-22T22:50:20
G_47904_left_819,mated,primary_genuine,same,47904,47904,left,left,A,A,1,A,0.579,gemma3,zero_shot,2026-08-22T22:50:21
I_65030_93812_right_x,non-mated,primary_impostor,cross,65030,93812,right,right,B,A,0,A,0.575,gemma3,zero_shot,2026-08-22T22:50:22
G_93812_right_2682,mated,primary_genuine,cross,93812,93812,right,right,A,A,1,A,0.566,gemma3,zero_shot,2026-08-22T22:50:22
G_58398_left_1300,mated,primary_genuine,same,58398,58398,left,left,A,A,1,A,0.557,gemma3,zero_shot,2026-08-22T22:50:23
G_93812_right_2669,mated,primary_genuine,same,93812,93812,right,right,A,A,1,A,0.571,gemma3,zero_shot,2026-08-22T22:50:23
G_96608_left_2736,mated,primary_genuine,cross,96608,96608,left,left,A,A,1,A,0.591,gemma3,zero_shot,2026-08-22T22:50:24
G_20294_left_148,mated,primary_genuine,cross,20294,20294,left,left,A,A,1,A,0.613,gemma3,zero_shot,2026-08-22T22:50:24
I_43210_63029_right_x,non-mated,primary_impostor,cross,43210,63029,right,right,B,A,0,A,0.615,gemma3,zero_shot,2026-08-22T22:50:25
G_65052_left_1761,mated,primary_genuine,cross,65052,65052,left,left,A,A,1,A,0.594,gemma3,zero_shot,2026-08-22T22:50:26
G_58398_left_1270,mated,primary_genuine,same,58398,58398,left,left,A,A,1,A,0.583,gemma3,zero_shot,2026-08-22T22:50:26
G_57145_left_982,mated,primary_genuine,same,57145,57145,left,left,A,A,1,A,0.574,gemma3,zero_shot,2026-08-22T22:50:27
D_74850_208,non-mated,diagnostic_impostor,cross,74850,74850,left,right,B,A,0,A,0.565,gemma3,zero_shot,2026-08-22T22:50:27
I_65052_69658_right_x,non-mated,primary_impostor,cross,65052,69658,right,right,B,A,0,A,0.571,gemma3,zero_shot,2026-08-22T22:50:28
I_27295_43210_left_x,non-mated,primary_impostor,cross,27295,43210,left,left,B,A,0,A,0.573,gemma3,zero_shot,2026-08-22T22:50:29
D_24101_34,non-mated,diagnostic_impostor,same,24101,24101,left,right,B,A,0,A,0.588,gemma3,zero_shot,2026-08-22T22:50:29
G_57833_left_1142,mated,primary_genuine,cross,57833,57833,left,left,A,A,1,A,0.564,gemma3,zero_shot,2026-08-22T22:50:30
G_83742_right_2344,mated,primary_genuine,same,83742,83742,right,right,A,A,1,A,0.551,gemma3,zero_shot,2026-08-22T22:50:30
I_47904_96608_right_x,non-mated,primary_impostor,cross,47904,96608,right,right,B,A,0,A,0.564,gemma3,zero_shot,2026-08-22T22:50:31
D_69658_200,non-mated,diagnostic_impostor,same,69658,69658,left,right,B,A,0,A,0.554,gemma3,zero_shot,2026-08-22T22:50:31
G_56583_left_846,mated,primary_genuine,same,56583,56583,left,left,A,A,1,A,0.571,gemma3,zero_shot,2026-08-22T22:50:32
I_57833_83742_right_x,non-mated,primary_impostor,cross,57833,83742,right,right,B,A,0,A,0.567,gemma3,zero_shot,2026-08-22T22:50:33
G_43210_right_637,mated,primary_genuine,same,43210,43210,right,right,A,A,1,A,0.583,gemma3,zero_shot,2026-08-22T22:50:33
I_43210_69658_right_x,non-mated,primary_impostor,cross,43210,69658,right,right,B,A,0,A,0.567,gemma3,zero_shot,2026-08-22T22:50:34
I_14493_58793_right_x,non-mated,primary_impostor,cross,14493,58793,right,right,B,A,0,A,0.571,gemma3,zero_shot,2026-08-22T22:50:34
I_44595_57833_right_x,non-mated,primary_impostor,cross,44595,57833,right,right,B,A,0,A,0.563,gemma3,zero_shot,2026-08-22T22:50:35
G_24101_left_289,mated,primary_genuine,cross,24101,24101,left,left,A,A,1,A,0.568,gemma3,zero_shot,2026-08-22T22:50:35
I_57145_63029_right_s,non-mated,primary_impostor,same,57145,63029,right,right,B,A,0,A,0.578,gemma3,zero_shot,2026-08-22T22:50:36
I_43210_58398_left_s,non-mated,primary_impostor,same,43210,58398,left,left,B,A,0,A,0.579,gemma3,zero_shot,2026-08-22T22:50:37
D_69658_192,non-mated,diagnostic_impostor,cross,69658,69658,left,right,B,A,0,A,0.568,gemma3,zero_shot,2026-08-22T22:50:37
G_63029_right_1618,mated,primary_genuine,same,63029,63029,right,right,A,A,1,A,0.558,gemma3,zero_shot,2026-08-22T22:50:38
I_57833_76957_right_x,non-mated,primary_impostor,cross,57833,76957,right,right,B,A,0,A,0.57,gemma3,zero_shot,2026-08-22T22:50:38
I_58398_58793_left_x,non-mated,primary_impostor,cross,58398,58793,left,left,B,A,0,A,0.576,gemma3,zero_shot,2026-08-22T22:50:39
D_93812_275,non-mated,diagnostic_impostor,same,93812,93812,left,right,B,A,0,A,0.564,gemma3,zero_shot,2026-08-22T22:50:39
I_20294_65030_right_x,non-mated,primary_impostor,cross,20294,65030,right,right,B,A,0,A,0.576,gemma3,zero_shot,2026-08-22T22:50:40
I_57833_83742_left_s,non-mated,primary_impostor,same,57833,83742,left,left,B,A,0,A,0.583,gemma3,zero_shot,2026-08-22T22:50:41
G_32467_right_512,mated,primary_genuine,cross,32467,32467,right,right,A,A,1,A,0.575,gemma3,zero_shot,2026-08-22T22:50:41
G_93812_right_2673,mated,primary_genuine,cross,93812,93812,right,right,A,A,1,A,0.571,gemma3,zero_shot,2026-08-22T22:50:42
I_56583_69658_right_s,non-mated,primary_impostor,same,56583,69658,right,right,B,A,0,A,0.581,gemma3,zero_shot,2026-08-22T22:50:42
I_20294_69658_left_x,non-mated,primary_impostor,cross,20294,69658,left,left,B,A,0,A,0.585,gemma3,zero_shot,2026-08-22T22:50:43
G_27295_left_338,mated,primary_genuine,cross,27295,27295,left,left,A,A,1,A,0.585,gemma3,zero_shot,2026-08-22T22:50:43
I_58793_87757_left_s,non-mated,primary_impostor,same,58793,87757,left,left,B,A,0,A,0.587,gemma3,zero_shot,2026-08-22T22:50:44
D_99775_298,non-mated,diagnostic_impostor,same,99775,99775,left,right,B,A,0,A,0.577,gemma3,zero_shot,2026-08-22T22:50:45
I_57833_93812_right_x,non-mated,primary_impostor,cross,57833,93812,right,right,B,A,0,A,0.576,gemma3,zero_shot,2026-08-22T22:50:45
I_58398_76957_left_s,non-mated,primary_impostor,same,58398,76957,left,left,B,A,0,A,0.587,gemma3,zero_shot,2026-08-22T22:50:46
D_58398_136,non-mated,diagnostic_impostor,cross,58398,58398,left,right,B,A,0,A,0.568,gemma3,zero_shot,2026-08-22T22:50:46
I_47904_57833_left_x,non-mated,primary_impostor,cross,47904,57833,left,left,B,A,0,A,0.575,gemma3,zero_shot,2026-08-22T22:50:47
G_65052_right_1818,mated,primary_genuine,cross,65052,65052,right,right,A,A,1,A,0.572,gemma3,zero_shot,2026-08-22T22:50:47
I_27295_83742_left_s,non-mated,primary_impostor,same,27295,83742,left,left,B,A,0,A,0.582,gemma3,zero_shot,2026-08-22T22:50:48
G_57833_left_1173,mated,primary_genuine,cross,57833,57833,left,left,A,A,1,A,0.571,gemma3,zero_shot,2026-08-22T22:50:49
G_89171_left_2526,mated,primary_genuine,same,89171,89171,left,left,A,A,1,A,0.595,gemma3,zero_shot,2026-08-22T22:50:49
G_76957_left_2116,mated,primary_genuine,cross,76957,76957,left,left,A,A,1,A,0.599,gemma3,zero_shot,2026-08-22T22:50:50
I_56583_93812_left_x,non-mated,primary_impostor,cross,56583,93812,left,left,B,A,0,A,0.615,gemma3,zero_shot,2026-08-22T22:50:50
I_83742_93812_left_x,non-mated,primary_impostor,cross,83742,93812,left,left,B,A,0,A,0.575,gemma3,zero_shot,2026-08-22T22:50:51
I_14493_47904_right_s,non-mated,primary_impostor,same,14493,47904,right,right,B,A,0,A,0.587,gemma3,zero_shot,2026-08-22T22:50:52
G_58793_left_1380,mated,primary_genuine,same,58793,58793,left,left,A,A,1,A,0.577,gemma3,zero_shot,2026-08-22T22:50:52
I_24101_27295_right_s,non-mated,primary_impostor,same,24101,27295,right,right,B,A,0,A,0.585,gemma3,zero_shot,2026-08-22T22:50:53
I_57145_57833_right_x,non-mated,primary_impostor,cross,57145,57833,right,right,B,A,0,A,0.573,gemma3,zero_shot,2026-08-22T22:50:53
G_87757_right_2470,mated,primary_genuine,same,87757,87757,right,right,A,A,1,A,0.56,gemma3,zero_shot,2026-08-22T22:50:54
G_65030_right_1718,mated,primary_genuine,same,65030,65030,right,right,A,A,1,A,0.558,gemma3,zero_shot,2026-08-22T22:50:54
I_69658_87757_right_s,non-mated,primary_impostor,same,69658,87757,right,right,B,A,0,A,0.585,gemma3,zero_shot,2026-08-22T22:50:55
I_65052_87757_left_s,non-mated,primary_impostor,same,65052,87757,left,left,B,A,0,A,0.587,gemma3,zero_shot,2026-08-22T22:50:56
G_93812_left_2641,mated,primary_genuine,same,93812,93812,left,left,A,A,1,A,0.559,gemma3,zero_shot,2026-08-22T22:50:56
G_24101_left_294,mated,primary_genuine,cross,24101,24101,left,left,A,A,1,A,0.57,gemma3,zero_shot,2026-08-22T22:50:57
I_58793_74850_left_x,non-mated,primary_impostor,cross,58793,74850,left,left,B,A,0,A,0.574,gemma3,zero_shot,2026-08-22T22:50:57
I_57833_63029_left_x,non-mated,primary_impostor,cross,57833,63029,left,left,B,A,0,A,0.572,gemma3,zero_shot,2026-08-22T22:50:58
I_20294_69658_right_s,non-mated,primary_impostor,same,20294,69658,right,right,B,A,0,A,0.59,gemma3,zero_shot,2026-08-22T22:50:58
G_47904_left_820,mated,primary_genuine,cross,47904,47904,left,left,A,A,1,A,0.569,gemma3,zero_shot,2026-08-22T22:50:59
G_14493_right_91,mated,primary_genuine,cross,14493,14493,right,right,A,A,1,A,0.568,gemma3,zero_shot,2026-08-22T22:51:00
D_76957_227,non-mated,diagnostic_impostor,same,76957,76957,left,right,B,A,0,A,0.587,gemma3,zero_shot,2026-08-22T22:51:00
I_27295_76957_left_x,non-mated,primary_impostor,cross,27295,76957,left,left,B,A,0,A,0.573,gemma3,zero_shot,2026-08-22T22:51:01
D_63029_164,non-mated,diagnostic_impostor,same,63029,63029,left,right,B,A,0,A,0.559,gemma3,zero_shot,2026-08-22T22:51:01
I_24101_58398_right_x,non-mated,primary_impostor,cross,24101,58398,right,right,B,A,0,A,0.573,gemma3,zero_shot,2026-08-22T22:51:02
G_24101_right_302,mated,primary_genuine,cross,24101,24101,right,right,A,A,1,A,0.571,gemma3,zero_shot,2026-08-22T22:51:02
G_74850_left_2000,mated,primary_genuine,same,74850,74850,left,left,A,A,1,A,0.562,gemma3,zero_shot,2026-08-22T22:51:03
I_69658_99775_right_s,non-mated,primary_impostor,same,69658,99775,right,right,B,A,0,A,0.577,gemma3,zero_shot,2026-08-22T22:51:04
D_65030_176,non-mated,diagnostic_impostor,cross,65030,65030,left,right,B,A,0,A,0.574,gemma3,zero_shot,2026-08-22T22:51:04
G_58793_right_1475,mated,primary_genuine,same,58793,58793,right,right,A,B,0,B,0.559,gemma3,zero_shot,2026-08-22T22:51:05
G_14493_left_59,mated,primary_genuine,same,14493,14493,left,left,A,A,1,A,0.559,gemma3,zero_shot,2026-08-22T22:51:05
I_27295_89171_right_s,non-mated,primary_impostor,same,27295,89171,right,right,B,A,0,A,0.588,gemma3,zero_shot,2026-08-22T22:51:06
I_44595_65052_left_s,non-mated,primary_impostor,same,44595,65052,left,left,B,A,0,A,0.586,gemma3,zero_shot,2026-08-22T22:51:06
I_58398_63029_left_x,non-mated,primary_impostor,cross,58398,63029,left,left,B,A,0,A,0.574,gemma3,zero_shot,2026-08-22T22:51:07
I_43210_99775_right_x,non-mated,primary_impostor,cross,43210,99775,right,right,B,A,0,A,0.576,gemma3,zero_shot,2026-08-22T22:51:08
D_69658_197,non-mated,diagnostic_impostor,same,69658,69658,left,right,B,A,0,A,0.56,gemma3,zero_shot,2026-08-22T22:51:08
I_76957_99775_right_x,non-mated,primary_impostor,cross,76957,99775,right,right,B,A,0,A,0.57,gemma3,zero_shot,2026-08-22T22:51:09
D_96608_283,non-mated,diagnostic_impostor,same,96608,96608,left,right,B,A,0,A,0.581,gemma3,zero_shot,2026-08-22T22:51:09
G_87757_right_2451,mated,primary_genuine,cross,87757,87757,right,right,A,A,1,A,0.567,gemma3,zero_shot,2026-08-22T22:51:10
I_20294_63029_right_x,non-mated,primary_impostor,cross,20294,63029,right,right,B,A,0,A,0.577,gemma3,zero_shot,2026-08-22T22:51:10
D_74850_207,non-mated,diagnostic_impostor,same,74850,74850,left,right,B,A,0,A,0.598,gemma3,zero_shot,2026-08-22T22:51:11
I_47904_69658_left_s,non-mated,primary_impostor,same,47904,69658,left,left,B,A,0,A,0.58,gemma3,zero_shot,2026-08-22T22:51:12
I_32467_89171_right_x,non-mated,primary_impostor,cross,32467,89171,right,right,B,A,0,A,0.577,gemma3,zero_shot,2026-08-22T22:51:12
G_65030_right_1703,mated,primary_genuine,cross,65030,65030,right,right,A,A,1,A,0.565,gemma3,zero_shot,2026-08-22T22:51:13
G_83742_left_2230,mated,primary_genuine,cross,83742,83742,left,left,A,A,1,A,0.569,gemma3,zero_shot,2026-08-22T22:51:13
I_20294_76957_right_x,non-mated,primary_impostor,cross,20294,76957,right,right,B,A,0,A,0.576,gemma3,zero_shot,2026-08-22T22:51:14
G_57833_right_1225,mated,primary_genuine,cross,57833,57833,right,right,A,A,1,A,0.571,gemma3,zero_shot,2026-08-22T22:51:15
D_24101_24,non-mated,diagnostic_impostor,same,24101,24101,left,right,B,A,0,A,0.584,gemma3,zero_shot,2026-08-22T22:51:15
D_58398_141,non-mated,diagnostic_impostor,cross,58398,58398,left,right,B,A,0,A,0.574,gemma3,zero_shot,2026-08-22T22:51:16
G_32467_left_466,mated,primary_genuine,cross,32467,32467,left,left,A,A,1,A,0.561,gemma3,zero_shot,2026-08-22T22:51:16
I_47904_57145_left_x,non-mated,primary_impostor,cross,47904,57145,left,left,B,A,0,A,0.572,gemma3,zero_shot,2026-08-22T22:51:17
G_83742_right_2331,mated,primary_genuine,same,83742,83742,right,right,A,A,1,A,0.563,gemma3,zero_shot,2026-08-22T22:51:17
G_96608_right_2786,mated,primary_genuine,same,96608,96608,right,right,A,A,1,A,0.576,gemma3,zero_shot,2026-08-22T22:51:18
G_57145_right_1101,mated,primary_genuine,same,57145,57145,right,right,A,A,1,A,0.56,gemma3,zero_shot,2026-08-22T22:51:19
I_32467_56583_right_s,non-mated,primary_impostor,same,32467,56583,right,right,B,A,0,A,0.584,gemma3,zero_shot,2026-08-22T22:51:19
G_69658_right_1907,mated,primary_genuine,cross,69658,69658,right,right,A,A,1,A,0.565,gemma3,zero_shot,2026-08-22T22:51:20
I_20294_57145_left_s,non-mated,primary_impostor,same,20294,57145,left,left,B,A,0,A,0.592,gemma3,zero_shot,2026-08-22T22:51:20
I_58398_99775_left_x,non-mated,primary_impostor,cross,58398,99775,left,left,B,A,0,A,0.564,gemma3,zero_shot,2026-08-22T22:51:21
D_65052_190,non-mated,diagnostic_impostor,same,65052,65052,left,right,B,A,0,A,0.558,gemma3,zero_shot,2026-08-22T22:51:21
G_63029_left_1488,mated,primary_genuine,cross,63029,63029,left,left,A,A,1,A,0.569,gemma3,zero_shot,2026-08-22T22:51:22
D_43210_70,non-mated,diagnostic_impostor,same,43210,43210,left,right,B,A,0,A,0.561,gemma3,zero_shot,2026-08-22T22:51:22
I_58398_96608_left_x,non-mated,primary_impostor,cross,58398,96608,left,left,B,A,0,A,0.571,gemma3,zero_shot,2026-08-22T22:51:23
I_57145_96608_left_x,non-mated,primary_impostor,cross,57145,96608,left,left,B,A,0,A,0.576,gemma3,zero_shot,2026-08-22T22:51:24
I_65030_93812_left_x,non-mated,primary_impostor,cross,65030,93812,left,left,B,A,0,A,0.57,gemma3,zero_shot,2026-08-22T22:51:24
I_32467_44595_left_s,non-mated,primary_impostor,same,32467,44595,left,left,B,A,0,A,0.589,gemma3,zero_shot,2026-08-22T22:51:25
G_32467_right_545,mated,primary_genuine,same,32467,32467,right,right,A,A,1,A,0.55,gemma3,zero_shot,2026-08-22T22:51:25
G_63029_left_1542,mated,primary_genuine,same,63029,63029,left,left,A,A,1,A,0.555,gemma3,zero_shot,2026-08-22T22:51:26
D_24101_33,non-mated,diagnostic_impostor,cross,24101,24101,left,right,B,A,0,A,0.566,gemma3,zero_shot,2026-08-22T22:51:26
G_99775_right_2928,mated,primary_genuine,cross,99775,99775,right,right,A,A,1,A,0.569,gemma3,zero_shot,2026-08-22T22:51:27
I_20294_87757_left_x,non-mated,primary_impostor,cross,20294,87757,left,left,B,A,0,A,0.583,gemma3,zero_shot,2026-08-22T22:51:28
G_58793_left_1383,mated,primary_genuine,cross,58793,58793,left,left,A,A,1,A,0.569,gemma3,zero_shot,2026-08-22T22:51:28
G_43210_left_550,mated,primary_genuine,same,43210,43210,left,left,A,A,1,A,0.583,gemma3,zero_shot,2026-08-22T22:51:29
D_57145_117,non-mated,diagnostic_impostor,cross,57145,57145,left,right,B,A,0,A,0.574,gemma3,zero_shot,2026-08-22T22:51:29
I_27295_76957_right_x,non-mated,primary_impostor,cross,27295,76957,right,right,B,A,0,A,0.569,gemma3,zero_shot,2026-08-22T22:51:30
G_57833_left_1192,mated,primary_genuine,same,57833,57833,left,left,A,A,1,A,0.549,gemma3,zero_shot,2026-08-22T22:51:30
G_93812_right_2656,mated,primary_genuine,cross,93812,93812,right,right,A,A,1,A,0.569,gemma3,zero_shot,2026-08-22T22:51:31
I_43210_56583_left_s,non-mated,primary_impostor,same,43210,56583,left,left,B,A,0,A,0.584,gemma3,zero_shot,2026-08-22T22:51:32
D_93812_268,non-mated,diagnostic_impostor,cross,93812,93812,left,right,B,A,0,A,0.568,gemma3,zero_shot,2026-08-22T22:51:32
D_58793_154,non-mated,diagnostic_impostor,same,58793,58793,left,right,B,A,0,A,0.556,gemma3,zero_shot,2026-08-22T22:51:33
G_65052_left_1759,mated,primary_genuine,cross,65052,65052,left,left,A,A,1,A,0.562,gemma3,zero_shot,2026-08-22T22:51:33
G_76957_right_2146,mated,primary_genuine,same,76957,76957,right,right,A,A,1,A,0.586,gemma3,zero_shot,2026-08-22T22:51:34
I_24101_43210_right_s,non-mated,primary_impostor,same,24101,43210,right,right,B,A,0,A,0.627,gemma3,zero_shot,2026-08-22T22:51:35
I_20294_27295_right_x,non-mated,primary_impostor,cross,20294,27295,right,right,B,A,0,A,0.619,gemma3,zero_shot,2026-08-22T22:51:35
G_44595_right_788,mated,primary_genuine,cross,44595,44595,right,right,A,A,1,A,0.589,gemma3,zero_shot,2026-08-22T22:51:36
I_57833_93812_right_s,non-mated,primary_impostor,same,57833,93812,right,right,B,A,0,A,0.581,gemma3,zero_shot,2026-08-22T22:51:36
D_47904_84,non-mated,diagnostic_impostor,cross,47904,47904,left,right,B,A,0,A,0.566,gemma3,zero_shot,2026-08-22T22:51:37
G_56583_left_852,mated,primary_genuine,cross,56583,56583,left,left,A,A,1,A,0.568,gemma3,zero_shot,2026-08-22T22:51:37
I_58793_65052_right_s,non-mated,primary_impostor,same,58793,65052,right,right,B,A,0,A,0.579,gemma3,zero_shot,2026-08-22T22:51:38
D_47904_87,non-mated,diagnostic_impostor,same,47904,47904,left,right,B,A,0,A,0.578,gemma3,zero_shot,2026-08-22T22:51:39
D_76957_219,non-mated,diagnostic_impostor,cross,76957,76957,left,right,B,A,0,A,0.566,gemma3,zero_shot,2026-08-22T22:51:39
I_47904_89171_right_x,non-mated,primary_impostor,cross,47904,89171,right,right,B,A,0,A,0.567,gemma3,zero_shot,2026-08-22T22:51:40
I_43210_58398_left_x,non-mated,primary_impostor,cross,43210,58398,left,left,B,A,0,A,0.565,gemma3,zero_shot,2026-08-22T22:51:40
D_56583_107,non-mated,diagnostic_impostor,cross,56583,56583,left,right,B,A,0,A,0.566,gemma3,zero_shot,2026-08-22T22:51:41
G_74850_left_2008,mated,primary_genuine,same,74850,74850,left,left,A,A,1,A,0.557,gemma3,zero_shot,2026-08-22T22:51:41
D_63029_167,non-mated,diagnostic_impostor,same,63029,63029,left,right,B,A,0,A,0.553,gemma3,zero_shot,2026-08-22T22:51:42
D_96608_277,non-mated,diagnostic_impostor,cross,96608,96608,left,right,B,A,0,A,0.567,gemma3,zero_shot,2026-08-22T22:51:43
G_83742_right_2340,mated,primary_genuine,same,83742,83742,right,right,A,A,1,A,0.555,gemma3,zero_shot,2026-08-22T22:51:43
I_56583_63029_left_x,non-mated,primary_impostor,cross,56583,63029,left,left,B,A,0,A,0.572,gemma3,zero_shot,2026-08-22T22:51:44
D_96608_280,non-mated,diagnostic_impostor,cross,96608,96608,left,right,B,A,0,A,0.566,gemma3,zero_shot,2026-08-22T22:51:44
I_65052_76957_left_x,non-mated,primary_impostor,cross,65052,76957,left,left,B,A,0,A,0.568,gemma3,zero_shot,2026-08-22T22:51:45
G_58398_right_1335,mated,primary_genuine,cross,58398,58398,right,right,A,A,1,A,0.571,gemma3,zero_shot,2026-08-22T22:51:45
D_83742_239,non-mated,diagnostic_impostor,cross,83742,83742,left,right,B,A,0,A,0.563,gemma3,zero_shot,2026-08-22T22:51:46
I_63029_83742_left_s,non-mated,primary_impostor,same,63029,83742,left,left,B,A,0,A,0.582,gemma3,zero_shot,2026-08-22T22:51:47
I_47904_56583_right_x,non-mated,primary_impostor,cross,47904,56583,right,right,B,A,0,A,0.569,gemma3,zero_shot,2026-08-22T22:51:47
G_57145_left_976,mated,primary_genuine,cross,57145,57145,left,left,A,A,1,A,0.57,gemma3,zero_shot,2026-08-22T22:51:48
G_76957_left_2132,mated,primary_genuine,same,76957,76957,left,left,A,A,1,A,0.556,gemma3,zero_shot,2026-08-22T22:51:48
D_57145_115,non-mated,diagnostic_impostor,same,57145,57145,left,right,B,A,0,A,0.577,gemma3,zero_shot,2026-08-22T22:51:49
I_43210_76957_left_x,non-mated,primary_impostor,cross,43210,76957,left,left,B,A,0,A,0.569,gemma3,zero_shot,2026-08-22T22:51:49
G_14493_right_109,mated,primary_genuine,cross,14493,14493,right,right,A,A,1,A,0.561,gemma3,zero_shot,2026-08-22T22:51:50
I_69658_74850_left_s,non-mated,primary_impostor,same,69658,74850,left,left,B,A,0,A,0.581,gemma3,zero_shot,2026-08-22T22:51:51
D_20294_16,non-mated,diagnostic_impostor,cross,20294,20294,left,right,B,A,0,A,0.567,gemma3,zero_shot,2026-08-22T22:51:51
I_58793_89171_left_x,non-mated,primary_impostor,cross,58793,89171,left,left,B,A,0,A,0.571,gemma3,zero_shot,2026-08-22T22:51:52
G_99775_left_2873,mated,primary_genuine,cross,99775,99775,left,left,A,A,1,A,0.56,gemma3,zero_shot,2026-08-22T22:51:52
D_58793_155,non-mated,diagnostic_impostor,cross,58793,58793,left,right,B,A,0,A,0.56,gemma3,zero_shot,2026-08-22T22:51:53
I_24101_57833_right_s,non-mated,primary_impostor,same,24101,57833,right,right,B,A,0,A,0.583,gemma3,zero_shot,2026-08-22T22:51:53
D_74850_210,non-mated,diagnostic_impostor,same,74850,74850,left,right,B,A,0,A,0.588,gemma3,zero_shot,2026-08-22T22:51:54
I_47904_65052_right_s,non-mated,primary_impostor,same,47904,65052,right,right,B,A,0,A,0.581,gemma3,zero_shot,2026-08-22T22:51:55
I_65030_89171_right_s,non-mated,primary_impostor,same,65030,89171,right,right,B,A,0,A,0.586,gemma3,zero_shot,2026-08-22T22:51:55
G_56583_right_912,mated,primary_genuine,cross,56583,56583,right,right,A,A,1,A,0.57,gemma3,zero_shot,2026-08-22T22:51:56
I_43210_76957_right_x,non-mated,primary_impostor,cross,43210,76957,right,right,B,A,0,A,0.57,gemma3,zero_shot,2026-08-22T22:51:56
I_47904_74850_right_s,non-mated,primary_impostor,same,47904,74850,right,right,B,A,0,A,0.584,gemma3,zero_shot,2026-08-22T22:51:57
D_47904_95,non-mated,diagnostic_impostor,same,47904,47904,left,right,B,A,0,A,0.584,gemma3,zero_shot,2026-08-22T22:51:57
G_44595_right_766,mated,primary_genuine,cross,44595,44595,right,right,A,A,1,A,0.566,gemma3,zero_shot,2026-08-22T22:51:58
G_43210_right_678,mated,primary_genuine,same,43210,43210,right,right,A,A,1,A,0.549,gemma3,zero_shot,2026-08-22T22:51:59
D_27295_41,non-mated,diagnostic_impostor,cross,27295,27295,left,right,B,A,0,A,0.597,gemma3,zero_shot,2026-08-22T22:51:59
I_58398_89171_left_s,non-mated,primary_impostor,same,58398,89171,left,left,B,A,0,A,0.629,gemma3,zero_shot,2026-08-22T22:52:00
I_24101_83742_left_x,non-mated,primary_impostor,cross,24101,83742,left,left,B,A,0,A,0.61,gemma3,zero_shot,2026-08-22T22:52:00
I_57833_65052_right_s,non-mated,primary_impostor,same,57833,65052,right,right,B,A,0,A,0.611,gemma3,zero_shot,2026-08-22T22:52:01
I_58793_63029_left_x,non-mated,primary_impostor,cross,58793,63029,left,left,B,A,0,A,0.575,gemma3,zero_shot,2026-08-22T22:52:02
G_57833_right_1242,mated,primary_genuine,cross,57833,57833,right,right,A,A,1,A,0.56,gemma3,zero_shot,2026-08-22T22:52:02
D_44595_79,non-mated,diagnostic_impostor,same,44595,44595,left,right,B,A,0,A,0.554,gemma3,zero_shot,2026-08-22T22:52:03
G_93812_right_2677,mated,primary_genuine,cross,93812,93812,right,right,A,A,1,A,0.564,gemma3,zero_shot,2026-08-22T22:52:03
I_44595_93812_right_x,non-mated,primary_impostor,cross,44595,93812,right,right,B,A,0,A,0.57,gemma3,zero_shot,2026-08-22T22:52:04
G_93812_right_2681,mated,primary_genuine,cross,93812,93812,right,right,A,A,1,A,0.558,gemma3,zero_shot,2026-08-22T22:52:04
I_57145_76957_right_s,non-mated,primary_impostor,same,57145,76957,right,right,B,A,0,A,0.588,gemma3,zero_shot,2026-08-22T22:52:05
I_43210_89171_right_x,non-mated,primary_impostor,cross,43210,89171,right,right,B,A,0,A,0.572,gemma3,zero_shot,2026-08-22T22:52:06
D_74850_211,non-mated,diagnostic_impostor,same,74850,74850,left,right,B,A,0,A,0.595,gemma3,zero_shot,2026-08-22T22:52:06
I_14493_65052_right_x,non-mated,primary_impostor,cross,14493,65052,right,right,B,A,0,A,0.575,gemma3,zero_shot,2026-08-22T22:52:07
G_58793_right_1458,mated,primary_genuine,same,58793,58793,right,right,A,A,1,A,0.555,gemma3,zero_shot,2026-08-22T22:52:07
G_93812_right_2688,mated,primary_genuine,same,93812,93812,right,right,A,A,1,A,0.559,gemma3,zero_shot,2026-08-22T22:52:08
G_56583_right_907,mated,primary_genuine,cross,56583,56583,right,right,A,A,1,A,0.566,gemma3,zero_shot,2026-08-22T22:52:08
I_57145_57833_left_s,non-mated,primary_impostor,same,57145,57833,left,left,B,A,0,A,0.588,gemma3,zero_shot,2026-08-22T22:52:09
G_65052_right_1852,mated,primary_genuine,same,65052,65052,right,right,A,A,1,A,0.552,gemma3,zero_shot,2026-08-22T22:52:10
I_57145_69658_left_x,non-mated,primary_impostor,cross,57145,69658,left,left,B,A,0,A,0.573,gemma3,zero_shot,2026-08-22T22:52:10
G_65030_right_1694,mated,primary_genuine,cross,65030,65030,right,right,A,A,1,A,0.57,gemma3,zero_shot,2026-08-22T22:52:11
D_93812_265,non-mated,diagnostic_impostor,same,93812,93812,left,right,B,A,0,A,0.585,gemma3,zero_shot,2026-08-22T22:52:11
I_43210_65030_left_x,non-mated,primary_impostor,cross,43210,65030,left,left,B,A,0,A,0.569,gemma3,zero_shot,2026-08-22T22:52:12
I_44595_89171_left_s,non-mated,primary_impostor,same,44595,89171,left,left,B,A,0,A,0.581,gemma3,zero_shot,2026-08-22T22:52:12
I_87757_93812_right_s,non-mated,primary_impostor,same,87757,93812,right,right,B,A,0,A,0.584,gemma3,zero_shot,2026-08-22T22:52:13
I_44595_99775_right_x,non-mated,primary_impostor,cross,44595,99775,right,right,B,A,0,A,0.567,gemma3,zero_shot,2026-08-22T22:52:14
G_87757_left_2398,mated,primary_genuine,same,87757,87757,left,left,A,A,1,A,0.556,gemma3,zero_shot,2026-08-22T22:52:14
I_43210_44595_right_s,non-mated,primary_impostor,same,43210,44595,right,right,B,A,0,A,0.584,gemma3,zero_shot,2026-08-22T22:52:15
G_57833_right_1256,mated,primary_genuine,same,57833,57833,right,right,A,A,1,A,0.553,gemma3,zero_shot,2026-08-22T22:52:15
I_43210_89171_left_s,non-mated,primary_impostor,same,43210,89171,left,left,B,A,0,A,0.579,gemma3,zero_shot,2026-08-22T22:52:16
G_69658_left_1884,mated,primary_genuine,cross,69658,69658,left,left,A,A,1,A,0.56,gemma3,zero_shot,2026-08-22T22:52:16
G_57833_left_1134,mated,primary_genuine,cross,57833,57833,left,left,A,A,1,A,0.57,gemma3,zero_shot,2026-08-22T22:52:17
G_44595_left_695,mated,primary_genuine,same,44595,44595,left,left,A,A,1,A,0.576,gemma3,zero_shot,2026-08-22T22:52:18
D_44595_75,non-mated,diagnostic_impostor,cross,44595,44595,left,right,B,A,0,A,0.566,gemma3,zero_shot,2026-08-22T22:52:18
D_58793_149,non-mated,diagnostic_impostor,same,58793,58793,left,right,B,A,0,A,0.553,gemma3,zero_shot,2026-08-22T22:52:19
G_65052_left_1726,mated,primary_genuine,same,65052,65052,left,left,A,A,1,A,0.582,gemma3,zero_shot,2026-08-22T22:52:19
I_57145_69658_right_x,non-mated,primary_impostor,cross,57145,69658,right,right,B,A,0,A,0.568,gemma3,zero_shot,2026-08-22T22:52:20
G_20294_right_261,mated,primary_genuine,cross,20294,20294,right,right,A,A,1,A,0.562,gemma3,zero_shot,2026-08-22T22:52:20
I_65030_87757_right_s,non-mated,primary_impostor,same,65030,87757,right,right,B,A,0,A,0.584,gemma3,zero_shot,2026-08-22T22:52:21
I_24101_57833_right_x,non-mated,primary_impostor,cross,24101,57833,right,right,B,A,0,A,0.569,gemma3,zero_shot,2026-08-22T22:52:21
G_44595_left_739,mated,primary_genuine,same,44595,44595,left,left,A,B,0,B,0.556,gemma3,zero_shot,2026-08-22T22:52:22
I_63029_99775_right_x,non-mated,primary_impostor,cross,63029,99775,right,right,B,A,0,A,0.566,gemma3,zero_shot,2026-08-22T22:52:23
G_24101_right_305,mated,primary_genuine,same,24101,24101,right,right,A,A,1,A,0.554,gemma3,zero_shot,2026-08-22T22:52:23
G_65052_left_1758,mated,primary_genuine,cross,65052,65052,left,left,A,A,1,A,0.605,gemma3,zero_shot,2026-08-22T22:52:24
I_56583_83742_left_s,non-mated,primary_impostor,same,56583,83742,left,left,B,A,0,A,0.629,gemma3,zero_shot,2026-08-22T22:52:24
D_58398_139,non-mated,diagnostic_impostor,cross,58398,58398,left,right,B,A,0,A,0.607,gemma3,zero_shot,2026-08-22T22:52:25
G_32467_right_538,mated,primary_genuine,same,32467,32467,right,right,A,A,1,A,0.569,gemma3,zero_shot,2026-08-22T22:52:26
D_47904_91,non-mated,diagnostic_impostor,same,47904,47904,left,right,B,A,0,A,0.578,gemma3,zero_shot,2026-08-22T22:52:26
G_47904_left_822,mated,primary_genuine,cross,47904,47904,left,left,A,A,1,A,0.569,gemma3,zero_shot,2026-08-22T22:52:27
G_87757_left_2365,mated,primary_genuine,cross,87757,87757,left,left,A,A,1,A,0.569,gemma3,zero_shot,2026-08-22T22:52:27
I_14493_58398_right_s,non-mated,primary_impostor,same,14493,58398,right,right,B,A,0,A,0.585,gemma3,zero_shot,2026-08-22T22:52:28
I_56583_58398_right_s,non-mated,primary_impostor,same,56583,58398,right,right,B,A,0,A,0.586,gemma3,zero_shot,2026-08-22T22:52:28
I_24101_65030_left_s,non-mated,primary_impostor,same,24101,65030,left,left,B,A,0,A,0.581,gemma3,zero_shot,2026-08-22T22:52:29
G_56583_left_864,mated,primary_genuine,cross,56583,56583,left,left,A,A,1,A,0.563,gemma3,zero_shot,2026-08-22T22:52:30
I_74850_83742_right_s,non-mated,primary_impostor,same,74850,83742,right,right,B,A,0,A,0.587,gemma3,zero_shot,2026-08-22T22:52:30
I_24101_74850_right_s,non-mated,primary_impostor,same,24101,74850,right,right,B,A,0,A,0.586,gemma3,zero_shot,2026-08-22T22:52:31
I_65030_69658_right_s,non-mated,primary_impostor,same,65030,69658,right,right,B,A,0,A,0.584,gemma3,zero_shot,2026-08-22T22:52:31
I_89171_99775_right_s,non-mated,primary_impostor,same,89171,99775,right,right,B,A,0,A,0.586,gemma3,zero_shot,2026-08-22T22:52:32
I_63029_99775_left_x,non-mated,primary_impostor,cross,63029,99775,left,left,B,A,0,A,0.562,gemma3,zero_shot,2026-08-22T22:52:33
I_14493_27295_right_x,non-mated,primary_impostor,cross,14493,27295,right,right,B,A,0,A,0.577,gemma3,zero_shot,2026-08-22T22:52:33
I_24101_87757_left_s,non-mated,primary_impostor,same,24101,87757,left,left,B,A,0,A,0.586,gemma3,zero_shot,2026-08-22T22:52:34
D_20294_19,non-mated,diagnostic_impostor,cross,20294,20294,left,right,B,A,0,A,0.578,gemma3,zero_shot,2026-08-22T22:52:34
I_57833_58793_right_s,non-mated,primary_impostor,same,57833,58793,right,right,B,A,0,A,0.582,gemma3,zero_shot,2026-08-22T22:52:35
I_47904_89171_left_x,non-mated,primary_impostor,cross,47904,89171,left,left,B,A,0,A,0.577,gemma3,zero_shot,2026-08-22T22:52:35
G_32467_left_455,mated,primary_genuine,cross,32467,32467,left,left,A,A,1,A,0.57,gemma3,zero_shot,2026-08-22T22:52:36
G_24101_right_303,mated,primary_genuine,cross,24101,24101,right,right,A,A,1,A,0.565,gemma3,zero_shot,2026-08-22T22:52:37
D_47904_85,non-mated,diagnostic_impostor,same,47904,47904,left,right,B,A,0,A,0.585,gemma3,zero_shot,2026-08-22T22:52:37
G_43210_right_675,mated,primary_genuine,same,43210,43210,right,right,A,A,1,A,0.557,gemma3,zero_shot,2026-08-22T22:52:38
I_24101_58398_right_s,non-mated,primary_impostor,same,24101,58398,right,right,B,A,0,A,0.587,gemma3,zero_shot,2026-08-22T22:52:38
D_83742_233,non-mated,diagnostic_impostor,cross,83742,83742,left,right,B,A,0,A,0.567,gemma3,zero_shot,2026-08-22T22:52:39
G_27295_right_398,mated,primary_genuine,cross,27295,27295,right,right,A,A,1,A,0.563,gemma3,zero_shot,2026-08-22T22:52:39
D_20294_14,non-mated,diagnostic_impostor,cross,20294,20294,left,right,B,A,0,A,0.565,gemma3,zero_shot,2026-08-22T22:52:40
G_58398_right_1349,mated,primary_genuine,cross,58398,58398,right,right,A,A,1,A,0.561,gemma3,zero_shot,2026-08-22T22:52:41
D_44595_81,non-mated,diagnostic_impostor,cross,44595,44595,left,right,B,A,0,A,0.563,gemma3,zero_shot,2026-08-22T22:52:41
I_57833_99775_left_s,non-mated,primary_impostor,same,57833,99775,left,left,B,A,0,A,0.579,gemma3,zero_shot,2026-08-22T22:52:42
G_99775_right_2922,mated,primary_genuine,cross,99775,99775,right,right,A,A,1,A,0.564,gemma3,zero_shot,2026-08-22T22:52:42
D_65030_179,non-mated,diagnostic_impostor,same,65030,65030,left,right,B,A,0,A,0.552,gemma3,zero_shot,2026-08-22T22:52:43
G_47904_right_829,mated,primary_genuine,same,47904,47904,right,right,A,A,1,A,0.581,gemma3,zero_shot,2026-08-22T22:52:43
G_24101_right_306,mated,primary_genuine,same,24101,24101,right,right,A,A,1,A,0.552,gemma3,zero_shot,2026-08-22T22:52:44
I_57833_74850_left_x,non-mated,primary_impostor,cross,57833,74850,left,left,B,A,0,A,0.571,gemma3,zero_shot,2026-08-22T22:52:45
G_76957_right_2153,mated,primary_genuine,same,76957,76957,right,right,A,A,1,A,0.581,gemma3,zero_shot,2026-08-22T22:52:45
G_63029_left_1538,mated,primary_genuine,same,63029,63029,left,left,A,A,1,A,0.555,gemma3,zero_shot,2026-08-22T22:52:46
I_32467_43210_right_x,non-mated,primary_impostor,cross,32467,43210,right,right,B,A,0,A,0.574,gemma3,zero_shot,2026-08-22T22:52:46
I_20294_65052_right_s,non-mated,primary_impostor,same,20294,65052,right,right,B,A,0,A,0.596,gemma3,zero_shot,2026-08-22T22:52:47
I_44595_58793_right_x,non-mated,primary_impostor,cross,44595,58793,right,right,B,A,0,A,0.569,gemma3,zero_shot,2026-08-22T22:52:47
I_56583_74850_right_s,non-mated,primary_impostor,same,56583,74850,right,right,B,A,0,A,0.589,gemma3,zero_shot,2026-08-22T22:52:48
D_43210_62,non-mated,diagnostic_impostor,same,43210,43210,left,right,B,A,0,A,0.597,gemma3,zero_shot,2026-08-22T22:52:49
I_57833_99775_left_x,non-mated,primary_impostor,cross,57833,99775,left,left,B,A,0,A,0.606,gemma3,zero_shot,2026-08-22T22:52:49
G_44595_right_812,mated,primary_genuine,same,44595,44595,right,right,A,A,1,A,0.59,gemma3,zero_shot,2026-08-22T22:52:50
G_32467_left_420,mated,primary_genuine,same,32467,32467,left,left,A,A,1,A,0.63,gemma3,zero_shot,2026-08-22T22:52:50
G_27295_right_377,mated,primary_genuine,cross,27295,27295,right,right,A,A,1,A,0.57,gemma3,zero_shot,2026-08-22T22:52:51
D_76957_216,non-mated,diagnostic_impostor,cross,76957,76957,left,right,B,A,0,A,0.558,gemma3,zero_shot,2026-08-22T22:52:52
D_14493_3,non-mated,diagnostic_impostor,same,14493,14493,left,right,B,A,0,A,0.574,gemma3,zero_shot,2026-08-22T22:52:52
I_24101_58793_left_x,non-mated,primary_impostor,cross,24101,58793,left,left,B,A,0,A,0.568,gemma3,zero_shot,2026-08-22T22:52:53
I_24101_65030_right_s,non-mated,primary_impostor,same,24101,65030,right,right,B,A,0,A,0.587,gemma3,zero_shot,2026-08-22T22:52:53
I_56583_63029_left_s,non-mated,primary_impostor,same,56583,63029,left,left,B,A,0,A,0.586,gemma3,zero_shot,2026-08-22T22:52:54
I_43210_57833_left_s,non-mated,primary_impostor,same,43210,57833,left,left,B,A,0,A,0.584,gemma3,zero_shot,2026-08-22T22:52:54
I_43210_63029_left_s,non-mated,primary_impostor,same,43210,63029,left,left,B,A,0,A,0.582,gemma3,zero_shot,2026-08-22T22:52:55
G_57145_left_960,mated,primary_genuine,same,57145,57145,left,left,A,A,1,A,0.587,gemma3,zero_shot,2026-08-22T22:52:56
G_27295_left_337,mated,primary_genuine,cross,27295,27295,left,left,A,A,1,A,0.582,gemma3,zero_shot,2026-08-22T22:52:56
G_89171_left_2527,mated,primary_genuine,same,89171,89171,left,left,A,A,1,A,0.553,gemma3,zero_shot,2026-08-22T22:52:57
G_27295_left_361,mated,primary_genuine,same,27295,27295,left,left,A,A,1,A,0.552,gemma3,zero_shot,2026-08-22T22:52:57
I_44595_56583_right_s,non-mated,primary_impostor,same,44595,56583,right,right,B,A,0,A,0.583,gemma3,zero_shot,2026-08-22T22:52:58
I_76957_83742_right_x,non-mated,primary_impostor,cross,76957,83742,right,right,B,A,0,A,0.569,gemma3,zero_shot,2026-08-22T22:52:58
D_43210_66,non-mated,diagnostic_impostor,cross,43210,43210,left,right,B,A,0,A,0.559,gemma3,zero_shot,2026-08-22T22:52:59
I_57833_87757_left_x,non-mated,primary_impostor,cross,57833,87757,left,left,B,A,0,A,0.57,gemma3,zero_shot,2026-08-22T22:53:00
I_27295_57833_left_x,non-mated,primary_impostor,cross,27295,57833,left,left,B,A,0,A,0.57,gemma3,zero_shot,2026-08-22T22:53:00
I_56583_76957_right_x,non-mated,primary_impostor,cross,56583,76957,right,right,B,A,0,A,0.57,gemma3,zero_shot,2026-08-22T22:53:01
D_76957_217,non-mated,diagnostic_impostor,same,76957,76957,left,right,B,A,0,A,0.587,gemma3,zero_shot,2026-08-22T22:53:01
G_89171_left_2496,mated,primary_genuine,same,89171,89171,left,left,A,A,1,A,0.608,gemma3,zero_shot,2026-08-22T22:53:02
I_32467_57145_left_s,non-mated,primary_impostor,same,32467,57145,left,left,B,A,0,A,0.601,gemma3,zero_shot,2026-08-22T22:53:02
G_96608_right_2788,mated,primary_genuine,cross,96608,96608,right,right,A,A,1,A,0.572,gemma3,zero_shot,2026-08-22T22:53:03
I_58793_87757_left_x,non-mated,primary_impostor,cross,58793,87757,left,left,B,A,0,A,0.575,gemma3,zero_shot,2026-08-22T22:53:04
G_58398_right_1321,mated,primary_genuine,cross,58398,58398,right,right,A,A,1,A,0.568,gemma3,zero_shot,2026-08-22T22:53:04
I_47904_56583_left_x,non-mated,primary_impostor,cross,47904,56583,left,left,B,A,0,A,0.569,gemma3,zero_shot,2026-08-22T22:53:05
D_65052_188,non-mated,diagnostic_impostor,same,65052,65052,left,right,B,A,0,A,0.558,gemma3,zero_shot,2026-08-22T22:53:05
I_44595_87757_left_x,non-mated,primary_impostor,cross,44595,87757,left,left,B,A,0,A,0.57,gemma3,zero_shot,2026-08-22T22:53:06
D_99775_290,non-mated,diagnostic_impostor,cross,99775,99775,left,right,B,A,0,A,0.571,gemma3,zero_shot,2026-08-22T22:53:06
G_83742_right_2269,mated,primary_genuine,same,83742,83742,right,right,A,A,1,A,0.586,gemma3,zero_shot,2026-08-22T22:53:07
G_32467_right_485,mated,primary_genuine,same,32467,32467,right,right,A,A,1,A,0.584,gemma3,zero_shot,2026-08-22T22:53:08
D_58398_140,non-mated,diagnostic_impostor,same,58398,58398,left,right,B,A,0,A,0.549,gemma3,zero_shot,2026-08-22T22:53:08
I_57145_87757_right_s,non-mated,primary_impostor,same,57145,87757,right,right,B,A,0,A,0.589,gemma3,zero_shot,2026-08-22T22:53:09
D_57833_123,non-mated,diagnostic_impostor,same,57833,57833,left,right,B,A,0,A,0.583,gemma3,zero_shot,2026-08-22T22:53:09
D_83742_229,non-mated,diagnostic_impostor,cross,83742,83742,left,right,B,A,0,A,0.564,gemma3,zero_shot,2026-08-22T22:53:10
D_43210_61,non-mated,diagnostic_impostor,cross,43210,43210,left,right,B,A,0,A,0.568,gemma3,zero_shot,2026-08-22T22:53:11
D_57145_119,non-mated,diagnostic_impostor,same,57145,57145,left,right,B,A,0,A,0.58,gemma3,zero_shot,2026-08-22T22:53:11
D_58398_143,non-mated,diagnostic_impostor,cross,58398,58398,left,right,B,A,0,A,0.563,gemma3,zero_shot,2026-08-22T22:53:12
G_69658_left_1883,mated,primary_genuine,cross,69658,69658,left,left,A,A,1,A,0.566,gemma3,zero_shot,2026-08-22T22:53:12
G_57833_right_1204,mated,primary_genuine,same,57833,57833,right,right,A,A,1,A,0.595,gemma3,zero_shot,2026-08-22T22:53:13
D_89171_254,non-mated,diagnostic_impostor,cross,89171,89171,left,right,B,A,0,A,0.574,gemma3,zero_shot,2026-08-22T22:53:13
I_57833_69658_right_s,non-mated,primary_impostor,same,57833,69658,right,right,B,A,0,A,0.584,gemma3,zero_shot,2026-08-22T22:53:14
I_14493_57833_right_x,non-mated,primary_impostor,cross,14493,57833,right,right,B,A,0,A,0.573,gemma3,zero_shot,2026-08-22T22:53:15
I_57145_63029_right_x,non-mated,primary_impostor,cross,57145,63029,right,right,B,A,0,A,0.575,gemma3,zero_shot,2026-08-22T22:53:15
D_47904_88,non-mated,diagnostic_impostor,cross,47904,47904,left,right,B,A,0,A,0.564,gemma3,zero_shot,2026-08-22T22:53:16
G_65052_right_1843,mated,primary_genuine,same,65052,65052,right,right,A,A,1,A,0.554,gemma3,zero_shot,2026-08-22T22:53:16
D_14493_11,non-mated,diagnostic_impostor,cross,14493,14493,left,right,B,A,0,A,0.564,gemma3,zero_shot,2026-08-22T22:53:17
G_43210_right_625,mated,primary_genuine,cross,43210,43210,right,right,A,A,1,A,0.57,gemma3,zero_shot,2026-08-22T22:53:17
I_58398_93812_right_x,non-mated,primary_impostor,cross,58398,93812,right,right,B,A,0,A,0.572,gemma3,zero_shot,2026-08-22T22:53:18
I_56583_74850_left_x,non-mated,primary_impostor,cross,56583,74850,left,left,B,A,0,A,0.572,gemma3,zero_shot,2026-08-22T22:53:19
I_56583_65052_right_x,non-mated,primary_impostor,cross,56583,65052,right,right,B,A,0,A,0.573,gemma3,zero_shot,2026-08-22T22:53:19
D_65030_178,non-mated,diagnostic_impostor,same,65030,65030,left,right,B,A,0,A,0.577,gemma3,zero_shot,2026-08-22T22:53:20
D_65052_184,non-mated,diagnostic_impostor,same,65052,65052,left,right,B,A,0,A,0.553,gemma3,zero_shot,2026-08-22T22:53:20
I_57145_76957_right_x,non-mated,primary_impostor,cross,57145,76957,right,right,B,A,0,A,0.572,gemma3,zero_shot,2026-08-22T22:53:21
D_44595_80,non-mated,diagnostic_impostor,cross,44595,44595,left,right,B,A,0,A,0.564,gemma3,zero_shot,2026-08-22T22:53:21
G_99775_left_2861,mated,primary_genuine,cross,99775,99775,left,left,A,A,1,A,0.564,gemma3,zero_shot,2026-08-22T22:53:22
I_14493_24101_left_s,non-mated,primary_impostor,same,14493,24101,left,left,B,A,0,A,0.585,gemma3,zero_shot,2026-08-22T22:53:23
G_96608_right_2827,mated,primary_genuine,same,96608,96608,right,right,A,A,1,A,0.555,gemma3,zero_shot,2026-08-22T22:53:23
I_27295_96608_right_s,non-mated,primary_impostor,same,27295,96608,right,right,B,A,0,A,0.597,gemma3,zero_shot,2026-08-22T22:53:24
I_32467_76957_right_x,non-mated,primary_impostor,cross,32467,76957,right,right,B,A,0,A,0.612,gemma3,zero_shot,2026-08-22T22:53:24
G_65030_left_1637,mated,primary_genuine,same,65030,65030,left,left,A,A,1,A,0.615,gemma3,zero_shot,2026-08-22T22:53:25
G_99775_left_2851,mated,primary_genuine,same,99775,99775,left,left,A,A,1,A,0.617,gemma3,zero_shot,2026-08-22T22:53:25
I_14493_27295_left_s,non-mated,primary_impostor,same,14493,27295,left,left,B,A,0,A,0.589,gemma3,zero_shot,2026-08-22T22:53:26
D_99775_297,non-mated,diagnostic_impostor,same,99775,99775,left,right,B,A,0,A,0.574,gemma3,zero_shot,2026-08-22T22:53:27
G_74850_left_1990,mated,primary_genuine,cross,74850,74850,left,left,A,A,1,A,0.563,gemma3,zero_shot,2026-08-22T22:53:27
G_43210_left_571,mated,primary_genuine,same,43210,43210,left,left,A,A,1,A,0.597,gemma3,zero_shot,2026-08-22T22:53:28
D_89171_260,non-mated,diagnostic_impostor,cross,89171,89171,left,right,B,A,0,A,0.574,gemma3,zero_shot,2026-08-22T22:53:28
G_43210_right_640,mated,primary_genuine,cross,43210,43210,right,right,A,A,1,A,0.576,gemma3,zero_shot,2026-08-22T22:53:29
I_58398_83742_right_x,non-mated,primary_impostor,cross,58398,83742,right,right,B,A,0,A,0.573,gemma3,zero_shot,2026-08-22T22:53:30
G_57833_left_1132,mated,primary_genuine,cross,57833,57833,left,left,A,A,1,A,0.574,gemma3,zero_shot,2026-08-22T22:53:30
I_65052_69658_right_s,non-mated,primary_impostor,same,65052,69658,right,right,B,A,0,A,0.584,gemma3,zero_shot,2026-08-22T22:53:31
I_76957_87757_left_x,non-mated,primary_impostor,cross,76957,87757,left,left,B,A,0,A,0.574,gemma3,zero_shot,2026-08-22T22:53:31
G_93812_left_2590,mated,primary_genuine,same,93812,93812,left,left,A,A,1,A,0.575,gemma3,zero_shot,2026-08-22T22:53:32
I_58398_65052_left_s,non-mated,primary_impostor,same,58398,65052,left,left,B,A,0,A,0.587,gemma3,zero_shot,2026-08-22T22:53:32
G_74850_right_2071,mated,primary_genuine,same,74850,74850,right,right,A,A,1,A,0.557,gemma3,zero_shot,2026-08-22T22:53:33
G_47904_right_831,mated,primary_genuine,cross,47904,47904,right,right,A,A,1,A,0.565,gemma3,zero_shot,2026-08-22T22:53:34
G_69658_right_1934,mated,primary_genuine,cross,69658,69658,right,right,A,A,1,A,0.56,gemma3,zero_shot,2026-08-22T22:53:34
G_43210_right_672,mated,primary_genuine,same,43210,43210,right,right,A,A,1,A,0.554,gemma3,zero_shot,2026-08-22T22:53:35
G_76957_right_2171,mated,primary_genuine,cross,76957,76957,right,right,A,A,1,A,0.558,gemma3,zero_shot,2026-08-22T22:53:35
G_24101_left_293,mated,primary_genuine,cross,24101,24101,left,left,A,A,1,A,0.567,gemma3,zero_shot,2026-08-22T22:53:36
G_74850_left_1992,mated,primary_genuine,cross,74850,74850,left,left,A,A,1,A,0.563,gemma3,zero_shot,2026-08-22T22:53:36
G_56583_right_941,mated,primary_genuine,same,56583,56583,right,right,A,A,1,A,0.552,gemma3,zero_shot,2026-08-22T22:53:37
I_57145_96608_right_x,non-mated,primary_impostor,cross,57145,96608,right,right,B,A,0,A,0.57,gemma3,zero_shot,2026-08-22T22:53:37
G_99775_left_2892,mated,primary_genuine,same,99775,99775,left,left,A,A,1,A,0.554,gemma3,zero_shot,2026-08-22T22:53:38
D_58398_132,non-mated,diagnostic_impostor,same,58398,58398,left,right,B,A,0,A,0.582,gemma3,zero_shot,2026-08-22T22:53:39
I_69658_83742_left_s,non-mated,primary_impostor,same,69658,83742,left,left,B,A,0,A,0.582,gemma3,zero_shot,2026-08-22T22:53:39
G_99775_right_2925,mated,primary_genuine,same,99775,99775,right,right,A,A,1,A,0.57,gemma3,zero_shot,2026-08-22T22:53:40
D_27295_40,non-mated,diagnostic_impostor,cross,27295,27295,left,right,B,A,0,A,0.56,gemma3,zero_shot,2026-08-22T22:53:40
I_20294_47904_right_s,non-mated,primary_impostor,same,20294,47904,right,right,B,A,0,A,0.589,gemma3,zero_shot,2026-08-22T22:53:41
G_63029_right_1590,mated,primary_genuine,same,63029,63029,right,right,A,A,1,A,0.577,gemma3,zero_shot,2026-08-22T22:53:42
G_93812_left_2614,mated,primary_genuine,same,93812,93812,left,left,A,A,1,A,0.576,gemma3,zero_shot,2026-08-22T22:53:42
I_27295_69658_left_x,non-mated,primary_impostor,cross,27295,69658,left,left,B,A,0,A,0.57,gemma3,zero_shot,2026-08-22T22:53:43
I_57833_83742_left_x,non-mated,primary_impostor,cross,57833,83742,left,left,B,B,1,B,0.572,gemma3,zero_shot,2026-08-22T22:53:43
G_20294_left_141,mated,primary_genuine,cross,20294,20294,left,left,A,A,1,A,0.579,gemma3,zero_shot,2026-08-22T22:53:44
I_43210_74850_right_x,non-mated,primary_impostor,cross,43210,74850,right,right,B,A,0,A,0.571,gemma3,zero_shot,2026-08-22T22:53:44
I_58398_96608_right_s,non-mated,primary_impostor,same,58398,96608,right,right,B,A,0,A,0.588,gemma3,zero_shot,2026-08-22T22:53:45
I_96608_99775_left_s,non-mated,primary_impostor,same,96608,99775,left,left,B,A,0,A,0.591,gemma3,zero_shot,2026-08-22T22:53:46
I_20294_96608_right_x,non-mated,primary_impostor,cross,20294,96608,right,right,B,A,0,A,0.577,gemma3,zero_shot,2026-08-22T22:53:46
G_57833_right_1200,mated,primary_genuine,cross,57833,57833,right,right,A,A,1,A,0.571,gemma3,zero_shot,2026-08-22T22:53:47
G_76957_left_2129,mated,primary_genuine,same,76957,76957,left,left,A,A,1,A,0.556,gemma3,zero_shot,2026-08-22T22:53:47
I_58793_99775_right_s,non-mated,primary_impostor,same,58793,99775,right,right,B,A,0,A,0.575,gemma3,zero_shot,2026-08-22T22:53:48
D_65030_173,non-mated,diagnostic_impostor,same,65030,65030,left,right,B,A,0,A,0.56,gemma3,zero_shot,2026-08-22T22:53:48
G_58398_right_1342,mated,primary_genuine,cross,58398,58398,right,right,A,A,1,A,0.582,gemma3,zero_shot,2026-08-22T22:53:49
I_57145_65052_right_s,non-mated,primary_impostor,same,57145,65052,right,right,B,A,0,A,0.626,gemma3,zero_shot,2026-08-22T22:53:50
G_89171_right_2565,mated,primary_genuine,cross,89171,89171,right,right,A,A,1,A,0.606,gemma3,zero_shot,2026-08-22T22:53:50
G_57145_right_1110,mated,primary_genuine,same,57145,57145,right,right,A,A,1,A,0.586,gemma3,zero_shot,2026-08-22T22:53:51
G_69658_left_1901,mated,primary_genuine,same,69658,69658,left,left,A,A,1,A,0.548,gemma3,zero_shot,2026-08-22T22:53:51
D_65030_169,non-mated,diagnostic_impostor,same,65030,65030,left,right,B,A,0,A,0.548,gemma3,zero_shot,2026-08-22T22:53:52
G_74850_left_1971,mated,primary_genuine,cross,74850,74850,left,left,A,A,1,A,0.585,gemma3,zero_shot,2026-08-22T22:53:52
D_56583_103,non-mated,diagnostic_impostor,same,56583,56583,left,right,B,A,0,A,0.556,gemma3,zero_shot,2026-08-22T22:53:53
G_87757_left_2382,mated,primary_genuine,cross,87757,87757,left,left,A,A,1,A,0.568,gemma3,zero_shot,2026-08-22T22:53:54
G_65052_left_1748,mated,primary_genuine,same,65052,65052,left,left,A,A,1,A,0.578,gemma3,zero_shot,2026-08-22T22:53:54
I_56583_57145_right_s,non-mated,primary_impostor,same,56583,57145,right,right,B,A,0,A,0.587,gemma3,zero_shot,2026-08-22T22:53:55
G_87757_left_2371,mated,primary_genuine,cross,87757,87757,left,left,A,A,1,A,0.576,gemma3,zero_shot,2026-08-22T22:53:55
G_56583_right_898,mated,primary_genuine,cross,56583,56583,right,right,A,A,1,A,0.565,gemma3,zero_shot,2026-08-22T22:53:56
I_32467_87757_left_s,non-mated,primary_impostor,same,32467,87757,left,left,B,A,0,A,0.591,gemma3,zero_shot,2026-08-22T22:53:56
I_24101_87757_right_s,non-mated,primary_impostor,same,24101,87757,right,right,B,A,0,A,0.586,gemma3,zero_shot,2026-08-22T22:53:57
I_24101_99775_left_x,non-mated,primary_impostor,cross,24101,99775,left,left,B,A,0,A,0.562,gemma3,zero_shot,2026-08-22T22:53:58
I_65052_69658_left_s,non-mated,primary_impostor,same,65052,69658,left,left,B,A,0,A,0.581,gemma3,zero_shot,2026-08-22T22:53:58
I_44595_63029_left_x,non-mated,primary_impostor,cross,44595,63029,left,left,B,A,0,A,0.569,gemma3,zero_shot,2026-08-22T22:53:59
I_63029_99775_left_s,non-mated,primary_impostor,same,63029,99775,left,left,B,A,0,A,0.581,gemma3,zero_shot,2026-08-22T22:53:59
I_32467_47904_left_s,non-mated,primary_impostor,same,32467,47904,left,left,B,A,0,A,0.591,gemma3,zero_shot,2026-08-22T22:54:00
I_58793_83742_right_x,non-mated,primary_impostor,cross,58793,83742,right,right,B,A,0,A,0.563,gemma3,zero_shot,2026-08-22T22:54:01
I_32467_83742_right_x,non-mated,primary_impostor,cross,32467,83742,right,right,B,A,0,A,0.573,gemma3,zero_shot,2026-08-22T22:54:01
I_14493_93812_right_s,non-mated,primary_impostor,same,14493,93812,right,right,B,A,0,A,0.586,gemma3,zero_shot,2026-08-22T22:54:02
I_27295_56583_right_x,non-mated,primary_impostor,cross,27295,56583,right,right,B,A,0,A,0.568,gemma3,zero_shot,2026-08-22T22:54:02
D_99775_294,non-mated,diagnostic_impostor,cross,99775,99775,left,right,B,A,0,A,0.567,gemma3,zero_shot,2026-08-22T22:54:03
G_32467_left_430,mated,primary_genuine,same,32467,32467,left,left,A,A,1,A,0.589,gemma3,zero_shot,2026-08-22T22:54:03
G_96608_right_2810,mated,primary_genuine,cross,96608,96608,right,right,A,A,1,A,0.562,gemma3,zero_shot,2026-08-22T22:54:04
D_32467_50,non-mated,diagnostic_impostor,cross,32467,32467,left,right,B,A,0,A,0.568,gemma3,zero_shot,2026-08-22T22:54:05
I_65030_69658_right_x,non-mated,primary_impostor,cross,65030,69658,right,right,B,A,0,A,0.571,gemma3,zero_shot,2026-08-22T22:54:05
G_74850_right_2016,mated,primary_genuine,same,74850,74850,right,right,A,A,1,A,0.579,gemma3,zero_shot,2026-08-22T22:54:06
I_47904_93812_right_s,non-mated,primary_impostor,same,47904,93812,right,right,B,A,0,A,0.578,gemma3,zero_shot,2026-08-22T22:54:06
I_27295_65030_right_s,non-mated,primary_impostor,same,27295,65030,right,right,B,A,0,A,0.581,gemma3,zero_shot,2026-08-22T22:54:07
I_20294_83742_left_x,non-mated,primary_impostor,cross,20294,83742,left,left,B,A,0,A,0.58,gemma3,zero_shot,2026-08-22T22:54:07
I_57833_58793_right_x,non-mated,primary_impostor,cross,57833,58793,right,right,B,A,0,A,0.572,gemma3,zero_shot,2026-08-22T22:54:08
I_43210_65030_right_x,non-mated,primary_impostor,cross,43210,65030,right,right,B,A,0,A,0.572,gemma3,zero_shot,2026-08-22T22:54:09
G_32467_left_454,mated,primary_genuine,cross,32467,32467,left,left,A,A,1,A,0.568,gemma3,zero_shot,2026-08-22T22:54:09
I_47904_89171_left_s,non-mated,primary_impostor,same,47904,89171,left,left,B,A,0,A,0.583,gemma3,zero_shot,2026-08-22T22:54:10
D_20294_15,non-mated,diagnostic_impostor,same,20294,20294,left,right,B,A,0,A,0.564,gemma3,zero_shot,2026-08-22T22:54:10
I_65030_93812_left_s,non-mated,primary_impostor,same,65030,93812,left,left,B,A,0,A,0.578,gemma3,zero_shot,2026-08-22T22:54:11
G_58793_left_1386,mated,primary_genuine,cross,58793,58793,left,left,A,A,1,A,0.569,gemma3,zero_shot,2026-08-22T22:54:11
D_76957_226,non-mated,diagnostic_impostor,same,76957,76957,left,right,B,A,0,A,0.58,gemma3,zero_shot,2026-08-22T22:54:12
D_63029_166,non-mated,diagnostic_impostor,cross,63029,63029,left,right,B,A,0,A,0.561,gemma3,zero_shot,2026-08-22T22:54:13
I_20294_32467_right_s,non-mated,primary_impostor,same,20294,32467,right,right,B,A,0,A,0.594,gemma3,zero_shot,2026-08-22T22:54:13
I_58793_87757_right_x,non-mated,primary_impostor,cross,58793,87757,right,right,B,A,0,A,0.569,gemma3,zero_shot,2026-08-22T22:54:14
I_24101_69658_left_s,non-mated,primary_impostor,same,24101,69658,left,left,B,A,0,A,0.582,gemma3,zero_shot,2026-08-22T22:54:14
G_96608_right_2818,mated,primary_genuine,same,96608,96608,right,right,A,A,1,A,0.556,gemma3,zero_shot,2026-08-22T22:54:15
G_47904_right_830,mated,primary_genuine,cross,47904,47904,right,right,A,A,1,A,0.573,gemma3,zero_shot,2026-08-22T22:54:15
I_47904_74850_left_x,non-mated,primary_impostor,cross,47904,74850,left,left,B,A,0,A,0.577,gemma3,zero_shot,2026-08-22T22:54:16
I_65052_76957_right_x,non-mated,primary_impostor,cross,65052,76957,right,right,B,A,0,A,0.57,gemma3,zero_shot,2026-08-22T22:54:17
I_27295_58398_right_s,non-mated,primary_impostor,same,27295,58398,right,right,B,A,0,A,0.581,gemma3,zero_shot,2026-08-22T22:54:17
I_58793_93812_left_s,non-mated,primary_impostor,same,58793,93812,left,left,B,A,0,A,0.58,gemma3,zero_shot,2026-08-22T22:54:18
I_44595_74850_right_s,non-mated,primary_impostor,same,44595,74850,right,right,B,A,0,A,0.579,gemma3,zero_shot,2026-08-22T22:54:18
I_32467_96608_left_x,non-mated,primary_impostor,cross,32467,96608,left,left,B,A,0,A,0.581,gemma3,zero_shot,2026-08-22T22:54:19
I_65052_74850_right_x,non-mated,primary_impostor,cross,65052,74850,right,right,B,A,0,A,0.57,gemma3,zero_shot,2026-08-22T22:54:19
G_76957_right_2177,mated,primary_genuine,same,76957,76957,right,right,A,A,1,A,0.555,gemma3,zero_shot,2026-08-22T22:54:20
I_63029_96608_left_x,non-mated,primary_impostor,cross,63029,96608,left,left,B,A,0,A,0.57,gemma3,zero_shot,2026-08-22T22:54:21
I_83742_89171_right_s,non-mated,primary_impostor,same,83742,89171,right,right,B,A,0,A,0.581,gemma3,zero_shot,2026-08-22T22:54:21
D_76957_220,non-mated,diagnostic_impostor,same,76957,76957,left,right,B,A,0,A,0.557,gemma3,zero_shot,2026-08-22T22:54:22
G_74850_right_2055,mated,primary_genuine,cross,74850,74850,right,right,A,B,0,B,0.564,gemma3,zero_shot,2026-08-22T22:54:22
I_24101_58793_right_s,non-mated,primary_impostor,same,24101,58793,right,right,B,A,0,A,0.581,gemma3,zero_shot,2026-08-22T22:54:23
G_83742_right_2285,mated,primary_genuine,cross,83742,83742,right,right,A,A,1,A,0.584,gemma3,zero_shot,2026-08-22T22:54:23
D_56583_100,non-mated,diagnostic_impostor,same,56583,56583,left,right,B,A,0,A,0.615,gemma3,zero_shot,2026-08-22T22:54:24
I_20294_65052_left_s,non-mated,primary_impostor,same,20294,65052,left,left,B,A,0,A,0.64,gemma3,zero_shot,2026-08-22T22:54:25
G_43210_left_606,mated,primary_genuine,same,43210,43210,left,left,A,A,1,A,0.6,gemma3,zero_shot,2026-08-22T22:54:25
I_58398_99775_right_x,non-mated,primary_impostor,cross,58398,99775,right,right,B,A,0,A,0.588,gemma3,zero_shot,2026-08-22T22:54:26
D_87757_251,non-mated,diagnostic_impostor,same,87757,87757,left,right,B,A,0,A,0.558,gemma3,zero_shot,2026-08-22T22:54:26
I_43210_57833_left_x,non-mated,primary_impostor,cross,43210,57833,left,left,B,A,0,A,0.57,gemma3,zero_shot,2026-08-22T22:54:27
G_14493_right_129,mated,primary_genuine,same,14493,14493,right,right,A,A,1,A,0.557,gemma3,zero_shot,2026-08-22T22:54:28
I_57833_76957_right_s,non-mated,primary_impostor,same,57833,76957,right,right,B,A,0,A,0.584,gemma3,zero_shot,2026-08-22T22:54:28
G_69658_left_1892,mated,primary_genuine,same,69658,69658,left,left,A,A,1,A,0.559,gemma3,zero_shot,2026-08-22T22:54:29
I_57145_65052_left_s,non-mated,primary_impostor,same,57145,65052,left,left,B,A,0,A,0.588,gemma3,zero_shot,2026-08-22T22:54:29
D_57145_110,non-mated,diagnostic_impostor,same,57145,57145,left,right,B,A,0,A,0.56,gemma3,zero_shot,2026-08-22T22:54:30
G_56583_left_862,mated,primary_genuine,same,56583,56583,left,left,A,A,1,A,0.568,gemma3,zero_shot,2026-08-22T22:54:30
G_57145_left_951,mated,primary_genuine,cross,57145,57145,left,left,A,A,1,A,0.575,gemma3,zero_shot,2026-08-22T22:54:31
G_65052_left_1732,mated,primary_genuine,cross,65052,65052,left,left,A,A,1,A,0.569,gemma3,zero_shot,2026-08-22T22:54:32
G_57145_right_1090,mated,primary_genuine,cross,57145,57145,right,right,A,A,1,A,0.567,gemma3,zero_shot,2026-08-22T22:54:32
D_44595_82,non-mated,diagnostic_impostor,same,44595,44595,left,right,B,A,0,A,0.566,gemma3,zero_shot,2026-08-22T22:54:33
I_47904_76957_left_s,non-mated,primary_impostor,same,47904,76957,left,left,B,A,0,A,0.584,gemma3,zero_shot,2026-08-22T22:54:33
D_57833_128,non-mated,diagnostic_impostor,same,57833,57833,left,right,B,A,0,A,0.559,gemma3,zero_shot,2026-08-22T22:54:34
G_96608_right_2782,mated,primary_genuine,cross,96608,96608,right,right,A,A,1,A,0.566,gemma3,zero_shot,2026-08-22T22:54:34
D_58398_137,non-mated,diagnostic_impostor,same,58398,58398,left,right,B,A,0,A,0.582,gemma3,zero_shot,2026-08-22T22:54:35
I_43210_99775_left_x,non-mated,primary_impostor,cross,43210,99775,left,left,B,A,0,A,0.565,gemma3,zero_shot,2026-08-22T22:54:36
G_57145_right_1105,mated,primary_genuine,same,57145,57145,right,right,A,A,1,A,0.558,gemma3,zero_shot,2026-08-22T22:54:36
G_20294_right_214,mated,primary_genuine,same,20294,20294,right,right,A,A,1,A,0.584,gemma3,zero_shot,2026-08-22T22:54:37
D_69658_201,non-mated,diagnostic_impostor,cross,69658,69658,left,right,B,A,0,A,0.656,gemma3,zero_shot,2026-08-22T22:54:37
D_74850_209,non-mated,diagnostic_impostor,same,74850,74850,left,right,B,A,0,A,0.582,gemma3,zero_shot,2026-08-22T22:54:38
I_47904_83742_left_s,non-mated,primary_impostor,same,47904,83742,left,left,B,A,0,A,0.59,gemma3,zero_shot,2026-08-22T22:54:39
I_65030_65052_left_s,non-mated,primary_impostor,same,65030,65052,left,left,B,A,0,A,0.586,gemma3,zero_shot,2026-08-22T22:54:39
I_63029_65030_right_s,non-mated,primary_impostor,same,63029,65030,right,right,B,A,0,A,0.582,gemma3,zero_shot,2026-08-22T22:54:40
G_43210_right_669,mated,primary_genuine,same,43210,43210,right,right,A,A,1,A,0.554,gemma3,zero_shot,2026-08-22T22:54:40
G_83742_right_2295,mated,primary_genuine,cross,83742,83742,right,right,A,A,1,A,0.575,gemma3,zero_shot,2026-08-22T22:54:41
G_14493_left_30,mated,primary_genuine,same,14493,14493,left,left,A,A,1,A,0.576,gemma3,zero_shot,2026-08-22T22:54:41
G_93812_right_2664,mated,primary_genuine,cross,93812,93812,right,right,A,A,1,A,0.576,gemma3,zero_shot,2026-08-22T22:54:42
D_57833_124,non-mated,diagnostic_impostor,cross,57833,57833,left,right,B,A,0,A,0.567,gemma3,zero_shot,2026-08-22T22:54:43
D_27295_42,non-mated,diagnostic_impostor,same,27295,27295,left,right,B,A,0,A,0.581,gemma3,zero_shot,2026-08-22T22:54:43
I_27295_87757_left_x,non-mated,primary_impostor,cross,27295,87757,left,left,B,A,0,A,0.567,gemma3,zero_shot,2026-08-22T22:54:44
G_43210_left_559,mated,primary_genuine,cross,43210,43210,left,left,A,B,0,B,0.567,gemma3,zero_shot,2026-08-22T22:54:44
I_44595_96608_right_s,non-mated,primary_impostor,same,44595,96608,right,right,B,A,0,A,0.586,gemma3,zero_shot,2026-08-22T22:54:45
G_89171_right_2550,mated,primary_genuine,cross,89171,89171,right,right,A,A,1,A,0.573,gemma3,zero_shot,2026-08-22T22:54:45
D_87757_244,non-mated,diagnostic_impostor,cross,87757,87757,left,right,B,A,0,A,0.571,gemma3,zero_shot,2026-08-22T22:54:46
G_83742_right_2341,mated,primary_genuine,same,83742,83742,right,right,A,A,1,A,0.56,gemma3,zero_shot,2026-08-22T22:54:47
G_44595_right_779,mated,primary_genuine,same,44595,44595,right,right,A,A,1,A,0.567,gemma3,zero_shot,2026-08-22T22:54:47
G_14493_right_120,mated,primary_genuine,same,14493,14493,right,right,A,A,1,A,0.553,gemma3,zero_shot,2026-08-22T22:54:48
I_43210_57145_right_x,non-mated,primary_impostor,cross,43210,57145,right,right,B,A,0,A,0.571,gemma3,zero_shot,2026-08-22T22:54:48
I_57833_89171_left_s,non-mated,primary_impostor,same,57833,89171,left,left,B,A,0,A,0.598,gemma3,zero_shot,2026-08-22T22:54:49
G_65030_left_1649,mated,primary_genuine,cross,65030,65030,left,left,A,A,1,A,0.613,gemma3,zero_shot,2026-08-22T22:54:50
G_44595_left_723,mated,primary_genuine,cross,44595,44595,left,left,A,A,1,A,0.604,gemma3,zero_shot,2026-08-22T22:54:50
I_83742_96608_right_s,non-mated,primary_impostor,same,83742,96608,right,right,B,A,0,A,0.623,gemma3,zero_shot,2026-08-22T22:54:51
I_44595_65030_right_s,non-mated,primary_impostor,same,44595,65030,right,right,B,A,0,A,0.586,gemma3,zero_shot,2026-08-22T22:54:51
I_58793_99775_left_x,non-mated,primary_impostor,cross,58793,99775,left,left,B,A,0,A,0.568,gemma3,zero_shot,2026-08-22T22:54:52
I_83742_93812_right_x,non-mated,primary_impostor,cross,83742,93812,right,right,B,A,0,A,0.574,gemma3,zero_shot,2026-08-22T22:54:52
I_14493_76957_right_x,non-mated,primary_impostor,cross,14493,76957,right,right,B,A,0,A,0.574,gemma3,zero_shot,2026-08-22T22:54:53
I_14493_63029_right_x,non-mated,primary_impostor,cross,14493,63029,right,right,B,A,0,A,0.573,gemma3,zero_shot,2026-08-22T22:54:54
I_43210_96608_left_x,non-mated,primary_impostor,cross,43210,96608,left,left,B,A,0,A,0.571,gemma3,zero_shot,2026-08-22T22:54:54
G_14493_left_63,mated,primary_genuine,same,14493,14493,left,left,A,A,1,A,0.549,gemma3,zero_shot,2026-08-22T22:54:55
I_14493_43210_left_x,non-mated,primary_impostor,cross,14493,43210,left,left,B,A,0,A,0.571,gemma3,zero_shot,2026-08-22T22:54:55
D_93812_267,non-mated,diagnostic_impostor,cross,93812,93812,left,right,B,A,0,A,0.569,gemma3,zero_shot,2026-08-22T22:54:56
I_20294_24101_left_s,non-mated,primary_impostor,same,20294,24101,left,left,B,A,0,A,0.59,gemma3,zero_shot,2026-08-22T22:54:56
D_44595_74,non-mated,diagnostic_impostor,cross,44595,44595,left,right,B,A,0,A,0.558,gemma3,zero_shot,2026-08-22T22:54:57
G_76957_right_2169,mated,primary_genuine,cross,76957,76957,right,right,A,A,1,A,0.556,gemma3,zero_shot,2026-08-22T22:54:58
I_56583_57833_right_x,non-mated,primary_impostor,cross,56583,57833,right,right,B,A,0,A,0.568,gemma3,zero_shot,2026-08-22T22:54:58
I_69658_93812_left_x,non-mated,primary_impostor,cross,69658,93812,left,left,B,A,0,A,0.568,gemma3,zero_shot,2026-08-22T22:54:59
I_57145_87757_left_s,non-mated,primary_impostor,same,57145,87757,left,left,B,A,0,A,0.584,gemma3,zero_shot,2026-08-22T22:54:59
D_83742_231,non-mated,diagnostic_impostor,same,83742,83742,left,right,B,A,0,A,0.579,gemma3,zero_shot,2026-08-22T22:55:00
G_87757_right_2446,mated,primary_genuine,cross,87757,87757,right,right,A,A,1,A,0.572,gemma3,zero_shot,2026-08-22T22:55:00
G_87757_right_2429,mated,primary_genuine,cross,87757,87757,right,right,A,A,1,A,0.575,gemma3,zero_shot,2026-08-22T22:55:01
I_20294_65030_right_s,non-mated,primary_impostor,same,20294,65030,right,right,B,A,0,A,0.59,gemma3,zero_shot,2026-08-22T22:55:02
I_57145_83742_right_x,non-mated,primary_impostor,cross,57145,83742,right,right,B,A,0,A,0.572,gemma3,zero_shot,2026-08-22T22:55:02
G_56583_right_901,mated,primary_genuine,same,56583,56583,right,right,A,A,1,A,0.575,gemma3,zero_shot,2026-08-22T22:55:03
G_47904_left_815,mated,primary_genuine,same,47904,47904,left,left,A,A,1,A,0.582,gemma3,zero_shot,2026-08-22T22:55:03
I_44595_93812_left_x,non-mated,primary_impostor,cross,44595,93812,left,left,B,A,0,A,0.572,gemma3,zero_shot,2026-08-22T22:55:04
I_57145_65052_right_x,non-mated,primary_impostor,cross,57145,65052,right,right,B,A,0,A,0.574,gemma3,zero_shot,2026-08-22T22:55:04
G_76957_right_2174,mated,primary_genuine,same,76957,76957,right,right,A,A,1,A,0.564,gemma3,zero_shot,2026-08-22T22:55:05
G_32467_left_450,mated,primary_genuine,cross,32467,32467,left,left,A,A,1,A,0.57,gemma3,zero_shot,2026-08-22T22:55:06
I_32467_83742_right_s,non-mated,primary_impostor,same,32467,83742,right,right,B,A,0,A,0.583,gemma3,zero_shot,2026-08-22T22:55:06
I_57145_99775_left_x,non-mated,primary_impostor,cross,57145,99775,left,left,B,A,0,A,0.567,gemma3,zero_shot,2026-08-22T22:55:07
G_58398_left_1303,mated,primary_genuine,same,58398,58398,left,left,A,A,1,A,0.555,gemma3,zero_shot,2026-08-22T22:55:07
I_63029_87757_left_s,non-mated,primary_impostor,same,63029,87757,left,left,B,A,0,A,0.579,gemma3,zero_shot,2026-08-22T22:55:08
G_57145_left_991,mated,primary_genuine,same,57145,57145,left,left,A,A,1,A,0.577,gemma3,zero_shot,2026-08-22T22:55:08
G_93812_right_2685,mated,primary_genuine,cross,93812,93812,right,right,A,A,1,A,0.563,gemma3,zero_shot,2026-08-22T22:55:09
G_76957_left_2096,mated,primary_genuine,cross,76957,76957,left,left,A,A,1,A,0.568,gemma3,zero_shot,2026-08-22T22:55:10
D_14493_5,non-mated,diagnostic_impostor,same,14493,14493,left,right,B,A,0,A,0.553,gemma3,zero_shot,2026-08-22T22:55:10
I_65030_89171_left_x,non-mated,primary_impostor,cross,65030,89171,left,left,B,A,0,A,0.565,gemma3,zero_shot,2026-08-22T22:55:11
G_63029_left_1526,mated,primary_genuine,cross,63029,63029,left,left,A,A,1,A,0.563,gemma3,zero_shot,2026-08-22T22:55:11
D_96608_279,non-mated,diagnostic_impostor,same,96608,96608,left,right,B,A,0,A,0.576,gemma3,zero_shot,2026-08-22T22:55:12
D_27295_39,non-mated,diagnostic_impostor,cross,27295,27295,left,right,B,A,0,A,0.583,gemma3,zero_shot,2026-08-22T22:55:12
G_58793_left_1406,mated,primary_genuine,same,58793,58793,left,left,A,A,1,A,0.559,gemma3,zero_shot,2026-08-22T22:55:13
G_27295_left_350,mated,primary_genuine,cross,27295,27295,left,left,A,A,1,A,0.562,gemma3,zero_shot,2026-08-22T22:55:14
G_44595_left_722,mated,primary_genuine,cross,44595,44595,left,left,A,A,1,A,0.563,gemma3,zero_shot,2026-08-22T22:55:14
I_44595_63029_right_s,non-mated,primary_impostor,same,44595,63029,right,right,B,A,0,A,0.579,gemma3,zero_shot,2026-08-22T22:55:15
G_47904_right_827,mated,primary_genuine,cross,47904,47904,right,right,A,A,1,A,0.571,gemma3,zero_shot,2026-08-22T22:55:15
I_24101_32467_right_s,non-mated,primary_impostor,same,24101,32467,right,right,B,A,0,A,0.588,gemma3,zero_shot,2026-08-22T22:55:16
G_58398_left_1275,mated,primary_genuine,cross,58398,58398,left,left,A,A,1,A,0.572,gemma3,zero_shot,2026-08-22T22:55:16
I_83742_87757_right_x,non-mated,primary_impostor,cross,83742,87757,right,right,B,A,0,A,0.573,gemma3,zero_shot,2026-08-22T22:55:17
I_43210_44595_right_x,non-mated,primary_impostor,cross,43210,44595,right,right,B,A,0,A,0.572,gemma3,zero_shot,2026-08-22T22:55:18
I_44595_57145_right_s,non-mated,primary_impostor,same,44595,57145,right,right,B,A,0,A,0.586,gemma3,zero_shot,2026-08-22T22:55:18
G_14493_right_119,mated,primary_genuine,same,14493,14493,right,right,A,A,1,A,0.558,gemma3,zero_shot,2026-08-22T22:55:19
D_89171_259,non-mated,diagnostic_impostor,same,89171,89171,left,right,B,A,0,A,0.586,gemma3,zero_shot,2026-08-22T22:55:19
G_24101_left_291,mated,primary_genuine,cross,24101,24101,left,left,A,A,1,A,0.569,gemma3,zero_shot,2026-08-22T22:55:20
I_58398_65052_right_s,non-mated,primary_impostor,same,58398,65052,right,right,B,A,0,A,0.587,gemma3,zero_shot,2026-08-22T22:55:20
I_65030_87757_left_s,non-mated,primary_impostor,same,65030,87757,left,left,B,A,0,A,0.583,gemma3,zero_shot,2026-08-22T22:55:21
G_76957_right_2163,mated,primary_genuine,cross,76957,76957,right,right,A,A,1,A,0.569,gemma3,zero_shot,2026-08-22T22:55:22
G_65052_right_1803,mated,primary_genuine,same,65052,65052,right,right,A,A,1,A,0.579,gemma3,zero_shot,2026-08-22T22:55:22
G_24101_right_299,mated,primary_genuine,cross,24101,24101,right,right,A,A,1,A,0.575,gemma3,zero_shot,2026-08-22T22:55:23
D_89171_253,non-mated,diagnostic_impostor,same,89171,89171,left,right,B,A,0,A,0.585,gemma3,zero_shot,2026-08-22T22:55:23
I_14493_20294_right_s,non-mated,primary_impostor,same,14493,20294,right,right,B,A,0,A,0.638,gemma3,zero_shot,2026-08-22T22:55:24
D_57145_112,non-mated,diagnostic_impostor,same,57145,57145,left,right,B,A,0,A,0.592,gemma3,zero_shot,2026-08-22T22:55:25
G_99775_right_2956,mated,primary_genuine,same,99775,99775,right,right,A,A,1,A,0.596,gemma3,zero_shot,2026-08-22T22:55:25
D_93812_270,non-mated,diagnostic_impostor,same,93812,93812,left,right,B,A,0,A,0.6,gemma3,zero_shot,2026-08-22T22:55:26
G_57145_left_946,mated,primary_genuine,same,57145,57145,left,left,A,A,1,A,0.587,gemma3,zero_shot,2026-08-22T22:55:26
I_24101_89171_left_x,non-mated,primary_impostor,cross,24101,89171,left,left,B,A,0,A,0.573,gemma3,zero_shot,2026-08-22T22:55:27
G_44595_left_757,mated,primary_genuine,same,44595,44595,left,left,A,A,1,A,0.555,gemma3,zero_shot,2026-08-22T22:55:28
D_24101_25,non-mated,diagnostic_impostor,same,24101,24101,left,right,B,A,0,A,0.559,gemma3,zero_shot,2026-08-22T22:55:28
G_44595_right_803,mated,primary_genuine,same,44595,44595,right,right,A,A,1,A,0.558,gemma3,zero_shot,2026-08-22T22:55:29
G_96608_right_2787,mated,primary_genuine,cross,96608,96608,right,right,A,A,1,A,0.571,gemma3,zero_shot,2026-08-22T22:55:29
G_20294_right_254,mated,primary_genuine,cross,20294,20294,right,right,A,A,1,A,0.565,gemma3,zero_shot,2026-08-22T22:55:30
I_65030_83742_right_x,non-mated,primary_impostor,cross,65030,83742,right,right,B,A,0,A,0.57,gemma3,zero_shot,2026-08-22T22:55:30
I_27295_89171_right_x,non-mated,primary_impostor,cross,27295,89171,right,right,B,A,0,A,0.573,gemma3,zero_shot,2026-08-22T22:55:31
D_57833_120,non-mated,diagnostic_impostor,cross,57833,57833,left,right,B,A,0,A,0.574,gemma3,zero_shot,2026-08-22T22:55:31
D_58793_148,non-mated,diagnostic_impostor,same,58793,58793,left,right,B,A,0,A,0.573,gemma3,zero_shot,2026-08-22T22:55:32
I_43210_65052_left_x,non-mated,primary_impostor,cross,43210,65052,left,left,B,A,0,A,0.568,gemma3,zero_shot,2026-08-22T22:55:33
D_47904_89,non-mated,diagnostic_impostor,same,47904,47904,left,right,B,A,0,A,0.58,gemma3,zero_shot,2026-08-22T22:55:33
I_32467_65030_left_x,non-mated,primary_impostor,cross,32467,65030,left,left,B,B,1,B,0.577,gemma3,zero_shot,2026-08-22T22:55:34
G_89171_left_2525,mated,primary_genuine,same,89171,89171,left,left,A,A,1,A,0.556,gemma3,zero_shot,2026-08-22T22:55:34
I_27295_56583_left_s,non-mated,primary_impostor,same,27295,56583,left,left,B,A,0,A,0.581,gemma3,zero_shot,2026-08-22T22:55:35
D_58793_152,non-mated,diagnostic_impostor,cross,58793,58793,left,right,B,A,0,A,0.559,gemma3,zero_shot,2026-08-22T22:55:35
G_63029_right_1579,mated,primary_genuine,cross,63029,63029,right,right,A,A,1,A,0.564,gemma3,zero_shot,2026-08-22T22:55:36
D_14493_2,non-mated,diagnostic_impostor,same,14493,14493,left,right,B,A,0,A,0.55,gemma3,zero_shot,2026-08-22T22:55:37
G_65030_left_1665,mated,primary_genuine,same,65030,65030,left,left,A,A,1,A,0.559,gemma3,zero_shot,2026-08-22T22:55:37
G_74850_left_1977,mated,primary_genuine,same,74850,74850,left,left,A,A,1,A,0.591,gemma3,zero_shot,2026-08-22T22:55:38
D_93812_264,non-mated,diagnostic_impostor,same,93812,93812,left,right,B,A,0,A,0.584,gemma3,zero_shot,2026-08-22T22:55:38
G_76957_right_2150,mated,primary_genuine,cross,76957,76957,right,right,A,A,1,A,0.571,gemma3,zero_shot,2026-08-22T22:55:39
D_32467_56,non-mated,diagnostic_impostor,cross,32467,32467,left,right,B,A,0,A,0.563,gemma3,zero_shot,2026-08-22T22:55:39
G_74850_left_1984,mated,primary_genuine,cross,74850,74850,left,left,A,A,1,A,0.582,gemma3,zero_shot,2026-08-22T22:55:40
I_27295_57145_left_x,non-mated,primary_impostor,cross,27295,57145,left,left,B,A,0,A,0.571,gemma3,zero_shot,2026-08-22T22:55:41
D_74850_205,non-mated,diagnostic_impostor,same,74850,74850,left,right,B,A,0,A,0.558,gemma3,zero_shot,2026-08-22T22:55:41
G_56583_left_854,mated,primary_genuine,same,56583,56583,left,left,A,A,1,A,0.581,gemma3,zero_shot,2026-08-22T22:55:42
I_24101_74850_left_x,non-mated,primary_impostor,cross,24101,74850,left,left,B,A,0,A,0.573,gemma3,zero_shot,2026-08-22T22:55:42
I_69658_99775_left_x,non-mated,primary_impostor,cross,69658,99775,left,left,B,A,0,A,0.562,gemma3,zero_shot,2026-08-22T22:55:43
G_87757_left_2380,mated,primary_genuine,cross,87757,87757,left,left,A,A,1,A,0.574,gemma3,zero_shot,2026-08-22T22:55:43
D_24101_26,non-mated,diagnostic_impostor,same,24101,24101,left,right,B,A,0,A,0.549,gemma3,zero_shot,2026-08-22T22:55:44
I_24101_89171_left_s,non-mated,primary_impostor,same,24101,89171,left,left,B,A,0,A,0.581,gemma3,zero_shot,2026-08-22T22:55:45
G_87757_left_2369,mated,primary_genuine,cross,87757,87757,left,left,A,A,1,A,0.573,gemma3,zero_shot,2026-08-22T22:55:45
G_87757_left_2346,mated,primary_genuine,same,87757,87757,left,left,A,A,1,A,0.587,gemma3,zero_shot,2026-08-22T22:55:46
G_65052_left_1788,mated,primary_genuine,same,65052,65052,left,left,A,A,1,A,0.554,gemma3,zero_shot,2026-08-22T22:55:46
I_43210_63029_left_x,non-mated,primary_impostor,cross,43210,63029,left,left,B,A,0,A,0.567,gemma3,zero_shot,2026-08-22T22:55:47
I_20294_44595_right_x,non-mated,primary_impostor,cross,20294,44595,right,right,B,A,0,A,0.574,gemma3,zero_shot,2026-08-22T22:55:47
D_99775_295,non-mated,diagnostic_impostor,same,99775,99775,left,right,B,A,0,A,0.579,gemma3,zero_shot,2026-08-22T22:55:48
G_69658_right_1941,mated,primary_genuine,same,69658,69658,right,right,A,A,1,A,0.568,gemma3,zero_shot,2026-08-22T22:55:49
D_89171_255,non-mated,diagnostic_impostor,cross,89171,89171,left,right,B,A,0,A,0.599,gemma3,zero_shot,2026-08-22T22:55:49
G_27295_left_322,mated,primary_genuine,cross,27295,27295,left,left,A,A,1,A,0.61,gemma3,zero_shot,2026-08-22T22:55:50
G_74850_left_1991,mated,primary_genuine,cross,74850,74850,left,left,A,A,1,A,0.604,gemma3,zero_shot,2026-08-22T22:55:50
I_69658_87757_right_x,non-mated,primary_impostor,cross,69658,87757,right,right,B,A,0,A,0.57,gemma3,zero_shot,2026-08-22T22:55:51
G_44595_right_808,mated,primary_genuine,same,44595,44595,right,right,A,A,1,A,0.555,gemma3,zero_shot,2026-08-22T22:55:52
D_43210_71,non-mated,diagnostic_impostor,same,43210,43210,left,right,B,A,0,A,0.604,gemma3,zero_shot,2026-08-22T22:55:52
D_76957_224,non-mated,diagnostic_impostor,same,76957,76957,left,right,B,A,0,A,0.561,gemma3,zero_shot,2026-08-22T22:55:53
G_32467_right_493,mated,primary_genuine,cross,32467,32467,right,right,A,A,1,A,0.569,gemma3,zero_shot,2026-08-22T22:55:53
I_44595_76957_right_x,non-mated,primary_impostor,cross,44595,76957,right,right,B,A,0,A,0.565,gemma3,zero_shot,2026-08-22T22:55:54
I_20294_58398_right_x,non-mated,primary_impostor,cross,20294,58398,right,right,B,A,0,A,0.578,gemma3,zero_shot,2026-08-22T22:55:54
D_96608_281,non-mated,diagnostic_impostor,same,96608,96608,left,right,B,A,0,A,0.554,gemma3,zero_shot,2026-08-22T22:55:55
I_44595_58398_right_s,non-mated,primary_impostor,same,44595,58398,right,right,B,A,0,A,0.583,gemma3,zero_shot,2026-08-22T22:55:56
G_57833_right_1246,mated,primary_genuine,same,57833,57833,right,right,A,A,1,A,0.553,gemma3,zero_shot,2026-08-22T22:55:56
I_43210_83742_left_x,non-mated,primary_impostor,cross,43210,83742,left,left,B,B,1,B,0.57,gemma3,zero_shot,2026-08-22T22:55:57
I_43210_99775_left_s,non-mated,primary_impostor,same,43210,99775,left,left,B,A,0,A,0.584,gemma3,zero_shot,2026-08-22T22:55:57
G_24101_right_307,mated,primary_genuine,same,24101,24101,right,right,A,A,1,A,0.548,gemma3,zero_shot,2026-08-22T22:55:58
I_47904_57145_right_s,non-mated,primary_impostor,same,47904,57145,right,right,B,A,0,A,0.585,gemma3,zero_shot,2026-08-22T22:55:58
D_44595_76,non-mated,diagnostic_impostor,same,44595,44595,left,right,B,A,0,A,0.558,gemma3,zero_shot,2026-08-22T22:55:59
D_20294_23,non-mated,diagnostic_impostor,same,20294,20294,left,right,B,A,0,A,0.565,gemma3,zero_shot,2026-08-22T22:56:00
I_57145_69658_left_s,non-mated,primary_impostor,same,57145,69658,left,left,B,A,0,A,0.585,gemma3,zero_shot,2026-08-22T22:56:00
G_58398_right_1350,mated,primary_genuine,cross,58398,58398,right,right,A,A,1,A,0.56,gemma3,zero_shot,2026-08-22T22:56:01
G_83742_right_2271,mated,primary_genuine,same,83742,83742,right,right,A,A,1,A,0.583,gemma3,zero_shot,2026-08-22T22:56:01
G_89171_right_2566,mated,primary_genuine,same,89171,89171,right,right,A,A,1,A,0.569,gemma3,zero_shot,2026-08-22T22:56:02
D_65030_171,non-mated,diagnostic_impostor,same,65030,65030,left,right,B,A,0,A,0.557,gemma3,zero_shot,2026-08-22T22:56:02
I_58398_93812_left_x,non-mated,primary_impostor,cross,58398,93812,left,left,B,A,0,A,0.576,gemma3,zero_shot,2026-08-22T22:56:03
G_27295_right_408,mated,primary_genuine,same,27295,27295,right,right,A,A,1,A,0.566,gemma3,zero_shot,2026-08-22T22:56:04
G_69658_left_1865,mated,primary_genuine,cross,69658,69658,left,left,A,A,1,A,0.569,gemma3,zero_shot,2026-08-22T22:56:04
I_47904_76957_right_x,non-mated,primary_impostor,cross,47904,76957,right,right,B,A,0,A,0.571,gemma3,zero_shot,2026-08-22T22:56:05
I_24101_96608_right_s,non-mated,primary_impostor,same,24101,96608,right,right,B,A,0,A,0.591,gemma3,zero_shot,2026-08-22T22:56:05
D_99775_296,non-mated,diagnostic_impostor,cross,99775,99775,left,right,B,A,0,A,0.57,gemma3,zero_shot,2026-08-22T22:56:06
G_65052_right_1814,mated,primary_genuine,same,65052,65052,right,right,A,A,1,A,0.578,gemma3,zero_shot,2026-08-22T22:56:06
D_56583_101,non-mated,diagnostic_impostor,cross,56583,56583,left,right,B,A,0,A,0.573,gemma3,zero_shot,2026-08-22T22:56:07
I_44595_69658_right_x,non-mated,primary_impostor,cross,44595,69658,right,right,B,A,0,A,0.569,gemma3,zero_shot,2026-08-22T22:56:08
I_43210_58793_right_s,non-mated,primary_impostor,same,43210,58793,right,right,B,A,0,A,0.583,gemma3,zero_shot,2026-08-22T22:56:08
I_58398_74850_left_s,non-mated,primary_impostor,same,58398,74850,left,left,B,A,0,A,0.59,gemma3,zero_shot,2026-08-22T22:56:09
G_74850_right_2022,mated,primary_genuine,cross,74850,74850,right,right,A,A,1,A,0.571,gemma3,zero_shot,2026-08-22T22:56:09
G_74850_left_1997,mated,primary_genuine,cross,74850,74850,left,left,A,A,1,A,0.564,gemma3,zero_shot,2026-08-22T22:56:10
I_63029_87757_right_x,non-mated,primary_impostor,cross,63029,87757,right,right,B,A,0,A,0.569,gemma3,zero_shot,2026-08-22T22:56:10
D_43210_67,non-mated,diagnostic_impostor,cross,43210,43210,left,right,B,A,0,A,0.575,gemma3,zero_shot,2026-08-22T22:56:11
I_69658_99775_right_x,non-mated,primary_impostor,cross,69658,99775,right,right,B,A,0,A,0.571,gemma3,zero_shot,2026-08-22T22:56:12
D_24101_29,non-mated,diagnostic_impostor,cross,24101,24101,left,right,B,A,0,A,0.576,gemma3,zero_shot,2026-08-22T22:56:12
G_99775_right_2916,mated,primary_genuine,same,99775,99775,right,right,A,A,1,A,0.585,gemma3,zero_shot,2026-08-22T22:56:13
G_43210_left_569,mated,primary_genuine,cross,43210,43210,left,left,A,B,0,B,0.572,gemma3,zero_shot,2026-08-22T22:56:13
G_44595_left_690,mated,primary_genuine,cross,44595,44595,left,left,A,A,1,A,0.566,gemma3,zero_shot,2026-08-22T22:56:14
I_32467_93812_right_s,non-mated,primary_impostor,same,32467,93812,right,right,B,A,0,A,0.585,gemma3,zero_shot,2026-08-22T22:56:14
G_83742_left_2239,mated,primary_genuine,same,83742,83742,left,left,A,A,1,A,0.579,gemma3,zero_shot,2026-08-22T22:56:15
I_43210_87757_right_s,non-mated,primary_impostor,same,43210,87757,right,right,B,A,0,A,0.587,gemma3,zero_shot,2026-08-22T22:56:16
G_58398_left_1307,mated,primary_genuine,same,58398,58398,left,left,A,A,1,A,0.551,gemma3,zero_shot,2026-08-22T22:56:16
G_87757_right_2453,mated,primary_genuine,cross,87757,87757,right,right,A,A,1,A,0.569,gemma3,zero_shot,2026-08-22T22:56:17
D_65052_191,non-mated,diagnostic_impostor,same,65052,65052,left,right,B,A,0,A,0.58,gemma3,zero_shot,2026-08-22T22:56:17
I_43210_57145_left_x,non-mated,primary_impostor,cross,43210,57145,left,left,B,A,0,A,0.572,gemma3,zero_shot,2026-08-22T22:56:18
I_58398_63029_left_s,non-mated,primary_impostor,same,58398,63029,left,left,B,A,0,A,0.583,gemma3,zero_shot,2026-08-22T22:56:18
I_69658_96608_left_s,non-mated,primary_impostor,same,69658,96608,left,left,B,A,0,A,0.588,gemma3,zero_shot,2026-08-22T22:56:19
G_47904_right_826,mated,primary_genuine,same,47904,47904,right,right,A,A,1,A,0.579,gemma3,zero_shot,2026-08-22T22:56:20
G_27295_left_343,mated,primary_genuine,cross,27295,27295,left,left,A,A,1,A,0.567,gemma3,zero_shot,2026-08-22T22:56:20
D_87757_245,non-mated,diagnostic_impostor,same,87757,87757,left,right,B,A,0,A,0.582,gemma3,zero_shot,2026-08-22T22:56:21
D_57145_114,non-mated,diagnostic_impostor,same,57145,57145,left,right,B,A,0,A,0.588,gemma3,zero_shot,2026-08-22T22:56:21
I_69658_96608_right_x,non-mated,primary_impostor,cross,69658,96608,right,right,B,A,0,A,0.569,gemma3,zero_shot,2026-08-22T22:56:22
G_99775_right_2908,mated,primary_genuine,same,99775,99775,right,right,A,A,1,A,0.574,gemma3,zero_shot,2026-08-22T22:56:23
I_32467_47904_right_x,non-mated,primary_impostor,cross,32467,47904,right,right,B,A,0,A,0.577,gemma3,zero_shot,2026-08-22T22:56:23
G_27295_left_320,mated,primary_genuine,same,27295,27295,left,left,A,A,1,A,0.576,gemma3,zero_shot,2026-08-22T22:56:24
I_87757_96608_right_x,non-mated,primary_impostor,cross,87757,96608,right,right,B,A,0,A,0.573,gemma3,zero_shot,2026-08-22T22:56:24
D_27295_36,non-mated,diagnostic_impostor,cross,27295,27295,left,right,B,A,0,A,0.579,gemma3,zero_shot,2026-08-22T22:56:25
I_63029_87757_left_x,non-mated,primary_impostor,cross,63029,87757,left,left,B,A,0,A,0.57,gemma3,zero_shot,2026-08-22T22:56:25
D_99775_289,non-mated,diagnostic_impostor,same,99775,99775,left,right,B,A,0,A,0.558,gemma3,zero_shot,2026-08-22T22:56:26
I_32467_65052_left_x,non-mated,primary_impostor,cross,32467,65052,left,left,B,B,1,B,0.582,gemma3,zero_shot,2026-08-22T22:56:27
G_32467_left_470,mated,primary_genuine,same,32467,32467,left,left,A,A,1,A,0.56,gemma3,zero_shot,2026-08-22T22:56:27
G_89171_right_2535,mated,primary_genuine,same,89171,89171,right,right,A,A,1,A,0.581,gemma3,zero_shot,2026-08-22T22:56:28
D_32467_52,non-mated,diagnostic_impostor,same,32467,32467,left,right,B,A,0,A,0.581,gemma3,zero_shot,2026-08-22T22:56:28
I_44595_93812_left_s,non-mated,primary_impostor,same,44595,93812,left,left,B,A,0,A,0.581,gemma3,zero_shot,2026-08-22T22:56:29
I_57833_65030_right_s,non-mated,primary_impostor,same,57833,65030,right,right,B,A,0,A,0.586,gemma3,zero_shot,2026-08-22T22:56:29
G_96608_right_2816,mated,primary_genuine,same,96608,96608,right,right,A,A,1,A,0.56,gemma3,zero_shot,2026-08-22T22:56:30
D_24101_31,non-mated,diagnostic_impostor,same,24101,24101,left,right,B,A,0,A,0.56,gemma3,zero_shot,2026-08-22T22:56:31
I_27295_96608_left_x,non-mated,primary_impostor,cross,27295,96608,left,left,B,A,0,A,0.574,gemma3,zero_shot,2026-08-22T22:56:31
G_44595_left_686,mated,primary_genuine,cross,44595,44595,left,left,A,A,1,A,0.571,gemma3,zero_shot,2026-08-22T22:56:32
G_14493_right_72,mated,primary_genuine,cross,14493,14493,right,right,A,A,1,A,0.577,gemma3,zero_shot,2026-08-22T22:56:32
D_43210_64,non-mated,diagnostic_impostor,cross,43210,43210,left,right,B,A,0,A,0.569,gemma3,zero_shot,2026-08-22T22:56:33
I_56583_99775_right_x,non-mated,primary_impostor,cross,56583,99775,right,right,B,A,0,A,0.575,gemma3,zero_shot,2026-08-22T22:56:33
D_58398_138,non-mated,diagnostic_impostor,cross,58398,58398,left,right,B,A,0,A,0.594,gemma3,zero_shot,2026-08-22T22:56:34
I_14493_65030_right_s,non-mated,primary_impostor,same,14493,65030,right,right,B,A,0,A,0.634,gemma3,zero_shot,2026-08-22T22:56:35
G_99775_right_2914,mated,primary_genuine,cross,99775,99775,right,right,A,A,1,A,0.608,gemma3,zero_shot,2026-08-22T22:56:35
I_65052_83742_right_x,non-mated,primary_impostor,cross,65052,83742,right,right,B,A,0,A,0.603,gemma3,zero_shot,2026-08-22T22:56:36
G_27295_left_342,mated,primary_genuine,same,27295,27295,left,left,A,A,1,A,0.569,gemma3,zero_shot,2026-08-22T22:56:36
D_63029_158,non-mated,diagnostic_impostor,same,63029,63029,left,right,B,A,0,A,0.582,gemma3,zero_shot,2026-08-22T22:56:37
I_20294_47904_left_s,non-mated,primary_impostor,same,20294,47904,left,left,B,A,0,A,0.595,gemma3,zero_shot,2026-08-22T22:56:38
G_57145_left_1034,mated,primary_genuine,same,57145,57145,left,left,A,A,1,A,0.558,gemma3,zero_shot,2026-08-22T22:56:38
G_57833_right_1255,mated,primary_genuine,same,57833,57833,right,right,A,A,1,A,0.559,gemma3,zero_shot,2026-08-22T22:56:39
G_69658_right_1910,mated,primary_genuine,cross,69658,69658,right,right,A,A,1,A,0.568,gemma3,zero_shot,2026-08-22T22:56:39
I_65030_76957_right_s,non-mated,primary_impostor,same,65030,76957,right,right,B,A,0,A,0.585,gemma3,zero_shot,2026-08-22T22:56:40
I_56583_96608_right_s,non-mated,primary_impostor,same,56583,96608,right,right,B,A,0,A,0.59,gemma3,zero_shot,2026-08-22T22:56:40
I_14493_58398_left_s,non-mated,primary_impostor,same,14493,58398,left,left,B,A,0,A,0.585,gemma3,zero_shot,2026-08-22T22:56:41
G_20294_right_235,mated,primary_genuine,same,20294,20294,right,right,A,A,1,A,0.582,gemma3,zero_shot,2026-08-22T22:56:42
G_76957_right_2135,mated,primary_genuine,same,76957,76957,right,right,A,A,1,A,0.583,gemma3,zero_shot,2026-08-22T22:56:42
I_14493_87757_right_x,non-mated,primary_impostor,cross,14493,87757,right,right,B,A,0,A,0.577,gemma3,zero_shot,2026-08-22T22:56:43
I_20294_32467_left_s,non-mated,primary_impostor,same,20294,32467,left,left,B,A,0,A,0.603,gemma3,zero_shot,2026-08-22T22:56:43
G_65052_right_1845,mated,primary_genuine,same,65052,65052,right,right,A,A,1,A,0.558,gemma3,zero_shot,2026-08-22T22:56:44
I_58793_65052_left_x,non-mated,primary_impostor,cross,58793,65052,left,left,B,A,0,A,0.575,gemma3,zero_shot,2026-08-22T22:56:45
D_14493_1,non-mated,diagnostic_impostor,cross,14493,14493,left,right,B,A,0,A,0.572,gemma3,zero_shot,2026-08-22T22:56:45
G_43210_right_681,mated,primary_genuine,same,43210,43210,right,right,A,A,1,A,0.549,gemma3,zero_shot,2026-08-22T22:56:46
I_43210_44595_left_s,non-mated,primary_impostor,same,43210,44595,left,left,B,A,0,A,0.584,gemma3,zero_shot,2026-08-22T22:56:46
D_58793_151,non-mated,diagnostic_impostor,same,58793,58793,left,right,B,A,0,A,0.561,gemma3,zero_shot,2026-08-22T22:56:47
G_65030_right_1707,mated,primary_genuine,cross,65030,65030,right,right,A,A,1,A,0.564,gemma3,zero_shot,2026-08-22T22:56:47
I_58398_87757_right_x,non-mated,primary_impostor,cross,58398,87757,right,right,B,A,0,A,0.572,gemma3,zero_shot,2026-08-22T22:56:48
G_93812_right_2693,mated,primary_genuine,same,93812,93812,right,right,A,A,1,A,0.559,gemma3,zero_shot,2026-08-22T22:56:48
I_27295_87757_left_s,non-mated,primary_impostor,same,27295,87757,left,left,B,A,0,A,0.585,gemma3,zero_shot,2026-08-22T22:56:49
D_89171_256,non-mated,diagnostic_impostor,cross,89171,89171,left,right,B,A,0,A,0.564,gemma3,zero_shot,2026-08-22T22:56:50
I_14493_57145_left_s,non-mated,primary_impostor,same,14493,57145,left,left,B,A,0,A,0.588,gemma3,zero_shot,2026-08-22T22:56:50
I_24101_93812_right_x,non-mated,primary_impostor,cross,24101,93812,right,right,B,A,0,A,0.574,gemma3,zero_shot,2026-08-22T22:56:51
G_89171_right_2551,mated,primary_genuine,same,89171,89171,right,right,A,A,1,A,0.587,gemma3,zero_shot,2026-08-22T22:56:51
G_47904_left_824,mated,primary_genuine,same,47904,47904,left,left,A,A,1,A,0.554,gemma3,zero_shot,2026-08-22T22:56:52
I_47904_99775_right_x,non-mated,primary_impostor,cross,47904,99775,right,right,B,A,0,A,0.572,gemma3,zero_shot,2026-08-22T22:56:53
D_76957_221,non-mated,diagnostic_impostor,same,76957,76957,left,right,B,A,0,A,0.557,gemma3,zero_shot,2026-08-22T22:56:53
G_44595_left_711,mated,primary_genuine,cross,44595,44595,left,left,A,A,1,A,0.57,gemma3,zero_shot,2026-08-22T22:56:54
I_32467_58398_left_s,non-mated,primary_impostor,same,32467,58398,left,left,B,A,0,A,0.593,gemma3,zero_shot,2026-08-22T22:56:54
I_58398_69658_right_s,non-mated,primary_impostor,same,58398,69658,right,right,B,A,0,A,0.583,gemma3,zero_shot,2026-08-22T22:56:55
I_20294_89171_left_x,non-mated,primary_impostor,cross,20294,89171,left,left,B,A,0,A,0.585,gemma3,zero_shot,2026-08-22T22:56:55
G_57145_right_1045,mated,primary_genuine,cross,57145,57145,right,right,A,A,1,A,0.574,gemma3,zero_shot,2026-08-22T22:56:56
D_56583_102,non-mated,diagnostic_impostor,same,56583,56583,left,right,B,A,0,A,0.558,gemma3,zero_shot,2026-08-22T22:56:57
D_58398_135,non-mated,diagnostic_impostor,cross,58398,58398,left,right,B,A,0,A,0.566,gemma3,zero_shot,2026-08-22T22:56:57
I_20294_27295_right_s,non-mated,primary_impostor,same,20294,27295,right,right,B,A,0,A,0.592,gemma3,zero_shot,2026-08-22T22:56:58
I_69658_76957_right_x,non-mated,primary_impostor,cross,69658,76957,right,right,B,A,0,A,0.569,gemma3,zero_shot,2026-08-22T22:56:58
I_27295_47904_right_s,non-mated,primary_impostor,same,27295,47904,right,right,B,A,0,A,0.593,gemma3,zero_shot,2026-08-22T22:56:59
I_44595_47904_right_x,non-mated,primary_impostor,cross,44595,47904,right,right,B,A,0,A,0.613,gemma3,zero_shot,2026-08-22T22:56:59
D_58793_146,non-mated,diagnostic_impostor,cross,58793,58793,left,right,B,A,0,A,0.61,gemma3,zero_shot,2026-08-22T22:57:00
D_47904_93,non-mated,diagnostic_impostor,same,47904,47904,left,right,B,A,0,A,0.616,gemma3,zero_shot,2026-08-22T22:57:01
I_24101_57833_left_s,non-mated,primary_impostor,same,24101,57833,left,left,B,A,0,A,0.588,gemma3,zero_shot,2026-08-22T22:57:01
G_44595_right_786,mated,primary_genuine,cross,44595,44595,right,right,A,A,1,A,0.557,gemma3,zero_shot,2026-08-22T22:57:02
G_47904_left_816,mated,primary_genuine,same,47904,47904,left,left,A,A,1,A,0.585,gemma3,zero_shot,2026-08-22T22:57:02
G_58793_right_1470,mated,primary_genuine,same,58793,58793,right,right,A,A,1,A,0.555,gemma3,zero_shot,2026-08-22T22:57:03
G_20294_right_247,mated,primary_genuine,cross,20294,20294,right,right,A,A,1,A,0.572,gemma3,zero_shot,2026-08-22T22:57:04
D_99775_292,non-mated,diagnostic_impostor,cross,99775,99775,left,right,B,A,0,A,0.569,gemma3,zero_shot,2026-08-22T22:57:04
I_65052_93812_left_x,non-mated,primary_impostor,cross,65052,93812,left,left,B,A,0,A,0.576,gemma3,zero_shot,2026-08-22T22:57:05
I_47904_96608_left_s,non-mated,primary_impostor,same,47904,96608,left,left,B,A,0,A,0.59,gemma3,zero_shot,2026-08-22T22:57:05
G_87757_right_2417,mated,primary_genuine,cross,87757,87757,right,right,A,A,1,A,0.576,gemma3,zero_shot,2026-08-22T22:57:06
G_69658_right_1919,mated,primary_genuine,same,69658,69658,right,right,A,A,1,A,0.581,gemma3,zero_shot,2026-08-22T22:57:06
I_32467_76957_right_s,non-mated,primary_impostor,same,32467,76957,right,right,B,A,0,A,0.586,gemma3,zero_shot,2026-08-22T22:57:07
I_14493_74850_right_s,non-mated,primary_impostor,same,14493,74850,right,right,B,A,0,A,0.59,gemma3,zero_shot,2026-08-22T22:57:08
D_44595_72,non-mated,diagnostic_impostor,same,44595,44595,left,right,B,A,0,A,0.556,gemma3,zero_shot,2026-08-22T22:57:08
D_65052_181,non-mated,diagnostic_impostor,same,65052,65052,left,right,B,A,0,A,0.555,gemma3,zero_shot,2026-08-22T22:57:09
I_14493_44595_right_s,non-mated,primary_impostor,same,14493,44595,right,right,B,A,0,A,0.588,gemma3,zero_shot,2026-08-22T22:57:09
I_87757_89171_right_s,non-mated,primary_impostor,same,87757,89171,right,right,B,A,0,A,0.588,gemma3,zero_shot,2026-08-22T22:57:10
G_89171_right_2568,mated,primary_genuine,cross,89171,89171,right,right,A,A,1,A,0.563,gemma3,zero_shot,2026-08-22T22:57:10
G_32467_left_480,mated,primary_genuine,same,32467,32467,left,left,A,A,1,A,0.549,gemma3,zero_shot,2026-08-22T22:57:11
G_89171_right_2581,mated,primary_genuine,same,89171,89171,right,right,A,A,1,A,0.553,gemma3,zero_shot,2026-08-22T22:57:12
I_44595_83742_right_s,non-mated,primary_impostor,same,44595,83742,right,right,B,A,0,A,0.584,gemma3,zero_shot,2026-08-22T22:57:12
D_74850_204,non-mated,diagnostic_impostor,same,74850,74850,left,right,B,A,0,A,0.599,gemma3,zero_shot,2026-08-22T22:57:13
D_56583_106,non-mated,diagnostic_impostor,cross,56583,56583,left,right,B,A,0,A,0.574,gemma3,zero_shot,2026-08-22T22:57:13
G_65030_left_1655,mated,primary_genuine,cross,65030,65030,left,left,A,A,1,A,0.564,gemma3,zero_shot,2026-08-22T22:57:14
G_32467_left_424,mated,primary_genuine,cross,32467,32467,left,left,A,A,1,A,0.581,gemma3,zero_shot,2026-08-22T22:57:14
I_44595_56583_left_x,non-mated,primary_impostor,cross,44595,56583,left,left,B,A,0,A,0.57,gemma3,zero_shot,2026-08-22T22:57:15
I_76957_89171_left_s,non-mated,primary_impostor,same,76957,89171,left,left,B,A,0,A,0.586,gemma3,zero_shot,2026-08-22T22:57:16
G_43210_right_653,mated,primary_genuine,cross,43210,43210,right,right,A,A,1,A,0.571,gemma3,zero_shot,2026-08-22T22:57:16
I_65030_87757_right_x,non-mated,primary_impostor,cross,65030,87757,right,right,B,A,0,A,0.573,gemma3,zero_shot,2026-08-22T22:57:17
I_27295_76957_right_s,non-mated,primary_impostor,same,27295,76957,right,right,B,A,0,A,0.586,gemma3,zero_shot,2026-08-22T22:57:17
G_74850_left_2003,mated,primary_genuine,same,74850,74850,left,left,A,A,1,A,0.567,gemma3,zero_shot,2026-08-22T22:57:18
D_63029_161,non-mated,diagnostic_impostor,same,63029,63029,left,right,B,A,0,A,0.577,gemma3,zero_shot,2026-08-22T22:57:19
D_27295_37,non-mated,diagnostic_impostor,cross,27295,27295,left,right,B,A,0,A,0.564,gemma3,zero_shot,2026-08-22T22:57:19
G_56583_right_914,mated,primary_genuine,cross,56583,56583,right,right,A,A,1,A,0.574,gemma3,zero_shot,2026-08-22T22:57:20
G_89171_right_2533,mated,primary_genuine,same,89171,89171,right,right,A,A,1,A,0.589,gemma3,zero_shot,2026-08-22T22:57:20
G_74850_left_1996,mated,primary_genuine,cross,74850,74850,left,left,A,A,1,A,0.563,gemma3,zero_shot,2026-08-22T22:57:21
I_69658_96608_left_x,non-mated,primary_impostor,cross,69658,96608,left,left,B,A,0,A,0.57,gemma3,zero_shot,2026-08-22T22:57:21
I_47904_96608_right_s,non-mated,primary_impostor,same,47904,96608,right,right,B,A,0,A,0.585,gemma3,zero_shot,2026-08-22T22:57:22
G_65052_right_1792,mated,primary_genuine,same,65052,65052,right,right,A,A,1,A,0.585,gemma3,zero_shot,2026-08-22T22:57:23
G_14493_left_46,mated,primary_genuine,cross,14493,14493,left,left,A,A,1,A,0.566,gemma3,zero_shot,2026-08-22T22:57:23
I_14493_24101_right_x,non-mated,primary_impostor,cross,14493,24101,right,right,B,A,0,A,0.573,gemma3,zero_shot,2026-08-22T22:57:24
D_93812_266,non-mated,diagnostic_impostor,cross,93812,93812,left,right,B,A,0,A,0.603,gemma3,zero_shot,2026-08-22T22:57:24
G_32467_left_461,mated,primary_genuine,cross,32467,32467,left,left,A,A,1,A,0.605,gemma3,zero_shot,2026-08-22T22:57:25
G_63029_right_1593,mated,primary_genuine,cross,63029,63029,right,right,A,A,1,A,0.617,gemma3,zero_shot,2026-08-22T22:57:26
D_83742_237,non-mated,diagnostic_impostor,cross,83742,83742,left,right,B,A,0,A,0.596,gemma3,zero_shot,2026-08-22T22:57:26
G_20294_right_270,mated,primary_genuine,same,20294,20294,right,right,A,A,1,A,0.563,gemma3,zero_shot,2026-08-22T22:57:27
G_87757_right_2436,mated,primary_genuine,cross,87757,87757,right,right,A,A,1,A,0.578,gemma3,zero_shot,2026-08-22T22:57:27
D_56583_96,non-mated,diagnostic_impostor,same,56583,56583,left,right,B,A,0,A,0.555,gemma3,zero_shot,2026-08-22T22:57:28
I_44595_65030_right_x,non-mated,primary_impostor,cross,44595,65030,right,right,B,A,0,A,0.57,gemma3,zero_shot,2026-08-22T22:57:28
G_20294_right_236,mated,primary_genuine,cross,20294,20294,right,right,A,A,1,A,0.577,gemma3,zero_shot,2026-08-22T22:57:29
G_99775_left_2838,mated,primary_genuine,cross,99775,99775,left,left,A,A,1,A,0.571,gemma3,zero_shot,2026-08-22T22:57:30
G_99775_right_2943,mated,primary_genuine,cross,99775,99775,right,right,A,A,1,A,0.563,gemma3,zero_shot,2026-08-22T22:57:30
G_27295_right_391,mated,primary_genuine,same,27295,27295,right,right,A,A,1,A,0.576,gemma3,zero_shot,2026-08-22T22:57:31
G_58398_right_1339,mated,primary_genuine,cross,58398,58398,right,right,A,A,1,A,0.57,gemma3,zero_shot,2026-08-22T22:57:31
D_83742_230,non-mated,diagnostic_impostor,same,83742,83742,left,right,B,A,0,A,0.558,gemma3,zero_shot,2026-08-22T22:57:32
G_20294_left_146,mated,primary_genuine,same,20294,20294,left,left,A,A,1,A,0.578,gemma3,zero_shot,2026-08-22T22:57:32
I_57145_58398_right_x,non-mated,primary_impostor,cross,57145,58398,right,right,B,A,0,A,0.573,gemma3,zero_shot,2026-08-22T22:57:33
I_20294_57833_right_x,non-mated,primary_impostor,cross,20294,57833,right,right,B,A,0,A,0.578,gemma3,zero_shot,2026-08-22T22:57:34
D_89171_263,non-mated,diagnostic_impostor,same,89171,89171,left,right,B,A,0,A,0.581,gemma3,zero_shot,2026-08-22T22:57:34
G_96608_right_2805,mated,primary_genuine,cross,96608,96608,right,right,A,A,1,A,0.566,gemma3,zero_shot,2026-08-22T22:57:35
G_56583_left_870,mated,primary_genuine,cross,56583,56583,left,left,A,A,1,A,0.566,gemma3,zero_shot,2026-08-22T22:57:35
D_24101_30,non-mated,diagnostic_impostor,same,24101,24101,left,right,B,A,0,A,0.558,gemma3,zero_shot,2026-08-22T22:57:36
D_43210_65,non-mated,diagnostic_impostor,cross,43210,43210,left,right,B,A,0,A,0.561,gemma3,zero_shot,2026-08-22T22:57:36
I_58398_74850_right_s,non-mated,primary_impostor,same,58398,74850,right,right,B,A,0,A,0.586,gemma3,zero_shot,2026-08-22T22:57:37
G_14493_left_2,mated,primary_genuine,same,14493,14493,left,left,A,A,1,A,0.585,gemma3,zero_shot,2026-08-22T22:57:38
I_74850_93812_right_s,non-mated,primary_impostor,same,74850,93812,right,right,B,A,0,A,0.587,gemma3,zero_shot,2026-08-22T22:57:38
G_57145_left_1028,mated,primary_genuine,same,57145,57145,left,left,A,A,1,A,0.557,gemma3,zero_shot,2026-08-22T22:57:39
G_24101_right_300,mated,primary_genuine,cross,24101,24101,right,right,A,A,1,A,0.574,gemma3,zero_shot,2026-08-22T22:57:39
G_32467_right_543,mated,primary_genuine,same,32467,32467,right,right,A,A,1,A,0.552,gemma3,zero_shot,2026-08-22T22:57:40
G_96608_left_2700,mated,primary_genuine,same,96608,96608,left,left,A,A,1,A,0.583,gemma3,zero_shot,2026-08-22T22:57:40
G_47904_left_821,mated,primary_genuine,cross,47904,47904,left,left,A,A,1,A,0.569,gemma3,zero_shot,2026-08-22T22:57:41
G_58793_left_1394,mated,primary_genuine,cross,58793,58793,left,left,A,A,1,A,0.562,gemma3,zero_shot,2026-08-22T22:57:42
G_57833_right_1193,mated,primary_genuine,same,57833,57833,right,right,A,A,1,A,0.583,gemma3,zero_shot,2026-08-22T22:57:42
G_20294_left_178,mated,primary_genuine,cross,20294,20294,left,left,A,A,1,A,0.568,gemma3,zero_shot,2026-08-22T22:57:43
G_65030_right_1687,mated,primary_genuine,cross,65030,65030,right,right,A,A,1,A,0.585,gemma3,zero_shot,2026-08-22T22:57:43
I_20294_43210_right_s,non-mated,primary_impostor,same,20294,43210,right,right,B,A,0,A,0.591,gemma3,zero_shot,2026-08-22T22:57:44
I_14493_76957_left_s,non-mated,primary_impostor,same,14493,76957,left,left,B,A,0,A,0.588,gemma3,zero_shot,2026-08-22T22:57:44
I_58793_96608_left_x,non-mated,primary_impostor,cross,58793,96608,left,left,B,A,0,A,0.577,gemma3,zero_shot,2026-08-22T22:57:45
I_32467_56583_left_x,non-mated,primary_impostor,cross,32467,56583,left,left,B,A,0,A,0.58,gemma3,zero_shot,2026-08-22T22:57:46
G_27295_left_360,mated,primary_genuine,same,27295,27295,left,left,A,A,1,A,0.557,gemma3,zero_shot,2026-08-22T22:57:46
D_93812_271,non-mated,diagnostic_impostor,cross,93812,93812,left,right,B,A,0,A,0.563,gemma3,zero_shot,2026-08-22T22:57:47
I_20294_58793_left_x,non-mated,primary_impostor,cross,20294,58793,left,left,B,A,0,A,0.581,gemma3,zero_shot,2026-08-22T22:57:47
G_58398_right_1343,mated,primary_genuine,cross,58398,58398,right,right,A,A,1,A,0.575,gemma3,zero_shot,2026-08-22T22:57:48
G_69658_right_1935,mated,primary_genuine,cross,69658,69658,right,right,A,A,1,A,0.574,gemma3,zero_shot,2026-08-22T22:57:48
I_43210_58398_right_x,non-mated,primary_impostor,cross,43210,58398,right,right,B,A,0,A,0.615,gemma3,zero_shot,2026-08-22T22:57:49
I_43210_76957_left_s,non-mated,primary_impostor,same,43210,76957,left,left,B,A,0,A,0.627,gemma3,zero_shot,2026-08-22T22:57:50
G_32467_right_492,mated,primary_genuine,cross,32467,32467,right,right,A,A,1,A,0.608,gemma3,zero_shot,2026-08-22T22:57:50
G_65030_left_1641,mated,primary_genuine,cross,65030,65030,left,left,A,A,1,A,0.568,gemma3,zero_shot,2026-08-22T22:57:51
I_20294_69658_left_s,non-mated,primary_impostor,same,20294,69658,left,left,B,A,0,A,0.592,gemma3,zero_shot,2026-08-22T22:57:51
I_58793_89171_right_s,non-mated,primary_impostor,same,58793,89171,right,right,B,A,0,A,0.585,gemma3,zero_shot,2026-08-22T22:57:52
I_56583_76957_right_s,non-mated,primary_impostor,same,56583,76957,right,right,B,A,0,A,0.587,gemma3,zero_shot,2026-08-22T22:57:53
I_14493_99775_right_x,non-mated,primary_impostor,cross,14493,99775,right,right,B,A,0,A,0.579,gemma3,zero_shot,2026-08-22T22:57:53
I_56583_89171_left_x,non-mated,primary_impostor,cross,56583,89171,left,left,B,A,0,A,0.576,gemma3,zero_shot,2026-08-22T22:57:54
G_44595_right_777,mated,primary_genuine,cross,44595,44595,right,right,A,A,1,A,0.567,gemma3,zero_shot,2026-08-22T22:57:54
D_65030_170,non-mated,diagnostic_impostor,cross,65030,65030,left,right,B,A,0,A,0.569,gemma3,zero_shot,2026-08-22T22:57:55
I_56583_87757_right_s,non-mated,primary_impostor,same,56583,87757,right,right,B,A,0,A,0.586,gemma3,zero_shot,2026-08-22T22:57:55
G_83742_left_2247,mated,primary_genuine,cross,83742,83742,left,left,A,A,1,A,0.567,gemma3,zero_shot,2026-08-22T22:57:56
D_57833_127,non-mated,diagnostic_impostor,cross,57833,57833,left,right,B,A,0,A,0.566,gemma3,zero_shot,2026-08-22T22:57:57
D_65030_174,non-mated,diagnostic_impostor,same,65030,65030,left,right,B,A,0,A,0.561,gemma3,zero_shot,2026-08-22T22:57:57
G_76957_left_2124,mated,primary_genuine,same,76957,76957,left,left,A,A,1,A,0.559,gemma3,zero_shot,2026-08-22T22:57:58
G_58398_left_1277,mated,primary_genuine,cross,58398,58398,left,left,A,A,1,A,0.566,gemma3,zero_shot,2026-08-22T22:57:58
I_63029_65030_left_x,non-mated,primary_impostor,cross,63029,65030,left,left,B,A,0,A,0.57,gemma3,zero_shot,2026-08-22T22:57:59
G_56583_left_885,mated,primary_genuine,same,56583,56583,left,left,A,A,1,A,0.559,gemma3,zero_shot,2026-08-22T22:57:59
D_65030_172,non-mated,diagnostic_impostor,cross,65030,65030,left,right,B,A,0,A,0.573,gemma3,zero_shot,2026-08-22T22:58:00
G_63029_right_1594,mated,primary_genuine,cross,63029,63029,right,right,A,A,1,A,0.572,gemma3,zero_shot,2026-08-22T22:58:01
D_65052_182,non-mated,diagnostic_impostor,cross,65052,65052,left,right,B,A,0,A,0.573,gemma3,zero_shot,2026-08-22T22:58:01
G_83742_right_2312,mated,primary_genuine,cross,83742,83742,right,right,A,A,1,A,0.565,gemma3,zero_shot,2026-08-22T22:58:02
I_83742_96608_left_s,non-mated,primary_impostor,same,83742,96608,left,left,B,A,0,A,0.587,gemma3,zero_shot,2026-08-22T22:58:02
I_24101_63029_right_x,non-mated,primary_impostor,cross,24101,63029,right,right,B,A,0,A,0.573,gemma3,zero_shot,2026-08-22T22:58:03
G_93812_left_2604,mated,primary_genuine,cross,93812,93812,left,left,A,A,1,A,0.569,gemma3,zero_shot,2026-08-22T22:58:03
I_44595_58398_left_x,non-mated,primary_impostor,cross,44595,58398,left,left,B,A,0,A,0.567,gemma3,zero_shot,2026-08-22T22:58:04
I_69658_99775_left_s,non-mated,primary_impostor,same,69658,99775,left,left,B,A,0,A,0.58,gemma3,zero_shot,2026-08-22T22:58:05
I_24101_47904_left_s,non-mated,primary_impostor,same,24101,47904,left,left,B,A,0,A,0.581,gemma3,zero_shot,2026-08-22T22:58:05
G_14493_right_96,mated,primary_genuine,same,14493,14493,right,right,A,A,1,A,0.57,gemma3,zero_shot,2026-08-22T22:58:06
G_65030_left_1669,mated,primary_genuine,same,65030,65030,left,left,A,A,1,A,0.557,gemma3,zero_shot,2026-08-22T22:58:06
I_65030_99775_right_x,non-mated,primary_impostor,cross,65030,99775,right,right,B,A,0,A,0.572,gemma3,zero_shot,2026-08-22T22:58:07
G_65052_left_1735,mated,primary_genuine,cross,65052,65052,left,left,A,A,1,A,0.571,gemma3,zero_shot,2026-08-22T22:58:07
G_24101_right_304,mated,primary_genuine,cross,24101,24101,right,right,A,A,1,A,0.568,gemma3,zero_shot,2026-08-22T22:58:08
I_87757_89171_right_x,non-mated,primary_impostor,cross,87757,89171,right,right,B,A,0,A,0.574,gemma3,zero_shot,2026-08-22T22:58:09
G_63029_right_1588,mated,primary_genuine,cross,63029,63029,right,right,A,A,1,A,0.57,gemma3,zero_shot,2026-08-22T22:58:09
G_57145_right_1117,mated,primary_genuine,same,57145,57145,right,right,A,A,1,A,0.559,gemma3,zero_shot,2026-08-22T22:58:10
I_65030_83742_left_x,non-mated,primary_impostor,cross,65030,83742,left,left,B,A,0,A,0.57,gemma3,zero_shot,2026-08-22T22:58:10
D_27295_45,non-mated,diagnostic_impostor,cross,27295,27295,left,right,B,A,0,A,0.555,gemma3,zero_shot,2026-08-22T22:58:11
D_24101_35,non-mated,diagnostic_impostor,cross,24101,24101,left,right,B,A,0,A,0.567,gemma3,zero_shot,2026-08-22T22:58:11
I_27295_74850_left_s,non-mated,primary_impostor,same,27295,74850,left,left,B,A,0,A,0.583,gemma3,zero_shot,2026-08-22T22:58:12
I_58398_93812_right_s,non-mated,primary_impostor,same,58398,93812,right,right,B,A,0,A,0.581,gemma3,zero_shot,2026-08-22T22:58:13
I_76957_96608_left_x,non-mated,primary_impostor,cross,76957,96608,left,left,B,A,0,A,0.57,gemma3,zero_shot,2026-08-22T22:58:13
I_32467_43210_left_s,non-mated,primary_impostor,same,32467,43210,left,left,B,A,0,A,0.589,gemma3,zero_shot,2026-08-22T22:58:14
G_58793_left_1401,mated,primary_genuine,cross,58793,58793,left,left,A,A,1,A,0.557,gemma3,zero_shot,2026-08-22T22:58:14
I_57833_63029_right_x,non-mated,primary_impostor,cross,57833,63029,right,right,B,A,0,A,0.57,gemma3,zero_shot,2026-08-22T22:58:15
G_65052_right_1804,mated,primary_genuine,same,65052,65052,right,right,A,A,1,A,0.577,gemma3,zero_shot,2026-08-22T22:58:15
G_63029_left_1511,mated,primary_genuine,cross,63029,63029,left,left,A,A,1,A,0.569,gemma3,zero_shot,2026-08-22T22:58:16
I_57145_58398_right_s,non-mated,primary_impostor,same,57145,58398,right,right,B,A,0,A,0.588,gemma3,zero_shot,2026-08-22T22:58:17
G_20294_left_132,mated,primary_genuine,same,20294,20294,left,left,A,A,1,A,0.592,gemma3,zero_shot,2026-08-22T22:58:17
G_44595_right_807,mated,primary_genuine,same,44595,44595,right,right,A,A,1,A,0.551,gemma3,zero_shot,2026-08-22T22:58:18
G_89171_left_2503,mated,primary_genuine,cross,89171,89171,left,left,A,A,1,A,0.571,gemma3,zero_shot,2026-08-22T22:58:18
G_44595_right_811,mated,primary_genuine,same,44595,44595,right,right,A,A,1,A,0.548,gemma3,zero_shot,2026-08-22T22:58:19
G_58793_left_1384,mated,primary_genuine,cross,58793,58793,left,left,A,A,1,A,0.567,gemma3,zero_shot,2026-08-22T22:58:19
I_24101_43210_left_s,non-mated,primary_impostor,same,24101,43210,left,left,B,A,0,A,0.583,gemma3,zero_shot,2026-08-22T22:58:20
I_56583_96608_left_x,non-mated,primary_impostor,cross,56583,96608,left,left,B,A,0,A,0.572,gemma3,zero_shot,2026-08-22T22:58:21
G_24101_right_298,mated,primary_genuine,same,24101,24101,right,right,A,A,1,A,0.586,gemma3,zero_shot,2026-08-22T22:58:21
G_63029_right_1591,mated,primary_genuine,same,63029,63029,right,right,A,A,1,A,0.581,gemma3,zero_shot,2026-08-22T22:58:22
I_32467_57833_right_x,non-mated,primary_impostor,cross,32467,57833,right,right,B,A,0,A,0.572,gemma3,zero_shot,2026-08-22T22:58:22
G_44595_left_691,mated,primary_genuine,cross,44595,44595,left,left,A,A,1,A,0.569,gemma3,zero_shot,2026-08-22T22:58:23
D_69658_193,non-mated,diagnostic_impostor,cross,69658,69658,left,right,B,A,0,A,0.571,gemma3,zero_shot,2026-08-22T22:58:23
G_32467_right_525,mated,primary_genuine,cross,32467,32467,right,right,A,A,1,A,0.58,gemma3,zero_shot,2026-08-22T22:58:24
D_87757_242,non-mated,diagnostic_impostor,same,87757,87757,left,right,B,A,0,A,0.633,gemma3,zero_shot,2026-08-22T22:58:25
I_24101_47904_left_x,non-mated,primary_impostor,cross,24101,47904,left,left,B,A,0,A,0.616,gemma3,zero_shot,2026-08-22T22:58:25
G_24101_left_288,mated,primary_genuine,same,24101,24101,left,left,A,A,1,A,0.618,gemma3,zero_shot,2026-08-22T22:58:26
D_32467_57,non-mated,diagnostic_impostor,cross,32467,32467,left,right,B,A,0,A,0.57,gemma3,zero_shot,2026-08-22T22:58:26
D_43210_69,non-mated,diagnostic_impostor,same,43210,43210,left,right,B,A,0,A,0.604,gemma3,zero_shot,2026-08-22T22:58:27
D_69658_202,non-mated,diagnostic_impostor,cross,69658,69658,left,right,B,A,0,A,0.571,gemma3,zero_shot,2026-08-22T22:58:28
G_58793_left_1388,mated,primary_genuine,same,58793,58793,left,left,A,A,1,A,0.57,gemma3,zero_shot,2026-08-22T22:58:28
D_63029_165,non-mated,diagnostic_impostor,same,63029,63029,left,right,B,A,0,A,0.576,gemma3,zero_shot,2026-08-22T22:58:29
I_87757_89171_left_x,non-mated,primary_impostor,cross,87757,89171,left,left,B,A,0,A,0.575,gemma3,zero_shot,2026-08-22T22:58:29
G_76957_left_2106,mated,primary_genuine,same,76957,76957,left,left,A,A,1,A,0.574,gemma3,zero_shot,2026-08-22T22:58:30
G_89171_left_2487,mated,primary_genuine,same,89171,89171,left,left,A,A,1,A,0.586,gemma3,zero_shot,2026-08-22T22:58:31
I_27295_65052_left_s,non-mated,primary_impostor,same,27295,65052,left,left,B,A,0,A,0.582,gemma3,zero_shot,2026-08-22T22:58:31
G_58793_right_1452,mated,primary_genuine,cross,58793,58793,right,right,A,A,1,A,0.567,gemma3,zero_shot,2026-08-22T22:58:32
I_74850_89171_left_x,non-mated,primary_impostor,cross,74850,89171,left,left,B,A,0,A,0.575,gemma3,zero_shot,2026-08-22T22:58:32
D_57833_122,non-mated,diagnostic_impostor,same,57833,57833,left,right,B,A,0,A,0.58,gemma3,zero_shot,2026-08-22T22:58:33
D_27295_38,non-mated,diagnostic_impostor,same,27295,27295,left,right,B,A,0,A,0.557,gemma3,zero_shot,2026-08-22T22:58:33
I_20294_99775_right_s,non-mated,primary_impostor,same,20294,99775,right,right,B,A,0,A,0.59,gemma3,zero_shot,2026-08-22T22:58:34
I_27295_44595_left_s,non-mated,primary_impostor,same,27295,44595,left,left,B,A,0,A,0.582,gemma3,zero_shot,2026-08-22T22:58:35
G_43210_left_608,mated,primary_genuine,same,43210,43210,left,left,A,A,1,A,0.558,gemma3,zero_shot,2026-08-22T22:58:35
D_14493_0,non-mated,diagnostic_impostor,same,14493,14493,left,right,B,A,0,A,0.575,gemma3,zero_shot,2026-08-22T22:58:36
D_58793_145,non-mated,diagnostic_impostor,same,58793,58793,left,right,B,A,0,A,0.56,gemma3,zero_shot,2026-08-22T22:58:36
I_20294_57145_left_x,non-mated,primary_impostor,cross,20294,57145,left,left,B,A,0,A,0.58,gemma3,zero_shot,2026-08-22T22:58:37
I_65052_96608_right_s,non-mated,primary_impostor,same,65052,96608,right,right,B,A,0,A,0.586,gemma3,zero_shot,2026-08-22T22:58:37
G_20294_left_151,mated,primary_genuine,cross,20294,20294,left,left,A,A,1,A,0.57,gemma3,zero_shot,2026-08-22T22:58:38
G_74850_right_2052,mated,primary_genuine,cross,74850,74850,right,right,A,A,1,A,0.565,gemma3,zero_shot,2026-08-22T22:58:39
G_14493_left_45,mated,primary_genuine,cross,14493,14493,left,left,A,B,0,B,0.565,gemma3,zero_shot,2026-08-22T22:58:39
D_87757_246,non-mated,diagnostic_impostor,same,87757,87757,left,right,B,A,0,A,0.561,gemma3,zero_shot,2026-08-22T22:58:40
G_87757_left_2352,mated,primary_genuine,cross,87757,87757,left,left,A,A,1,A,0.571,gemma3,zero_shot,2026-08-22T22:58:40
D_83742_235,non-mated,diagnostic_impostor,cross,83742,83742,left,right,B,A,0,A,0.573,gemma3,zero_shot,2026-08-22T22:58:41
D_57145_116,non-mated,diagnostic_impostor,same,57145,57145,left,right,B,A,0,A,0.559,gemma3,zero_shot,2026-08-22T22:58:41
I_76957_93812_left_x,non-mated,primary_impostor,cross,76957,93812,left,left,B,A,0,A,0.575,gemma3,zero_shot,2026-08-22T22:58:42
I_32467_69658_right_s,non-mated,primary_impostor,same,32467,69658,right,right,B,A,0,A,0.58,gemma3,zero_shot,2026-08-22T22:58:43
D_32467_49,non-mated,diagnostic_impostor,cross,32467,32467,left,right,B,A,0,A,0.574,gemma3,zero_shot,2026-08-22T22:58:43
D_14493_4,non-mated,diagnostic_impostor,same,14493,14493,left,right,B,A,0,A,0.582,gemma3,zero_shot,2026-08-22T22:58:44
G_83742_right_2320,mated,primary_genuine,cross,83742,83742,right,right,A,A,1,A,0.568,gemma3,zero_shot,2026-08-22T22:58:44
I_20294_63029_left_x,non-mated,primary_impostor,cross,20294,63029,left,left,B,A,0,A,0.581,gemma3,zero_shot,2026-08-22T22:58:45
D_65052_183,non-mated,diagnostic_impostor,same,65052,65052,left,right,B,A,0,A,0.586,gemma3,zero_shot,2026-08-22T22:58:45
I_32467_44595_right_x,non-mated,primary_impostor,cross,32467,44595,right,right,B,A,0,A,0.571,gemma3,zero_shot,2026-08-22T22:58:46
I_24101_56583_right_x,non-mated,primary_impostor,cross,24101,56583,right,right,B,A,0,A,0.571,gemma3,zero_shot,2026-08-22T22:58:47
I_93812_99775_left_x,non-mated,primary_impostor,cross,93812,99775,left,left,B,A,0,A,0.563,gemma3,zero_shot,2026-08-22T22:58:47
I_14493_93812_left_x,non-mated,primary_impostor,cross,14493,93812,left,left,B,A,0,A,0.573,gemma3,zero_shot,2026-08-22T22:58:48
I_63029_74850_left_x,non-mated,primary_impostor,cross,63029,74850,left,left,B,A,0,A,0.577,gemma3,zero_shot,2026-08-22T22:58:48
I_47904_65052_left_s,non-mated,primary_impostor,same,47904,65052,left,left,B,A,0,A,0.629,gemma3,zero_shot,2026-08-22T22:58:49
I_57145_96608_left_s,non-mated,primary_impostor,same,57145,96608,left,left,B,A,0,A,0.63,gemma3,zero_shot,2026-08-22T22:58:50
G_89171_left_2480,mated,primary_genuine,same,89171,89171,left,left,A,A,1,A,0.611,gemma3,zero_shot,2026-08-22T22:58:50
G_58793_left_1420,mated,primary_genuine,same,58793,58793,left,left,A,B,0,B,0.55,gemma3,zero_shot,2026-08-22T22:58:51
I_27295_99775_left_s,non-mated,primary_impostor,same,27295,99775,left,left,B,A,0,A,0.58,gemma3,zero_shot,2026-08-22T22:58:51
I_27295_58793_left_s,non-mated,primary_impostor,same,27295,58793,left,left,B,A,0,A,0.582,gemma3,zero_shot,2026-08-22T22:58:52
I_14493_58398_left_x,non-mated,primary_impostor,cross,14493,58398,left,left,B,A,0,A,0.565,gemma3,zero_shot,2026-08-22T22:58:52
I_27295_44595_right_s,non-mated,primary_impostor,same,27295,44595,right,right,B,A,0,A,0.578,gemma3,zero_shot,2026-08-22T22:58:53
I_27295_47904_right_x,non-mated,primary_impostor,cross,27295,47904,right,right,B,A,0,A,0.568,gemma3,zero_shot,2026-08-22T22:58:54
I_76957_89171_right_s,non-mated,primary_impostor,same,76957,89171,right,right,B,A,0,A,0.583,gemma3,zero_shot,2026-08-22T22:58:54
I_58398_63029_right_s,non-mated,primary_impostor,same,58398,63029,right,right,B,A,0,A,0.577,gemma3,zero_shot,2026-08-22T22:58:55
I_20294_56583_right_s,non-mated,primary_impostor,same,20294,56583,right,right,B,A,0,A,0.591,gemma3,zero_shot,2026-08-22T22:58:55
D_93812_274,non-mated,diagnostic_impostor,cross,93812,93812,left,right,B,A,0,A,0.572,gemma3,zero_shot,2026-08-22T22:58:56
D_74850_212,non-mated,diagnostic_impostor,same,74850,74850,left,right,B,A,0,A,0.583,gemma3,zero_shot,2026-08-22T22:58:57
I_58398_99775_right_s,non-mated,primary_impostor,same,58398,99775,right,right,B,A,0,A,0.579,gemma3,zero_shot,2026-08-22T22:58:57
G_56583_left_887,mated,primary_genuine,same,56583,56583,left,left,A,A,1,A,0.551,gemma3,zero_shot,2026-08-22T22:58:58
G_58793_right_1469,mated,primary_genuine,same,58793,58793,right,right,A,A,1,A,0.56,gemma3,zero_shot,2026-08-22T22:58:58
G_99775_left_2857,mated,primary_genuine,cross,99775,99775,left,left,A,A,1,A,0.571,gemma3,zero_shot,2026-08-22T22:58:59
                                                                                                                                I_44595_47904_left_x,non-mated,primary_impostor,cross,44595,47904,left,left,B,A,0,A,0.996,gemma3,zero_shot,2026-08-23T13:23:38
G_43210_right_650,mated,primary_genuine,cross,43210,43210,right,right,A,A,1,A,0.593,gemma3,zero_shot,2026-08-23T13:23:39
I_32467_58398_left_x,non-mated,primary_impostor,cross,32467,58398,left,left,B,A,0,A,0.587,gemma3,zero_shot,2026-08-23T13:23:40
I_27295_57145_right_x,non-mated,primary_impostor,cross,27295,57145,right,right,B,A,0,A,0.582,gemma3,zero_shot,2026-08-23T13:23:40
D_65030_175,non-mated,diagnostic_impostor,same,65030,65030,left,right,B,A,0,A,0.59,gemma3,zero_shot,2026-08-23T13:23:41
G_58793_right_1451,mated,primary_genuine,cross,58793,58793,right,right,A,A,1,A,0.578,gemma3,zero_shot,2026-08-23T13:23:41
D_96608_276,non-mated,diagnostic_impostor,cross,96608,96608,left,right,B,A,0,A,0.58,gemma3,zero_shot,2026-08-23T13:23:42
G_58793_right_1446,mated,primary_genuine,cross,58793,58793,right,right,A,A,1,A,0.568,gemma3,zero_shot,2026-08-23T13:23:42
G_63029_left_1489,mated,primary_genuine,cross,63029,63029,left,left,A,A,1,A,0.575,gemma3,zero_shot,2026-08-23T13:23:43
G_14493_left_41,mated,primary_genuine,cross,14493,14493,left,left,A,A,1,A,0.57,gemma3,zero_shot,2026-08-23T13:23:44
I_24101_43210_left_x,non-mated,primary_impostor,cross,24101,43210,left,left,B,A,0,A,0.582,gemma3,zero_shot,2026-08-23T13:23:44
G_93812_right_2695,mated,primary_genuine,same,93812,93812,right,right,A,A,1,A,0.563,gemma3,zero_shot,2026-08-23T13:23:45
D_57833_130,non-mated,diagnostic_impostor,same,57833,57833,left,right,B,A,0,A,0.599,gemma3,zero_shot,2026-08-23T13:23:45
I_74850_99775_left_x,non-mated,primary_impostor,cross,74850,99775,left,left,B,A,0,A,0.58,gemma3,zero_shot,2026-08-23T13:23:46
G_96608_left_2709,mated,primary_genuine,same,96608,96608,left,left,A,A,1,A,0.589,gemma3,zero_shot,2026-08-23T13:23:46
G_57145_left_1033,mated,primary_genuine,same,57145,57145,left,left,A,A,1,A,0.561,gemma3,zero_shot,2026-08-23T13:23:47
I_58793_74850_right_s,non-mated,primary_impostor,same,58793,74850,right,right,B,A,0,A,0.599,gemma3,zero_shot,2026-08-23T13:23:48
D_14493_6,non-mated,diagnostic_impostor,same,14493,14493,left,right,B,A,0,A,0.565,gemma3,zero_shot,2026-08-23T13:23:48
D_76957_218,non-mated,diagnostic_impostor,cross,76957,76957,left,right,B,A,0,A,0.588,gemma3,zero_shot,2026-08-23T13:23:49
G_63029_left_1521,mated,primary_genuine,same,63029,63029,left,left,A,A,1,A,0.588,gemma3,zero_shot,2026-08-23T13:23:49
I_20294_58793_right_x,non-mated,primary_impostor,cross,20294,58793,right,right,B,A,0,A,0.59,gemma3,zero_shot,2026-08-23T13:23:50
D_47904_86,non-mated,diagnostic_impostor,cross,47904,47904,left,right,B,A,0,A,0.577,gemma3,zero_shot,2026-08-23T13:23:51
I_14493_65052_left_s,non-mated,primary_impostor,same,14493,65052,left,left,B,A,0,A,0.595,gemma3,zero_shot,2026-08-23T13:23:51
I_44595_65030_left_x,non-mated,primary_impostor,cross,44595,65030,left,left,B,A,0,A,0.576,gemma3,zero_shot,2026-08-23T13:23:52
I_57145_83742_left_x,non-mated,primary_impostor,cross,57145,83742,left,left,B,A,0,A,0.579,gemma3,zero_shot,2026-08-23T13:23:52
G_65052_right_1842,mated,primary_genuine,same,65052,65052,right,right,A,A,1,A,0.567,gemma3,zero_shot,2026-08-23T13:23:53
G_63029_left_1508,mated,primary_genuine,cross,63029,63029,left,left,A,A,1,A,0.581,gemma3,zero_shot,2026-08-23T13:23:53
G_27295_right_378,mated,primary_genuine,cross,27295,27295,right,right,A,A,1,A,0.581,gemma3,zero_shot,2026-08-23T13:23:54
G_47904_left_817,mated,primary_genuine,cross,47904,47904,left,left,A,A,1,A,0.583,gemma3,zero_shot,2026-08-23T13:23:55
D_87757_247,non-mated,diagnostic_impostor,cross,87757,87757,left,right,B,A,0,A,0.583,gemma3,zero_shot,2026-08-23T13:23:55
G_57833_left_1131,mated,primary_genuine,same,57833,57833,left,left,A,A,1,A,0.586,gemma3,zero_shot,2026-08-23T13:23:56
I_43210_57833_right_s,non-mated,primary_impostor,same,43210,57833,right,right,B,A,0,A,0.59,gemma3,zero_shot,2026-08-23T13:23:56
G_44595_right_800,mated,primary_genuine,same,44595,44595,right,right,A,A,1,A,0.564,gemma3,zero_shot,2026-08-23T13:23:57
I_14493_83742_right_s,non-mated,primary_impostor,same,14493,83742,right,right,B,A,0,A,0.602,gemma3,zero_shot,2026-08-23T13:23:58
D_44595_78,non-mated,diagnostic_impostor,cross,44595,44595,left,right,B,A,0,A,0.57,gemma3,zero_shot,2026-08-23T13:23:58
G_57145_left_967,mated,primary_genuine,cross,57145,57145,left,left,A,A,1,A,0.582,gemma3,zero_shot,2026-08-23T13:23:59
D_20294_13,non-mated,diagnostic_impostor,cross,20294,20294,left,right,B,A,0,A,0.575,gemma3,zero_shot,2026-08-23T13:23:59
D_87757_243,non-mated,diagnostic_impostor,cross,87757,87757,left,right,B,A,0,A,0.581,gemma3,zero_shot,2026-08-23T13:24:00
G_65030_right_1684,mated,primary_genuine,cross,65030,65030,right,right,A,A,1,A,0.578,gemma3,zero_shot,2026-08-23T13:24:00
I_32467_43210_left_x,non-mated,primary_impostor,cross,32467,43210,left,left,B,B,1,B,0.585,gemma3,zero_shot,2026-08-23T13:24:01
G_57145_right_1102,mated,primary_genuine,same,57145,57145,right,right,A,A,1,A,0.573,gemma3,zero_shot,2026-08-23T13:24:02
I_44595_47904_right_s,non-mated,primary_impostor,same,44595,47904,right,right,B,A,0,A,0.592,gemma3,zero_shot,2026-08-23T13:24:02
G_83742_right_2298,mated,primary_genuine,cross,83742,83742,right,right,A,A,1,A,0.589,gemma3,zero_shot,2026-08-23T13:24:03
G_99775_right_2910,mated,primary_genuine,cross,99775,99775,right,right,A,A,1,A,0.583,gemma3,zero_shot,2026-08-23T13:24:03
I_65052_99775_left_s,non-mated,primary_impostor,same,65052,99775,left,left,B,A,0,A,0.595,gemma3,zero_shot,2026-08-23T13:24:04
G_58793_right_1448,mated,primary_genuine,cross,58793,58793,right,right,A,A,1,A,0.574,gemma3,zero_shot,2026-08-23T13:24:05
I_83742_87757_left_s,non-mated,primary_impostor,same,83742,87757,left,left,B,A,0,A,0.596,gemma3,zero_shot,2026-08-23T13:24:05
D_99775_288,non-mated,diagnostic_impostor,cross,99775,99775,left,right,B,A,0,A,0.573,gemma3,zero_shot,2026-08-23T13:24:06
G_83742_right_2327,mated,primary_genuine,cross,83742,83742,right,right,A,A,1,A,0.566,gemma3,zero_shot,2026-08-23T13:24:06
G_24101_left_290,mated,primary_genuine,cross,24101,24101,left,left,A,A,1,A,0.572,gemma3,zero_shot,2026-08-23T13:24:07
G_83742_left_2251,mated,primary_genuine,cross,83742,83742,left,left,A,A,1,A,0.57,gemma3,zero_shot,2026-08-23T13:24:07
D_96608_287,non-mated,diagnostic_impostor,same,96608,96608,left,right,B,A,0,A,0.571,gemma3,zero_shot,2026-08-23T13:24:08
G_58793_left_1416,mated,primary_genuine,same,58793,58793,left,left,A,A,1,A,0.569,gemma3,zero_shot,2026-08-23T13:24:09
I_14493_69658_left_s,non-mated,primary_impostor,same,14493,69658,left,left,B,A,0,A,0.592,gemma3,zero_shot,2026-08-23T13:24:09
I_47904_58793_left_x,non-mated,primary_impostor,cross,47904,58793,left,left,B,A,0,A,0.586,gemma3,zero_shot,2026-08-23T13:24:10
D_20294_21,non-mated,diagnostic_impostor,same,20294,20294,left,right,B,A,0,A,0.581,gemma3,zero_shot,2026-08-23T13:24:10
I_27295_63029_right_s,non-mated,primary_impostor,same,27295,63029,right,right,B,A,0,A,0.596,gemma3,zero_shot,2026-08-23T13:24:11
I_14493_76957_left_x,non-mated,primary_impostor,cross,14493,76957,left,left,B,A,0,A,0.582,gemma3,zero_shot,2026-08-23T13:24:11
G_57145_left_1008,mated,primary_genuine,same,57145,57145,left,left,A,A,1,A,0.574,gemma3,zero_shot,2026-08-23T13:24:12
G_27295_right_411,mated,primary_genuine,same,27295,27295,right,right,A,A,1,A,0.571,gemma3,zero_shot,2026-08-23T13:24:13
D_44595_77,non-mated,diagnostic_impostor,same,44595,44595,left,right,B,A,0,A,0.558,gemma3,zero_shot,2026-08-23T13:24:13
G_57833_right_1199,mated,primary_genuine,cross,57833,57833,right,right,A,A,1,A,0.584,gemma3,zero_shot,2026-08-23T13:24:14
D_24101_27,non-mated,diagnostic_impostor,same,24101,24101,left,right,B,A,0,A,0.605,gemma3,zero_shot,2026-08-23T13:24:14
G_96608_left_2707,mated,primary_genuine,cross,96608,96608,left,left,A,A,1,A,0.585,gemma3,zero_shot,2026-08-23T13:24:15
I_58793_63029_right_x,non-mated,primary_impostor,cross,58793,63029,right,right,B,A,0,A,0.579,gemma3,zero_shot,2026-08-23T13:24:16
G_32467_right_511,mated,primary_genuine,cross,32467,32467,right,right,A,A,1,A,0.585,gemma3,zero_shot,2026-08-23T13:24:16
G_89171_left_2521,mated,primary_genuine,cross,89171,89171,left,left,A,A,1,A,0.577,gemma3,zero_shot,2026-08-23T13:24:17
G_63029_right_1612,mated,primary_genuine,cross,63029,63029,right,right,A,A,1,A,0.581,gemma3,zero_shot,2026-08-23T13:24:17
I_32467_99775_left_x,non-mated,primary_impostor,cross,32467,99775,left,left,B,A,0,A,0.587,gemma3,zero_shot,2026-08-23T13:24:18
I_65030_96608_left_s,non-mated,primary_impostor,same,65030,96608,left,left,B,A,0,A,0.592,gemma3,zero_shot,2026-08-23T13:24:18
I_24101_47904_right_s,non-mated,primary_impostor,same,24101,47904,right,right,B,A,0,A,0.598,gemma3,zero_shot,2026-08-23T13:24:19
G_65030_left_1679,mated,primary_genuine,same,65030,65030,left,left,A,A,1,A,0.567,gemma3,zero_shot,2026-08-23T13:24:20
I_89171_99775_left_x,non-mated,primary_impostor,cross,89171,99775,left,left,B,A,0,A,0.594,gemma3,zero_shot,2026-08-23T13:24:20
I_58793_76957_right_x,non-mated,primary_impostor,cross,58793,76957,right,right,B,A,0,A,0.573,gemma3,zero_shot,2026-08-23T13:24:21
I_44595_57145_left_x,non-mated,primary_impostor,cross,44595,57145,left,left,B,A,0,A,0.575,gemma3,zero_shot,2026-08-23T13:24:21
G_58793_left_1379,mated,primary_genuine,same,58793,58793,left,left,A,A,1,A,0.589,gemma3,zero_shot,2026-08-23T13:24:22
G_74850_right_2038,mated,primary_genuine,cross,74850,74850,right,right,A,A,1,A,0.585,gemma3,zero_shot,2026-08-23T13:24:23
G_47904_right_833,mated,primary_genuine,cross,47904,47904,right,right,A,A,1,A,0.572,gemma3,zero_shot,2026-08-23T13:24:23
I_47904_87757_left_s,non-mated,primary_impostor,same,47904,87757,left,left,B,A,0,A,0.593,gemma3,zero_shot,2026-08-23T13:24:24
I_47904_63029_left_x,non-mated,primary_impostor,cross,47904,63029,left,left,B,A,0,A,0.581,gemma3,zero_shot,2026-08-23T13:24:24
D_57145_109,non-mated,diagnostic_impostor,cross,57145,57145,left,right,B,A,0,A,0.579,gemma3,zero_shot,2026-08-23T13:24:25
G_14493_right_83,mated,primary_genuine,cross,14493,14493,right,right,A,A,1,A,0.578,gemma3,zero_shot,2026-08-23T13:24:25
D_69658_203,non-mated,diagnostic_impostor,same,69658,69658,left,right,B,A,0,A,0.564,gemma3,zero_shot,2026-08-23T13:24:26
D_27295_44,non-mated,diagnostic_impostor,cross,27295,27295,left,right,B,A,0,A,0.575,gemma3,zero_shot,2026-08-23T13:24:27
G_58793_right_1441,mated,primary_genuine,cross,58793,58793,right,right,A,A,1,A,0.578,gemma3,zero_shot,2026-08-23T13:24:27
G_96608_left_2757,mated,primary_genuine,same,96608,96608,left,left,A,A,1,A,0.562,gemma3,zero_shot,2026-08-23T13:24:28
G_47904_left_818,mated,primary_genuine,cross,47904,47904,left,left,A,B,0,B,0.579,gemma3,zero_shot,2026-08-23T13:24:28
G_89171_right_2534,mated,primary_genuine,same,89171,89171,right,right,A,A,1,A,0.596,gemma3,zero_shot,2026-08-23T13:24:29
G_58398_right_1332,mated,primary_genuine,cross,58398,58398,right,right,A,A,1,A,0.581,gemma3,zero_shot,2026-08-23T13:24:29
D_74850_213,non-mated,diagnostic_impostor,cross,74850,74850,left,right,B,A,0,A,0.585,gemma3,zero_shot,2026-08-23T13:24:30
D_89171_252,non-mated,diagnostic_impostor,same,89171,89171,left,right,B,A,0,A,0.589,gemma3,zero_shot,2026-08-23T13:24:31
D_96608_284,non-mated,diagnostic_impostor,cross,96608,96608,left,right,B,A,0,A,0.573,gemma3,zero_shot,2026-08-23T13:24:31
G_20294_right_243,mated,primary_genuine,same,20294,20294,right,right,A,A,1,A,0.59,gemma3,zero_shot,2026-08-23T13:24:32
D_65030_177,non-mated,diagnostic_impostor,same,65030,65030,left,right,B,A,0,A,0.565,gemma3,zero_shot,2026-08-23T13:24:32
I_32467_58398_right_s,non-mated,primary_impostor,same,32467,58398,right,right,B,A,0,A,0.594,gemma3,zero_shot,2026-08-23T13:24:33
G_56583_right_939,mated,primary_genuine,same,56583,56583,right,right,A,A,1,A,0.569,gemma3,zero_shot,2026-08-23T13:24:34
D_32467_51,non-mated,diagnostic_impostor,same,32467,32467,left,right,B,A,0,A,0.57,gemma3,zero_shot,2026-08-23T13:24:34
G_20294_left_167,mated,primary_genuine,cross,20294,20294,left,left,A,A,1,A,0.588,gemma3,zero_shot,2026-08-23T13:24:35
G_58793_left_1374,mated,primary_genuine,cross,58793,58793,left,left,A,A,1,A,0.578,gemma3,zero_shot,2026-08-23T13:24:35
I_47904_58398_right_x,non-mated,primary_impostor,cross,47904,58398,right,right,B,A,0,A,0.577,gemma3,zero_shot,2026-08-23T13:24:36
G_56583_right_904,mated,primary_genuine,cross,56583,56583,right,right,A,A,1,A,0.587,gemma3,zero_shot,2026-08-23T13:24:36
I_58793_96608_left_s,non-mated,primary_impostor,same,58793,96608,left,left,B,A,0,A,0.6,gemma3,zero_shot,2026-08-23T13:24:37
I_14493_44595_left_x,non-mated,primary_impostor,cross,14493,44595,left,left,B,A,0,A,0.581,gemma3,zero_shot,2026-08-23T13:24:38
G_89171_left_2514,mated,primary_genuine,cross,89171,89171,left,left,A,B,0,B,0.585,gemma3,zero_shot,2026-08-23T13:24:38
I_65030_76957_left_x,non-mated,primary_impostor,cross,65030,76957,left,left,B,A,0,A,0.58,gemma3,zero_shot,2026-08-23T13:24:39
G_44595_left_709,mated,primary_genuine,cross,44595,44595,left,left,A,B,0,B,0.585,gemma3,zero_shot,2026-08-23T13:24:39
G_58793_right_1457,mated,primary_genuine,cross,58793,58793,right,right,A,A,1,A,0.572,gemma3,zero_shot,2026-08-23T13:24:40
G_44595_left_756,mated,primary_genuine,same,44595,44595,left,left,A,A,1,A,0.563,gemma3,zero_shot,2026-08-23T13:24:41
G_69658_left_1871,mated,primary_genuine,cross,69658,69658,left,left,A,A,1,A,0.577,gemma3,zero_shot,2026-08-23T13:24:41
D_43210_60,non-mated,diagnostic_impostor,cross,43210,43210,left,right,B,A,0,A,0.592,gemma3,zero_shot,2026-08-23T13:24:42
I_69658_89171_right_s,non-mated,primary_impostor,same,69658,89171,right,right,B,A,0,A,0.599,gemma3,zero_shot,2026-08-23T13:24:42
G_65052_left_1733,mated,primary_genuine,cross,65052,65052,left,left,A,B,0,B,0.581,gemma3,zero_shot,2026-08-23T13:24:43
G_65030_left_1636,mated,primary_genuine,same,65030,65030,left,left,A,A,1,A,0.583,gemma3,zero_shot,2026-08-23T13:24:43
I_47904_56583_right_s,non-mated,primary_impostor,same,47904,56583,right,right,B,A,0,A,0.591,gemma3,zero_shot,2026-08-23T13:24:44
G_20294_right_287,mated,primary_genuine,same,20294,20294,right,right,A,A,1,A,0.576,gemma3,zero_shot,2026-08-23T13:24:45
G_99775_left_2888,mated,primary_genuine,same,99775,99775,left,left,A,A,1,A,0.569,gemma3,zero_shot,2026-08-23T13:24:45
G_65052_right_1799,mated,primary_genuine,cross,65052,65052,right,right,A,A,1,A,0.585,gemma3,zero_shot,2026-08-23T13:24:46
I_57145_65030_right_x,non-mated,primary_impostor,cross,57145,65030,right,right,B,A,0,A,0.588,gemma3,zero_shot,2026-08-23T13:24:46
I_56583_58398_left_x,non-mated,primary_impostor,cross,56583,58398,left,left,B,A,0,A,0.584,gemma3,zero_shot,2026-08-23T13:24:47
G_69658_left_1864,mated,primary_genuine,cross,69658,69658,left,left,A,A,1,A,0.576,gemma3,zero_shot,2026-08-23T13:24:48
G_65052_left_1790,mated,primary_genuine,same,65052,65052,left,left,A,A,1,A,0.564,gemma3,zero_shot,2026-08-23T13:24:48
D_89171_261,non-mated,diagnostic_impostor,cross,89171,89171,left,right,B,A,0,A,0.6,gemma3,zero_shot,2026-08-23T13:24:49
I_32467_58398_right_x,non-mated,primary_impostor,cross,32467,58398,right,right,B,A,0,A,0.584,gemma3,zero_shot,2026-08-23T13:24:49
G_65052_right_1847,mated,primary_genuine,same,65052,65052,right,right,A,A,1,A,0.568,gemma3,zero_shot,2026-08-23T13:24:50
I_58398_96608_right_x,non-mated,primary_impostor,cross,58398,96608,right,right,B,A,0,A,0.583,gemma3,zero_shot,2026-08-23T13:24:50
G_56583_left_868,mated,primary_genuine,cross,56583,56583,left,left,A,A,1,A,0.571,gemma3,zero_shot,2026-08-23T13:24:51
D_99775_291,non-mated,diagnostic_impostor,cross,99775,99775,left,right,B,A,0,A,0.574,gemma3,zero_shot,2026-08-23T13:24:52
D_58793_144,non-mated,diagnostic_impostor,same,58793,58793,left,right,B,A,0,A,0.562,gemma3,zero_shot,2026-08-23T13:24:52
I_65030_83742_right_s,non-mated,primary_impostor,same,65030,83742,right,right,B,A,0,A,0.595,gemma3,zero_shot,2026-08-23T13:24:53
I_24101_87757_left_x,non-mated,primary_impostor,cross,24101,87757,left,left,B,A,0,A,0.581,gemma3,zero_shot,2026-08-23T13:24:53
G_87757_left_2353,mated,primary_genuine,cross,87757,87757,left,left,A,A,1,A,0.59,gemma3,zero_shot,2026-08-23T13:24:54
I_32467_83742_left_x,non-mated,primary_impostor,cross,32467,83742,left,left,B,B,1,B,0.59,gemma3,zero_shot,2026-08-23T13:24:54
G_63029_right_1623,mated,primary_genuine,same,63029,63029,right,right,A,A,1,A,0.565,gemma3,zero_shot,2026-08-23T13:24:55
I_58793_99775_left_s,non-mated,primary_impostor,same,58793,99775,left,left,B,A,0,A,0.597,gemma3,zero_shot,2026-08-23T13:24:56
D_14493_7,non-mated,diagnostic_impostor,same,14493,14493,left,right,B,A,0,A,0.584,gemma3,zero_shot,2026-08-23T13:24:56
G_74850_right_2039,mated,primary_genuine,cross,74850,74850,right,right,A,A,1,A,0.592,gemma3,zero_shot,2026-08-23T13:24:57
G_96608_left_2698,mated,primary_genuine,same,96608,96608,left,left,A,A,1,A,0.598,gemma3,zero_shot,2026-08-23T13:24:57
D_57833_121,non-mated,diagnostic_impostor,cross,57833,57833,left,right,B,A,0,A,0.58,gemma3,zero_shot,2026-08-23T13:24:58
D_63029_157,non-mated,diagnostic_impostor,same,63029,63029,left,right,B,A,0,A,0.577,gemma3,zero_shot,2026-08-23T13:24:59
I_24101_65052_right_x,non-mated,primary_impostor,cross,24101,65052,right,right,B,A,0,A,0.583,gemma3,zero_shot,2026-08-23T13:24:59
G_74850_right_2072,mated,primary_genuine,same,74850,74850,right,right,A,A,1,A,0.568,gemma3,zero_shot,2026-08-23T13:25:00
I_20294_74850_left_x,non-mated,primary_impostor,cross,20294,74850,left,left,B,A,0,A,0.594,gemma3,zero_shot,2026-08-23T13:25:00
D_32467_53,non-mated,diagnostic_impostor,cross,32467,32467,left,right,B,A,0,A,0.576,gemma3,zero_shot,2026-08-23T13:25:01
D_56583_98,non-mated,diagnostic_impostor,same,56583,56583,left,right,B,A,0,A,0.6,gemma3,zero_shot,2026-08-23T13:25:02
G_93812_left_2595,mated,primary_genuine,cross,93812,93812,left,left,A,A,1,A,0.584,gemma3,zero_shot,2026-08-23T13:25:02
I_56583_63029_right_s,non-mated,primary_impostor,same,56583,63029,right,right,B,A,0,A,0.593,gemma3,zero_shot,2026-08-23T13:25:03
D_83742_234,non-mated,diagnostic_impostor,cross,83742,83742,left,right,B,A,0,A,0.586,gemma3,zero_shot,2026-08-23T13:25:03
D_14493_10,non-mated,diagnostic_impostor,same,14493,14493,left,right,B,A,0,A,0.568,gemma3,zero_shot,2026-08-23T13:25:04
I_24101_58398_left_x,non-mated,primary_impostor,cross,24101,58398,left,left,B,A,0,A,0.578,gemma3,zero_shot,2026-08-23T13:25:04
G_20294_left_197,mated,primary_genuine,same,20294,20294,left,left,A,A,1,A,0.571,gemma3,zero_shot,2026-08-23T13:25:05
G_93812_left_2638,mated,primary_genuine,same,93812,93812,left,left,A,A,1,A,0.57,gemma3,zero_shot,2026-08-23T13:25:06
G_65052_left_1746,mated,primary_genuine,same,65052,65052,left,left,A,A,1,A,0.587,gemma3,zero_shot,2026-08-23T13:25:06
G_99775_left_2880,mated,primary_genuine,same,99775,99775,left,left,A,A,1,A,0.564,gemma3,zero_shot,2026-08-23T13:25:07
G_83742_left_2266,mated,primary_genuine,same,83742,83742,left,left,A,A,1,A,0.567,gemma3,zero_shot,2026-08-23T13:25:07
I_14493_65052_right_s,non-mated,primary_impostor,same,14493,65052,right,right,B,A,0,A,0.599,gemma3,zero_shot,2026-08-23T13:25:08
G_14493_right_118,mated,primary_genuine,same,14493,14493,right,right,A,A,1,A,0.567,gemma3,zero_shot,2026-08-23T13:25:08
D_56583_97,non-mated,diagnostic_impostor,same,56583,56583,left,right,B,A,0,A,0.597,gemma3,zero_shot,2026-08-23T13:25:09
G_43210_left_605,mated,primary_genuine,same,43210,43210,left,left,A,A,1,A,0.57,gemma3,zero_shot,2026-08-23T13:25:10
D_57833_129,non-mated,diagnostic_impostor,cross,57833,57833,left,right,B,A,0,A,0.572,gemma3,zero_shot,2026-08-23T13:25:10
I_63029_93812_left_s,non-mated,primary_impostor,same,63029,93812,left,left,B,A,0,A,0.588,gemma3,zero_shot,2026-08-23T13:25:11
D_43210_68,non-mated,diagnostic_impostor,same,43210,43210,left,right,B,A,0,A,0.559,gemma3,zero_shot,2026-08-23T13:25:11
I_56583_76957_left_s,non-mated,primary_impostor,same,56583,76957,left,left,B,A,0,A,0.592,gemma3,zero_shot,2026-08-23T13:25:12
G_58398_right_1319,mated,primary_genuine,cross,58398,58398,right,right,A,A,1,A,0.581,gemma3,zero_shot,2026-08-23T13:25:13
G_93812_right_2642,mated,primary_genuine,same,93812,93812,right,right,A,A,1,A,0.591,gemma3,zero_shot,2026-08-23T13:25:13
I_76957_83742_left_x,non-mated,primary_impostor,cross,76957,83742,left,left,B,B,1,B,0.581,gemma3,zero_shot,2026-08-23T13:25:14
G_47904_left_823,mated,primary_genuine,cross,47904,47904,left,left,A,A,1,A,0.579,gemma3,zero_shot,2026-08-23T13:25:14
I_20294_74850_right_s,non-mated,primary_impostor,same,20294,74850,right,right,B,A,0,A,0.597,gemma3,zero_shot,2026-08-23T13:25:15
I_76957_93812_left_s,non-mated,primary_impostor,same,76957,93812,left,left,B,A,0,A,0.593,gemma3,zero_shot,2026-08-23T13:25:15
D_32467_55,non-mated,diagnostic_impostor,cross,32467,32467,left,right,B,A,0,A,0.58,gemma3,zero_shot,2026-08-23T13:25:16
I_44595_47904_left_x,non-mated,primary_impostor,cross,44595,47904,left,left,B,A,0,A,0.815,gemma3,zero_shot,2026-08-23T13:26:08
G_57145_right_1036,mated,primary_genuine,same,57145,57145,right,right,A,A,1,A,0.601,gemma3,zero_shot,2026-08-23T13:26:09
D_74850_206,non-mated,diagnostic_impostor,cross,74850,74850,left,right,B,A,0,A,0.593,gemma3,zero_shot,2026-08-23T13:26:09
G_14493_left_5,mated,primary_genuine,cross,14493,14493,left,left,A,A,1,A,0.576,gemma3,zero_shot,2026-08-23T13:26:10
G_57833_left_1129,mated,primary_genuine,same,57833,57833,left,left,A,A,1,A,0.587,gemma3,zero_shot,2026-08-23T13:26:11
I_47904_96608_left_x,non-mated,primary_impostor,cross,47904,96608,left,left,B,A,0,A,0.578,gemma3,zero_shot,2026-08-23T13:26:11
D_83742_238,non-mated,diagnostic_impostor,cross,83742,83742,left,right,B,A,0,A,0.583,gemma3,zero_shot,2026-08-23T13:26:12
G_89171_right_2585,mated,primary_genuine,same,89171,89171,right,right,A,A,1,A,0.577,gemma3,zero_shot,2026-08-23T13:26:12
D_57833_131,non-mated,diagnostic_impostor,same,57833,57833,left,right,B,A,0,A,0.566,gemma3,zero_shot,2026-08-23T13:26:13
D_96608_286,non-mated,diagnostic_impostor,same,96608,96608,left,right,B,A,0,A,0.572,gemma3,zero_shot,2026-08-23T13:26:13
G_96608_left_2699,mated,primary_genuine,same,96608,96608,left,left,A,A,1,A,0.594,gemma3,zero_shot,2026-08-23T13:26:14
G_58398_right_1331,mated,primary_genuine,cross,58398,58398,right,right,A,A,1,A,0.581,gemma3,zero_shot,2026-08-23T13:26:15
G_99775_left_2893,mated,primary_genuine,same,99775,99775,left,left,A,A,1,A,0.567,gemma3,zero_shot,2026-08-23T13:26:15
G_58793_right_1436,mated,primary_genuine,cross,58793,58793,right,right,A,A,1,A,0.578,gemma3,zero_shot,2026-08-23T13:26:16
D_57833_125,non-mated,diagnostic_impostor,same,57833,57833,left,right,B,A,0,A,0.587,gemma3,zero_shot,2026-08-23T13:26:16
G_27295_right_396,mated,primary_genuine,cross,27295,27295,right,right,A,A,1,A,0.571,gemma3,zero_shot,2026-08-23T13:26:17
I_63029_74850_left_s,non-mated,primary_impostor,same,63029,74850,left,left,B,A,0,A,0.599,gemma3,zero_shot,2026-08-23T13:26:18
D_87757_241,non-mated,diagnostic_impostor,same,87757,87757,left,right,B,A,0,A,0.569,gemma3,zero_shot,2026-08-23T13:26:18
D_74850_215,non-mated,diagnostic_impostor,cross,74850,74850,left,right,B,A,0,A,0.597,gemma3,zero_shot,2026-08-23T13:26:19
D_65052_189,non-mated,diagnostic_impostor,same,65052,65052,left,right,B,A,0,A,0.567,gemma3,zero_shot,2026-08-23T13:26:19
G_83742_left_2220,mated,primary_genuine,cross,83742,83742,left,left,A,A,1,A,0.58,gemma3,zero_shot,2026-08-23T13:26:20
G_65030_right_1690,mated,primary_genuine,same,65030,65030,right,right,A,A,1,A,0.582,gemma3,zero_shot,2026-08-23T13:26:20
G_57833_left_1147,mated,primary_genuine,cross,57833,57833,left,left,A,A,1,A,0.572,gemma3,zero_shot,2026-08-23T13:26:21
D_87757_250,non-mated,diagnostic_impostor,cross,87757,87757,left,right,B,A,0,A,0.568,gemma3,zero_shot,2026-08-23T13:26:22
G_96608_left_2717,mated,primary_genuine,cross,96608,96608,left,left,A,A,1,A,0.57,gemma3,zero_shot,2026-08-23T13:26:22
I_57145_83742_left_s,non-mated,primary_impostor,same,57145,83742,left,left,B,A,0,A,0.591,gemma3,zero_shot,2026-08-23T13:26:23
G_83742_left_2262,mated,primary_genuine,same,83742,83742,left,left,A,A,1,A,0.569,gemma3,zero_shot,2026-08-23T13:26:23
I_58398_87757_left_s,non-mated,primary_impostor,same,58398,87757,left,left,B,A,0,A,0.592,gemma3,zero_shot,2026-08-23T13:26:24
G_93812_left_2620,mated,primary_genuine,cross,93812,93812,left,left,A,A,1,A,0.582,gemma3,zero_shot,2026-08-23T13:26:25
D_99775_299,non-mated,diagnostic_impostor,same,99775,99775,left,right,B,A,0,A,0.563,gemma3,zero_shot,2026-08-23T13:26:25
D_69658_196,non-mated,diagnostic_impostor,same,69658,69658,left,right,B,A,0,A,0.586,gemma3,zero_shot,2026-08-23T13:26:26
I_24101_76957_left_x,non-mated,primary_impostor,cross,24101,76957,left,left,B,A,0,A,0.576,gemma3,zero_shot,2026-08-23T13:26:26
I_24101_69658_right_x,non-mated,primary_impostor,cross,24101,69658,right,right,B,A,0,A,0.579,gemma3,zero_shot,2026-08-23T13:26:27
G_14493_right_108,mated,primary_genuine,cross,14493,14493,right,right,A,A,1,A,0.571,gemma3,zero_shot,2026-08-23T13:26:27
D_24101_28,non-mated,diagnostic_impostor,cross,24101,24101,left,right,B,A,0,A,0.581,gemma3,zero_shot,2026-08-23T13:26:28
G_76957_right_2168,mated,primary_genuine,cross,76957,76957,right,right,A,A,1,A,0.571,gemma3,zero_shot,2026-08-23T13:26:29
I_65030_89171_right_x,non-mated,primary_impostor,cross,65030,89171,right,right,B,A,0,A,0.579,gemma3,zero_shot,2026-08-23T13:26:29
G_63029_right_1569,mated,primary_genuine,same,63029,63029,right,right,A,A,1,A,0.59,gemma3,zero_shot,2026-08-23T13:26:30
G_14493_left_47,mated,primary_genuine,cross,14493,14493,left,left,A,A,1,A,0.567,gemma3,zero_shot,2026-08-23T13:26:30
G_69658_left_1861,mated,primary_genuine,cross,69658,69658,left,left,A,A,1,A,0.574,gemma3,zero_shot,2026-08-23T13:26:31
G_74850_right_2050,mated,primary_genuine,cross,74850,74850,right,right,A,A,1,A,0.59,gemma3,zero_shot,2026-08-23T13:26:31
G_96608_right_2784,mated,primary_genuine,same,96608,96608,right,right,A,A,1,A,0.593,gemma3,zero_shot,2026-08-23T13:26:32
D_32467_59,non-mated,diagnostic_impostor,cross,32467,32467,left,right,B,A,0,A,0.578,gemma3,zero_shot,2026-08-23T13:26:33
I_89171_99775_left_s,non-mated,primary_impostor,same,89171,99775,left,left,B,A,0,A,0.588,gemma3,zero_shot,2026-08-23T13:26:33
I_47904_57833_right_s,non-mated,primary_impostor,same,47904,57833,right,right,B,A,0,A,0.596,gemma3,zero_shot,2026-08-23T13:26:34
I_24101_58793_right_x,non-mated,primary_impostor,cross,24101,58793,right,right,B,A,0,A,0.582,gemma3,zero_shot,2026-08-23T13:26:34
D_83742_236,non-mated,diagnostic_impostor,same,83742,83742,left,right,B,A,0,A,0.59,gemma3,zero_shot,2026-08-23T13:26:35
I_58793_65052_right_x,non-mated,primary_impostor,cross,58793,65052,right,right,B,A,0,A,0.572,gemma3,zero_shot,2026-08-23T13:26:36
I_20294_32467_left_x,non-mated,primary_impostor,cross,20294,32467,left,left,B,A,0,A,0.587,gemma3,zero_shot,2026-08-23T13:26:36
G_65030_left_1656,mated,primary_genuine,cross,65030,65030,left,left,A,A,1,A,0.575,gemma3,zero_shot,2026-08-23T13:26:37
D_76957_222,non-mated,diagnostic_impostor,cross,76957,76957,left,right,B,A,0,A,0.57,gemma3,zero_shot,2026-08-23T13:26:37
I_58793_65030_right_x,non-mated,primary_impostor,cross,58793,65030,right,right,B,A,0,A,0.573,gemma3,zero_shot,2026-08-23T13:26:38
I_20294_65052_left_x,non-mated,primary_impostor,cross,20294,65052,left,left,B,A,0,A,0.588,gemma3,zero_shot,2026-08-23T13:26:38
I_63029_65030_right_x,non-mated,primary_impostor,cross,63029,65030,right,right,B,A,0,A,0.574,gemma3,zero_shot,2026-08-23T13:26:39
I_63029_87757_right_s,non-mated,primary_impostor,same,63029,87757,right,right,B,A,0,A,0.588,gemma3,zero_shot,2026-08-23T13:26:40
G_69658_right_1932,mated,primary_genuine,cross,69658,69658,right,right,A,A,1,A,0.577,gemma3,zero_shot,2026-08-23T13:26:40
G_43210_left_551,mated,primary_genuine,same,43210,43210,left,left,A,A,1,A,0.585,gemma3,zero_shot,2026-08-23T13:26:41
I_24101_57145_right_x,non-mated,primary_impostor,cross,24101,57145,right,right,B,A,0,A,0.578,gemma3,zero_shot,2026-08-23T13:26:41
G_32467_left_456,mated,primary_genuine,same,32467,32467,left,left,A,A,1,A,0.573,gemma3,zero_shot,2026-08-23T13:26:42
I_20294_83742_right_s,non-mated,primary_impostor,same,20294,83742,right,right,B,A,0,A,0.596,gemma3,zero_shot,2026-08-23T13:26:43
G_58398_left_1311,mated,primary_genuine,same,58398,58398,left,left,A,A,1,A,0.561,gemma3,zero_shot,2026-08-23T13:26:43
G_96608_right_2785,mated,primary_genuine,same,96608,96608,right,right,A,A,1,A,0.589,gemma3,zero_shot,2026-08-23T13:26:44
D_27295_43,non-mated,diagnostic_impostor,cross,27295,27295,left,right,B,A,0,A,0.578,gemma3,zero_shot,2026-08-23T13:26:44
G_65030_right_1714,mated,primary_genuine,same,65030,65030,right,right,A,A,1,A,0.579,gemma3,zero_shot,2026-08-23T13:26:45
G_20294_right_228,mated,primary_genuine,cross,20294,20294,right,right,A,A,1,A,0.577,gemma3,zero_shot,2026-08-23T13:26:45
I_32467_47904_left_x,non-mated,primary_impostor,cross,32467,47904,left,left,B,A,0,A,0.584,gemma3,zero_shot,2026-08-23T13:26:46
I_27295_58793_left_x,non-mated,primary_impostor,cross,27295,58793,left,left,B,A,0,A,0.578,gemma3,zero_shot,2026-08-23T13:26:47
I_57145_58398_left_s,non-mated,primary_impostor,same,57145,58398,left,left,B,A,0,A,0.586,gemma3,zero_shot,2026-08-23T13:26:47
I_58398_83742_left_x,non-mated,primary_impostor,cross,58398,83742,left,left,B,B,1,B,0.572,gemma3,zero_shot,2026-08-23T13:26:48
G_43210_right_662,mated,primary_genuine,cross,43210,43210,right,right,A,A,1,A,0.571,gemma3,zero_shot,2026-08-23T13:26:48
I_65030_96608_left_x,non-mated,primary_impostor,cross,65030,96608,left,left,B,A,0,A,0.574,gemma3,zero_shot,2026-08-23T13:26:49
G_57833_left_1171,mated,primary_genuine,cross,57833,57833,left,left,A,A,1,A,0.567,gemma3,zero_shot,2026-08-23T13:26:49
D_83742_232,non-mated,diagnostic_impostor,cross,83742,83742,left,right,B,A,0,A,0.567,gemma3,zero_shot,2026-08-23T13:26:50
I_57145_74850_left_x,non-mated,primary_impostor,cross,57145,74850,left,left,B,A,0,A,0.577,gemma3,zero_shot,2026-08-23T13:26:51
I_69658_74850_right_s,non-mated,primary_impostor,same,69658,74850,right,right,B,A,0,A,0.59,gemma3,zero_shot,2026-08-23T13:26:51
I_57145_74850_right_s,non-mated,primary_impostor,same,57145,74850,right,right,B,A,0,A,0.596,gemma3,zero_shot,2026-08-23T13:26:52
I_20294_93812_right_x,non-mated,primary_impostor,cross,20294,93812,right,right,B,A,0,A,0.587,gemma3,zero_shot,2026-08-23T13:26:52
G_89171_right_2541,mated,primary_genuine,cross,89171,89171,right,right,A,A,1,A,0.576,gemma3,zero_shot,2026-08-23T13:26:53
I_27295_65030_right_x,non-mated,primary_impostor,cross,27295,65030,right,right,B,A,0,A,0.58,gemma3,zero_shot,2026-08-23T13:26:53
D_96608_278,non-mated,diagnostic_impostor,same,96608,96608,left,right,B,A,0,A,0.557,gemma3,zero_shot,2026-08-23T13:26:54
G_69658_right_1917,mated,primary_genuine,cross,69658,69658,right,right,A,A,1,A,0.578,gemma3,zero_shot,2026-08-23T13:26:55
G_58398_left_1297,mated,primary_genuine,cross,58398,58398,left,left,A,A,1,A,0.57,gemma3,zero_shot,2026-08-23T13:26:55
G_27295_right_405,mated,primary_genuine,cross,27295,27295,right,right,A,A,1,A,0.571,gemma3,zero_shot,2026-08-23T13:26:56
G_63029_left_1552,mated,primary_genuine,same,63029,63029,left,left,A,A,1,A,0.56,gemma3,zero_shot,2026-08-23T13:26:56
I_14493_20294_left_x,non-mated,primary_impostor,cross,14493,20294,left,left,B,A,0,A,0.576,gemma3,zero_shot,2026-08-23T13:26:57
G_74850_right_2020,mated,primary_genuine,cross,74850,74850,right,right,A,A,1,A,0.575,gemma3,zero_shot,2026-08-23T13:26:57
I_58398_65030_right_x,non-mated,primary_impostor,cross,58398,65030,right,right,B,A,0,A,0.571,gemma3,zero_shot,2026-08-23T13:26:58
I_57145_89171_right_s,non-mated,primary_impostor,same,57145,89171,right,right,B,A,0,A,0.594,gemma3,zero_shot,2026-08-23T13:26:59
I_47904_58398_left_s,non-mated,primary_impostor,same,47904,58398,left,left,B,A,0,A,0.587,gemma3,zero_shot,2026-08-23T13:26:59
D_44595_83,non-mated,diagnostic_impostor,cross,44595,44595,left,right,B,A,0,A,0.578,gemma3,zero_shot,2026-08-23T13:27:00
I_20294_96608_left_x,non-mated,primary_impostor,cross,20294,96608,left,left,B,A,0,A,0.595,gemma3,zero_shot,2026-08-23T13:27:00
G_44595_right_776,mated,primary_genuine,cross,44595,44595,right,right,A,A,1,A,0.588,gemma3,zero_shot,2026-08-23T13:27:01
G_56583_right_935,mated,primary_genuine,same,56583,56583,right,right,A,A,1,A,0.569,gemma3,zero_shot,2026-08-23T13:27:02
I_47904_69658_right_x,non-mated,primary_impostor,cross,47904,69658,right,right,B,A,0,A,0.568,gemma3,zero_shot,2026-08-23T13:27:02
G_69658_right_1943,mated,primary_genuine,same,69658,69658,right,right,A,A,1,A,0.556,gemma3,zero_shot,2026-08-23T13:27:03
G_69658_right_1933,mated,primary_genuine,cross,69658,69658,right,right,A,A,1,A,0.566,gemma3,zero_shot,2026-08-23T13:27:03
D_63029_156,non-mated,diagnostic_impostor,same,63029,63029,left,right,B,A,0,A,0.591,gemma3,zero_shot,2026-08-23T13:27:04
D_20294_17,non-mated,diagnostic_impostor,cross,20294,20294,left,right,B,A,0,A,0.582,gemma3,zero_shot,2026-08-23T13:27:04
G_27295_right_402,mated,primary_genuine,cross,27295,27295,right,right,A,A,1,A,0.566,gemma3,zero_shot,2026-08-23T13:27:05
G_57833_right_1206,mated,primary_genuine,same,57833,57833,right,right,A,A,1,A,0.603,gemma3,zero_shot,2026-08-23T13:27:06
D_32467_48,non-mated,diagnostic_impostor,same,32467,32467,left,right,B,A,0,A,0.565,gemma3,zero_shot,2026-08-23T13:27:06
D_56583_105,non-mated,diagnostic_impostor,cross,56583,56583,left,right,B,A,0,A,0.572,gemma3,zero_shot,2026-08-23T13:27:07
G_58398_left_1290,mated,primary_genuine,cross,58398,58398,left,left,A,A,1,A,0.572,gemma3,zero_shot,2026-08-23T13:27:07
G_57145_left_971,mated,primary_genuine,same,57145,57145,left,left,A,A,1,A,0.594,gemma3,zero_shot,2026-08-23T13:27:08
G_47904_right_825,mated,primary_genuine,same,47904,47904,right,right,A,A,1,A,0.591,gemma3,zero_shot,2026-08-23T13:27:08
I_57833_65052_left_s,non-mated,primary_impostor,same,57833,65052,left,left,B,A,0,A,0.588,gemma3,zero_shot,2026-08-23T13:27:09
D_20294_12,non-mated,diagnostic_impostor,same,20294,20294,left,right,B,A,0,A,0.558,gemma3,zero_shot,2026-08-23T13:27:10
G_76957_left_2084,mated,primary_genuine,cross,76957,76957,left,left,A,A,1,A,0.587,gemma3,zero_shot,2026-08-23T13:27:10
G_96608_right_2800,mated,primary_genuine,cross,96608,96608,right,right,A,A,1,A,0.566,gemma3,zero_shot,2026-08-23T13:27:11
D_58793_147,non-mated,diagnostic_impostor,cross,58793,58793,left,right,B,A,0,A,0.567,gemma3,zero_shot,2026-08-23T13:27:11
G_87757_right_2430,mated,primary_genuine,cross,87757,87757,right,right,A,A,1,A,0.586,gemma3,zero_shot,2026-08-23T13:27:12
I_74850_96608_left_s,non-mated,primary_impostor,same,74850,96608,left,left,B,A,0,A,0.607,gemma3,zero_shot,2026-08-23T13:27:13
D_32467_54,non-mated,diagnostic_impostor,cross,32467,32467,left,right,B,A,0,A,0.589,gemma3,zero_shot,2026-08-23T13:27:13
I_47904_57833_right_x,non-mated,primary_impostor,cross,47904,57833,right,right,B,A,0,A,0.591,gemma3,zero_shot,2026-08-23T13:27:14
D_20294_22,non-mated,diagnostic_impostor,same,20294,20294,left,right,B,A,0,A,0.57,gemma3,zero_shot,2026-08-23T13:27:14
I_58398_65030_right_s,non-mated,primary_impostor,same,58398,65030,right,right,B,A,0,A,0.592,gemma3,zero_shot,2026-08-23T13:27:15
I_58398_87757_right_s,non-mated,primary_impostor,same,58398,87757,right,right,B,A,0,A,0.596,gemma3,zero_shot,2026-08-23T13:27:15
I_58793_87757_right_s,non-mated,primary_impostor,same,58793,87757,right,right,B,A,0,A,0.585,gemma3,zero_shot,2026-08-23T13:27:16
G_58398_left_1272,mated,primary_genuine,cross,58398,58398,left,left,A,A,1,A,0.575,gemma3,zero_shot,2026-08-23T13:27:17
I_65030_96608_right_x,non-mated,primary_impostor,cross,65030,96608,right,right,B,A,0,A,0.573,gemma3,zero_shot,2026-08-23T13:27:17
D_74850_214,non-mated,diagnostic_impostor,same,74850,74850,left,right,B,A,0,A,0.616,gemma3,zero_shot,2026-08-23T13:27:18
G_20294_left_198,mated,primary_genuine,same,20294,20294,left,left,A,A,1,A,0.56,gemma3,zero_shot,2026-08-23T13:27:18
D_65052_186,non-mated,diagnostic_impostor,cross,65052,65052,left,right,B,A,0,A,0.575,gemma3,zero_shot,2026-08-23T13:27:19
G_56583_right_900,mated,primary_genuine,same,56583,56583,right,right,A,A,1,A,0.593,gemma3,zero_shot,2026-08-23T13:27:20
G_57145_right_1060,mated,primary_genuine,cross,57145,57145,right,right,A,A,1,A,0.58,gemma3,zero_shot,2026-08-23T13:27:20
D_96608_285,non-mated,diagnostic_impostor,same,96608,96608,left,right,B,A,0,A,0.583,gemma3,zero_shot,2026-08-23T13:27:21
I_14493_99775_left_s,non-mated,primary_impostor,same,14493,99775,left,left,B,A,0,A,0.596,gemma3,zero_shot,2026-08-23T13:27:21
D_96608_282,non-mated,diagnostic_impostor,cross,96608,96608,left,right,B,A,0,A,0.576,gemma3,zero_shot,2026-08-23T13:27:22
I_83742_99775_right_x,non-mated,primary_impostor,cross,83742,99775,right,right,B,A,0,A,0.592,gemma3,zero_shot,2026-08-23T13:27:23
G_89171_right_2552,mated,primary_genuine,same,89171,89171,right,right,A,A,1,A,0.588,gemma3,zero_shot,2026-08-23T13:27:23
G_69658_left_1893,mated,primary_genuine,same,69658,69658,left,left,A,A,1,A,0.56,gemma3,zero_shot,2026-08-23T13:27:24
I_14493_74850_right_x,non-mated,primary_impostor,cross,14493,74850,right,right,B,A,0,A,0.578,gemma3,zero_shot,2026-08-23T13:27:24
G_56583_right_933,mated,primary_genuine,same,56583,56583,right,right,A,A,1,A,0.56,gemma3,zero_shot,2026-08-23T13:27:25
D_32467_58,non-mated,diagnostic_impostor,same,32467,32467,left,right,B,A,0,A,0.581,gemma3,zero_shot,2026-08-23T13:27:25
G_99775_left_2846,mated,primary_genuine,cross,99775,99775,left,left,A,A,1,A,0.568,gemma3,zero_shot,2026-08-23T13:27:26
I_47904_87757_right_x,non-mated,primary_impostor,cross,47904,87757,right,right,B,A,0,A,0.572,gemma3,zero_shot,2026-08-23T13:27:27
G_99775_right_2918,mated,primary_genuine,same,99775,99775,right,right,A,A,1,A,0.59,gemma3,zero_shot,2026-08-23T13:27:27
G_76957_left_2117,mated,primary_genuine,cross,76957,76957,left,left,A,A,1,A,0.565,gemma3,zero_shot,2026-08-23T13:27:28
I_65030_89171_left_s,non-mated,primary_impostor,same,65030,89171,left,left,B,A,0,A,0.582,gemma3,zero_shot,2026-08-23T13:27:28
D_65030_168,non-mated,diagnostic_impostor,cross,65030,65030,left,right,B,A,0,A,0.582,gemma3,zero_shot,2026-08-23T13:27:29
G_32467_right_533,mated,primary_genuine,cross,32467,32467,right,right,A,A,1,A,0.568,gemma3,zero_shot,2026-08-23T13:27:29
G_14493_left_36,mated,primary_genuine,cross,14493,14493,left,left,A,A,1,A,0.573,gemma3,zero_shot,2026-08-23T13:27:30
G_27295_right_370,mated,primary_genuine,cross,27295,27295,right,right,A,A,1,A,0.57,gemma3,zero_shot,2026-08-23T13:27:31
G_65052_right_1809,mated,primary_genuine,cross,65052,65052,right,right,A,A,1,A,0.585,gemma3,zero_shot,2026-08-23T13:27:31
G_32467_left_427,mated,primary_genuine,cross,32467,32467,left,left,A,B,0,B,0.591,gemma3,zero_shot,2026-08-23T13:27:32
I_93812_96608_right_s,non-mated,primary_impostor,same,93812,96608,right,right,B,A,0,A,0.596,gemma3,zero_shot,2026-08-23T13:27:32
G_89171_left_2518,mated,primary_genuine,cross,89171,89171,left,left,A,A,1,A,0.57,gemma3,zero_shot,2026-08-23T13:27:33
I_43210_69658_left_s,non-mated,primary_impostor,same,43210,69658,left,left,B,A,0,A,0.586,gemma3,zero_shot,2026-08-23T13:27:33
D_93812_273,non-mated,diagnostic_impostor,same,93812,93812,left,right,B,A,0,A,0.578,gemma3,zero_shot,2026-08-23T13:27:34
I_47904_87757_right_s,non-mated,primary_impostor,same,47904,87757,right,right,B,A,0,A,0.593,gemma3,zero_shot,2026-08-23T13:27:35
G_99775_left_2843,mated,primary_genuine,same,99775,99775,left,left,A,A,1,A,0.581,gemma3,zero_shot,2026-08-23T13:27:35
I_14493_32467_left_s,non-mated,primary_impostor,same,14493,32467,left,left,B,A,0,A,0.594,gemma3,zero_shot,2026-08-23T13:27:36
G_96608_left_2718,mated,primary_genuine,same,96608,96608,left,left,A,A,1,A,0.584,gemma3,zero_shot,2026-08-23T13:27:36
G_57145_right_1051,mated,primary_genuine,same,57145,57145,right,right,A,A,1,A,0.587,gemma3,zero_shot,2026-08-23T13:27:37
I_74850_87757_right_s,non-mated,primary_impostor,same,74850,87757,right,right,B,A,0,A,0.595,gemma3,zero_shot,2026-08-23T13:27:38
G_32467_right_526,mated,primary_genuine,cross,32467,32467,right,right,A,A,1,A,0.57,gemma3,zero_shot,2026-08-23T13:27:38
D_58398_134,non-mated,diagnostic_impostor,cross,58398,58398,left,right,B,A,0,A,0.576,gemma3,zero_shot,2026-08-23T13:27:39
I_27295_74850_left_x,non-mated,primary_impostor,cross,27295,74850,left,left,B,A,0,A,0.577,gemma3,zero_shot,2026-08-23T13:27:39
I_65030_76957_right_x,non-mated,primary_impostor,cross,65030,76957,right,right,B,A,0,A,0.584,gemma3,zero_shot,2026-08-23T13:27:40
G_43210_left_598,mated,primary_genuine,cross,43210,43210,left,left,A,A,1,A,0.574,gemma3,zero_shot,2026-08-23T13:27:40
I_20294_87757_right_x,non-mated,primary_impostor,cross,20294,87757,right,right,B,A,0,A,0.581,gemma3,zero_shot,2026-08-23T13:27:41
I_14493_89171_left_x,non-mated,primary_impostor,cross,14493,89171,left,left,B,A,0,A,0.583,gemma3,zero_shot,2026-08-23T13:27:42
I_74850_99775_left_s,non-mated,primary_impostor,same,74850,99775,left,left,B,A,0,A,0.594,gemma3,zero_shot,2026-08-23T13:27:42
G_83742_left_2236,mated,primary_genuine,cross,83742,83742,left,left,A,A,1,A,0.57,gemma3,zero_shot,2026-08-23T13:27:43
G_87757_left_2395,mated,primary_genuine,cross,87757,87757,left,left,A,A,1,A,0.565,gemma3,zero_shot,2026-08-23T13:27:43
D_57145_113,non-mated,diagnostic_impostor,same,57145,57145,left,right,B,A,0,A,0.567,gemma3,zero_shot,2026-08-23T13:27:44
D_87757_249,non-mated,diagnostic_impostor,same,87757,87757,left,right,B,A,0,A,0.559,gemma3,zero_shot,2026-08-23T13:27:44
I_65052_74850_right_s,non-mated,primary_impostor,same,65052,74850,right,right,B,A,0,A,0.589,gemma3,zero_shot,2026-08-23T13:27:45
I_24101_32467_right_x,non-mated,primary_impostor,cross,24101,32467,right,right,B,A,0,A,0.577,gemma3,zero_shot,2026-08-23T13:27:46
