pair_id,label,category,device_pair,subject1,subject2,hand1,hand2,ground_truth,llm_answer,correct,raw_response,latency_s,model,prompting_setting,timestamp
D_43210_63,non-mated,diagnostic_impostor,cross,43210,43210,left,right,B,A,0,A,0.575,gemma3,task_description,2026-08-23T13:27:46
G_58398_left_1287,mated,primary_genuine,cross,58398,58398,left,left,A,A,1,A,0.573,gemma3,task_description,2026-08-23T13:27:47
G_56583_left_842,mated,primary_genuine,cross,56583,56583,left,left,A,A,1,A,0.576,gemma3,task_description,2026-08-23T13:27:47
I_14493_83742_left_s,non-mated,primary_impostor,same,14493,83742,left,left,B,A,0,A,0.598,gemma3,task_description,2026-08-23T13:27:48
I_57145_65052_left_x,non-mated,primary_impostor,cross,57145,65052,left,left,B,A,0,A,0.578,gemma3,task_description,2026-08-23T13:27:49
I_56583_93812_left_s,non-mated,primary_impostor,same,56583,93812,left,left,B,A,0,A,0.592,gemma3,task_description,2026-08-23T13:27:49
I_24101_57145_left_s,non-mated,primary_impostor,same,24101,57145,left,left,B,A,0,A,0.585,gemma3,task_description,2026-08-23T13:27:50
G_83742_left_2229,mated,primary_genuine,cross,83742,83742,left,left,A,A,1,A,0.581,gemma3,task_description,2026-08-23T13:27:50
G_57833_left_1183,mated,primary_genuine,same,57833,57833,left,left,A,A,1,A,0.578,gemma3,task_description,2026-08-23T13:27:51
G_69658_left_1866,mated,primary_genuine,same,69658,69658,left,left,A,A,1,A,0.588,gemma3,task_description,2026-08-23T13:27:51
I_24101_57145_left_x,non-mated,primary_impostor,cross,24101,57145,left,left,B,A,0,A,0.578,gemma3,task_description,2026-08-23T13:27:52
G_24101_right_301,mated,primary_genuine,cross,24101,24101,right,right,A,A,1,A,0.587,gemma3,task_description,2026-08-23T13:27:53
D_56583_99,non-mated,diagnostic_impostor,same,56583,56583,left,right,B,A,0,A,0.585,gemma3,task_description,2026-08-23T13:27:53
G_63029_left_1482,mated,primary_genuine,same,63029,63029,left,left,A,A,1,A,0.586,gemma3,task_description,2026-08-23T13:27:54
I_24101_87757_right_x,non-mated,primary_impostor,cross,24101,87757,right,right,B,A,0,A,0.587,gemma3,task_description,2026-08-23T13:27:54
G_89171_left_2506,mated,primary_genuine,cross,89171,89171,left,left,A,A,1,A,0.592,gemma3,task_description,2026-08-23T13:27:55
G_43210_left_580,mated,primary_genuine,same,43210,43210,left,left,A,A,1,A,0.612,gemma3,task_description,2026-08-23T13:27:56
I_44595_47904_left_s,non-mated,primary_impostor,same,44595,47904,left,left,B,A,0,A,0.589,gemma3,task_description,2026-08-23T13:27:56
G_44595_left_742,mated,primary_genuine,same,44595,44595,left,left,A,A,1,A,0.565,gemma3,task_description,2026-08-23T13:27:57
I_89171_96608_right_s,non-mated,primary_impostor,same,89171,96608,right,right,B,A,0,A,0.593,gemma3,task_description,2026-08-23T13:27:57
G_65030_left_1658,mated,primary_genuine,cross,65030,65030,left,left,A,A,1,A,0.569,gemma3,task_description,2026-08-23T13:27:58
I_65030_65052_left_x,non-mated,primary_impostor,cross,65030,65052,left,left,B,A,0,A,0.573,gemma3,task_description,2026-08-23T13:27:58
I_20294_47904_right_x,non-mated,primary_impostor,cross,20294,47904,right,right,B,A,0,A,0.586,gemma3,task_description,2026-08-23T13:27:59
G_20294_right_224,mated,primary_genuine,same,20294,20294,right,right,A,A,1,A,0.583,gemma3,task_description,2026-08-23T13:28:00
I_47904_58793_left_s,non-mated,primary_impostor,same,47904,58793,left,left,B,A,0,A,0.598,gemma3,task_description,2026-08-23T13:28:00
D_44595_73,non-mated,diagnostic_impostor,same,44595,44595,left,right,B,A,0,A,0.576,gemma3,task_description,2026-08-23T13:28:01
I_56583_96608_right_x,non-mated,primary_impostor,cross,56583,96608,right,right,B,A,0,A,0.583,gemma3,task_description,2026-08-23T13:28:01
D_14493_8,non-mated,diagnostic_impostor,same,14493,14493,left,right,B,A,0,A,0.567,gemma3,task_description,2026-08-23T13:28:02
D_47904_92,non-mated,diagnostic_impostor,cross,47904,47904,left,right,B,A,0,A,0.573,gemma3,task_description,2026-08-23T13:28:03
I_32467_43210_right_s,non-mated,primary_impostor,same,32467,43210,right,right,B,A,0,A,0.598,gemma3,task_description,2026-08-23T13:28:03
G_74850_right_2037,mated,primary_genuine,cross,74850,74850,right,right,A,A,1,A,0.588,gemma3,task_description,2026-08-23T13:28:04
I_32467_65030_right_x,non-mated,primary_impostor,cross,32467,65030,right,right,B,A,0,A,0.579,gemma3,task_description,2026-08-23T13:28:04
G_20294_left_134,mated,primary_genuine,same,20294,20294,left,left,A,A,1,A,0.609,gemma3,task_description,2026-08-23T13:28:05
G_47904_right_832,mated,primary_genuine,cross,47904,47904,right,right,A,A,1,A,0.575,gemma3,task_description,2026-08-23T13:28:06
I_57145_89171_right_x,non-mated,primary_impostor,cross,57145,89171,right,right,B,A,0,A,0.582,gemma3,task_description,2026-08-23T13:28:06
G_76957_left_2098,mated,primary_genuine,same,76957,76957,left,left,A,A,1,A,0.598,gemma3,task_description,2026-08-23T13:28:07
I_14493_20294_right_x,non-mated,primary_impostor,cross,14493,20294,right,right,B,A,0,A,0.589,gemma3,task_description,2026-08-23T13:28:07
D_76957_225,non-mated,diagnostic_impostor,same,76957,76957,left,right,B,A,0,A,0.595,gemma3,task_description,2026-08-23T13:28:08
G_76957_left_2119,mated,primary_genuine,same,76957,76957,left,left,A,A,1,A,0.561,gemma3,task_description,2026-08-23T13:28:08
D_69658_194,non-mated,diagnostic_impostor,cross,69658,69658,left,right,B,A,0,A,0.568,gemma3,task_description,2026-08-23T13:28:09
G_32467_right_505,mated,primary_genuine,same,32467,32467,right,right,A,A,1,A,0.591,gemma3,task_description,2026-08-23T13:28:10
I_47904_58793_right_s,non-mated,primary_impostor,same,47904,58793,right,right,B,A,0,A,0.591,gemma3,task_description,2026-08-23T13:28:10
G_74850_right_2026,mated,primary_genuine,same,74850,74850,right,right,A,A,1,A,0.586,gemma3,task_description,2026-08-23T13:28:11
D_89171_262,non-mated,diagnostic_impostor,cross,89171,89171,left,right,B,A,0,A,0.571,gemma3,task_description,2026-08-23T13:28:11
I_57833_89171_left_x,non-mated,primary_impostor,cross,57833,89171,left,left,B,A,0,A,0.587,gemma3,task_description,2026-08-23T13:28:12
I_74850_83742_left_s,non-mated,primary_impostor,same,74850,83742,left,left,B,A,0,A,0.595,gemma3,task_description,2026-08-23T13:28:13
I_57833_69658_right_x,non-mated,primary_impostor,cross,57833,69658,right,right,B,A,0,A,0.581,gemma3,task_description,2026-08-23T13:28:13
G_74850_left_1998,mated,primary_genuine,same,74850,74850,left,left,A,A,1,A,0.571,gemma3,task_description,2026-08-23T13:28:14
D_83742_228,non-mated,diagnostic_impostor,cross,83742,83742,left,right,B,A,0,A,0.587,gemma3,task_description,2026-08-23T13:28:14
I_43210_56583_left_x,non-mated,primary_impostor,cross,43210,56583,left,left,B,A,0,A,0.574,gemma3,task_description,2026-08-23T13:28:15
G_43210_right_633,mated,primary_genuine,cross,43210,43210,right,right,A,A,1,A,0.578,gemma3,task_description,2026-08-23T13:28:15
I_58793_65030_left_s,non-mated,primary_impostor,same,58793,65030,left,left,B,A,0,A,0.592,gemma3,task_description,2026-08-23T13:28:16
I_57145_76957_left_s,non-mated,primary_impostor,same,57145,76957,left,left,B,A,0,A,0.593,gemma3,task_description,2026-08-23T13:28:17
I_14493_65030_left_x,non-mated,primary_impostor,cross,14493,65030,left,left,B,A,0,A,0.577,gemma3,task_description,2026-08-23T13:28:17
G_65030_right_1681,mated,primary_genuine,same,65030,65030,right,right,A,A,1,A,0.594,gemma3,task_description,2026-08-23T13:28:18
D_58398_142,non-mated,diagnostic_impostor,same,58398,58398,left,right,B,A,0,A,0.568,gemma3,task_description,2026-08-23T13:28:18
G_57833_right_1228,mated,primary_genuine,cross,57833,57833,right,right,A,A,1,A,0.583,gemma3,task_description,2026-08-23T13:28:19
I_43210_74850_left_s,non-mated,primary_impostor,same,43210,74850,left,left,B,A,0,A,0.593,gemma3,task_description,2026-08-23T13:28:20
D_14493_9,non-mated,diagnostic_impostor,same,14493,14493,left,right,B,A,0,A,0.587,gemma3,task_description,2026-08-23T13:28:20
I_43210_83742_right_s,non-mated,primary_impostor,same,43210,83742,right,right,B,A,0,A,0.593,gemma3,task_description,2026-08-23T13:28:21
G_96608_left_2728,mated,primary_genuine,same,96608,96608,left,left,A,A,1,A,0.581,gemma3,task_description,2026-08-23T13:28:21
I_57833_96608_left_x,non-mated,primary_impostor,cross,57833,96608,left,left,B,A,0,A,0.581,gemma3,task_description,2026-08-23T13:28:22
I_47904_63029_right_x,non-mated,primary_impostor,cross,47904,63029,right,right,B,A,0,A,0.578,gemma3,task_description,2026-08-23T13:28:22
I_65052_93812_right_x,non-mated,primary_impostor,cross,65052,93812,right,right,B,A,0,A,0.583,gemma3,task_description,2026-08-23T13:28:23
I_44595_99775_left_s,non-mated,primary_impostor,same,44595,99775,left,left,B,A,0,A,0.592,gemma3,task_description,2026-08-23T13:28:24
I_24101_32467_left_x,non-mated,primary_impostor,cross,24101,32467,left,left,B,A,0,A,0.576,gemma3,task_description,2026-08-23T13:28:24
G_27295_right_407,mated,primary_genuine,cross,27295,27295,right,right,A,A,1,A,0.569,gemma3,task_description,2026-08-23T13:28:25
I_65052_83742_left_x,non-mated,primary_impostor,cross,65052,83742,left,left,B,A,0,A,0.578,gemma3,task_description,2026-08-23T13:28:25
I_58398_76957_left_x,non-mated,primary_impostor,cross,58398,76957,left,left,B,A,0,A,0.575,gemma3,task_description,2026-08-23T13:28:26
G_76957_left_2097,mated,primary_genuine,cross,76957,76957,left,left,A,A,1,A,0.58,gemma3,task_description,2026-08-23T13:28:26
I_58793_65052_left_s,non-mated,primary_impostor,same,58793,65052,left,left,B,A,0,A,0.595,gemma3,task_description,2026-08-23T13:28:27
G_27295_left_311,mated,primary_genuine,same,27295,27295,left,left,A,A,1,A,0.582,gemma3,task_description,2026-08-23T13:28:28
I_14493_57145_right_x,non-mated,primary_impostor,cross,14493,57145,right,right,B,A,0,A,0.578,gemma3,task_description,2026-08-23T13:28:28
G_87757_right_2459,mated,primary_genuine,cross,87757,87757,right,right,A,A,1,A,0.574,gemma3,task_description,2026-08-23T13:28:29
D_93812_272,non-mated,diagnostic_impostor,cross,93812,93812,left,right,B,A,0,A,0.584,gemma3,task_description,2026-08-23T13:28:29
G_63029_left_1497,mated,primary_genuine,cross,63029,63029,left,left,A,A,1,A,0.58,gemma3,task_description,2026-08-23T13:28:30
G_69658_right_1931,mated,primary_genuine,cross,69658,69658,right,right,A,A,1,A,0.575,gemma3,task_description,2026-08-23T13:28:31
I_87757_99775_left_s,non-mated,primary_impostor,same,87757,99775,left,left,B,A,0,A,0.588,gemma3,task_description,2026-08-23T13:28:31
I_93812_99775_right_s,non-mated,primary_impostor,same,93812,99775,right,right,B,A,0,A,0.59,gemma3,task_description,2026-08-23T13:28:32
I_43210_47904_right_x,non-mated,primary_impostor,cross,43210,47904,right,right,B,A,0,A,0.581,gemma3,task_description,2026-08-23T13:28:32
G_58398_left_1293,mated,primary_genuine,cross,58398,58398,left,left,A,A,1,A,0.572,gemma3,task_description,2026-08-23T13:28:33
I_14493_57145_left_x,non-mated,primary_impostor,cross,14493,57145,left,left,B,A,0,A,0.58,gemma3,task_description,2026-08-23T13:28:33
G_57145_right_1072,mated,primary_genuine,same,57145,57145,right,right,A,A,1,A,0.588,gemma3,task_description,2026-08-23T13:28:34
I_63029_96608_right_s,non-mated,primary_impostor,same,63029,96608,right,right,B,A,0,A,0.593,gemma3,task_description,2026-08-23T13:28:35
I_58398_69658_left_x,non-mated,primary_impostor,cross,58398,69658,left,left,B,A,0,A,0.576,gemma3,task_description,2026-08-23T13:28:35
G_57145_right_1080,mated,primary_genuine,cross,57145,57145,right,right,A,A,1,A,0.58,gemma3,task_description,2026-08-23T13:28:36
I_58793_65030_left_x,non-mated,primary_impostor,cross,58793,65030,left,left,B,A,0,A,0.58,gemma3,task_description,2026-08-23T13:28:36
I_57833_89171_right_x,non-mated,primary_impostor,cross,57833,89171,right,right,B,A,0,A,0.58,gemma3,task_description,2026-08-23T13:28:37
I_14493_32467_left_x,non-mated,primary_impostor,cross,14493,32467,left,left,B,A,0,A,0.582,gemma3,task_description,2026-08-23T13:28:38
I_44595_58398_left_s,non-mated,primary_impostor,same,44595,58398,left,left,B,A,0,A,0.589,gemma3,task_description,2026-08-23T13:28:38
G_14493_left_18,mated,primary_genuine,cross,14493,14493,left,left,A,A,1,A,0.579,gemma3,task_description,2026-08-23T13:28:39
G_99775_right_2898,mated,primary_genuine,same,99775,99775,right,right,A,A,1,A,0.584,gemma3,task_description,2026-08-23T13:28:39
I_27295_58398_right_x,non-mated,primary_impostor,cross,27295,58398,right,right,B,A,0,A,0.577,gemma3,task_description,2026-08-23T13:28:40
I_32467_57145_right_x,non-mated,primary_impostor,cross,32467,57145,right,right,B,A,0,A,0.581,gemma3,task_description,2026-08-23T13:28:40
G_20294_right_240,mated,primary_genuine,cross,20294,20294,right,right,A,A,1,A,0.579,gemma3,task_description,2026-08-23T13:28:41
I_27295_93812_right_x,non-mated,primary_impostor,cross,27295,93812,right,right,B,A,0,A,0.582,gemma3,task_description,2026-08-23T13:28:42
D_69658_195,non-mated,diagnostic_impostor,cross,69658,69658,left,right,B,A,0,A,0.581,gemma3,task_description,2026-08-23T13:28:42
I_14493_89171_right_s,non-mated,primary_impostor,same,14493,89171,right,right,B,A,0,A,0.605,gemma3,task_description,2026-08-23T13:28:43
D_69658_199,non-mated,diagnostic_impostor,same,69658,69658,left,right,B,A,0,A,0.567,gemma3,task_description,2026-08-23T13:28:43
I_47904_58398_left_x,non-mated,primary_impostor,cross,47904,58398,left,left,B,A,0,A,0.578,gemma3,task_description,2026-08-23T13:28:44
I_65052_69658_left_x,non-mated,primary_impostor,cross,65052,69658,left,left,B,A,0,A,0.584,gemma3,task_description,2026-08-23T13:28:45
D_58398_133,non-mated,diagnostic_impostor,cross,58398,58398,left,right,B,A,0,A,0.585,gemma3,task_description,2026-08-23T13:28:45
I_14493_24101_right_s,non-mated,primary_impostor,same,14493,24101,right,right,B,A,0,A,0.597,gemma3,task_description,2026-08-23T13:28:46
G_56583_left_888,mated,primary_genuine,same,56583,56583,left,left,A,A,1,A,0.563,gemma3,task_description,2026-08-23T13:28:46
I_83742_87757_left_x,non-mated,primary_impostor,cross,83742,87757,left,left,B,A,0,A,0.582,gemma3,task_description,2026-08-23T13:28:47
D_47904_90,non-mated,diagnostic_impostor,same,47904,47904,left,right,B,A,0,A,0.567,gemma3,task_description,2026-08-23T13:28:47
I_69658_76957_left_s,non-mated,primary_impostor,same,69658,76957,left,left,B,A,0,A,0.59,gemma3,task_description,2026-08-23T13:28:48
G_24101_left_296,mated,primary_genuine,same,24101,24101,left,left,A,A,1,A,0.568,gemma3,task_description,2026-08-23T13:28:49
I_20294_32467_right_x,non-mated,primary_impostor,cross,20294,32467,right,right,B,A,0,A,0.584,gemma3,task_description,2026-08-23T13:28:49
D_63029_160,non-mated,diagnostic_impostor,same,63029,63029,left,right,B,A,0,A,0.564,gemma3,task_description,2026-08-23T13:28:50
I_57145_57833_left_x,non-mated,primary_impostor,cross,57145,57833,left,left,B,A,0,A,0.58,gemma3,task_description,2026-08-23T13:28:50
G_96608_left_2701,mated,primary_genuine,same,96608,96608,left,left,A,A,1,A,0.593,gemma3,task_description,2026-08-23T13:28:51
I_14493_32467_right_s,non-mated,primary_impostor,same,14493,32467,right,right,B,A,0,A,0.595,gemma3,task_description,2026-08-23T13:28:52
G_69658_right_1939,mated,primary_genuine,same,69658,69658,right,right,A,A,1,A,0.564,gemma3,task_description,2026-08-23T13:28:52
I_58793_63029_right_s,non-mated,primary_impostor,same,58793,63029,right,right,B,A,0,A,0.586,gemma3,task_description,2026-08-23T13:28:53
I_44595_96608_right_x,non-mated,primary_impostor,cross,44595,96608,right,right,B,A,0,A,0.575,gemma3,task_description,2026-08-23T13:28:53
I_44595_87757_left_s,non-mated,primary_impostor,same,44595,87757,left,left,B,A,0,A,0.592,gemma3,task_description,2026-08-23T13:28:54
D_87757_240,non-mated,diagnostic_impostor,cross,87757,87757,left,right,B,A,0,A,0.582,gemma3,task_description,2026-08-23T13:28:54
G_20294_left_195,mated,primary_genuine,same,20294,20294,left,left,A,A,1,A,0.572,gemma3,task_description,2026-08-23T13:28:55
G_27295_left_309,mated,primary_genuine,same,27295,27295,left,left,A,A,1,A,0.594,gemma3,task_description,2026-08-23T13:28:56
D_24101_32,non-mated,diagnostic_impostor,same,24101,24101,left,right,B,A,0,A,0.563,gemma3,task_description,2026-08-23T13:28:56
G_76957_right_2160,mated,primary_genuine,cross,76957,76957,right,right,A,A,1,A,0.58,gemma3,task_description,2026-08-23T13:28:57
G_14493_left_57,mated,primary_genuine,same,14493,14493,left,left,A,A,1,A,0.571,gemma3,task_description,2026-08-23T13:28:57
I_43210_56583_right_x,non-mated,primary_impostor,cross,43210,56583,right,right,B,A,0,A,0.582,gemma3,task_description,2026-08-23T13:28:58
I_65052_76957_right_s,non-mated,primary_impostor,same,65052,76957,right,right,B,A,0,A,0.595,gemma3,task_description,2026-08-23T13:28:58
I_57833_58398_left_x,non-mated,primary_impostor,cross,57833,58398,left,left,B,A,0,A,0.579,gemma3,task_description,2026-08-23T13:28:59
G_83742_left_2253,mated,primary_genuine,same,83742,83742,left,left,A,A,1,A,0.568,gemma3,task_description,2026-08-23T13:29:00
D_20294_20,non-mated,diagnostic_impostor,same,20294,20294,left,right,B,A,0,A,0.568,gemma3,task_description,2026-08-23T13:29:00
I_89171_99775_right_x,non-mated,primary_impostor,cross,89171,99775,right,right,B,A,0,A,0.587,gemma3,task_description,2026-08-23T13:29:01
D_89171_258,non-mated,diagnostic_impostor,cross,89171,89171,left,right,B,A,0,A,0.578,gemma3,task_description,2026-08-23T13:29:01
I_47904_58793_right_x,non-mated,primary_impostor,cross,47904,58793,right,right,B,A,0,A,0.578,gemma3,task_description,2026-08-23T13:29:02
I_47904_63029_left_s,non-mated,primary_impostor,same,47904,63029,left,left,B,A,0,A,0.589,gemma3,task_description,2026-08-23T13:29:03
I_63029_93812_right_x,non-mated,primary_impostor,cross,63029,93812,right,right,B,A,0,A,0.577,gemma3,task_description,2026-08-23T13:29:03
G_58398_right_1356,mated,primary_genuine,same,58398,58398,right,right,A,A,1,A,0.567,gemma3,task_description,2026-08-23T13:29:04
G_93812_left_2619,mated,primary_genuine,cross,93812,93812,left,left,A,A,1,A,0.576,gemma3,task_description,2026-08-23T13:29:04
G_57833_left_1150,mated,primary_genuine,same,57833,57833,left,left,A,A,1,A,0.58,gemma3,task_description,2026-08-23T13:29:05
G_57833_left_1152,mated,primary_genuine,cross,57833,57833,left,left,A,A,1,A,0.573,gemma3,task_description,2026-08-23T13:29:05
I_47904_69658_left_x,non-mated,primary_impostor,cross,47904,69658,left,left,B,A,0,A,0.581,gemma3,task_description,2026-08-23T13:29:06
G_47904_right_834,mated,primary_genuine,same,47904,47904,right,right,A,A,1,A,0.566,gemma3,task_description,2026-08-23T13:29:07
G_58398_right_1352,mated,primary_genuine,cross,58398,58398,right,right,A,A,1,A,0.579,gemma3,task_description,2026-08-23T13:29:07
G_14493_right_114,mated,primary_genuine,cross,14493,14493,right,right,A,A,1,A,0.572,gemma3,task_description,2026-08-23T13:29:08
G_65030_right_1685,mated,primary_genuine,cross,65030,65030,right,right,A,A,1,A,0.58,gemma3,task_description,2026-08-23T13:29:08
I_65052_96608_left_x,non-mated,primary_impostor,cross,65052,96608,left,left,B,A,0,A,0.584,gemma3,task_description,2026-08-23T13:29:09
I_43210_57833_right_x,non-mated,primary_impostor,cross,43210,57833,right,right,B,A,0,A,0.581,gemma3,task_description,2026-08-23T13:29:09
G_93812_left_2587,mated,primary_genuine,same,93812,93812,left,left,A,A,1,A,0.588,gemma3,task_description,2026-08-23T13:29:10
G_14493_right_89,mated,primary_genuine,same,14493,14493,right,right,A,A,1,A,0.582,gemma3,task_description,2026-08-23T13:29:11
G_99775_right_2920,mated,primary_genuine,cross,99775,99775,right,right,A,A,1,A,0.586,gemma3,task_description,2026-08-23T13:29:11
G_87757_left_2372,mated,primary_genuine,cross,87757,87757,left,left,A,A,1,A,0.586,gemma3,task_description,2026-08-23T13:29:12
I_44595_58793_left_x,non-mated,primary_impostor,cross,44595,58793,left,left,B,A,0,A,0.575,gemma3,task_description,2026-08-23T13:29:12
I_20294_58398_left_s,non-mated,primary_impostor,same,20294,58398,left,left,B,A,0,A,0.598,gemma3,task_description,2026-08-23T13:29:13
G_65030_right_1699,mated,primary_genuine,cross,65030,65030,right,right,A,A,1,A,0.574,gemma3,task_description,2026-08-23T13:29:14
G_87757_right_2442,mated,primary_genuine,same,87757,87757,right,right,A,A,1,A,0.603,gemma3,task_description,2026-08-23T13:29:14
I_93812_96608_left_s,non-mated,primary_impostor,same,93812,96608,left,left,B,A,0,A,0.606,gemma3,task_description,2026-08-23T13:29:15
G_69658_left_1873,mated,primary_genuine,cross,69658,69658,left,left,A,A,1,A,0.586,gemma3,task_description,2026-08-23T13:29:15
G_76957_left_2114,mated,primary_genuine,cross,76957,76957,left,left,A,A,1,A,0.57,gemma3,task_description,2026-08-23T13:29:16
G_65030_right_1705,mated,primary_genuine,cross,65030,65030,right,right,A,A,1,A,0.571,gemma3,task_description,2026-08-23T13:29:16
G_96608_left_2741,mated,primary_genuine,cross,96608,96608,left,left,A,A,1,A,0.573,gemma3,task_description,2026-08-23T13:29:17
G_20294_left_137,mated,primary_genuine,cross,20294,20294,left,left,A,A,1,A,0.592,gemma3,task_description,2026-08-23T13:29:18
I_32467_57145_left_x,non-mated,primary_impostor,cross,32467,57145,left,left,B,A,0,A,0.59,gemma3,task_description,2026-08-23T13:29:18
G_65030_left_1671,mated,primary_genuine,same,65030,65030,left,left,A,A,1,A,0.568,gemma3,task_description,2026-08-23T13:29:19
G_65052_left_1738,mated,primary_genuine,same,65052,65052,left,left,A,A,1,A,0.589,gemma3,task_description,2026-08-23T13:29:19
D_76957_223,non-mated,diagnostic_impostor,same,76957,76957,left,right,B,A,0,A,0.568,gemma3,task_description,2026-08-23T13:29:20
G_63029_right_1584,mated,primary_genuine,cross,63029,63029,right,right,A,A,1,A,0.579,gemma3,task_description,2026-08-23T13:29:21
I_43210_83742_left_s,non-mated,primary_impostor,same,43210,83742,left,left,B,A,0,A,0.589,gemma3,task_description,2026-08-23T13:29:21
G_27295_left_355,mated,primary_genuine,same,27295,27295,left,left,A,A,1,A,0.576,gemma3,task_description,2026-08-23T13:29:22
G_83742_left_2224,mated,primary_genuine,same,83742,83742,left,left,A,A,1,A,0.586,gemma3,task_description,2026-08-23T13:29:22
I_58398_58793_left_s,non-mated,primary_impostor,same,58398,58793,left,left,B,A,0,A,0.593,gemma3,task_description,2026-08-23T13:29:23
I_57145_63029_left_x,non-mated,primary_impostor,cross,57145,63029,left,left,B,A,0,A,0.581,gemma3,task_description,2026-08-23T13:29:23
G_57833_right_1237,mated,primary_genuine,cross,57833,57833,right,right,A,A,1,A,0.574,gemma3,task_description,2026-08-23T13:29:24
I_57833_96608_left_s,non-mated,primary_impostor,same,57833,96608,left,left,B,A,0,A,0.593,gemma3,task_description,2026-08-23T13:29:25
D_99775_293,non-mated,diagnostic_impostor,same,99775,99775,left,right,B,A,0,A,0.566,gemma3,task_description,2026-08-23T13:29:25
G_43210_left_600,mated,primary_genuine,cross,43210,43210,left,left,A,A,1,A,0.568,gemma3,task_description,2026-08-23T13:29:26
I_44595_74850_left_s,non-mated,primary_impostor,same,44595,74850,left,left,B,A,0,A,0.589,gemma3,task_description,2026-08-23T13:29:26
G_56583_right_894,mated,primary_genuine,cross,56583,56583,right,right,A,A,1,A,0.578,gemma3,task_description,2026-08-23T13:29:27
I_43210_93812_left_x,non-mated,primary_impostor,cross,43210,93812,left,left,B,A,0,A,0.582,gemma3,task_description,2026-08-23T13:29:28
G_87757_right_2434,mated,primary_genuine,same,87757,87757,right,right,A,A,1,A,0.59,gemma3,task_description,2026-08-23T13:29:28
G_87757_left_2379,mated,primary_genuine,cross,87757,87757,left,left,A,A,1,A,0.58,gemma3,task_description,2026-08-23T13:29:29
I_24101_83742_left_s,non-mated,primary_impostor,same,24101,83742,left,left,B,A,0,A,0.59,gemma3,task_description,2026-08-23T13:29:29
D_63029_163,non-mated,diagnostic_impostor,same,63029,63029,left,right,B,A,0,A,0.587,gemma3,task_description,2026-08-23T13:29:30
I_27295_76957_left_s,non-mated,primary_impostor,same,27295,76957,left,left,B,A,0,A,0.592,gemma3,task_description,2026-08-23T13:29:30
D_58793_153,non-mated,diagnostic_impostor,cross,58793,58793,left,right,B,A,0,A,0.575,gemma3,task_description,2026-08-23T13:29:31
G_93812_left_2637,mated,primary_genuine,same,93812,93812,left,left,A,A,1,A,0.568,gemma3,task_description,2026-08-23T13:29:32
D_65052_180,non-mated,diagnostic_impostor,same,65052,65052,left,right,B,A,0,A,0.563,gemma3,task_description,2026-08-23T13:29:32
I_24101_56583_left_s,non-mated,primary_impostor,same,24101,56583,left,left,B,A,0,A,0.594,gemma3,task_description,2026-08-23T13:29:33
G_24101_left_292,mated,primary_genuine,cross,24101,24101,left,left,A,A,1,A,0.581,gemma3,task_description,2026-08-23T13:29:33
I_58793_93812_right_x,non-mated,primary_impostor,cross,58793,93812,right,right,B,A,0,A,0.576,gemma3,task_description,2026-08-23T13:29:34
I_57145_76957_left_x,non-mated,primary_impostor,cross,57145,76957,left,left,B,A,0,A,0.576,gemma3,task_description,2026-08-23T13:29:34
I_65052_83742_right_s,non-mated,primary_impostor,same,65052,83742,right,right,B,A,0,A,0.59,gemma3,task_description,2026-08-23T13:29:35
D_20294_18,non-mated,diagnostic_impostor,cross,20294,20294,left,right,B,A,0,A,0.58,gemma3,task_description,2026-08-23T13:29:36
D_58793_150,non-mated,diagnostic_impostor,cross,58793,58793,left,right,B,A,0,A,0.577,gemma3,task_description,2026-08-23T13:29:36
G_63029_left_1517,mated,primary_genuine,cross,63029,63029,left,left,A,A,1,A,0.578,gemma3,task_description,2026-08-23T13:29:37
I_65030_87757_left_x,non-mated,primary_impostor,cross,65030,87757,left,left,B,A,0,A,0.574,gemma3,task_description,2026-08-23T13:29:37
I_20294_57833_left_x,non-mated,primary_impostor,cross,20294,57833,left,left,B,A,0,A,0.594,gemma3,task_description,2026-08-23T13:29:38
I_65030_74850_right_x,non-mated,primary_impostor,cross,65030,74850,right,right,B,A,0,A,0.575,gemma3,task_description,2026-08-23T13:29:39
D_57145_108,non-mated,diagnostic_impostor,same,57145,57145,left,right,B,A,0,A,0.594,gemma3,task_description,2026-08-23T13:29:39
G_65030_left_1676,mated,primary_genuine,same,65030,65030,left,left,A,A,1,A,0.557,gemma3,task_description,2026-08-23T13:29:40
D_93812_269,non-mated,diagnostic_impostor,same,93812,93812,left,right,B,A,0,A,0.559,gemma3,task_description,2026-08-23T13:29:40
I_74850_83742_right_x,non-mated,primary_impostor,cross,74850,83742,right,right,B,A,0,A,0.58,gemma3,task_description,2026-08-23T13:29:41
G_93812_left_2625,mated,primary_genuine,cross,93812,93812,left,left,A,A,1,A,0.569,gemma3,task_description,2026-08-23T13:29:41
I_20294_56583_left_x,non-mated,primary_impostor,cross,20294,56583,left,left,B,A,0,A,0.587,gemma3,task_description,2026-08-23T13:29:42
I_87757_89171_left_s,non-mated,primary_impostor,same,87757,89171,left,left,B,A,0,A,0.591,gemma3,task_description,2026-08-23T13:29:43
D_56583_104,non-mated,diagnostic_impostor,same,56583,56583,left,right,B,A,0,A,0.561,gemma3,task_description,2026-08-23T13:29:43
I_44595_76957_left_s,non-mated,primary_impostor,same,44595,76957,left,left,B,A,0,A,0.592,gemma3,task_description,2026-08-23T13:29:44
I_63029_93812_right_s,non-mated,primary_impostor,same,63029,93812,right,right,B,A,0,A,0.587,gemma3,task_description,2026-08-23T13:29:44
I_47904_63029_right_s,non-mated,primary_impostor,same,47904,63029,right,right,B,A,0,A,0.586,gemma3,task_description,2026-08-23T13:29:45
I_56583_87757_left_x,non-mated,primary_impostor,cross,56583,87757,left,left,B,A,0,A,0.579,gemma3,task_description,2026-08-23T13:29:45
G_76957_right_2173,mated,primary_genuine,cross,76957,76957,right,right,A,A,1,A,0.563,gemma3,task_description,2026-08-23T13:29:46
G_87757_right_2424,mated,primary_genuine,same,87757,87757,right,right,A,A,1,A,0.603,gemma3,task_description,2026-08-23T13:29:47
D_65052_187,non-mated,diagnostic_impostor,same,65052,65052,left,right,B,A,0,A,0.595,gemma3,task_description,2026-08-23T13:29:47
D_47904_94,non-mated,diagnostic_impostor,cross,47904,47904,left,right,B,A,0,A,0.578,gemma3,task_description,2026-08-23T13:29:48
D_87757_248,non-mated,diagnostic_impostor,same,87757,87757,left,right,B,A,0,A,0.568,gemma3,task_description,2026-08-23T13:29:48
I_27295_44595_left_x,non-mated,primary_impostor,cross,27295,44595,left,left,B,A,0,A,0.578,gemma3,task_description,2026-08-23T13:29:49
I_58398_76957_right_s,non-mated,primary_impostor,same,58398,76957,right,right,B,A,0,A,0.595,gemma3,task_description,2026-08-23T13:29:50
G_99775_left_2887,mated,primary_genuine,same,99775,99775,left,left,A,A,1,A,0.567,gemma3,task_description,2026-08-23T13:29:50
D_27295_47,non-mated,diagnostic_impostor,same,27295,27295,left,right,B,A,0,A,0.599,gemma3,task_description,2026-08-23T13:29:51
I_74850_87757_left_s,non-mated,primary_impostor,same,74850,87757,left,left,B,A,0,A,0.596,gemma3,task_description,2026-08-23T13:29:51
G_24101_left_297,mated,primary_genuine,same,24101,24101,left,left,A,A,1,A,0.568,gemma3,task_description,2026-08-23T13:29:52
D_65052_185,non-mated,diagnostic_impostor,cross,65052,65052,left,right,B,A,0,A,0.576,gemma3,task_description,2026-08-23T13:29:52
D_69658_198,non-mated,diagnostic_impostor,cross,69658,69658,left,right,B,A,0,A,0.577,gemma3,task_description,2026-08-23T13:29:53
D_63029_162,non-mated,diagnostic_impostor,cross,63029,63029,left,right,B,A,0,A,0.571,gemma3,task_description,2026-08-23T13:29:54
D_27295_46,non-mated,diagnostic_impostor,cross,27295,27295,left,right,B,A,0,A,0.576,gemma3,task_description,2026-08-23T13:29:54
I_56583_58793_right_x,non-mated,primary_impostor,cross,56583,58793,right,right,B,A,0,A,0.588,gemma3,task_description,2026-08-23T13:29:55
D_63029_159,non-mated,diagnostic_impostor,cross,63029,63029,left,right,B,A,0,A,0.591,gemma3,task_description,2026-08-23T13:29:55
G_69658_left_1887,mated,primary_genuine,cross,69658,69658,left,left,A,A,1,A,0.569,gemma3,task_description,2026-08-23T13:29:56
I_76957_89171_right_x,non-mated,primary_impostor,cross,76957,89171,right,right,B,A,0,A,0.578,gemma3,task_description,2026-08-23T13:29:57
G_83742_left_2214,mated,primary_genuine,same,83742,83742,left,left,A,A,1,A,0.595,gemma3,task_description,2026-08-23T13:29:57
D_89171_257,non-mated,diagnostic_impostor,same,89171,89171,left,right,B,A,0,A,0.565,gemma3,task_description,2026-08-23T13:29:58
I_83742_87757_right_s,non-mated,primary_impostor,same,83742,87757,right,right,B,A,0,A,0.591,gemma3,task_description,2026-08-23T13:29:58
D_57833_126,non-mated,diagnostic_impostor,cross,57833,57833,left,right,B,A,0,A,0.585,gemma3,task_description,2026-08-23T13:29:59
I_27295_89171_left_x,non-mated,primary_impostor,cross,27295,89171,left,left,B,A,0,A,0.599,gemma3,task_description,2026-08-23T13:29:59
I_47904_57145_right_x,non-mated,primary_impostor,cross,47904,57145,right,right,B,A,0,A,0.598,gemma3,task_description,2026-08-23T13:30:00
G_27295_right_373,mated,primary_genuine,same,27295,27295,right,right,A,A,1,A,0.607,gemma3,task_description,2026-08-23T13:30:01
D_57145_118,non-mated,diagnostic_impostor,same,57145,57145,left,right,B,A,0,A,0.571,gemma3,task_description,2026-08-23T13:30:01
G_47904_right_828,mated,primary_genuine,cross,47904,47904,right,right,A,A,1,A,0.582,gemma3,task_description,2026-08-23T13:30:02
I_57833_76957_left_x,non-mated,primary_impostor,cross,57833,76957,left,left,B,A,0,A,0.584,gemma3,task_description,2026-08-23T13:30:02
I_57833_69658_left_s,non-mated,primary_impostor,same,57833,69658,left,left,B,A,0,A,0.595,gemma3,task_description,2026-08-23T13:30:03
G_63029_right_1565,mated,primary_genuine,cross,63029,63029,right,right,A,A,1,A,0.58,gemma3,task_description,2026-08-23T13:30:04
G_89171_left_2498,mated,primary_genuine,same,89171,89171,left,left,A,A,1,A,0.589,gemma3,task_description,2026-08-23T13:30:04
G_24101_left_295,mated,primary_genuine,same,24101,24101,left,left,A,A,1,A,0.568,gemma3,task_description,2026-08-23T13:30:05
G_43210_left_591,mated,primary_genuine,cross,43210,43210,left,left,A,A,1,A,0.574,gemma3,task_description,2026-08-23T13:30:05
G_56583_left_856,mated,primary_genuine,cross,56583,56583,left,left,A,A,1,A,0.576,gemma3,task_description,2026-08-23T13:30:06
I_32467_56583_left_s,non-mated,primary_impostor,same,32467,56583,left,left,B,A,0,A,0.602,gemma3,task_description,2026-08-23T13:30:07
G_93812_left_2630,mated,primary_genuine,cross,93812,93812,left,left,A,A,1,A,0.569,gemma3,task_description,2026-08-23T13:30:07
G_58793_right_1464,mated,primary_genuine,same,58793,58793,right,right,A,A,1,A,0.569,gemma3,task_description,2026-08-23T13:30:08
I_69658_96608_right_s,non-mated,primary_impostor,same,69658,96608,right,right,B,A,0,A,0.597,gemma3,task_description,2026-08-23T13:30:08
G_47904_left_819,mated,primary_genuine,same,47904,47904,left,left,A,A,1,A,0.593,gemma3,task_description,2026-08-23T13:30:09
I_65030_93812_right_x,non-mated,primary_impostor,cross,65030,93812,right,right,B,A,0,A,0.582,gemma3,task_description,2026-08-23T13:30:09
G_93812_right_2682,mated,primary_genuine,cross,93812,93812,right,right,A,A,1,A,0.571,gemma3,task_description,2026-08-23T13:30:10
G_58398_left_1300,mated,primary_genuine,same,58398,58398,left,left,A,A,1,A,0.565,gemma3,task_description,2026-08-23T13:30:11
G_93812_right_2669,mated,primary_genuine,same,93812,93812,right,right,A,A,1,A,0.589,gemma3,task_description,2026-08-23T13:30:11
G_96608_left_2736,mated,primary_genuine,cross,96608,96608,left,left,A,A,1,A,0.572,gemma3,task_description,2026-08-23T13:30:12
G_20294_left_148,mated,primary_genuine,cross,20294,20294,left,left,A,A,1,A,0.581,gemma3,task_description,2026-08-23T13:30:12
I_43210_63029_right_x,non-mated,primary_impostor,cross,43210,63029,right,right,B,A,0,A,0.58,gemma3,task_description,2026-08-23T13:30:13
G_65052_left_1761,mated,primary_genuine,cross,65052,65052,left,left,A,A,1,A,0.573,gemma3,task_description,2026-08-23T13:30:13
G_58398_left_1270,mated,primary_genuine,same,58398,58398,left,left,A,A,1,A,0.585,gemma3,task_description,2026-08-23T13:30:14
G_57145_left_982,mated,primary_genuine,same,57145,57145,left,left,A,A,1,A,0.589,gemma3,task_description,2026-08-23T13:30:15
D_74850_208,non-mated,diagnostic_impostor,cross,74850,74850,left,right,B,A,0,A,0.577,gemma3,task_description,2026-08-23T13:30:15
I_65052_69658_right_x,non-mated,primary_impostor,cross,65052,69658,right,right,B,A,0,A,0.586,gemma3,task_description,2026-08-23T13:30:16
I_27295_43210_left_x,non-mated,primary_impostor,cross,27295,43210,left,left,B,A,0,A,0.58,gemma3,task_description,2026-08-23T13:30:16
D_24101_34,non-mated,diagnostic_impostor,same,24101,24101,left,right,B,A,0,A,0.594,gemma3,task_description,2026-08-23T13:30:17
G_57833_left_1142,mated,primary_genuine,cross,57833,57833,left,left,A,A,1,A,0.58,gemma3,task_description,2026-08-23T13:30:18
G_83742_right_2344,mated,primary_genuine,same,83742,83742,right,right,A,A,1,A,0.568,gemma3,task_description,2026-08-23T13:30:18
I_47904_96608_right_x,non-mated,primary_impostor,cross,47904,96608,right,right,B,A,0,A,0.577,gemma3,task_description,2026-08-23T13:30:19
D_69658_200,non-mated,diagnostic_impostor,same,69658,69658,left,right,B,A,0,A,0.567,gemma3,task_description,2026-08-23T13:30:19
G_56583_left_846,mated,primary_genuine,same,56583,56583,left,left,A,A,1,A,0.581,gemma3,task_description,2026-08-23T13:30:20
I_57833_83742_right_x,non-mated,primary_impostor,cross,57833,83742,right,right,B,A,0,A,0.581,gemma3,task_description,2026-08-23T13:30:20
G_43210_right_637,mated,primary_genuine,same,43210,43210,right,right,A,A,1,A,0.593,gemma3,task_description,2026-08-23T13:30:21
I_43210_69658_right_x,non-mated,primary_impostor,cross,43210,69658,right,right,B,A,0,A,0.577,gemma3,task_description,2026-08-23T13:30:22
I_14493_58793_right_x,non-mated,primary_impostor,cross,14493,58793,right,right,B,A,0,A,0.584,gemma3,task_description,2026-08-23T13:30:22
I_44595_57833_right_x,non-mated,primary_impostor,cross,44595,57833,right,right,B,A,0,A,0.578,gemma3,task_description,2026-08-23T13:30:23
G_24101_left_289,mated,primary_genuine,cross,24101,24101,left,left,A,A,1,A,0.58,gemma3,task_description,2026-08-23T13:30:23
I_57145_63029_right_s,non-mated,primary_impostor,same,57145,63029,right,right,B,A,0,A,0.593,gemma3,task_description,2026-08-23T13:30:24
I_43210_58398_left_s,non-mated,primary_impostor,same,43210,58398,left,left,B,A,0,A,0.594,gemma3,task_description,2026-08-23T13:30:25
D_69658_192,non-mated,diagnostic_impostor,cross,69658,69658,left,right,B,A,0,A,0.577,gemma3,task_description,2026-08-23T13:30:25
G_63029_right_1618,mated,primary_genuine,same,63029,63029,right,right,A,A,1,A,0.568,gemma3,task_description,2026-08-23T13:30:26
I_57833_76957_right_x,non-mated,primary_impostor,cross,57833,76957,right,right,B,A,0,A,0.578,gemma3,task_description,2026-08-23T13:30:26
I_58398_58793_left_x,non-mated,primary_impostor,cross,58398,58793,left,left,B,A,0,A,0.579,gemma3,task_description,2026-08-23T13:30:27
D_93812_275,non-mated,diagnostic_impostor,same,93812,93812,left,right,B,A,0,A,0.574,gemma3,task_description,2026-08-23T13:30:27
I_20294_65030_right_x,non-mated,primary_impostor,cross,20294,65030,right,right,B,A,0,A,0.585,gemma3,task_description,2026-08-23T13:30:28
I_57833_83742_left_s,non-mated,primary_impostor,same,57833,83742,left,left,B,A,0,A,0.594,gemma3,task_description,2026-08-23T13:30:29
G_32467_right_512,mated,primary_genuine,cross,32467,32467,right,right,A,A,1,A,0.577,gemma3,task_description,2026-08-23T13:30:29
G_93812_right_2673,mated,primary_genuine,cross,93812,93812,right,right,A,A,1,A,0.581,gemma3,task_description,2026-08-23T13:30:30
I_56583_69658_right_s,non-mated,primary_impostor,same,56583,69658,right,right,B,A,0,A,0.592,gemma3,task_description,2026-08-23T13:30:30
I_20294_69658_left_x,non-mated,primary_impostor,cross,20294,69658,left,left,B,A,0,A,0.589,gemma3,task_description,2026-08-23T13:30:31
G_27295_left_338,mated,primary_genuine,cross,27295,27295,left,left,A,A,1,A,0.591,gemma3,task_description,2026-08-23T13:30:31
I_58793_87757_left_s,non-mated,primary_impostor,same,58793,87757,left,left,B,A,0,A,0.592,gemma3,task_description,2026-08-23T13:30:32
D_99775_298,non-mated,diagnostic_impostor,same,99775,99775,left,right,B,A,0,A,0.587,gemma3,task_description,2026-08-23T13:30:33
I_57833_93812_right_x,non-mated,primary_impostor,cross,57833,93812,right,right,B,A,0,A,0.584,gemma3,task_description,2026-08-23T13:30:33
I_58398_76957_left_s,non-mated,primary_impostor,same,58398,76957,left,left,B,A,0,A,0.592,gemma3,task_description,2026-08-23T13:30:34
D_58398_136,non-mated,diagnostic_impostor,cross,58398,58398,left,right,B,A,0,A,0.571,gemma3,task_description,2026-08-23T13:30:34
I_47904_57833_left_x,non-mated,primary_impostor,cross,47904,57833,left,left,B,A,0,A,0.583,gemma3,task_description,2026-08-23T13:30:35
G_65052_right_1818,mated,primary_genuine,cross,65052,65052,right,right,A,A,1,A,0.583,gemma3,task_description,2026-08-23T13:30:36
I_27295_83742_left_s,non-mated,primary_impostor,same,27295,83742,left,left,B,A,0,A,0.594,gemma3,task_description,2026-08-23T13:30:36
G_57833_left_1173,mated,primary_genuine,cross,57833,57833,left,left,A,A,1,A,0.568,gemma3,task_description,2026-08-23T13:30:37
G_89171_left_2526,mated,primary_genuine,same,89171,89171,left,left,A,A,1,A,0.567,gemma3,task_description,2026-08-23T13:30:37
G_76957_left_2116,mated,primary_genuine,cross,76957,76957,left,left,A,A,1,A,0.568,gemma3,task_description,2026-08-23T13:30:38
I_56583_93812_left_x,non-mated,primary_impostor,cross,56583,93812,left,left,B,A,0,A,0.582,gemma3,task_description,2026-08-23T13:30:38
I_83742_93812_left_x,non-mated,primary_impostor,cross,83742,93812,left,left,B,A,0,A,0.582,gemma3,task_description,2026-08-23T13:30:39
I_14493_47904_right_s,non-mated,primary_impostor,same,14493,47904,right,right,B,A,0,A,0.593,gemma3,task_description,2026-08-23T13:30:40
G_58793_left_1380,mated,primary_genuine,same,58793,58793,left,left,A,A,1,A,0.585,gemma3,task_description,2026-08-23T13:30:40
I_24101_27295_right_s,non-mated,primary_impostor,same,24101,27295,right,right,B,A,0,A,0.593,gemma3,task_description,2026-08-23T13:30:41
I_57145_57833_right_x,non-mated,primary_impostor,cross,57145,57833,right,right,B,A,0,A,0.577,gemma3,task_description,2026-08-23T13:30:41
G_87757_right_2470,mated,primary_genuine,same,87757,87757,right,right,A,A,1,A,0.573,gemma3,task_description,2026-08-23T13:30:42
G_65030_right_1718,mated,primary_genuine,same,65030,65030,right,right,A,A,1,A,0.566,gemma3,task_description,2026-08-23T13:30:43
I_69658_87757_right_s,non-mated,primary_impostor,same,69658,87757,right,right,B,A,0,A,0.586,gemma3,task_description,2026-08-23T13:30:43
I_65052_87757_left_s,non-mated,primary_impostor,same,65052,87757,left,left,B,A,0,A,0.591,gemma3,task_description,2026-08-23T13:30:44
G_93812_left_2641,mated,primary_genuine,same,93812,93812,left,left,A,A,1,A,0.565,gemma3,task_description,2026-08-23T13:30:44
G_24101_left_294,mated,primary_genuine,cross,24101,24101,left,left,A,A,1,A,0.576,gemma3,task_description,2026-08-23T13:30:45
I_58793_74850_left_x,non-mated,primary_impostor,cross,58793,74850,left,left,B,A,0,A,0.583,gemma3,task_description,2026-08-23T13:30:45
I_57833_63029_left_x,non-mated,primary_impostor,cross,57833,63029,left,left,B,A,0,A,0.581,gemma3,task_description,2026-08-23T13:30:46
I_20294_69658_right_s,non-mated,primary_impostor,same,20294,69658,right,right,B,A,0,A,0.598,gemma3,task_description,2026-08-23T13:30:47
G_47904_left_820,mated,primary_genuine,cross,47904,47904,left,left,A,A,1,A,0.58,gemma3,task_description,2026-08-23T13:30:47
G_14493_right_91,mated,primary_genuine,cross,14493,14493,right,right,A,A,1,A,0.58,gemma3,task_description,2026-08-23T13:30:48
D_76957_227,non-mated,diagnostic_impostor,same,76957,76957,left,right,B,A,0,A,0.588,gemma3,task_description,2026-08-23T13:30:48
I_27295_76957_left_x,non-mated,primary_impostor,cross,27295,76957,left,left,B,A,0,A,0.576,gemma3,task_description,2026-08-23T13:30:49
D_63029_164,non-mated,diagnostic_impostor,same,63029,63029,left,right,B,A,0,A,0.567,gemma3,task_description,2026-08-23T13:30:50
I_24101_58398_right_x,non-mated,primary_impostor,cross,24101,58398,right,right,B,A,0,A,0.58,gemma3,task_description,2026-08-23T13:30:50
G_24101_right_302,mated,primary_genuine,cross,24101,24101,right,right,A,A,1,A,0.582,gemma3,task_description,2026-08-23T13:30:51
G_74850_left_2000,mated,primary_genuine,same,74850,74850,left,left,A,A,1,A,0.58,gemma3,task_description,2026-08-23T13:30:51
I_69658_99775_right_s,non-mated,primary_impostor,same,69658,99775,right,right,B,A,0,A,0.588,gemma3,task_description,2026-08-23T13:30:52
D_65030_176,non-mated,diagnostic_impostor,cross,65030,65030,left,right,B,A,0,A,0.583,gemma3,task_description,2026-08-23T13:30:52
G_58793_right_1475,mated,primary_genuine,same,58793,58793,right,right,A,A,1,A,0.565,gemma3,task_description,2026-08-23T13:30:53
G_14493_left_59,mated,primary_genuine,same,14493,14493,left,left,A,A,1,A,0.571,gemma3,task_description,2026-08-23T13:30:54
I_27295_89171_right_s,non-mated,primary_impostor,same,27295,89171,right,right,B,A,0,A,0.596,gemma3,task_description,2026-08-23T13:30:54
I_44595_65052_left_s,non-mated,primary_impostor,same,44595,65052,left,left,B,A,0,A,0.592,gemma3,task_description,2026-08-23T13:30:55
I_58398_63029_left_x,non-mated,primary_impostor,cross,58398,63029,left,left,B,A,0,A,0.582,gemma3,task_description,2026-08-23T13:30:55
I_43210_99775_right_x,non-mated,primary_impostor,cross,43210,99775,right,right,B,A,0,A,0.577,gemma3,task_description,2026-08-23T13:30:56
D_69658_197,non-mated,diagnostic_impostor,same,69658,69658,left,right,B,A,0,A,0.559,gemma3,task_description,2026-08-23T13:30:56
I_76957_99775_right_x,non-mated,primary_impostor,cross,76957,99775,right,right,B,A,0,A,0.574,gemma3,task_description,2026-08-23T13:30:57
D_96608_283,non-mated,diagnostic_impostor,same,96608,96608,left,right,B,A,0,A,0.59,gemma3,task_description,2026-08-23T13:30:58
G_87757_right_2451,mated,primary_genuine,cross,87757,87757,right,right,A,A,1,A,0.572,gemma3,task_description,2026-08-23T13:30:58
I_20294_63029_right_x,non-mated,primary_impostor,cross,20294,63029,right,right,B,A,0,A,0.585,gemma3,task_description,2026-08-23T13:30:59
D_74850_207,non-mated,diagnostic_impostor,same,74850,74850,left,right,B,A,0,A,0.604,gemma3,task_description,2026-08-23T13:30:59
I_47904_69658_left_s,non-mated,primary_impostor,same,47904,69658,left,left,B,A,0,A,0.587,gemma3,task_description,2026-08-23T13:31:00
I_32467_89171_right_x,non-mated,primary_impostor,cross,32467,89171,right,right,B,A,0,A,0.583,gemma3,task_description,2026-08-23T13:31:01
G_65030_right_1703,mated,primary_genuine,cross,65030,65030,right,right,A,A,1,A,0.57,gemma3,task_description,2026-08-23T13:31:01
G_83742_left_2230,mated,primary_genuine,cross,83742,83742,left,left,A,A,1,A,0.578,gemma3,task_description,2026-08-23T13:31:02
I_20294_76957_right_x,non-mated,primary_impostor,cross,20294,76957,right,right,B,A,0,A,0.586,gemma3,task_description,2026-08-23T13:31:02
G_57833_right_1225,mated,primary_genuine,cross,57833,57833,right,right,A,A,1,A,0.576,gemma3,task_description,2026-08-23T13:31:03
D_24101_24,non-mated,diagnostic_impostor,same,24101,24101,left,right,B,A,0,A,0.593,gemma3,task_description,2026-08-23T13:31:03
D_58398_141,non-mated,diagnostic_impostor,cross,58398,58398,left,right,B,A,0,A,0.587,gemma3,task_description,2026-08-23T13:31:04
G_32467_left_466,mated,primary_genuine,cross,32467,32467,left,left,A,A,1,A,0.565,gemma3,task_description,2026-08-23T13:31:05
I_47904_57145_left_x,non-mated,primary_impostor,cross,47904,57145,left,left,B,A,0,A,0.579,gemma3,task_description,2026-08-23T13:31:05
G_83742_right_2331,mated,primary_genuine,same,83742,83742,right,right,A,A,1,A,0.569,gemma3,task_description,2026-08-23T13:31:06
G_96608_right_2786,mated,primary_genuine,same,96608,96608,right,right,A,A,1,A,0.587,gemma3,task_description,2026-08-23T13:31:06
G_57145_right_1101,mated,primary_genuine,same,57145,57145,right,right,A,A,1,A,0.568,gemma3,task_description,2026-08-23T13:31:07
I_32467_56583_right_s,non-mated,primary_impostor,same,32467,56583,right,right,B,A,0,A,0.596,gemma3,task_description,2026-08-23T13:31:08
G_69658_right_1907,mated,primary_genuine,cross,69658,69658,right,right,A,A,1,A,0.575,gemma3,task_description,2026-08-23T13:31:08
I_20294_57145_left_s,non-mated,primary_impostor,same,20294,57145,left,left,B,A,0,A,0.599,gemma3,task_description,2026-08-23T13:31:09
I_58398_99775_left_x,non-mated,primary_impostor,cross,58398,99775,left,left,B,A,0,A,0.573,gemma3,task_description,2026-08-23T13:31:09
D_65052_190,non-mated,diagnostic_impostor,same,65052,65052,left,right,B,A,0,A,0.57,gemma3,task_description,2026-08-23T13:31:10
G_63029_left_1488,mated,primary_genuine,cross,63029,63029,left,left,A,A,1,A,0.578,gemma3,task_description,2026-08-23T13:31:10
D_43210_70,non-mated,diagnostic_impostor,same,43210,43210,left,right,B,A,0,A,0.568,gemma3,task_description,2026-08-23T13:31:11
I_58398_96608_left_x,non-mated,primary_impostor,cross,58398,96608,left,left,B,A,0,A,0.584,gemma3,task_description,2026-08-23T13:31:12
I_57145_96608_left_x,non-mated,primary_impostor,cross,57145,96608,left,left,B,A,0,A,0.582,gemma3,task_description,2026-08-23T13:31:12
I_65030_93812_left_x,non-mated,primary_impostor,cross,65030,93812,left,left,B,A,0,A,0.574,gemma3,task_description,2026-08-23T13:31:13
I_32467_44595_left_s,non-mated,primary_impostor,same,32467,44595,left,left,B,A,0,A,0.596,gemma3,task_description,2026-08-23T13:31:13
G_32467_right_545,mated,primary_genuine,same,32467,32467,right,right,A,A,1,A,0.561,gemma3,task_description,2026-08-23T13:31:14
G_63029_left_1542,mated,primary_genuine,same,63029,63029,left,left,A,A,1,A,0.571,gemma3,task_description,2026-08-23T13:31:14
D_24101_33,non-mated,diagnostic_impostor,cross,24101,24101,left,right,B,A,0,A,0.573,gemma3,task_description,2026-08-23T13:31:15
G_99775_right_2928,mated,primary_genuine,cross,99775,99775,right,right,A,A,1,A,0.575,gemma3,task_description,2026-08-23T13:31:16
I_20294_87757_left_x,non-mated,primary_impostor,cross,20294,87757,left,left,B,A,0,A,0.587,gemma3,task_description,2026-08-23T13:31:16
G_58793_left_1383,mated,primary_genuine,cross,58793,58793,left,left,A,A,1,A,0.581,gemma3,task_description,2026-08-23T13:31:17
G_43210_left_550,mated,primary_genuine,same,43210,43210,left,left,A,A,1,A,0.589,gemma3,task_description,2026-08-23T13:31:17
D_57145_117,non-mated,diagnostic_impostor,cross,57145,57145,left,right,B,A,0,A,0.584,gemma3,task_description,2026-08-23T13:31:18
I_27295_76957_right_x,non-mated,primary_impostor,cross,27295,76957,right,right,B,A,0,A,0.577,gemma3,task_description,2026-08-23T13:31:19
G_57833_left_1192,mated,primary_genuine,same,57833,57833,left,left,A,A,1,A,0.554,gemma3,task_description,2026-08-23T13:31:19
G_93812_right_2656,mated,primary_genuine,cross,93812,93812,right,right,A,A,1,A,0.584,gemma3,task_description,2026-08-23T13:31:20
I_43210_56583_left_s,non-mated,primary_impostor,same,43210,56583,left,left,B,A,0,A,0.59,gemma3,task_description,2026-08-23T13:31:20
D_93812_268,non-mated,diagnostic_impostor,cross,93812,93812,left,right,B,A,0,A,0.569,gemma3,task_description,2026-08-23T13:31:21
D_58793_154,non-mated,diagnostic_impostor,same,58793,58793,left,right,B,A,0,A,0.562,gemma3,task_description,2026-08-23T13:31:21
G_65052_left_1759,mated,primary_genuine,cross,65052,65052,left,left,A,A,1,A,0.579,gemma3,task_description,2026-08-23T13:31:22
G_76957_right_2146,mated,primary_genuine,same,76957,76957,right,right,A,A,1,A,0.586,gemma3,task_description,2026-08-23T13:31:23
I_24101_43210_right_s,non-mated,primary_impostor,same,24101,43210,right,right,B,A,0,A,0.602,gemma3,task_description,2026-08-23T13:31:23
I_20294_27295_right_x,non-mated,primary_impostor,cross,20294,27295,right,right,B,A,0,A,0.588,gemma3,task_description,2026-08-23T13:31:24
G_44595_right_788,mated,primary_genuine,cross,44595,44595,right,right,A,A,1,A,0.567,gemma3,task_description,2026-08-23T13:31:24
I_57833_93812_right_s,non-mated,primary_impostor,same,57833,93812,right,right,B,A,0,A,0.602,gemma3,task_description,2026-08-23T13:31:25
D_47904_84,non-mated,diagnostic_impostor,cross,47904,47904,left,right,B,A,0,A,0.575,gemma3,task_description,2026-08-23T13:31:25
G_56583_left_852,mated,primary_genuine,cross,56583,56583,left,left,A,A,1,A,0.576,gemma3,task_description,2026-08-23T13:31:26
I_58793_65052_right_s,non-mated,primary_impostor,same,58793,65052,right,right,B,A,0,A,0.587,gemma3,task_description,2026-08-23T13:31:27
D_47904_87,non-mated,diagnostic_impostor,same,47904,47904,left,right,B,A,0,A,0.588,gemma3,task_description,2026-08-23T13:31:27
D_76957_219,non-mated,diagnostic_impostor,cross,76957,76957,left,right,B,A,0,A,0.577,gemma3,task_description,2026-08-23T13:31:28
I_47904_89171_right_x,non-mated,primary_impostor,cross,47904,89171,right,right,B,A,0,A,0.578,gemma3,task_description,2026-08-23T13:31:28
I_43210_58398_left_x,non-mated,primary_impostor,cross,43210,58398,left,left,B,A,0,A,0.575,gemma3,task_description,2026-08-23T13:31:29
D_56583_107,non-mated,diagnostic_impostor,cross,56583,56583,left,right,B,A,0,A,0.576,gemma3,task_description,2026-08-23T13:31:30
G_74850_left_2008,mated,primary_genuine,same,74850,74850,left,left,A,A,1,A,0.576,gemma3,task_description,2026-08-23T13:31:30
D_63029_167,non-mated,diagnostic_impostor,same,63029,63029,left,right,B,A,0,A,0.568,gemma3,task_description,2026-08-23T13:31:31
D_96608_277,non-mated,diagnostic_impostor,cross,96608,96608,left,right,B,A,0,A,0.576,gemma3,task_description,2026-08-23T13:31:31
G_83742_right_2340,mated,primary_genuine,same,83742,83742,right,right,A,A,1,A,0.562,gemma3,task_description,2026-08-23T13:31:32
I_56583_63029_left_x,non-mated,primary_impostor,cross,56583,63029,left,left,B,A,0,A,0.577,gemma3,task_description,2026-08-23T13:31:32
D_96608_280,non-mated,diagnostic_impostor,cross,96608,96608,left,right,B,A,0,A,0.573,gemma3,task_description,2026-08-23T13:31:33
I_65052_76957_left_x,non-mated,primary_impostor,cross,65052,76957,left,left,B,A,0,A,0.577,gemma3,task_description,2026-08-23T13:31:34
G_58398_right_1335,mated,primary_genuine,cross,58398,58398,right,right,A,A,1,A,0.576,gemma3,task_description,2026-08-23T13:31:34
D_83742_239,non-mated,diagnostic_impostor,cross,83742,83742,left,right,B,A,0,A,0.567,gemma3,task_description,2026-08-23T13:31:35
I_63029_83742_left_s,non-mated,primary_impostor,same,63029,83742,left,left,B,A,0,A,0.59,gemma3,task_description,2026-08-23T13:31:35
I_47904_56583_right_x,non-mated,primary_impostor,cross,47904,56583,right,right,B,A,0,A,0.573,gemma3,task_description,2026-08-23T13:31:36
G_57145_left_976,mated,primary_genuine,cross,57145,57145,left,left,A,A,1,A,0.588,gemma3,task_description,2026-08-23T13:31:36
G_76957_left_2132,mated,primary_genuine,same,76957,76957,left,left,A,A,1,A,0.569,gemma3,task_description,2026-08-23T13:31:37
D_57145_115,non-mated,diagnostic_impostor,same,57145,57145,left,right,B,A,0,A,0.589,gemma3,task_description,2026-08-23T13:31:38
I_43210_76957_left_x,non-mated,primary_impostor,cross,43210,76957,left,left,B,A,0,A,0.58,gemma3,task_description,2026-08-23T13:31:38
G_14493_right_109,mated,primary_genuine,cross,14493,14493,right,right,A,A,1,A,0.569,gemma3,task_description,2026-08-23T13:31:39
I_69658_74850_left_s,non-mated,primary_impostor,same,69658,74850,left,left,B,A,0,A,0.589,gemma3,task_description,2026-08-23T13:31:39
D_20294_16,non-mated,diagnostic_impostor,cross,20294,20294,left,right,B,A,0,A,0.582,gemma3,task_description,2026-08-23T13:31:40
I_58793_89171_left_x,non-mated,primary_impostor,cross,58793,89171,left,left,B,A,0,A,0.584,gemma3,task_description,2026-08-23T13:31:41
G_99775_left_2873,mated,primary_genuine,cross,99775,99775,left,left,A,A,1,A,0.569,gemma3,task_description,2026-08-23T13:31:41
D_58793_155,non-mated,diagnostic_impostor,cross,58793,58793,left,right,B,A,0,A,0.569,gemma3,task_description,2026-08-23T13:31:42
I_24101_57833_right_s,non-mated,primary_impostor,same,24101,57833,right,right,B,A,0,A,0.598,gemma3,task_description,2026-08-23T13:31:42
D_74850_210,non-mated,diagnostic_impostor,same,74850,74850,left,right,B,A,0,A,0.596,gemma3,task_description,2026-08-23T13:31:43
I_47904_65052_right_s,non-mated,primary_impostor,same,47904,65052,right,right,B,A,0,A,0.586,gemma3,task_description,2026-08-23T13:31:43
I_65030_89171_right_s,non-mated,primary_impostor,same,65030,89171,right,right,B,A,0,A,0.595,gemma3,task_description,2026-08-23T13:31:44
G_56583_right_912,mated,primary_genuine,cross,56583,56583,right,right,A,A,1,A,0.577,gemma3,task_description,2026-08-23T13:31:45
I_43210_76957_right_x,non-mated,primary_impostor,cross,43210,76957,right,right,B,A,0,A,0.576,gemma3,task_description,2026-08-23T13:31:45
I_47904_74850_right_s,non-mated,primary_impostor,same,47904,74850,right,right,B,A,0,A,0.586,gemma3,task_description,2026-08-23T13:31:46
D_47904_95,non-mated,diagnostic_impostor,same,47904,47904,left,right,B,A,0,A,0.59,gemma3,task_description,2026-08-23T13:31:46
G_44595_right_766,mated,primary_genuine,cross,44595,44595,right,right,A,A,1,A,0.581,gemma3,task_description,2026-08-23T13:31:47
G_43210_right_678,mated,primary_genuine,same,43210,43210,right,right,A,A,1,A,0.562,gemma3,task_description,2026-08-23T13:31:47
D_27295_41,non-mated,diagnostic_impostor,cross,27295,27295,left,right,B,A,0,A,0.573,gemma3,task_description,2026-08-23T13:31:48
I_58398_89171_left_s,non-mated,primary_impostor,same,58398,89171,left,left,B,A,0,A,0.593,gemma3,task_description,2026-08-23T13:31:49
I_24101_83742_left_x,non-mated,primary_impostor,cross,24101,83742,left,left,B,A,0,A,0.582,gemma3,task_description,2026-08-23T13:31:49
I_57833_65052_right_s,non-mated,primary_impostor,same,57833,65052,right,right,B,A,0,A,0.589,gemma3,task_description,2026-08-23T13:31:50
I_58793_63029_left_x,non-mated,primary_impostor,cross,58793,63029,left,left,B,A,0,A,0.588,gemma3,task_description,2026-08-23T13:31:50
G_57833_right_1242,mated,primary_genuine,cross,57833,57833,right,right,A,A,1,A,0.569,gemma3,task_description,2026-08-23T13:31:51
D_44595_79,non-mated,diagnostic_impostor,same,44595,44595,left,right,B,A,0,A,0.562,gemma3,task_description,2026-08-23T13:31:52
G_93812_right_2677,mated,primary_genuine,cross,93812,93812,right,right,A,A,1,A,0.571,gemma3,task_description,2026-08-23T13:31:52
I_44595_93812_right_x,non-mated,primary_impostor,cross,44595,93812,right,right,B,A,0,A,0.575,gemma3,task_description,2026-08-23T13:31:53
G_93812_right_2681,mated,primary_genuine,cross,93812,93812,right,right,A,A,1,A,0.562,gemma3,task_description,2026-08-23T13:31:53
I_57145_76957_right_s,non-mated,primary_impostor,same,57145,76957,right,right,B,A,0,A,0.589,gemma3,task_description,2026-08-23T13:31:54
I_43210_89171_right_x,non-mated,primary_impostor,cross,43210,89171,right,right,B,A,0,A,0.579,gemma3,task_description,2026-08-23T13:31:54
D_74850_211,non-mated,diagnostic_impostor,same,74850,74850,left,right,B,A,0,A,0.597,gemma3,task_description,2026-08-23T13:31:55
I_14493_65052_right_x,non-mated,primary_impostor,cross,14493,65052,right,right,B,A,0,A,0.583,gemma3,task_description,2026-08-23T13:31:56
G_58793_right_1458,mated,primary_genuine,same,58793,58793,right,right,A,A,1,A,0.563,gemma3,task_description,2026-08-23T13:31:56
G_93812_right_2688,mated,primary_genuine,same,93812,93812,right,right,A,A,1,A,0.57,gemma3,task_description,2026-08-23T13:31:57
G_56583_right_907,mated,primary_genuine,cross,56583,56583,right,right,A,A,1,A,0.576,gemma3,task_description,2026-08-23T13:31:57
I_57145_57833_left_s,non-mated,primary_impostor,same,57145,57833,left,left,B,A,0,A,0.599,gemma3,task_description,2026-08-23T13:31:58
G_65052_right_1852,mated,primary_genuine,same,65052,65052,right,right,A,A,1,A,0.564,gemma3,task_description,2026-08-23T13:31:58
I_57145_69658_left_x,non-mated,primary_impostor,cross,57145,69658,left,left,B,A,0,A,0.575,gemma3,task_description,2026-08-23T13:31:59
G_65030_right_1694,mated,primary_genuine,cross,65030,65030,right,right,A,A,1,A,0.578,gemma3,task_description,2026-08-23T13:32:00
D_93812_265,non-mated,diagnostic_impostor,same,93812,93812,left,right,B,A,0,A,0.594,gemma3,task_description,2026-08-23T13:32:00
I_43210_65030_left_x,non-mated,primary_impostor,cross,43210,65030,left,left,B,A,0,A,0.571,gemma3,task_description,2026-08-23T13:32:01
I_44595_89171_left_s,non-mated,primary_impostor,same,44595,89171,left,left,B,A,0,A,0.593,gemma3,task_description,2026-08-23T13:32:01
I_87757_93812_right_s,non-mated,primary_impostor,same,87757,93812,right,right,B,A,0,A,0.588,gemma3,task_description,2026-08-23T13:32:02
I_44595_99775_right_x,non-mated,primary_impostor,cross,44595,99775,right,right,B,A,0,A,0.575,gemma3,task_description,2026-08-23T13:32:03
G_87757_left_2398,mated,primary_genuine,same,87757,87757,left,left,A,A,1,A,0.569,gemma3,task_description,2026-08-23T13:32:03
I_43210_44595_right_s,non-mated,primary_impostor,same,43210,44595,right,right,B,A,0,A,0.59,gemma3,task_description,2026-08-23T13:32:04
G_57833_right_1256,mated,primary_genuine,same,57833,57833,right,right,A,A,1,A,0.57,gemma3,task_description,2026-08-23T13:32:04
I_43210_89171_left_s,non-mated,primary_impostor,same,43210,89171,left,left,B,A,0,A,0.587,gemma3,task_description,2026-08-23T13:32:05
G_69658_left_1884,mated,primary_genuine,cross,69658,69658,left,left,A,A,1,A,0.565,gemma3,task_description,2026-08-23T13:32:05
G_57833_left_1134,mated,primary_genuine,cross,57833,57833,left,left,A,A,1,A,0.576,gemma3,task_description,2026-08-23T13:32:06
G_44595_left_695,mated,primary_genuine,same,44595,44595,left,left,A,A,1,A,0.582,gemma3,task_description,2026-08-23T13:32:07
D_44595_75,non-mated,diagnostic_impostor,cross,44595,44595,left,right,B,A,0,A,0.574,gemma3,task_description,2026-08-23T13:32:07
D_58793_149,non-mated,diagnostic_impostor,same,58793,58793,left,right,B,A,0,A,0.565,gemma3,task_description,2026-08-23T13:32:08
G_65052_left_1726,mated,primary_genuine,same,65052,65052,left,left,A,A,1,A,0.589,gemma3,task_description,2026-08-23T13:32:08
I_57145_69658_right_x,non-mated,primary_impostor,cross,57145,69658,right,right,B,A,0,A,0.58,gemma3,task_description,2026-08-23T13:32:09
G_20294_right_261,mated,primary_genuine,cross,20294,20294,right,right,A,A,1,A,0.578,gemma3,task_description,2026-08-23T13:32:09
I_65030_87757_right_s,non-mated,primary_impostor,same,65030,87757,right,right,B,A,0,A,0.591,gemma3,task_description,2026-08-23T13:32:10
I_24101_57833_right_x,non-mated,primary_impostor,cross,24101,57833,right,right,B,A,0,A,0.579,gemma3,task_description,2026-08-23T13:32:11
G_44595_left_739,mated,primary_genuine,same,44595,44595,left,left,A,A,1,A,0.567,gemma3,task_description,2026-08-23T13:32:11
I_63029_99775_right_x,non-mated,primary_impostor,cross,63029,99775,right,right,B,A,0,A,0.572,gemma3,task_description,2026-08-23T13:32:12
G_24101_right_305,mated,primary_genuine,same,24101,24101,right,right,A,A,1,A,0.575,gemma3,task_description,2026-08-23T13:32:12
G_65052_left_1758,mated,primary_genuine,cross,65052,65052,left,left,A,A,1,A,0.581,gemma3,task_description,2026-08-23T13:32:13
I_56583_83742_left_s,non-mated,primary_impostor,same,56583,83742,left,left,B,A,0,A,0.593,gemma3,task_description,2026-08-23T13:32:14
D_58398_139,non-mated,diagnostic_impostor,cross,58398,58398,left,right,B,A,0,A,0.576,gemma3,task_description,2026-08-23T13:32:14
G_32467_right_538,mated,primary_genuine,same,32467,32467,right,right,A,A,1,A,0.582,gemma3,task_description,2026-08-23T13:32:15
D_47904_91,non-mated,diagnostic_impostor,same,47904,47904,left,right,B,A,0,A,0.6,gemma3,task_description,2026-08-23T13:32:15
G_47904_left_822,mated,primary_genuine,cross,47904,47904,left,left,A,A,1,A,0.589,gemma3,task_description,2026-08-23T13:32:16
G_87757_left_2365,mated,primary_genuine,cross,87757,87757,left,left,A,A,1,A,0.587,gemma3,task_description,2026-08-23T13:32:16
I_14493_58398_right_s,non-mated,primary_impostor,same,14493,58398,right,right,B,A,0,A,0.597,gemma3,task_description,2026-08-23T13:32:17
I_56583_58398_right_s,non-mated,primary_impostor,same,56583,58398,right,right,B,A,0,A,0.609,gemma3,task_description,2026-08-23T13:32:18
I_24101_65030_left_s,non-mated,primary_impostor,same,24101,65030,left,left,B,A,0,A,0.592,gemma3,task_description,2026-08-23T13:32:18
G_56583_left_864,mated,primary_genuine,cross,56583,56583,left,left,A,A,1,A,0.574,gemma3,task_description,2026-08-23T13:32:19
I_74850_83742_right_s,non-mated,primary_impostor,same,74850,83742,right,right,B,A,0,A,0.591,gemma3,task_description,2026-08-23T13:32:19
I_24101_74850_right_s,non-mated,primary_impostor,same,24101,74850,right,right,B,A,0,A,0.608,gemma3,task_description,2026-08-23T13:32:20
I_65030_69658_right_s,non-mated,primary_impostor,same,65030,69658,right,right,B,A,0,A,0.601,gemma3,task_description,2026-08-23T13:32:21
I_89171_99775_right_s,non-mated,primary_impostor,same,89171,99775,right,right,B,A,0,A,0.595,gemma3,task_description,2026-08-23T13:32:21
I_63029_99775_left_x,non-mated,primary_impostor,cross,63029,99775,left,left,B,A,0,A,0.572,gemma3,task_description,2026-08-23T13:32:22
I_14493_27295_right_x,non-mated,primary_impostor,cross,14493,27295,right,right,B,A,0,A,0.583,gemma3,task_description,2026-08-23T13:32:22
I_24101_87757_left_s,non-mated,primary_impostor,same,24101,87757,left,left,B,A,0,A,0.587,gemma3,task_description,2026-08-23T13:32:23
D_20294_19,non-mated,diagnostic_impostor,cross,20294,20294,left,right,B,A,0,A,0.582,gemma3,task_description,2026-08-23T13:32:24
I_57833_58793_right_s,non-mated,primary_impostor,same,57833,58793,right,right,B,A,0,A,0.591,gemma3,task_description,2026-08-23T13:32:24
I_47904_89171_left_x,non-mated,primary_impostor,cross,47904,89171,left,left,B,A,0,A,0.576,gemma3,task_description,2026-08-23T13:32:25
G_32467_left_455,mated,primary_genuine,cross,32467,32467,left,left,A,A,1,A,0.578,gemma3,task_description,2026-08-23T13:32:25
G_24101_right_303,mated,primary_genuine,cross,24101,24101,right,right,A,A,1,A,0.572,gemma3,task_description,2026-08-23T13:32:26
D_47904_85,non-mated,diagnostic_impostor,same,47904,47904,left,right,B,A,0,A,0.591,gemma3,task_description,2026-08-23T13:32:26
G_43210_right_675,mated,primary_genuine,same,43210,43210,right,right,A,A,1,A,0.559,gemma3,task_description,2026-08-23T13:32:27
I_24101_58398_right_s,non-mated,primary_impostor,same,24101,58398,right,right,B,A,0,A,0.592,gemma3,task_description,2026-08-23T13:32:28
D_83742_233,non-mated,diagnostic_impostor,cross,83742,83742,left,right,B,A,0,A,0.567,gemma3,task_description,2026-08-23T13:32:28
G_27295_right_398,mated,primary_genuine,cross,27295,27295,right,right,A,A,1,A,0.569,gemma3,task_description,2026-08-23T13:32:29
D_20294_14,non-mated,diagnostic_impostor,cross,20294,20294,left,right,B,A,0,A,0.569,gemma3,task_description,2026-08-23T13:32:29
G_58398_right_1349,mated,primary_genuine,cross,58398,58398,right,right,A,A,1,A,0.567,gemma3,task_description,2026-08-23T13:32:30
D_44595_81,non-mated,diagnostic_impostor,cross,44595,44595,left,right,B,A,0,A,0.568,gemma3,task_description,2026-08-23T13:32:30
I_57833_99775_left_s,non-mated,primary_impostor,same,57833,99775,left,left,B,A,0,A,0.588,gemma3,task_description,2026-08-23T13:32:31
G_99775_right_2922,mated,primary_genuine,cross,99775,99775,right,right,A,A,1,A,0.571,gemma3,task_description,2026-08-23T13:32:32
D_65030_179,non-mated,diagnostic_impostor,same,65030,65030,left,right,B,A,0,A,0.557,gemma3,task_description,2026-08-23T13:32:32
G_47904_right_829,mated,primary_genuine,same,47904,47904,right,right,A,A,1,A,0.583,gemma3,task_description,2026-08-23T13:32:33
G_24101_right_306,mated,primary_genuine,same,24101,24101,right,right,A,A,1,A,0.558,gemma3,task_description,2026-08-23T13:32:33
I_57833_74850_left_x,non-mated,primary_impostor,cross,57833,74850,left,left,B,A,0,A,0.574,gemma3,task_description,2026-08-23T13:32:34
G_76957_right_2153,mated,primary_genuine,same,76957,76957,right,right,A,A,1,A,0.586,gemma3,task_description,2026-08-23T13:32:34
G_63029_left_1538,mated,primary_genuine,same,63029,63029,left,left,A,A,1,A,0.561,gemma3,task_description,2026-08-23T13:32:35
I_32467_43210_right_x,non-mated,primary_impostor,cross,32467,43210,right,right,B,A,0,A,0.579,gemma3,task_description,2026-08-23T13:32:36
I_20294_65052_right_s,non-mated,primary_impostor,same,20294,65052,right,right,B,A,0,A,0.596,gemma3,task_description,2026-08-23T13:32:36
I_44595_58793_right_x,non-mated,primary_impostor,cross,44595,58793,right,right,B,A,0,A,0.572,gemma3,task_description,2026-08-23T13:32:37
I_56583_74850_right_s,non-mated,primary_impostor,same,56583,74850,right,right,B,A,0,A,0.593,gemma3,task_description,2026-08-23T13:32:37
D_43210_62,non-mated,diagnostic_impostor,same,43210,43210,left,right,B,A,0,A,0.588,gemma3,task_description,2026-08-23T13:32:38
I_57833_99775_left_x,non-mated,primary_impostor,cross,57833,99775,left,left,B,A,0,A,0.568,gemma3,task_description,2026-08-23T13:32:39
G_44595_right_812,mated,primary_genuine,same,44595,44595,right,right,A,A,1,A,0.556,gemma3,task_description,2026-08-23T13:32:39
G_32467_left_420,mated,primary_genuine,same,32467,32467,left,left,A,A,1,A,0.598,gemma3,task_description,2026-08-23T13:32:40
G_27295_right_377,mated,primary_genuine,cross,27295,27295,right,right,A,A,1,A,0.574,gemma3,task_description,2026-08-23T13:32:40
D_76957_216,non-mated,diagnostic_impostor,cross,76957,76957,left,right,B,A,0,A,0.56,gemma3,task_description,2026-08-23T13:32:41
D_14493_3,non-mated,diagnostic_impostor,same,14493,14493,left,right,B,A,0,A,0.577,gemma3,task_description,2026-08-23T13:32:41
I_24101_58793_left_x,non-mated,primary_impostor,cross,24101,58793,left,left,B,A,0,A,0.57,gemma3,task_description,2026-08-23T13:32:42
I_24101_65030_right_s,non-mated,primary_impostor,same,24101,65030,right,right,B,A,0,A,0.59,gemma3,task_description,2026-08-23T13:32:43
I_56583_63029_left_s,non-mated,primary_impostor,same,56583,63029,left,left,B,A,0,A,0.585,gemma3,task_description,2026-08-23T13:32:43
I_43210_57833_left_s,non-mated,primary_impostor,same,43210,57833,left,left,B,A,0,A,0.586,gemma3,task_description,2026-08-23T13:32:44
I_43210_63029_left_s,non-mated,primary_impostor,same,43210,63029,left,left,B,A,0,A,0.584,gemma3,task_description,2026-08-23T13:32:44
G_57145_left_960,mated,primary_genuine,same,57145,57145,left,left,A,A,1,A,0.589,gemma3,task_description,2026-08-23T13:32:45
G_27295_left_337,mated,primary_genuine,cross,27295,27295,left,left,A,A,1,A,0.584,gemma3,task_description,2026-08-23T13:32:46
G_89171_left_2527,mated,primary_genuine,same,89171,89171,left,left,A,A,1,A,0.557,gemma3,task_description,2026-08-23T13:32:46
G_27295_left_361,mated,primary_genuine,same,27295,27295,left,left,A,A,1,A,0.56,gemma3,task_description,2026-08-23T13:32:47
I_44595_56583_right_s,non-mated,primary_impostor,same,44595,56583,right,right,B,A,0,A,0.592,gemma3,task_description,2026-08-23T13:32:47
I_76957_83742_right_x,non-mated,primary_impostor,cross,76957,83742,right,right,B,A,0,A,0.573,gemma3,task_description,2026-08-23T13:32:48
D_43210_66,non-mated,diagnostic_impostor,cross,43210,43210,left,right,B,A,0,A,0.567,gemma3,task_description,2026-08-23T13:32:48
I_57833_87757_left_x,non-mated,primary_impostor,cross,57833,87757,left,left,B,A,0,A,0.573,gemma3,task_description,2026-08-23T13:32:49
I_27295_57833_left_x,non-mated,primary_impostor,cross,27295,57833,left,left,B,A,0,A,0.66,gemma3,task_description,2026-08-23T13:32:50
I_56583_76957_right_x,non-mated,primary_impostor,cross,56583,76957,right,right,B,A,0,A,0.577,gemma3,task_description,2026-08-23T13:32:50
D_76957_217,non-mated,diagnostic_impostor,same,76957,76957,left,right,B,A,0,A,0.585,gemma3,task_description,2026-08-23T13:32:51
G_89171_left_2496,mated,primary_genuine,same,89171,89171,left,left,A,A,1,A,0.603,gemma3,task_description,2026-08-23T13:32:51
I_32467_57145_left_s,non-mated,primary_impostor,same,32467,57145,left,left,B,A,0,A,0.594,gemma3,task_description,2026-08-23T13:32:52
G_96608_right_2788,mated,primary_genuine,cross,96608,96608,right,right,A,A,1,A,0.57,gemma3,task_description,2026-08-23T13:32:53
I_58793_87757_left_x,non-mated,primary_impostor,cross,58793,87757,left,left,B,A,0,A,0.574,gemma3,task_description,2026-08-23T13:32:53
G_58398_right_1321,mated,primary_genuine,cross,58398,58398,right,right,A,A,1,A,0.569,gemma3,task_description,2026-08-23T13:32:54
I_47904_56583_left_x,non-mated,primary_impostor,cross,47904,56583,left,left,B,A,0,A,0.571,gemma3,task_description,2026-08-23T13:32:54
D_65052_188,non-mated,diagnostic_impostor,same,65052,65052,left,right,B,A,0,A,0.558,gemma3,task_description,2026-08-23T13:32:55
I_44595_87757_left_x,non-mated,primary_impostor,cross,44595,87757,left,left,B,A,0,A,0.573,gemma3,task_description,2026-08-23T13:32:55
D_99775_290,non-mated,diagnostic_impostor,cross,99775,99775,left,right,B,A,0,A,0.57,gemma3,task_description,2026-08-23T13:32:56
G_83742_right_2269,mated,primary_genuine,same,83742,83742,right,right,A,A,1,A,0.587,gemma3,task_description,2026-08-23T13:32:57
G_32467_right_485,mated,primary_genuine,same,32467,32467,right,right,A,A,1,A,0.586,gemma3,task_description,2026-08-23T13:32:57
D_58398_140,non-mated,diagnostic_impostor,same,58398,58398,left,right,B,A,0,A,0.555,gemma3,task_description,2026-08-23T13:32:58
I_57145_87757_right_s,non-mated,primary_impostor,same,57145,87757,right,right,B,A,0,A,0.588,gemma3,task_description,2026-08-23T13:32:58
D_57833_123,non-mated,diagnostic_impostor,same,57833,57833,left,right,B,A,0,A,0.584,gemma3,task_description,2026-08-23T13:32:59
D_83742_229,non-mated,diagnostic_impostor,cross,83742,83742,left,right,B,A,0,A,0.563,gemma3,task_description,2026-08-23T13:32:59
D_43210_61,non-mated,diagnostic_impostor,cross,43210,43210,left,right,B,A,0,A,0.571,gemma3,task_description,2026-08-23T13:33:00
D_57145_119,non-mated,diagnostic_impostor,same,57145,57145,left,right,B,A,0,A,0.58,gemma3,task_description,2026-08-23T13:33:01
D_58398_143,non-mated,diagnostic_impostor,cross,58398,58398,left,right,B,A,0,A,0.567,gemma3,task_description,2026-08-23T13:33:01
G_69658_left_1883,mated,primary_genuine,cross,69658,69658,left,left,A,A,1,A,0.565,gemma3,task_description,2026-08-23T13:33:02
G_57833_right_1204,mated,primary_genuine,same,57833,57833,right,right,A,A,1,A,0.597,gemma3,task_description,2026-08-23T13:33:02
D_89171_254,non-mated,diagnostic_impostor,cross,89171,89171,left,right,B,A,0,A,0.576,gemma3,task_description,2026-08-23T13:33:03
I_57833_69658_right_s,non-mated,primary_impostor,same,57833,69658,right,right,B,A,0,A,0.583,gemma3,task_description,2026-08-23T13:33:03
I_14493_57833_right_x,non-mated,primary_impostor,cross,14493,57833,right,right,B,A,0,A,0.575,gemma3,task_description,2026-08-23T13:33:04
I_57145_63029_right_x,non-mated,primary_impostor,cross,57145,63029,right,right,B,A,0,A,0.575,gemma3,task_description,2026-08-23T13:33:05
D_47904_88,non-mated,diagnostic_impostor,cross,47904,47904,left,right,B,A,0,A,0.566,gemma3,task_description,2026-08-23T13:33:05
G_65052_right_1843,mated,primary_genuine,same,65052,65052,right,right,A,A,1,A,0.56,gemma3,task_description,2026-08-23T13:33:06
D_14493_11,non-mated,diagnostic_impostor,cross,14493,14493,left,right,B,A,0,A,0.569,gemma3,task_description,2026-08-23T13:33:06
G_43210_right_625,mated,primary_genuine,cross,43210,43210,right,right,A,A,1,A,0.573,gemma3,task_description,2026-08-23T13:33:07
I_58398_93812_right_x,non-mated,primary_impostor,cross,58398,93812,right,right,B,A,0,A,0.578,gemma3,task_description,2026-08-23T13:33:07
I_56583_74850_left_x,non-mated,primary_impostor,cross,56583,74850,left,left,B,A,0,A,0.578,gemma3,task_description,2026-08-23T13:33:08
I_56583_65052_right_x,non-mated,primary_impostor,cross,56583,65052,right,right,B,A,0,A,0.58,gemma3,task_description,2026-08-23T13:33:09
D_65030_178,non-mated,diagnostic_impostor,same,65030,65030,left,right,B,A,0,A,0.578,gemma3,task_description,2026-08-23T13:33:09
D_65052_184,non-mated,diagnostic_impostor,same,65052,65052,left,right,B,A,0,A,0.567,gemma3,task_description,2026-08-23T13:33:10
I_57145_76957_right_x,non-mated,primary_impostor,cross,57145,76957,right,right,B,A,0,A,0.582,gemma3,task_description,2026-08-23T13:33:10
D_44595_80,non-mated,diagnostic_impostor,cross,44595,44595,left,right,B,A,0,A,0.568,gemma3,task_description,2026-08-23T13:33:11
G_99775_left_2861,mated,primary_genuine,cross,99775,99775,left,left,A,A,1,A,0.571,gemma3,task_description,2026-08-23T13:33:11
I_14493_24101_left_s,non-mated,primary_impostor,same,14493,24101,left,left,B,A,0,A,0.586,gemma3,task_description,2026-08-23T13:33:12
G_96608_right_2827,mated,primary_genuine,same,96608,96608,right,right,A,A,1,A,0.559,gemma3,task_description,2026-08-23T13:33:13
I_27295_96608_right_s,non-mated,primary_impostor,same,27295,96608,right,right,B,A,0,A,0.586,gemma3,task_description,2026-08-23T13:33:13
I_32467_76957_right_x,non-mated,primary_impostor,cross,32467,76957,right,right,B,A,0,A,0.575,gemma3,task_description,2026-08-23T13:33:14
G_65030_left_1637,mated,primary_genuine,same,65030,65030,left,left,A,A,1,A,0.58,gemma3,task_description,2026-08-23T13:33:14
G_99775_left_2851,mated,primary_genuine,same,99775,99775,left,left,A,A,1,A,0.587,gemma3,task_description,2026-08-23T13:33:15
I_14493_27295_left_s,non-mated,primary_impostor,same,14493,27295,left,left,B,A,0,A,0.586,gemma3,task_description,2026-08-23T13:33:16
D_99775_297,non-mated,diagnostic_impostor,same,99775,99775,left,right,B,A,0,A,0.578,gemma3,task_description,2026-08-23T13:33:16
G_74850_left_1990,mated,primary_genuine,cross,74850,74850,left,left,A,A,1,A,0.564,gemma3,task_description,2026-08-23T13:33:17
G_43210_left_571,mated,primary_genuine,same,43210,43210,left,left,A,A,1,A,0.602,gemma3,task_description,2026-08-23T13:33:17
D_89171_260,non-mated,diagnostic_impostor,cross,89171,89171,left,right,B,A,0,A,0.573,gemma3,task_description,2026-08-23T13:33:18
G_43210_right_640,mated,primary_genuine,cross,43210,43210,right,right,A,A,1,A,0.573,gemma3,task_description,2026-08-23T13:33:18
I_58398_83742_right_x,non-mated,primary_impostor,cross,58398,83742,right,right,B,A,0,A,0.572,gemma3,task_description,2026-08-23T13:33:19
G_57833_left_1132,mated,primary_genuine,cross,57833,57833,left,left,A,A,1,A,0.575,gemma3,task_description,2026-08-23T13:33:20
I_65052_69658_right_s,non-mated,primary_impostor,same,65052,69658,right,right,B,A,0,A,0.586,gemma3,task_description,2026-08-23T13:33:20
I_76957_87757_left_x,non-mated,primary_impostor,cross,76957,87757,left,left,B,A,0,A,0.574,gemma3,task_description,2026-08-23T13:33:21
G_93812_left_2590,mated,primary_genuine,same,93812,93812,left,left,A,A,1,A,0.577,gemma3,task_description,2026-08-23T13:33:21
I_58398_65052_left_s,non-mated,primary_impostor,same,58398,65052,left,left,B,A,0,A,0.586,gemma3,task_description,2026-08-23T13:33:22
G_74850_right_2071,mated,primary_genuine,same,74850,74850,right,right,A,A,1,A,0.556,gemma3,task_description,2026-08-23T13:33:22
G_47904_right_831,mated,primary_genuine,cross,47904,47904,right,right,A,A,1,A,0.604,gemma3,task_description,2026-08-23T13:33:23
G_69658_right_1934,mated,primary_genuine,cross,69658,69658,right,right,A,A,1,A,0.573,gemma3,task_description,2026-08-23T13:33:24
G_43210_right_672,mated,primary_genuine,same,43210,43210,right,right,A,A,1,A,0.569,gemma3,task_description,2026-08-23T13:33:24
G_76957_right_2171,mated,primary_genuine,cross,76957,76957,right,right,A,A,1,A,0.565,gemma3,task_description,2026-08-23T13:33:25
G_24101_left_293,mated,primary_genuine,cross,24101,24101,left,left,A,A,1,A,0.577,gemma3,task_description,2026-08-23T13:33:25
G_74850_left_1992,mated,primary_genuine,cross,74850,74850,left,left,A,A,1,A,0.588,gemma3,task_description,2026-08-23T13:33:26
G_56583_right_941,mated,primary_genuine,same,56583,56583,right,right,A,A,1,A,0.562,gemma3,task_description,2026-08-23T13:33:26
I_57145_96608_right_x,non-mated,primary_impostor,cross,57145,96608,right,right,B,A,0,A,0.591,gemma3,task_description,2026-08-23T13:33:27
G_99775_left_2892,mated,primary_genuine,same,99775,99775,left,left,A,A,1,A,0.565,gemma3,task_description,2026-08-23T13:33:28
D_58398_132,non-mated,diagnostic_impostor,same,58398,58398,left,right,B,A,0,A,0.591,gemma3,task_description,2026-08-23T13:33:28
I_69658_83742_left_s,non-mated,primary_impostor,same,69658,83742,left,left,B,A,0,A,0.63,gemma3,task_description,2026-08-23T13:33:29
G_99775_right_2925,mated,primary_genuine,same,99775,99775,right,right,A,A,1,A,0.594,gemma3,task_description,2026-08-23T13:33:29
D_27295_40,non-mated,diagnostic_impostor,cross,27295,27295,left,right,B,A,0,A,0.572,gemma3,task_description,2026-08-23T13:33:30
I_20294_47904_right_s,non-mated,primary_impostor,same,20294,47904,right,right,B,A,0,A,0.6,gemma3,task_description,2026-08-23T13:33:31
G_63029_right_1590,mated,primary_genuine,same,63029,63029,right,right,A,A,1,A,0.603,gemma3,task_description,2026-08-23T13:33:31
G_93812_left_2614,mated,primary_genuine,same,93812,93812,left,left,A,A,1,A,0.586,gemma3,task_description,2026-08-23T13:33:32
I_27295_69658_left_x,non-mated,primary_impostor,cross,27295,69658,left,left,B,A,0,A,0.577,gemma3,task_description,2026-08-23T13:33:32
I_57833_83742_left_x,non-mated,primary_impostor,cross,57833,83742,left,left,B,A,0,A,0.575,gemma3,task_description,2026-08-23T13:33:33
G_20294_left_141,mated,primary_genuine,cross,20294,20294,left,left,A,A,1,A,0.582,gemma3,task_description,2026-08-23T13:33:34
I_43210_74850_right_x,non-mated,primary_impostor,cross,43210,74850,right,right,B,A,0,A,0.575,gemma3,task_description,2026-08-23T13:33:34
I_58398_96608_right_s,non-mated,primary_impostor,same,58398,96608,right,right,B,A,0,A,0.593,gemma3,task_description,2026-08-23T13:33:35
I_96608_99775_left_s,non-mated,primary_impostor,same,96608,99775,left,left,B,A,0,A,0.593,gemma3,task_description,2026-08-23T13:33:35
I_20294_96608_right_x,non-mated,primary_impostor,cross,20294,96608,right,right,B,A,0,A,0.582,gemma3,task_description,2026-08-23T13:33:36
G_57833_right_1200,mated,primary_genuine,cross,57833,57833,right,right,A,A,1,A,0.579,gemma3,task_description,2026-08-23T13:33:36
G_76957_left_2129,mated,primary_genuine,same,76957,76957,left,left,A,A,1,A,0.561,gemma3,task_description,2026-08-23T13:33:37
I_58793_99775_right_s,non-mated,primary_impostor,same,58793,99775,right,right,B,A,0,A,0.595,gemma3,task_description,2026-08-23T13:33:38
D_65030_173,non-mated,diagnostic_impostor,same,65030,65030,left,right,B,A,0,A,0.58,gemma3,task_description,2026-08-23T13:33:38
G_58398_right_1342,mated,primary_genuine,cross,58398,58398,right,right,A,A,1,A,0.586,gemma3,task_description,2026-08-23T13:33:39
I_57145_65052_right_s,non-mated,primary_impostor,same,57145,65052,right,right,B,A,0,A,0.598,gemma3,task_description,2026-08-23T13:33:39
G_89171_right_2565,mated,primary_genuine,cross,89171,89171,right,right,A,A,1,A,0.596,gemma3,task_description,2026-08-23T13:33:40
G_57145_right_1110,mated,primary_genuine,same,57145,57145,right,right,A,A,1,A,0.575,gemma3,task_description,2026-08-23T13:33:41
G_69658_left_1901,mated,primary_genuine,same,69658,69658,left,left,A,A,1,A,0.576,gemma3,task_description,2026-08-23T13:33:41
D_65030_169,non-mated,diagnostic_impostor,same,65030,65030,left,right,B,A,0,A,0.567,gemma3,task_description,2026-08-23T13:33:42
G_74850_left_1971,mated,primary_genuine,cross,74850,74850,left,left,A,A,1,A,0.599,gemma3,task_description,2026-08-23T13:33:42
D_56583_103,non-mated,diagnostic_impostor,same,56583,56583,left,right,B,A,0,A,0.57,gemma3,task_description,2026-08-23T13:33:43
G_87757_left_2382,mated,primary_genuine,cross,87757,87757,left,left,A,A,1,A,0.577,gemma3,task_description,2026-08-23T13:33:43
G_65052_left_1748,mated,primary_genuine,same,65052,65052,left,left,A,A,1,A,0.584,gemma3,task_description,2026-08-23T13:33:44
I_56583_57145_right_s,non-mated,primary_impostor,same,56583,57145,right,right,B,A,0,A,0.594,gemma3,task_description,2026-08-23T13:33:45
G_87757_left_2371,mated,primary_genuine,cross,87757,87757,left,left,A,A,1,A,0.583,gemma3,task_description,2026-08-23T13:33:45
G_56583_right_898,mated,primary_genuine,cross,56583,56583,right,right,A,A,1,A,0.579,gemma3,task_description,2026-08-23T13:33:46
I_32467_87757_left_s,non-mated,primary_impostor,same,32467,87757,left,left,B,A,0,A,0.6,gemma3,task_description,2026-08-23T13:33:46
I_24101_87757_right_s,non-mated,primary_impostor,same,24101,87757,right,right,B,A,0,A,0.597,gemma3,task_description,2026-08-23T13:33:47
I_24101_99775_left_x,non-mated,primary_impostor,cross,24101,99775,left,left,B,A,0,A,0.574,gemma3,task_description,2026-08-23T13:33:48
I_65052_69658_left_s,non-mated,primary_impostor,same,65052,69658,left,left,B,A,0,A,0.594,gemma3,task_description,2026-08-23T13:33:48
I_44595_63029_left_x,non-mated,primary_impostor,cross,44595,63029,left,left,B,A,0,A,0.577,gemma3,task_description,2026-08-23T13:33:49
I_63029_99775_left_s,non-mated,primary_impostor,same,63029,99775,left,left,B,A,0,A,0.593,gemma3,task_description,2026-08-23T13:33:49
I_32467_47904_left_s,non-mated,primary_impostor,same,32467,47904,left,left,B,A,0,A,0.608,gemma3,task_description,2026-08-23T13:33:50
I_58793_83742_right_x,non-mated,primary_impostor,cross,58793,83742,right,right,B,A,0,A,0.587,gemma3,task_description,2026-08-23T13:33:51
I_32467_83742_right_x,non-mated,primary_impostor,cross,32467,83742,right,right,B,A,0,A,0.58,gemma3,task_description,2026-08-23T13:33:51
I_14493_93812_right_s,non-mated,primary_impostor,same,14493,93812,right,right,B,A,0,A,0.6,gemma3,task_description,2026-08-23T13:33:52
I_27295_56583_right_x,non-mated,primary_impostor,cross,27295,56583,right,right,B,A,0,A,0.581,gemma3,task_description,2026-08-23T13:33:52
D_99775_294,non-mated,diagnostic_impostor,cross,99775,99775,left,right,B,A,0,A,0.573,gemma3,task_description,2026-08-23T13:33:53
G_32467_left_430,mated,primary_genuine,same,32467,32467,left,left,A,A,1,A,0.597,gemma3,task_description,2026-08-23T13:33:53
G_96608_right_2810,mated,primary_genuine,cross,96608,96608,right,right,A,A,1,A,0.578,gemma3,task_description,2026-08-23T13:33:54
D_32467_50,non-mated,diagnostic_impostor,cross,32467,32467,left,right,B,A,0,A,0.58,gemma3,task_description,2026-08-23T13:33:55
I_65030_69658_right_x,non-mated,primary_impostor,cross,65030,69658,right,right,B,A,0,A,0.581,gemma3,task_description,2026-08-23T13:33:55
G_74850_right_2016,mated,primary_genuine,same,74850,74850,right,right,A,A,1,A,0.589,gemma3,task_description,2026-08-23T13:33:56
I_47904_93812_right_s,non-mated,primary_impostor,same,47904,93812,right,right,B,A,0,A,0.6,gemma3,task_description,2026-08-23T13:33:56
I_27295_65030_right_s,non-mated,primary_impostor,same,27295,65030,right,right,B,A,0,A,0.591,gemma3,task_description,2026-08-23T13:33:57
I_20294_83742_left_x,non-mated,primary_impostor,cross,20294,83742,left,left,B,A,0,A,0.596,gemma3,task_description,2026-08-23T13:33:58
I_57833_58793_right_x,non-mated,primary_impostor,cross,57833,58793,right,right,B,A,0,A,0.581,gemma3,task_description,2026-08-23T13:33:58
I_43210_65030_right_x,non-mated,primary_impostor,cross,43210,65030,right,right,B,A,0,A,0.58,gemma3,task_description,2026-08-23T13:33:59
G_32467_left_454,mated,primary_genuine,cross,32467,32467,left,left,A,A,1,A,0.577,gemma3,task_description,2026-08-23T13:33:59
I_47904_89171_left_s,non-mated,primary_impostor,same,47904,89171,left,left,B,A,0,A,0.599,gemma3,task_description,2026-08-23T13:34:00
D_20294_15,non-mated,diagnostic_impostor,same,20294,20294,left,right,B,A,0,A,0.568,gemma3,task_description,2026-08-23T13:34:00
I_65030_93812_left_s,non-mated,primary_impostor,same,65030,93812,left,left,B,A,0,A,0.593,gemma3,task_description,2026-08-23T13:34:01
G_58793_left_1386,mated,primary_genuine,cross,58793,58793,left,left,A,A,1,A,0.575,gemma3,task_description,2026-08-23T13:34:02
D_76957_226,non-mated,diagnostic_impostor,same,76957,76957,left,right,B,A,0,A,0.598,gemma3,task_description,2026-08-23T13:34:02
D_63029_166,non-mated,diagnostic_impostor,cross,63029,63029,left,right,B,A,0,A,0.571,gemma3,task_description,2026-08-23T13:34:03
I_20294_32467_right_s,non-mated,primary_impostor,same,20294,32467,right,right,B,A,0,A,0.604,gemma3,task_description,2026-08-23T13:34:03
I_58793_87757_right_x,non-mated,primary_impostor,cross,58793,87757,right,right,B,A,0,A,0.584,gemma3,task_description,2026-08-23T13:34:04
I_24101_69658_left_s,non-mated,primary_impostor,same,24101,69658,left,left,B,A,0,A,0.608,gemma3,task_description,2026-08-23T13:34:05
G_96608_right_2818,mated,primary_genuine,same,96608,96608,right,right,A,A,1,A,0.571,gemma3,task_description,2026-08-23T13:34:05
G_47904_right_830,mated,primary_genuine,cross,47904,47904,right,right,A,A,1,A,0.58,gemma3,task_description,2026-08-23T13:34:06
I_47904_74850_left_x,non-mated,primary_impostor,cross,47904,74850,left,left,B,A,0,A,0.58,gemma3,task_description,2026-08-23T13:34:06
I_65052_76957_right_x,non-mated,primary_impostor,cross,65052,76957,right,right,B,A,0,A,0.578,gemma3,task_description,2026-08-23T13:34:07
I_27295_58398_right_s,non-mated,primary_impostor,same,27295,58398,right,right,B,A,0,A,0.591,gemma3,task_description,2026-08-23T13:34:08
I_58793_93812_left_s,non-mated,primary_impostor,same,58793,93812,left,left,B,A,0,A,0.59,gemma3,task_description,2026-08-23T13:34:08
I_44595_74850_right_s,non-mated,primary_impostor,same,44595,74850,right,right,B,A,0,A,0.593,gemma3,task_description,2026-08-23T13:34:09
I_32467_96608_left_x,non-mated,primary_impostor,cross,32467,96608,left,left,B,A,0,A,0.603,gemma3,task_description,2026-08-23T13:34:09
I_65052_74850_right_x,non-mated,primary_impostor,cross,65052,74850,right,right,B,A,0,A,0.591,gemma3,task_description,2026-08-23T13:34:10
G_76957_right_2177,mated,primary_genuine,same,76957,76957,right,right,A,A,1,A,0.574,gemma3,task_description,2026-08-23T13:34:10
I_63029_96608_left_x,non-mated,primary_impostor,cross,63029,96608,left,left,B,A,0,A,0.588,gemma3,task_description,2026-08-23T13:34:11
I_83742_89171_right_s,non-mated,primary_impostor,same,83742,89171,right,right,B,A,0,A,0.598,gemma3,task_description,2026-08-23T13:34:12
D_76957_220,non-mated,diagnostic_impostor,same,76957,76957,left,right,B,A,0,A,0.569,gemma3,task_description,2026-08-23T13:34:12
G_74850_right_2055,mated,primary_genuine,cross,74850,74850,right,right,A,A,1,A,0.578,gemma3,task_description,2026-08-23T13:34:13
I_24101_58793_right_s,non-mated,primary_impostor,same,24101,58793,right,right,B,A,0,A,0.597,gemma3,task_description,2026-08-23T13:34:13
G_83742_right_2285,mated,primary_genuine,cross,83742,83742,right,right,A,A,1,A,0.607,gemma3,task_description,2026-08-23T13:34:14
D_56583_100,non-mated,diagnostic_impostor,same,56583,56583,left,right,B,A,0,A,0.611,gemma3,task_description,2026-08-23T13:34:15
I_20294_65052_left_s,non-mated,primary_impostor,same,20294,65052,left,left,B,A,0,A,0.612,gemma3,task_description,2026-08-23T13:34:15
G_43210_left_606,mated,primary_genuine,same,43210,43210,left,left,A,A,1,A,0.563,gemma3,task_description,2026-08-23T13:34:16
I_58398_99775_right_x,non-mated,primary_impostor,cross,58398,99775,right,right,B,A,0,A,0.583,gemma3,task_description,2026-08-23T13:34:16
D_87757_251,non-mated,diagnostic_impostor,same,87757,87757,left,right,B,A,0,A,0.568,gemma3,task_description,2026-08-23T13:34:17
I_43210_57833_left_x,non-mated,primary_impostor,cross,43210,57833,left,left,B,A,0,A,0.587,gemma3,task_description,2026-08-23T13:34:18
G_14493_right_129,mated,primary_genuine,same,14493,14493,right,right,A,A,1,A,0.574,gemma3,task_description,2026-08-23T13:34:18
I_57833_76957_right_s,non-mated,primary_impostor,same,57833,76957,right,right,B,A,0,A,0.591,gemma3,task_description,2026-08-23T13:34:19
G_69658_left_1892,mated,primary_genuine,same,69658,69658,left,left,A,A,1,A,0.564,gemma3,task_description,2026-08-23T13:34:19
I_57145_65052_left_s,non-mated,primary_impostor,same,57145,65052,left,left,B,A,0,A,0.6,gemma3,task_description,2026-08-23T13:34:20
D_57145_110,non-mated,diagnostic_impostor,same,57145,57145,left,right,B,A,0,A,0.569,gemma3,task_description,2026-08-23T13:34:20
G_56583_left_862,mated,primary_genuine,same,56583,56583,left,left,A,A,1,A,0.574,gemma3,task_description,2026-08-23T13:34:21
G_57145_left_951,mated,primary_genuine,cross,57145,57145,left,left,A,A,1,A,0.581,gemma3,task_description,2026-08-23T13:34:22
G_65052_left_1732,mated,primary_genuine,cross,65052,65052,left,left,A,A,1,A,0.575,gemma3,task_description,2026-08-23T13:34:22
G_57145_right_1090,mated,primary_genuine,cross,57145,57145,right,right,A,A,1,A,0.57,gemma3,task_description,2026-08-23T13:34:23
D_44595_82,non-mated,diagnostic_impostor,same,44595,44595,left,right,B,A,0,A,0.575,gemma3,task_description,2026-08-23T13:34:23
I_47904_76957_left_s,non-mated,primary_impostor,same,47904,76957,left,left,B,A,0,A,0.587,gemma3,task_description,2026-08-23T13:34:24
D_57833_128,non-mated,diagnostic_impostor,same,57833,57833,left,right,B,A,0,A,0.567,gemma3,task_description,2026-08-23T13:34:24
G_96608_right_2782,mated,primary_genuine,cross,96608,96608,right,right,A,A,1,A,0.574,gemma3,task_description,2026-08-23T13:34:25
D_58398_137,non-mated,diagnostic_impostor,same,58398,58398,left,right,B,A,0,A,0.588,gemma3,task_description,2026-08-23T13:34:26
I_43210_99775_left_x,non-mated,primary_impostor,cross,43210,99775,left,left,B,A,0,A,0.578,gemma3,task_description,2026-08-23T13:34:26
G_57145_right_1105,mated,primary_genuine,same,57145,57145,right,right,A,A,1,A,0.566,gemma3,task_description,2026-08-23T13:34:27
G_20294_right_214,mated,primary_genuine,same,20294,20294,right,right,A,A,1,A,0.593,gemma3,task_description,2026-08-23T13:34:27
D_69658_201,non-mated,diagnostic_impostor,cross,69658,69658,left,right,B,A,0,A,0.572,gemma3,task_description,2026-08-23T13:34:28
D_74850_209,non-mated,diagnostic_impostor,same,74850,74850,left,right,B,A,0,A,0.589,gemma3,task_description,2026-08-23T13:34:29
I_47904_83742_left_s,non-mated,primary_impostor,same,47904,83742,left,left,B,A,0,A,0.604,gemma3,task_description,2026-08-23T13:34:29
I_65030_65052_left_s,non-mated,primary_impostor,same,65030,65052,left,left,B,A,0,A,0.589,gemma3,task_description,2026-08-23T13:34:30
I_63029_65030_right_s,non-mated,primary_impostor,same,63029,65030,right,right,B,A,0,A,0.59,gemma3,task_description,2026-08-23T13:34:30
G_43210_right_669,mated,primary_genuine,same,43210,43210,right,right,A,A,1,A,0.563,gemma3,task_description,2026-08-23T13:34:31
G_83742_right_2295,mated,primary_genuine,cross,83742,83742,right,right,A,A,1,A,0.585,gemma3,task_description,2026-08-23T13:34:31
G_14493_left_30,mated,primary_genuine,same,14493,14493,left,left,A,A,1,A,0.58,gemma3,task_description,2026-08-23T13:34:32
G_93812_right_2664,mated,primary_genuine,cross,93812,93812,right,right,A,A,1,A,0.581,gemma3,task_description,2026-08-23T13:34:33
D_57833_124,non-mated,diagnostic_impostor,cross,57833,57833,left,right,B,A,0,A,0.572,gemma3,task_description,2026-08-23T13:34:33
D_27295_42,non-mated,diagnostic_impostor,same,27295,27295,left,right,B,A,0,A,0.585,gemma3,task_description,2026-08-23T13:34:34
I_27295_87757_left_x,non-mated,primary_impostor,cross,27295,87757,left,left,B,A,0,A,0.575,gemma3,task_description,2026-08-23T13:34:34
G_43210_left_559,mated,primary_genuine,cross,43210,43210,left,left,A,A,1,A,0.573,gemma3,task_description,2026-08-23T13:34:35
I_44595_96608_right_s,non-mated,primary_impostor,same,44595,96608,right,right,B,A,0,A,0.592,gemma3,task_description,2026-08-23T13:34:36
G_89171_right_2550,mated,primary_genuine,cross,89171,89171,right,right,A,A,1,A,0.574,gemma3,task_description,2026-08-23T13:34:36
D_87757_244,non-mated,diagnostic_impostor,cross,87757,87757,left,right,B,A,0,A,0.582,gemma3,task_description,2026-08-23T13:34:37
G_83742_right_2341,mated,primary_genuine,same,83742,83742,right,right,A,A,1,A,0.568,gemma3,task_description,2026-08-23T13:34:37
G_44595_right_779,mated,primary_genuine,same,44595,44595,right,right,A,A,1,A,0.573,gemma3,task_description,2026-08-23T13:34:38
G_14493_right_120,mated,primary_genuine,same,14493,14493,right,right,A,A,1,A,0.564,gemma3,task_description,2026-08-23T13:34:38
I_43210_57145_right_x,non-mated,primary_impostor,cross,43210,57145,right,right,B,A,0,A,0.581,gemma3,task_description,2026-08-23T13:34:39
I_57833_89171_left_s,non-mated,primary_impostor,same,57833,89171,left,left,B,A,0,A,0.6,gemma3,task_description,2026-08-23T13:34:40
G_65030_left_1649,mated,primary_genuine,cross,65030,65030,left,left,A,A,1,A,0.587,gemma3,task_description,2026-08-23T13:34:40
G_44595_left_723,mated,primary_genuine,cross,44595,44595,left,left,A,A,1,A,0.582,gemma3,task_description,2026-08-23T13:34:41
I_83742_96608_right_s,non-mated,primary_impostor,same,83742,96608,right,right,B,A,0,A,0.599,gemma3,task_description,2026-08-23T13:34:41
I_44595_65030_right_s,non-mated,primary_impostor,same,44595,65030,right,right,B,A,0,A,0.599,gemma3,task_description,2026-08-23T13:34:42
I_58793_99775_left_x,non-mated,primary_impostor,cross,58793,99775,left,left,B,A,0,A,0.574,gemma3,task_description,2026-08-23T13:34:42
I_83742_93812_right_x,non-mated,primary_impostor,cross,83742,93812,right,right,B,A,0,A,0.577,gemma3,task_description,2026-08-23T13:34:43
I_14493_76957_right_x,non-mated,primary_impostor,cross,14493,76957,right,right,B,A,0,A,0.58,gemma3,task_description,2026-08-23T13:34:44
I_14493_63029_right_x,non-mated,primary_impostor,cross,14493,63029,right,right,B,A,0,A,0.593,gemma3,task_description,2026-08-23T13:34:44
I_43210_96608_left_x,non-mated,primary_impostor,cross,43210,96608,left,left,B,A,0,A,0.574,gemma3,task_description,2026-08-23T13:34:45
G_14493_left_63,mated,primary_genuine,same,14493,14493,left,left,A,A,1,A,0.556,gemma3,task_description,2026-08-23T13:34:45
I_14493_43210_left_x,non-mated,primary_impostor,cross,14493,43210,left,left,B,A,0,A,0.578,gemma3,task_description,2026-08-23T13:34:46
D_93812_267,non-mated,diagnostic_impostor,cross,93812,93812,left,right,B,A,0,A,0.573,gemma3,task_description,2026-08-23T13:34:47
I_20294_24101_left_s,non-mated,primary_impostor,same,20294,24101,left,left,B,A,0,A,0.599,gemma3,task_description,2026-08-23T13:34:47
D_44595_74,non-mated,diagnostic_impostor,cross,44595,44595,left,right,B,A,0,A,0.563,gemma3,task_description,2026-08-23T13:34:48
G_76957_right_2169,mated,primary_genuine,cross,76957,76957,right,right,A,A,1,A,0.566,gemma3,task_description,2026-08-23T13:34:48
I_56583_57833_right_x,non-mated,primary_impostor,cross,56583,57833,right,right,B,A,0,A,0.575,gemma3,task_description,2026-08-23T13:34:49
I_69658_93812_left_x,non-mated,primary_impostor,cross,69658,93812,left,left,B,A,0,A,0.571,gemma3,task_description,2026-08-23T13:34:49
I_57145_87757_left_s,non-mated,primary_impostor,same,57145,87757,left,left,B,A,0,A,0.593,gemma3,task_description,2026-08-23T13:34:50
D_83742_231,non-mated,diagnostic_impostor,same,83742,83742,left,right,B,A,0,A,0.586,gemma3,task_description,2026-08-23T13:34:51
G_87757_right_2446,mated,primary_genuine,cross,87757,87757,right,right,A,A,1,A,0.576,gemma3,task_description,2026-08-23T13:34:51
G_87757_right_2429,mated,primary_genuine,cross,87757,87757,right,right,A,A,1,A,0.577,gemma3,task_description,2026-08-23T13:34:52
I_20294_65030_right_s,non-mated,primary_impostor,same,20294,65030,right,right,B,A,0,A,0.598,gemma3,task_description,2026-08-23T13:34:52
I_57145_83742_right_x,non-mated,primary_impostor,cross,57145,83742,right,right,B,A,0,A,0.573,gemma3,task_description,2026-08-23T13:34:53
G_56583_right_901,mated,primary_genuine,same,56583,56583,right,right,A,A,1,A,0.584,gemma3,task_description,2026-08-23T13:34:53
G_47904_left_815,mated,primary_genuine,same,47904,47904,left,left,A,A,1,A,0.586,gemma3,task_description,2026-08-23T13:34:54
I_44595_93812_left_x,non-mated,primary_impostor,cross,44595,93812,left,left,B,A,0,A,0.574,gemma3,task_description,2026-08-23T13:34:55
I_57145_65052_right_x,non-mated,primary_impostor,cross,57145,65052,right,right,B,A,0,A,0.579,gemma3,task_description,2026-08-23T13:34:55
G_76957_right_2174,mated,primary_genuine,same,76957,76957,right,right,A,A,1,A,0.555,gemma3,task_description,2026-08-23T13:34:56
G_32467_left_450,mated,primary_genuine,cross,32467,32467,left,left,A,A,1,A,0.576,gemma3,task_description,2026-08-23T13:34:56
I_32467_83742_right_s,non-mated,primary_impostor,same,32467,83742,right,right,B,A,0,A,0.59,gemma3,task_description,2026-08-23T13:34:57
I_57145_99775_left_x,non-mated,primary_impostor,cross,57145,99775,left,left,B,A,0,A,0.574,gemma3,task_description,2026-08-23T13:34:58
G_58398_left_1303,mated,primary_genuine,same,58398,58398,left,left,A,A,1,A,0.555,gemma3,task_description,2026-08-23T13:34:58
I_63029_87757_left_s,non-mated,primary_impostor,same,63029,87757,left,left,B,A,0,A,0.589,gemma3,task_description,2026-08-23T13:34:59
G_57145_left_991,mated,primary_genuine,same,57145,57145,left,left,A,A,1,A,0.583,gemma3,task_description,2026-08-23T13:34:59
G_93812_right_2685,mated,primary_genuine,cross,93812,93812,right,right,A,A,1,A,0.566,gemma3,task_description,2026-08-23T13:35:00
G_76957_left_2096,mated,primary_genuine,cross,76957,76957,left,left,A,A,1,A,0.573,gemma3,task_description,2026-08-23T13:35:00
D_14493_5,non-mated,diagnostic_impostor,same,14493,14493,left,right,B,A,0,A,0.552,gemma3,task_description,2026-08-23T13:35:01
I_65030_89171_left_x,non-mated,primary_impostor,cross,65030,89171,left,left,B,A,0,A,0.573,gemma3,task_description,2026-08-23T13:35:02
G_63029_left_1526,mated,primary_genuine,cross,63029,63029,left,left,A,A,1,A,0.567,gemma3,task_description,2026-08-23T13:35:02
D_96608_279,non-mated,diagnostic_impostor,same,96608,96608,left,right,B,A,0,A,0.581,gemma3,task_description,2026-08-23T13:35:03
D_27295_39,non-mated,diagnostic_impostor,cross,27295,27295,left,right,B,A,0,A,0.583,gemma3,task_description,2026-08-23T13:35:03
G_58793_left_1406,mated,primary_genuine,same,58793,58793,left,left,A,A,1,A,0.559,gemma3,task_description,2026-08-23T13:35:04
G_27295_left_350,mated,primary_genuine,cross,27295,27295,left,left,A,A,1,A,0.569,gemma3,task_description,2026-08-23T13:35:04
G_44595_left_722,mated,primary_genuine,cross,44595,44595,left,left,A,A,1,A,0.573,gemma3,task_description,2026-08-23T13:35:05
I_44595_63029_right_s,non-mated,primary_impostor,same,44595,63029,right,right,B,A,0,A,0.584,gemma3,task_description,2026-08-23T13:35:06
G_47904_right_827,mated,primary_genuine,cross,47904,47904,right,right,A,A,1,A,0.573,gemma3,task_description,2026-08-23T13:35:06
I_24101_32467_right_s,non-mated,primary_impostor,same,24101,32467,right,right,B,A,0,A,0.592,gemma3,task_description,2026-08-23T13:35:07
G_58398_left_1275,mated,primary_genuine,cross,58398,58398,left,left,A,A,1,A,0.572,gemma3,task_description,2026-08-23T13:35:07
I_83742_87757_right_x,non-mated,primary_impostor,cross,83742,87757,right,right,B,A,0,A,0.574,gemma3,task_description,2026-08-23T13:35:08
I_43210_44595_right_x,non-mated,primary_impostor,cross,43210,44595,right,right,B,A,0,A,0.581,gemma3,task_description,2026-08-23T13:35:08
I_44595_57145_right_s,non-mated,primary_impostor,same,44595,57145,right,right,B,A,0,A,0.59,gemma3,task_description,2026-08-23T13:35:09
G_14493_right_119,mated,primary_genuine,same,14493,14493,right,right,A,A,1,A,0.569,gemma3,task_description,2026-08-23T13:35:10
D_89171_259,non-mated,diagnostic_impostor,same,89171,89171,left,right,B,A,0,A,0.594,gemma3,task_description,2026-08-23T13:35:10
G_24101_left_291,mated,primary_genuine,cross,24101,24101,left,left,A,A,1,A,0.575,gemma3,task_description,2026-08-23T13:35:11
I_58398_65052_right_s,non-mated,primary_impostor,same,58398,65052,right,right,B,A,0,A,0.596,gemma3,task_description,2026-08-23T13:35:11
I_65030_87757_left_s,non-mated,primary_impostor,same,65030,87757,left,left,B,A,0,A,0.585,gemma3,task_description,2026-08-23T13:35:12
G_76957_right_2163,mated,primary_genuine,cross,76957,76957,right,right,A,A,1,A,0.574,gemma3,task_description,2026-08-23T13:35:13
G_65052_right_1803,mated,primary_genuine,same,65052,65052,right,right,A,A,1,A,0.58,gemma3,task_description,2026-08-23T13:35:13
G_24101_right_299,mated,primary_genuine,cross,24101,24101,right,right,A,A,1,A,0.577,gemma3,task_description,2026-08-23T13:35:14
D_89171_253,non-mated,diagnostic_impostor,same,89171,89171,left,right,B,A,0,A,0.59,gemma3,task_description,2026-08-23T13:35:14
I_14493_20294_right_s,non-mated,primary_impostor,same,14493,20294,right,right,B,A,0,A,0.596,gemma3,task_description,2026-08-23T13:35:15
D_57145_112,non-mated,diagnostic_impostor,same,57145,57145,left,right,B,A,0,A,0.556,gemma3,task_description,2026-08-23T13:35:15
G_99775_right_2956,mated,primary_genuine,same,99775,99775,right,right,A,A,1,A,0.562,gemma3,task_description,2026-08-23T13:35:16
D_93812_270,non-mated,diagnostic_impostor,same,93812,93812,left,right,B,A,0,A,0.586,gemma3,task_description,2026-08-23T13:35:17
G_57145_left_946,mated,primary_genuine,same,57145,57145,left,left,A,A,1,A,0.605,gemma3,task_description,2026-08-23T13:35:17
I_24101_89171_left_x,non-mated,primary_impostor,cross,24101,89171,left,left,B,A,0,A,0.587,gemma3,task_description,2026-08-23T13:35:18
G_44595_left_757,mated,primary_genuine,same,44595,44595,left,left,A,A,1,A,0.561,gemma3,task_description,2026-08-23T13:35:18
D_24101_25,non-mated,diagnostic_impostor,same,24101,24101,left,right,B,A,0,A,0.564,gemma3,task_description,2026-08-23T13:35:19
G_44595_right_803,mated,primary_genuine,same,44595,44595,right,right,A,A,1,A,0.562,gemma3,task_description,2026-08-23T13:35:19
G_96608_right_2787,mated,primary_genuine,cross,96608,96608,right,right,A,A,1,A,0.575,gemma3,task_description,2026-08-23T13:35:20
G_20294_right_254,mated,primary_genuine,cross,20294,20294,right,right,A,A,1,A,0.57,gemma3,task_description,2026-08-23T13:35:21
I_65030_83742_right_x,non-mated,primary_impostor,cross,65030,83742,right,right,B,A,0,A,0.574,gemma3,task_description,2026-08-23T13:35:21
I_27295_89171_right_x,non-mated,primary_impostor,cross,27295,89171,right,right,B,A,0,A,0.575,gemma3,task_description,2026-08-23T13:35:22
D_57833_120,non-mated,diagnostic_impostor,cross,57833,57833,left,right,B,A,0,A,0.578,gemma3,task_description,2026-08-23T13:35:22
D_58793_148,non-mated,diagnostic_impostor,same,58793,58793,left,right,B,A,0,A,0.58,gemma3,task_description,2026-08-23T13:35:23
I_43210_65052_left_x,non-mated,primary_impostor,cross,43210,65052,left,left,B,A,0,A,0.573,gemma3,task_description,2026-08-23T13:35:23
D_47904_89,non-mated,diagnostic_impostor,same,47904,47904,left,right,B,A,0,A,0.584,gemma3,task_description,2026-08-23T13:35:24
I_32467_65030_left_x,non-mated,primary_impostor,cross,32467,65030,left,left,B,A,0,A,0.583,gemma3,task_description,2026-08-23T13:35:25
G_89171_left_2525,mated,primary_genuine,same,89171,89171,left,left,A,A,1,A,0.567,gemma3,task_description,2026-08-23T13:35:25
I_27295_56583_left_s,non-mated,primary_impostor,same,27295,56583,left,left,B,A,0,A,0.587,gemma3,task_description,2026-08-23T13:35:26
D_58793_152,non-mated,diagnostic_impostor,cross,58793,58793,left,right,B,A,0,A,0.566,gemma3,task_description,2026-08-23T13:35:26
G_63029_right_1579,mated,primary_genuine,cross,63029,63029,right,right,A,A,1,A,0.573,gemma3,task_description,2026-08-23T13:35:27
D_14493_2,non-mated,diagnostic_impostor,same,14493,14493,left,right,B,A,0,A,0.556,gemma3,task_description,2026-08-23T13:35:27
G_65030_left_1665,mated,primary_genuine,same,65030,65030,left,left,A,A,1,A,0.558,gemma3,task_description,2026-08-23T13:35:28
G_74850_left_1977,mated,primary_genuine,same,74850,74850,left,left,A,A,1,A,0.599,gemma3,task_description,2026-08-23T13:35:29
D_93812_264,non-mated,diagnostic_impostor,same,93812,93812,left,right,B,A,0,A,0.595,gemma3,task_description,2026-08-23T13:35:29
G_76957_right_2150,mated,primary_genuine,cross,76957,76957,right,right,A,A,1,A,0.573,gemma3,task_description,2026-08-23T13:35:30
D_32467_56,non-mated,diagnostic_impostor,cross,32467,32467,left,right,B,A,0,A,0.569,gemma3,task_description,2026-08-23T13:35:30
G_74850_left_1984,mated,primary_genuine,cross,74850,74850,left,left,A,A,1,A,0.586,gemma3,task_description,2026-08-23T13:35:31
I_27295_57145_left_x,non-mated,primary_impostor,cross,27295,57145,left,left,B,A,0,A,0.572,gemma3,task_description,2026-08-23T13:35:32
D_74850_205,non-mated,diagnostic_impostor,same,74850,74850,left,right,B,A,0,A,0.557,gemma3,task_description,2026-08-23T13:35:32
G_56583_left_854,mated,primary_genuine,same,56583,56583,left,left,A,A,1,A,0.583,gemma3,task_description,2026-08-23T13:35:33
I_24101_74850_left_x,non-mated,primary_impostor,cross,24101,74850,left,left,B,A,0,A,0.575,gemma3,task_description,2026-08-23T13:35:33
I_69658_99775_left_x,non-mated,primary_impostor,cross,69658,99775,left,left,B,A,0,A,0.569,gemma3,task_description,2026-08-23T13:35:34
G_87757_left_2380,mated,primary_genuine,cross,87757,87757,left,left,A,A,1,A,0.582,gemma3,task_description,2026-08-23T13:35:34
D_24101_26,non-mated,diagnostic_impostor,same,24101,24101,left,right,B,A,0,A,0.561,gemma3,task_description,2026-08-23T13:35:35
I_24101_89171_left_s,non-mated,primary_impostor,same,24101,89171,left,left,B,A,0,A,0.587,gemma3,task_description,2026-08-23T13:35:36
G_87757_left_2369,mated,primary_genuine,cross,87757,87757,left,left,A,A,1,A,0.583,gemma3,task_description,2026-08-23T13:35:36
G_87757_left_2346,mated,primary_genuine,same,87757,87757,left,left,A,A,1,A,0.596,gemma3,task_description,2026-08-23T13:35:37
G_65052_left_1788,mated,primary_genuine,same,65052,65052,left,left,A,A,1,A,0.564,gemma3,task_description,2026-08-23T13:35:37
I_43210_63029_left_x,non-mated,primary_impostor,cross,43210,63029,left,left,B,A,0,A,0.581,gemma3,task_description,2026-08-23T13:35:38
I_20294_44595_right_x,non-mated,primary_impostor,cross,20294,44595,right,right,B,A,0,A,0.581,gemma3,task_description,2026-08-23T13:35:38
D_99775_295,non-mated,diagnostic_impostor,same,99775,99775,left,right,B,A,0,A,0.584,gemma3,task_description,2026-08-23T13:35:39
G_69658_right_1941,mated,primary_genuine,same,69658,69658,right,right,A,A,1,A,0.559,gemma3,task_description,2026-08-23T13:35:40
D_89171_255,non-mated,diagnostic_impostor,cross,89171,89171,left,right,B,A,0,A,0.57,gemma3,task_description,2026-08-23T13:35:40
G_27295_left_322,mated,primary_genuine,cross,27295,27295,left,left,A,A,1,A,0.573,gemma3,task_description,2026-08-23T13:35:41
G_74850_left_1991,mated,primary_genuine,cross,74850,74850,left,left,A,A,1,A,0.567,gemma3,task_description,2026-08-23T13:35:41
I_69658_87757_right_x,non-mated,primary_impostor,cross,69658,87757,right,right,B,A,0,A,0.57,gemma3,task_description,2026-08-23T13:35:42
G_44595_right_808,mated,primary_genuine,same,44595,44595,right,right,A,A,1,A,0.557,gemma3,task_description,2026-08-23T13:35:42
D_43210_71,non-mated,diagnostic_impostor,same,43210,43210,left,right,B,A,0,A,0.612,gemma3,task_description,2026-08-23T13:35:43
D_76957_224,non-mated,diagnostic_impostor,same,76957,76957,left,right,B,A,0,A,0.56,gemma3,task_description,2026-08-23T13:35:44
G_32467_right_493,mated,primary_genuine,cross,32467,32467,right,right,A,A,1,A,0.571,gemma3,task_description,2026-08-23T13:35:44
I_44595_76957_right_x,non-mated,primary_impostor,cross,44595,76957,right,right,B,A,0,A,0.569,gemma3,task_description,2026-08-23T13:35:45
I_20294_58398_right_x,non-mated,primary_impostor,cross,20294,58398,right,right,B,A,0,A,0.578,gemma3,task_description,2026-08-23T13:35:45
D_96608_281,non-mated,diagnostic_impostor,same,96608,96608,left,right,B,A,0,A,0.557,gemma3,task_description,2026-08-23T13:35:46
I_44595_58398_right_s,non-mated,primary_impostor,same,44595,58398,right,right,B,A,0,A,0.584,gemma3,task_description,2026-08-23T13:35:46
G_57833_right_1246,mated,primary_genuine,same,57833,57833,right,right,A,A,1,A,0.557,gemma3,task_description,2026-08-23T13:35:47
I_43210_83742_left_x,non-mated,primary_impostor,cross,43210,83742,left,left,B,A,0,A,0.571,gemma3,task_description,2026-08-23T13:35:48
I_43210_99775_left_s,non-mated,primary_impostor,same,43210,99775,left,left,B,A,0,A,0.583,gemma3,task_description,2026-08-23T13:35:48
G_24101_right_307,mated,primary_genuine,same,24101,24101,right,right,A,A,1,A,0.553,gemma3,task_description,2026-08-23T13:35:49
I_47904_57145_right_s,non-mated,primary_impostor,same,47904,57145,right,right,B,A,0,A,0.588,gemma3,task_description,2026-08-23T13:35:49
D_44595_76,non-mated,diagnostic_impostor,same,44595,44595,left,right,B,A,0,A,0.557,gemma3,task_description,2026-08-23T13:35:50
D_20294_23,non-mated,diagnostic_impostor,same,20294,20294,left,right,B,A,0,A,0.559,gemma3,task_description,2026-08-23T13:35:50
I_57145_69658_left_s,non-mated,primary_impostor,same,57145,69658,left,left,B,A,0,A,0.585,gemma3,task_description,2026-08-23T13:35:51
G_58398_right_1350,mated,primary_genuine,cross,58398,58398,right,right,A,A,1,A,0.57,gemma3,task_description,2026-08-23T13:35:52
G_83742_right_2271,mated,primary_genuine,same,83742,83742,right,right,A,A,1,A,0.586,gemma3,task_description,2026-08-23T13:35:52
G_89171_right_2566,mated,primary_genuine,same,89171,89171,right,right,A,A,1,A,0.569,gemma3,task_description,2026-08-23T13:35:53
D_65030_171,non-mated,diagnostic_impostor,same,65030,65030,left,right,B,A,0,A,0.555,gemma3,task_description,2026-08-23T13:35:53
I_58398_93812_left_x,non-mated,primary_impostor,cross,58398,93812,left,left,B,A,0,A,0.581,gemma3,task_description,2026-08-23T13:35:54
G_27295_right_408,mated,primary_genuine,same,27295,27295,right,right,A,A,1,A,0.559,gemma3,task_description,2026-08-23T13:35:54
G_69658_left_1865,mated,primary_genuine,cross,69658,69658,left,left,A,A,1,A,0.573,gemma3,task_description,2026-08-23T13:35:55
I_47904_76957_right_x,non-mated,primary_impostor,cross,47904,76957,right,right,B,A,0,A,0.581,gemma3,task_description,2026-08-23T13:35:56
I_24101_96608_right_s,non-mated,primary_impostor,same,24101,96608,right,right,B,A,0,A,0.599,gemma3,task_description,2026-08-23T13:35:56
D_99775_296,non-mated,diagnostic_impostor,cross,99775,99775,left,right,B,A,0,A,0.571,gemma3,task_description,2026-08-23T13:35:57
G_65052_right_1814,mated,primary_genuine,same,65052,65052,right,right,A,A,1,A,0.588,gemma3,task_description,2026-08-23T13:35:57
D_56583_101,non-mated,diagnostic_impostor,cross,56583,56583,left,right,B,A,0,A,0.577,gemma3,task_description,2026-08-23T13:35:58
I_44595_69658_right_x,non-mated,primary_impostor,cross,44595,69658,right,right,B,A,0,A,0.586,gemma3,task_description,2026-08-23T13:35:59
I_43210_58793_right_s,non-mated,primary_impostor,same,43210,58793,right,right,B,A,0,A,0.587,gemma3,task_description,2026-08-23T13:35:59
I_58398_74850_left_s,non-mated,primary_impostor,same,58398,74850,left,left,B,A,0,A,0.587,gemma3,task_description,2026-08-23T13:36:00
G_74850_right_2022,mated,primary_genuine,cross,74850,74850,right,right,A,A,1,A,0.574,gemma3,task_description,2026-08-23T13:36:00
G_74850_left_1997,mated,primary_genuine,cross,74850,74850,left,left,A,A,1,A,0.565,gemma3,task_description,2026-08-23T13:36:01
I_63029_87757_right_x,non-mated,primary_impostor,cross,63029,87757,right,right,B,A,0,A,0.57,gemma3,task_description,2026-08-23T13:36:01
D_43210_67,non-mated,diagnostic_impostor,cross,43210,43210,left,right,B,A,0,A,0.579,gemma3,task_description,2026-08-23T13:36:02
I_69658_99775_right_x,non-mated,primary_impostor,cross,69658,99775,right,right,B,A,0,A,0.572,gemma3,task_description,2026-08-23T13:36:03
D_24101_29,non-mated,diagnostic_impostor,cross,24101,24101,left,right,B,A,0,A,0.572,gemma3,task_description,2026-08-23T13:36:03
G_99775_right_2916,mated,primary_genuine,same,99775,99775,right,right,A,A,1,A,0.585,gemma3,task_description,2026-08-23T13:36:04
G_43210_left_569,mated,primary_genuine,cross,43210,43210,left,left,A,A,1,A,0.574,gemma3,task_description,2026-08-23T13:36:04
G_44595_left_690,mated,primary_genuine,cross,44595,44595,left,left,A,A,1,A,0.57,gemma3,task_description,2026-08-23T13:36:05
I_32467_93812_right_s,non-mated,primary_impostor,same,32467,93812,right,right,B,A,0,A,0.586,gemma3,task_description,2026-08-23T13:36:05
G_83742_left_2239,mated,primary_genuine,same,83742,83742,left,left,A,A,1,A,0.588,gemma3,task_description,2026-08-23T13:36:06
I_43210_87757_right_s,non-mated,primary_impostor,same,43210,87757,right,right,B,A,0,A,0.594,gemma3,task_description,2026-08-23T13:36:07
G_58398_left_1307,mated,primary_genuine,same,58398,58398,left,left,A,A,1,A,0.557,gemma3,task_description,2026-08-23T13:36:07
G_87757_right_2453,mated,primary_genuine,cross,87757,87757,right,right,A,A,1,A,0.571,gemma3,task_description,2026-08-23T13:36:08
D_65052_191,non-mated,diagnostic_impostor,same,65052,65052,left,right,B,A,0,A,0.58,gemma3,task_description,2026-08-23T13:36:08
I_43210_57145_left_x,non-mated,primary_impostor,cross,43210,57145,left,left,B,A,0,A,0.571,gemma3,task_description,2026-08-23T13:36:09
I_58398_63029_left_s,non-mated,primary_impostor,same,58398,63029,left,left,B,A,0,A,0.587,gemma3,task_description,2026-08-23T13:36:09
I_69658_96608_left_s,non-mated,primary_impostor,same,69658,96608,left,left,B,A,0,A,0.593,gemma3,task_description,2026-08-23T13:36:10
G_47904_right_826,mated,primary_genuine,same,47904,47904,right,right,A,A,1,A,0.581,gemma3,task_description,2026-08-23T13:36:11
G_27295_left_343,mated,primary_genuine,cross,27295,27295,left,left,A,A,1,A,0.568,gemma3,task_description,2026-08-23T13:36:11
D_87757_245,non-mated,diagnostic_impostor,same,87757,87757,left,right,B,A,0,A,0.584,gemma3,task_description,2026-08-23T13:36:12
D_57145_114,non-mated,diagnostic_impostor,same,57145,57145,left,right,B,A,0,A,0.588,gemma3,task_description,2026-08-23T13:36:12
I_69658_96608_right_x,non-mated,primary_impostor,cross,69658,96608,right,right,B,A,0,A,0.571,gemma3,task_description,2026-08-23T13:36:13
G_99775_right_2908,mated,primary_genuine,same,99775,99775,right,right,A,A,1,A,0.574,gemma3,task_description,2026-08-23T13:36:14
I_32467_47904_right_x,non-mated,primary_impostor,cross,32467,47904,right,right,B,A,0,A,0.578,gemma3,task_description,2026-08-23T13:36:14
G_27295_left_320,mated,primary_genuine,same,27295,27295,left,left,A,A,1,A,0.574,gemma3,task_description,2026-08-23T13:36:15
I_87757_96608_right_x,non-mated,primary_impostor,cross,87757,96608,right,right,B,A,0,A,0.574,gemma3,task_description,2026-08-23T13:36:15
D_27295_36,non-mated,diagnostic_impostor,cross,27295,27295,left,right,B,A,0,A,0.579,gemma3,task_description,2026-08-23T13:36:16
I_63029_87757_left_x,non-mated,primary_impostor,cross,63029,87757,left,left,B,A,0,A,0.571,gemma3,task_description,2026-08-23T13:36:16
D_99775_289,non-mated,diagnostic_impostor,same,99775,99775,left,right,B,A,0,A,0.556,gemma3,task_description,2026-08-23T13:36:17
I_32467_65052_left_x,non-mated,primary_impostor,cross,32467,65052,left,left,B,A,0,A,0.582,gemma3,task_description,2026-08-23T13:36:18
G_32467_left_470,mated,primary_genuine,same,32467,32467,left,left,A,A,1,A,0.565,gemma3,task_description,2026-08-23T13:36:18
G_89171_right_2535,mated,primary_genuine,same,89171,89171,right,right,A,A,1,A,0.582,gemma3,task_description,2026-08-23T13:36:19
D_32467_52,non-mated,diagnostic_impostor,same,32467,32467,left,right,B,A,0,A,0.583,gemma3,task_description,2026-08-23T13:36:19
I_44595_93812_left_s,non-mated,primary_impostor,same,44595,93812,left,left,B,A,0,A,0.585,gemma3,task_description,2026-08-23T13:36:20
I_57833_65030_right_s,non-mated,primary_impostor,same,57833,65030,right,right,B,A,0,A,0.592,gemma3,task_description,2026-08-23T13:36:20
G_96608_right_2816,mated,primary_genuine,same,96608,96608,right,right,A,A,1,A,0.558,gemma3,task_description,2026-08-23T13:36:21
D_24101_31,non-mated,diagnostic_impostor,same,24101,24101,left,right,B,A,0,A,0.56,gemma3,task_description,2026-08-23T13:36:22
I_27295_96608_left_x,non-mated,primary_impostor,cross,27295,96608,left,left,B,A,0,A,0.583,gemma3,task_description,2026-08-23T13:36:22
G_44595_left_686,mated,primary_genuine,cross,44595,44595,left,left,A,A,1,A,0.572,gemma3,task_description,2026-08-23T13:36:23
G_14493_right_72,mated,primary_genuine,cross,14493,14493,right,right,A,A,1,A,0.594,gemma3,task_description,2026-08-23T13:36:23
D_43210_64,non-mated,diagnostic_impostor,cross,43210,43210,left,right,B,A,0,A,0.574,gemma3,task_description,2026-08-23T13:36:24
I_56583_99775_right_x,non-mated,primary_impostor,cross,56583,99775,right,right,B,A,0,A,0.581,gemma3,task_description,2026-08-23T13:36:24
D_58398_138,non-mated,diagnostic_impostor,cross,58398,58398,left,right,B,A,0,A,0.576,gemma3,task_description,2026-08-23T13:36:25
I_14493_65030_right_s,non-mated,primary_impostor,same,14493,65030,right,right,B,A,0,A,0.597,gemma3,task_description,2026-08-23T13:36:26
G_99775_right_2914,mated,primary_genuine,cross,99775,99775,right,right,A,A,1,A,0.573,gemma3,task_description,2026-08-23T13:36:26
I_65052_83742_right_x,non-mated,primary_impostor,cross,65052,83742,right,right,B,A,0,A,0.58,gemma3,task_description,2026-08-23T13:36:27
G_27295_left_342,mated,primary_genuine,same,27295,27295,left,left,A,A,1,A,0.572,gemma3,task_description,2026-08-23T13:36:27
D_63029_158,non-mated,diagnostic_impostor,same,63029,63029,left,right,B,A,0,A,0.582,gemma3,task_description,2026-08-23T13:36:28
I_20294_47904_left_s,non-mated,primary_impostor,same,20294,47904,left,left,B,A,0,A,0.598,gemma3,task_description,2026-08-23T13:36:29
G_57145_left_1034,mated,primary_genuine,same,57145,57145,left,left,A,A,1,A,0.558,gemma3,task_description,2026-08-23T13:36:29
G_57833_right_1255,mated,primary_genuine,same,57833,57833,right,right,A,A,1,A,0.556,gemma3,task_description,2026-08-23T13:36:30
G_69658_right_1910,mated,primary_genuine,cross,69658,69658,right,right,A,A,1,A,0.573,gemma3,task_description,2026-08-23T13:36:30
I_65030_76957_right_s,non-mated,primary_impostor,same,65030,76957,right,right,B,A,0,A,0.602,gemma3,task_description,2026-08-23T13:36:31
I_56583_96608_right_s,non-mated,primary_impostor,same,56583,96608,right,right,B,A,0,A,0.622,gemma3,task_description,2026-08-23T13:36:31
I_14493_58398_left_s,non-mated,primary_impostor,same,14493,58398,left,left,B,A,0,A,0.604,gemma3,task_description,2026-08-23T13:36:32
G_20294_right_235,mated,primary_genuine,same,20294,20294,right,right,A,A,1,A,0.589,gemma3,task_description,2026-08-23T13:36:33
G_76957_right_2135,mated,primary_genuine,same,76957,76957,right,right,A,A,1,A,0.609,gemma3,task_description,2026-08-23T13:36:33
I_14493_87757_right_x,non-mated,primary_impostor,cross,14493,87757,right,right,B,A,0,A,0.591,gemma3,task_description,2026-08-23T13:36:34
I_20294_32467_left_s,non-mated,primary_impostor,same,20294,32467,left,left,B,A,0,A,0.617,gemma3,task_description,2026-08-23T13:36:34
G_65052_right_1845,mated,primary_genuine,same,65052,65052,right,right,A,A,1,A,0.562,gemma3,task_description,2026-08-23T13:36:35
I_58793_65052_left_x,non-mated,primary_impostor,cross,58793,65052,left,left,B,A,0,A,0.589,gemma3,task_description,2026-08-23T13:36:36
D_14493_1,non-mated,diagnostic_impostor,cross,14493,14493,left,right,B,A,0,A,0.587,gemma3,task_description,2026-08-23T13:36:36
G_43210_right_681,mated,primary_genuine,same,43210,43210,right,right,A,A,1,A,0.558,gemma3,task_description,2026-08-23T13:36:37
I_43210_44595_left_s,non-mated,primary_impostor,same,43210,44595,left,left,B,A,0,A,0.592,gemma3,task_description,2026-08-23T13:36:37
D_58793_151,non-mated,diagnostic_impostor,same,58793,58793,left,right,B,A,0,A,0.565,gemma3,task_description,2026-08-23T13:36:38
G_65030_right_1707,mated,primary_genuine,cross,65030,65030,right,right,A,A,1,A,0.569,gemma3,task_description,2026-08-23T13:36:39
I_58398_87757_right_x,non-mated,primary_impostor,cross,58398,87757,right,right,B,A,0,A,0.577,gemma3,task_description,2026-08-23T13:36:39
G_93812_right_2693,mated,primary_genuine,same,93812,93812,right,right,A,A,1,A,0.564,gemma3,task_description,2026-08-23T13:36:40
I_27295_87757_left_s,non-mated,primary_impostor,same,27295,87757,left,left,B,A,0,A,0.598,gemma3,task_description,2026-08-23T13:36:40
D_89171_256,non-mated,diagnostic_impostor,cross,89171,89171,left,right,B,A,0,A,0.575,gemma3,task_description,2026-08-23T13:36:41
I_14493_57145_left_s,non-mated,primary_impostor,same,14493,57145,left,left,B,A,0,A,0.599,gemma3,task_description,2026-08-23T13:36:41
I_24101_93812_right_x,non-mated,primary_impostor,cross,24101,93812,right,right,B,A,0,A,0.587,gemma3,task_description,2026-08-23T13:36:42
G_89171_right_2551,mated,primary_genuine,same,89171,89171,right,right,A,A,1,A,0.595,gemma3,task_description,2026-08-23T13:36:43
G_47904_left_824,mated,primary_genuine,same,47904,47904,left,left,A,A,1,A,0.571,gemma3,task_description,2026-08-23T13:36:43
I_47904_99775_right_x,non-mated,primary_impostor,cross,47904,99775,right,right,B,A,0,A,0.595,gemma3,task_description,2026-08-23T13:36:44
D_76957_221,non-mated,diagnostic_impostor,same,76957,76957,left,right,B,A,0,A,0.576,gemma3,task_description,2026-08-23T13:36:44
G_44595_left_711,mated,primary_genuine,cross,44595,44595,left,left,A,A,1,A,0.577,gemma3,task_description,2026-08-23T13:36:45
I_32467_58398_left_s,non-mated,primary_impostor,same,32467,58398,left,left,B,A,0,A,0.597,gemma3,task_description,2026-08-23T13:36:46
I_58398_69658_right_s,non-mated,primary_impostor,same,58398,69658,right,right,B,A,0,A,0.595,gemma3,task_description,2026-08-23T13:36:46
I_20294_89171_left_x,non-mated,primary_impostor,cross,20294,89171,left,left,B,A,0,A,0.589,gemma3,task_description,2026-08-23T13:36:47
G_57145_right_1045,mated,primary_genuine,cross,57145,57145,right,right,A,A,1,A,0.584,gemma3,task_description,2026-08-23T13:36:47
D_56583_102,non-mated,diagnostic_impostor,same,56583,56583,left,right,B,A,0,A,0.566,gemma3,task_description,2026-08-23T13:36:48
D_58398_135,non-mated,diagnostic_impostor,cross,58398,58398,left,right,B,A,0,A,0.575,gemma3,task_description,2026-08-23T13:36:48
I_20294_27295_right_s,non-mated,primary_impostor,same,20294,27295,right,right,B,A,0,A,0.596,gemma3,task_description,2026-08-23T13:36:49
I_69658_76957_right_x,non-mated,primary_impostor,cross,69658,76957,right,right,B,A,0,A,0.573,gemma3,task_description,2026-08-23T13:36:50
I_27295_47904_right_s,non-mated,primary_impostor,same,27295,47904,right,right,B,A,0,A,0.589,gemma3,task_description,2026-08-23T13:36:50
I_44595_47904_right_x,non-mated,primary_impostor,cross,44595,47904,right,right,B,A,0,A,0.578,gemma3,task_description,2026-08-23T13:36:51
D_58793_146,non-mated,diagnostic_impostor,cross,58793,58793,left,right,B,A,0,A,0.579,gemma3,task_description,2026-08-23T13:36:51
D_47904_93,non-mated,diagnostic_impostor,same,47904,47904,left,right,B,A,0,A,0.587,gemma3,task_description,2026-08-23T13:36:52
I_24101_57833_left_s,non-mated,primary_impostor,same,24101,57833,left,left,B,A,0,A,0.593,gemma3,task_description,2026-08-23T13:36:53
G_44595_right_786,mated,primary_genuine,cross,44595,44595,right,right,A,A,1,A,0.579,gemma3,task_description,2026-08-23T13:36:53
G_47904_left_816,mated,primary_genuine,same,47904,47904,left,left,A,A,1,A,0.588,gemma3,task_description,2026-08-23T13:36:54
G_58793_right_1470,mated,primary_genuine,same,58793,58793,right,right,A,A,1,A,0.569,gemma3,task_description,2026-08-23T13:36:54
G_20294_right_247,mated,primary_genuine,cross,20294,20294,right,right,A,A,1,A,0.576,gemma3,task_description,2026-08-23T13:36:55
D_99775_292,non-mated,diagnostic_impostor,cross,99775,99775,left,right,B,A,0,A,0.577,gemma3,task_description,2026-08-23T13:36:55
I_65052_93812_left_x,non-mated,primary_impostor,cross,65052,93812,left,left,B,A,0,A,0.589,gemma3,task_description,2026-08-23T13:36:56
I_47904_96608_left_s,non-mated,primary_impostor,same,47904,96608,left,left,B,A,0,A,0.599,gemma3,task_description,2026-08-23T13:36:57
G_87757_right_2417,mated,primary_genuine,cross,87757,87757,right,right,A,A,1,A,0.581,gemma3,task_description,2026-08-23T13:36:57
G_69658_right_1919,mated,primary_genuine,same,69658,69658,right,right,A,A,1,A,0.587,gemma3,task_description,2026-08-23T13:36:58
I_32467_76957_right_s,non-mated,primary_impostor,same,32467,76957,right,right,B,A,0,A,0.601,gemma3,task_description,2026-08-23T13:36:58
I_14493_74850_right_s,non-mated,primary_impostor,same,14493,74850,right,right,B,A,0,A,0.615,gemma3,task_description,2026-08-23T13:36:59
D_44595_72,non-mated,diagnostic_impostor,same,44595,44595,left,right,B,A,0,A,0.567,gemma3,task_description,2026-08-23T13:37:00
D_65052_181,non-mated,diagnostic_impostor,same,65052,65052,left,right,B,A,0,A,0.564,gemma3,task_description,2026-08-23T13:37:00
I_14493_44595_right_s,non-mated,primary_impostor,same,14493,44595,right,right,B,A,0,A,0.593,gemma3,task_description,2026-08-23T13:37:01
I_87757_89171_right_s,non-mated,primary_impostor,same,87757,89171,right,right,B,A,0,A,0.598,gemma3,task_description,2026-08-23T13:37:01
G_89171_right_2568,mated,primary_genuine,cross,89171,89171,right,right,A,A,1,A,0.579,gemma3,task_description,2026-08-23T13:37:02
G_32467_left_480,mated,primary_genuine,same,32467,32467,left,left,A,A,1,A,0.563,gemma3,task_description,2026-08-23T13:37:02
G_89171_right_2581,mated,primary_genuine,same,89171,89171,right,right,A,A,1,A,0.561,gemma3,task_description,2026-08-23T13:37:03
I_44595_83742_right_s,non-mated,primary_impostor,same,44595,83742,right,right,B,A,0,A,0.594,gemma3,task_description,2026-08-23T13:37:04
D_74850_204,non-mated,diagnostic_impostor,same,74850,74850,left,right,B,A,0,A,0.602,gemma3,task_description,2026-08-23T13:37:04
D_56583_106,non-mated,diagnostic_impostor,cross,56583,56583,left,right,B,A,0,A,0.576,gemma3,task_description,2026-08-23T13:37:05
G_65030_left_1655,mated,primary_genuine,cross,65030,65030,left,left,A,A,1,A,0.576,gemma3,task_description,2026-08-23T13:37:05
G_32467_left_424,mated,primary_genuine,cross,32467,32467,left,left,A,A,1,A,0.588,gemma3,task_description,2026-08-23T13:37:06
I_44595_56583_left_x,non-mated,primary_impostor,cross,44595,56583,left,left,B,A,0,A,0.57,gemma3,task_description,2026-08-23T13:37:07
I_76957_89171_left_s,non-mated,primary_impostor,same,76957,89171,left,left,B,A,0,A,0.591,gemma3,task_description,2026-08-23T13:37:07
G_43210_right_653,mated,primary_genuine,cross,43210,43210,right,right,A,A,1,A,0.576,gemma3,task_description,2026-08-23T13:37:08
I_65030_87757_right_x,non-mated,primary_impostor,cross,65030,87757,right,right,B,A,0,A,0.581,gemma3,task_description,2026-08-23T13:37:08
I_27295_76957_right_s,non-mated,primary_impostor,same,27295,76957,right,right,B,A,0,A,0.59,gemma3,task_description,2026-08-23T13:37:09
G_74850_left_2003,mated,primary_genuine,same,74850,74850,left,left,A,A,1,A,0.565,gemma3,task_description,2026-08-23T13:37:09
D_63029_161,non-mated,diagnostic_impostor,same,63029,63029,left,right,B,A,0,A,0.585,gemma3,task_description,2026-08-23T13:37:10
D_27295_37,non-mated,diagnostic_impostor,cross,27295,27295,left,right,B,A,0,A,0.568,gemma3,task_description,2026-08-23T13:37:11
G_56583_right_914,mated,primary_genuine,cross,56583,56583,right,right,A,A,1,A,0.579,gemma3,task_description,2026-08-23T13:37:11
G_89171_right_2533,mated,primary_genuine,same,89171,89171,right,right,A,A,1,A,0.593,gemma3,task_description,2026-08-23T13:37:12
G_74850_left_1996,mated,primary_genuine,cross,74850,74850,left,left,A,A,1,A,0.574,gemma3,task_description,2026-08-23T13:37:12
I_69658_96608_left_x,non-mated,primary_impostor,cross,69658,96608,left,left,B,A,0,A,0.579,gemma3,task_description,2026-08-23T13:37:13
I_47904_96608_right_s,non-mated,primary_impostor,same,47904,96608,right,right,B,A,0,A,0.589,gemma3,task_description,2026-08-23T13:37:14
G_65052_right_1792,mated,primary_genuine,same,65052,65052,right,right,A,A,1,A,0.585,gemma3,task_description,2026-08-23T13:37:14
G_14493_left_46,mated,primary_genuine,cross,14493,14493,left,left,A,A,1,A,0.568,gemma3,task_description,2026-08-23T13:37:15
I_14493_24101_right_x,non-mated,primary_impostor,cross,14493,24101,right,right,B,A,0,A,0.581,gemma3,task_description,2026-08-23T13:37:15
D_93812_266,non-mated,diagnostic_impostor,cross,93812,93812,left,right,B,A,0,A,0.572,gemma3,task_description,2026-08-23T13:37:16
G_32467_left_461,mated,primary_genuine,cross,32467,32467,left,left,A,A,1,A,0.569,gemma3,task_description,2026-08-23T13:37:16
G_63029_right_1593,mated,primary_genuine,cross,63029,63029,right,right,A,A,1,A,0.583,gemma3,task_description,2026-08-23T13:37:17
D_83742_237,non-mated,diagnostic_impostor,cross,83742,83742,left,right,B,A,0,A,0.581,gemma3,task_description,2026-08-23T13:37:18
G_20294_right_270,mated,primary_genuine,same,20294,20294,right,right,A,A,1,A,0.561,gemma3,task_description,2026-08-23T13:37:18
G_87757_right_2436,mated,primary_genuine,cross,87757,87757,right,right,A,A,1,A,0.584,gemma3,task_description,2026-08-23T13:37:19
D_56583_96,non-mated,diagnostic_impostor,same,56583,56583,left,right,B,A,0,A,0.563,gemma3,task_description,2026-08-23T13:37:19
I_44595_65030_right_x,non-mated,primary_impostor,cross,44595,65030,right,right,B,A,0,A,0.575,gemma3,task_description,2026-08-23T13:37:20
G_20294_right_236,mated,primary_genuine,cross,20294,20294,right,right,A,A,1,A,0.577,gemma3,task_description,2026-08-23T13:37:20
G_99775_left_2838,mated,primary_genuine,cross,99775,99775,left,left,A,A,1,A,0.574,gemma3,task_description,2026-08-23T13:37:21
G_99775_right_2943,mated,primary_genuine,cross,99775,99775,right,right,A,A,1,A,0.564,gemma3,task_description,2026-08-23T13:37:22
G_27295_right_391,mated,primary_genuine,same,27295,27295,right,right,A,A,1,A,0.576,gemma3,task_description,2026-08-23T13:37:22
G_58398_right_1339,mated,primary_genuine,cross,58398,58398,right,right,A,A,1,A,0.57,gemma3,task_description,2026-08-23T13:37:23
D_83742_230,non-mated,diagnostic_impostor,same,83742,83742,left,right,B,A,0,A,0.557,gemma3,task_description,2026-08-23T13:37:23
G_20294_left_146,mated,primary_genuine,same,20294,20294,left,left,A,A,1,A,0.586,gemma3,task_description,2026-08-23T13:37:24
I_57145_58398_right_x,non-mated,primary_impostor,cross,57145,58398,right,right,B,A,0,A,0.579,gemma3,task_description,2026-08-23T13:37:24
I_20294_57833_right_x,non-mated,primary_impostor,cross,20294,57833,right,right,B,A,0,A,0.585,gemma3,task_description,2026-08-23T13:37:25
D_89171_263,non-mated,diagnostic_impostor,same,89171,89171,left,right,B,A,0,A,0.591,gemma3,task_description,2026-08-23T13:37:26
G_96608_right_2805,mated,primary_genuine,cross,96608,96608,right,right,A,A,1,A,0.571,gemma3,task_description,2026-08-23T13:37:26
G_56583_left_870,mated,primary_genuine,cross,56583,56583,left,left,A,A,1,A,0.568,gemma3,task_description,2026-08-23T13:37:27
D_24101_30,non-mated,diagnostic_impostor,same,24101,24101,left,right,B,A,0,A,0.555,gemma3,task_description,2026-08-23T13:37:27
D_43210_65,non-mated,diagnostic_impostor,cross,43210,43210,left,right,B,A,0,A,0.564,gemma3,task_description,2026-08-23T13:37:28
I_58398_74850_right_s,non-mated,primary_impostor,same,58398,74850,right,right,B,A,0,A,0.597,gemma3,task_description,2026-08-23T13:37:28
G_14493_left_2,mated,primary_genuine,same,14493,14493,left,left,A,A,1,A,0.593,gemma3,task_description,2026-08-23T13:37:29
I_74850_93812_right_s,non-mated,primary_impostor,same,74850,93812,right,right,B,A,0,A,0.589,gemma3,task_description,2026-08-23T13:37:30
G_57145_left_1028,mated,primary_genuine,same,57145,57145,left,left,A,A,1,A,0.558,gemma3,task_description,2026-08-23T13:37:30
G_24101_right_300,mated,primary_genuine,cross,24101,24101,right,right,A,A,1,A,0.578,gemma3,task_description,2026-08-23T13:37:31
G_32467_right_543,mated,primary_genuine,same,32467,32467,right,right,A,A,1,A,0.562,gemma3,task_description,2026-08-23T13:37:31
G_96608_left_2700,mated,primary_genuine,same,96608,96608,left,left,A,A,1,A,0.594,gemma3,task_description,2026-08-23T13:37:32
G_47904_left_821,mated,primary_genuine,cross,47904,47904,left,left,A,A,1,A,0.574,gemma3,task_description,2026-08-23T13:37:32
G_58793_left_1394,mated,primary_genuine,cross,58793,58793,left,left,A,A,1,A,0.567,gemma3,task_description,2026-08-23T13:37:33
G_57833_right_1193,mated,primary_genuine,same,57833,57833,right,right,A,A,1,A,0.588,gemma3,task_description,2026-08-23T13:37:34
G_20294_left_178,mated,primary_genuine,cross,20294,20294,left,left,A,A,1,A,0.572,gemma3,task_description,2026-08-23T13:37:34
G_65030_right_1687,mated,primary_genuine,cross,65030,65030,right,right,A,A,1,A,0.575,gemma3,task_description,2026-08-23T13:37:35
I_20294_43210_right_s,non-mated,primary_impostor,same,20294,43210,right,right,B,A,0,A,0.601,gemma3,task_description,2026-08-23T13:37:35
I_14493_76957_left_s,non-mated,primary_impostor,same,14493,76957,left,left,B,A,0,A,0.591,gemma3,task_description,2026-08-23T13:37:36
I_58793_96608_left_x,non-mated,primary_impostor,cross,58793,96608,left,left,B,A,0,A,0.576,gemma3,task_description,2026-08-23T13:37:37
I_32467_56583_left_x,non-mated,primary_impostor,cross,32467,56583,left,left,B,A,0,A,0.581,gemma3,task_description,2026-08-23T13:37:37
G_27295_left_360,mated,primary_genuine,same,27295,27295,left,left,A,A,1,A,0.554,gemma3,task_description,2026-08-23T13:37:38
D_93812_271,non-mated,diagnostic_impostor,cross,93812,93812,left,right,B,A,0,A,0.567,gemma3,task_description,2026-08-23T13:37:38
I_20294_58793_left_x,non-mated,primary_impostor,cross,20294,58793,left,left,B,A,0,A,0.581,gemma3,task_description,2026-08-23T13:37:39
G_58398_right_1343,mated,primary_genuine,cross,58398,58398,right,right,A,A,1,A,0.58,gemma3,task_description,2026-08-23T13:37:39
G_69658_right_1935,mated,primary_genuine,cross,69658,69658,right,right,A,A,1,A,0.561,gemma3,task_description,2026-08-23T13:37:40
I_43210_58398_right_x,non-mated,primary_impostor,cross,43210,58398,right,right,B,A,0,A,0.573,gemma3,task_description,2026-08-23T13:37:41
I_43210_76957_left_s,non-mated,primary_impostor,same,43210,76957,left,left,B,A,0,A,0.59,gemma3,task_description,2026-08-23T13:37:41
G_32467_right_492,mated,primary_genuine,cross,32467,32467,right,right,A,A,1,A,0.573,gemma3,task_description,2026-08-23T13:37:42
G_65030_left_1641,mated,primary_genuine,cross,65030,65030,left,left,A,A,1,A,0.572,gemma3,task_description,2026-08-23T13:37:42
I_20294_69658_left_s,non-mated,primary_impostor,same,20294,69658,left,left,B,A,0,A,0.598,gemma3,task_description,2026-08-23T13:37:43
I_58793_89171_right_s,non-mated,primary_impostor,same,58793,89171,right,right,B,A,0,A,0.587,gemma3,task_description,2026-08-23T13:37:43
I_56583_76957_right_s,non-mated,primary_impostor,same,56583,76957,right,right,B,A,0,A,0.592,gemma3,task_description,2026-08-23T13:37:44
I_14493_99775_right_x,non-mated,primary_impostor,cross,14493,99775,right,right,B,A,0,A,0.575,gemma3,task_description,2026-08-23T13:37:45
I_56583_89171_left_x,non-mated,primary_impostor,cross,56583,89171,left,left,B,A,0,A,0.576,gemma3,task_description,2026-08-23T13:37:45
G_44595_right_777,mated,primary_genuine,cross,44595,44595,right,right,A,A,1,A,0.568,gemma3,task_description,2026-08-23T13:37:46
D_65030_170,non-mated,diagnostic_impostor,cross,65030,65030,left,right,B,A,0,A,0.57,gemma3,task_description,2026-08-23T13:37:46
I_56583_87757_right_s,non-mated,primary_impostor,same,56583,87757,right,right,B,A,0,A,0.592,gemma3,task_description,2026-08-23T13:37:47
G_83742_left_2247,mated,primary_genuine,cross,83742,83742,left,left,A,A,1,A,0.565,gemma3,task_description,2026-08-23T13:37:48
D_57833_127,non-mated,diagnostic_impostor,cross,57833,57833,left,right,B,A,0,A,0.57,gemma3,task_description,2026-08-23T13:37:48
D_65030_174,non-mated,diagnostic_impostor,same,65030,65030,left,right,B,A,0,A,0.556,gemma3,task_description,2026-08-23T13:37:49
G_76957_left_2124,mated,primary_genuine,same,76957,76957,left,left,A,A,1,A,0.556,gemma3,task_description,2026-08-23T13:37:49
G_58398_left_1277,mated,primary_genuine,cross,58398,58398,left,left,A,A,1,A,0.572,gemma3,task_description,2026-08-23T13:37:50
I_63029_65030_left_x,non-mated,primary_impostor,cross,63029,65030,left,left,B,A,0,A,0.572,gemma3,task_description,2026-08-23T13:37:50
G_56583_left_885,mated,primary_genuine,same,56583,56583,left,left,A,A,1,A,0.561,gemma3,task_description,2026-08-23T13:37:51
D_65030_172,non-mated,diagnostic_impostor,cross,65030,65030,left,right,B,A,0,A,0.576,gemma3,task_description,2026-08-23T13:37:51
G_63029_right_1594,mated,primary_genuine,cross,63029,63029,right,right,A,A,1,A,0.576,gemma3,task_description,2026-08-23T13:37:52
D_65052_182,non-mated,diagnostic_impostor,cross,65052,65052,left,right,B,A,0,A,0.572,gemma3,task_description,2026-08-23T13:37:53
G_83742_right_2312,mated,primary_genuine,cross,83742,83742,right,right,A,A,1,A,0.572,gemma3,task_description,2026-08-23T13:37:53
I_83742_96608_left_s,non-mated,primary_impostor,same,83742,96608,left,left,B,A,0,A,0.597,gemma3,task_description,2026-08-23T13:37:54
I_24101_63029_right_x,non-mated,primary_impostor,cross,24101,63029,right,right,B,A,0,A,0.576,gemma3,task_description,2026-08-23T13:37:54
G_93812_left_2604,mated,primary_genuine,cross,93812,93812,left,left,A,A,1,A,0.571,gemma3,task_description,2026-08-23T13:37:55
I_44595_58398_left_x,non-mated,primary_impostor,cross,44595,58398,left,left,B,A,0,A,0.567,gemma3,task_description,2026-08-23T13:37:56
I_69658_99775_left_s,non-mated,primary_impostor,same,69658,99775,left,left,B,A,0,A,0.588,gemma3,task_description,2026-08-23T13:37:56
I_24101_47904_left_s,non-mated,primary_impostor,same,24101,47904,left,left,B,A,0,A,0.594,gemma3,task_description,2026-08-23T13:37:57
G_14493_right_96,mated,primary_genuine,same,14493,14493,right,right,A,A,1,A,0.59,gemma3,task_description,2026-08-23T13:37:57
G_65030_left_1669,mated,primary_genuine,same,65030,65030,left,left,A,A,1,A,0.559,gemma3,task_description,2026-08-23T13:37:58
I_65030_99775_right_x,non-mated,primary_impostor,cross,65030,99775,right,right,B,A,0,A,0.578,gemma3,task_description,2026-08-23T13:37:58
G_65052_left_1735,mated,primary_genuine,cross,65052,65052,left,left,A,A,1,A,0.575,gemma3,task_description,2026-08-23T13:37:59
G_24101_right_304,mated,primary_genuine,cross,24101,24101,right,right,A,A,1,A,0.574,gemma3,task_description,2026-08-23T13:38:00
I_87757_89171_right_x,non-mated,primary_impostor,cross,87757,89171,right,right,B,A,0,A,0.576,gemma3,task_description,2026-08-23T13:38:00
G_63029_right_1588,mated,primary_genuine,cross,63029,63029,right,right,A,A,1,A,0.575,gemma3,task_description,2026-08-23T13:38:01
G_57145_right_1117,mated,primary_genuine,same,57145,57145,right,right,A,A,1,A,0.559,gemma3,task_description,2026-08-23T13:38:01
I_65030_83742_left_x,non-mated,primary_impostor,cross,65030,83742,left,left,B,A,0,A,0.576,gemma3,task_description,2026-08-23T13:38:02
D_27295_45,non-mated,diagnostic_impostor,cross,27295,27295,left,right,B,A,0,A,0.562,gemma3,task_description,2026-08-23T13:38:02
D_24101_35,non-mated,diagnostic_impostor,cross,24101,24101,left,right,B,A,0,A,0.573,gemma3,task_description,2026-08-23T13:38:03
I_27295_74850_left_s,non-mated,primary_impostor,same,27295,74850,left,left,B,A,0,A,0.593,gemma3,task_description,2026-08-23T13:38:04
I_58398_93812_right_s,non-mated,primary_impostor,same,58398,93812,right,right,B,A,0,A,0.59,gemma3,task_description,2026-08-23T13:38:04
I_76957_96608_left_x,non-mated,primary_impostor,cross,76957,96608,left,left,B,A,0,A,0.575,gemma3,task_description,2026-08-23T13:38:05
I_32467_43210_left_s,non-mated,primary_impostor,same,32467,43210,left,left,B,A,0,A,0.595,gemma3,task_description,2026-08-23T13:38:05
G_58793_left_1401,mated,primary_genuine,cross,58793,58793,left,left,A,A,1,A,0.563,gemma3,task_description,2026-08-23T13:38:06
I_57833_63029_right_x,non-mated,primary_impostor,cross,57833,63029,right,right,B,A,0,A,0.574,gemma3,task_description,2026-08-23T13:38:06
G_65052_right_1804,mated,primary_genuine,same,65052,65052,right,right,A,A,1,A,0.581,gemma3,task_description,2026-08-23T13:38:07
G_63029_left_1511,mated,primary_genuine,cross,63029,63029,left,left,A,A,1,A,0.572,gemma3,task_description,2026-08-23T13:38:08
I_57145_58398_right_s,non-mated,primary_impostor,same,57145,58398,right,right,B,A,0,A,0.592,gemma3,task_description,2026-08-23T13:38:08
G_20294_left_132,mated,primary_genuine,same,20294,20294,left,left,A,A,1,A,0.599,gemma3,task_description,2026-08-23T13:38:09
G_44595_right_807,mated,primary_genuine,same,44595,44595,right,right,A,A,1,A,0.553,gemma3,task_description,2026-08-23T13:38:09
G_89171_left_2503,mated,primary_genuine,cross,89171,89171,left,left,A,A,1,A,0.576,gemma3,task_description,2026-08-23T13:38:10
G_44595_right_811,mated,primary_genuine,same,44595,44595,right,right,A,A,1,A,0.554,gemma3,task_description,2026-08-23T13:38:11
G_58793_left_1384,mated,primary_genuine,cross,58793,58793,left,left,A,A,1,A,0.572,gemma3,task_description,2026-08-23T13:38:11
I_24101_43210_left_s,non-mated,primary_impostor,same,24101,43210,left,left,B,A,0,A,0.591,gemma3,task_description,2026-08-23T13:38:12
I_56583_96608_left_x,non-mated,primary_impostor,cross,56583,96608,left,left,B,A,0,A,0.587,gemma3,task_description,2026-08-23T13:38:12
G_24101_right_298,mated,primary_genuine,same,24101,24101,right,right,A,A,1,A,0.593,gemma3,task_description,2026-08-23T13:38:13
G_63029_right_1591,mated,primary_genuine,same,63029,63029,right,right,A,A,1,A,0.596,gemma3,task_description,2026-08-23T13:38:13
I_32467_57833_right_x,non-mated,primary_impostor,cross,32467,57833,right,right,B,A,0,A,0.573,gemma3,task_description,2026-08-23T13:38:14
G_44595_left_691,mated,primary_genuine,cross,44595,44595,left,left,A,A,1,A,0.572,gemma3,task_description,2026-08-23T13:38:15
D_69658_193,non-mated,diagnostic_impostor,cross,69658,69658,left,right,B,A,0,A,0.575,gemma3,task_description,2026-08-23T13:38:15
G_32467_right_525,mated,primary_genuine,cross,32467,32467,right,right,A,A,1,A,0.566,gemma3,task_description,2026-08-23T13:38:16
D_87757_242,non-mated,diagnostic_impostor,same,87757,87757,left,right,B,A,0,A,0.602,gemma3,task_description,2026-08-23T13:38:16
I_24101_47904_left_x,non-mated,primary_impostor,cross,24101,47904,left,left,B,A,0,A,0.574,gemma3,task_description,2026-08-23T13:38:17
G_24101_left_288,mated,primary_genuine,same,24101,24101,left,left,A,A,1,A,0.591,gemma3,task_description,2026-08-23T13:38:18
D_32467_57,non-mated,diagnostic_impostor,cross,32467,32467,left,right,B,A,0,A,0.579,gemma3,task_description,2026-08-23T13:38:18
D_43210_69,non-mated,diagnostic_impostor,same,43210,43210,left,right,B,A,0,A,0.612,gemma3,task_description,2026-08-23T13:38:19
D_69658_202,non-mated,diagnostic_impostor,cross,69658,69658,left,right,B,A,0,A,0.576,gemma3,task_description,2026-08-23T13:38:19
G_58793_left_1388,mated,primary_genuine,same,58793,58793,left,left,A,A,1,A,0.574,gemma3,task_description,2026-08-23T13:38:20
D_63029_165,non-mated,diagnostic_impostor,same,63029,63029,left,right,B,A,0,A,0.581,gemma3,task_description,2026-08-23T13:38:20
I_87757_89171_left_x,non-mated,primary_impostor,cross,87757,89171,left,left,B,A,0,A,0.582,gemma3,task_description,2026-08-23T13:38:21
G_76957_left_2106,mated,primary_genuine,same,76957,76957,left,left,A,A,1,A,0.598,gemma3,task_description,2026-08-23T13:38:22
G_89171_left_2487,mated,primary_genuine,same,89171,89171,left,left,A,A,1,A,0.61,gemma3,task_description,2026-08-23T13:38:22
I_27295_65052_left_s,non-mated,primary_impostor,same,27295,65052,left,left,B,A,0,A,0.595,gemma3,task_description,2026-08-23T13:38:23
G_58793_right_1452,mated,primary_genuine,cross,58793,58793,right,right,A,A,1,A,0.574,gemma3,task_description,2026-08-23T13:38:23
I_74850_89171_left_x,non-mated,primary_impostor,cross,74850,89171,left,left,B,A,0,A,0.601,gemma3,task_description,2026-08-23T13:38:24
D_57833_122,non-mated,diagnostic_impostor,same,57833,57833,left,right,B,A,0,A,0.597,gemma3,task_description,2026-08-23T13:38:25
D_27295_38,non-mated,diagnostic_impostor,same,27295,27295,left,right,B,A,0,A,0.582,gemma3,task_description,2026-08-23T13:38:25
I_20294_99775_right_s,non-mated,primary_impostor,same,20294,99775,right,right,B,A,0,A,0.622,gemma3,task_description,2026-08-23T13:38:26
I_27295_44595_left_s,non-mated,primary_impostor,same,27295,44595,left,left,B,A,0,A,0.605,gemma3,task_description,2026-08-23T13:38:26
G_43210_left_608,mated,primary_genuine,same,43210,43210,left,left,A,A,1,A,0.572,gemma3,task_description,2026-08-23T13:38:27
D_14493_0,non-mated,diagnostic_impostor,same,14493,14493,left,right,B,A,0,A,0.585,gemma3,task_description,2026-08-23T13:38:28
D_58793_145,non-mated,diagnostic_impostor,same,58793,58793,left,right,B,A,0,A,0.571,gemma3,task_description,2026-08-23T13:38:28
I_20294_57145_left_x,non-mated,primary_impostor,cross,20294,57145,left,left,B,A,0,A,0.598,gemma3,task_description,2026-08-23T13:38:29
I_65052_96608_right_s,non-mated,primary_impostor,same,65052,96608,right,right,B,A,0,A,0.602,gemma3,task_description,2026-08-23T13:38:29
G_20294_left_151,mated,primary_genuine,cross,20294,20294,left,left,A,A,1,A,0.582,gemma3,task_description,2026-08-23T13:38:30
G_74850_right_2052,mated,primary_genuine,cross,74850,74850,right,right,A,A,1,A,0.577,gemma3,task_description,2026-08-23T13:38:30
G_14493_left_45,mated,primary_genuine,cross,14493,14493,left,left,A,A,1,A,0.599,gemma3,task_description,2026-08-23T13:38:31
D_87757_246,non-mated,diagnostic_impostor,same,87757,87757,left,right,B,A,0,A,0.572,gemma3,task_description,2026-08-23T13:38:32
G_87757_left_2352,mated,primary_genuine,cross,87757,87757,left,left,A,A,1,A,0.591,gemma3,task_description,2026-08-23T13:38:32
D_83742_235,non-mated,diagnostic_impostor,cross,83742,83742,left,right,B,A,0,A,0.587,gemma3,task_description,2026-08-23T13:38:33
D_57145_116,non-mated,diagnostic_impostor,same,57145,57145,left,right,B,A,0,A,0.569,gemma3,task_description,2026-08-23T13:38:33
I_76957_93812_left_x,non-mated,primary_impostor,cross,76957,93812,left,left,B,A,0,A,0.588,gemma3,task_description,2026-08-23T13:38:34
I_32467_69658_right_s,non-mated,primary_impostor,same,32467,69658,right,right,B,A,0,A,0.593,gemma3,task_description,2026-08-23T13:38:35
D_32467_49,non-mated,diagnostic_impostor,cross,32467,32467,left,right,B,A,0,A,0.589,gemma3,task_description,2026-08-23T13:38:35
D_14493_4,non-mated,diagnostic_impostor,same,14493,14493,left,right,B,A,0,A,0.597,gemma3,task_description,2026-08-23T13:38:36
G_83742_right_2320,mated,primary_genuine,cross,83742,83742,right,right,A,A,1,A,0.581,gemma3,task_description,2026-08-23T13:38:36
I_20294_63029_left_x,non-mated,primary_impostor,cross,20294,63029,left,left,B,A,0,A,0.594,gemma3,task_description,2026-08-23T13:38:37
D_65052_183,non-mated,diagnostic_impostor,same,65052,65052,left,right,B,A,0,A,0.597,gemma3,task_description,2026-08-23T13:38:38
I_32467_44595_right_x,non-mated,primary_impostor,cross,32467,44595,right,right,B,A,0,A,0.59,gemma3,task_description,2026-08-23T13:38:38
I_24101_56583_right_x,non-mated,primary_impostor,cross,24101,56583,right,right,B,A,0,A,0.589,gemma3,task_description,2026-08-23T13:38:39
I_93812_99775_left_x,non-mated,primary_impostor,cross,93812,99775,left,left,B,A,0,A,0.579,gemma3,task_description,2026-08-23T13:38:39
I_14493_93812_left_x,non-mated,primary_impostor,cross,14493,93812,left,left,B,A,0,A,0.586,gemma3,task_description,2026-08-23T13:38:40
I_63029_74850_left_x,non-mated,primary_impostor,cross,63029,74850,left,left,B,A,0,A,0.588,gemma3,task_description,2026-08-23T13:38:40
I_47904_65052_left_s,non-mated,primary_impostor,same,47904,65052,left,left,B,A,0,A,0.602,gemma3,task_description,2026-08-23T13:38:41
I_57145_96608_left_s,non-mated,primary_impostor,same,57145,96608,left,left,B,A,0,A,0.6,gemma3,task_description,2026-08-23T13:38:42
G_89171_left_2480,mated,primary_genuine,same,89171,89171,left,left,A,A,1,A,0.589,gemma3,task_description,2026-08-23T13:38:42
G_58793_left_1420,mated,primary_genuine,same,58793,58793,left,left,A,A,1,A,0.576,gemma3,task_description,2026-08-23T13:38:43
I_27295_99775_left_s,non-mated,primary_impostor,same,27295,99775,left,left,B,A,0,A,0.596,gemma3,task_description,2026-08-23T13:38:43
I_27295_58793_left_s,non-mated,primary_impostor,same,27295,58793,left,left,B,A,0,A,0.603,gemma3,task_description,2026-08-23T13:38:44
I_14493_58398_left_x,non-mated,primary_impostor,cross,14493,58398,left,left,B,A,0,A,0.587,gemma3,task_description,2026-08-23T13:38:45
I_27295_44595_right_s,non-mated,primary_impostor,same,27295,44595,right,right,B,A,0,A,0.603,gemma3,task_description,2026-08-23T13:38:45
I_27295_47904_right_x,non-mated,primary_impostor,cross,27295,47904,right,right,B,A,0,A,0.597,gemma3,task_description,2026-08-23T13:38:46
I_76957_89171_right_s,non-mated,primary_impostor,same,76957,89171,right,right,B,A,0,A,0.602,gemma3,task_description,2026-08-23T13:38:46
I_58398_63029_right_s,non-mated,primary_impostor,same,58398,63029,right,right,B,A,0,A,0.597,gemma3,task_description,2026-08-23T13:38:47
I_20294_56583_right_s,non-mated,primary_impostor,same,20294,56583,right,right,B,A,0,A,0.612,gemma3,task_description,2026-08-23T13:38:48
D_93812_274,non-mated,diagnostic_impostor,cross,93812,93812,left,right,B,A,0,A,0.594,gemma3,task_description,2026-08-23T13:38:48
D_74850_212,non-mated,diagnostic_impostor,same,74850,74850,left,right,B,A,0,A,0.598,gemma3,task_description,2026-08-23T13:38:49
I_58398_99775_right_s,non-mated,primary_impostor,same,58398,99775,right,right,B,A,0,A,0.59,gemma3,task_description,2026-08-23T13:38:49
G_56583_left_887,mated,primary_genuine,same,56583,56583,left,left,A,A,1,A,0.568,gemma3,task_description,2026-08-23T13:38:50
G_58793_right_1469,mated,primary_genuine,same,58793,58793,right,right,A,A,1,A,0.578,gemma3,task_description,2026-08-23T13:38:51
G_99775_left_2857,mated,primary_genuine,cross,99775,99775,left,left,A,A,1,A,0.579,gemma3,task_description,2026-08-23T13:38:51
I_44595_47904_left_x,non-mated,primary_impostor,cross,44595,47904,left,left,B,A,0,A,0.582,gemma3,task_description,2026-08-23T13:38:52
G_57145_right_1036,mated,primary_genuine,same,57145,57145,right,right,A,A,1,A,0.599,gemma3,task_description,2026-08-23T13:38:52
G_43210_right_650,mated,primary_genuine,cross,43210,43210,right,right,A,A,1,A,0.577,gemma3,task_description,2026-08-23T13:38:53
I_32467_58398_left_x,non-mated,primary_impostor,cross,32467,58398,left,left,B,A,0,A,0.586,gemma3,task_description,2026-08-23T13:38:54
I_27295_57145_right_x,non-mated,primary_impostor,cross,27295,57145,right,right,B,A,0,A,0.59,gemma3,task_description,2026-08-23T13:38:54
D_65030_175,non-mated,diagnostic_impostor,same,65030,65030,left,right,B,A,0,A,0.591,gemma3,task_description,2026-08-23T13:38:55
G_58793_right_1451,mated,primary_genuine,cross,58793,58793,right,right,A,A,1,A,0.582,gemma3,task_description,2026-08-23T13:38:55
D_96608_276,non-mated,diagnostic_impostor,cross,96608,96608,left,right,B,A,0,A,0.581,gemma3,task_description,2026-08-23T13:38:56
G_58793_right_1446,mated,primary_genuine,cross,58793,58793,right,right,A,A,1,A,0.573,gemma3,task_description,2026-08-23T13:38:56
G_63029_left_1489,mated,primary_genuine,cross,63029,63029,left,left,A,A,1,A,0.575,gemma3,task_description,2026-08-23T13:38:57
G_14493_left_41,mated,primary_genuine,cross,14493,14493,left,left,A,A,1,A,0.571,gemma3,task_description,2026-08-23T13:38:58
I_24101_43210_left_x,non-mated,primary_impostor,cross,24101,43210,left,left,B,A,0,A,0.583,gemma3,task_description,2026-08-23T13:38:58
G_93812_right_2695,mated,primary_genuine,same,93812,93812,right,right,A,A,1,A,0.571,gemma3,task_description,2026-08-23T13:38:59
D_57833_130,non-mated,diagnostic_impostor,same,57833,57833,left,right,B,A,0,A,0.597,gemma3,task_description,2026-08-23T13:38:59
I_74850_99775_left_x,non-mated,primary_impostor,cross,74850,99775,left,left,B,A,0,A,0.582,gemma3,task_description,2026-08-23T13:39:00
G_96608_left_2709,mated,primary_genuine,same,96608,96608,left,left,A,A,1,A,0.586,gemma3,task_description,2026-08-23T13:39:00
G_57145_left_1033,mated,primary_genuine,same,57145,57145,left,left,A,A,1,A,0.566,gemma3,task_description,2026-08-23T13:39:01
I_58793_74850_right_s,non-mated,primary_impostor,same,58793,74850,right,right,B,A,0,A,0.589,gemma3,task_description,2026-08-23T13:39:02
D_14493_6,non-mated,diagnostic_impostor,same,14493,14493,left,right,B,A,0,A,0.573,gemma3,task_description,2026-08-23T13:39:02
D_76957_218,non-mated,diagnostic_impostor,cross,76957,76957,left,right,B,A,0,A,0.582,gemma3,task_description,2026-08-23T13:39:03
G_63029_left_1521,mated,primary_genuine,same,63029,63029,left,left,A,A,1,A,0.589,gemma3,task_description,2026-08-23T13:39:03
I_20294_58793_right_x,non-mated,primary_impostor,cross,20294,58793,right,right,B,A,0,A,0.593,gemma3,task_description,2026-08-23T13:39:04
D_47904_86,non-mated,diagnostic_impostor,cross,47904,47904,left,right,B,A,0,A,0.578,gemma3,task_description,2026-08-23T13:39:05
I_14493_65052_left_s,non-mated,primary_impostor,same,14493,65052,left,left,B,A,0,A,0.601,gemma3,task_description,2026-08-23T13:39:05
I_44595_65030_left_x,non-mated,primary_impostor,cross,44595,65030,left,left,B,A,0,A,0.588,gemma3,task_description,2026-08-23T13:39:06
I_57145_83742_left_x,non-mated,primary_impostor,cross,57145,83742,left,left,B,A,0,A,0.59,gemma3,task_description,2026-08-23T13:39:06
G_65052_right_1842,mated,primary_genuine,same,65052,65052,right,right,A,A,1,A,0.572,gemma3,task_description,2026-08-23T13:39:07
G_63029_left_1508,mated,primary_genuine,cross,63029,63029,left,left,A,A,1,A,0.58,gemma3,task_description,2026-08-23T13:39:07
G_27295_right_378,mated,primary_genuine,cross,27295,27295,right,right,A,A,1,A,0.582,gemma3,task_description,2026-08-23T13:39:08
G_47904_left_817,mated,primary_genuine,cross,47904,47904,left,left,A,A,1,A,0.58,gemma3,task_description,2026-08-23T13:39:09
D_87757_247,non-mated,diagnostic_impostor,cross,87757,87757,left,right,B,A,0,A,0.593,gemma3,task_description,2026-08-23T13:39:09
G_57833_left_1131,mated,primary_genuine,same,57833,57833,left,left,A,A,1,A,0.588,gemma3,task_description,2026-08-23T13:39:10
I_43210_57833_right_s,non-mated,primary_impostor,same,43210,57833,right,right,B,A,0,A,0.596,gemma3,task_description,2026-08-23T13:39:10
G_44595_right_800,mated,primary_genuine,same,44595,44595,right,right,A,A,1,A,0.56,gemma3,task_description,2026-08-23T13:39:11
I_14493_83742_right_s,non-mated,primary_impostor,same,14493,83742,right,right,B,A,0,A,0.597,gemma3,task_description,2026-08-23T13:39:12
D_44595_78,non-mated,diagnostic_impostor,cross,44595,44595,left,right,B,A,0,A,0.571,gemma3,task_description,2026-08-23T13:39:12
G_57145_left_967,mated,primary_genuine,cross,57145,57145,left,left,A,A,1,A,0.582,gemma3,task_description,2026-08-23T13:39:13
D_20294_13,non-mated,diagnostic_impostor,cross,20294,20294,left,right,B,A,0,A,0.575,gemma3,task_description,2026-08-23T13:39:13
D_87757_243,non-mated,diagnostic_impostor,cross,87757,87757,left,right,B,A,0,A,0.582,gemma3,task_description,2026-08-23T13:39:14
G_65030_right_1684,mated,primary_genuine,cross,65030,65030,right,right,A,A,1,A,0.587,gemma3,task_description,2026-08-23T13:39:14
I_32467_43210_left_x,non-mated,primary_impostor,cross,32467,43210,left,left,B,A,0,A,0.594,gemma3,task_description,2026-08-23T13:39:15
G_57145_right_1102,mated,primary_genuine,same,57145,57145,right,right,A,A,1,A,0.569,gemma3,task_description,2026-08-23T13:39:16
I_44595_47904_right_s,non-mated,primary_impostor,same,44595,47904,right,right,B,A,0,A,0.59,gemma3,task_description,2026-08-23T13:39:16
G_83742_right_2298,mated,primary_genuine,cross,83742,83742,right,right,A,A,1,A,0.589,gemma3,task_description,2026-08-23T13:39:17
G_99775_right_2910,mated,primary_genuine,cross,99775,99775,right,right,A,A,1,A,0.586,gemma3,task_description,2026-08-23T13:39:17
I_65052_99775_left_s,non-mated,primary_impostor,same,65052,99775,left,left,B,A,0,A,0.596,gemma3,task_description,2026-08-23T13:39:18
G_58793_right_1448,mated,primary_genuine,cross,58793,58793,right,right,A,A,1,A,0.575,gemma3,task_description,2026-08-23T13:39:19
I_83742_87757_left_s,non-mated,primary_impostor,same,83742,87757,left,left,B,A,0,A,0.607,gemma3,task_description,2026-08-23T13:39:19
D_99775_288,non-mated,diagnostic_impostor,cross,99775,99775,left,right,B,A,0,A,0.577,gemma3,task_description,2026-08-23T13:39:20
G_83742_right_2327,mated,primary_genuine,cross,83742,83742,right,right,A,A,1,A,0.584,gemma3,task_description,2026-08-23T13:39:20
G_24101_left_290,mated,primary_genuine,cross,24101,24101,left,left,A,A,1,A,0.59,gemma3,task_description,2026-08-23T13:39:21
G_83742_left_2251,mated,primary_genuine,cross,83742,83742,left,left,A,A,1,A,0.572,gemma3,task_description,2026-08-23T13:39:22
D_96608_287,non-mated,diagnostic_impostor,same,96608,96608,left,right,B,A,0,A,0.561,gemma3,task_description,2026-08-23T13:39:22
G_58793_left_1416,mated,primary_genuine,same,58793,58793,left,left,A,A,1,A,0.581,gemma3,task_description,2026-08-23T13:39:23
I_14493_69658_left_s,non-mated,primary_impostor,same,14493,69658,left,left,B,A,0,A,0.588,gemma3,task_description,2026-08-23T13:39:23
I_47904_58793_left_x,non-mated,primary_impostor,cross,47904,58793,left,left,B,A,0,A,0.577,gemma3,task_description,2026-08-23T13:39:24
D_20294_21,non-mated,diagnostic_impostor,same,20294,20294,left,right,B,A,0,A,0.578,gemma3,task_description,2026-08-23T13:39:24
I_27295_63029_right_s,non-mated,primary_impostor,same,27295,63029,right,right,B,A,0,A,0.586,gemma3,task_description,2026-08-23T13:39:25
I_14493_76957_left_x,non-mated,primary_impostor,cross,14493,76957,left,left,B,A,0,A,0.577,gemma3,task_description,2026-08-23T13:39:26
G_57145_left_1008,mated,primary_genuine,same,57145,57145,left,left,A,A,1,A,0.567,gemma3,task_description,2026-08-23T13:39:26
G_27295_right_411,mated,primary_genuine,same,27295,27295,right,right,A,A,1,A,0.566,gemma3,task_description,2026-08-23T13:39:27
D_44595_77,non-mated,diagnostic_impostor,same,44595,44595,left,right,B,A,0,A,0.564,gemma3,task_description,2026-08-23T13:39:27
G_57833_right_1199,mated,primary_genuine,cross,57833,57833,right,right,A,A,1,A,0.576,gemma3,task_description,2026-08-23T13:39:28
D_24101_27,non-mated,diagnostic_impostor,same,24101,24101,left,right,B,A,0,A,0.592,gemma3,task_description,2026-08-23T13:39:28
G_96608_left_2707,mated,primary_genuine,cross,96608,96608,left,left,A,A,1,A,0.576,gemma3,task_description,2026-08-23T13:39:29
I_58793_63029_right_x,non-mated,primary_impostor,cross,58793,63029,right,right,B,A,0,A,0.572,gemma3,task_description,2026-08-23T13:39:30
G_32467_right_511,mated,primary_genuine,cross,32467,32467,right,right,A,A,1,A,0.57,gemma3,task_description,2026-08-23T13:39:30
G_89171_left_2521,mated,primary_genuine,cross,89171,89171,left,left,A,A,1,A,0.566,gemma3,task_description,2026-08-23T13:39:31
G_63029_right_1612,mated,primary_genuine,cross,63029,63029,right,right,A,A,1,A,0.566,gemma3,task_description,2026-08-23T13:39:31
I_32467_99775_left_x,non-mated,primary_impostor,cross,32467,99775,left,left,B,A,0,A,0.579,gemma3,task_description,2026-08-23T13:39:32
I_65030_96608_left_s,non-mated,primary_impostor,same,65030,96608,left,left,B,A,0,A,0.59,gemma3,task_description,2026-08-23T13:39:32
I_24101_47904_right_s,non-mated,primary_impostor,same,24101,47904,right,right,B,A,0,A,0.589,gemma3,task_description,2026-08-23T13:39:33
G_65030_left_1679,mated,primary_genuine,same,65030,65030,left,left,A,A,1,A,0.559,gemma3,task_description,2026-08-23T13:39:34
I_89171_99775_left_x,non-mated,primary_impostor,cross,89171,99775,left,left,B,A,0,A,0.578,gemma3,task_description,2026-08-23T13:39:34
I_58793_76957_right_x,non-mated,primary_impostor,cross,58793,76957,right,right,B,A,0,A,0.571,gemma3,task_description,2026-08-23T13:39:35
I_44595_57145_left_x,non-mated,primary_impostor,cross,44595,57145,left,left,B,A,0,A,0.584,gemma3,task_description,2026-08-23T13:39:35
G_58793_left_1379,mated,primary_genuine,same,58793,58793,left,left,A,A,1,A,0.576,gemma3,task_description,2026-08-23T13:39:36
G_74850_right_2038,mated,primary_genuine,cross,74850,74850,right,right,A,A,1,A,0.582,gemma3,task_description,2026-08-23T13:39:36
G_47904_right_833,mated,primary_genuine,cross,47904,47904,right,right,A,A,1,A,0.569,gemma3,task_description,2026-08-23T13:39:37
I_47904_87757_left_s,non-mated,primary_impostor,same,47904,87757,left,left,B,A,0,A,0.586,gemma3,task_description,2026-08-23T13:39:38
I_47904_63029_left_x,non-mated,primary_impostor,cross,47904,63029,left,left,B,A,0,A,0.58,gemma3,task_description,2026-08-23T13:39:38
D_57145_109,non-mated,diagnostic_impostor,cross,57145,57145,left,right,B,A,0,A,0.574,gemma3,task_description,2026-08-23T13:39:39
G_14493_right_83,mated,primary_genuine,cross,14493,14493,right,right,A,A,1,A,0.571,gemma3,task_description,2026-08-23T13:39:39
D_69658_203,non-mated,diagnostic_impostor,same,69658,69658,left,right,B,A,0,A,0.56,gemma3,task_description,2026-08-23T13:39:40
D_27295_44,non-mated,diagnostic_impostor,cross,27295,27295,left,right,B,A,0,A,0.577,gemma3,task_description,2026-08-23T13:39:41
G_58793_right_1441,mated,primary_genuine,cross,58793,58793,right,right,A,A,1,A,0.578,gemma3,task_description,2026-08-23T13:39:41
G_96608_left_2757,mated,primary_genuine,same,96608,96608,left,left,A,A,1,A,0.57,gemma3,task_description,2026-08-23T13:39:42
G_47904_left_818,mated,primary_genuine,cross,47904,47904,left,left,A,A,1,A,0.578,gemma3,task_description,2026-08-23T13:39:42
G_89171_right_2534,mated,primary_genuine,same,89171,89171,right,right,A,A,1,A,0.6,gemma3,task_description,2026-08-23T13:39:43
G_58398_right_1332,mated,primary_genuine,cross,58398,58398,right,right,A,A,1,A,0.577,gemma3,task_description,2026-08-23T13:39:43
D_74850_213,non-mated,diagnostic_impostor,cross,74850,74850,left,right,B,A,0,A,0.576,gemma3,task_description,2026-08-23T13:39:44
D_89171_252,non-mated,diagnostic_impostor,same,89171,89171,left,right,B,A,0,A,0.589,gemma3,task_description,2026-08-23T13:39:45
D_96608_284,non-mated,diagnostic_impostor,cross,96608,96608,left,right,B,A,0,A,0.576,gemma3,task_description,2026-08-23T13:39:45
G_20294_right_243,mated,primary_genuine,same,20294,20294,right,right,A,A,1,A,0.586,gemma3,task_description,2026-08-23T13:39:46
D_65030_177,non-mated,diagnostic_impostor,same,65030,65030,left,right,B,A,0,A,0.566,gemma3,task_description,2026-08-23T13:39:46
I_32467_58398_right_s,non-mated,primary_impostor,same,32467,58398,right,right,B,A,0,A,0.587,gemma3,task_description,2026-08-23T13:39:47
G_56583_right_939,mated,primary_genuine,same,56583,56583,right,right,A,A,1,A,0.573,gemma3,task_description,2026-08-23T13:39:47
D_32467_51,non-mated,diagnostic_impostor,same,32467,32467,left,right,B,A,0,A,0.565,gemma3,task_description,2026-08-23T13:39:48
G_20294_left_167,mated,primary_genuine,cross,20294,20294,left,left,A,A,1,A,0.583,gemma3,task_description,2026-08-23T13:39:49
G_58793_left_1374,mated,primary_genuine,cross,58793,58793,left,left,A,A,1,A,0.582,gemma3,task_description,2026-08-23T13:39:49
I_47904_58398_right_x,non-mated,primary_impostor,cross,47904,58398,right,right,B,A,0,A,0.578,gemma3,task_description,2026-08-23T13:39:50
G_56583_right_904,mated,primary_genuine,cross,56583,56583,right,right,A,A,1,A,0.581,gemma3,task_description,2026-08-23T13:39:50
I_58793_96608_left_s,non-mated,primary_impostor,same,58793,96608,left,left,B,A,0,A,0.601,gemma3,task_description,2026-08-23T13:39:51
I_14493_44595_left_x,non-mated,primary_impostor,cross,14493,44595,left,left,B,A,0,A,0.58,gemma3,task_description,2026-08-23T13:39:52
G_89171_left_2514,mated,primary_genuine,cross,89171,89171,left,left,A,A,1,A,0.569,gemma3,task_description,2026-08-23T13:39:52
I_65030_76957_left_x,non-mated,primary_impostor,cross,65030,76957,left,left,B,A,0,A,0.574,gemma3,task_description,2026-08-23T13:39:53
G_44595_left_709,mated,primary_genuine,cross,44595,44595,left,left,A,A,1,A,0.577,gemma3,task_description,2026-08-23T13:39:53
G_58793_right_1457,mated,primary_genuine,cross,58793,58793,right,right,A,A,1,A,0.57,gemma3,task_description,2026-08-23T13:39:54
G_44595_left_756,mated,primary_genuine,same,44595,44595,left,left,A,A,1,A,0.562,gemma3,task_description,2026-08-23T13:39:54
G_69658_left_1871,mated,primary_genuine,cross,69658,69658,left,left,A,A,1,A,0.576,gemma3,task_description,2026-08-23T13:39:55
D_43210_60,non-mated,diagnostic_impostor,cross,43210,43210,left,right,B,A,0,A,0.583,gemma3,task_description,2026-08-23T13:39:56
I_69658_89171_right_s,non-mated,primary_impostor,same,69658,89171,right,right,B,A,0,A,0.587,gemma3,task_description,2026-08-23T13:39:56
G_65052_left_1733,mated,primary_genuine,cross,65052,65052,left,left,A,A,1,A,0.581,gemma3,task_description,2026-08-23T13:39:57
G_65030_left_1636,mated,primary_genuine,same,65030,65030,left,left,A,A,1,A,0.583,gemma3,task_description,2026-08-23T13:39:57
I_47904_56583_right_s,non-mated,primary_impostor,same,47904,56583,right,right,B,A,0,A,0.587,gemma3,task_description,2026-08-23T13:39:58
G_20294_right_287,mated,primary_genuine,same,20294,20294,right,right,A,A,1,A,0.563,gemma3,task_description,2026-08-23T13:39:58
G_99775_left_2888,mated,primary_genuine,same,99775,99775,left,left,A,A,1,A,0.563,gemma3,task_description,2026-08-23T13:39:59
G_65052_right_1799,mated,primary_genuine,cross,65052,65052,right,right,A,A,1,A,0.583,gemma3,task_description,2026-08-23T13:40:00
I_57145_65030_right_x,non-mated,primary_impostor,cross,57145,65030,right,right,B,A,0,A,0.58,gemma3,task_description,2026-08-23T13:40:00
I_56583_58398_left_x,non-mated,primary_impostor,cross,56583,58398,left,left,B,A,0,A,0.58,gemma3,task_description,2026-08-23T13:40:01
G_69658_left_1864,mated,primary_genuine,cross,69658,69658,left,left,A,A,1,A,0.576,gemma3,task_description,2026-08-23T13:40:01
G_65052_left_1790,mated,primary_genuine,same,65052,65052,left,left,A,A,1,A,0.556,gemma3,task_description,2026-08-23T13:40:02
D_89171_261,non-mated,diagnostic_impostor,cross,89171,89171,left,right,B,A,0,A,0.594,gemma3,task_description,2026-08-23T13:40:02
I_32467_58398_right_x,non-mated,primary_impostor,cross,32467,58398,right,right,B,A,0,A,0.578,gemma3,task_description,2026-08-23T13:40:03
G_65052_right_1847,mated,primary_genuine,same,65052,65052,right,right,A,A,1,A,0.559,gemma3,task_description,2026-08-23T13:40:04
I_58398_96608_right_x,non-mated,primary_impostor,cross,58398,96608,right,right,B,A,0,A,0.572,gemma3,task_description,2026-08-23T13:40:04
G_56583_left_868,mated,primary_genuine,cross,56583,56583,left,left,A,A,1,A,0.565,gemma3,task_description,2026-08-23T13:40:05
D_99775_291,non-mated,diagnostic_impostor,cross,99775,99775,left,right,B,A,0,A,0.567,gemma3,task_description,2026-08-23T13:40:05
D_58793_144,non-mated,diagnostic_impostor,same,58793,58793,left,right,B,A,0,A,0.557,gemma3,task_description,2026-08-23T13:40:06
I_65030_83742_right_s,non-mated,primary_impostor,same,65030,83742,right,right,B,A,0,A,0.591,gemma3,task_description,2026-08-23T13:40:06
I_24101_87757_left_x,non-mated,primary_impostor,cross,24101,87757,left,left,B,A,0,A,0.576,gemma3,task_description,2026-08-23T13:40:07
G_87757_left_2353,mated,primary_genuine,cross,87757,87757,left,left,A,A,1,A,0.575,gemma3,task_description,2026-08-23T13:40:08
I_32467_83742_left_x,non-mated,primary_impostor,cross,32467,83742,left,left,B,A,0,A,0.581,gemma3,task_description,2026-08-23T13:40:08
G_63029_right_1623,mated,primary_genuine,same,63029,63029,right,right,A,A,1,A,0.556,gemma3,task_description,2026-08-23T13:40:09
I_58793_99775_left_s,non-mated,primary_impostor,same,58793,99775,left,left,B,A,0,A,0.589,gemma3,task_description,2026-08-23T13:40:09
D_14493_7,non-mated,diagnostic_impostor,same,14493,14493,left,right,B,A,0,A,0.572,gemma3,task_description,2026-08-23T13:40:10
G_74850_right_2039,mated,primary_genuine,cross,74850,74850,right,right,A,A,1,A,0.584,gemma3,task_description,2026-08-23T13:40:11
G_96608_left_2698,mated,primary_genuine,same,96608,96608,left,left,A,A,1,A,0.59,gemma3,task_description,2026-08-23T13:40:11
D_57833_121,non-mated,diagnostic_impostor,cross,57833,57833,left,right,B,A,0,A,0.574,gemma3,task_description,2026-08-23T13:40:12
D_63029_157,non-mated,diagnostic_impostor,same,63029,63029,left,right,B,A,0,A,0.56,gemma3,task_description,2026-08-23T13:40:12
I_24101_65052_right_x,non-mated,primary_impostor,cross,24101,65052,right,right,B,A,0,A,0.576,gemma3,task_description,2026-08-23T13:40:13
G_74850_right_2072,mated,primary_genuine,same,74850,74850,right,right,A,A,1,A,0.56,gemma3,task_description,2026-08-23T13:40:13
I_20294_74850_left_x,non-mated,primary_impostor,cross,20294,74850,left,left,B,A,0,A,0.584,gemma3,task_description,2026-08-23T13:40:14
D_32467_53,non-mated,diagnostic_impostor,cross,32467,32467,left,right,B,A,0,A,0.572,gemma3,task_description,2026-08-23T13:40:15
D_56583_98,non-mated,diagnostic_impostor,same,56583,56583,left,right,B,A,0,A,0.597,gemma3,task_description,2026-08-23T13:40:15
G_93812_left_2595,mated,primary_genuine,cross,93812,93812,left,left,A,A,1,A,0.586,gemma3,task_description,2026-08-23T13:40:16
I_56583_63029_right_s,non-mated,primary_impostor,same,56583,63029,right,right,B,A,0,A,0.591,gemma3,task_description,2026-08-23T13:40:16
D_83742_234,non-mated,diagnostic_impostor,cross,83742,83742,left,right,B,A,0,A,0.571,gemma3,task_description,2026-08-23T13:40:17
D_14493_10,non-mated,diagnostic_impostor,same,14493,14493,left,right,B,A,0,A,0.559,gemma3,task_description,2026-08-23T13:40:17
I_24101_58398_left_x,non-mated,primary_impostor,cross,24101,58398,left,left,B,A,0,A,0.583,gemma3,task_description,2026-08-23T13:40:18
G_20294_left_197,mated,primary_genuine,same,20294,20294,left,left,A,A,1,A,0.59,gemma3,task_description,2026-08-23T13:40:19
G_93812_left_2638,mated,primary_genuine,same,93812,93812,left,left,A,A,1,A,0.566,gemma3,task_description,2026-08-23T13:40:19
G_65052_left_1746,mated,primary_genuine,same,65052,65052,left,left,A,A,1,A,0.589,gemma3,task_description,2026-08-23T13:40:20
G_99775_left_2880,mated,primary_genuine,same,99775,99775,left,left,A,A,1,A,0.558,gemma3,task_description,2026-08-23T13:40:20
G_83742_left_2266,mated,primary_genuine,same,83742,83742,left,left,A,A,1,A,0.564,gemma3,task_description,2026-08-23T13:40:21
I_14493_65052_right_s,non-mated,primary_impostor,same,14493,65052,right,right,B,A,0,A,0.599,gemma3,task_description,2026-08-23T13:40:21
G_14493_right_118,mated,primary_genuine,same,14493,14493,right,right,A,A,1,A,0.562,gemma3,task_description,2026-08-23T13:40:22
D_56583_97,non-mated,diagnostic_impostor,same,56583,56583,left,right,B,A,0,A,0.593,gemma3,task_description,2026-08-23T13:40:23
G_43210_left_605,mated,primary_genuine,same,43210,43210,left,left,A,A,1,A,0.561,gemma3,task_description,2026-08-23T13:40:23
D_57833_129,non-mated,diagnostic_impostor,cross,57833,57833,left,right,B,A,0,A,0.572,gemma3,task_description,2026-08-23T13:40:24
I_63029_93812_left_s,non-mated,primary_impostor,same,63029,93812,left,left,B,A,0,A,0.622,gemma3,task_description,2026-08-23T13:40:24
D_43210_68,non-mated,diagnostic_impostor,same,43210,43210,left,right,B,A,0,A,0.57,gemma3,task_description,2026-08-23T13:40:25
I_56583_76957_left_s,non-mated,primary_impostor,same,56583,76957,left,left,B,A,0,A,0.604,gemma3,task_description,2026-08-23T13:40:26
G_58398_right_1319,mated,primary_genuine,cross,58398,58398,right,right,A,A,1,A,0.58,gemma3,task_description,2026-08-23T13:40:26
G_93812_right_2642,mated,primary_genuine,same,93812,93812,right,right,A,A,1,A,0.586,gemma3,task_description,2026-08-23T13:40:27
I_76957_83742_left_x,non-mated,primary_impostor,cross,76957,83742,left,left,B,A,0,A,0.578,gemma3,task_description,2026-08-23T13:40:27
G_47904_left_823,mated,primary_genuine,cross,47904,47904,left,left,A,A,1,A,0.571,gemma3,task_description,2026-08-23T13:40:28
I_20294_74850_right_s,non-mated,primary_impostor,same,20294,74850,right,right,B,A,0,A,0.597,gemma3,task_description,2026-08-23T13:40:28
I_76957_93812_left_s,non-mated,primary_impostor,same,76957,93812,left,left,B,A,0,A,0.587,gemma3,task_description,2026-08-23T13:40:29
D_32467_55,non-mated,diagnostic_impostor,cross,32467,32467,left,right,B,A,0,A,0.583,gemma3,task_description,2026-08-23T13:40:30
D_57145_111,non-mated,diagnostic_impostor,same,57145,57145,left,right,B,A,0,A,0.568,gemma3,task_description,2026-08-23T13:40:30
D_74850_206,non-mated,diagnostic_impostor,cross,74850,74850,left,right,B,A,0,A,0.597,gemma3,task_description,2026-08-23T13:40:31
G_14493_left_5,mated,primary_genuine,cross,14493,14493,left,left,A,A,1,A,0.576,gemma3,task_description,2026-08-23T13:40:31
G_57833_left_1129,mated,primary_genuine,same,57833,57833,left,left,A,A,1,A,0.586,gemma3,task_description,2026-08-23T13:40:32
I_47904_96608_left_x,non-mated,primary_impostor,cross,47904,96608,left,left,B,A,0,A,0.584,gemma3,task_description,2026-08-23T13:40:33
D_83742_238,non-mated,diagnostic_impostor,cross,83742,83742,left,right,B,A,0,A,0.584,gemma3,task_description,2026-08-23T13:40:33
G_89171_right_2585,mated,primary_genuine,same,89171,89171,right,right,A,A,1,A,0.564,gemma3,task_description,2026-08-23T13:40:34
D_57833_131,non-mated,diagnostic_impostor,same,57833,57833,left,right,B,A,0,A,0.575,gemma3,task_description,2026-08-23T13:40:34
D_96608_286,non-mated,diagnostic_impostor,same,96608,96608,left,right,B,A,0,A,0.566,gemma3,task_description,2026-08-23T13:40:35
G_96608_left_2699,mated,primary_genuine,same,96608,96608,left,left,A,A,1,A,0.591,gemma3,task_description,2026-08-23T13:40:35
G_58398_right_1331,mated,primary_genuine,cross,58398,58398,right,right,A,A,1,A,0.573,gemma3,task_description,2026-08-23T13:40:36
G_99775_left_2893,mated,primary_genuine,same,99775,99775,left,left,A,A,1,A,0.554,gemma3,task_description,2026-08-23T13:40:37
G_58793_right_1436,mated,primary_genuine,cross,58793,58793,right,right,A,A,1,A,0.574,gemma3,task_description,2026-08-23T13:40:37
D_57833_125,non-mated,diagnostic_impostor,same,57833,57833,left,right,B,A,0,A,0.58,gemma3,task_description,2026-08-23T13:40:38
G_27295_right_396,mated,primary_genuine,cross,27295,27295,right,right,A,A,1,A,0.568,gemma3,task_description,2026-08-23T13:40:38
I_63029_74850_left_s,non-mated,primary_impostor,same,63029,74850,left,left,B,A,0,A,0.585,gemma3,task_description,2026-08-23T13:40:39
D_87757_241,non-mated,diagnostic_impostor,same,87757,87757,left,right,B,A,0,A,0.565,gemma3,task_description,2026-08-23T13:40:39
D_74850_215,non-mated,diagnostic_impostor,cross,74850,74850,left,right,B,A,0,A,0.594,gemma3,task_description,2026-08-23T13:40:40
D_65052_189,non-mated,diagnostic_impostor,same,65052,65052,left,right,B,A,0,A,0.561,gemma3,task_description,2026-08-23T13:40:41
G_83742_left_2220,mated,primary_genuine,cross,83742,83742,left,left,A,A,1,A,0.578,gemma3,task_description,2026-08-23T13:40:41
G_65030_right_1690,mated,primary_genuine,same,65030,65030,right,right,A,A,1,A,0.579,gemma3,task_description,2026-08-23T13:40:42
G_57833_left_1147,mated,primary_genuine,cross,57833,57833,left,left,A,A,1,A,0.575,gemma3,task_description,2026-08-23T13:40:42
D_87757_250,non-mated,diagnostic_impostor,cross,87757,87757,left,right,B,A,0,A,0.572,gemma3,task_description,2026-08-23T13:40:43
G_96608_left_2717,mated,primary_genuine,cross,96608,96608,left,left,A,A,1,A,0.573,gemma3,task_description,2026-08-23T13:40:43
I_57145_83742_left_s,non-mated,primary_impostor,same,57145,83742,left,left,B,A,0,A,0.594,gemma3,task_description,2026-08-23T13:40:44
G_83742_left_2262,mated,primary_genuine,same,83742,83742,left,left,A,A,1,A,0.564,gemma3,task_description,2026-08-23T13:40:45
I_58398_87757_left_s,non-mated,primary_impostor,same,58398,87757,left,left,B,A,0,A,0.587,gemma3,task_description,2026-08-23T13:40:45
G_93812_left_2620,mated,primary_genuine,cross,93812,93812,left,left,A,A,1,A,0.572,gemma3,task_description,2026-08-23T13:40:46
D_99775_299,non-mated,diagnostic_impostor,same,99775,99775,left,right,B,A,0,A,0.558,gemma3,task_description,2026-08-23T13:40:46
D_69658_196,non-mated,diagnostic_impostor,same,69658,69658,left,right,B,A,0,A,0.583,gemma3,task_description,2026-08-23T13:40:47
I_24101_76957_left_x,non-mated,primary_impostor,cross,24101,76957,left,left,B,A,0,A,0.574,gemma3,task_description,2026-08-23T13:40:48
I_24101_69658_right_x,non-mated,primary_impostor,cross,24101,69658,right,right,B,A,0,A,0.577,gemma3,task_description,2026-08-23T13:40:48
G_14493_right_108,mated,primary_genuine,cross,14493,14493,right,right,A,A,1,A,0.568,gemma3,task_description,2026-08-23T13:40:49
D_24101_28,non-mated,diagnostic_impostor,cross,24101,24101,left,right,B,A,0,A,0.586,gemma3,task_description,2026-08-23T13:40:49
G_76957_right_2168,mated,primary_genuine,cross,76957,76957,right,right,A,A,1,A,0.57,gemma3,task_description,2026-08-23T13:40:50
I_65030_89171_right_x,non-mated,primary_impostor,cross,65030,89171,right,right,B,A,0,A,0.582,gemma3,task_description,2026-08-23T13:40:50
G_63029_right_1569,mated,primary_genuine,same,63029,63029,right,right,A,A,1,A,0.591,gemma3,task_description,2026-08-23T13:40:51
G_14493_left_47,mated,primary_genuine,cross,14493,14493,left,left,A,A,1,A,0.573,gemma3,task_description,2026-08-23T13:40:52
G_69658_left_1861,mated,primary_genuine,cross,69658,69658,left,left,A,A,1,A,0.571,gemma3,task_description,2026-08-23T13:40:52
G_74850_right_2050,mated,primary_genuine,cross,74850,74850,right,right,A,A,1,A,0.593,gemma3,task_description,2026-08-23T13:40:53
G_96608_right_2784,mated,primary_genuine,same,96608,96608,right,right,A,A,1,A,0.582,gemma3,task_description,2026-08-23T13:40:53
D_32467_59,non-mated,diagnostic_impostor,cross,32467,32467,left,right,B,A,0,A,0.574,gemma3,task_description,2026-08-23T13:40:54
I_89171_99775_left_s,non-mated,primary_impostor,same,89171,99775,left,left,B,A,0,A,0.581,gemma3,task_description,2026-08-23T13:40:54
I_47904_57833_right_s,non-mated,primary_impostor,same,47904,57833,right,right,B,A,0,A,0.586,gemma3,task_description,2026-08-23T13:40:55
I_24101_58793_right_x,non-mated,primary_impostor,cross,24101,58793,right,right,B,A,0,A,0.59,gemma3,task_description,2026-08-23T13:40:56
D_83742_236,non-mated,diagnostic_impostor,same,83742,83742,left,right,B,A,0,A,0.588,gemma3,task_description,2026-08-23T13:40:56
I_58793_65052_right_x,non-mated,primary_impostor,cross,58793,65052,right,right,B,A,0,A,0.581,gemma3,task_description,2026-08-23T13:40:57
I_20294_32467_left_x,non-mated,primary_impostor,cross,20294,32467,left,left,B,A,0,A,0.59,gemma3,task_description,2026-08-23T13:40:57
G_65030_left_1656,mated,primary_genuine,cross,65030,65030,left,left,A,A,1,A,0.575,gemma3,task_description,2026-08-23T13:40:58
D_76957_222,non-mated,diagnostic_impostor,cross,76957,76957,left,right,B,A,0,A,0.564,gemma3,task_description,2026-08-23T13:40:59
I_58793_65030_right_x,non-mated,primary_impostor,cross,58793,65030,right,right,B,A,0,A,0.572,gemma3,task_description,2026-08-23T13:40:59
I_20294_65052_left_x,non-mated,primary_impostor,cross,20294,65052,left,left,B,A,0,A,0.586,gemma3,task_description,2026-08-23T13:41:00
I_63029_65030_right_x,non-mated,primary_impostor,cross,63029,65030,right,right,B,A,0,A,0.579,gemma3,task_description,2026-08-23T13:41:00
I_63029_87757_right_s,non-mated,primary_impostor,same,63029,87757,right,right,B,A,0,A,0.592,gemma3,task_description,2026-08-23T13:41:01
G_69658_right_1932,mated,primary_genuine,cross,69658,69658,right,right,A,A,1,A,0.57,gemma3,task_description,2026-08-23T13:41:01
G_43210_left_551,mated,primary_genuine,same,43210,43210,left,left,A,A,1,A,0.587,gemma3,task_description,2026-08-23T13:41:02
I_24101_57145_right_x,non-mated,primary_impostor,cross,24101,57145,right,right,B,A,0,A,0.577,gemma3,task_description,2026-08-23T13:41:03
G_32467_left_456,mated,primary_genuine,same,32467,32467,left,left,A,A,1,A,0.575,gemma3,task_description,2026-08-23T13:41:03
I_20294_83742_right_s,non-mated,primary_impostor,same,20294,83742,right,right,B,A,0,A,0.597,gemma3,task_description,2026-08-23T13:41:04
G_58398_left_1311,mated,primary_genuine,same,58398,58398,left,left,A,A,1,A,0.564,gemma3,task_description,2026-08-23T13:41:04
G_96608_right_2785,mated,primary_genuine,same,96608,96608,right,right,A,A,1,A,0.591,gemma3,task_description,2026-08-23T13:41:05
D_27295_43,non-mated,diagnostic_impostor,cross,27295,27295,left,right,B,A,0,A,0.581,gemma3,task_description,2026-08-23T13:41:06
G_65030_right_1714,mated,primary_genuine,same,65030,65030,right,right,A,A,1,A,0.564,gemma3,task_description,2026-08-23T13:41:06
G_20294_right_228,mated,primary_genuine,cross,20294,20294,right,right,A,A,1,A,0.574,gemma3,task_description,2026-08-23T13:41:07
I_32467_47904_left_x,non-mated,primary_impostor,cross,32467,47904,left,left,B,A,0,A,0.589,gemma3,task_description,2026-08-23T13:41:07
I_27295_58793_left_x,non-mated,primary_impostor,cross,27295,58793,left,left,B,A,0,A,0.577,gemma3,task_description,2026-08-23T13:41:08
I_57145_58398_left_s,non-mated,primary_impostor,same,57145,58398,left,left,B,A,0,A,0.591,gemma3,task_description,2026-08-23T13:41:08
I_58398_83742_left_x,non-mated,primary_impostor,cross,58398,83742,left,left,B,A,0,A,0.58,gemma3,task_description,2026-08-23T13:41:09
G_43210_right_662,mated,primary_genuine,cross,43210,43210,right,right,A,A,1,A,0.572,gemma3,task_description,2026-08-23T13:41:10
I_65030_96608_left_x,non-mated,primary_impostor,cross,65030,96608,left,left,B,A,0,A,0.578,gemma3,task_description,2026-08-23T13:41:10
G_57833_left_1171,mated,primary_genuine,cross,57833,57833,left,left,A,A,1,A,0.57,gemma3,task_description,2026-08-23T13:41:11
D_83742_232,non-mated,diagnostic_impostor,cross,83742,83742,left,right,B,A,0,A,0.574,gemma3,task_description,2026-08-23T13:41:11
I_57145_74850_left_x,non-mated,primary_impostor,cross,57145,74850,left,left,B,A,0,A,0.581,gemma3,task_description,2026-08-23T13:41:12
I_69658_74850_right_s,non-mated,primary_impostor,same,69658,74850,right,right,B,A,0,A,0.59,gemma3,task_description,2026-08-23T13:41:12
I_57145_74850_right_s,non-mated,primary_impostor,same,57145,74850,right,right,B,A,0,A,0.594,gemma3,task_description,2026-08-23T13:41:13
I_20294_93812_right_x,non-mated,primary_impostor,cross,20294,93812,right,right,B,A,0,A,0.589,gemma3,task_description,2026-08-23T13:41:14
G_89171_right_2541,mated,primary_genuine,cross,89171,89171,right,right,A,A,1,A,0.579,gemma3,task_description,2026-08-23T13:41:14
I_27295_65030_right_x,non-mated,primary_impostor,cross,27295,65030,right,right,B,A,0,A,0.576,gemma3,task_description,2026-08-23T13:41:15
D_96608_278,non-mated,diagnostic_impostor,same,96608,96608,left,right,B,A,0,A,0.564,gemma3,task_description,2026-08-23T13:41:15
G_69658_right_1917,mated,primary_genuine,cross,69658,69658,right,right,A,A,1,A,0.574,gemma3,task_description,2026-08-23T13:41:16
G_58398_left_1297,mated,primary_genuine,cross,58398,58398,left,left,A,A,1,A,0.569,gemma3,task_description,2026-08-23T13:41:16
G_27295_right_405,mated,primary_genuine,cross,27295,27295,right,right,A,A,1,A,0.566,gemma3,task_description,2026-08-23T13:41:17
G_63029_left_1552,mated,primary_genuine,same,63029,63029,left,left,A,A,1,A,0.563,gemma3,task_description,2026-08-23T13:41:18
I_14493_20294_left_x,non-mated,primary_impostor,cross,14493,20294,left,left,B,A,0,A,0.581,gemma3,task_description,2026-08-23T13:41:18
G_74850_right_2020,mated,primary_genuine,cross,74850,74850,right,right,A,A,1,A,0.576,gemma3,task_description,2026-08-23T13:41:19
I_58398_65030_right_x,non-mated,primary_impostor,cross,58398,65030,right,right,B,A,0,A,0.578,gemma3,task_description,2026-08-23T13:41:19
I_57145_89171_right_s,non-mated,primary_impostor,same,57145,89171,right,right,B,A,0,A,0.597,gemma3,task_description,2026-08-23T13:41:20
I_47904_58398_left_s,non-mated,primary_impostor,same,47904,58398,left,left,B,A,0,A,0.592,gemma3,task_description,2026-08-23T13:41:21
D_44595_83,non-mated,diagnostic_impostor,cross,44595,44595,left,right,B,A,0,A,0.565,gemma3,task_description,2026-08-23T13:41:21
I_20294_96608_left_x,non-mated,primary_impostor,cross,20294,96608,left,left,B,A,0,A,0.584,gemma3,task_description,2026-08-23T13:41:22
G_44595_right_776,mated,primary_genuine,cross,44595,44595,right,right,A,A,1,A,0.58,gemma3,task_description,2026-08-23T13:41:22
G_56583_right_935,mated,primary_genuine,same,56583,56583,right,right,A,A,1,A,0.563,gemma3,task_description,2026-08-23T13:41:23
I_47904_69658_right_x,non-mated,primary_impostor,cross,47904,69658,right,right,B,A,0,A,0.574,gemma3,task_description,2026-08-23T13:41:23
G_69658_right_1943,mated,primary_genuine,same,69658,69658,right,right,A,A,1,A,0.561,gemma3,task_description,2026-08-23T13:41:24
G_69658_right_1933,mated,primary_genuine,cross,69658,69658,right,right,A,A,1,A,0.568,gemma3,task_description,2026-08-23T13:41:25
D_63029_156,non-mated,diagnostic_impostor,same,63029,63029,left,right,B,A,0,A,0.584,gemma3,task_description,2026-08-23T13:41:25
D_20294_17,non-mated,diagnostic_impostor,cross,20294,20294,left,right,B,A,0,A,0.581,gemma3,task_description,2026-08-23T13:41:26
G_27295_right_402,mated,primary_genuine,cross,27295,27295,right,right,A,A,1,A,0.565,gemma3,task_description,2026-08-23T13:41:26
G_57833_right_1206,mated,primary_genuine,same,57833,57833,right,right,A,A,1,A,0.581,gemma3,task_description,2026-08-23T13:41:27
D_32467_48,non-mated,diagnostic_impostor,same,32467,32467,left,right,B,A,0,A,0.556,gemma3,task_description,2026-08-23T13:41:27
D_56583_105,non-mated,diagnostic_impostor,cross,56583,56583,left,right,B,A,0,A,0.577,gemma3,task_description,2026-08-23T13:41:28
G_58398_left_1290,mated,primary_genuine,cross,58398,58398,left,left,A,A,1,A,0.573,gemma3,task_description,2026-08-23T13:41:29
G_57145_left_971,mated,primary_genuine,same,57145,57145,left,left,A,A,1,A,0.585,gemma3,task_description,2026-08-23T13:41:29
G_47904_right_825,mated,primary_genuine,same,47904,47904,right,right,A,A,1,A,0.581,gemma3,task_description,2026-08-23T13:41:30
I_57833_65052_left_s,non-mated,primary_impostor,same,57833,65052,left,left,B,A,0,A,0.586,gemma3,task_description,2026-08-23T13:41:30
D_20294_12,non-mated,diagnostic_impostor,same,20294,20294,left,right,B,A,0,A,0.559,gemma3,task_description,2026-08-23T13:41:31
G_76957_left_2084,mated,primary_genuine,cross,76957,76957,left,left,A,A,1,A,0.574,gemma3,task_description,2026-08-23T13:41:31
G_96608_right_2800,mated,primary_genuine,cross,96608,96608,right,right,A,A,1,A,0.568,gemma3,task_description,2026-08-23T13:41:32
D_58793_147,non-mated,diagnostic_impostor,cross,58793,58793,left,right,B,A,0,A,0.566,gemma3,task_description,2026-08-23T13:41:33
G_87757_right_2430,mated,primary_genuine,cross,87757,87757,right,right,A,A,1,A,0.576,gemma3,task_description,2026-08-23T13:41:33
I_74850_96608_left_s,non-mated,primary_impostor,same,74850,96608,left,left,B,A,0,A,0.589,gemma3,task_description,2026-08-23T13:41:34
D_32467_54,non-mated,diagnostic_impostor,cross,32467,32467,left,right,B,A,0,A,0.567,gemma3,task_description,2026-08-23T13:41:34
I_47904_57833_right_x,non-mated,primary_impostor,cross,47904,57833,right,right,B,A,0,A,0.57,gemma3,task_description,2026-08-23T13:41:35
D_20294_22,non-mated,diagnostic_impostor,same,20294,20294,left,right,B,A,0,A,0.562,gemma3,task_description,2026-08-23T13:41:35
I_58398_65030_right_s,non-mated,primary_impostor,same,58398,65030,right,right,B,A,0,A,0.585,gemma3,task_description,2026-08-23T13:41:36
I_58398_87757_right_s,non-mated,primary_impostor,same,58398,87757,right,right,B,A,0,A,0.586,gemma3,task_description,2026-08-23T13:41:37
I_58793_87757_right_s,non-mated,primary_impostor,same,58793,87757,right,right,B,A,0,A,0.584,gemma3,task_description,2026-08-23T13:41:37
G_58398_left_1272,mated,primary_genuine,cross,58398,58398,left,left,A,A,1,A,0.572,gemma3,task_description,2026-08-23T13:41:38
I_65030_96608_right_x,non-mated,primary_impostor,cross,65030,96608,right,right,B,A,0,A,0.574,gemma3,task_description,2026-08-23T13:41:38
D_74850_214,non-mated,diagnostic_impostor,same,74850,74850,left,right,B,A,0,A,0.609,gemma3,task_description,2026-08-23T13:41:39
G_20294_left_198,mated,primary_genuine,same,20294,20294,left,left,A,A,1,A,0.555,gemma3,task_description,2026-08-23T13:41:40
D_65052_186,non-mated,diagnostic_impostor,cross,65052,65052,left,right,B,A,0,A,0.57,gemma3,task_description,2026-08-23T13:41:40
G_56583_right_900,mated,primary_genuine,same,56583,56583,right,right,A,A,1,A,0.585,gemma3,task_description,2026-08-23T13:41:41
G_57145_right_1060,mated,primary_genuine,cross,57145,57145,right,right,A,A,1,A,0.574,gemma3,task_description,2026-08-23T13:41:41
D_96608_285,non-mated,diagnostic_impostor,same,96608,96608,left,right,B,A,0,A,0.581,gemma3,task_description,2026-08-23T13:41:42
I_14493_99775_left_s,non-mated,primary_impostor,same,14493,99775,left,left,B,A,0,A,0.59,gemma3,task_description,2026-08-23T13:41:42
D_96608_282,non-mated,diagnostic_impostor,cross,96608,96608,left,right,B,A,0,A,0.564,gemma3,task_description,2026-08-23T13:41:43
I_83742_99775_right_x,non-mated,primary_impostor,cross,83742,99775,right,right,B,A,0,A,0.581,gemma3,task_description,2026-08-23T13:41:44
G_89171_right_2552,mated,primary_genuine,same,89171,89171,right,right,A,A,1,A,0.581,gemma3,task_description,2026-08-23T13:41:44
G_69658_left_1893,mated,primary_genuine,same,69658,69658,left,left,A,A,1,A,0.554,gemma3,task_description,2026-08-23T13:41:45
I_14493_74850_right_x,non-mated,primary_impostor,cross,14493,74850,right,right,B,A,0,A,0.576,gemma3,task_description,2026-08-23T13:41:45
G_56583_right_933,mated,primary_genuine,same,56583,56583,right,right,A,A,1,A,0.554,gemma3,task_description,2026-08-23T13:41:46
D_32467_58,non-mated,diagnostic_impostor,same,32467,32467,left,right,B,A,0,A,0.579,gemma3,task_description,2026-08-23T13:41:46
G_99775_left_2846,mated,primary_genuine,cross,99775,99775,left,left,A,A,1,A,0.564,gemma3,task_description,2026-08-23T13:41:47
I_47904_87757_right_x,non-mated,primary_impostor,cross,47904,87757,right,right,B,A,0,A,0.569,gemma3,task_description,2026-08-23T13:41:48
G_99775_right_2918,mated,primary_genuine,same,99775,99775,right,right,A,A,1,A,0.579,gemma3,task_description,2026-08-23T13:41:48
G_76957_left_2117,mated,primary_genuine,cross,76957,76957,left,left,A,A,1,A,0.561,gemma3,task_description,2026-08-23T13:41:49
I_65030_89171_left_s,non-mated,primary_impostor,same,65030,89171,left,left,B,A,0,A,0.587,gemma3,task_description,2026-08-23T13:41:49
D_65030_168,non-mated,diagnostic_impostor,cross,65030,65030,left,right,B,A,0,A,0.574,gemma3,task_description,2026-08-23T13:41:50
G_32467_right_533,mated,primary_genuine,cross,32467,32467,right,right,A,A,1,A,0.565,gemma3,task_description,2026-08-23T13:41:50
G_14493_left_36,mated,primary_genuine,cross,14493,14493,left,left,A,A,1,A,0.574,gemma3,task_description,2026-08-23T13:41:51
G_27295_right_370,mated,primary_genuine,cross,27295,27295,right,right,A,A,1,A,0.574,gemma3,task_description,2026-08-23T13:41:52
G_65052_right_1809,mated,primary_genuine,cross,65052,65052,right,right,A,A,1,A,0.578,gemma3,task_description,2026-08-23T13:41:52
G_32467_left_427,mated,primary_genuine,cross,32467,32467,left,left,A,A,1,A,0.581,gemma3,task_description,2026-08-23T13:41:53
I_93812_96608_right_s,non-mated,primary_impostor,same,93812,96608,right,right,B,A,0,A,0.591,gemma3,task_description,2026-08-23T13:41:53
G_89171_left_2518,mated,primary_genuine,cross,89171,89171,left,left,A,A,1,A,0.57,gemma3,task_description,2026-08-23T13:41:54
I_43210_69658_left_s,non-mated,primary_impostor,same,43210,69658,left,left,B,A,0,A,0.584,gemma3,task_description,2026-08-23T13:41:54
D_93812_273,non-mated,diagnostic_impostor,same,93812,93812,left,right,B,A,0,A,0.576,gemma3,task_description,2026-08-23T13:41:55
I_47904_87757_right_s,non-mated,primary_impostor,same,47904,87757,right,right,B,A,0,A,0.584,gemma3,task_description,2026-08-23T13:41:56
G_99775_left_2843,mated,primary_genuine,same,99775,99775,left,left,A,A,1,A,0.572,gemma3,task_description,2026-08-23T13:41:56
I_14493_32467_left_s,non-mated,primary_impostor,same,14493,32467,left,left,B,A,0,A,0.595,gemma3,task_description,2026-08-23T13:41:57
G_96608_left_2718,mated,primary_genuine,same,96608,96608,left,left,A,A,1,A,0.581,gemma3,task_description,2026-08-23T13:41:57
G_57145_right_1051,mated,primary_genuine,same,57145,57145,right,right,A,A,1,A,0.585,gemma3,task_description,2026-08-23T13:41:58
I_74850_87757_right_s,non-mated,primary_impostor,same,74850,87757,right,right,B,A,0,A,0.59,gemma3,task_description,2026-08-23T13:41:59
G_32467_right_526,mated,primary_genuine,cross,32467,32467,right,right,A,A,1,A,0.567,gemma3,task_description,2026-08-23T13:41:59
D_58398_134,non-mated,diagnostic_impostor,cross,58398,58398,left,right,B,A,0,A,0.569,gemma3,task_description,2026-08-23T13:42:00
I_27295_74850_left_x,non-mated,primary_impostor,cross,27295,74850,left,left,B,A,0,A,0.574,gemma3,task_description,2026-08-23T13:42:00
I_65030_76957_right_x,non-mated,primary_impostor,cross,65030,76957,right,right,B,A,0,A,0.574,gemma3,task_description,2026-08-23T13:42:01
G_43210_left_598,mated,primary_genuine,cross,43210,43210,left,left,A,A,1,A,0.565,gemma3,task_description,2026-08-23T13:42:01
I_20294_87757_right_x,non-mated,primary_impostor,cross,20294,87757,right,right,B,A,0,A,0.579,gemma3,task_description,2026-08-23T13:42:02
I_14493_89171_left_x,non-mated,primary_impostor,cross,14493,89171,left,left,B,A,0,A,0.575,gemma3,task_description,2026-08-23T13:42:03
I_74850_99775_left_s,non-mated,primary_impostor,same,74850,99775,left,left,B,A,0,A,0.586,gemma3,task_description,2026-08-23T13:42:03
G_83742_left_2236,mated,primary_genuine,cross,83742,83742,left,left,A,A,1,A,0.571,gemma3,task_description,2026-08-23T13:42:04
G_87757_left_2395,mated,primary_genuine,cross,87757,87757,left,left,A,A,1,A,0.564,gemma3,task_description,2026-08-23T13:42:04
D_57145_113,non-mated,diagnostic_impostor,same,57145,57145,left,right,B,A,0,A,0.564,gemma3,task_description,2026-08-23T13:42:05
D_87757_249,non-mated,diagnostic_impostor,same,87757,87757,left,right,B,A,0,A,0.562,gemma3,task_description,2026-08-23T13:42:05
I_65052_74850_right_s,non-mated,primary_impostor,same,65052,74850,right,right,B,A,0,A,0.587,gemma3,task_description,2026-08-23T13:42:06
I_24101_32467_right_x,non-mated,primary_impostor,cross,24101,32467,right,right,B,A,0,A,0.579,gemma3,task_description,2026-08-23T13:42:07
