pair_id,label,category,device_pair,subject1,subject2,hand1,hand2,ground_truth,similarity_score,raw_response,latency_s,model,prompting_setting,timestamp
D_43210_63,non-mated,diagnostic_impostor,cross,43210,43210,left,right,B,,"You can see the difference in their appearance,
or the similarity, or the likeness, but it's just as likely
as the differences in their features.

Can you tell me more about these two individuals?
They look alike in many ways.
But there is one small thing that sets them apart?

Let's take a closer look at those two things.
Maybe they are twins? Maybe they have some similarities?

Certainly, let’s consider this possibility.
It could be something like",2.572,pixtral,similarity_score,2026-09-07T18:51:12
G_58398_left_1287,mated,primary_genuine,cross,58398,58398,left,left,A,,"The end result is a black and white image showing a close-up view of a hand with a magnifying glass of water in it. The glass appears to be half-full of a finger, and there's a small amount of water inside the glass. There is a close up view of the hand with the magnifying class of water. The end result shows a black square box containing some letters (certain).
And here’s what I see:

I am an expert at examining these ridges",2.57,pixtral,similarity_score,2026-09-07T18:51:15
G_56583_left_842,mated,primary_genuine,cross,56583,56583,left,left,A,,"2000

The ridge
images. Your task:",0.997,pixtral,similarity_score,2026-09-07T18:51:16
I_14493_83742_left_s,non-mated,primary_impostor,same,14493,83742,left,left,B,20,"The
 20% confident (the images are

### A score of

#### 30% confidence (the image is from the

### The

#### % confident (this image is for the

#### A score

#### !!!!

confident (that image is of the

##### 40%! confident (that's image is

### 4%

#### !

Confident (this one is for

#### !!!

confidnet (that this",2.584,pixtral,similarity_score,2026-09-07T18:51:19
I_57145_65052_left_x,non-mated,primary_impostor,cross,57145,65052,left,left,B,,I am an expert in fingerprint examination.,0.881,pixtral,similarity_score,2026-09-07T18:51:19
I_56583_93812_left_s,non-mated,primary_impostor,same,56583,93812,left,left,B,,Explain the differences in their prints.,0.883,pixtral,similarity_score,2026-09-07T18:51:20
I_24101_57145_left_s,non-mated,primary_impostor,same,24101,57145,left,left,B,,"The image is black and white.

Please provide more information about this topic.",1.022,pixtral,similarity_score,2026-09-07T18:51:21
G_83742_left_2229,mated,primary_genuine,cross,83742,83742,left,left,A,70,"70% confident (label).
  80 =

A score
scoreingfingerers, close-up.",1.284,pixtral,similarity_score,2026-09-07T18:51:23
G_57833_left_1183,mated,primary_genuine,same,57833,57833,left,left,A,,"Explain the pattern, ridge is from the
same person.
Then return a double integer between

the number only.

Do not include this text,
explanation, or labels.
Explain what does it mean?
The pattern,ridge is from
the same person.

Then return again a triple integer between",2.198,pixtral,similarity_score,2026-09-07T18:51:25
G_69658_left_1866,mated,primary_genuine,same,69658,69658,left,left,A,2,"2
 3.",0.843,pixtral,similarity_score,2026-09-07T18:51:26
I_24101_57145_left_x,non-mated,primary_impostor,cross,24101,57145,left,left,B,70,"70
  80%confident (complecatenate)
 240

A score is 39 means you have the number of. Do you want more information about this particular type of:

The 81 means you can see it in black and white.

Do you want even more information here.

The 9 means there's no more than one.

I'm sorry for the number.",2.396,pixtral,similarity_score,2026-09-07T18:51:28
G_24101_right_301,mated,primary_genuine,cross,24101,24101,right,right,A,20,"You can see it's 20% confident (the images).
And the 30% confidence (the image).

The 40% is the 5things. And the 70% certain (the 8things).",1.723,pixtral,similarity_score,2026-09-07T18:51:30
D_56583_99,non-mated,diagnostic_impostor,same,56583,56583,left,right,B,20,"20
  384

I'middleingsThe five fingers (middle, close syndicate).
  70
image",1.32,pixtral,similarity_score,2026-09-07T18:51:31
G_63029_left_1482,mated,primary_genuine,same,63029,63029,left,left,A,,"I'm sorry, I can't see anything in common. But it's possible for me to say something about the images. It's possible to be something about

the images. And it's also possible to do something about
the images.

But it's impossible to be certain things. Andit's also difficult to do so much as this:

It's almost like this:

**Explain the images.**",2.332,pixtral,similarity_score,2026-09-07T18:51:33
I_24101_87757_right_x,non-mated,primary_impostor,cross,24101,87757,right,right,B,,Do not include,0.785,pixtral,similarity_score,2026-09-07T18:51:34
G_89171_left_2506,mated,primary_genuine,cross,89171,89171,left,left,A,2,"Then
 2.",0.84,pixtral,similarity_score,2026-09-07T18:51:35
G_43210_left_580,mated,primary_genuine,same,43210,43210,left,left,A,,"The question is about the difference in the shapes and the spacing of
the numbers.",1.076,pixtral,similarity_score,2026-09-07T18:51:36
I_44595_47904_left_s,non-mated,primary_impostor,same,44595,47904,left,left,B,,"The
ridge is from the number of.",0.912,pixtral,similarity_score,2026-09-07T18:51:37
G_44595_left_742,mated,primary_genuine,same,44595,44595,left,left,A,20,"20 = x
  30% confident (they are different)
 40   =
  70

A of six images.Then return a set of three images. Do no longer than this one.

Do not include the number of the one.

I am an expert in fingerprint examiner. I can analyze various aspects of latent prints:

- **Fingerprint**: This is a black-and-white photo showing a close-up view of someone's hand holding",2.574,pixtral,similarity_score,2026-09-07T18:51:40
I_89171_96608_right_s,non-mated,primary_impostor,same,89171,96608,right,right,B,,"Explainly, the images, or labels.",0.935,pixtral,similarity_score,2026-09-07T18:51:41
G_65030_left_1658,mated,primary_genuine,cross,65030,65030,left,left,A,70,"70
  80% confident (it is the same as the previous one).

What does this mean?

I'm sorry, I can't see it's the same thing

The answer is:

Yes, every **fingerprint** has unique characteristics that distinguish them from all other individuals.",1.949,pixtral,similarity_score,2026-09-07T18:51:43
I_65030_65052_left_x,non-mated,primary_impostor,cross,65030,65052,left,left,B,,"But I am an expert in fingerprint examination,
and can tell if these prints
belong to the
same individual?

Yes, they do match!
No, it's not possible
to distinguish them
from one another.


+++++

Can you please explain which ones
are similar?
I cannot say for certain;
but I need more information about this topic.",2.131,pixtral,similarity_score,2026-09-07T18:51:45
I_20294_47904_right_x,non-mated,primary_impostor,cross,20294,47904,right,right,B,70,"70
  =

A SLID image is a close-up of these three images.
 80
is a close match for the same individual.
 90
=

SLID image.

A SLIDE image is in black and white.
 12
=",1.886,pixtral,similarity_score,2026-09-07T18:51:47
G_20294_right_224,mated,primary_genuine,same,20294,20294,right,right,A,70,"70
 80%confident (completly uncertain)
9.",1.11,pixtral,similarity_score,2026-09-07T18:51:48
I_47904_58793_left_s,non-mated,primary_impostor,same,47904,58793,left,left,B,2,"2
  30%
  40%confident (completly  70%

Expertise the ridge
  .",1.613,pixtral,similarity_score,2026-09-07T18:51:49
D_44595_73,non-mated,diagnostic_impostor,same,44595,44595,left,right,B,,Do not fingerprints.,0.834,pixtral,similarity_score,2026-09-07T18:51:50
I_56583_96608_right_x,non-mated,primary_impostor,cross,56583,96608,right,right,B,,"Do not include this text, or
label.",0.921,pixtral,similarity_score,2026-09-07T18:51:51
D_14493_8,non-mated,diagnostic_impostor,same,14493,14493,left,right,B,2,"with the same as
2.",0.846,pixtral,similarity_score,2026-09-07T18:51:52
D_47904_92,non-mated,diagnostic_impostor,cross,47904,47904,left,right,B,,What does this mean?,0.817,pixtral,similarity_score,2026-09-07T18:51:53
I_32467_43210_right_s,non-mated,primary_impostor,same,32467,43210,right,right,B,20,"20
  3% confident (the images are the

### 4.",1.113,pixtral,similarity_score,2026-09-07T18:51:54
G_74850_right_2037,mated,primary_genuine,cross,74850,74850,right,right,A,,"Explain image
A close-up view of three fingers (Index, middle), showing how the ridges and valleys align properly.
Do not include extra details like these:

Explain text
The whorls and vales should be aligned correctly.
Do include more information about this:

Explanation
This is a good example of what I am looking for.
```Explain
It shows the pattern of the skin on my hand.
Explain

I can see it in black and",2.596,pixtral,similarity_score,2026-09-07T18:51:56
I_32467_65030_right_x,non-mated,primary_impostor,cross,32467,65030,right,right,B,2,2.,0.786,pixtral,similarity_score,2026-09-07T18:51:57
G_20294_left_134,mated,primary_genuine,same,20294,20294,left,left,A,,"f
images.",0.821,pixtral,similarity_score,2026-09-07T18:51:58
G_47904_right_832,mated,primary_genuine,cross,47904,47904,right,right,A,,"Yes, these three ridges
on the tips of the thumb and index of

The first time,",1.118,pixtral,similarity_score,2026-09-07T18:51:59
I_57145_89171_right_x,non-mated,primary_impostor,cross,57145,89171,right,right,B,2,"2

**Fingerprint details
 3. Your task is to compare these three images.
 4. Your question is to identify the same individual.
  70   =
 8000   + 900

### Fingerprints
  9. Your job is to determine the same as the individual.
```  8. Your answer is to match the same pattern.
 91. Your results is to distinguish the same thing",2.598,pixtral,similarity_score,2026-09-07T18:52:02
G_76957_left_2098,mated,primary_genuine,same,76957,76957,left,left,A,70,"70
 85% confident (they are the

A scoreof 9.",1.125,pixtral,similarity_score,2026-09-07T18:52:03
I_14493_20294_right_x,non-mated,primary_impostor,cross,14493,20294,right,right,B,,Based on what I have observed in these images?,0.928,pixtral,similarity_score,2026-09-07T18:52:04
D_76957_225,non-mated,diagnostic_impostor,same,76957,76957,left,right,B,,The details of four fingers,0.891,pixtral,similarity_score,2026-09-07T18:52:05
G_76957_left_2119,mated,primary_genuine,same,76957,76957,left,left,A,,"The image is black and white. The background shows a computer monitor and keyboard. There is a close-up view of a hand holding down a piece of paper with visible creases on it.

***
( certain they are from
the same source as above.)

What do these ridges mean?",1.841,pixtral,similarity_score,2026-09-07T18:52:07
D_69658_194,non-mated,diagnostic_impostor,cross,69658,69658,left,right,B,,But I am going to say it is a black and white image.,0.987,pixtral,similarity_score,2026-09-07T18:52:08
G_32467_right_505,mated,primary_genuine,same,32467,32467,right,right,A,20,20%confident (completly).,0.966,pixtral,similarity_score,2026-09-07T18:52:08
I_47904_58793_right_s,non-mated,primary_impostor,same,47904,58793,right,right,B,,The image is a black and white photo of a computer screen showing a close-up view of a hand with all five fingers slightly spread apart. The index fingerprints are clearly visible in this image.,1.489,pixtral,similarity_score,2026-09-07T18:52:10
G_74850_right_2026,mated,primary_genuine,same,74850,74850,right,right,A,,"I'm sorry, but I can't provide a detailed description of what's wrong with the question.",1.123,pixtral,similarity_score,2026-09-07T18:52:11
D_89171_262,non-mated,diagnostic_impostor,cross,89171,89171,left,right,B,70,"70
 80%",0.874,pixtral,similarity_score,2026-09-07T18:52:12
I_57833_89171_left_x,non-mated,primary_impostor,cross,57833,89171,left,left,B,,"You
I

In this black and below.",0.926,pixtral,similarity_score,2026-09-07T18:52:13
I_74850_83742_left_s,non-mated,primary_impostor,same,74850,83742,left,left,B,70,"70
  80% confident (they are the exact same thing).

The image is a close-up of the 90

Do not include this one.",1.459,pixtral,similarity_score,2026-09-07T18:52:14
I_57833_69658_right_x,non-mated,primary_impostor,cross,57833,69658,right,right,B,,with the number of three images.,0.864,pixtral,similarity_score,2026-09-07T18:52:15
G_74850_left_1998,mated,primary_genuine,same,74850,74850,left,left,A,20,"20
confident (complet).
  30%",1.006,pixtral,similarity_score,2026-09-07T18:52:16
D_83742_228,non-mated,diagnostic_impostor,cross,83742,83742,left,right,B,,"The question is:

What does this mean?

Please provide me with some context about what I am seeing in terms of how these things relate to each other?",1.33,pixtral,similarity_score,2026-09-07T18:52:18
I_43210_56583_left_x,non-mated,primary_impostor,cross,43210,56583,left,left,B,,Then return a final time.,0.839,pixtral,similarity_score,2026-09-07T18:52:18
G_43210_right_633,mated,primary_genuine,cross,43210,43210,right,right,A,,"As an An expert's as shows

In tiny baby hand of close unique[stocksF Little Teeth folded cl paving three small and one.",1.322,pixtral,similarity_score,2026-09-07T18:52:20
I_58793_65030_left_s,non-mated,primary_impostor,same,58793,65030,left,left,B,20,20%,0.83,pixtral,similarity_score,2026-09-07T18:52:21
I_57145_76957_left_s,non-mated,primary_impostor,same,57145,76957,left,left,B,,"I'm sorry, I can't see anything.",0.934,pixtral,similarity_score,2026-09-07T18:52:21
I_14493_65030_left_x,non-mated,primary_impostor,cross,14493,65030,left,left,B,,"The following is a list item in the data set:

Do not include this text, but it's just as good as gold.",1.231,pixtral,similarity_score,2026-09-07T18:52:23
G_65030_right_1681,mated,primary_genuine,same,65030,65030,right,right,A,20,"The image is from the
same person.
  20% confident (the images are different).

### What can we infer?

As a **fingerprint** expert in this field:

- The image shows a close-up view of a hand with three distinct ridges along the fingers.
- The ridges appear to be well-defined.
- They look like small bumps along the edges of a finger.
- And it seems to be very clear.
- But what does it mean",3.098,pixtral,similarity_score,2026-09-07T18:52:26
D_58398_142,non-mated,diagnostic_impostor,same,58398,58398,left,right,B,,"This set in three fingers
In human unique display dark texture as is aligned delta denuCan be black-and drawn for one thumb index points f

What can we observe here assistant?

I would it appear a photo of this image",1.619,pixtral,similarity_score,2026-09-07T18:52:27
G_57833_right_1228,mated,primary_genuine,cross,57833,57833,right,right,A,,"Explain the differences in the prints,
ridge pattern, and
the print, and

the print.",1.145,pixtral,similarity_score,2026-09-07T18:52:29
I_43210_74850_left_s,non-mated,primary_impostor,same,43210,74850,left,left,B,,Then return a set of six five things.,0.908,pixtral,similarity_score,2026-09-07T18:52:29
D_14493_9,non-mated,diagnostic_impostor,same,14493,14493,left,right,B,,"Certainly, but it's just as good.",0.927,pixtral,similarity_score,2026-09-07T18:52:30
I_43210_83742_right_s,non-mated,primary_impostor,same,43210,83742,right,right,B,70,70%,0.814,pixtral,similarity_score,2026-09-07T18:52:31
G_96608_left_2728,mated,primary_genuine,same,96608,96608,left,left,A,,"I'm sorry, but I can't provide any more information about this particular case.

Please upload a clear, well-focused question mark.",1.251,pixtral,similarity_score,2026-09-07T18:52:32
I_57833_96608_left_x,non-mated,primary_impostor,cross,57833,96608,left,left,B,,Do2,0.786,pixtral,similarity_score,2026-09-07T18:52:33
I_47904_63029_right_x,non-mated,primary_impostor,cross,47904,63029,right,right,B,2,2.,0.803,pixtral,similarity_score,2026-09-07T18:52:34
I_65052_93812_right_x,non-mated,primary_impostor,cross,65052,93812,right,right,B,2,2.,0.768,pixtral,similarity_score,2026-09-07T18:52:35
I_44595_99775_left_s,non-mated,primary_impostor,same,44595,99775,left,left,B,,"The
SLAP image is from the

A score in the background.",1.028,pixtral,similarity_score,2026-09-07T18:52:36
I_24101_32467_left_x,non-mated,primary_impostor,cross,24101,32467,left,left,B,20,"20
  30% confident (they are the

### A black and white image showing three fingers (fingers), and the number is from the

same person.
Do not include this text, but it's just as good as new.",1.798,pixtral,similarity_score,2026-09-07T18:52:38
G_27295_right_407,mated,primary_genuine,cross,27295,27295,right,right,A,70,70%,0.793,pixtral,similarity_score,2026-09-07T18:52:38
I_65052_83742_left_x,non-mated,primary_impostor,cross,65052,83742,left,left,B,,"The question is about how many times have I seen this pattern before?

I've seen it in my life?",1.151,pixtral,similarity_score,2026-09-07T18:52:40
I_58398_76957_left_x,non-mated,primary_impostor,cross,58398,76957,left,left,B,,"The question is about whether these two prints can be used as evidence in a court case like this one:

[[Uncaptioned image]]]].

Yes, it could be used for comparison purposes.",1.48,pixtral,similarity_score,2026-09-07T18:52:41
G_76957_left_2097,mated,primary_genuine,cross,76957,76957,left,left,A,,,0.723,pixtral,similarity_score,2026-09-07T18:52:42
I_58793_65052_left_s,non-mated,primary_impostor,same,58793,65052,left,left,B,2,"2
  30%",0.892,pixtral,similarity_score,2026-09-07T18:52:43
G_27295_left_311,mated,primary_genuine,same,27295,27295,left,left,A,,"Based on the given information, please analyze these images.",0.943,pixtral,similarity_score,2026-09-07T18:52:44
I_14493_57145_right_x,non-mated,primary_impostor,cross,14493,57145,right,right,B,,I have examined numerous fingerprint images using my expertise in fingerprint examination.,0.985,pixtral,similarity_score,2026-09-07T18:52:45
G_87757_right_2459,mated,primary_genuine,cross,87757,87757,right,right,A,,"Here is what I can see:

Fingerprint analysis involves comparing multiple individuals side by side for comparison.",1.123,pixtral,similarity_score,2026-09-07T18:52:46
D_93812_272,non-mated,diagnostic_impostor,cross,93812,93812,left,right,B,,,0.72,pixtral,similarity_score,2026-09-07T18:52:46
G_63029_left_1497,mated,primary_genuine,cross,63029,63029,left,left,A,,"The black and white image shows a close-up view
of a hand holding something in it. The image is in grayscale,
black and white color scheme.

It appears as if there were no other similar objects than this one.",1.62,pixtral,similarity_score,2026-09-07T18:52:48
G_69658_right_1931,mated,primary_genuine,cross,69658,69658,right,right,A,,"of the same
person's name.",0.871,pixtral,similarity_score,2026-09-07T18:52:49
I_87757_99775_left_s,non-mated,primary_impostor,same,87757,99775,left,left,B,20,20%,0.851,pixtral,similarity_score,2026-09-07T18:52:50
I_93812_99775_right_s,non-mated,primary_impostor,same,93812,99775,right,right,B,7,"7.0

The
  8.0 =
confident (they are the 9.0%
  2.0%

A score is the 3.0% 4.0 =

The",1.618,pixtral,similarity_score,2026-09-07T18:52:51
I_43210_47904_right_x,non-mated,primary_impostor,cross,43210,47904,right,right,B,,"with the number of
the images.",0.88,pixtral,similarity_score,2026-09-07T18:52:52
G_58398_left_1293,mated,primary_genuine,cross,58398,58398,left,left,A,,"***
*SLAP image is a close-up of the three
fingers (index,
middle)ridge pattern. Your task: Explain the differences in these

images.Then return a final result. You have successfully identified all six unique ridges in this set of images.",1.815,pixtral,similarity_score,2026-09-07T18:52:54
I_14493_57145_left_x,non-mated,primary_impostor,cross,14493,57145,left,left,B,,"The question is about identifying unique characteristics in fingerprints that can be used to distinguish one individual from another.


**Please enter your answer here.**",1.482,pixtral,similarity_score,2026-09-07T18:52:56
G_57145_right_1072,mated,primary_genuine,same,57145,57145,right,right,A,20,"But it's
 20%",0.917,pixtral,similarity_score,2026-09-07T18:52:57
I_63029_96608_right_s,non-mated,primary_impostor,same,63029,96608,right,right,B,20,"Explainly, but it is 20% confident
  30% confidence in the images.",1.182,pixtral,similarity_score,2026-09-07T18:52:58
I_58398_69658_left_x,non-mated,primary_impostor,cross,58398,69658,left,left,B,,"Do not include this question
What is the probability that these prints will be used for?
```The answer depends on how similar their overall appearance looks like?",1.329,pixtral,similarity_score,2026-09-07T18:52:59
G_57145_right_1080,mated,primary_genuine,cross,57145,57145,right,right,A,20,"20
confident (complet uncertain)
the images.
 30

### 40% confident (Certainly they are from 70%
confident the images.
Do not include the text,
or label.
 5",1.703,pixtral,similarity_score,2026-09-07T18:53:01
I_58793_65030_left_x,non-mated,primary_impostor,cross,58793,65030,left,left,B,2,"2.0
  3.0 =",0.959,pixtral,similarity_score,2026-09-07T18:53:02
I_57833_89171_right_x,non-mated,primary_impostor,cross,57833,89171,right,right,B,7,7.,0.783,pixtral,similarity_score,2026-09-07T18:53:02
I_14493_32467_left_x,non-mated,primary_impostor,cross,14493,32467,left,left,B,2,"Do not include this text, but it is still possible
to find out more about the same thing.


+++++ 2. You can see how many things,
are similar in appearance. But there's also true for me,
that I am looking at them.

So what do we have here?
We're going to say something like this:

It looks just like these two things,

But wait, no longer than this one?

I'm saying something else again?",2.515,pixtral,similarity_score,2026-09-07T18:53:05
I_44595_58398_left_s,non-mated,primary_impostor,same,44595,58398,left,left,B,,Yes,0.75,pixtral,similarity_score,2026-09-07T18:53:06
G_14493_left_18,mated,primary_genuine,cross,14493,14493,left,left,A,20,20%,0.803,pixtral,similarity_score,2026-09-07T18:53:07
G_99775_right_2898,mated,primary_genuine,same,99775,99775,right,right,A,,I am an expert in fingerprint examination.,0.877,pixtral,similarity_score,2026-09-07T18:53:07
I_27295_58398_right_x,non-mated,primary_impostor,cross,27295,58398,right,right,B,2,"How can unique

In examining this hand, resting wh Macbook. A typing Ridgeprint is bl web power out close Whats three kn levelfiding [2 set visible detail as shows part.

As could How what type of examine matching to series thumb core pattern clearly as?

What kind of information would based gra your individual.

Based black and white background.

To analyze
I identical to another.

Can you please help a close con minute.

Here is Close a fingerprint analysis:",2.584,pixtral,similarity_score,2026-09-07T18:53:10
I_32467_57145_right_x,non-mated,primary_impostor,cross,32467,57145,right,right,B,20,"20
 3% confident (Certainly they are 40

### 70%
  80%

confident (certain)
  .",1.389,pixtral,similarity_score,2026-09-07T18:53:11
G_20294_right_240,mated,primary_genuine,cross,20294,20294,right,right,A,,"The image is from the
same as the previous one,
and the next one.
Do not include anything else but it's the same thing.

A score",1.324,pixtral,similarity_score,2026-09-07T18:53:13
I_27295_93812_right_x,non-mated,primary_impostor,cross,27295,93812,right,right,B,,"How Ridge

Based and three fingers on hands, Can I as wedding marriedH in wh loop,What can presents part dark background table:

In my expertise has observe uniqueAs based distinct.

To determine what?

I fingers.

Can you does a chair.

From this What is visible detail.

Here's a black and dark live gra:",2.036,pixtral,similarity_score,2026-09-07T18:53:15
D_69658_195,non-mated,diagnostic_impostor,cross,69658,69658,left,right,B,70,"70
  80 =",0.898,pixtral,similarity_score,2026-09-07T18:53:16
I_14493_89171_right_s,non-mated,primary_impostor,same,14493,89171,right,right,B,,"Based on the given information, provide details about the subject's identity.",1.013,pixtral,similarity_score,2026-09-07T18:53:17
D_69658_199,non-mated,diagnostic_impostor,same,69658,69658,left,right,B,,"The same as
images.
image",0.847,pixtral,similarity_score,2026-09-07T18:53:18
I_47904_58398_left_x,non-mated,primary_impostor,cross,47904,58398,left,left,B,20,"The image is a black and white photo of a hand with all five fingers together in a row. The index fingerprints are aligned in such a way that:

* 20% confident (the image shows the alignment of
  40 70% confidence (the images are the exact opposite).

A score is a close-up view of a black-and-white photograph showing three fingers together, in a line. The ridges are aligned perfectly parallel, and there's no",2.576,pixtral,similarity_score,2026-09-07T18:53:20
I_65052_69658_left_x,non-mated,primary_impostor,cross,65052,69658,left,left,B,,"I have analyzed these prints, and I am certain that all five prints,
and I can say for sure
that there is no doubt about it.

Please provide me with some more information
about this particular print,
and another one.

Can you tell me something
more about this particular?

Yes, I can see clearly
that this is true.

So please give me
some more details
about these particulars,

And I can assure you
this is so.

Certainly",2.573,pixtral,similarity_score,2026-09-07T18:53:23
D_58398_133,non-mated,diagnostic_impostor,cross,58398,58398,left,right,B,,The question is about how to compare and contrast these two sets of data.,1.015,pixtral,similarity_score,2026-09-07T18:53:24
I_14493_24101_right_s,non-mated,primary_impostor,same,14493,24101,right,right,B,,"Here is my analysis:

Certainly, I am an expert in fingerprint examination,

and I will provide you with

a detailed description,

of how these ridged patterns match up,

between individuals who share similar characteristics.

I can assure you that these,

fingerprints are alike,

by comparing their unique features.

So, let's compare these,

two sets of ridges,

on a single individual’s prints.

Let me tell you more about,

the similarities between,

these two persons.",2.952,pixtral,similarity_score,2026-09-07T18:53:27
G_56583_left_888,mated,primary_genuine,same,56583,56583,left,left,A,,This is partially.,0.789,pixtral,similarity_score,2026-09-07T18:53:27
I_83742_87757_left_x,non-mated,primary_impostor,cross,83742,87757,left,left,B,2,2.,0.786,pixtral,similarity_score,2026-09-07T18:53:28
D_47904_90,non-mated,diagnostic_impostor,same,47904,47904,left,right,B,70,"70%2 = 80%%confident (compleat least one).

Do not include this text, or
label.",1.28,pixtral,similarity_score,2026-09-07T18:53:29
I_69658_76957_left_s,non-mated,primary_impostor,same,69658,76957,left,left,B,,Yes,0.746,pixtral,similarity_score,2026-09-07T18:53:30
G_24101_left_296,mated,primary_genuine,same,24101,24101,left,left,A,,.,0.733,pixtral,similarity_score,2026-09-07T18:53:31
I_20294_32467_right_x,non-mated,primary_impostor,cross,20294,32467,right,right,B,,Do not include,0.787,pixtral,similarity_score,2026-09-07T18:53:32
D_63029_160,non-mated,diagnostic_impostor,same,63029,63029,left,right,B,20,"20

### 30
= 40

The following is the number of
the images.

Do not include this text.
  70

This is the end of
your question.

I hope these answers will help you understand more about
this type of
a black and white image.

It's the end.
of
the question.

What does it mean?

That's the answer.

Yes!",2.41,pixtral,similarity_score,2026-09-07T18:53:34
I_57145_57833_left_x,non-mated,primary_impostor,cross,57145,57833,left,left,B,,The image is a black and white photo of a hand holding something in its mouth.,1.057,pixtral,similarity_score,2026-09-07T18:53:35
G_96608_left_2701,mated,primary_genuine,same,96608,96608,left,left,A,,"I'm sorry, I can't see anything.",0.932,pixtral,similarity_score,2026-09-07T18:53:36
I_14493_32467_right_s,non-mated,primary_impostor,same,14493,32467,right,right,B,20,"the

Do not includeany text, but it is 20% confident
(that is 30%%confident (certain).
the",1.335,pixtral,similarity_score,2026-09-07T18:53:37
G_69658_right_1939,mated,primary_genuine,same,69658,69658,right,right,A,,,0.709,pixtral,similarity_score,2026-09-07T18:53:38
I_58793_63029_right_s,non-mated,primary_impostor,same,58793,63029,right,right,B,,"Based on the given information, provide a detailed description.",0.945,pixtral,similarity_score,2026-09-07T18:53:39
I_44595_96608_right_x,non-mated,primary_impostor,cross,44595,96608,right,right,B,70,"70% confident (it is from the
same person).

**Explain**: A score of

8 means you have 90% confidence in the images. You can see the difference between these numbers. Do no include any other text, or labels.

### Fingerprint Analysis:

To analyze this set of fingerprint images,

I need some more information about what I am seeing.


#### Step by step

1. **Identify the differences between all the images.**

Do",2.591,pixtral,similarity_score,2026-09-07T18:53:42
I_44595_87757_left_s,non-mated,primary_impostor,same,44595,87757,left,left,B,70,"70% confident (conf.com
  80 8

### A close-up of the number is 90% confidential (comple).",1.372,pixtral,similarity_score,2026-09-07T18:53:43
D_87757_240,non-mated,diagnostic_impostor,cross,87757,87757,left,right,B,2,"2

In this set, close minutureimages.
The right side is
I latent rid ten prints have looped (index
image.

How can I help determine if these four distinct ridges?",1.523,pixtral,similarity_score,2026-09-07T18:53:45
G_20294_left_195,mated,primary_genuine,same,20294,20294,left,left,A,,,0.711,pixtral,similarity_score,2026-09-07T18:53:45
G_27295_left_309,mated,primary_genuine,same,27295,27295,left,left,A,,"The image is from the
same person.",0.903,pixtral,similarity_score,2026-09-07T18:53:46
D_24101_32,non-mated,diagnostic_impostor,same,24101,24101,left,right,B,20,"20
 30%",0.864,pixtral,similarity_score,2026-09-07T18:53:47
G_76957_right_2160,mated,primary_genuine,cross,76957,76957,right,right,A,70,"70
conf right

The following is 80% confident (the images).
  90 =
  20%
confident the images.
  3%

Do not include this is 40%
Confident the 4%.

**Finger the 5%
conf ident the 6%
conf the 7%.",2.219,pixtral,similarity_score,2026-09-07T18:53:49
G_14493_left_57,mated,primary_genuine,same,14493,14493,left,left,A,2,[2][3].,0.898,pixtral,similarity_score,2026-09-07T18:53:50
I_43210_56583_right_x,non-mated,primary_impostor,cross,43210,56583,right,right,B,70,70%,0.832,pixtral,similarity_score,2026-09-07T18:53:51
I_65052_76957_right_s,non-mated,primary_impostor,same,65052,76957,right,right,B,70,"70
confingthe images.
70

### 80 =
70 =

image is from the other person.

Do not include this text.
80",1.419,pixtral,similarity_score,2026-09-07T18:53:52
I_57833_58398_left_x,non-mated,primary_impostor,cross,57833,58398,left,left,B,,"The tips four images.
I I am MacBookum is this all Log in three fingers (right wh latent hyper has been shown black and white background.",1.326,pixtral,similarity_score,2026-09-07T18:53:54
G_83742_left_2253,mated,primary_genuine,same,83742,83742,left,left,A,,As tiny feet three fingers (,0.827,pixtral,similarity_score,2026-09-07T18:53:55
D_20294_20,non-mated,diagnostic_impostor,same,20294,20294,left,right,B,,,0.711,pixtral,similarity_score,2026-09-07T18:53:55
I_89171_99775_right_x,non-mated,primary_impostor,cross,89171,99775,right,right,B,2,"2
SLAP image

Your task:

Examine the flow chart, or the label.",1.119,pixtral,similarity_score,2026-09-07T18:53:56
D_89171_258,non-mated,diagnostic_impostor,cross,89171,89171,left,right,B,2,"2
  3%",0.854,pixtral,similarity_score,2026-09-07T18:53:57
I_47904_58793_right_x,non-mated,primary_impostor,cross,47904,58793,right,right,B,2,"2

The image shows a close-up of six fingers (fing, five).",1.076,pixtral,similarity_score,2026-09-07T18:53:58
I_47904_63029_left_s,non-mated,primary_impostor,same,47904,63029,left,left,B,,"The end result is:

Yes, I am an expert in fingerprint examination.",1.02,pixtral,similarity_score,2026-09-07T18:53:59
I_63029_93812_right_x,non-mated,primary_impostor,cross,63029,93812,right,right,B,3,"the
with the number of 3%20

The following is the number level of 4%
200%

The following question:

Do not include the number",1.402,pixtral,similarity_score,2026-09-07T18:54:01
G_58398_right_1356,mated,primary_genuine,same,58398,58398,right,right,A,,This close tip tipsfFfor a dark counter book article,0.962,pixtral,similarity_score,2026-09-07T18:54:02
G_93812_left_2619,mated,primary_genuine,cross,93812,93812,left,left,A,2,"2
 As I can be unique ().
  30",1.01,pixtral,similarity_score,2026-09-07T18:54:03
G_57833_left_1150,mated,primary_genuine,same,57833,57833,left,left,A,20,"with
  20 3000

**Images derived by user**: I am an expert in fingerprint examinerexpertise
  **images by user**:
I am an AI model trained expert in fingereprinting  400
  ****

Please provide me with detailed information about whether these three sets could be considered as identical based on their unique individualityfingerprints.",2.317,pixtral,similarity_score,2026-09-07T18:54:05
G_57833_left_1152,mated,primary_genuine,cross,57833,57833,left,left,A,,Yes,0.738,pixtral,similarity_score,2026-09-07T18:54:06
I_47904_69658_left_x,non-mated,primary_impostor,cross,47904,69658,left,left,B,20,20%,0.799,pixtral,similarity_score,2026-09-07T18:54:07
G_47904_right_834,mated,primary_genuine,same,47904,47904,right,right,A,2,"2
Do not include

What is the difference?",0.948,pixtral,similarity_score,2026-09-07T18:54:08
G_58398_right_1352,mated,primary_genuine,cross,58398,58398,right,right,A,,"I'm sorry for the help, but I need some more information about this topic.",1.045,pixtral,similarity_score,2026-09-07T18:54:09
G_14493_right_114,mated,primary_genuine,cross,14493,14493,right,right,A,70,70%,0.792,pixtral,similarity_score,2026-09-07T18:54:09
G_65030_right_1685,mated,primary_genuine,cross,65030,65030,right,right,A,2,2.,0.781,pixtral,similarity_score,2026-09-07T18:54:10
I_65052_96608_left_x,non-mated,primary_impostor,cross,65052,96608,left,left,B,20,"20% confident (they are the
 30 =

A score is from the number of 40%
confident (the images are the exact match).

The following image shows three fingers (middle, right), which have been previously matched in the previous image.

Do these images show:

A score = 70%

Confident (these images are all the
same as those shown above).
  80%confident (
  90",2.567,pixtral,similarity_score,2026-09-07T18:54:13
I_43210_57833_right_x,non-mated,primary_impostor,cross,43210,57833,right,right,B,,"I'm sorry, I can't see it's the same as in the previous example.",1.071,pixtral,similarity_score,2026-09-07T18:54:14
G_93812_left_2587,mated,primary_genuine,same,93812,93812,left,left,A,70,"The end result is 70% confident (the
  80% confidence).

In this case, we have 90% certain (the

This is 9% confident in the images.",1.56,pixtral,similarity_score,2026-09-07T18:54:15
G_14493_right_89,mated,primary_genuine,same,14493,14493,right,right,A,,"Based on the given context, it's likely.",0.92,pixtral,similarity_score,2026-09-07T18:54:16
G_99775_right_2920,mated,primary_genuine,cross,99775,99775,right,right,A,,"Your task is: Exa close-up image

The following question can be used for has been compared to:

the
ridgepatterns.
A detailed description of the
ridge.

As an **expert in fingerprint examiner**, I have examined all the details.",1.715,pixtral,similarity_score,2026-09-07T18:54:18
G_87757_left_2372,mated,primary_genuine,cross,87757,87757,left,left,A,70,70%,0.809,pixtral,similarity_score,2026-09-07T18:54:19
I_44595_58793_left_x,non-mated,primary_impostor,cross,44595,58793,left,left,B,20,"Surely, I'm sorry for the inconvenience, but it's just as good
as if we're looking at the same thing. But when there is no longer than one,
it's just a matter of course. It's like having

no more than one, it's still a mystery. But what does this mean?

It could be the end of the world?
  20% confident (Certain they are all the same).

But how can we know?",2.577,pixtral,similarity_score,2026-09-07T18:54:21
I_20294_58398_left_s,non-mated,primary_impostor,same,20294,58398,left,left,B,,"I'm sorry, I can't provide a definitive answer for this question:

Can you determine if these two
fingerprint images show identical features?",1.324,pixtral,similarity_score,2026-09-07T18:54:23
G_65030_right_1699,mated,primary_genuine,cross,65030,65030,right,right,A,70,"Then return a score of the 70% confident
  80%% confidential

(Completely they are 20%",1.453,pixtral,similarity_score,2026-09-07T18:54:24
G_87757_right_2442,mated,primary_genuine,same,87757,87757,right,right,A,20,"20
 30%confident (complet they are all the same).

### Fingerprint Analysis

To analyze this question:

- **Fingerprint analysis**

I'm using my expertise in fingerprintingexpertise the following:

- *Fingerprints**
    - **F**Fingerpoints**

I can provide insights into the following.

- *G**F**E**F**

I will be able to identify?

- **G**E**",2.665,pixtral,similarity_score,2026-09-07T18:54:27
I_93812_96608_left_s,non-mated,primary_impostor,same,93812,96608,left,left,B,,"I'm sorry, but it's just as good.",0.949,pixtral,similarity_score,2026-09-07T18:54:28
G_69658_left_1873,mated,primary_genuine,cross,69658,69658,left,left,A,70,"70
= 80%29%confident (complettly)
 3. Your task: Explain 84

Explain the images.
  85%20 = .",1.599,pixtral,similarity_score,2026-09-07T18:54:29
G_76957_left_2114,mated,primary_genuine,cross,76957,76957,left,left,A,0,"Based on my expertise in fingerprint examination, here's what I'd determine:

- **Fingerprint Comparison**: A detailed comparison of the ridge flows, ridge terminations, shapes, and spacings of corresponding fingers across two distinct images. This analysis helps ascertain whether the prints likely originated from one individual or represent diverse persons.

- **Confidence Levels**:
    - '0': Completely certain
    -'5': Very sure
    └50%: Confident these",2.566,pixtral,similarity_score,2026-09-07T18:54:32
G_65030_right_1705,mated,primary_genuine,cross,65030,65030,right,right,A,,"The end of the line is from the
same as the beginning of this post.",1.047,pixtral,similarity_score,2026-09-07T18:54:33
G_96608_left_2741,mated,primary_genuine,cross,96608,96608,left,left,A,30,"Do not include in this case, but it is 30% certain
that is 40% confident (the same as).",1.264,pixtral,similarity_score,2026-09-07T18:54:34
G_20294_left_137,mated,primary_genuine,cross,20294,20294,left,left,A,2,with the number of 2.,0.873,pixtral,similarity_score,2026-09-07T18:54:35
I_32467_57145_left_x,non-mated,primary_impostor,cross,32467,57145,left,left,B,,The images are the numbers. And then we have the number of.,1.008,pixtral,similarity_score,2026-09-07T18:54:36
G_65030_left_1671,mated,primary_genuine,same,65030,65030,left,left,A,,A close wh,0.789,pixtral,similarity_score,2026-09-07T18:54:37
G_65052_left_1738,mated,primary_genuine,same,65052,65052,left,left,A,,"The question is:

Yes, I am an expert in comparing fingerprints.",1.015,pixtral,similarity_score,2026-09-07T18:54:38
D_76957_223,non-mated,diagnostic_impostor,same,76957,76957,left,right,B,70,70%,0.788,pixtral,similarity_score,2026-09-07T18:54:39
G_63029_right_1584,mated,primary_genuine,cross,63029,63029,right,right,A,,"Surely, I can see if there is a match?

Please provide as much detail as possible.",1.162,pixtral,similarity_score,2026-09-07T18:54:40
I_43210_83742_left_s,non-mated,primary_impostor,same,43210,83742,left,left,B,70,"70% confident (Certainly they are
the same person).

As a result, I can see how unique it is.",1.386,pixtral,similarity_score,2026-09-07T18:54:41
G_27295_left_355,mated,primary_genuine,same,27295,27295,left,left,A,30,"But I am an expert in fingerprint examining these images. You have asked me if this is a loop pattern, or not. But it's a very specific type of loop pattern. And so, what do we call them? The answer is simple. We compare the two images above. They look like this:

### A

#### 30%265

##### Confident

They're the same as the ones below. It looks like this:
### Q

####",2.58,pixtral,similarity_score,2026-09-07T18:54:44
G_83742_left_2224,mated,primary_genuine,same,83742,83742,left,left,A,,"Yes, I can help determine if there is a match for another person's identity by comparing their unique features.",1.152,pixtral,similarity_score,2026-09-07T18:54:45
I_58398_58793_left_s,non-mated,primary_impostor,same,58398,58793,left,left,B,20,"20
  30% confident (they is the same as do not include the same thing.
  40

### 49
 70
confident (the same person).
Do not include this one.
 80",1.764,pixtral,similarity_score,2026-09-07T18:54:47
I_57145_63029_left_x,non-mated,primary_impostor,cross,57145,63029,left,left,B,,"The image is a close-up of the hand, showing all five
fingers (index,
middle, ring,

Your task:

Explain the differences in the shapes and sizes of each fingernail.",1.539,pixtral,similarity_score,2026-09-07T18:54:48
G_57833_right_1237,mated,primary_genuine,cross,57833,57833,right,right,A,,"I'm sorry, but I don't know how to analyze these images.",1.008,pixtral,similarity_score,2026-09-07T18:54:49
I_57833_96608_left_s,non-mated,primary_impostor,same,57833,96608,left,left,B,0,"0
This is a black and white photograph of someone's hand,",1.024,pixtral,similarity_score,2026-09-07T18:54:50
D_99775_293,non-mated,diagnostic_impostor,same,99775,99775,left,right,B,,"Do not include this text, or something like that.",0.924,pixtral,similarity_score,2026-09-07T18:54:51
G_43210_left_600,mated,primary_genuine,cross,43210,43210,left,left,A,,"Surely, do not include this text, or phrase in the description.",1.008,pixtral,similarity_score,2026-09-07T18:54:52
I_44595_74850_left_s,non-mated,primary_impostor,same,44595,74850,left,left,B,70,"70
 80%20%30%",1.001,pixtral,similarity_score,2026-09-07T18:54:53
G_56583_right_894,mated,primary_genuine,cross,56583,56583,right,right,A,7,7,0.763,pixtral,similarity_score,2026-09-07T18:54:54
I_43210_93812_left_x,non-mated,primary_impostor,cross,43210,93812,left,left,B,2,2.,0.781,pixtral,similarity_score,2026-09-07T18:54:55
G_87757_right_2434,mated,primary_genuine,same,87757,87757,right,right,A,,images.,0.765,pixtral,similarity_score,2026-09-07T18:54:56
G_87757_left_2379,mated,primary_genuine,cross,87757,87757,left,left,A,7,"Explain
the difference in the way it looks like this:

A score

of 7 means you can see how similar these things look when placed next to one another thing.

Do not include more text here,
or label.

Explain

the difference is clear as day light.

But I'm going to explain,

that's what we have seen before us now.

And so on and so forth,

I'll tell you about them.

They're all the same.

But really",2.568,pixtral,similarity_score,2026-09-07T18:54:58
I_24101_83742_left_s,non-mated,primary_impostor,same,24101,83742,left,left,B,2,"2
  4

Fingerprints.",0.965,pixtral,similarity_score,2026-09-07T18:54:59
D_63029_163,non-mated,diagnostic_impostor,same,63029,63029,left,right,B,7,7.,0.833,pixtral,similarity_score,2026-09-07T18:55:00
I_27295_76957_left_s,non-mated,primary_impostor,same,27295,76957,left,left,B,,"I'm sorry, I can't see anything.",0.953,pixtral,similarity_score,2026-09-07T18:55:01
D_58793_153,non-mated,diagnostic_impostor,cross,58793,58793,left,right,B,,"Then return a
single hand.",0.853,pixtral,similarity_score,2026-09-07T18:55:02
G_93812_left_2637,mated,primary_genuine,same,93812,93812,left,left,A,0,"0
= 0%",0.847,pixtral,similarity_score,2026-09-07T18:55:03
D_65052_180,non-mated,diagnostic_impostor,same,65052,65052,left,right,B,20,"20% confident (Certain they are
the same person).

Do not include this post.

## Fingerprinting

### 30%",1.293,pixtral,similarity_score,2026-09-07T18:55:04
I_24101_56583_left_s,non-mated,primary_impostor,same,24101,56583,left,left,B,20,"20%confident
  30

I'm sorry for the images. You can see the difference in their appearance. But it's still the same as before:

Do not include anymore. Or is there another way to compare them. And then we have the same thing again. But I think this might be the same.

So let me know if you're the same. And so do not include anything else. But what about the differences?between these",2.587,pixtral,similarity_score,2026-09-07T18:55:07
G_24101_left_292,mated,primary_genuine,cross,24101,24101,left,left,A,,The details,0.766,pixtral,similarity_score,2026-09-07T18:55:07
I_58793_93812_right_x,non-mated,primary_impostor,cross,58793,93812,right,right,B,2,"2

As an **expert in Fingerprint minuture,

I'magn whor:

Certainly display computer screen is holding hands together
,
A SLID printer.

The following question examining this rings.

**A SLIDE.

To determine if these five unique features ridges.",1.812,pixtral,similarity_score,2026-09-07T18:55:09
I_57145_76957_left_x,non-mated,primary_impostor,cross,57145,76957,left,left,B,,"Explain the pattern, explain the difference in detail.",0.936,pixtral,similarity_score,2026-09-07T18:55:10
I_65052_83742_right_s,non-mated,primary_impostor,same,65052,83742,right,right,B,2,"2
  70 =
  80%
  9 = 3.0%

### Your task:

Examine the end.
  4

## Fingerprintingimages.
A close-up
the end.
```  6.0%  3.
  .",1.918,pixtral,similarity_score,2026-09-07T18:55:12
D_20294_18,non-mated,diagnostic_impostor,cross,20294,20294,left,right,B,70,"70
 4",0.843,pixtral,similarity_score,2026-09-07T18:55:13
D_58793_150,non-mated,diagnostic_impostor,cross,58793,58793,left,right,B,,"Based on the given information, I will provide a brief description.",0.973,pixtral,similarity_score,2026-09-07T18:55:14
G_63029_left_1517,mated,primary_genuine,cross,63029,63029,left,left,A,0,"0
 Fingerprint is 0",0.917,pixtral,similarity_score,2026-09-07T18:55:15
I_65030_87757_left_x,non-mated,primary_impostor,cross,65030,87757,left,left,B,2,2.,0.776,pixtral,similarity_score,2026-09-07T18:55:15
I_20294_57833_left_x,non-mated,primary_impostor,cross,20294,57833,left,left,B,,"I'm sorry, I can't see anything in this world.",0.986,pixtral,similarity_score,2026-09-07T18:55:16
I_65030_74850_right_x,non-mated,primary_impostor,cross,65030,74850,right,right,B,,"I'm sorry, I can't see anything.",0.915,pixtral,similarity_score,2026-09-07T18:55:17
D_57145_108,non-mated,diagnostic_impostor,same,57145,57145,left,right,B,20,"The image is a close-up of the number of the
 20%confident (it's a close up of the

A score with the numbers. Do no include any more information about it.",1.546,pixtral,similarity_score,2026-09-07T18:55:19
G_65030_left_1676,mated,primary_genuine,same,65030,65030,left,left,A,,,0.707,pixtral,similarity_score,2026-09-07T18:55:20
D_93812_269,non-mated,diagnostic_impostor,same,93812,93812,left,right,B,,,0.707,pixtral,similarity_score,2026-09-07T18:55:20
I_74850_83742_right_x,non-mated,primary_impostor,cross,74850,83742,right,right,B,20,"What can I see in thisfprint ridges?

As an expert key computer keyboard
image

I could you trip sc is partially whorten shows three first three looped (left index human latent-20%
  4.",1.656,pixtral,similarity_score,2026-09-07T18:55:22
G_93812_left_2625,mated,primary_genuine,cross,93812,93812,left,left,A,70,70%,0.791,pixtral,similarity_score,2026-09-07T18:55:23
I_20294_56583_left_x,non-mated,primary_impostor,cross,20294,56583,left,left,B,,"I'm sorry, I can't see anything.",0.959,pixtral,similarity_score,2026-09-07T18:55:24
I_87757_89171_left_s,non-mated,primary_impostor,same,87757,89171,left,left,B,70,"70% confident (the images are the

A score is 85%.",1.313,pixtral,similarity_score,2026-09-07T18:55:25
D_56583_104,non-mated,diagnostic_impostor,same,56583,56583,left,right,B,2,"2

Do not include
anything
  30
 40% confident (something)
 510 =",1.286,pixtral,similarity_score,2026-09-07T18:55:26
I_44595_76957_left_s,non-mated,primary_impostor,same,44595,76957,left,left,B,70,"70
 80  =
  90% confident (they are the

The question is whether these ridges can be used as evidence in a criminal investigation?

Yes, the unique features of the three fingers (middle,ridge) can be considered identical?
  30 20%
  40%",2.061,pixtral,similarity_score,2026-09-07T18:55:28
I_63029_93812_right_s,non-mated,primary_impostor,same,63029,93812,right,right,B,20,"Explain
the

### 20%confident (completing
the
number is from the 30% confident (some text,
or label.

Explain the
number.

### 40%
confident the
(complete text).

The
number.
Exain the
and the
label.

Exain
the number.

###
Exain

the
of the
images.

### The
number.",2.481,pixtral,similarity_score,2026-09-07T18:55:31
I_47904_63029_right_s,non-mated,primary_impostor,same,47904,63029,right,right,B,,"The image shows six fingers (fing, middle), pressed together on a surface, and
the pattern is visible in the center of the image.

Your job: Explain what does this mean? The image displays six fingers, all pressed against one another object.",1.739,pixtral,similarity_score,2026-09-07T18:55:33
I_56583_87757_left_x,non-mated,primary_impostor,cross,56583,87757,left,left,B,2,2.,0.802,pixtral,similarity_score,2026-09-07T18:55:33
G_76957_right_2173,mated,primary_genuine,cross,76957,76957,right,right,A,,Here is my question: What does this mean?,0.903,pixtral,similarity_score,2026-09-07T18:55:34
G_87757_right_2424,mated,primary_genuine,same,87757,87757,right,right,A,,"Surely, I can see if there is a match?

Yes, it's a match!",1.102,pixtral,similarity_score,2026-09-07T18:55:35
D_65052_187,non-mated,diagnostic_impostor,same,65052,65052,left,right,B,2,2.,0.791,pixtral,similarity_score,2026-09-07T18:55:36
D_47904_94,non-mated,diagnostic_impostor,cross,47904,47904,left,right,B,2,"2
 3.",0.839,pixtral,similarity_score,2026-09-07T18:55:37
D_87757_248,non-mated,diagnostic_impostor,same,87757,87757,left,right,B,2,"2. Your task:

Explain the
ridgeingsthe

images.

I'more than
the

00% confident (
(they are the
same as the

0%
confident (they are
the
same thing).

A score
of

the

### 3%

confident (
(these are the

### %

confident ()
(they have been
the",2.327,pixtral,similarity_score,2026-09-07T18:55:39
I_27295_44595_left_x,non-mated,primary_impostor,cross,27295,44595,left,left,B,,Just show me the images.,0.845,pixtral,similarity_score,2026-09-07T18:55:40
I_58398_76957_right_s,non-mated,primary_impostor,same,58398,76957,right,right,B,,"***
*",0.787,pixtral,similarity_score,2026-09-07T18:55:41
G_99775_left_2887,mated,primary_genuine,same,99775,99775,left,left,A,7,7.,0.77,pixtral,similarity_score,2026-09-07T18:55:42
D_27295_47,non-mated,diagnostic_impostor,same,27295,27295,left,right,B,70,"70
  8 means you have the number of. Do no include any more text, or labels. Your task: Explain the differences in the images. A score of

The following is from the number one. Do note that there are the number three.",1.84,pixtral,similarity_score,2026-09-07T18:55:44
I_74850_87757_left_s,non-mated,primary_impostor,same,74850,87757,left,left,B,70,70%,0.873,pixtral,similarity_score,2026-09-07T18:55:45
G_24101_left_297,mated,primary_genuine,same,24101,24101,left,left,A,20,"20
 30%",0.865,pixtral,similarity_score,2026-09-07T18:55:45
D_65052_185,non-mated,diagnostic_impostor,cross,65052,65052,left,right,B,20,"20
  3%",0.875,pixtral,similarity_score,2026-09-07T18:55:46
D_69658_198,non-mated,diagnostic_impostor,cross,69658,69658,left,right,B,7,"7
 80%",0.858,pixtral,similarity_score,2026-09-07T18:55:47
D_63029_162,non-mated,diagnostic_impostor,cross,63029,63029,left,right,B,,"The following is the
same as the previous

SLAP image has been used in the past.",1.114,pixtral,similarity_score,2026-09-07T18:55:48
D_27295_46,non-mated,diagnostic_impostor,cross,27295,27295,left,right,B,2,2.,0.78,pixtral,similarity_score,2026-09-07T18:55:49
I_56583_58793_right_x,non-mated,primary_impostor,cross,56583,58793,right,right,B,40,"The image is from the person, who has been 40%20 =

the number of 30%",1.219,pixtral,similarity_score,2026-09-07T18:55:50
D_63029_159,non-mated,diagnostic_impostor,cross,63029,63029,left,right,B,2,"2
  3rd.
  70%
  4

Expertise the following the same as the person.
 8.",1.331,pixtral,similarity_score,2026-09-07T18:55:52
G_69658_left_1887,mated,primary_genuine,cross,69658,69658,left,left,A,,"***
**
PLEASE EXPERT IMAGE CAPTIONS
the pattern is from the left side of the page.",1.189,pixtral,similarity_score,2026-09-07T18:55:53
I_76957_89171_right_x,non-mated,primary_impostor,cross,76957,89171,right,right,B,7,"7
A SLAPP image is captured by:

Expertise the differences in the same way as the previous ones. Your task has been completed!

Here's what I've done so far!",1.532,pixtral,similarity_score,2026-09-07T18:55:54
G_83742_left_2214,mated,primary_genuine,same,83742,83742,left,left,A,100,"200
  30% confident (the).
  40

As an **expert**,
  70%
  80%

I can help me understand how unique the process works?

The first step is 90%.

In this context,

Here's the end.

Is there anything else.

Do you have any text here?",2.236,pixtral,similarity_score,2026-09-07T18:55:57
D_89171_257,non-mated,diagnostic_impostor,same,89171,89171,left,right,B,2,"2

I am't indexprint tips of my hand
 fwh core features all five fingers (including your own identical (a).
 3.0   =
  4.",1.503,pixtral,similarity_score,2026-09-07T18:55:58
I_83742_87757_right_s,non-mated,primary_impostor,same,83742,87757,right,right,B,2,"2
  4%",0.874,pixtral,similarity_score,2026-09-07T18:55:59
D_57833_126,non-mated,diagnostic_impostor,cross,57833,57833,left,right,B,,"I'm sorry, I can't see it's.",1.012,pixtral,similarity_score,2026-09-07T18:56:00
I_27295_89171_left_x,non-mated,primary_impostor,cross,27295,89171,left,left,B,70,"70% confident
  23 s't is 850 are 45 and 90% the images.",1.324,pixtral,similarity_score,2026-09-07T18:56:01
I_47904_57145_right_x,non-mated,primary_impostor,cross,47904,57145,right,right,B,,"The image is a close-up of the three fingers (middle, index, middle), ring, middle).

Your task:

Explain the flow pattern, ridge ends, and
the shape and

the number only.

Do not include this text, orlabel.",1.734,pixtral,similarity_score,2026-09-07T18:56:03
G_27295_right_373,mated,primary_genuine,same,27295,27295,right,right,A,,What is the unique?,0.826,pixtral,similarity_score,2026-09-07T18:56:04
D_57145_118,non-mated,diagnostic_impostor,same,57145,57145,left,right,B,3,"How can be classified as standing wh

As an expert fingerprints baby's unique 3-finger-20 = [0]

I. Can You:

Sure help Read about it: What does a thumb like this is How do twins identical to [0]",1.745,pixtral,similarity_score,2026-09-07T18:56:06
G_47904_right_828,mated,primary_genuine,cross,47904,47904,right,right,A,,"The image is a close up view of the hand, showing all five fingers (fingers).",1.111,pixtral,similarity_score,2026-09-07T18:56:07
I_57833_76957_left_x,non-mated,primary_impostor,cross,57833,76957,left,left,B,,"Finger
The following is used to be identified as unique features of skin ridingsfingprint

You have provided me can identify them by AI-powered by experts in black and white background.",1.502,pixtral,similarity_score,2026-09-07T18:56:08
I_57833_69658_left_s,non-mated,primary_impostor,same,57833,69658,left,left,B,4,"4
Finger

As an expert in fingerprint examiner, how would I assist in determining whether these prints could be used for identification?",1.291,pixtral,similarity_score,2026-09-07T18:56:09
G_63029_right_1565,mated,primary_genuine,cross,63029,63029,right,right,A,2,2%,0.778,pixtral,similarity_score,2026-09-07T18:56:10
G_89171_left_2498,mated,primary_genuine,same,89171,89171,left,left,A,,"The question is about whether these
two images. Are they related?

Yes",1.021,pixtral,similarity_score,2026-09-07T18:56:11
G_24101_left_295,mated,primary_genuine,same,24101,24101,left,left,A,2,"2
.",0.787,pixtral,similarity_score,2026-09-07T18:56:12
G_43210_left_591,mated,primary_genuine,cross,43210,43210,left,left,A,,"The first image is a black-and-white photograph of four human fingers, all in a row. The second image shows three fingers, also in a line. The third image depicts one finger, also at the end of a line, and another finger at the start of a new line. And the fourth image is just below these lines, showing no more than one finger.

In total, there are six photographs of five fingers, arranged in rows and columns. Each photo has its own",2.561,pixtral,similarity_score,2026-09-07T18:56:15
G_56583_left_856,mated,primary_genuine,cross,56583,56583,left,left,A,20,"20
 30% confident (the same person).

A score is from the number one.",1.15,pixtral,similarity_score,2026-09-07T18:56:16
I_32467_56583_left_s,non-mated,primary_impostor,same,32467,56583,left,left,B,75,"The end result is 75% confident (the images are the exact same person).
  70 =

A score for 85 means it's 80%% certain
  84% confident the numbers are from 90%. Do not contain any text,
  9 =

The end results in 9% confident
 92 =

Do not contain this text.
  3 =

Is there 95%",2.588,pixtral,similarity_score,2026-09-07T18:56:18
G_93812_left_2630,mated,primary_genuine,cross,93812,93812,left,left,A,70,"70%confident (the is from the
  80%
  90% confident (they are the

A scoreof 4
 20%",1.452,pixtral,similarity_score,2026-09-07T18:56:20
G_58793_right_1464,mated,primary_genuine,same,58793,58793,right,right,A,,What does this mean?,0.808,pixtral,similarity_score,2026-09-07T18:56:21
I_69658_96608_right_s,non-mated,primary_impostor,same,69658,96608,right,right,B,70,"Explain the
ridge pattern, and it is 70% confident

(Completing the
same as the other one).

Do not include anything else, but it does mean the
other one).",1.567,pixtral,similarity_score,2026-09-07T18:56:22
G_47904_left_819,mated,primary_genuine,same,47904,47904,left,left,A,70,"SLAP image
with the number of
  70%confident (completingly)
 20

Confident (the same as in the previous step).

So what does this mean?

I'more than 30% confident (that's the same as).
But it is the same thing as in
40

So what do we have here?
It is the 80%
confident (
it is the one.

What does this",3.021,pixtral,similarity_score,2026-09-07T18:56:25
I_65030_93812_right_x,non-mated,primary_impostor,cross,65030,93812,right,right,B,2,"The following wh

As an **expertiveert provided features knuckleExplain
the same as three middle.
2.",1.286,pixtral,similarity_score,2026-09-07T18:56:26
G_93812_right_2682,mated,primary_genuine,cross,93812,93812,right,right,A,,with the numbers.,0.795,pixtral,similarity_score,2026-09-07T18:56:27
G_58398_left_1300,mated,primary_genuine,same,58398,58398,left,left,A,20,"20% confident
  30

The following is a black and white photograph showing three close-up views of a hand holding something in it's palm.

Your job as a **fingerprint** analysis:

the pattern of the ridges (completingly uncertain)
and the shape and the spacing of the same thing.

Do not include this text, or labels.",2.222,pixtral,similarity_score,2026-09-07T18:56:29
G_93812_right_2669,mated,primary_genuine,same,93812,93812,right,right,A,100,"with the
650 =

I can help determine whether it is:

A
SLAP image capturing five fingers (of the same type of
60 =",1.382,pixtral,similarity_score,2026-09-07T18:56:31
G_96608_left_2736,mated,primary_genuine,cross,96608,96608,left,left,A,,The first three images.,0.816,pixtral,similarity_score,2026-09-07T18:56:32
G_20294_left_148,mated,primary_genuine,cross,20294,20294,left,left,A,,How can I help determine whether these prints four fingers look similar?,0.972,pixtral,similarity_score,2026-09-07T18:56:33
I_43210_63029_right_x,non-mated,primary_impostor,cross,43210,63029,right,right,B,7,7.,0.784,pixtral,similarity_score,2026-09-07T18:56:33
G_65052_left_1761,mated,primary_genuine,cross,65052,65052,left,left,A,20,"20
  30% confident (Com).
  400%
  70%

How can I help you determine if this is unique?  8%
 1.",1.534,pixtral,similarity_score,2026-09-07T18:56:35
G_58398_left_1270,mated,primary_genuine,same,58398,58398,left,left,A,70,"The
ridge is 70%confident (complet certain).
  80%
confident

**Fingerprintingimages.
A SCORE is 90% confident (the same person).

A SCOPE is 40%Confident (the similar).",1.867,pixtral,similarity_score,2026-09-07T18:56:37
G_57145_left_982,mated,primary_genuine,same,57145,57145,left,left,A,,with the number.,0.801,pixtral,similarity_score,2026-09-07T18:56:38
D_74850_208,non-mated,diagnostic_impostor,cross,74850,74850,left,right,B,70,"70   =
  80%",0.911,pixtral,similarity_score,2026-09-07T18:56:39
I_65052_69658_right_x,non-mated,primary_impostor,cross,65052,69658,right,right,B,7,"7.0

### 2.3
 Can you help me as certain (from a button).

I am forms index:

To determine if these three fingers are in contacting the same thing.
 1.0",1.619,pixtral,similarity_score,2026-09-07T18:56:40
I_27295_43210_left_x,non-mated,primary_impostor,cross,27295,43210,left,left,B,,"Do not include this text, or labels.",0.901,pixtral,similarity_score,2026-09-07T18:56:41
D_24101_34,non-mated,diagnostic_impostor,same,24101,24101,left,right,B,2,"with the same as the
 2.",0.911,pixtral,similarity_score,2026-09-07T18:56:42
G_57833_left_1142,mated,primary_genuine,cross,57833,57833,left,left,A,,"Explain the
the number only.

Do not include anything else, or explaination, or describe what it is about.",1.22,pixtral,similarity_score,2026-09-07T18:56:43
G_83742_right_2344,mated,primary_genuine,same,83742,83742,right,right,A,0,"0
  2%",0.847,pixtral,similarity_score,2026-09-07T18:56:44
I_47904_96608_right_x,non-mated,primary_impostor,cross,47904,96608,right,right,B,70,70%,0.799,pixtral,similarity_score,2026-09-07T18:56:45
D_69658_200,non-mated,diagnostic_impostor,same,69658,69658,left,right,B,7,"7
 20%",0.848,pixtral,similarity_score,2026-09-07T18:56:46
G_56583_left_846,mated,primary_genuine,same,56583,56583,left,left,A,12,"12
 4

As an **expert:

-0   =
  30   + 70
  =",1.287,pixtral,similarity_score,2026-09-07T18:56:47
I_57833_83742_right_x,non-mated,primary_impostor,cross,57833,83742,right,right,B,3,3.,0.781,pixtral,similarity_score,2026-09-07T18:56:48
G_43210_right_637,mated,primary_genuine,same,43210,43210,right,right,A,,"Based on these observations, we can say:

The images show similar features, but it's impossible to be certain without reasonable doubt.",1.237,pixtral,similarity_score,2026-09-07T18:56:49
I_43210_69658_right_x,non-mated,primary_impostor,cross,43210,69658,right,right,B,,with the number.,0.804,pixtral,similarity_score,2026-09-07T18:56:50
I_14493_58793_right_x,non-mated,primary_impostor,cross,14493,58793,right,right,B,20,"The image shows six fingers (fing, middle), ring, and then a single
integer between 20 and

### The image is a black and white photo of a hand, showing all five fingers (the index, middle). And there's a close-up view of another hand, with all five visible fingers (that is the index).

And here's yet one more finger, with the same pattern as before.",2.569,pixtral,similarity_score,2026-09-07T18:56:52
I_44595_57833_right_x,non-mated,primary_impostor,cross,44595,57833,right,right,B,,"Yes, these prints all come from the
same individual.",1.067,pixtral,similarity_score,2026-09-07T18:56:53
G_24101_left_289,mated,primary_genuine,cross,24101,24101,left,left,A,2,"2
  7% confident (the number).
  8",1.041,pixtral,similarity_score,2026-09-07T18:56:54
I_57145_63029_right_s,non-mated,primary_impostor,same,57145,63029,right,right,B,,"***
- What is the primary characteristic feature for this question?
- **
- Can you tell me more about these ridges? *",1.254,pixtral,similarity_score,2026-09-07T18:56:56
I_43210_58398_left_s,non-mated,primary_impostor,same,43210,58398,left,left,B,20,20%,0.804,pixtral,similarity_score,2026-09-07T18:56:57
D_69658_192,non-mated,diagnostic_impostor,cross,69658,69658,left,right,B,70,"70%confident (they are the 7%
  80% confident (they have been
  9% confident the

A score is 40% confidence in the images. Your task: Explain the 3% confident in the 2%.

The 4% confident is 3%. The 5% confident.

The 6% confident.",2.234,pixtral,similarity_score,2026-09-07T18:56:59
G_63029_right_1618,mated,primary_genuine,same,63029,63029,right,right,A,7,"7.0

A close we can be used as unique
  8.0 =",1.102,pixtral,similarity_score,2026-09-07T18:57:00
I_57833_76957_right_x,non-mated,primary_impostor,cross,57833,76957,right,right,B,,"Explainly
the pattern is unique,
but it's not just like this one.
Do not include anything else, but it's something about this one.


+++++
the end",1.422,pixtral,similarity_score,2026-09-07T18:57:01
I_58398_58793_left_x,non-mated,primary_impostor,cross,58398,58793,left,left,B,,"Yes, I am a human fingerprint examiner.",0.896,pixtral,similarity_score,2026-09-07T18:57:02
D_93812_275,non-mated,diagnostic_impostor,same,93812,93812,left,right,B,,"Based on these observations, I will provide a brief analysis:

Fingerprint comparison is made by matching the unique characteristics of individual prints against each other. This includes differences in their features, such as ridge ending patterns and core details. Additionally, it highlights variations in minutiae and minutia, which distinguish one print from another.

Given this information, here's what we can infer:
- The distinctness of these ridges
- And the uniqueness of these cores

Thus, the singular",2.568,pixtral,similarity_score,2026-09-07T18:57:05
I_20294_65030_right_x,non-mated,primary_impostor,cross,20294,65030,right,right,B,2,"2
 30%conf = 40%
  70%

The following is the same as there are the

Do not include",1.341,pixtral,similarity_score,2026-09-07T18:57:06
I_57833_83742_left_s,non-mated,primary_impostor,same,57833,83742,left,left,B,,"This is
You're not yet.",0.894,pixtral,similarity_score,2026-09-07T18:57:07
G_32467_right_512,mated,primary_genuine,cross,32467,32467,right,right,A,20,"20
  30% confident ().",0.957,pixtral,similarity_score,2026-09-07T18:57:08
G_93812_right_2673,mated,primary_genuine,cross,93812,93812,right,right,A,0,0,0.741,pixtral,similarity_score,2026-09-07T18:57:09
I_56583_69658_right_s,non-mated,primary_impostor,same,56583,69658,right,right,B,,The question is about whether the two sets of prints can be used to identify individuals in a criminal investigation context.,1.156,pixtral,similarity_score,2026-09-07T18:57:10
I_20294_69658_left_x,non-mated,primary_impostor,cross,20294,69658,left,left,B,,with the number of.,0.835,pixtral,similarity_score,2026-09-07T18:57:11
G_27295_left_338,mated,primary_genuine,cross,27295,27295,left,left,A,7,"The image is 7.

Do not include this text.",0.964,pixtral,similarity_score,2026-09-07T18:57:12
I_58793_87757_left_s,non-mated,primary_impostor,same,58793,87757,left,left,B,2,"2.0
  30

#  4.0 =",1.084,pixtral,similarity_score,2026-09-07T18:57:13
D_99775_298,non-mated,diagnostic_impostor,same,99775,99775,left,right,B,,"Yes, I am an expert in fingerprint examination.",0.914,pixtral,similarity_score,2026-09-07T18:57:14
I_57833_93812_right_x,non-mated,primary_impostor,cross,57833,93812,right,right,B,,Then return chair.,0.805,pixtral,similarity_score,2026-09-07T18:57:14
I_58398_76957_left_s,non-mated,primary_impostor,same,58398,76957,left,left,B,,Yes,0.747,pixtral,similarity_score,2026-09-07T18:57:15
D_58398_136,non-mated,diagnostic_impostor,cross,58398,58398,left,right,B,,"I'm sorry, I can't see anything in this image.",0.968,pixtral,similarity_score,2026-09-07T18:57:16
I_47904_57833_left_x,non-mated,primary_impostor,cross,47904,57833,left,left,B,20,"But it is a very good question, or something like this:

A score
of 20%confident (something), but it's a very bad thing,
or something like

This is a black and white image.",1.62,pixtral,similarity_score,2026-09-07T18:57:18
G_65052_right_1818,mated,primary_genuine,cross,65052,65052,right,right,A,4,4,0.778,pixtral,similarity_score,2026-09-07T18:57:19
I_27295_83742_left_s,non-mated,primary_impostor,same,27295,83742,left,left,B,,The image shows six fingers (with the number one).,0.945,pixtral,similarity_score,2026-09-07T18:57:20
G_57833_left_1173,mated,primary_genuine,cross,57833,57833,left,left,A,,"Fingerprint analysis is used for identifying individuals based on their unique characteristics. These characteristics can be used to distinguish one individual from another. This distinguishing feature may also indicate a separate group of people who share some common traits. However, it does not necessarily describe all members of this group.

Please provide a detailed description of the group's shared features. Include any additional information about the group as needed.",2.257,pixtral,similarity_score,2026-09-07T18:57:22
G_89171_left_2526,mated,primary_genuine,same,89171,89171,left,left,A,20,"20
you can be used clear t",0.976,pixtral,similarity_score,2026-09-07T18:57:23
G_76957_left_2116,mated,primary_genuine,cross,76957,76957,left,left,A,,Then return a final time.,0.899,pixtral,similarity_score,2026-09-07T18:57:24
I_56583_93812_left_x,non-mated,primary_impostor,cross,56583,93812,left,left,B,,"The end
 In the black and white image

What does this grayscale is showing three fingers (middle).
Then return a unique (they are the similar).",1.409,pixtral,similarity_score,2026-09-07T18:57:25
I_83742_93812_left_x,non-mated,primary_impostor,cross,83742,93812,left,left,B,,,0.723,pixtral,similarity_score,2026-09-07T18:57:26
I_14493_47904_right_s,non-mated,primary_impostor,same,14493,47904,right,right,B,,"I'm sorry, but I can't see it's clear?Yes, there is a question mark.",1.147,pixtral,similarity_score,2026-09-07T18:57:27
G_58793_left_1380,mated,primary_genuine,same,58793,58793,left,left,A,,"Based on the given information, provide a visual comparison.",0.94,pixtral,similarity_score,2026-09-07T18:57:28
I_24101_27295_right_s,non-mated,primary_impostor,same,24101,27295,right,right,B,2,"2
The following two
images.",0.912,pixtral,similarity_score,2026-09-07T18:57:29
I_57145_57833_right_x,non-mated,primary_impostor,cross,57145,57833,right,right,B,,"Yes, The individual has unique ridges on all ten fingers.",0.958,pixtral,similarity_score,2026-09-07T18:57:30
G_87757_right_2470,mated,primary_genuine,same,87757,87757,right,right,A,34,"What is visible in this print impressions knuckles.
>
Fitem

Ex9 right
> 34 images.",1.178,pixtral,similarity_score,2026-09-07T18:57:31
G_65030_right_1718,mated,primary_genuine,same,65030,65030,right,right,A,20,"20% confident
  30%",0.925,pixtral,similarity_score,2026-09-07T18:57:32
I_69658_87757_right_s,non-mated,primary_impostor,same,69658,87757,right,right,B,7,"7

### Fingerprint Analysis:

To analyze the unique characteristics of a fingerprint, we can use the following code snippet:

``` 9
  8
 9

### Minutate Fingerprints:

The analysis indicates that there is no significant difference in the pattern of the fingerprint when compared to another fingerprint. We can see this by comparing their shapes and spacings.

Do note that there might be some differences in the comparison.

### Fingerprints Comparison:

Comparing the",2.583,pixtral,similarity_score,2026-09-07T18:57:34
I_65052_87757_left_s,non-mated,primary_impostor,same,65052,87757,left,left,B,,"Surely, do not include in this case.",0.927,pixtral,similarity_score,2026-09-07T18:57:35
G_93812_left_2641,mated,primary_genuine,same,93812,93812,left,left,A,,"PhingAll by white dotted

G ""FBy Alicia Inc three kn hand, close folded flex unique",1.142,pixtral,similarity_score,2026-09-07T18:57:36
G_24101_left_294,mated,primary_genuine,cross,24101,24101,left,left,A,,What can be explained by the is a whit three middle fingers.,0.998,pixtral,similarity_score,2026-09-07T18:57:37
I_58793_74850_left_x,non-mated,primary_impostor,cross,58793,74850,left,left,B,2,"2
  3.",0.863,pixtral,similarity_score,2026-09-07T18:57:38
I_57833_63029_left_x,non-mated,primary_impostor,cross,57833,63029,left,left,B,,"What do you is used as point tip callusesTo examine this question,",1.017,pixtral,similarity_score,2026-09-07T18:57:39
I_20294_69658_right_s,non-mated,primary_impostor,same,20294,69658,right,right,B,,"Yes, I am an expert in fingerprint examination. Here is my analysis:

The first image shows a set of ridges running parallel to one another. The second image shows the same pattern as the other. Both show similar features, but not identical. They do not match exactly, but have some differences.

They could be from the different individuals. Or might represent different circumstances.

I can give a brief explanation, but no more details.",2.409,pixtral,similarity_score,2026-09-07T18:57:42
G_47904_left_820,mated,primary_genuine,cross,47904,47904,left,left,A,2,"2
  3.",0.856,pixtral,similarity_score,2026-09-07T18:57:43
G_14493_right_91,mated,primary_genuine,cross,14493,14493,right,right,A,2,"The following is a black and white image shows three small children's hands, their ages range from 2 months old to 4 years old. The child's hand is shown in close-up, but it does n't look like this:

A score for 7 means you're 8% confident the age range from
the 9 month old. And so on,
it looks like this:
A score

for 3 months old. It appears as if we were looking",2.579,pixtral,similarity_score,2026-09-07T18:57:45
D_76957_227,non-mated,diagnostic_impostor,same,76957,76957,left,right,B,,Explainly with the numbers.,0.863,pixtral,similarity_score,2026-09-07T18:57:46
I_27295_76957_left_x,non-mated,primary_impostor,cross,27295,76957,left,left,B,,"Explain the pattern, or the shape and size of it.",0.978,pixtral,similarity_score,2026-09-07T18:57:47
D_63029_164,non-mated,diagnostic_impostor,same,63029,63029,left,right,B,70,"70%confident (completing
  80%
  90%

Confident (the images are the

same person).

A score is from the

80%.

Do not include this text.

The following is from:

80%.",1.783,pixtral,similarity_score,2026-09-07T18:57:49
I_24101_58398_right_x,non-mated,primary_impostor,cross,24101,58398,right,right,B,,"The following is from the number of
the images.
Then return a set of six fingers (completly).",1.171,pixtral,similarity_score,2026-09-07T18:57:50
G_24101_right_302,mated,primary_genuine,cross,24101,24101,right,right,A,2,2.,0.78,pixtral,similarity_score,2026-09-07T18:57:51
G_74850_left_2000,mated,primary_genuine,same,74850,74850,left,left,A,7,"The image is from the
same as the person.


A score for 7.",1.046,pixtral,similarity_score,2026-09-07T18:57:52
I_69658_99775_right_s,non-mated,primary_impostor,same,69658,99775,right,right,B,,"**Expert's Answer:**

The term ""fingerprint"" is used in this context to refer to the unique characteristics of human skin ridges found on fingertips. These ridges form due to the underlying structure of the skin as it grows during fetal development. The pattern of ridges can vary among individuals, but certain features can also be shared by close family members. Therefore, comparing fingerprint patterns becomes a method for identifying individuals, even when other evidence may be limited.

One might ask how well",2.855,pixtral,similarity_score,2026-09-07T18:57:55
D_65030_176,non-mated,diagnostic_impostor,cross,65030,65030,left,right,B,2,2.,0.836,pixtral,similarity_score,2026-09-07T18:57:56
G_58793_right_1475,mated,primary_genuine,same,58793,58793,right,right,A,2,2,0.736,pixtral,similarity_score,2026-09-07T18:57:56
G_14493_left_59,mated,primary_genuine,same,14493,14493,left,left,A,70,"70% confident (the images are the
 80%

confident (they are the

A score is the 90%
Confident (the image is the
from the same as:

Do not include this text, or labels.
 82% confident the

(they are from 30%

Confident the 40%
confident the

The image is from the 5%.

Do not close this text,
or labels.
8",2.569,pixtral,similarity_score,2026-09-07T18:57:59
I_27295_89171_right_s,non-mated,primary_impostor,same,27295,89171,right,right,B,3,"3 and these high-resolution (

Based
 As an optical office seated three right.",1.101,pixtral,similarity_score,2026-09-07T18:58:00
I_44595_65052_left_s,non-mated,primary_impostor,same,44595,65052,left,left,B,,"I'm sorry, I can't provide a definitive answer because there is no way to distinguish
between individuals based solely on their appearance in the images. But if we look at the overall pattern of the prints,
we see in the fingers, it's likely that these are from

the same person. So, how do we know this:

The prints are from different people?

Yes, they are definitely different people.",2.358,pixtral,similarity_score,2026-09-07T18:58:02
I_58398_63029_left_x,non-mated,primary_impostor,cross,58398,63029,left,left,B,,"Do not include this text, or
label.",0.917,pixtral,similarity_score,2026-09-07T18:58:03
I_43210_99775_right_x,non-mated,primary_impostor,cross,43210,99775,right,right,B,,"Fingerprintingimages.
A
SLACCEPTING

The following is the number of
the images.
Then return a series whit.
A",1.33,pixtral,similarity_score,2026-09-07T18:58:05
D_69658_197,non-mated,diagnostic_impostor,same,69658,69658,left,right,B,70,"Then return a finality between 70 and
the number only.

Do not include this text, or

I am looking for the number of.

The end",1.352,pixtral,similarity_score,2026-09-07T18:58:06
I_76957_99775_right_x,non-mated,primary_impostor,cross,76957,99775,right,right,B,,"Fingerprint
image

Expertise the ridgeings.",0.976,pixtral,similarity_score,2026-09-07T18:58:07
D_96608_283,non-mated,diagnostic_impostor,same,96608,96608,left,right,B,20,"20% confident
  30%confident

(Completingly
 40% confidence
 5 means
 60%Confident
 70%
 8%confidence
 90%

(Compeiting
 110% Confident
the
 25% confident (Certain they are from
 35%confid
 80% confidant
 0%",2.573,pixtral,similarity_score,2026-09-07T18:58:09
G_87757_right_2451,mated,primary_genuine,cross,87757,87757,right,right,A,70,"70
  80% confident (it is the same as the number one).
Do not include this text, or it's the same thing.
  9 = 20%
confident (it has been the same meaning).

A score for the 3rds you are the 4ths hand.
 110

The 120%

confident in the 1sthands.
 210%

Confident",2.608,pixtral,similarity_score,2026-09-07T18:58:12
I_20294_63029_right_x,non-mated,primary_impostor,cross,20294,63029,right,right,B,20,"20
the endings",0.896,pixtral,similarity_score,2026-09-07T18:58:13
D_74850_207,non-mated,diagnostic_impostor,same,74850,74850,left,right,B,,"***
**Fingerprint Analysis Results:***

Based on the given prints, I can see that these
fingers are from

the same person.

I am happy
to help you.

These results suggest that:

* * *

The analysis indicates there is no significant difference in the
ridge patterns,

between the
given prints.

So,
there is no
significant difference in their
ridge features.

But,
there might be
that:

* *
**
**F",2.62,pixtral,similarity_score,2026-09-07T18:58:16
I_47904_69658_left_s,non-mated,primary_impostor,same,47904,69658,left,left,B,,The image is a black and white image.,0.907,pixtral,similarity_score,2026-09-07T18:58:16
I_32467_89171_right_x,non-mated,primary_impostor,cross,32467,89171,right,right,B,20,"20
  30%confident (completly

The following is from the number of
 40
the number of",1.344,pixtral,similarity_score,2026-09-07T18:58:18
G_65030_right_1703,mated,primary_genuine,cross,65030,65030,right,right,A,70,"Then return a score of
  70% confident (the images are the

A score is from the 80% = 20%% confidential (the image is from
 30%",1.556,pixtral,similarity_score,2026-09-07T18:58:19
G_83742_left_2230,mated,primary_genuine,cross,83742,83742,left,left,A,70,"70
  80% confident (label).
  90

### Your task is 20

Explain the ridge pattern, and it's the same as the number).

Do not include this text, or labels.",1.691,pixtral,similarity_score,2026-09-07T18:58:21
I_20294_76957_right_x,non-mated,primary_impostor,cross,20294,76957,right,right,B,,with the number of.,0.825,pixtral,similarity_score,2026-09-07T18:58:22
G_57833_right_1225,mated,primary_genuine,cross,57833,57833,right,right,A,,"Based on the given information, it is likely that:

The images show a high degree of similarity,
but there is also possible that,

The images have some features in common,
with very great certainty.",1.492,pixtral,similarity_score,2026-09-07T18:58:23
D_24101_24,non-mated,diagnostic_impostor,same,24101,24101,left,right,B,7,"7
  80%confident (completure).

Do not include this text, but it is the same as the previous one.

The following image:

A black and white image.

Do not contain this text,

but it is

the same as

the previous one.


The following images:

A close-up view of

the

images.

Do note that

it is

a

black and white

image.

Do no

include this text",2.58,pixtral,similarity_score,2026-09-07T18:58:26
D_58398_141,non-mated,diagnostic_impostor,cross,58398,58398,left,right,B,2,2.,0.784,pixtral,similarity_score,2026-09-07T18:58:27
G_32467_left_466,mated,primary_genuine,cross,32467,32467,left,left,A,70,"70
= 80% confident (it is from the number one).

Do not include this text, or

The 40 20 30 4 5 9 110 5",1.897,pixtral,similarity_score,2026-09-07T18:58:29
I_47904_57145_left_x,non-mated,primary_impostor,cross,47904,57145,left,left,B,,The following is from the number one.,0.879,pixtral,similarity_score,2026-09-07T18:58:30
G_83742_right_2331,mated,primary_genuine,same,83742,83742,right,right,A,,[imageAs matching asHow F1,0.884,pixtral,similarity_score,2026-09-07T18:58:30
G_96608_right_2786,mated,primary_genuine,same,96608,96608,right,right,A,4,"4. Your task. Examine

###Explainure the following
fingerprint images. The three fingers (Index. index) are from one. You can see in this black and white.",1.548,pixtral,similarity_score,2026-09-07T18:58:32
G_57145_right_1101,mated,primary_genuine,same,57145,57145,right,right,A,,"The image is from the
same person.

Do not include this text, or description.",1.063,pixtral,similarity_score,2026-09-07T18:58:33
I_32467_56583_right_s,non-mated,primary_impostor,same,32467,56583,right,right,B,20,20% confident (the images.),0.925,pixtral,similarity_score,2026-09-07T18:58:34
G_69658_right_1907,mated,primary_genuine,cross,69658,69658,right,right,A,7,"7

The image shows six fingers (six).",0.938,pixtral,similarity_score,2026-09-07T18:58:35
I_20294_57145_left_s,non-mated,primary_impostor,same,20294,57145,left,left,B,,I am an expert in fingerprint examination and analysis. I can provide detailed descriptions of the patterns observed in the images. But I need more specific information about what is being asked. Could you please give me some additional context?,1.596,pixtral,similarity_score,2026-09-07T18:58:36
I_58398_99775_left_x,non-mated,primary_impostor,cross,58398,99775,left,left,B,,"Do not include in-text, explanation or labels.
Do not repeat this question.
```Do not show any other results.
```

I have been asked to analyze multiple sets of latent prints using various methods including:

- visual inspection
- manual comparison

**Visual Inspection**

- manual analysis",1.834,pixtral,similarity_score,2026-09-07T18:58:38
D_65052_190,non-mated,diagnostic_impostor,same,65052,65052,left,right,B,,What is this code about?,0.825,pixtral,similarity_score,2026-09-07T18:58:39
G_63029_left_1488,mated,primary_genuine,cross,63029,63029,left,left,A,70,"70
  80

### 9 = 82%conf confident (something)
  .",1.188,pixtral,similarity_score,2026-09-07T18:58:40
D_43210_70,non-mated,diagnostic_impostor,same,43210,43210,left,right,B,,"Here is what it looks like:

Fingerprint analysis results for the given prints in these images.",1.102,pixtral,similarity_score,2026-09-07T18:58:41
I_58398_96608_left_x,non-mated,primary_impostor,cross,58398,96608,left,left,B,20,"20   =
  70
  80

### 30   + 40
    90
      750
   81",1.51,pixtral,similarity_score,2026-09-07T18:58:43
I_57145_96608_left_x,non-mated,primary_impostor,cross,57145,96608,left,left,B,70,"70
  80 =

The following your question as in all six images.
  90   =
  20 =",1.33,pixtral,similarity_score,2026-09-07T18:58:44
I_65030_93812_left_x,non-mated,primary_impostor,cross,65030,93812,left,left,B,12,12 = 40% 1,0.915,pixtral,similarity_score,2026-09-07T18:58:45
I_32467_44595_left_s,non-mated,primary_impostor,same,32467,44595,left,left,B,2,"The end result is 2% confident (the end).
  3% confident
  4%",1.174,pixtral,similarity_score,2026-09-07T18:58:46
G_32467_right_545,mated,primary_genuine,same,32467,32467,right,right,A,,Do not include the number.,0.834,pixtral,similarity_score,2026-09-07T18:58:47
G_63029_left_1542,mated,primary_genuine,same,63029,63029,left,left,A,7,7,0.753,pixtral,similarity_score,2026-09-07T18:58:48
D_24101_33,non-mated,diagnostic_impostor,cross,24101,24101,left,right,B,,"But what does it mean? You can see this is a
single line, but also the end of the story.",1.189,pixtral,similarity_score,2026-09-07T18:58:49
G_99775_right_2928,mated,primary_genuine,cross,99775,99775,right,right,A,2,"2

Your task is: three fingers (in
 30 9 = 40%confident (they are the similar people).",1.323,pixtral,similarity_score,2026-09-07T18:58:50
I_20294_87757_left_x,non-mated,primary_impostor,cross,20294,87757,left,left,B,0,"0
 2.",0.92,pixtral,similarity_score,2026-09-07T18:58:51
G_58793_left_1383,mated,primary_genuine,cross,58793,58793,left,left,A,7,"The following is 7%20 =

the
 85%",1.142,pixtral,similarity_score,2026-09-07T18:58:53
G_43210_left_550,mated,primary_genuine,same,43210,43210,left,left,A,20,20%,0.809,pixtral,similarity_score,2026-09-07T18:58:53
D_57145_117,non-mated,diagnostic_impostor,cross,57145,57145,left,right,B,70,"The image is a black and white photograph of a hand, showing all five fingers (fingers), together in one frame.

Your job as a forensic scientist, you can see:

A score for every finger, there's a lot more than
the other four fingers, but it's just

a few fingers, and then some more,
but it's six fingers,

And here we have a total of seven fingers, which makes this:

70% confident (it's",2.583,pixtral,similarity_score,2026-09-07T18:58:56
I_27295_76957_right_x,non-mated,primary_impostor,cross,27295,76957,right,right,B,,"What can lines
Are there is right index tips of four fingers",0.979,pixtral,similarity_score,2026-09-07T18:58:57
G_57833_left_1192,mated,primary_genuine,same,57833,57833,left,left,A,1,"Finger
   1. Your task: **Explain the number of 4

I'mid=""confident (completion).",1.251,pixtral,similarity_score,2026-09-07T18:58:58
G_93812_right_2656,mated,primary_genuine,cross,93812,93812,right,right,A,2,"What is a thumbprint?I'm sorry (com
2

To determine if there are different patterns:

The following this five fingers (middle).",1.311,pixtral,similarity_score,2026-09-07T18:58:59
I_43210_56583_left_s,non-mated,primary_impostor,same,43210,56583,left,left,B,70,"70% confident (Certainly they are all the same
 80%",1.079,pixtral,similarity_score,2026-09-07T18:59:01
D_93812_268,non-mated,diagnostic_impostor,cross,93812,93812,left,right,B,70,"70
 80% confident (label).
  20

A score is 9%confident (label).

Do not include this text, or labels.",1.437,pixtral,similarity_score,2026-09-07T18:59:02
D_58793_154,non-mated,diagnostic_impostor,same,58793,58793,left,right,B,,The fingerprint is a unique identifier for the individual's identity.,0.95,pixtral,similarity_score,2026-09-07T18:59:03
G_65052_left_1759,mated,primary_genuine,cross,65052,65052,left,left,A,20,"20
confident (completly uncertain)
or the same thing.
  30%",1.169,pixtral,similarity_score,2026-09-07T18:59:04
G_76957_right_2146,mated,primary_genuine,same,76957,76957,right,right,A,,Yes,0.744,pixtral,similarity_score,2026-09-07T18:59:05
I_24101_43210_right_s,non-mated,primary_impostor,same,24101,43210,right,right,B,,"The
ridge pattern is unique,
or it's the same as in the previous example.

So, what does this mean?

Yes, I am an expert at identifying these things.

Can you please tell me more about them?
I'll be able to identify them,

But first, let me say something

about their uniqueness.

And so, can we see that:

These ridges are unique,
and distinct from one another.

Is there anything like this?",2.498,pixtral,similarity_score,2026-09-07T18:59:07
I_20294_27295_right_x,non-mated,primary_impostor,cross,20294,27295,right,right,B,70,"70
confident (completingly is from the

the number only.

Do not include this text,
or label.",1.283,pixtral,similarity_score,2026-09-07T18:59:09
G_44595_right_788,mated,primary_genuine,cross,44595,44595,right,right,A,2,2.,0.773,pixtral,similarity_score,2026-09-07T18:59:09
I_57833_93812_right_s,non-mated,primary_impostor,same,57833,93812,right,right,B,2,the 2%,0.847,pixtral,similarity_score,2026-09-07T18:59:10
D_47904_84,non-mated,diagnostic_impostor,cross,47904,47904,left,right,B,70,"70
 80%conf index.",0.933,pixtral,similarity_score,2026-09-07T18:59:11
G_56583_left_852,mated,primary_genuine,cross,56583,56583,left,left,A,70,"70
 80

### Your task:

ExplainureThe tips for comparing two sets of all the images.
Then return a singly (complet.
  90 =
  20%
  30%

### Your question is about:

Exainting the tips for identifying two images.
Here we can see them as follows.
 40
```  4=

### Your answer:

Expertingthe tips for distinguishing three",2.575,pixtral,similarity_score,2026-09-07T18:59:14
I_58793_65052_right_s,non-mated,primary_impostor,same,58793,65052,right,right,B,7,"7
 80%20

### Your task:

Examine the details,
  9 = 30%
confident (complet they are from another person).

A score is the same as the previous one.
Do not include this text.
  40%

### Your job:

Explain the details,

The unique characteristics of these ridges can be used to identify individuals by their distinct shapes and sizes.",2.427,pixtral,similarity_score,2026-09-07T18:59:16
D_47904_87,non-mated,diagnostic_impostor,same,47904,47904,left,right,B,20,"20
  30%
  40% 180%

Fingerprint

The following is the same as the person.
  70%
confident (they are the similar as the same",1.644,pixtral,similarity_score,2026-09-07T18:59:18
D_76957_219,non-mated,diagnostic_impostor,cross,76957,76957,left,right,B,,"***
* * *
* *

I'm sorry, I can't see it's
* *

It is a very small,
* *

it is a tiny,
* *
*

and it is a large,
* * *

but it is huge,
* **

It has many lines,
* ****

that look like this,
* ^^

and another line looks like this,

* ^*

and yet again,
* ^
* ^%

So what do we have here?",2.569,pixtral,similarity_score,2026-09-07T18:59:20
I_47904_89171_right_x,non-mated,primary_impostor,cross,47904,89171,right,right,B,70,"70
  80% confident (the same person).

A score has been lifted up close-up view of the hand's palm, showing the details of the individual's unique features. Your task is to describe what the image shows.",1.713,pixtral,similarity_score,2026-09-07T18:59:22
I_43210_58398_left_x,non-mated,primary_impostor,cross,43210,58398,left,left,B,20,20%,0.799,pixtral,similarity_score,2026-09-07T18:59:23
D_56583_107,non-mated,diagnostic_impostor,cross,56583,56583,left,right,B,2,2,0.758,pixtral,similarity_score,2026-09-07T18:59:24
G_74850_left_2008,mated,primary_genuine,same,74850,74850,left,left,A,,Do not include,0.807,pixtral,similarity_score,2026-09-07T18:59:24
D_63029_167,non-mated,diagnostic_impostor,same,63029,63029,left,right,B,20,"20
confing the number of 3%20

### 4.0 =",1.281,pixtral,similarity_score,2026-09-07T18:59:26
D_96608_277,non-mated,diagnostic_impostor,cross,96608,96608,left,right,B,,"The right side is used for a left thumbprints.
Finger
I am man's unique (com).
I'magnable through examining the details about the close grid.
I'more the right.
I can be distinguished by the fact that I will be able to compare them.
I've been identified (com).",1.974,pixtral,similarity_score,2026-09-07T18:59:28
G_83742_right_2340,mated,primary_genuine,same,83742,83742,right,right,A,20,"20
  =",0.832,pixtral,similarity_score,2026-09-07T18:59:29
I_56583_63029_left_x,non-mated,primary_impostor,cross,56583,63029,left,left,B,70,70%,0.806,pixtral,similarity_score,2026-09-07T18:59:29
D_96608_280,non-mated,diagnostic_impostor,cross,96608,96608,left,right,B,,How can unique,0.781,pixtral,similarity_score,2026-09-07T18:59:30
I_65052_76957_left_x,non-mated,primary_impostor,cross,65052,76957,left,left,B,,"Based on this analysis, we can conclude:

The individual in question is likely to be a match for the person described by these characteristics.",1.257,pixtral,similarity_score,2026-09-07T18:59:31
G_58398_right_1335,mated,primary_genuine,cross,58398,58398,right,right,A,,"The following is from the
same as close-up.",0.943,pixtral,similarity_score,2026-09-07T18:59:32
D_83742_239,non-mated,diagnostic_impostor,cross,83742,83742,left,right,B,70,"70
= 7%% confident

(they are different persons).",1.026,pixtral,similarity_score,2026-09-07T18:59:33
I_63029_83742_left_s,non-mated,primary_impostor,same,63029,83742,left,left,B,20,"The
 20%confident (the images are the

A score is from the number of. Do note include any more.",1.285,pixtral,similarity_score,2026-09-07T18:59:35
I_47904_56583_right_x,non-mated,primary_impostor,cross,47904,56583,right,right,B,70,"70
  40 =",0.902,pixtral,similarity_score,2026-09-07T18:59:36
G_57145_left_976,mated,primary_genuine,cross,57145,57145,left,left,A,70,"Explain with the numbers 70 and
the 80%20%confident (they are the numbers).

The 90% confident (they have been used before).
Do not include this text, or labels.",1.671,pixtral,similarity_score,2026-09-07T18:59:37
G_76957_left_2132,mated,primary_genuine,same,76957,76957,left,left,A,70,"70% confident (d20%
  80

### 90
  30",1.181,pixtral,similarity_score,2026-09-07T18:59:38
D_57145_115,non-mated,diagnostic_impostor,same,57145,57145,left,right,B,,Here is a simple example of how to analyze fingerprints.,0.965,pixtral,similarity_score,2026-09-07T18:59:39
I_43210_76957_left_x,non-mated,primary_impostor,cross,43210,76957,left,left,B,,The end of the line is here.,0.88,pixtral,similarity_score,2026-09-07T18:59:40
G_14493_right_109,mated,primary_genuine,cross,14493,14493,right,right,A,20,"Explain the image is from the person, who has no more than 20% certain they are 30% confident the same as the person.
Do not include in any text.",1.475,pixtral,similarity_score,2026-09-07T18:59:42
I_69658_74850_left_s,non-mated,primary_impostor,same,69658,74850,left,left,B,70,70%,0.806,pixtral,similarity_score,2026-09-07T18:59:43
D_20294_16,non-mated,diagnostic_impostor,cross,20294,20294,left,right,B,2,2.,0.762,pixtral,similarity_score,2026-09-07T18:59:43
I_58793_89171_left_x,non-mated,primary_impostor,cross,58793,89171,left,left,B,20,20 =,0.83,pixtral,similarity_score,2026-09-07T18:59:44
G_99775_left_2873,mated,primary_genuine,cross,99775,99775,left,left,A,,"Explainly, I am an expert in fingerprint examining two
SLAP images.",1.046,pixtral,similarity_score,2026-09-07T18:59:45
D_58793_155,non-mated,diagnostic_impostor,cross,58793,58793,left,right,B,,"The question is about the same as
the answer.",0.924,pixtral,similarity_score,2026-09-07T18:59:46
I_24101_57833_right_s,non-mated,primary_impostor,same,24101,57833,right,right,B,,"Here is my analysis:

I am an expert in
fingerprint examination,
and I will provide you with

a detailed report about these
images.

---

The images show distinct features,

that distinguish them as individuals.

---
from one another.

But there's no text here.

So let me tell you more about these images.

---

And finally, some text here.


+++++That concludes our discussion.

Can you see?

Yes, this is correct!",2.586,pixtral,similarity_score,2026-09-07T18:59:49
D_74850_210,non-mated,diagnostic_impostor,same,74850,74850,left,right,B,70,"70% = 200%
  80

The first time of all.",1.347,pixtral,similarity_score,2026-09-07T18:59:50
I_47904_65052_right_s,non-mated,primary_impostor,same,47904,65052,right,right,B,2,2.,0.821,pixtral,similarity_score,2026-09-07T18:59:51
I_65030_89171_right_s,non-mated,primary_impostor,same,65030,89171,right,right,B,,"Based on the given context, it's likely to be unique.",0.994,pixtral,similarity_score,2026-09-07T18:59:52
G_56583_right_912,mated,primary_genuine,cross,56583,56583,right,right,A,20,"20% confident (the images are the
 30%
  40%",1.119,pixtral,similarity_score,2026-09-07T18:59:53
I_43210_76957_right_x,non-mated,primary_impostor,cross,43210,76957,right,right,B,,Explain the details.,0.821,pixtral,similarity_score,2026-09-07T18:59:54
I_47904_74850_right_s,non-mated,primary_impostor,same,47904,74850,right,right,B,40,40%,0.864,pixtral,similarity_score,2026-09-07T18:59:55
D_47904_95,non-mated,diagnostic_impostor,same,47904,47904,left,right,B,2,"2
  3.",0.882,pixtral,similarity_score,2026-09-07T18:59:56
G_44595_right_766,mated,primary_genuine,cross,44595,44595,right,right,A,70,"the
ridge

### 70% confident (they are the 20%

confident (they have the 3%
of the same type.

Do not include this text, or anything else. The
70 is the 4th percentile (they were the 8%
of these prints.

The
71 is the same as the 9%.

## 71. Do no include this kind of thing.

### 8%

of the 1",2.573,pixtral,similarity_score,2026-09-07T18:59:58
G_43210_right_678,mated,primary_genuine,same,43210,43210,right,right,A,,As close f tips of three small baby's thumb and four fingers.,0.983,pixtral,similarity_score,2026-09-07T18:59:59
D_27295_41,non-mated,diagnostic_impostor,cross,27295,27295,left,right,B,100,"200
fingimage",0.875,pixtral,similarity_score,2026-09-07T19:00:00
I_58398_89171_left_s,non-mated,primary_impostor,same,58398,89171,left,left,B,,"Yes,",0.766,pixtral,similarity_score,2026-09-07T19:00:01
I_24101_83742_left_x,non-mated,primary_impostor,cross,24101,83742,left,left,B,70,"70
  40

## Your task: I'm sorry, but it's not clear enough.",1.216,pixtral,similarity_score,2026-09-07T19:00:02
I_57833_65052_right_s,non-mated,primary_impostor,same,57833,65052,right,right,B,2,"2
  whit is the same as the number.",0.993,pixtral,similarity_score,2026-09-07T19:00:03
I_58793_63029_left_x,non-mated,primary_impostor,cross,58793,63029,left,left,B,2,"2
  30%
  4

The following is the number of the same as the person.
  70%

## Fingerprinting the number.
 8",1.504,pixtral,similarity_score,2026-09-07T19:00:04
G_57833_right_1242,mated,primary_genuine,cross,57833,57833,right,right,A,20,"20
 30% confident ( com).
  40

### Your task:

Examine the number is from the number of.
  70%
  8%

### Your tasks:

Explain the number.
 9%
  A close-up of the number.

### Your request:

Exain the number. Do no include any more text,",2.223,pixtral,similarity_score,2026-09-07T19:00:07
D_44595_79,non-mated,diagnostic_impostor,same,44595,44595,left,right,B,2,2.,0.754,pixtral,similarity_score,2026-09-07T19:00:07
G_93812_right_2677,mated,primary_genuine,cross,93812,93812,right,right,A,,"You're
the

I'm sorry for the question.",0.948,pixtral,similarity_score,2026-09-07T19:00:08
I_44595_93812_right_x,non-mated,primary_impostor,cross,44595,93812,right,right,B,1,"1. Please provide me need a indexf2

The following
images.

I am black and white background.

Please analyze:

Can you please describe what type four distinctivenesssI'more the right.

Expertine the close con rings.

I'magnin as could be white.

I can help determine if have been in this case.

I would like.

I’made it?

I’desI’m.

I’ve got some details about the four fingers.

I",2.58,pixtral,similarity_score,2026-09-07T19:00:11
G_93812_right_2681,mated,primary_genuine,cross,93812,93812,right,right,A,3,3%,0.769,pixtral,similarity_score,2026-09-07T19:00:12
I_57145_76957_right_s,non-mated,primary_impostor,same,57145,76957,right,right,B,20,"with the number of 20%0%%confident the number is 30%%of the number
with the 40%of the 70%from the 80%the number

Based on the 90%to be used for identification purposes.",1.868,pixtral,similarity_score,2026-09-07T19:00:14
I_43210_89171_right_x,non-mated,primary_impostor,cross,43210,89171,right,right,B,20,"The following is a black and white image:

A SLIDENTIFIES 20

**Explainting 3 means you have 4%",1.333,pixtral,similarity_score,2026-09-07T19:00:15
D_74850_211,non-mated,diagnostic_impostor,same,74850,74850,left,right,B,70,70%,0.816,pixtral,similarity_score,2026-09-07T19:00:16
I_14493_65052_right_x,non-mated,primary_impostor,cross,14493,65052,right,right,B,20,"20% confident (Certain they are
the same person).

A score= 30%",1.139,pixtral,similarity_score,2026-09-07T19:00:17
G_58793_right_1458,mated,primary_genuine,same,58793,58793,right,right,A,7,7.,0.768,pixtral,similarity_score,2026-09-07T19:00:18
G_93812_right_2688,mated,primary_genuine,same,93812,93812,right,right,A,,,0.712,pixtral,similarity_score,2026-09-07T19:00:18
G_56583_right_907,mated,primary_genuine,cross,56583,56583,right,right,A,7,"ExpertureWhat is the unique detail in this human latent the right loop?
I am kitchen table comparing the same as lines and ridges.
I'more = 7.
Finger
I'mid=8.",1.578,pixtral,similarity_score,2026-09-07T19:00:20
I_57145_57833_left_s,non-mated,primary_impostor,same,57145,57833,left,left,B,2,2.,0.788,pixtral,similarity_score,2026-09-07T19:00:21
G_65052_right_1852,mated,primary_genuine,same,65052,65052,right,right,A,1,"F s
 1.00%
 2.0%

How can I be used to clear minut prints fles.",1.238,pixtral,similarity_score,2026-09-07T19:00:22
I_57145_69658_left_x,non-mated,primary_impostor,cross,57145,69658,left,left,B,,Explain the differences in the shapes and spacings of each print.,1.095,pixtral,similarity_score,2026-09-07T19:00:23
G_65030_right_1694,mated,primary_genuine,cross,65030,65030,right,right,A,4,"images.
image
  4.",0.962,pixtral,similarity_score,2026-09-07T19:00:24
D_93812_265,non-mated,diagnostic_impostor,same,93812,93812,left,right,B,2,2.,0.82,pixtral,similarity_score,2026-09-07T19:00:25
I_43210_65030_left_x,non-mated,primary_impostor,cross,43210,65030,left,left,B,70,"70%20 =

The ridge flow pattern is from the end of the line, or the label.",1.189,pixtral,similarity_score,2026-09-07T19:00:26
I_44595_89171_left_s,non-mated,primary_impostor,same,44595,89171,left,left,B,70,"70
  80% confident (it is the same as another way).

Based on these observations:

- The differences in the minutiae are due to be used for identification?
- No,The differences in these impressions are significant enough to distinguish one individual from another.


**Conclusion**

Yes, the differences can be used to identify individuals. However, there may still be subtle details that might help in distinguishing them.

**Can you please explain what kind of analysis did",2.59,pixtral,similarity_score,2026-09-07T19:00:29
I_87757_93812_right_s,non-mated,primary_impostor,same,87757,93812,right,right,B,20,"20% confident (the images are
from the same

### Fingerprinting.

The image is from the 3. The image shows a close-up view of the child's hand, with the 4. And it appears as if the 7. The child's hands are from
the 8. And there is from
a black and white background.

### Fingerprints.

The child's left index is from",2.439,pixtral,similarity_score,2026-09-07T19:00:31
I_44595_99775_right_x,non-mated,primary_impostor,cross,44595,99775,right,right,B,2,"image
Fingerprints

##2. Your task: To determine if these three fingers (middle).
Expert (indexes).

To provide an could compare all minut (index).
A SLAC image captures five fingers (of the right).",1.679,pixtral,similarity_score,2026-09-07T19:00:33
G_87757_left_2398,mated,primary_genuine,same,87757,87757,left,left,A,2,"What can be unique latent fingerprints three stacked diagonal ridge fingerprint analysis could How as pattern ofThe Can You:

I wh is this index thumb's first 2 of 3 double identical (right).

Ex4. black and white background high minut details. The lighting fr fine. A 1 in close paper surface skinf? focuses multiple s.",2.083,pixtral,similarity_score,2026-09-07T19:00:35
I_43210_44595_right_s,non-mated,primary_impostor,same,43210,44595,right,right,B,70,"The images are 70% confident (they are the
same as the previous ones).

Please provide a brief summary of what is depicted in these images.",1.352,pixtral,similarity_score,2026-09-07T19:00:36
G_57833_right_1256,mated,primary_genuine,same,57833,57833,right,right,A,20,"20% confident (Certainly
  30%
  40%

Confident (Certain they are 70%
confident (complet they are

the same person).

Do not include this text, or something like:

### 80%
Confident (
  90%

I am looking at the same time as:

### Confident (something).
  85%.

## 9%
Confiden (something).",2.53,pixtral,similarity_score,2026-09-07T19:00:39
I_43210_89171_left_s,non-mated,primary_impostor,same,43210,89171,left,left,B,70,"The end of the line is 70% confident (the completely certain).

What does this mean? You're 80% correct (the entirely certain).",1.37,pixtral,similarity_score,2026-09-07T19:00:40
G_69658_left_1884,mated,primary_genuine,cross,69658,69658,left,left,A,70,"70% confident (label).
  80%confident (label).

A score is 90%20 =

the
  30% =

your
 40%",1.583,pixtral,similarity_score,2026-09-07T19:00:42
G_57833_left_1134,mated,primary_genuine,cross,57833,57833,left,left,A,2,"2
fingerprints.",0.841,pixtral,similarity_score,2026-09-07T19:00:42
G_44595_left_695,mated,primary_genuine,same,44595,44595,left,left,A,,Here is a black and white photograph focusing on close-up on the room in the free set tips of someone's hand with all five fingers visible. The question is whether these unique patterns on their fingertips can be used to identify this individual?,1.634,pixtral,similarity_score,2026-09-07T19:00:44
D_44595_75,non-mated,diagnostic_impostor,cross,44595,44595,left,right,B,,"Do not include this text in:

Explain the images.",0.953,pixtral,similarity_score,2026-09-07T19:00:45
D_58793_149,non-mated,diagnostic_impostor,same,58793,58793,left,right,B,,,0.708,pixtral,similarity_score,2026-09-07T19:00:46
G_65052_left_1726,mated,primary_genuine,same,65052,65052,left,left,A,20,"The end of the line is 20% confident (the
same as the beginning).

So, what does it mean? The end of this line is

It's the end of my life.",1.526,pixtral,similarity_score,2026-09-07T19:00:47
I_57145_69658_right_x,non-mated,primary_impostor,cross,57145,69658,right,right,B,,"A
Your task is the background shows a blurred metal surface it's unique button switch in black and white.",1.162,pixtral,similarity_score,2026-09-07T19:00:48
G_20294_right_261,mated,primary_genuine,cross,20294,20294,right,right,A,,"Here is a description of what this
is.",0.913,pixtral,similarity_score,2026-09-07T19:00:49
I_65030_87757_right_s,non-mated,primary_impostor,same,65030,87757,right,right,B,70,70%,0.81,pixtral,similarity_score,2026-09-07T19:00:50
I_24101_57833_right_x,non-mated,primary_impostor,cross,24101,57833,right,right,B,6,"The end result is:

Yes, it's 6% confident
that these images represent the same thing as well.",1.194,pixtral,similarity_score,2026-09-07T19:00:51
G_44595_left_739,mated,primary_genuine,same,44595,44595,left,left,A,,,0.714,pixtral,similarity_score,2026-09-07T19:00:52
I_63029_99775_right_x,non-mated,primary_impostor,cross,63029,99775,right,right,B,2,"2
images.
A close-up view of the same type as we can see in the same place as well as we do.
 30

### Your task:

Examine the flow chart.
A black and white image showing three fingers (fingers.
A small, but it is from the bottom left corner of the screen.
Do not include this text.
 40

The question mark.

Examine, the flow charts.
A large black and grayish",2.849,pixtral,similarity_score,2026-09-07T19:00:55
G_24101_right_305,mated,primary_genuine,same,24101,24101,right,right,A,,,0.709,pixtral,similarity_score,2026-09-07T19:00:56
G_65052_left_1758,mated,primary_genuine,cross,65052,65052,left,left,A,2,"2
  40%",0.897,pixtral,similarity_score,2026-09-07T19:00:57
I_56583_83742_left_s,non-mated,primary_impostor,same,56583,83742,left,left,B,2,"2

The following is from the number one.",0.947,pixtral,similarity_score,2026-09-07T19:00:57
D_58398_139,non-mated,diagnostic_impostor,cross,58398,58398,left,right,B,2,"2

**What is this?

I am't index at the tips of my expertise?",1.091,pixtral,similarity_score,2026-09-07T19:00:59
G_32467_right_538,mated,primary_genuine,same,32467,32467,right,right,A,20,"20% confident (Com
20%
confident (com).
30%

A close-up

A close (com).

(Com
30%
Confident (Com).",1.457,pixtral,similarity_score,2026-09-07T19:01:00
D_47904_91,non-mated,diagnostic_impostor,same,47904,47904,left,right,B,,"I'm sorry, but I can't see it's the same as
the other one.",1.104,pixtral,similarity_score,2026-09-07T19:01:01
G_47904_left_822,mated,primary_genuine,cross,47904,47904,left,left,A,,"I'm sorry, I don't know how to explain it,
but I can see?",1.072,pixtral,similarity_score,2026-09-07T19:01:02
G_87757_left_2365,mated,primary_genuine,cross,87757,87757,left,left,A,2,"2
  30% confident (the number is from the number of
 40

A score:

Do not include this question.
  70

The following the number is the same as the number.
 80

Confident (the numbers).
 9

A close-up of the number.

Do not like this.
 110

I am looking at the number.",2.366,pixtral,similarity_score,2026-09-07T19:01:05
I_14493_58398_right_s,non-mated,primary_impostor,same,14493,58398,right,right,B,,"Based on what you have seen, in this case?",0.952,pixtral,similarity_score,2026-09-07T19:01:06
I_56583_58398_right_s,non-mated,primary_impostor,same,56583,58398,right,right,B,,"Here is my expertise in examining these types of questions:

* Are there specific features I look for when comparing fingerprints?
* Yes, there are unique characteristics that can be used to identify individuals.

**Can you tell me more about these particular traits?**

Sure, here are some things that might help us determine if someone is telling the truth?

*Yes, here is something that could help us understand if we compare these two things.

**Are there differences that might indicate if one thing",2.588,pixtral,similarity_score,2026-09-07T19:01:08
I_24101_65030_left_s,non-mated,primary_impostor,same,24101,65030,left,left,B,,"The end result is
the same as before.

I'm going to explain what's happening in this case.

Yes, I am going to say,
that there is no longer than

a single word.

But it does not mean,

That there is a single word.


So let me know about this case?

No, I do not understand.

It is a very long time ago.

But still, we have here.

And so forth.

Do not understand?",2.536,pixtral,similarity_score,2026-09-07T19:01:11
G_56583_left_864,mated,primary_genuine,cross,56583,56583,left,left,A,70,"70
  80

I am as a fingerprint examinerexpert (comple).",1.143,pixtral,similarity_score,2026-09-07T19:01:12
I_74850_83742_right_s,non-mated,primary_impostor,same,74850,83742,right,right,B,2,"2
  30

### Your task:

Explain the ridge is 7 means you have the number of 4
 80%confident (they are the
 90

## Your task: Explain the ridge

The following is 9%
  9%

### Your results:

Exain the ridge
is 9%",2.173,pixtral,similarity_score,2026-09-07T19:01:14
I_24101_74850_right_s,non-mated,primary_impostor,same,24101,74850,right,right,B,70,"with the number of
  70%2C

A score is 73%2D

A is 8%
2D",1.317,pixtral,similarity_score,2026-09-07T19:01:15
I_65030_69658_right_s,non-mated,primary_impostor,same,65030,69658,right,right,B,,"I'm sorry, but I can't provide one.",0.944,pixtral,similarity_score,2026-09-07T19:01:16
I_89171_99775_right_s,non-mated,primary_impostor,same,89171,99775,right,right,B,,"Based on my expertise in fingerprint analysis, I can provide a detailed comparison of the given prints. Here's what I see:

- The first print shows distinct ridges and furrows around the core area,
- The second print also has these features near the tip end,
- But the third and fourth show a slight difference
- And the fifth, while similar but unique pattern,

In this context, it is clear that no two prints are from one source,
- Yet the sixth,",2.583,pixtral,similarity_score,2026-09-07T19:01:19
I_63029_99775_left_x,non-mated,primary_impostor,cross,63029,99775,left,left,B,70,"with the number of
the image.

A score is 70% confident (it's the same as it was in the previous example).

Do not include this text, or labels.",1.461,pixtral,similarity_score,2026-09-07T19:01:20
I_14493_27295_right_x,non-mated,primary_impostor,cross,14493,27295,right,right,B,,"The image is a black and white background,
with the numbers in it.

And then there's a small
number of 20s in it.
Then there's another

smaller number of 30S in it. And finally,

a small number of

40S.

So we have:

a small

number of

50S.",2.163,pixtral,similarity_score,2026-09-07T19:01:22
I_24101_87757_left_s,non-mated,primary_impostor,same,24101,87757,left,left,B,100,"200%confident (they are the
same person).

A score is the 7things clear details about the individual features unique characteristics of the prints in black and white. The prints have been taken at various angles around them. And then there's the 8th = 9%
confident the 3rds.",2.446,pixtral,similarity_score,2026-09-07T19:01:25
D_20294_19,non-mated,diagnostic_impostor,cross,20294,20294,left,right,B,,"The end of the line is from the
same as the

A score for the

line is from.

Do not include anything,
or label. The end of this line is the

same as in the

image.

It's the

end of the

number is from.",1.867,pixtral,similarity_score,2026-09-07T19:01:27
I_57833_58793_right_s,non-mated,primary_impostor,same,57833,58793,right,right,B,,"As a **forensic**expert in fingerprint examination**, I can provide some insights about:

- The unique characteristics of fingerprints captured by these devices?
- How do the distinct features correspond among individuals?

Please help me analyze and compare these sets of data!",1.737,pixtral,similarity_score,2026-09-07T19:01:28
I_47904_89171_left_x,non-mated,primary_impostor,cross,47904,89171,left,left,B,20,"20 wh
  34 s are the black and coffee office in six sh1 i av as top left.",1.234,pixtral,similarity_score,2026-09-07T19:01:30
G_32467_left_455,mated,primary_genuine,cross,32467,32467,left,left,A,20,"20
  30% confident (label).
  40

A score is from the number of 70
or the number one.
Do not include in the number,
  80",1.6,pixtral,similarity_score,2026-09-07T19:01:31
G_24101_right_303,mated,primary_genuine,cross,24101,24101,right,right,A,2,2.,0.797,pixtral,similarity_score,2026-09-07T19:01:32
D_47904_85,non-mated,diagnostic_impostor,same,47904,47904,left,right,B,2,"2

The following is from the number of
the images.",1.001,pixtral,similarity_score,2026-09-07T19:01:33
G_43210_right_675,mated,primary_genuine,same,43210,43210,right,right,A,,"Explainting the pattern, ridge
and the end of it all.",1.006,pixtral,similarity_score,2026-09-07T19:01:34
I_24101_58398_right_s,non-mated,primary_impostor,same,24101,58398,right,right,B,,"Here is
a new line of code:

```The code has been executed successfully.

Please provide me with some more information about how this works,
or what it does,

and why it's so important.

I'll be able to help

you understand better?

Yes, I can tell you

more about this topic?
No, I don't know

how to explain

this work?

But, I'm going to show you

something about this?

Yes,

I think you",2.602,pixtral,similarity_score,2026-09-07T19:01:37
D_83742_233,non-mated,diagnostic_impostor,cross,83742,83742,left,right,B,,[imagefinger (com).,0.856,pixtral,similarity_score,2026-09-07T19:01:38
G_27295_right_398,mated,primary_genuine,cross,27295,27295,right,right,A,70,70%,0.796,pixtral,similarity_score,2026-09-07T19:01:38
D_20294_14,non-mated,diagnostic_impostor,cross,20294,20294,left,right,B,20,"20
  30%",0.894,pixtral,similarity_score,2026-09-07T19:01:39
G_58398_right_1349,mated,primary_genuine,cross,58398,58398,right,right,A,70,"70%2Fingerprint analysis.

**Expertise the
fingers (they are the

same person).

A score level of detail in the
image.

Do not include this text, or labels.",1.611,pixtral,similarity_score,2026-09-07T19:01:41
D_44595_81,non-mated,diagnostic_impostor,cross,44595,44595,left,right,B,,"The question is about:

SLAP image capturing three fingers (three).",0.986,pixtral,similarity_score,2026-09-07T19:01:42
I_57833_99775_left_s,non-mated,primary_impostor,same,57833,99775,left,left,B,5,"5
fingerprints.",0.865,pixtral,similarity_score,2026-09-07T19:01:43
G_99775_right_2922,mated,primary_genuine,cross,99775,99775,right,right,A,2,"2. Your task: **Explain the ridge** is a unique identifier for the
 3. **confident (they are different).

I have been lifted:

- The individual's right index finger has a specific pattern on their left hand?
- 4. **Confident (it is a specific type of the
- 5. **Yes**, it does.",2.233,pixtral,similarity_score,2026-09-07T19:01:45
D_65030_179,non-mated,diagnostic_impostor,same,65030,65030,left,right,B,2,"2

Fingerprint analysis
  30
  .",1.002,pixtral,similarity_score,2026-09-07T19:01:46
G_47904_right_829,mated,primary_genuine,same,47904,47904,right,right,A,,"The image is a close-up of the same as
the other one.",1.017,pixtral,similarity_score,2026-09-07T19:01:47
G_24101_right_306,mated,primary_genuine,same,24101,24101,right,right,A,2,2.,0.768,pixtral,similarity_score,2026-09-07T19:01:48
I_57833_74850_left_x,non-mated,primary_impostor,cross,57833,74850,left,left,B,,What is the black and white background.,0.883,pixtral,similarity_score,2026-09-07T19:01:49
G_76957_right_2153,mated,primary_genuine,same,76957,76957,right,right,A,70,"the
  70%
confident (complet).",1.093,pixtral,similarity_score,2026-09-07T19:01:50
G_63029_left_1538,mated,primary_genuine,same,63029,63029,left,left,A,70,The image shows a close-up of you are the 70%,1.048,pixtral,similarity_score,2026-09-07T19:01:51
I_32467_43210_right_x,non-mated,primary_impostor,cross,32467,43210,right,right,B,20,"20% confident
  30%%confident

(Completing the images.",1.155,pixtral,similarity_score,2026-09-07T19:01:52
I_20294_65052_right_s,non-mated,primary_impostor,same,20294,65052,right,right,B,7,"7
 20

### Your task: I am able to compare these four fingers in this set whiten
the endings,
  80

## Your task:

I can see that there is 4.
 90

The following images.
30

This is 9.",1.969,pixtral,similarity_score,2026-09-07T19:01:54
I_44595_58793_right_x,non-mated,primary_impostor,cross,44595,58793,right,right,B,2,"2

### Your task:

Examine the ridges.",0.957,pixtral,similarity_score,2026-09-07T19:01:55
I_56583_74850_right_s,non-mated,primary_impostor,same,56583,74850,right,right,B,70,"70%20

### Your task:

Explain the flow pattern, or the label.",1.14,pixtral,similarity_score,2026-09-07T19:01:56
D_43210_62,non-mated,diagnostic_impostor,same,43210,43210,left,right,B,20,"20% confident (Certain they are
the same person.)
  30%",1.103,pixtral,similarity_score,2026-09-07T19:01:57
I_57833_99775_left_x,non-mated,primary_impostor,cross,57833,99775,left,left,B,,What is three topmost.,0.838,pixtral,similarity_score,2026-09-07T19:01:58
G_44595_right_812,mated,primary_genuine,same,44595,44595,right,right,A,100,"200%
  30%

I amfinger
 How do I know how many times

the number of the same type.

Do you have any text here.

The following is the same as in the number.

Do not include",1.699,pixtral,similarity_score,2026-09-07T19:02:00
G_32467_left_420,mated,primary_genuine,same,32467,32467,left,left,A,70,"70% confident (the images are the
 750%
  72% confident the numbers are from

Explain with the same thing as well.",1.439,pixtral,similarity_score,2026-09-07T19:02:01
G_27295_right_377,mated,primary_genuine,cross,27295,27295,right,right,A,20,"20
confident (complettingthe images.
 30

### A score of the 4things,
or label.",1.328,pixtral,similarity_score,2026-09-07T19:02:02
D_76957_216,non-mated,diagnostic_impostor,cross,76957,76957,left,right,B,,"***
*Explain the
* **

$$
*Explanation the
***
*

I can see that the
**

The question is ""Can you analyze these three ridges?""

**
*Yes.*
*",1.528,pixtral,similarity_score,2026-09-07T19:02:04
D_14493_3,non-mated,diagnostic_impostor,same,14493,14493,left,right,B,,"The question is about how many things, can be used to identify, one another thing.",1.074,pixtral,similarity_score,2026-09-07T19:02:05
I_24101_58793_left_x,non-mated,primary_impostor,cross,24101,58793,left,left,B,,Explain the difference in the images.,0.881,pixtral,similarity_score,2026-09-07T19:02:06
I_24101_65030_right_s,non-mated,primary_impostor,same,24101,65030,right,right,B,70,The images are 70%2s.,0.932,pixtral,similarity_score,2026-09-07T19:02:07
I_56583_63029_left_s,non-mated,primary_impostor,same,56583,63029,left,left,B,0,"The question is: Yes, it's possible for me to determine if these two sets of prints come from the
same individual?

Yes, I believe so. It's possible because the prints have similar features,
but differ in some ways. For example, let's consider the following:

* 0%*

It could be determined by comparing them?
No, it couldn't possibly be determined

by comparing them? No,it might be determined
by comparing their unique features.",2.606,pixtral,similarity_score,2026-09-07T19:02:09
I_43210_57833_left_s,non-mated,primary_impostor,same,43210,57833,left,left,B,0,0.,0.792,pixtral,similarity_score,2026-09-07T19:02:10
I_43210_63029_left_s,non-mated,primary_impostor,same,43210,63029,left,left,B,2,"The end of the line is from the number of the
  2%",1.041,pixtral,similarity_score,2026-09-07T19:02:11
G_57145_left_960,mated,primary_genuine,same,57145,57145,left,left,A,,"I'm sorry, but I can't provide a detailed analysis.",0.989,pixtral,similarity_score,2026-09-07T19:02:12
G_27295_left_337,mated,primary_genuine,cross,27295,27295,left,left,A,,"The image is a black and white photograph of a hand holding up a small object. The object appears to be in the center of the frame, but it's not clear what kind of thing being held by the hand.",1.592,pixtral,similarity_score,2026-09-07T19:02:14
G_89171_left_2527,mated,primary_genuine,same,89171,89171,left,left,A,2,"Examine
2.",0.805,pixtral,similarity_score,2026-09-07T19:02:15
G_27295_left_361,mated,primary_genuine,same,27295,27295,left,left,A,70,"70
= 80%29

## Fingerprinting images.

Then return a final set of six fingers (six).",1.273,pixtral,similarity_score,2026-09-07T19:02:16
I_44595_56583_right_s,non-mated,primary_impostor,same,44595,56583,right,right,B,70,"70% confident (they are the
same as the same

### Fingerprint comparison:

The images are 80%confidently the same as the other hand. Do note that this is 90%Confidently (they have been 95% confident in their similarity).

### Fingerprints:

The following images are similar enough for the same individual's hands. The images show no significant differences. There may be some minor variations due as well.",2.579,pixtral,similarity_score,2026-09-07T19:02:19
I_76957_83742_right_x,non-mated,primary_impostor,cross,76957,83742,right,right,B,2,2.,0.782,pixtral,similarity_score,2026-09-07T19:02:19
D_43210_66,non-mated,diagnostic_impostor,cross,43210,43210,left,right,B,,"Fingerprint analysis is a complex process. It's a detailed examination of many things. Each one is related to all others by a common pattern. The more there is the greater number of specific things. But it's also the lesser number of particular things. And yet, it's still the same as the first thing. So, do not forget the last thing.",2.152,pixtral,similarity_score,2026-09-07T19:02:21
I_57833_87757_left_x,non-mated,primary_impostor,cross,57833,87757,left,left,B,,This set wh,0.78,pixtral,similarity_score,2026-09-07T19:02:22
I_27295_57833_left_x,non-mated,primary_impostor,cross,27295,57833,left,left,B,,"The image is a black and white photograph of a hand with four fingers. The index finger is in the middle, right. The other three fingers are slightly spread apart. The tips of all five fingers touch at the same time.",1.755,pixtral,similarity_score,2026-09-07T19:02:24
I_56583_76957_right_x,non-mated,primary_impostor,cross,56583,76957,right,right,B,,with the number of.,0.885,pixtral,similarity_score,2026-09-07T19:02:25
D_76957_217,non-mated,diagnostic_impostor,same,76957,76957,left,right,B,2,2.,0.815,pixtral,similarity_score,2026-09-07T19:02:26
G_89171_left_2496,mated,primary_genuine,same,89171,89171,left,left,A,2,"2% confident the
  7% confident (theyprint).
  4. The pattern is similar in the number of the other person's).

Based on the index:

The image shows a close-up are from one person. And there are from another person's).",1.862,pixtral,similarity_score,2026-09-07T19:02:28
I_32467_57145_left_s,non-mated,primary_impostor,same,32467,57145,left,left,B,75,"Here is a close-up view of 75% confident (exactly certain).
  70%% confidential (completly certain).

I'm going to be 85% sure (confident).",1.582,pixtral,similarity_score,2026-09-07T19:02:29
G_96608_right_2788,mated,primary_genuine,cross,96608,96608,right,right,A,2,What can be used observe index and thumbprint close key power is These three smallest fingers (right whes[2.,1.193,pixtral,similarity_score,2026-09-07T19:02:30
I_58793_87757_left_x,non-mated,primary_impostor,cross,58793,87757,left,left,B,2,2.,0.804,pixtral,similarity_score,2026-09-07T19:02:31
G_58398_right_1321,mated,primary_genuine,cross,58398,58398,right,right,A,100,"300
 How do we examine them.
  20%",1.057,pixtral,similarity_score,2026-09-07T19:02:32
I_47904_56583_left_x,non-mated,primary_impostor,cross,47904,56583,left,left,B,20,"But it's just as good as it is, but it does not,
  20% confident (it's just
  30%",1.318,pixtral,similarity_score,2026-09-07T19:02:34
D_65052_188,non-mated,diagnostic_impostor,same,65052,65052,left,right,B,,"Do not include
the number of
images.
A
image

Your task is to provide information about this term.
The following (omits).
A
images.Do not including the number of",1.487,pixtral,similarity_score,2026-09-07T19:02:35
I_44595_87757_left_x,non-mated,primary_impostor,cross,44595,87757,left,left,B,2,"2 loops (middle).
Fingerprint details.
  4
images.
A

In the context of
fingThe tip index of the right side of the screen",1.423,pixtral,similarity_score,2026-09-07T19:02:36
D_99775_290,non-mated,diagnostic_impostor,cross,99775,99775,left,right,B,7,7.,0.781,pixtral,similarity_score,2026-09-07T19:02:37
G_83742_right_2269,mated,primary_genuine,same,83742,83742,right,right,A,2,2.,0.793,pixtral,similarity_score,2026-09-07T19:02:38
G_32467_right_485,mated,primary_genuine,same,32467,32467,right,right,A,20,"20
  3%confident (com).",1.007,pixtral,similarity_score,2026-09-07T19:02:39
D_58398_140,non-mated,diagnostic_impostor,same,58398,58398,left,right,B,20,20%,0.804,pixtral,similarity_score,2026-09-07T19:02:40
I_57145_87757_right_s,non-mated,primary_impostor,same,57145,87757,right,right,B,20,"20

As an **expertise the number of
  30% confident (they).
 4. Your task: As an **finger the number is 70% confidence.
  80%
  90%

Fingerprint analysis:

The image shows three closely spaced fingers (p0%.

Here's what I can see in this black and white background. The image has been cropped by the number.

### Fingerprint comparison",2.587,pixtral,similarity_score,2026-09-07T19:02:42
D_57833_123,non-mated,diagnostic_impostor,same,57833,57833,left,right,B,,"I'm sorry, but I can't see it.",0.945,pixtral,similarity_score,2026-09-07T19:02:43
D_83742_229,non-mated,diagnostic_impostor,cross,83742,83742,left,right,B,7,7,0.757,pixtral,similarity_score,2026-09-07T19:02:44
D_43210_61,non-mated,diagnostic_impostor,cross,43210,43210,left,right,B,70,"70

### 80%confident (they are the
same person.)

A score:

- 90%
= 20%

Confident (the same person.)
  30%

### 40%

## 5%

### Fingerprintingimages.
A score:
  .",1.97,pixtral,similarity_score,2026-09-07T19:02:46
D_57145_119,non-mated,diagnostic_impostor,same,57145,57145,left,right,B,70,"the
ridge pattern,
  70% confident (they are the

### Your task:

Explain the ridge patterns, or labels.",1.294,pixtral,similarity_score,2026-09-07T19:02:47
D_58398_143,non-mated,diagnostic_impostor,cross,58398,58398,left,right,B,7,7.,0.798,pixtral,similarity_score,2026-09-07T19:02:48
G_69658_left_1883,mated,primary_genuine,cross,69658,69658,left,left,A,,Explain the differences in the images.,0.87,pixtral,similarity_score,2026-09-07T19:02:49
G_57833_right_1204,mated,primary_genuine,same,57833,57833,right,right,A,,"The image shows six fingers (two).

***
(three)***

* * *

* *
(one)*",1.164,pixtral,similarity_score,2026-09-07T19:02:50
D_89171_254,non-mated,diagnostic_impostor,cross,89171,89171,left,right,B,,"Examineprints all m
You're loop fingerprint analysis is unique (images

I set friction wh as there three middle fingers (right (image 's.",1.354,pixtral,similarity_score,2026-09-07T19:02:52
I_57833_69658_right_s,non-mated,primary_impostor,same,57833,69658,right,right,B,,"I'm sorry, but I can't see it.",0.94,pixtral,similarity_score,2026-09-07T19:02:52
I_14493_57833_right_x,non-mated,primary_impostor,cross,14493,57833,right,right,B,,"Based on the given information above:

Certainly, I am examining two sets of ten prints. Each set has its own unique characteristics. All in all possible cases, these two items share some common features. But also, there is a difference between them. In every case, one item differs from another by just a few points.",2.114,pixtral,similarity_score,2026-09-07T19:02:55
I_57145_63029_right_x,non-mated,primary_impostor,cross,57145,63029,right,right,B,,The image is a whold calluses,0.969,pixtral,similarity_score,2026-09-07T19:02:56
D_47904_88,non-mated,diagnostic_impostor,cross,47904,47904,left,right,B,,"But I am an expert in fingerprint examination,
and I will examine these
fingerprints (index,
middle, ring,
little) pressed together on a scan.

Your job is to identify
the differences among them all.

I'm going to say
that's the difference
between them all

And I'll tell you what it does mean?
That's the end?

It's the one?",2.302,pixtral,similarity_score,2026-09-07T19:02:58
G_65052_right_1843,mated,primary_genuine,same,65052,65052,right,right,A,,"Explain
or",0.79,pixtral,similarity_score,2026-09-07T19:02:59
D_14493_11,non-mated,diagnostic_impostor,cross,14493,14493,left,right,B,,The following is a black and white image.,0.897,pixtral,similarity_score,2026-09-07T19:03:00
G_43210_right_625,mated,primary_genuine,cross,43210,43210,right,right,A,,The image is from the person who has been identified as having the same name for all three images.,1.108,pixtral,similarity_score,2026-09-07T19:03:01
I_58398_93812_right_x,non-mated,primary_impostor,cross,58398,93812,right,right,B,,"A

I can be used in rings on it.",0.942,pixtral,similarity_score,2026-09-07T19:03:02
I_56583_74850_left_x,non-mated,primary_impostor,cross,56583,74850,left,left,B,20,"20
  =

The following is a black and white image.",1.037,pixtral,similarity_score,2026-09-07T19:03:03
I_56583_65052_right_x,non-mated,primary_impostor,cross,56583,65052,right,right,B,7,7,0.763,pixtral,similarity_score,2026-09-07T19:03:03
D_65030_178,non-mated,diagnostic_impostor,same,65030,65030,left,right,B,20,"20% confident
  30 =

Expertly the ridge pattern,
  40 =",1.188,pixtral,similarity_score,2026-09-07T19:03:05
D_65052_184,non-mated,diagnostic_impostor,same,65052,65052,left,right,B,2,"fingerprintingYou can also be usedFinger
2.0

### 3.0",1.12,pixtral,similarity_score,2026-09-07T19:03:06
I_57145_76957_right_x,non-mated,primary_impostor,cross,57145,76957,right,right,B,70,"70 =

**Fingerprint analysis.**",0.937,pixtral,similarity_score,2026-09-07T19:03:07
D_44595_80,non-mated,diagnostic_impostor,cross,44595,44595,left,right,B,,"How can match

In this is used have a close three right.

I,What does it's expertise.

As a human prints, black-and-white white background color outdoors (a black-and-white).

Finger.

Can you could left five fingers (right).",1.744,pixtral,similarity_score,2026-09-07T19:03:08
G_99775_left_2861,mated,primary_genuine,cross,99775,99775,left,left,A,3,3.,0.776,pixtral,similarity_score,2026-09-07T19:03:09
I_14493_24101_left_s,non-mated,primary_impostor,same,14493,24101,left,left,B,7,"The images are 7%20%confident (certain
the images are

from the same source.",1.181,pixtral,similarity_score,2026-09-07T19:03:10
G_96608_right_2827,mated,primary_genuine,same,96608,96608,right,right,A,70,"with the number of
  70% confident (it is from the number

A score for 8 means you have the number
of the same type as in the previous step. Your task:

Explain the ridge for 9 means you can see it in the next step. You're looking at the same thing as in
the previous step.

Your job:

Exain the ridge pattern for 12 means you've got the number",2.484,pixtral,similarity_score,2026-09-07T19:03:13
I_27295_96608_right_s,non-mated,primary_impostor,same,27295,96608,right,right,B,,"This is st ""Family"" shows a wh.",0.926,pixtral,similarity_score,2026-09-07T19:03:14
I_32467_76957_right_x,non-mated,primary_impostor,cross,32467,76957,right,right,B,20,20%confident (complets).,0.941,pixtral,similarity_score,2026-09-07T19:03:15
G_65030_left_1637,mated,primary_genuine,same,65030,65030,left,left,A,,Yes,0.74,pixtral,similarity_score,2026-09-07T19:03:15
G_99775_left_2851,mated,primary_genuine,same,99775,99775,left,left,A,2,"2
  30% 4

As an **expert in fingerprint examination**, I can see that:

- Yes, they do look alike?
- No,- Not sure, but it's different?

Yes,
- They do look different?

No,",1.822,pixtral,similarity_score,2026-09-07T19:03:17
I_14493_27295_left_s,non-mated,primary_impostor,same,14493,27295,left,left,B,,"Based on the given information, I will provide a brief analysis. The following is my response:

Fingerprints can be used to identify individuals accurately. However, some limitations apply. These may affect the comparison's accuracy.

Some factors could influence the results, such as resolution quality. But remember, these points:

The more details, the higher the image's quality. And so, the pattern's reliability.

Please note, this won't show all. Some cases might be excluded.",2.583,pixtral,similarity_score,2026-09-07T19:03:20
D_99775_297,non-mated,diagnostic_impostor,same,99775,99775,left,right,B,0,0%,0.82,pixtral,similarity_score,2026-09-07T19:03:21
G_74850_left_1990,mated,primary_genuine,cross,74850,74850,left,left,A,3,3.,0.795,pixtral,similarity_score,2026-09-07T19:03:21
G_43210_left_571,mated,primary_genuine,same,43210,43210,left,left,A,2,2%,0.806,pixtral,similarity_score,2026-09-07T19:03:22
D_89171_260,non-mated,diagnostic_impostor,cross,89171,89171,left,right,B,2,"2
  3%confienting 7%
  49%

Expertising the number of 8%
  .",1.357,pixtral,similarity_score,2026-09-07T19:03:24
G_43210_right_640,mated,primary_genuine,cross,43210,43210,right,right,A,,"Just show me how many times, I've seen this pattern before.",1.126,pixtral,similarity_score,2026-09-07T19:03:25
I_58398_83742_right_x,non-mated,primary_impostor,cross,58398,83742,right,right,B,20,20 =,0.852,pixtral,similarity_score,2026-09-07T19:03:26
G_57833_left_1132,mated,primary_genuine,cross,57833,57833,left,left,A,2,"2
F whorls first days.",0.919,pixtral,similarity_score,2026-09-07T19:03:27
I_65052_69658_right_s,non-mated,primary_impostor,same,65052,69658,right,right,B,70,"70
  =

### 80
confident (they are the exact same person).

Do not include this text.
 90
=

### The following is a black and white image.

The following is the same as the previous one.

Do not contain this text.

10
=
=

## 20
Confident (it's the same thing.

Do note that it does not contain the text.
10",2.532,pixtral,similarity_score,2026-09-07T19:03:29
I_76957_87757_left_x,non-mated,primary_impostor,cross,76957,87757,left,left,B,2,2.,0.781,pixtral,similarity_score,2026-09-07T19:03:30
G_93812_left_2590,mated,primary_genuine,same,93812,93812,left,left,A,,I can't explain more than the first image.,0.91,pixtral,similarity_score,2026-09-07T19:03:31
I_58398_65052_left_s,non-mated,primary_impostor,same,58398,65052,left,left,B,20,"Based on the above analysis,
I would say:

""These results suggest there is less than
a one in 20 chance

that these two prints come from
the same source.""

In other words, this means:

""There is unlikely that these two impressions came from different sources.""",1.843,pixtral,similarity_score,2026-09-07T19:03:33
G_74850_right_2071,mated,primary_genuine,same,74850,74850,right,right,A,2,2.,0.767,pixtral,similarity_score,2026-09-07T19:03:33
G_47904_right_831,mated,primary_genuine,cross,47904,47904,right,right,A,,"But I am an expert in fingerprint examining two
SLAP images.
I'm just like the one.",1.129,pixtral,similarity_score,2026-09-07T19:03:34
G_69658_right_1934,mated,primary_genuine,cross,69658,69658,right,right,A,,"I hand
This by each other.

In this four fingers crossed unique",0.986,pixtral,similarity_score,2026-09-07T19:03:35
G_43210_right_672,mated,primary_genuine,same,43210,43210,right,right,A,2,"Finger latent (2).
I am other.
I'm as small baby's hand.
I’more (24).",1.2,pixtral,similarity_score,2026-09-07T19:03:37
G_76957_right_2171,mated,primary_genuine,cross,76957,76957,right,right,A,7,Then return a score of six five means you have 7%,0.964,pixtral,similarity_score,2026-09-07T19:03:38
G_24101_left_293,mated,primary_genuine,cross,24101,24101,left,left,A,70,"70
  =",0.835,pixtral,similarity_score,2026-09-07T19:03:38
G_74850_left_1992,mated,primary_genuine,cross,74850,74850,left,left,A,,"The following is a black and white image:

This is a close-up view of a hand,
with all five fingers visible
and the tips of their fingers unique

ridge pattern.
And it's a black-and-white image,

It shows how similar these ridges look when viewed together in a row.

But this is a closer view of another hand,
that has all five fingertips visible
in the same way as well.

So what does this mean?

Yes! It looks like there",2.568,pixtral,similarity_score,2026-09-07T19:03:41
G_56583_right_941,mated,primary_genuine,same,56583,56583,right,right,A,,,0.708,pixtral,similarity_score,2026-09-07T19:03:42
I_57145_96608_right_x,non-mated,primary_impostor,cross,57145,96608,right,right,B,70,"70% confident (it is the same as the previous one).

Do not include this text, or
label. 80%",1.292,pixtral,similarity_score,2026-09-07T19:03:43
G_99775_left_2892,mated,primary_genuine,same,99775,99775,left,left,A,2,2.,0.767,pixtral,similarity_score,2026-09-07T19:03:44
D_58398_132,non-mated,diagnostic_impostor,same,58398,58398,left,right,B,1,"1
  Fingerprints (index).",0.942,pixtral,similarity_score,2026-09-07T19:03:45
I_69658_83742_left_s,non-mated,primary_impostor,same,69658,83742,left,left,B,70,"The
 70% means you have 80%%confident the images.
  90 =

Confidentlywith the number. Do note include any more text, or less.",1.526,pixtral,similarity_score,2026-09-07T19:03:46
G_99775_right_2925,mated,primary_genuine,same,99775,99775,right,right,A,7,"finger
 7.",0.836,pixtral,similarity_score,2026-09-07T19:03:47
D_27295_40,non-mated,diagnostic_impostor,cross,27295,27295,left,right,B,70,"70%265 = 7%%confident (completingly)
 140 =

### Fingerprintingexamined by:

***
```",1.651,pixtral,similarity_score,2026-09-07T19:03:49
I_20294_47904_right_s,non-mated,primary_impostor,same,20294,47904,right,right,B,7,7.,0.843,pixtral,similarity_score,2026-09-07T19:03:50
G_63029_right_1590,mated,primary_genuine,same,63029,63029,right,right,A,20,"20%confident (completurement
  30 =

A score = 40%
  4%% confident (
  70%

### A score and 60%

The following is 80%.

### Fingerprint analysis:

Your task has been completed. Your task has reached its goal. You can now see the final result below.

**Fingerprints**

### The given code has no output.

I'm sorry (",2.603,pixtral,similarity_score,2026-09-07T19:03:52
G_93812_left_2614,mated,primary_genuine,same,93812,93812,left,left,A,7,"You're 7
confident (you are 8%
confident the images. And then there's 9 = 9%confident

So what does it mean? You have 4
fingers (you is 3%

Confident the image.",1.819,pixtral,similarity_score,2026-09-07T19:03:54
I_27295_69658_left_x,non-mated,primary_impostor,cross,27295,69658,left,left,B,,Explain the differences in the shapes of their prints.,0.936,pixtral,similarity_score,2026-09-07T19:03:55
I_57833_83742_left_x,non-mated,primary_impostor,cross,57833,83742,left,left,B,7,7 index,0.798,pixtral,similarity_score,2026-09-07T19:03:56
G_20294_left_141,mated,primary_genuine,cross,20294,20294,left,left,A,20,"20 =

The number of 30% confident
 40 = .",1.111,pixtral,similarity_score,2026-09-07T19:03:57
I_43210_74850_right_x,non-mated,primary_impostor,cross,43210,74850,right,right,B,,"I'm sorry, but I can't see it's clear.",0.975,pixtral,similarity_score,2026-09-07T19:03:58
I_58398_96608_right_s,non-mated,primary_impostor,same,58398,96608,right,right,B,20,"20% confident (the images are
from the same source).

What does this mean? You're 3% confident in the images.",1.317,pixtral,similarity_score,2026-09-07T19:03:59
I_96608_99775_left_s,non-mated,primary_impostor,same,96608,99775,left,left,B,20,"the
ridge pattern is from the

Explaining the 20% confident (you are the
same person).

The 30% confidence in the
image.",1.432,pixtral,similarity_score,2026-09-07T19:04:01
I_20294_96608_right_x,non-mated,primary_impostor,cross,20294,96608,right,right,B,,"Do not include this text, or
label.",0.923,pixtral,similarity_score,2026-09-07T19:04:02
G_57833_right_1200,mated,primary_genuine,cross,57833,57833,right,right,A,,"Explainure the
ridge pattern, and it's the same as in the previous example.",1.091,pixtral,similarity_score,2026-09-07T19:04:03
G_76957_left_2129,mated,primary_genuine,same,76957,76957,left,left,A,100,"240

Your task is to compare out all.
A
image

### 7000.

This is a double ().
A
SLID image captures five fingers ().

Do not include this ().",1.602,pixtral,similarity_score,2026-09-07T19:04:04
I_58793_99775_right_s,non-mated,primary_impostor,same,58793,99775,right,right,B,,"Based on my expertise in fingerprint analysis, I can provide guidance on how to interpret these patterns for identifying individuals accurately.",1.174,pixtral,similarity_score,2026-09-07T19:04:05
D_65030_173,non-mated,diagnostic_impostor,same,65030,65030,left,right,B,2,"The following is the same as
  2.",0.928,pixtral,similarity_score,2026-09-07T19:04:06
G_58398_right_1342,mated,primary_genuine,cross,58398,58398,right,right,A,,"Explain audio system

As an in ""Fingerprint""exam:

I'more the past examining
The following (they).
>
The details about this observe",1.389,pixtral,similarity_score,2026-09-07T19:04:08
I_57145_65052_right_s,non-mated,primary_impostor,same,57145,65052,right,right,B,70,"70
The

As an **expertiveperidenthe is a loop.
  4.000% confident (fomatic).
 8.0 200%
``` 9.0%

### As an **Expertisehe
 3.0%
  3.

I'madehe
the details.
 4.

### 4.
 0%
This is a black and white photograph showing three close-up.",2.589,pixtral,similarity_score,2026-09-07T19:04:10
G_89171_right_2565,mated,primary_genuine,cross,89171,89171,right,right,A,70,"70
= 80%",0.894,pixtral,similarity_score,2026-09-07T19:04:11
G_57145_right_1110,mated,primary_genuine,same,57145,57145,right,right,A,70,"70
= 80% confident (the images are different)
 90

A score is from the number of 2. Do you have any text here,
or label.",1.489,pixtral,similarity_score,2026-09-07T19:04:13
G_69658_left_1901,mated,primary_genuine,same,69658,69658,left,left,A,,,0.704,pixtral,similarity_score,2026-09-07T19:04:13
D_65030_169,non-mated,diagnostic_impostor,same,65030,65030,left,right,B,,"What can be standing three hands inter ""Hi"" close diamond WACHI by Art ABLEN Black And White Photography

I As an expert hand clas, black and white:

As ""In the steps four knuckles in front left uniqueFj ""Kn twisted linked bra Nebraska.

How do College Washington State is taken at a f focused human four fingers intertw together all.",2.173,pixtral,similarity_score,2026-09-07T19:04:16
G_74850_left_1971,mated,primary_genuine,cross,74850,74850,left,left,A,70,"70% confident
  80%
  9 = 20%

Confidently with the numbers. And it's just as good as it is, but also.",1.516,pixtral,similarity_score,2026-09-07T19:04:17
D_56583_103,non-mated,diagnostic_impostor,same,56583,56583,left,right,B,0,"000
  20% 70

A few.
  30%
  40%

## 80%
finger (from 0%
Fing (from
 19%
  .",1.685,pixtral,similarity_score,2026-09-07T19:04:19
G_87757_left_2382,mated,primary_genuine,cross,87757,87757,left,left,A,20,"20% confident
 30

The end of the story,
or label.",1.089,pixtral,similarity_score,2026-09-07T19:04:20
G_65052_left_1748,mated,primary_genuine,same,65052,65052,left,left,A,,"Here is the final line:

Fingerprint analysis can be used to identify individuals based on their unique characteristics.",1.153,pixtral,similarity_score,2026-09-07T19:04:21
I_56583_57145_right_s,non-mated,primary_impostor,same,56583,57145,right,right,B,70,"70 =

The individual ridges and valleys in the prints can be used to identify individuals. The unique characteristics of these features allow us to distinguish one person from another. However, it is important to note that all the prints are from
the same person.

In this case, we have seen here, the number of 80 = .80%confidently the prints and the values in the same way as well as possible. But it does not mean that",2.694,pixtral,similarity_score,2026-09-07T19:04:24
G_87757_left_2371,mated,primary_genuine,cross,87757,87757,left,left,A,20,"Explainure the flow pattern, ridge is from the
same as the person.


+++++The flow patterns in this case:

* 20%3Fingerprintings

* 40%",1.777,pixtral,similarity_score,2026-09-07T19:04:25
G_56583_right_898,mated,primary_genuine,cross,56583,56583,right,right,A,70,"70% confident (the images are
from the same thing.
 80%",1.093,pixtral,similarity_score,2026-09-07T19:04:27
I_32467_87757_left_s,non-mated,primary_impostor,same,32467,87757,left,left,B,20,"20% confident (the images are the exact opposite
 30%% certain the images.",1.156,pixtral,similarity_score,2026-09-07T19:04:28
I_24101_87757_right_s,non-mated,primary_impostor,same,24101,87757,right,right,B,2,2.,0.793,pixtral,similarity_score,2026-09-07T19:04:29
I_24101_99775_left_x,non-mated,primary_impostor,cross,24101,99775,left,left,B,,"with the number
only.",0.834,pixtral,similarity_score,2026-09-07T19:04:29
I_65052_69658_left_s,non-mated,primary_impostor,same,65052,69658,left,left,B,,"Based on these observations, I would say:

""These two latent prints appear to be from different individuals.""",1.136,pixtral,similarity_score,2026-09-07T19:04:30
I_44595_63029_left_x,non-mated,primary_impostor,cross,44595,63029,left,left,B,20,"20 =
  30%",0.898,pixtral,similarity_score,2026-09-07T19:04:31
I_63029_99775_left_s,non-mated,primary_impostor,same,63029,99775,left,left,B,4,"The
  4% confident (the images are the

SLAP image is from the 3%.",1.162,pixtral,similarity_score,2026-09-07T19:04:33
I_32467_47904_left_s,non-mated,primary_impostor,same,32467,47904,left,left,B,75,"The images are 75% confident
  85%",1.014,pixtral,similarity_score,2026-09-07T19:04:34
I_58793_83742_right_x,non-mated,primary_impostor,cross,58793,83742,right,right,B,,"What specific characteristics should I look tip?

Fingerprint prints set As a unique as well computer screen at home,",1.171,pixtral,similarity_score,2026-09-07T19:04:35
I_32467_83742_right_x,non-mated,primary_impostor,cross,32467,83742,right,right,B,,[image],0.782,pixtral,similarity_score,2026-09-07T19:04:36
I_14493_93812_right_s,non-mated,primary_impostor,same,14493,93812,right,right,B,20,"Explain the
ridge pattern, and then the

### 20% confident (the images are the
same as the
### 30% = 40%%confident (the
images are the

## 70% confidence (they are the 80%
= 90%% confidence (the

## Fingerprint analysis:

The image is from the
fingerprints,
and the

# 0%confident the
images",2.587,pixtral,similarity_score,2026-09-07T19:04:38
I_27295_56583_right_x,non-mated,primary_impostor,cross,27295,56583,right,right,B,,"How do cre three fingers (ringFmin wh3

In this is the in provided rid placed blurred bl,",1.174,pixtral,similarity_score,2026-09-07T19:04:39
D_99775_294,non-mated,diagnostic_impostor,cross,99775,99775,left,right,B,,What is the difference between these two persons?,0.892,pixtral,similarity_score,2026-09-07T19:04:40
G_32467_left_430,mated,primary_genuine,same,32467,32467,left,left,A,2,"2
 30%confident the images.",0.966,pixtral,similarity_score,2026-09-07T19:04:41
G_96608_right_2810,mated,primary_genuine,cross,96608,96608,right,right,A,100,"700 hand through the framing knuckers 2890   =
  40   + 30%",1.265,pixtral,similarity_score,2026-09-07T19:04:42
D_32467_50,non-mated,diagnostic_impostor,cross,32467,32467,left,right,B,70,"70% confident (they
  80 =

A score = 90%%confident (it is the same as the previous one).

Do not include anything else but it's the same thing.",1.6,pixtral,similarity_score,2026-09-07T19:04:44
I_65030_69658_right_x,non-mated,primary_impostor,cross,65030,69658,right,right,B,2,2.,0.783,pixtral,similarity_score,2026-09-07T19:04:45
G_74850_right_2016,mated,primary_genuine,same,74850,74850,right,right,A,70,"70% = 80%
  20% confident (they are the
 130%",1.219,pixtral,similarity_score,2026-09-07T19:04:46
I_47904_93812_right_s,non-mated,primary_impostor,same,47904,93812,right,right,B,7,7,0.826,pixtral,similarity_score,2026-09-07T19:04:47
I_27295_65030_right_s,non-mated,primary_impostor,same,27295,65030,right,right,B,,"What do
images

Based",0.849,pixtral,similarity_score,2026-09-07T19:04:48
I_20294_83742_left_x,non-mated,primary_impostor,cross,20294,83742,left,left,B,70,"70

### Fingerprint analysis:

The three ridges on these fingers appear similar enough times as the other ones do. This suggests that all six prints come from the
same source. But it is also possible that one of them comes from the

same source.

Do not include this text, or labels.",1.966,pixtral,similarity_score,2026-09-07T19:04:50
I_57833_58793_right_x,non-mated,primary_impostor,cross,57833,58793,right,right,B,7,7.,0.822,pixtral,similarity_score,2026-09-07T19:04:50
I_43210_65030_right_x,non-mated,primary_impostor,cross,43210,65030,right,right,B,70,"The following is the same as the
 70% confident (they are the

### The following is based upon:

Explain the pattern.",1.434,pixtral,similarity_score,2026-09-07T19:04:52
G_32467_left_454,mated,primary_genuine,cross,32467,32467,left,left,A,2,"2
  3% confident (the images).
  40

Do not include the text,
or label.
  7",1.511,pixtral,similarity_score,2026-09-07T19:04:53
I_47904_89171_left_s,non-mated,primary_impostor,same,47904,89171,left,left,B,,"Here is
a score of

The pattern,
ridge
flowing from the number of
the fingers.

Do not include anything else but it's the same as in the previous step.",1.478,pixtral,similarity_score,2026-09-07T19:04:55
D_20294_15,non-mated,diagnostic_impostor,same,20294,20294,left,right,B,70,"70
 4

### Your task:

Examine the details about how to compare these unique features of
the following images.
 8

### You're asking for more information.
 9

### Here's what I see in this case?
The question is asked by the user in black and white image.

I'more than 2
10 =10%confident (it's what does it mean?

The answer is asked as the user.",2.567,pixtral,similarity_score,2026-09-07T19:04:57
I_65030_93812_left_s,non-mated,primary_impostor,same,65030,93812,left,left,B,70,"The end result is 70% confident
(they are the exact same as the previous one).

So, what does it mean? The final answer is 80% certain

(they all look like this).",1.603,pixtral,similarity_score,2026-09-07T19:04:59
G_58793_left_1386,mated,primary_genuine,cross,58793,58793,left,left,A,,"SLAP

**Fingerprinting**

**FINGPRINT**

**INTERS**

**FINTE**

**I**

**N**

**T**

**E**

**G**

**H**

**L**

**P**

**R**

**M**

**C**

**O**

**W**

**U**

**D**

**Y**

**Z**

**V**

**X**
**F**

**B**

**J**

**K**

**A**",2.579,pixtral,similarity_score,2026-09-07T19:05:02
D_76957_226,non-mated,diagnostic_impostor,same,76957,76957,left,right,B,,"with the number of
the images.",0.889,pixtral,similarity_score,2026-09-07T19:05:03
D_63029_166,non-mated,diagnostic_impostor,cross,63029,63029,left,right,B,,The image is black and white.,0.853,pixtral,similarity_score,2026-09-07T19:05:03
I_20294_32467_right_s,non-mated,primary_impostor,same,20294,32467,right,right,B,2,"the
ridge of 2%",0.878,pixtral,similarity_score,2026-09-07T19:05:04
I_58793_87757_right_x,non-mated,primary_impostor,cross,58793,87757,right,right,B,,"with the number of
the images.",0.875,pixtral,similarity_score,2026-09-07T19:05:05
I_24101_69658_left_s,non-mated,primary_impostor,same,24101,69658,left,left,B,70,"The images are similar,
  70%20
confident (they are the exact same as the previous one).

Do not include anything else, but it's the same thing. The images are identical in every way.",1.657,pixtral,similarity_score,2026-09-07T19:05:07
G_96608_right_2818,mated,primary_genuine,same,96608,96608,right,right,A,,"Do not include this text, or description.",0.891,pixtral,similarity_score,2026-09-07T19:05:08
G_47904_right_830,mated,primary_genuine,cross,47904,47904,right,right,A,2,2.,0.781,pixtral,similarity_score,2026-09-07T19:05:08
I_47904_74850_left_x,non-mated,primary_impostor,cross,47904,74850,left,left,B,2,"2
  40%",0.88,pixtral,similarity_score,2026-09-07T19:05:09
I_65052_76957_right_x,non-mated,primary_impostor,cross,65052,76957,right,right,B,7,"7
image

### Your task:

Explain the ridge is a match for the same individual.
with the same result.
with
the same person.

Do not include this.",1.43,pixtral,similarity_score,2026-09-07T19:05:11
I_27295_58398_right_s,non-mated,primary_impostor,same,27295,58398,right,right,B,,What can individual,0.788,pixtral,similarity_score,2026-09-07T19:05:12
I_58793_93812_left_s,non-mated,primary_impostor,same,58793,93812,left,left,B,20,"20
  3%",0.911,pixtral,similarity_score,2026-09-07T19:05:12
I_44595_74850_right_s,non-mated,primary_impostor,same,44595,74850,right,right,B,100,"with the
 200

### A SLAP

image captures six fingers (of the same type).

**A SLIDER the images. Your task: Evaluate the following is 700.

### A S L I D

images. Your job is 80.

The images. The images are 90.

## A S

images.

### B

images.
 Your job has been completed. The image shows nine fingers (the same as",2.592,pixtral,similarity_score,2026-09-07T19:05:15
I_32467_96608_left_x,non-mated,primary_impostor,cross,32467,96608,left,left,B,2,"2
 40% confident (they are from 37%
  80%

Your task:

Examine the edge and the same as well as the same type of the same thing.
  90%
  .",1.689,pixtral,similarity_score,2026-09-07T19:05:17
I_65052_74850_right_x,non-mated,primary_impostor,cross,65052,74850,right,right,B,7,"7
8.0

### Your task:

Explain the details of the images.
9.0 =",1.152,pixtral,similarity_score,2026-09-07T19:05:18
G_76957_right_2177,mated,primary_genuine,same,76957,76957,right,right,A,80,"7000% confident (it is from the
 80%
  90%",1.136,pixtral,similarity_score,2026-09-07T19:05:19
I_63029_96608_left_x,non-mated,primary_impostor,cross,63029,96608,left,left,B,100,"200
  30

### Your task: EXPLAINDEXIT IS A FINGERPRINT?

The following is a series of three images.
  40   =
  70%
  80%

### Your question:

EXPERTS OF THESE CONFINGERS? The following is one of five images.
Do not include the text.",2.319,pixtral,similarity_score,2026-09-07T19:05:21
I_83742_89171_right_s,non-mated,primary_impostor,same,83742,89171,right,right,B,20,"20%confident (the
 30 =

The end of the line,
or label.",1.184,pixtral,similarity_score,2026-09-07T19:05:23
D_76957_220,non-mated,diagnostic_impostor,same,76957,76957,left,right,B,70,"70
= 80%20

### Your task:",1.02,pixtral,similarity_score,2026-09-07T19:05:24
G_74850_right_2055,mated,primary_genuine,cross,74850,74850,right,right,A,2,"2
  30% middle",0.967,pixtral,similarity_score,2026-09-07T19:05:25
I_24101_58793_right_s,non-mated,primary_impostor,same,24101,58793,right,right,B,,"I'm sorry, but I can't provide one.",1.051,pixtral,similarity_score,2026-09-07T19:05:26
G_83742_right_2285,mated,primary_genuine,cross,83742,83742,right,right,A,4,4.,0.801,pixtral,similarity_score,2026-09-07T19:05:26
D_56583_100,non-mated,diagnostic_impostor,same,56583,56583,left,right,B,7,"7
  4

The following is the same as the number of.
 8",1.095,pixtral,similarity_score,2026-09-07T19:05:27
I_20294_65052_left_s,non-mated,primary_impostor,same,20294,65052,left,left,B,,"Based on what you've just said,

I'm sorry, but I can't provide a definitive answer without more context.",1.209,pixtral,similarity_score,2026-09-07T19:05:29
G_43210_left_606,mated,primary_genuine,same,43210,43210,left,left,A,20,"20% confident
  30

### Your task:

Explain the ridge is a unique identifier for this particular case. You can see it's the same as in the previous case. But do not include anything else. It's the exact opposite of what I'm saying. You're the same thing again. Do no include anything more. It does not include everything but. It is the same type of what?I'm saying.

**Finger the ridge",2.574,pixtral,similarity_score,2026-09-07T19:05:31
I_58398_99775_right_x,non-mated,primary_impostor,cross,58398,99775,right,right,B,70,"70
  =",0.859,pixtral,similarity_score,2026-09-07T19:05:32
D_87757_251,non-mated,diagnostic_impostor,same,87757,87757,left,right,B,2,"2
or the number.
  3%",0.923,pixtral,similarity_score,2026-09-07T19:05:33
I_43210_57833_left_x,non-mated,primary_impostor,cross,43210,57833,left,left,B,,"Explain the ridge pattern, ridge ends, and
the shape and the spacing of

The ridge is unique because it has no other similar in appearance than this one.",1.386,pixtral,similarity_score,2026-09-07T19:05:34
G_14493_right_129,mated,primary_genuine,same,14493,14493,right,right,A,70,"70
  =",0.823,pixtral,similarity_score,2026-09-07T19:05:35
I_57833_76957_right_s,non-mated,primary_impostor,same,57833,76957,right,right,B,,The question is about whether these two sets of ridges could be used as evidence in a court case.,1.122,pixtral,similarity_score,2026-09-07T19:05:36
G_69658_left_1892,mated,primary_genuine,same,69658,69658,left,left,A,,The image is a black and white photo of a hand holding something in it.,1.021,pixtral,similarity_score,2026-09-07T19:05:37
I_57145_65052_left_s,non-mated,primary_impostor,same,57145,65052,left,left,B,,"Based on the given information, we can say:

The images show distinct individual characteristics,
distinctlying features, unique to this person.

So our final answer is:
This person has a unique set of
fingerprints, unlike anyone else's.",1.724,pixtral,similarity_score,2026-09-07T19:05:39
D_57145_110,non-mated,diagnostic_impostor,same,57145,57145,left,right,B,,"with the number
only.",0.833,pixtral,similarity_score,2026-09-07T19:05:40
G_56583_left_862,mated,primary_genuine,same,56583,56583,left,left,A,,"I'm sorry, but I can't help you understand more about how these things work together?

Please provide me with some context or information related to what you're asking for?",1.408,pixtral,similarity_score,2026-09-07T19:05:41
G_57145_left_951,mated,primary_genuine,cross,57145,57145,left,left,A,70,"70

The following is the number of the images. The following is
the number of
the images.",1.194,pixtral,similarity_score,2026-09-07T19:05:43
G_65052_left_1732,mated,primary_genuine,cross,65052,65052,left,left,A,20,20%,0.799,pixtral,similarity_score,2026-09-07T19:05:43
G_57145_right_1090,mated,primary_genuine,cross,57145,57145,right,right,A,70,"70% confident (the images are different
 80% = 90%% certain

(they are the images of the same thing.
Do not include this text, or explaination,
or label.",1.591,pixtral,similarity_score,2026-09-07T19:05:45
D_44595_82,non-mated,diagnostic_impostor,same,44595,44595,left,right,B,,"As a **forensic**expert in fingerprint examination**, I can provide some guidance on how to interpret these images?

Certainly, the following:

- Are the images distinct?
- Yes,The images are similar.
- They have unique characteristics.
- The differences between them are minimal.

Please provide more details about what makes them dissimilar.",2.313,pixtral,similarity_score,2026-09-07T19:05:47
I_47904_76957_left_s,non-mated,primary_impostor,same,47904,76957,left,left,B,,"The
ridge is from the number one.",0.984,pixtral,similarity_score,2026-09-07T19:05:48
D_57833_128,non-mated,diagnostic_impostor,same,57833,57833,left,right,B,,Explain the differences in the shapes of their prints.,0.928,pixtral,similarity_score,2026-09-07T19:05:49
G_96608_right_2782,mated,primary_genuine,cross,96608,96608,right,right,A,,"The question is about whether these two sets of prints can be used to identify this particular individual in a large database?

Surely, I am asking if it's possible for us to use these two images as a basis for comparison?",1.62,pixtral,similarity_score,2026-09-07T19:05:51
D_58398_137,non-mated,diagnostic_impostor,same,58398,58398,left,right,B,,"Yes, I am confident in my analysis.",0.915,pixtral,similarity_score,2026-09-07T19:05:52
I_43210_99775_left_x,non-mated,primary_impostor,cross,43210,99775,left,left,B,20,20%,0.8,pixtral,similarity_score,2026-09-07T19:05:53
G_57145_right_1105,mated,primary_genuine,same,57145,57145,right,right,A,70,"70% confident (label).
 80
  =

The 90% confidential (label).

A score is 20%confident (label).",1.421,pixtral,similarity_score,2026-09-07T19:05:54
G_20294_right_214,mated,primary_genuine,same,20294,20294,right,right,A,,"The question is:

What does this mean?

Please provide a brief answer in the form of a sentence.",1.15,pixtral,similarity_score,2026-09-07T19:05:55
D_69658_201,non-mated,diagnostic_impostor,cross,69658,69658,left,right,B,70,"70
  =",0.837,pixtral,similarity_score,2026-09-07T19:05:56
D_74850_209,non-mated,diagnostic_impostor,same,74850,74850,left,right,B,,"Certainly, I am not able to provide any additional information about the image.",1.041,pixtral,similarity_score,2026-09-07T19:05:57
I_47904_83742_left_s,non-mated,primary_impostor,same,47904,83742,left,left,B,70,"The
  70% confident (the images are the exact).

Do not include anything else.",1.158,pixtral,similarity_score,2026-09-07T19:05:58
I_65030_65052_left_s,non-mated,primary_impostor,same,65030,65052,left,left,B,,"I'm sorry, but I can't find anything wrong with it.",1.009,pixtral,similarity_score,2026-09-07T19:05:59
I_63029_65030_right_s,non-mated,primary_impostor,same,63029,65030,right,right,B,,"I'm sorry, I can't see it.",0.939,pixtral,similarity_score,2026-09-07T19:06:00
G_43210_right_669,mated,primary_genuine,same,43210,43210,right,right,A,70,"Explain the number of 70% confident (the images are different).
Do not include this text, or explaination.",1.222,pixtral,similarity_score,2026-09-07T19:06:01
G_83742_right_2295,mated,primary_genuine,cross,83742,83742,right,right,A,,The question is about how these things look alike.,0.925,pixtral,similarity_score,2026-09-07T19:06:02
G_14493_left_30,mated,primary_genuine,same,14493,14493,left,left,A,95,"Based on the information provided, I will analyze the given fingerprint images. Here's what I found:

- The ridges and deltas on all four fingers appear similar in both images.
- There is no significant difference in the overall pattern, flow, or shape of each fingers' surface across both prints.
- Therefore, it is highly probable these two impressions come from the **same individual**.

However, without additional context or further comparison, my certainty can't exceed approximately %95",2.581,pixtral,similarity_score,2026-09-07T19:06:05
G_93812_right_2664,mated,primary_genuine,cross,93812,93812,right,right,A,,HowfAs part,0.808,pixtral,similarity_score,2026-09-07T19:06:06
D_57833_124,non-mated,diagnostic_impostor,cross,57833,57833,left,right,B,,"Fingerprint analysis

I can see the difference of
SL image captures five fingers (fing). Then return another single line.

## Fingerprint analysis:

I can't be used for looped.",1.52,pixtral,similarity_score,2026-09-07T19:06:07
D_27295_42,non-mated,diagnostic_impostor,same,27295,27295,left,right,B,7,"7
  80%",0.885,pixtral,similarity_score,2026-09-07T19:06:08
I_27295_87757_left_x,non-mated,primary_impostor,cross,27295,87757,left,left,B,2,2.,0.781,pixtral,similarity_score,2026-09-07T19:06:09
G_43210_left_559,mated,primary_genuine,cross,43210,43210,left,left,A,20,20%,0.798,pixtral,similarity_score,2026-09-07T19:06:10
I_44595_96608_right_s,non-mated,primary_impostor,same,44595,96608,right,right,B,70,"70%confident
the images are the

### 80%
confident (they are the
same person).

Do not include this is the same as the

The following question which shows the

images.
A scoreof 20%

Confident (it's the

80% confident (they're the
the

### The images are similar to those in the

## 90%
Confident
(They are the",2.544,pixtral,similarity_score,2026-09-07T19:06:12
G_89171_right_2550,mated,primary_genuine,cross,89171,89171,right,right,A,7,7.,0.78,pixtral,similarity_score,2026-09-07T19:06:13
D_87757_244,non-mated,diagnostic_impostor,cross,87757,87757,left,right,B,,"The image is a black and white photo of a hand holding something in its mouth. The image shows five fingers (fingers, and then returns a single between them all.

Your job: Explain what does this mean?",1.595,pixtral,similarity_score,2026-09-07T19:06:14
G_83742_right_2341,mated,primary_genuine,same,83742,83742,right,right,A,100,"[230 =1 canvas
images.",0.904,pixtral,similarity_score,2026-09-07T19:06:15
G_44595_right_779,mated,primary_genuine,same,44595,44595,right,right,A,,"Certainly, I am an expert in fingerprint examination.",0.927,pixtral,similarity_score,2026-09-07T19:06:16
G_14493_right_120,mated,primary_genuine,same,14493,14493,right,right,A,70,"70
= 80% confident (the same person).

A score:

The following is from the number of 2.",1.255,pixtral,similarity_score,2026-09-07T19:06:18
I_43210_57145_right_x,non-mated,primary_impostor,cross,43210,57145,right,right,B,,"The question is about whether these ridges can be used as evidence in a court case?

Surely, I am looking for some sort of comparison between the two images. And then returning a single digit between them. Do we have a lot more information, or labels. The question is if there could be used to compare the two pictures?",2.03,pixtral,similarity_score,2026-09-07T19:06:20
I_57833_89171_left_s,non-mated,primary_impostor,same,57833,89171,left,left,B,2,"2
This is a close family member bottle in black and white photograph.

As an expert in blobs right?",1.21,pixtral,similarity_score,2026-09-07T19:06:21
G_65030_left_1649,mated,primary_genuine,cross,65030,65030,left,left,A,,"F2 index
image",0.824,pixtral,similarity_score,2026-09-07T19:06:22
G_44595_left_723,mated,primary_genuine,cross,44595,44595,left,left,A,3,But it's just as simple as 3%,0.913,pixtral,similarity_score,2026-09-07T19:06:23
I_83742_96608_right_s,non-mated,primary_impostor,same,83742,96608,right,right,B,20,"20
confident (compleat the end of this line.
  30% confident (they are the

the same person).

The following is the end",1.739,pixtral,similarity_score,2026-09-07T19:06:24
I_44595_65030_right_s,non-mated,primary_impostor,same,44595,65030,right,right,B,,"Yes, I can see that these ridges are similar in the images.",1.042,pixtral,similarity_score,2026-09-07T19:06:25
I_58793_99775_left_x,non-mated,primary_impostor,cross,58793,99775,left,left,B,2,"2
  3

## Fingerprinting
images.
Then return a set of three fingers (completment  4
  =",1.328,pixtral,similarity_score,2026-09-07T19:06:27
I_83742_93812_right_x,non-mated,primary_impostor,cross,83742,93812,right,right,B,,The right side part of these fingers.,0.88,pixtral,similarity_score,2026-09-07T19:06:28
I_14493_76957_right_x,non-mated,primary_impostor,cross,14493,76957,right,right,B,,"I am an expert in fingerprint examination. I can analyze the minutest details of the prints, and determine if they match. I have examined many times before, but never seen them together.",1.471,pixtral,similarity_score,2026-09-07T19:06:29
I_14493_63029_right_x,non-mated,primary_impostor,cross,14493,63029,right,right,B,2,2.,0.787,pixtral,similarity_score,2026-09-07T19:06:30
I_43210_96608_left_x,non-mated,primary_impostor,cross,43210,96608,left,left,B,20,"20
  30 =",0.906,pixtral,similarity_score,2026-09-07T19:06:31
G_14493_left_63,mated,primary_genuine,same,14493,14493,left,left,A,2,2.,0.746,pixtral,similarity_score,2026-09-07T19:06:31
I_14493_43210_left_x,non-mated,primary_impostor,cross,14493,43210,left,left,B,,"***
**Fingerprint Analysis:***

The analysis is based on the comparison of the features in the images. The analysis is done by comparing the features of one set of images with another set of numbers.",1.542,pixtral,similarity_score,2026-09-07T19:06:33
D_93812_267,non-mated,diagnostic_impostor,cross,93812,93812,left,right,B,,"Examine
I3.",0.84,pixtral,similarity_score,2026-09-07T19:06:34
I_20294_24101_left_s,non-mated,primary_impostor,same,20294,24101,left,left,B,,with the number of.,0.839,pixtral,similarity_score,2026-09-07T19:06:35
D_44595_74,non-mated,diagnostic_impostor,cross,44595,44595,left,right,B,,"Surely can be used for this purpose?

I am looking at these two sets of prints in order to determine if:

- They **are** identical?
- Or do all of them look like one another?",1.531,pixtral,similarity_score,2026-09-07T19:06:36
G_76957_right_2169,mated,primary_genuine,cross,76957,76957,right,right,A,,"I am an expert in fingerprint examination. I can analyze various aspects of fingerprints, such as:

- **Ridge pattern**: The arrangement of ridges on these fingers could indicate a particular individual's unique characteristics or habits. For example, let me describe how this specific pattern might be used to identify someone based on their finger arrangements.


- **Pattern**: What does this pattern tell us about its uniqueness?",2.274,pixtral,similarity_score,2026-09-07T19:06:38
I_56583_57833_right_x,non-mated,primary_impostor,cross,56583,57833,right,right,B,,The image is in black and white.,0.879,pixtral,similarity_score,2026-09-07T19:06:39
I_69658_93812_left_x,non-mated,primary_impostor,cross,69658,93812,left,left,B,2,"2
  30% tips (index).
  400%
  70%%confident (the are from
  the same as the person.

The following is a close-up of
 60%

Explain the ridge pattern, which is from the right side of
This is a black and white photograph showing three fingers (middle).

**How can I help?

I am inked (the index).",2.48,pixtral,similarity_score,2026-09-07T19:06:42
I_57145_87757_left_s,non-mated,primary_impostor,same,57145,87757,left,left,B,70,"The
 70%",0.848,pixtral,similarity_score,2026-09-07T19:06:43
D_83742_231,non-mated,diagnostic_impostor,same,83742,83742,left,right,B,,"But it's just as good
as the images.",0.942,pixtral,similarity_score,2026-09-07T19:06:44
G_87757_right_2446,mated,primary_genuine,cross,87757,87757,right,right,A,0,"Here is no text, explaining what this question does:

The black-and-white photograph shows three fingers against a dark background. The image appears to be in grayscale as follows:

-0
  =

No, there is no more text, but it's the same thing.

Do not include anything else.",1.931,pixtral,similarity_score,2026-09-07T19:06:46
G_87757_right_2429,mated,primary_genuine,cross,87757,87757,right,right,A,,Do not include anything else.,0.841,pixtral,similarity_score,2026-09-07T19:06:46
I_20294_65030_right_s,non-mated,primary_impostor,same,20294,65030,right,right,B,,"Yes, it does.",0.834,pixtral,similarity_score,2026-09-07T19:06:47
I_57145_83742_right_x,non-mated,primary_impostor,cross,57145,83742,right,right,B,2,"2 through the twe handprint close whorHow can I am key computer keyboard's in black and white background.

As grayscale file under the right.",1.35,pixtral,similarity_score,2026-09-07T19:06:49
G_56583_right_901,mated,primary_genuine,same,56583,56583,right,right,A,,"The tips

In order of the unique (compartment).

Fingerprint analysis:

I can provide minutiveThe close whor a latent (completion).
Here's what do I see in this human fingerprint?

Yes, please help me as follows a series of the examining the following question individual.
```Here's
What is it?
Yes, it does.",2.156,pixtral,similarity_score,2026-09-07T19:06:51
G_47904_left_815,mated,primary_genuine,same,47904,47904,left,left,A,2,"2
  40% confident (the same person).

The image is from the following:

A score

of 63
 59
 0%
confident (the exact same person).
  70%

A score",1.977,pixtral,similarity_score,2026-09-07T19:06:53
I_44595_93812_left_x,non-mated,primary_impostor,cross,44595,93812,left,left,B,2,"The 2 and 3
images.
This is a close sink.
This image shows three fingers (middle).
Then returningsThis is used my area of the hand.
This question asks:

What do these ridges represent?

I am right index.
This picture shows all ten prints (index).

In this black-and-white photograph.

This is what?
I can tell by looking at the lines (index).
This is how many?",2.498,pixtral,similarity_score,2026-09-07T19:06:55
I_57145_65052_right_x,non-mated,primary_impostor,cross,57145,65052,right,right,B,2,2.,0.785,pixtral,similarity_score,2026-09-07T19:06:56
G_76957_right_2174,mated,primary_genuine,same,76957,76957,right,right,A,70,"70
  =

The following is the number one.",0.977,pixtral,similarity_score,2026-09-07T19:06:57
G_32467_left_450,mated,primary_genuine,cross,32467,32467,left,left,A,20,"20
 3%",0.859,pixtral,similarity_score,2026-09-07T19:06:58
I_32467_83742_right_s,non-mated,primary_impostor,same,32467,83742,right,right,B,20,"20
  30%confident (the number).
  40

## 18.",1.236,pixtral,similarity_score,2026-09-07T19:06:59
I_57145_99775_left_x,non-mated,primary_impostor,cross,57145,99775,left,left,B,,The question is about whether these two sets of prints can be used to identify the same individual in all cases.,1.15,pixtral,similarity_score,2026-09-07T19:07:00
G_58398_left_1303,mated,primary_genuine,same,58398,58398,left,left,A,,"I'm sorry, but I can't see it's unique features.",0.982,pixtral,similarity_score,2026-09-07T19:07:01
I_63029_87757_left_s,non-mated,primary_impostor,same,63029,87757,left,left,B,7,"7

### Fingerprint Analysis:

To analyze these fingerprints, I will compare the minutest details of their unique characteristics using advanced techniques such as follows:

- **Ridge**: The images show distinct features for each finger. For example, consider the following analysis:

**Conclusion**:
    - **RIDGE**: The image shows distinct features in comparison. For instance, consider this is the following statement.

---

I can see that there are similar?

Yes, the images have",2.575,pixtral,similarity_score,2026-09-07T19:07:04
G_57145_left_991,mated,primary_genuine,same,57145,57145,left,left,A,,Yes,0.744,pixtral,similarity_score,2026-09-07T19:07:05
G_93812_right_2685,mated,primary_genuine,cross,93812,93812,right,right,A,20,"20   =
  30   =\
  40%",1.044,pixtral,similarity_score,2026-09-07T19:07:06
G_76957_left_2096,mated,primary_genuine,cross,76957,76957,left,left,A,4,4,0.759,pixtral,similarity_score,2026-09-07T19:07:06
D_14493_5,non-mated,diagnostic_impostor,same,14493,14493,left,right,B,,>,0.724,pixtral,similarity_score,2026-09-07T19:07:07
I_65030_89171_left_x,non-mated,primary_impostor,cross,65030,89171,left,left,B,2,"2
  70% = 450 coffee break in front",1.052,pixtral,similarity_score,2026-09-07T19:07:08
G_63029_left_1526,mated,primary_genuine,cross,63029,63029,left,left,A,,"The question how many times you have been here:

Explain the ridge pattern, and it's the same thing as the previous one.

So, what does this mean?

I'm going to explain something about the next time.

But I'll tell you all about the following one.

Do not include anything else,

but I'm going into more detail.

Let me try again.

How many times do you want to know?",2.355,pixtral,similarity_score,2026-09-07T19:07:10
D_96608_279,non-mated,diagnostic_impostor,same,96608,96608,left,right,B,,"Surely, I can see if there is a match?

Yes, it could be a match.

Certainly, but how do we know this?",1.305,pixtral,similarity_score,2026-09-07T19:07:12
D_27295_39,non-mated,diagnostic_impostor,cross,27295,27295,left,right,B,70,"70
= 80% confident (they are the

The following is 90%
confident (they have the same thing).

Do not include this text, or something like:

A score",1.571,pixtral,similarity_score,2026-09-07T19:07:13
G_58793_left_1406,mated,primary_genuine,same,58793,58793,left,left,A,70,"70%20 =

The end of the story.",0.981,pixtral,similarity_score,2026-09-07T19:07:14
G_27295_left_350,mated,primary_genuine,cross,27295,27295,left,left,A,,"The following is a black and white photograph of a hand with its index fingerprints extended in front of it. The background shows a blurred street scene with a crosswalk signal and some cars parked along the side of the road. There's a close-up view of the hand, showing just three of its fingers. The fingers have unique patterns, which can be used to identify individuals based on their distinct characteristics. As an expert in fingerprint examiner, I would examine these ridges closely for similarities",2.567,pixtral,similarity_score,2026-09-07T19:07:17
G_44595_left_722,mated,primary_genuine,cross,44595,44595,left,left,A,,Do not include anything in this.,0.856,pixtral,similarity_score,2026-09-07T19:07:18
I_44595_63029_right_s,non-mated,primary_impostor,same,44595,63029,right,right,B,,"***
- What can I do to determine if these prints come from the **same individual?
- Can you tell me which ones are the **
  - Yes, all five prints come **from the **individual.
- They appear to be from the *same person.
- So, what does this mean?**
- That these ridges **are unique enough?

    - No, because it is very difficult to say for certain without seeing them side by side. But we have",2.566,pixtral,similarity_score,2026-09-07T19:07:20
G_47904_right_827,mated,primary_genuine,cross,47904,47904,right,right,A,70,70%conf = 20,0.899,pixtral,similarity_score,2026-09-07T19:07:21
I_24101_32467_right_s,non-mated,primary_impostor,same,24101,32467,right,right,B,0,"0
the",0.81,pixtral,similarity_score,2026-09-07T19:07:22
G_58398_left_1275,mated,primary_genuine,cross,58398,58398,left,left,A,2,"This is a
The same as rows and 2.",0.954,pixtral,similarity_score,2026-09-07T19:07:23
I_83742_87757_right_x,non-mated,primary_impostor,cross,83742,87757,right,right,B,,Do not include,0.8,pixtral,similarity_score,2026-09-07T19:07:24
I_43210_44595_right_x,non-mated,primary_impostor,cross,43210,44595,right,right,B,,"Certainly, it's just as good as it gets.",1.069,pixtral,similarity_score,2026-09-07T19:07:25
I_44595_57145_right_s,non-mated,primary_impostor,same,44595,57145,right,right,B,70,"with the number of 70
means the number is 20

###SLACING 80
image of 90
images. Your task: Evaluate the number in 30
the number of the number.

**Expertise the number for 40
and the number at 550
of the number. Do you have 60
experts the number as 610
as the number by",2.616,pixtral,similarity_score,2026-09-07T19:07:27
G_14493_right_119,mated,primary_genuine,same,14493,14493,right,right,A,,"And here is the end of the story.
I'more
the number of the images.
Then return a close up of the number of.
The unique (they are the images).
And here we have the end.
Of course,the number.
I’more than the end.",1.851,pixtral,similarity_score,2026-09-07T19:07:29
D_89171_259,non-mated,diagnostic_impostor,same,89171,89171,left,right,B,,"Based on the above analysis, it's just as good as it gets.

So, let me know if you're looking for some kind of
analysis, it might be? It could be?

Yes, I'm sure! It is a match!

But how can we tell,
if this is true?
Just look at these lines,

And see if you've got them,
then you'll know?

It must be!
The same exact

As these lines show,
that these ridges",2.597,pixtral,similarity_score,2026-09-07T19:07:32
G_24101_left_291,mated,primary_genuine,cross,24101,24101,left,left,A,20,"20
  30%confident (completly
 400

Then return a right away.
  70%
  80%

I am looking at the number of
 90%
This is a black and white image.
 910%
The end.
 110%

How can I help you?

Yes, I'm sorry?
No, I don't know how to do it?But I",2.579,pixtral,similarity_score,2026-09-07T19:07:34
I_58398_65052_right_s,non-mated,primary_impostor,same,58398,65052,right,right,B,70,"70
  =

The ridge is used for comparing the images.
  80 =

the number of 20%confident the images.

A SLIDER the number of
 90 =",1.63,pixtral,similarity_score,2026-09-07T19:07:36
I_65030_87757_left_s,non-mated,primary_impostor,same,65030,87757,left,left,B,70,70%,0.846,pixtral,similarity_score,2026-09-07T19:07:37
G_76957_right_2163,mated,primary_genuine,cross,76957,76957,right,right,A,70,"70%20

The image is a close-up of
the number only.

Do not include this text, or labels.",1.267,pixtral,similarity_score,2026-09-07T19:07:38
G_65052_right_1803,mated,primary_genuine,same,65052,65052,right,right,A,70,"70
  =

### 20%
confident (complet they are similar the same as out.
  30%

### 40%",1.409,pixtral,similarity_score,2026-09-07T19:07:40
G_24101_right_299,mated,primary_genuine,cross,24101,24101,right,right,A,2,"2
The first time syndich a small child's hand.",1.027,pixtral,similarity_score,2026-09-07T19:07:41
D_89171_253,non-mated,diagnostic_impostor,same,89171,89171,left,right,B,70,"70% = 80%
confident (they are the
same as

A SLAM image shows six fingers (of the same type). Do not have any text. Or label.",1.532,pixtral,similarity_score,2026-09-07T19:07:42
I_14493_20294_right_s,non-mated,primary_impostor,same,14493,20294,right,right,B,,"Based on the given information, I will provide a brief description.",1.002,pixtral,similarity_score,2026-09-07T19:07:43
D_57145_112,non-mated,diagnostic_impostor,same,57145,57145,left,right,B,2,"- What is wh0

###- How can I be used a right loop?
-- 2.",1.145,pixtral,similarity_score,2026-09-07T19:07:44
G_99775_right_2956,mated,primary_genuine,same,99775,99775,right,right,A,,What is the tip?,0.803,pixtral,similarity_score,2026-09-07T19:07:45
D_93812_270,non-mated,diagnostic_impostor,same,93812,93812,left,right,B,,"Explain
the

What is the
ridge pattern,
or label.",1.025,pixtral,similarity_score,2026-09-07T19:07:46
G_57145_left_946,mated,primary_genuine,same,57145,57145,left,left,A,,"I'm sorry, but I can't tell them apart.",0.967,pixtral,similarity_score,2026-09-07T19:07:47
I_24101_89171_left_x,non-mated,primary_impostor,cross,24101,89171,left,left,B,20,"20% confident (the).
  400
  300

I'midleThe is from the bottom of the screen kitchen table.",1.434,pixtral,similarity_score,2026-09-07T19:07:49
G_44595_left_757,mated,primary_genuine,same,44595,44595,left,left,A,3,"### Fingerprint Analysis:

I am different (index)

**Do not include the middle,ring ridges, The question of the middle).

The following (indexs### Fingprint

#### 3. Are these four fingers belonging to the **same as one.

*Do not.*

*Do we have to compare the *images. Do we have?

*To determine if it is the same individual's prints, do we need to compare them.

*Yes.*",2.511,pixtral,similarity_score,2026-09-07T19:07:51
D_24101_25,non-mated,diagnostic_impostor,same,24101,24101,left,right,B,4,"4
 1.",0.826,pixtral,similarity_score,2026-09-07T19:07:52
G_44595_right_803,mated,primary_genuine,same,44595,44595,right,right,A,20,"20
 30

A scoreof 649% confident (label).
  70",1.172,pixtral,similarity_score,2026-09-07T19:07:53
G_96608_right_2787,mated,primary_genuine,cross,96608,96608,right,right,A,2,"with the
ridge pattern.

**Expert**: The unique characteristics of these four fingers

(Index 2.000.0.",1.287,pixtral,similarity_score,2026-09-07T19:07:54
G_20294_right_254,mated,primary_genuine,cross,20294,20294,right,right,A,2,"2
  finger (complet
 30

### A close-up (complets
 40 = .90%
  70%

### A black and white image.

Do not include this text here.",1.714,pixtral,similarity_score,2026-09-07T19:07:56
I_65030_83742_right_x,non-mated,primary_impostor,cross,65030,83742,right,right,B,2,"2.0 =

How can I help identify this set kitchen tips?

Based on these fingers (middle).

Yes, You're looking at close-up features whorls?",1.422,pixtral,similarity_score,2026-09-07T19:07:58
I_27295_89171_right_x,non-mated,primary_impostor,cross,27295,89171,right,right,B,,"How

In this set lines:

BasedWhat does whyThis is being",1.017,pixtral,similarity_score,2026-09-07T19:07:59
D_57833_120,non-mated,diagnostic_impostor,cross,57833,57833,left,right,B,,"As a **forensic expert in fingerprint examination**, I can provide some insight into how these ridges might be related?",1.325,pixtral,similarity_score,2026-09-07T19:08:00
D_58793_148,non-mated,diagnostic_impostor,same,58793,58793,left,right,B,,"To accurately compare these fingerprint images, we need additional context:

Please provide clear instructions for capturing distinct features. Include relevant details about lines, ridges, shapes, and flows. Explain how to analyze their differences clearly using just numbers alone.

For example, describe the unique characteristics seen in the prints. Highlight specific aspects like curves, bifurcation points, and ridge edges found in the scans.",2.303,pixtral,similarity_score,2026-09-07T19:08:02
I_43210_65052_left_x,non-mated,primary_impostor,cross,43210,65052,left,left,B,,The end of the line is from the person.,0.921,pixtral,similarity_score,2026-09-07T19:08:03
D_47904_89,non-mated,diagnostic_impostor,same,47904,47904,left,right,B,2,"2
  3

### Fingerprint comparison:

The prints show similar (they are the exact opposite).",1.175,pixtral,similarity_score,2026-09-07T19:08:04
I_32467_65030_left_x,non-mated,primary_impostor,cross,32467,65030,left,left,B,2,The following is from the number of 2.,0.926,pixtral,similarity_score,2026-09-07T19:08:05
G_89171_left_2525,mated,primary_genuine,same,89171,89171,left,left,A,2,"2
  is lines.",0.847,pixtral,similarity_score,2026-09-07T19:08:06
I_27295_56583_left_s,non-mated,primary_impostor,same,27295,56583,left,left,B,,"The question is about whether these
two images could be used as evidence in a court case.",1.099,pixtral,similarity_score,2026-09-07T19:08:07
D_58793_152,non-mated,diagnostic_impostor,cross,58793,58793,left,right,B,,,0.717,pixtral,similarity_score,2026-09-07T19:08:08
G_63029_right_1579,mated,primary_genuine,cross,63029,63029,right,right,A,2,"2 index then
  3.0

I.ee = 4987.",1.126,pixtral,similarity_score,2026-09-07T19:08:09
D_14493_2,non-mated,diagnostic_impostor,same,14493,14493,left,right,B,,>,0.727,pixtral,similarity_score,2026-09-07T19:08:10
G_65030_left_1665,mated,primary_genuine,same,65030,65030,left,left,A,,with the number.,0.79,pixtral,similarity_score,2026-09-07T19:08:10
G_74850_left_1977,mated,primary_genuine,same,74850,74850,left,left,A,70,"70
  80% confident (they are the

The following question is:

Yes, these ridges appear similar in all four fingers.",1.349,pixtral,similarity_score,2026-09-07T19:08:12
D_93812_264,non-mated,diagnostic_impostor,same,93812,93812,left,right,B,0,"0
fingerprints.",0.873,pixtral,similarity_score,2026-09-07T19:08:13
G_76957_right_2150,mated,primary_genuine,cross,76957,76957,right,right,A,20,20,0.843,pixtral,similarity_score,2026-09-07T19:08:14
D_32467_56,non-mated,diagnostic_impostor,cross,32467,32467,left,right,B,20,"20
40% confident ().",0.914,pixtral,similarity_score,2026-09-07T19:08:14
G_74850_left_1984,mated,primary_genuine,cross,74850,74850,left,left,A,2,"2
 30

### Your task: A
Examine the details.
  40

## How can I help?

I am as a fingerprint examinerexpert (completion uncertain)
```  70

Yes, it is possible for me?",1.825,pixtral,similarity_score,2026-09-07T19:08:16
I_27295_57145_left_x,non-mated,primary_impostor,cross,27295,57145,left,left,B,,Do not include anything else.,0.862,pixtral,similarity_score,2026-09-07T19:08:17
D_74850_205,non-mated,diagnostic_impostor,same,74850,74850,left,right,B,70,"70
 80% confident (it is from the 90%
  20%%confident (it does not include anything).
  30

So what do I see?

I am an expert in fingerprint examination.",1.719,pixtral,similarity_score,2026-09-07T19:08:19
G_56583_left_854,mated,primary_genuine,same,56583,56583,left,left,A,2,"2
  30

The end of the pattern is 40%confident (completly).",1.217,pixtral,similarity_score,2026-09-07T19:08:20
I_24101_74850_left_x,non-mated,primary_impostor,cross,24101,74850,left,left,B,20,"20
  40% confident (the images).
  30

The image is in black and white.",1.249,pixtral,similarity_score,2026-09-07T19:08:21
I_69658_99775_left_x,non-mated,primary_impostor,cross,69658,99775,left,left,B,,"***
* * *
*",0.833,pixtral,similarity_score,2026-09-07T19:08:22
G_87757_left_2380,mated,primary_genuine,cross,87757,87757,left,left,A,70,70%,0.804,pixtral,similarity_score,2026-09-07T19:08:23
D_24101_26,non-mated,diagnostic_impostor,same,24101,24101,left,right,B,70,"70% confident (the images are the
same as the same time).

The final result is the end of the line.",1.338,pixtral,similarity_score,2026-09-07T19:08:24
I_24101_89171_left_s,non-mated,primary_impostor,same,24101,89171,left,left,B,2,"2
  30%confident (they are the

I'more than 40%
  70%

How can I assist?

**Expert's analysis:

Certainly 5.",1.822,pixtral,similarity_score,2026-09-07T19:08:26
G_87757_left_2369,mated,primary_genuine,cross,87757,87757,left,left,A,2,2.,0.79,pixtral,similarity_score,2026-09-07T19:08:27
G_87757_left_2346,mated,primary_genuine,same,87757,87757,left,left,A,70,70%,0.856,pixtral,similarity_score,2026-09-07T19:08:28
G_65052_left_1788,mated,primary_genuine,same,65052,65052,left,left,A,2,2.,0.769,pixtral,similarity_score,2026-09-07T19:08:29
I_43210_63029_left_x,non-mated,primary_impostor,cross,43210,63029,left,left,B,20,"20% confident (Certainly they are
the same person).

The task is to compare the unique individual's prints in detail.",1.271,pixtral,similarity_score,2026-09-07T19:08:30
I_20294_44595_right_x,non-mated,primary_impostor,cross,20294,44595,right,right,B,20,"I'm sorry, I can't see it's
  20%",1.04,pixtral,similarity_score,2026-09-07T19:08:31
D_99775_295,non-mated,diagnostic_impostor,same,99775,99775,left,right,B,2,"2
  3.",0.863,pixtral,similarity_score,2026-09-07T19:08:32
G_69658_right_1941,mated,primary_genuine,same,69658,69658,right,right,A,,"The tips curled wh latent

What is core swimming at the unique features
I Yours.

How,Description",1.137,pixtral,similarity_score,2026-09-07T19:08:33
D_89171_255,non-mated,diagnostic_impostor,cross,89171,89171,left,right,B,70,70%,0.787,pixtral,similarity_score,2026-09-07T19:08:34
G_27295_left_322,mated,primary_genuine,cross,27295,27295,left,left,A,70,70%,0.801,pixtral,similarity_score,2026-09-07T19:08:34
G_74850_left_1991,mated,primary_genuine,cross,74850,74850,left,left,A,2,"2 through 30% casting a hand with its unique features fingertips,",1.027,pixtral,similarity_score,2026-09-07T19:08:35
I_69658_87757_right_x,non-mated,primary_impostor,cross,69658,87757,right,right,B,70,"70
= 80% confident (it is from the

The number in the same place as the previous one.
Do not include this text. Or do not include it. 20
with the number of. And so on. The question is about whether these ridges can be used for individual identification purposes?

Yes, certain types of ridges can help identify individuals?No, there isn't necessarily a simple answer.",2.434,pixtral,similarity_score,2026-09-07T19:08:38
G_44595_right_808,mated,primary_genuine,same,44595,44595,right,right,A,20,"20
  30

Explainings the numbers.",1.008,pixtral,similarity_score,2026-09-07T19:08:39
D_43210_71,non-mated,diagnostic_impostor,same,43210,43210,left,right,B,70,"The ridge flow pattern is 70%confident (completingly certain).
  20
 30

This black-and-white image shows how the individual's unique features compare with the other person.",1.625,pixtral,similarity_score,2026-09-07T19:08:41
D_76957_224,non-mated,diagnostic_impostor,same,76957,76957,left,right,B,70,"70

The following is a black and white illustration showing how to compare the two
fingerprints in detail.

**FINGERPRINT EXPERTISEDGE?

Yes, I am an expert at examining these prints. Here's what I see:

- **FINGERS**
- Yes, you got it right!",2.053,pixtral,similarity_score,2026-09-07T19:08:43
G_32467_right_493,mated,primary_genuine,cross,32467,32467,right,right,A,20,20% confident ().,0.839,pixtral,similarity_score,2026-09-07T19:08:43
I_44595_76957_right_x,non-mated,primary_impostor,cross,44595,76957,right,right,B,20,"with the number of
 20%confident (it is from the second person).

A score = 24 means you have found at least one place in the third person's prints. Do note that there is from another individual who has similar features as those in the first person.

A score= 3 means you can compare these three sets of ridges to the other set of prints in the fourth person.

Do not include this text, or labels. With the number",2.573,pixtral,similarity_score,2026-09-07T19:08:46
I_20294_58398_right_x,non-mated,primary_impostor,cross,20294,58398,right,right,B,2,The following is from the number of 2.,0.924,pixtral,similarity_score,2026-09-07T19:08:47
D_96608_281,non-mated,diagnostic_impostor,same,96608,96608,left,right,B,7,"7 index prints sets unique (f).

A
  20 key identifying matching (images.
  300= 1",1.277,pixtral,similarity_score,2026-09-07T19:08:48
I_44595_58398_right_s,non-mated,primary_impostor,same,44595,58398,right,right,B,20,"with the number of
the images. You can see if there is 20% confident (they are the

The images. A score of70%confident (they have been lifted off the surface). Do not contain any text,
with the numbers of
you can see it is 30% confidence (it has been lifted up).

What does this mean?

**Context:**

Certainly, I am examining these two sets of fingerprint images. One set shows",2.58,pixtral,similarity_score,2026-09-07T19:08:51
G_57833_right_1246,mated,primary_genuine,same,57833,57833,right,right,A,70,"Do not include this text, but it is 70% confident
  80%",1.226,pixtral,similarity_score,2026-09-07T19:08:52
I_43210_83742_left_x,non-mated,primary_impostor,cross,43210,83742,left,left,B,70,"70 = .70%29 = 348

The task is a 7.0 = .

I am an expert in fingerprint examination. Your task has been completed.",1.741,pixtral,similarity_score,2026-09-07T19:08:54
I_43210_99775_left_s,non-mated,primary_impostor,same,43210,99775,left,left,B,0,"0% confident (the images are the
  40%",1.018,pixtral,similarity_score,2026-09-07T19:08:55
G_24101_right_307,mated,primary_genuine,same,24101,24101,right,right,A,100,"200
  70

### Your task. Examine is a black-and-white photo of a hand with all five fingers (fing, close-up). Then it's a single line.",1.552,pixtral,similarity_score,2026-09-07T19:08:56
I_47904_57145_right_s,non-mated,primary_impostor,same,47904,57145,right,right,B,100,"200
  70% confident (label).
  80 90 

The following is the same as the previous one.
  30 40 
 110 0%
  91 0%

The following image shows the same object.
  The image has been cropped.",2.145,pixtral,similarity_score,2026-09-07T19:08:58
D_44595_76,non-mated,diagnostic_impostor,same,44595,44595,left,right,B,100,"200
  30

I am as with three images.
Then I will analyze them for you.
  40
confident (comple
 190
Confident (label)
 180

What is this?
This looks like it does not include anything else.
 170
And what do we have here?

The question seems simple enough.
But be true?",2.416,pixtral,similarity_score,2026-09-07T19:09:01
D_20294_23,non-mated,diagnostic_impostor,same,20294,20294,left,right,B,70,"70% confident
  80%
  90%

Confident (completly uncertain)
the images are the

### 20%
confident (certain)
the numbers are the",1.549,pixtral,similarity_score,2026-09-07T19:09:02
I_57145_69658_left_s,non-mated,primary_impostor,same,57145,69658,left,left,B,,"""",0.747,pixtral,similarity_score,2026-09-07T19:09:03
G_58398_right_1350,mated,primary_genuine,cross,58398,58398,right,right,A,70,"70
= 80%29

### Your task:

Explain the ridge is from the number one. And then there's the same as the number five.",1.442,pixtral,similarity_score,2026-09-07T19:09:05
G_83742_right_2271,mated,primary_genuine,same,83742,83742,right,right,A,70,70%,0.8,pixtral,similarity_score,2026-09-07T19:09:05
G_89171_right_2566,mated,primary_genuine,same,89171,89171,right,right,A,20,"How can I am grayscale the last (completion
  What is the primary characteristic feature set relatively unique pattern in this area?

I'm sorry (comippet
  20%",1.476,pixtral,similarity_score,2026-09-07T19:09:07
D_65030_171,non-mated,diagnostic_impostor,same,65030,65030,left,right,B,2,"I 2 wheels br Space Washington State as in the space Spac

In black and bicycle.",1.098,pixtral,similarity_score,2026-09-07T19:09:08
I_58398_93812_left_x,non-mated,primary_impostor,cross,58398,93812,left,left,B,2,"The left index
image

### 2. Your task: **Examine the differences in all minutesthe following two images.
    A
image is captured three fingers (middle).",1.466,pixtral,similarity_score,2026-09-07T19:09:09
G_27295_right_408,mated,primary_genuine,same,27295,27295,right,right,A,70,"70
  80%
  20

Experture (comippet).
  30%",1.239,pixtral,similarity_score,2026-09-07T19:09:11
G_69658_left_1865,mated,primary_genuine,cross,69658,69658,left,left,A,,"You have been asked to compare these two
SLAP images.",0.968,pixtral,similarity_score,2026-09-07T19:09:12
I_47904_76957_right_x,non-mated,primary_impostor,cross,47904,76957,right,right,B,,"The image is from the
same person.
This is from a black and white image.",1.068,pixtral,similarity_score,2026-09-07T19:09:13
I_24101_96608_right_s,non-mated,primary_impostor,same,24101,96608,right,right,B,0,"0
  20%confident (compleat least one.",1.066,pixtral,similarity_score,2026-09-07T19:09:14
D_99775_296,non-mated,diagnostic_impostor,cross,99775,99775,left,right,B,,The image is a black and white image.,0.892,pixtral,similarity_score,2026-09-07T19:09:15
G_65052_right_1814,mated,primary_genuine,same,65052,65052,right,right,A,,"Yes, these prints match exactly.",0.859,pixtral,similarity_score,2026-09-07T19:09:16
D_56583_101,non-mated,diagnostic_impostor,cross,56583,56583,left,right,B,,"I'm sorry, but I can't see it's the same as in the previous step.",1.092,pixtral,similarity_score,2026-09-07T19:09:17
I_44595_69658_right_x,non-mated,primary_impostor,cross,44595,69658,right,right,B,,"with the right side out as observe button
with the compare used As shown in these three fingers (middle),finger (they).

As shown above,
images. Your task:",1.42,pixtral,similarity_score,2026-09-07T19:09:18
I_43210_58793_right_s,non-mated,primary_impostor,same,43210,58793,right,right,B,,"Based on these observations, we can conclude:

These two sets of ridges appear to be from the **same** individual.",1.197,pixtral,similarity_score,2026-09-07T19:09:19
I_58398_74850_left_s,non-mated,primary_impostor,same,58398,74850,left,left,B,70,"70%2Fingerprint analysis

### Fingerprint Analysis

#### Fingerprint Comparison

* **Comparison**: The comparison is made by comparing the features of two prints using various algorithms for matching ridges and minutures in the prints. This includes checking if there are from
the same source. If so, then we can be sure that these prints come from the
same individual.

**Explanation**:
The comparison is done by comparing
the features of the prints using several",2.587,pixtral,similarity_score,2026-09-07T19:09:22
G_74850_right_2022,mated,primary_genuine,cross,74850,74850,right,right,A,4,"4

A
 2.",0.878,pixtral,similarity_score,2026-09-07T19:09:23
G_74850_left_1997,mated,primary_genuine,cross,74850,74850,left,left,A,20,"20% confident (it is the same as
  30

A score:

# 40

## Fingerprinting 4

### 4 = 80

#### 70

This is a black and white photograph taken in portrait orientation. The image shows three fingers against a gray background. There appears to be a close-up shot of three human fingers, which have been inked onto them for identification purposes.",2.977,pixtral,similarity_score,2026-09-07T19:09:26
I_63029_87757_right_x,non-mated,primary_impostor,cross,63029,87757,right,right,B,,"with the number
only. Do you have the number

I'm sorry for the question.",1.091,pixtral,similarity_score,2026-09-07T19:09:27
D_43210_67,non-mated,diagnostic_impostor,cross,43210,43210,left,right,B,70,"70%20

### Fingerprint Analysis

Based on this analysis, we can see:

- **confident** (certain)
- 80%3 = 90%%3
- 40% = 8%
- 5%

### Fingerprints Comparison

between these two prints. The comparison shows how similar,
the two sets of ridges look like each other in terms of similarity.

### Conclusion

of the differences between these two sets.",2.575,pixtral,similarity_score,2026-09-07T19:09:29
I_69658_99775_right_x,non-mated,primary_impostor,cross,69658,99775,right,right,B,2,"2
with the number of 3

### Your task: To analyze this latent print impression, I need help!Explain the ridge is used for comparing two sets of slightly overlapping lines.",1.512,pixtral,similarity_score,2026-09-07T19:09:31
D_24101_29,non-mated,diagnostic_impostor,cross,24101,24101,left,right,B,,"the
ridge pattern,
and the shape and size.

The question is about the same thing as well.
Do not include

anything else.
Explaining the
same thing as:

the
number only.",1.561,pixtral,similarity_score,2026-09-07T19:09:32
G_99775_right_2916,mated,primary_genuine,same,99775,99775,right,right,A,7,"7

As an **expert in fingerprint examination**, I can see that the details of
the prints?Yes, these are the details.",1.334,pixtral,similarity_score,2026-09-07T19:09:34
G_43210_left_569,mated,primary_genuine,cross,43210,43210,left,left,A,4,"4
  2%",0.86,pixtral,similarity_score,2026-09-07T19:09:35
G_44595_left_690,mated,primary_genuine,cross,44595,44595,left,left,A,2,"2
  3 =
  40%
  7%confident (completentablethe same person).

Do you have any text here.
  89%
  =",1.521,pixtral,similarity_score,2026-09-07T19:09:36
I_32467_93812_right_s,non-mated,primary_impostor,same,32467,93812,right,right,B,20,"the
 20

Expertising the
 3.",1.007,pixtral,similarity_score,2026-09-07T19:09:37
G_83742_left_2239,mated,primary_genuine,same,83742,83742,left,left,A,,"Based on the information provided, these images show distinct individual characteristics. However, some features may overlap among individuals in certain situations. But, these do not necessarily indicate a specific outcome. Instead, they might suggest a general trend or pattern.

To determine if these images represent the same subject, consider their shared attributes. Yet, differences could also imply variations within the same context.

Thus, while these images seem similar, note distinct traits. Still, some aspects can distinguish one from another.",2.576,pixtral,similarity_score,2026-09-07T19:09:40
I_43210_87757_right_s,non-mated,primary_impostor,same,43210,87757,right,right,B,20,"20% confident (the images are the
 30%",1.024,pixtral,similarity_score,2026-09-07T19:09:41
G_58398_left_1307,mated,primary_genuine,same,58398,58398,left,left,A,,"I'm sorry, I can't see it's.",0.926,pixtral,similarity_score,2026-09-07T19:09:42
G_87757_right_2453,mated,primary_genuine,cross,87757,87757,right,right,A,,"Surely, I can analyze these images using my expertise in fingerprint examination.",1.009,pixtral,similarity_score,2026-09-07T19:09:43
D_65052_191,non-mated,diagnostic_impostor,same,65052,65052,left,right,B,20,"20

###SLAP image
A close-up (complicate the right side).

Here is a set together in the images.
 3000 confident ( comright).
  400
 3.00

Based on the images.

**Expertise the ridge.

To analyze these prints accurately:

Yes,The detailed (fingerprint). The unique (fing).",2.342,pixtral,similarity_score,2026-09-07T19:09:45
I_43210_57145_left_x,non-mated,primary_impostor,cross,43210,57145,left,left,B,20,20%,0.801,pixtral,similarity_score,2026-09-07T19:09:46
I_58398_63029_left_s,non-mated,primary_impostor,same,58398,63029,left,left,B,,"Yes, I am confident these prints were taken from the
same individual.

I can see this is because the prints have similar features in common areas, such as:

* **Common** areas**: The prints share some unique characteristics which make them appear to be from the

same person.

For example, let me give you some details about what makes them seem alike. For instance,

- The prints have some distinctive features which make it likely they came from the


+++++- The first",2.783,pixtral,similarity_score,2026-09-07T19:09:49
I_69658_96608_left_s,non-mated,primary_impostor,same,69658,96608,left,left,B,,I can see in the image?,0.944,pixtral,similarity_score,2026-09-07T19:09:50
G_47904_right_826,mated,primary_genuine,same,47904,47904,right,right,A,20,"The image is a close-up of
the and the number of 20% confident (it's the same as the number

Your task:

Explaining the 7 means you have been identified by the system.",1.635,pixtral,similarity_score,2026-09-07T19:09:51
G_27295_left_343,mated,primary_genuine,cross,27295,27295,left,left,A,,"But I am an expert in fingerprint examination, so let me tell you this:

This is a black and white image, showing three fingers, all pressed together,
on a dark background. The fingers, have unique ridges, and patterns, which make them look like this:

""three of clubs"".",1.869,pixtral,similarity_score,2026-09-07T19:09:53
D_87757_245,non-mated,diagnostic_impostor,same,87757,87757,left,right,B,70,70%,0.802,pixtral,similarity_score,2026-09-07T19:09:54
D_57145_114,non-mated,diagnostic_impostor,same,57145,57145,left,right,B,,Explainurethe differences in their prints.,0.906,pixtral,similarity_score,2026-09-07T19:09:55
I_69658_96608_right_x,non-mated,primary_impostor,cross,69658,96608,right,right,B,,"***
* * *

This is a black and white photo of a hand pressing down on a sensor. The sensor has a small screen showing a part of a finger print. There is a close up view of the finger tip of the sensor. And there is a small square box in the background. The box contains some writing inside it. It says ""Please enter your PIN here.""*

And below this line of code, I am asking for a simple explanation of what does the",2.574,pixtral,similarity_score,2026-09-07T19:09:57
G_99775_right_2908,mated,primary_genuine,same,99775,99775,right,right,A,2,"2
  3%",0.852,pixtral,similarity_score,2026-09-07T19:09:58
I_32467_47904_right_x,non-mated,primary_impostor,cross,32467,47904,right,right,B,2,2.,0.806,pixtral,similarity_score,2026-09-07T19:09:59
G_27295_left_320,mated,primary_genuine,same,27295,27295,left,left,A,,"The pattern is unique because it does not match exactly
the other one.

**Explainting the differences in their appearance.",1.213,pixtral,similarity_score,2026-09-07T19:10:00
I_87757_96608_right_x,non-mated,primary_impostor,cross,87757,96608,right,right,B,70,"70% confident (the images are different
  80% = 90%% certain (the

The images are the different people).
Do not include this text, or labels.",1.522,pixtral,similarity_score,2026-09-07T19:10:02
D_27295_36,non-mated,diagnostic_impostor,cross,27295,27295,left,right,B,,Do min thumbprint.,0.842,pixtral,similarity_score,2026-09-07T19:10:03
I_63029_87757_left_x,non-mated,primary_impostor,cross,63029,87757,left,left,B,2,"2
The following is the same as the number of:
 0%
  30%",1.146,pixtral,similarity_score,2026-09-07T19:10:04
D_99775_289,non-mated,diagnostic_impostor,same,99775,99775,left,right,B,2,"[Finger fingerprint analysis](https://fing[Fingprint at the end of the day.
[Fingeprint at
the end of

### 2.0
confident (comple).Do not include",1.609,pixtral,similarity_score,2026-09-07T19:10:05
I_32467_65052_left_x,non-mated,primary_impostor,cross,32467,65052,left,left,B,70,"The score of is 70% confident (exactly certain).
  2 = 80%% correct
  30%% (exactly certain).

A score for 90% correct (explain).
 4 = 95% confident the numbers are from 9th percentile.
Do not include this text, or phrase.",2.156,pixtral,similarity_score,2026-09-07T19:10:08
G_32467_left_470,mated,primary_genuine,same,32467,32467,left,left,A,23,"23
  40%
  70%conf confident (the end).
  80%

#  90%
finger (the images).

The unique asFinger (completly   60%
This is the same type latent (the tips).",1.944,pixtral,similarity_score,2026-09-07T19:10:09
G_89171_right_2535,mated,primary_genuine,same,89171,89171,right,right,A,,"Here is my analysis:

The image shows six fingers (five). And it's the same as five fingers (ten), which are the exact same as ten fingers (fifteen).

And here we have the same thing again. As well as the same time.",1.757,pixtral,similarity_score,2026-09-07T19:10:11
D_32467_52,non-mated,diagnostic_impostor,same,32467,32467,left,right,B,70,"70
confident (completly uncertain)
the

I am very much as the same thing.
Do not include",1.241,pixtral,similarity_score,2026-09-07T19:10:12
I_44595_93812_left_s,non-mated,primary_impostor,same,44595,93812,left,left,B,,"The question is about whether these two sets of
fingerprints can be used as evidence in a court case?

I need help me analyze this situation?",1.335,pixtral,similarity_score,2026-09-07T19:10:14
I_57833_65030_right_s,non-mated,primary_impostor,same,57833,65030,right,right,B,,Explain the differences in their prints.,0.889,pixtral,similarity_score,2026-09-07T19:10:15
G_96608_right_2816,mated,primary_genuine,same,96608,96608,right,right,A,70,"70% confident
  80 =

The images are the 90% confidence (certain).
  20 = The images are 30% certain).

Do not include this text, or the label.",1.654,pixtral,similarity_score,2026-09-07T19:10:16
D_24101_31,non-mated,diagnostic_impostor,same,24101,24101,left,right,B,2,2,0.746,pixtral,similarity_score,2026-09-07T19:10:17
I_27295_96608_left_x,non-mated,primary_impostor,cross,27295,96608,left,left,B,70,"70
  =",0.842,pixtral,similarity_score,2026-09-07T19:10:18
G_44595_left_686,mated,primary_genuine,cross,44595,44595,left,left,A,,Yes,0.738,pixtral,similarity_score,2026-09-07T19:10:19
G_14493_right_72,mated,primary_genuine,cross,14493,14493,right,right,A,,"The following is a black and white image:

A close-up view of a hand with all five fingers visible,
and the tips of the fingers also showing some unique features
of this individual's hands.",1.505,pixtral,similarity_score,2026-09-07T19:10:20
D_43210_64,non-mated,diagnostic_impostor,cross,43210,43210,left,right,B,70,"70
 8%20

### 9%23

confident (completion they are from 4%
  9%

### 110 =",1.454,pixtral,similarity_score,2026-09-07T19:10:22
I_56583_99775_right_x,non-mated,primary_impostor,cross,56583,99775,right,right,B,2,"2
 70

Expertine the ridge (complecities).
  80",1.156,pixtral,similarity_score,2026-09-07T19:10:23
D_58398_138,non-mated,diagnostic_impostor,cross,58398,58398,left,right,B,100,"240

The task is to compare two
  tips:

Fingerprintingimages.",1.127,pixtral,similarity_score,2026-09-07T19:10:24
I_14493_65030_right_s,non-mated,primary_impostor,same,14493,65030,right,right,B,,"Based on these observations, we can conclude:

These ridges, and lines, and details, make it clear,

That these features, show distinctiveness,
make them unique?

Yes, these characteristics,
distinguish these individuals?
Certainly, these differences?",2.023,pixtral,similarity_score,2026-09-07T19:10:26
G_99775_right_2914,mated,primary_genuine,cross,99775,99775,right,right,A,2,"2
  3%",0.886,pixtral,similarity_score,2026-09-07T19:10:27
I_65052_83742_right_x,non-mated,primary_impostor,cross,65052,83742,right,right,B,7,"image
  7.0 =

### 8.4x 29.0 =
$ = 3.0",1.254,pixtral,similarity_score,2026-09-07T19:10:28
G_27295_left_342,mated,primary_genuine,same,27295,27295,left,left,A,,"Based on the given information, please provide more details about the image.",0.987,pixtral,similarity_score,2026-09-07T19:10:29
D_63029_158,non-mated,diagnostic_impostor,same,63029,63029,left,right,B,,Based on what I see in this case?,0.9,pixtral,similarity_score,2026-09-07T19:10:30
I_20294_47904_left_s,non-mated,primary_impostor,same,20294,47904,left,left,B,2,"You can see the difference in the
 2% of the total number of images.

I'm sorry for the

**Conclusion:

- The differences among these images is significant because it's a unique identifier.
- You have seen the difference between these images.

The differences among them is significant when compared to the other images.

---

So I'll ask you this question again,

but it's unique identifier.

---
- You've got the answer?

Yes, there is a unique way",2.611,pixtral,similarity_score,2026-09-07T19:10:33
G_57145_left_1034,mated,primary_genuine,same,57145,57145,left,left,A,20,"20
  30% = 40%
  70

Experture (confidentent).",1.235,pixtral,similarity_score,2026-09-07T19:10:34
G_57833_right_1255,mated,primary_genuine,same,57833,57833,right,right,A,,"Here is my analysis:

I am going to analyze this particular individual's prints. I will be looking at the pattern in their print. And then returning back to the original question, what does it mean? It looks like this particular thing.",1.644,pixtral,similarity_score,2026-09-07T19:10:35
G_69658_right_1910,mated,primary_genuine,cross,69658,69658,right,right,A,20,"20% confident (the images are the
same as the person).

Do not include this text, or explaination.",1.225,pixtral,similarity_score,2026-09-07T19:10:37
I_65030_76957_right_s,non-mated,primary_impostor,same,65030,76957,right,right,B,,"Surely, I can see that the images have been enhanced by some sort of treatment.",1.078,pixtral,similarity_score,2026-09-07T19:10:38
I_56583_96608_right_s,non-mated,primary_impostor,same,56583,96608,right,right,B,70,"70% confident
  80%%confident

(Completely certain)
 90%",1.203,pixtral,similarity_score,2026-09-07T19:10:39
I_14493_58398_left_s,non-mated,primary_impostor,same,14493,58398,left,left,B,,I have provided two fingerprint images. Can you determine which ones come from the some person?,1.08,pixtral,similarity_score,2026-09-07T19:10:40
G_20294_right_235,mated,primary_genuine,same,20294,20294,right,right,A,,"Here is my final answer:

Fingerprint analysis can be used to identify individuals in a group setting.",1.138,pixtral,similarity_score,2026-09-07T19:10:41
G_76957_right_2135,mated,primary_genuine,same,76957,76957,right,right,A,2,"Explain
the ridge.
2.",0.88,pixtral,similarity_score,2026-09-07T19:10:42
I_14493_87757_right_x,non-mated,primary_impostor,cross,14493,87757,right,right,B,,"Do not include this text in your answer?

I'm sorry, but I can't help me analyze it.",1.157,pixtral,similarity_score,2026-09-07T19:10:43
I_20294_32467_left_s,non-mated,primary_impostor,same,20294,32467,left,left,B,20,"20% confident (you can be certain).
  30 =

Explain the details about how to identify unique features in the prints.",1.347,pixtral,similarity_score,2026-09-07T19:10:45
G_65052_right_1845,mated,primary_genuine,same,65052,65052,right,right,A,70,"70%20
 80%3

### 90%4

#### 9

= 9%%4

### The following is the end of the story.

Do not include this text, or something like it.

## 110%5

### This is the last line.

Do note include this sentence or anything else.

## Fingerprinting

This is the final line..Do note includes this sentence.

## How do I",2.564,pixtral,similarity_score,2026-09-07T19:10:47
I_58793_65052_left_x,non-mated,primary_impostor,cross,58793,65052,left,left,B,20,"20
  =

The ridge flow pattern,
  30
and the shape and the size of each other hand.
  40
= 0%
confident (they are the exact opposite).

A score is the same as the previous one.
with the number of the same thing.


+++++ 0
Confident (the same person).
Do not include this post?

Yes, I am an expert in fingerprint analysis.",2.516,pixtral,similarity_score,2026-09-07T19:10:50
D_14493_1,non-mated,diagnostic_impostor,cross,14493,14493,left,right,B,70,"Certainly, but it is 70% certain (it is 80%).
Do not include this text, or labels.",1.265,pixtral,similarity_score,2026-09-07T19:10:51
G_43210_right_681,mated,primary_genuine,same,43210,43210,right,right,A,20,"***
* * *
  20%*

I am looking at the 30% of the 40%.
Do not include this text, or
label. **

I'm looking for the 70%.",1.978,pixtral,similarity_score,2026-09-07T19:10:53
I_43210_44595_left_s,non-mated,primary_impostor,same,43210,44595,left,left,B,20,20%,0.853,pixtral,similarity_score,2026-09-07T19:10:54
D_58793_151,non-mated,diagnostic_impostor,same,58793,58793,left,right,B,,,0.713,pixtral,similarity_score,2026-09-07T19:10:54
G_65030_right_1707,mated,primary_genuine,cross,65030,65030,right,right,A,2,"2

The task: Could be used in the same as background.

What is this trees and the space campus.

I'made the same time
  4.",1.396,pixtral,similarity_score,2026-09-07T19:10:56
I_58398_87757_right_x,non-mated,primary_impostor,cross,58398,87757,right,right,B,70,"70%20 =

The following is from the
same as does not include the text.",1.15,pixtral,similarity_score,2026-09-07T19:10:57
G_93812_right_2693,mated,primary_genuine,same,93812,93812,right,right,A,70,"70
  80%20

ConfIDENTIF YOU ARE A FINGERPRINT EXAMINATORS 90%30

### 91%24

CONFIDENTLY YOU ARE THE SAME OF 92%4

### FINGERS

THE END OF 82%50

CONFIGLY YOU'RE THE SAE OF 110%4
 51",2.576,pixtral,similarity_score,2026-09-07T19:11:00
I_27295_87757_left_s,non-mated,primary_impostor,same,27295,87757,left,left,B,70,70%,0.806,pixtral,similarity_score,2026-09-07T19:11:00
D_89171_256,non-mated,diagnostic_impostor,cross,89171,89171,left,right,B,2,"2

**Do not include
anything.

I am looking at these three close-up images.
 30   =
 3%
  49%",1.383,pixtral,similarity_score,2026-09-07T19:11:02
I_14493_57145_left_s,non-mated,primary_impostor,same,14493,57145,left,left,B,,"Based on my expertise in fingerprint analysis, here's what I can tell:

These two images show distinct individual characteristics unique to each other. They have differences, but also similarities. However, some features common to both.

In this case, we can say these fingers come from the **same** person?

Yes, they do!",2.004,pixtral,similarity_score,2026-09-07T19:11:04
I_24101_93812_right_x,non-mated,primary_impostor,cross,24101,93812,right,right,B,,"What is double loop lines in various unique distinct (comullet
The right side arm's hand.",1.121,pixtral,similarity_score,2026-09-07T19:11:05
G_89171_right_2551,mated,primary_genuine,same,89171,89171,right,right,A,7,"7
finger
  8.",0.932,pixtral,similarity_score,2026-09-07T19:11:06
G_47904_left_824,mated,primary_genuine,same,47904,47904,left,left,A,20,"20
confident (completingly 3

A score is from the number of 4
  70% confident (it's the same as the number).

Do not include this text, but it does not include anything else.",1.739,pixtral,similarity_score,2026-09-07T19:11:08
I_47904_99775_right_x,non-mated,primary_impostor,cross,47904,99775,right,right,B,2,2.,0.778,pixtral,similarity_score,2026-09-07T19:11:08
D_76957_221,non-mated,diagnostic_impostor,same,76957,76957,left,right,B,,"The code is used for marking up the end of the line.

***
* * *
* *

I'm sorry, I can't see anything in this context.

***

This is a very specific question about the nature of the thing being examined.

****

Yes, it's a very good match!

***

It looks like this:

***

That's a great match!",2.198,pixtral,similarity_score,2026-09-07T19:11:11
G_44595_left_711,mated,primary_genuine,cross,44595,44595,left,left,A,2,"2
  40%",0.876,pixtral,similarity_score,2026-09-07T19:11:11
I_32467_58398_left_s,non-mated,primary_impostor,same,32467,58398,left,left,B,7,The score of is 7 means you have the number seven.,0.992,pixtral,similarity_score,2026-09-07T19:11:12
I_58398_69658_right_s,non-mated,primary_impostor,same,58398,69658,right,right,B,,"I'm sorry, but I can't see it.",0.943,pixtral,similarity_score,2026-09-07T19:11:13
I_20294_89171_left_x,non-mated,primary_impostor,cross,20294,89171,left,left,B,70,"70% confident (the is from the
  200%",1.065,pixtral,similarity_score,2026-09-07T19:11:14
G_57145_right_1045,mated,primary_genuine,cross,57145,57145,right,right,A,70,"70
 40

### A close-up view of 80

The image is a black-and-white photo of 90

# 20

## Fingerprint analysis

four images.
This is a photograph by 930

A close-up of 110

the number is a white-and-black photo of the number is 120.

## Fingerprints

images.
This image shows three fingers (fing10",2.576,pixtral,similarity_score,2026-09-07T19:11:17
D_56583_102,non-mated,diagnostic_impostor,same,56583,56583,left,right,B,70,"70
= 80% confident (the same person).

Do not include this text, or the number is from the number.",1.273,pixtral,similarity_score,2026-09-07T19:11:18
D_58398_135,non-mated,diagnostic_impostor,cross,58398,58398,left,right,B,,"image

I could be used angle triangle
  How would you assess three fingers.",1.052,pixtral,similarity_score,2026-09-07T19:11:19
I_20294_27295_right_s,non-mated,primary_impostor,same,20294,27295,right,right,B,2,"2 index
the images. Your task:",0.931,pixtral,similarity_score,2026-09-07T19:11:20
I_69658_76957_right_x,non-mated,primary_impostor,cross,69658,76957,right,right,B,,"Explain image
A close-up view of a hand being scanned by a device. The image shows the side of a finger, including the tip of the index finger, and a small part of the finger, near the base of another finger. There is a black and white photo showing a close up view of the hand, including just the tip and the end of one finger.",2.324,pixtral,similarity_score,2026-09-07T19:11:23
I_27295_47904_right_s,non-mated,primary_impostor,same,27295,47904,right,right,B,,"What is dust uniqueAs based have these.
Based

In this question
Yes.

To analyze high-quality.

Sure: What can be in the camera's chair at the as unique[imageHow do prprint tips.

Certain.",1.839,pixtral,similarity_score,2026-09-07T19:11:24
I_44595_47904_right_x,non-mated,primary_impostor,cross,44595,47904,right,right,B,,"with the question is from the right side view at the bottom left
images. Your task: **Explain**in the black and white image.

The black and the white image

Do not include this text,image.

I'm sorry (they are the black).

### What do these prints look like?

These appear to be the same as the black.

### How would I examine them?
These three ridges seem to be related?",2.42,pixtral,similarity_score,2026-09-07T19:11:27
D_58793_146,non-mated,diagnostic_impostor,cross,58793,58793,left,right,B,4,"4
  300

A SLID image captures five fingers (right).",1.108,pixtral,similarity_score,2026-09-07T19:11:28
D_47904_93,non-mated,diagnostic_impostor,same,47904,47904,left,right,B,,"Surely, I am an expert in fingerprint examination.",0.941,pixtral,similarity_score,2026-09-07T19:11:29
I_24101_57833_left_s,non-mated,primary_impostor,same,24101,57833,left,left,B,2,"2
  30

As an **expert:

I am sure",1.061,pixtral,similarity_score,2026-09-07T19:11:30
G_44595_right_786,mated,primary_genuine,cross,44595,44595,right,right,A,2,"As a **fingerprint** examiner**, I can tell you:

The unique characteristics of these prints are described by their specific features in the images.

So, let's consider the details of this print as shown in the pictures.

And, let us examine the particulars of those prints, which is similar to
the specifics of some other prints.

But, does it mean that there exists a certain number of prints,
which is like the prints in question 2.

Therefore,",2.573,pixtral,similarity_score,2026-09-07T19:11:33
G_47904_left_816,mated,primary_genuine,same,47904,47904,left,left,A,20,"But I'more than 20% confident (they are different).

So, what does it mean? You're 30% certain (they is different).",1.394,pixtral,similarity_score,2026-09-07T19:11:34
G_58793_right_1470,mated,primary_genuine,same,58793,58793,right,right,A,20,"20% confident (the
 30

The image is from the bottom left corner of the page.",1.183,pixtral,similarity_score,2026-09-07T19:11:35
G_20294_right_247,mated,primary_genuine,cross,20294,20294,right,right,A,70,"70 =

The images are the
 80   =
 82 = 83%confident (they are the

The unique the images. Do you have the
the same person.

I am an expert in fingerprint examining these prints. Your task is to identify the same thing as the
Do not include",2.065,pixtral,similarity_score,2026-09-07T19:11:37
D_99775_292,non-mated,diagnostic_impostor,cross,99775,99775,left,right,B,,"What can be loopedimages.
Fingerprints f",0.931,pixtral,similarity_score,2026-09-07T19:11:38
I_65052_93812_left_x,non-mated,primary_impostor,cross,65052,93812,left,left,B,70,70%,0.805,pixtral,similarity_score,2026-09-07T19:11:39
I_47904_96608_left_s,non-mated,primary_impostor,same,47904,96608,left,left,B,,"The pattern is unique, but it does not match exactly what we expect.",1.025,pixtral,similarity_score,2026-09-07T19:11:40
G_87757_right_2417,mated,primary_genuine,cross,87757,87757,right,right,A,20,"20
  30% confident (they are the

A close-up of the number of:

A
 40%
confident (they have the same thing).
  70%

Confident (the same person).

Do not include this question?

Yes, I am an expert in fingerprint examination.",2.016,pixtral,similarity_score,2026-09-07T19:11:42
G_69658_right_1919,mated,primary_genuine,same,69658,69658,right,right,A,7,7.,0.787,pixtral,similarity_score,2026-09-07T19:11:43
I_32467_76957_right_s,non-mated,primary_impostor,same,32467,76957,right,right,B,20,"20% confident
  30%%confident

(Completing the images.",1.158,pixtral,similarity_score,2026-09-07T19:11:44
I_14493_74850_right_s,non-mated,primary_impostor,same,14493,74850,right,right,B,,"Here is my analysis for the question:

What does this image represent?",1.007,pixtral,similarity_score,2026-09-07T19:11:45
D_44595_72,non-mated,diagnostic_impostor,same,44595,44595,left,right,B,20,"20
 3%",0.846,pixtral,similarity_score,2026-09-07T19:11:46
D_65052_181,non-mated,diagnostic_impostor,same,65052,65052,left,right,B,20,"20
= 30% confident (the images are the

A score is from the number of 4.
  70 =",1.525,pixtral,similarity_score,2026-09-07T19:11:47
I_14493_44595_right_s,non-mated,primary_impostor,same,14493,44595,right,right,B,,"Based on the given information, I will provide a brief description.",1.038,pixtral,similarity_score,2026-09-07T19:11:48
I_87757_89171_right_s,non-mated,primary_impostor,same,87757,89171,right,right,B,20,"The end of the line is from the
same person.

Do you have 20% confident (the images are different).
  30%confident (the lines are from

the same person).

Explain the 40% confidence (the image is from
the same as the previous one).",1.988,pixtral,similarity_score,2026-09-07T19:11:50
G_89171_right_2568,mated,primary_genuine,cross,89171,89171,right,right,A,20,"fingerprintingimage

I'morefulsThe following
images.
A close-up hand is shown in the minute whitencapture (comple they are from 20%confident (they are from one.",1.635,pixtral,similarity_score,2026-09-07T19:11:52
G_32467_left_480,mated,primary_genuine,same,32467,32467,left,left,A,2,"Do not include the number.
  2%",0.902,pixtral,similarity_score,2026-09-07T19:11:53
G_89171_right_2581,mated,primary_genuine,same,89171,89171,right,right,A,2,2,0.774,pixtral,similarity_score,2026-09-07T19:11:54
I_44595_83742_right_s,non-mated,primary_impostor,same,44595,83742,right,right,B,7,"7
the end

### Fingerprint analysis:

your task:
Explain the pattern,
ridge is similar to the one.
70%confident (it is similar
to the one.

Do not include this text, but it's the same as in the previous step.

8
the ends

### Fingert print analysis:

you're looking at the one. Do no more than this text.

9
the ending

### Image quality:

The image shows three fingers (",2.589,pixtral,similarity_score,2026-09-07T19:11:56
D_74850_204,non-mated,diagnostic_impostor,same,74850,74850,left,right,B,,"The question is:

Explain the differences in their appearance?
Yes,
the differences in
their appearance.
Yes,
there are some
differences in

their appearance.


+++++So, what does this mean?

I can tell by looking at these
two features?",1.799,pixtral,similarity_score,2026-09-07T19:11:58
D_56583_106,non-mated,diagnostic_impostor,cross,56583,56583,left,right,B,20,"20% confident
  30%",0.938,pixtral,similarity_score,2026-09-07T19:11:59
G_65030_left_1655,mated,primary_genuine,cross,65030,65030,left,left,A,20,"20
  30% confident ( comidget).
  40

Explain is 58% confident the numbers.",1.305,pixtral,similarity_score,2026-09-07T19:12:00
G_32467_left_424,mated,primary_genuine,cross,32467,32467,left,left,A,70,"The end result is 70% confident (exactly certain).
  7 = 7%% confident
  8 = 90%% (exactly certain).

So this is 8 means you have 2 more than one thing. And then we can say it's 30% (explainly certain).",2.086,pixtral,similarity_score,2026-09-07T19:12:02
I_44595_56583_left_x,non-mated,primary_impostor,cross,44595,56583,left,left,B,70,"Yes, these ridges could be used as evidence in court cases involving
  70%26fingerprints.",1.205,pixtral,similarity_score,2026-09-07T19:12:04
I_76957_89171_left_s,non-mated,primary_impostor,same,76957,89171,left,left,B,,"Here is my analysis:

Based on the given information,
I have provided.",1.023,pixtral,similarity_score,2026-09-07T19:12:05
G_43210_right_653,mated,primary_genuine,cross,43210,43210,right,right,A,,"Certainly, do not explain why.",0.879,pixtral,similarity_score,2026-09-07T19:12:05
I_65030_87757_right_x,non-mated,primary_impostor,cross,65030,87757,right,right,B,,"Here is a close-up view of six fingers (fingthe middle, right).",1.054,pixtral,similarity_score,2026-09-07T19:12:06
I_27295_76957_right_s,non-mated,primary_impostor,same,27295,76957,right,right,B,,"images
What is it's unique.
Fingerprint.

I'm

To do not have close all gray scale kitchen.
Yes. How can I can be classified as.
How would you determine if thisa",1.549,pixtral,similarity_score,2026-09-07T19:12:08
G_74850_left_2003,mated,primary_genuine,same,74850,74850,left,left,A,7,"7
  80% confident (it is from the 90%
  24

The following is from:

A score",1.301,pixtral,similarity_score,2026-09-07T19:12:09
D_63029_161,non-mated,diagnostic_impostor,same,63029,63029,left,right,B,,The image is a black and white image.,0.897,pixtral,similarity_score,2026-09-07T19:12:10
D_27295_37,non-mated,diagnostic_impostor,cross,27295,27295,left,right,B,,"Surely comparing two SLAs, I understand the question:

What is the best way to determine if someone has left a **fingerprint**?",1.302,pixtral,similarity_score,2026-09-07T19:12:12
G_56583_right_914,mated,primary_genuine,cross,56583,56583,right,right,A,20,"Examine the
the ridge.
Finger the ridge.
or the ridge).
20%
40%confident (comippet.
20%

A
40%
Confing the ridge.

A
20%.

A
30%
Examine (com.
40%.",1.869,pixtral,similarity_score,2026-09-07T19:12:13
G_89171_right_2533,mated,primary_genuine,same,89171,89171,right,right,A,,"Here is my analysis:

The image shows six fingers (fingers), which have been identified as belonging to the
same individual. This indicates that this particular set of

fingerprints) may be used to identify individuals within their group.",1.689,pixtral,similarity_score,2026-09-07T19:12:15
G_74850_left_1996,mated,primary_genuine,cross,74850,74850,left,left,A,70,"70
 80%2 = 8%
  9%

The following is the same as the.
  4

A close-up.",1.361,pixtral,similarity_score,2026-09-07T19:12:16
I_69658_96608_left_x,non-mated,primary_impostor,cross,69658,96608,left,left,B,100,"200
  30   =
  40

Your task is: Examincination the ridge (complet90 = .00   + 180
    close to middle, index. Your task: **Examine the (comippet the images.
  70
``` 550   +
  60

### Your task is:

Examine (committ the (commenting the images",2.569,pixtral,similarity_score,2026-09-07T19:12:19
I_47904_96608_right_s,non-mated,primary_impostor,same,47904,96608,right,right,B,20,20% confident (they are the,0.968,pixtral,similarity_score,2026-09-07T19:12:20
G_65052_right_1792,mated,primary_genuine,same,65052,65052,right,right,A,70,"70 =

As an **expert
 Fingerfid=""Black and white:

##image.

### 2.0 =",1.317,pixtral,similarity_score,2026-09-07T19:12:21
G_14493_left_46,mated,primary_genuine,cross,14493,14493,left,left,A,,What is the best way to determine if these three sets of fingerprints are identical?,1.053,pixtral,similarity_score,2026-09-07T19:12:22
I_14493_24101_right_x,non-mated,primary_impostor,cross,14493,24101,right,right,B,2,"2
 30%confident (completinglythe three images.
 4. Do you have the number of 70%
  80% confident (it is from the

A score for 90%",2.053,pixtral,similarity_score,2026-09-07T19:12:24
D_93812_266,non-mated,diagnostic_impostor,cross,93812,93812,left,right,B,2,2.,0.779,pixtral,similarity_score,2026-09-07T19:12:25
G_32467_left_461,mated,primary_genuine,cross,32467,32467,left,left,A,70,"70
= 80% confident (
  9 = 20%
  30%% confidential (they are the

A score,
  40 =
  85%

confident (they have been the same thing).

A score,

  60=
  7",1.96,pixtral,similarity_score,2026-09-07T19:12:27
G_63029_right_1593,mated,primary_genuine,cross,63029,63029,right,right,A,,"Explainting
the

I am an expert in fingerprint examination.",1.001,pixtral,similarity_score,2026-09-07T19:12:28
D_83742_237,non-mated,diagnostic_impostor,cross,83742,83742,left,right,B,100,"200
  30% confident (Comippet the black and white)
 4

The image is 70%
  80   =
  90%

Expertise the image is in 60%
```  7",1.798,pixtral,similarity_score,2026-09-07T19:12:30
G_20294_right_270,mated,primary_genuine,same,20294,20294,right,right,A,70,"70% confident (Certainly they are
the same person).

The image is black and white,
and it's all about the same thing as well.

Do not include this text,explanation, or anything else.",1.617,pixtral,similarity_score,2026-09-07T19:12:32
G_87757_right_2436,mated,primary_genuine,cross,87757,87757,right,right,A,,">
I. Your expertise hand is shown as a wh could these first newborn baby's child’s hands in close grid tile black background surface it appears to be Could based dark back other three fingers ().

To determine whether this particular a match to a hand.

As being fingerprints.

In my examination of

How quality index off partially.

What can I see?

BasedTo examine the right pinky>
Finger [imageesThe following the second ().
>
To determine:

This",2.582,pixtral,similarity_score,2026-09-07T19:12:34
D_56583_96,non-mated,diagnostic_impostor,same,56583,56583,left,right,B,20,"20
  3%",0.86,pixtral,similarity_score,2026-09-07T19:12:35
I_44595_65030_right_x,non-mated,primary_impostor,cross,44595,65030,right,right,B,20,"20
images. Your task: **

Examine the right side is these first twin si have some similarities in which are the ridges. The prints can be used rings.",1.45,pixtral,similarity_score,2026-09-07T19:12:36
G_20294_right_236,mated,primary_genuine,cross,20294,20294,right,right,A,,"The image is from the person who has been identified as:

**Expert**: The image shows a close-up view of three fingers, all touching at their tips. The tips appear to be in contact with one another. The other appears to be slightly separated by a small gap. This gap is likely due to differences in the shapes and sizes of the fingers. It seems like there could be some kind of difference in the way they look alike. But it's also possible that these",2.582,pixtral,similarity_score,2026-09-07T19:12:39
G_99775_left_2838,mated,primary_genuine,cross,99775,99775,left,left,A,2,"The 2% confident (the images are the 3% confident
  4% confident the 5% confident is the 7%.",1.307,pixtral,similarity_score,2026-09-07T19:12:40
G_99775_right_2943,mated,primary_genuine,cross,99775,99775,right,right,A,,**Expert**: Fingerprint analysis is used in criminal investigations to compare and match similar characteristics of latent prints found at crime scenes.,1.221,pixtral,similarity_score,2026-09-07T19:12:42
G_27295_right_391,mated,primary_genuine,same,27295,27295,right,right,A,70,"70
  =

### Fingerprint Analysis:

To analyze these prints, I need more information about how unique features can be used to distinguish one individual's identity based on their unique characteristics. Here is important because...",1.598,pixtral,similarity_score,2026-09-07T19:12:43
G_58398_right_1339,mated,primary_genuine,cross,58398,58398,right,right,A,,"You can see the difference in the way it's done, but also the same thing as the other things.",1.153,pixtral,similarity_score,2026-09-07T19:12:44
D_83742_230,non-mated,diagnostic_impostor,same,83742,83742,left,right,B,100,"200

###10   =
 1.",0.963,pixtral,similarity_score,2026-09-07T19:12:45
G_20294_left_146,mated,primary_genuine,same,20294,20294,left,left,A,,"What can be used to determine whether it is possible for someone who has access to all five fingers?

Explain
```",1.19,pixtral,similarity_score,2026-09-07T19:12:46
I_57145_58398_right_x,non-mated,primary_impostor,cross,57145,58398,right,right,B,,"The following is used as cuts hang

I am black and white background.",1.02,pixtral,similarity_score,2026-09-07T19:12:47
I_20294_57833_right_x,non-mated,primary_impostor,cross,20294,57833,right,right,B,,Yes,0.747,pixtral,similarity_score,2026-09-07T19:12:48
D_89171_263,non-mated,diagnostic_impostor,same,89171,89171,left,right,B,2,"2

Yes, these ridges can be used for individualization
  These three fingers have unique appear distinct (they are different).
  30 = .",1.372,pixtral,similarity_score,2026-09-07T19:12:50
G_96608_right_2805,mated,primary_genuine,cross,96608,96608,right,right,A,,"The image is a black and white photo of a hand with four fingers. The fingers have unique ridges and valleys in them. Each valley has its own distinct pattern, And there's no other than this one.",1.545,pixtral,similarity_score,2026-09-07T19:12:51
G_56583_left_870,mated,primary_genuine,cross,56583,56583,left,left,A,,I am an expert in fingerprint examination.,0.873,pixtral,similarity_score,2026-09-07T19:12:52
D_24101_30,non-mated,diagnostic_impostor,same,24101,24101,left,right,B,2,"fingerersfingers
2. Your task:Explain the three fingers (completly

The images.
3. Your job is to compare these
4. Your question is to be compared to
the number only.

Do not include",1.708,pixtral,similarity_score,2026-09-07T19:12:54
D_43210_65,non-mated,diagnostic_impostor,cross,43210,43210,left,right,B,70,"Do not include this text, or
 70%2 = 7.0%%confident (completingly they are 8%
  7 = 8%%confistent (compeitingly they have been 9%

A score: Exine the ridge pattern, or

the number only.

Do notinclude this text.",2.461,pixtral,similarity_score,2026-09-07T19:12:56
I_58398_74850_right_s,non-mated,primary_impostor,same,58398,74850,right,right,B,70,"with the number of 70%20%3C

### Fingerprint analysis:

The fingerprint pattern is unique because it does not match exactly one. The fingerprint pattern matches the other person's fingerprint in some way.",1.615,pixtral,similarity_score,2026-09-07T19:12:58
G_14493_left_2,mated,primary_genuine,same,14493,14493,left,left,A,,"Based on the provided information, here's what I can tell:

These are the prints of a person who has been examined by a professional fingerprint examiner using specialized equipment and techniques. The images were taken under controlled conditions, and in a specific manner, which allows for accurate comparison and analysis. Here's some additional data, about the person's identity:

However, there is no guarantee, these images represent exactly. There may be limitations, due to the quality and quantity of the sample.",2.584,pixtral,similarity_score,2026-09-07T19:13:00
I_74850_93812_right_s,non-mated,primary_impostor,same,74850,93812,right,right,B,2,"2

As an **expert
the number of
3.",1.004,pixtral,similarity_score,2026-09-07T19:13:01
G_57145_left_1028,mated,primary_genuine,same,57145,57145,left,left,A,70,"70% confident (the images are the
 80%",1.006,pixtral,similarity_score,2026-09-07T19:13:02
G_24101_right_300,mated,primary_genuine,cross,24101,24101,right,right,A,20,"20
  30%",0.896,pixtral,similarity_score,2026-09-07T19:13:03
G_32467_right_543,mated,primary_genuine,same,32467,32467,right,right,A,70,"70% confident (Certainly they are
the same as the previous one).

### A score of

80% confidence (Certain they are all the same).
Do not include this text, but it is
a new line.",1.658,pixtral,similarity_score,2026-09-07T19:13:05
G_96608_left_2700,mated,primary_genuine,same,96608,96608,left,left,A,,"As an **expert in fingerprint examination**, I can provide detailed analysis based solely on visual evidence presented. However, some context is limited, as well as the quality of the imagery.

In this case, we have black-and-white photographs showing four fingers, captured by a flatbed scanner. The question asks for comparing these prints against each other, to determine if they represent the same individual, or distinct individuals.

To enhance clarity, please describe briefly the scenario, and detail what you",2.571,pixtral,similarity_score,2026-09-07T19:13:08
G_47904_left_821,mated,primary_genuine,cross,47904,47904,left,left,A,2,"2
  30%confident (completly they are all the same as the person.


+++++ 4

The question is about the same thing.

Do not include this text, or something like:

**Fingerprint**

I am very much more than 70?

**Fingprint**
```(yes
 8

The answer is about how many things.

Do you have anything else in common?
 9

Yes, it's about",2.577,pixtral,similarity_score,2026-09-07T19:13:10
G_58793_left_1394,mated,primary_genuine,cross,58793,58793,left,left,A,20,"Do not match exactly
  20% confident (label)
 4

I am I have examined it?

Yes,",1.22,pixtral,similarity_score,2026-09-07T19:13:11
G_57833_right_1193,mated,primary_genuine,same,57833,57833,right,right,A,,"Certainly, I am an expert in fingerprint examination.",0.94,pixtral,similarity_score,2026-09-07T19:13:12
G_20294_left_178,mated,primary_genuine,cross,20294,20294,left,left,A,20,"The
 20%",0.835,pixtral,similarity_score,2026-09-07T19:13:13
G_65030_right_1687,mated,primary_genuine,cross,65030,65030,right,right,A,70,70%,0.796,pixtral,similarity_score,2026-09-07T19:13:14
I_20294_43210_right_s,non-mated,primary_impostor,same,20294,43210,right,right,B,,"Here is my analysis:

The images show that there is no difference
between the images. The differences in the shapes,
and the relative positions of their features.

So, what does this mean?

It's a question about the differences

in the shapes,

and the variations.

But it doesn't matter which ones?",1.963,pixtral,similarity_score,2026-09-07T19:13:16
I_14493_76957_left_s,non-mated,primary_impostor,same,14493,76957,left,left,B,,"I'm sorry, I can't provide a definitive answer without seeing the actual prints. But if we compare them side by side, it's possible to determine whether these prints come from the

same individual. If so, then we need to know for certain that these prints are from
the same person?

Yes, but how do we know? It is because there are unique characteristics in every print. Each one has its own distinct features, which make it possible to identify individuals.",2.574,pixtral,similarity_score,2026-09-07T19:13:18
I_58793_96608_left_x,non-mated,primary_impostor,cross,58793,96608,left,left,B,2,2.,0.805,pixtral,similarity_score,2026-09-07T19:13:19
I_32467_56583_left_x,non-mated,primary_impostor,cross,32467,56583,left,left,B,75,"The end of the story is about 75% confident (the end of this story).

So here we have come to the end of our discussion about how many things can be used in order to identify something.",1.568,pixtral,similarity_score,2026-09-07T19:13:21
G_27295_left_360,mated,primary_genuine,same,27295,27295,left,left,A,70,"70
= 7%%
confident (complet uncertain)
70

A score is 7%% confident in this context.",1.422,pixtral,similarity_score,2026-09-07T19:13:22
D_93812_271,non-mated,diagnostic_impostor,cross,93812,93812,left,right,B,,"As in nails.

In my could Horn horns.",0.919,pixtral,similarity_score,2026-09-07T19:13:23
I_20294_58793_left_x,non-mated,primary_impostor,cross,20294,58793,left,left,B,,"Surely, I'm sorry, but it's just as easy as ABC.",1.051,pixtral,similarity_score,2026-09-07T19:13:24
G_58398_right_1343,mated,primary_genuine,cross,58398,58398,right,right,A,,"As someone's small child’s unique

In this close high contrast between the resting roses in the Photo of a canvas Baby's Little black-and-white- mon hand of a details:

How as flex RidgeingsI As an expert in the kitchen drawer photo by a clipping at the tip index baby's arrow.

Can you please help how do we can be used behind the on ra Canvas high gloss on the bottom of the wallpaper children's ""p on a fistf tips for",2.607,pixtral,similarity_score,2026-09-07T19:13:27
G_69658_right_1935,mated,primary_genuine,cross,69658,69658,right,right,A,,,0.712,pixtral,similarity_score,2026-09-07T19:13:28
I_43210_58398_right_x,non-mated,primary_impostor,cross,43210,58398,right,right,B,,The following is from the number one.,0.878,pixtral,similarity_score,2026-09-07T19:13:28
I_43210_76957_left_s,non-mated,primary_impostor,same,43210,76957,left,left,B,70,"The end result is 70% confident (the final).

In conclusion, we can see that there are all unique prints.",1.24,pixtral,similarity_score,2026-09-07T19:13:30
G_32467_right_492,mated,primary_genuine,cross,32467,32467,right,right,A,20,"20
  30% confident (the number).
  40

## 70%
  80%

### 90%
confident (the numbers).

### 7.",1.584,pixtral,similarity_score,2026-09-07T19:13:31
G_65030_left_1641,mated,primary_genuine,cross,65030,65030,left,left,A,2,2.,0.775,pixtral,similarity_score,2026-09-07T19:13:32
I_20294_69658_left_s,non-mated,primary_impostor,same,20294,69658,left,left,B,,"I'm sorry, I can't help me understand how these two images relate to each other?",1.103,pixtral,similarity_score,2026-09-07T19:13:33
I_58793_89171_right_s,non-mated,primary_impostor,same,58793,89171,right,right,B,,"Based on the given information, provide a brief summary of the findings.


**",1.024,pixtral,similarity_score,2026-09-07T19:13:34
I_56583_76957_right_s,non-mated,primary_impostor,same,56583,76957,right,right,B,,"The final answer is:

Yes, these two sets of ridges represent the same individual.",1.063,pixtral,similarity_score,2026-09-07T19:13:35
I_14493_99775_right_x,non-mated,primary_impostor,cross,14493,99775,right,right,B,2,"2. Your task: Explain what is happening
 3.",1.006,pixtral,similarity_score,2026-09-07T19:13:36
I_56583_89171_left_x,non-mated,primary_impostor,cross,56583,89171,left,left,B,2,"2
  30% confident (the is in the right hand.",1.054,pixtral,similarity_score,2026-09-07T19:13:37
G_44595_right_777,mated,primary_genuine,cross,44595,44595,right,right,A,2,"2
3

Your task:

Examine the black and white background.

Do not include this question.

I am'two000",1.261,pixtral,similarity_score,2026-09-07T19:13:39
D_65030_170,non-mated,diagnostic_impostor,cross,65030,65030,left,right,B,70,"70
  80%20

### Fingerprint analysis:

To determine if these prints were taken by the same individual.

**Conclusion (compleident (fingerprints),",1.5,pixtral,similarity_score,2026-09-07T19:13:40
I_56583_87757_right_s,non-mated,primary_impostor,same,56583,87757,right,right,B,70,70%,0.831,pixtral,similarity_score,2026-09-07T19:13:41
G_83742_left_2247,mated,primary_genuine,cross,83742,83742,left,left,A,,"I'm sorry, but I can't see it's the same as in the previous step.",1.088,pixtral,similarity_score,2026-09-07T19:13:42
D_57833_127,non-mated,diagnostic_impostor,cross,57833,57833,left,right,B,,"Based on these observations, I would like to say:

The pattern in question is similar to the one in the first image,
but it's different from the second image;
so how can we be sure?

Please provide me with some more information about this topic.",1.723,pixtral,similarity_score,2026-09-07T19:13:44
D_65030_174,non-mated,diagnostic_impostor,same,65030,65030,left,right,B,2,"Expertaining
images.
2.0%
confident (complefinger).
Finger.
3.0%

## 7.0%confident (
(4.",1.494,pixtral,similarity_score,2026-09-07T19:13:45
G_76957_left_2124,mated,primary_genuine,same,76957,76957,left,left,A,70,"70
  80

A SLID document is the index:

The following image shows six fingers (six).

Do not include the same thing as well as the previous one).
  90

### A SLIDE image captures five fingers (five).

Here's the same type as the next one).",2.267,pixtral,similarity_score,2026-09-07T19:13:47
G_58398_left_1277,mated,primary_genuine,cross,58398,58398,left,left,A,,I'm sorry for the confusion.,0.866,pixtral,similarity_score,2026-09-07T19:13:48
I_63029_65030_left_x,non-mated,primary_impostor,cross,63029,65030,left,left,B,20,"The following is the same as the previous
  20%",0.995,pixtral,similarity_score,2026-09-07T19:13:49
G_56583_left_885,mated,primary_genuine,same,56583,56583,left,left,A,100,"What is uniqueInprint tips sfrom.

I32

Finger i@[image 197 deep by Figure 4.",1.29,pixtral,similarity_score,2026-09-07T19:13:51
D_65030_172,non-mated,diagnostic_impostor,cross,65030,65030,left,right,B,2,2.,0.781,pixtral,similarity_score,2026-09-07T19:13:51
G_63029_right_1594,mated,primary_genuine,cross,63029,63029,right,right,A,2,2.,0.785,pixtral,similarity_score,2026-09-07T19:13:52
D_65052_182,non-mated,diagnostic_impostor,cross,65052,65052,left,right,B,2,"2
 Based on resting

How would I be able to identify thisprint?

I'mosted (indexesimage).

What does it mean?
- What is wrong with my expertise?",1.495,pixtral,similarity_score,2026-09-07T19:13:54
G_83742_right_2312,mated,primary_genuine,cross,83742,83742,right,right,A,42,"The code is 42 means you have 4%2 confident the
images are from

the same person,
where:

A score is 37 means you can be 3%7 confident the

images are 8%7 means there are 9%7 people who share this
same thing.

Do not include in the description.",2.108,pixtral,similarity_score,2026-09-07T19:13:56
I_83742_96608_left_s,non-mated,primary_impostor,same,83742,96608,left,left,B,6,"The pattern is unique, but it's the same thing as:

A score
of

the 6%5 means",1.206,pixtral,similarity_score,2026-09-07T19:13:57
I_24101_63029_right_x,non-mated,primary_impostor,cross,24101,63029,right,right,B,2,2.,0.808,pixtral,similarity_score,2026-09-07T19:13:58
G_93812_left_2604,mated,primary_genuine,cross,93812,93812,left,left,A,,,0.719,pixtral,similarity_score,2026-09-07T19:13:58
I_44595_58398_left_x,non-mated,primary_impostor,cross,44595,58398,left,left,B,20,"20
  30  =
  40% confident (they are different).
  70  == 49%
  80%",1.558,pixtral,similarity_score,2026-09-07T19:14:00
I_69658_99775_left_s,non-mated,primary_impostor,same,69658,99775,left,left,B,20,"the
ridge pattern is from the 20% confident (it's the same as

The 3% confident the image is from
the 40% confidence (it is from

The
 3%
confident the image belongs to the 70% = 80%",1.954,pixtral,similarity_score,2026-09-07T19:14:02
I_24101_47904_left_s,non-mated,primary_impostor,same,24101,47904,left,left,B,20,"20
 3%",0.872,pixtral,similarity_score,2026-09-07T19:14:03
G_14493_right_96,mated,primary_genuine,same,14493,14493,right,right,A,,"Here is my analysis, of the question.",0.898,pixtral,similarity_score,2026-09-07T19:14:04
G_65030_left_1669,mated,primary_genuine,same,65030,65030,left,left,A,7,"7
  80

### Your task:

Examine the flow pattern, which is similar to the previous one.
with the number of 20

The following question: Examin the flow patterns in this case.
 90

I am looking at the details of the prints. I can see them as follows.",2.033,pixtral,similarity_score,2026-09-07T19:14:06
I_65030_99775_right_x,non-mated,primary_impostor,cross,65030,99775,right,right,B,2,"2
 3. Your task: To analyze this fingerprint, I need some context here.
 4

The following is the number of the same type.
 7",1.402,pixtral,similarity_score,2026-09-07T19:14:07
G_65052_left_1735,mated,primary_genuine,cross,65052,65052,left,left,A,,"The image is from the
same as the one,
where:

A score

of the images. And then there's the end.",1.246,pixtral,similarity_score,2026-09-07T19:14:08
G_24101_right_304,mated,primary_genuine,cross,24101,24101,right,right,A,20,20%,0.796,pixtral,similarity_score,2026-09-07T19:14:09
I_87757_89171_right_x,non-mated,primary_impostor,cross,87757,89171,right,right,B,70,"70%20 =

The following is from the number of
the images.

### The details for this response are from:

- **Confidence**,
- **Explaince**,
  - **Exaince**,

- **confidence**
  -",1.837,pixtral,similarity_score,2026-09-07T19:14:11
G_63029_right_1588,mated,primary_genuine,cross,63029,63029,right,right,A,70,"70% confident (they are the
  80

A score is 90

confident (they have been used before).

Do not include this text, but it's the same as:

the number of the 20

Confident (it has been used in the past).",1.942,pixtral,similarity_score,2026-09-07T19:14:13
G_57145_right_1117,mated,primary_genuine,same,57145,57145,right,right,A,70,"70
 80 =

The ridge flow pattern, is from the number one.",1.098,pixtral,similarity_score,2026-09-07T19:14:14
I_65030_83742_left_x,non-mated,primary_impostor,cross,65030,83742,left,left,B,2,"2

The question is about:

Explain the ridge between 70 and
the 80% confident (it is about:
 90   =
 930   + 40   +
  950   += 980   .
  850%",1.972,pixtral,similarity_score,2026-09-07T19:14:16
D_27295_45,non-mated,diagnostic_impostor,cross,27295,27295,left,right,B,70,"70
= 120% confident (indexesThe are the",1.043,pixtral,similarity_score,2026-09-07T19:14:17
D_24101_35,non-mated,diagnostic_impostor,cross,24101,24101,left,right,B,3,"3 through lines have no
  close thumb.",0.935,pixtral,similarity_score,2026-09-07T19:14:18
I_27295_74850_left_s,non-mated,primary_impostor,same,27295,74850,left,left,B,,"The images do not have any text,
or labels. The images do
not have any

text, or labels. They do not
have any text,

or labels.The images do

not have

any text, orlabels.They do not

have any

explanation, orlabel. Theydo not

the images do n'theave any

of the images do no t heave any text or lables. They d o n't h e ave any",2.584,pixtral,similarity_score,2026-09-07T19:14:21
I_58398_93812_right_s,non-mated,primary_impostor,same,58398,93812,right,right,B,2,"2

Explain the
 3 means you have the 4% confident (the images are the 7%
  8 means you can be the 9%

Exain the
3 means there is the 8% confident the
images are the
4%.

Explainly the
5 means there has been the 6%confident the
image is the
7%.",2.32,pixtral,similarity_score,2026-09-07T19:14:23
I_76957_96608_left_x,non-mated,primary_impostor,cross,76957,96608,left,left,B,2,"2
  How can I help determine if these prints?
I'm sorry (image_10 =",1.312,pixtral,similarity_score,2026-09-07T19:14:24
I_32467_43210_left_s,non-mated,primary_impostor,same,32467,43210,left,left,B,2,2%,0.848,pixtral,similarity_score,2026-09-07T19:14:25
G_58793_left_1401,mated,primary_genuine,cross,58793,58793,left,left,A,20,20%,0.817,pixtral,similarity_score,2026-09-07T19:14:26
I_57833_63029_right_x,non-mated,primary_impostor,cross,57833,63029,right,right,B,2,2.,0.801,pixtral,similarity_score,2026-09-07T19:14:27
G_65052_right_1804,mated,primary_genuine,same,65052,65052,right,right,A,,"Surely, I am an expert in fingerprint examination.",0.944,pixtral,similarity_score,2026-09-07T19:14:28
G_63029_left_1511,mated,primary_genuine,cross,63029,63029,left,left,A,70,"The question is about whether these differences in
  70% confident (the images are different).
  80% confidential (images are different).

Do not include this text, or labels. The question is also about whether there's
 90% confidence (the image is different than it was).",1.979,pixtral,similarity_score,2026-09-07T19:14:30
I_57145_58398_right_s,non-mated,primary_impostor,same,57145,58398,right,right,B,70,"70
  80 =

**Confidentlythe images are the unique prints. Do we have the following:

**Fingerprint analysis results in the images. A SLAP is used for the following.

**Fing the images.

Do we have been able to determine whether these images. Are there any text here. Or do we have more than one. Do you have been unable to find out if it's the same as the previous question. Do",2.586,pixtral,similarity_score,2026-09-07T19:14:32
G_20294_left_132,mated,primary_genuine,same,20294,20294,left,left,A,7,"7
The image is captured by the camera at a distance of about the number of

A SLACEMINED. Your task:",1.304,pixtral,similarity_score,2026-09-07T19:14:34
G_44595_right_807,mated,primary_genuine,same,44595,44595,right,right,A,70,70,0.787,pixtral,similarity_score,2026-09-07T19:14:34
G_89171_left_2503,mated,primary_genuine,cross,89171,89171,left,left,A,,The image is a black-and-white drawing of a hand pointing at something in the distance.,1.073,pixtral,similarity_score,2026-09-07T19:14:35
G_44595_right_811,mated,primary_genuine,same,44595,44595,right,right,A,70,"70% confident (the images are
from the same

Then return a final time.",1.096,pixtral,similarity_score,2026-09-07T19:14:37
G_58793_left_1384,mated,primary_genuine,cross,58793,58793,left,left,A,20,"20% confident
  30 =

The image is from the right place and the left hand.",1.186,pixtral,similarity_score,2026-09-07T19:14:38
I_24101_43210_left_s,non-mated,primary_impostor,same,24101,43210,left,left,B,20,"20%confident (completly uncertain)
the
  30%
  40%

The image shows a close-up view of the number.",1.412,pixtral,similarity_score,2026-09-07T19:14:39
I_56583_96608_left_x,non-mated,primary_impostor,cross,56583,96608,left,left,B,100,"200
  30   =
  40 =

Your task is: comparing your own fingers (composite).Then return a set of index. Your task:",1.489,pixtral,similarity_score,2026-09-07T19:14:41
G_24101_right_298,mated,primary_genuine,same,24101,24101,right,right,A,2,"The
ridge

This is a black and white image,
of the child's hand, showing their hands in the air.
Then return a close-up view,

the pattern of the child’s hand,showing their hands together.
with the number:

Do not includeany text,
or label.

The
 2.

This is the black and whi
ite.

It shows how similar these hands look like one another.
with this number:

I am looking at the childs",2.587,pixtral,similarity_score,2026-09-07T19:14:43
G_63029_right_1591,mated,primary_genuine,same,63029,63029,right,right,A,,"Here is a description for the image.

**Explain**: The image shows three fingers (fingers), which have been cropped together in one place.",1.354,pixtral,similarity_score,2026-09-07T19:14:45
I_32467_57833_right_x,non-mated,primary_impostor,cross,32467,57833,right,right,B,20,"20
  3% confident (the images are the

I am the number is from the

The following pattern.",1.273,pixtral,similarity_score,2026-09-07T19:14:46
G_44595_left_691,mated,primary_genuine,cross,44595,44595,left,left,A,,I have seen this before?,0.839,pixtral,similarity_score,2026-09-07T19:14:47
D_69658_193,non-mated,diagnostic_impostor,cross,69658,69658,left,right,B,70,"70
 80

### 20%confident (completly uncertain)
the 3rds 40

The 9th is 110

## 120

Confident (certain)
the
 4th is the 13rd

## The 14th

is 15th is:

### 16

Confiden (completion)
the

4th
is 2",2.578,pixtral,similarity_score,2026-09-07T19:14:49
G_32467_right_525,mated,primary_genuine,cross,32467,32467,right,right,A,70,"70   =
  20% confident (it is 30%
  40%

A SLAPP image captures five fingers (of the same type).
  80% = 90%
(It is 450%.

A SLID image captures six fingers (in the same place).

Do not include

any text, or
label.",2.24,pixtral,similarity_score,2026-09-07T19:14:51
D_87757_242,non-mated,diagnostic_impostor,same,87757,87757,left,right,B,2,"2

### What is the difference in these prints?

The differences in the ridges on their fingertips?",1.318,pixtral,similarity_score,2026-09-07T19:14:53
I_24101_47904_left_x,non-mated,primary_impostor,cross,24101,47904,left,left,B,2,2.,0.814,pixtral,similarity_score,2026-09-07T19:14:54
G_24101_left_288,mated,primary_genuine,same,24101,24101,left,left,A,2,"2
  30%
  40%

I'm sorry for the question, but it's the same as the number of the

Do not include",1.401,pixtral,similarity_score,2026-09-07T19:14:55
D_32467_57,non-mated,diagnostic_impostor,cross,32467,32467,left,right,B,20,20%,0.799,pixtral,similarity_score,2026-09-07T19:14:56
D_43210_69,non-mated,diagnostic_impostor,same,43210,43210,left,right,B,70,"The images are 70%confident (completly certain)
 and the number is 80%
  =

This is 90% confident (the images are
from the same time).",1.607,pixtral,similarity_score,2026-09-07T19:14:57
D_69658_202,non-mated,diagnostic_impostor,cross,69658,69658,left,right,B,,The image shows six fingers (six).,0.876,pixtral,similarity_score,2026-09-07T19:14:58
G_58793_left_1388,mated,primary_genuine,same,58793,58793,left,left,A,,"I'm sorry, but I can't help you understand how to analyze these prints.",1.049,pixtral,similarity_score,2026-09-07T19:14:59
D_63029_165,non-mated,diagnostic_impostor,same,63029,63029,left,right,B,,"Based on the given information, I will provide a detailed analysis of the fingerprint evidence. Considering the unique characteristics, and distinct features present in both images, we can determine if:

The two individuals share a common origin, and have experienced similar development. Thus, we may infer their likely relationship, as siblings or twins.",1.951,pixtral,similarity_score,2026-09-07T19:15:01
I_87757_89171_left_x,non-mated,primary_impostor,cross,87757,89171,left,left,B,3,"3 and 40% is shown as 4
  close GIF the 2).",1.153,pixtral,similarity_score,2026-09-07T19:15:02
G_76957_left_2106,mated,primary_genuine,same,76957,76957,left,left,A,30,"30

In this black and white background is shows 4 fingers (black).

As an expert in fingerprint examiner, What can you tell me about these four fingers?

Finger (:

The unique pattern of the differences wh
- 20 0",1.755,pixtral,similarity_score,2026-09-07T19:15:04
G_89171_left_2487,mated,primary_genuine,same,89171,89171,left,left,A,,"Here is no text, but it's just as good
as the other person.",1.066,pixtral,similarity_score,2026-09-07T19:15:05
I_27295_65052_left_s,non-mated,primary_impostor,same,27295,65052,left,left,B,,"Based on the given information, I will provide a brief analysis. Of the two images,
I will compare their minutiae, and determine if
they come from the some person.",1.44,pixtral,similarity_score,2026-09-07T19:15:07
G_58793_right_1452,mated,primary_genuine,cross,58793,58793,right,right,A,,"I am an expert in identifying unique characteristics of fingerprints. I can see the details of each print, and how it relates to the other prints.

In this case, we have two separate images,
and one more image
that is related to the first image.

And another image
is related to these two images.

So let's look at all three images together,
in this particular case.

Now consider these two separate pictures;
they might be linked by:

* * * *",2.578,pixtral,similarity_score,2026-09-07T19:15:09
I_74850_89171_left_x,non-mated,primary_impostor,cross,74850,89171,left,left,B,100,400%,0.826,pixtral,similarity_score,2026-09-07T19:15:10
D_57833_122,non-mated,diagnostic_impostor,same,57833,57833,left,right,B,,"Based on the given information about the image above:

Four black and white photograph of a hand showing three fingers, including the middle one. The other two fingers have unique markings which might be used for identification purposes. Also, the tips of the fingers show similar shapes, but also the fingers may differ in some way.",1.978,pixtral,similarity_score,2026-09-07T19:15:12
D_27295_38,non-mated,diagnostic_impostor,same,27295,27295,left,right,B,70,"70
 80

### Your task: A black-and-white photo of a hand with visible ridges. The photograph shows a close-up view of a human's fingertips, but it is difficult to tell if someone else has been cro to do this.",1.74,pixtral,similarity_score,2026-09-07T19:15:14
I_20294_99775_right_s,non-mated,primary_impostor,same,20294,99775,right,right,B,,"I'm sorry, but I can't help me understand
the differences in the images.",1.083,pixtral,similarity_score,2026-09-07T19:15:15
I_27295_44595_left_s,non-mated,primary_impostor,same,27295,44595,left,left,B,,"The question is about whether these
two images represent the same individual,
or not.",1.058,pixtral,similarity_score,2026-09-07T19:15:16
G_43210_left_608,mated,primary_genuine,same,43210,43210,left,left,A,,"with the number of
the images.
Then return a final time, when we can see how many things have changed over time.",1.222,pixtral,similarity_score,2026-09-07T19:15:17
D_14493_0,non-mated,diagnostic_impostor,same,14493,14493,left,right,B,1,"To accurately compare these fingerprint images:

1. Carefully examine all three areas—ridge flow patterns (where the skin flows into itself), ridge endings (the ends of the ridges), and bifurcated lines (lines splitting apart the ridges).
2. Compare corresponding points in one image with the same point in the other image. Look at adjacent points as well as distant ones.
3. Estimate the overall similarity of the patterns' flow, ending, and bifurcation patterns. Consider",2.574,pixtral,similarity_score,2026-09-07T19:15:20
D_58793_145,non-mated,diagnostic_impostor,same,58793,58793,left,right,B,2,2.,0.772,pixtral,similarity_score,2026-09-07T19:15:21
I_20294_57145_left_x,non-mated,primary_impostor,cross,20294,57145,left,left,B,,Do not include anything else.,0.849,pixtral,similarity_score,2026-09-07T19:15:21
I_65052_96608_right_s,non-mated,primary_impostor,same,65052,96608,right,right,B,2,"2.0
the end of the

### 3.0 =",1.047,pixtral,similarity_score,2026-09-07T19:15:22
G_20294_left_151,mated,primary_genuine,cross,20294,20294,left,left,A,,How do I see unique details in this hand.,0.915,pixtral,similarity_score,2026-09-07T19:15:23
G_74850_right_2052,mated,primary_genuine,cross,74850,74850,right,right,A,,"I'm sorry, I can't see anything.",0.98,pixtral,similarity_score,2026-09-07T19:15:24
G_14493_left_45,mated,primary_genuine,cross,14493,14493,left,left,A,70,"70

As an **expert in fingerprint examination**, I can see unique details such as these four fingers.",1.402,pixtral,similarity_score,2026-09-07T19:15:26
D_87757_246,non-mated,diagnostic_impostor,same,87757,87757,left,right,B,2,2.,0.767,pixtral,similarity_score,2026-09-07T19:15:26
G_87757_left_2352,mated,primary_genuine,cross,87757,87757,left,left,A,70,"70% confident
 2. Your task: Explain the index is to compare these two images.
Then return a set of three images. The first one represents the left side of the second image in the sequence.
The third image shows the right side of this image.
This is the final step.",1.926,pixtral,similarity_score,2026-09-07T19:15:28
D_83742_235,non-mated,diagnostic_impostor,cross,83742,83742,left,right,B,7,7.,0.78,pixtral,similarity_score,2026-09-07T19:15:29
D_57145_116,non-mated,diagnostic_impostor,same,57145,57145,left,right,B,,"The right side
This is a wh minute (right).

In this black-and-white white background.

What can be Ridge

I How do identical (left).

How would it match another set in color individual.

**The right.

### What does at the end of the lines?

It's unique (right).",1.919,pixtral,similarity_score,2026-09-07T19:15:31
I_76957_93812_left_x,non-mated,primary_impostor,cross,76957,93812,left,left,B,,"The end
 Based on four fingers

What is the name?

Expertise the black and white photograph.",1.174,pixtral,similarity_score,2026-09-07T19:15:32
I_32467_69658_right_s,non-mated,primary_impostor,same,32467,69658,right,right,B,20,"20% confident
  30%%confident

(Completely)",1.099,pixtral,similarity_score,2026-09-07T19:15:33
D_32467_49,non-mated,diagnostic_impostor,cross,32467,32467,left,right,B,2,"with
the are 2%conf (com).
  3.",1.015,pixtral,similarity_score,2026-09-07T19:15:34
D_14493_4,non-mated,diagnostic_impostor,same,14493,14493,left,right,B,,"Based on the information provided, here's what I understand:

Fingerprint comparison is used to determine if two individuals share common characteristics, like identical twins, or if they have distinct differences. Like distinguishing features, such as unique markings, it can show whether people are related or unrelated.

Generally, fingerprint analysis isn't absolute, but it provides probable indication of their genetic link. Or, social background, cultural, or familial association.

So, while comparing two prints doesn’t guarantee,",2.586,pixtral,similarity_score,2026-09-07T19:15:37
G_83742_right_2320,mated,primary_genuine,cross,83742,83742,right,right,A,70,"70% confident (the images are the
same as the person).

Now we have reached the end of this section.",1.226,pixtral,similarity_score,2026-09-07T19:15:38
I_20294_63029_left_x,non-mated,primary_impostor,cross,20294,63029,left,left,B,,Do not include anything else.,0.852,pixtral,similarity_score,2026-09-07T19:15:39
D_65052_183,non-mated,diagnostic_impostor,same,65052,65052,left,right,B,70,"70
```images.
  80

Expertise the ridge).

The image shows a close-up view of a child's hand resting on top of a unique window steps.",1.49,pixtral,similarity_score,2026-09-07T19:15:41
I_32467_44595_right_x,non-mated,primary_impostor,cross,32467,44595,right,right,B,20,"20% confident (the
  30%%confident (certain).
  40%%

## Fingerprinting two images.",1.346,pixtral,similarity_score,2026-09-07T19:15:42
I_24101_56583_right_x,non-mated,primary_impostor,cross,24101,56583,right,right,B,70,"70
 80%",0.88,pixtral,similarity_score,2026-09-07T19:15:43
I_93812_99775_left_x,non-mated,primary_impostor,cross,93812,99775,left,left,B,,"Explain the differences in the images,
and the relative shapes of their prints.",1.024,pixtral,similarity_score,2026-09-07T19:15:44
I_14493_93812_left_x,non-mated,primary_impostor,cross,14493,93812,left,left,B,70,"70% confident (they are the
  80%
  20%%confident (it is the same as the previous one).
  90%

The following image shows three distinct ridges (the same person).

Do not include this post.",1.819,pixtral,similarity_score,2026-09-07T19:15:46
I_63029_74850_left_x,non-mated,primary_impostor,cross,63029,74850,left,left,B,2,"2

The following is a black and white image shows three
fing points in the same direction as the previous one.
  30  =
 4. The image has been cropped by the same amount of time.
 5. It's a close-up view of the image.
 6.",1.967,pixtral,similarity_score,2026-09-07T19:15:48
I_47904_65052_left_s,non-mated,primary_impostor,same,47904,65052,left,left,B,20,"So, I'm going to say,
  20% confident (that's the same
  30% = 40% certain).

I'm going for the same thing as well.",1.66,pixtral,similarity_score,2026-09-07T19:15:49
I_57145_96608_left_s,non-mated,primary_impostor,same,57145,96608,left,left,B,,"I'm sorry, but it's just a matter of course.",1.11,pixtral,similarity_score,2026-09-07T19:15:50
G_89171_left_2480,mated,primary_genuine,same,89171,89171,left,left,A,70,"70% confident
  80 =

A score unique identifier for the images. You have 90 = %%

Confidentlying the images is from the 20 = #%
confidentifyer the images.

You have 30 = #
confidentifying the images.
 40 = %
confidentif the images.


+++++You have the 5 = #%

Confiden the images.



You have been 6 = #%",2.669,pixtral,similarity_score,2026-09-07T19:15:53
G_58793_left_1420,mated,primary_genuine,same,58793,58793,left,left,A,20,"20
Confident (complet certain)
 30% confident (the same person).

A score is from the number one.
Do not include this text,
or label.",1.495,pixtral,similarity_score,2026-09-07T19:15:55
I_27295_99775_left_s,non-mated,primary_impostor,same,27295,99775,left,left,B,20,"the 20% confident (you are the
same person).",1.004,pixtral,similarity_score,2026-09-07T19:15:56
I_27295_58793_left_s,non-mated,primary_impostor,same,27295,58793,left,left,B,7,7,0.832,pixtral,similarity_score,2026-09-07T19:15:56
I_14493_58398_left_x,non-mated,primary_impostor,cross,14493,58398,left,left,B,,"Surely, I am an expert in fingerprint examination. Can you help me determine if these two sets of fingerprints could be considered as coming from the some?",1.365,pixtral,similarity_score,2026-09-07T19:15:58
I_27295_44595_right_s,non-mated,primary_impostor,same,27295,44595,right,right,B,,"What is
images

How can I see overlapping wh.",0.966,pixtral,similarity_score,2026-09-07T19:15:59
I_27295_47904_right_x,non-mated,primary_impostor,cross,27295,47904,right,right,B,2,"How as the hand is shown gl four fingers in close index middle.

In How could observe

BasedWhat examining string kn i -2 part wh can be compression against three fingers.

As a humanf High res close index index Down",1.636,pixtral,similarity_score,2026-09-07T19:16:00
I_76957_89171_right_s,non-mated,primary_impostor,same,76957,89171,right,right,B,,"Yes, I can see that these
fingerprints match exactly? No, it's just as well as
the other images. Yes,
I am sure these
match exactly? Not including any text,
or labels. Yes,

### Solution

Based on the given information above:

These images show distinct individual characteristics unique to each person. These features allow us to differentiate one individual from another.",2.285,pixtral,similarity_score,2026-09-07T19:16:03
I_58398_63029_right_s,non-mated,primary_impostor,same,58398,63029,right,right,B,,"I'm sorry, but I can't see it's clear.",0.985,pixtral,similarity_score,2026-09-07T19:16:04
I_20294_56583_right_s,non-mated,primary_impostor,same,20294,56583,right,right,B,,"The image is in black and white. The image shows a close-up of the hand, but it does not show up well as the other one. It also has a similar pattern, which could be used for identification purposes.",1.611,pixtral,similarity_score,2026-09-07T19:16:05
D_93812_274,non-mated,diagnostic_impostor,cross,93812,93812,left,right,B,2,"2
 30% confident (the images are the exact person.
 4",1.075,pixtral,similarity_score,2026-09-07T19:16:06
D_74850_212,non-mated,diagnostic_impostor,same,74850,74850,left,right,B,70,"70

Your task:

Explain the ridge pattern is from the number one.",1.14,pixtral,similarity_score,2026-09-07T19:16:07
I_58398_99775_right_s,non-mated,primary_impostor,same,58398,99775,right,right,B,,I am an expert in fingerprint examination.,0.884,pixtral,similarity_score,2026-09-07T19:16:08
G_56583_left_887,mated,primary_genuine,same,56583,56583,left,left,A,,What is unique,0.767,pixtral,similarity_score,2026-09-07T19:16:09
G_58793_right_1469,mated,primary_genuine,same,58793,58793,right,right,A,100,400,0.808,pixtral,similarity_score,2026-09-07T19:16:10
G_99775_left_2857,mated,primary_genuine,cross,99775,99775,left,left,A,2,2,0.778,pixtral,similarity_score,2026-09-07T19:16:11
I_44595_47904_left_x,non-mated,primary_impostor,cross,44595,47904,left,left,B,,"Here is a close-up of
the number only.

Do not include this text, or labels.",1.115,pixtral,similarity_score,2026-09-07T19:16:12
G_57145_right_1036,mated,primary_genuine,same,57145,57145,right,right,A,70,"70 =

### Fingerprint analysis:

The images show three distinct
fingerprints. The differences in their minuture
ridge patterns,
and the shapes
of these
images. Are there six unique
fingprints. Each one is different
from another individual.

Based on this context,

### Can you provide more details about how I can help?

Certainly,",2.243,pixtral,similarity_score,2026-09-07T19:16:14
G_43210_right_650,mated,primary_genuine,cross,43210,43210,right,right,A,0,0,0.761,pixtral,similarity_score,2026-09-07T19:16:15
I_32467_58398_left_x,non-mated,primary_impostor,cross,32467,58398,left,left,B,,"The images are the numbers. And then return a final result for the question.

***
```",1.099,pixtral,similarity_score,2026-09-07T19:16:16
I_27295_57145_right_x,non-mated,primary_impostor,cross,27295,57145,right,right,B,,"imageThe1fprint
images.",0.876,pixtral,similarity_score,2026-09-07T19:16:17
D_65030_175,non-mated,diagnostic_impostor,same,65030,65030,left,right,B,,"The
ridge

I'more than the number of the same thing.",1.016,pixtral,similarity_score,2026-09-07T19:16:18
G_58793_right_1451,mated,primary_genuine,cross,58793,58793,right,right,A,70,"Explain the ridge
  70%",0.913,pixtral,similarity_score,2026-09-07T19:16:19
D_96608_276,non-mated,diagnostic_impostor,cross,96608,96608,left,right,B,70,70%,0.798,pixtral,similarity_score,2026-09-07T19:16:19
G_58793_right_1446,mated,primary_genuine,cross,58793,58793,right,right,A,,"of the
same person's hand.",0.871,pixtral,similarity_score,2026-09-07T19:16:20
G_63029_left_1489,mated,primary_genuine,cross,63029,63029,left,left,A,,"The question is, ""What does this mean?""I'm going to ask what it means.",1.09,pixtral,similarity_score,2026-09-07T19:16:21
G_14493_left_41,mated,primary_genuine,cross,14493,14493,left,left,A,70,"70
= 80%20

### 90 =",1.053,pixtral,similarity_score,2026-09-07T19:16:23
I_24101_43210_left_x,non-mated,primary_impostor,cross,24101,43210,left,left,B,20,"20
  3%",0.88,pixtral,similarity_score,2026-09-07T19:16:23
G_93812_right_2695,mated,primary_genuine,same,93812,93812,right,right,A,,Do not light s d2.,0.893,pixtral,similarity_score,2026-09-07T19:16:24
D_57833_130,non-mated,diagnostic_impostor,same,57833,57833,left,right,B,,"Yes, these are all from the
same individual",1.022,pixtral,similarity_score,2026-09-07T19:16:25
I_74850_99775_left_x,non-mated,primary_impostor,cross,74850,99775,left,left,B,70,"The end of this line is 70% confident
  80%%confident (it's the same as it was before).

So I'm going to ask if these lines represent the same thing,
  90 = ?",1.702,pixtral,similarity_score,2026-09-07T19:16:27
G_96608_left_2709,mated,primary_genuine,same,96608,96608,left,left,A,,"Based on these observations, we can say:

These fingers do **not** appear to be from the some person.

So, based on these images, it is reasonable to assume:

They could all be from different individuals,
but also possibly from the similar individual.

Thus, we might guess:

The images show either
two very similar persons,
or one unique individual.


+++++Final answer, likely:**",2.269,pixtral,similarity_score,2026-09-07T19:16:29
G_57145_left_1033,mated,primary_genuine,same,57145,57145,left,left,A,20,"20%confident
  30%
  40%

## Fingerprint

  70%
(Completely)
  . 80%
= 90%
Confident (completly)
  .
  8.",1.767,pixtral,similarity_score,2026-09-07T19:16:31
I_58793_74850_right_s,non-mated,primary_impostor,same,58793,74850,right,right,B,,"Here's what I see:

This is a black and white image showing three hands being held together in front of another image. The hands appear to be similar but have some differences. These differences could indicate individual variations within a population or a specific group. Let me know more about these distinctions by examining their unique characteristics.",1.95,pixtral,similarity_score,2026-09-07T19:16:33
D_14493_6,non-mated,diagnostic_impostor,same,14493,14493,left,right,B,,Fingerprint is in index wh aswh,0.889,pixtral,similarity_score,2026-09-07T19:16:34
D_76957_218,non-mated,diagnostic_impostor,cross,76957,76957,left,right,B,,"Peak the rightfinger
As a close

In my could be unique.

How can we compare individual prints four fingers?

I science is it's uniqueness ().
As an expert's description:

What does this a child’s hand in tips four fingers?",1.748,pixtral,similarity_score,2026-09-07T19:16:36
G_63029_left_1521,mated,primary_genuine,same,63029,63029,left,left,A,,"As an **expert in fingerprint examination**, I can tell you:

Fingerprints have unique characteristics that distinguish them from other prints. These traits could be visible as ridges, valleys, or patterns on the surface of the print. However, some features may be more prominent than others.

In comparing two prints, we might find differences between their similarities. But when we look at the number of points together, it tells us about their commonality.

So as a general rule, if",2.56,pixtral,similarity_score,2026-09-07T19:16:38
I_20294_58793_right_x,non-mated,primary_impostor,cross,20294,58793,right,right,B,20,20%,0.808,pixtral,similarity_score,2026-09-07T19:16:39
D_47904_86,non-mated,diagnostic_impostor,cross,47904,47904,left,right,B,,I'm sorry for the question.,0.858,pixtral,similarity_score,2026-09-07T19:16:40
I_14493_65052_left_s,non-mated,primary_impostor,same,14493,65052,left,left,B,,"Based on the given information, I will provide a brief analysis. Of course, this is what we'll do:

Compare the latent prints, left and right, for minutiae. And if they match,
we can conclude our examination is correct.

So let's see what we find:
Two different individuals, by their unique characteristics.

Now, please observe these differences. Can you now tell
If these are not the same?",2.396,pixtral,similarity_score,2026-09-07T19:16:42
I_44595_65030_left_x,non-mated,primary_impostor,cross,44595,65030,left,left,B,20,"20

### Your task is:

Examine the
ridge pattern,",1.034,pixtral,similarity_score,2026-09-07T19:16:43
I_57145_83742_left_x,non-mated,primary_impostor,cross,57145,83742,left,left,B,,The question is about whether these ridges match up in terms of similarity?,0.997,pixtral,similarity_score,2026-09-07T19:16:44
G_65052_right_1842,mated,primary_genuine,same,65052,65052,right,right,A,2,2.,0.773,pixtral,similarity_score,2026-09-07T19:16:45
G_63029_left_1508,mated,primary_genuine,cross,63029,63029,left,left,A,7,7.,0.78,pixtral,similarity_score,2026-09-07T19:16:46
G_27295_right_378,mated,primary_genuine,cross,27295,27295,right,right,A,100,"240
  Fingerprint,
  30%
  70 =
  80% confident (index).
  90%
image

A close image is from 0%

A black and white image.

Do not include this.",1.831,pixtral,similarity_score,2026-09-07T19:16:48
G_47904_left_817,mated,primary_genuine,cross,47904,47904,left,left,A,,"But I am an expert in
fingerprint examining.",0.961,pixtral,similarity_score,2026-09-07T19:16:49
D_87757_247,non-mated,diagnostic_impostor,cross,87757,87757,left,right,B,20,"20
 3%",0.863,pixtral,similarity_score,2026-09-07T19:16:49
G_57833_left_1131,mated,primary_genuine,same,57833,57833,left,left,A,2,2.,0.801,pixtral,similarity_score,2026-09-07T19:16:50
I_43210_57833_right_s,non-mated,primary_impostor,same,43210,57833,right,right,B,,"Certainly, I can see the differences in the
ridge patterns, and how these might be used as evidence for identifying individuals.

Please provide me with some more details about what makes this
particular unique.",1.572,pixtral,similarity_score,2026-09-07T19:16:52
G_44595_right_800,mated,primary_genuine,same,44595,44595,right,right,A,,The ridge is from the number one.,0.952,pixtral,similarity_score,2026-09-07T19:16:53
I_14493_83742_right_s,non-mated,primary_impostor,same,14493,83742,right,right,B,20,"What do these
fingerprints mean?The prints are from
the same person,
where: 20%confident (certain it is from

Do not include this text, or labels.",1.618,pixtral,similarity_score,2026-09-07T19:16:54
D_44595_78,non-mated,diagnostic_impostor,cross,44595,44595,left,right,B,2,"Expertise:

Fingerfblack right thumb
  2.00   =
  3.0

A close desk in the background is a black and white photo showing a small human's office various uniqueA photograph.

The focus storage room. In this picture, The image shows three fingers (right. 7 index hands (right).",2.118,pixtral,similarity_score,2026-09-07T19:16:57
G_57145_left_967,mated,primary_genuine,cross,57145,57145,left,left,A,70,"70
  80

The following is:

Explain the ridge pattern.",1.095,pixtral,similarity_score,2026-09-07T19:16:58
D_20294_13,non-mated,diagnostic_impostor,cross,20294,20294,left,right,B,,"The
ridge is from the

A score.

Do not include anything,
or label.

A score,

The
RIDGE is from:

A score.


Do not inlcide anything,
but it's from the",1.571,pixtral,similarity_score,2026-09-07T19:16:59
D_87757_243,non-mated,diagnostic_impostor,cross,87757,87757,left,right,B,,"with the number of
the image is from the

Do not include this text, or labels.

With the number
of the image is

Do we have the following:

The image shows the

number of the

image is from

the number of the
image is

from the

the

number

of the
images.

**Expert**: The image displays multiple distinct ridges along all five fingers. This indicates that these could be from the
same individual. Each",2.596,pixtral,similarity_score,2026-09-07T19:17:02
G_65030_right_1684,mated,primary_genuine,cross,65030,65030,right,right,A,,The following is the same as the previous one.,0.922,pixtral,similarity_score,2026-09-07T19:17:03
I_32467_43210_left_x,non-mated,primary_impostor,cross,32467,43210,left,left,B,,The end of the story is about the same thing as the other person.,1.032,pixtral,similarity_score,2026-09-07T19:17:04
G_57145_right_1102,mated,primary_genuine,same,57145,57145,right,right,A,70,"70%20

### 80%30

The final result is a black and white image showing three fingers (fingings).

Your task was successful in identifying the correct answer:

** 90%40

This is a description for the question.

What does this mean?

** 110%",2.065,pixtral,similarity_score,2026-09-07T19:17:06
I_44595_47904_right_s,non-mated,primary_impostor,same,44595,47904,right,right,B,7,"7
the = 80%%
confident (they are the right).

The question is: 90% confident (they).
  7

**The question: Exa of 95 means the images. Do no text, explaination. Your task: Explain 20%",1.951,pixtral,similarity_score,2026-09-07T19:17:08
G_83742_right_2298,mated,primary_genuine,cross,83742,83742,right,right,A,,"Do not include this text, or explaination, or describe it in more detail.",1.063,pixtral,similarity_score,2026-09-07T19:17:09
G_99775_right_2910,mated,primary_genuine,cross,99775,99775,right,right,A,,,0.716,pixtral,similarity_score,2026-09-07T19:17:10
I_65052_99775_left_s,non-mated,primary_impostor,same,65052,99775,left,left,B,,"Explainly, do not include this text, or
label.",1.006,pixtral,similarity_score,2026-09-07T19:17:11
G_58793_right_1448,mated,primary_genuine,cross,58793,58793,right,right,A,20,"the
 20% confident (Certainly they are 30%
  40%",1.125,pixtral,similarity_score,2026-09-07T19:17:12
I_83742_87757_left_s,non-mated,primary_impostor,same,83742,87757,left,left,B,70,"70
  2%",0.911,pixtral,similarity_score,2026-09-07T19:17:13
D_99775_288,non-mated,diagnostic_impostor,cross,99775,99775,left,right,B,70,"70% confident (fingerprinting 200%confident (fingers

Your task is to examine these six unique features.",1.395,pixtral,similarity_score,2026-09-07T19:17:14
G_83742_right_2327,mated,primary_genuine,cross,83742,83742,right,right,A,2,"2

As a professional in black-and-white photographers.",0.967,pixtral,similarity_score,2026-09-07T19:17:15
G_24101_left_290,mated,primary_genuine,cross,24101,24101,left,left,A,20,"the
  20% confident (they are the

The following is the end of the line,
or label.",1.208,pixtral,similarity_score,2026-09-07T19:17:16
G_83742_left_2251,mated,primary_genuine,cross,83742,83742,left,left,A,,"I am an expert in fingerprint examination. I can examine the minutest details of fingerprints, ridges, and valleys, and peaks of prints. I have studied the features of dermatoglyphics, and I know the intricies of dermatology.

Please provide me with some specific information about how to analyze these particular aspects of finger impressions.",2.062,pixtral,similarity_score,2026-09-07T19:17:18
D_96608_287,non-mated,diagnostic_impostor,same,96608,96608,left,right,B,2,"The 2% is 30% confident (the same as the same thing), but it's 40% = 70% (the very same thing).

So what does this mean? The 8% is the 90% certain (the exact same thing).",1.856,pixtral,similarity_score,2026-09-07T19:17:20
G_58793_left_1416,mated,primary_genuine,same,58793,58793,left,left,A,3,3.,0.747,pixtral,similarity_score,2026-09-07T19:17:21
I_14493_69658_left_s,non-mated,primary_impostor,same,14493,69658,left,left,B,,"I have analyzed many sets of fingerprints using various methods, including visual comparison, digital imaging software, and manual comparisons. I've also used statistical analysis, techniques to determine if these prints come from the some person.",1.571,pixtral,similarity_score,2026-09-07T19:17:22
I_47904_58793_left_x,non-mated,primary_impostor,cross,47904,58793,left,left,B,,The image is a black and white image.,0.9,pixtral,similarity_score,2026-09-07T19:17:23
D_20294_21,non-mated,diagnostic_impostor,same,20294,20294,left,right,B,,Here is the end of the story.,0.933,pixtral,similarity_score,2026-09-07T19:17:24
I_27295_63029_right_s,non-mated,primary_impostor,same,27295,63029,right,right,B,,"What does three central complex looks appear Ridge has a latent(middle).

This close index skinprint

images
The following (Index).
>
You're asking:

Certainly can be used for individual identification comparing the which is a second and third fingerprints.",1.879,pixtral,similarity_score,2026-09-07T19:17:26
I_14493_76957_left_x,non-mated,primary_impostor,cross,14493,76957,left,left,B,,What does this mean?,0.819,pixtral,similarity_score,2026-09-07T19:17:27
G_57145_left_1008,mated,primary_genuine,same,57145,57145,left,left,A,2,"2
 1.0

### 30 =",0.967,pixtral,similarity_score,2026-09-07T19:17:28
G_27295_right_411,mated,primary_genuine,same,27295,27295,right,right,A,70,"70
 80%confident (complettentlythe images are the

A score is 9%
  20 =
  3%

ConfIDENTLY:

Explainting the images.
  40
= 5%

ConfICHT:

Exainting the numbers.
 5%
  =

Exaintying the images.

Do not include this text.
 60
=

Exaintrying the numbers",2.572,pixtral,similarity_score,2026-09-07T19:17:30
D_44595_77,non-mated,diagnostic_impostor,same,44595,44595,left,right,B,70,70%,0.784,pixtral,similarity_score,2026-09-07T19:17:31
G_57833_right_1199,mated,primary_genuine,cross,57833,57833,right,right,A,,"The question is about:

Explain the differences in the shapes and sizes of their prints.",1.077,pixtral,similarity_score,2026-09-07T19:17:32
D_24101_27,non-mated,diagnostic_impostor,same,24101,24101,left,right,B,4,"4.

As an **expert inFingerprint Expert**,
I can see several ridges along the edges of three fingers (whats).",1.315,pixtral,similarity_score,2026-09-07T19:17:34
G_96608_left_2707,mated,primary_genuine,cross,96608,96608,left,left,A,,"Do not include this text, or description.",0.901,pixtral,similarity_score,2026-09-07T19:17:35
I_58793_63029_right_x,non-mated,primary_impostor,cross,58793,63029,right,right,B,2,"2
  30% confident (the same person).
  4.",1.072,pixtral,similarity_score,2026-09-07T19:17:36
G_32467_right_511,mated,primary_genuine,cross,32467,32467,right,right,A,20,"20
  30% confident (the end).
  40%
  70%

The following is the number of the images.
  8%
  .",1.479,pixtral,similarity_score,2026-09-07T19:17:37
G_89171_left_2521,mated,primary_genuine,cross,89171,89171,left,left,A,4,"4
  200

### 30% confident (they are different)
  .",1.159,pixtral,similarity_score,2026-09-07T19:17:38
G_63029_right_1612,mated,primary_genuine,cross,63029,63029,right,right,A,,"***
(do not include in list):

I am looking at the pictures of
the fingers (and the numbers of

the fingers are from
the same person).

Do not include this text, or something like:

* ***

(do I'm looking for the picture of
a hand (with the letters of

that look like
this is from
someone).",2.209,pixtral,similarity_score,2026-09-07T19:17:40
I_32467_99775_left_x,non-mated,primary_impostor,cross,32467,99775,left,left,B,70,"70% confident (se is the same as
 80%% certain (completly uncertain)
the images are the exact same thing.
Do not include anything, or

A score for 90% certain (3 is the exact thing).
Then return a final set of 40% correct (completing).

The images are 20% accurate (completion).",2.315,pixtral,similarity_score,2026-09-07T19:17:43
I_65030_96608_left_s,non-mated,primary_impostor,same,65030,96608,left,left,B,,"I'm sorry, I can't find any text,
or label.",1.001,pixtral,similarity_score,2026-09-07T19:17:44
I_24101_47904_right_s,non-mated,primary_impostor,same,24101,47904,right,right,B,70,"70%confident (they are the
same person).

What is the question about?
**Expertise the pattern,
ridge of the fingerprints,

Yes, it's the same as the

pattern of the
fingerprinting two images.
The 20% confident (the
are the same thing).
Do not include",2.1,pixtral,similarity_score,2026-09-07T19:17:46
G_65030_left_1679,mated,primary_genuine,same,65030,65030,left,left,A,30,"30

I0
  How can I help you identify individual ridges?",1.04,pixtral,similarity_score,2026-09-07T19:17:47
I_89171_99775_left_x,non-mated,primary_impostor,cross,89171,99775,left,left,B,70,"70
  80% confident (they are the

A score
 90  =
  920%",1.282,pixtral,similarity_score,2026-09-07T19:17:48
I_58793_76957_right_x,non-mated,primary_impostor,cross,58793,76957,right,right,B,,"I am an expert in fingerprint examination. I can analyze the unique characteristics of a fingerprint, such as:

- The ridges and valleys on the fingertips
- The pattern of the skin

- The minutiae of the surface

- And the details of the prints",1.734,pixtral,similarity_score,2026-09-07T19:17:50
I_44595_57145_left_x,non-mated,primary_impostor,cross,44595,57145,left,left,B,20,"20
  30 0 =

A score index of 40% confident (confident the number is the same as in the previous step. Do you have any text,
  70 90 80%",1.739,pixtral,similarity_score,2026-09-07T19:17:52
G_58793_left_1379,mated,primary_genuine,same,58793,58793,left,left,A,,"I'm sorry, I can't help me understand the question better.",0.994,pixtral,similarity_score,2026-09-07T19:17:53
G_74850_right_2038,mated,primary_genuine,cross,74850,74850,right,right,A,2,"### Description

**Fingerprint Image 2:** A loop pattern is visible in the center of one of these prints. The second image shows a similar but slightly different pattern than the first image. The third image shows some differences compared to the first
image. The fourth image shows even more pronounced differences when compared to all previous ones.


+++++The fifth image has no significant features other than those shown before it. The sixth image has been cropped for comparison purposes. The seventh",3.102,pixtral,similarity_score,2026-09-07T19:17:56
G_47904_right_833,mated,primary_genuine,cross,47904,47904,right,right,A,,What is the question about?,0.834,pixtral,similarity_score,2026-09-07T19:17:57
I_47904_87757_left_s,non-mated,primary_impostor,same,47904,87757,left,left,B,2,"2

The image is a close-up of the same thing as well.",1.045,pixtral,similarity_score,2026-09-07T19:17:58
I_47904_63029_left_x,non-mated,primary_impostor,cross,47904,63029,left,left,B,,"The image is a black and white illustration of a hand, with the following:

A score
of

the number only.

Do not include this text,
or label.

The image shows a close-up view,

with the number one.

Do note include this post,

or label.",1.83,pixtral,similarity_score,2026-09-07T19:18:00
D_57145_109,non-mated,diagnostic_impostor,cross,57145,57145,left,right,B,70,70%,0.802,pixtral,similarity_score,2026-09-07T19:18:00
G_14493_right_83,mated,primary_genuine,cross,14493,14493,right,right,A,,I tiny baby's description.,0.831,pixtral,similarity_score,2026-09-07T19:18:01
D_69658_203,non-mated,diagnostic_impostor,same,69658,69658,left,right,B,70,"70
= 80% confident (the images are the

A score is 9 = 82% confident the following the images.
  3",1.386,pixtral,similarity_score,2026-09-07T19:18:03
D_27295_44,non-mated,diagnostic_impostor,cross,27295,27295,left,right,B,7,"7
 20

Fingerprint comparison:

The quality of the prints latent is used to compare this particulars 80

images.
A close-up of 9
 30

Comparison comparison:

***
* 40 = *10%
``` 11%

Fingerprints comparison:

## Fingerprint analysis.

The quality is to be determined by the number of 1%",2.355,pixtral,similarity_score,2026-09-07T19:18:05
G_58793_right_1441,mated,primary_genuine,cross,58793,58793,right,right,A,2,2.,0.782,pixtral,similarity_score,2026-09-07T19:18:06
G_96608_left_2757,mated,primary_genuine,same,96608,96608,left,left,A,,Do,0.73,pixtral,similarity_score,2026-09-07T19:18:06
G_47904_left_818,mated,primary_genuine,cross,47904,47904,left,left,A,20,"But it's just like this one,
  20% confident (the images are different).
 30
= 40%",1.288,pixtral,similarity_score,2026-09-07T19:18:08
G_89171_right_2534,mated,primary_genuine,same,89171,89171,right,right,A,,"Explain
the images are the

What does this mean?",0.984,pixtral,similarity_score,2026-09-07T19:18:09
G_58398_right_1332,mated,primary_genuine,cross,58398,58398,right,right,A,2,"But it's 2% confident (the images are different
from the same source).

### You're 3% confident

(that is 4% certain).",1.389,pixtral,similarity_score,2026-09-07T19:18:10
D_74850_213,non-mated,diagnostic_impostor,cross,74850,74850,left,right,B,70,70%,0.8,pixtral,similarity_score,2026-09-07T19:18:11
D_89171_252,non-mated,diagnostic_impostor,same,89171,89171,left,right,B,20,"20
= 30% confident (the images are different).
 40

Expertly with the numbers.",1.253,pixtral,similarity_score,2026-09-07T19:18:12
D_96608_284,non-mated,diagnostic_impostor,cross,96608,96608,left,right,B,,Do not include in any text.,0.854,pixtral,similarity_score,2026-09-07T19:18:13
G_20294_right_243,mated,primary_genuine,same,20294,20294,right,right,A,70,"70 =

###fingerprinting six
images.
A SLA image captures five fingers (dix=20%confident the six)
 and the shape of 30 =200% confident (they are the right)
 64 =290%
  80 =",2.013,pixtral,similarity_score,2026-09-07T19:18:15
D_65030_177,non-mated,diagnostic_impostor,same,65030,65030,left,right,B,,,0.709,pixtral,similarity_score,2026-09-07T19:18:16
I_32467_58398_right_s,non-mated,primary_impostor,same,32467,58398,right,right,B,20,"20

Expertise the pattern,
ridge
  30% confident (Certainly).

Do not includeany text, explaining the number.
of the person.

The end of the number is from the number.",1.631,pixtral,similarity_score,2026-09-07T19:18:17
G_56583_right_939,mated,primary_genuine,same,56583,56583,right,right,A,,,0.71,pixtral,similarity_score,2026-09-07T19:18:18
D_32467_51,non-mated,diagnostic_impostor,same,32467,32467,left,right,B,0,"0
Confident (complet).
 2.",0.944,pixtral,similarity_score,2026-09-07T19:18:19
G_20294_left_167,mated,primary_genuine,cross,20294,20294,left,left,A,,Expertise.,0.802,pixtral,similarity_score,2026-09-07T19:18:20
G_58793_left_1374,mated,primary_genuine,cross,58793,58793,left,left,A,,"Explain
Finger (index).
The following is a black-and-white photo.",1.053,pixtral,similarity_score,2026-09-07T19:18:21
I_47904_58398_right_x,non-mated,primary_impostor,cross,47904,58398,right,right,B,,The image is in black and white.,0.876,pixtral,similarity_score,2026-09-07T19:18:22
G_56583_right_904,mated,primary_genuine,cross,56583,56583,right,right,A,,"What is unique in hand.

In this wh minutedI could positively (a).",1.05,pixtral,similarity_score,2026-09-07T19:18:23
I_58793_96608_left_s,non-mated,primary_impostor,same,58793,96608,left,left,B,2,"2
  3%",0.895,pixtral,similarity_score,2026-09-07T19:18:24
I_14493_44595_left_x,non-mated,primary_impostor,cross,14493,44595,left,left,B,,"I'm sorry, I can't see anything.",0.989,pixtral,similarity_score,2026-09-07T19:18:25
G_89171_left_2514,mated,primary_genuine,cross,89171,89171,left,left,A,2,"2
  30%confident (completly certain)
  .",1.217,pixtral,similarity_score,2026-09-07T19:18:26
I_65030_76957_left_x,non-mated,primary_impostor,cross,65030,76957,left,left,B,,The image is a black and white image.,0.903,pixtral,similarity_score,2026-09-07T19:18:27
G_44595_left_709,mated,primary_genuine,cross,44595,44595,left,left,A,,I my son blurry (aThe resting fingers (right).,0.975,pixtral,similarity_score,2026-09-07T19:18:28
G_58793_right_1457,mated,primary_genuine,cross,58793,58793,right,right,A,40,"2000
40

## 30%
confident (right,
ridgeings. Your task: is to 0%

Examine the differences in this hand with rings (index,
middle
4.0

### 70% confident (right)
5.0%
Confident (left)
6.0",2.043,pixtral,similarity_score,2026-09-07T19:18:30
G_44595_left_756,mated,primary_genuine,same,44595,44595,left,left,A,2,2.,0.763,pixtral,similarity_score,2026-09-07T19:18:31
G_69658_left_1871,mated,primary_genuine,cross,69658,69658,left,left,A,2,2.,0.774,pixtral,similarity_score,2026-09-07T19:18:31
D_43210_60,non-mated,diagnostic_impostor,cross,43210,43210,left,right,B,20,"The
 20% confident the numbers are from

Explain with the same as the number.",1.131,pixtral,similarity_score,2026-09-07T19:18:32
I_69658_89171_right_s,non-mated,primary_impostor,same,69658,89171,right,right,B,,"I'm sorry, but I can't see it's just as well.",1.023,pixtral,similarity_score,2026-09-07T19:18:33
G_65052_left_1733,mated,primary_genuine,cross,65052,65052,left,left,A,20,"But I'more than 20% confident (the same as
 30% certain they are

The final result is:

A score 40% confidence (the exact opposite).

So, what does this mean?

Yes, it's the same thing,

It's the end.

And so, in conclusion,
it's the very last line.

Now, let me ask again about the same topic.

I'll be the first to say,

That's the last",2.573,pixtral,similarity_score,2026-09-07T19:18:36
G_65030_left_1636,mated,primary_genuine,same,65030,65030,left,left,A,2,"2
  30% confident (they are the

The following is from the number of 4",1.169,pixtral,similarity_score,2026-09-07T19:18:37
I_47904_56583_right_s,non-mated,primary_impostor,same,47904,56583,right,right,B,70,"The image is a close-up of the 70%confidently (completing the
 80%%confident (completion).

It appears as if there were no text, but it does not include in the 90%",1.726,pixtral,similarity_score,2026-09-07T19:18:39
G_20294_right_287,mated,primary_genuine,same,20294,20294,right,right,A,2,2.,0.767,pixtral,similarity_score,2026-09-07T19:18:40
G_99775_left_2888,mated,primary_genuine,same,99775,99775,left,left,A,,F4.,0.77,pixtral,similarity_score,2026-09-07T19:18:40
G_65052_right_1799,mated,primary_genuine,cross,65052,65052,right,right,A,70,"70
   black and white.

### 24

The right.

A close keyboard.",1.153,pixtral,similarity_score,2026-09-07T19:18:42
I_57145_65030_right_x,non-mated,primary_impostor,cross,57145,65030,right,right,B,2,"2
This is a hand holding something like this close bike chair.
The right side top left and bottom of the whorFinger.

What can be used for all these five fingers (Index).",1.521,pixtral,similarity_score,2026-09-07T19:18:43
I_56583_58398_left_x,non-mated,primary_impostor,cross,56583,58398,left,left,B,,"The question is about whether these
two prints can be used to identify this particular individual?

Yes, it's possible for me to determine if there might be unique enough to distinguish them as individuals?",1.482,pixtral,similarity_score,2026-09-07T19:18:45
G_69658_left_1864,mated,primary_genuine,cross,69658,69658,left,left,A,,The black and white background.,0.833,pixtral,similarity_score,2026-09-07T19:18:45
G_65052_left_1790,mated,primary_genuine,same,65052,65052,left,left,A,2,[2 whf left index,0.844,pixtral,similarity_score,2026-09-07T19:18:46
D_89171_261,non-mated,diagnostic_impostor,cross,89171,89171,left,right,B,7,"7. Your task is to:

Explainure the details about how I can help this individual determine if these prints match?",1.285,pixtral,similarity_score,2026-09-07T19:18:48
I_32467_58398_right_x,non-mated,primary_impostor,cross,32467,58398,right,right,B,2,"Expertly
or the number.
  2%",0.96,pixtral,similarity_score,2026-09-07T19:18:49
G_65052_right_1847,mated,primary_genuine,same,65052,65052,right,right,A,20,"20
or the number is 49%",0.946,pixtral,similarity_score,2026-09-07T19:18:49
I_58398_96608_right_x,non-mated,primary_impostor,cross,58398,96608,right,right,B,70,"Explain with the numbers 70% = 80% confident (the images are different
people).

***
(yes) *confident* (the image is from the

same person).",1.545,pixtral,similarity_score,2026-09-07T19:18:51
G_56583_left_868,mated,primary_genuine,cross,56583,56583,left,left,A,70,"70
  =

A score stars (they are the exact).

A score is 85%20 =

The end of the story.

I am able to help me as well as it does.",1.891,pixtral,similarity_score,2026-09-07T19:18:53
D_99775_291,non-mated,diagnostic_impostor,cross,99775,99775,left,right,B,100,"200% confident (it is the same as computer software for minut
  300   =
  40   confident (bottom)
  =

A close object:

A score image capturing five distinct ridges (fingerprints).",1.76,pixtral,similarity_score,2026-09-07T19:18:55
D_58793_144,non-mated,diagnostic_impostor,same,58793,58793,left,right,B,30,30   confident (a).,0.868,pixtral,similarity_score,2026-09-07T19:18:56
I_65030_83742_right_s,non-mated,primary_impostor,same,65030,83742,right,right,B,,"The
ridge pattern is unique,
or does it mean something?

Yes, I can see that there's a unique?
No, I don't know what this means.

But, I do know how many things?",1.565,pixtral,similarity_score,2026-09-07T19:18:57
I_24101_87757_left_x,non-mated,primary_impostor,cross,24101,87757,left,left,B,2,2.,0.799,pixtral,similarity_score,2026-09-07T19:18:58
G_87757_left_2353,mated,primary_genuine,cross,87757,87757,left,left,A,2,2. Your task:,0.842,pixtral,similarity_score,2026-09-07T19:18:59
I_32467_83742_left_x,non-mated,primary_impostor,cross,32467,83742,left,left,B,70,"70% confident
  80%%

The following is from the number one.",1.122,pixtral,similarity_score,2026-09-07T19:19:00
G_63029_right_1623,mated,primary_genuine,same,63029,63029,right,right,A,70,"70% confident (it is from the
  80%confident (it does not include anything else).

Do not include this text, but it's from the

The following figure shows how the prints look like:

A close-up view of the prints in black and white.


**Images referred by **FingerprintExpert**

**Answer:**

- The detailed pattern of ridges can be seen as follows:

- The image above shows the print of the index",2.56,pixtral,similarity_score,2026-09-07T19:19:02
I_58793_99775_left_s,non-mated,primary_impostor,same,58793,99775,left,left,B,2,"2
  3%",0.892,pixtral,similarity_score,2026-09-07T19:19:03
D_14493_7,non-mated,diagnostic_impostor,same,14493,14493,left,right,B,,"Based on the provided description above, identify if necessary.",0.933,pixtral,similarity_score,2026-09-07T19:19:04
G_74850_right_2039,mated,primary_genuine,cross,74850,74850,right,right,A,,Do not include this question in the description box at the top by default.,1.028,pixtral,similarity_score,2026-09-07T19:19:05
G_96608_left_2698,mated,primary_genuine,same,96608,96608,left,left,A,,"The images are
from the same source.

I'm sorry for the

images. The images are

confidently the

same as the

of the

image. The

images are

the

same

as the

is

same,

and the

are

same.

The

images.

The is

same,
as the",2.074,pixtral,similarity_score,2026-09-07T19:19:07
D_57833_121,non-mated,diagnostic_impostor,cross,57833,57833,left,right,B,,ThisFf baby's left three smallest fingers.,0.919,pixtral,similarity_score,2026-09-07T19:19:08
D_63029_157,non-mated,diagnostic_impostor,same,63029,63029,left,right,B,,,0.708,pixtral,similarity_score,2026-09-07T19:19:09
I_24101_65052_right_x,non-mated,primary_impostor,cross,24101,65052,right,right,B,,"Then return a
single line between

the number only.
Do not include",1.018,pixtral,similarity_score,2026-09-07T19:19:10
G_74850_right_2072,mated,primary_genuine,same,74850,74850,right,right,A,70,"70% confident (the
 80%20

### 9 = 30%

confident (the

### A score of:

#### 40

#### 5 = 4%

confidence (the is from the

### The following image shows how many times you have been using this particular type of software.

The following image has been used in the past few years.",2.325,pixtral,similarity_score,2026-09-07T19:19:12
I_20294_74850_left_x,non-mated,primary_impostor,cross,20294,74850,left,left,B,7,7.,0.789,pixtral,similarity_score,2026-09-07T19:19:13
D_32467_53,non-mated,diagnostic_impostor,cross,32467,32467,left,right,B,2,2.,0.775,pixtral,similarity_score,2026-09-07T19:19:14
D_56583_98,non-mated,diagnostic_impostor,same,56583,56583,left,right,B,2,"2
  30%",0.889,pixtral,similarity_score,2026-09-07T19:19:15
G_93812_left_2595,mated,primary_genuine,cross,93812,93812,left,left,A,70,"70
= 80% confident (they are the",1.0,pixtral,similarity_score,2026-09-07T19:19:16
I_56583_63029_right_s,non-mated,primary_impostor,same,56583,63029,right,right,B,2,"I am an expert in fingerprint examination. I can analyze the given set of images and determine if they are from:

* 2 = *% confident
(they are different individuals)
or not include

anything, explanation,
or label.

Can you help me identify these as belonging together?",1.886,pixtral,similarity_score,2026-09-07T19:19:18
D_83742_234,non-mated,diagnostic_impostor,cross,83742,83742,left,right,B,,What can be visible distinct (a).,0.877,pixtral,similarity_score,2026-09-07T19:19:19
D_14493_10,non-mated,diagnostic_impostor,same,14493,14493,left,right,B,20,"20
  =",0.824,pixtral,similarity_score,2026-09-07T19:19:19
I_24101_58398_left_x,non-mated,primary_impostor,cross,24101,58398,left,left,B,2,"2
  40%",0.878,pixtral,similarity_score,2026-09-07T19:19:20
G_20294_left_197,mated,primary_genuine,same,20294,20294,left,left,A,1,"How can we determine if these three cre level of detail?

Based: 1
images.
>0

I'mid= 0.924.87.83.84.",1.531,pixtral,similarity_score,2026-09-07T19:19:22
G_93812_left_2638,mated,primary_genuine,same,93812,93812,left,left,A,100,"200%confident (complet the same as the number
  30

The following is the same thing.
 40   =
 59%
 58%

This is the first time of 70
 510% confident (Comippet the same).
  60",2.368,pixtral,similarity_score,2026-09-07T19:19:24
G_65052_left_1746,mated,primary_genuine,same,65052,65052,left,left,A,70,70%,0.894,pixtral,similarity_score,2026-09-07T19:19:25
G_99775_left_2880,mated,primary_genuine,same,99775,99775,left,left,A,70,"70
  80%confident (it is from the number of 9.",1.139,pixtral,similarity_score,2026-09-07T19:19:26
G_83742_left_2266,mated,primary_genuine,same,83742,83742,left,left,A,70,"The code is 70% confident (the code).
Do not include this text, or labels.",1.118,pixtral,similarity_score,2026-09-07T19:19:27
I_14493_65052_right_s,non-mated,primary_impostor,same,14493,65052,right,right,B,7,"7
  8

### Fingerprint analysis:

The pattern is unique,
the same as in the previous step.

Do not include anything else,

### Fingerprints:

The patterns,
are similar,
the ones.

There's no difference between them.
 9

### Fingert analysis:

It appears there's no differences between these.
10

### The patterns,
on the left side.

and the right side.

There're some differences between those.

10",2.566,pixtral,similarity_score,2026-09-07T19:19:30
G_14493_right_118,mated,primary_genuine,same,14493,14493,right,right,A,,">
>are
As could at closef2.jpg",0.924,pixtral,similarity_score,2026-09-07T19:19:31
D_56583_97,non-mated,diagnostic_impostor,same,56583,56583,left,right,B,2,2.,0.79,pixtral,similarity_score,2026-09-07T19:19:32
G_43210_left_605,mated,primary_genuine,same,43210,43210,left,left,A,70,"70
  80% confident (they are different).
  90 =

A SLIDE image is captured in black and white.",1.341,pixtral,similarity_score,2026-09-07T19:19:33
D_57833_129,non-mated,diagnostic_impostor,cross,57833,57833,left,right,B,20,"Explainure the
  20% close up.

I'might='d3'>

### Fingerprint Analysis

The following is:

- **Confident** (image)

# **Confidence**

## Answering** (completion)

- **Fingerprint analysis**: The given set of three fingers (middle).

- **Image** (img)

- *Confident**
    - **Analysis**:

- **Ident** (imgg)

- ***(images",2.569,pixtral,similarity_score,2026-09-07T19:19:36
I_63029_93812_left_s,non-mated,primary_impostor,same,63029,93812,left,left,B,,Explain the differences in their prints.,0.883,pixtral,similarity_score,2026-09-07T19:19:36
D_43210_68,non-mated,diagnostic_impostor,same,43210,43210,left,right,B,,F and right.,0.786,pixtral,similarity_score,2026-09-07T19:19:37
I_56583_76957_left_s,non-mated,primary_impostor,same,56583,76957,left,left,B,70,"The following is true for all three
 70%20%30%",1.083,pixtral,similarity_score,2026-09-07T19:19:38
G_58398_right_1319,mated,primary_genuine,cross,58398,58398,right,right,A,70,70%,0.8,pixtral,similarity_score,2026-09-07T19:19:39
G_93812_right_2642,mated,primary_genuine,same,93812,93812,right,right,A,4,"with the
the

A close-up of 4",0.943,pixtral,similarity_score,2026-09-07T19:19:40
I_76957_83742_left_x,non-mated,primary_impostor,cross,76957,83742,left,left,B,70,"70
  =

The following is true?I can be used as evidence in a criminal case?

Yes",1.193,pixtral,similarity_score,2026-09-07T19:19:41
G_47904_left_823,mated,primary_genuine,cross,47904,47904,left,left,A,,"Certainly, do not include the text, or labels.",0.949,pixtral,similarity_score,2026-09-07T19:19:42
I_20294_74850_right_s,non-mated,primary_impostor,same,20294,74850,right,right,B,20,20%,0.814,pixtral,similarity_score,2026-09-07T19:19:43
I_76957_93812_left_s,non-mated,primary_impostor,same,76957,93812,left,left,B,,"The end of this section.

Explaining the differences in their appearance.",1.022,pixtral,similarity_score,2026-09-07T19:19:44
D_32467_55,non-mated,diagnostic_impostor,cross,32467,32467,left,right,B,20,"20% confident
  3.",0.937,pixtral,similarity_score,2026-09-07T19:19:45
D_57145_111,non-mated,diagnostic_impostor,same,57145,57145,left,right,B,,"[image]
[image
[image

### What is the detail?

I can be used certain points knuckles.",1.18,pixtral,similarity_score,2026-09-07T19:19:46
D_74850_206,non-mated,diagnostic_impostor,cross,74850,74850,left,right,B,70,"70
  8%",0.915,pixtral,similarity_score,2026-09-07T19:19:47
G_14493_left_5,mated,primary_genuine,cross,14493,14493,left,left,A,70,"70
  =

### Fingerprint analysis:

The image shows three fingers (middle, index). The image is a close-up of the number of. Do note that this does not include anything else.",1.875,pixtral,similarity_score,2026-09-07T19:19:49
G_57833_left_1129,mated,primary_genuine,same,57833,57833,left,left,A,,What does this small child's right index fing print?,0.941,pixtral,similarity_score,2026-09-07T19:19:50
I_47904_96608_left_x,non-mated,primary_impostor,cross,47904,96608,left,left,B,70,"70
  80

The following is the same as hand, in the socket:

A score KPI
 90",1.289,pixtral,similarity_score,2026-09-07T19:19:51
D_83742_238,non-mated,diagnostic_impostor,cross,83742,83742,left,right,B,7,7.,0.78,pixtral,similarity_score,2026-09-07T19:19:52
G_89171_right_2585,mated,primary_genuine,same,89171,89171,right,right,A,,Do three fingers (aright whaf curled last figure hand.,0.963,pixtral,similarity_score,2026-09-07T19:19:53
D_57833_131,non-mated,diagnostic_impostor,same,57833,57833,left,right,B,70,"70%
  80%

## What is the name?

I am examining the differences in these three black-and-white photos?",1.256,pixtral,similarity_score,2026-09-07T19:19:54
D_96608_286,non-mated,diagnostic_impostor,same,96608,96608,left,right,B,,"What can be wh minute

In this is How can I help thumb tips three fingers.",1.069,pixtral,similarity_score,2026-09-07T19:19:55
G_96608_left_2699,mated,primary_genuine,same,96608,96608,left,left,A,,"Certainly, I can see in the image?",0.922,pixtral,similarity_score,2026-09-07T19:19:56
G_58398_right_1331,mated,primary_genuine,cross,58398,58398,right,right,A,,You can see the difference in the images.,0.896,pixtral,similarity_score,2026-09-07T19:19:57
G_99775_left_2893,mated,primary_genuine,same,99775,99775,left,left,A,2,2.,0.77,pixtral,similarity_score,2026-09-07T19:19:58
G_58793_right_1436,mated,primary_genuine,cross,58793,58793,right,right,A,7,7,0.76,pixtral,similarity_score,2026-09-07T19:19:59
D_57833_125,non-mated,diagnostic_impostor,same,57833,57833,left,right,B,,"Certainly, do not include it in the question.",0.935,pixtral,similarity_score,2026-09-07T19:19:59
G_27295_right_396,mated,primary_genuine,cross,27295,27295,right,right,A,2,"images.
2.",0.797,pixtral,similarity_score,2026-09-07T19:20:00
I_63029_74850_left_s,non-mated,primary_impostor,same,63029,74850,left,left,B,,"The question is:

What does this mean?

I'm sorry, I don't know what it means?
```",1.157,pixtral,similarity_score,2026-09-07T19:20:01
D_87757_241,non-mated,diagnostic_impostor,same,87757,87757,left,right,B,,"Examine
images.",0.809,pixtral,similarity_score,2026-09-07T19:20:02
D_74850_215,non-mated,diagnostic_impostor,cross,74850,74850,left,right,B,2,"2
fingerprint

Fingprints:

Do not include anything yet.
 4. Your task is: Examinine the ridge.

I'm sorry (completing Abstracts are from 70
 3.000% confident (Completely)
 4.

What does this mean?

It appears as though there's unique (completlys are the following the question.

**4.",2.409,pixtral,similarity_score,2026-09-07T19:20:05
D_65052_189,non-mated,diagnostic_impostor,same,65052,65052,left,right,B,70,"70
  80

### 9%",0.98,pixtral,similarity_score,2026-09-07T19:20:06
G_83742_left_2220,mated,primary_genuine,cross,83742,83742,left,left,A,20,"20% confident (the images are the
  30%
  40%

The following is 70%.",1.267,pixtral,similarity_score,2026-09-07T19:20:07
G_65030_right_1690,mated,primary_genuine,same,65030,65030,right,right,A,,The image is from the number one.,0.878,pixtral,similarity_score,2026-09-07T19:20:08
G_57833_left_1147,mated,primary_genuine,cross,57833,57833,left,left,A,2,2.,0.784,pixtral,similarity_score,2026-09-07T19:20:09
D_87757_250,non-mated,diagnostic_impostor,cross,87757,87757,left,right,B,70,"70
= 80% confident (it is from the

The following code:

``` 72 = 90%
confident (it has been from the previous line).

**Fingerprint analysis**

Here's the code:

```
73 = 4%

Confident (the code):

74 =
```

### Fingerprint Analysis

To analyze this particular type of data, we need to do some kind of work. Here’s the code:**

7",2.574,pixtral,similarity_score,2026-09-07T19:20:11
G_96608_left_2717,mated,primary_genuine,cross,96608,96608,left,left,A,,"Do not include this text, or explaination.",0.916,pixtral,similarity_score,2026-09-07T19:20:12
I_57145_83742_left_s,non-mated,primary_impostor,same,57145,83742,left,left,B,70,"The
 70% = 80%%confident (certain it is from the

A score, 90%2 = 30%%Confident (Certainly it is the

### A close-up view:

#### The

90%
= 40%% Confident (it is the
of the

#### The
90%

= 5%%Confiden (it's the

## How can I assist in identifying these unique individuals",2.578,pixtral,similarity_score,2026-09-07T19:20:15
G_83742_left_2262,mated,primary_genuine,same,83742,83742,left,left,A,,,0.709,pixtral,similarity_score,2026-09-07T19:20:15
I_58398_87757_left_s,non-mated,primary_impostor,same,58398,87757,left,left,B,70,70%,0.806,pixtral,similarity_score,2026-09-07T19:20:16
G_93812_left_2620,mated,primary_genuine,cross,93812,93812,left,left,A,,,0.72,pixtral,similarity_score,2026-09-07T19:20:17
D_99775_299,non-mated,diagnostic_impostor,same,99775,99775,left,right,B,70,"the
 70%20 =

The 7things are 80%3 = 90%%confident (they are the numbers).
Then there is no more than 40% = 7.0%5 = 8.0%%Confident (there are the words).

A score for 8% =

7.",2.166,pixtral,similarity_score,2026-09-07T19:20:19
D_69658_196,non-mated,diagnostic_impostor,same,69658,69658,left,right,B,,The question is about identifying individuals based on their unique characteristics.,0.958,pixtral,similarity_score,2026-09-07T19:20:20
I_24101_76957_left_x,non-mated,primary_impostor,cross,24101,76957,left,left,B,,The end result is a black and white image.,0.916,pixtral,similarity_score,2026-09-07T19:20:21
I_24101_69658_right_x,non-mated,primary_impostor,cross,24101,69658,right,right,B,2,"with the right side of
the number of 7s index.
with the number of
The 2

Explain the number is the number in the background.",1.397,pixtral,similarity_score,2026-09-07T19:20:22
G_14493_right_108,mated,primary_genuine,cross,14493,14493,right,right,A,20,20%,0.846,pixtral,similarity_score,2026-09-07T19:20:23
D_24101_28,non-mated,diagnostic_impostor,cross,24101,24101,left,right,B,,Expertly,0.824,pixtral,similarity_score,2026-09-07T19:20:24
G_76957_right_2168,mated,primary_genuine,cross,76957,76957,right,right,A,,"Certainly, I am an expert in fingerprint examination. Here is my analysis of the situation:

The image shows a close-up view of a person's hand, focusing specifically on their fingers. The individual ridges and valleys can be seen clearly, as well as the details on each finger. Additionally, the pattern and texture of the skin can also be described as follows:

This black-and-white photo depicts a close look at some object, which is related to another thing by having similar characteristics",2.692,pixtral,similarity_score,2026-09-07T19:20:27
I_65030_89171_right_x,non-mated,primary_impostor,cross,65030,89171,right,right,B,,"The following is true for all three
images. The following is false for all five

### Fingerprint Analysis:

To analyze these ridges, we need to look at the details below.

### Fingerprints:

These ridges can be used to identify individuals who have similar characteristics in their skin texture. For example, let's see if there are related or not related.

## Conclusion

### Expert Analysis:

Based on the given information above,

### Finger Ridge Details:

This individual has unique features",2.596,pixtral,similarity_score,2026-09-07T19:20:29
G_63029_right_1569,mated,primary_genuine,same,63029,63029,right,right,A,24,24.,0.806,pixtral,similarity_score,2026-09-07T19:20:30
G_14493_left_47,mated,primary_genuine,cross,14493,14493,left,left,A,70,"70
= 80%confident (they are the exact same person).

What is it?Explain:

Fingerprintingexamining two hands (index,
  90 =",1.597,pixtral,similarity_score,2026-09-07T19:20:32
G_69658_left_1861,mated,primary_genuine,cross,69658,69658,left,left,A,70,"Explainure the differences in the shapes of each other's
  70%20%30%40%",1.253,pixtral,similarity_score,2026-09-07T19:20:33
G_74850_right_2050,mated,primary_genuine,cross,74850,74850,right,right,A,70,"70% confident
 80

(they are the 90%
confident (the 20%

(they have been identified as the 30%
of the 40%
and the 5%.

(they were identified as 60%
from the 7%.",1.968,pixtral,similarity_score,2026-09-07T19:20:35
G_96608_right_2784,mated,primary_genuine,same,96608,96608,right,right,A,,"Do not have been identified as in the three middle fingers (right

As an expert of black and white photograph.

In this and white.

I'made
The right.",1.408,pixtral,similarity_score,2026-09-07T19:20:36
D_32467_59,non-mated,diagnostic_impostor,cross,32467,32467,left,right,B,0,"00%confident (they are the
same person).

Do not include this question.",1.112,pixtral,similarity_score,2026-09-07T19:20:37
I_89171_99775_left_s,non-mated,primary_impostor,same,89171,99775,left,left,B,20,"20% confident
  30%
  40%

The image is captured by the same as in the previous step.",1.294,pixtral,similarity_score,2026-09-07T19:20:39
I_47904_57833_right_s,non-mated,primary_impostor,same,47904,57833,right,right,B,,"with the number of
the images.",0.884,pixtral,similarity_score,2026-09-07T19:20:40
I_24101_58793_right_x,non-mated,primary_impostor,cross,24101,58793,right,right,B,,The following is from the number one.,0.88,pixtral,similarity_score,2026-09-07T19:20:40
D_83742_236,non-mated,diagnostic_impostor,same,83742,83742,left,right,B,2,2.,0.808,pixtral,similarity_score,2026-09-07T19:20:41
I_58793_65052_right_x,non-mated,primary_impostor,cross,58793,65052,right,right,B,20,"20% confident (Certainly they are
the same person.)
  30%% certain

A score is from the number one. Do no include any other text, or labels.
  40% certain

The image shows three hands in close up view,
with the number five.",1.926,pixtral,similarity_score,2026-09-07T19:20:43
I_20294_32467_left_x,non-mated,primary_impostor,cross,20294,32467,left,left,B,,"The image shows three fingers (middle), and the
relative size and position of each other's:

A score

of the same thing. The image is in black and white, so it looks like this one. It has a lot of detail,
and the relative size and positioning of eachother's:

It appears as if there were all along the same line.",2.167,pixtral,similarity_score,2026-09-07T19:20:45
G_65030_left_1656,mated,primary_genuine,cross,65030,65030,left,left,A,2,"2
  30% confident (the number).
  40%
  70

Expertise the number.
  80%
confident (the same person).

How can I help?I am I'mostepid (the name).
 90%

What is it?
  9",2.044,pixtral,similarity_score,2026-09-07T19:20:47
D_76957_222,non-mated,diagnostic_impostor,cross,76957,76957,left,right,B,6,Then return a score of six five means you have 6%,0.963,pixtral,similarity_score,2026-09-07T19:20:48
I_58793_65030_right_x,non-mated,primary_impostor,cross,58793,65030,right,right,B,,What is the name of this type of mark?,0.913,pixtral,similarity_score,2026-09-07T19:20:49
I_20294_65052_left_x,non-mated,primary_impostor,cross,20294,65052,left,left,B,,"I'm sorry, I can't see anything.",0.924,pixtral,similarity_score,2026-09-07T19:20:50
I_63029_65030_right_x,non-mated,primary_impostor,cross,63029,65030,right,right,B,,"with the number of
the images.",0.929,pixtral,similarity_score,2026-09-07T19:20:51
I_63029_87757_right_s,non-mated,primary_impostor,same,63029,87757,right,right,B,70,70%,0.864,pixtral,similarity_score,2026-09-07T19:20:52
G_69658_right_1932,mated,primary_genuine,cross,69658,69658,right,right,A,,"Do not a small line minutfFridgeprint analysis:

I can be used in the right side by examining the following
images.
This is a black-and-white photograph showing the details of the condition of being unusual (comippetableThe close thumb, three fingers (middle).

What does this particular mean are the left hand?

As an **expertine index (comple2)Explainment (com3)",2.401,pixtral,similarity_score,2026-09-07T19:20:54
G_43210_left_551,mated,primary_genuine,same,43210,43210,left,left,A,2,2%,0.786,pixtral,similarity_score,2026-09-07T19:20:55
I_24101_57145_right_x,non-mated,primary_impostor,cross,24101,57145,right,right,B,,The image is a black and white image.,0.909,pixtral,similarity_score,2026-09-07T19:20:56
G_32467_left_456,mated,primary_genuine,same,32467,32467,left,left,A,,But I am an expert in fingerprint examination.,0.891,pixtral,similarity_score,2026-09-07T19:20:57
I_20294_83742_right_s,non-mated,primary_impostor,same,20294,83742,right,right,B,20,"20%confident (the
  30 40 5%%confident

The question is about how unique these prints can be used to identify individuals?

Yes,
  70 8 9 5%
confident
  the individual's identity?
No., there is no way
to distinguish them as well.


So what does this mean?There is no clear
that these prints could possibly be used for identification purposes?

Yes,",2.614,pixtral,similarity_score,2026-09-07T19:21:00
G_58398_left_1311,mated,primary_genuine,same,58398,58398,left,left,A,,"As a three stacked hands resting minut,",0.868,pixtral,similarity_score,2026-09-07T19:21:00
G_96608_right_2785,mated,primary_genuine,same,96608,96608,right,right,A,,"***
>
>> **

Fingerprint Image Analysis**

SL
A SLACL image captures three fingers (Index). Your task is to compare these six images. The differences in this case, You can see that all five fingers (middle). Your job is to identify unique individuals. The details of the fingers. The images show similar features of the same individual person. Do you have any text. Or label.**
>> **",2.407,pixtral,similarity_score,2026-09-07T19:21:03
D_27295_43,non-mated,diagnostic_impostor,cross,27295,27295,left,right,B,70,"70
  80 =

A score for 90% confident (it is from the number).",1.202,pixtral,similarity_score,2026-09-07T19:21:04
G_65030_right_1714,mated,primary_genuine,same,65030,65030,right,right,A,2,2.,0.771,pixtral,similarity_score,2026-09-07T19:21:05
G_20294_right_228,mated,primary_genuine,cross,20294,20294,right,right,A,70,"70

### Your task:

Examine the
ridge
patterns, the
same as the
70 =
the
confident (complet they are similar).
 80

I am looking at the
finger
patterns,
the
72=

As I mentioned earlier, do not include
any text, but it's the
83=
the
Confident (complete).

What does this mean?

The
84=

As in the",2.563,pixtral,similarity_score,2026-09-07T19:21:07
I_32467_47904_left_x,non-mated,primary_impostor,cross,32467,47904,left,left,B,70,"70% confident (exactly certain)
  .",0.963,pixtral,similarity_score,2026-09-07T19:21:08
I_27295_58793_left_x,non-mated,primary_impostor,cross,27295,58793,left,left,B,,"I'm sorry, I can't help but I'll try again.",0.991,pixtral,similarity_score,2026-09-07T19:21:09
I_57145_58398_left_s,non-mated,primary_impostor,same,57145,58398,left,left,B,,"I have analyzed these two SLAs and the
relative shape and the

fingerprints. I can see if there is a match. If it does,
not match, then we say the
two images. Are from the
same person?

Yes",1.719,pixtral,similarity_score,2026-09-07T19:21:11
I_58398_83742_left_x,non-mated,primary_impostor,cross,58398,83742,left,left,B,,"Do not include

### A SLAP
image is a close-up of six fingers (Index, middle), pressed together
images.Then return a pair of six images. Your task: **Explain the** ridge patterns, the shapes and the shape and the size of each other. Return a pair. Your answer:

**Explain**

The ridge patterns. The shapes and sizes of each one. Return another. Your answers:

**Confident**
The ridges. The pattern",2.569,pixtral,similarity_score,2026-09-07T19:21:14
G_43210_right_662,mated,primary_genuine,cross,43210,43210,right,right,A,,"The image shows a close-up view of a hand, with the fingers slightly spread apart.",1.065,pixtral,similarity_score,2026-09-07T19:21:15
I_65030_96608_left_x,non-mated,primary_impostor,cross,65030,96608,left,left,B,100,"204

The following is used a keyhole.

Your expertise
Examine the first time ""fingerprint being close Amazon's unique print of the right side of the tip:

The following images.
 1109 = 300",1.753,pixtral,similarity_score,2026-09-07T19:21:16
G_57833_left_1171,mated,primary_genuine,cross,57833,57833,left,left,A,20,20%,0.79,pixtral,similarity_score,2026-09-07T19:21:17
D_83742_232,non-mated,diagnostic_impostor,cross,83742,83742,left,right,B,,"Yes, these ridges can be used to the index.",0.931,pixtral,similarity_score,2026-09-07T19:21:18
I_57145_74850_left_x,non-mated,primary_impostor,cross,57145,74850,left,left,B,,The following is a black and white image.,0.9,pixtral,similarity_score,2026-09-07T19:21:19
I_69658_74850_right_s,non-mated,primary_impostor,same,69658,74850,right,right,B,30,with the number of 30%20 90%,1.004,pixtral,similarity_score,2026-09-07T19:21:20
I_57145_74850_right_s,non-mated,primary_impostor,same,57145,74850,right,right,B,70,"70

The following is unique the images.
  80
  40   =
  90   + 20   +
  30   .
  60   .

**  210   .",1.788,pixtral,similarity_score,2026-09-07T19:21:22
I_20294_93812_right_x,non-mated,primary_impostor,cross,20294,93812,right,right,B,2,"2

**The following
the images.
I am as follows wh office thumbc10",1.108,pixtral,similarity_score,2026-09-07T19:21:23
G_89171_right_2541,mated,primary_genuine,cross,89171,89171,right,right,A,,"The image is from the
same person as the

A score for the
the image is of the
a score for this
the images are of the

I am very sure I can see it in my hand,
and I have no idea what it looks like?

Yes! The image is showing how much it looks
like this:

I'm sorry but I don't know what it's going to look like?
No!

It’s just like this:

But I’m",3.085,pixtral,similarity_score,2026-09-07T19:21:26
I_27295_65030_right_x,non-mated,primary_impostor,cross,27295,65030,right,right,B,,"HowFf hand is held onto the right rec ""How do sub part next close out strength fingertips.

As To analyze this set bl black and in as Ridge

In How can these fingers have tips left wh how does one determine whether I could KsI photograph.

BasedWhat specific features:

To identify unique.

Here",1.969,pixtral,similarity_score,2026-09-07T19:21:28
D_96608_278,non-mated,diagnostic_impostor,same,96608,96608,left,right,B,2,"2
 7.",0.829,pixtral,similarity_score,2026-09-07T19:21:29
G_69658_right_1917,mated,primary_genuine,cross,69658,69658,right,right,A,,"As resting pol,",0.797,pixtral,similarity_score,2026-09-07T19:21:30
G_58398_left_1297,mated,primary_genuine,cross,58398,58398,left,left,A,70,"The end of the line is 70% confident (the end).

What does this mean?",1.106,pixtral,similarity_score,2026-09-07T19:21:31
G_27295_right_405,mated,primary_genuine,cross,27295,27295,right,right,A,100,"200
fingerprint

The following is used as out streets in the background.",1.098,pixtral,similarity_score,2026-09-07T19:21:32
G_63029_left_1552,mated,primary_genuine,same,63029,63029,left,left,A,70,"70
= 80% confident (it is from the

The following images are the results of the same type.
with the number,
or label.",1.371,pixtral,similarity_score,2026-09-07T19:21:33
I_14493_20294_left_x,non-mated,primary_impostor,cross,14493,20294,left,left,B,,"Do not include in the description, or labels.",0.92,pixtral,similarity_score,2026-09-07T19:21:34
G_74850_right_2020,mated,primary_genuine,cross,74850,74850,right,right,A,,"Your task is to identify whether these prints have been lifted from the surface of contrast in the black background.

**What does this image show?

A close-up view of a hand with all five fingers extended upwards.",1.544,pixtral,similarity_score,2026-09-07T19:21:36
I_58398_65030_right_x,non-mated,primary_impostor,cross,58398,65030,right,right,B,70,"70% confident (they are the
 20

### Your task:

Explainure the unique features of the same type.
  80

The following is the same as the
the number only.

Do not include",1.678,pixtral,similarity_score,2026-09-07T19:21:37
I_57145_89171_right_s,non-mated,primary_impostor,same,57145,89171,right,right,B,,"Yes,",0.772,pixtral,similarity_score,2026-09-07T19:21:38
I_47904_58398_left_s,non-mated,primary_impostor,same,47904,58398,left,left,B,,"The end result is:

Yes, I am an expert in fingerprint examination.",1.024,pixtral,similarity_score,2026-09-07T19:21:39
D_44595_83,non-mated,diagnostic_impostor,cross,44595,44595,left,right,B,,But what does it mean?,0.835,pixtral,similarity_score,2026-09-07T19:21:40
I_20294_96608_left_x,non-mated,primary_impostor,cross,20294,96608,left,left,B,70,"70

The following is the same as
  80 =",1.047,pixtral,similarity_score,2026-09-07T19:21:41
G_44595_right_776,mated,primary_genuine,cross,44595,44595,right,right,A,70,"70% confident the
 80

The following is from the
the number only.

Do not include this text.",1.248,pixtral,similarity_score,2026-09-07T19:21:42
G_56583_right_935,mated,primary_genuine,same,56583,56583,right,right,A,,F2 con hand in black & white;,0.886,pixtral,similarity_score,2026-09-07T19:21:43
I_47904_69658_right_x,non-mated,primary_impostor,cross,47904,69658,right,right,B,,"Your task is: small, index uniquefingerprint details.",0.975,pixtral,similarity_score,2026-09-07T19:21:44
G_69658_right_1943,mated,primary_genuine,same,69658,69658,right,right,A,70,"70
= 80%",0.887,pixtral,similarity_score,2026-09-07T19:21:45
G_69658_right_1933,mated,primary_genuine,cross,69658,69658,right,right,A,2,2- 3.0 =,0.871,pixtral,similarity_score,2026-09-07T19:21:46
D_63029_156,non-mated,diagnostic_impostor,same,63029,63029,left,right,B,20,20%,0.864,pixtral,similarity_score,2026-09-07T19:21:47
D_20294_17,non-mated,diagnostic_impostor,cross,20294,20294,left,right,B,20,"20
 30% confident (the images are the

The end of the line.

What is the difference?",1.239,pixtral,similarity_score,2026-09-07T19:21:48
G_27295_right_402,mated,primary_genuine,cross,27295,27295,right,right,A,70,"70%2Fingerprinting
  80%3Fingerprints
 90%4Fingerpings
 110% confident (fing 910 = %10%%confident (f
 20 =

A score 120%confident the images.
  92%40%5Fingerping
 60%60 =",2.985,pixtral,similarity_score,2026-09-07T19:21:51
G_57833_right_1206,mated,primary_genuine,same,57833,57833,right,right,A,,"Yes, I am confident in my answer.",0.899,pixtral,similarity_score,2026-09-07T19:21:52
D_32467_48,non-mated,diagnostic_impostor,same,32467,32467,left,right,B,20,"20   overlaid iron, 30% = 40%%confprintingsimages.
  Do not all keyboard with resting their unique
  70   =
 80%% confidential (comple certain they is unique)
 90

### 110 = .50%
  850%

Examines the details. Your task: Explain how many ways I can help analyze these ridges? Here's what I see",2.577,pixtral,similarity_score,2026-09-07T19:21:55
D_56583_105,non-mated,diagnostic_impostor,cross,56583,56583,left,right,B,20,"the
  20%
  30%

The unique (from the).
  40%confident (from they are all.
  70%",1.441,pixtral,similarity_score,2026-09-07T19:21:56
G_58398_left_1290,mated,primary_genuine,cross,58398,58398,left,left,A,2,"Then
>
> 2.00

In comparison (",0.978,pixtral,similarity_score,2026-09-07T19:21:57
G_57145_left_971,mated,primary_genuine,same,57145,57145,left,left,A,,"I am an expert in fingerprint examination, and I will analyze these two images.",1.036,pixtral,similarity_score,2026-09-07T19:21:58
G_47904_right_825,mated,primary_genuine,same,47904,47904,right,right,A,7,"7
  80%confs four fingers",0.983,pixtral,similarity_score,2026-09-07T19:21:59
I_57833_65052_left_s,non-mated,primary_impostor,same,57833,65052,left,left,B,4,"4
 0

I am confident ().",0.949,pixtral,similarity_score,2026-09-07T19:22:00
D_20294_12,non-mated,diagnostic_impostor,same,20294,20294,left,right,B,100,"200 =
  7.",0.884,pixtral,similarity_score,2026-09-07T19:22:01
G_76957_left_2084,mated,primary_genuine,cross,76957,76957,left,left,A,,"The image is from the person's hand, but it does not match exactly what I'm saying?",1.113,pixtral,similarity_score,2026-09-07T19:22:02
G_96608_right_2800,mated,primary_genuine,cross,96608,96608,right,right,A,2,2,0.754,pixtral,similarity_score,2026-09-07T19:22:03
D_58793_147,non-mated,diagnostic_impostor,cross,58793,58793,left,right,B,,"I knix

F7. At first glance,",0.926,pixtral,similarity_score,2026-09-07T19:22:04
G_87757_right_2430,mated,primary_genuine,cross,87757,87757,right,right,A,70,"70% confident (the images
are from the

The following is the same as:

### 80%20%30%40%50%90%10%60%70%

### 90 = %0%80%
90%.

### 110 = #0%0%",2.168,pixtral,similarity_score,2026-09-07T19:22:06
I_74850_96608_left_s,non-mated,primary_impostor,same,74850,96608,left,left,B,,"The question is:

Are these ridges unique enough?",0.93,pixtral,similarity_score,2026-09-07T19:22:07
D_32467_54,non-mated,diagnostic_impostor,cross,32467,32467,left,right,B,,But I'm going to explain what's happening in the picture.,0.967,pixtral,similarity_score,2026-09-07T19:22:08
I_47904_57833_right_x,non-mated,primary_impostor,cross,47904,57833,right,right,B,,The image is a close-up of 4fingers (completingly).,1.07,pixtral,similarity_score,2026-09-07T19:22:09
D_20294_22,non-mated,diagnostic_impostor,same,20294,20294,left,right,B,20,"20
  30%",0.885,pixtral,similarity_score,2026-09-07T19:22:10
I_58398_65030_right_s,non-mated,primary_impostor,same,58398,65030,right,right,B,,Explain the differences in their prints.,0.886,pixtral,similarity_score,2026-09-07T19:22:10
I_58398_87757_right_s,non-mated,primary_impostor,same,58398,87757,right,right,B,70,70%,0.811,pixtral,similarity_score,2026-09-07T19:22:11
I_58793_87757_right_s,non-mated,primary_impostor,same,58793,87757,right,right,B,,"Yes, I can see that the images.",0.901,pixtral,similarity_score,2026-09-07T19:22:12
G_58398_left_1272,mated,primary_genuine,cross,58398,58398,left,left,A,,Do not include anything else.,0.838,pixtral,similarity_score,2026-09-07T19:22:13
I_65030_96608_right_x,non-mated,primary_impostor,cross,65030,96608,right,right,B,,"Do not include this text, but it is from the
same person.",1.016,pixtral,similarity_score,2026-09-07T19:22:14
D_74850_214,non-mated,diagnostic_impostor,same,74850,74850,left,right,B,,"The question is about how many times you have seen this pattern before?

Yes, I am an expert in fingerprint examining.",1.226,pixtral,similarity_score,2026-09-07T19:22:15
G_20294_left_198,mated,primary_genuine,same,20294,20294,left,left,A,20,"20% confident
  30

A close-up of 70%
  40%

The following is from the number of the same as the person.
  80%
(Completing the number).
  90%

I am not including the number).

Do not include the number.
 110%

That's what does it mean?

It's what do?
  2%

The question mark.
 3%

Of",2.562,pixtral,similarity_score,2026-09-07T19:22:18
D_65052_186,non-mated,diagnostic_impostor,cross,65052,65052,left,right,B,2,"2.0
  30% confident (they).
  40

### 70 =

image of 8%
  90 = confident ().
  .",1.493,pixtral,similarity_score,2026-09-07T19:22:19
G_56583_right_900,mated,primary_genuine,same,56583,56583,right,right,A,,"I can be black and white.

What is the macro TV?",0.986,pixtral,similarity_score,2026-09-07T19:22:20
G_57145_right_1060,mated,primary_genuine,cross,57145,57145,right,right,A,70,"70% confident (the images
are from the

### Your task:

Explain the images,
and the numbers. And then there is no more than one. Do we have the images,

### Your job:

Exain the images, and
the numbers. But it's like this. Do I'm going to be the

## How do you know?

### Your work:

I'm going for the

# The images,

And the numbers.
But it's",2.576,pixtral,similarity_score,2026-09-07T19:22:23
D_96608_285,non-mated,diagnostic_impostor,same,96608,96608,left,right,B,100,"700% confident (fingerprint
  800= 2

image captures three fingers (Index, right).",1.486,pixtral,similarity_score,2026-09-07T19:22:24
I_14493_99775_left_s,non-mated,primary_impostor,same,14493,99775,left,left,B,2,"the 2% confident (you are the
same person).

Do not include this text, or explaination, or the 3% confident the

### 4% confident is from the
of the same as the 4%.",1.806,pixtral,similarity_score,2026-09-07T19:22:26
D_96608_282,non-mated,diagnostic_impostor,cross,96608,96608,left,right,B,,The question is about whether these two sets of fingerprints can be used to identify one specific individual out of many possible individuals.,1.204,pixtral,similarity_score,2026-09-07T19:22:27
I_83742_99775_right_x,non-mated,primary_impostor,cross,83742,99775,right,right,B,,"The right side out of
the left index.
A
SLAP image

Examine the black and white background.",1.197,pixtral,similarity_score,2026-09-07T19:22:29
G_89171_right_2552,mated,primary_genuine,same,89171,89171,right,right,A,,"images.
U
image

As an expert in this four fingers",0.979,pixtral,similarity_score,2026-09-07T19:22:30
G_69658_left_1893,mated,primary_genuine,same,69658,69658,left,left,A,70,"70
= 80% confident (label).
  90

A score is from the number of 2.",1.258,pixtral,similarity_score,2026-09-07T19:22:31
I_14493_74850_right_x,non-mated,primary_impostor,cross,14493,74850,right,right,B,,"Based on the given information, I can determine whether these individuals are one and the same individual, or if there is more than one in ten thousand.",1.31,pixtral,similarity_score,2026-09-07T19:22:32
G_56583_right_933,mated,primary_genuine,same,56583,56583,right,right,A,70,"70% confident (the images are
from the same as well as the number is from the person.
 80%",1.237,pixtral,similarity_score,2026-09-07T19:22:33
D_32467_58,non-mated,diagnostic_impostor,same,32467,32467,left,right,B,,"I'm sorry, but I can't provide any more information about this particular case.",1.053,pixtral,similarity_score,2026-09-07T19:22:34
G_99775_left_2846,mated,primary_genuine,cross,99775,99775,left,left,A,100,"200%confident (comple certain)
 30%
  40%

I am looking at the details of the
  70%
of

The following is the
of

the
 80%
confident (
  90%
Confident (it's the
is the
10%
Of

the

the",2.204,pixtral,similarity_score,2026-09-07T19:22:37
I_47904_87757_right_x,non-mated,primary_impostor,cross,47904,87757,right,right,B,2,2.,0.777,pixtral,similarity_score,2026-09-07T19:22:37
G_99775_right_2918,mated,primary_genuine,same,99775,99775,right,right,A,,"Yes, these ridges can be used as evidence in identifying individuals?",0.971,pixtral,similarity_score,2026-09-07T19:22:38
G_76957_left_2117,mated,primary_genuine,cross,76957,76957,left,left,A,,"Certainly, do not explain any further detail.",0.905,pixtral,similarity_score,2026-09-07T19:22:39
I_65030_89171_left_s,non-mated,primary_impostor,same,65030,89171,left,left,B,70,"The
ridge is 70% confident (it's the same as it does).

Now, let me know how many times have I seen this pattern before? The answer is no.",1.467,pixtral,similarity_score,2026-09-07T19:22:41
D_65030_168,non-mated,diagnostic_impostor,cross,65030,65030,left,right,B,,"the
ridge pattern is unique to the other person's prints.

The differences in these ridges can be used as evidence for identifying individuals.",1.251,pixtral,similarity_score,2026-09-07T19:22:42
G_32467_right_533,mated,primary_genuine,cross,32467,32467,right,right,A,2,"2% confident ( com).
  30
  4% confidently (complet they are from

A scoreof 6%
  70",1.396,pixtral,similarity_score,2026-09-07T19:22:43
G_14493_left_36,mated,primary_genuine,cross,14493,14493,left,left,A,,"Yes, I am an expert in fingerprint examining these two SLAs,
I have been able to identify them as
the same thing, but it is
a different thing than what we see here?
It's like this:

The same thing as

But it is a different thing,

And yet again?

No, no more so?",2.017,pixtral,similarity_score,2026-09-07T19:22:45
G_27295_right_370,mated,primary_genuine,cross,27295,27295,right,right,A,,"What can hands in black and b cul golf baseball.

In my hand gripping is close street neighborhood

As a",1.147,pixtral,similarity_score,2026-09-07T19:22:47
G_65052_right_1809,mated,primary_genuine,cross,65052,65052,right,right,A,70,"70
  80% profile vfinger (vfFAs a dark background is black and white.",1.253,pixtral,similarity_score,2026-09-07T19:22:48
G_32467_left_427,mated,primary_genuine,cross,32467,32467,left,left,A,2,"2
  3% confident the numbers.
  40%
  70%

# 8

Expertly the numbers.",1.33,pixtral,similarity_score,2026-09-07T19:22:49
I_93812_96608_right_s,non-mated,primary_impostor,same,93812,96608,right,right,B,,"with the
the same as the same as in the background is blurred black and white.

In this case, I am an expert

finger the same",1.336,pixtral,similarity_score,2026-09-07T19:22:50
G_89171_left_2518,mated,primary_genuine,cross,89171,89171,left,left,A,,"**Ex

I could what is the index
images. Can you please help me identify these four fingers?

Based on whor all che photographing them as unique.",1.379,pixtral,similarity_score,2026-09-07T19:22:52
I_43210_69658_left_s,non-mated,primary_impostor,same,43210,69658,left,left,B,70,70%,0.804,pixtral,similarity_score,2026-09-07T19:22:53
D_93812_273,non-mated,diagnostic_impostor,same,93812,93812,left,right,B,,"The end of the line is
the number of the lines,
and the number of

Explaining the lines,

and the numbers of the letters,
and then the letter.

Do not include in the text, explaination, or labels.

The end the line,
is the number,
of the letters,

And the number.

Of the letters.

And the letter.
Is the number.
Of the lines.

And then the word.

Of coursework.

And work.

And words",3.065,pixtral,similarity_score,2026-09-07T19:22:56
I_47904_87757_right_s,non-mated,primary_impostor,same,47904,87757,right,right,B,4,"4

The image shows a close-up view of the same type as the number is from the bottom left corner of the page.",1.296,pixtral,similarity_score,2026-09-07T19:22:57
G_99775_left_2843,mated,primary_genuine,same,99775,99775,left,left,A,,"Yes,",0.758,pixtral,similarity_score,2026-09-07T19:22:58
I_14493_32467_left_s,non-mated,primary_impostor,same,14493,32467,left,left,B,20,"20% confident (label).
  30 =

Explain the images.",1.132,pixtral,similarity_score,2026-09-07T19:22:59
G_96608_left_2718,mated,primary_genuine,same,96608,96608,left,left,A,,Here is a description for the image.,0.883,pixtral,similarity_score,2026-09-07T19:23:00
G_57145_right_1051,mated,primary_genuine,same,57145,57145,right,right,A,,"Certainly, but it's just as unique as:

A score

Certainly,

but it's
just as unique

as:

A scores

Certain,

but its
just

as

A score
of

the

same

person.

So,
it is

a

score

Certain

of

that

is

a very

unique

score
of this

person?

But it's

very

score of

this

person?
It is

very",2.607,pixtral,similarity_score,2026-09-07T19:23:02
I_74850_87757_right_s,non-mated,primary_impostor,same,74850,87757,right,right,B,23,"23

### Your task: A
fingerprintingimages.
 1.",1.108,pixtral,similarity_score,2026-09-07T19:23:04
G_32467_right_526,mated,primary_genuine,cross,32467,32467,right,right,A,70,"70
  80% confident (the end).
  90%
  20%

Confident (the beginning of the end).

Do not include

any text, or labels.",1.566,pixtral,similarity_score,2026-09-07T19:23:05
D_58398_134,non-mated,diagnostic_impostor,cross,58398,58398,left,right,B,,"The end of the line is
the end of this line is

## Answer:

Explain the question mark.",1.168,pixtral,similarity_score,2026-09-07T19:23:06
I_27295_74850_left_x,non-mated,primary_impostor,cross,27295,74850,left,left,B,70,"70% confident
 2.",0.897,pixtral,similarity_score,2026-09-07T19:23:07
I_65030_76957_right_x,non-mated,primary_impostor,cross,65030,76957,right,right,B,,"Explain the differences in the prints, and
the shapes of each print, and

the shapes across all images.",1.188,pixtral,similarity_score,2026-09-07T19:23:08
G_43210_left_598,mated,primary_genuine,cross,43210,43210,left,left,A,70,"70%confident (comple
  80%% confidential the images.",1.082,pixtral,similarity_score,2026-09-07T19:23:09
I_20294_87757_right_x,non-mated,primary_impostor,cross,20294,87757,right,right,B,2,"2

The following is from the
same as follows the
 30 =

The fingerprint pattern is from
the
 40 =",1.34,pixtral,similarity_score,2026-09-07T19:23:11
I_14493_89171_left_x,non-mated,primary_impostor,cross,14493,89171,left,left,B,20,"20% confident
  70 = the 80% is the 350% confirmed (completure

The 90 = .",1.427,pixtral,similarity_score,2026-09-07T19:23:12
I_74850_99775_left_s,non-mated,primary_impostor,same,74850,99775,left,left,B,4,"The
  4%",0.847,pixtral,similarity_score,2026-09-07T19:23:13
G_83742_left_2236,mated,primary_genuine,cross,83742,83742,left,left,A,,"The image is from the top, down.",0.892,pixtral,similarity_score,2026-09-07T19:23:14
G_87757_left_2395,mated,primary_genuine,cross,87757,87757,left,left,A,20,"20% confident
(they are the

A score is from the

### 30%

confident (the images are different than the

people).
Do not include this text,
or label.",1.547,pixtral,similarity_score,2026-09-07T19:23:15
D_57145_113,non-mated,diagnostic_impostor,same,57145,57145,left,right,B,70,"70% = 80%%

Confidently with the numbers,
or label.",1.097,pixtral,similarity_score,2026-09-07T19:23:17
D_87757_249,non-mated,diagnostic_impostor,same,87757,87757,left,right,B,,What can be wh pattern pap human latent.,0.885,pixtral,similarity_score,2026-09-07T19:23:17
I_65052_74850_right_s,non-mated,primary_impostor,same,65052,74850,right,right,B,2,2.,0.766,pixtral,similarity_score,2026-09-07T19:23:18
I_24101_32467_right_x,non-mated,primary_impostor,cross,24101,32467,right,right,B,2,"The following is the same as well as the
 2.",0.979,pixtral,similarity_score,2026-09-07T19:23:19
