pair_id,label,category,device_pair,subject1,subject2,hand1,hand2,ground_truth,llm_answer,correct,raw_response,latency_s,model,prompting_setting,timestamp
D_43210_63,non-mated,diagnostic_impostor,cross,43210,43210,left,right,B,A,0,"No, not sure
(C) Can you please describe what is observed in this set of fingerprints?",1.304,pixtral,zero_shot,2026-09-07T17:56:29
G_58398_left_1287,mated,primary_genuine,cross,58398,58398,left,left,A,A,1,"Yes,same person
(C) No.
(1)
No answers.",0.968,pixtral,zero_shot,2026-09-07T17:56:30
G_56583_left_842,mated,primary_genuine,cross,56583,56583,left,left,A,A,1,Yes,0.697,pixtral,zero_shot,2026-09-07T17:56:31
I_14493_83742_left_s,non-mated,primary_impostor,same,14493,83742,left,left,B,A,0,"No,
different people
(C) No,
same person.
(D) No,

I am an expert in fingerprint analysis and can help you determine if they are related?",1.325,pixtral,zero_shot,2026-09-07T17:56:32
I_57145_65052_left_x,non-mated,primary_impostor,cross,57145,65052,left,left,B,A,0,"Yes, they do not match each other.",0.855,pixtral,zero_shot,2026-09-07T17:56:33
I_56583_93812_left_s,non-mated,primary_impostor,same,56583,93812,left,left,B,B,1,"No, different persons",0.765,pixtral,zero_shot,2026-09-07T17:56:34
I_24101_57145_left_s,non-mated,primary_impostor,same,24101,57145,left,left,B,B,1,"No,different people",0.761,pixtral,zero_shot,2026-09-07T17:56:35
G_83742_left_2229,mated,primary_genuine,cross,83742,83742,left,left,A,B,0,"No, it does not look like this?",0.849,pixtral,zero_shot,2026-09-07T17:56:35
G_57833_left_1183,mated,primary_genuine,same,57833,57833,left,left,A,A,1,"Yes, it is possible that there will be two prints in the fingerprints?",0.97,pixtral,zero_shot,2026-09-07T17:56:36
G_69658_left_1866,mated,primary_genuine,same,69658,69658,left,left,A,A,1,Yes,0.695,pixtral,zero_shot,2026-09-07T17:56:37
I_24101_57145_left_x,non-mated,primary_impostor,cross,24101,57145,left,left,B,A,0,Yes,0.697,pixtral,zero_shot,2026-09-07T17:56:38
G_24101_right_301,mated,primary_genuine,cross,24101,24101,right,right,A,B,0,"No, different persons",0.75,pixtral,zero_shot,2026-09-07T17:56:39
D_56583_99,non-mated,diagnostic_impostor,same,56583,56583,left,right,B,A,0,"No,Yes",0.736,pixtral,zero_shot,2026-09-07T17:56:39
G_63029_left_1482,mated,primary_genuine,same,63029,63029,left,left,A,A,1,"Certainly, they have identical fingerprints?",0.849,pixtral,zero_shot,2026-09-07T17:56:40
I_24101_87757_right_x,non-mated,primary_impostor,cross,24101,87757,right,right,B,A,0,"Yes,
(1) No.
(2) No.",0.916,pixtral,zero_shot,2026-09-07T17:56:41
G_89171_left_2506,mated,primary_genuine,cross,89171,89171,left,left,A,A,1,Yes,0.714,pixtral,zero_shot,2026-09-07T17:56:42
G_43210_left_580,mated,primary_genuine,same,43210,43210,left,left,A,A,1,Yes,0.716,pixtral,zero_shot,2026-09-07T17:56:43
I_44595_47904_left_s,non-mated,primary_impostor,same,44595,47904,left,left,B,A,0,"No, not possible
to distinguish between them.
Yes,
they can be distinguished by their unique ridge patterns and minutiae of their fingerprints.
Can you tell me more about this?

Certainly, I'd like to say that

the prints have been lifted from each other's fingerprints? Can we compare them?

I'm sure,

but they're similar enough.

Is there any way

that could indicate whether or not they're related at all?

But is it

possible",2.527,pixtral,zero_shot,2026-09-07T17:56:45
G_44595_left_742,mated,primary_genuine,same,44595,44595,left,left,A,A,1,"No, What is happening here?",0.8,pixtral,zero_shot,2026-09-07T17:56:46
I_89171_96608_right_s,non-mated,primary_impostor,same,89171,96608,right,right,B,A,0,"Yes, different persons
(C) No,
different people
(D)
No,
same person
(E) No,

What does this mean?

(1) No

Is there any particulars of interest in the fingerprints? (A) No
Is there anything special about the finger prints? (B)

Yes, something unique about the ridge patterns on the fingertips? (C) No.

Is it possible to distinguish between individuals based solely on their unique characteristics and individual variations in",2.533,pixtral,zero_shot,2026-09-07T17:56:48
G_65030_left_1658,mated,primary_genuine,cross,65030,65030,left,left,A,B,0,"No, different question",0.752,pixtral,zero_shot,2026-09-07T17:56:49
I_65030_65052_left_x,non-mated,primary_impostor,cross,65030,65052,left,left,B,A,0,"Yes, they do not have the same fingerprints?",0.888,pixtral,zero_shot,2026-09-07T17:56:50
I_20294_47904_right_x,non-mated,primary_impostor,cross,20294,47904,right,right,B,A,0,"Yes, they do",0.765,pixtral,zero_shot,2026-09-07T17:56:51
G_20294_right_224,mated,primary_genuine,same,20294,20294,right,right,A,A,1,"No,different person
(C). No,different questionmark",0.917,pixtral,zero_shot,2026-09-07T17:56:52
I_47904_58793_left_s,non-mated,primary_impostor,same,47904,58793,left,left,B,A,0,"No,
Yes.
(1)
No.
No.
(2)

Can you help me analyze that?A.
(3)

I'm sorry.
(4)

Yes.
No.

(5)

Yes.


(6)

Yes.

(7)

Yes.",1.714,pixtral,zero_shot,2026-09-07T17:56:53
D_44595_73,non-mated,diagnostic_impostor,same,44595,44595,left,right,B,INVALID,0,(1) 2.,0.783,pixtral,zero_shot,2026-09-07T17:56:54
I_56583_96608_right_x,non-mated,primary_impostor,cross,56583,96608,right,right,B,A,0,"No, there is no difference between those two hands?",0.898,pixtral,zero_shot,2026-09-07T17:56:55
D_14493_8,non-mated,diagnostic_impostor,same,14493,14493,left,right,B,A,0,"(1)
No.
(2)

A close-up ofthe Finger
(B)
No
(3).

Comment with only.
(4).
(5).",1.319,pixtral,zero_shot,2026-09-07T17:56:56
D_47904_92,non-mated,diagnostic_impostor,cross,47904,47904,left,right,B,A,0,"Yes, they have similar fingerprints?",0.829,pixtral,zero_shot,2026-09-07T17:56:57
I_32467_43210_right_s,non-mated,primary_impostor,same,32467,43210,right,right,B,B,1,"No,different people
( )",0.827,pixtral,zero_shot,2026-09-07T17:56:58
G_74850_right_2037,mated,primary_genuine,cross,74850,74850,right,right,A,A,1,Yes,0.709,pixtral,zero_shot,2026-09-07T17:56:59
I_32467_65030_right_x,non-mated,primary_impostor,cross,32467,65030,right,right,B,B,1,"No,(1) No.",0.812,pixtral,zero_shot,2026-09-07T17:57:00
G_20294_left_134,mated,primary_genuine,same,20294,20294,left,left,A,A,1,"(1)
Yes,A.",0.834,pixtral,zero_shot,2026-09-07T17:57:00
G_47904_right_832,mated,primary_genuine,cross,47904,47904,right,right,A,A,1,"Yes, they do",0.752,pixtral,zero_shot,2026-09-07T17:57:01
I_57145_89171_right_x,non-mated,primary_impostor,cross,57145,89171,right,right,B,A,0,"No,same as in (A) No
Yes
with only the letters A and B.",1.063,pixtral,zero_shot,2026-09-07T17:57:02
G_76957_left_2098,mated,primary_genuine,same,76957,76957,left,left,A,A,1,"No, different person.
(C) No,
Yes, different persons.
(D)
No, three people.
(E) No more than the letter F.
(F) No less than the number of people you're looking at.
(G) No different people.
(H) No fewer than the letters I've seen before.
(I) No difference between the numbers we have.
(J) No.
(K) No.",2.236,pixtral,zero_shot,2026-09-07T17:57:04
I_14493_20294_right_x,non-mated,primary_impostor,cross,14493,20294,right,right,B,A,0,"Here is my analysis of your question based on the given images and additional context:

The images show a close-up view of four fingers on each hand, pressed against a flat surface. The background shows part of a chair and a computer screen. I expect that these fingerprints all came from the same hand. So, they likely all belong to one person.",2.069,pixtral,zero_shot,2026-09-07T17:57:07
D_76957_225,non-mated,diagnostic_impostor,same,76957,76957,left,right,B,B,1,"No,",0.726,pixtral,zero_shot,2026-09-07T17:57:07
G_76957_left_2119,mated,primary_genuine,same,76957,76957,left,left,A,A,1,"No, it's not possible to tell just by looking at the lines and ridges on their fingertips? (A) Maybe, but do all humans have unique fingerprints that can be used to identify them?
(C) Or maybe its because they're so distinct that you could use some kind of algorithm to compare against other peoples' fingerprints in order to find out if there is a match?
(D) It might even be able to help determine if someone has been involved in a crime",2.499,pixtral,zero_shot,2026-09-07T17:57:10
D_69658_194,non-mated,diagnostic_impostor,cross,69658,69658,left,right,B,B,1,"No, it does not",0.762,pixtral,zero_shot,2026-09-07T17:57:11
G_32467_right_505,mated,primary_genuine,same,32467,32467,right,right,A,A,1,"No,different people.
(Yes)
Can you see them.
(No, black and white.
(yes)

How can I help you?

I'more than that's?",1.376,pixtral,zero_shot,2026-09-07T17:57:12
I_47904_58793_right_s,non-mated,primary_impostor,same,47904,58793,right,right,B,B,1,"No,different persons",0.757,pixtral,zero_shot,2026-09-07T17:57:13
G_74850_right_2026,mated,primary_genuine,same,74850,74850,right,right,A,B,0,Based on the given that you can see in the question?,0.915,pixtral,zero_shot,2026-09-07T17:57:14
D_89171_262,non-mated,diagnostic_impostor,cross,89171,89171,left,right,B,B,1,"No, it's not possible to be sure?",0.866,pixtral,zero_shot,2026-09-07T17:57:14
I_57833_89171_left_x,non-mated,primary_impostor,cross,57833,89171,left,left,B,A,0,"image 10

I is unique",0.834,pixtral,zero_shot,2026-09-07T17:57:15
I_74850_83742_left_s,non-mated,primary_impostor,same,74850,83742,left,left,B,A,0,"Yes,
different people",0.766,pixtral,zero_shot,2026-09-07T17:57:16
I_57833_69658_right_x,non-mated,primary_impostor,cross,57833,69658,right,right,B,B,1,"Yes, it is possible",0.776,pixtral,zero_shot,2026-09-07T17:57:17
G_74850_left_1998,mated,primary_genuine,same,74850,74850,left,left,A,A,1,"No,different people.
(1)
Yes,
same thing as well.
(2) No.
Different people.
(A) No.",1.188,pixtral,zero_shot,2026-09-07T17:57:18
D_83742_228,non-mated,diagnostic_impostor,cross,83742,83742,left,right,B,A,0,"No, not possible
(C) No,
different people

Can you tell me more about this fingerprints?",1.11,pixtral,zero_shot,2026-09-07T17:57:19
I_43210_56583_left_x,non-mated,primary_impostor,cross,43210,56583,left,left,B,A,0,Yes,0.697,pixtral,zero_shot,2026-09-07T17:57:20
G_43210_right_633,mated,primary_genuine,cross,43210,43210,right,right,A,A,1,"Yes,",0.719,pixtral,zero_shot,2026-09-07T17:57:21
I_58793_65030_left_s,non-mated,primary_impostor,same,58793,65030,left,left,B,A,0,"No
different people

As an **finger**,
(1)
Yes
same person
(2)

I'm sorry",1.19,pixtral,zero_shot,2026-09-07T17:57:22
I_57145_76957_left_s,non-mated,primary_impostor,same,57145,76957,left,left,B,A,0,"Yes,
the fingerprints of different individuals",0.843,pixtral,zero_shot,2026-09-07T17:57:23
I_14493_65030_left_x,non-mated,primary_impostor,cross,14493,65030,left,left,B,B,1,"No, not sure",0.752,pixtral,zero_shot,2026-09-07T17:57:23
G_65030_right_1681,mated,primary_genuine,same,65030,65030,right,right,A,A,1,"Yes,
(No, different person).
(No,
different person.)
(No,

Can you see it?

I'm sorry, I can't help

Is there any other way?",1.406,pixtral,zero_shot,2026-09-07T17:57:25
D_58398_142,non-mated,diagnostic_impostor,same,58398,58398,left,right,B,A,0,"Yes,The image shows a close-up of black and white photograph ofblack as for examining fingerprints tips ofthe ridge? index wh name As an expert in fingerprint examiner Can you see that this particular individual is a match?

A) Yes,
It appears to be a loop formed by convert tip fingertip print of the photo depicts a clear impression three fingers touching each other.",2.153,pixtral,zero_shot,2026-09-07T17:57:27
G_57833_right_1228,mated,primary_genuine,cross,57833,57833,right,right,A,A,1,Yes,0.7,pixtral,zero_shot,2026-09-07T17:57:28
I_43210_74850_left_s,non-mated,primary_impostor,same,43210,74850,left,left,B,A,0,"Yes, it is the same as in the picture above.
(No,different person
(C).",1.079,pixtral,zero_shot,2026-09-07T17:57:29
D_14493_9,non-mated,diagnostic_impostor,same,14493,14493,left,right,B,A,0,"Here's how you can tell them apart? You cannot, distinguish individuals based solely on their unique patterns of ridges and furrows?",1.191,pixtral,zero_shot,2026-09-07T17:57:30
I_43210_83742_right_s,non-mated,primary_impostor,same,43210,83742,right,right,B,A,0,"No,different persons
(C) No
same person.
(D) No

1. **True** |  |
||(2. **False** |

Is this finger print unique? (A) Yes,
(B) Yes.
(3. **That is correct!**

It looks like this?

Yes.
(4. **This is correct!

It appears that this?

(5. **Unique** |

It seems like this:

(6. **The following question",2.544,pixtral,zero_shot,2026-09-07T17:57:32
G_96608_left_2728,mated,primary_genuine,same,96608,96608,left,left,A,B,0,"Based on your expertise in fingerprints, can you tell if they came from the same individual?",1.044,pixtral,zero_shot,2026-09-07T17:57:33
I_57833_96608_left_x,non-mated,primary_impostor,cross,57833,96608,left,left,B,A,0,"A d Katak10

image Detail diw3 nails tips of in black and white",1.085,pixtral,zero_shot,2026-09-07T17:57:35
I_47904_63029_right_x,non-mated,primary_impostor,cross,47904,63029,right,right,B,A,0,"No,(1)
Yes,",0.809,pixtral,zero_shot,2026-09-07T17:57:35
I_65052_93812_right_x,non-mated,primary_impostor,cross,65052,93812,right,right,B,A,0,"Yes,
(1)
No votes yet.
(2)

Can you please tell me more about it?

A) No.
(3)
No.
(4)

I would like this be helpful in determining the letter
(A) No
(5)
No answers of it?
(6)

I am I'm sorry.
(7)
No
(8)

I can you please help identify me more?(9)
No.

I would.
(10)
No comments",2.532,pixtral,zero_shot,2026-09-07T17:57:38
I_44595_99775_left_s,non-mated,primary_impostor,same,44595,99775,left,left,B,B,1,"No, different persons",0.764,pixtral,zero_shot,2026-09-07T17:57:39
I_24101_32467_left_x,non-mated,primary_impostor,cross,24101,32467,left,left,B,A,0,"No, different person.
(A) No.
Yes, different question.
(A)
No, not sure
.",1.106,pixtral,zero_shot,2026-09-07T17:57:40
G_27295_right_407,mated,primary_genuine,cross,27295,27295,right,right,A,B,0,"No, different person
(C) No
different person
(D) No",0.958,pixtral,zero_shot,2026-09-07T17:57:41
I_65052_83742_left_x,non-mated,primary_impostor,cross,65052,83742,left,left,B,A,0,"I am an expert in finger print examination and comparison.

Can you tell me more about this issue?",1.065,pixtral,zero_shot,2026-09-07T17:57:42
I_58398_76957_left_x,non-mated,primary_impostor,cross,58398,76957,left,left,B,B,1,"No, different persons",0.753,pixtral,zero_shot,2026-09-07T17:57:43
G_76957_left_2097,mated,primary_genuine,cross,76957,76957,left,left,A,A,1,1 2/AFf (B) fingertips,0.889,pixtral,zero_shot,2026-09-07T17:57:43
I_58793_65052_left_s,non-mated,primary_impostor,same,58793,65052,left,left,B,A,0,"No,
Yes,same person.
(1)
No",0.907,pixtral,zero_shot,2026-09-07T17:57:44
G_27295_left_311,mated,primary_genuine,same,27295,27295,left,left,A,A,1,"As an expert in fingerprint examination, I can say that these two prints likely come from the same individual based on the similarities and differences observed in the ridge details of the patterns?

Based on the information provided, here's what I would conclude:

These two fingerprints likely came from the some individual due to the similarities in the pattern details and the variations observed in their ridge structures.",2.133,pixtral,zero_shot,2026-09-07T17:57:46
I_14493_57145_right_x,non-mated,primary_impostor,cross,14493,57145,right,right,B,A,0,"Yes, they do not match",0.802,pixtral,zero_shot,2026-09-07T17:57:47
G_87757_right_2459,mated,primary_genuine,cross,87757,87757,right,right,A,A,1,"Yes,
same line
(C) No.
No",0.868,pixtral,zero_shot,2026-09-07T17:57:48
D_93812_272,non-mated,diagnostic_impostor,cross,93812,93812,left,right,B,B,1,"No.
(C) No",0.771,pixtral,zero_shot,2026-09-07T17:57:49
G_63029_left_1497,mated,primary_genuine,cross,63029,63029,left,left,A,A,1,Yes,0.694,pixtral,zero_shot,2026-09-07T17:57:50
G_69658_right_1931,mated,primary_genuine,cross,69658,69658,right,right,A,B,0,"No, it's not possible",0.782,pixtral,zero_shot,2026-09-07T17:57:50
I_87757_99775_left_s,non-mated,primary_impostor,same,87757,99775,left,left,B,A,0,"Yes,
same person",0.765,pixtral,zero_shot,2026-09-07T17:57:51
I_93812_99775_right_s,non-mated,primary_impostor,same,93812,99775,right,right,B,A,0,"No,
(1) Can you see it?Yes, I can examine it?
(A)
No",1.07,pixtral,zero_shot,2026-09-07T17:57:52
I_43210_47904_right_x,non-mated,primary_impostor,cross,43210,47904,right,right,B,A,0,"Yes, it is the same as in the letter C",0.895,pixtral,zero_shot,2026-09-07T17:57:53
G_58398_left_1293,mated,primary_genuine,cross,58398,58398,left,left,A,A,1,"No, it's not possible to tell if they're all the same fingerprints?",0.999,pixtral,zero_shot,2026-09-07T17:57:54
I_14493_57145_left_x,non-mated,primary_impostor,cross,14493,57145,left,left,B,A,0,"Yes, they do not match exactly but there is very difficult to tell just by looking at them. You need to compare detailed ridge patterns and minutiae of their fingerprints.",1.354,pixtral,zero_shot,2026-09-07T17:57:55
G_57145_right_1072,mated,primary_genuine,same,57145,57145,right,right,A,A,1,"No,
same as the letter C",0.816,pixtral,zero_shot,2026-09-07T17:57:56
I_63029_96608_right_s,non-mated,primary_impostor,same,63029,96608,right,right,B,A,0,"No, different persons
(C) No,
different people
(D) No,

I'more than 1000 than 200

images of the fingerprints.",1.409,pixtral,zero_shot,2026-09-07T17:57:58
I_58398_69658_left_x,non-mated,primary_impostor,cross,58398,69658,left,left,B,B,1,"No, different persons",0.753,pixtral,zero_shot,2026-09-07T17:57:58
G_57145_right_1080,mated,primary_genuine,cross,57145,57145,right,right,A,B,0,"No,
different people",0.752,pixtral,zero_shot,2026-09-07T17:57:59
I_58793_65030_left_x,non-mated,primary_impostor,cross,58793,65030,left,left,B,A,0,"No.
Yes.
(1)
No.
A

In this case,(2)

## 30.

###(1).
No.
(2).

## 4.

(3).",1.451,pixtral,zero_shot,2026-09-07T17:58:01
I_57833_89171_right_x,non-mated,primary_impostor,cross,57833,89171,right,right,B,A,0,"No, it's not possible
to identify them
? (A) Can you tell me which ones
are similar enough
to be considered identical?

Yes, they can!",1.376,pixtral,zero_shot,2026-09-07T17:58:02
I_14493_32467_left_x,non-mated,primary_impostor,cross,14493,32467,left,left,B,A,0,"No, it's not possible to tell them apart?",0.894,pixtral,zero_shot,2026-09-07T17:58:03
I_44595_58398_left_s,non-mated,primary_impostor,same,44595,58398,left,left,B,A,0,"Yes,
the letters A and B",0.82,pixtral,zero_shot,2026-09-07T17:58:04
G_14493_left_18,mated,primary_genuine,cross,14493,14493,left,left,A,B,0,No,0.696,pixtral,zero_shot,2026-09-07T17:58:04
G_99775_right_2898,mated,primary_genuine,same,99775,99775,right,right,A,B,0,"Based on your expertise in fingerprint analysis, can you distinguish between these two examples?",0.987,pixtral,zero_shot,2026-09-07T17:58:05
I_27295_58398_right_x,non-mated,primary_impostor,cross,27295,58398,right,right,B,A,0,"Yes,same is it possible?",0.81,pixtral,zero_shot,2026-09-07T17:58:06
I_32467_57145_right_x,non-mated,primary_impostor,cross,32467,57145,right,right,B,B,1,"No, different person.
( )",0.814,pixtral,zero_shot,2026-09-07T17:58:07
G_20294_right_240,mated,primary_genuine,cross,20294,20294,right,right,A,A,1,"Yes,
(1)
No, different person.
(2)
No different person.",1.005,pixtral,zero_shot,2026-09-07T17:58:08
I_27295_93812_right_x,non-mated,primary_impostor,cross,27295,93812,right,right,B,A,0,"Yes,A at what you see in this resting out seated rings and wears also has a whf10 is based black and white background ofWhat can be gra fingerprint patterns ridge bar stool something.
(No)
(A)",1.556,pixtral,zero_shot,2026-09-07T17:58:10
D_69658_195,non-mated,diagnostic_impostor,cross,69658,69658,left,right,B,B,1,"No,different people
with only the letters",0.845,pixtral,zero_shot,2026-09-07T17:58:10
I_14493_89171_right_s,non-mated,primary_impostor,same,14493,89171,right,right,B,A,0,"As an **expert in fingerprint examination**, I can confidently determine this?

Based on my experience and knowledge of fingerprints, I'd say there's very likely. Here's why:

Fingerprints are unique to each individual, like snowflakes in a blizzard. They change over time and with age. But despite variations, consistent patterns make identification reliable.

Forensic analysis uses algorithms and statistics,
To match, compare and contrast, lifting prints' uniqueness.",2.512,pixtral,zero_shot,2026-09-07T17:58:13
D_69658_199,non-mated,diagnostic_impostor,same,69658,69658,left,right,B,B,1,"(1)
No
(B)

Yes
No
(2)
No

## (B)
No",1.073,pixtral,zero_shot,2026-09-07T17:58:14
I_47904_58398_left_x,non-mated,primary_impostor,cross,47904,58398,left,left,B,A,0,Yes,0.694,pixtral,zero_shot,2026-09-07T17:58:15
I_65052_69658_left_x,non-mated,primary_impostor,cross,65052,69658,left,left,B,A,0,"Yes, they do not match",0.792,pixtral,zero_shot,2026-09-07T17:58:16
D_58398_133,non-mated,diagnostic_impostor,cross,58398,58398,left,right,B,A,0,"Here is my analysis of your question:

Fingerprints can be used to identify individual people. But not all fingerprints are unique. So, we need additional information about each person's identity.

Like their age, gender, or race?

Or perhaps just skin color?

Yes, they could help us know more.

About this person's features.

So, let me analyze further:

Could it be related to criminal activity?

No, because every print has unique ridge patterns.

But ridges",2.516,pixtral,zero_shot,2026-09-07T17:58:18
I_14493_24101_right_s,non-mated,primary_impostor,same,14493,24101,right,right,B,A,0,I can determine if two fingerprints came from the same individual?,0.948,pixtral,zero_shot,2026-09-07T17:58:19
G_56583_left_888,mated,primary_genuine,same,56583,56583,left,left,A,INVALID,0,10,0.699,pixtral,zero_shot,2026-09-07T17:58:20
I_83742_87757_left_x,non-mated,primary_impostor,cross,83742,87757,left,left,B,A,0,Yes,0.698,pixtral,zero_shot,2026-09-07T17:58:20
D_47904_90,non-mated,diagnostic_impostor,same,47904,47904,left,right,B,A,0,"Yes, that is the letter",0.777,pixtral,zero_shot,2026-09-07T17:58:21
I_69658_76957_left_s,non-mated,primary_impostor,same,69658,76957,left,left,B,A,0,"Yes,
same person",0.767,pixtral,zero_shot,2026-09-07T17:58:22
G_24101_left_296,mated,primary_genuine,same,24101,24101,left,left,A,B,0,No.,0.703,pixtral,zero_shot,2026-09-07T17:58:23
I_20294_32467_right_x,non-mated,primary_impostor,cross,20294,32467,right,right,B,A,0,"No, different individuals",0.758,pixtral,zero_shot,2026-09-07T17:58:23
D_63029_160,non-mated,diagnostic_impostor,same,63029,63029,left,right,B,B,1,"No,different people",0.737,pixtral,zero_shot,2026-09-07T17:58:24
I_57145_57833_left_x,non-mated,primary_impostor,cross,57145,57833,left,left,B,A,0,"Yes, they do not correspond to each other",0.853,pixtral,zero_shot,2026-09-07T17:58:25
G_96608_left_2701,mated,primary_genuine,same,96608,96608,left,left,A,A,1,"Yes,
the fingerprints of both persons match exactly?",0.897,pixtral,zero_shot,2026-09-07T17:58:26
I_14493_32467_right_s,non-mated,primary_impostor,same,14493,32467,right,right,B,B,1,"No,different people.
( )",0.829,pixtral,zero_shot,2026-09-07T17:58:27
G_69658_right_1939,mated,primary_genuine,same,69658,69658,right,right,A,INVALID,0,,0.66,pixtral,zero_shot,2026-09-07T17:58:27
I_58793_63029_right_s,non-mated,primary_impostor,same,58793,63029,right,right,B,A,0,"As an **expert in fingerprints**, I can tell you:

Fingerprint comparison is about matching parts per minute details. Here's what I see:

1. **distinct features** between A and B:
   - Both have ridge ending at top right,
   - And both have core area around bottom left,
   ...",1.991,pixtral,zero_shot,2026-09-07T17:58:29
I_44595_96608_right_x,non-mated,primary_impostor,cross,44595,96608,right,right,B,B,1,"No,different persons",0.751,pixtral,zero_shot,2026-09-07T17:58:30
I_44595_87757_left_s,non-mated,primary_impostor,same,44595,87757,left,left,B,A,0,"No,I can't distinguish between them by examining their unique characteristics and ridge patterns of minutureIs it's individuality?",1.177,pixtral,zero_shot,2026-09-07T17:58:31
D_87757_240,non-mated,diagnostic_impostor,cross,87757,87757,left,right,B,A,0,"Yes,",0.718,pixtral,zero_shot,2026-09-07T17:58:32
G_20294_left_195,mated,primary_genuine,same,20294,20294,left,left,A,INVALID,0,(,0.681,pixtral,zero_shot,2026-09-07T17:58:33
G_27295_left_309,mated,primary_genuine,same,27295,27295,left,left,A,B,0,"No,
different people",0.76,pixtral,zero_shot,2026-09-07T17:58:33
D_24101_32,non-mated,diagnostic_impostor,same,24101,24101,left,right,B,A,0,"No,different people
(1)
Yes,
(2)

# What is this?

I am not sure

This is what I see?(3)

## 4

### 5

#### This is how many of them?

##### 6

###### This is what you say?

(7)

### 8

#### 9

##### 0

###### That's why do we have?

(10### 10

#### ?

(2)
Yes",2.508,pixtral,zero_shot,2026-09-07T17:58:36
G_76957_right_2160,mated,primary_genuine,cross,76957,76957,right,right,A,A,1,"No, different person.
(C)
Yes,with only the letters A and B.
(1) No.
(2) No.",1.197,pixtral,zero_shot,2026-09-07T17:58:37
G_14493_left_57,mated,primary_genuine,same,14493,14493,left,left,A,A,1,"(1)
No
(B)

A) 20

##(1) 3.",1.048,pixtral,zero_shot,2026-09-07T17:58:38
I_43210_56583_right_x,non-mated,primary_impostor,cross,43210,56583,right,right,B,A,0,Yes,0.698,pixtral,zero_shot,2026-09-07T17:58:39
I_65052_76957_right_s,non-mated,primary_impostor,same,65052,76957,right,right,B,A,0,"No,
with another person?

(C) No.
with yet another person?",0.981,pixtral,zero_shot,2026-09-07T17:58:40
I_57833_58398_left_x,non-mated,primary_impostor,cross,57833,58398,left,left,B,A,0,A 1.,0.754,pixtral,zero_shot,2026-09-07T17:58:41
G_83742_left_2253,mated,primary_genuine,same,83742,83742,left,left,A,A,1,A 10,0.74,pixtral,zero_shot,2026-09-07T17:58:41
D_20294_20,non-mated,diagnostic_impostor,same,20294,20294,left,right,B,B,1,"(2)
No
(3)",0.819,pixtral,zero_shot,2026-09-07T17:58:42
I_89171_99775_right_x,non-mated,primary_impostor,cross,89171,99775,right,right,B,A,0,"No, different person.
(1)
Yes, that's unique pattern of ridges and valleys in the fingerprints.
(A) No.
No,different person.
(B)
No,不同 person.
(C) No.",1.512,pixtral,zero_shot,2026-09-07T17:58:44
D_89171_258,non-mated,diagnostic_impostor,cross,89171,89171,left,right,B,A,0,"No,different people
(1)
Yes,same as the letter
(A)No,Different people
(B)

## 2

### 3.",1.291,pixtral,zero_shot,2026-09-07T17:58:45
I_47904_58793_right_x,non-mated,primary_impostor,cross,47904,58793,right,right,B,A,0,"No,different person
(A) No
No
with only the letters A or C",1.025,pixtral,zero_shot,2026-09-07T17:58:46
I_47904_63029_left_s,non-mated,primary_impostor,same,47904,63029,left,left,B,B,1,"No, different persons",0.765,pixtral,zero_shot,2026-09-07T17:58:47
I_63029_93812_right_x,non-mated,primary_impostor,cross,63029,93812,right,right,B,A,0,"Yes,
(1) Yes.
(2) Yes.",0.909,pixtral,zero_shot,2026-09-07T17:58:48
G_58398_right_1356,mated,primary_genuine,same,58398,58398,right,right,A,A,1,"Yes,with the letter C)
(1) No.
Submitted 2045.136.17.18.19.10.110.
No.
(1)

Can you please provide more details about this line? (A) No.",1.822,pixtral,zero_shot,2026-09-07T17:58:50
G_93812_left_2619,mated,primary_genuine,cross,93812,93812,left,left,A,B,0,"No,(",0.731,pixtral,zero_shot,2026-09-07T17:58:50
G_57833_left_1150,mated,primary_genuine,same,57833,57833,left,left,A,A,1,A) No,0.736,pixtral,zero_shot,2026-09-07T17:58:51
G_57833_left_1152,mated,primary_genuine,cross,57833,57833,left,left,A,A,1,Yes,0.692,pixtral,zero_shot,2026-09-07T17:58:52
I_47904_69658_left_x,non-mated,primary_impostor,cross,47904,69658,left,left,B,A,0,"No, it was my question in natural language processing...
        1.",0.965,pixtral,zero_shot,2026-09-07T17:58:53
G_47904_right_834,mated,primary_genuine,same,47904,47904,right,right,A,A,1,"No, it is not possible to identify this particular pattern?",0.897,pixtral,zero_shot,2026-09-07T17:58:54
G_58398_right_1352,mated,primary_genuine,cross,58398,58398,right,right,A,A,1,"Yes, they do look alike.",0.804,pixtral,zero_shot,2026-09-07T17:58:54
G_14493_right_114,mated,primary_genuine,cross,14493,14493,right,right,A,A,1,Yes,0.685,pixtral,zero_shot,2026-09-07T17:58:55
G_65030_right_1685,mated,primary_genuine,cross,65030,65030,right,right,A,A,1,"No,Yes,10

In this case,
(2)No, it's not possible.
(3)
No, there is no
(4)

Finger.
(5)

In this context of
(6).

In this particular case.
(7).
No,(8).",1.837,pixtral,zero_shot,2026-09-07T17:58:57
I_65052_96608_left_x,non-mated,primary_impostor,cross,65052,96608,left,left,B,A,0,"Yes, it is the same fingerprints as in the question?",0.929,pixtral,zero_shot,2026-09-07T17:58:58
I_43210_57833_right_x,non-mated,primary_impostor,cross,43210,57833,right,right,B,B,1,"No, not possible",0.752,pixtral,zero_shot,2026-09-07T17:58:59
G_93812_left_2587,mated,primary_genuine,same,93812,93812,left,left,A,B,0,"No,different persons",0.762,pixtral,zero_shot,2026-09-07T17:58:59
G_14493_right_89,mated,primary_genuine,same,14493,14493,right,right,A,A,1,"As an **expert in fingerpint examiner**, I can confidently determine whether these two sets of fingprints:

**(A) come from the same hand?

**(B) or from different hands?",1.477,pixtral,zero_shot,2026-09-07T17:59:01
G_99775_right_2920,mated,primary_genuine,cross,99775,99775,right,right,A,B,0,"No,different people",0.755,pixtral,zero_shot,2026-09-07T17:59:02
G_87757_left_2372,mated,primary_genuine,cross,87757,87757,left,left,A,B,0,"Yes, it is possible",0.78,pixtral,zero_shot,2026-09-07T17:59:02
I_44595_58793_left_x,non-mated,primary_impostor,cross,44595,58793,left,left,B,A,0,"Yes, they could be from different individuals.",0.848,pixtral,zero_shot,2026-09-07T17:59:03
I_20294_58398_left_s,non-mated,primary_impostor,same,20294,58398,left,left,B,B,1,"Based on the information provided, I would lean towards concluding that these two fingerprints come from one person or different people?",1.163,pixtral,zero_shot,2026-09-07T17:59:04
G_65030_right_1699,mated,primary_genuine,cross,65030,65030,right,right,A,B,0,"No, different person.
( )",0.81,pixtral,zero_shot,2026-09-07T17:59:05
G_87757_right_2442,mated,primary_genuine,same,87757,87757,right,right,A,A,1,"Yes,
the same thing",0.782,pixtral,zero_shot,2026-09-07T17:59:06
I_93812_96608_left_s,non-mated,primary_impostor,same,93812,96608,left,left,B,A,0,Certainly not be distinguished by visual inspection alone?,0.885,pixtral,zero_shot,2026-09-07T17:59:07
G_69658_left_1873,mated,primary_genuine,cross,69658,69658,left,left,A,A,1,"No, it's not possible to identify this particular type of fingerprints?",0.963,pixtral,zero_shot,2026-09-07T17:59:08
G_76957_left_2114,mated,primary_genuine,cross,76957,76957,left,left,A,A,1,"It appears that you wish to determine whether two black and white images show the same pattern of ridges on four particular fingers?

Yes, they do",1.209,pixtral,zero_shot,2026-09-07T17:59:09
G_65030_right_1705,mated,primary_genuine,cross,65030,65030,right,right,A,A,1,"No, it's not possible
to have the same thing as in (A)
Yes, they do look like this:
(AB)",1.209,pixtral,zero_shot,2026-09-07T17:59:10
G_96608_left_2741,mated,primary_genuine,cross,96608,96608,left,left,A,A,1,"Here is my explanation.

I am examining fingerprints using a magnifying glass plate and a black background. The fingerprints are clearly visible in the image.",1.27,pixtral,zero_shot,2026-09-07T17:59:11
G_20294_left_137,mated,primary_genuine,cross,20294,20294,left,left,A,A,1,"No, they do not necessarily have identical fingerprints?",0.905,pixtral,zero_shot,2026-09-07T17:59:12
I_32467_57145_left_x,non-mated,primary_impostor,cross,32467,57145,left,left,B,A,0,"Yes, I can see that this is not possible.
(1)
No, it does not look like this.
(2)
No.",1.235,pixtral,zero_shot,2026-09-07T17:59:14
G_65030_left_1671,mated,primary_genuine,same,65030,65030,left,left,A,A,1,"(1)
No
(
(B)

In this case you can't be used to compare
(B)
No.
(1)",1.172,pixtral,zero_shot,2026-09-07T17:59:15
G_65052_left_1738,mated,primary_genuine,same,65052,65052,left,left,A,A,1,"Yes,
same person",0.76,pixtral,zero_shot,2026-09-07T17:59:16
D_76957_223,non-mated,diagnostic_impostor,same,76957,76957,left,right,B,A,0,"No, it was not possible to answer this question.
```Yes",0.917,pixtral,zero_shot,2026-09-07T17:59:16
G_63029_right_1584,mated,primary_genuine,cross,63029,63029,right,right,A,A,1,"Yes,
the fingerprints of both hands look similar?",0.893,pixtral,zero_shot,2026-09-07T17:59:17
I_43210_83742_left_s,non-mated,primary_impostor,same,43210,83742,left,left,B,B,1,"No, different person.
(",0.807,pixtral,zero_shot,2026-09-07T17:59:18
G_27295_left_355,mated,primary_genuine,same,27295,27295,left,left,A,A,1,"Yes, they do look alike",0.781,pixtral,zero_shot,2026-09-07T17:59:19
G_83742_left_2224,mated,primary_genuine,same,83742,83742,left,left,A,A,1,"Yes, they can be distinguished based on their unique ridge patterns and minutiae of fingerprints?",1.051,pixtral,zero_shot,2026-09-07T17:59:20
I_58398_58793_left_s,non-mated,primary_impostor,same,58398,58793,left,left,B,A,0,"No,different people

###(1)
Yes,
same person.
(C)

I am an expert in fingerprint examination and comparison process of latent fingerprints.
(2)
No.
Different people

Can you see the similarities between them.
(3)
No.

Is there any similarity?

(4)
No.


+++++There is no difference between them.

(5)
No.",2.143,pixtral,zero_shot,2026-09-07T17:59:22
I_57145_63029_left_x,non-mated,primary_impostor,cross,57145,63029,left,left,B,A,0,"No, it's not possible to tell if they come from the same individual?",0.994,pixtral,zero_shot,2026-09-07T17:59:23
G_57833_right_1237,mated,primary_genuine,cross,57833,57833,right,right,A,A,1,"Surely, we can say that these two letters represent the same individual?",0.96,pixtral,zero_shot,2026-09-07T17:59:24
I_57833_96608_left_s,non-mated,primary_impostor,same,57833,96608,left,left,B,A,0,"Yes,same person",0.77,pixtral,zero_shot,2026-09-07T17:59:25
D_99775_293,non-mated,diagnostic_impostor,same,99775,99775,left,right,B,A,0,"No, different person

I am looking at some kind of fingerprints that i have never seen before?

Can you tell me what this is?

Yes, it is a picture of a finger print.

So, can we see how many ridges and valleys there are on a persons finger?

And, can you see all those lines and whorls on a person's finger?

Is this a ridge?

Or, is this a valley?

And so, can be?

This is a",2.503,pixtral,zero_shot,2026-09-07T17:59:27
G_43210_left_600,mated,primary_genuine,cross,43210,43210,left,left,A,A,1,Yes,0.689,pixtral,zero_shot,2026-09-07T17:59:28
I_44595_74850_left_s,non-mated,primary_impostor,same,44595,74850,left,left,B,A,0,"Yes,
the fingerprints of both hands look similar?

I need to compare them?",1.022,pixtral,zero_shot,2026-09-07T17:59:29
G_56583_right_894,mated,primary_genuine,cross,56583,56583,right,right,A,B,0,"No, it's not possible",0.797,pixtral,zero_shot,2026-09-07T17:59:30
I_43210_93812_left_x,non-mated,primary_impostor,cross,43210,93812,left,left,B,A,0,"No.
(1) No.
A

Can you please tell me more about this question?

Yes.
(2) No.

A

Yes.
(A) No.",1.34,pixtral,zero_shot,2026-09-07T17:59:31
G_87757_right_2434,mated,primary_genuine,same,87757,87757,right,right,A,A,1,Yes,0.705,pixtral,zero_shot,2026-09-07T17:59:32
G_87757_left_2379,mated,primary_genuine,cross,87757,87757,left,left,A,A,1,"Yes, they have similar fingerprints",0.816,pixtral,zero_shot,2026-09-07T17:59:33
I_24101_83742_left_s,non-mated,primary_impostor,same,24101,83742,left,left,B,B,1,"No,different people",0.764,pixtral,zero_shot,2026-09-07T17:59:33
D_63029_163,non-mated,diagnostic_impostor,same,63029,63029,left,right,B,A,0,"Yes,
(No,different people
(C)
No, different
people

Can you see that they are
the same?

(A) No,
different
people
(C)

Is there any way
to tell them apart
from each other?

(A)
No,
different",1.765,pixtral,zero_shot,2026-09-07T17:59:35
I_27295_76957_left_s,non-mated,primary_impostor,same,27295,76957,left,left,B,A,0,"Yes, they can be used to identify whether or not the fingerprints of different individuals.",1.042,pixtral,zero_shot,2026-09-07T17:59:36
D_58793_153,non-mated,diagnostic_impostor,cross,58793,58793,left,right,B,A,0,Yes,0.698,pixtral,zero_shot,2026-09-07T17:59:37
G_93812_left_2637,mated,primary_genuine,same,93812,93812,left,left,A,A,1,"No, different person.
(1)
Yes, same thing",0.92,pixtral,zero_shot,2026-09-07T17:59:38
D_65052_180,non-mated,diagnostic_impostor,same,65052,65052,left,right,B,A,0,"No, different person.
(It is not possible that you can see it in black and white.
Yes, same thing.
I am sorry.
(B)
No, no more people.
(Is there any difference between the first finger and second finger and third finger and fourth finger.
(There is not much of a difference between each other.
(C)
No,
different between the fifth finger and sixth finger.
(I)No,no, different between the seventh finger and eighth finger.",2.544,pixtral,zero_shot,2026-09-07T17:59:40
I_24101_56583_left_s,non-mated,primary_impostor,same,24101,56583,left,left,B,B,1,"No, different persons",0.775,pixtral,zero_shot,2026-09-07T17:59:41
G_24101_left_292,mated,primary_genuine,cross,24101,24101,left,left,A,A,1,"No.
(1)
A close-up black and white background of three fingers.",0.997,pixtral,zero_shot,2026-09-07T17:59:42
I_58793_93812_right_x,non-mated,primary_impostor,cross,58793,93812,right,right,B,A,0,"Yes,
(1)
-No,(1)

Certainly, those fingerprints have unique features of
(A) No.
(1), No,(2)

In this context:

A black and white photograph showing three interlocked hands clasped palm up against each other's fingertips.",1.814,pixtral,zero_shot,2026-09-07T17:59:44
I_57145_76957_left_x,non-mated,primary_impostor,cross,57145,76957,left,left,B,B,1,"No, different persons",0.765,pixtral,zero_shot,2026-09-07T17:59:45
I_65052_83742_right_s,non-mated,primary_impostor,same,65052,83742,right,right,B,A,0,"No.
(1)
Yes
same person.
(B)

### 2. No.
(C)

Yes
with only the letters A or C).
(1)

### What is the letter?

(A)
No.
(B)
No.

### 3. No
with any of the letters?(A)
(1).

### 4. No.

### What does that mean?

(A)

### How can I help you?

(A) No.
(B)",2.465,pixtral,zero_shot,2026-09-07T17:59:47
D_20294_18,non-mated,diagnostic_impostor,cross,20294,20294,left,right,B,A,0,"Can you tell me more about this question?Yes,
(1)
No, different person.
(A) No
B
(B)
No.",1.245,pixtral,zero_shot,2026-09-07T17:59:49
D_58793_150,non-mated,diagnostic_impostor,cross,58793,58793,left,right,B,A,0,"As an **expert in fingerprint examination**, I can confirm that these two sets of fingerprints indeed come from the same individual? Let's analyze them together and see if they match.

Here are the black-and-white photos:

[Fingerprint images.]

The first photo shows all four fingertips of one hand, pressed against a flat surface— perhaps glass or maybe metal.

In the second image, we again see four closeup'd fingers. They seem to be in contact with some",2.531,pixtral,zero_shot,2026-09-07T17:59:51
G_63029_left_1517,mated,primary_genuine,cross,63029,63029,left,left,A,A,1,Yes,0.704,pixtral,zero_shot,2026-09-07T17:59:52
I_65030_87757_left_x,non-mated,primary_impostor,cross,65030,87757,left,left,B,A,0,"Yes,
(1) Can you tell me if this is a match?",0.976,pixtral,zero_shot,2026-09-07T17:59:53
I_20294_57833_left_x,non-mated,primary_impostor,cross,20294,57833,left,left,B,A,0,"Yes,
the letters A and B
are different people?",0.927,pixtral,zero_shot,2026-09-07T17:59:54
I_65030_74850_right_x,non-mated,primary_impostor,cross,65030,74850,right,right,B,A,0,"Yes,
the letters A and B together represent the same individual?",0.931,pixtral,zero_shot,2026-09-07T17:59:55
D_57145_108,non-mated,diagnostic_impostor,same,57145,57145,left,right,B,B,1,"No,different people",0.771,pixtral,zero_shot,2026-09-07T17:59:55
G_65030_left_1676,mated,primary_genuine,same,65030,65030,left,left,A,A,1,Yes,0.684,pixtral,zero_shot,2026-09-07T17:59:56
D_93812_269,non-mated,diagnostic_impostor,same,93812,93812,left,right,B,INVALID,0,201 3/(1 4.,0.88,pixtral,zero_shot,2026-09-07T17:59:57
I_74850_83742_right_x,non-mated,primary_impostor,cross,74850,83742,right,right,B,B,1,No. 10.,0.803,pixtral,zero_shot,2026-09-07T17:59:58
G_93812_left_2625,mated,primary_genuine,cross,93812,93812,left,left,A,B,0,"No, different person",0.748,pixtral,zero_shot,2026-09-07T17:59:58
I_20294_56583_left_x,non-mated,primary_impostor,cross,20294,56583,left,left,B,A,0,"Yes,
the fingerprints in (A) and (B) look alike?",1.002,pixtral,zero_shot,2026-09-07T17:59:59
I_87757_89171_left_s,non-mated,primary_impostor,same,87757,89171,left,left,B,A,0,"No,different individuals",0.771,pixtral,zero_shot,2026-09-07T18:00:00
D_56583_104,non-mated,diagnostic_impostor,same,56583,56583,left,right,B,A,0,"No, different question
(1)
Yes, it is possible that you can see in the picture?",1.081,pixtral,zero_shot,2026-09-07T18:00:01
I_44595_76957_left_s,non-mated,primary_impostor,same,44595,76957,left,left,B,A,0,Yes,0.711,pixtral,zero_shot,2026-09-07T18:00:02
I_63029_93812_right_s,non-mated,primary_impostor,same,63029,93812,right,right,B,A,0,"No, different letters in the word A.Yes,
same as the letter C.
(No,different people

Can you help me analyze this question?

I am looking at the picture of the fingerprints and determine if they are similar or not?No,the same thing.

Is it the letter D.",1.904,pixtral,zero_shot,2026-09-07T18:00:04
I_47904_63029_right_s,non-mated,primary_impostor,same,47904,63029,right,right,B,A,0,"Yes,same person",0.777,pixtral,zero_shot,2026-09-07T18:00:05
I_56583_87757_left_x,non-mated,primary_impostor,cross,56583,87757,left,left,B,A,0,"Yes,
(1)
No, I am an expert in fingerprint examination of fingerprints.
(A) No.
No.
I can see that they are identical?",1.32,pixtral,zero_shot,2026-09-07T18:00:06
G_76957_right_2173,mated,primary_genuine,cross,76957,76957,right,right,A,A,1,"No, they do not have the same fingerprints.",0.885,pixtral,zero_shot,2026-09-07T18:00:07
G_87757_right_2424,mated,primary_genuine,same,87757,87757,right,right,A,A,1,"No, they don't have the same fingerprints.",0.912,pixtral,zero_shot,2026-09-07T18:00:08
D_65052_187,non-mated,diagnostic_impostor,same,65052,65052,left,right,B,A,0,"No,
(1)
Yes,same as well as it is
the same person.
(B) Yes
with only the letters in front of me
one fingerprint.
(2)
No
different person.
(C) No
with the letter E.
(3)
Yes
as it is",1.854,pixtral,zero_shot,2026-09-07T18:00:10
D_47904_94,non-mated,diagnostic_impostor,cross,47904,47904,left,right,B,A,0,"Yes,
(1)
No.
(2)

Can you help me identify this as a possible finger?A)
(3)
No,I can't be used for identification purposes such as a tool for forensic examination of a specific individual's unique characteristics and features that distinguish them from each other?

(A) No.
(4)

Maybe it is related to some kind of information about the individual's identity card?

(A)
No.

(5)

It could also be useful in determining",2.526,pixtral,zero_shot,2026-09-07T18:00:12
D_87757_248,non-mated,diagnostic_impostor,same,87757,87757,left,right,B,A,0,"Yes,
(1)
No, it is not possible that you can see in the picture?

A

Yes,
it does look like this?",1.239,pixtral,zero_shot,2026-09-07T18:00:13
I_27295_44595_left_x,non-mated,primary_impostor,cross,27295,44595,left,left,B,A,0,"Yes, they could be used as evidence in a criminal investigation?",0.937,pixtral,zero_shot,2026-09-07T18:00:14
I_58398_76957_right_s,non-mated,primary_impostor,same,58398,76957,right,right,B,A,0,"No, different hands in the image.",0.846,pixtral,zero_shot,2026-09-07T18:00:15
G_99775_left_2887,mated,primary_genuine,same,99775,99775,left,left,A,B,0,"No, it is not possible",0.784,pixtral,zero_shot,2026-09-07T18:00:16
D_27295_47,non-mated,diagnostic_impostor,same,27295,27295,left,right,B,A,0,"No, it's the same thing",0.832,pixtral,zero_shot,2026-09-07T18:00:17
I_74850_87757_left_s,non-mated,primary_impostor,same,74850,87757,left,left,B,A,0,Yes,0.712,pixtral,zero_shot,2026-09-07T18:00:18
G_24101_left_297,mated,primary_genuine,same,24101,24101,left,left,A,B,0,"No, different question",0.746,pixtral,zero_shot,2026-09-07T18:00:18
D_65052_185,non-mated,diagnostic_impostor,cross,65052,65052,left,right,B,A,0,"No, I can see individual points and examine fingerprints inIn forensic science of comparing latent images, it is possible that they are the same thing as black and white.
Yes,
same person
(C) No.
(1)
No.
(2)
No answers:
(3)
No answer:

Fingerprint patterns on each fingertip look like this unique pattern?",2.113,pixtral,zero_shot,2026-09-07T18:00:20
D_69658_198,non-mated,diagnostic_impostor,cross,69658,69658,left,right,B,B,1,"No, different persons",0.759,pixtral,zero_shot,2026-09-07T18:00:21
D_63029_162,non-mated,diagnostic_impostor,cross,63029,63029,left,right,B,B,1,"No, it's not possible to tell who this person is?",0.929,pixtral,zero_shot,2026-09-07T18:00:22
D_27295_46,non-mated,diagnostic_impostor,cross,27295,27295,left,right,B,A,0,"No.
(1)
Comment with only 2.
(B)

In this black and white photo offinger with only
the letter
(A)
No.
No.
(B)
No comments left
with only 3.
(B)",1.588,pixtral,zero_shot,2026-09-07T18:00:24
I_56583_58793_right_x,non-mated,primary_impostor,cross,56583,58793,right,right,B,A,0,Yes,0.701,pixtral,zero_shot,2026-09-07T18:00:24
D_63029_159,non-mated,diagnostic_impostor,cross,63029,63029,left,right,B,A,0,"No,different
(Yes)
(1)
No
Different
(2)

Can you see that I am an expert infinger?A
(3)
No.
(4)

I can't be used for identification?

(5)
No,
(6)

I'might?
(A)
No).
(7)

I hope this is?

(8)
No,(9)

I.might?
(I)
No!
(10).

I can’t be used",2.525,pixtral,zero_shot,2026-09-07T18:00:27
G_69658_left_1887,mated,primary_genuine,cross,69658,69658,left,left,A,A,1,"No, it would be the same as in the question?",0.907,pixtral,zero_shot,2026-09-07T18:00:28
I_76957_89171_right_x,non-mated,primary_impostor,cross,76957,89171,right,right,B,A,0,"No, it's not possible to be sure that they all have the same ridge pattern?

(C) Not necessarily",1.106,pixtral,zero_shot,2026-09-07T18:00:29
G_83742_left_2214,mated,primary_genuine,same,83742,83742,left,left,A,A,1,"Yes, it is possible that there was a mistake of A)
No, it's possible that (B) No.
(1) No.",1.25,pixtral,zero_shot,2026-09-07T18:00:30
D_89171_257,non-mated,diagnostic_impostor,same,89171,89171,left,right,B,A,0,Yes,0.686,pixtral,zero_shot,2026-09-07T18:00:31
I_83742_87757_right_s,non-mated,primary_impostor,same,83742,87757,right,right,B,A,0,"No,different people
with only the letters A and  B.
(C) No.
Yes,same person.
(With only the word D.
(D)
No.
Yes",1.365,pixtral,zero_shot,2026-09-07T18:00:32
D_57833_126,non-mated,diagnostic_impostor,cross,57833,57833,left,right,B,A,0,"Yes, they do not have the same fingerprints.",0.883,pixtral,zero_shot,2026-09-07T18:00:33
I_27295_89171_left_x,non-mated,primary_impostor,cross,27295,89171,left,left,B,A,0,"No, not exactly",0.754,pixtral,zero_shot,2026-09-07T18:00:34
I_47904_57145_right_x,non-mated,primary_impostor,cross,47904,57145,right,right,B,B,1,"No, different persons",0.753,pixtral,zero_shot,2026-09-07T18:00:35
G_27295_right_373,mated,primary_genuine,same,27295,27295,right,right,A,A,1,"Yes, could you please help me as individual fingerprints pressing down.
(1)
No.
(A) No.
(2)

In order to examine and compare minut

###(3)
Yes",1.453,pixtral,zero_shot,2026-09-07T18:00:36
D_57145_118,non-mated,diagnostic_impostor,same,57145,57145,left,right,B,A,0,(1/Can fingerprints pointing identifying How can you tell individual ridge cross a as an expert latent?,1.072,pixtral,zero_shot,2026-09-07T18:00:37
G_47904_right_828,mated,primary_genuine,cross,47904,47904,right,right,A,A,1,No answer.,0.731,pixtral,zero_shot,2026-09-07T18:00:38
I_57833_76957_left_x,non-mated,primary_impostor,cross,57833,76957,left,left,B,A,0,"Yes,(B black and white background.",0.852,pixtral,zero_shot,2026-09-07T18:00:39
I_57833_69658_left_s,non-mated,primary_impostor,same,57833,69658,left,left,B,A,0,"Yes,same",0.741,pixtral,zero_shot,2026-09-07T18:00:39
G_63029_right_1565,mated,primary_genuine,cross,63029,63029,right,right,A,B,0,"No,different people",0.752,pixtral,zero_shot,2026-09-07T18:00:40
G_89171_left_2498,mated,primary_genuine,same,89171,89171,left,left,A,A,1,"No, not sure which fingerprints would match?",0.879,pixtral,zero_shot,2026-09-07T18:00:41
G_24101_left_295,mated,primary_genuine,same,24101,24101,left,left,A,B,0,"No, different",0.722,pixtral,zero_shot,2026-09-07T18:00:42
G_43210_left_591,mated,primary_genuine,cross,43210,43210,left,left,A,A,1,"Yes, they do not necessarily match each other?",0.86,pixtral,zero_shot,2026-09-07T18:00:43
G_56583_left_856,mated,primary_genuine,cross,56583,56583,left,left,A,B,0,"No, not so different persons",0.797,pixtral,zero_shot,2026-09-07T18:00:43
I_32467_56583_left_s,non-mated,primary_impostor,same,32467,56583,left,left,B,A,0,"Yes, different person
(C).",0.833,pixtral,zero_shot,2026-09-07T18:00:44
G_93812_left_2630,mated,primary_genuine,cross,93812,93812,left,left,A,B,0,"No, different person",0.752,pixtral,zero_shot,2026-09-07T18:00:45
G_58793_right_1464,mated,primary_genuine,same,58793,58793,right,right,A,B,0,"No, different persons",0.75,pixtral,zero_shot,2026-09-07T18:00:46
I_69658_96608_right_s,non-mated,primary_impostor,same,69658,96608,right,right,B,A,0,"No, different persons
(C) No,
different people
(D) No,

What is the question?

(Yes,same person
(E) No

Is this correct?",1.412,pixtral,zero_shot,2026-09-07T18:00:47
G_47904_left_819,mated,primary_genuine,same,47904,47904,left,left,A,B,0,"No,different people",0.772,pixtral,zero_shot,2026-09-07T18:00:48
I_65030_93812_right_x,non-mated,primary_impostor,cross,65030,93812,right,right,B,A,0,"Yes,
(1)
No, it is possible that this individual has unique ridge patterns and details of their fingerprints.
(A) No.
(2)
No.
(3)
The pattern does not match exactly between the reference as there are similar in terms of ridge patterns on each other's fingertips.
(A)
No
(4)
It appears so distinct.
(5)
Can you compare them side and right-handedness.
(A)

Based on series identical.
(6)",2.596,pixtral,zero_shot,2026-09-07T18:00:51
G_93812_right_2682,mated,primary_genuine,cross,93812,93812,right,right,A,A,1,"Yes,
(1) I am an expert in fingerpint examination and can determine if they are identical?A)
No, not exactly",1.248,pixtral,zero_shot,2026-09-07T18:00:52
G_58398_left_1300,mated,primary_genuine,same,58398,58398,left,left,A,A,1,"Yes,
(1) Can you tell me more about this question?",0.953,pixtral,zero_shot,2026-09-07T18:00:53
G_93812_right_2669,mated,primary_genuine,same,93812,93812,right,right,A,B,0,No,0.704,pixtral,zero_shot,2026-09-07T18:00:54
G_96608_left_2736,mated,primary_genuine,cross,96608,96608,left,left,A,A,1,"Yes, they do not look like each other?",0.88,pixtral,zero_shot,2026-09-07T18:00:54
G_20294_left_148,mated,primary_genuine,cross,20294,20294,left,left,A,A,1,"(C in black and white)
Yes,
These fingerprints have been lifted up to be used for identification con offinger
(A) No",1.281,pixtral,zero_shot,2026-09-07T18:00:56
I_43210_63029_right_x,non-mated,primary_impostor,cross,43210,63029,right,right,B,A,0,"Yes,
(1)
No,different people
with only the letters A and B.
(2)
No.
Yes.
(3)
No
different people",1.336,pixtral,zero_shot,2026-09-07T18:00:57
G_65052_left_1761,mated,primary_genuine,cross,65052,65052,left,left,A,A,1,"No,Yes",0.738,pixtral,zero_shot,2026-09-07T18:00:58
G_58398_left_1270,mated,primary_genuine,same,58398,58398,left,left,A,B,0,"No, different persons",0.774,pixtral,zero_shot,2026-09-07T18:00:59
G_57145_left_982,mated,primary_genuine,same,57145,57145,left,left,A,A,1,"Yes,
with only the letters A and B together?

Certainly you're asking if they have the same ridge pattern?",1.174,pixtral,zero_shot,2026-09-07T18:01:00
D_74850_208,non-mated,diagnostic_impostor,cross,74850,74850,left,right,B,A,0,Yes,0.699,pixtral,zero_shot,2026-09-07T18:01:00
I_65052_69658_right_x,non-mated,primary_impostor,cross,65052,69658,right,right,B,A,0,Yes,0.704,pixtral,zero_shot,2026-09-07T18:01:01
I_27295_43210_left_x,non-mated,primary_impostor,cross,27295,43210,left,left,B,A,0,Yes,0.704,pixtral,zero_shot,2026-09-07T18:01:02
D_24101_34,non-mated,diagnostic_impostor,same,24101,24101,left,right,B,A,0,"Yes,
(1) Can you identify this individual based just by comparing it to another set of four fingers?",1.142,pixtral,zero_shot,2026-09-07T18:01:03
G_57833_left_1142,mated,primary_genuine,cross,57833,57833,left,left,A,A,1,"Yes, they do",0.775,pixtral,zero_shot,2026-09-07T18:01:04
G_83742_right_2344,mated,primary_genuine,same,83742,83742,right,right,A,A,1,"Yes, same as
(1)
No, 3
(B)

### What is this?

A
(B)
No items found",1.189,pixtral,zero_shot,2026-09-07T18:01:05
I_47904_96608_right_x,non-mated,primary_impostor,cross,47904,96608,right,right,B,A,0,Yes,0.704,pixtral,zero_shot,2026-09-07T18:01:06
D_69658_200,non-mated,diagnostic_impostor,same,69658,69658,left,right,B,A,0,"Yes,
same person",0.753,pixtral,zero_shot,2026-09-07T18:01:06
G_56583_left_846,mated,primary_genuine,same,56583,56583,left,left,A,A,1,"Yes,
A) Can you please tell me more about that?",0.937,pixtral,zero_shot,2026-09-07T18:01:07
I_57833_83742_right_x,non-mated,primary_impostor,cross,57833,83742,right,right,B,A,0,Yes,0.704,pixtral,zero_shot,2026-09-07T18:01:08
G_43210_right_637,mated,primary_genuine,same,43210,43210,right,right,A,A,1,"As an **expert fingerprint examiner**, I can determine whether these two prints were made by the same individual?

**Yes**. Here's how:

- Fingerprints have unique characteristics that remain constant across all individuals.
- These traits include ridge details, patterns, and skin texture.
- However, latent prints may distort slightly when comparing high-resolution images.
- And, ridges might align differently due to variations in pressure, moisture, or surfaces.

To help decide, examine each print carefully for",2.579,pixtral,zero_shot,2026-09-07T18:01:11
I_43210_69658_right_x,non-mated,primary_impostor,cross,43210,69658,right,right,B,A,0,Yes,0.703,pixtral,zero_shot,2026-09-07T18:01:11
I_14493_58793_right_x,non-mated,primary_impostor,cross,14493,58793,right,right,B,A,0,"Yes, they do not look alike",0.827,pixtral,zero_shot,2026-09-07T18:01:12
I_44595_57833_right_x,non-mated,primary_impostor,cross,44595,57833,right,right,B,B,1,"No,different people",0.755,pixtral,zero_shot,2026-09-07T18:01:13
G_24101_left_289,mated,primary_genuine,cross,24101,24101,left,left,A,A,1,"No,Yes,(1)
No
No
A or B.
(2)No
Yes,No
(3)
No.",1.249,pixtral,zero_shot,2026-09-07T18:01:14
I_57145_63029_right_s,non-mated,primary_impostor,same,57145,63029,right,right,B,B,1,"No,different people",0.773,pixtral,zero_shot,2026-09-07T18:01:15
I_43210_58398_left_s,non-mated,primary_impostor,same,43210,58398,left,left,B,A,0,"Yes, it is possible that they have similar ridge patterns and shapes?",0.969,pixtral,zero_shot,2026-09-07T18:01:16
D_69658_192,non-mated,diagnostic_impostor,cross,69658,69658,left,right,B,A,0,"No,different person

Can you tell me more about it?

Yes,
that is correct?",1.054,pixtral,zero_shot,2026-09-07T18:01:17
G_63029_right_1618,mated,primary_genuine,same,63029,63029,right,right,A,A,1,Yes,0.683,pixtral,zero_shot,2026-09-07T18:01:18
I_57833_76957_right_x,non-mated,primary_impostor,cross,57833,76957,right,right,B,A,0,"Yes, different individuals",0.759,pixtral,zero_shot,2026-09-07T18:01:18
I_58398_58793_left_x,non-mated,primary_impostor,cross,58398,58793,left,left,B,A,0,"Surely, we can use the following approach:

1. Compare all ridge details in both images using minutiae (A) and return whether they match or not;
2. Return true if there is at least one ridge detail matching in either image A or image B;

Based on this approach, here's our final answer:

```python
class FingerprintExpert:
def get_fingerprints(image):
    # compare all ridges in image A against all ridges of image B,",2.525,pixtral,zero_shot,2026-09-07T18:01:21
D_93812_275,non-mated,diagnostic_impostor,same,93812,93812,left,right,B,A,0,"To determine whether these two sets of fingerprints are similar or not, we would compare them using certain techniques called ""ridge"" and ""correlation"". For example:

* Ridge count: 0.123456789*

Ridge width: 12

Ridge height: 4

Ridget color: black and white

Rige type: photograph

Rid photo: left hand

Rigz orientation: horizontal

Rigit direction",2.514,pixtral,zero_shot,2026-09-07T18:01:23
I_20294_65030_right_x,non-mated,primary_impostor,cross,20294,65030,right,right,B,B,1,"No,different people",0.768,pixtral,zero_shot,2026-09-07T18:01:24
I_57833_83742_left_s,non-mated,primary_impostor,same,57833,83742,left,left,B,A,0,Yes,0.71,pixtral,zero_shot,2026-09-07T18:01:25
G_32467_right_512,mated,primary_genuine,cross,32467,32467,right,right,A,B,0,"(1) No. 2. 3. 4.No. 5. 6. 7. 8. 9. 1. 0.  (B). 1.
(1)
No.",1.623,pixtral,zero_shot,2026-09-07T18:01:26
G_93812_right_2673,mated,primary_genuine,cross,93812,93812,right,right,A,A,1,"Yes (C)
No",0.773,pixtral,zero_shot,2026-09-07T18:01:27
I_56583_69658_right_s,non-mated,primary_impostor,same,56583,69658,right,right,B,B,1,"Based on your analysis, I can't determine if they're from different individuals?",1.003,pixtral,zero_shot,2026-09-07T18:01:28
I_20294_69658_left_x,non-mated,primary_impostor,cross,20294,69658,left,left,B,B,1,"No, different persons",0.77,pixtral,zero_shot,2026-09-07T18:01:29
G_27295_left_338,mated,primary_genuine,cross,27295,27295,left,left,A,B,0,"No, not sure",0.76,pixtral,zero_shot,2026-09-07T18:01:30
I_58793_87757_left_s,non-mated,primary_impostor,same,58793,87757,left,left,B,A,0,Yes,0.709,pixtral,zero_shot,2026-09-07T18:01:31
D_99775_298,non-mated,diagnostic_impostor,same,99775,99775,left,right,B,A,0,"No, not possible
to distinguish between them.
Yes, they all look alike.
So, how can you tell if two people
are identical?

Based on the above information,
I have provided you with this question:

Can you tell who these two people

Are related?",1.751,pixtral,zero_shot,2026-09-07T18:01:32
I_57833_93812_right_x,non-mated,primary_impostor,cross,57833,93812,right,right,B,A,0,"Yes,the fingerprints have unique patterns and ridge formations that can be used for identification?(A) No.",1.111,pixtral,zero_shot,2026-09-07T18:01:33
I_58398_76957_left_s,non-mated,primary_impostor,same,58398,76957,left,left,B,A,0,"Yes,
the letters ""A"" and ""B"" in both images?

Based on the unique characteristics of fingerprints, such as ridge details, minutiae possible for them to be distinguished?A) It is difficult to distinguish between fingerprints based solely on visual inspection of the patterns alone. However, all possible for us to determine whether two individuals are from the same or different people. This task relies on advanced techniques used in forensic science to compare and match fingerprints. Here are",2.536,pixtral,zero_shot,2026-09-07T18:01:36
D_58398_136,non-mated,diagnostic_impostor,cross,58398,58398,left,right,B,B,1,"Based on the given context, here is a close-up view of two hands being placed side by side each other in the following way?",1.19,pixtral,zero_shot,2026-09-07T18:01:37
I_47904_57833_left_x,non-mated,primary_impostor,cross,47904,57833,left,left,B,A,0,"Yes,
same as in (A).",0.835,pixtral,zero_shot,2026-09-07T18:01:38
G_65052_right_1818,mated,primary_genuine,cross,65052,65052,right,right,A,A,1,"No,Yes,",0.759,pixtral,zero_shot,2026-09-07T18:01:39
I_27295_83742_left_s,non-mated,primary_impostor,same,27295,83742,left,left,B,A,0,"No,
different individuals
(C) No,
different persons
(D) Nope
Different people
(E) No such as FINGERPRINTS!
(F) No!Such differences!

In this black and white photo,we can see unique patterns on each finger?

Yes,these are distinct
(Or)
No,
such variations in their ridge details.

Can you tell me more about these two individuals?",2.303,pixtral,zero_shot,2026-09-07T18:01:41
G_57833_left_1173,mated,primary_genuine,cross,57833,57833,left,left,A,B,0,"Based on your expertise in fingerprint analysis, I would say that:

These two black and white images show **four fingers** from just one hand. So,

The letters ""A"" and ""B"" could be used to identify if they match?

Yes, same individual's prints,
Or no, differ between persons.

So, explain how we use fingerprints for identification:
Only by analyzing the patterns found on each fingertip.",2.332,pixtral,zero_shot,2026-09-07T18:01:43
G_89171_left_2526,mated,primary_genuine,same,89171,89171,left,left,A,A,1,"No
(1)
A close-up of three fingers and their unique as level of
(2)
No
Fingerprint
(3)
No

## 4
(5)

## 6

### 7

(8)
No",1.656,pixtral,zero_shot,2026-09-07T18:01:45
G_76957_left_2116,mated,primary_genuine,cross,76957,76957,left,left,A,A,1,"Yes, that is correct.",0.784,pixtral,zero_shot,2026-09-07T18:01:46
I_56583_93812_left_x,non-mated,primary_impostor,cross,56583,93812,left,left,B,A,0,"No,different people
(1)
Yes.
(2) No.
(3) No.",1.069,pixtral,zero_shot,2026-09-07T18:01:47
I_83742_93812_left_x,non-mated,primary_impostor,cross,83742,93812,left,left,B,B,1,No,0.699,pixtral,zero_shot,2026-09-07T18:01:48
I_14493_47904_right_s,non-mated,primary_impostor,same,14493,47904,right,right,B,A,0,I have examined many fingerprints from many hands and I can tell if they came from same person?,1.091,pixtral,zero_shot,2026-09-07T18:01:49
G_58793_left_1380,mated,primary_genuine,same,58793,58793,left,left,A,B,0,"Based on your expertise in fingerprint analysis, I'd say that's likely:

Two individuals' fingerprints are from the same hand?",1.187,pixtral,zero_shot,2026-09-07T18:01:50
I_24101_27295_right_s,non-mated,primary_impostor,same,24101,27295,right,right,B,A,0,"No,different people
with only the letters A and B.",0.948,pixtral,zero_shot,2026-09-07T18:01:51
I_57145_57833_right_x,non-mated,primary_impostor,cross,57145,57833,right,right,B,B,1,"No,different people",0.762,pixtral,zero_shot,2026-09-07T18:01:52
G_87757_right_2470,mated,primary_genuine,same,87757,87757,right,right,A,A,1,Yes,0.689,pixtral,zero_shot,2026-09-07T18:01:52
G_65030_right_1718,mated,primary_genuine,same,65030,65030,right,right,A,A,1,"No, different person

## 10.257869345694586?Yes, same as above?

(It's not so much different than that.)
(A)
No, it is not so very different than this.
(B)No, no way!No, you can see how many of them.
(A)No,
no, no more like this.
(A)
Yes, no less than this!
(B)Yes,",2.517,pixtral,zero_shot,2026-09-07T18:01:55
I_69658_87757_right_s,non-mated,primary_impostor,same,69658,87757,right,right,B,A,0,"Yes, different person",0.77,pixtral,zero_shot,2026-09-07T18:01:56
I_65052_87757_left_s,non-mated,primary_impostor,same,65052,87757,left,left,B,A,0,I can tell you're not sure if they're identical?,0.932,pixtral,zero_shot,2026-09-07T18:01:56
G_93812_left_2641,mated,primary_genuine,same,93812,93812,left,left,A,INVALID,0,"(1)

[",0.739,pixtral,zero_shot,2026-09-07T18:01:57
G_24101_left_294,mated,primary_genuine,cross,24101,24101,left,left,A,A,1,Yes,0.698,pixtral,zero_shot,2026-09-07T18:01:58
I_58793_74850_left_x,non-mated,primary_impostor,cross,58793,74850,left,left,B,A,0,"No.
(1)
Yes,A

## Expert Answer: What is the difference between the ridge and the fingerprints?

The unique features of the ridge can be used for identification purposes such as the letter C.",1.524,pixtral,zero_shot,2026-09-07T18:01:59
I_57833_63029_left_x,non-mated,primary_impostor,cross,57833,63029,left,left,B,B,1,"Yes,(Bf unique",0.797,pixtral,zero_shot,2026-09-07T18:02:00
I_20294_69658_right_s,non-mated,primary_impostor,same,20294,69658,right,right,B,B,1,"Based on your explanation and previous answering analysis?

Yes, they do",0.971,pixtral,zero_shot,2026-09-07T18:02:01
G_47904_left_820,mated,primary_genuine,cross,47904,47904,left,left,A,B,0,"No,with only the letters",0.795,pixtral,zero_shot,2026-09-07T18:02:02
G_14493_right_91,mated,primary_genuine,cross,14493,14493,right,right,A,A,1,"Yes, it is possible that they have similar ridge patterns and shapes of their fingerprints?",1.032,pixtral,zero_shot,2026-09-07T18:02:03
D_76957_227,non-mated,diagnostic_impostor,same,76957,76957,left,right,B,A,0,"No, not the same thing as in the picture C.",0.924,pixtral,zero_shot,2026-09-07T18:02:04
I_27295_76957_left_x,non-mated,primary_impostor,cross,27295,76957,left,left,B,B,1,"No, different persons",0.758,pixtral,zero_shot,2026-09-07T18:02:05
D_63029_164,non-mated,diagnostic_impostor,same,63029,63029,left,right,B,B,1,"No, different person
(C) No,
different person

## 10.25 (B)

### 3.26 (B) No,

different person
(1) No.
(1)
No.
different person",1.596,pixtral,zero_shot,2026-09-07T18:02:06
I_24101_58398_right_x,non-mated,primary_impostor,cross,24101,58398,right,right,B,A,0,"Yes,No,I am not sure if you can see it?(",0.967,pixtral,zero_shot,2026-09-07T18:02:07
G_24101_right_302,mated,primary_genuine,cross,24101,24101,right,right,A,A,1,Yes,0.694,pixtral,zero_shot,2026-09-07T18:02:08
G_74850_left_2000,mated,primary_genuine,same,74850,74850,left,left,A,A,1,"No,different people
(1)
Yes, different.",0.906,pixtral,zero_shot,2026-09-07T18:02:09
I_69658_99775_right_s,non-mated,primary_impostor,same,69658,99775,right,right,B,B,1,"Based on your understanding of fingerprints and their unique characteristics, I can tell who that person is likely to be?

Yes, the same individual

**Image analysis**

Here's what i see:

[showing three images]

* three *fingerprints side by side each other,

and compare them all together.

**What do you think?**

(1) They're very similar,
(2) But not identical twins.

**So, which one is more likely**

to be",2.53,pixtral,zero_shot,2026-09-07T18:02:11
D_65030_176,non-mated,diagnostic_impostor,cross,65030,65030,left,right,B,A,0,Yes,0.699,pixtral,zero_shot,2026-09-07T18:02:12
G_58793_right_1475,mated,primary_genuine,same,58793,58793,right,right,A,A,1,2 and 10,0.757,pixtral,zero_shot,2026-09-07T18:02:13
G_14493_left_59,mated,primary_genuine,same,14493,14493,left,left,A,A,1,"No, it shows that there is no
(A)
Yes, I am looking at this particular finger pattern of ridges and valleys in the middle area between the first joint and second joints. Do you see any difference here?",1.526,pixtral,zero_shot,2026-09-07T18:02:14
I_27295_89171_right_s,non-mated,primary_impostor,same,27295,89171,right,right,B,A,0,"No.
Yes,same people can be used for identification unique individuals?",0.967,pixtral,zero_shot,2026-09-07T18:02:15
I_44595_65052_left_s,non-mated,primary_impostor,same,44595,65052,left,left,B,B,1,Based on their unique characteristics of fingerprints.,0.868,pixtral,zero_shot,2026-09-07T18:02:16
I_58398_63029_left_x,non-mated,primary_impostor,cross,58398,63029,left,left,B,A,0,"Yes, they could be the same fingerprints of the same individual.",0.952,pixtral,zero_shot,2026-09-07T18:02:17
I_43210_99775_right_x,non-mated,primary_impostor,cross,43210,99775,right,right,B,A,0,"No,different people
(1)
Yes, it is possible that this question?
(A)
No,Different people
(B)
No
To provide more information about what you see in the picture.
(1)

Can you tell me if I can identify the fingerprints of someone?

(A) No
To give more information related to what you're seeing in the pictures.
(2)
No items found",2.259,pixtral,zero_shot,2026-09-07T18:02:19
D_69658_197,non-mated,diagnostic_impostor,same,69658,69658,left,right,B,A,0,"No, different question.
(1)
Yes, no
(2)
This is a human finger print of
the letter C.
(3)
No, not so much.
(4)
This concludes that this particular type of thing.
(5)

How do I identify this particular thing?

I can't see it in black and white?",1.997,pixtral,zero_shot,2026-09-07T18:02:21
I_76957_99775_right_x,non-mated,primary_impostor,cross,76957,99775,right,right,B,A,0,"Yes, this is possible.
(1)
No, I'm sorry, could be used for identification?",1.089,pixtral,zero_shot,2026-09-07T18:02:22
D_96608_283,non-mated,diagnostic_impostor,same,96608,96608,left,right,B,A,0,"No,same as the letter C)
Yes, same thing as the letters A
or B.",1.079,pixtral,zero_shot,2026-09-07T18:02:24
G_87757_right_2451,mated,primary_genuine,cross,87757,87757,right,right,A,B,0,"No, different persons",0.757,pixtral,zero_shot,2026-09-07T18:02:24
I_20294_63029_right_x,non-mated,primary_impostor,cross,20294,63029,right,right,B,B,1,"No,different people",0.766,pixtral,zero_shot,2026-09-07T18:02:25
D_74850_207,non-mated,diagnostic_impostor,same,74850,74850,left,right,B,A,0,"Yes, they do",0.782,pixtral,zero_shot,2026-09-07T18:02:26
I_47904_69658_left_s,non-mated,primary_impostor,same,47904,69658,left,left,B,B,1,"No, different persons",0.769,pixtral,zero_shot,2026-09-07T18:02:27
I_32467_89171_right_x,non-mated,primary_impostor,cross,32467,89171,right,right,B,A,0,"No.
(1)
No.
Yes
A or B.
(2)

I'm sorry
to be
the letter A
or B.
No.
No
(3)
No
No.
(B)
No

### 4.",1.649,pixtral,zero_shot,2026-09-07T18:02:28
G_65030_right_1703,mated,primary_genuine,cross,65030,65030,right,right,A,A,1,"No, different person
(C) No,
different person
(D)
Yes, different question mark",1.051,pixtral,zero_shot,2026-09-07T18:02:29
G_83742_left_2230,mated,primary_genuine,cross,83742,83742,left,left,A,B,0,"No, different person",0.758,pixtral,zero_shot,2026-09-07T18:02:30
I_20294_76957_right_x,non-mated,primary_impostor,cross,20294,76957,right,right,B,A,0,"No, they do not match",0.805,pixtral,zero_shot,2026-09-07T18:02:31
G_57833_right_1225,mated,primary_genuine,cross,57833,57833,right,right,A,A,1,"Yes, they do not belong to each other.",0.876,pixtral,zero_shot,2026-09-07T18:02:32
D_24101_24,non-mated,diagnostic_impostor,same,24101,24101,left,right,B,A,0,"Yes,
same person.
(No,different people",0.886,pixtral,zero_shot,2026-09-07T18:02:33
D_58398_141,non-mated,diagnostic_impostor,cross,58398,58398,left,right,B,A,0,Yes,0.704,pixtral,zero_shot,2026-09-07T18:02:33
G_32467_left_466,mated,primary_genuine,cross,32467,32467,left,left,A,A,1,Yes,0.694,pixtral,zero_shot,2026-09-07T18:02:34
I_47904_57145_left_x,non-mated,primary_impostor,cross,47904,57145,left,left,B,A,0,Yes,0.704,pixtral,zero_shot,2026-09-07T18:02:35
G_83742_right_2331,mated,primary_genuine,same,83742,83742,right,right,A,A,1,"This question see how can I? resting side ofblackTo as black and grit drive skin unique)

As self index blackTo you is f latent

What could close:And human hand,(B bitgra exactly)
(B) What does (CA103)close a keyboard in detail)",1.872,pixtral,zero_shot,2026-09-07T18:02:37
G_96608_right_2786,mated,primary_genuine,same,96608,96608,right,right,A,A,1,"Yes,A and B.",0.803,pixtral,zero_shot,2026-09-07T18:02:37
G_57145_right_1101,mated,primary_genuine,same,57145,57145,right,right,A,B,0,"No, different person.
(C) No",0.827,pixtral,zero_shot,2026-09-07T18:02:38
I_32467_56583_right_s,non-mated,primary_impostor,same,32467,56583,right,right,B,A,0,"No, different

##(1)

Yes, different",0.917,pixtral,zero_shot,2026-09-07T18:02:39
G_69658_right_1907,mated,primary_genuine,cross,69658,69658,right,right,A,A,1,"No, it does not matter
(C) No,
it is not clear that this question can be answered by comparing ridge details of the fingerprints and determining if they match?

Yes, I am able to compare the detailsofingerprints in the images.",1.688,pixtral,zero_shot,2026-09-07T18:02:41
I_20294_57145_left_s,non-mated,primary_impostor,same,20294,57145,left,left,B,B,1,"Based on your expertise in fingerprints, can you tell if they come from the same individual?",1.068,pixtral,zero_shot,2026-09-07T18:02:42
I_58398_99775_left_x,non-mated,primary_impostor,cross,58398,99775,left,left,B,A,0,Yes,0.695,pixtral,zero_shot,2026-09-07T18:02:43
D_65052_190,non-mated,diagnostic_impostor,same,65052,65052,left,right,B,A,0,"No, they don't look like this:
(C) No,
they do not have similar features as well.
(D) Nope, they can be distinguished by their location in the picture.
(E) No
the pictures show that it is located at the bottom of the page.
(F) No",1.809,pixtral,zero_shot,2026-09-07T18:02:44
G_63029_left_1488,mated,primary_genuine,cross,63029,63029,left,left,A,A,1,"Yes,
the letter A",0.778,pixtral,zero_shot,2026-09-07T18:02:45
D_43210_70,non-mated,diagnostic_impostor,same,43210,43210,left,right,B,A,0,Yes,0.69,pixtral,zero_shot,2026-09-07T18:02:46
I_58398_96608_left_x,non-mated,primary_impostor,cross,58398,96608,left,left,B,A,0,"No,do you think it is possible that could be used for identification positive level of comparison?

Yes, I can see differences in both sets of fingerprints and thumb prints.",1.361,pixtral,zero_shot,2026-09-07T18:02:47
I_57145_96608_left_x,non-mated,primary_impostor,cross,57145,96608,left,left,B,A,0,"No,the same person.
(C) No
the same question.
(Yes)
No
the similar
person",1.129,pixtral,zero_shot,2026-09-07T18:02:48
I_65030_93812_left_x,non-mated,primary_impostor,cross,65030,93812,left,left,B,B,1,"No, different person.
( )",0.82,pixtral,zero_shot,2026-09-07T18:02:49
I_32467_44595_left_s,non-mated,primary_impostor,same,32467,44595,left,left,B,A,0,"Yes,same as in the question above.
(1)
No, not the same thing as in (A).
Correct!",1.184,pixtral,zero_shot,2026-09-07T18:02:50
G_32467_right_545,mated,primary_genuine,same,32467,32467,right,right,A,A,1,"Yes
(1)
No. 2",0.842,pixtral,zero_shot,2026-09-07T18:02:51
G_63029_left_1542,mated,primary_genuine,same,63029,63029,left,left,A,B,0,"No, different question.
(Is this correct?",0.867,pixtral,zero_shot,2026-09-07T18:02:52
D_24101_33,non-mated,diagnostic_impostor,cross,24101,24101,left,right,B,B,1,"No, different person
(C) No,
(D) No",0.909,pixtral,zero_shot,2026-09-07T18:02:53
G_99775_right_2928,mated,primary_genuine,cross,99775,99775,right,right,A,A,1,"No,the same person.
(Yes",0.837,pixtral,zero_shot,2026-09-07T18:02:54
I_20294_87757_left_x,non-mated,primary_impostor,cross,20294,87757,left,left,B,A,0,"Yes,
(1)
No, but they can be considered as identical?",0.987,pixtral,zero_shot,2026-09-07T18:02:55
G_58793_left_1383,mated,primary_genuine,cross,58793,58793,left,left,A,A,1,Yes,0.7,pixtral,zero_shot,2026-09-07T18:02:56
G_43210_left_550,mated,primary_genuine,same,43210,43210,left,left,A,B,0,No,0.711,pixtral,zero_shot,2026-09-07T18:02:56
D_57145_117,non-mated,diagnostic_impostor,cross,57145,57145,left,right,B,A,0,"Yes, that is correct?",0.802,pixtral,zero_shot,2026-09-07T18:02:57
I_27295_76957_right_x,non-mated,primary_impostor,cross,27295,76957,right,right,B,A,0,"No,The same person.
(C) No",0.858,pixtral,zero_shot,2026-09-07T18:02:58
G_57833_left_1192,mated,primary_genuine,same,57833,57833,left,left,A,A,1,"No, it's not possible that I can provide you with more information about this question?(A) No",1.075,pixtral,zero_shot,2026-09-07T18:02:59
G_93812_right_2656,mated,primary_genuine,cross,93812,93812,right,right,A,A,1,"Yes, they look similar enough.
(C) No.
No,they do not have any distinguishing features of the letters.
(D) No.",1.232,pixtral,zero_shot,2026-09-07T18:03:00
I_43210_56583_left_s,non-mated,primary_impostor,same,43210,56583,left,left,B,A,0,Yes,0.713,pixtral,zero_shot,2026-09-07T18:03:01
D_93812_268,non-mated,diagnostic_impostor,cross,93812,93812,left,right,B,A,0,"No, it's not possible to compare them?",0.87,pixtral,zero_shot,2026-09-07T18:03:02
D_58793_154,non-mated,diagnostic_impostor,same,58793,58793,left,right,B,A,0,"Yes, that is the same thing as in the question above it?",0.944,pixtral,zero_shot,2026-09-07T18:03:03
G_65052_left_1759,mated,primary_genuine,cross,65052,65052,left,left,A,A,1,"No,Yes,(1)
No, different question.
(A) No,
No,(2)No,different.
(B) Yes.
No, Yes.
(3)No,
No.
No
Yes.
(4)
No
No,No
(B)

As you can see that there is a close-up of this question.
(B)
No.
Yes.
No

### 5000

(B)No
(6)
No",2.466,pixtral,zero_shot,2026-09-07T18:03:05
G_76957_right_2146,mated,primary_genuine,same,76957,76957,right,right,A,A,1,"Yes,",0.723,pixtral,zero_shot,2026-09-07T18:03:06
I_24101_43210_right_s,non-mated,primary_impostor,same,24101,43210,right,right,B,A,0,"No, different individuals",0.775,pixtral,zero_shot,2026-09-07T18:03:07
I_20294_27295_right_x,non-mated,primary_impostor,cross,20294,27295,right,right,B,A,0,"No,
(1) Can you tell me if they are identical?A) Yes,
they look like this.",1.137,pixtral,zero_shot,2026-09-07T18:03:08
G_44595_right_788,mated,primary_genuine,cross,44595,44595,right,right,A,A,1,"Yes,
(1)
No, it does not look like this specific example of fingerprints?",1.039,pixtral,zero_shot,2026-09-07T18:03:09
I_57833_93812_right_s,non-mated,primary_impostor,same,57833,93812,right,right,B,B,1,"No,different people",0.776,pixtral,zero_shot,2026-09-07T18:03:10
D_47904_84,non-mated,diagnostic_impostor,cross,47904,47904,left,right,B,B,1,"No, it is not possible",0.804,pixtral,zero_shot,2026-09-07T18:03:10
G_56583_left_852,mated,primary_genuine,cross,56583,56583,left,left,A,A,1,"Yes,
(1)
No, Can you tell me more about this particular individual's fingerprints?",1.109,pixtral,zero_shot,2026-09-07T18:03:12
I_58793_65052_right_s,non-mated,primary_impostor,same,58793,65052,right,right,B,A,0,"Yes,
same person",0.773,pixtral,zero_shot,2026-09-07T18:03:12
D_47904_87,non-mated,diagnostic_impostor,same,47904,47904,left,right,B,A,0,"No,different people
(1)
Yes, same question",0.923,pixtral,zero_shot,2026-09-07T18:03:13
D_76957_219,non-mated,diagnostic_impostor,cross,76957,76957,left,right,B,A,0,"No, not possible to tell them apart?",0.852,pixtral,zero_shot,2026-09-07T18:03:14
I_47904_89171_right_x,non-mated,primary_impostor,cross,47904,89171,right,right,B,A,0,"No, it's not possible to be identified with certainty",0.899,pixtral,zero_shot,2026-09-07T18:03:15
I_43210_58398_left_x,non-mated,primary_impostor,cross,43210,58398,left,left,B,A,0,"Yes,",0.718,pixtral,zero_shot,2026-09-07T18:03:16
D_56583_107,non-mated,diagnostic_impostor,cross,56583,56583,left,right,B,A,0,Yes,0.696,pixtral,zero_shot,2026-09-07T18:03:16
G_74850_left_2008,mated,primary_genuine,same,74850,74850,left,left,A,B,0,No,0.691,pixtral,zero_shot,2026-09-07T18:03:17
D_63029_167,non-mated,diagnostic_impostor,same,63029,63029,left,right,B,A,0,"Yes,
(1)
No,different people
(B)
No.
(2)
No answers:
(3)
No more information about this question?",1.251,pixtral,zero_shot,2026-09-07T18:03:18
D_96608_277,non-mated,diagnostic_impostor,cross,96608,96608,left,right,B,B,1,No,0.699,pixtral,zero_shot,2026-09-07T18:03:19
G_83742_right_2340,mated,primary_genuine,same,83742,83742,right,right,A,B,0,"No, different question",0.749,pixtral,zero_shot,2026-09-07T18:03:20
I_56583_63029_left_x,non-mated,primary_impostor,cross,56583,63029,left,left,B,B,1,"No, not sure",0.764,pixtral,zero_shot,2026-09-07T18:03:21
D_96608_280,non-mated,diagnostic_impostor,cross,96608,96608,left,right,B,A,0,A baby's left thumb lines ofIn,0.834,pixtral,zero_shot,2026-09-07T18:03:21
I_65052_76957_left_x,non-mated,primary_impostor,cross,65052,76957,left,left,B,B,1,"Based on your expertise in fingerprint examination, you can determine if someone has committed a crime?",1.035,pixtral,zero_shot,2026-09-07T18:03:22
G_58398_right_1335,mated,primary_genuine,cross,58398,58398,right,right,A,A,1,"Yes,
(1)
No, different.",0.857,pixtral,zero_shot,2026-09-07T18:03:23
D_83742_239,non-mated,diagnostic_impostor,cross,83742,83742,left,right,B,A,0,"No, I can see any unique characteristics in those fingerprints that might help identify this individual?",1.041,pixtral,zero_shot,2026-09-07T18:03:24
I_63029_83742_left_s,non-mated,primary_impostor,same,63029,83742,left,left,B,B,1,"No,
different people",0.773,pixtral,zero_shot,2026-09-07T18:03:25
I_47904_56583_right_x,non-mated,primary_impostor,cross,47904,56583,right,right,B,A,0,"No, it's not possible to determine if this question is about:
Yes",0.972,pixtral,zero_shot,2026-09-07T18:03:26
G_57145_left_976,mated,primary_genuine,cross,57145,57145,left,left,A,A,1,"Yes, they do not look alike",0.811,pixtral,zero_shot,2026-09-07T18:03:27
G_76957_left_2132,mated,primary_genuine,same,76957,76957,left,left,A,A,1,"Yes.
(1)
No, but how can i help you identify this particular fingerprints?",1.027,pixtral,zero_shot,2026-09-07T18:03:28
D_57145_115,non-mated,diagnostic_impostor,same,57145,57145,left,right,B,B,1,"Yes, they could be",0.782,pixtral,zero_shot,2026-09-07T18:03:29
I_43210_76957_left_x,non-mated,primary_impostor,cross,43210,76957,left,left,B,A,0,"No, it's not possible to say that again.
```Yes, I can see that.
```",1.075,pixtral,zero_shot,2026-09-07T18:03:30
G_14493_right_109,mated,primary_genuine,cross,14493,14493,right,right,A,A,1,"As an **expert in finger print examination**, I can tell you about the unique characteristics of that particular set of prints?",1.154,pixtral,zero_shot,2026-09-07T18:03:31
I_69658_74850_left_s,non-mated,primary_impostor,same,69658,74850,left,left,B,A,0,"Yes,
different people",0.764,pixtral,zero_shot,2026-09-07T18:03:32
D_20294_16,non-mated,diagnostic_impostor,cross,20294,20294,left,right,B,B,1,"(1)
No",0.762,pixtral,zero_shot,2026-09-07T18:03:32
I_58793_89171_left_x,non-mated,primary_impostor,cross,58793,89171,left,left,B,A,0,"(1)
No 2

##(1)

Yes
A or B.
(1) No.",1.11,pixtral,zero_shot,2026-09-07T18:03:34
G_99775_left_2873,mated,primary_genuine,cross,99775,99775,left,left,A,A,1,"Yes, they have identical fingerprints?",0.832,pixtral,zero_shot,2026-09-07T18:03:34
D_58793_155,non-mated,diagnostic_impostor,cross,58793,58793,left,right,B,A,0,"No, different persons.
```Yes,
same as in (A)the fingerprints of both hands.
(BA)two people.
```

In this case, we can see that there is no difference between the prints of those two hands?

I think so, but it's not clear;
that they're different people.

So, what do you think about the prints?",2.101,pixtral,zero_shot,2026-09-07T18:03:37
I_24101_57833_right_s,non-mated,primary_impostor,same,24101,57833,right,right,B,A,0,"No,same as in (A)Yes,
the fingerprints?No,different individuals
from the same source?
Can you tell me more about their identity?

Certainly,their unique characteristics",1.45,pixtral,zero_shot,2026-09-07T18:03:38
D_74850_210,non-mated,diagnostic_impostor,same,74850,74850,left,right,B,A,0,"No,I can see individual fingerprints and their unique patterns.",0.949,pixtral,zero_shot,2026-09-07T18:03:39
I_47904_65052_right_s,non-mated,primary_impostor,same,47904,65052,right,right,B,A,0,"Yes,
with only the letters in the question?No,different people
(A) No.
with only that you're asking about",1.204,pixtral,zero_shot,2026-09-07T18:03:40
I_65030_89171_right_s,non-mated,primary_impostor,same,65030,89171,right,right,B,A,0,To determine if they're from the same individual?,0.893,pixtral,zero_shot,2026-09-07T18:03:41
G_56583_right_912,mated,primary_genuine,cross,56583,56583,right,right,A,A,1,"No,Yes, I am an expert inf.",0.894,pixtral,zero_shot,2026-09-07T18:03:42
I_43210_76957_right_x,non-mated,primary_impostor,cross,43210,76957,right,right,B,A,0,"Yes, different persons",0.754,pixtral,zero_shot,2026-09-07T18:03:43
I_47904_74850_right_s,non-mated,primary_impostor,same,47904,74850,right,right,B,B,1,"No,different people",0.763,pixtral,zero_shot,2026-09-07T18:03:43
D_47904_95,non-mated,diagnostic_impostor,same,47904,47904,left,right,B,A,0,"No,Yes",0.746,pixtral,zero_shot,2026-09-07T18:03:44
G_44595_right_766,mated,primary_genuine,cross,44595,44595,right,right,A,A,1,"No,different person
(C)
Yes,
the fingerprints look like this.
(1) No.
No.
No answers.
(2) No
No.
(3) No more than that.
(4) No such as:
(5) No

## 6. What is wrong with the letter D?

A
(7) No.

### 8. How do I know if it is correct?

(D) No.",2.408,pixtral,zero_shot,2026-09-07T18:03:47
G_43210_right_678,mated,primary_genuine,same,43210,43210,right,right,A,A,1,"A 1. What How can you three little a close head table paper light new individual's fingerprint pattern rid)

Yes, This in the surface skin could I could this partiallyF10 small children a lies(B)
(C) Could be color skin ridges ofI

No.)",1.767,pixtral,zero_shot,2026-09-07T18:03:48
D_27295_41,non-mated,diagnostic_impostor,cross,27295,27295,left,right,B,A,0,"No
same as the letter
(1)
No
No
(B)

In this black and white photo ofA close-up (B)
No

In this case
(B)
No",1.421,pixtral,zero_shot,2026-09-07T18:03:50
I_58398_89171_left_s,non-mated,primary_impostor,same,58398,89171,left,left,B,A,0,"Yes, they could be

from the same individual?

(C) No,

we can determine if we have

the fingerprints of different individuals?

(E) Not necessarily",1.331,pixtral,zero_shot,2026-09-07T18:03:51
I_24101_83742_left_x,non-mated,primary_impostor,cross,24101,83742,left,left,B,A,0,"Yes,
(1) No.
(2) No.",0.918,pixtral,zero_shot,2026-09-07T18:03:52
I_57833_65052_right_s,non-mated,primary_impostor,same,57833,65052,right,right,B,A,0,"Yes,
with only the letters A and B.",0.888,pixtral,zero_shot,2026-09-07T18:03:53
I_58793_63029_left_x,non-mated,primary_impostor,cross,58793,63029,left,left,B,A,0,"No,different people
(1)
Yes.
(2)

How can you tell if someone is holding something?A
(3)
No,
Different people
(A)
No.
(4)
No
Different people",1.54,pixtral,zero_shot,2026-09-07T18:03:54
G_57833_right_1242,mated,primary_genuine,cross,57833,57833,right,right,A,A,1,"No.
(1) No.
Yes.
(2) No.",0.944,pixtral,zero_shot,2026-09-07T18:03:55
D_44595_79,non-mated,diagnostic_impostor,same,44595,44595,left,right,B,A,0,"(1)
No answers:
(finger
(B)

Yes,(detail
No
No

### (B)
No
(1)

No
(B)
No

No
(d)
No",1.445,pixtral,zero_shot,2026-09-07T18:03:57
G_93812_right_2677,mated,primary_genuine,cross,93812,93812,right,right,A,A,1,"No, it is not possible to compare them?",0.867,pixtral,zero_shot,2026-09-07T18:03:58
I_44595_93812_right_x,non-mated,primary_impostor,cross,44595,93812,right,right,B,A,0,"Yes,
(1)
No.
(1)

Can you please provide more details?

(1)",1.068,pixtral,zero_shot,2026-09-07T18:03:59
G_93812_right_2681,mated,primary_genuine,cross,93812,93812,right,right,A,B,0,"No, different question",0.751,pixtral,zero_shot,2026-09-07T18:04:00
I_57145_76957_right_s,non-mated,primary_impostor,same,57145,76957,right,right,B,A,0,"No,with only the letters A and B.",0.893,pixtral,zero_shot,2026-09-07T18:04:00
I_43210_89171_right_x,non-mated,primary_impostor,cross,43210,89171,right,right,B,A,0,"No, it's not possible to identify this individual uniquely?",0.923,pixtral,zero_shot,2026-09-07T18:04:01
D_74850_211,non-mated,diagnostic_impostor,same,74850,74850,left,right,B,A,0,"No, they can be distinguished based solely on their fingerprints?",0.956,pixtral,zero_shot,2026-09-07T18:04:02
I_14493_65052_right_x,non-mated,primary_impostor,cross,14493,65052,right,right,B,A,0,"Yes,
one fingerprints of both hands look similar?",0.907,pixtral,zero_shot,2026-09-07T18:04:03
G_58793_right_1458,mated,primary_genuine,same,58793,58793,right,right,A,A,1,"No, it's not possible
to determine if this post is about:
(Yes)
no

### 10x5cm

This is a photograph of a human fingerprints.",1.413,pixtral,zero_shot,2026-09-07T18:04:05
G_93812_right_2688,mated,primary_genuine,same,93812,93812,right,right,A,A,1,A1st,0.735,pixtral,zero_shot,2026-09-07T18:04:05
G_56583_right_907,mated,primary_genuine,cross,56583,56583,right,right,A,B,0,No,0.7,pixtral,zero_shot,2026-09-07T18:04:06
I_57145_57833_left_s,non-mated,primary_impostor,same,57145,57833,left,left,B,A,0,"Yes,The details of each other?",0.847,pixtral,zero_shot,2026-09-07T18:04:07
G_65052_right_1852,mated,primary_genuine,same,65052,65052,right,right,A,A,1,Yes,0.687,pixtral,zero_shot,2026-09-07T18:04:08
I_57145_69658_left_x,non-mated,primary_impostor,cross,57145,69658,left,left,B,B,1,"No, not sure",0.761,pixtral,zero_shot,2026-09-07T18:04:08
G_65030_right_1694,mated,primary_genuine,cross,65030,65030,right,right,A,A,1,Yes,0.701,pixtral,zero_shot,2026-09-07T18:04:09
D_93812_265,non-mated,diagnostic_impostor,same,93812,93812,left,right,B,A,0,"No,
(1)
Yes,same as well as it is not possible to be identified by the same thing?(2)
No.
(3)
Yes.
(4)
No
.",1.455,pixtral,zero_shot,2026-09-07T18:04:11
I_43210_65030_left_x,non-mated,primary_impostor,cross,43210,65030,left,left,B,A,0,"No, different person.
(1)
Yes, I can see that.
(2) No. different person.",1.133,pixtral,zero_shot,2026-09-07T18:04:12
I_44595_89171_left_s,non-mated,primary_impostor,same,44595,89171,left,left,B,A,0,"No,the same person",0.792,pixtral,zero_shot,2026-09-07T18:04:12
I_87757_93812_right_s,non-mated,primary_impostor,same,87757,93812,right,right,B,A,0,"No, different person.
(C)
Yes, different type of fingerprints.
(D)

As you can see that the letter E.",1.198,pixtral,zero_shot,2026-09-07T18:04:14
I_44595_99775_right_x,non-mated,primary_impostor,cross,44595,99775,right,right,B,A,0,"Yes.
(1)
No.
   To provide more information about this specific item.
(2)

Can you tell me if at least how many unique details of the fingerprints?

(3)
No
(1)

I would be able to help identify it as well text below.
(4)
No,fright.
(5)
No

I am:
(6)
No",2.209,pixtral,zero_shot,2026-09-07T18:04:16
G_87757_left_2398,mated,primary_genuine,same,87757,87757,left,left,A,B,0,No,0.695,pixtral,zero_shot,2026-09-07T18:04:17
I_43210_44595_right_s,non-mated,primary_impostor,same,43210,44595,right,right,B,A,0,"No, different hands",0.771,pixtral,zero_shot,2026-09-07T18:04:17
G_57833_right_1256,mated,primary_genuine,same,57833,57833,right,right,A,A,1,"No.
Yes,same person
( B.",0.867,pixtral,zero_shot,2026-09-07T18:04:18
I_43210_89171_left_s,non-mated,primary_impostor,same,43210,89171,left,left,B,B,1,"No, different person.
(C) No. different person.",0.929,pixtral,zero_shot,2026-09-07T18:04:19
G_69658_left_1884,mated,primary_genuine,cross,69658,69658,left,left,A,B,0,"No, different question",0.757,pixtral,zero_shot,2026-09-07T18:04:20
G_57833_left_1134,mated,primary_genuine,cross,57833,57833,left,left,A,A,1,Yes,0.703,pixtral,zero_shot,2026-09-07T18:04:21
G_44595_left_695,mated,primary_genuine,same,44595,44595,left,left,A,A,1,Yes,0.707,pixtral,zero_shot,2026-09-07T18:04:21
D_44595_75,non-mated,diagnostic_impostor,cross,44595,44595,left,right,B,A,0,"Yes, they do not match each other.",0.866,pixtral,zero_shot,2026-09-07T18:04:22
D_58793_149,non-mated,diagnostic_impostor,same,58793,58793,left,right,B,A,0,Yes,0.695,pixtral,zero_shot,2026-09-07T18:04:23
G_65052_left_1726,mated,primary_genuine,same,65052,65052,left,left,A,A,1,"Yes,
same as the fingerprints on
the right hand?
No, different hands",1.026,pixtral,zero_shot,2026-09-07T18:04:24
I_57145_69658_right_x,non-mated,primary_impostor,cross,57145,69658,right,right,B,A,0,"Yes,(1)
   No
To provide more details",0.931,pixtral,zero_shot,2026-09-07T18:04:25
G_20294_right_261,mated,primary_genuine,cross,20294,20294,right,right,A,B,0,"No, different person",0.76,pixtral,zero_shot,2026-09-07T18:04:26
I_65030_87757_right_s,non-mated,primary_impostor,same,65030,87757,right,right,B,A,0,"Yes,
same person",0.778,pixtral,zero_shot,2026-09-07T18:04:26
I_24101_57833_right_x,non-mated,primary_impostor,cross,24101,57833,right,right,B,B,1,"No,different people",0.766,pixtral,zero_shot,2026-09-07T18:04:27
G_44595_left_739,mated,primary_genuine,same,44595,44595,left,left,A,A,1,"A(B)

I: light flagpole

This is a cur 20195013 (cont down cars parked funeral state parking cour photographs of(C)
In this Th @ “",1.514,pixtral,zero_shot,2026-09-07T18:04:29
I_63029_99775_right_x,non-mated,primary_impostor,cross,63029,99775,right,right,B,A,0,"Yes,
No, different question.
(A)
No,different people",0.942,pixtral,zero_shot,2026-09-07T18:04:30
G_24101_right_305,mated,primary_genuine,same,24101,24101,right,right,A,B,0,No,0.691,pixtral,zero_shot,2026-09-07T18:04:30
G_65052_left_1758,mated,primary_genuine,cross,65052,65052,left,left,A,A,1,"Yes,with only the letters?(",0.839,pixtral,zero_shot,2026-09-07T18:04:31
I_56583_83742_left_s,non-mated,primary_impostor,same,56583,83742,left,left,B,A,0,"No,
different individuals",0.78,pixtral,zero_shot,2026-09-07T18:04:32
D_58398_139,non-mated,diagnostic_impostor,cross,58398,58398,left,right,B,A,0,"Yes,
(1) Can you tell me more about this particular type of fingerprints?",1.028,pixtral,zero_shot,2026-09-07T18:04:33
G_32467_right_538,mated,primary_genuine,same,32467,32467,right,right,A,B,0,"(1)
No, with only 2.
(1) No.",0.959,pixtral,zero_shot,2026-09-07T18:04:34
D_47904_91,non-mated,diagnostic_impostor,same,47904,47904,left,right,B,A,0,"Yes, they have different fingerprints?",0.848,pixtral,zero_shot,2026-09-07T18:04:35
G_47904_left_822,mated,primary_genuine,cross,47904,47904,left,left,A,A,1,"Yes,
same person has the same fingerprints as in (A).
No, different persons have the same prints as in  (B).",1.228,pixtral,zero_shot,2026-09-07T18:04:36
G_87757_left_2365,mated,primary_genuine,cross,87757,87757,left,left,A,A,1,"No,I am't be able to help me identify this person?
Yes",0.976,pixtral,zero_shot,2026-09-07T18:04:37
I_14493_58398_right_s,non-mated,primary_impostor,same,14493,58398,right,right,B,B,1,"Based on your expertise in fingerprint analysis, I'm confident determining whether they're from the same individual?",1.082,pixtral,zero_shot,2026-09-07T18:04:38
I_56583_58398_right_s,non-mated,primary_impostor,same,56583,58398,right,right,B,A,0,"No, not possible to tell them apart?

Yes, they could be
(C) Different individuals
(D) No

1. **Expert**: 
2. **Fingerprint** images. Two hands might have similar patterns,
But how can we determine if they came from the same source?

We cannot say for certain without examining their prints in detail.
So, let's look at the similarities and differences between them.

In this case, we need to compare many finger",2.561,pixtral,zero_shot,2026-09-07T18:04:41
I_24101_65030_left_s,non-mated,primary_impostor,same,24101,65030,left,left,B,A,0,"Yes,
same as the letter C.
(No,different people
with only the letters A or

What is the question?

I am not sure what the answer is.

But I can tell you that the answer.

Is it possible for me to say,

That's the answer.",1.792,pixtral,zero_shot,2026-09-07T18:04:42
G_56583_left_864,mated,primary_genuine,cross,56583,56583,left,left,A,A,1,"No, it's not possible to be sure that they're all unique?",0.968,pixtral,zero_shot,2026-09-07T18:04:43
I_74850_83742_right_s,non-mated,primary_impostor,same,74850,83742,right,right,B,A,0,"No,different person.
(C) No
Yes,same with only that letter A
(D) No",1.112,pixtral,zero_shot,2026-09-07T18:04:44
I_24101_74850_right_s,non-mated,primary_impostor,same,24101,74850,right,right,B,B,1,"No,
different people",0.774,pixtral,zero_shot,2026-09-07T18:04:45
I_65030_69658_right_s,non-mated,primary_impostor,same,65030,69658,right,right,B,A,0,To determine if they're from different individuals?,0.874,pixtral,zero_shot,2026-09-07T18:04:46
I_89171_99775_right_s,non-mated,primary_impostor,same,89171,99775,right,right,B,B,1,"Based on your expertise in fingerprint analysis, please answer the following question:

Are SLAP (A and B) identical?",1.159,pixtral,zero_shot,2026-09-07T18:04:47
I_63029_99775_left_x,non-mated,primary_impostor,cross,63029,99775,left,left,B,A,0,"Yes,
the fingerprints match exactly?",0.835,pixtral,zero_shot,2026-09-07T18:04:48
I_14493_27295_right_x,non-mated,primary_impostor,cross,14493,27295,right,right,B,B,1,"No, different persons",0.769,pixtral,zero_shot,2026-09-07T18:04:49
I_24101_87757_left_s,non-mated,primary_impostor,same,24101,87757,left,left,B,A,0,"No, different person.
(C) No,
different people

Can you tell me more about it?

Yes, I can see that?

(1) No.
Different people

I'm sorry, but also the letter C.

(2) No.

Different people",1.705,pixtral,zero_shot,2026-09-07T18:04:51
D_20294_19,non-mated,diagnostic_impostor,cross,20294,20294,left,right,B,B,1,"No, different person",0.767,pixtral,zero_shot,2026-09-07T18:04:51
I_57833_58793_right_s,non-mated,primary_impostor,same,57833,58793,right,right,B,B,1,"Based on the given information, we can tell whether these two fingerprints are identical? Here's an expert system for determining identity of individuals based on their unique characteristics.",1.331,pixtral,zero_shot,2026-09-07T18:04:53
I_47904_89171_left_x,non-mated,primary_impostor,cross,47904,89171,left,left,B,A,0,Yes,0.713,pixtral,zero_shot,2026-09-07T18:04:53
G_32467_left_455,mated,primary_genuine,cross,32467,32467,left,left,A,A,1,"No,different people
(1)
Yes,
the letter A
(B)
No, different person.
(2)
No.
No,3/4

I'made by 50/4)

### 69787/4
No.
(1),
No.
B
No.",1.912,pixtral,zero_shot,2026-09-07T18:04:55
G_24101_right_303,mated,primary_genuine,cross,24101,24101,right,right,A,A,1,Yes,0.698,pixtral,zero_shot,2026-09-07T18:04:56
D_47904_85,non-mated,diagnostic_impostor,same,47904,47904,left,right,B,B,1,"No, different person",0.772,pixtral,zero_shot,2026-09-07T18:04:57
G_43210_right_675,mated,primary_genuine,same,43210,43210,right,right,A,A,1,"No, it's not possible to tell if they were taken at the same time?

Yes, that is what you think of as well?",1.215,pixtral,zero_shot,2026-09-07T18:04:58
I_24101_58398_right_s,non-mated,primary_impostor,same,24101,58398,right,right,B,A,0,"No,different people
with only the letters A and B.
Yes,
same person
(C) No,
different people

Can you tell me more about this question? (A) Yes,
I can see that
person's fingerprints?

Yes,I can identify them as
the same individual?
(Yes,
I think so,

Is it possible
to distinguish between individuals?
(A)
No,
different persons

But how would I know if we compare their prints side by",2.558,pixtral,zero_shot,2026-09-07T18:05:01
D_83742_233,non-mated,diagnostic_impostor,cross,83742,83742,left,right,B,A,0,"No.
(1)
A",0.789,pixtral,zero_shot,2026-09-07T18:05:01
G_27295_right_398,mated,primary_genuine,cross,27295,27295,right,right,A,B,0,"No, different person",0.75,pixtral,zero_shot,2026-09-07T18:05:02
D_20294_14,non-mated,diagnostic_impostor,cross,20294,20294,left,right,B,A,0,Yes,0.701,pixtral,zero_shot,2026-09-07T18:05:03
G_58398_right_1349,mated,primary_genuine,cross,58398,58398,right,right,A,A,1,"Yes, they do not appear to be the same individual?",0.909,pixtral,zero_shot,2026-09-07T18:05:04
D_44595_81,non-mated,diagnostic_impostor,cross,44595,44595,left,right,B,A,0,"Yes, they do look similar.",0.812,pixtral,zero_shot,2026-09-07T18:05:04
I_57833_99775_left_s,non-mated,primary_impostor,same,57833,99775,left,left,B,A,0,Yes,0.713,pixtral,zero_shot,2026-09-07T18:05:05
G_99775_right_2922,mated,primary_genuine,cross,99775,99775,right,right,A,B,0,"No, different person",0.76,pixtral,zero_shot,2026-09-07T18:05:06
D_65030_179,non-mated,diagnostic_impostor,same,65030,65030,left,right,B,A,0,"Yes,
(1) No.",0.805,pixtral,zero_shot,2026-09-07T18:05:07
G_47904_right_829,mated,primary_genuine,same,47904,47904,right,right,A,A,1,"Yes, that is the same as in the question?No, not exactly.",0.999,pixtral,zero_shot,2026-09-07T18:05:08
G_24101_right_306,mated,primary_genuine,same,24101,24101,right,right,A,A,1,"No,Yes",0.729,pixtral,zero_shot,2026-09-07T18:05:08
I_57833_74850_left_x,non-mated,primary_impostor,cross,57833,74850,left,left,B,B,1,No,0.707,pixtral,zero_shot,2026-09-07T18:05:09
G_76957_right_2153,mated,primary_genuine,same,76957,76957,right,right,A,A,1,"No,different people.
(1)
Yes,I can help you with that.
(2)
No,Different people.
(A)
No,
No.
Yes.
(3)
No.
No.
(A)

Based people.
(B)
No.

Can we identify individual ridges and valleys of the fingerprints.
(4)
No
(A).
No.
(5)
No.",2.162,pixtral,zero_shot,2026-09-07T18:05:11
G_63029_left_1538,mated,primary_genuine,same,63029,63029,left,left,A,A,1,"Yes,
(1)
No,different people",0.85,pixtral,zero_shot,2026-09-07T18:05:12
I_32467_43210_right_x,non-mated,primary_impostor,cross,32467,43210,right,right,B,B,1,"No,different people

##(1 2 3.",0.936,pixtral,zero_shot,2026-09-07T18:05:13
I_20294_65052_right_s,non-mated,primary_impostor,same,20294,65052,right,right,B,B,1,"No,
different people",0.777,pixtral,zero_shot,2026-09-07T18:05:14
I_44595_58793_right_x,non-mated,primary_impostor,cross,44595,58793,right,right,B,A,0,Yes,0.702,pixtral,zero_shot,2026-09-07T18:05:15
I_56583_74850_right_s,non-mated,primary_impostor,same,56583,74850,right,right,B,A,0,Yes,0.714,pixtral,zero_shot,2026-09-07T18:05:15
D_43210_62,non-mated,diagnostic_impostor,same,43210,43210,left,right,B,A,0,"No, different person.
(Yes)
No,different person.
(C) No,
different person.

As an **finger** finger** of the letter (A) No.
different person.",1.461,pixtral,zero_shot,2026-09-07T18:05:17
I_57833_99775_left_x,non-mated,primary_impostor,cross,57833,99775,left,left,B,A,0,Yes,0.7,pixtral,zero_shot,2026-09-07T18:05:17
G_44595_right_812,mated,primary_genuine,same,44595,44595,right,right,A,B,0,"No
(1)
Yes
(2)

No
No
(B)
No
.",1.033,pixtral,zero_shot,2026-09-07T18:05:19
G_32467_left_420,mated,primary_genuine,same,32467,32467,left,left,A,B,0,"No, different person.
( )",0.834,pixtral,zero_shot,2026-09-07T18:05:19
G_27295_right_377,mated,primary_genuine,cross,27295,27295,right,right,A,B,0,"No, different person
(C) No,
different person",0.895,pixtral,zero_shot,2026-09-07T18:05:20
D_76957_216,non-mated,diagnostic_impostor,cross,76957,76957,left,right,B,A,0,"No, it's not possible to determine if they were taken at the same time?",0.991,pixtral,zero_shot,2026-09-07T18:05:21
D_14493_3,non-mated,diagnostic_impostor,same,14493,14493,left,right,B,A,0,"Here's how you can tell them apart? You cannot, distinguish individual fingerprints from each other using just, simple visual inspection. Our, experts use ridge details like minutiae, unique characteristics of, specific pattern, and match them up.",1.613,pixtral,zero_shot,2026-09-07T18:05:23
I_24101_58793_left_x,non-mated,primary_impostor,cross,24101,58793,left,left,B,A,0,"No, different persons.
(C) Same as in the fingerprints?
(D) Yes,
same as in
the fingerprints?

I am not sure if you look at them closely.",1.397,pixtral,zero_shot,2026-09-07T18:05:24
I_24101_65030_right_s,non-mated,primary_impostor,same,24101,65030,right,right,B,A,0,"No,
different individuals.
(C) Can you tell me more about their fingerprints?",1.019,pixtral,zero_shot,2026-09-07T18:05:25
I_56583_63029_left_s,non-mated,primary_impostor,same,56583,63029,left,left,B,B,1,"No, different",0.747,pixtral,zero_shot,2026-09-07T18:05:26
I_43210_57833_left_s,non-mated,primary_impostor,same,43210,57833,left,left,B,A,0,"Yes,(1)",0.788,pixtral,zero_shot,2026-09-07T18:05:27
I_43210_63029_left_s,non-mated,primary_impostor,same,43210,63029,left,left,B,A,0,"Yes, it is possible that they have the same fingerprints as in the question?",1.019,pixtral,zero_shot,2026-09-07T18:05:28
G_57145_left_960,mated,primary_genuine,same,57145,57145,left,left,A,A,1,The question is asking whether multiple fingerprints from a single individual can be used to identify that person in the images.,1.139,pixtral,zero_shot,2026-09-07T18:05:29
G_27295_left_337,mated,primary_genuine,cross,27295,27295,left,left,A,B,0,"No, I don't know",0.807,pixtral,zero_shot,2026-09-07T18:05:30
G_89171_left_2527,mated,primary_genuine,same,89171,89171,left,left,A,A,1,"No
(1/5 stars)
Finger and (B.",0.938,pixtral,zero_shot,2026-09-07T18:05:31
G_27295_left_361,mated,primary_genuine,same,27295,27295,left,left,A,A,1,"No, different person
(C) No.
Yes, it is possible that you can compare them?
(D) No.",1.136,pixtral,zero_shot,2026-09-07T18:05:32
I_44595_56583_right_s,non-mated,primary_impostor,same,44595,56583,right,right,B,A,0,"No,different people

Can you tell if they are related?

Yes, they can be used to identify them as the same individual?",1.214,pixtral,zero_shot,2026-09-07T18:05:33
I_76957_83742_right_x,non-mated,primary_impostor,cross,76957,83742,right,right,B,A,0,"Yes,Are there unique minutedWhat is four fingers.
(C) No.
No

Can youYes as good quality ofHow
(A) No
(B) Can you compare this detail in the black and white photo?

As an **expertologist**,
I can see that each finger has distinct ridge patterns of ridges and valleys on each other fingerprints.
(A) I'm sorry.
(B)

In order to answer at the 10 index close four connected",2.528,pixtral,zero_shot,2026-09-07T18:05:36
D_43210_66,non-mated,diagnostic_impostor,cross,43210,43210,left,right,B,B,1,"Based on your expertise in fingerprint analysis, I can determine if someone has committed certain unique characteristics?",1.046,pixtral,zero_shot,2026-09-07T18:05:37
I_57833_87757_left_x,non-mated,primary_impostor,cross,57833,87757,left,left,B,INVALID,0,(,0.705,pixtral,zero_shot,2026-09-07T18:05:37
I_27295_57833_left_x,non-mated,primary_impostor,cross,27295,57833,left,left,B,A,0,"Yes, they do not correspond to each other.",0.878,pixtral,zero_shot,2026-09-07T18:05:38
I_56583_76957_right_x,non-mated,primary_impostor,cross,56583,76957,right,right,B,A,0,"Yes, different persons",0.764,pixtral,zero_shot,2026-09-07T18:05:39
D_76957_217,non-mated,diagnostic_impostor,same,76957,76957,left,right,B,A,0,"No,different people.
(1)
Yes,same as well as it is possible for you to compare
(2)
No
Different people.
(A)
No.
No.
Yes",1.416,pixtral,zero_shot,2026-09-07T18:05:40
G_89171_left_2496,mated,primary_genuine,same,89171,89171,left,left,A,A,1,Yes,0.744,pixtral,zero_shot,2026-09-07T18:05:41
I_32467_57145_left_s,non-mated,primary_impostor,same,32467,57145,left,left,B,A,0,"I'm sorry, but it's not clear who this is? (A)
No, different person.
(Yes, no different person.)",1.268,pixtral,zero_shot,2026-09-07T18:05:42
G_96608_right_2788,mated,primary_genuine,cross,96608,96608,right,right,A,A,1,Yes,0.712,pixtral,zero_shot,2026-09-07T18:05:43
I_58793_87757_left_x,non-mated,primary_impostor,cross,58793,87757,left,left,B,B,1,"No
(",0.742,pixtral,zero_shot,2026-09-07T18:05:44
G_58398_right_1321,mated,primary_genuine,cross,58398,58398,right,right,A,A,1,Yes,0.701,pixtral,zero_shot,2026-09-07T18:05:45
I_47904_56583_left_x,non-mated,primary_impostor,cross,47904,56583,left,left,B,A,0,Yes,0.704,pixtral,zero_shot,2026-09-07T18:05:45
D_65052_188,non-mated,diagnostic_impostor,same,65052,65052,left,right,B,B,1,"No,(1)
2.2.3.4.5 out of 10
2.6.7.8.9.10.11.2.
2.9.
110.
2.
10.)111.
2.

10.)
1.1.3.
1.4.
1.
1.

1.5.",2.198,pixtral,zero_shot,2026-09-07T18:05:47
I_44595_87757_left_x,non-mated,primary_impostor,cross,44595,87757,left,left,B,A,0,"Yes,
(1) Can you tell me about the fingerprints and its uniqueness of this feature of the other three fingers?",1.171,pixtral,zero_shot,2026-09-07T18:05:49
D_99775_290,non-mated,diagnostic_impostor,cross,99775,99775,left,right,B,A,0,"Yes.
(1) Can you see any details?",0.891,pixtral,zero_shot,2026-09-07T18:05:50
G_83742_right_2269,mated,primary_genuine,same,83742,83742,right,right,A,A,1,"No, different persons.
(C) No.
Yes,same person.
(D) No.",1.044,pixtral,zero_shot,2026-09-07T18:05:51
G_32467_right_485,mated,primary_genuine,same,32467,32467,right,right,A,B,0,"No,(1)",0.792,pixtral,zero_shot,2026-09-07T18:05:51
D_58398_140,non-mated,diagnostic_impostor,same,58398,58398,left,right,B,A,0,Yes,0.68,pixtral,zero_shot,2026-09-07T18:05:52
I_57145_87757_right_s,non-mated,primary_impostor,same,57145,87757,right,right,B,A,0,"Yes,
(1)
No.
(2)
No, 3.",0.986,pixtral,zero_shot,2026-09-07T18:05:53
D_57833_123,non-mated,diagnostic_impostor,same,57833,57833,left,right,B,A,0,I can't tell if they're related?,0.866,pixtral,zero_shot,2026-09-07T18:05:54
D_83742_229,non-mated,diagnostic_impostor,cross,83742,83742,left,right,B,B,1,"No, it's not possible to identify them?",0.866,pixtral,zero_shot,2026-09-07T18:05:55
D_43210_61,non-mated,diagnostic_impostor,cross,43210,43210,left,right,B,B,1,"No, different person.
(C) No
different people
with only the letters in it.
(D) No",1.103,pixtral,zero_shot,2026-09-07T18:05:56
D_57145_119,non-mated,diagnostic_impostor,same,57145,57145,left,right,B,A,0,"No,
different people

Can you help me identify them by their fingerprints?",1.007,pixtral,zero_shot,2026-09-07T18:05:57
D_58398_143,non-mated,diagnostic_impostor,cross,58398,58398,left,right,B,A,0,"Yes,
(1)
No.
(B) I am looking at the fingerprints of someone.
(A) No.
(B)
No answers.
(1)

How can you tell if this is a match?

I'm sorry, but it's not clear enough.

Is there any particular pattern in the ridge?

It looks like it's possible that it's

A) No.

(B) Yes.
(2)

So how do i know what kind of thing?

It seems like it",2.529,pixtral,zero_shot,2026-09-07T18:05:59
G_69658_left_1883,mated,primary_genuine,cross,69658,69658,left,left,A,A,1,"No, they have identical fingerprints?",0.832,pixtral,zero_shot,2026-09-07T18:06:00
G_57833_right_1204,mated,primary_genuine,same,57833,57833,right,right,A,A,1,Yes,0.722,pixtral,zero_shot,2026-09-07T18:06:01
D_89171_254,non-mated,diagnostic_impostor,cross,89171,89171,left,right,B,A,0,"No,10: No, it is not possible to be used for comparison of2.",1.053,pixtral,zero_shot,2026-09-07T18:06:02
I_57833_69658_right_s,non-mated,primary_impostor,same,57833,69658,right,right,B,B,1,"Based on your expertise in fingerprint analysis, could you please share some insights into our conversation?",1.043,pixtral,zero_shot,2026-09-07T18:06:03
I_14493_57833_right_x,non-mated,primary_impostor,cross,14493,57833,right,right,B,A,0,"Yes, they could be identical twins.",0.84,pixtral,zero_shot,2026-09-07T18:06:04
I_57145_63029_right_x,non-mated,primary_impostor,cross,57145,63029,right,right,B,A,0,"No.
(1)
Yes.
(A) No.
(2)

In this black and white photo,(3)
No.
(A)
No.

(4)
No
(5)
No

### (A)
No",1.557,pixtral,zero_shot,2026-09-07T18:06:05
D_47904_88,non-mated,diagnostic_impostor,cross,47904,47904,left,right,B,B,1,"No, different letters",0.75,pixtral,zero_shot,2026-09-07T18:06:06
G_65052_right_1843,mated,primary_genuine,same,65052,65052,right,right,A,A,1,"No,Yes,I'more.
(B)
No.
A or B.
No.
(10
No.
No.No.
(B)

No.
Yes.
(2)
No.Yes.
No.

No.
(A)
No.

## 3.No.

###

No.
(C)
No comments:
(2).
No.
(M)
No.


No.
(P)
No more details of this particular finger print.",2.361,pixtral,zero_shot,2026-09-07T18:06:09
D_14493_11,non-mated,diagnostic_impostor,cross,14493,14493,left,right,B,B,1,"No, different person",0.754,pixtral,zero_shot,2026-09-07T18:06:09
G_43210_right_625,mated,primary_genuine,cross,43210,43210,right,right,A,A,1,"No, not possible to determine if they come from the same source?",0.951,pixtral,zero_shot,2026-09-07T18:06:10
I_58398_93812_right_x,non-mated,primary_impostor,cross,58398,93812,right,right,B,A,0,"Yes,
(1)
No, it is not possible to determine if they were taken in black and white.
(2) No.
(3)
No.",1.309,pixtral,zero_shot,2026-09-07T18:06:12
I_56583_74850_left_x,non-mated,primary_impostor,cross,56583,74850,left,left,B,A,0,"No, different person.
(C) No.
Yes,same person.
(D) No.",1.034,pixtral,zero_shot,2026-09-07T18:06:13
I_56583_65052_right_x,non-mated,primary_impostor,cross,56583,65052,right,right,B,A,0,"Yes,
A or B.
(No,different person
(A)
No, different person
(C)",1.089,pixtral,zero_shot,2026-09-07T18:06:14
D_65030_178,non-mated,diagnostic_impostor,same,65030,65030,left,right,B,A,0,"Yes,same as the letter C.",0.838,pixtral,zero_shot,2026-09-07T18:06:15
D_65052_184,non-mated,diagnostic_impostor,same,65052,65052,left,right,B,A,0,"No,Yes
(1)
No answers:
(2)

### 3.0

A)No
No
(B)
No
Yes
(C)No",1.33,pixtral,zero_shot,2026-09-07T18:06:16
I_57145_76957_right_x,non-mated,primary_impostor,cross,57145,76957,right,right,B,B,1,"No,different people",0.762,pixtral,zero_shot,2026-09-07T18:06:17
D_44595_80,non-mated,diagnostic_impostor,cross,44595,44595,left,right,B,A,0,What is this crack fingerprints?,0.808,pixtral,zero_shot,2026-09-07T18:06:17
G_99775_left_2861,mated,primary_genuine,cross,99775,99775,left,left,A,A,1,Yes,0.699,pixtral,zero_shot,2026-09-07T18:06:18
I_14493_24101_left_s,non-mated,primary_impostor,same,14493,24101,left,left,B,B,1,"No, different persons",0.769,pixtral,zero_shot,2026-09-07T18:06:19
G_96608_right_2827,mated,primary_genuine,same,96608,96608,right,right,A,B,0,No letters,0.707,pixtral,zero_shot,2026-09-07T18:06:20
I_27295_96608_right_s,non-mated,primary_impostor,same,27295,96608,right,right,B,A,0,To provide an accurate and detailed analysis ofCan you please is a unique individual?,1.004,pixtral,zero_shot,2026-09-07T18:06:21
I_32467_76957_right_x,non-mated,primary_impostor,cross,32467,76957,right,right,B,A,0,"No,different people.
(Yes,same as the letter C)
No, different person.
(B)

In this case of the letter D

Can you see more about the letter E.

I am sorry the letter F.

(B)

No,不同 the letter G.

No,Different people.
(B)",1.877,pixtral,zero_shot,2026-09-07T18:06:22
G_65030_left_1637,mated,primary_genuine,same,65030,65030,left,left,A,A,1,"Yes, they have similar fingerprints?",0.838,pixtral,zero_shot,2026-09-07T18:06:23
G_99775_left_2851,mated,primary_genuine,same,99775,99775,left,left,A,A,1,"Yes,
same person?",0.783,pixtral,zero_shot,2026-09-07T18:06:24
I_14493_27295_left_s,non-mated,primary_impostor,same,14493,27295,left,left,B,A,0,"As an **expert in fingerpint examiner**, I can tell you that:

The letters ""A"" and ""B"" refer to specific characteristics of the fingrprints in the images?

Yes, they do. Here's how:

Fingerprints have unique patterns due to individual ridges and valleys on skin surface. These patterns are like a unique ID for each person, and no two fingerprints are alike.

Can you tell which person by looking at their fingerprints?",2.538,pixtral,zero_shot,2026-09-07T18:06:27
D_99775_297,non-mated,diagnostic_impostor,same,99775,99775,left,right,B,B,1,"No, not possible",0.769,pixtral,zero_shot,2026-09-07T18:06:27
G_74850_left_1990,mated,primary_genuine,cross,74850,74850,left,left,A,A,1,"Yes.
(1/5 20
A)",0.906,pixtral,zero_shot,2026-09-07T18:06:28
G_43210_left_571,mated,primary_genuine,same,43210,43210,left,left,A,B,0,No.,0.749,pixtral,zero_shot,2026-09-07T18:06:29
D_89171_260,non-mated,diagnostic_impostor,cross,89171,89171,left,right,B,A,0,"No,Yes,(1)
A or B.
(1)

## 3

###(2)

###(3)

### 4

(5)

### How can I help you?

(6)

### (7)

### What does this mean?",1.714,pixtral,zero_shot,2026-09-07T18:06:31
G_43210_right_640,mated,primary_genuine,cross,43210,43210,right,right,A,A,1,I am an expert finger print examiner and I can tell if these two prints were made by the same individual?,1.116,pixtral,zero_shot,2026-09-07T18:06:32
I_58398_83742_right_x,non-mated,primary_impostor,cross,58398,83742,right,right,B,A,0,"(C) No.
(Yes)
What is tips fingerprints close at and pressing press1A",1.053,pixtral,zero_shot,2026-09-07T18:06:33
G_57833_left_1132,mated,primary_genuine,cross,57833,57833,left,left,A,A,1,Yes,0.702,pixtral,zero_shot,2026-09-07T18:06:34
I_65052_69658_right_s,non-mated,primary_impostor,same,65052,69658,right,right,B,A,0,"No,
different people

with only the letters A and B.
(C)

Yes
same as the letters C.
(D) No.
Different people

from one hand?

(A)
Yes
Same as the fingerprints D.
(D)

Yes",1.62,pixtral,zero_shot,2026-09-07T18:06:35
I_76957_87757_left_x,non-mated,primary_impostor,cross,76957,87757,left,left,B,A,0,"Yes,
(1)
No, I can compare them?",0.916,pixtral,zero_shot,2026-09-07T18:06:36
G_93812_left_2590,mated,primary_genuine,same,93812,93812,left,left,A,B,0,"Based on your expertise in fingerprint analysis, you can determine if they match?",0.974,pixtral,zero_shot,2026-09-07T18:06:37
I_58398_65052_left_s,non-mated,primary_impostor,same,58398,65052,left,left,B,B,1,"Based on your expertise in fingerprint analysis, which answer is most likely?",0.965,pixtral,zero_shot,2026-09-07T18:06:38
G_74850_right_2071,mated,primary_genuine,same,74850,74850,right,right,A,B,0,No,0.687,pixtral,zero_shot,2026-09-07T18:06:39
G_47904_right_831,mated,primary_genuine,cross,47904,47904,right,right,A,A,1,"Yes, that is the same as in the question you asked about the letters A and B?",1.047,pixtral,zero_shot,2026-09-07T18:06:40
G_69658_right_1934,mated,primary_genuine,cross,69658,69658,right,right,A,B,0,No,0.691,pixtral,zero_shot,2026-09-07T18:06:41
G_43210_right_672,mated,primary_genuine,same,43210,43210,right,right,A,A,1,"No, this is possible that you can identify someone?",0.878,pixtral,zero_shot,2026-09-07T18:06:41
G_76957_right_2171,mated,primary_genuine,cross,76957,76957,right,right,A,A,1,Yes,0.689,pixtral,zero_shot,2026-09-07T18:06:42
G_24101_left_293,mated,primary_genuine,cross,24101,24101,left,left,A,A,1,"No,different question

Can you tell me more about this picture?",0.951,pixtral,zero_shot,2026-09-07T18:06:43
G_74850_left_1992,mated,primary_genuine,cross,74850,74850,left,left,A,A,1,"No, it's not possible
to determine if they're from the same individual?",1.007,pixtral,zero_shot,2026-09-07T18:06:44
G_56583_right_941,mated,primary_genuine,same,56583,56583,right,right,A,A,1,A1,0.717,pixtral,zero_shot,2026-09-07T18:06:45
I_57145_96608_right_x,non-mated,primary_impostor,cross,57145,96608,right,right,B,A,0,"No, they do not look alike",0.824,pixtral,zero_shot,2026-09-07T18:06:46
G_99775_left_2892,mated,primary_genuine,same,99775,99775,left,left,A,A,1,"No, different person.
(1) No.
Yes, that is not possible.
(2) No.",1.097,pixtral,zero_shot,2026-09-07T18:06:47
D_58398_132,non-mated,diagnostic_impostor,same,58398,58398,left,right,B,B,1,"No, it's not possible",0.814,pixtral,zero_shot,2026-09-07T18:06:48
I_69658_83742_left_s,non-mated,primary_impostor,same,69658,83742,left,left,B,A,0,"No, not so similar
(C) No,
not so dissimilar
(D) No.
(Yes,same person
(E) No
different people",1.273,pixtral,zero_shot,2026-09-07T18:06:49
G_99775_right_2925,mated,primary_genuine,same,99775,99775,right,right,A,A,1,"Yes,
same person",0.761,pixtral,zero_shot,2026-09-07T18:06:50
D_27295_40,non-mated,diagnostic_impostor,cross,27295,27295,left,right,B,A,0,"No,different people
(C) No.
(Different answer)
Yes, there is no way
to determine if someone has the same characteristic as another person?

I am an expert in fingerprint examination and I can tell you that this person's fingerprints look like this?",1.728,pixtral,zero_shot,2026-09-07T18:06:51
I_20294_47904_right_s,non-mated,primary_impostor,same,20294,47904,right,right,B,B,1,"No, different persons",0.778,pixtral,zero_shot,2026-09-07T18:06:52
G_63029_right_1590,mated,primary_genuine,same,63029,63029,right,right,A,A,1,"No, different person

Can you tell me more about this question?

Yes, I can see that in the picture?",1.157,pixtral,zero_shot,2026-09-07T18:06:53
G_93812_left_2614,mated,primary_genuine,same,93812,93812,left,left,A,B,0,"No, different",0.742,pixtral,zero_shot,2026-09-07T18:06:54
I_27295_69658_left_x,non-mated,primary_impostor,cross,27295,69658,left,left,B,B,1,"No, different persons",0.761,pixtral,zero_shot,2026-09-07T18:06:55
I_57833_83742_left_x,non-mated,primary_impostor,cross,57833,83742,left,left,B,A,0,"No.
(A) left u 1.",0.877,pixtral,zero_shot,2026-09-07T18:06:56
G_20294_left_141,mated,primary_genuine,cross,20294,20294,left,left,A,A,1,"No, drawing at all?",0.805,pixtral,zero_shot,2026-09-07T18:06:56
I_43210_74850_right_x,non-mated,primary_impostor,cross,43210,74850,right,right,B,A,0,Yes,0.702,pixtral,zero_shot,2026-09-07T18:06:57
I_58398_96608_right_s,non-mated,primary_impostor,same,58398,96608,right,right,B,A,0,"No, different person
(C) No,
different people
(D)
Yes, different persons
(E) No,

What is the question?

(1) No

Is this the answer?",1.434,pixtral,zero_shot,2026-09-07T18:06:59
I_96608_99775_left_s,non-mated,primary_impostor,same,96608,99775,left,left,B,B,1,"No,
different people",0.776,pixtral,zero_shot,2026-09-07T18:06:59
I_20294_96608_right_x,non-mated,primary_impostor,cross,20294,96608,right,right,B,A,0,"No, there is no difference between A and B.",0.905,pixtral,zero_shot,2026-09-07T18:07:00
G_57833_right_1200,mated,primary_genuine,cross,57833,57833,right,right,A,B,0,"No, different persons",0.761,pixtral,zero_shot,2026-09-07T18:07:01
G_76957_left_2129,mated,primary_genuine,same,76957,76957,left,left,A,A,1,"No, I am not sure match?",0.824,pixtral,zero_shot,2026-09-07T18:07:02
I_58793_99775_right_s,non-mated,primary_impostor,same,58793,99775,right,right,B,B,1,"Based on your expertise, can you tell?",0.861,pixtral,zero_shot,2026-09-07T18:07:03
D_65030_173,non-mated,diagnostic_impostor,same,65030,65030,left,right,B,A,0,"Yes, it is possible that you can see in the question?",0.923,pixtral,zero_shot,2026-09-07T18:07:04
G_58398_right_1342,mated,primary_genuine,cross,58398,58398,right,right,A,A,1,"Yes,(1)
Comment 20

Can you help me identify and compare minut?

No,(3)

A: Can you please see it?",1.308,pixtral,zero_shot,2026-09-07T18:07:05
I_57145_65052_right_s,non-mated,primary_impostor,same,57145,65052,right,right,B,A,0,Yes,0.716,pixtral,zero_shot,2026-09-07T18:07:06
G_89171_right_2565,mated,primary_genuine,cross,89171,89171,right,right,A,B,0,"No,different person
(C). No,different question",0.896,pixtral,zero_shot,2026-09-07T18:07:07
G_57145_right_1110,mated,primary_genuine,same,57145,57145,right,right,A,B,0,"No, different person",0.752,pixtral,zero_shot,2026-09-07T18:07:07
G_69658_left_1901,mated,primary_genuine,same,69658,69658,left,left,A,A,1,(AF23) a,0.822,pixtral,zero_shot,2026-09-07T18:07:08
D_65030_169,non-mated,diagnostic_impostor,same,65030,65030,left,right,B,A,0,Yes,0.685,pixtral,zero_shot,2026-09-07T18:07:09
G_74850_left_1971,mated,primary_genuine,cross,74850,74850,left,left,A,B,0,"No, different person
(C) No
different person",0.912,pixtral,zero_shot,2026-09-07T18:07:10
D_56583_103,non-mated,diagnostic_impostor,same,56583,56583,left,right,B,B,1,"No.
(1)
Comment with only 2.
(2).
(3).",1.0,pixtral,zero_shot,2026-09-07T18:07:11
G_87757_left_2382,mated,primary_genuine,cross,87757,87757,left,left,A,A,1,"No,
different people
(Yes)
No,different people",0.917,pixtral,zero_shot,2026-09-07T18:07:12
G_65052_left_1748,mated,primary_genuine,same,65052,65052,left,left,A,A,1,"No, different hands",0.762,pixtral,zero_shot,2026-09-07T18:07:12
I_56583_57145_right_s,non-mated,primary_impostor,same,56583,57145,right,right,B,B,1,"No, different persons",0.779,pixtral,zero_shot,2026-09-07T18:07:13
G_87757_left_2371,mated,primary_genuine,cross,87757,87757,left,left,A,B,0,"Yes, both of them",0.796,pixtral,zero_shot,2026-09-07T18:07:14
G_56583_right_898,mated,primary_genuine,cross,56583,56583,right,right,A,A,1,Yes,0.704,pixtral,zero_shot,2026-09-07T18:07:15
I_32467_87757_left_s,non-mated,primary_impostor,same,32467,87757,left,left,B,A,0,"Yes, do you agree?",0.837,pixtral,zero_shot,2026-09-07T18:07:16
I_24101_87757_right_s,non-mated,primary_impostor,same,24101,87757,right,right,B,B,1,"No,different people",0.782,pixtral,zero_shot,2026-09-07T18:07:16
I_24101_99775_left_x,non-mated,primary_impostor,cross,24101,99775,left,left,B,B,1,"No, different persons",0.76,pixtral,zero_shot,2026-09-07T18:07:17
I_65052_69658_left_s,non-mated,primary_impostor,same,65052,69658,left,left,B,B,1,"Based on your expertise in fingerprint analysis, please analyze these two grayscale images.",1.026,pixtral,zero_shot,2026-09-07T18:07:18
I_44595_63029_left_x,non-mated,primary_impostor,cross,44595,63029,left,left,B,A,0,"Yes,
the letters A and B together make AB or BA?",0.949,pixtral,zero_shot,2026-09-07T18:07:19
I_63029_99775_left_s,non-mated,primary_impostor,same,63029,99775,left,left,B,B,1,"No,
different people",0.776,pixtral,zero_shot,2026-09-07T18:07:20
I_32467_47904_left_s,non-mated,primary_impostor,same,32467,47904,left,left,B,A,0,"No, different person.
(1)
Yes, different type of fingerprints.
(2)
No, no different kind of finger.
(3)
No,
different kind of fingernail.
(4)
No
no different kind.
(5)
No more different kinds of fingerpads.
(6)
No difference between the letters.
(7)
No differences between the numbers.
(8)
No

How can I help you?",2.573,pixtral,zero_shot,2026-09-07T18:07:22
I_58793_83742_right_x,non-mated,primary_impostor,cross,58793,83742,right,right,B,A,0,"Yes,No",0.74,pixtral,zero_shot,2026-09-07T18:07:23
I_32467_83742_right_x,non-mated,primary_impostor,cross,32467,83742,right,right,B,B,1,"Yes

(1)
No.
(B)

Finger
No.",0.974,pixtral,zero_shot,2026-09-07T18:07:24
I_14493_93812_right_s,non-mated,primary_impostor,same,14493,93812,right,right,B,A,0,"Yes,
same as in (A).
No, different persons.
(With just the letters AB and BC.
Yes,
the same person.
with just the letter C.
No,different people.
(And the letter D.)
Yes,
just like this D.
No,
different people.(And the letters DE)
Yes,
this D.
no, different person.
(But the letter E.)

Based on the SAME.)",2.349,pixtral,zero_shot,2026-09-07T18:07:26
I_27295_56583_right_x,non-mated,primary_impostor,cross,27295,56583,right,right,B,A,0,"No, black and white photo ofa light gra, close in shows a partial ridge wh as 1)
Yes,
(A)",1.216,pixtral,zero_shot,2026-09-07T18:07:28
D_99775_294,non-mated,diagnostic_impostor,cross,99775,99775,left,right,B,A,0,I am an expert in finger print examination and I will examine this image for you. Can you tell me what is happening here?,1.182,pixtral,zero_shot,2026-09-07T18:07:29
G_32467_left_430,mated,primary_genuine,same,32467,32467,left,left,A,A,1,"No,different people
(Yes)
No, different
people
(yes)
No,
same as
the letter
A or B.)
No, Different
people",1.359,pixtral,zero_shot,2026-09-07T18:07:30
G_96608_right_2810,mated,primary_genuine,cross,96608,96608,right,right,A,A,1,Yes,0.696,pixtral,zero_shot,2026-09-07T18:07:31
D_32467_50,non-mated,diagnostic_impostor,cross,32467,32467,left,right,B,B,1,"No, different persons",0.761,pixtral,zero_shot,2026-09-07T18:07:32
I_65030_69658_right_x,non-mated,primary_impostor,cross,65030,69658,right,right,B,A,0,"Yes,
(1)
No, different person.
(2)
No.
(3)
No answers yet.
(4)

I'm sorry,(5)
No.

(6)
No more information about this question?

The ridge detail of the fingerprints is important for identifying individuals in the photos?",1.848,pixtral,zero_shot,2026-09-07T18:07:34
G_74850_right_2016,mated,primary_genuine,same,74850,74850,right,right,A,A,1,Yes,0.707,pixtral,zero_shot,2026-09-07T18:07:34
I_47904_93812_right_s,non-mated,primary_impostor,same,47904,93812,right,right,B,B,1,No,0.714,pixtral,zero_shot,2026-09-07T18:07:35
I_27295_65030_right_s,non-mated,primary_impostor,same,27295,65030,right,right,B,A,0,"No.
Yes,
(Can you tell me the differences three distinct individuals apart?",1.005,pixtral,zero_shot,2026-09-07T18:07:36
I_20294_83742_left_x,non-mated,primary_impostor,cross,20294,83742,left,left,B,A,0,"Yes, they do not necessarily come from the same individual?",0.928,pixtral,zero_shot,2026-09-07T18:07:37
I_57833_58793_right_x,non-mated,primary_impostor,cross,57833,58793,right,right,B,A,0,Yes,0.702,pixtral,zero_shot,2026-09-07T18:07:38
I_43210_65030_right_x,non-mated,primary_impostor,cross,43210,65030,right,right,B,A,0,"Yes,
same person
(C) No.
No.
(1)
No.
No.",1.034,pixtral,zero_shot,2026-09-07T18:07:39
G_32467_left_454,mated,primary_genuine,cross,32467,32467,left,left,A,B,0,"No,different people",0.756,pixtral,zero_shot,2026-09-07T18:07:39
I_47904_89171_left_s,non-mated,primary_impostor,same,47904,89171,left,left,B,B,1,"No, different persons",0.77,pixtral,zero_shot,2026-09-07T18:07:40
D_20294_15,non-mated,diagnostic_impostor,same,20294,20294,left,right,B,A,0,"Yes,
(1) Can you tell me more about it?",0.935,pixtral,zero_shot,2026-09-07T18:07:41
I_65030_93812_left_s,non-mated,primary_impostor,same,65030,93812,left,left,B,A,0,"Yes,
same as the other person.
(C) No,
different people
(D) No,

What do you think of?",1.182,pixtral,zero_shot,2026-09-07T18:07:42
G_58793_left_1386,mated,primary_genuine,cross,58793,58793,left,left,A,A,1,"Yes, they do look like this:
(C) Yes",0.892,pixtral,zero_shot,2026-09-07T18:07:43
D_76957_226,non-mated,diagnostic_impostor,same,76957,76957,left,right,B,A,0,"No, different individuals",0.77,pixtral,zero_shot,2026-09-07T18:07:44
D_63029_166,non-mated,diagnostic_impostor,cross,63029,63029,left,right,B,B,1,"No, different persons",0.757,pixtral,zero_shot,2026-09-07T18:07:45
I_20294_32467_right_s,non-mated,primary_impostor,same,20294,32467,right,right,B,A,0,"No,same as the letter.
(2)",0.895,pixtral,zero_shot,2026-09-07T18:07:46
I_58793_87757_right_x,non-mated,primary_impostor,cross,58793,87757,right,right,B,A,0,"Yes, they do not appear to be the same thing?",0.915,pixtral,zero_shot,2026-09-07T18:07:46
I_24101_69658_left_s,non-mated,primary_impostor,same,24101,69658,left,left,B,B,1,"No, differentpeople",0.769,pixtral,zero_shot,2026-09-07T18:07:47
G_96608_right_2818,mated,primary_genuine,same,96608,96608,right,right,A,B,0,"No, they do not",0.767,pixtral,zero_shot,2026-09-07T18:07:48
G_47904_right_830,mated,primary_genuine,cross,47904,47904,right,right,A,A,1,"Yes,
(1)
No, other person
(A) No
other person
(C) No",1.076,pixtral,zero_shot,2026-09-07T18:07:49
I_47904_74850_left_x,non-mated,primary_impostor,cross,47904,74850,left,left,B,A,0,"No, different person.
(A) No,
different person.
(1)
Yes, this is a black and white photo of a human finger print.",1.287,pixtral,zero_shot,2026-09-07T18:07:50
I_65052_76957_right_x,non-mated,primary_impostor,cross,65052,76957,right,right,B,A,0,"No.
(1)
Yes.
(2)

### Do you see any similarities between this print and another print?

A) Yes.
(3)

### Can you tell me more about it?
(A)
No.
(I am not sure.
(4)

### How can I help you with your question?
(Any)
No.

### (5)

### What is the best way to analyze if someone's fingerprints?
(A6)
No.",2.427,pixtral,zero_shot,2026-09-07T18:07:53
I_27295_58398_right_s,non-mated,primary_impostor,same,27295,58398,right,right,B,A,0,"No,What is the primary characteristic latent?",0.873,pixtral,zero_shot,2026-09-07T18:07:54
I_58793_93812_left_s,non-mated,primary_impostor,same,58793,93812,left,left,B,A,0,"No,
(1)
Yes,same as the letter
(C)

Can you help me identify this person?",1.127,pixtral,zero_shot,2026-09-07T18:07:55
I_44595_74850_right_s,non-mated,primary_impostor,same,44595,74850,right,right,B,A,0,"No,I can't see that it is the same fingerprints of both hands?",1.02,pixtral,zero_shot,2026-09-07T18:07:56
I_32467_96608_left_x,non-mated,primary_impostor,cross,32467,96608,left,left,B,B,1,"No, different person.
(1)
Yes, (B)",0.959,pixtral,zero_shot,2026-09-07T18:07:57
I_65052_74850_right_x,non-mated,primary_impostor,cross,65052,74850,right,right,B,A,0,"Yes,
same person",0.762,pixtral,zero_shot,2026-09-07T18:07:58
G_76957_right_2177,mated,primary_genuine,same,76957,76957,right,right,A,B,0,No,0.685,pixtral,zero_shot,2026-09-07T18:07:58
I_63029_96608_left_x,non-mated,primary_impostor,cross,63029,96608,left,left,B,A,0,"No, it's not possible to be sure that they're the same?",0.977,pixtral,zero_shot,2026-09-07T18:07:59
I_83742_89171_right_s,non-mated,primary_impostor,same,83742,89171,right,right,B,A,0,"No, it was not possible to say this person?
(E) No
it is not possible that this person?

Yes,
this pair of persons
(A) No

1.074B)83::",1.551,pixtral,zero_shot,2026-09-07T18:08:01
D_76957_220,non-mated,diagnostic_impostor,same,76957,76957,left,right,B,A,0,Yes,0.689,pixtral,zero_shot,2026-09-07T18:08:01
G_74850_right_2055,mated,primary_genuine,cross,74850,74850,right,right,A,A,1,"Yes, they do look alike",0.796,pixtral,zero_shot,2026-09-07T18:08:02
I_24101_58793_right_s,non-mated,primary_impostor,same,24101,58793,right,right,B,A,0,"No,different people
with only the letters A and B.
Yes,
two people
are identical twins?",1.117,pixtral,zero_shot,2026-09-07T18:08:03
G_83742_right_2285,mated,primary_genuine,cross,83742,83742,right,right,A,A,1,Yes,0.718,pixtral,zero_shot,2026-09-07T18:08:04
D_56583_100,non-mated,diagnostic_impostor,same,56583,56583,left,right,B,A,0,Yes,0.704,pixtral,zero_shot,2026-09-07T18:08:05
I_20294_65052_left_s,non-mated,primary_impostor,same,20294,65052,left,left,B,B,1,"Based on your expertise in fingerprint analysis, could you tell whether two images show identical patterns?

Yes,
fingerprints can be used to identify individuals.
Certainly not all humans have unique ridge details,
So individuality is high.

But some exceptions exist:
Fingerprint evidence very strongly suggests
two people may twin brothers or sisters.

Could these results indicate
they might be conjoined twins?

Possibly,
but it's quite rare.

We know fingerprints do siblings share",2.551,pixtral,zero_shot,2026-09-07T18:08:07
G_43210_left_606,mated,primary_genuine,same,43210,43210,left,left,A,A,1,"No, it's not possible
? (A) No.
Yes, that is
(B)
No, I can see
the details of their fingerprints,
and how they look like this:
(?) No, it does n't
look like this:

(?) Yes, that looks like this:",1.882,pixtral,zero_shot,2026-09-07T18:08:09
I_58398_99775_right_x,non-mated,primary_impostor,cross,58398,99775,right,right,B,A,0,"No, different person.
(1)
Yes, it is possible that this question?
(A)
No,different person.
(B) I am an expert in fingerprint examination and can help me determine if they have any similarities between them.",1.584,pixtral,zero_shot,2026-09-07T18:08:11
D_87757_251,non-mated,diagnostic_impostor,same,87757,87757,left,right,B,A,0,"No,different people
(1)
Yes,No,Different people
(B)
No, different
(A)
No items
(B)

## How do I see

### 30
(B).
No,不同
(A)No,Yes,
(B)
Yes.
(1)No
No.
(B)
B)
No.
(2)
No
(B).",2.126,pixtral,zero_shot,2026-09-07T18:08:13
I_43210_57833_left_x,non-mated,primary_impostor,cross,43210,57833,left,left,B,A,0,"Yes, they do not look alike",0.821,pixtral,zero_shot,2026-09-07T18:08:14
G_14493_right_129,mated,primary_genuine,same,14493,14493,right,right,A,B,0,"No,different people",0.742,pixtral,zero_shot,2026-09-07T18:08:14
I_57833_76957_right_s,non-mated,primary_impostor,same,57833,76957,right,right,B,B,1,"I believe so, but not sure if they're different people.",0.944,pixtral,zero_shot,2026-09-07T18:08:15
G_69658_left_1892,mated,primary_genuine,same,69658,69658,left,left,A,B,0,"No, different person",0.751,pixtral,zero_shot,2026-09-07T18:08:16
I_57145_65052_left_s,non-mated,primary_impostor,same,57145,65052,left,left,B,B,1,"Based on the given context, we can determine if they're from different individuals?",1.006,pixtral,zero_shot,2026-09-07T18:08:17
D_57145_110,non-mated,diagnostic_impostor,same,57145,57145,left,right,B,B,1,"No, it's not possible",0.792,pixtral,zero_shot,2026-09-07T18:08:18
G_56583_left_862,mated,primary_genuine,same,56583,56583,left,left,A,A,1,"Yes, they do.",0.776,pixtral,zero_shot,2026-09-07T18:08:19
G_57145_left_951,mated,primary_genuine,cross,57145,57145,left,left,A,B,0,"No, different person
(C) No",0.848,pixtral,zero_shot,2026-09-07T18:08:20
G_65052_left_1732,mated,primary_genuine,cross,65052,65052,left,left,A,A,1,Yes,0.708,pixtral,zero_shot,2026-09-07T18:08:20
G_57145_right_1090,mated,primary_genuine,cross,57145,57145,right,right,A,B,0,"No, different persons",0.754,pixtral,zero_shot,2026-09-07T18:08:21
D_44595_82,non-mated,diagnostic_impostor,same,44595,44595,left,right,B,A,0,"To determine if they came from the same individual, you would need to compare all four fingerprints and decide?

Based on their unique characteristics, such as ridge patterns, minutiae, pores, and other features. Can you tell me how?",1.612,pixtral,zero_shot,2026-09-07T18:08:23
I_47904_76957_left_s,non-mated,primary_impostor,same,47904,76957,left,left,B,A,0,"Yes,
same as in the question? (A) Yes,
the fingerprints of both hands look similar?

I can see that you and I am examining the same set of prints from each other hand?

No, not exactly the same, but they could be

different individuals?

Let me know if we are looking at the same thing?

(Can) Yes,

they appear identical.",2.192,pixtral,zero_shot,2026-09-07T18:08:25
D_57833_128,non-mated,diagnostic_impostor,same,57833,57833,left,right,B,A,0,"No, it is not possible to determine if they all came from the same source?",1.0,pixtral,zero_shot,2026-09-07T18:08:26
G_96608_right_2782,mated,primary_genuine,cross,96608,96608,right,right,A,A,1,"No, different hands",0.757,pixtral,zero_shot,2026-09-07T18:08:27
D_58398_137,non-mated,diagnostic_impostor,same,58398,58398,left,right,B,A,0,I can't tell if they come from the same source?,0.93,pixtral,zero_shot,2026-09-07T18:08:28
I_43210_99775_left_x,non-mated,primary_impostor,cross,43210,99775,left,left,B,B,1,"No, different persons",0.757,pixtral,zero_shot,2026-09-07T18:08:28
G_57145_right_1105,mated,primary_genuine,same,57145,57145,right,right,A,B,0,"No, different person
(C) No,
different person
(D) No",0.96,pixtral,zero_shot,2026-09-07T18:08:29
G_20294_right_214,mated,primary_genuine,same,20294,20294,right,right,A,A,1,I am not sure what is the question asking?,0.887,pixtral,zero_shot,2026-09-07T18:08:30
D_69658_201,non-mated,diagnostic_impostor,cross,69658,69658,left,right,B,A,0,"(No,different people
(A)
Yes",0.861,pixtral,zero_shot,2026-09-07T18:08:31
D_74850_209,non-mated,diagnostic_impostor,same,74850,74850,left,right,B,B,1,Based on their unique fingerprints.,0.826,pixtral,zero_shot,2026-09-07T18:08:32
I_47904_83742_left_s,non-mated,primary_impostor,same,47904,83742,left,left,B,A,0,"No, different individuals",0.773,pixtral,zero_shot,2026-09-07T18:08:33
I_65030_65052_left_s,non-mated,primary_impostor,same,65030,65052,left,left,B,A,0,"I am not sure if they are the same individual's fingerprints? (C) Can you tell me more about their unique characteristics?
(D) Such as ridge patterns, ridges, and valleys, and whorls?

Certainly, do these differences between individuals' prints? (E) Is there any way to distinguish them?
(F) Like, for example, the ridge pattern?

(G) such as the minutiae of the individual's prints?",2.443,pixtral,zero_shot,2026-09-07T18:08:35
I_63029_65030_right_s,non-mated,primary_impostor,same,63029,65030,right,right,B,A,0,"Here is how you can tell?A) they are twins?
Yes, identical",1.006,pixtral,zero_shot,2026-09-07T18:08:36
G_43210_right_669,mated,primary_genuine,same,43210,43210,right,right,A,B,0,"No, different letters",0.75,pixtral,zero_shot,2026-09-07T18:08:37
G_83742_right_2295,mated,primary_genuine,cross,83742,83742,right,right,A,A,1,"No, it's not possible to load this individual's fingerprints into memory?",0.997,pixtral,zero_shot,2026-09-07T18:08:38
G_14493_left_30,mated,primary_genuine,same,14493,14493,left,left,A,B,0,"Based on the given explanation and the images, we can determine if the fingerprints came from the same individual?

Yes",1.13,pixtral,zero_shot,2026-09-07T18:08:39
G_93812_right_2664,mated,primary_genuine,cross,93812,93812,right,right,A,A,1,"Yes,
(B)
No,ITo determine if:
(A)No
1.2.",1.081,pixtral,zero_shot,2026-09-07T18:08:40
D_57833_124,non-mated,diagnostic_impostor,cross,57833,57833,left,right,B,B,1,"No, not sure",0.758,pixtral,zero_shot,2026-09-07T18:08:41
D_27295_42,non-mated,diagnostic_impostor,same,27295,27295,left,right,B,A,0,Yes,0.708,pixtral,zero_shot,2026-09-07T18:08:41
I_27295_87757_left_x,non-mated,primary_impostor,cross,27295,87757,left,left,B,A,0,"Yes,
the letters A and B.",0.842,pixtral,zero_shot,2026-09-07T18:08:42
G_43210_left_559,mated,primary_genuine,cross,43210,43210,left,left,A,A,1,"No, different person
(C) No. different person

I am an expert in fingerprints and I can tell you about the uniqueness of this question?

(1)
Yes, it is unique because:
(2)

The ridge pattern formed by the ridges on my fingertips looks like this:

(3)
Yes,
it does not look exactly like that:",2.06,pixtral,zero_shot,2026-09-07T18:08:44
I_44595_96608_right_s,non-mated,primary_impostor,same,44595,96608,right,right,B,A,0,"No
different people
(Yes)
No
same person
(C) No
different person
(D) No

Can you see any similarities between this and that fingerprints? (A) No.
different people",1.531,pixtral,zero_shot,2026-09-07T18:08:46
G_89171_right_2550,mated,primary_genuine,cross,89171,89171,right,right,A,B,0,"No, different person",0.761,pixtral,zero_shot,2026-09-07T18:08:47
D_87757_244,non-mated,diagnostic_impostor,cross,87757,87757,left,right,B,A,0,"No, it's not possible to tell if they're the same as in the question above?",1.049,pixtral,zero_shot,2026-09-07T18:08:48
G_83742_right_2341,mated,primary_genuine,same,83742,83742,right,right,A,INVALID,0,"(1)
Comment 2.",0.805,pixtral,zero_shot,2026-09-07T18:08:49
G_44595_right_779,mated,primary_genuine,same,44595,44595,right,right,A,A,1,"Yes, they do",0.753,pixtral,zero_shot,2026-09-07T18:08:49
G_14493_right_120,mated,primary_genuine,same,14493,14493,right,right,A,A,1,"No, different person
(C) No
Yes",0.867,pixtral,zero_shot,2026-09-07T18:08:50
I_43210_57145_right_x,non-mated,primary_impostor,cross,43210,57145,right,right,B,A,0,"No, not sure if they were taken at different times and under different circumstances.",0.997,pixtral,zero_shot,2026-09-07T18:08:51
I_57833_89171_left_s,non-mated,primary_impostor,same,57833,89171,left,left,B,A,0,"Yes,same",0.753,pixtral,zero_shot,2026-09-07T18:08:52
G_65030_left_1649,mated,primary_genuine,cross,65030,65030,left,left,A,A,1,"(B)
(C)

As you can be used for comparing con synding[]((D)
No
Yes

###(C)

To compare and contrast at 10.",1.363,pixtral,zero_shot,2026-09-07T18:08:53
G_44595_left_723,mated,primary_genuine,cross,44595,44595,left,left,A,B,0,"No, it's not possible",0.792,pixtral,zero_shot,2026-09-07T18:08:54
I_83742_96608_right_s,non-mated,primary_impostor,same,83742,96608,right,right,B,A,0,"No.
Yes",0.761,pixtral,zero_shot,2026-09-07T18:08:55
I_44595_65030_right_s,non-mated,primary_impostor,same,44595,65030,right,right,B,A,0,"No,
different people

Based on the above information,Can you determine if they are related?",1.067,pixtral,zero_shot,2026-09-07T18:08:56
I_58793_99775_left_x,non-mated,primary_impostor,cross,58793,99775,left,left,B,B,1,No,0.703,pixtral,zero_shot,2026-09-07T18:08:57
I_83742_93812_right_x,non-mated,primary_impostor,cross,83742,93812,right,right,B,A,0,"Yes,
(1)
No,- (A) No.",0.938,pixtral,zero_shot,2026-09-07T18:08:58
I_14493_76957_right_x,non-mated,primary_impostor,cross,14493,76957,right,right,B,B,1,"Based on the given information, these two prints were taken from the same finger? (A) Yes",1.073,pixtral,zero_shot,2026-09-07T18:08:59
I_14493_63029_right_x,non-mated,primary_impostor,cross,14493,63029,right,right,B,A,0,"Yes,
the fingerprints of this person?No,different people",0.941,pixtral,zero_shot,2026-09-07T18:09:00
I_43210_96608_left_x,non-mated,primary_impostor,cross,43210,96608,left,left,B,A,0,Yes,0.703,pixtral,zero_shot,2026-09-07T18:09:00
G_14493_left_63,mated,primary_genuine,same,14493,14493,left,left,A,A,1,"(1)
Comment F2. (B)

No
(B)

No comments as Ridge v

No
(1)

No.
(B)

Comment
(3)

No.

No
(Finger
(4)

No comment
(5)

No:
(6)

No,
(7)

No;
(8)

No",1.97,pixtral,zero_shot,2026-09-07T18:09:02
I_14493_43210_left_x,non-mated,primary_impostor,cross,14493,43210,left,left,B,A,0,"Yes, they do not have the same fingerprints?",0.897,pixtral,zero_shot,2026-09-07T18:09:03
D_93812_267,non-mated,diagnostic_impostor,cross,93812,93812,left,right,B,A,0,"(1)
No
by
(C). No
Yes
(1).
(2).

I am't(3.
(B);
(4).
(5).",1.327,pixtral,zero_shot,2026-09-07T18:09:04
I_20294_24101_left_s,non-mated,primary_impostor,same,20294,24101,left,left,B,B,1,"No, different persons",0.778,pixtral,zero_shot,2026-09-07T18:09:05
D_44595_74,non-mated,diagnostic_impostor,cross,44595,44595,left,right,B,A,0,"Yes, they do",0.746,pixtral,zero_shot,2026-09-07T18:09:06
G_76957_right_2169,mated,primary_genuine,cross,76957,76957,right,right,A,A,1,"Yes, they do not look alike",0.814,pixtral,zero_shot,2026-09-07T18:09:07
I_56583_57833_right_x,non-mated,primary_impostor,cross,56583,57833,right,right,B,A,0,"No, I can tell you for certain which ones are identical?",0.944,pixtral,zero_shot,2026-09-07T18:09:08
I_69658_93812_left_x,non-mated,primary_impostor,cross,69658,93812,left,left,B,B,1,"No, different person.
(C) No
No, no
(D) No",0.994,pixtral,zero_shot,2026-09-07T18:09:09
I_57145_87757_left_s,non-mated,primary_impostor,same,57145,87757,left,left,B,B,1,"No, different persons",0.771,pixtral,zero_shot,2026-09-07T18:09:09
D_83742_231,non-mated,diagnostic_impostor,same,83742,83742,left,right,B,B,1,"No, not possible",0.773,pixtral,zero_shot,2026-09-07T18:09:10
G_87757_right_2446,mated,primary_genuine,cross,87757,87757,right,right,A,A,1,"Yes,
the same person",0.79,pixtral,zero_shot,2026-09-07T18:09:11
G_87757_right_2429,mated,primary_genuine,cross,87757,87757,right,right,A,A,1,"Yes, they do",0.77,pixtral,zero_shot,2026-09-07T18:09:12
I_20294_65030_right_s,non-mated,primary_impostor,same,20294,65030,right,right,B,A,0,"Yes,
different people",0.785,pixtral,zero_shot,2026-09-07T18:09:13
I_57145_83742_right_x,non-mated,primary_impostor,cross,57145,83742,right,right,B,A,0,"Yes, black and white)
No.
(B inF",0.933,pixtral,zero_shot,2026-09-07T18:09:14
G_56583_right_901,mated,primary_genuine,same,56583,56583,right,right,A,A,1,"No,What is the difference between latent?A)
Yes,
The differences in ridge patterns and details of fingerprints at the end of each other's unique individual's fingerprint pattern.",1.41,pixtral,zero_shot,2026-09-07T18:09:15
G_47904_left_815,mated,primary_genuine,same,47904,47904,left,left,A,A,1,"No,different question.
Yes",0.817,pixtral,zero_shot,2026-09-07T18:09:16
I_44595_93812_left_x,non-mated,primary_impostor,cross,44595,93812,left,left,B,B,1,No,0.707,pixtral,zero_shot,2026-09-07T18:09:16
I_57145_65052_right_x,non-mated,primary_impostor,cross,57145,65052,right,right,B,A,0,Yes,0.707,pixtral,zero_shot,2026-09-07T18:09:17
G_76957_right_2174,mated,primary_genuine,same,76957,76957,right,right,A,B,0,"No,different person",0.75,pixtral,zero_shot,2026-09-07T18:09:18
G_32467_left_450,mated,primary_genuine,cross,32467,32467,left,left,A,A,1,"No,different people
(Yes,
same person.
(A) No,
different people",1.027,pixtral,zero_shot,2026-09-07T18:09:19
I_32467_83742_right_s,non-mated,primary_impostor,same,32467,83742,right,right,B,B,1,"No items found in the letter
(B)
No itemsfound.",0.949,pixtral,zero_shot,2026-09-07T18:09:20
I_57145_99775_left_x,non-mated,primary_impostor,cross,57145,99775,left,left,B,A,0,Yes,0.701,pixtral,zero_shot,2026-09-07T18:09:21
G_58398_left_1303,mated,primary_genuine,same,58398,58398,left,left,A,B,0,"Yes, it is possible",0.765,pixtral,zero_shot,2026-09-07T18:09:21
I_63029_87757_left_s,non-mated,primary_impostor,same,63029,87757,left,left,B,A,0,"Yes,
different individuals",0.772,pixtral,zero_shot,2026-09-07T18:09:22
G_57145_left_991,mated,primary_genuine,same,57145,57145,left,left,A,A,1,"No, they're not identical",0.81,pixtral,zero_shot,2026-09-07T18:09:23
G_93812_right_2685,mated,primary_genuine,cross,93812,93812,right,right,A,A,1,"No,different
(1) No.
(2)
Yes,same as a fingerprint examiner",1.044,pixtral,zero_shot,2026-09-07T18:09:24
G_76957_left_2096,mated,primary_genuine,cross,76957,76957,left,left,A,B,0,No,0.703,pixtral,zero_shot,2026-09-07T18:09:25
D_14493_5,non-mated,diagnostic_impostor,same,14493,14493,left,right,B,A,0,"No,Yes,
(1)
No,No,(2)

In your role of
No.
(3)
No.
No.
Yes.
(4)
No:
No.
(Suml 5)
No items.
(5)
Yes.
No comments.
(6)
No comment.
(7)
No.",1.926,pixtral,zero_shot,2026-09-07T18:09:27
I_65030_89171_left_x,non-mated,primary_impostor,cross,65030,89171,left,left,B,A,0,Yes,0.702,pixtral,zero_shot,2026-09-07T18:09:27
G_63029_left_1526,mated,primary_genuine,cross,63029,63029,left,left,A,A,1,"Yes,
A and B.",0.791,pixtral,zero_shot,2026-09-07T18:09:28
D_96608_279,non-mated,diagnostic_impostor,same,96608,96608,left,right,B,B,1,"Based on the given context of fingerprints being scanned by a scanner. Are they:

A) Yes,
likely be identified as coming from the same individual?

I can't determine if the

two images come from the

same person?",1.602,pixtral,zero_shot,2026-09-07T18:09:30
D_27295_39,non-mated,diagnostic_impostor,cross,27295,27295,left,right,B,A,0,"Yes,
(1)
No, different person",0.87,pixtral,zero_shot,2026-09-07T18:09:31
G_58793_left_1406,mated,primary_genuine,same,58793,58793,left,left,A,A,1,"Yes, it is the same as in the question you asked?",0.924,pixtral,zero_shot,2026-09-07T18:09:32
G_27295_left_350,mated,primary_genuine,cross,27295,27295,left,left,A,B,0,"No, it does not look like this:
(1) No",0.926,pixtral,zero_shot,2026-09-07T18:09:32
G_44595_left_722,mated,primary_genuine,cross,44595,44595,left,left,A,B,0,"No, it does not.",0.788,pixtral,zero_shot,2026-09-07T18:09:33
I_44595_63029_right_s,non-mated,primary_impostor,same,44595,63029,right,right,B,A,0,"Yes,
different individuals",0.767,pixtral,zero_shot,2026-09-07T18:09:34
G_47904_right_827,mated,primary_genuine,cross,47904,47904,right,right,A,A,1,Yes,0.705,pixtral,zero_shot,2026-09-07T18:09:35
I_24101_32467_right_s,non-mated,primary_impostor,same,24101,32467,right,right,B,A,0,"No.
(1)
Yes,No.
No.
(B)

Can you see in the picture of the child's fingerprint.
(B)
No.
Yes,A.
No.",1.405,pixtral,zero_shot,2026-09-07T18:09:36
G_58398_left_1275,mated,primary_genuine,cross,58398,58398,left,left,A,A,1,"Yes,
(1) What is happening in this photo?",0.916,pixtral,zero_shot,2026-09-07T18:09:37
I_83742_87757_right_x,non-mated,primary_impostor,cross,83742,87757,right,right,B,A,0,"No, it shows that this is possible?",0.858,pixtral,zero_shot,2026-09-07T18:09:38
I_43210_44595_right_x,non-mated,primary_impostor,cross,43210,44595,right,right,B,A,0,"Yes, they do not match each other.
(C) No,
different people

Based on the above analysis, it is likely that:
These fingerprints were taken from different individuals.

Can you please explain why this happened?",1.534,pixtral,zero_shot,2026-09-07T18:09:39
I_44595_57145_right_s,non-mated,primary_impostor,same,44595,57145,right,right,B,A,0,"No
different people

Can you compare and contrast these fingerprints? (A) Yes
(B)
Yes,these appear similar enough that they could be used for identification purposes such as latent prints ofone of them being identical?

### Solution 1

**Fingerprint **Solution**

I can see if it is possible to use these finger patterns for identification?

### Answer 2

**Certainly **

The uniqueness of individual's unique characteristics:

- The ridge details in",2.549,pixtral,zero_shot,2026-09-07T18:09:42
G_14493_right_119,mated,primary_genuine,same,14493,14493,right,right,A,A,1,"No,different people.
(1)
Yes,I can be used for identification ofthe letters.
(B)

No,See more
(1).
Comment on.
(B)",1.351,pixtral,zero_shot,2026-09-07T18:09:43
D_89171_259,non-mated,diagnostic_impostor,same,89171,89171,left,right,B,A,0,"To determine if they match?

Yes, we can use unique characteristics of fingerprints to identify individuals?

No, not all people have identical fingerprints?

Let's examine their uniqueness!",1.389,pixtral,zero_shot,2026-09-07T18:09:45
G_24101_left_291,mated,primary_genuine,cross,24101,24101,left,left,A,A,1,"No, different question.
(1)Yes,(2)
No, it is not possible that you can see in black and white.
(3)No,different.
(4)No
It's not possible for me to be able to identify.
(5)No,
it is not yet for me.
(6)No",2.013,pixtral,zero_shot,2026-09-07T18:09:47
I_58398_65052_right_s,non-mated,primary_impostor,same,58398,65052,right,right,B,A,0,"Yes,
with only the letters A and B.
(C) No.
with only that is visible in this context.
(D) No",1.196,pixtral,zero_shot,2026-09-07T18:09:48
I_65030_87757_left_s,non-mated,primary_impostor,same,65030,87757,left,left,B,A,0,Yes,0.709,pixtral,zero_shot,2026-09-07T18:09:49
G_76957_right_2163,mated,primary_genuine,cross,76957,76957,right,right,A,B,0,"No, different persons",0.755,pixtral,zero_shot,2026-09-07T18:09:49
G_65052_right_1803,mated,primary_genuine,same,65052,65052,right,right,A,A,1,"Yes,same as at least
(C)
No, 10: No,different people
(Is this correct?",1.175,pixtral,zero_shot,2026-09-07T18:09:51
G_24101_right_299,mated,primary_genuine,cross,24101,24101,right,right,A,A,1,"Yes,with only the letters?",0.821,pixtral,zero_shot,2026-09-07T18:09:51
D_89171_253,non-mated,diagnostic_impostor,same,89171,89171,left,right,B,A,0,"No, different individuals",0.77,pixtral,zero_shot,2026-09-07T18:09:52
I_14493_20294_right_s,non-mated,primary_impostor,same,14493,20294,right,right,B,B,1,"Based on your analysis of their ridge details and minutiae, patterns.",0.981,pixtral,zero_shot,2026-09-07T18:09:53
D_57145_112,non-mated,diagnostic_impostor,same,57145,57145,left,right,B,A,0,Yes,0.688,pixtral,zero_shot,2026-09-07T18:09:54
G_99775_right_2956,mated,primary_genuine,same,99775,99775,right,right,A,A,1,"Yes, is it possible match exactly?",0.82,pixtral,zero_shot,2026-09-07T18:09:55
D_93812_270,non-mated,diagnostic_impostor,same,93812,93812,left,right,B,B,1,"No,different",0.747,pixtral,zero_shot,2026-09-07T18:09:55
G_57145_left_946,mated,primary_genuine,same,57145,57145,left,left,A,A,1,I can determine if they have identical fingerprints?,0.887,pixtral,zero_shot,2026-09-07T18:09:56
I_24101_89171_left_x,non-mated,primary_impostor,cross,24101,89171,left,left,B,A,0,Yes,0.705,pixtral,zero_shot,2026-09-07T18:09:57
G_44595_left_757,mated,primary_genuine,same,44595,44595,left,left,A,B,0,(C) No,0.725,pixtral,zero_shot,2026-09-07T18:09:58
D_24101_25,non-mated,diagnostic_impostor,same,24101,24101,left,right,B,A,0,Yes,0.688,pixtral,zero_shot,2026-09-07T18:09:58
G_44595_right_803,mated,primary_genuine,same,44595,44595,right,right,A,B,0,"No,different person
(1)
No,1-2
2.",0.972,pixtral,zero_shot,2026-09-07T18:09:59
G_96608_right_2787,mated,primary_genuine,cross,96608,96608,right,right,A,A,1,Yes,0.698,pixtral,zero_shot,2026-09-07T18:10:00
G_20294_right_254,mated,primary_genuine,cross,20294,20294,right,right,A,A,1,Yes,0.694,pixtral,zero_shot,2026-09-07T18:10:01
I_65030_83742_right_x,non-mated,primary_impostor,cross,65030,83742,right,right,B,A,0,"Yes,In examining fingerprints ofThe Can you match individual f is three knuckles beWhat Is this burns:",1.128,pixtral,zero_shot,2026-09-07T18:10:02
I_27295_89171_right_x,non-mated,primary_impostor,cross,27295,89171,right,right,B,A,0,"No,The image shows three parallel lines scars ofYes could be used for someone?",1.012,pixtral,zero_shot,2026-09-07T18:10:03
D_57833_120,non-mated,diagnostic_impostor,cross,57833,57833,left,right,B,A,0,"As an **expert in finger print examination**, I can confidently tell whether these two patterns match?

**Based on the given black and white image**, my confidence is high.",1.389,pixtral,zero_shot,2026-09-07T18:10:04
D_58793_148,non-mated,diagnostic_impostor,same,58793,58793,left,right,B,A,0,"To determine if they match, we need to compare both SLAP images. First, we'll lift one print (A). Then, other (B), and see how well they align. This way, we find out if they're identical.

Step-by-step process might seem hard; it's like finding needles in haystack. Yet, as with care we've taken, prints can show us truth: that all humans share traits. Thusly, our task is done!",2.526,pixtral,zero_shot,2026-09-07T18:10:07
I_43210_65052_left_x,non-mated,primary_impostor,cross,43210,65052,left,left,B,A,0,"Yes, that is correct?",0.795,pixtral,zero_shot,2026-09-07T18:10:08
D_47904_89,non-mated,diagnostic_impostor,same,47904,47904,left,right,B,A,0,"No,different person
(C)
Yes, I can see that
the letters in
(BC) different person's fingerprints?

I'm not sure
that

the letters
in
(CD) different people's finger?

I don't know
the letter
A or B.)
No, different person
(BD) different
people's finger?
I'm and
the same person's?No, I have
to identify them by their unique patterns of ridge",2.532,pixtral,zero_shot,2026-09-07T18:10:10
I_32467_65030_left_x,non-mated,primary_impostor,cross,32467,65030,left,left,B,A,0,"No, different person.
(A)
Yes, different type of thing.
(1/4500029{3}",1.215,pixtral,zero_shot,2026-09-07T18:10:11
G_89171_left_2525,mated,primary_genuine,same,89171,89171,left,left,A,A,1,Thisf1 How knuck all cre zo minut,0.886,pixtral,zero_shot,2026-09-07T18:10:12
I_27295_56583_left_s,non-mated,primary_impostor,same,27295,56583,left,left,B,A,0,"Yes, they could be used as evidence in a criminal investigation?",0.941,pixtral,zero_shot,2026-09-07T18:10:13
D_58793_152,non-mated,diagnostic_impostor,cross,58793,58793,left,right,B,A,0,Yes,0.689,pixtral,zero_shot,2026-09-07T18:10:14
G_63029_right_1579,mated,primary_genuine,cross,63029,63029,right,right,A,A,1,"Yes,
(1)
No,To determine if they were found at the unique as provided and three middle persons cuts of the could be used to compare them fingerprints injured with only 20
(1).
No,(1).",1.601,pixtral,zero_shot,2026-09-07T18:10:15
D_14493_2,non-mated,diagnostic_impostor,same,14493,14493,left,right,B,INVALID,0,(,0.68,pixtral,zero_shot,2026-09-07T18:10:16
G_65030_left_1665,mated,primary_genuine,same,65030,65030,left,left,A,A,1,"No, different person.
(1/250

##Finger 3
Below are three images in this folder.
(A)
Yes, no
different person.
(B)

### 4

### 6

Below are five images in total.
(A) No
different people.
(B)",1.856,pixtral,zero_shot,2026-09-07T18:10:18
G_74850_left_1977,mated,primary_genuine,same,74850,74850,left,left,A,A,1,"No, they have identical fingerprints?",0.85,pixtral,zero_shot,2026-09-07T18:10:19
D_93812_264,non-mated,diagnostic_impostor,same,93812,93812,left,right,B,A,0,"(1)
Yes,(2) Can you help me analyze?No.
(3) How can I identify your expertise as a (B).",1.273,pixtral,zero_shot,2026-09-07T18:10:20
G_76957_right_2150,mated,primary_genuine,cross,76957,76957,right,right,A,B,0,No,0.699,pixtral,zero_shot,2026-09-07T18:10:21
D_32467_56,non-mated,diagnostic_impostor,cross,32467,32467,left,right,B,B,1,"(1)
No. 2. 3. 4. 5. 6. 7. 8. 9. 10.  (B). 1.  7.
(1).
(1. No.  . 8.
(2.",1.843,pixtral,zero_shot,2026-09-07T18:10:23
G_74850_left_1984,mated,primary_genuine,cross,74850,74850,left,left,A,A,1,"No, but how can i tell if they are similar?",0.925,pixtral,zero_shot,2026-09-07T18:10:24
I_27295_57145_left_x,non-mated,primary_impostor,cross,27295,57145,left,left,B,A,0,"Yes, they do not match",0.796,pixtral,zero_shot,2026-09-07T18:10:24
D_74850_205,non-mated,diagnostic_impostor,same,74850,74850,left,right,B,A,0,"Yes,
same person",0.746,pixtral,zero_shot,2026-09-07T18:10:25
G_56583_left_854,mated,primary_genuine,same,56583,56583,left,left,A,B,0,"No, it's not possible",0.808,pixtral,zero_shot,2026-09-07T18:10:26
I_24101_74850_left_x,non-mated,primary_impostor,cross,24101,74850,left,left,B,A,0,"Yes,
(1)
No, different person.
(A) No.
(2) No answers.
(3) No answer.
(4) No more information about this question.
(A)

```
(5) No further details can be found below.
```(6) No such as:
(7) No detail is given in the following text.
(8) No additional information can be seen below.
(9) No
more information can you see it here.
(1",2.546,pixtral,zero_shot,2026-09-07T18:10:29
I_69658_99775_left_x,non-mated,primary_impostor,cross,69658,99775,left,left,B,A,0,Yes,0.695,pixtral,zero_shot,2026-09-07T18:10:29
G_87757_left_2380,mated,primary_genuine,cross,87757,87757,left,left,A,A,1,"Yes, different individuals",0.76,pixtral,zero_shot,2026-09-07T18:10:30
D_24101_26,non-mated,diagnostic_impostor,same,24101,24101,left,right,B,A,0,"No, different person
(C) No,
different person
(D) No
Different person
(E) No

## 10

### What is this thing called?

#### This is a test of some kind of finger print that you can see? I am not sure what it does. (F) No,

### Different person

(G) No.
Different person",2.107,pixtral,zero_shot,2026-09-07T18:10:32
I_24101_89171_left_s,non-mated,primary_impostor,same,24101,89171,left,left,B,B,1,"No,different people",0.769,pixtral,zero_shot,2026-09-07T18:10:33
G_87757_left_2369,mated,primary_genuine,cross,87757,87757,left,left,A,A,1,"Yes,
No,I am not sure if you can see it?A) No.
(",1.058,pixtral,zero_shot,2026-09-07T18:10:34
G_87757_left_2346,mated,primary_genuine,same,87757,87757,left,left,A,A,1,"Yes,
same as in the picture?",0.856,pixtral,zero_shot,2026-09-07T18:10:35
G_65052_left_1788,mated,primary_genuine,same,65052,65052,left,left,A,A,1,Yes,0.682,pixtral,zero_shot,2026-09-07T18:10:35
I_43210_63029_left_x,non-mated,primary_impostor,cross,43210,63029,left,left,B,A,0,"Yes, it is possible that this fingerprints have been altered in some way?",0.994,pixtral,zero_shot,2026-09-07T18:10:36
I_20294_44595_right_x,non-mated,primary_impostor,cross,20294,44595,right,right,B,B,1,"Yes, they could be twins",0.803,pixtral,zero_shot,2026-09-07T18:10:37
D_99775_295,non-mated,diagnostic_impostor,same,99775,99775,left,right,B,B,1,No,0.711,pixtral,zero_shot,2026-09-07T18:10:38
G_69658_right_1941,mated,primary_genuine,same,69658,69658,right,right,A,A,1,"(1)
No
(B)

I'more

Description

A)",0.956,pixtral,zero_shot,2026-09-07T18:10:39
D_89171_255,non-mated,diagnostic_impostor,cross,89171,89171,left,right,B,B,1,"No,different question",0.746,pixtral,zero_shot,2026-09-07T18:10:40
G_27295_left_322,mated,primary_genuine,cross,27295,27295,left,left,A,A,1,"Yes,
same person",0.758,pixtral,zero_shot,2026-09-07T18:10:40
G_74850_left_1991,mated,primary_genuine,cross,74850,74850,left,left,A,A,1,No more information can you give me?,0.831,pixtral,zero_shot,2026-09-07T18:10:41
I_69658_87757_right_x,non-mated,primary_impostor,cross,69658,87757,right,right,B,A,0,Yes,0.699,pixtral,zero_shot,2026-09-07T18:10:42
G_44595_right_808,mated,primary_genuine,same,44595,44595,right,right,A,B,0,"No, different",0.727,pixtral,zero_shot,2026-09-07T18:10:43
D_43210_71,non-mated,diagnostic_impostor,same,43210,43210,left,right,B,A,0,"No,with only the letters AB and CD.
Yes",0.925,pixtral,zero_shot,2026-09-07T18:10:44
D_76957_224,non-mated,diagnostic_impostor,same,76957,76957,left,right,B,A,0,"No, it's not possible to compare them? (A) Yes",0.947,pixtral,zero_shot,2026-09-07T18:10:45
G_32467_right_493,mated,primary_genuine,cross,32467,32467,right,right,A,B,0,No. 10.No.,0.836,pixtral,zero_shot,2026-09-07T18:10:45
I_44595_76957_right_x,non-mated,primary_impostor,cross,44595,76957,right,right,B,A,0,"No,different individuals",0.751,pixtral,zero_shot,2026-09-07T18:10:46
I_20294_58398_right_x,non-mated,primary_impostor,cross,20294,58398,right,right,B,A,0,"Yes,
(1) Can you tell me more about this question?A) Yes.
(1)
No, different answer possible.
(B) I can see that in the picture above it is a good quality indicator of the fingerprints?
(A)
Yes.
(2) No.
I think so.
(B)
No.
Can you give me some information about how many times have i seen in the pictures below it is  a good indicator of what kind of thing?
(A).",2.558,pixtral,zero_shot,2026-09-07T18:10:49
D_96608_281,non-mated,diagnostic_impostor,same,96608,96608,left,right,B,A,0,"Yes.
(1)
    2. Can you see the unique features of this individual's fingerprints?",1.089,pixtral,zero_shot,2026-09-07T18:10:50
I_44595_58398_right_s,non-mated,primary_impostor,same,44595,58398,right,right,B,A,0,"No,different people

with only the latter A or C.",0.94,pixtral,zero_shot,2026-09-07T18:10:51
G_57833_right_1246,mated,primary_genuine,same,57833,57833,right,right,A,A,1,"Yes, they do not look alike",0.801,pixtral,zero_shot,2026-09-07T18:10:52
I_43210_83742_left_x,non-mated,primary_impostor,cross,43210,83742,left,left,B,A,0,Yes,0.698,pixtral,zero_shot,2026-09-07T18:10:52
I_43210_99775_left_s,non-mated,primary_impostor,same,43210,99775,left,left,B,A,0,"Yes, same thing as well.
(No,different people
Yes, no.",1.017,pixtral,zero_shot,2026-09-07T18:10:53
G_24101_right_307,mated,primary_genuine,same,24101,24101,right,right,A,A,1,"Yes, it is possible that they can be used for identification?",0.911,pixtral,zero_shot,2026-09-07T18:10:54
I_47904_57145_right_s,non-mated,primary_impostor,same,47904,57145,right,right,B,A,0,"No,the letter A",0.789,pixtral,zero_shot,2026-09-07T18:10:55
D_44595_76,non-mated,diagnostic_impostor,same,44595,44595,left,right,B,A,0,"No,different person
(C) No
different person

What do you think about this fingerprints?",1.086,pixtral,zero_shot,2026-09-07T18:10:56
D_20294_23,non-mated,diagnostic_impostor,same,20294,20294,left,right,B,A,0,"Yes,
(1) Can you tell me more about this question?",0.951,pixtral,zero_shot,2026-09-07T18:10:57
I_57145_69658_left_s,non-mated,primary_impostor,same,57145,69658,left,left,B,B,1,"Based on the information provided, I cannot determine if they match or not without examining them individually.",1.074,pixtral,zero_shot,2026-09-07T18:10:58
G_58398_right_1350,mated,primary_genuine,cross,58398,58398,right,right,A,A,1,"No, different person
(C)
Yes, different question
(D) No,
different person
(E) No.
(1) No. different person

I am looking at fingerprints and I'm going to ask if this is the same as in the picture?

A) Yes
same person
(I) No
different person

Is it the same thing as in that picture?",2.189,pixtral,zero_shot,2026-09-07T18:11:00
G_83742_right_2271,mated,primary_genuine,same,83742,83742,right,right,A,B,0,"No, different persons",0.763,pixtral,zero_shot,2026-09-07T18:11:01
G_89171_right_2566,mated,primary_genuine,same,89171,89171,right,right,A,A,1,Yes,0.696,pixtral,zero_shot,2026-09-07T18:11:02
D_65030_171,non-mated,diagnostic_impostor,same,65030,65030,left,right,B,B,1,"(B)
No",0.747,pixtral,zero_shot,2026-09-07T18:11:02
I_58398_93812_left_x,non-mated,primary_impostor,cross,58398,93812,left,left,B,A,0,"No, it is not possible to be used for identification?",0.912,pixtral,zero_shot,2026-09-07T18:11:03
G_27295_right_408,mated,primary_genuine,same,27295,27295,right,right,A,A,1,"No,(1/B)
Yes
A or B.
(1/
No.
No.
(2)
No.
A or C.
(3)
No comments:
(4)
No.",1.439,pixtral,zero_shot,2026-09-07T18:11:05
G_69658_left_1865,mated,primary_genuine,cross,69658,69658,left,left,A,A,1,"No answer is given for this question we can find out more about it?

A) Yes,
the fingerprints of that person
is similar to the prints in the picture?",1.361,pixtral,zero_shot,2026-09-07T18:11:06
I_47904_76957_right_x,non-mated,primary_impostor,cross,47904,76957,right,right,B,B,1,"No, different persons",0.754,pixtral,zero_shot,2026-09-07T18:11:07
I_24101_96608_right_s,non-mated,primary_impostor,same,24101,96608,right,right,B,A,0,"No,
different people
(Yes)
No,the letter
A or B).
No,
same person
(yes)
No,
that is
a close-up of-the letter
(A).",1.453,pixtral,zero_shot,2026-09-07T18:11:08
D_99775_296,non-mated,diagnostic_impostor,cross,99775,99775,left,right,B,B,1,"No, different person",0.751,pixtral,zero_shot,2026-09-07T18:11:09
G_65052_right_1814,mated,primary_genuine,same,65052,65052,right,right,A,A,1,"Yes,
same person",0.76,pixtral,zero_shot,2026-09-07T18:11:10
D_56583_101,non-mated,diagnostic_impostor,cross,56583,56583,left,right,B,B,1,Based on their unique characteristics and individual variations in ridge detail.,0.908,pixtral,zero_shot,2026-09-07T18:11:11
I_44595_69658_right_x,non-mated,primary_impostor,cross,44595,69658,right,right,B,A,0,Yes,0.698,pixtral,zero_shot,2026-09-07T18:11:11
I_43210_58793_right_s,non-mated,primary_impostor,same,43210,58793,right,right,B,B,1,"Based on your expertise in fingerprint analysis, you can determine if these prints were made by the same individual?",1.098,pixtral,zero_shot,2026-09-07T18:11:13
I_58398_74850_left_s,non-mated,primary_impostor,same,58398,74850,left,left,B,A,0,"Yes, they could be from the same individual.",0.89,pixtral,zero_shot,2026-09-07T18:11:13
G_74850_right_2022,mated,primary_genuine,cross,74850,74850,right,right,A,B,0,No,0.696,pixtral,zero_shot,2026-09-07T18:11:14
G_74850_left_1997,mated,primary_genuine,cross,74850,74850,left,left,A,A,1,No answers.,0.727,pixtral,zero_shot,2026-09-07T18:11:15
I_63029_87757_right_x,non-mated,primary_impostor,cross,63029,87757,right,right,B,A,0,"No, I can't tell them apart?A) Yes,
I can see individual ridges and valleys in their fingerprints?
(A)

Yes, they look similar",1.296,pixtral,zero_shot,2026-09-07T18:11:16
D_43210_67,non-mated,diagnostic_impostor,cross,43210,43210,left,right,B,A,0,"No, not sure
(C) No,
different people

As an **expert in fingerprints**, I can see that the ridge details of the prints** match exactly?

Yes, they do
match the same thing as
the prints** on this hand**.

Based on your expertise and experience,

Can you tell me more about the unique characteristics of these prints?",2.1,pixtral,zero_shot,2026-09-07T18:11:18
I_69658_99775_right_x,non-mated,primary_impostor,cross,69658,99775,right,right,B,B,1,"No, different person
(Is this correct?)",0.873,pixtral,zero_shot,2026-09-07T18:11:19
D_24101_29,non-mated,diagnostic_impostor,cross,24101,24101,left,right,B,B,1,"No,different people",0.752,pixtral,zero_shot,2026-09-07T18:11:20
G_99775_right_2916,mated,primary_genuine,same,99775,99775,right,right,A,B,0,"No,different people",0.768,pixtral,zero_shot,2026-09-07T18:11:21
G_43210_left_569,mated,primary_genuine,cross,43210,43210,left,left,A,A,1,"No,different person
(C) No
Yes",0.874,pixtral,zero_shot,2026-09-07T18:11:22
G_44595_left_690,mated,primary_genuine,cross,44595,44595,left,left,A,B,0,"No,different people",0.75,pixtral,zero_shot,2026-09-07T18:11:22
I_32467_93812_right_s,non-mated,primary_impostor,same,32467,93812,right,right,B,A,0,"No.
(1)
Yes,No.
No.
(A)

In this case of the letter C.",1.099,pixtral,zero_shot,2026-09-07T18:11:23
G_83742_left_2239,mated,primary_genuine,same,83742,83742,left,left,A,B,0,"Based on your expertise in fingerprint examination, can you determine if these two prints were made by the same individual?",1.114,pixtral,zero_shot,2026-09-07T18:11:25
I_43210_87757_right_s,non-mated,primary_impostor,same,43210,87757,right,right,B,B,1,"No, different person",0.773,pixtral,zero_shot,2026-09-07T18:11:25
G_58398_left_1307,mated,primary_genuine,same,58398,58398,left,left,A,A,1,"Yes, they do not match each other.",0.837,pixtral,zero_shot,2026-09-07T18:11:26
G_87757_right_2453,mated,primary_genuine,cross,87757,87757,right,right,A,A,1,"The letters A and B can be distinguished by their fingerprints?

Yes, they can be differentiated by comparing the patterns of ridges and whorls on their fingertips.",1.309,pixtral,zero_shot,2026-09-07T18:11:27
D_65052_191,non-mated,diagnostic_impostor,same,65052,65052,left,right,B,B,1,"No,with only the letters",0.795,pixtral,zero_shot,2026-09-07T18:11:28
I_43210_57145_left_x,non-mated,primary_impostor,cross,43210,57145,left,left,B,A,0,Yes,0.699,pixtral,zero_shot,2026-09-07T18:11:29
I_58398_63029_left_s,non-mated,primary_impostor,same,58398,63029,left,left,B,A,0,A and B.,0.764,pixtral,zero_shot,2026-09-07T18:11:30
I_69658_96608_left_s,non-mated,primary_impostor,same,69658,96608,left,left,B,B,1,"Yes, they could be from different people",0.847,pixtral,zero_shot,2026-09-07T18:11:31
G_47904_right_826,mated,primary_genuine,same,47904,47904,right,right,A,B,0,"No, different person",0.771,pixtral,zero_shot,2026-09-07T18:11:31
G_27295_left_343,mated,primary_genuine,cross,27295,27295,left,left,A,A,1,"Yes, they do match each other exactly.",0.85,pixtral,zero_shot,2026-09-07T18:11:32
D_87757_245,non-mated,diagnostic_impostor,same,87757,87757,left,right,B,A,0,"Yes, different person",0.762,pixtral,zero_shot,2026-09-07T18:11:33
D_57145_114,non-mated,diagnostic_impostor,same,57145,57145,left,right,B,A,0,"No, they have the same fingerprints?",0.872,pixtral,zero_shot,2026-09-07T18:11:34
I_69658_96608_right_x,non-mated,primary_impostor,cross,69658,96608,right,right,B,A,0,Yes,0.694,pixtral,zero_shot,2026-09-07T18:11:34
G_99775_right_2908,mated,primary_genuine,same,99775,99775,right,right,A,B,0,No,0.694,pixtral,zero_shot,2026-09-07T18:11:35
I_32467_47904_right_x,non-mated,primary_impostor,cross,32467,47904,right,right,B,B,1,"No, different.",0.759,pixtral,zero_shot,2026-09-07T18:11:36
G_27295_left_320,mated,primary_genuine,same,27295,27295,left,left,A,A,1,"No, not exactly the same as in the question above?",0.913,pixtral,zero_shot,2026-09-07T18:11:37
I_87757_96608_right_x,non-mated,primary_impostor,cross,87757,96608,right,right,B,A,0,Yes,0.698,pixtral,zero_shot,2026-09-07T18:11:38
D_27295_36,non-mated,diagnostic_impostor,cross,27295,27295,left,right,B,A,0,Yes,0.704,pixtral,zero_shot,2026-09-07T18:11:38
I_63029_87757_left_x,non-mated,primary_impostor,cross,63029,87757,left,left,B,A,0,"Yes,
(1) Can you tell me more about this individual's fingerprints?",1.008,pixtral,zero_shot,2026-09-07T18:11:39
D_99775_289,non-mated,diagnostic_impostor,same,99775,99775,left,right,B,A,0,"Yes, it is possible for you to compare fingerprints and analyze level fingerprint patterns?",0.992,pixtral,zero_shot,2026-09-07T18:11:40
I_32467_65052_left_x,non-mated,primary_impostor,cross,32467,65052,left,left,B,B,1,"Yes, different person
(C) No difference between two persons.
(D) No differences between two peoples.
(E) No",1.156,pixtral,zero_shot,2026-09-07T18:11:41
G_32467_left_470,mated,primary_genuine,same,32467,32467,left,left,A,A,1,"No,different people
(1)
Comment below.
A

What do you think see in this photo?

The unique features of fingerprints and their corresponding patterns can be used for comparison? (B)

Yes, it is possible that they have the same pattern?
(A)
No,Different people
(B)
No
No, different question.
(1)

How many ridges does each ridge make up?",2.241,pixtral,zero_shot,2026-09-07T18:11:44
G_89171_right_2535,mated,primary_genuine,same,89171,89171,right,right,A,B,0,"No, different persons",0.763,pixtral,zero_shot,2026-09-07T18:11:44
D_32467_52,non-mated,diagnostic_impostor,same,32467,32467,left,right,B,A,0,Can you tell me more about this question?,0.859,pixtral,zero_shot,2026-09-07T18:11:45
I_44595_93812_left_s,non-mated,primary_impostor,same,44595,93812,left,left,B,A,0,"No, they have the same fingerprints?",0.861,pixtral,zero_shot,2026-09-07T18:11:46
I_57833_65030_right_s,non-mated,primary_impostor,same,57833,65030,right,right,B,A,0,"Yes,
different people",0.77,pixtral,zero_shot,2026-09-07T18:11:47
G_96608_right_2816,mated,primary_genuine,same,96608,96608,right,right,A,A,1,"No, it does not matter which ones you have seen?",0.9,pixtral,zero_shot,2026-09-07T18:11:48
D_24101_31,non-mated,diagnostic_impostor,same,24101,24101,left,right,B,A,0,"No, different person.
(1)
Yes, do you have any of them?",0.991,pixtral,zero_shot,2026-09-07T18:11:49
I_27295_96608_left_x,non-mated,primary_impostor,cross,27295,96608,left,left,B,A,0,"No, it's not possible to be used for comparison?",0.911,pixtral,zero_shot,2026-09-07T18:11:50
G_44595_left_686,mated,primary_genuine,cross,44595,44595,left,left,A,A,1,"Yes,
the fingerprints can be used to identify that person.
(C) No,
different people",1.053,pixtral,zero_shot,2026-09-07T18:11:51
G_14493_right_72,mated,primary_genuine,cross,14493,14493,right,right,A,A,1,"Yes, they do not have the same fingerprints as in the question above.
Can you please tell me more about their personalities based on this set of fingerprints?",1.331,pixtral,zero_shot,2026-09-07T18:11:52
D_43210_64,non-mated,diagnostic_impostor,cross,43210,43210,left,right,B,A,0,"No, different person.
(C) No.
Yes, different question.
(D) No.",1.022,pixtral,zero_shot,2026-09-07T18:11:53
I_56583_99775_right_x,non-mated,primary_impostor,cross,56583,99775,right,right,B,A,0,"Yes,same as in the same place?",0.855,pixtral,zero_shot,2026-09-07T18:11:54
D_58398_138,non-mated,diagnostic_impostor,cross,58398,58398,left,right,B,A,0,Yes,0.698,pixtral,zero_shot,2026-09-07T18:11:55
I_14493_65030_right_s,non-mated,primary_impostor,same,14493,65030,right,right,B,B,1,"Based on your expertise in fingerprint examination, how would you tell?",0.946,pixtral,zero_shot,2026-09-07T18:11:56
G_99775_right_2914,mated,primary_genuine,cross,99775,99775,right,right,A,B,0,"No, different",0.732,pixtral,zero_shot,2026-09-07T18:11:56
I_65052_83742_right_x,non-mated,primary_impostor,cross,65052,83742,right,right,B,A,0,"Yes,[B)
(C)

No.
(D) Yes.
(D) No.
(A)
(B) Yes
(B)
No.
(A) No.

### 10

#### 2.0

(A)",1.555,pixtral,zero_shot,2026-09-07T18:11:58
G_27295_left_342,mated,primary_genuine,same,27295,27295,left,left,A,B,0,"Based on your expertise in fingerprint examination, I can determine if these patterns match?

Certainly, they're similar enough to be considered identical?

Yes, but not all fingerprints are alike. 

So, some differences do exist between them.",1.627,pixtral,zero_shot,2026-09-07T18:12:00
D_63029_158,non-mated,diagnostic_impostor,same,63029,63029,left,right,B,A,0,"To determine if they match or not?A) I can compare them using my expertise in fingerprints?Yes, I can",1.178,pixtral,zero_shot,2026-09-07T18:12:01
I_20294_47904_left_s,non-mated,primary_impostor,same,20294,47904,left,left,B,B,1,"No,
different people",0.778,pixtral,zero_shot,2026-09-07T18:12:01
G_57145_left_1034,mated,primary_genuine,same,57145,57145,left,left,A,B,0,"No,different people
(1)
Yes, this is not possible",0.935,pixtral,zero_shot,2026-09-07T18:12:02
G_57833_right_1255,mated,primary_genuine,same,57833,57833,right,right,A,B,0,"No, it does not",0.758,pixtral,zero_shot,2026-09-07T18:12:03
G_69658_right_1910,mated,primary_genuine,cross,69658,69658,right,right,A,A,1,I am an expert in finger print examination and I will give you some tips about how to analyze this situation.,1.1,pixtral,zero_shot,2026-09-07T18:12:04
I_65030_76957_right_s,non-mated,primary_impostor,same,65030,76957,right,right,B,A,0,I can distinguish between them?,0.806,pixtral,zero_shot,2026-09-07T18:12:05
I_56583_96608_right_s,non-mated,primary_impostor,same,56583,96608,right,right,B,A,0,"No, different person
(Yes, different thing)
No, no different person

Can you see? (A) No,
different person?

(Yes,

same as the letter C
(No, but it's not the same thing)

No, can't be the letter D",1.812,pixtral,zero_shot,2026-09-07T18:12:07
I_14493_58398_left_s,non-mated,primary_impostor,same,14493,58398,left,left,B,B,1,"Based on the given information, I would say that:

These two fingerprints come from the same individual.",1.099,pixtral,zero_shot,2026-09-07T18:12:08
G_20294_right_235,mated,primary_genuine,same,20294,20294,right,right,A,A,1,"Yes, different letters",0.765,pixtral,zero_shot,2026-09-07T18:12:09
G_76957_right_2135,mated,primary_genuine,same,76957,76957,right,right,A,A,1,"No.
Yes,The fingerprints of the same thing.
(1)
No.
No.
(2)

As an expert in fingerprint examination:

Fingerprint minuture,
I can see that the same as well as it is not possible to be distinguished by the same.

(3)
No.

Yes,.
(4)
No,.
A or B.
(5)
No

### Fingerprint analysis and comparison between the same.
(6)
No
(7)",2.54,pixtral,zero_shot,2026-09-07T18:12:11
I_14493_87757_right_x,non-mated,primary_impostor,cross,14493,87757,right,right,B,A,0,"No, I can't tell if it's the same thing?Yes, they have similar ridge patterns and shapes that look like this: [inserting here](https://image).",1.379,pixtral,zero_shot,2026-09-07T18:12:13
I_20294_32467_left_s,non-mated,primary_impostor,same,20294,32467,left,left,B,A,0,Can you tell me more about this question?,0.879,pixtral,zero_shot,2026-09-07T18:12:14
G_65052_right_1845,mated,primary_genuine,same,65052,65052,right,right,A,B,0,"No, different person",0.741,pixtral,zero_shot,2026-09-07T18:12:14
I_58793_65052_left_x,non-mated,primary_impostor,cross,58793,65052,left,left,B,A,0,"No, different person.
(C)
Yes,
same person.
(B)

I have been working in the background?

(1) No.
(2) No.

(3) No.


(4) No more information about this individual's fingerprints than you can see that they are not the same as the ones in the foreground?A
Yes.
(B)
No.
(5) No such as the other day.

(6) No.",2.414,pixtral,zero_shot,2026-09-07T18:12:17
D_14493_1,non-mated,diagnostic_impostor,cross,14493,14493,left,right,B,A,0,"As an **expert in finger print examination**, you can see that there is no difference between each of them?

So what do we have here?",1.261,pixtral,zero_shot,2026-09-07T18:12:18
G_43210_right_681,mated,primary_genuine,same,43210,43210,right,right,A,A,1,"No, it is not possible to tell who that person is.",0.915,pixtral,zero_shot,2026-09-07T18:12:19
I_43210_44595_left_s,non-mated,primary_impostor,same,43210,44595,left,left,B,A,0,Yes,0.706,pixtral,zero_shot,2026-09-07T18:12:20
D_58793_151,non-mated,diagnostic_impostor,same,58793,58793,left,right,B,INVALID,0,Phom?,0.726,pixtral,zero_shot,2026-09-07T18:12:20
G_65030_right_1707,mated,primary_genuine,cross,65030,65030,right,right,A,A,1,Yes,0.688,pixtral,zero_shot,2026-09-07T18:12:21
I_58398_87757_right_x,non-mated,primary_impostor,cross,58398,87757,right,right,B,A,0,"No, it does not matter which ones?",0.856,pixtral,zero_shot,2026-09-07T18:12:22
G_93812_right_2693,mated,primary_genuine,same,93812,93812,right,right,A,B,0,"No, different question",0.739,pixtral,zero_shot,2026-09-07T18:12:23
I_27295_87757_left_s,non-mated,primary_impostor,same,27295,87757,left,left,B,A,0,"Yes,
same fingerprints can be used to identify individuals uniquely?",0.944,pixtral,zero_shot,2026-09-07T18:12:24
D_89171_256,non-mated,diagnostic_impostor,cross,89171,89171,left,right,B,A,0,"No, it's not possible to be used for identification?",0.906,pixtral,zero_shot,2026-09-07T18:12:24
I_14493_57145_left_s,non-mated,primary_impostor,same,14493,57145,left,left,B,B,1,"Based on your expertise in fingerprints, I can determine whether two images of a single individual?

Yes, it's possible
To distinguish between different individuals? (A) Yes,
based solely on their unique patterns and ridge details.

Can you tell if they're from the same hand?
(A)n't be certain

Certainly, there are distinct enough
To identify separate individuals?",2.174,pixtral,zero_shot,2026-09-07T18:12:27
I_24101_93812_right_x,non-mated,primary_impostor,cross,24101,93812,right,right,B,A,0,"Yes,
(1)
No.",0.824,pixtral,zero_shot,2026-09-07T18:12:27
G_89171_right_2551,mated,primary_genuine,same,89171,89171,right,right,A,A,1,"No,
(1)
Yes,the same person.
(B)

Can you tell me more about it?

(2)
Yes.
(3)
No.
the same as

(4)
Yes.

Can you help me more information about it?(5)
```No.
(6)
Yes.


+++++(7)
No.

Can we compare this fingerprints?

(8)
No
(9)
Yes.



What is the main difference between:

(10)
and",2.538,pixtral,zero_shot,2026-09-07T18:12:30
G_47904_left_824,mated,primary_genuine,same,47904,47904,left,left,A,A,1,"No, different person
(C) No
different person
(D)
Yes",0.955,pixtral,zero_shot,2026-09-07T18:12:31
I_47904_99775_right_x,non-mated,primary_impostor,cross,47904,99775,right,right,B,A,0,"Yes,A or B.
No,I'more",0.893,pixtral,zero_shot,2026-09-07T18:12:32
D_76957_221,non-mated,diagnostic_impostor,same,76957,76957,left,right,B,A,0,"No, they have the same ridge pattern of ridges and furrows on their fingertips?",0.988,pixtral,zero_shot,2026-09-07T18:12:33
G_44595_left_711,mated,primary_genuine,cross,44595,44595,left,left,A,B,0,"No,different people",0.749,pixtral,zero_shot,2026-09-07T18:12:34
I_32467_58398_left_s,non-mated,primary_impostor,same,32467,58398,left,left,B,A,0,Yes,0.716,pixtral,zero_shot,2026-09-07T18:12:34
I_58398_69658_right_s,non-mated,primary_impostor,same,58398,69658,right,right,B,B,1,"Based on their unique characteristics, we can determine if they match?",0.938,pixtral,zero_shot,2026-09-07T18:12:35
I_20294_89171_left_x,non-mated,primary_impostor,cross,20294,89171,left,left,B,B,1,"No, it does not",0.784,pixtral,zero_shot,2026-09-07T18:12:36
G_57145_right_1045,mated,primary_genuine,cross,57145,57145,right,right,A,A,1,Yes,0.699,pixtral,zero_shot,2026-09-07T18:12:37
D_56583_102,non-mated,diagnostic_impostor,same,56583,56583,left,right,B,A,0,"No, different person.
(1)
Yes,(2)

I'm sorry, I have been working in this field of view.
(3)

The fingerprints and their corresponding patterns can be used for identification purposes such as well as it is not possible that you're going to identify them.
(4)

The following pattern can be seen in this case.
(5)

The question can be identified by their unique.
(6)

I've been working on this page.
(",2.525,pixtral,zero_shot,2026-09-07T18:12:39
D_58398_135,non-mated,diagnostic_impostor,cross,58398,58398,left,right,B,A,0,"Yes,(1) Yes.
(2)
No.
(3)",0.965,pixtral,zero_shot,2026-09-07T18:12:40
I_20294_27295_right_s,non-mated,primary_impostor,same,20294,27295,right,right,B,A,0,"No,different people

Can you tell if they are related?Yes,
(1) No
(2) No",1.164,pixtral,zero_shot,2026-09-07T18:12:41
I_69658_76957_right_x,non-mated,primary_impostor,cross,69658,76957,right,right,B,A,0,"Yes, it is likely that they all came from the same individual",0.931,pixtral,zero_shot,2026-09-07T18:12:42
I_27295_47904_right_s,non-mated,primary_impostor,same,27295,47904,right,right,B,A,0,"(No)
Yes,same.
(B latent cuts ofCan you identify unique three distinct features tips fingerprints.
(No) level middle is in black and white background.
(Yes.
(C)A)",1.541,pixtral,zero_shot,2026-09-07T18:12:44
I_44595_47904_right_x,non-mated,primary_impostor,cross,44595,47904,right,right,B,A,0,"No,Yes",0.735,pixtral,zero_shot,2026-09-07T18:12:45
D_58793_146,non-mated,diagnostic_impostor,cross,58793,58793,left,right,B,B,1,No,0.694,pixtral,zero_shot,2026-09-07T18:12:45
D_47904_93,non-mated,diagnostic_impostor,same,47904,47904,left,right,B,A,0,I am an expert in fingerprint examination. I can tell if two images are of the same fingerprints?,1.099,pixtral,zero_shot,2026-09-07T18:12:46
I_24101_57833_left_s,non-mated,primary_impostor,same,24101,57833,left,left,B,A,0,"Yes, Can you help me see any details about it?",0.92,pixtral,zero_shot,2026-09-07T18:12:47
G_44595_right_786,mated,primary_genuine,cross,44595,44595,right,right,A,B,0,"Based on your understanding of the question, which ones are more similar and which is more different?, I would say that they are not identical at all.",1.262,pixtral,zero_shot,2026-09-07T18:12:49
G_47904_left_816,mated,primary_genuine,same,47904,47904,left,left,A,A,1,"Yes,
same number of letters in it.
Is this correct? (A) no,it is.
But this many? (B) no,
it is.",1.329,pixtral,zero_shot,2026-09-07T18:12:50
G_58793_right_1470,mated,primary_genuine,same,58793,58793,right,right,A,A,1,"No, different person.
(A) No,
different person.
(Yes, different question mark.
(A)
No,different person.",1.173,pixtral,zero_shot,2026-09-07T18:12:51
G_20294_right_247,mated,primary_genuine,cross,20294,20294,right,right,A,B,0,"No,different person",0.758,pixtral,zero_shot,2026-09-07T18:12:52
D_99775_292,non-mated,diagnostic_impostor,cross,99775,99775,left,right,B,A,0,"Yes,As an expert in fingerprint examiner, set all min 1.",0.958,pixtral,zero_shot,2026-09-07T18:12:53
I_65052_93812_left_x,non-mated,primary_impostor,cross,65052,93812,left,left,B,A,0,"No, it was
?No, I can see that
the fingerprints of this person?
Yes",1.091,pixtral,zero_shot,2026-09-07T18:12:54
I_47904_96608_left_s,non-mated,primary_impostor,same,47904,96608,left,left,B,B,1,"No, different persons",0.771,pixtral,zero_shot,2026-09-07T18:12:55
G_87757_right_2417,mated,primary_genuine,cross,87757,87757,right,right,A,A,1,"No,different people
with only the letters A and B.
(1)
Yes,same as follows at 2 o'clock.
(2) No.
(3) No
with the letter C.
(4)
No
with no the letter D.
(5)

Can you please tell me more about this question?

### 6

No.
(7)
No.
with the letters E.
(8)
No answers:
(9)
No,
with the number",2.54,pixtral,zero_shot,2026-09-07T18:12:57
G_69658_right_1919,mated,primary_genuine,same,69658,69658,right,right,A,A,1,"No,same as the letter",0.802,pixtral,zero_shot,2026-09-07T18:12:58
I_32467_76957_right_s,non-mated,primary_impostor,same,32467,76957,right,right,B,A,0,"No, different

Can you see the letter C.",0.91,pixtral,zero_shot,2026-09-07T18:12:59
I_14493_74850_right_s,non-mated,primary_impostor,same,14493,74850,right,right,B,A,0,Yes,0.714,pixtral,zero_shot,2026-09-07T18:13:00
D_44595_72,non-mated,diagnostic_impostor,same,44595,44595,left,right,B,A,0,"No,different people
(1)
No, different question
(2)
No,
different question
(A) No
different question",1.191,pixtral,zero_shot,2026-09-07T18:13:01
D_65052_181,non-mated,diagnostic_impostor,same,65052,65052,left,right,B,A,0,"No, different question.
(1)
Yes,same with only 2.
(B)

No, no

No, yes
(B)
No, not
(C) No,
No, is
(B)

### What do you think about this?

I am very much more than that?",1.788,pixtral,zero_shot,2026-09-07T18:13:03
I_14493_44595_right_s,non-mated,primary_impostor,same,14493,44595,right,right,B,B,1,"Based on the given context, I can determine if they're from the same individual?",1.022,pixtral,zero_shot,2026-09-07T18:13:04
I_87757_89171_right_s,non-mated,primary_impostor,same,87757,89171,right,right,B,A,0,"No, different person
(C)
Yes, same people
(D) No,
different people

Based on your question, I can see that this is a child?

Yes, it is a boy or girl
? (A) Yes,

It looks like a boy's fingerprints and a girl's finger prints and a boy and a girls finger prints.

Can you tell me more about their ages?

Yes,

They look similar in age.

Is there any difference between them?

Yes",2.546,pixtral,zero_shot,2026-09-07T18:13:06
G_89171_right_2568,mated,primary_genuine,cross,89171,89171,right,right,A,A,1,"No,same person.
(C) No
Yes,",0.891,pixtral,zero_shot,2026-09-07T18:13:07
G_32467_left_480,mated,primary_genuine,same,32467,32467,left,left,A,B,0,"No,Yes,No,No. 1028764-#### (B)No.",1.111,pixtral,zero_shot,2026-09-07T18:13:08
G_89171_right_2581,mated,primary_genuine,same,89171,89171,right,right,A,A,1,"Yes
(1)
No
by
(2)

Can you help me identify and compare it to
(3)
No

Can you tell me about it to",1.328,pixtral,zero_shot,2026-09-07T18:13:09
I_44595_83742_right_s,non-mated,primary_impostor,same,44595,83742,right,right,B,A,0,"No,different people

###Yes,
same person.
(C) No
different people",1.018,pixtral,zero_shot,2026-09-07T18:13:11
D_74850_204,non-mated,diagnostic_impostor,same,74850,74850,left,right,B,A,0,"Yes, they do not appear to be the same individual?",0.937,pixtral,zero_shot,2026-09-07T18:13:11
D_56583_106,non-mated,diagnostic_impostor,cross,56583,56583,left,right,B,A,0,"No, different person.
(1) Can you tell me more about this question?",1.013,pixtral,zero_shot,2026-09-07T18:13:12
G_65030_left_1655,mated,primary_genuine,cross,65030,65030,left,left,A,B,0,"No,Yes, below.
(1)
No,No.
(2)

## 3.",1.069,pixtral,zero_shot,2026-09-07T18:13:14
G_32467_left_424,mated,primary_genuine,cross,32467,32467,left,left,A,A,1,"I have no idea what this means.
(A) It is used for identification purposes such as fingerprints and prints of a human being identified by their unique characteristics in comparison to other individuals.
User uploaded by associating them together to form a group or set.
(A)
No, it does not matter which ones do you think they all look like each other.
(User) I can see that there are similar looking at each other too.
```images|fingerprint images. (A",2.547,pixtral,zero_shot,2026-09-07T18:13:16
I_44595_56583_left_x,non-mated,primary_impostor,cross,44595,56583,left,left,B,A,0,"No, they do not look alike",0.813,pixtral,zero_shot,2026-09-07T18:13:17
I_76957_89171_left_s,non-mated,primary_impostor,same,76957,89171,left,left,B,A,0,"No, they're not identical",0.808,pixtral,zero_shot,2026-09-07T18:13:18
G_43210_right_653,mated,primary_genuine,cross,43210,43210,right,right,A,A,1,"Yes, they do not match.",0.815,pixtral,zero_shot,2026-09-07T18:13:19
I_65030_87757_right_x,non-mated,primary_impostor,cross,65030,87757,right,right,B,A,0,"No, it is not possible to determine if they came from the same individual?",0.994,pixtral,zero_shot,2026-09-07T18:13:19
I_27295_76957_right_s,non-mated,primary_impostor,same,27295,76957,right,right,B,A,0,"No
What is the difference between
(C) No",0.904,pixtral,zero_shot,2026-09-07T18:13:20
G_74850_left_2003,mated,primary_genuine,same,74850,74850,left,left,A,B,0,"No, different person
(C) No
No
No",0.911,pixtral,zero_shot,2026-09-07T18:13:21
D_63029_161,non-mated,diagnostic_impostor,same,63029,63029,left,right,B,A,0,"Yes,
same as the letters that make up the word LADIEF?",1.0,pixtral,zero_shot,2026-09-07T18:13:22
D_27295_37,non-mated,diagnostic_impostor,cross,27295,27295,left,right,B,A,0,Certainly not be different individuals.,0.802,pixtral,zero_shot,2026-09-07T18:13:23
G_56583_right_914,mated,primary_genuine,cross,56583,56583,right,right,A,A,1,"No.
(1)
Yes,with only the letters.",0.912,pixtral,zero_shot,2026-09-07T18:13:24
G_89171_right_2533,mated,primary_genuine,same,89171,89171,right,right,A,A,1,"I can determine if they come from the same individual?

Yes, individuals have identical fingerprints.",1.062,pixtral,zero_shot,2026-09-07T18:13:25
G_74850_left_1996,mated,primary_genuine,cross,74850,74850,left,left,A,A,1,Yes,0.691,pixtral,zero_shot,2026-09-07T18:13:26
I_69658_96608_left_x,non-mated,primary_impostor,cross,69658,96608,left,left,B,A,0,"No, it's not possible to be certain that they're all as unique is the same thing?",1.066,pixtral,zero_shot,2026-09-07T18:13:27
I_47904_96608_right_s,non-mated,primary_impostor,same,47904,96608,right,right,B,B,1,"No,different people",0.767,pixtral,zero_shot,2026-09-07T18:13:28
G_65052_right_1792,mated,primary_genuine,same,65052,65052,right,right,A,A,1,"Yes,(1) Can you compare fingerprints and thumb prints of the letter C).
(2) What is it about the letter D.",1.258,pixtral,zero_shot,2026-09-07T18:13:29
G_14493_left_46,mated,primary_genuine,cross,14493,14493,left,left,A,A,1,"Yes, they do",0.75,pixtral,zero_shot,2026-09-07T18:13:30
I_14493_24101_right_x,non-mated,primary_impostor,cross,14493,24101,right,right,B,A,0,"No, I can't tell",0.801,pixtral,zero_shot,2026-09-07T18:13:30
D_93812_266,non-mated,diagnostic_impostor,cross,93812,93812,left,right,B,A,0,"No, it is not possible to determine if they have the same fingerprints?",0.987,pixtral,zero_shot,2026-09-07T18:13:31
G_32467_left_461,mated,primary_genuine,cross,32467,32467,left,left,A,A,1,"No answers:
1. (B)
2.",0.863,pixtral,zero_shot,2026-09-07T18:13:32
G_63029_right_1593,mated,primary_genuine,cross,63029,63029,right,right,A,A,1,"Yes, it is possible that they all have the same ridge pattern?",0.955,pixtral,zero_shot,2026-09-07T18:13:33
D_83742_237,non-mated,diagnostic_impostor,cross,83742,83742,left,right,B,A,0,"No, it's not possible to be sure that I am't?",0.951,pixtral,zero_shot,2026-09-07T18:13:34
G_20294_right_270,mated,primary_genuine,same,20294,20294,right,right,A,A,1,"Yes, it is the same as the other person.
(C) No,
different people",0.999,pixtral,zero_shot,2026-09-07T18:13:35
G_87757_right_2436,mated,primary_genuine,cross,87757,87757,right,right,A,A,1,Yes,0.702,pixtral,zero_shot,2026-09-07T18:13:36
D_56583_96,non-mated,diagnostic_impostor,same,56583,56583,left,right,B,A,0,"No, different question.
(1)
Yes,same with only 2.",0.969,pixtral,zero_shot,2026-09-07T18:13:37
I_44595_65030_right_x,non-mated,primary_impostor,cross,44595,65030,right,right,B,A,0,"No,Yes,same person
(C) No.
(1) No.(2) No.

Can you please see any latent features of

###(3)
No.
(4) No.](5) No
(6) No.


I have examined all ten prints and I am looking at the following:

**Conclusion of

(7) No.**

Is this my understanding?

(8) No.**
(9)

The question is that they match each other?

(1",2.532,pixtral,zero_shot,2026-09-07T18:13:39
G_20294_right_236,mated,primary_genuine,cross,20294,20294,right,right,A,B,0,"No, different letters",0.76,pixtral,zero_shot,2026-09-07T18:13:40
G_99775_left_2838,mated,primary_genuine,cross,99775,99775,left,left,A,B,0,"No, different person",0.757,pixtral,zero_shot,2026-09-07T18:13:41
G_99775_right_2943,mated,primary_genuine,cross,99775,99775,right,right,A,A,1,"Yes, it is possible that both prints were made by the same individual?",0.961,pixtral,zero_shot,2026-09-07T18:13:42
G_27295_right_391,mated,primary_genuine,same,27295,27295,right,right,A,A,1,"No,
(C) Different individuals",0.797,pixtral,zero_shot,2026-09-07T18:13:43
G_58398_right_1339,mated,primary_genuine,cross,58398,58398,right,right,A,B,0,"No, different persons",0.756,pixtral,zero_shot,2026-09-07T18:13:43
D_83742_230,non-mated,diagnostic_impostor,same,83742,83742,left,right,B,A,0,"No,same
(C) No",0.798,pixtral,zero_shot,2026-09-07T18:13:44
G_20294_left_146,mated,primary_genuine,same,20294,20294,left,left,A,A,1,"(C1)
(C) No.
No.
Yes,They do?",0.974,pixtral,zero_shot,2026-09-07T18:13:45
I_57145_58398_right_x,non-mated,primary_impostor,cross,57145,58398,right,right,B,A,0,Yes,0.7,pixtral,zero_shot,2026-09-07T18:13:46
I_20294_57833_right_x,non-mated,primary_impostor,cross,20294,57833,right,right,B,A,0,"Yes,
A and B.",0.802,pixtral,zero_shot,2026-09-07T18:13:47
D_89171_263,non-mated,diagnostic_impostor,same,89171,89171,left,right,B,A,0,"No, it's not possible to be used for identification?",0.918,pixtral,zero_shot,2026-09-07T18:13:48
G_96608_right_2805,mated,primary_genuine,cross,96608,96608,right,right,A,A,1,"Yes, they do belong to each other.",0.845,pixtral,zero_shot,2026-09-07T18:13:48
G_56583_left_870,mated,primary_genuine,cross,56583,56583,left,left,A,A,1,"Yes, they do not look alike.",0.826,pixtral,zero_shot,2026-09-07T18:13:49
D_24101_30,non-mated,diagnostic_impostor,same,24101,24101,left,right,B,A,0,"No, different person
(C) No.
Yes, no
10",0.952,pixtral,zero_shot,2026-09-07T18:13:50
D_43210_65,non-mated,diagnostic_impostor,cross,43210,43210,left,right,B,B,1,No letters,0.703,pixtral,zero_shot,2026-09-07T18:13:51
I_58398_74850_right_s,non-mated,primary_impostor,same,58398,74850,right,right,B,A,0,"Yes, both letters have the same ridge pattern of ridges and furrows?",0.987,pixtral,zero_shot,2026-09-07T18:13:52
G_14493_left_2,mated,primary_genuine,same,14493,14493,left,left,A,B,0,"Based on your expertise in fingerprint analysis, I can determine if these letters correspond to the correct?

Yes, they do not necessarily correspond
to the same individual,
but it's likely

To help distinguish between individuals,
we use additional context,

like distinguishing features,
or unique characteristics,

such as scars or birthmarks.

Have you ever seen a where
might be used
for identifying people?

Like age or gender,
we might consider
other demographic data,

 such as height or",2.553,pixtral,zero_shot,2026-09-07T18:13:54
I_74850_93812_right_s,non-mated,primary_impostor,same,74850,93812,right,right,B,A,0,"No
with only the letters A and B.",0.887,pixtral,zero_shot,2026-09-07T18:13:55
G_57145_left_1028,mated,primary_genuine,same,57145,57145,left,left,A,A,1,"No, different person
(C)
Yes, different persons",0.877,pixtral,zero_shot,2026-09-07T18:13:56
G_24101_right_300,mated,primary_genuine,cross,24101,24101,right,right,A,B,0,"Yes,
(1)
No, it's not possible to be distinguished between the letters?",1.029,pixtral,zero_shot,2026-09-07T18:13:57
G_32467_right_543,mated,primary_genuine,same,32467,32467,right,right,A,A,1,"No, different persons

I am an expert in finger print examination and I can tell you that this is not the same as this other thing over here? (A) yes, it is the same pattern of ridges on your fingertips?

Can you see this pattern on my fingertips too?

Yes, it looks like this.

So what does this mean?

It means something about this ridge?

(?) no, different person.

But how do we know this?

This is the pattern of",2.523,pixtral,zero_shot,2026-09-07T18:14:00
G_96608_left_2700,mated,primary_genuine,same,96608,96608,left,left,A,B,0,"Based on the given information, we can determine whether the images come from the same individual or different individuals. To confidently, we need additional context about how well as these fingerprints were captured and under what conditions they were taken?

Here's a high-resolution image of fingerprints from various hands might provide more conclusive evidence? It is not always possible to answer this question without additional context and circumstances.

However, some contextual clues **can** significantly improve our ability to draw conclusions.",2.542,pixtral,zero_shot,2026-09-07T18:14:02
G_47904_left_821,mated,primary_genuine,cross,47904,47904,left,left,A,A,1,"No,different person
(C) No
Yes,
this is what you see in this picture?",1.073,pixtral,zero_shot,2026-09-07T18:14:03
G_58793_left_1394,mated,primary_genuine,cross,58793,58793,left,left,A,A,1,"No, but it's not possible to tell if they're related?",0.944,pixtral,zero_shot,2026-09-07T18:14:04
G_57833_right_1193,mated,primary_genuine,same,57833,57833,right,right,A,A,1,"Yes, different",0.749,pixtral,zero_shot,2026-09-07T18:14:05
G_20294_left_178,mated,primary_genuine,cross,20294,20294,left,left,A,A,1,"No, it's not possible
to determine if they're related?",0.961,pixtral,zero_shot,2026-09-07T18:14:06
G_65030_right_1687,mated,primary_genuine,cross,65030,65030,right,right,A,A,1,"No comments so far
(1)
(2) No comments, so what do you think of this question?",1.13,pixtral,zero_shot,2026-09-07T18:14:07
I_20294_43210_right_s,non-mated,primary_impostor,same,20294,43210,right,right,B,A,0,"Yes,
the fingerprints on the right hand match
the left hand?",0.998,pixtral,zero_shot,2026-09-07T18:14:08
I_14493_76957_left_s,non-mated,primary_impostor,same,14493,76957,left,left,B,B,1,"Based on their unique characteristics of fingerprints?A) Each individual has unique ridge patterns and minutiae on their fingertips that can be used to identify them uniquely.
Yes, they can be compared to determine if two individuals have the same or different persons?
(A)n't be determined by comparing the unique patterns on theirfingerprints.",1.979,pixtral,zero_shot,2026-09-07T18:14:10
I_58793_96608_left_x,non-mated,primary_impostor,cross,58793,96608,left,left,B,A,0,"(1)
No
(A)

Can you help me? No
(A) Can you see the difference between the letters of the page.
Yes
(A)
No

I can't be used for comparison purposes in the page.",1.583,pixtral,zero_shot,2026-09-07T18:14:12
I_32467_56583_left_x,non-mated,primary_impostor,cross,32467,56583,left,left,B,A,0,"No, not sure if it is the same as in the picture above.
Yes, no difference between them.
(2)
No, no more than that.
(3)
No difference between this and another finger print.
(4)
No more than just.
(5)
No comparison of prints.
(6)
No description for this item.
(7)
No information about this thing.
(8)
No details found here.
(9)
No detail found here too.
(",2.551,pixtral,zero_shot,2026-09-07T18:14:14
G_27295_left_360,mated,primary_genuine,same,27295,27295,left,left,A,A,1,"No, it does not look like this at all?",0.892,pixtral,zero_shot,2026-09-07T18:14:15
D_93812_271,non-mated,diagnostic_impostor,cross,93812,93812,left,right,B,A,0,"A Black and close white background)

As a paper keyboard computer keyboard don't have distinct f FingIn aby in right ThH1

I. Pl canvasf male Close four fingers of(Close size wh unique1  Canvas[img hands four fingers",1.72,pixtral,zero_shot,2026-09-07T18:14:17
I_20294_58793_left_x,non-mated,primary_impostor,cross,20294,58793,left,left,B,B,1,"Based on your expertise in fingerprints and their unique patterns of ridges,
Can you distinguish between A and B which ones
Are more alike?",1.253,pixtral,zero_shot,2026-09-07T18:14:18
G_58398_right_1343,mated,primary_genuine,cross,58398,58398,right,right,A,A,1,Yes,0.704,pixtral,zero_shot,2026-09-07T18:14:19
G_69658_right_1935,mated,primary_genuine,cross,69658,69658,right,right,A,B,0,"Yes,(B 1204.",0.872,pixtral,zero_shot,2026-09-07T18:14:20
I_43210_58398_right_x,non-mated,primary_impostor,cross,43210,58398,right,right,B,A,0,"Yes,
(1)
No, different person.
(A) No.
No, not sure.
(2) No.",1.162,pixtral,zero_shot,2026-09-07T18:14:21
I_43210_76957_left_s,non-mated,primary_impostor,same,43210,76957,left,left,B,A,0,"No, it's not possible to determine if they're identical?",0.952,pixtral,zero_shot,2026-09-07T18:14:22
G_32467_right_492,mated,primary_genuine,cross,32467,32467,right,right,A,A,1,"No,different

##(1)

###Yes,No, different",0.959,pixtral,zero_shot,2026-09-07T18:14:23
G_65030_left_1641,mated,primary_genuine,cross,65030,65030,left,left,A,A,1,"No,(1)
Yes,",0.818,pixtral,zero_shot,2026-09-07T18:14:24
I_20294_69658_left_s,non-mated,primary_impostor,same,20294,69658,left,left,B,B,1,"Based on the context of the question, I am an expert in fingerprint examination and comparison. Can you tell me which set of fingerprints more likely belongs to the some person?",1.39,pixtral,zero_shot,2026-09-07T18:14:25
I_58793_89171_right_s,non-mated,primary_impostor,same,58793,89171,right,right,B,A,0,"As an **expert in fingerprints**, I can tell?",0.954,pixtral,zero_shot,2026-09-07T18:14:26
I_56583_76957_right_s,non-mated,primary_impostor,same,56583,76957,right,right,B,B,1,"No, differentpeople",0.774,pixtral,zero_shot,2026-09-07T18:14:27
I_14493_99775_right_x,non-mated,primary_impostor,cross,14493,99775,right,right,B,A,0,"No, different question.
(A) Can you tell me more about this particular pattern of ridges and valleys?Yes, it is possible that there is some kind of unique ridge or valley?
(A)
No, not sure.
I'm sorry for the fingerprints?
(Can you help me identify what I am seeing here?",1.949,pixtral,zero_shot,2026-09-07T18:14:29
I_56583_89171_left_x,non-mated,primary_impostor,cross,56583,89171,left,left,B,A,0,"Yes, they do!",0.781,pixtral,zero_shot,2026-09-07T18:14:29
G_44595_right_777,mated,primary_genuine,cross,44595,44595,right,right,A,A,1,Yes,0.692,pixtral,zero_shot,2026-09-07T18:14:30
D_65030_170,non-mated,diagnostic_impostor,cross,65030,65030,left,right,B,B,1,"No, different persons",0.755,pixtral,zero_shot,2026-09-07T18:14:31
I_56583_87757_right_s,non-mated,primary_impostor,same,56583,87757,right,right,B,A,0,"Yes, different person",0.776,pixtral,zero_shot,2026-09-07T18:14:32
G_83742_left_2247,mated,primary_genuine,cross,83742,83742,left,left,A,A,1,"The term ""same person"" refers to individuals who have identical fingerprints on their hands. This could indicate that they share some genetic trait or characteristic in common among members of a population.",1.401,pixtral,zero_shot,2026-09-07T18:14:33
D_57833_127,non-mated,diagnostic_impostor,cross,57833,57833,left,right,B,B,1,"Based on your analysis,these two fingerprints could be used as evidence in a court case?

A) Maybe
But how can you tell if someone has been lying?

A)n the prints were made by using (a) pressure(like this) against their will?",1.728,pixtral,zero_shot,2026-09-07T18:14:35
D_65030_174,non-mated,diagnostic_impostor,same,65030,65030,left,right,B,A,0,"No
(1)
Comment

Finger
(2)

A
(3)
No
No
    (B)
No.
(4)
No",1.29,pixtral,zero_shot,2026-09-07T18:14:36
G_76957_left_2124,mated,primary_genuine,same,76957,76957,left,left,A,A,1,"Yes, it is possible that you can see in the question?",0.919,pixtral,zero_shot,2026-09-07T18:14:37
G_58398_left_1277,mated,primary_genuine,cross,58398,58398,left,left,A,B,0,"Based on the information provided, I would determine if they match?",0.934,pixtral,zero_shot,2026-09-07T18:14:38
I_63029_65030_left_x,non-mated,primary_impostor,cross,63029,65030,left,left,B,B,1,"No, it's not possible
(C) No,
it is not possible",0.977,pixtral,zero_shot,2026-09-07T18:14:39
G_56583_left_885,mated,primary_genuine,same,56583,56583,left,left,A,INVALID,0,"(2)
F.",0.758,pixtral,zero_shot,2026-09-07T18:14:40
D_65030_172,non-mated,diagnostic_impostor,cross,65030,65030,left,right,B,A,0,Yes,0.697,pixtral,zero_shot,2026-09-07T18:14:40
G_63029_right_1594,mated,primary_genuine,cross,63029,63029,right,right,A,B,0,"No, different person?",0.778,pixtral,zero_shot,2026-09-07T18:14:41
D_65052_182,non-mated,diagnostic_impostor,cross,65052,65052,left,right,B,A,0,Yes,0.694,pixtral,zero_shot,2026-09-07T18:14:42
G_83742_right_2312,mated,primary_genuine,cross,83742,83742,right,right,A,B,0,No comments found,0.735,pixtral,zero_shot,2026-09-07T18:14:43
I_83742_96608_left_s,non-mated,primary_impostor,same,83742,96608,left,left,B,B,1,"No, not sure",0.772,pixtral,zero_shot,2026-09-07T18:14:43
I_24101_63029_right_x,non-mated,primary_impostor,cross,24101,63029,right,right,B,B,1,"No,different people",0.769,pixtral,zero_shot,2026-09-07T18:14:44
G_93812_left_2604,mated,primary_genuine,cross,93812,93812,left,left,A,A,1,"Yes.
(1)",0.781,pixtral,zero_shot,2026-09-07T18:14:45
I_44595_58398_left_x,non-mated,primary_impostor,cross,44595,58398,left,left,B,A,0,"Yes, they can be used to identify that the same individual.
(C) Not necessarily",1.014,pixtral,zero_shot,2026-09-07T18:14:46
I_69658_99775_left_s,non-mated,primary_impostor,same,69658,99775,left,left,B,B,1,"No, different persons",0.768,pixtral,zero_shot,2026-09-07T18:14:47
I_24101_47904_left_s,non-mated,primary_impostor,same,24101,47904,left,left,B,B,1,"No,
different people",0.769,pixtral,zero_shot,2026-09-07T18:14:47
G_14493_right_96,mated,primary_genuine,same,14493,14493,right,right,A,A,1,"Yes, they have similar fingerprints.",0.833,pixtral,zero_shot,2026-09-07T18:14:48
G_65030_left_1669,mated,primary_genuine,same,65030,65030,left,left,A,B,0,"No, different question",0.741,pixtral,zero_shot,2026-09-07T18:14:49
I_65030_99775_right_x,non-mated,primary_impostor,cross,65030,99775,right,right,B,A,0,"Yes, it is possible that this could be used for comparison purposes in ridge identification and individualization of the same type of
the same person.
(A)
No,different people
(B)
No
To provide more information about what you see here.
(A) No
To give more details about what exactly is happening here.
(1) No.
(A)

Can you tell me if I can compare them?

Yes, they look similar.
(B)
(C) No",2.505,pixtral,zero_shot,2026-09-07T18:14:52
G_65052_left_1735,mated,primary_genuine,cross,65052,65052,left,left,A,A,1,"No, it does not matter which ones you can see in the question above.
Can you tell me what is happening here?",1.167,pixtral,zero_shot,2026-09-07T18:14:53
G_24101_right_304,mated,primary_genuine,cross,24101,24101,right,right,A,B,0,"No, they're not 2 people",0.833,pixtral,zero_shot,2026-09-07T18:14:54
I_87757_89171_right_x,non-mated,primary_impostor,cross,87757,89171,right,right,B,A,0,"Yes,
(1)
No, it's not possible to identify this individual uniquely?",1.015,pixtral,zero_shot,2026-09-07T18:14:55
G_63029_right_1588,mated,primary_genuine,cross,63029,63029,right,right,A,B,0,"No, different person",0.761,pixtral,zero_shot,2026-09-07T18:14:55
G_57145_right_1117,mated,primary_genuine,same,57145,57145,right,right,A,A,1,same as above the letter C,0.789,pixtral,zero_shot,2026-09-07T18:14:56
I_65030_83742_left_x,non-mated,primary_impostor,cross,65030,83742,left,left,B,A,0,Yes,0.697,pixtral,zero_shot,2026-09-07T18:14:57
D_27295_45,non-mated,diagnostic_impostor,cross,27295,27295,left,right,B,A,0,Yes,0.687,pixtral,zero_shot,2026-09-07T18:14:58
D_24101_35,non-mated,diagnostic_impostor,cross,24101,24101,left,right,B,A,0,"No,All 10",0.794,pixtral,zero_shot,2026-09-07T18:14:58
I_27295_74850_left_s,non-mated,primary_impostor,same,27295,74850,left,left,B,A,0,"Yes,
the fingerprints of both hands match exactly?",0.903,pixtral,zero_shot,2026-09-07T18:14:59
I_58398_93812_right_s,non-mated,primary_impostor,same,58398,93812,right,right,B,A,0,"No, different person
(C)
Yes,
same person
(D) No,
different person

How can I assist you in analyzing and comparing fingerprints?",1.294,pixtral,zero_shot,2026-09-07T18:15:01
I_76957_96608_left_x,non-mated,primary_impostor,cross,76957,96608,left,left,B,A,0,"Yes,
(1) Can you compare this set of all minute fingerprints close-up index.
(2) How can I help determine if they match?",1.292,pixtral,zero_shot,2026-09-07T18:15:02
I_32467_43210_left_s,non-mated,primary_impostor,same,32467,43210,left,left,B,B,1,"No, different person.
(C) No. 0",0.909,pixtral,zero_shot,2026-09-07T18:15:03
G_58793_left_1401,mated,primary_genuine,cross,58793,58793,left,left,A,A,1,"No, it does not show that both of them being identical?",0.922,pixtral,zero_shot,2026-09-07T18:15:04
I_57833_63029_right_x,non-mated,primary_impostor,cross,57833,63029,right,right,B,B,1,"No,different people",0.757,pixtral,zero_shot,2026-09-07T18:15:04
G_65052_right_1804,mated,primary_genuine,same,65052,65052,right,right,A,A,1,"Yes, they can be distinguished based on their fingerprints?",0.92,pixtral,zero_shot,2026-09-07T18:15:05
G_63029_left_1511,mated,primary_genuine,cross,63029,63029,left,left,A,A,1,"No, it's not possible to tell if they come from the same individual?",0.991,pixtral,zero_shot,2026-09-07T18:15:06
I_57145_58398_right_s,non-mated,primary_impostor,same,57145,58398,right,right,B,A,0,"No, I am not sure if they were taken from the same time and place?",1.025,pixtral,zero_shot,2026-09-07T18:15:07
G_20294_left_132,mated,primary_genuine,same,20294,20294,left,left,A,B,0,"No, different persons",0.774,pixtral,zero_shot,2026-09-07T18:15:08
G_44595_right_807,mated,primary_genuine,same,44595,44595,right,right,A,A,1,"No answers:
(B)
Yes",0.797,pixtral,zero_shot,2026-09-07T18:15:09
G_89171_left_2503,mated,primary_genuine,cross,89171,89171,left,left,A,A,1,"1 answer: (A) No. 10001

The image shows a close-up view of a finger print, but it's not clear where the tip of my thumb is pointing at something in the distance.",1.57,pixtral,zero_shot,2026-09-07T18:15:10
G_44595_right_811,mated,primary_genuine,same,44595,44595,right,right,A,A,1,"No, different person
(C)
Yes, different persons",0.874,pixtral,zero_shot,2026-09-07T18:15:11
G_58793_left_1384,mated,primary_genuine,cross,58793,58793,left,left,A,A,1,"No, different question of
(C)
Yes, different person.
(D) No,
different question of",1.064,pixtral,zero_shot,2026-09-07T18:15:12
I_24101_43210_left_s,non-mated,primary_impostor,same,24101,43210,left,left,B,A,0,"Yes, different person.
(No,different person.
(A)
No, different question.
(A)",1.086,pixtral,zero_shot,2026-09-07T18:15:13
I_56583_96608_left_x,non-mated,primary_impostor,cross,56583,96608,left,left,B,A,0,"No,the same person.
(A) No
To provide more specific information about what is being asked.
It appears that this might be helpful in identifying and comparing fingerprints of the same subject.
(A)
Yes",1.505,pixtral,zero_shot,2026-09-07T18:15:15
G_24101_right_298,mated,primary_genuine,same,24101,24101,right,right,A,A,1,"Yes,
(1)
No,different people
with only the letters A and B.
(2)
No,
different people",1.183,pixtral,zero_shot,2026-09-07T18:15:16
G_63029_right_1591,mated,primary_genuine,same,63029,63029,right,right,A,B,0,"No, different persons",0.762,pixtral,zero_shot,2026-09-07T18:15:17
I_32467_57833_right_x,non-mated,primary_impostor,cross,32467,57833,right,right,B,B,1,"No,different people.
( )",0.815,pixtral,zero_shot,2026-09-07T18:15:18
G_44595_left_691,mated,primary_genuine,cross,44595,44595,left,left,A,A,1,Yes,0.693,pixtral,zero_shot,2026-09-07T18:15:18
D_69658_193,non-mated,diagnostic_impostor,cross,69658,69658,left,right,B,A,0,"No,different people

###(1)
Yes,
(2)

# Fingerprint comparison of ridge details:

A close-up picture of the fingerprints.

(3)
No, different
people
(A) No,
different
people

### 4

fingerers:
(5)
No
different
person
(A)
No.
(6)
No items:
(7)
No more
images in total there were five pictures of the fingertips from one individual's hands",2.535,pixtral,zero_shot,2026-09-07T18:15:21
G_32467_right_525,mated,primary_genuine,cross,32467,32467,right,right,A,A,1,"Yes, they do look alike",0.79,pixtral,zero_shot,2026-09-07T18:15:22
D_87757_242,non-mated,diagnostic_impostor,same,87757,87757,left,right,B,A,0,"Yes,
(1) Can you tell me more about this?",0.946,pixtral,zero_shot,2026-09-07T18:15:23
I_24101_47904_left_x,non-mated,primary_impostor,cross,24101,47904,left,left,B,A,0,"Yes,
same person.
(Can you tell me more about it?",0.95,pixtral,zero_shot,2026-09-07T18:15:24
G_24101_left_288,mated,primary_genuine,same,24101,24101,left,left,A,A,1,"Yes, it is possible that this is possible",0.866,pixtral,zero_shot,2026-09-07T18:15:25
D_32467_57,non-mated,diagnostic_impostor,cross,32467,32467,left,right,B,A,0,"No,different people.
(1)
Yes",0.852,pixtral,zero_shot,2026-09-07T18:15:25
D_43210_69,non-mated,diagnostic_impostor,same,43210,43210,left,right,B,A,0,"No,Yes,same person
(C). No,different people
(D).
No,No
Yes,I can see that the letter E.",1.3,pixtral,zero_shot,2026-09-07T18:15:27
D_69658_202,non-mated,diagnostic_impostor,cross,69658,69658,left,right,B,B,1,"No, different persons",0.756,pixtral,zero_shot,2026-09-07T18:15:27
G_58793_left_1388,mated,primary_genuine,same,58793,58793,left,left,A,A,1,"Yes, they can be used to identify that same person.",0.925,pixtral,zero_shot,2026-09-07T18:15:28
D_63029_165,non-mated,diagnostic_impostor,same,63029,63029,left,right,B,B,1,"Based on your expertise in fingerprint examination, here's what you can determine?",0.984,pixtral,zero_shot,2026-09-07T18:15:29
I_87757_89171_left_x,non-mated,primary_impostor,cross,87757,89171,left,left,B,A,0,Yes,0.704,pixtral,zero_shot,2026-09-07T18:15:30
G_76957_left_2106,mated,primary_genuine,same,76957,76957,left,left,A,B,0,"No,f four fingers",0.78,pixtral,zero_shot,2026-09-07T18:15:31
G_89171_left_2487,mated,primary_genuine,same,89171,89171,left,left,A,A,1,"Yes, they do not match each other.
(C) No,
different people
(D) No,

What is the question?",1.187,pixtral,zero_shot,2026-09-07T18:15:32
I_27295_65052_left_s,non-mated,primary_impostor,same,27295,65052,left,left,B,B,1,"Based on your expertise in fingerprint analysis, could you please tell whether these two 

images show different individuals or not?",1.166,pixtral,zero_shot,2026-09-07T18:15:33
G_58793_right_1452,mated,primary_genuine,cross,58793,58793,right,right,A,A,1,"Yes, that's correct too.

I'm sorry, but it looks like Z.

So, what does this mean?

It means, you can see it in the picture.

But, do we call this A or

B, and B,

C, D,

E, F,

G, H,

I, M),

N,

O,

P,

Q,

R,

S,

T,

U,

V,

W,

X,

Y,

Z).

Isn't, h",2.531,pixtral,zero_shot,2026-09-07T18:15:36
I_74850_89171_left_x,non-mated,primary_impostor,cross,74850,89171,left,left,B,A,0,Yes,0.703,pixtral,zero_shot,2026-09-07T18:15:36
D_57833_122,non-mated,diagnostic_impostor,same,57833,57833,left,right,B,B,1,"Based on your expertise in fingerprint examination, I can tell who is correct?",0.981,pixtral,zero_shot,2026-09-07T18:15:37
D_27295_38,non-mated,diagnostic_impostor,same,27295,27295,left,right,B,A,0,"No: different person
(C) No.
(1)
Yes.",0.935,pixtral,zero_shot,2026-09-07T18:15:38
I_20294_99775_right_s,non-mated,primary_impostor,same,20294,99775,right,right,B,A,0,"I am an expert in fingerprints. I can tell you that these two prints were taken from the same time?

Yes, they were taken at the same moment.",1.335,pixtral,zero_shot,2026-09-07T18:15:40
I_27295_44595_left_s,non-mated,primary_impostor,same,27295,44595,left,left,B,A,0,"Yes, they can be used to identify that person in both images?",0.962,pixtral,zero_shot,2026-09-07T18:15:41
G_43210_left_608,mated,primary_genuine,same,43210,43210,left,left,A,A,1,"No, different person
(C) No.
(1)
Yes, this is a 300-day-old question mark.
(D) No
different person
(E) No. different person

I am an expert in finger print examination and I would like to know if you could examine and compare the details of various ridges and valleys that make up a ridge? (A) No different person?

It's a 250-day-question mark.
(I) No,",2.531,pixtral,zero_shot,2026-09-07T18:15:43
D_14493_0,non-mated,diagnostic_impostor,same,14493,14493,left,right,B,A,0,A. These two images do not belong to different people,0.899,pixtral,zero_shot,2026-09-07T18:15:44
D_58793_145,non-mated,diagnostic_impostor,same,58793,58793,left,right,B,A,0,"Yes, it is possible that they do?",0.848,pixtral,zero_shot,2026-09-07T18:15:45
I_20294_57145_left_x,non-mated,primary_impostor,cross,20294,57145,left,left,B,A,0,"Yes,
A and B.",0.805,pixtral,zero_shot,2026-09-07T18:15:46
I_65052_96608_right_s,non-mated,primary_impostor,same,65052,96608,right,right,B,A,0,Yes,0.712,pixtral,zero_shot,2026-09-07T18:15:46
G_20294_left_151,mated,primary_genuine,cross,20294,20294,left,left,A,A,1,"No 1)
Yes,",0.793,pixtral,zero_shot,2026-09-07T18:15:47
G_74850_right_2052,mated,primary_genuine,cross,74850,74850,right,right,A,B,0,"No, they do not",0.771,pixtral,zero_shot,2026-09-07T18:15:48
G_14493_left_45,mated,primary_genuine,cross,14493,14493,left,left,A,A,1,"Yes, they do not look alike",0.807,pixtral,zero_shot,2026-09-07T18:15:49
D_87757_246,non-mated,diagnostic_impostor,same,87757,87757,left,right,B,B,1,No,0.682,pixtral,zero_shot,2026-09-07T18:15:49
G_87757_left_2352,mated,primary_genuine,cross,87757,87757,left,left,A,A,1,Yes,0.697,pixtral,zero_shot,2026-09-07T18:15:50
D_83742_235,non-mated,diagnostic_impostor,cross,83742,83742,left,right,B,A,0,"No,different people
(1)
Yes, it is possible that the letter?A",1.028,pixtral,zero_shot,2026-09-07T18:15:51
D_57145_116,non-mated,diagnostic_impostor,same,57145,57145,left,right,B,A,0,"Yes,3. Observe 1. What is this possible? How can you tell me about the differences ofI am in black and white)
(B) No.
(B) Yes.
No.
No,F latent 2.",1.579,pixtral,zero_shot,2026-09-07T18:15:53
I_76957_93812_left_x,non-mated,primary_impostor,cross,76957,93812,left,left,B,A,0,"No,the same person.
(C) Can you tell me more about this question?",1.014,pixtral,zero_shot,2026-09-07T18:15:54
I_32467_69658_right_s,non-mated,primary_impostor,same,32467,69658,right,right,B,B,1,"No,different people

##( )",0.844,pixtral,zero_shot,2026-09-07T18:15:55
D_32467_49,non-mated,diagnostic_impostor,cross,32467,32467,left,right,B,A,0,"What is this a question?

In order to get started to know that

Yes,with the wh",1.07,pixtral,zero_shot,2026-09-07T18:15:56
D_14493_4,non-mated,diagnostic_impostor,same,14493,14493,left,right,B,A,0,A) Yes,0.747,pixtral,zero_shot,2026-09-07T18:15:56
G_83742_right_2320,mated,primary_genuine,cross,83742,83742,right,right,A,A,1,"No, it is not the same thing as just described above.
```Yes, that you can see below.
A) No,
it is not what we want.
```

In this context, (B) no, it's not the other things.

Is there anything?",1.739,pixtral,zero_shot,2026-09-07T18:15:58
I_20294_63029_left_x,non-mated,primary_impostor,cross,20294,63029,left,left,B,B,1,"No, different persons",0.768,pixtral,zero_shot,2026-09-07T18:15:59
D_65052_183,non-mated,diagnostic_impostor,same,65052,65052,left,right,B,A,0,Yes,0.707,pixtral,zero_shot,2026-09-07T18:16:00
I_32467_44595_right_x,non-mated,primary_impostor,cross,32467,44595,right,right,B,B,1,"No,different people.
(.)",0.819,pixtral,zero_shot,2026-09-07T18:16:01
I_24101_56583_right_x,non-mated,primary_impostor,cross,24101,56583,right,right,B,A,0,"No, different person.
(A) No,
Yes, different persons.
(1)
No, no
(2)
No.
(3)
No answers.
(4)
No more information about this question can help me find it?

I am an expert in fingerprints and I would like to know if you could tell me something about the uniqueness of their ridge patterns?",2.134,pixtral,zero_shot,2026-09-07T18:16:03
I_93812_99775_left_x,non-mated,primary_impostor,cross,93812,99775,left,left,B,A,0,"Yes, they have identical fingerprints",0.809,pixtral,zero_shot,2026-09-07T18:16:03
I_14493_93812_left_x,non-mated,primary_impostor,cross,14493,93812,left,left,B,B,1,"No, different person",0.759,pixtral,zero_shot,2026-09-07T18:16:04
I_63029_74850_left_x,non-mated,primary_impostor,cross,63029,74850,left,left,B,A,0,"Yes,
(1) Can you tell me more about this question?",0.949,pixtral,zero_shot,2026-09-07T18:16:05
I_47904_65052_left_s,non-mated,primary_impostor,same,47904,65052,left,left,B,A,0,"No, not sure
whether they have the same fingerprints as in the picture?

Yes,
same prints as in this photo?

I can see any differences between them?
No, I don't think so",1.494,pixtral,zero_shot,2026-09-07T18:16:07
I_57145_96608_left_s,non-mated,primary_impostor,same,57145,96608,left,left,B,B,1,"Based on the given information, we can determine if they come from the same or different individuals?",1.064,pixtral,zero_shot,2026-09-07T18:16:08
G_89171_left_2480,mated,primary_genuine,same,89171,89171,left,left,A,A,1,"No, different individuals",0.76,pixtral,zero_shot,2026-09-07T18:16:08
G_58793_left_1420,mated,primary_genuine,same,58793,58793,left,left,A,B,0,"No, different question",0.74,pixtral,zero_shot,2026-09-07T18:16:09
I_27295_99775_left_s,non-mated,primary_impostor,same,27295,99775,left,left,B,B,1,"No, different persons",0.763,pixtral,zero_shot,2026-09-07T18:16:10
I_27295_58793_left_s,non-mated,primary_impostor,same,27295,58793,left,left,B,A,0,"No,
same person.
(C)
Yes.
No.
(1) No.
(2) No.",1.099,pixtral,zero_shot,2026-09-07T18:16:11
I_14493_58398_left_x,non-mated,primary_impostor,cross,14493,58398,left,left,B,B,1,"Yes, they do belong to different people",0.835,pixtral,zero_shot,2026-09-07T18:16:12
I_27295_44595_right_s,non-mated,primary_impostor,same,27295,44595,right,right,B,B,1,No,0.706,pixtral,zero_shot,2026-09-07T18:16:13
I_27295_47904_right_x,non-mated,primary_impostor,cross,27295,47904,right,right,B,B,1,No,0.699,pixtral,zero_shot,2026-09-07T18:16:13
I_76957_89171_right_s,non-mated,primary_impostor,same,76957,89171,right,right,B,A,0,"No, differentpeople
with only the latter A orB.",0.943,pixtral,zero_shot,2026-09-07T18:16:14
I_58398_63029_right_s,non-mated,primary_impostor,same,58398,63029,right,right,B,B,1,"Based on their unique characteristics, such as ridge details, patterns, and minutiae, of ridges, and whorls.",1.181,pixtral,zero_shot,2026-09-07T18:16:15
I_20294_56583_right_s,non-mated,primary_impostor,same,20294,56583,right,right,B,A,0,"I am not sure how to tell if they are different people?

Yes, you can use various methods such as ridge details and minutiae of their fingerprints. For example, consider the following features:

* 1. Ridge detail: A person has a scar on their middle finger.
* 2. Ridge pattern: Another person has scars running across their index finger.
**Conclusion**

Here's another method for comparing fingerprints is by looking at the patterns and matching them up with",2.555,pixtral,zero_shot,2026-09-07T18:16:18
D_93812_274,non-mated,diagnostic_impostor,cross,93812,93812,left,right,B,B,1,"No
different
(1)
(2) No
different",0.932,pixtral,zero_shot,2026-09-07T18:16:19
D_74850_212,non-mated,diagnostic_impostor,same,74850,74850,left,right,B,A,0,"Yes,
(1) Can you tell me more about this person?",0.964,pixtral,zero_shot,2026-09-07T18:16:20
I_58398_99775_right_s,non-mated,primary_impostor,same,58398,99775,right,right,B,A,0,"I am an expert in fingerprints. Can you help me analyze these prints? I have seen many sets of fingerprints that look similar, but not exactly the same. Is it possible to tell if two people are related? (A) Yes,I can see theyr elated.",1.812,pixtral,zero_shot,2026-09-07T18:16:22
G_56583_left_887,mated,primary_genuine,same,56583,56583,left,left,A,INVALID,0,10,0.702,pixtral,zero_shot,2026-09-07T18:16:22
G_58793_right_1469,mated,primary_genuine,same,58793,58793,right,right,A,A,1,"No

I'made Columbia,The same person?

(1)
No",0.957,pixtral,zero_shot,2026-09-07T18:16:23
G_99775_left_2857,mated,primary_genuine,cross,99775,99775,left,left,A,B,0,No,0.699,pixtral,zero_shot,2026-09-07T18:16:24
I_44595_47904_left_x,non-mated,primary_impostor,cross,44595,47904,left,left,B,A,0,"Yes,
the fingerprints look similar",0.816,pixtral,zero_shot,2026-09-07T18:16:25
G_57145_right_1036,mated,primary_genuine,same,57145,57145,right,right,A,A,1,"Yes,same as in the letter C or D?No,
different people",0.988,pixtral,zero_shot,2026-09-07T18:16:26
G_43210_right_650,mated,primary_genuine,cross,43210,43210,right,right,A,A,1,"Yes, it is possible that I can help identify and compare matching fingerprints of a 10 days?
(A)
No,Yes,A or B.
(B) Can you tell me more about this?
(A)

As an expert in fingerprint examinerexingEx as Examine.
(**)I'might",1.891,pixtral,zero_shot,2026-09-07T18:16:28
I_32467_58398_left_x,non-mated,primary_impostor,cross,32467,58398,left,left,B,A,0,Yes,0.704,pixtral,zero_shot,2026-09-07T18:16:28
I_27295_57145_right_x,non-mated,primary_impostor,cross,27295,57145,right,right,B,A,0,"No.
What is the difference between each finger?",0.871,pixtral,zero_shot,2026-09-07T18:16:29
D_65030_175,non-mated,diagnostic_impostor,same,65030,65030,left,right,B,A,0,"No,different individuals",0.76,pixtral,zero_shot,2026-09-07T18:16:30
G_58793_right_1451,mated,primary_genuine,cross,58793,58793,right,right,A,B,0,"No, different person
(C).",0.813,pixtral,zero_shot,2026-09-07T18:16:31
D_96608_276,non-mated,diagnostic_impostor,cross,96608,96608,left,right,B,A,0,"No, it's not possible to see if you can find out more about",0.968,pixtral,zero_shot,2026-09-07T18:16:32
G_58793_right_1446,mated,primary_genuine,cross,58793,58793,right,right,A,A,1,"No,different person
(C). No,different people

What do these three images show?the same thing as in this other picture?

Yes,
same question
(D) No
Different person
(E) No,
different person",1.575,pixtral,zero_shot,2026-09-07T18:16:33
G_63029_left_1489,mated,primary_genuine,cross,63029,63029,left,left,A,A,1,"No, they do not have the same ridge pattern as in both of their fingerprints?",1.031,pixtral,zero_shot,2026-09-07T18:16:34
G_14493_left_41,mated,primary_genuine,cross,14493,14493,left,left,A,A,1,"No, different question.
(1)
Yes, no",0.882,pixtral,zero_shot,2026-09-07T18:16:35
I_24101_43210_left_x,non-mated,primary_impostor,cross,24101,43210,left,left,B,A,0,"Yes,
(1) Can you tell me if it is the same as the person?",1.029,pixtral,zero_shot,2026-09-07T18:16:36
G_93812_right_2695,mated,primary_genuine,same,93812,93812,right,right,A,A,1,Yes,0.681,pixtral,zero_shot,2026-09-07T18:16:37
D_57833_130,non-mated,diagnostic_impostor,same,57833,57833,left,right,B,A,0,A,0.707,pixtral,zero_shot,2026-09-07T18:16:38
I_74850_99775_left_x,non-mated,primary_impostor,cross,74850,99775,left,left,B,A,0,Yes,0.695,pixtral,zero_shot,2026-09-07T18:16:38
G_96608_left_2709,mated,primary_genuine,same,96608,96608,left,left,A,B,0,"Based on my expertise in fingerprint analysis, I'd say that's likely these two prints come from the same individual? Here's what think you'll need to determine:

1. Can you compare two fingerprints and judge if they're from the some person?
2. Use ridge details, patterns, skin texture, minutiae differences between them?

Certainly not, it's difficult task,
But with practice, experience, here's how I'd approach it:

- Capture clear, high",2.541,pixtral,zero_shot,2026-09-07T18:16:41
G_57145_left_1033,mated,primary_genuine,same,57145,57145,left,left,A,A,1,"Yes, it is possible that each finger has 3 lines?",0.92,pixtral,zero_shot,2026-09-07T18:16:42
I_58793_74850_right_s,non-mated,primary_impostor,same,58793,74850,right,right,B,A,0,"Yes, they do not have the same fingerprints.",0.898,pixtral,zero_shot,2026-09-07T18:16:43
D_14493_6,non-mated,diagnostic_impostor,same,14493,14493,left,right,B,A,0,"Yes,No, 10",0.803,pixtral,zero_shot,2026-09-07T18:16:44
D_76957_218,non-mated,diagnostic_impostor,cross,76957,76957,left,right,B,A,0,"No.
(B)

As an artist can be used for four fingers and a Unity we're all.
(C)
Yes.
No.
No.

Can you please help me to determine if a match?

I'mosted
(B)
No.
Yes.
Can you tell us have been found and compared image of four fingers
(A)
No.

### (C).
No.
Can I see that?",2.24,pixtral,zero_shot,2026-09-07T18:16:46
G_63029_left_1521,mated,primary_genuine,same,63029,63029,left,left,A,B,0,"Based on your expertise in fingerprint examination, I can state that these two sets of fingerprints likely come from the same individual?

Please provide details supporting your answer.",1.298,pixtral,zero_shot,2026-09-07T18:16:47
I_20294_58793_right_x,non-mated,primary_impostor,cross,20294,58793,right,right,B,A,0,"Yes, they do not look alike",0.826,pixtral,zero_shot,2026-09-07T18:16:48
D_47904_86,non-mated,diagnostic_impostor,cross,47904,47904,left,right,B,A,0,"Yes, they do match exactly?",0.81,pixtral,zero_shot,2026-09-07T18:16:49
I_14493_65052_left_s,non-mated,primary_impostor,same,14493,65052,left,left,B,B,1,"Based on the given information, here's how we can determine if twoSLAP images are of the same individual?

Here's a brief overview:

Fingerprint comparison involves examining details ridge patterns unique each finger. Two prints compared using criteria:
1. High resolution,
2. Good contrast,
3. Distinct features,

To identify individuals,we use minutiae details distinctive point pattern? Certainly,
Minutiae points vary greatly among people.

Thus, comparing SLAP images, we",2.553,pixtral,zero_shot,2026-09-07T18:16:51
I_44595_65030_left_x,non-mated,primary_impostor,cross,44595,65030,left,left,B,B,1,"No, different persons",0.757,pixtral,zero_shot,2026-09-07T18:16:52
I_57145_83742_left_x,non-mated,primary_impostor,cross,57145,83742,left,left,B,A,0,"No, it's not possible to determine if they come from the same individual?",0.99,pixtral,zero_shot,2026-09-07T18:16:53
G_65052_right_1842,mated,primary_genuine,same,65052,65052,right,right,A,A,1,"No, different person.
(1)
Yes,same person.
(B)
No,different person.
(A)
No,
Yes,Same person.
B)No,Different person.
A)
No.
(2)
No.",1.539,pixtral,zero_shot,2026-09-07T18:16:55
G_63029_left_1508,mated,primary_genuine,cross,63029,63029,left,left,A,A,1,"Yes,
A or B.
(No,The same person",0.909,pixtral,zero_shot,2026-09-07T18:16:56
G_27295_right_378,mated,primary_genuine,cross,27295,27295,right,right,A,A,1,"No,(1)
Yes.
(2)

I'm sorry.
(3)
No.
(4)
No comments.
(5)
No,
(6)
No:
(7)
No,A.
(8)
No;
(9)
No.",1.68,pixtral,zero_shot,2026-09-07T18:16:57
G_47904_left_817,mated,primary_genuine,cross,47904,47904,left,left,A,A,1,Yes,0.699,pixtral,zero_shot,2026-09-07T18:16:58
D_87757_247,non-mated,diagnostic_impostor,cross,87757,87757,left,right,B,B,1,"No,different people.
(Is this correct?",0.881,pixtral,zero_shot,2026-09-07T18:16:59
G_57833_left_1131,mated,primary_genuine,same,57833,57833,left,left,A,B,0,(No,0.72,pixtral,zero_shot,2026-09-07T18:17:00
I_43210_57833_right_s,non-mated,primary_impostor,same,43210,57833,right,right,B,A,0,I am an expert in fingerpint examination. Can you help me determine if this is the same individual?,1.129,pixtral,zero_shot,2026-09-07T18:17:01
G_44595_right_800,mated,primary_genuine,same,44595,44595,right,right,A,B,0,"No, different person.
( )",0.801,pixtral,zero_shot,2026-09-07T18:17:01
I_14493_83742_right_s,non-mated,primary_impostor,same,14493,83742,right,right,B,A,0,"No, not sure
(C) No such thing as this one.
(D) No way to tell if they are identical?(E) Not possible",1.252,pixtral,zero_shot,2026-09-07T18:17:03
D_44595_78,non-mated,diagnostic_impostor,cross,44595,44595,left,right,B,A,0,How can you tell if this fingerprint was taken?,0.866,pixtral,zero_shot,2026-09-07T18:17:04
G_57145_left_967,mated,primary_genuine,cross,57145,57145,left,left,A,A,1,"Yes, they do look alike",0.804,pixtral,zero_shot,2026-09-07T18:17:04
D_20294_13,non-mated,diagnostic_impostor,cross,20294,20294,left,right,B,A,0,"Yes,
(1)
No, not sure
(2)
No.
(3)
No changes were made

Can you tell me which ones?

(A) No
(4)
No change in quality of the question?
(Q)

Yes!
(5)
No more information about it?

(A)
No
(6)
No less
(7)
No

What does that mean?

(A)

Yes!

(8)
No way",2.363,pixtral,zero_shot,2026-09-07T18:17:07
D_87757_243,non-mated,diagnostic_impostor,cross,87757,87757,left,right,B,A,0,"No, different
people

Can you tell me about the
fingerprints in this
image?

Yes,
I can see your
fingprints in it?",1.339,pixtral,zero_shot,2026-09-07T18:17:08
G_65030_right_1684,mated,primary_genuine,cross,65030,65030,right,right,A,A,1,"Yes, different persons",0.762,pixtral,zero_shot,2026-09-07T18:17:09
I_32467_43210_left_x,non-mated,primary_impostor,cross,32467,43210,left,left,B,B,1,"No, different person
(C) No.",0.863,pixtral,zero_shot,2026-09-07T18:17:10
G_57145_right_1102,mated,primary_genuine,same,57145,57145,right,right,A,B,0,"No, different person",0.74,pixtral,zero_shot,2026-09-07T18:17:10
I_44595_47904_right_s,non-mated,primary_impostor,same,44595,47904,right,right,B,A,0,"No,different people

Can you tell me if they are related?",0.961,pixtral,zero_shot,2026-09-07T18:17:11
G_83742_right_2298,mated,primary_genuine,cross,83742,83742,right,right,A,B,0,"No, not sure",0.76,pixtral,zero_shot,2026-09-07T18:17:12
G_99775_right_2910,mated,primary_genuine,cross,99775,99775,right,right,A,A,1,"No
(1)
A
2.",0.847,pixtral,zero_shot,2026-09-07T18:17:13
I_65052_99775_left_s,non-mated,primary_impostor,same,65052,99775,left,left,B,A,0,"Yes, they do not look like each other.
(C) No,
different people
(D) No",1.084,pixtral,zero_shot,2026-09-07T18:17:14
G_58793_right_1448,mated,primary_genuine,cross,58793,58793,right,right,A,B,0,"No,different people",0.751,pixtral,zero_shot,2026-09-07T18:17:15
I_83742_87757_left_s,non-mated,primary_impostor,same,83742,87757,left,left,B,A,0,Yes,0.712,pixtral,zero_shot,2026-09-07T18:17:16
D_99775_288,non-mated,diagnostic_impostor,cross,99775,99775,left,right,B,A,0,"No, it's not possible to determine if they came from the same individual?",0.984,pixtral,zero_shot,2026-09-07T18:17:17
G_83742_right_2327,mated,primary_genuine,cross,83742,83742,right,right,A,A,1,"No, different question.
(Is it possible that you can identify this particular individual?",0.999,pixtral,zero_shot,2026-09-07T18:17:18
G_24101_left_290,mated,primary_genuine,cross,24101,24101,left,left,A,B,0,"No, different person",0.754,pixtral,zero_shot,2026-09-07T18:17:18
G_83742_left_2251,mated,primary_genuine,cross,83742,83742,left,left,A,B,0,"Based on your expertise in fingerprint examination, can you definitively determine if these two samples are from same person?",1.107,pixtral,zero_shot,2026-09-07T18:17:19
D_96608_287,non-mated,diagnostic_impostor,same,96608,96608,left,right,B,A,0,"No, they do not look alike at all..",0.855,pixtral,zero_shot,2026-09-07T18:17:20
G_58793_left_1416,mated,primary_genuine,same,58793,58793,left,left,A,A,1,1. 3. This is a black and white photograph of a right hand being close fingerprints.,1.079,pixtral,zero_shot,2026-09-07T18:17:21
I_14493_69658_left_s,non-mated,primary_impostor,same,14493,69658,left,left,B,B,1,"Based on the information given,I would examine if there is possible that these two impressions come from the same individual?",1.143,pixtral,zero_shot,2026-09-07T18:17:23
I_47904_58793_left_x,non-mated,primary_impostor,cross,47904,58793,left,left,B,A,0,"Yes, it is the same thing as in the question? (A) Yes,
it does not look like this:
(An) image of a finger print that has been previously seen before?
No, different prints than those we have seen?

So what do you think about: (An) images of a single finger print and another finger print?
(An)
image of a third finger print?

What could be the fourth finger print?",2.431,pixtral,zero_shot,2026-09-07T18:17:25
D_20294_21,non-mated,diagnostic_impostor,same,20294,20294,left,right,B,A,0,"Yes, they have similar fingerprints.",0.844,pixtral,zero_shot,2026-09-07T18:17:26
I_27295_63029_right_s,non-mated,primary_impostor,same,27295,63029,right,right,B,A,0,"No,The letters ""A"" and ""B graffiti"" appear similar?",1.0,pixtral,zero_shot,2026-09-07T18:17:27
I_14493_76957_left_x,non-mated,primary_impostor,cross,14493,76957,left,left,B,B,1,"No, different persons",0.759,pixtral,zero_shot,2026-09-07T18:17:28
G_57145_left_1008,mated,primary_genuine,same,57145,57145,left,left,A,A,1,Yes,0.685,pixtral,zero_shot,2026-09-07T18:17:28
G_27295_right_411,mated,primary_genuine,same,27295,27295,right,right,A,A,1,"No, different person
(C) No,
different person

I am an expert in fingerprints and I need your help?

A) Yes!same as you can see it?

(1) No
different person",1.505,pixtral,zero_shot,2026-09-07T18:17:30
D_44595_77,non-mated,diagnostic_impostor,same,44595,44595,left,right,B,B,1,"No, different person
(C) No
different person

Is this correct?",0.969,pixtral,zero_shot,2026-09-07T18:17:31
G_57833_right_1199,mated,primary_genuine,cross,57833,57833,right,right,A,A,1,"Yes, they do",0.757,pixtral,zero_shot,2026-09-07T18:17:31
D_24101_27,non-mated,diagnostic_impostor,same,24101,24101,left,right,B,A,0,"Yes,
(1) Can you see any unique details in this little children's fingerprints?",1.058,pixtral,zero_shot,2026-09-07T18:17:33
G_96608_left_2707,mated,primary_genuine,cross,96608,96608,left,left,A,A,1,"No, they do not have similar ridge patterns?

Yes, their fingerprints may be classified into groups based on the similarity of their overall pattern?",1.247,pixtral,zero_shot,2026-09-07T18:17:34
I_58793_63029_right_x,non-mated,primary_impostor,cross,58793,63029,right,right,B,A,0,"Yes,same person.
(No,different people
with only the letters A or C).
(No
different people",1.153,pixtral,zero_shot,2026-09-07T18:17:35
G_32467_right_511,mated,primary_genuine,cross,32467,32467,right,right,A,A,1,"Yes,with only the letters?(",0.829,pixtral,zero_shot,2026-09-07T18:17:36
G_89171_left_2521,mated,primary_genuine,cross,89171,89171,left,left,A,A,1,"No,Finger prints can be used for identification?",0.884,pixtral,zero_shot,2026-09-07T18:17:37
G_63029_right_1612,mated,primary_genuine,cross,63029,63029,right,right,A,A,1,Yes,0.691,pixtral,zero_shot,2026-09-07T18:17:37
I_32467_99775_left_x,non-mated,primary_impostor,cross,32467,99775,left,left,B,A,0,Yes,0.701,pixtral,zero_shot,2026-09-07T18:17:38
I_65030_96608_left_s,non-mated,primary_impostor,same,65030,96608,left,left,B,A,0,"Yes, they do not have the same fingerprints as those in the image?",0.997,pixtral,zero_shot,2026-09-07T18:17:39
I_24101_47904_right_s,non-mated,primary_impostor,same,24101,47904,right,right,B,A,0,"No,different people
(C) No,
same person.
(D) No
(E)
Yes, same thing as the letter E.
(F) No.
(G) No

Can you tell me more about that particular individual's fingerprints? Can you see any similarities between them?
(A)

Yes,similar individuals.
(B) Yes,
the letter F.
(C) Yes.
(An) No,

I can't say anything else about their unique characteristics?

(A) yes.
(B",2.568,pixtral,zero_shot,2026-09-07T18:17:42
G_65030_left_1679,mated,primary_genuine,same,65030,65030,left,left,A,A,1,Yes,0.68,pixtral,zero_shot,2026-09-07T18:17:42
I_89171_99775_left_x,non-mated,primary_impostor,cross,89171,99775,left,left,B,B,1,"No, different",0.732,pixtral,zero_shot,2026-09-07T18:17:43
I_58793_76957_right_x,non-mated,primary_impostor,cross,58793,76957,right,right,B,A,0,"Yes, they do not match because each other has unique characteristics that make them distinct individuals?",1.026,pixtral,zero_shot,2026-09-07T18:17:44
I_44595_57145_left_x,non-mated,primary_impostor,cross,44595,57145,left,left,B,A,0,"No, it's not possible to determine if they're the same individual?",0.971,pixtral,zero_shot,2026-09-07T18:17:45
G_58793_left_1379,mated,primary_genuine,same,58793,58793,left,left,A,A,1,"As an expert in fingerprint examiner, I can determine whether these two prints come from the same individual?

Yes, they likely come from separate individuals. Here's why: Because while each print has unique characteristics that distinguish it from others, But both have some common features too.

So, by comparing detailed patterns, ridge structures, and minutiae lines, I find matching features,

I'll see if these two fingerprints could be from the some person?

They're not necessarily identical, But",2.589,pixtral,zero_shot,2026-09-07T18:17:48
G_74850_right_2038,mated,primary_genuine,cross,74850,74850,right,right,A,A,1,Yes,0.71,pixtral,zero_shot,2026-09-07T18:17:48
G_47904_right_833,mated,primary_genuine,cross,47904,47904,right,right,A,A,1,"No, it's not possible to tell if they're related?",0.932,pixtral,zero_shot,2026-09-07T18:17:49
I_47904_87757_left_s,non-mated,primary_impostor,same,47904,87757,left,left,B,A,0,"Yes,
(1)
(1)

How can you tell if I am an expert in fingerprints?

Expert.
(A) No.
different people

Can you help me identify them?",1.434,pixtral,zero_shot,2026-09-07T18:17:51
I_47904_63029_left_x,non-mated,primary_impostor,cross,47904,63029,left,left,B,A,0,"Yes,
I am an expert in fingerprints.
(1)
No, not sure
.",1.051,pixtral,zero_shot,2026-09-07T18:17:52
D_57145_109,non-mated,diagnostic_impostor,cross,57145,57145,left,right,B,A,0,"Yes, they do not have the same fingerprints?",0.892,pixtral,zero_shot,2026-09-07T18:17:53
G_14493_right_83,mated,primary_genuine,cross,14493,14493,right,right,A,A,1,"Yes,This is there of",0.795,pixtral,zero_shot,2026-09-07T18:17:53
D_69658_203,non-mated,diagnostic_impostor,same,69658,69658,left,right,B,B,1,No,0.681,pixtral,zero_shot,2026-09-07T18:17:54
D_27295_44,non-mated,diagnostic_impostor,cross,27295,27295,left,right,B,A,0,Yes,0.692,pixtral,zero_shot,2026-09-07T18:17:55
G_58793_right_1441,mated,primary_genuine,cross,58793,58793,right,right,A,B,0,No.,0.717,pixtral,zero_shot,2026-09-07T18:17:55
G_96608_left_2757,mated,primary_genuine,same,96608,96608,left,left,A,A,1,"close in by 2071 Annie Becker

A) (B4 index tip ofThis",1.086,pixtral,zero_shot,2026-09-07T18:17:57
G_47904_left_818,mated,primary_genuine,cross,47904,47904,left,left,A,B,0,"No,different",0.733,pixtral,zero_shot,2026-09-07T18:17:57
G_89171_right_2534,mated,primary_genuine,same,89171,89171,right,right,A,A,1,"No, different persons.
(C)
Yes,
same person.
(D)

Based on the above information provided by the tool or not the letter E.",1.256,pixtral,zero_shot,2026-09-07T18:17:59
G_58398_right_1332,mated,primary_genuine,cross,58398,58398,right,right,A,A,1,Can you tell me which ones are?,0.833,pixtral,zero_shot,2026-09-07T18:17:59
D_74850_213,non-mated,diagnostic_impostor,cross,74850,74850,left,right,B,B,1,"No, different",0.737,pixtral,zero_shot,2026-09-07T18:18:00
D_89171_252,non-mated,diagnostic_impostor,same,89171,89171,left,right,B,A,0,"Yes,
same person.
(C) No,
different people.
(D)
No,different people in the world.
(E) Yes,
same as the letter F.
(G) Yes.
(H) No.
different people.",1.526,pixtral,zero_shot,2026-09-07T18:18:02
D_96608_284,non-mated,diagnostic_impostor,cross,96608,96608,left,right,B,A,0,"No, they do not look like each other.",0.871,pixtral,zero_shot,2026-09-07T18:18:03
G_20294_right_243,mated,primary_genuine,same,20294,20294,right,right,A,A,1,Yes,0.701,pixtral,zero_shot,2026-09-07T18:18:03
D_65030_177,non-mated,diagnostic_impostor,same,65030,65030,left,right,B,A,0,"(A)

In Seattle By Anne[BYes)
(B)",0.932,pixtral,zero_shot,2026-09-07T18:18:04
I_32467_58398_right_s,non-mated,primary_impostor,same,32467,58398,right,right,B,A,0,"No,different people
(1)
Yes,same person.
(B)

As you can see in the letter C.",1.162,pixtral,zero_shot,2026-09-07T18:18:05
G_56583_right_939,mated,primary_genuine,same,56583,56583,right,right,A,INVALID,0,10,0.702,pixtral,zero_shot,2026-09-07T18:18:06
D_32467_51,non-mated,diagnostic_impostor,same,32467,32467,left,right,B,A,0,"Yes,with only the letters?I am I'm sorry.
(Is this correct?)",1.014,pixtral,zero_shot,2026-09-07T18:18:07
G_20294_left_167,mated,primary_genuine,cross,20294,20294,left,left,A,A,1,"(1)
No
(A)

Yes, 2
(B)
No.
No
(C)
No.",1.112,pixtral,zero_shot,2026-09-07T18:18:08
G_58793_left_1374,mated,primary_genuine,cross,58793,58793,left,left,A,A,1,"No.
(1)
No.
No.
A.",0.892,pixtral,zero_shot,2026-09-07T18:18:09
I_47904_58398_right_x,non-mated,primary_impostor,cross,47904,58398,right,right,B,B,1,"No,different people",0.757,pixtral,zero_shot,2026-09-07T18:18:10
G_56583_right_904,mated,primary_genuine,cross,56583,56583,right,right,A,A,1,"No.
(1)
Yes.
(2)

Comment: 3.
(4)

In this black and white photograph of in graf wh as observe tip of the middle fingerprints close up (5).
(6).

(7)
(8).",1.672,pixtral,zero_shot,2026-09-07T18:18:11
I_58793_96608_left_s,non-mated,primary_impostor,same,58793,96608,left,left,B,A,0,"No,
Yes,same as the letter
(C)
No, different person.
(1) No.
Yes,I can see that the letter",1.257,pixtral,zero_shot,2026-09-07T18:18:13
I_14493_44595_left_x,non-mated,primary_impostor,cross,14493,44595,left,left,B,B,1,"Yes, they could be siblings or twins?",0.855,pixtral,zero_shot,2026-09-07T18:18:14
G_89171_left_2514,mated,primary_genuine,cross,89171,89171,left,left,A,B,0,"No,different people",0.745,pixtral,zero_shot,2026-09-07T18:18:14
I_65030_76957_left_x,non-mated,primary_impostor,cross,65030,76957,left,left,B,A,0,"No, it's not possible to answer this question.
```?",0.938,pixtral,zero_shot,2026-09-07T18:18:15
G_44595_left_709,mated,primary_genuine,cross,44595,44595,left,left,A,A,1,Yes,0.696,pixtral,zero_shot,2026-09-07T18:18:16
G_58793_right_1457,mated,primary_genuine,cross,58793,58793,right,right,A,A,1,"No answers:
with three rings",0.792,pixtral,zero_shot,2026-09-07T18:18:17
G_44595_left_756,mated,primary_genuine,same,44595,44595,left,left,A,B,0,"No, different.",0.744,pixtral,zero_shot,2026-09-07T18:18:18
G_69658_left_1871,mated,primary_genuine,cross,69658,69658,left,left,A,B,0,"No,different people",0.752,pixtral,zero_shot,2026-09-07T18:18:18
D_43210_60,non-mated,diagnostic_impostor,cross,43210,43210,left,right,B,A,0,"No,different people
(C) No,
same number of people
(D)
Yes,different person.
(Prove?No
same number as the letter D.
(Whole?No",1.443,pixtral,zero_shot,2026-09-07T18:18:20
I_69658_89171_right_s,non-mated,primary_impostor,same,69658,89171,right,right,B,B,1,"Based on your expertise in fingerprint analysis, provide a brief summary of how you determined if they're from each other?",1.136,pixtral,zero_shot,2026-09-07T18:18:21
G_65052_left_1733,mated,primary_genuine,cross,65052,65052,left,left,A,A,1,I think you can see the difference between them?,0.877,pixtral,zero_shot,2026-09-07T18:18:22
G_65030_left_1636,mated,primary_genuine,same,65030,65030,left,left,A,A,1,"Yes, it is a question mark.
( )",0.875,pixtral,zero_shot,2026-09-07T18:18:23
I_47904_56583_right_s,non-mated,primary_impostor,same,47904,56583,right,right,B,A,0,"Yes, same question",0.767,pixtral,zero_shot,2026-09-07T18:18:23
G_20294_right_287,mated,primary_genuine,same,20294,20294,right,right,A,B,0,No,0.682,pixtral,zero_shot,2026-09-07T18:18:24
G_99775_left_2888,mated,primary_genuine,same,99775,99775,left,left,A,A,1,Yes,0.682,pixtral,zero_shot,2026-09-07T18:18:25
G_65052_right_1799,mated,primary_genuine,cross,65052,65052,right,right,A,A,1,"Yes,same person.
(C)
No.
No.
What is the letter D.",1.009,pixtral,zero_shot,2026-09-07T18:18:26
I_57145_65030_right_x,non-mated,primary_impostor,cross,57145,65030,right,right,B,A,0,"No,Yes, I am an expert in fingerprint examiner With this level of detail.",1.012,pixtral,zero_shot,2026-09-07T18:18:27
I_56583_58398_left_x,non-mated,primary_impostor,cross,56583,58398,left,left,B,A,0,"No, it's not possible to tell if they match or not?",0.948,pixtral,zero_shot,2026-09-07T18:18:28
G_69658_left_1864,mated,primary_genuine,cross,69658,69658,left,left,A,B,0,"(1)
No",0.751,pixtral,zero_shot,2026-09-07T18:18:28
G_65052_left_1790,mated,primary_genuine,same,65052,65052,left,left,A,A,1,"No
(1/20

A)
No
(B)

Yes
No
(C) No
No",1.108,pixtral,zero_shot,2026-09-07T18:18:30
D_89171_261,non-mated,diagnostic_impostor,cross,89171,89171,left,right,B,A,0,"No, it's not possible to be used for identification?",0.929,pixtral,zero_shot,2026-09-07T18:18:30
I_32467_58398_right_x,non-mated,primary_impostor,cross,32467,58398,right,right,B,B,1,"No,(1)
Comment:No.",0.865,pixtral,zero_shot,2026-09-07T18:18:31
G_65052_right_1847,mated,primary_genuine,same,65052,65052,right,right,A,A,1,"No. 10
(AB)
Yes,No.",0.92,pixtral,zero_shot,2026-09-07T18:18:32
I_58398_96608_right_x,non-mated,primary_impostor,cross,58398,96608,right,right,B,A,0,"Yes, they do not look like each other.",0.873,pixtral,zero_shot,2026-09-07T18:18:33
G_56583_left_868,mated,primary_genuine,cross,56583,56583,left,left,A,A,1,"No, it's not possible to be identified as a finger print?",0.943,pixtral,zero_shot,2026-09-07T18:18:34
D_99775_291,non-mated,diagnostic_impostor,cross,99775,99775,left,right,B,A,0,"Yes,
A) Can you tell me more about how unique this fingerprints look like?",1.019,pixtral,zero_shot,2026-09-07T18:18:35
D_58793_144,non-mated,diagnostic_impostor,same,58793,58793,left,right,B,A,0,"No,same as in",0.767,pixtral,zero_shot,2026-09-07T18:18:36
I_65030_83742_right_s,non-mated,primary_impostor,same,65030,83742,right,right,B,A,0,"No,
different people
(C) No.
Yes,same person.
(D) No.",1.042,pixtral,zero_shot,2026-09-07T18:18:37
I_24101_87757_left_x,non-mated,primary_impostor,cross,24101,87757,left,left,B,A,0,"Yes,
(1) Can you tell me something about this?(A)
No, I am not sure if it is possible that there is possible for someone?
(B) Yes.
(1)
Can you tell us apart?
(A)
I'm sorry",1.651,pixtral,zero_shot,2026-09-07T18:18:39
G_87757_left_2353,mated,primary_genuine,cross,87757,87757,left,left,A,A,1,"Yes, I can see it clearly in this context?",0.896,pixtral,zero_shot,2026-09-07T18:18:39
I_32467_83742_left_x,non-mated,primary_impostor,cross,32467,83742,left,left,B,A,0,"No, different person
(A)
Yes, same as above the person.
(B)",1.022,pixtral,zero_shot,2026-09-07T18:18:40
G_63029_right_1623,mated,primary_genuine,same,63029,63029,right,right,A,B,0,"No, it's not possible to identify them?",0.858,pixtral,zero_shot,2026-09-07T18:18:41
I_58793_99775_left_s,non-mated,primary_impostor,same,58793,99775,left,left,B,A,0,"No
different people.
(Yes,
No
same person.
(B)
No
Different people.
(C)

Can you help me identify and compare fingerprints?

A
No
the letter
No

### How can I assist in identifying unique characteristics of this particular set of prints?",1.797,pixtral,zero_shot,2026-09-07T18:18:43
D_14493_7,non-mated,diagnostic_impostor,same,14493,14493,left,right,B,B,1,"Based on your expertise in fingerprints, how many people can you determine if they have the same pattern?",1.089,pixtral,zero_shot,2026-09-07T18:18:44
G_74850_right_2039,mated,primary_genuine,cross,74850,74850,right,right,A,A,1,"Yes,
different people",0.775,pixtral,zero_shot,2026-09-07T18:18:45
G_96608_left_2698,mated,primary_genuine,same,96608,96608,left,left,A,A,1,"No,
same as the letter C.",0.847,pixtral,zero_shot,2026-09-07T18:18:46
D_57833_121,non-mated,diagnostic_impostor,cross,57833,57833,left,right,B,A,0,"A right 1 skinfwh Min index little close what black and white)

Yes,",1.061,pixtral,zero_shot,2026-09-07T18:18:47
D_63029_157,non-mated,diagnostic_impostor,same,63029,63029,left,right,B,A,0,"(A1)
2.",0.786,pixtral,zero_shot,2026-09-07T18:18:48
I_24101_65052_right_x,non-mated,primary_impostor,cross,24101,65052,right,right,B,A,0,"Yes,
No,I am missing something",0.846,pixtral,zero_shot,2026-09-07T18:18:49
G_74850_right_2072,mated,primary_genuine,same,74850,74850,right,right,A,B,0,"No, different person",0.743,pixtral,zero_shot,2026-09-07T18:18:49
I_20294_74850_left_x,non-mated,primary_impostor,cross,20294,74850,left,left,B,A,0,"No, different person.
(C) No.
Yes",0.893,pixtral,zero_shot,2026-09-07T18:18:50
D_32467_53,non-mated,diagnostic_impostor,cross,32467,32467,left,right,B,A,0,"No,(1)
No,Yes,No,No.
No,A or B.
No",1.074,pixtral,zero_shot,2026-09-07T18:18:51
D_56583_98,non-mated,diagnostic_impostor,same,56583,56583,left,right,B,B,1,No items found,0.758,pixtral,zero_shot,2026-09-07T18:18:52
G_93812_left_2595,mated,primary_genuine,cross,93812,93812,left,left,A,A,1,"No, different person.
(1)
Yes, different question.
(2) No more information can be shown in this way?",1.214,pixtral,zero_shot,2026-09-07T18:18:53
I_56583_63029_right_s,non-mated,primary_impostor,same,56583,63029,right,right,B,B,1,Based on their unique characteristics of fingerprints.,0.869,pixtral,zero_shot,2026-09-07T18:18:54
D_83742_234,non-mated,diagnostic_impostor,cross,83742,83742,left,right,B,A,0,Yes,0.697,pixtral,zero_shot,2026-09-07T18:18:55
D_14493_10,non-mated,diagnostic_impostor,same,14493,14493,left,right,B,A,0,"(1)
Yes, this is a close-up ofwith three fingers.",0.973,pixtral,zero_shot,2026-09-07T18:18:56
I_24101_58398_left_x,non-mated,primary_impostor,cross,24101,58398,left,left,B,A,0,"Yes, it is possible that they all have the same fingerprints?",0.958,pixtral,zero_shot,2026-09-07T18:18:57
G_20294_left_197,mated,primary_genuine,same,20294,20294,left,left,A,A,1,"Yes,same is this your area of expertise? What can you tell me about the fingerprints and markings in at the top of each photo?
(A)
No.
(1) No.
(2) No.",1.547,pixtral,zero_shot,2026-09-07T18:18:58
G_93812_left_2638,mated,primary_genuine,same,93812,93812,left,left,A,A,1,"No,Yes,A
(1)
No, three fingers.",0.957,pixtral,zero_shot,2026-09-07T18:18:59
G_65052_left_1746,mated,primary_genuine,same,65052,65052,left,left,A,A,1,Yes,0.709,pixtral,zero_shot,2026-09-07T18:19:00
G_99775_left_2880,mated,primary_genuine,same,99775,99775,left,left,A,B,0,"No, different persons",0.743,pixtral,zero_shot,2026-09-07T18:19:01
G_83742_left_2266,mated,primary_genuine,same,83742,83742,left,left,A,A,1,I am an expert in finger print examination and can tell me if this is a match or not?,1.057,pixtral,zero_shot,2026-09-07T18:19:02
I_14493_65052_right_s,non-mated,primary_impostor,same,14493,65052,right,right,B,B,1,"No,
different people",0.777,pixtral,zero_shot,2026-09-07T18:19:03
G_14493_right_118,mated,primary_genuine,same,14493,14493,right,right,A,INVALID,0,(,0.685,pixtral,zero_shot,2026-09-07T18:19:03
D_56583_97,non-mated,diagnostic_impostor,same,56583,56583,left,right,B,B,1,No.,0.739,pixtral,zero_shot,2026-09-07T18:19:04
G_43210_left_605,mated,primary_genuine,same,43210,43210,left,left,A,B,0,"No,",0.705,pixtral,zero_shot,2026-09-07T18:19:05
D_57833_129,non-mated,diagnostic_impostor,cross,57833,57833,left,right,B,A,0,Can you tell me more about this question?,0.84,pixtral,zero_shot,2026-09-07T18:19:05
I_63029_93812_left_s,non-mated,primary_impostor,same,63029,93812,left,left,B,A,0,"No, they have the same fingerprints?",0.865,pixtral,zero_shot,2026-09-07T18:19:06
D_43210_68,non-mated,diagnostic_impostor,same,43210,43210,left,right,B,A,0,A floor?,0.72,pixtral,zero_shot,2026-09-07T18:19:07
I_56583_76957_left_s,non-mated,primary_impostor,same,56583,76957,left,left,B,A,0,"Yes,
the fingerprints of different individuals?",0.866,pixtral,zero_shot,2026-09-07T18:19:08
G_58398_right_1319,mated,primary_genuine,cross,58398,58398,right,right,A,A,1,"Yes, there is no difference between them.
(1) No
(2) No such thing as this:
(3) No

### What type of fingerprints can you see in this image?

A) Yes",1.541,pixtral,zero_shot,2026-09-07T18:19:09
G_93812_right_2642,mated,primary_genuine,same,93812,93812,right,right,A,A,1,"No,Yes",0.743,pixtral,zero_shot,2026-09-07T18:19:10
I_76957_83742_left_x,non-mated,primary_impostor,cross,76957,83742,left,left,B,A,0,"No, I can't tell if you compare them side by side?",0.954,pixtral,zero_shot,2026-09-07T18:19:11
G_47904_left_823,mated,primary_genuine,cross,47904,47904,left,left,A,A,1,"Yes, they do not have the same ridge detail?",0.888,pixtral,zero_shot,2026-09-07T18:19:12
I_20294_74850_right_s,non-mated,primary_impostor,same,20294,74850,right,right,B,A,0,"Yes, they do not have the same fingerprints?",0.909,pixtral,zero_shot,2026-09-07T18:19:13
I_76957_93812_left_s,non-mated,primary_impostor,same,76957,93812,left,left,B,A,0,"No, not possible
To determine if they are from the same source?",0.98,pixtral,zero_shot,2026-09-07T18:19:14
D_32467_55,non-mated,diagnostic_impostor,cross,32467,32467,left,right,B,B,1,"No, different person.
( )",0.815,pixtral,zero_shot,2026-09-07T18:19:15
D_57145_111,non-mated,diagnostic_impostor,same,57145,57145,left,right,B,B,1,"No
1/4

#",0.8,pixtral,zero_shot,2026-09-07T18:19:16
D_74850_206,non-mated,diagnostic_impostor,cross,74850,74850,left,right,B,B,1,No,0.71,pixtral,zero_shot,2026-09-07T18:19:16
G_14493_left_5,mated,primary_genuine,cross,14493,14493,left,left,A,A,1,"Yes,
the letters A and B.
(C) No.
No,different people have the same fingerprints as in the picture?",1.19,pixtral,zero_shot,2026-09-07T18:19:17
G_57833_left_1129,mated,primary_genuine,same,57833,57833,left,left,A,A,1,"Yes,The ridge patterns is based black and white background ofThis is a close-up three fingers.
(A) What type of fingerprints last time as against first middle do they all look like the?",1.485,pixtral,zero_shot,2026-09-07T18:19:19
I_47904_96608_left_x,non-mated,primary_impostor,cross,47904,96608,left,left,B,A,0,"No, it's not possible to be sure that this is not possible",0.955,pixtral,zero_shot,2026-09-07T18:19:20
D_83742_238,non-mated,diagnostic_impostor,cross,83742,83742,left,right,B,B,1,"No, different person.
(",0.793,pixtral,zero_shot,2026-09-07T18:19:21
G_89171_right_2585,mated,primary_genuine,same,89171,89171,right,right,A,A,1,"No 10

#|A2. Four fingers.",0.916,pixtral,zero_shot,2026-09-07T18:19:22
D_57833_131,non-mated,diagnostic_impostor,same,57833,57833,left,right,B,A,0,"Yes, it is possible that this child's fingerprints have been born?",0.95,pixtral,zero_shot,2026-09-07T18:19:23
D_96608_286,non-mated,diagnostic_impostor,same,96608,96608,left,right,B,A,0,Ax 10,0.763,pixtral,zero_shot,2026-09-07T18:19:23
G_96608_left_2699,mated,primary_genuine,same,96608,96608,left,left,A,B,0,"Based on the given context, I can determine if they came from the same individual?",1.017,pixtral,zero_shot,2026-09-07T18:19:24
G_58398_right_1331,mated,primary_genuine,cross,58398,58398,right,right,A,A,1,"Yes, they do match.",0.793,pixtral,zero_shot,2026-09-07T18:19:25
G_99775_left_2893,mated,primary_genuine,same,99775,99775,left,left,A,B,0,"No
(1)",0.759,pixtral,zero_shot,2026-09-07T18:19:26
G_58793_right_1436,mated,primary_genuine,cross,58793,58793,right,right,A,B,0,"No,different people",0.756,pixtral,zero_shot,2026-09-07T18:19:27
D_57833_125,non-mated,diagnostic_impostor,same,57833,57833,left,right,B,A,0,"Yes, they do not match",0.799,pixtral,zero_shot,2026-09-07T18:19:27
G_27295_right_396,mated,primary_genuine,cross,27295,27295,right,right,A,A,1,"same person
(C) No",0.795,pixtral,zero_shot,2026-09-07T18:19:28
I_63029_74850_left_s,non-mated,primary_impostor,same,63029,74850,left,left,B,A,0,"No, different hands",0.769,pixtral,zero_shot,2026-09-07T18:19:29
D_87757_241,non-mated,diagnostic_impostor,same,87757,87757,left,right,B,B,1,"No,(",0.724,pixtral,zero_shot,2026-09-07T18:19:30
D_74850_215,non-mated,diagnostic_impostor,cross,74850,74850,left,right,B,A,0,"Yes,
(1)
No, it does not look like that?",0.962,pixtral,zero_shot,2026-09-07T18:19:31
D_65052_189,non-mated,diagnostic_impostor,same,65052,65052,left,right,B,A,0,"No, different person.
(1)
Yes, I am not sure to be able to identify that? (A)
No, 20
(1).
No, do you think so?
(1).No,I mean to be the letter E.
(2)
No.",1.788,pixtral,zero_shot,2026-09-07T18:19:32
G_83742_left_2220,mated,primary_genuine,cross,83742,83742,left,left,A,B,0,No comments 10,0.774,pixtral,zero_shot,2026-09-07T18:19:33
G_65030_right_1690,mated,primary_genuine,same,65030,65030,right,right,A,A,1,"No, not sure if they were taken at different times?",0.915,pixtral,zero_shot,2026-09-07T18:19:34
G_57833_left_1147,mated,primary_genuine,cross,57833,57833,left,left,A,B,0,"No, different person",0.756,pixtral,zero_shot,2026-09-07T18:19:35
D_87757_250,non-mated,diagnostic_impostor,cross,87757,87757,left,right,B,A,0,"Yes,
same as the letter C.",0.825,pixtral,zero_shot,2026-09-07T18:19:36
G_96608_left_2717,mated,primary_genuine,cross,96608,96608,left,left,A,A,1,I have examined many fingerprints over the years and I think that is very interesting.,1.007,pixtral,zero_shot,2026-09-07T18:19:37
I_57145_83742_left_s,non-mated,primary_impostor,same,57145,83742,left,left,B,B,1,"No,
different people",0.771,pixtral,zero_shot,2026-09-07T18:19:38
G_83742_left_2262,mated,primary_genuine,same,83742,83742,left,left,A,INVALID,0,with close up 10,0.779,pixtral,zero_shot,2026-09-07T18:19:38
I_58398_87757_left_s,non-mated,primary_impostor,same,58398,87757,left,left,B,A,0,"Yes, they do not necessarily correspond?",0.842,pixtral,zero_shot,2026-09-07T18:19:39
G_93812_left_2620,mated,primary_genuine,cross,93812,93812,left,left,A,B,0,"(1)
No",0.752,pixtral,zero_shot,2026-09-07T18:19:40
D_99775_299,non-mated,diagnostic_impostor,same,99775,99775,left,right,B,B,1,"No, different person",0.735,pixtral,zero_shot,2026-09-07T18:19:41
D_69658_196,non-mated,diagnostic_impostor,same,69658,69658,left,right,B,B,1,Based on my knowledge of fingerprints and their unique characteristics.,0.917,pixtral,zero_shot,2026-09-07T18:19:42
I_24101_76957_left_x,non-mated,primary_impostor,cross,24101,76957,left,left,B,A,0,"No, different person.
(C) No.
Yes, different fingerprints.
(D) No.",1.054,pixtral,zero_shot,2026-09-07T18:19:43
I_24101_69658_right_x,non-mated,primary_impostor,cross,24101,69658,right,right,B,A,0,"Yes,
No,different people",0.797,pixtral,zero_shot,2026-09-07T18:19:43
G_14493_right_108,mated,primary_genuine,cross,14493,14493,right,right,A,B,0,"No, different person",0.747,pixtral,zero_shot,2026-09-07T18:19:44
D_24101_28,non-mated,diagnostic_impostor,cross,24101,24101,left,right,B,B,1,No.,0.716,pixtral,zero_shot,2026-09-07T18:19:45
G_76957_right_2168,mated,primary_genuine,cross,76957,76957,right,right,A,B,0,"Based on the information given, I can see that this is a match for both A and B.",1.062,pixtral,zero_shot,2026-09-07T18:19:46
I_65030_89171_right_x,non-mated,primary_impostor,cross,65030,89171,right,right,B,A,0,"No, it's not possible to determine if they came from the same individual? (A) Maybe, but there could be other factors that influence this determination?
Yes, I can see unique characteristics in the ridge detail of the fingerprints and compare them to each other?
Maybe, but some details might vary slightly between individuals?
Yes,
I believe you can use these details to identify a specific person?
Can we use these particulars as evidence in a criminal investigation?
Yes,

In",2.54,pixtral,zero_shot,2026-09-07T18:19:48
G_63029_right_1569,mated,primary_genuine,same,63029,63029,right,right,A,A,1,"Yes,",0.725,pixtral,zero_shot,2026-09-07T18:19:49
G_14493_left_47,mated,primary_genuine,cross,14493,14493,left,left,A,A,1,"Yes,
(1) No.",0.806,pixtral,zero_shot,2026-09-07T18:19:50
G_69658_left_1861,mated,primary_genuine,cross,69658,69658,left,left,A,B,0,"No, different persons",0.752,pixtral,zero_shot,2026-09-07T18:19:51
G_74850_right_2050,mated,primary_genuine,cross,74850,74850,right,right,A,B,0,"No, different person",0.766,pixtral,zero_shot,2026-09-07T18:19:52
G_96608_right_2784,mated,primary_genuine,same,96608,96608,right,right,A,A,1,"Yes,(1) No.
No.
(C) No.",0.937,pixtral,zero_shot,2026-09-07T18:19:52
D_32467_59,non-mated,diagnostic_impostor,cross,32467,32467,left,right,B,B,1,"No,different people",0.754,pixtral,zero_shot,2026-09-07T18:19:53
I_89171_99775_left_s,non-mated,primary_impostor,same,89171,99775,left,left,B,B,1,"No,
different people",0.769,pixtral,zero_shot,2026-09-07T18:19:54
I_47904_57833_right_s,non-mated,primary_impostor,same,47904,57833,right,right,B,A,0,"No, similar persons",0.765,pixtral,zero_shot,2026-09-07T18:19:55
I_24101_58793_right_x,non-mated,primary_impostor,cross,24101,58793,right,right,B,A,0,"Yes,
(1)
No,different people
(A) No
(1).
Yes,
Here is what it says:
```(1).",1.243,pixtral,zero_shot,2026-09-07T18:19:56
D_83742_236,non-mated,diagnostic_impostor,same,83742,83742,left,right,B,A,0,"No,(1)
Yes.
(2)

How can I help you?

I am not sure that the letter
(A) No.
(3)

Can someone tell me what is it?

I'more
(I) No
(4)

Is this the letter

A or B.
(5)

Can somebody tell me how many times have we been doing something like that the letters?",2.233,pixtral,zero_shot,2026-09-07T18:19:58
I_58793_65052_right_x,non-mated,primary_impostor,cross,58793,65052,right,right,B,A,0,Yes,0.697,pixtral,zero_shot,2026-09-07T18:19:59
I_20294_32467_left_x,non-mated,primary_impostor,cross,20294,32467,left,left,B,B,1,"No, different persons",0.765,pixtral,zero_shot,2026-09-07T18:20:00
G_65030_left_1656,mated,primary_genuine,cross,65030,65030,left,left,A,A,1,"(Yes)
No,I can be used for this purpose?(A)
No.
Yes.
(B)

In conclusion,(Yes).
No, it is not possible that you have been able to identify them?
(A)
Yes.
No,It's not possible.
(B)
No,
it is not yet.
(B)No,Yes.
(Yes.
10",2.098,pixtral,zero_shot,2026-09-07T18:20:02
D_76957_222,non-mated,diagnostic_impostor,cross,76957,76957,left,right,B,B,1,"No, different persons",0.745,pixtral,zero_shot,2026-09-07T18:20:03
I_58793_65030_right_x,non-mated,primary_impostor,cross,58793,65030,right,right,B,A,0,"No, it's not possible to be sure that they're related? (A) No.",1.041,pixtral,zero_shot,2026-09-07T18:20:04
I_20294_65052_left_x,non-mated,primary_impostor,cross,20294,65052,left,left,B,A,0,"Yes, they do not necessarily match exactly but there is no guarantee that all prints will be identical because of small variations in ridge detail and pattern that can occur between individuals. So,

Can you determine if two fingerprints look alike whether by just looking at them? You have to compare their patterns and ridges?

No, it's impossible to tell whose fingerprints came from the same source?

But we can use other methods like ink impressions left on paper to see if they match. And",2.532,pixtral,zero_shot,2026-09-07T18:20:06
I_63029_65030_right_x,non-mated,primary_impostor,cross,63029,65030,right,right,B,B,1,"No, different persons",0.752,pixtral,zero_shot,2026-09-07T18:20:07
I_63029_87757_right_s,non-mated,primary_impostor,same,63029,87757,right,right,B,A,0,"Yes, different persons",0.764,pixtral,zero_shot,2026-09-07T18:20:08
G_69658_right_1932,mated,primary_genuine,cross,69658,69658,right,right,A,A,1,"Yes,
(1)
No,sfinger as there is possible for As an expert in black and white background,I can be used to press button on the right side of the left thumb, index minut unique Can you see any ridge patterns that might indicate whether this set of the middle fingerprints?",1.858,pixtral,zero_shot,2026-09-07T18:20:09
G_43210_left_551,mated,primary_genuine,same,43210,43210,left,left,A,B,0,No.,0.724,pixtral,zero_shot,2026-09-07T18:20:10
I_24101_57145_right_x,non-mated,primary_impostor,cross,24101,57145,right,right,B,B,1,"No, different persons",0.76,pixtral,zero_shot,2026-09-07T18:20:11
G_32467_left_456,mated,primary_genuine,same,32467,32467,left,left,A,A,1,"No, they have the letters AB or BA.",0.868,pixtral,zero_shot,2026-09-07T18:20:12
I_20294_83742_right_s,non-mated,primary_impostor,same,20294,83742,right,right,B,B,1,"No, different persons",0.773,pixtral,zero_shot,2026-09-07T18:20:13
G_58398_left_1311,mated,primary_genuine,same,58398,58398,left,left,A,A,1,Yes is outside of close stock car street park parade.,0.875,pixtral,zero_shot,2026-09-07T18:20:13
G_96608_right_2785,mated,primary_genuine,same,96608,96608,right,right,A,B,0,Based on all of them?,0.805,pixtral,zero_shot,2026-09-07T18:20:14
D_27295_43,non-mated,diagnostic_impostor,cross,27295,27295,left,right,B,B,1,No letters,0.711,pixtral,zero_shot,2026-09-07T18:20:15
G_65030_right_1714,mated,primary_genuine,same,65030,65030,right,right,A,A,1,"No, different person
(C) No more information can be found in this set of 10",1.057,pixtral,zero_shot,2026-09-07T18:20:16
G_20294_right_228,mated,primary_genuine,cross,20294,20294,right,right,A,A,1,"No, different question.
(1)
Yes, different person.
2) No,
different person.
3) No.
4) No more than that?A
5) No.",1.391,pixtral,zero_shot,2026-09-07T18:20:17
I_32467_47904_left_x,non-mated,primary_impostor,cross,32467,47904,left,left,B,A,0,"No,different people
(A)
Yes,same person
(C) No.",0.998,pixtral,zero_shot,2026-09-07T18:20:18
I_27295_58793_left_x,non-mated,primary_impostor,cross,27295,58793,left,left,B,B,1,"Based on your explanation, here's what I think:

These two images could be of the same individual,
or they might not match at all due to poor quality of the scan?",1.376,pixtral,zero_shot,2026-09-07T18:20:20
I_57145_58398_left_s,non-mated,primary_impostor,same,57145,58398,left,left,B,B,1,"Based on the details you've provided, I would say that both letters A and B show similar patterns of ridge ending at the tips of their fingers. They have similar arching 

Yes, they could be from the same 
person. However, without seeing the full 
fingerprints, it's hard to determine if they're from the 
same individual. But, we can compare the unique 
patterns in the ridges and valleys of their fingerprints to",2.534,pixtral,zero_shot,2026-09-07T18:20:22
I_58398_83742_left_x,non-mated,primary_impostor,cross,58398,83742,left,left,B,A,0,"Yes, they do not appear to be of the same individual",0.912,pixtral,zero_shot,2026-09-07T18:20:23
G_43210_right_662,mated,primary_genuine,cross,43210,43210,right,right,A,A,1,"No, it shows that this is a type of thing called ""fingerprint"".",1.0,pixtral,zero_shot,2026-09-07T18:20:24
I_65030_96608_left_x,non-mated,primary_impostor,cross,65030,96608,left,left,B,A,0,Yes,0.695,pixtral,zero_shot,2026-09-07T18:20:25
G_57833_left_1171,mated,primary_genuine,cross,57833,57833,left,left,A,B,0,"No,different",0.727,pixtral,zero_shot,2026-09-07T18:20:26
D_83742_232,non-mated,diagnostic_impostor,cross,83742,83742,left,right,B,A,0,Yes,0.693,pixtral,zero_shot,2026-09-07T18:20:26
I_57145_74850_left_x,non-mated,primary_impostor,cross,57145,74850,left,left,B,B,1,"No, different person",0.759,pixtral,zero_shot,2026-09-07T18:20:27
I_69658_74850_right_s,non-mated,primary_impostor,same,69658,74850,right,right,B,A,0,"Yes, I am confident that these two fingerprints were left by the same individual?",1.017,pixtral,zero_shot,2026-09-07T18:20:28
I_57145_74850_right_s,non-mated,primary_impostor,same,57145,74850,right,right,B,A,0,Yes,0.713,pixtral,zero_shot,2026-09-07T18:20:29
I_20294_93812_right_x,non-mated,primary_impostor,cross,20294,93812,right,right,B,A,0,"Yes,
(1) I am an expert in fingerprint examiner based as unique as well as they have been identified?A) Yes.
(1)
The details of this set of three middle fingers and the ring fingerprints can be used for identification if whor rightful being comparing it to another print?
(A",1.89,pixtral,zero_shot,2026-09-07T18:20:31
G_89171_right_2541,mated,primary_genuine,cross,89171,89171,right,right,A,A,1,"No, it was not possible to tell if they were taken from the same source?",1.01,pixtral,zero_shot,2026-09-07T18:20:32
I_27295_65030_right_x,non-mated,primary_impostor,cross,27295,65030,right,right,B,B,1,Based[2 wh 1.,0.813,pixtral,zero_shot,2026-09-07T18:20:33
D_96608_278,non-mated,diagnostic_impostor,same,96608,96608,left,right,B,A,0,"1. black and white)
(No)
Yes",0.857,pixtral,zero_shot,2026-09-07T18:20:33
G_69658_right_1917,mated,primary_genuine,cross,69658,69658,right,right,A,A,1,"Yes

In black and white)

I close smooth and part comparing fingerprint of three middle fingers touching aFAs Each print tip 1042 Four fingers, Close keyboard computer mouse a) photograph's boat sw is pressing together inA(B b- und well grey and shows pointing thumb (Bblack and 39856f skin unique[image",2.132,pixtral,zero_shot,2026-09-07T18:20:36
G_58398_left_1297,mated,primary_genuine,cross,58398,58398,left,left,A,B,0,"No, different persons",0.747,pixtral,zero_shot,2026-09-07T18:20:36
G_27295_right_405,mated,primary_genuine,cross,27295,27295,right,right,A,A,1,Yes,0.684,pixtral,zero_shot,2026-09-07T18:20:37
G_63029_left_1552,mated,primary_genuine,same,63029,63029,left,left,A,B,0,"No,different people",0.739,pixtral,zero_shot,2026-09-07T18:20:38
I_14493_20294_left_x,non-mated,primary_impostor,cross,14493,20294,left,left,B,A,0,"Yes, they do not necessarily come from the same fingerprints?",0.933,pixtral,zero_shot,2026-09-07T18:20:39
G_74850_right_2020,mated,primary_genuine,cross,74850,74850,right,right,A,A,1,Yes,0.698,pixtral,zero_shot,2026-09-07T18:20:39
I_58398_65030_right_x,non-mated,primary_impostor,cross,58398,65030,right,right,B,A,0,"No, different person
(C) No
Yes, different type of fingerprints.
(1)
No
Yes",1.123,pixtral,zero_shot,2026-09-07T18:20:41
I_57145_89171_right_s,non-mated,primary_impostor,same,57145,89171,right,right,B,A,0,"Yes, differentpeople
with only the letters A and B.",0.949,pixtral,zero_shot,2026-09-07T18:20:41
I_47904_58398_left_s,non-mated,primary_impostor,same,47904,58398,left,left,B,A,0,"Yes,
same as in the question? (A) yes
or B).
No, not sure
whether they are
the same individual?

I am an expert fingerprinter examiner and I will examine this print for you.",1.578,pixtral,zero_shot,2026-09-07T18:20:43
D_44595_83,non-mated,diagnostic_impostor,cross,44595,44595,left,right,B,B,1,"No, different person",0.747,pixtral,zero_shot,2026-09-07T18:20:44
I_20294_96608_left_x,non-mated,primary_impostor,cross,20294,96608,left,left,B,A,0,"No,I can see that it is possible for the right thing",0.939,pixtral,zero_shot,2026-09-07T18:20:45
G_44595_right_776,mated,primary_genuine,cross,44595,44595,right,right,A,A,1,"Yes,
(1)
No, it is not possible that you can see them in the picture.",1.061,pixtral,zero_shot,2026-09-07T18:20:46
G_56583_right_935,mated,primary_genuine,same,56583,56583,right,right,A,B,0,"Pro >
((B)

##1)
(C)",0.875,pixtral,zero_shot,2026-09-07T18:20:47
I_47904_69658_right_x,non-mated,primary_impostor,cross,47904,69658,right,right,B,A,0,Yes,0.699,pixtral,zero_shot,2026-09-07T18:20:47
G_69658_right_1943,mated,primary_genuine,same,69658,69658,right,right,A,B,0,"No, different question",0.74,pixtral,zero_shot,2026-09-07T18:20:48
G_69658_right_1933,mated,primary_genuine,cross,69658,69658,right,right,A,A,1,"Yes,
(1)
No,The ridge pattern of close as unique as the fingerprints and thumb is a match?",1.137,pixtral,zero_shot,2026-09-07T18:20:49
D_63029_156,non-mated,diagnostic_impostor,same,63029,63029,left,right,B,A,0,"No.
Yes",0.743,pixtral,zero_shot,2026-09-07T18:20:50
D_20294_17,non-mated,diagnostic_impostor,cross,20294,20294,left,right,B,A,0,"No, it is not possible to determine if they came from the same sample?",0.994,pixtral,zero_shot,2026-09-07T18:20:51
G_27295_right_402,mated,primary_genuine,cross,27295,27295,right,right,A,A,1,"No, it's not possible to be distinguished from each other?",0.92,pixtral,zero_shot,2026-09-07T18:20:52
G_57833_right_1206,mated,primary_genuine,same,57833,57833,right,right,A,A,1,Yes,0.702,pixtral,zero_shot,2026-09-07T18:20:53
D_32467_48,non-mated,diagnostic_impostor,same,32467,32467,left,right,B,A,0,Yes,0.688,pixtral,zero_shot,2026-09-07T18:20:53
D_56583_105,non-mated,diagnostic_impostor,cross,56583,56583,left,right,B,A,0,"No.
(1)
Commented as well as it is a black and white photo ofA black and 20.
Yes.
(2)No.
(A) No.
(3) No comments yet.
(4)
No.
```

(5)

(6) No.

(7)
No.

(8)
No.",1.983,pixtral,zero_shot,2026-09-07T18:20:55
G_58398_left_1290,mated,primary_genuine,cross,58398,58398,left,left,A,A,1,Yes,0.695,pixtral,zero_shot,2026-09-07T18:20:56
G_57145_left_971,mated,primary_genuine,same,57145,57145,left,left,A,A,1,The question is asking if we can determine whether two sets of fingerprints found on separate individuals.,1.056,pixtral,zero_shot,2026-09-07T18:20:57
G_47904_right_825,mated,primary_genuine,same,47904,47904,right,right,A,A,1,Yes,0.708,pixtral,zero_shot,2026-09-07T18:20:58
I_57833_65052_left_s,non-mated,primary_impostor,same,57833,65052,left,left,B,A,0,"Yes,
(B black and white photo ofThe Are they all five unique individuals?",1.025,pixtral,zero_shot,2026-09-07T18:20:59
D_20294_12,non-mated,diagnostic_impostor,same,20294,20294,left,right,B,A,0,"Yes, I am be able to help you identify this as unique?",0.932,pixtral,zero_shot,2026-09-07T18:21:00
G_76957_left_2084,mated,primary_genuine,cross,76957,76957,left,left,A,B,0,"No, they do not",0.781,pixtral,zero_shot,2026-09-07T18:21:00
G_96608_right_2800,mated,primary_genuine,cross,96608,96608,right,right,A,A,1,"Yes, I am an expert in fingerprint examiner",0.851,pixtral,zero_shot,2026-09-07T18:21:01
D_58793_147,non-mated,diagnostic_impostor,cross,58793,58793,left,right,B,A,0,"A Salem Des Moines parked through between fingers crossed by is cloud 1

I2 middle",1.04,pixtral,zero_shot,2026-09-07T18:21:02
G_87757_right_2430,mated,primary_genuine,cross,87757,87757,right,right,A,B,0,"No, different person",0.753,pixtral,zero_shot,2026-09-07T18:21:03
I_74850_96608_left_s,non-mated,primary_impostor,same,74850,96608,left,left,B,A,0,"Yes, they do not necessarily mean that those people have identical twins?",0.967,pixtral,zero_shot,2026-09-07T18:21:04
D_32467_54,non-mated,diagnostic_impostor,cross,32467,32467,left,right,B,A,0,"Yes, they do not look alike",0.809,pixtral,zero_shot,2026-09-07T18:21:05
I_47904_57833_right_x,non-mated,primary_impostor,cross,47904,57833,right,right,B,B,1,"No, different persons",0.75,pixtral,zero_shot,2026-09-07T18:21:06
D_20294_22,non-mated,diagnostic_impostor,same,20294,20294,left,right,B,A,0,Can you please provide me some more information about this question?,0.902,pixtral,zero_shot,2026-09-07T18:21:07
I_58398_65030_right_s,non-mated,primary_impostor,same,58398,65030,right,right,B,A,0,I am an expert in fingerprint examination and comparison.,0.884,pixtral,zero_shot,2026-09-07T18:21:07
I_58398_87757_right_s,non-mated,primary_impostor,same,58398,87757,right,right,B,A,0,"Yes, different person",0.771,pixtral,zero_shot,2026-09-07T18:21:08
I_58793_87757_right_s,non-mated,primary_impostor,same,58793,87757,right,right,B,A,0,I am an expert in analyzing fingerprints. Can you help me analyze these two prints?,1.039,pixtral,zero_shot,2026-09-07T18:21:09
G_58398_left_1272,mated,primary_genuine,cross,58398,58398,left,left,A,A,1,"Yes, they could be used as evidence in a court case?",0.931,pixtral,zero_shot,2026-09-07T18:21:10
I_65030_96608_right_x,non-mated,primary_impostor,cross,65030,96608,right,right,B,A,0,"Yes, they do not look like each other.",0.875,pixtral,zero_shot,2026-09-07T18:21:11
D_74850_214,non-mated,diagnostic_impostor,same,74850,74850,left,right,B,A,0,"Yes,
the letters A and B
are distinct individuals?",0.95,pixtral,zero_shot,2026-09-07T18:21:12
G_20294_left_198,mated,primary_genuine,same,20294,20294,left,left,A,A,1,"No, different person?
(1)
Yes, could be used for identification?",0.974,pixtral,zero_shot,2026-09-07T18:21:13
D_65052_186,non-mated,diagnostic_impostor,cross,65052,65052,left,right,B,A,0,"No,I am't(1)
Yes.
(2) I can see that it is possible for me?",1.123,pixtral,zero_shot,2026-09-07T18:21:14
G_56583_right_900,mated,primary_genuine,same,56583,56583,right,right,A,A,1,"(1)
No.
No.
(2)

To provide accurate information about fingerprints and thumbridgeExpertine(f).
(3)
No details
(4).

Finger.
(5).",1.471,pixtral,zero_shot,2026-09-07T18:21:16
G_57145_right_1060,mated,primary_genuine,cross,57145,57145,right,right,A,B,0,"No, different persons",0.758,pixtral,zero_shot,2026-09-07T18:21:16
D_96608_285,non-mated,diagnostic_impostor,same,96608,96608,left,right,B,A,0,"Yes,A and B.",0.804,pixtral,zero_shot,2026-09-07T18:21:17
I_14493_99775_left_s,non-mated,primary_impostor,same,14493,99775,left,left,B,A,0,"Yes,
same person",0.775,pixtral,zero_shot,2026-09-07T18:21:18
D_96608_282,non-mated,diagnostic_impostor,cross,96608,96608,left,right,B,A,0,"Yes, they do not necessarily come from the same source.",0.903,pixtral,zero_shot,2026-09-07T18:21:19
I_83742_99775_right_x,non-mated,primary_impostor,cross,83742,99775,right,right,B,A,0,"No,Yes,A or B.
(1)
No,To provide more information about this specific item.
(2)

Can you tell me if someone is pressing their fingerprints?

(A)
No
To provide some more information.
(3)

Can we make out of this question.
(4)
No.
To provide even more information.


Can you help me if somebody.
(5)
No",2.238,pixtral,zero_shot,2026-09-07T18:21:21
G_89171_right_2552,mated,primary_genuine,same,89171,89171,right,right,A,A,1,"Yes,(",0.745,pixtral,zero_shot,2026-09-07T18:21:22
G_69658_left_1893,mated,primary_genuine,same,69658,69658,left,left,A,B,0,"No, different question",0.742,pixtral,zero_shot,2026-09-07T18:21:23
I_14493_74850_right_x,non-mated,primary_impostor,cross,14493,74850,right,right,B,A,0,"To determine if these two sets of fingerprints were taken from the same hand? (A) Yes
(1) The ridge details and patterns in set A match those in set B.
(2) Not all points in either set correspond sufficiently well enough for identification purposes.
(3) Some points do correspond better than others.
(4) All points may be compared usefully for individualization.",2.244,pixtral,zero_shot,2026-09-07T18:21:25
G_56583_right_933,mated,primary_genuine,same,56583,56583,right,right,A,B,0,"No, different person

## 10.",0.855,pixtral,zero_shot,2026-09-07T18:21:26
D_32467_58,non-mated,diagnostic_impostor,same,32467,32467,left,right,B,B,1,"No,different people",0.764,pixtral,zero_shot,2026-09-07T18:21:26
G_99775_left_2846,mated,primary_genuine,cross,99775,99775,left,left,A,A,1,"No, it's not possible to identify them by their unique characteristics?",0.944,pixtral,zero_shot,2026-09-07T18:21:27
I_47904_87757_right_x,non-mated,primary_impostor,cross,47904,87757,right,right,B,A,0,"No, it shows a close-up of view of someone's fingerprints.",0.974,pixtral,zero_shot,2026-09-07T18:21:28
G_99775_right_2918,mated,primary_genuine,same,99775,99775,right,right,A,A,1,"No, I can't tell them apart.",0.86,pixtral,zero_shot,2026-09-07T18:21:29
G_76957_left_2117,mated,primary_genuine,cross,76957,76957,left,left,A,B,0,"Based on your expertise in fingerprints, can you determine which of the letters (A or B) belongs to this individual?

For example, if I show you image C:
[Four fingers](https://www.reddit.org.uk/wp-content/uploads/2019-04-03-05-06.jpg), could you tell me who is pressing their fingertips together on the scanner?",2.279,pixtral,zero_shot,2026-09-07T18:21:31
I_65030_89171_left_s,non-mated,primary_impostor,same,65030,89171,left,left,B,A,0,"No, I don't know how many times have you seen before?Yes, they could be different people",1.096,pixtral,zero_shot,2026-09-07T18:21:33
D_65030_168,non-mated,diagnostic_impostor,cross,65030,65030,left,right,B,B,1,"No,
different people",0.756,pixtral,zero_shot,2026-09-07T18:21:33
G_32467_right_533,mated,primary_genuine,cross,32467,32467,right,right,A,A,1,"No, different
(1)
Yes,
(2) No.
(A) No.",1.026,pixtral,zero_shot,2026-09-07T18:21:34
G_14493_left_36,mated,primary_genuine,cross,14493,14493,left,left,A,B,0,"No, different letters",0.755,pixtral,zero_shot,2026-09-07T18:21:35
G_27295_right_370,mated,primary_genuine,cross,27295,27295,right,right,A,A,1,"Yes,And how can I assist in houses fist pointing out ofI 80134.",1.086,pixtral,zero_shot,2026-09-07T18:21:36
G_65052_right_1809,mated,primary_genuine,cross,65052,65052,right,right,A,A,1,"No,Yes.
(1)
•(2) No.
(3) • 4.",1.069,pixtral,zero_shot,2026-09-07T18:21:37
G_32467_left_427,mated,primary_genuine,cross,32467,32467,left,left,A,A,1,"No,Yes,No,No
No
A
No",0.937,pixtral,zero_shot,2026-09-07T18:21:38
I_93812_96608_right_s,non-mated,primary_impostor,same,93812,96608,right,right,B,A,0,"No
Yes",0.755,pixtral,zero_shot,2026-09-07T18:21:39
G_89171_left_2518,mated,primary_genuine,cross,89171,89171,left,left,A,A,1,"Yes, These fingerprints are from the same individual because they have similar ridge patterns and features index of at least not?",1.142,pixtral,zero_shot,2026-09-07T18:21:40
I_43210_69658_left_s,non-mated,primary_impostor,same,43210,69658,left,left,B,B,1,"No, different person.
(C) No.",0.863,pixtral,zero_shot,2026-09-07T18:21:41
D_93812_273,non-mated,diagnostic_impostor,same,93812,93812,left,right,B,A,0,"Yes,
same as the letter C.",0.838,pixtral,zero_shot,2026-09-07T18:21:42
I_47904_87757_right_s,non-mated,primary_impostor,same,47904,87757,right,right,B,A,0,Yes,0.714,pixtral,zero_shot,2026-09-07T18:21:42
G_99775_left_2843,mated,primary_genuine,same,99775,99775,left,left,A,A,1,"Yes, they could potentially be used as evidence in determining whether (A) the same individual",1.029,pixtral,zero_shot,2026-09-07T18:21:44
I_14493_32467_left_s,non-mated,primary_impostor,same,14493,32467,left,left,B,B,1,Based on what you just said?,0.841,pixtral,zero_shot,2026-09-07T18:21:44
G_96608_left_2718,mated,primary_genuine,same,96608,96608,left,left,A,A,1,"Yes, different",0.749,pixtral,zero_shot,2026-09-07T18:21:45
G_57145_right_1051,mated,primary_genuine,same,57145,57145,right,right,A,A,1,"Yes,
the same person",0.791,pixtral,zero_shot,2026-09-07T18:21:46
I_74850_87757_right_s,non-mated,primary_impostor,same,74850,87757,right,right,B,A,0,"Yes,
(1)
No, different person.
(C) No
(2)

Can you see it?

Yes.
(3)
No

**related**

**finger**
(4)

### 5. Can you tell me more about this question?

**related**
(6)

Yes.
(I am not sure to be able to distinguish between them and the other fingerprints in the image above.

**related **

**fingFitting ridge pattern of ridges that match",2.55,pixtral,zero_shot,2026-09-07T18:21:48
G_32467_right_526,mated,primary_genuine,cross,32467,32467,right,right,A,A,1,"No, different question.
(1)
Yes, I am an expert in fingerprints.
(2) No.
No, not sure what is happening here?",1.294,pixtral,zero_shot,2026-09-07T18:21:50
D_58398_134,non-mated,diagnostic_impostor,cross,58398,58398,left,right,B,B,1,No letters,0.715,pixtral,zero_shot,2026-09-07T18:21:50
I_27295_74850_left_x,non-mated,primary_impostor,cross,27295,74850,left,left,B,B,1,"No, different person",0.756,pixtral,zero_shot,2026-09-07T18:21:51
I_65030_76957_right_x,non-mated,primary_impostor,cross,65030,76957,right,right,B,A,0,"Yes,
the fingerprints of A and B look similar?",0.911,pixtral,zero_shot,2026-09-07T18:21:52
G_43210_left_598,mated,primary_genuine,cross,43210,43210,left,left,A,A,1,Can you give me more information about it?,0.845,pixtral,zero_shot,2026-09-07T18:21:53
I_20294_87757_right_x,non-mated,primary_impostor,cross,20294,87757,right,right,B,A,0,"No, it is not possible to determine if they are related?A) Yes,
It can be determined by examining their fingerprints and knuckles at the base of each other's unique patterns.",1.484,pixtral,zero_shot,2026-09-07T18:21:54
I_14493_89171_left_x,non-mated,primary_impostor,cross,14493,89171,left,left,B,A,0,"Yes, they do",0.762,pixtral,zero_shot,2026-09-07T18:21:55
I_74850_99775_left_s,non-mated,primary_impostor,same,74850,99775,left,left,B,A,0,"Yes,
same person",0.774,pixtral,zero_shot,2026-09-07T18:21:56
G_83742_left_2236,mated,primary_genuine,cross,83742,83742,left,left,A,A,1,"No, it's not possible
to tell if this picture shows what kind of thing.
(A) It is a close-up view of something that looks like this comment.
(D)",1.378,pixtral,zero_shot,2026-09-07T18:21:57
G_87757_left_2395,mated,primary_genuine,cross,87757,87757,left,left,A,A,1,"No, different person
(C)
Yes,
same person
(D) No,
different person
(E) No.
(1) No.",1.212,pixtral,zero_shot,2026-09-07T18:21:59
D_57145_113,non-mated,diagnostic_impostor,same,57145,57145,left,right,B,A,0,"No, different person
(C)
Yes, different question
(D) No

### 10.20.3.4.5.6.7.8.9.10.

### 9.0.11.2.3.

### What is the difference between the fingerprints?

(It's the same as the letters? (A)

### 0.0.

#### 1.0.
(It’s the same thing?

(",2.511,pixtral,zero_shot,2026-09-07T18:22:01
D_87757_249,non-mated,diagnostic_impostor,same,87757,87757,left,right,B,A,0,"No, What is this called at?I'more little fingerprints of close pattern ridge and five loops in black and white",1.149,pixtral,zero_shot,2026-09-07T18:22:02
I_65052_74850_right_s,non-mated,primary_impostor,same,65052,74850,right,right,B,A,0,Yes,0.71,pixtral,zero_shot,2026-09-07T18:22:03
I_24101_32467_right_x,non-mated,primary_impostor,cross,24101,32467,right,right,B,A,0,"Yes,
the same person?",0.797,pixtral,zero_shot,2026-09-07T18:22:04
