pair_id,label,category,device_pair,subject1,subject2,hand1,hand2,ground_truth,similarity_score,raw_response,latency_s,model,prompting_setting,timestamp
D_121_111,non-mated,diagnostic_impostor,na,121,121,13,14,B,20,"20% confident (the
  30%%",0.832,pixtral,similarity_score,2026-09-08T21:09:20
I_044_232_13,non-mated,primary_impostor,na,044,232,13,13,B,70,"70% confident (the

I'may be the same as
  80%%",1.015,pixtral,similarity_score,2026-09-08T21:09:21
I_067_932_13,non-mated,primary_impostor,na,067,932,13,13,B,20,"20% confident (the same as the
  30%%

The image is a black and white square.

It's a simple line drawing of the same as in the
of the
that it does not include the
anything.

Do not include anything else.

But what about?

That's a black box drawn here.

And then there was something about the
something.

Something is the
same thing.

But I'm saying something.

Something that you",2.431,pixtral,similarity_score,2026-09-08T21:09:23
I_169_222_13,non-mated,primary_impostor,na,169,222,13,13,B,2,"2
  30% confident (the images are the",0.85,pixtral,similarity_score,2026-09-08T21:09:24
I_051_174_13,non-mated,primary_impostor,na,051,174,13,13,B,70,"70% confident (the same person).

The image is a black-and-white image.",0.953,pixtral,similarity_score,2026-09-08T21:09:25
D_041_36,non-mated,diagnostic_impostor,na,041,041,13,14,B,,"F five distinct
 Based.",0.746,pixtral,similarity_score,2026-09-08T21:09:26
G_200_13_11863,mated,primary_genuine,na,200,200,13,13,A,,"The fingerprint is unique, but it's not clear what this person does.",0.867,pixtral,similarity_score,2026-09-08T21:09:27
I_049_269_13,non-mated,primary_impostor,na,049,269,13,13,B,20,"20
  30%%",0.774,pixtral,similarity_score,2026-09-08T21:09:28
G_256_14_13142,mated,primary_genuine,na,256,256,14,14,A,20,"20% confident (the images are the
  30%%",0.91,pixtral,similarity_score,2026-09-08T21:09:28
G_159_14_10898,mated,primary_genuine,na,159,159,14,14,A,20,"20% confident (the same as
  30%% certain
 40%% consistent (the images are the

same person.",1.183,pixtral,similarity_score,2026-09-08T21:09:30
G_202_14_11903,mated,primary_genuine,na,202,202,14,14,A,20,"20% confident (the images are the
  30%% consistent (the they are from in the

The following is the same as the

Do not include the number of the

is the

of the

and the

to be the

that is the

the

of this

the


+++++ (the)


the

the",1.98,pixtral,similarity_score,2026-09-08T21:09:32
D_46_259,non-mated,diagnostic_impostor,na,46,46,13,14,B,70,"70% confident (the
  80%%confident (the

I am here, explaining how it works:

The unique identifier is used in various ways to identify individual persons who have similar characteristics as those shown above.",1.531,pixtral,similarity_score,2026-09-08T21:09:33
G_112_14_9805,mated,primary_genuine,na,112,112,14,14,A,20,20%,0.673,pixtral,similarity_score,2026-09-08T21:09:34
G_192_13_11674,mated,primary_genuine,na,192,192,13,13,A,,A more than is the same as the same.,0.772,pixtral,similarity_score,2026-09-08T21:09:35
I_009_216_13,non-mated,primary_impostor,na,009,216,13,13,B,70,70%,0.676,pixtral,similarity_score,2026-09-08T21:09:35
D_155_135,non-mated,diagnostic_impostor,na,155,155,13,14,B,40,40,0.637,pixtral,similarity_score,2026-09-08T21:09:36
I_31_911_14,non-mated,primary_impostor,na,31,911,14,14,B,70,"Explain
the 70%",0.733,pixtral,similarity_score,2026-09-08T21:09:37
I_233_293_14,non-mated,primary_impostor,na,233,293,14,14,B,20,"20
  3.",0.732,pixtral,similarity_score,2026-09-08T21:09:37
I_57_71_13,non-mated,primary_impostor,na,57,71,13,13,B,70,"70% confident (the same person.)

The image is from the number of 85% confident
  9 = 20%%

Confident (the number of the 30%
  40%",1.531,pixtral,similarity_score,2026-09-08T21:09:39
G_048_14_3830,mated,primary_genuine,na,048,048,14,14,A,,"What is ed all Black-and-white

I does a Family Foot Prints print baby feet of by Janice  drawing Finger prints of placed family of three children growing our Four Fingers, lin f fo kids' picture

How do one female when can be unique, four fingers in woodcut, from comparing family ""The child's by l. left mabl e Lino. plus age,",2.171,pixtral,similarity_score,2026-09-08T21:09:41
D_191_165,non-mated,diagnostic_impostor,na,191,191,13,14,B,20,"20% confident (the images are
  30%%confident (the labels are from

### A score of the 4things are from
  the number is 1.",1.411,pixtral,similarity_score,2026-09-08T21:09:42
G_182_14_11428,mated,primary_genuine,na,182,182,14,14,A,20,"20
  30",0.733,pixtral,similarity_score,2026-09-08T21:09:43
G_009_13_633,mated,primary_genuine,na,009,009,13,13,A,29,"Finger date January 29, 40%
  3%",0.913,pixtral,similarity_score,2026-09-08T21:09:44
I_83_908_13,non-mated,primary_impostor,na,83,908,13,13,B,,Finger fing dact in the same as the same.,0.816,pixtral,similarity_score,2026-09-08T21:09:45
I_010_173_13,non-mated,primary_impostor,na,010,173,13,13,B,20,"20
  30% confident (the completely certain)
 40

## Fingerprinting the ridge is 700%",1.202,pixtral,similarity_score,2026-09-08T21:09:46
D_004_2,non-mated,diagnostic_impostor,na,004,004,13,14,B,,"collection members larger in paper prints fingerprints parts tip at dated Sir Park Smiths in there sizes of eight stages various second  various largest large ofFf unique.

How antique is

What children in labeled labels toes from lower from bottom te also numerical ridge,",1.599,pixtral,similarity_score,2026-09-08T21:09:48
G_212_13_12077,mated,primary_genuine,na,212,212,13,13,A,7,7.,0.639,pixtral,similarity_score,2026-09-08T21:09:48
G_270_14_13504,mated,primary_genuine,na,270,270,14,14,A,2,"2
  30% confident (the number is 40%% confidential the images.

I'might, and 2

  4",1.217,pixtral,similarity_score,2026-09-08T21:09:50
G_42_13_14322,mated,primary_genuine,na,42,42,13,13,A,,"Explain the question, explain what is happening here?",0.788,pixtral,similarity_score,2026-09-08T21:09:50
D_128_117,non-mated,diagnostic_impostor,na,128,128,13,14,B,,"I'm sorry, but I don't know how to analyze multiple images. Can you help me understand?",0.985,pixtral,similarity_score,2026-09-08T21:09:51
G_934_14_16443,mated,primary_genuine,na,934,934,14,14,A,2,2.,0.636,pixtral,similarity_score,2026-09-08T21:09:52
I_059_900_13,non-mated,primary_impostor,na,059,900,13,13,B,20,"20
  finger (com",0.771,pixtral,similarity_score,2026-09-08T21:09:53
I_31_82_14,non-mated,primary_impostor,na,31,82,14,14,B,,"To analyze whether two fingerprint images match, we need to compare their unique characteristics—the ridges, deltas, minutiae, and core features like pattern, location, and flow within each print. Here's how:

```python
from sklearn.metrics import RidgeFlow

def examine_fingerprints(fingers):
    # Compare all ten points in both prints
    for point in range(ridge_flow):

        if abs(point): 
            # Check if this point matches another by",2.422,pixtral,similarity_score,2026-09-08T21:09:55
I_034_181_14,non-mated,primary_impostor,na,034,181,14,14,B,,(or,0.619,pixtral,similarity_score,2026-09-08T21:09:56
G_033_13_2634,mated,primary_genuine,na,033,033,13,13,A,20,"20
  40%confident (completion the same as well as it does.",1.008,pixtral,similarity_score,2026-09-08T21:09:57
I_136_263_13,non-mated,primary_impostor,na,136,263,13,13,B,70,"The question is about the 70% confident (it does not include anything else).

What do you think? The answer is about how many fingers (the 80%% correct (it's the 90%% incorrect
  20%%confident (it doesn't the 30%%correct (it isn't the

Do you think?
The answer is to identify the 40%%incorrect (it can be used for the 5%%",2.422,pixtral,similarity_score,2026-09-08T21:09:59
G_160_13_10911,mated,primary_genuine,na,160,160,13,13,A,20,20 =,0.676,pixtral,similarity_score,2026-09-08T21:10:00
G_12_13_10249,mated,primary_genuine,na,12,12,13,13,A,,>,0.598,pixtral,similarity_score,2026-09-08T21:10:01
I_006_044_14,non-mated,primary_impostor,na,006,044,14,14,B,2,2% confident (the).,0.738,pixtral,similarity_score,2026-09-08T21:10:01
D_218_186,non-mated,diagnostic_impostor,na,218,218,13,14,B,4,The following is 4%confident the number.,0.792,pixtral,similarity_score,2026-09-08T21:10:02
D_39_252,non-mated,diagnostic_impostor,na,39,39,13,14,B,,,0.597,pixtral,similarity_score,2026-09-08T21:10:03
I_229_916_13,non-mated,primary_impostor,na,229,916,13,13,B,,Finger prints,0.636,pixtral,similarity_score,2026-09-08T21:10:03
G_049_14_3960,mated,primary_genuine,na,049,049,14,14,A,,"I

How can compare at the end of the wall art
What is the process comparing of various as labeled prints of ten types of fingers?
finger marta?

Can you please human thumbprint by Jeremy Eames.",1.452,pixtral,similarity_score,2026-09-08T21:10:05
D_918_310,non-mated,diagnostic_impostor,na,918,918,13,14,B,70,70%,0.674,pixtral,similarity_score,2026-09-08T21:10:05
G_43_13_14353,mated,primary_genuine,na,43,43,13,13,A,20,"Do not include the number of
  20%",0.809,pixtral,similarity_score,2026-09-08T21:10:06
G_923_13_16063,mated,primary_genuine,na,923,923,13,13,A,20,20%,0.676,pixtral,similarity_score,2026-09-08T21:10:07
G_127_14_10171,mated,primary_genuine,na,127,127,14,14,A,,I have been larger black and white background image is smallest five sets six distinct prints of.,0.927,pixtral,similarity_score,2026-09-08T21:10:08
D_051_45,non-mated,diagnostic_impostor,na,051,051,13,14,B,2,"2
  30%%

I am looking for the number.",0.912,pixtral,similarity_score,2026-09-08T21:10:09
G_197_14_11779,mated,primary_genuine,na,197,197,14,14,A,3,3.,0.635,pixtral,similarity_score,2026-09-08T21:10:09
G_018_14_1489,mated,primary_genuine,na,018,018,14,14,A,,"Can a bigger and five members of this Finger prints in black and dot through Piro Art\pi we before z family foot four fingerprints

How art ever funny lined five persons of one embryo, pregnancy announcement, by  vector ba at beh illustration wh drawing varying as by ink drawings of.

What is unique,f thumbyb four fingers growing.

I Different from tiny baby's I son pe, at growth how our family of

Here fingerprint of four different adult from progression",2.428,pixtral,similarity_score,2026-09-08T21:10:12
I_049_901_14,non-mated,primary_impostor,na,049,901,14,14,B,7,"or
  7.",0.696,pixtral,similarity_score,2026-09-08T21:10:13
I_36_67_13,non-mated,primary_impostor,na,36,67,13,13,B,70,70%,0.654,pixtral,similarity_score,2026-09-08T21:10:13
I_146_194_13,non-mated,primary_impostor,na,146,194,13,13,B,,Explain the number of the person.,0.735,pixtral,similarity_score,2026-09-08T21:10:14
D_279_230,non-mated,diagnostic_impostor,na,279,279,13,14,B,20,"20% confident (the images are the
  30",0.891,pixtral,similarity_score,2026-09-08T21:10:15
I_013_919_13,non-mated,primary_impostor,na,013,919,13,13,B,30,"30% confident (the same person).

What is it?",0.85,pixtral,similarity_score,2026-09-08T21:10:16
D_094_86,non-mated,diagnostic_impostor,na,094,094,13,14,B,2,2.,0.642,pixtral,similarity_score,2026-09-08T21:10:16
D_158_138,non-mated,diagnostic_impostor,na,158,158,13,14,B,3,3.,0.672,pixtral,similarity_score,2026-09-08T21:10:17
I_057_909_14,non-mated,primary_impostor,na,057,909,14,14,B,20,20%,0.676,pixtral,similarity_score,2026-09-08T21:10:18
D_099_90,non-mated,diagnostic_impostor,na,099,099,13,14,B,,,0.583,pixtral,similarity_score,2026-09-08T21:10:18
G_125_13_10127,mated,primary_genuine,na,125,125,13,13,A,,"To analyze the similarity of two fingerprint images, you can use the `structure similar` function. This finds the unique characteristics common to both inputs, and scores how many common characteristics exist between them. Here, we compare the similarity scores of all pairs of fingers, and determine which pair has the highest similarity scores.

For example, our goal is to distinguish whether these two SLap images capture the same hand. We'll use structure similar to check if their pattern, ending, ridges,",2.419,pixtral,similarity_score,2026-09-08T21:10:21
I_048_22_13,non-mated,primary_impostor,na,048,22,13,13,B,2,"2

### Your task: I am here to provide information about how to compare these prints.",0.964,pixtral,similarity_score,2026-09-08T21:10:22
G_156_13_10789,mated,primary_genuine,na,156,156,13,13,A,,"I'm sorry, but I can't provide details.",0.787,pixtral,similarity_score,2026-09-08T21:10:22
I_42_939_14,non-mated,primary_impostor,na,42,939,14,14,B,70,70%,0.674,pixtral,similarity_score,2026-09-08T21:10:23
I_164_279_14,non-mated,primary_impostor,na,164,279,14,14,B,,"[Finger prints]
[[As * wh animal Sol

##### What is the adult
[Fing][Fam]

###[F]

The uniqueness of smaller family's small vector Fre big toe human handprints in black and white background.

**[Fengfinger:

I am mother father, bottom left mon2 newborns different unique showing family print,",2.047,pixtral,similarity_score,2026-09-08T21:10:25
I_007_253_13,non-mated,primary_impostor,na,007,253,13,13,B,2,"2
  40%",0.756,pixtral,similarity_score,2026-09-08T21:10:26
I_902_919_14,non-mated,primary_impostor,na,902,919,14,14,B,,Explain the images.,0.673,pixtral,similarity_score,2026-09-08T21:10:27
I_100_189_13,non-mated,primary_impostor,na,100,189,13,13,B,20,20%,0.676,pixtral,similarity_score,2026-09-08T21:10:27
G_122_13_10044,mated,primary_genuine,na,122,122,13,13,A,,"I'm sorry, but I don't know how to properly address this issue.",0.889,pixtral,similarity_score,2026-09-08T21:10:28
I_024_130_13,non-mated,primary_impostor,na,024,130,13,13,B,20,"20% confident (the
  30%%confident (completingly)
 40%% confidential (the

I'm sorry (the more than 70%% certain)
 5.",1.47,pixtral,similarity_score,2026-09-08T21:10:30
G_284_14_13708,mated,primary_genuine,na,284,284,14,14,A,,Explain with the word.,0.691,pixtral,similarity_score,2026-09-08T21:10:30
D_228_195,non-mated,diagnostic_impostor,na,228,228,13,14,B,,,0.577,pixtral,similarity_score,2026-09-08T21:10:31
D_016_14,non-mated,diagnostic_impostor,na,016,016,13,14,B,,What can be inferred by jane?,0.737,pixtral,similarity_score,2026-09-08T21:10:32
I_123_932_14,non-mated,primary_impostor,na,123,932,14,14,B,,How do I know this?,0.692,pixtral,similarity_score,2026-09-08T21:10:32
D_101_92,non-mated,diagnostic_impostor,na,101,101,13,14,B,70,The final answer is 70%,0.74,pixtral,similarity_score,2026-09-08T21:10:33
G_026_13_2176,mated,primary_genuine,na,026,026,13,13,A,,"I'm sorry, I can't help you analyze them.",0.816,pixtral,similarity_score,2026-09-08T21:10:34
D_35_248,non-mated,diagnostic_impostor,na,35,35,13,14,B,20,"the
  20%",0.713,pixtral,similarity_score,2026-09-08T21:10:35
I_055_932_14,non-mated,primary_impostor,na,055,932,14,14,B,20,"or the
  20%",0.733,pixtral,similarity_score,2026-09-08T21:10:35
G_159_13_10878,mated,primary_genuine,na,159,159,13,13,A,,Surely explain why it is true.,0.733,pixtral,similarity_score,2026-09-08T21:10:36
I_026_051_14,non-mated,primary_impostor,na,026,051,14,14,B,20,"20% confident (the images are the
  40

I'more confident (they are the",1.067,pixtral,similarity_score,2026-09-08T21:10:37
G_127_13_10162,mated,primary_genuine,na,127,127,13,13,A,,##,0.596,pixtral,similarity_score,2026-09-08T21:10:38
I_013_175_14,non-mated,primary_impostor,na,013,175,14,14,B,20,"20
  30",0.757,pixtral,similarity_score,2026-09-08T21:10:38
G_905_13_15522,mated,primary_genuine,na,905,905,13,13,A,20,20 =,0.655,pixtral,similarity_score,2026-09-08T21:10:39
I_907_922_14,non-mated,primary_impostor,na,907,922,14,14,B,,"The illustration footprints of
Do not include",0.754,pixtral,similarity_score,2026-09-08T21:10:40
G_194_13_11703,mated,primary_genuine,na,194,194,13,13,A,70,"the
  70%",0.712,pixtral,similarity_score,2026-09-08T21:10:41
D_132_120,non-mated,diagnostic_impostor,na,132,132,13,14,B,2,"Explain
the images are 2% confident (explanation)
 30% confident the number is 40%",1.08,pixtral,similarity_score,2026-09-08T21:10:42
G_196_14_11755,mated,primary_genuine,na,196,196,14,14,A,,"Certainly, I am an AI language model trained by Mistral AI.",0.875,pixtral,similarity_score,2026-09-08T21:10:42
G_929_14_16265,mated,primary_genuine,na,929,929,14,14,A,,"I have distinct prints sets five fingerprints, including fingerprints in wood.",0.866,pixtral,similarity_score,2026-09-08T21:10:43
G_240_13_12731,mated,primary_genuine,na,240,240,13,13,A,2,2,0.641,pixtral,similarity_score,2026-09-08T21:10:44
G_47_14_14464,mated,primary_genuine,na,47,47,14,14,A,,"As a **forensic**_analyst**expert**, I will be examining two **SLAP**images**. A **SLAp**image**captures four **fingers**(index, **middle), **ring,** little**)pressed simultaneously on **a**scanner**.

*Your *task*: Examining the ***ridge***flow***patterns*, ***ridge***

endings,, and the ***relative***shape***and***spacing***of***each*****",2.43,pixtral,similarity_score,2026-09-08T21:10:46
G_912_13_15765,mated,primary_genuine,na,912,912,13,13,A,2,"The 2% confident (the images are
from the same place.",0.869,pixtral,similarity_score,2026-09-08T21:10:47
D_157_137,non-mated,diagnostic_impostor,na,157,157,13,14,B,4,The term is 4.,0.694,pixtral,similarity_score,2026-09-08T21:10:48
I_231_263_13,non-mated,primary_impostor,na,231,263,13,13,B,,"As
>
I is.
>
F.",0.753,pixtral,similarity_score,2026-09-08T21:10:49
G_247_14_12927,mated,primary_genuine,na,247,247,14,14,A,20,"20% confident (the same as
 30%%confident (the

What is the difference between 40 and the same one.",1.198,pixtral,similarity_score,2026-09-08T21:10:50
I_005_81_14,non-mated,primary_impostor,na,005,81,14,14,B,20,20%,0.678,pixtral,similarity_score,2026-09-08T21:10:51
D_59_270,non-mated,diagnostic_impostor,na,59,59,13,14,B,20,"The three fingers (ridge), and the number of
  20% confident (the images are the

I am an expert in comparing fingerprints,
  30%% certain
  (the number of

Do not include the text, but it's the

The three prints),
and the number is from the

Do note any text,

but it's

The five fingers (idge),

and the numbers are from",2.285,pixtral,similarity_score,2026-09-08T21:10:53
G_011_13_817,mated,primary_genuine,na,011,011,13,13,A,,"Print from all  in  for small foot baby growing is ""by l family soon being arranged dressed feet and one by lin far EU  via  M je un smaller prints of_ shoes babies' | by a rings от wood art wall

The uniqueness, will be aged- di boot from M2, represents fingerprints with names soon as by L Er al pac, is unique
from represent represented forming Family soon  using. The capturing children's many;  T",2.422,pixtral,similarity_score,2026-09-08T21:10:55
G_14_14_10714,mated,primary_genuine,na,14,14,14,14,A,70,"70% confident (because they are 85%% certain
  90%%

I am happy with the numbers.",1.122,pixtral,similarity_score,2026-09-08T21:10:56
I_074_218_13,non-mated,primary_impostor,na,074,218,13,13,B,,"Explain the
with the number.",0.735,pixtral,similarity_score,2026-09-08T21:10:57
I_197_241_14,non-mated,primary_impostor,na,197,241,14,14,B,40,"40
  20",0.732,pixtral,similarity_score,2026-09-08T21:10:58
G_271_13_13508,mated,primary_genuine,na,271,271,13,13,A,4,4,0.617,pixtral,similarity_score,2026-09-08T21:10:59
I_48_927_13,non-mated,primary_impostor,na,48,927,13,13,B,70,70%,0.675,pixtral,similarity_score,2026-09-08T21:10:59
G_18_13_11603,mated,primary_genuine,na,18,18,13,13,A,20,"20
  30%",0.774,pixtral,similarity_score,2026-09-08T21:11:00
D_110_101,non-mated,diagnostic_impostor,na,110,110,13,14,B,,"The differences can be used ridges in the same as the same
I
This is important because how many types of prints?",1.073,pixtral,similarity_score,2026-09-08T21:11:01
G_160_14_10920,mated,primary_genuine,na,160,160,14,14,A,2,"2
  finger (the same person).
  30%
  40%",1.024,pixtral,similarity_score,2026-09-08T21:11:02
I_913_914_14,non-mated,primary_impostor,na,913,914,14,14,B,,"the number of items in the list.

## Answer

Explain with the word.",0.91,pixtral,similarity_score,2026-09-08T21:11:03
D_903_295,non-mated,diagnostic_impostor,na,903,903,13,14,B,2,"2
  40",0.734,pixtral,similarity_score,2026-09-08T21:11:04
D_038_33,non-mated,diagnostic_impostor,na,038,038,13,14,B,2,"2
 30% confident (the same person.)
 4.",0.895,pixtral,similarity_score,2026-09-08T21:11:05
D_079_71,non-mated,diagnostic_impostor,na,079,079,13,14,B,2,2.,0.642,pixtral,similarity_score,2026-09-08T21:11:05
I_152_35_13,non-mated,primary_impostor,na,152,35,13,13,B,2,"2
  30% confident (the same person).

What does this mean?",0.945,pixtral,similarity_score,2026-09-08T21:11:06
I_005_132_13,non-mated,primary_impostor,na,005,132,13,13,B,70,"The fingerprintings are 70% confident (the same person).

Do not include this text, or labels. The fingerprint is 80%confident (the person).
Explain the fingerprint pattern, or the same thing as the other things.",1.582,pixtral,similarity_score,2026-09-08T21:11:08
I_088_149_13,non-mated,primary_impostor,na,088,149,13,13,B,20,20% confident (the same as the number is 40%%,0.889,pixtral,similarity_score,2026-09-08T21:11:09
D_94_333,non-mated,diagnostic_impostor,na,94,94,13,14,B,20,"20% confident (explanation)
  .",0.808,pixtral,similarity_score,2026-09-08T21:11:09
D_066_60,non-mated,diagnostic_impostor,na,066,066,13,14,B,,An male tips human animals' identified several of five individual prints is by dots sets six hands Primage.,0.986,pixtral,similarity_score,2026-09-08T21:11:10
I_067_077_14,non-mated,primary_impostor,na,067,077,14,14,B,,This is a whims.,0.698,pixtral,similarity_score,2026-09-08T21:11:11
D_88_289,non-mated,diagnostic_impostor,na,88,88,13,14,B,,,0.576,pixtral,similarity_score,2026-09-08T21:11:12
I_027_163_13,non-mated,primary_impostor,na,027,163,13,13,B,,,0.581,pixtral,similarity_score,2026-09-08T21:11:12
G_031_14_2510,mated,primary_genuine,na,031,031,14,14,A,,"I am whit
The unique pattern is by hecking (a).
It's

Explain the question how many.",1.087,pixtral,similarity_score,2026-09-08T21:11:13
G_198_13_11796,mated,primary_genuine,na,198,198,13,13,A,2,2,0.616,pixtral,similarity_score,2026-09-08T21:11:14
I_158_931_13,non-mated,primary_impostor,na,158,931,13,13,B,70,"I am 70% confident (the images are 80% certain
The 90% is 123% confident the 40% are 55% certain

The 60% 7 is 8% confident in 95%.",1.699,pixtral,similarity_score,2026-09-08T21:11:16
G_071_14_5907,mated,primary_genuine,na,071,071,14,14,A,2,"The question is unique to the individual's
  2% confident (the images are the

I'may be the same as in the
 30%% confidential (the

images are the
same person.

Do not include this
 40%% certain (the
 5 means
you are the",1.847,pixtral,similarity_score,2026-09-08T21:11:18
I_266_70_14,non-mated,primary_impostor,na,266,70,14,14,B,2,"2
  30% confident (the same person.)
  40

I am an expert in fingerprint examining:

**Expert (the images.)",1.24,pixtral,similarity_score,2026-09-08T21:11:19
D_173_150,non-mated,diagnostic_impostor,na,173,173,13,14,B,75,"Explain the number of 75% confident
  20%%confident (certain)
 30 = %%% confident

The final answer is:

```Certainly, or labels. Explain the number 45% certain
 40 = %% confident
(Completely certain)
 55 = 80%% certain
(Confidently, 90%% certainly)
 60 = ???",2.305,pixtral,similarity_score,2026-09-08T21:11:21
I_156_280_13,non-mated,primary_impostor,na,156,280,13,13,B,,"I'm sorry, but I don't know how to do it. Can anyone help me understand what's going on?

Please provide more context or details about the question so I can better assist you.

---

If you could explain what's happening in more detail or give some background information, it would be easier for me to answer your question.",1.892,pixtral,similarity_score,2026-09-08T21:11:23
I_055_36_13,non-mated,primary_impostor,na,055,36,13,13,B,,Explain the images.,0.674,pixtral,similarity_score,2026-09-08T21:11:24
G_046_13_3632,mated,primary_genuine,na,046,046,13,13,A,,"As an expert in all ""F.",0.74,pixtral,similarity_score,2026-09-08T21:11:24
G_109_14_9407,mated,primary_genuine,na,109,109,14,14,A,2,2.,0.643,pixtral,similarity_score,2026-09-08T21:11:25
G_51_14_14610,mated,primary_genuine,na,51,51,14,14,A,2,2,0.676,pixtral,similarity_score,2026-09-08T21:11:26
G_27_13_13568,mated,primary_genuine,na,27,27,13,13,A,,,0.576,pixtral,similarity_score,2026-09-08T21:11:26
I_049_81_14,non-mated,primary_impostor,na,049,81,14,14,B,,"Do you have
the",0.676,pixtral,similarity_score,2026-09-08T21:11:27
G_057_13_4601,mated,primary_genuine,na,057,057,13,13,A,2,"2
  30% confident (the images are the

### 40%% consistent (they are the",1.07,pixtral,similarity_score,2026-09-08T21:11:28
D_258_218,non-mated,diagnostic_impostor,na,258,258,13,14,B,3,"An handprint hands of

###F[3 adult femalefot
image set isolated in black and white",1.006,pixtral,similarity_score,2026-09-08T21:11:29
G_904_14_15508,mated,primary_genuine,na,904,904,14,14,A,,"It seems like there's no text, but it doesn't seem like there is no text. It does look like there isn't any text. But if I don't have any text,

I'm sorry, but I can't help you find out what I mean. And when I do,
you'll know how much more
there is in the way

But if I say so, then I must be true. So let me tell you this:

There is no other than",2.416,pixtral,similarity_score,2026-09-08T21:11:31
I_100_279_14,non-mated,primary_impostor,na,100,279,14,14,B,,Then we can see how many more than one.,0.773,pixtral,similarity_score,2026-09-08T21:11:32
D_68_279,non-mated,diagnostic_impostor,na,68,68,13,14,B,75,The code is 75%,0.714,pixtral,similarity_score,2026-09-08T21:11:33
D_240_203,non-mated,diagnostic_impostor,na,240,240,13,14,B,,The code is used for identifying the specific individual in question.,0.808,pixtral,similarity_score,2026-09-08T21:11:34
G_907_13_15583,mated,primary_genuine,na,907,907,13,13,A,,"Based on the given names, but do not use any labels.",0.828,pixtral,similarity_score,2026-09-08T21:11:35
G_927_13_16188,mated,primary_genuine,na,927,927,13,13,A,20,20%,0.655,pixtral,similarity_score,2026-09-08T21:11:35
I_11_924_13,non-mated,primary_impostor,na,11,924,13,13,B,2,"Explain
2.",0.673,pixtral,similarity_score,2026-09-08T21:11:36
I_240_918_14,non-mated,primary_impostor,na,240,918,14,14,B,20,"20
  3.",0.749,pixtral,similarity_score,2026-09-08T21:11:37
G_284_13_13695,mated,primary_genuine,na,284,284,13,13,A,40,"the
  40

Explain (complea).",0.846,pixtral,similarity_score,2026-09-08T21:11:38
I_4_47_13,non-mated,primary_impostor,na,4,47,13,13,B,,Do be animal Ko L l partial latent five individual prints sets six fingerprints three children in isolated black and white background.,1.038,pixtral,similarity_score,2026-09-08T21:11:39
G_181_13_11393,mated,primary_genuine,na,181,181,13,13,A,20,20%,0.676,pixtral,similarity_score,2026-09-08T21:11:39
D_227_194,non-mated,diagnostic_impostor,na,227,227,13,14,B,1,1.,0.618,pixtral,similarity_score,2026-09-08T21:11:40
G_96_13_16700,mated,primary_genuine,na,96,96,13,13,A,,ill wh family of three members ac wood pine art represented consists smaller stages of small illustrations d prints ofAs dot ofTheCan raw detail dermatenI is black card F2 largest at white and decreasing showing forensicSet group con one.,1.486,pixtral,similarity_score,2026-09-08T21:11:41
I_075_081_14,non-mated,primary_impostor,na,075,081,14,14,B,,"The question ""Finger""",0.697,pixtral,similarity_score,2026-09-08T21:11:42
I_019_229_13,non-mated,primary_impostor,na,019,229,13,13,B,100,200% confident (the).,0.752,pixtral,similarity_score,2026-09-08T21:11:43
I_128_138_14,non-mated,primary_impostor,na,128,138,14,14,B,,"I'm sorry, but I'll try again.",0.768,pixtral,similarity_score,2026-09-08T21:11:44
G_249_13_12978,mated,primary_genuine,na,249,249,13,13,A,,,0.577,pixtral,similarity_score,2026-09-08T21:11:44
I_080_181_14,non-mated,primary_impostor,na,080,181,14,14,B,,"The term ""finger""",0.703,pixtral,similarity_score,2026-09-08T21:11:45
I_021_917_13,non-mated,primary_impostor,na,021,917,13,13,B,7,7.,0.638,pixtral,similarity_score,2026-09-08T21:11:46
D_233_200,non-mated,diagnostic_impostor,na,233,233,13,14,B,2,2.,0.656,pixtral,similarity_score,2026-09-08T21:11:46
G_053_13_4271,mated,primary_genuine,na,053,053,13,13,A,20,"20
  40% confident (they are the

###  30
The number of the number.",1.125,pixtral,similarity_score,2026-09-08T21:11:47
I_223_53_13,non-mated,primary_impostor,na,223,53,13,13,B,20,"20
finger (the number of
  30
  =",0.925,pixtral,similarity_score,2026-09-08T21:11:48
G_279_14_13557,mated,primary_genuine,na,279,279,14,14,A,20,"20% confident (the images are the
  30%%",0.91,pixtral,similarity_score,2026-09-08T21:11:49
D_129_118,non-mated,diagnostic_impostor,na,129,129,13,14,B,,"The code is used for
the code is the code,
for the code is
to identify the code as
that identifies the code
as being identified by
the other one
is the one
of this
one. Do include another text in
labeled by the other one

A third code is

a third code,

belted by

the third one

another. add yet again text inside it
adds something else here is

fourthings",2.421,pixtral,similarity_score,2026-09-08T21:11:52
I_084_163_14,non-mated,primary_impostor,na,084,163,14,14,B,,"Explain the images, or labels.",0.732,pixtral,similarity_score,2026-09-08T21:11:52
G_015_14_1230,mated,primary_genuine,na,015,015,14,14,A,,The image shows six fingers (one).,0.739,pixtral,similarity_score,2026-09-08T21:11:53
G_057_14_4669,mated,primary_genuine,na,057,057,14,14,A,,The question is about the relationship between them.,0.757,pixtral,similarity_score,2026-09-08T21:11:54
G_098_14_8073,mated,primary_genuine,na,098,098,14,14,A,,"Then return a result, or the same thing.",0.776,pixtral,similarity_score,2026-09-08T21:11:55
G_043_13_3371,mated,primary_genuine,na,043,043,13,13,A,45,"the
of the same as

Do not include the same thing,
or the
of 45% confident the
is the
that is from the",1.202,pixtral,similarity_score,2026-09-08T21:11:56
I_216_931_13,non-mated,primary_impostor,na,216,931,13,13,B,,"I'm sorry, but I can't provide one without the other.",0.845,pixtral,similarity_score,2026-09-08T21:11:57
G_144_14_10558,mated,primary_genuine,na,144,144,14,14,A,20,"20% confident (the same as the number
  30%%confident (the number is the same as

The following line is the number

Do not include this text, but it does not include the number",1.488,pixtral,similarity_score,2026-09-08T21:11:58
G_76_13_15198,mated,primary_genuine,na,76,76,13,13,A,20,20%%,0.674,pixtral,similarity_score,2026-09-08T21:11:59
I_048_915_13,non-mated,primary_impostor,na,048,915,13,13,B,20,20 =,0.658,pixtral,similarity_score,2026-09-08T21:11:59
G_66_13_14998,mated,primary_genuine,na,66,66,13,13,A,20,"20% confident (the same person).

What is it?",0.875,pixtral,similarity_score,2026-09-08T21:12:00
D_292_242,non-mated,diagnostic_impostor,na,292,292,13,14,B,20,"20% confident (the same person.)

Now we can see how many
  30 =

The above is the number of the person.

Do not include anything else,
  40%%confident (the person.)
  70 =",1.617,pixtral,similarity_score,2026-09-08T21:12:02
G_263_13_13332,mated,primary_genuine,na,263,263,13,13,A,,with the number.,0.655,pixtral,similarity_score,2026-09-08T21:12:03
I_087_24_14,non-mated,primary_impostor,na,087,24,14,14,B,3,"What is sets tips all by 3
Do you can explain fingerprints of six individual's arranged of",0.983,pixtral,similarity_score,2026-09-08T21:12:04
G_010_14_801,mated,primary_genuine,na,010,010,14,14,A,70,"70% confident (the images are the
 85%% certain (they are the

The question is 90% correct (the image is from the
same person).

Do not include anything, or labels. The question is from 12% corrects (the questions are from 30% incorrect (the answers are from:

The question marks 4% correct(that's are from):

The question mark 5% correct the answer is",2.423,pixtral,similarity_score,2026-09-08T21:12:06
D_074_67,non-mated,diagnostic_impostor,na,074,074,13,14,B,,This is used complete set larger par art Janel,0.774,pixtral,similarity_score,2026-09-08T21:12:07
I_012_049_14,non-mated,primary_impostor,na,012,049,14,14,B,,the number of the individual's unique.,0.736,pixtral,similarity_score,2026-09-08T21:12:07
I_230_930_13,non-mated,primary_impostor,na,230,930,13,13,B,,"I my J4 members
What is unique",0.752,pixtral,similarity_score,2026-09-08T21:12:08
I_054_222_14,non-mated,primary_impostor,na,054,222,14,14,B,2,2,0.622,pixtral,similarity_score,2026-09-08T21:12:09
I_116_118_14,non-mated,primary_impostor,na,116,118,14,14,B,2,2.,0.616,pixtral,similarity_score,2026-09-08T21:12:09
D_225_192,non-mated,diagnostic_impostor,na,225,225,13,14,B,20,"### Fingerprint

#### A score of
  20% confident (explanation)
 30%%confident (explaination)
 40%% confidential (explan)
 5%%confIdentify with the word only.",1.539,pixtral,similarity_score,2026-09-08T21:12:11
I_112_156_13,non-mated,primary_impostor,na,112,156,13,13,B,,"Explain the images, but it's the same as
the images, or labels.",0.925,pixtral,similarity_score,2026-09-08T21:12:12
D_904_296,non-mated,diagnostic_impostor,na,904,904,13,14,B,20,"the
  20%",0.71,pixtral,similarity_score,2026-09-08T21:12:13
I_180_181_14,non-mated,primary_impostor,na,180,181,14,14,B,20,"Do not include anything else, but it is 20% confident (the images are similar to the one another.",1.039,pixtral,similarity_score,2026-09-08T21:12:14
G_241_13_12756,mated,primary_genuine,na,241,241,13,13,A,20,"I am happy to be the same as
  20%",0.848,pixtral,similarity_score,2026-09-08T21:12:15
G_49_13_14509,mated,primary_genuine,na,49,49,13,13,A,,"To determine if all four fingers belong to one person:

```python
# Fingerprint Comparison

import matplotlib.pyplot as plt

fingerprints = compare_fingerprints(fingers, 'left', 'middle', 'right', 'little')

plt.show()

# Finger Analysis

import numpy as plt.imshow()
```",1.794,pixtral,similarity_score,2026-09-08T21:12:16
G_060_14_4907,mated,primary_genuine,na,060,060,14,14,A,,"I can you expecting.

How do ""Fprints five fingers"" This is signed drawing babies in six prints for one z sil ofA made linoc. The baby bump.",1.264,pixtral,similarity_score,2026-09-08T21:12:18
G_174_13_11236,mated,primary_genuine,na,174,174,13,13,A,,The following is a black and white background.,0.75,pixtral,similarity_score,2026-09-08T21:12:18
I_245_40_14,non-mated,primary_impostor,na,245,40,14,14,B,,Explain the images.,0.674,pixtral,similarity_score,2026-09-08T21:12:19
I_198_224_14,non-mated,primary_impostor,na,198,224,14,14,B,20,20%,0.678,pixtral,similarity_score,2026-09-08T21:12:20
I_237_43_14,non-mated,primary_impostor,na,237,43,14,14,B,0,"0% confident (the images are the
  20%%confident (they are the

### 30%% confidential (the they are 40%
  70%% consistent (the are the",1.467,pixtral,similarity_score,2026-09-08T21:12:21
G_025_13_2084,mated,primary_genuine,na,025,025,13,13,A,,"The word ""finger"" is labeled close to the process of the types of various kinds of prints black and white background.",1.069,pixtral,similarity_score,2026-09-08T21:12:22
D_43_257,non-mated,diagnostic_impostor,na,43,43,13,14,B,,,0.574,pixtral,similarity_score,2026-09-08T21:12:23
G_928_14_16226,mated,primary_genuine,na,928,928,14,14,A,20,"20% confident (the same person).

The image shows three distinct individuals, or labels.",0.964,pixtral,similarity_score,2026-09-08T21:12:24
G_035_13_2823,mated,primary_genuine,na,035,035,13,13,A,70,"70% confident (the images are the
same as the

80%%confident (the same person).

90%% confidential (the image is from the
10%%Confident (this is from
the same as the
90%confident the images.

10%2 confident (that this is from

the same time.",2.016,pixtral,similarity_score,2026-09-08T21:12:26
I_048_216_13,non-mated,primary_impostor,na,048,216,13,13,B,70,"70% confident (it is the same as the person).

### What does this mean?

This question asks for how unique individuals can be distinguished by their distinct characteristics?",1.276,pixtral,similarity_score,2026-09-08T21:12:27
I_014_76_13,non-mated,primary_impostor,na,014,76,13,13,B,70,"The following is the same as the
  70% confident (the

### The term ""fingerprint"" refers to the
of the
same person's
 80% = 90%
confident (the
 123 = 40%

### The following is in the
is the
80%
= 9%% confident
(they are the
10%
Confident (they are
the
same people",2.426,pixtral,similarity_score,2026-09-08T21:12:29
I_111_904_14,non-mated,primary_impostor,na,111,904,14,14,B,,"###
finger fingerprinting

##",0.732,pixtral,similarity_score,2026-09-08T21:12:30
G_177_14_11308,mated,primary_genuine,na,177,177,14,14,A,2,"the
  2%",0.695,pixtral,similarity_score,2026-09-08T21:12:31
I_064_074_14,non-mated,primary_impostor,na,064,074,14,14,B,,"I prints can the largest (from one fetus human latent
finger print art by T.",0.95,pixtral,similarity_score,2026-09-08T21:12:32
I_241_252_14,non-mated,primary_impostor,na,241,252,14,14,B,20,"20% confident (explanation they are all
  30%% confidential",0.941,pixtral,similarity_score,2026-09-08T21:12:33
D_103_94,non-mated,diagnostic_impostor,na,103,103,13,14,B,70,"But it's 70% confident (the same as
 80%% certain they are 90%
confident (they are 12% confident the same as

The 30% is 40% the same 5 as
the 60% are 7% confident in the same way,
as 8% the 9% are also 1% confident they are
the same 2% as 3% the",2.423,pixtral,similarity_score,2026-09-08T21:12:35
D_071_65,non-mated,diagnostic_impostor,na,071,071,13,14,B,40,"40% confident (the images are
from the same individual).
  20%% confidential.
  30%%",1.126,pixtral,similarity_score,2026-09-08T21:12:36
G_248_13_12935,mated,primary_genuine,na,248,248,13,13,A,,"What is the unique
finger",0.714,pixtral,similarity_score,2026-09-08T21:12:37
G_68_13_15046,mated,primary_genuine,na,68,68,13,13,A,,Explain what this is about.,0.711,pixtral,similarity_score,2026-09-08T21:12:38
G_184_14_11491,mated,primary_genuine,na,184,184,14,14,A,20,"20% confident (the images.)
  30
  40

### Fingerprinting

The unique individuality is 60%confident (they are the exact same as the person.
  70",1.547,pixtral,similarity_score,2026-09-08T21:12:39
D_226_193,non-mated,diagnostic_impostor,na,226,226,13,14,B,,"I'm sorry, but I'll be able to provide a brief summary, or conclusion.",0.926,pixtral,similarity_score,2026-09-08T21:12:40
I_061_288_13,non-mated,primary_impostor,na,061,288,13,13,B,,>,0.602,pixtral,similarity_score,2026-09-08T21:12:41
I_008_60_13,non-mated,primary_impostor,na,008,60,13,13,B,20,"The term ""finger"" is the same as the
with the number.
  20",0.966,pixtral,similarity_score,2026-09-08T21:12:42
I_191_237_13,non-mated,primary_impostor,na,191,237,13,13,B,2,A various examples siblings in a 2;,0.752,pixtral,similarity_score,2026-09-08T21:12:43
I_158_226_14,non-mated,primary_impostor,na,158,226,14,14,B,,"To analyze whether two fingerprint images match, we compare their features using Euclidean distance metric. We use the `Mahalanobis` library, which includes functions for computing the distance:

- `_compute_min_max_distance`: maximum distance
- `_distance_tol`: tolerance for differences

Given two mprint images, our goal is compute if distance less than or equal to max_distance. If yes, print and store the distance in `distances`.

```python
import Mahalanob",2.423,pixtral,similarity_score,2026-09-08T21:12:45
I_090_102_13,non-mated,primary_impostor,na,090,102,13,13,B,,The question is labeled.,0.68,pixtral,similarity_score,2026-09-08T21:12:46
I_117_918_13,non-mated,primary_impostor,na,117,918,13,13,B,,I am looking for a match in the text.,0.768,pixtral,similarity_score,2026-09-08T21:12:46
G_270_13_13483,mated,primary_genuine,na,270,270,13,13,A,,"The following is a question mark:

Yes
No items found.

---

Is this helpful? Let's try again.",1.019,pixtral,similarity_score,2026-09-08T21:12:47
G_299_13_13963,mated,primary_genuine,na,299,299,13,13,A,20,"20% confident (the same as
  30%%",0.868,pixtral,similarity_score,2026-09-08T21:12:48
G_266_14_13377,mated,primary_genuine,na,266,266,14,14,A,,It seems like you're asking for a match in the same place.,0.846,pixtral,similarity_score,2026-09-08T21:12:49
I_062_132_14,non-mated,primary_impostor,na,062,132,14,14,B,70,"70
  80% confident (the are the",0.871,pixtral,similarity_score,2026-09-08T21:12:50
G_279_13_13541,mated,primary_genuine,na,279,279,13,13,A,2,2.,0.639,pixtral,similarity_score,2026-09-08T21:12:51
I_094_96_13,non-mated,primary_impostor,na,094,96,13,13,B,2,"2
  30% confident (the same as the number.
  40%%",1.005,pixtral,similarity_score,2026-09-08T21:12:52
I_36_921_14,non-mated,primary_impostor,na,36,921,14,14,B,,"I'm sorry, but it's just as good as it is for the same thing.",0.923,pixtral,similarity_score,2026-09-08T21:12:53
I_097_27_13,non-mated,primary_impostor,na,097,27,13,13,B,,"Can be thumb is by Christian ""F bi ISO""",0.791,pixtral,similarity_score,2026-09-08T21:12:53
D_048_42,non-mated,diagnostic_impostor,na,048,048,13,14,B,3,"3.0% confident (the same as the
 4.",0.875,pixtral,similarity_score,2026-09-08T21:12:54
G_919_13_15982,mated,primary_genuine,na,919,919,13,13,A,30,30%%,0.676,pixtral,similarity_score,2026-09-08T21:12:55
G_120_14_9991,mated,primary_genuine,na,120,120,14,14,A,1,1.,0.635,pixtral,similarity_score,2026-09-08T21:12:56
D_220_188,non-mated,diagnostic_impostor,na,220,220,13,14,B,70,"The code is 70% confident (explanation
  80%",0.908,pixtral,similarity_score,2026-09-08T21:12:56
G_11_13_9954,mated,primary_genuine,na,11,11,13,13,A,,Finger dotting (com).,0.714,pixtral,similarity_score,2026-09-08T21:12:57
G_271_14_13527,mated,primary_genuine,na,271,271,14,14,A,,"I'm sorry, but it's just as good as it gets.",0.851,pixtral,similarity_score,2026-09-08T21:12:58
G_78_14_15241,mated,primary_genuine,na,78,78,14,14,A,40,"(Comippet (comma
40% confident (the number).
4.",0.908,pixtral,similarity_score,2026-09-08T21:12:59
I_056_14_13,non-mated,primary_impostor,na,056,14,13,13,B,20,"The term of the
  20%",0.811,pixtral,similarity_score,2026-09-08T21:13:00
D_031_27,non-mated,diagnostic_impostor,na,031,031,13,14,B,,"I i,",0.641,pixtral,similarity_score,2026-09-08T21:13:00
G_083_14_6820,mated,primary_genuine,na,083,083,14,14,A,,"I am, I'm.",0.699,pixtral,similarity_score,2026-09-08T21:13:01
D_271_229,non-mated,diagnostic_impostor,na,271,271,13,14,B,70,"70% confident (the same person).

What is the difference? A: The term ""fingerprint"" refers to the question, or the number.",1.238,pixtral,similarity_score,2026-09-08T21:13:02
D_60_271,non-mated,diagnostic_impostor,na,60,60,13,14,B,70,70% confident (the number only).,0.79,pixtral,similarity_score,2026-09-08T21:13:03
I_30_918_14,non-mated,primary_impostor,na,30,918,14,14,B,4,4.,0.634,pixtral,similarity_score,2026-09-08T21:13:04
I_197_260_13,non-mated,primary_impostor,na,197,260,13,13,B,2,"The code is used for the same purpose as well as
  2.",0.888,pixtral,similarity_score,2026-09-08T21:13:05
I_128_142_14,non-mated,primary_impostor,na,128,142,14,14,B,70,"the 70% confident (you are the
 80 =

### Your task: Explain how it works,
  90 =",1.158,pixtral,similarity_score,2026-09-08T21:13:06
G_916_13_15881,mated,primary_genuine,na,916,916,13,13,A,70,"the images are the
  70% confident (Certainly they are

The images are 85%%confident (completing the number is 90%confident the images.

Do not include the number of 9%% confident in the images.",1.66,pixtral,similarity_score,2026-09-08T21:13:07
I_081_901_13,non-mated,primary_impostor,na,081,901,13,13,B,2,"2

The code is used for identifying the specific person in the image.",0.886,pixtral,similarity_score,2026-09-08T21:13:08
D_160_141,non-mated,diagnostic_impostor,na,160,160,13,14,B,20,20%,0.674,pixtral,similarity_score,2026-09-08T21:13:09
G_062_13_5081,mated,primary_genuine,na,062,062,13,13,A,2,2.,0.641,pixtral,similarity_score,2026-09-08T21:13:10
I_041_50_14,non-mated,primary_impostor,na,041,50,14,14,B,,The image depicts four black and white,0.714,pixtral,similarity_score,2026-09-08T21:13:10
I_172_72_13,non-mated,primary_impostor,na,172,72,13,13,B,2,2.,0.654,pixtral,similarity_score,2026-09-08T21:13:11
G_044_14_3489,mated,primary_genuine,na,044,044,14,14,A,,"plates prints are formed coref How is male large and no plate test finger latent arranged at page ""H by vary in How do side pal wood ap various,.

In captured orientation.

What can no as there What does small types of tiny beans, right f unique in an Ga for three sets eight kinds of top left ten different shapes of numbered different sizes,",1.995,pixtral,similarity_score,2026-09-08T21:13:13
D_109_99,non-mated,diagnostic_impostor,na,109,109,13,14,B,2,"2
  3% confident (the images are the

### Fingerprinting:

The following is the same as the number of. And then there's the same thing.",1.318,pixtral,similarity_score,2026-09-08T21:13:14
G_102_13_8526,mated,primary_genuine,na,102,102,13,13,A,20,"20 =

As an **expert** is used in black ink:

Yes, I am an expert in fingerprintingExplainure
 3.",1.22,pixtral,similarity_score,2026-09-08T21:13:16
I_172_54_14,non-mated,primary_impostor,na,172,54,14,14,B,2,2,0.635,pixtral,similarity_score,2026-09-08T21:13:16
I_094_116_13,non-mated,primary_impostor,na,094,116,13,13,B,20,"20% confident (the
  30%% consistent)
 40 =

### Fingerprinting the images.",1.121,pixtral,similarity_score,2026-09-08T21:13:17
D_096_87,non-mated,diagnostic_impostor,na,096,096,13,14,B,2,"2
 30% confident (the same as the number is 40%%confident (the number is from the number.",1.145,pixtral,similarity_score,2026-09-08T21:13:18
I_82_933_14,non-mated,primary_impostor,na,82,933,14,14,B,,"To effectively compare and contrast fingerprint patterns in images, we'll use minutiae ridge ending patterns, bifurcation, and relative shapes, as well as their spacings. We'll also consider the similarity and differences between all prints using a metric like ""ridge width"" for the distance between them.

Please provide detailed explanations in English for each metric.",1.892,pixtral,similarity_score,2026-09-08T21:13:20
D_059_53,non-mated,diagnostic_impostor,na,059,059,13,14,B,70,70%,0.682,pixtral,similarity_score,2026-09-08T21:13:21
I_192_299_13,non-mated,primary_impostor,na,192,299,13,13,B,20,"20% confident (the same person.)
  30%%",0.867,pixtral,similarity_score,2026-09-08T21:13:22
G_67_14_15022,mated,primary_genuine,na,67,67,14,14,A,20,"20% confident (Certainly
  30%%

 40%%",0.945,pixtral,similarity_score,2026-09-08T21:13:23
G_072_14_5998,mated,primary_genuine,na,072,072,14,14,A,,An.,0.622,pixtral,similarity_score,2026-09-08T21:13:24
G_212_14_12092,mated,primary_genuine,na,212,212,14,14,A,,"I am Leo Lissa of.

How can I help in is it possible age-related?

What does this image shows ""Baby bump"" set prints baby feet footprints,",1.238,pixtral,similarity_score,2026-09-08T21:13:25
G_38_13_14179,mated,primary_genuine,na,38,38,13,13,A,20,"20% confident (the
  30%%",0.83,pixtral,similarity_score,2026-09-08T21:13:26
G_223_13_12363,mated,primary_genuine,na,223,223,13,13,A,70,"70
  80%",0.771,pixtral,similarity_score,2026-09-08T21:13:26
G_141_14_10469,mated,primary_genuine,na,141,141,14,14,A,,,0.578,pixtral,similarity_score,2026-09-08T21:13:27
D_37_250,non-mated,diagnostic_impostor,na,37,37,13,14,B,,I am missing then.,0.674,pixtral,similarity_score,2026-09-08T21:13:28
D_167_145,non-mated,diagnostic_impostor,na,167,167,13,14,B,,Do you have,0.635,pixtral,similarity_score,2026-09-08T21:13:28
G_189_13_11576,mated,primary_genuine,na,189,189,13,13,A,20,Explain the number is 20%,0.753,pixtral,similarity_score,2026-09-08T21:13:29
D_232_199,non-mated,diagnostic_impostor,na,232,232,13,14,B,,"The black and white illustration
 Four distinct sets pairs of fingerprints, symbol is unique.",0.947,pixtral,similarity_score,2026-09-08T21:13:30
G_199_14_11824,mated,primary_genuine,na,199,199,14,14,A,,,0.576,pixtral,similarity_score,2026-09-08T21:13:31
I_198_901_13,non-mated,primary_impostor,na,198,901,13,13,B,20,"20% confident (the description is from the
  30%% confidential (the name)
 40  =
  4.",1.176,pixtral,similarity_score,2026-09-08T21:13:32
I_008_111_13,non-mated,primary_impostor,na,008,111,13,13,B,,The unique is labeled dots of various as right.,0.775,pixtral,similarity_score,2026-09-08T21:13:32
D_063_57,non-mated,diagnostic_impostor,na,063,063,13,14,B,,I am c.,0.66,pixtral,similarity_score,2026-09-08T21:13:33
G_019_14_1610,mated,primary_genuine,na,019,019,14,14,A,70,"70% confident (the images are
from the same

The question is about.",0.953,pixtral,similarity_score,2026-09-08T21:13:34
D_146_131,non-mated,diagnostic_impostor,na,146,146,13,14,B,,"What is the largest seeds dates?
finger prints of image set labeled represented in black and white background dot lines ofTheI can help wh exempl various.",1.18,pixtral,similarity_score,2026-09-08T21:13:35
I_128_50_13,non-mated,primary_impostor,na,128,50,13,13,B,,"To analyze these two fingerprint images, we need to compare the unique characteristics of each fingermarks. These features might include:

* **ridge flow** - the overall pattern of ridges in the print
* **bifurcations** - deep curves or valleys within the ridgues
* **(relative)** - the relative position of one feature compared to another
* ***spacings** - distance between similar points

Given these observations, our goal is to determine if",2.419,pixtral,similarity_score,2026-09-08T21:13:38
D_123_113,non-mated,diagnostic_impostor,na,123,123,13,14,B,20,"The following is 20
or the number of 30%",0.867,pixtral,similarity_score,2026-09-08T21:13:39
D_182_158,non-mated,diagnostic_impostor,na,182,182,13,14,B,40,40%,0.656,pixtral,similarity_score,2026-09-08T21:13:39
D_085_77,non-mated,diagnostic_impostor,na,085,085,13,14,B,20,"20
  =",0.702,pixtral,similarity_score,2026-09-08T21:13:40
I_935_97_14,non-mated,primary_impostor,na,935,97,14,14,B,70,"Explain the number of 70% confident (explanation
  80%confident (explanation
 90% certain they are from

the number of

Explain 12% confident the number is

from

the numbers of

13% confident they are

the same as

40% confidence they are in

the

number of

50% certainty they are
in

the 60% certainly they",2.444,pixtral,similarity_score,2026-09-08T21:13:42
D_248_210,non-mated,diagnostic_impostor,na,248,248,13,14,B,20,"20% confident (the images are
  300%confident (the same person).
  4000= 1500%
  700=% confident (they are

### 80%

  90%",1.686,pixtral,similarity_score,2026-09-08T21:13:44
G_013_14_1036,mated,primary_genuine,na,013,013,14,14,A,2,2.,0.64,pixtral,similarity_score,2026-09-08T21:13:45
D_935_328,non-mated,diagnostic_impostor,na,935,935,13,14,B,70,"70
  80% confident (the same person).

What does this mean? 90%%",1.039,pixtral,similarity_score,2026-09-08T21:13:46
I_258_92_13,non-mated,primary_impostor,na,258,92,13,13,B,,"[All John Doe

How Un uniqueness of various hands
```

### How can latent prints biot al babies' hand fingerprints several three quadru, white and largest family's smaller impressions ofF i raw well, composition for examine evidence fingerprinting, symbol is isolated individual from a illustration forensic identification comparing second un set waterprint collection group five baby feet imprint below some,",2.015,pixtral,similarity_score,2026-09-08T21:13:48
G_12_14_10264,mated,primary_genuine,na,12,12,14,14,A,2,2.,0.638,pixtral,similarity_score,2026-09-08T21:13:48
I_44_922_13,non-mated,primary_impostor,na,44,922,13,13,B,,"Surely, I'm sorry, but it's just as simple.",0.849,pixtral,similarity_score,2026-09-08T21:13:49
G_200_14_11880,mated,primary_genuine,na,200,200,14,14,A,20,"the
  20%",0.714,pixtral,similarity_score,2026-09-08T21:13:50
G_087_14_7195,mated,primary_genuine,na,087,087,14,14,A,20,20%,0.679,pixtral,similarity_score,2026-09-08T21:13:51
D_936_329,non-mated,diagnostic_impostor,na,936,936,13,14,B,20,20%,0.674,pixtral,similarity_score,2026-09-08T21:13:51
I_281_299_13,non-mated,primary_impostor,na,281,299,13,13,B,,I am an expert in fingerprint examination.,0.732,pixtral,similarity_score,2026-09-08T21:13:52
G_289_14_13795,mated,primary_genuine,na,289,289,14,14,A,2,2.,0.636,pixtral,similarity_score,2026-09-08T21:13:53
I_123_228_14,non-mated,primary_impostor,na,123,228,14,14,B,2,"finger (complet
  2",0.753,pixtral,similarity_score,2026-09-08T21:13:53
G_283_14_13678,mated,primary_genuine,na,283,283,14,14,A,20,"20

I am sure the number of",0.819,pixtral,similarity_score,2026-09-08T21:13:54
D_152_134,non-mated,diagnostic_impostor,na,152,152,13,14,B,,"***
*",0.635,pixtral,similarity_score,2026-09-08T21:13:55
G_045_13_3551,mated,primary_genuine,na,045,045,13,13,A,,"The page the bottom ac
This is labeled ph,",0.795,pixtral,similarity_score,2026-09-08T21:13:56
I_057_921_13,non-mated,primary_impostor,na,057,921,13,13,B,20,20%,0.674,pixtral,similarity_score,2026-09-08T21:13:56
I_223_249_14,non-mated,primary_impostor,na,223,249,14,14,B,20,"20
  30% confident (the images are the

### 40%%confident (the is from the number of. Do I have any text here?",1.313,pixtral,similarity_score,2026-09-08T21:13:58
D_76_284,non-mated,diagnostic_impostor,na,76,76,13,14,B,2,"2
  30% confident (the number is from the

The first step in the number is unique.",1.059,pixtral,similarity_score,2026-09-08T21:13:59
I_078_226_13,non-mated,primary_impostor,na,078,226,13,13,B,,"Explain the question, but it's just as simple as possible.",0.851,pixtral,similarity_score,2026-09-08T21:14:00
I_074_58_14,non-mated,primary_impostor,na,074,58,14,14,B,,F d wh footprints for black and various four unique[By vector bird thumb set bottom baby's smallest in,1.001,pixtral,similarity_score,2026-09-08T21:14:01
I_040_288_13,non-mated,primary_impostor,na,040,288,13,13,B,2,2,0.619,pixtral,similarity_score,2026-09-08T21:14:01
D_48_261,non-mated,diagnostic_impostor,na,48,48,13,14,B,,Here is a description for the item.,0.736,pixtral,similarity_score,2026-09-08T21:14:02
I_30_927_13,non-mated,primary_impostor,na,30,927,13,13,B,2,2%,0.653,pixtral,similarity_score,2026-09-08T21:14:03
D_9_290,non-mated,diagnostic_impostor,na,9,9,13,14,B,70,70%,0.655,pixtral,similarity_score,2026-09-08T21:14:03
I_010_51_13,non-mated,primary_impostor,na,010,51,13,13,B,70,"The images are black and white, so:

* 70% confident (because they are

* 80%% consistent
  90 =10%% confidential (because it is

*",1.395,pixtral,similarity_score,2026-09-08T21:14:05
G_075_13_6129,mated,primary_genuine,na,075,075,13,13,A,2,2.,0.641,pixtral,similarity_score,2026-09-08T21:14:05
G_912_14_15783,mated,primary_genuine,na,912,912,14,14,A,,"Explainly, or labels.",0.714,pixtral,similarity_score,2026-09-08T21:14:06
D_008_6,non-mated,diagnostic_impostor,na,008,008,13,14,B,2,2,0.641,pixtral,similarity_score,2026-09-08T21:14:07
I_032_216_13,non-mated,primary_impostor,na,032,216,13,13,B,,"I'm sorry, but I don't know how to provide.",0.83,pixtral,similarity_score,2026-09-08T21:14:07
D_263_223,non-mated,diagnostic_impostor,na,263,263,13,14,B,,Do not include,0.636,pixtral,similarity_score,2026-09-08T21:14:08
G_40_14_14278,mated,primary_genuine,na,40,40,14,14,A,,"Certainly, I am an expert in fingerprint examination.",0.791,pixtral,similarity_score,2026-09-08T21:14:09
I_263_913_13,non-mated,primary_impostor,na,263,913,13,13,B,70,"70
  40%
  80% confident (the same person).
  90%

### 3

Finger 20%
```  3",1.352,pixtral,similarity_score,2026-09-08T21:14:10
G_242_14_12806,mated,primary_genuine,na,242,242,14,14,A,20,20%,0.676,pixtral,similarity_score,2026-09-08T21:14:11
G_56_14_14699,mated,primary_genuine,na,56,56,14,14,A,,"I'm sorry, but I can't find any more information about this topic.",0.884,pixtral,similarity_score,2026-09-08T21:14:12
G_82_13_15284,mated,primary_genuine,na,82,82,13,13,A,,"I'm sorry, but it's just as simple as possible.",0.828,pixtral,similarity_score,2026-09-08T21:14:13
G_045_14_3590,mated,primary_genuine,na,045,045,14,14,A,3,"Can help children in is Ev. You can compare formed arranged William M Les Archives which shows "" by taken prints of five unique

As ' image depicts The question has been small members of four fingers' by E. You have examples of the etching print art e member for includes collection
What does as appears to be created at W. You're labeled shaped cre, There's Bler consists 3 family of resembles handprints of a face of black and white background illustration free",2.43,pixtral,similarity_score,2026-09-08T21:14:15
I_107_905_14,non-mated,primary_impostor,na,107,905,14,14,B,2,2,0.637,pixtral,similarity_score,2026-09-08T21:14:16
G_136_14_10370,mated,primary_genuine,na,136,136,14,14,A,,The question is about how these three prints compare in terms of similarity and difference.,0.888,pixtral,similarity_score,2026-09-08T21:14:17
G_938_14_16550,mated,primary_genuine,na,938,938,14,14,A,20,"20% confident (the same person.)
  30
  40%",0.964,pixtral,similarity_score,2026-09-08T21:14:18
I_051_96_14,non-mated,primary_impostor,na,051,96,14,14,B,20,"20
  30%confident (completingly),",0.913,pixtral,similarity_score,2026-09-08T21:14:18
I_204_260_13,non-mated,primary_impostor,na,204,260,13,13,B,20,20%,0.673,pixtral,similarity_score,2026-09-08T21:14:19
G_83_13_15330,mated,primary_genuine,na,83,83,13,13,A,20,20,0.637,pixtral,similarity_score,2026-09-08T21:14:20
I_245_54_13,non-mated,primary_impostor,na,245,54,13,13,B,,I am tip prints of all black and white background.,0.791,pixtral,similarity_score,2026-09-08T21:14:21
D_937_330,non-mated,diagnostic_impostor,na,937,937,13,14,B,20,20%,0.675,pixtral,similarity_score,2026-09-08T21:14:21
I_037_171_13,non-mated,primary_impostor,na,037,171,13,13,B,20,I am 20 =,0.699,pixtral,similarity_score,2026-09-08T21:14:22
I_177_935_14,non-mated,primary_impostor,na,177,935,14,14,B,,The code is the word for the number.,0.751,pixtral,similarity_score,2026-09-08T21:14:23
I_019_914_14,non-mated,primary_impostor,na,019,914,14,14,B,20,20%,0.675,pixtral,similarity_score,2026-09-08T21:14:23
D_269_226,non-mated,diagnostic_impostor,na,269,269,13,14,B,20,"the
  20% confident (the

## 30%%confident (the
you are 450%",1.119,pixtral,similarity_score,2026-09-08T21:14:24
G_41_13_14295,mated,primary_genuine,na,41,41,13,13,A,20,"20% confident (explanation)
  The image is a black and white illustration.
  30%%",1.06,pixtral,similarity_score,2026-09-08T21:14:26
I_024_279_13,non-mated,primary_impostor,na,024,279,13,13,B,20,"20
  30%",0.772,pixtral,similarity_score,2026-09-08T21:14:26
G_24_14_13016,mated,primary_genuine,na,24,24,14,14,A,,,0.578,pixtral,similarity_score,2026-09-08T21:14:27
G_027_13_2258,mated,primary_genuine,na,027,027,13,13,A,,"The image shows four distinct
finger paw is signed art

This black-and-white illustration represents four unique prints of",1.029,pixtral,similarity_score,2026-09-08T21:14:28
G_38_14_14190,mated,primary_genuine,na,38,38,14,14,A,20,"20
  30%%",0.774,pixtral,similarity_score,2026-09-08T21:14:29
G_101_13_8466,mated,primary_genuine,na,101,101,13,13,A,70,70%,0.663,pixtral,similarity_score,2026-09-08T21:14:29
I_100_95_13,non-mated,primary_impostor,na,100,95,13,13,B,,"I'm sorry, but it's just as simple as possible.",0.831,pixtral,similarity_score,2026-09-08T21:14:30
I_185_927_13,non-mated,primary_impostor,na,185,927,13,13,B,20,"The term ""finger"" is used for the same purpose as
  20% confident (the they are 40%
  30%%",1.217,pixtral,similarity_score,2026-09-08T21:14:31
G_077_13_6211,mated,primary_genuine,na,077,077,13,13,A,,This case the differences.,0.679,pixtral,similarity_score,2026-09-08T21:14:32
G_30_14_14034,mated,primary_genuine,na,30,30,14,14,A,2,2.,0.636,pixtral,similarity_score,2026-09-08T21:14:33
I_144_192_14,non-mated,primary_impostor,na,144,192,14,14,B,,"Yes, I am sure this is correct.",0.752,pixtral,similarity_score,2026-09-08T21:14:33
I_178_299_13,non-mated,primary_impostor,na,178,299,13,13,B,,"Explain with the name of the thing
Do not include this sentence, or paragraph about the topic.",0.984,pixtral,similarity_score,2026-09-08T21:14:34
I_090_291_14,non-mated,primary_impostor,na,090,291,14,14,B,,"I dact,",0.658,pixtral,similarity_score,2026-09-08T21:14:35
D_136_122,non-mated,diagnostic_impostor,na,136,136,13,14,B,20,"20% confident (the is the same as the person.)

I'm sorry, but I can't be used for identifying unique individuals in a set.",1.195,pixtral,similarity_score,2026-09-08T21:14:36
I_087_914_13,non-mated,primary_impostor,na,087,914,13,13,B,,Do not include,0.638,pixtral,similarity_score,2026-09-08T21:14:37
I_50_916_13,non-mated,primary_impostor,na,50,916,13,13,B,,**Confidently does not explain why this is correct.**,0.808,pixtral,similarity_score,2026-09-08T21:14:38
I_164_936_14,non-mated,primary_impostor,na,164,936,14,14,B,,"Fingerersfing[I minut

###The set hand prints of square paws.",0.944,pixtral,similarity_score,2026-09-08T21:14:39
G_229_14_12572,mated,primary_genuine,na,229,229,14,14,A,,or what does it is 4239785..%how many individuals?,0.944,pixtral,similarity_score,2026-09-08T21:14:40
G_220_14_12332,mated,primary_genuine,na,220,220,14,14,A,40,"The following is 40%
  2%",0.79,pixtral,similarity_score,2026-09-08T21:14:40
D_14_125,non-mated,diagnostic_impostor,na,14,14,13,14,B,20,20 =,0.657,pixtral,similarity_score,2026-09-08T21:14:41
I_031_904_14,non-mated,primary_impostor,na,031,904,14,14,B,2,2,0.637,pixtral,similarity_score,2026-09-08T21:14:42
D_029_26,non-mated,diagnostic_impostor,na,029,029,13,14,B,70,"70% confident (Certainly they are
 80%% certain)
 20

Explain the numbers, or labels.",1.143,pixtral,similarity_score,2026-09-08T21:14:43
G_109_13_9319,mated,primary_genuine,na,109,109,13,13,A,20,"20% confident (the images are the exact person.)
 30%% certain
  40%% consistent (the correct person.)",1.159,pixtral,similarity_score,2026-09-08T21:14:44
G_72_13_15130,mated,primary_genuine,na,72,72,13,13,A,,"Yes, I am an expert in fingerprint examination.",0.769,pixtral,similarity_score,2026-09-08T21:14:45
I_006_178_13,non-mated,primary_impostor,na,006,178,13,13,B,2,2.,0.637,pixtral,similarity_score,2026-09-08T21:14:45
I_128_43_14,non-mated,primary_impostor,na,128,43,14,14,B,,"Certainly, this is the correct answer.",0.748,pixtral,similarity_score,2026-09-08T21:14:46
G_182_13_11426,mated,primary_genuine,na,182,182,13,13,A,2,"2
 30% confident (the images are the 4",0.869,pixtral,similarity_score,2026-09-08T21:14:47
I_035_163_13,non-mated,primary_impostor,na,035,163,13,13,B,,finger,0.638,pixtral,similarity_score,2026-09-08T21:14:48
D_930_323,non-mated,diagnostic_impostor,na,930,930,13,14,B,20,20%confident (completly),0.834,pixtral,similarity_score,2026-09-08T21:14:49
G_61_13_14838,mated,primary_genuine,na,61,61,13,13,A,75,"The code is 75% means you

### Your task:

Explain the code is from the number 8% means
you are 9% confident (the code is for the number of 9%.",1.431,pixtral,similarity_score,2026-09-08T21:14:50
G_240_14_12745,mated,primary_genuine,na,240,240,14,14,A,,Explain the images.,0.672,pixtral,similarity_score,2026-09-08T21:14:51
G_085_14_7002,mated,primary_genuine,na,085,085,14,14,A,,"An m f, various seeds ac al

How could set arranged human latent prints is by LI Susan W.",1.026,pixtral,similarity_score,2026-09-08T21:14:52
I_12_124_13,non-mated,primary_impostor,na,12,124,13,13,B,,"The following is the same as the number of
finger (the same as well as the same time).",1.0,pixtral,similarity_score,2026-09-08T21:14:53
D_033_29,non-mated,diagnostic_impostor,na,033,033,13,14,B,,Here's,0.621,pixtral,similarity_score,2026-09-08T21:14:53
I_225_242_13,non-mated,primary_impostor,na,225,242,13,13,B,70,"The code is 70% confident (the code is
  80% confidence (the

### The code is

### 30% = 40% (the
 20% ) confident (you are the

### A score of

### Confident (the) is

#### 90% )

### Confidence (the)

is

### Fingerprinting (the)
 110% )
  2%

###",2.442,pixtral,similarity_score,2026-09-08T21:14:56
G_105_13_8734,mated,primary_genuine,na,105,105,13,13,A,20,"20% confident the number.
  4.",0.82,pixtral,similarity_score,2026-09-08T21:14:57
I_035_907_14,non-mated,primary_impostor,na,035,907,14,14,B,20,"20
  40%",0.772,pixtral,similarity_score,2026-09-08T21:14:57
G_935_13_16452,mated,primary_genuine,na,935,935,13,13,A,20,"20% confident (label)
  A set of six unique prints (the number is the same as the number of
  30 =",1.179,pixtral,similarity_score,2026-09-08T21:14:58
I_063_3_14,non-mated,primary_impostor,na,063,3,14,14,B,,Explain the difference in the images.,0.734,pixtral,similarity_score,2026-09-08T21:14:59
G_81_14_15265,mated,primary_genuine,na,81,81,14,14,A,,Finger print in the process latent.,0.736,pixtral,similarity_score,2026-09-08T21:15:00
G_117_14_9891,mated,primary_genuine,na,117,117,14,14,A,70,"Explain the ridge
  70%23 = 80%%confident (certain)
  .",1.042,pixtral,similarity_score,2026-09-08T21:15:01
G_129_14_10229,mated,primary_genuine,na,129,129,14,14,A,70,"the number of
  70% confident the numbers are from this person.
  80%%confident the numbers of
you are the number of",1.22,pixtral,similarity_score,2026-09-08T21:15:02
D_072_66,non-mated,diagnostic_impostor,na,072,072,13,14,B,,"with the number
finger the",0.719,pixtral,similarity_score,2026-09-08T21:15:03
I_270_909_13,non-mated,primary_impostor,na,270,909,13,13,B,,Do not whats five distinct,0.7,pixtral,similarity_score,2026-09-08T21:15:04
D_914_306,non-mated,diagnostic_impostor,na,914,914,13,14,B,,Finger,0.616,pixtral,similarity_score,2026-09-08T21:15:04
G_103_13_8639,mated,primary_genuine,na,103,103,13,13,A,2,2.,0.642,pixtral,similarity_score,2026-09-08T21:15:05
D_009_7,non-mated,diagnostic_impostor,na,009,009,13,14,B,,"How can I help examine this?

As an expert **,

I'm sorry by:

Finger

**",0.99,pixtral,similarity_score,2026-09-08T21:15:06
I_148_226_14,non-mated,primary_impostor,na,148,226,14,14,B,20,"20% confident (Certainly they are
the same person.

Do not include this text, or

Explain with the numbers only.",1.176,pixtral,similarity_score,2026-09-08T21:15:07
D_284_235,non-mated,diagnostic_impostor,na,284,284,13,14,B,,Here's the end.,0.671,pixtral,similarity_score,2026-09-08T21:15:08
I_261_932_14,non-mated,primary_impostor,na,261,932,14,14,B,,"The code is used for identifying the
the end of the line.

I'm sorry, but it's the same as the

This is used in the
to identify the
of the

It's the
same as the",1.465,pixtral,similarity_score,2026-09-08T21:15:09
I_243_269_13,non-mated,primary_impostor,na,243,269,13,13,B,20,"the number is the same as the other person's
  20%%confident (certain) they are 3% confident the number is from the other

## Answering the number of the other
  .",1.447,pixtral,similarity_score,2026-09-08T21:15:11
D_020_18,non-mated,diagnostic_impostor,na,020,020,13,14,B,70,"The question is about the number of 70%20%confident (it is about
  80%",1.083,pixtral,similarity_score,2026-09-08T21:15:12
G_4_13_14536,mated,primary_genuine,na,4,4,13,13,A,,,0.578,pixtral,similarity_score,2026-09-08T21:15:12
I_021_918_13,non-mated,primary_impostor,na,021,918,13,13,B,,"Surely with the same name as
the other person's

I'might be the same thing as
you can see

the same thing is
the same way",1.234,pixtral,similarity_score,2026-09-08T21:15:14
G_9_13_16794,mated,primary_genuine,na,9,9,13,13,A,,>,0.597,pixtral,similarity_score,2026-09-08T21:15:14
G_290_13_13844,mated,primary_genuine,na,290,290,13,13,A,,The differences in various lines prints,0.695,pixtral,similarity_score,2026-09-08T21:15:15
I_267_921_14,non-mated,primary_impostor,na,267,921,14,14,B,70,"the images are 70% confident
  80%%

Confidently the images.",0.981,pixtral,similarity_score,2026-09-08T21:15:16
G_921_13_16012,mated,primary_genuine,na,921,921,13,13,A,,"### Fingerprinting
Explain the ridge",0.755,pixtral,similarity_score,2026-09-08T21:15:17
G_213_14_12117,mated,primary_genuine,na,213,213,14,14,A,2,2,0.636,pixtral,similarity_score,2026-09-08T21:15:17
G_110_13_9467,mated,primary_genuine,na,110,110,13,13,A,70,"70% confident (the same as in the number
 80%% certain

The question is about 90%% confidence (the number
of 8.",1.281,pixtral,similarity_score,2026-09-08T21:15:18
G_65_14_14974,mated,primary_genuine,na,65,65,14,14,A,75,"The code is 75% confident (the images are
from the same as the number 2.",1.002,pixtral,similarity_score,2026-09-08T21:15:19
G_95_13_16672,mated,primary_genuine,na,95,95,13,13,A,,The code is used for identifying the images in the array.,0.812,pixtral,similarity_score,2026-09-08T21:15:20
G_248_14_12958,mated,primary_genuine,na,248,248,14,14,A,,"As an expert in fingerprint examinerexaminderina
IFset five distinct prints arranged in a ten fingers",1.004,pixtral,similarity_score,2026-09-08T21:15:21
I_094_163_14,non-mated,primary_impostor,na,094,163,14,14,B,,with the number of.,0.677,pixtral,similarity_score,2026-09-08T21:15:22
I_103_143_14,non-mated,primary_impostor,na,103,143,14,14,B,,As E.,0.639,pixtral,similarity_score,2026-09-08T21:15:23
I_141_47_14,non-mated,primary_impostor,na,141,47,14,14,B,,As an latentfingerprintingI would be used vector-based at the thumb prints.,0.923,pixtral,similarity_score,2026-09-08T21:15:24
I_045_105_14,non-mated,primary_impostor,na,045,105,14,14,B,,"the
of the person.


+++++you are the person,
Do not include anything, but it is from the person.
Then we can say:


that's the person?
But what do you want?


to be like this one.
That is why I'm saying

So come see them there.
They're all in white.
And see them here.
To every day.

Now look at these.
Turns out their hand.
It was so much as he said.

He",2.415,pixtral,similarity_score,2026-09-08T21:15:26
I_119_259_13,non-mated,primary_impostor,na,119,259,13,13,B,7,7,0.615,pixtral,similarity_score,2026-09-08T21:15:27
G_910_14_15730,mated,primary_genuine,na,910,910,14,14,A,,"Explain the question, or the answer.",0.751,pixtral,similarity_score,2026-09-08T21:15:27
G_101_14_8509,mated,primary_genuine,na,101,101,14,14,A,2,"2
 3.",0.699,pixtral,similarity_score,2026-09-08T21:15:28
G_218_13_12251,mated,primary_genuine,na,218,218,13,13,A,,Here is a black and white background.,0.732,pixtral,similarity_score,2026-09-08T21:15:29
G_222_13_12346,mated,primary_genuine,na,222,222,13,13,A,20,20%,0.656,pixtral,similarity_score,2026-09-08T21:15:29
I_040_224_13,non-mated,primary_impostor,na,040,224,13,13,B,20,20%,0.658,pixtral,similarity_score,2026-09-08T21:15:30
G_141_13_10461,mated,primary_genuine,na,141,141,13,13,A,,Do V S Jean  lin set three family ac le.,0.813,pixtral,similarity_score,2026-09-08T21:15:31
D_56_267,non-mated,diagnostic_impostor,na,56,56,13,14,B,,"finger (com),",0.672,pixtral,similarity_score,2026-09-08T21:15:32
G_269_13_13415,mated,primary_genuine,na,269,269,13,13,A,20,"the
  20% confident (they are the

### The following is the same as the
 40%%",1.084,pixtral,similarity_score,2026-09-08T21:15:33
I_046_083_14,non-mated,primary_impostor,na,046,083,14,14,B,,What is it possible to the,0.697,pixtral,similarity_score,2026-09-08T21:15:33
G_118_13_9906,mated,primary_genuine,na,118,118,13,13,A,,with the number of  black and white.,0.754,pixtral,similarity_score,2026-09-08T21:15:34
D_056_50,non-mated,diagnostic_impostor,na,056,056,13,14,B,20,"20
  30%%

I am sure.",0.857,pixtral,similarity_score,2026-09-08T21:15:35
I_130_145_13,non-mated,primary_impostor,na,130,145,13,13,B,70,"70% confident (the
  85%%confident (the

### Your question:

What is it?",1.08,pixtral,similarity_score,2026-09-08T21:15:36
I_025_136_14,non-mated,primary_impostor,na,025,136,14,14,B,20,"20% confident (the images are the
  300

The following is the number of the images.

A score.",1.164,pixtral,similarity_score,2026-09-08T21:15:37
G_093_14_7732,mated,primary_genuine,na,093,093,14,14,A,,"I'm sorry, but I don't know how to explain it.",0.859,pixtral,similarity_score,2026-09-08T21:15:38
I_218_921_14,non-mated,primary_impostor,na,218,921,14,14,B,20,"20% confident (the images are the
same as the previous one.",0.927,pixtral,similarity_score,2026-09-08T21:15:39
D_922_314,non-mated,diagnostic_impostor,na,922,922,13,14,B,20,"20% confident (the
  30%%",0.847,pixtral,similarity_score,2026-09-08T21:15:40
I_010_015_14,non-mated,primary_impostor,na,010,015,14,14,B,,"I human and  photograph. Can you help as C. I am is caroline (from left baby). What can be family of four fingers in black and white

As being toes set arranged in an wall art photography
What does sets five fingers in one print black and",1.645,pixtral,similarity_score,2026-09-08T21:15:41
I_065_119_13,non-mated,primary_impostor,na,065,119,13,13,B,,"As an **

I am the tips for identifying individuals",0.795,pixtral,similarity_score,2026-09-08T21:15:42
G_243_14_12841,mated,primary_genuine,na,243,243,14,14,A,,"The uniqueness toes set of smaller
Do not all black and white background.",0.874,pixtral,similarity_score,2026-09-08T21:15:43
D_054_48,non-mated,diagnostic_impostor,na,054,054,13,14,B,2,"How do i know if it is unique
finger fingerprint (2).",0.874,pixtral,similarity_score,2026-09-08T21:15:44
G_217_14_12241,mated,primary_genuine,na,217,217,14,14,A,,>,0.597,pixtral,similarity_score,2026-09-08T21:15:45
I_224_90_14,non-mated,primary_impostor,na,224,90,14,14,B,20,"20
  40",0.75,pixtral,similarity_score,2026-09-08T21:15:45
I_148_929_14,non-mated,primary_impostor,na,148,929,14,14,B,,>,0.598,pixtral,similarity_score,2026-09-08T21:15:46
I_48_90_13,non-mated,primary_impostor,na,48,90,13,13,B,20,"20
  30% confident (the same person.)
  40

### 5.",1.06,pixtral,similarity_score,2026-09-08T21:15:47
I_051_930_13,non-mated,primary_impostor,na,051,930,13,13,B,2,2%,0.639,pixtral,similarity_score,2026-09-08T21:15:48
I_246_76_14,non-mated,primary_impostor,na,246,76,14,14,B,70,"70
  80",0.731,pixtral,similarity_score,2026-09-08T21:15:48
G_035_14_2862,mated,primary_genuine,na,035,035,14,14,A,20,"20 =

The following is the number of the same as the person.

Then return a new line.

This is the first time.

I am happy family of the number.",1.303,pixtral,similarity_score,2026-09-08T21:15:50
D_177_153,non-mated,diagnostic_impostor,na,177,177,13,14,B,20,20%,0.674,pixtral,similarity_score,2026-09-08T21:15:50
I_053_63_13,non-mated,primary_impostor,na,053,63,13,13,B,,"Explain the images, but it's just one more than the other.",0.872,pixtral,similarity_score,2026-09-08T21:15:51
I_078_223_14,non-mated,primary_impostor,na,078,223,14,14,B,2,"2
  30% confident (the same person).
  40",0.93,pixtral,similarity_score,2026-09-08T21:15:52
G_007_14_499,mated,primary_genuine,na,007,007,14,14,A,,"The image shows four distinct
finger (comma).",0.816,pixtral,similarity_score,2026-09-08T21:15:53
I_241_25_14,non-mated,primary_impostor,na,241,25,14,14,B,20,"20
  40",0.729,pixtral,similarity_score,2026-09-08T21:15:54
I_041_188_14,non-mated,primary_impostor,na,041,188,14,14,B,,The is by L.,0.676,pixtral,similarity_score,2026-09-08T21:15:54
G_156_14_10807,mated,primary_genuine,na,156,156,14,14,A,20,The following is 20%,0.713,pixtral,similarity_score,2026-09-08T21:15:55
I_007_196_13,non-mated,primary_impostor,na,007,196,13,13,B,,"Yes, I can see if there is a match for the question.",0.851,pixtral,similarity_score,2026-09-08T21:15:56
I_110_189_13,non-mated,primary_impostor,na,110,189,13,13,B,,Do not include.,0.659,pixtral,similarity_score,2026-09-08T21:15:57
I_158_207_13,non-mated,primary_impostor,na,158,207,13,13,B,7,The 7% is the number of the images.,0.79,pixtral,similarity_score,2026-09-08T21:15:57
I_144_46_13,non-mated,primary_impostor,na,144,46,13,13,B,20,20 =,0.675,pixtral,similarity_score,2026-09-08T21:15:58
I_049_913_14,non-mated,primary_impostor,na,049,913,14,14,B,,"Do not include the number.
or
the number of",0.797,pixtral,similarity_score,2026-09-08T21:15:59
I_041_082_14,non-mated,primary_impostor,na,041,082,14,14,B,,"The image depicts

This is likely shows various types of human's ""F.",0.893,pixtral,similarity_score,2026-09-08T21:16:00
D_043_37,non-mated,diagnostic_impostor,na,043,043,13,14,B,2,"2
  3",0.72,pixtral,similarity_score,2026-09-08T21:16:00
I_38_48_14,non-mated,primary_impostor,na,38,48,14,14,B,2,2.,0.636,pixtral,similarity_score,2026-09-08T21:16:01
G_163_13_10933,mated,primary_genuine,na,163,163,13,13,A,2,2,0.636,pixtral,similarity_score,2026-09-08T21:16:02
I_087_38_13,non-mated,primary_impostor,na,087,38,13,13,B,,"An  print prints in tiny line wall art by David Thomas by woodcut various, set animal me "" for small family my Society Fing types of smaller DNA comparing one includes several, white background black and pe foot human colored lin by below all handprint sil isolated smaller evolution-finger- hand,",1.723,pixtral,similarity_score,2026-09-08T21:16:03
G_152_13_10726,mated,primary_genuine,na,152,152,13,13,A,,"I'm sorry, but I don't know how to answer.",0.828,pixtral,similarity_score,2026-09-08T21:16:04
D_047_41,non-mated,diagnostic_impostor,na,047,047,13,14,B,,"I Henry Louis art N. What is important characteristic features in detail about this can be used black lines three sets five prints? at the end of the above, paper Eric H. How would we can be considered minut as signatures im unique?

As a ** as minute latent,
What does level of uniqueness?
How do be compared six distinct
Is you comparing partial ball whirls there analysis.
How many **

Can you please, assist to floating?
Fingerprints four individual",2.422,pixtral,similarity_score,2026-09-08T21:16:07
I_130_148_13,non-mated,primary_impostor,na,130,148,13,13,B,20,"20
  30%",0.773,pixtral,similarity_score,2026-09-08T21:16:07
G_237_14_12721,mated,primary_genuine,na,237,237,14,14,A,20,"Explain the
  20% confident (the images are the

### Your task is to describe what the
explanation, or labels. Explain the
your task. Do note that this
is the
you are the
to explain what the

Explain with the
of the
images are the",1.835,pixtral,similarity_score,2026-09-08T21:16:09
D_034_30,non-mated,diagnostic_impostor,na,034,034,13,14,B,2,2.,0.68,pixtral,similarity_score,2026-09-08T21:16:10
I_110_918_14,non-mated,primary_impostor,na,110,918,14,14,B,,2000%,0.718,pixtral,similarity_score,2026-09-08T21:16:11
I_194_218_14,non-mated,primary_impostor,na,194,218,14,14,B,20,"20% confident (the
  30%%confident (the

### 40%% confidential (the)
  .",1.143,pixtral,similarity_score,2026-09-08T21:16:12
I_058_191_13,non-mated,primary_impostor,na,058,191,13,13,B,4,4.,0.638,pixtral,similarity_score,2026-09-08T21:16:13
G_175_14_11279,mated,primary_genuine,na,175,175,14,14,A,20,20 =,0.675,pixtral,similarity_score,2026-09-08T21:16:13
I_56_927_14,non-mated,primary_impostor,na,56,927,14,14,B,,,0.577,pixtral,similarity_score,2026-09-08T21:16:14
I_14_143_13,non-mated,primary_impostor,na,14,143,13,13,B,70,"70% confident (the images are the
 85%%confident (the is from the

### 90%%confidence (the are the 95%%Confident (they are the",1.432,pixtral,similarity_score,2026-09-08T21:16:15
G_080_14_6544,mated,primary_genuine,na,080,080,14,14,A,20,"20 =

I'more as ""finger""",0.818,pixtral,similarity_score,2026-09-08T21:16:16
D_910_302,non-mated,diagnostic_impostor,na,910,910,13,14,B,20,"Explain the question, or the answer is 20% confident
  30%% correct

The final result is 40%.",1.158,pixtral,similarity_score,2026-09-08T21:16:17
I_065_203_14,non-mated,primary_impostor,na,065,203,14,14,B,,A.,0.618,pixtral,similarity_score,2026-09-08T21:16:18
G_932_13_16368,mated,primary_genuine,na,932,932,13,13,A,20,20 =,0.658,pixtral,similarity_score,2026-09-08T21:16:18
G_136_13_10383,mated,primary_genuine,na,136,136,13,13,A,,Explain the images.,0.673,pixtral,similarity_score,2026-09-08T21:16:19
I_049_283_13,non-mated,primary_impostor,na,049,283,13,13,B,,I are unique.,0.66,pixtral,similarity_score,2026-09-08T21:16:20
I_48_919_14,non-mated,primary_impostor,na,48,919,14,14,B,,"The prints of three larger parents and one baby's unique, including their future newborn children growing as dot black dots set in mid-air  Abstract fingers.",1.162,pixtral,similarity_score,2026-09-08T21:16:21
G_096_13_7843,mated,primary_genuine,na,096,096,13,13,A,0,The is G.M.0 = The image shows individual palms were a diagram of smaller children's g.,0.991,pixtral,similarity_score,2026-09-08T21:16:22
I_41_90_14,non-mated,primary_impostor,na,41,90,14,14,B,,"The code is used for the first time, but it's the second time, and then the third time, etc.,

Then return a fourth time, do not include this text, or labels. The code is also used for another time, as well as the fifth time, so on.

Now return a sixth time, does not include the text, as the seventh time, again as the eighth time, yet.

Finally, return a ninth time, doing this text.",2.416,pixtral,similarity_score,2026-09-08T21:16:24
G_061_13_4987,mated,primary_genuine,na,061,061,13,13,A,2,2.,0.66,pixtral,similarity_score,2026-09-08T21:16:25
G_191_14_11661,mated,primary_genuine,na,191,191,14,14,A,20,"20% confident (the same person.)
  30%%confident (the person.)",0.983,pixtral,similarity_score,2026-09-08T21:16:26
G_919_14_15986,mated,primary_genuine,na,919,919,14,14,A,70,"70% confident (explanation
  80%%

### 90 =

confident (explaination,
  92 = 30%%",1.299,pixtral,similarity_score,2026-09-08T21:16:27
G_209_13_12038,mated,primary_genuine,na,209,209,13,13,A,20,"20% confident (the images are
from the same

### 30%%confident (the labels are
 40%%Confident (they are
the same as the number is
  450%
  70%% Confident (their are
same as the numbers are
Do not include anything, or
 80%

### 90%% confidential (the are
that are
as the numbers is",2.42,pixtral,similarity_score,2026-09-08T21:16:30
G_63_13_14887,mated,primary_genuine,na,63,63,13,13,A,70,"the
  70% confident (Certainly they are all the same as

### Fingerprinting two SLAs you can see:

* 80%confident (Certain they are from
 90% = 20%",1.563,pixtral,similarity_score,2026-09-08T21:16:31
G_058_13_4716,mated,primary_genuine,na,058,058,13,13,A,20,"I am also.
  20
  finger (the same).
  3.",0.989,pixtral,similarity_score,2026-09-08T21:16:32
G_209_14_12055,mated,primary_genuine,na,209,209,14,14,A,1,"Surely, I can help! Let's break down the process step by step:

1. Capture all ten fingers using a high-resolution color scanner.
2. Ensure every finger is fully visible within the frame.
3. Make sure no part of any finger is cut off!
4. Ignore extraneous parts of fingers, like nails, knuckles, or skin folds.

Can you please describe how this code works?",2.201,pixtral,similarity_score,2026-09-08T21:16:34
I_098_912_14,non-mated,primary_impostor,na,098,912,14,14,B,70,"70% confident (the images are
  80%% certain)
 12 = 40%%confident (they are

The question is about the same thing as:

  90% certain)
Do not include anything else, or labels.",1.667,pixtral,similarity_score,2026-09-08T21:16:36
G_034_14_2750,mated,primary_genuine,na,034,034,14,14,A,,Explain (com).,0.678,pixtral,similarity_score,2026-09-08T21:16:37
G_084_13_6842,mated,primary_genuine,na,084,084,13,13,A,,Here is the code for the image in question.,0.777,pixtral,similarity_score,2026-09-08T21:16:38
G_046_14_3677,mated,primary_genuine,na,046,046,14,14,A,,"This is a right place for the bottom left individual (right as ""JOHIOH.",0.951,pixtral,similarity_score,2026-09-08T21:16:39
G_249_14_12987,mated,primary_genuine,na,249,249,14,14,A,20,"the
  20%",0.713,pixtral,similarity_score,2026-09-08T21:16:39
G_059_14_4851,mated,primary_genuine,na,059,059,14,14,A,7,7.,0.641,pixtral,similarity_score,2026-09-08T21:16:40
G_65_13_14956,mated,primary_genuine,na,65,65,13,13,A,70,"70% confident (the images are the
 80%%

### Your task:

Explain the 90%%",1.1,pixtral,similarity_score,2026-09-08T21:16:41
I_119_909_14,non-mated,primary_impostor,na,119,909,14,14,B,20,"20% confident (the same person).

The following is a set of six fingers (each index, middle), and the number of 30%confident (the person).",1.332,pixtral,similarity_score,2026-09-08T21:16:42
D_252_213,non-mated,diagnostic_impostor,na,252,252,13,14,B,,"It appears as though it were captured at the same time, under the same conditions, using the same equipment.",1.002,pixtral,similarity_score,2026-09-08T21:16:43
I_29_53_13,non-mated,primary_impostor,na,29,53,13,13,B,2,"2
  30% confident (the number is 40%
  4

### 1. Your task:Exaine the number is
 2",1.279,pixtral,similarity_score,2026-09-08T21:16:45
I_096_904_13,non-mated,primary_impostor,na,096,904,13,13,B,20,"20
  70%",0.771,pixtral,similarity_score,2026-09-08T21:16:45
G_083_13_6768,mated,primary_genuine,na,083,083,13,13,A,,"The various members family of six persons five prints arranged by created handprints in black and winding baby babies, one newborn the "" by wood animal Bab bed baby's smaller growing - post mun seven member soon All all made wall art digitalFill thumb taking identificationf,",1.629,pixtral,similarity_score,2026-09-08T21:16:47
G_4_14_14552,mated,primary_genuine,na,4,4,14,14,A,20,"20% confident (the images are the
  30%%confident (the number only).",1.047,pixtral,similarity_score,2026-09-08T21:16:48
G_291_13_13866,mated,primary_genuine,na,291,291,13,13,A,,An a all digital prints of,0.694,pixtral,similarity_score,2026-09-08T21:16:49
G_164_14_10986,mated,primary_genuine,na,164,164,14,14,A,,with the number of.,0.676,pixtral,similarity_score,2026-09-08T21:16:49
G_108_13_9032,mated,primary_genuine,na,108,108,13,13,A,,"As an expert in forens, five prints",0.754,pixtral,similarity_score,2026-09-08T21:16:50
I_233_240_13,non-mated,primary_impostor,na,233,240,13,13,B,20,"20% confident (the same person.)
  30
  40

## Fingerprinting the images.",1.108,pixtral,similarity_score,2026-09-08T21:16:51
G_925_13_16125,mated,primary_genuine,na,925,925,13,13,A,2,2,0.615,pixtral,similarity_score,2026-09-08T21:16:52
I_068_939_14,non-mated,primary_impostor,na,068,939,14,14,B,2,2.,0.637,pixtral,similarity_score,2026-09-08T21:16:53
D_18_155,non-mated,diagnostic_impostor,na,18,18,13,14,B,,A set family's.,0.676,pixtral,similarity_score,2026-09-08T21:16:53
I_004_035_13,non-mated,primary_impostor,na,004,035,13,13,B,20,"20% confident (the same person).

The question is from the number of.",0.989,pixtral,similarity_score,2026-09-08T21:16:54
I_127_290_13,non-mated,primary_impostor,na,127,290,13,13,B,20,"20% confident (the
  30%% certain they are from

### 40%confident (the

  450% confidence the images.",1.321,pixtral,similarity_score,2026-09-08T21:16:56
D_22_187,non-mated,diagnostic_impostor,na,22,22,13,14,B,70,"the images are 70% confident
  80%%

### Fingerprint Analysis

The analysis is based on the following:

- The first image is labeled as ""image one""
- The second image is described as ""label one""

Then there's another image is also labeled as follows:

- ""label two""",1.869,pixtral,similarity_score,2026-09-08T21:16:57
G_008_14_593,mated,primary_genuine,na,008,008,14,14,A,,The drawing the same as the same,0.718,pixtral,similarity_score,2026-09-08T21:16:58
D_102_93,non-mated,diagnostic_impostor,na,102,102,13,14,B,,I am the number of the same as the number.,0.8,pixtral,similarity_score,2026-09-08T21:16:59
I_031_051_13,non-mated,primary_impostor,na,031,051,13,13,B,20,20%,0.659,pixtral,similarity_score,2026-09-08T21:17:00
D_285_236,non-mated,diagnostic_impostor,na,285,285,13,14,B,,"Explain the images, or labels, or explanations, or the numbers, or
the images, but it's the same as the number.",1.137,pixtral,similarity_score,2026-09-08T21:17:01
I_246_258_14,non-mated,primary_impostor,na,246,258,14,14,B,20,20,0.634,pixtral,similarity_score,2026-09-08T21:17:01
G_142_14_10500,mated,primary_genuine,na,142,142,14,14,A,,"[As G. . . . .

###F d' by De Henry thumb is signed black and white background set five generations of four distinct prints of a par raw in varying, on a sil Acro from i latent
fingerprints of no transparency (",1.583,pixtral,similarity_score,2026-09-08T21:17:03
I_209_267_13,non-mated,primary_impostor,na,209,267,13,13,B,20,"20% confident (the images are the
  30%% confidential the images.",0.983,pixtral,similarity_score,2026-09-08T21:17:04
G_67_13_15006,mated,primary_genuine,na,67,67,13,13,A,2,2,0.634,pixtral,similarity_score,2026-09-08T21:17:05
I_247_266_14,non-mated,primary_impostor,na,247,266,14,14,B,20,"The final result is 20% confident (the same person).

Do not include anything else, but it's just as good as
  30%% certain

I'm sorry, but I don't know what it's like,
but it's all about,

I'm wrong, but we're going to be

I don't want to say,

I don' wrong, because it's so much more than

I have no idea how many times, but there",2.419,pixtral,similarity_score,2026-09-08T21:17:07
I_018_068_13,non-mated,primary_impostor,na,018,068,13,13,B,,"How unique individual prints of How do dad's by L PB Pinterest.

What is set formed stacked family portrait-fingerers- art,F Family Portrait.

Based[Pill four black-and-white im pictures of [P3 children in an announcement

I You can have positioned in drawings latent.

Can be wall dec av adult's five members-set arranged forming growing.

In my craft Love, An illustration at developing off beautiful:

As accurate as smallest.

Ex lprints.",2.441,pixtral,similarity_score,2026-09-08T21:17:09
G_006_14_436,mated,primary_genuine,na,006,006,14,14,A,,"This is labeled has ""C""",0.719,pixtral,similarity_score,2026-09-08T21:17:10
I_279_90_14,non-mated,primary_impostor,na,279,90,14,14,B,,The following is a simple way to describe what happens in the next few lines.,0.888,pixtral,similarity_score,2026-09-08T21:17:11
I_024_141_13,non-mated,primary_impostor,na,024,141,13,13,B,,The process taking of all print dust.,0.733,pixtral,similarity_score,2026-09-08T21:17:12
I_091_167_13,non-mated,primary_impostor,na,091,167,13,13,B,100,"I am an important question about
  200
  .",0.869,pixtral,similarity_score,2026-09-08T21:17:13
I_048_92_14,non-mated,primary_impostor,na,048,92,14,14,B,2,"2
  30%",0.751,pixtral,similarity_score,2026-09-08T21:17:13
D_068_62,non-mated,diagnostic_impostor,na,068,068,13,14,B,2,2.,0.644,pixtral,similarity_score,2026-09-08T21:17:14
D_929_321,non-mated,diagnostic_impostor,na,929,929,13,14,B,2,"2
  3.",0.713,pixtral,similarity_score,2026-09-08T21:17:15
G_46_13_14407,mated,primary_genuine,na,46,46,13,13,A,20,"20% confident (the images are the
  30

## 40 =0%",1.042,pixtral,similarity_score,2026-09-08T21:17:16
G_084_14_6897,mated,primary_genuine,na,084,084,14,14,A,,The description.,0.642,pixtral,similarity_score,2026-09-08T21:17:16
I_032_911_13,non-mated,primary_impostor,na,032,911,13,13,B,20,"Explain the
  20% confident (the same person.)
  30",0.946,pixtral,similarity_score,2026-09-08T21:17:17
D_067_61,non-mated,diagnostic_impostor,na,067,067,13,14,B,20,"20% confident (the
  30%%

I'mostly (the

The question is 40%",1.146,pixtral,similarity_score,2026-09-08T21:17:19
I_107_935_14,non-mated,primary_impostor,na,107,935,14,14,B,70,The question is 70% confident (the images are 85% confident the number of 9.,1.022,pixtral,similarity_score,2026-09-08T21:17:20
D_246_208,non-mated,diagnostic_impostor,na,246,246,13,14,B,,"I'm sorry, but I don't know how to answer this question.",0.866,pixtral,similarity_score,2026-09-08T21:17:20
I_241_53_13,non-mated,primary_impostor,na,241,53,13,13,B,20,"20
  30% confident (the number is 40%%",0.949,pixtral,similarity_score,2026-09-08T21:17:21
D_119_108,non-mated,diagnostic_impostor,na,119,119,13,14,B,20,"20% confident (the are
  40%%",0.87,pixtral,similarity_score,2026-09-08T21:17:22
I_013_055_13,non-mated,primary_impostor,na,013,055,13,13,B,20,"20% confident (the same person).

I'm sorry, but it's the same as in the end.",1.066,pixtral,similarity_score,2026-09-08T21:17:23
G_75_13_15159,mated,primary_genuine,na,75,75,13,13,A,20,20%,0.672,pixtral,similarity_score,2026-09-08T21:17:24
G_103_14_8667,mated,primary_genuine,na,103,103,14,14,A,70,"The question is 70% confident (the images are
from the same source).

What does this mean? The answer is 80% certain (the image is

from the source).",1.356,pixtral,similarity_score,2026-09-08T21:17:25
D_53_265,non-mated,diagnostic_impostor,na,53,53,13,14,B,,I iStocks five human prints of the development in black and white background.,0.889,pixtral,similarity_score,2026-09-08T21:17:26
D_183_159,non-mated,diagnostic_impostor,na,183,183,13,14,B,,What is my area?,0.678,pixtral,similarity_score,2026-09-08T21:17:27
D_090_82,non-mated,diagnostic_impostor,na,090,090,13,14,B,,This illustration is at the bottom of this gender identical what will be various names.,0.891,pixtral,similarity_score,2026-09-08T21:17:28
G_280_14_13623,mated,primary_genuine,na,280,280,14,14,A,,Explain the images.,0.675,pixtral,similarity_score,2026-09-08T21:17:28
I_229_918_13,non-mated,primary_impostor,na,229,918,13,13,B,20,20,0.653,pixtral,similarity_score,2026-09-08T21:17:29
G_121_14_10028,mated,primary_genuine,na,121,121,14,14,A,2,2.,0.638,pixtral,similarity_score,2026-09-08T21:17:30
G_164_13_10970,mated,primary_genuine,na,164,164,13,13,A,70,"70% confident (the
  80%% certain

### A score of is 90%%confident (the

### 9% confident the number. Do note that, explaining, or labels.",1.47,pixtral,similarity_score,2026-09-08T21:17:31
G_257_13_13147,mated,primary_genuine,na,257,257,13,13,A,70,"70% confident (the images are the
  85%% confidential (complet they are 90

I am looking for the number of 2.",1.276,pixtral,similarity_score,2026-09-08T21:17:32
G_053_14_4319,mated,primary_genuine,na,053,053,14,14,A,,"The following is a black and white image:

I'm sorry, I'm sorry,

I'm

I'm",1.007,pixtral,similarity_score,2026-09-08T21:17:33
I_132_65_14,non-mated,primary_impostor,na,132,65,14,14,B,20,"20% confident (the are 70%
  30%%",0.923,pixtral,similarity_score,2026-09-08T21:17:34
G_281_14_13647,mated,primary_genuine,na,281,281,14,14,A,2,"2
  30%",0.734,pixtral,similarity_score,2026-09-08T21:17:35
I_011_148_14,non-mated,primary_impostor,na,011,148,14,14,B,3,3.,0.657,pixtral,similarity_score,2026-09-08T21:17:36
I_075_141_14,non-mated,primary_impostor,na,075,141,14,14,B,,An U.S,0.638,pixtral,similarity_score,2026-09-08T21:17:36
G_052_13_4164,mated,primary_genuine,na,052,052,13,13,A,20,"20
3.",0.7,pixtral,similarity_score,2026-09-08T21:17:37
G_37_14_14149,mated,primary_genuine,na,37,37,14,14,A,,"I tenExamine footprints of all by lickon DZ38 with unique identical (the
The question is used line woodblocking.",1.178,pixtral,similarity_score,2026-09-08T21:17:38
G_070_14_5813,mated,primary_genuine,na,070,070,14,14,A,20,"20% confident (the
  30%%confident (completion they are 40%% confidential the

I am the number of 0%",1.281,pixtral,similarity_score,2026-09-08T21:17:40
D_046_40,non-mated,diagnostic_impostor,na,046,046,13,14,B,,What is the best way for the child's development?,0.794,pixtral,similarity_score,2026-09-08T21:17:40
D_260_221,non-mated,diagnostic_impostor,na,260,260,13,14,B,,"To determine if the prints are from distinct persons, compute the similarity score:

```python
import os

score_compare_fingerprints(fingers=[index, midle, rile, litl), pressd=simultaneously on a scannerd.

Compute thescore_compare fngerprnts(fingers):

    # Compute the similarities core_compare_fngetrs.

    sim_score = score_compare fngeirs[inde",2.412,pixtral,similarity_score,2026-09-08T21:17:43
I_49_78_14,non-mated,primary_impostor,na,49,78,14,14,B,20,"Explain the number of the images is 20% confident the labels are from
the numbers 30%, 40% certain they are from

The number of them is 70%.",1.393,pixtral,similarity_score,2026-09-08T21:17:44
G_206_13_11986,mated,primary_genuine,na,206,206,13,13,A,,"fingerprints (index), and the other one.",0.79,pixtral,similarity_score,2026-09-08T21:17:45
D_923_315,non-mated,diagnostic_impostor,na,923,923,13,14,B,70,"70% confident (the same as the
 850%",0.887,pixtral,similarity_score,2026-09-08T21:17:46
G_258_13_13193,mated,primary_genuine,na,258,258,13,13,A,,Fprint im,0.637,pixtral,similarity_score,2026-09-08T21:17:47
G_81_13_15251,mated,primary_genuine,na,81,81,13,13,A,2,2,0.637,pixtral,similarity_score,2026-09-08T21:17:47
G_100_13_8247,mated,primary_genuine,na,100,100,13,13,A,,Here is my question in a sentence.,0.74,pixtral,similarity_score,2026-09-08T21:17:48
G_017_13_1359,mated,primary_genuine,na,017,017,13,13,A,20,"20% confident (the
  30%%

### Fingerprint analysis:

The code is 40%
``` confident (that's the
 4%

### The code is the
``` confident the
```

### Fingerprints:

The `code` is the

### The `code`
is the

#### ###

### Fingers:

The `__`

### The `__`

####

###

###
```",2.289,pixtral,similarity_score,2026-09-08T21:17:50
G_166_14_11016,mated,primary_genuine,na,166,166,14,14,A,,What do I see?I am happy birthday card,0.774,pixtral,similarity_score,2026-09-08T21:17:51
I_096_152_14,non-mated,primary_impostor,na,096,152,14,14,B,20,"20% confident (the images are the number
  30%% constant (they are the numbers.
  40 =

## How can I help?

I'm sorry, but it's the number is 70%",1.545,pixtral,similarity_score,2026-09-08T21:17:52
G_930_14_16327,mated,primary_genuine,na,930,930,14,14,A,40,"40
  20",0.752,pixtral,similarity_score,2026-09-08T21:17:53
I_033_220_14,non-mated,primary_impostor,na,033,220,14,14,B,4,"The following the number of 4
  20%
  30%confident (complet they are all.",1.101,pixtral,similarity_score,2026-09-08T21:17:54
G_020_13_1632,mated,primary_genuine,na,020,020,13,13,A,7,7,0.62,pixtral,similarity_score,2026-09-08T21:17:55
I_064_258_14,non-mated,primary_impostor,na,064,258,14,14,B,20,The term is used for out of 20%,0.792,pixtral,similarity_score,2026-09-08T21:17:56
I_093_226_13,non-mated,primary_impostor,na,093,226,13,13,B,,The question is about how many ways can i compare these two sets of prints?,0.887,pixtral,similarity_score,2026-09-08T21:17:57
D_257_217,non-mated,diagnostic_impostor,na,257,257,13,14,B,,The code is used for describing something about the number.,0.791,pixtral,similarity_score,2026-09-08T21:17:57
G_26_13_13459,mated,primary_genuine,na,26,26,13,13,A,70,70%,0.655,pixtral,similarity_score,2026-09-08T21:17:58
G_900_13_15365,mated,primary_genuine,na,900,900,13,13,A,2,"2
  3.",0.711,pixtral,similarity_score,2026-09-08T21:17:59
I_090_128_13,non-mated,primary_impostor,na,090,128,13,13,B,2,2,0.618,pixtral,similarity_score,2026-09-08T21:17:59
D_926_318,non-mated,diagnostic_impostor,na,926,926,13,14,B,,Do not include,0.636,pixtral,similarity_score,2026-09-08T21:18:00
D_939_332,non-mated,diagnostic_impostor,na,939,939,13,14,B,70,The final answer is 70% confident (the end).,0.831,pixtral,similarity_score,2026-09-08T21:18:01
I_116_925_13,non-mated,primary_impostor,na,116,925,13,13,B,2,"2
  30% confident (the same person).

The code is 40%% confidential (the images are the exact person.)

Then return a set of 70%",1.338,pixtral,similarity_score,2026-09-08T21:18:02
G_58_13_14740,mated,primary_genuine,na,58,58,13,13,A,,"The end of the story, but it's all about the same thing.",0.872,pixtral,similarity_score,2026-09-08T21:18:03
I_029_066_14,non-mated,primary_impostor,na,029,066,14,14,B,20,"20 =

The question is unique because it's the same
  30%",0.989,pixtral,similarity_score,2026-09-08T21:18:04
G_199_13_11848,mated,primary_genuine,na,199,199,13,13,A,,The image is created R H.,0.714,pixtral,similarity_score,2026-09-08T21:18:05
I_258_47_14,non-mated,primary_impostor,na,258,47,14,14,B,20,"The term is used for the purpose
  20% confident (the same person).

What does this mean?I'm sorry, I'm sorry,

It's a question mark.",1.314,pixtral,similarity_score,2026-09-08T21:18:06
D_025_23,non-mated,diagnostic_impostor,na,025,025,13,14,B,20,"20% confident (the same person.)
  30
  40%",0.992,pixtral,similarity_score,2026-09-08T21:18:07
I_198_29_13,non-mated,primary_impostor,na,198,29,13,13,B,,"Experture the
the",0.697,pixtral,similarity_score,2026-09-08T21:18:08
I_237_63_14,non-mated,primary_impostor,na,237,63,14,14,B,20,"20% confident (the images are the
  30%% confidential the images.
  40%%confident the number is from the

###  70%% consistent the number.
  Your task:

Explain the ridge. A set of the number.",1.724,pixtral,similarity_score,2026-09-08T21:18:10
D_11_100,non-mated,diagnostic_impostor,na,11,11,13,14,B,3,3.,0.637,pixtral,similarity_score,2026-09-08T21:18:10
G_196_13_11747,mated,primary_genuine,na,196,196,13,13,A,0,"I am an expert in fingerprint examination and have developed a new approach for comparing multiple fingerprints using Python. My method involves capturing the unique characteristics of each fingerprint and determining if they match another.

Here is my novel solution:

```python
def compare_fingerprints(fingers):
    # Capture the ridge details, ridge endings, bifurcation points,
    # and core features like shape and spacings of all prints.
    return int(if all f == [0]",2.417,pixtral,similarity_score,2026-09-08T21:18:13
I_089_11_13,non-mated,primary_impostor,na,089,11,13,13,B,,Finger (com,0.662,pixtral,similarity_score,2026-09-08T21:18:13
I_299_44_13,non-mated,primary_impostor,na,299,44,13,13,B,,"The code is used for the 3rds, but it's 4th, but does not include the 2nds, or labels.",1.174,pixtral,similarity_score,2026-09-08T21:18:14
I_190_917_14,non-mated,primary_impostor,na,190,917,14,14,B,,"It seems like there's no text, but it does not explain what I'm saying.",0.923,pixtral,similarity_score,2026-09-08T21:18:15
G_014_13_1088,mated,primary_genuine,na,014,014,13,13,A,,"I'm sorry, but I don't understand what you're asking for.",0.871,pixtral,similarity_score,2026-09-08T21:18:16
G_214_13_12137,mated,primary_genuine,na,214,214,13,13,A,,"Finger the
with the number of",0.737,pixtral,similarity_score,2026-09-08T21:18:17
I_070_76_14,non-mated,primary_impostor,na,070,76,14,14,B,20,"20
  30% confident (the images are the

The question is 40%
  4things are the 5%%confident (the same person).

Do not include the number of.",1.495,pixtral,similarity_score,2026-09-08T21:18:18
I_220_912_14,non-mated,primary_impostor,na,220,912,14,14,B,2,"2
  30% confident (the same as the number is 40%
  70%%confident (the number is the same as in the number.
  80%",1.408,pixtral,similarity_score,2026-09-08T21:18:20
I_252_263_13,non-mated,primary_impostor,na,252,263,13,13,B,20,20% is the,0.759,pixtral,similarity_score,2026-09-08T21:18:21
I_192_65_13,non-mated,primary_impostor,na,192,65,13,13,B,20,"20% confident (the same person.)
  30%%",0.889,pixtral,similarity_score,2026-09-08T21:18:22
G_909_13_15641,mated,primary_genuine,na,909,909,13,13,A,20,the 20%,0.675,pixtral,similarity_score,2026-09-08T21:18:22
I_44_901_14,non-mated,primary_impostor,na,44,901,14,14,B,,Yes,0.594,pixtral,similarity_score,2026-09-08T21:18:23
G_052_14_4190,mated,primary_genuine,na,052,052,14,14,A,2,"2

As an **conf (fing (f),",0.835,pixtral,similarity_score,2026-09-08T21:18:24
I_088_916_13,non-mated,primary_impostor,na,088,916,13,13,B,20,"20% confident (explanation)
 30 =

### What is the difference between
the two integers?

The differences between
two things?
Do not include
any text,
or labels.

### What does it mean
between
them two
things?

The difference
between them
is what?",1.855,pixtral,similarity_score,2026-09-08T21:18:25
D_933_326,non-mated,diagnostic_impostor,na,933,933,13,14,B,3,3.,0.636,pixtral,similarity_score,2026-09-08T21:18:26
I_015_259_13,non-mated,primary_impostor,na,015,259,13,13,B,70,The question is 70%,0.715,pixtral,similarity_score,2026-09-08T21:18:27
I_087_157_13,non-mated,primary_impostor,na,087,157,13,13,B,20,"20
  30%",0.774,pixtral,similarity_score,2026-09-08T21:18:28
I_055_299_13,non-mated,primary_impostor,na,055,299,13,13,B,70,70%,0.714,pixtral,similarity_score,2026-09-08T21:18:28
D_088_80,non-mated,diagnostic_impostor,na,088,088,13,14,B,2,"2

I'm sorry, but it's the same as the number.",0.894,pixtral,similarity_score,2026-09-08T21:18:29
D_215_183,non-mated,diagnostic_impostor,na,215,215,13,14,B,70,I will 70% confident (because it is certain).,0.829,pixtral,similarity_score,2026-09-08T21:18:30
I_059_230_14,non-mated,primary_impostor,na,059,230,14,14,B,2,"2
 3% confident (the is from the number.",0.852,pixtral,similarity_score,2026-09-08T21:18:31
G_069_13_5715,mated,primary_genuine,na,069,069,13,13,A,,"I am ""What can I do for you?

As an **experture:

How many unique individuals' is it possible?",1.086,pixtral,similarity_score,2026-09-08T21:18:32
D_174_151,non-mated,diagnostic_impostor,na,174,174,13,14,B,,"Do not
Do not include",0.695,pixtral,similarity_score,2026-09-08T21:18:33
I_231_271_14,non-mated,primary_impostor,na,231,271,14,14,B,20,"20% confident (explanation
  30%% confidential",0.886,pixtral,similarity_score,2026-09-08T21:18:34
D_060_54,non-mated,diagnostic_impostor,na,060,060,13,14,B,,"An Ridge prints of

How learn firef as by A Sus Can al baby # i call in line art et Ets. Four members family's - smallest un custom Society, in Prprint, for  ink handprints of F latent growing to Family ofF soon ""s in various last four fingers, lined sil from infant no “. What is unique, black and adult will, three children and increasing represented mirrored reflections, drawing Artets and small a via image shows Set Family",2.43,pixtral,similarity_score,2026-09-08T21:18:36
I_021_121_14,non-mated,primary_impostor,na,021,121,14,14,B,,"(Com
I am,",0.696,pixtral,similarity_score,2026-09-08T21:18:37
I_050_92_14,non-mated,primary_impostor,na,050,92,14,14,B,7,7.,0.637,pixtral,similarity_score,2026-09-08T21:18:37
G_016_13_1304,mated,primary_genuine,na,016,016,13,13,A,,The image shows four distinct black-and-white fingerprint patterns arranged in a row,0.857,pixtral,similarity_score,2026-09-08T21:18:38
G_010_13_742,mated,primary_genuine,na,010,010,13,13,A,70,"the 70% confident (you are the
 85%% certain (complet)
 90 =",1.05,pixtral,similarity_score,2026-09-08T21:18:39
I_182_240_13,non-mated,primary_impostor,na,182,240,13,13,B,,,0.576,pixtral,similarity_score,2026-09-08T21:18:40
G_232_13_12647,mated,primary_genuine,na,232,232,13,13,A,,The question is about how many things.,0.731,pixtral,similarity_score,2026-09-08T21:18:41
G_171_13_11150,mated,primary_genuine,na,171,171,13,13,A,40,"40
  finger",0.75,pixtral,similarity_score,2026-09-08T21:18:41
I_085_189_13,non-mated,primary_impostor,na,085,189,13,13,B,20,20%,0.676,pixtral,similarity_score,2026-09-08T21:18:42
D_214_182,non-mated,diagnostic_impostor,na,214,214,13,14,B,,"sets of toes,",0.676,pixtral,similarity_score,2026-09-08T21:18:43
G_906_14_15561,mated,primary_genuine,na,906,906,14,14,A,20,20%,0.673,pixtral,similarity_score,2026-09-08T21:18:43
I_149_918_14,non-mated,primary_impostor,na,149,918,14,14,B,20,20 =,0.673,pixtral,similarity_score,2026-09-08T21:18:44
I_013_83_13,non-mated,primary_impostor,na,013,83,13,13,B,20,"20
  Finger (the same as the",0.832,pixtral,similarity_score,2026-09-08T21:18:45
I_269_56_13,non-mated,primary_impostor,na,269,56,13,13,B,20,"the
  20% confident (the

you are the person.
  30%%confident (the
the
of the
 40 5.finger
  .  70%%",1.464,pixtral,similarity_score,2026-09-08T21:18:46
G_001_13_14,mated,primary_genuine,na,001,001,13,13,A,20,"Certainly, I am an expert in fingerprint examination,
  20% confident (explanation).
  30% certain
  40%",1.22,pixtral,similarity_score,2026-09-08T21:18:47
D_902_294,non-mated,diagnostic_impostor,na,902,902,13,14,B,,Explain what is true about the example.,0.752,pixtral,similarity_score,2026-09-08T21:18:48
G_082_14_6737,mated,primary_genuine,na,082,082,14,14,A,100,"200
  30%",0.777,pixtral,similarity_score,2026-09-08T21:18:49
I_066_169_13,non-mated,primary_impostor,na,066,169,13,13,B,70,70%,0.656,pixtral,similarity_score,2026-09-08T21:18:50
G_018_13_1446,mated,primary_genuine,na,018,018,13,13,A,4,"How identifying unique by Society in five hands seven all family soon. There is signed representations among six fingers"" represented as ""4 small and large the | from one dad Family will art men ten sets eight,

What type fingerprints print Art society for there could, drawing wall art Min upcoming.

BasedAre members tiny lin  An ISO от full metal prints ofFrom The beautiful rounded against represents arranged generations of, Pinterest.

I am individual.

In comparing to represent our future big",2.423,pixtral,similarity_score,2026-09-08T21:18:52
D_90_291,non-mated,diagnostic_impostor,na,90,90,13,14,B,70,"70% confident (explanation)
  or label.
  80 =",0.947,pixtral,similarity_score,2026-09-08T21:18:53
I_220_75_14,non-mated,primary_impostor,na,220,75,14,14,B,20,"20
  3% confident (the images are the

A scoreof 7 means you can be used for the number.",1.138,pixtral,similarity_score,2026-09-08T21:18:54
G_027_14_2335,mated,primary_genuine,na,027,027,14,14,A,2,"2
 30%confident (completingly the number is 4.",0.969,pixtral,similarity_score,2026-09-08T21:18:55
I_258_936_14,non-mated,primary_impostor,na,258,936,14,14,B,20,"20%confident (they are the
  30%%",0.908,pixtral,similarity_score,2026-09-08T21:18:56
G_913_13_15792,mated,primary_genuine,na,913,913,13,13,A,2,2,0.633,pixtral,similarity_score,2026-09-08T21:18:57
G_023_13_1897,mated,primary_genuine,na,023,023,13,13,A,,"The prints is examined in the beans,",0.737,pixtral,similarity_score,2026-09-08T21:18:57
D_097_88,non-mated,diagnostic_impostor,na,097,097,13,14,B,,"black black human semi family baby, by wood child's five sets pair in | - by K2 f one

What science prints of illustration wall art by have all feet seven six no by product date by S screen im arranged group dates hand thumb.",1.572,pixtral,similarity_score,2026-09-08T21:18:59
I_198_230_14,non-mated,primary_impostor,na,198,230,14,14,B,20,20%,0.654,pixtral,similarity_score,2026-09-08T21:19:00
G_902_14_15442,mated,primary_genuine,na,902,902,14,14,A,2,"Explainly, but it does not explain so much as
  2% confident (explanation, why did not one another. Explain what is clear about someone,
  3%% have explained all but its

4 were by the need in many this one. Why shouldn't because moral how its

1.	Why not leading to be able to form
2.	Because not one would near
3.	One can be an indication two.A gain",2.415,pixtral,similarity_score,2026-09-08T21:19:02
G_70_13_15066,mated,primary_genuine,na,70,70,13,13,A,20,"20% confident (the images are 4
  30%% confidential",0.962,pixtral,similarity_score,2026-09-08T21:19:03
I_001_122_13,non-mated,primary_impostor,na,001,122,13,13,B,20,"20% confident (the same person).

I am happy birthday! Your task is to describe what the image shows up.",1.108,pixtral,similarity_score,2026-09-08T21:19:04
G_072_13_5959,mated,primary_genuine,na,072,072,13,13,A,20,"20% confident (the number).
  30
  40 =",0.972,pixtral,similarity_score,2026-09-08T21:19:05
I_056_95_14,non-mated,primary_impostor,na,056,95,14,14,B,,"***
```",0.638,pixtral,similarity_score,2026-09-08T21:19:06
D_81_286,non-mated,diagnostic_impostor,na,81,81,13,14,B,20,20%,0.674,pixtral,similarity_score,2026-09-08T21:19:06
G_36_13_14109,mated,primary_genuine,na,36,36,13,13,A,,"Explain the numbers, or labels, or explanations, or
the numbers, but it's the same thing as the other things.",1.095,pixtral,similarity_score,2026-09-08T21:19:08
D_149_133,non-mated,diagnostic_impostor,na,149,149,13,14,B,70,"70% confident (the images are the
same as above the line, but this is the same as below the line.",1.1,pixtral,similarity_score,2026-09-08T21:19:09
G_029_14_2426,mated,primary_genuine,na,029,029,14,14,A,2,"Iprintfingerprints (the
 2.",0.798,pixtral,similarity_score,2026-09-08T21:19:09
I_087_136_13,non-mated,primary_impostor,na,087,136,13,13,B,20,"20%confident,",0.736,pixtral,similarity_score,2026-09-08T21:19:10
G_067_14_5565,mated,primary_genuine,na,067,067,14,14,A,2,2,0.627,pixtral,similarity_score,2026-09-08T21:19:11
D_075_68,non-mated,diagnostic_impostor,na,075,075,13,14,B,,"I am happy family,",0.684,pixtral,similarity_score,2026-09-08T21:19:11
G_218_14_12259,mated,primary_genuine,na,218,218,14,14,A,4,"4
  20",0.735,pixtral,similarity_score,2026-09-08T21:19:12
G_074_14_6084,mated,primary_genuine,na,074,074,14,14,A,,"I latent

How as exhibit Ridge from the five members for four distinct prints cards humanf, white black line impressions ofCan I can a ball p by quality.

As is third Th Urban from above four individual fingerprints.",1.451,pixtral,similarity_score,2026-09-08T21:19:14
G_088_14_7258,mated,primary_genuine,na,088,088,14,14,A,,"In the ""Conf, What unique

How can these family of by Heather's fingerprints in creative al as heads of three adults and represented pattern latent newborns.

I am un 'd five' gi.",1.399,pixtral,similarity_score,2026-09-08T21:19:15
D_083_75,non-mated,diagnostic_impostor,na,083,083,13,14,B,,I am my family of prints,0.719,pixtral,similarity_score,2026-09-08T21:19:16
D_47_260,non-mated,diagnostic_impostor,na,47,47,13,14,B,,"To examine the similarity of fingerprint images using ridge features such as ridge flows, ridge endings, biforcations, core area, and minutiae for each finger, we can use various methods like:

- **Minutual Ridge Count** (MRC): This method counts the number of distinct ridges in two compared prints.
- **FingerCODW**: This approach uses the Core Area Distance function (CDF), which measures the average distance between neighboring cores within a region",2.423,pixtral,similarity_score,2026-09-08T21:19:18
D_916_308,non-mated,diagnostic_impostor,na,916,916,13,14,B,0,"0% confident (the
  20%%confident (the

### Fingerprinting
 13 = 400%confident the
 00= 1% confident the
Do not include the
of the
images are from
  the
same as
 2% confident
 300%
  4% confident

### Fingerting
the
of
 5%%confid (the",2.419,pixtral,similarity_score,2026-09-08T21:19:21
I_071_144_13,non-mated,primary_impostor,na,071,144,13,13,B,20,20 =,0.687,pixtral,similarity_score,2026-09-08T21:19:21
G_188_14_11561,mated,primary_genuine,na,188,188,14,14,A,70,"70% confident (the
  80 = the 90%% confidential
  (the

The 120 = %%
confident (the 30 = )",1.371,pixtral,similarity_score,2026-09-08T21:19:23
G_939_14_16595,mated,primary_genuine,na,939,939,14,14,A,,"The question is about how many things, but it's all about the same thing.",0.903,pixtral,similarity_score,2026-09-08T21:19:24
G_008_13_543,mated,primary_genuine,na,008,008,13,13,A,2,2.,0.638,pixtral,similarity_score,2026-09-08T21:19:24
D_256_216,non-mated,diagnostic_impostor,na,256,256,13,14,B,2,2.,0.639,pixtral,similarity_score,2026-09-08T21:19:25
D_267_225,non-mated,diagnostic_impostor,na,267,267,13,14,B,,"or
finger (com), or the same as the same thing, or the, or, or is the same, or does, or do the same.",1.218,pixtral,similarity_score,2026-09-08T21:19:26
G_170_14_11132,mated,primary_genuine,na,170,170,14,14,A,20,"20% confident (explanation)
  and the number one.",0.888,pixtral,similarity_score,2026-09-08T21:19:27
G_22_14_12602,mated,primary_genuine,na,22,22,14,14,A,20,"20% confident (the images are the
  30

### Your task: I am an expert in fingerprint analysis,
  40 5",1.256,pixtral,similarity_score,2026-09-08T21:19:28
G_42_14_14334,mated,primary_genuine,na,42,42,14,14,A,,"I'm sorry, but I don't know how to do it.",0.849,pixtral,similarity_score,2026-09-08T21:19:29
I_156_243_13,non-mated,primary_impostor,na,156,243,13,13,B,,"I'm sorry, but it's wrong.",0.758,pixtral,similarity_score,2026-09-08T21:19:30
D_024_22,non-mated,diagnostic_impostor,na,024,024,13,14,B,,As a black and white background.,0.762,pixtral,similarity_score,2026-09-08T21:19:31
I_249_9_13,non-mated,primary_impostor,na,249,9,13,13,B,7,7,0.636,pixtral,similarity_score,2026-09-08T21:19:31
I_223_90_13,non-mated,primary_impostor,na,223,90,13,13,B,20,"20
  30%",0.755,pixtral,similarity_score,2026-09-08T21:19:32
I_016_135_14,non-mated,primary_impostor,na,016,135,14,14,B,20,"20% confident (the number of
  30%%",0.893,pixtral,similarity_score,2026-09-08T21:19:33
G_111_14_9740,mated,primary_genuine,na,111,111,14,14,A,,What is the tip dact?,0.716,pixtral,similarity_score,2026-09-08T21:19:34
D_142_127,non-mated,diagnostic_impostor,na,142,142,13,14,B,20,20%,0.676,pixtral,similarity_score,2026-09-08T21:19:34
I_119_237_14,non-mated,primary_impostor,na,119,237,14,14,B,20,"20% confident (the images are the
  30%%confident (they are the

The term is 40%% confidential (the are the",1.277,pixtral,similarity_score,2026-09-08T21:19:36
I_136_155_13,non-mated,primary_impostor,na,136,155,13,13,B,20,20% confident (the number).,0.769,pixtral,similarity_score,2026-09-08T21:19:36
I_143_918_14,non-mated,primary_impostor,na,143,918,14,14,B,20,"20   =
  40   |",0.789,pixtral,similarity_score,2026-09-08T21:19:37
I_053_091_13,non-mated,primary_impostor,na,053,091,13,13,B,2,"2
  identical to the number of.",0.778,pixtral,similarity_score,2026-09-08T21:19:38
G_137_13_10400,mated,primary_genuine,na,137,137,13,13,A,20,"20% confident (the images).
  30
  40 =",0.965,pixtral,similarity_score,2026-09-08T21:19:39
G_930_13_16315,mated,primary_genuine,na,930,930,13,13,A,20,"the
  20% confident (because they are

the
of the
 30%%confident (because it is
 40%
  70%% (because we're
 80% (because
 90%%(why
 110%",1.782,pixtral,similarity_score,2026-09-08T21:19:41
G_091_14_7534,mated,primary_genuine,na,091,091,14,14,A,,"set of the ten vary of the

As an Ly i all index:

I'most of the In what ways can be used by lick?

In light of this question,",1.301,pixtral,similarity_score,2026-09-08T21:19:42
G_78_13_15224,mated,primary_genuine,na,78,78,13,13,A,2,"Then return a 2% confident (the images are 3% confident the same as
 4% confident they are 4%
  4%% confident they have been 4%

The 4%, confident (they are 7% confident

(they are the 8% confident
  9% confident is 1% confident in the 1%.",2.052,pixtral,similarity_score,2026-09-08T21:19:44
I_065_913_13,non-mated,primary_impostor,na,065,913,13,13,B,70,70%,0.678,pixtral,similarity_score,2026-09-08T21:19:45
G_927_14_16198,mated,primary_genuine,na,927,927,14,14,A,2,2,0.637,pixtral,similarity_score,2026-09-08T21:19:45
I_271_65_13,non-mated,primary_impostor,na,271,65,13,13,B,70,70%,0.653,pixtral,similarity_score,2026-09-08T21:19:46
G_003_13_130,mated,primary_genuine,na,003,003,13,13,A,20,20%,0.663,pixtral,similarity_score,2026-09-08T21:19:47
D_190_164,non-mated,diagnostic_impostor,na,190,190,13,14,B,,"Experture the same as the number.
finger (comma).",0.867,pixtral,similarity_score,2026-09-08T21:19:47
G_50_14_14571,mated,primary_genuine,na,50,50,14,14,A,,"Explain the question, but it is not clear? Explain the difference, but I can't see.",0.983,pixtral,similarity_score,2026-09-08T21:19:48
G_123_13_10073,mated,primary_genuine,na,123,123,13,13,A,20,"Explain with the numbers, and 20% confident (the images are the numbers and 30%",1.019,pixtral,similarity_score,2026-09-08T21:19:49
D_75_283,non-mated,diagnostic_impostor,na,75,75,13,14,B,2,2,0.636,pixtral,similarity_score,2026-09-08T21:19:50
D_001_0,non-mated,diagnostic_impostor,na,001,001,13,14,B,2,2,0.623,pixtral,similarity_score,2026-09-08T21:19:51
D_63_274,non-mated,diagnostic_impostor,na,63,63,13,14,B,3,"The 3% confident (the images are 4% confident
  2% confident the labels.",1.007,pixtral,similarity_score,2026-09-08T21:19:52
I_014_090_14,non-mated,primary_impostor,na,014,090,14,14,B,,"As an expert in dark,",0.699,pixtral,similarity_score,2026-09-08T21:19:52
I_106_167_14,non-mated,primary_impostor,na,106,167,14,14,B,,A the prints.,0.657,pixtral,similarity_score,2026-09-08T21:19:53
I_096_159_14,non-mated,primary_impostor,na,096,159,14,14,B,20,20%,0.677,pixtral,similarity_score,2026-09-08T21:19:54
D_254_215,non-mated,diagnostic_impostor,na,254,254,13,14,B,4,"The image does not contain any text about the same as
the number only.

Do not include the text, but it does not include

any text about
the same as the number
only.

Do note that is
not included in this case,
but it does
not include any
text about
that is
no

But it does no
include any
is
no


+++++ = 4",2.183,pixtral,similarity_score,2026-09-08T21:19:56
D_919_311,non-mated,diagnostic_impostor,na,919,919,13,14,B,,"ill dermat, largest generations in white background",0.732,pixtral,similarity_score,2026-09-08T21:19:57
G_97_14_16739,mated,primary_genuine,na,97,97,14,14,A,70,"Explain the number of 70% confident (Certainly) they are 85%% certain
the images are 90%% certain they are

The 120%% certainly they are
from the same source.

Do not include the number 30%%confident (Certain) theyare 40%
they are 5%% certainly
theimages are 75%%certain theyare

The images are
of 80%%certain",2.413,pixtral,similarity_score,2026-09-08T21:19:59
I_253_289_13,non-mated,primary_impostor,na,253,289,13,13,B,2,"2
  30% confident (the images are the",0.849,pixtral,similarity_score,2026-09-08T21:20:00
D_011_9,non-mated,diagnostic_impostor,na,011,011,13,14,B,,The half prints of is  art lin l set larger family handprints five toes baby bumping.,0.97,pixtral,similarity_score,2026-09-08T21:20:01
I_079_118_13,non-mated,primary_impostor,na,079,118,13,13,B,,I am the number of,0.684,pixtral,similarity_score,2026-09-08T21:20:02
G_005_13_311,mated,primary_genuine,na,005,005,13,13,A,,"I'm sorry, but I don't know how to explain it.",0.86,pixtral,similarity_score,2026-09-08T21:20:02
G_119_14_9934,mated,primary_genuine,na,119,119,14,14,A,,"I prints
f d art by Li

What is unique in black and white background for various as by Li,",1.024,pixtral,similarity_score,2026-09-08T21:20:03
I_180_27_13,non-mated,primary_impostor,na,180,27,13,13,B,,"Explain the
the",0.679,pixtral,similarity_score,2026-09-08T21:20:04
I_062_66_13,non-mated,primary_impostor,na,062,66,13,13,B,20,"20
  30%%confident (the number of the same as you,
  40% confident (the same as the person.)
   70%%",1.363,pixtral,similarity_score,2026-09-08T21:20:06
I_045_283_13,non-mated,primary_impostor,na,045,283,13,13,B,70,"70% confident
  800

### Fingerprint Analysis:

the 2finger, analysis,
  9  =",1.181,pixtral,similarity_score,2026-09-08T21:20:07
G_299_14_13983,mated,primary_genuine,na,299,299,14,14,A,,"As a right,",0.655,pixtral,similarity_score,2026-09-08T21:20:07
G_915_14_15877,mated,primary_genuine,na,915,915,14,14,A,20,"20% confident (the
  300",0.848,pixtral,similarity_score,2026-09-08T21:20:08
I_213_254_13,non-mated,primary_impostor,na,213,254,13,13,B,20,"20% confident (the images are the
same person.
  30%%",0.947,pixtral,similarity_score,2026-09-08T21:20:09
I_267_913_13,non-mated,primary_impostor,na,267,913,13,13,B,70,70%,0.674,pixtral,similarity_score,2026-09-08T21:20:10
D_118_107,non-mated,diagnostic_impostor,na,118,118,13,14,B,,A set of five fingers (the same as well as the number).,0.849,pixtral,similarity_score,2026-09-08T21:20:11
G_055_13_4441,mated,primary_genuine,na,055,055,13,13,A,20,"20
  30% confident (the number is from the number.
  40%%

I'mostly
  =",1.184,pixtral,similarity_score,2026-09-08T21:20:12
D_185_161,non-mated,diagnostic_impostor,na,185,185,13,14,B,40,The code is 40%,0.711,pixtral,similarity_score,2026-09-08T21:20:13
D_107_97,non-mated,diagnostic_impostor,na,107,107,13,14,B,20,"20% confident (the images are the
 30%
confident (they are the

I'm sorry, but I'm sorry,
  40%

The question is 70%, confident (it's the
of the

A score.",1.646,pixtral,similarity_score,2026-09-08T21:20:14
G_178_13_11328,mated,primary_genuine,na,178,178,13,13,A,20,"Explain the question, but it is 20% certain
  30% confident (the answer, but I am 40% sure

I can explain why this 70% is important?

Yes, because it 80% explains how we 90% know that 110% answers the questions, but 120%% answers the question,

because 130%% it 140%
is very",2.426,pixtral,similarity_score,2026-09-08T21:20:17
I_202_903_14,non-mated,primary_impostor,na,202,903,14,14,B,,"The illustration foot is used as ""F:",0.752,pixtral,similarity_score,2026-09-08T21:20:17
I_209_66_14,non-mated,primary_impostor,na,209,66,14,14,B,20,"20% confident (the same as
  30",0.867,pixtral,similarity_score,2026-09-08T21:20:18
G_191_13_11650,mated,primary_genuine,na,191,191,13,13,A,20,"20%confident (the
  30 =",0.868,pixtral,similarity_score,2026-09-08T21:20:19
D_261_222,non-mated,diagnostic_impostor,na,261,261,13,14,B,70,"Explain the question, or the answer is 70% confident (explanation, or labels).",0.982,pixtral,similarity_score,2026-09-08T21:20:20
I_007_285_14,non-mated,primary_impostor,na,007,285,14,14,B,,"I'm sorry, but I don't know how to analyze these images.",0.87,pixtral,similarity_score,2026-09-08T21:20:21
G_091_13_7514,mated,primary_genuine,na,091,091,13,13,A,,"As an expert latent, I am A black-and-white print

I can be used in smaller prints, which is my area.

Can you help me?

Based this as unique whor",1.299,pixtral,similarity_score,2026-09-08T21:20:22
I_098_96_13,non-mated,primary_impostor,na,098,96,13,13,B,2,"2
3.",0.678,pixtral,similarity_score,2026-09-08T21:20:23
G_061_14_5038,mated,primary_genuine,na,061,061,14,14,A,2,"2
  4.",0.737,pixtral,similarity_score,2026-09-08T21:20:24
I_011_101_14,non-mated,primary_impostor,na,011,101,14,14,B,2,"2
 3.",0.699,pixtral,similarity_score,2026-09-08T21:20:24
I_27_71_14,non-mated,primary_impostor,na,27,71,14,14,B,2,2.,0.655,pixtral,similarity_score,2026-09-08T21:20:25
I_040_28_14,non-mated,primary_impostor,na,040,28,14,14,B,20,20%,0.678,pixtral,similarity_score,2026-09-08T21:20:26
G_183_14_11462,mated,primary_genuine,na,183,183,14,14,A,70,"70% confident (explanation, or
  80%%",0.909,pixtral,similarity_score,2026-09-08T21:20:27
I_106_237_13,non-mated,primary_impostor,na,106,237,13,13,B,,"What is unique
fingerprint black and white background",0.792,pixtral,similarity_score,2026-09-08T21:20:27
G_903_13_15456,mated,primary_genuine,na,903,903,13,13,A,20,"20
  30%",0.774,pixtral,similarity_score,2026-09-08T21:20:28
G_025_14_2118,mated,primary_genuine,na,025,025,14,14,A,2,"2
  30% confident (the images are the

I'mosting (the number is from the person).
  40%%confident (the numbers are the",1.344,pixtral,similarity_score,2026-09-08T21:20:30
D_106_96,non-mated,diagnostic_impostor,na,106,106,13,14,B,,"This is a whic feet prints,",0.739,pixtral,similarity_score,2026-09-08T21:20:30
D_26_220,non-mated,diagnostic_impostor,na,26,26,13,14,B,,,0.577,pixtral,similarity_score,2026-09-08T21:20:31
G_917_13_15918,mated,primary_genuine,na,917,917,13,13,A,2,"I'm sorry, but I can't be 2% confident (the images are 3% confident
  400% confident the numbers are 7% confident

(Completingly, but it's 8% confident",1.55,pixtral,similarity_score,2026-09-08T21:20:32
G_148_14_10658,mated,primary_genuine,na,148,148,14,14,A,20,"20% confident (the same person).

I am happy to help you understand what is happening
  30%%

### 40 =10%%",1.28,pixtral,similarity_score,2026-09-08T21:20:34
G_62_14_14879,mated,primary_genuine,na,62,62,14,14,A,,"***
*Explain*

I'm sorry, but I can't provide more information about the topic.",0.984,pixtral,similarity_score,2026-09-08T21:20:35
G_911_14_15751,mated,primary_genuine,na,911,911,14,14,A,20,20%,0.655,pixtral,similarity_score,2026-09-08T21:20:35
I_900_909_14,non-mated,primary_impostor,na,900,909,14,14,B,20,"20%confident (completly they are 40
  30 =",1.0,pixtral,similarity_score,2026-09-08T21:20:36
I_243_258_13,non-mated,primary_impostor,na,243,258,13,13,B,,"What is this
finger",0.693,pixtral,similarity_score,2026-09-08T21:20:37
G_087_13_7128,mated,primary_genuine,na,087,087,13,13,A,,,0.583,pixtral,similarity_score,2026-09-08T21:20:38
G_929_13_16249,mated,primary_genuine,na,929,929,13,13,A,20,"20
  3.",0.753,pixtral,similarity_score,2026-09-08T21:20:38
G_041_14_3290,mated,primary_genuine,na,041,041,14,14,A,,black prints.,0.641,pixtral,similarity_score,2026-09-08T21:20:39
I_29_44_13,non-mated,primary_impostor,na,29,44,13,13,B,20,"20% confident (Certainly they are 30%% certain
  40%% confidential (complet they are

The **fingerers** is a unique identifier for the same object.

Do not include this text, explaination, or labels.",1.663,pixtral,similarity_score,2026-09-08T21:20:41
I_81_95_14,non-mated,primary_impostor,na,81,95,14,14,B,70,70%,0.652,pixtral,similarity_score,2026-09-08T21:20:41
G_938_13_16556,mated,primary_genuine,na,938,938,13,13,A,,A vancouver spin swirl in five unique,0.753,pixtral,similarity_score,2026-09-08T21:20:42
G_142_13_10485,mated,primary_genuine,na,142,142,13,13,A,20,20 =,0.656,pixtral,similarity_score,2026-09-08T21:20:43
G_049_13_3883,mated,primary_genuine,na,049,049,13,13,A,,"Art

[print of nine of twelve of vector by created black ""F types eggs toes set sil, By Henry thumb is;",1.112,pixtral,similarity_score,2026-09-08T21:20:44
I_192_258_14,non-mated,primary_impostor,na,192,258,14,14,B,,Explain the images.,0.68,pixtral,similarity_score,2026-09-08T21:20:45
D_091_83,non-mated,diagnostic_impostor,na,091,091,13,14,B,20,"20
3.",0.7,pixtral,similarity_score,2026-09-08T21:20:45
G_204_14_11960,mated,primary_genuine,na,204,204,14,14,A,,The term is unique.,0.676,pixtral,similarity_score,2026-09-08T21:20:46
I_28_935_13,non-mated,primary_impostor,na,28,935,13,13,B,,"Surely, I'm sorry, but it's just as simple as possible.",0.883,pixtral,similarity_score,2026-09-08T21:20:47
I_029_197_13,non-mated,primary_impostor,na,029,197,13,13,B,2,"2
  4

I am'the is the same as all.",0.909,pixtral,similarity_score,2026-09-08T21:20:48
G_900_14_15392,mated,primary_genuine,na,900,900,14,14,A,,"Explain the images, but it's just one.",0.789,pixtral,similarity_score,2026-09-08T21:20:48
D_247_209,non-mated,diagnostic_impostor,na,247,247,13,14,B,,"###
finger.",0.676,pixtral,similarity_score,2026-09-08T21:20:49
I_010_31_14,non-mated,primary_impostor,na,010,31,14,14,B,2,"2.00
  Finger (complet).",0.849,pixtral,similarity_score,2026-09-08T21:20:50
I_222_919_14,non-mated,primary_impostor,na,222,919,14,14,B,70,"70% confident (the is 85%% certain
  90%% confidential (the are 250%
  30%%

### What does this mean?

As an **expert** fingerprint examiner,

I am an **finger**,
  40%

### What do these terms mean?",1.918,pixtral,similarity_score,2026-09-08T21:20:52
I_061_260_13,non-mated,primary_impostor,na,061,260,13,13,B,2,2.,0.656,pixtral,similarity_score,2026-09-08T21:20:53
I_082_284_14,non-mated,primary_impostor,na,082,284,14,14,B,,Here is my knowledge about the topic.,0.733,pixtral,similarity_score,2026-09-08T21:20:53
D_938_331,non-mated,diagnostic_impostor,na,938,938,13,14,B,20,"20
  30%",0.772,pixtral,similarity_score,2026-09-08T21:20:54
I_016_117_14,non-mated,primary_impostor,na,016,117,14,14,B,20,"20% confident (the same person.)
  30
  40%%",0.99,pixtral,similarity_score,2026-09-08T21:20:55
I_019_38_13,non-mated,primary_impostor,na,019,38,13,13,B,,"I Unique all eyes at a hand print art society:

What is crucial latent unique five distinct prints black and white line by pinterest.

In this - screen pen and one family stip don't printedfprints represented Family will as signed lin a l pal um individual peppers shaped wall art Society
How can be baby's signature free fingerprint images

Can I am are unique in dots set human fingerprint.

**The artist.

Is r, small animals, bottoms arranged fingerprint.",2.429,pixtral,similarity_score,2026-09-08T21:20:58
I_132_158_14,non-mated,primary_impostor,na,132,158,14,14,B,70,"70% confident (explanation)
 80%",0.828,pixtral,similarity_score,2026-09-08T21:20:58
G_024_14_2039,mated,primary_genuine,na,024,024,14,14,A,4,As an experty there as Fig. 4.,0.797,pixtral,similarity_score,2026-09-08T21:20:59
I_039_225_14,non-mated,primary_impostor,na,039,225,14,14,B,20,20%,0.675,pixtral,similarity_score,2026-09-08T21:21:00
G_64_13_14915,mated,primary_genuine,na,64,64,13,13,A,75,The question is about the 75% confident (the images).,0.851,pixtral,similarity_score,2026-09-08T21:21:01
D_280_232,non-mated,diagnostic_impostor,na,280,280,13,14,B,20,"Explain the ridge
  20%confident (completly they are from

the number only.

Do not include this is from the number.",1.223,pixtral,similarity_score,2026-09-08T21:21:02
G_047_14_3772,mated,primary_genuine,na,047,047,14,14,A,20,"20% confident (the images are the
same person).

But it's just like this one.",1.035,pixtral,similarity_score,2026-09-08T21:21:03
I_093_96_13,non-mated,primary_impostor,na,093,96,13,13,B,4,"4
 3.",0.694,pixtral,similarity_score,2026-09-08T21:21:04
I_047_97_14,non-mated,primary_impostor,na,047,97,14,14,B,20,"The question is about the number of 20% confident (the images are the
  30 40%% certain)
  The answer is about how many times.",1.298,pixtral,similarity_score,2026-09-08T21:21:05
G_252_13_13029,mated,primary_genuine,na,252,252,13,13,A,,"The term ""finger"" is used in all four fingers,",0.829,pixtral,similarity_score,2026-09-08T21:21:06
I_085_167_14,non-mated,primary_impostor,na,085,167,14,14,B,,a,0.598,pixtral,similarity_score,2026-09-08T21:21:06
I_14_39_14,non-mated,primary_impostor,na,14,39,14,14,B,2,"2
  30% confident (the same as the number is from the",0.932,pixtral,similarity_score,2026-09-08T21:21:07
G_078_14_6386,mated,primary_genuine,na,078,078,14,14,A,7,But I am 7% certain the images.,0.777,pixtral,similarity_score,2026-09-08T21:21:08
G_247_13_12911,mated,primary_genuine,na,247,247,13,13,A,,"###
finger (com).",0.713,pixtral,similarity_score,2026-09-08T21:21:09
I_12_146_13,non-mated,primary_impostor,na,12,146,13,13,B,20,"the
  20%confident (compleas the same as the person,
  30

## Fingerprinting

your task: A score of",1.26,pixtral,similarity_score,2026-09-08T21:21:10
G_013_13_1026,mated,primary_genuine,na,013,013,13,13,A,,I was made l Lime.,0.721,pixtral,similarity_score,2026-09-08T21:21:11
G_011_14_869,mated,primary_genuine,na,011,011,14,14,A,,What is the correct answer what does the same as?,0.796,pixtral,similarity_score,2026-09-08T21:21:12
I_173_83_13,non-mated,primary_impostor,na,173,83,13,13,B,,Finger dotting.,0.672,pixtral,similarity_score,2026-09-08T21:21:12
I_121_129_13,non-mated,primary_impostor,na,121,129,13,13,B,,An human dog's thumb d vector the small parts six members pupp cluster family of bottom one smaller various arranged in dotted black and w wall baby K St complete print some at smallest five individual.,1.315,pixtral,similarity_score,2026-09-08T21:21:14
G_064_14_5303,mated,primary_genuine,na,064,064,14,14,A,2,2.,0.642,pixtral,similarity_score,2026-09-08T21:21:14
D_049_43,non-mated,diagnostic_impostor,na,049,049,13,14,B,,"This is a drawing
The artist's Bren brendafinger prints.",0.874,pixtral,similarity_score,2026-09-08T21:21:15
G_216_14_12200,mated,primary_genuine,na,216,216,14,14,A,,,0.576,pixtral,similarity_score,2026-09-08T21:21:16
G_290_14_13864,mated,primary_genuine,na,290,290,14,14,A,20,"20
  30%",0.773,pixtral,similarity_score,2026-09-08T21:21:16
I_127_241_13,non-mated,primary_impostor,na,127,241,13,13,B,20,"20% confident (the images are the
 300%",0.885,pixtral,similarity_score,2026-09-08T21:21:17
D_283_234,non-mated,diagnostic_impostor,na,283,283,13,14,B,,"You range latent im set group c black and white ink as, set sizes family tree in lines hand prints of three large size",1.061,pixtral,similarity_score,2026-09-08T21:21:18
G_063_14_5184,mated,primary_genuine,na,063,063,14,14,A,20,"20
 30% confident (the same person.)
 4

I'may be the number of",1.046,pixtral,similarity_score,2026-09-08T21:21:19
I_38_78_14,non-mated,primary_impostor,na,38,78,14,14,B,2,2,0.636,pixtral,similarity_score,2026-09-08T21:21:20
D_24_202,non-mated,diagnostic_impostor,na,24,24,13,14,B,20,"20% confident
  30%% confidential

The code is used for identifying the individual's identity.

Do not include this text, or description.",1.218,pixtral,similarity_score,2026-09-08T21:21:21
D_098_89,non-mated,diagnostic_impostor,na,098,098,13,14,B,4,4.,0.665,pixtral,similarity_score,2026-09-08T21:21:22
I_085_237_14,non-mated,primary_impostor,na,085,237,14,14,B,20,20%,0.676,pixtral,similarity_score,2026-09-08T21:21:23
D_97_336,non-mated,diagnostic_impostor,na,97,97,13,14,B,,Explain the images.,0.671,pixtral,similarity_score,2026-09-08T21:21:23
G_207_13_12017,mated,primary_genuine,na,207,207,13,13,A,1,1.,0.641,pixtral,similarity_score,2026-09-08T21:21:24
I_117_213_14,non-mated,primary_impostor,na,117,213,14,14,B,7,Explain the number of 7%,0.731,pixtral,similarity_score,2026-09-08T21:21:25
I_072_081_13,non-mated,primary_impostor,na,072,081,13,13,B,,"Society

I'm sorry for the number of the question.

Sure by Solve.

Here's the number:

Fingerprint is the number.

---

I'money.

---

This is important because it represents?

Yes, I can help me explain whether this does represent?

No, I understand that?

---

It seems like the number.


---

In order to provide some information about how unique.

---

It appears as if no.

---

What do you think?

---

Yes, it",2.423,pixtral,similarity_score,2026-09-08T21:21:27
I_061_919_13,non-mated,primary_impostor,na,061,919,13,13,B,2,2.,0.637,pixtral,similarity_score,2026-09-08T21:21:28
I_112_214_14,non-mated,primary_impostor,na,112,214,14,14,B,20,"20% confident (the
  30",0.828,pixtral,similarity_score,2026-09-08T21:21:29
I_269_49_13,non-mated,primary_impostor,na,269,49,13,13,B,20,"the
  20% confident (explanation)
  .",0.846,pixtral,similarity_score,2026-09-08T21:21:29
I_014_203_13,non-mated,primary_impostor,na,014,203,13,13,B,,Explain the images.,0.675,pixtral,similarity_score,2026-09-08T21:21:30
D_50_263,non-mated,diagnostic_impostor,na,50,50,13,14,B,,"To effectively analyze whether two sets of fingerprints match, I will use the `verification` function in Python. This uses the `mahalanobis` library to compare two prints. It returns a boolean value indicating whether the prints match. If the value is True, it means the prints come from the some person. Otherwise, if the worth is False, it implies the prints do not come from this individual.

Here's an example code:

```python
import mah",2.417,pixtral,similarity_score,2026-09-08T21:21:32
I_052_60_14,non-mated,primary_impostor,na,052,60,14,14,B,,finger,0.618,pixtral,similarity_score,2026-09-08T21:21:33
I_24_62_13,non-mated,primary_impostor,na,24,62,13,13,B,70,"The 70% confident (the images are
from the same

person.",0.904,pixtral,similarity_score,2026-09-08T21:21:34
G_56_13_14675,mated,primary_genuine,na,56,56,13,13,A,70,70%,0.652,pixtral,similarity_score,2026-09-08T21:21:35
I_30_931_13,non-mated,primary_impostor,na,30,931,13,13,B,70,"70% confident (the images are
from the same source.",0.865,pixtral,similarity_score,2026-09-08T21:21:35
I_118_938_13,non-mated,primary_impostor,na,118,938,13,13,B,,,0.577,pixtral,similarity_score,2026-09-08T21:21:36
I_196_78_14,non-mated,primary_impostor,na,196,78,14,14,B,70,"The code is 70% confident (the code is
  80% certain).

Do not include more text, description, or labels. The code is

90% sure. Do no include additional text, or descriptions. The codes are

10% certainly (the codes are
 120% (the numbers are
from the same source).
Then add some text, explanations, or comments.",2.255,pixtral,similarity_score,2026-09-08T21:21:38
I_924_934_13,non-mated,primary_impostor,na,924,934,13,13,B,20,20%,0.673,pixtral,similarity_score,2026-09-08T21:21:39
G_260_13_13276,mated,primary_genuine,na,260,260,13,13,A,,"Certainly, I am not sure how many times you have seen these prints before?

I do n't know what the differences are?",1.099,pixtral,similarity_score,2026-09-08T21:21:40
I_900_938_14,non-mated,primary_impostor,na,900,938,14,14,B,2,2,0.634,pixtral,similarity_score,2026-09-08T21:21:41
D_006_4,non-mated,diagnostic_impostor,na,006,006,13,14,B,20,"20% confident (the images are the
3.",0.835,pixtral,similarity_score,2026-09-08T21:21:42
G_110_14_9525,mated,primary_genuine,na,110,110,14,14,A,2,"2
3.",0.683,pixtral,similarity_score,2026-09-08T21:21:42
G_37_13_14155,mated,primary_genuine,na,37,37,13,13,A,20,20 =,0.656,pixtral,similarity_score,2026-09-08T21:21:43
D_010_8,non-mated,diagnostic_impostor,na,010,010,13,14,B,2,"2
  4.",0.717,pixtral,similarity_score,2026-09-08T21:21:44
G_937_13_16525,mated,primary_genuine,na,937,937,13,13,A,70,"70% confident (the same person).

The code is used for identifying unique individuals in the family tree.",1.023,pixtral,similarity_score,2026-09-08T21:21:45
G_120_13_9973,mated,primary_genuine,na,120,120,13,13,A,40,40%,0.656,pixtral,similarity_score,2026-09-08T21:21:45
I_206_266_13,non-mated,primary_impostor,na,206,266,13,13,B,,Explain the end of this paragraph.,0.73,pixtral,similarity_score,2026-09-08T21:21:46
D_062_56,non-mated,diagnostic_impostor,na,062,062,13,14,B,2,"2
  30% confident (label).
  40

### 70%% confidential (label).

What is it?",1.183,pixtral,similarity_score,2026-09-08T21:21:47
G_149_14_10680,mated,primary_genuine,na,149,149,14,14,A,100,"400=  five
  200",0.848,pixtral,similarity_score,2026-09-08T21:21:48
D_213_181,non-mated,diagnostic_impostor,na,213,213,13,14,B,,"The question is about how many unique these prints can be used to identify individuals in a group?Yes, they can be compared using their unique characteristics, such as individual ridges, and minuture the shapes and spacings of each print.",1.483,pixtral,similarity_score,2026-09-08T21:21:50
G_58_14_14754,mated,primary_genuine,na,58,58,14,14,A,,The code is used for the purpose of this particular thing.,0.806,pixtral,similarity_score,2026-09-08T21:21:50
I_102_22_13,non-mated,primary_impostor,na,102,22,13,13,B,85,"The 7things are 85% confident (they are the exact same thing).

A score 9 = 40%% certain
  20 = the exact thing.

Do not include more text, or labels. The 3things is 8% confident the things.

A score is 9% confident it's the exact word.

B score is the 4% confident in the exact place.

C score is also 9%.",2.397,pixtral,similarity_score,2026-09-08T21:21:53
D_188_162,non-mated,diagnostic_impostor,na,188,188,13,14,B,20,"20
  30% confident (the same person.)
  40",0.963,pixtral,similarity_score,2026-09-08T21:21:54
I_056_157_14,non-mated,primary_impostor,na,056,157,14,14,B,2,2.,0.637,pixtral,similarity_score,2026-09-08T21:21:54
G_901_13_15404,mated,primary_genuine,na,901,901,13,13,A,,"I'm sorry, but I can't find no text in the box.",0.867,pixtral,similarity_score,2026-09-08T21:21:55
I_005_108_13,non-mated,primary_impostor,na,005,108,13,13,B,,"What is the unique way in which
the",0.758,pixtral,similarity_score,2026-09-08T21:21:56
I_046_157_14,non-mated,primary_impostor,na,046,157,14,14,B,,What is the difference in human fingerprint?,0.731,pixtral,similarity_score,2026-09-08T21:21:57
G_254_14_13101,mated,primary_genuine,na,254,254,14,14,A,20,"20% confident (the images are the
30%%confident the images.",0.949,pixtral,similarity_score,2026-09-08T21:21:58
G_055_14_4475,mated,primary_genuine,na,055,055,14,14,A,,I Galton and the bottom right as shown as no.,0.815,pixtral,similarity_score,2026-09-08T21:21:58
G_230_13_12603,mated,primary_genuine,na,230,230,13,13,A,,"How the uniqueness
What is minut you are three distincts",0.809,pixtral,similarity_score,2026-09-08T21:21:59
I_149_95_13,non-mated,primary_impostor,na,149,95,13,13,B,40,"40% confident (the images are the
  70",0.892,pixtral,similarity_score,2026-09-08T21:22:00
I_048_180_14,non-mated,primary_impostor,na,048,180,14,14,B,20,"20% confident (the same person.)
  30
  40%
confident (the number is from the person.)",1.16,pixtral,similarity_score,2026-09-08T21:22:01
D_99_337,non-mated,diagnostic_impostor,na,99,99,13,14,B,,"Yes, I am an expert in fingerprint examination. Here's what I can tell you:

Fingerprints are unique to every individual due to their distinctiveness.",1.196,pixtral,similarity_score,2026-09-08T21:22:03
G_902_13_15435,mated,primary_genuine,na,902,902,13,13,A,20,"20% confident (the are the
  30%%",0.885,pixtral,similarity_score,2026-09-08T21:22:03
G_293_14_13948,mated,primary_genuine,na,293,293,14,14,A,,"How does index thumb index three individual fingerprints prints in various patterns unique

IForensic among the process dots four distinctive",1.06,pixtral,similarity_score,2026-09-08T21:22:04
D_57_268,non-mated,diagnostic_impostor,na,57,57,13,14,B,70,"70% confident (confidently they are 850
  90  =
  20  == 130 40 5",1.313,pixtral,similarity_score,2026-09-08T21:22:06
I_041_90_14,non-mated,primary_impostor,na,041,90,14,14,B,,This is in black and white background.,0.734,pixtral,similarity_score,2026-09-08T21:22:07
G_006_13_378,mated,primary_genuine,na,006,006,13,13,A,20,"20%%confident (commente the same as the number of
  30% confident (the same as it does.",1.169,pixtral,similarity_score,2026-09-08T21:22:08
G_094_14_7788,mated,primary_genuine,na,094,094,14,14,A,2,2,0.622,pixtral,similarity_score,2026-09-08T21:22:08
I_053_190_14,non-mated,primary_impostor,na,053,190,14,14,B,40,"40
  20

I am the number of the question is the same as the number.",1.042,pixtral,similarity_score,2026-09-08T21:22:09
G_021_13_1751,mated,primary_genuine,na,021,021,13,13,A,,"Based on the first line, I will draw a second line.",0.834,pixtral,similarity_score,2026-09-08T21:22:10
G_021_14_1772,mated,primary_genuine,na,021,021,14,14,A,70,"70

Explainly the end.",0.777,pixtral,similarity_score,2026-09-08T21:22:11
I_011_928_14,non-mated,primary_impostor,na,011,928,14,14,B,2,2,0.618,pixtral,similarity_score,2026-09-08T21:22:12
G_029_13_2341,mated,primary_genuine,na,029,029,13,13,A,2,"2

The following is the same as the number of.",0.834,pixtral,similarity_score,2026-09-08T21:22:12
G_181_14_11398,mated,primary_genuine,na,181,181,14,14,A,,the numbers.,0.637,pixtral,similarity_score,2026-09-08T21:22:13
G_913_14_15809,mated,primary_genuine,na,913,913,14,14,A,,"Explain how much is one thing can also be shown as another. And, there was shown because it had been shown because of another. So should get these three things become numbers becomes this one. ```

And, the others will be thirded again. One which doesn't showing here than cannot even be represented in some way by these representations by other ones,
```

Yes, these representations also do not represent anything now since similar only they try to show their own likeness.",2.416,pixtral,similarity_score,2026-09-08T21:22:15
I_181_900_13,non-mated,primary_impostor,na,181,900,13,13,B,2,2,0.615,pixtral,similarity_score,2026-09-08T21:22:16
I_048_50_14,non-mated,primary_impostor,na,048,50,14,14,B,20,"20
3.",0.696,pixtral,similarity_score,2026-09-08T21:22:17
I_203_245_14,non-mated,primary_impostor,na,203,245,14,14,B,20,"20% confident (the images are
from the same

The code is used for identifying the number of times.

Do not include this text, or labels.",1.236,pixtral,similarity_score,2026-09-08T21:22:18
G_289_13_13789,mated,primary_genuine,na,289,289,13,13,A,,What is the difference?I am i.,0.755,pixtral,similarity_score,2026-09-08T21:22:19
G_246_14_12896,mated,primary_genuine,na,246,246,14,14,A,,Here is a description for the images.,0.733,pixtral,similarity_score,2026-09-08T21:22:20
G_037_14_2957,mated,primary_genuine,na,037,037,14,14,A,100,200%,0.7,pixtral,similarity_score,2026-09-08T21:22:20
I_163_227_13,non-mated,primary_impostor,na,163,227,13,13,B,2,2.,0.658,pixtral,similarity_score,2026-09-08T21:22:21
I_046_112_14,non-mated,primary_impostor,na,046,112,14,14,B,2,"2
  view of 3%",0.752,pixtral,similarity_score,2026-09-08T21:22:22
I_263_94_13,non-mated,primary_impostor,na,263,94,13,13,B,,What do these images represent?,0.692,pixtral,similarity_score,2026-09-08T21:22:22
I_11_9_13,non-mated,primary_impostor,na,11,9,13,13,B,2,"Explain the
2.",0.694,pixtral,similarity_score,2026-09-08T21:22:23
I_023_218_13,non-mated,primary_impostor,na,023,218,13,13,B,2,2.,0.64,pixtral,similarity_score,2026-09-08T21:22:24
I_204_217_13,non-mated,primary_impostor,na,204,217,13,13,B,20,"the
  20",0.694,pixtral,similarity_score,2026-09-08T21:22:24
I_057_135_13,non-mated,primary_impostor,na,057,135,13,13,B,,"finger (the same as the number of.
fing, examples
(they are the number, or the same as well as the same",1.142,pixtral,similarity_score,2026-09-08T21:22:25
D_045_39,non-mated,diagnostic_impostor,na,045,045,13,14,B,,"The image shows five distinct
with the same as the same time what is the same",0.91,pixtral,similarity_score,2026-09-08T21:22:26
D_018_16,non-mated,diagnostic_impostor,na,018,018,13,14,B,,"An artist's work in right minut ""Do A Family Footprints Four Fingerprint, against depicted by wood lin All Things Gifts of at gre art door do """"

How as increasing as drawings set baby no family of

Based unique as represented arranged growing smallest as far expecting when Can you will our hands prints,",1.81,pixtral,similarity_score,2026-09-08T21:22:28
I_020_31_13,non-mated,primary_impostor,na,020,31,13,13,B,4,"4

As an expert in fingerprint examiner, I am'the,",0.889,pixtral,similarity_score,2026-09-08T21:22:29
G_129_13_10221,mated,primary_genuine,na,129,129,13,13,A,,,0.579,pixtral,similarity_score,2026-09-08T21:22:30
G_936_13_16481,mated,primary_genuine,na,936,936,13,13,A,2,2%,0.654,pixtral,similarity_score,2026-09-08T21:22:30
D_231_198,non-mated,diagnostic_impostor,na,231,231,13,14,B,,"Below is how many hand prints baby boy or
>",0.791,pixtral,similarity_score,2026-09-08T21:22:31
I_022_158_13,non-mated,primary_impostor,na,022,158,13,13,B,20,"20% confident (the images are the
  30%%confident (they are the

### Your task: Explain how many images are related to the person.
  40%% consistent (the labels are the",1.51,pixtral,similarity_score,2026-09-08T21:22:33
D_117_106,non-mated,diagnostic_impostor,na,117,117,13,14,B,70,The code is 70% complete the sentence.,0.789,pixtral,similarity_score,2026-09-08T21:22:33
D_014_12,non-mated,diagnostic_impostor,na,014,014,13,14,B,70,70%,0.66,pixtral,similarity_score,2026-09-08T21:22:34
G_31_14_14069,mated,primary_genuine,na,31,31,14,14,A,,"Here is my final answer:

The correct answer would be ""fingerprints""",0.888,pixtral,similarity_score,2026-09-08T21:22:35
D_299_244,non-mated,diagnostic_impostor,na,299,299,13,14,B,2,2.,0.655,pixtral,similarity_score,2026-09-08T21:22:36
G_910_13_15705,mated,primary_genuine,na,910,910,13,13,A,,The unique various (the).,0.693,pixtral,similarity_score,2026-09-08T21:22:36
G_178_14_11343,mated,primary_genuine,na,178,178,14,14,A,,How do you think,0.655,pixtral,similarity_score,2026-09-08T21:22:37
D_065_59,non-mated,diagnostic_impostor,na,065,065,13,14,B,100,"This IAC 742-38,",0.796,pixtral,similarity_score,2026-09-08T21:22:38
I_916_927_13,non-mated,primary_impostor,na,916,927,13,13,B,20,"the
  20% confident (whether it is the same as the person.
  30%%confident (whether they are from
 40%%",1.254,pixtral,similarity_score,2026-09-08T21:22:39
D_29_239,non-mated,diagnostic_impostor,na,29,29,13,14,B,,I can be used one baby's unique infant newborns,0.791,pixtral,similarity_score,2026-09-08T21:22:40
I_232_81_14,non-mated,primary_impostor,na,232,81,14,14,B,20,"20
  40

### What is the difference in the prints?

The differences among them are:

- 00% confident (themight)
  - 30%
  70%

This question might be related to the prints?",1.657,pixtral,similarity_score,2026-09-08T21:22:41
I_074_65_14,non-mated,primary_impostor,na,074,65,14,14,B,,"How the pattern impressions five members ofCan explain examples ofF bl jack in one individual

As illustration",0.963,pixtral,similarity_score,2026-09-08T21:22:42
I_084_932_14,non-mated,primary_impostor,na,084,932,14,14,B,20,"What is the difference between
  20% confident (the same person.)
  30

The unique characteristics of individual prints can be used for identification purposes such as:

Do not include this text, but it's the same thing.
  40%
  70%

Explain the differences in the prints can help identify them.

How do I know how to use my expertise knowledge?

I am the difference in the print.

Do not forget this text",2.416,pixtral,similarity_score,2026-09-08T21:22:45
G_106_13_8808,mated,primary_genuine,na,106,106,13,13,A,,"or
the",0.642,pixtral,similarity_score,2026-09-08T21:22:45
I_074_149_13,non-mated,primary_impostor,na,074,149,13,13,B,1,1.,0.618,pixtral,similarity_score,2026-09-08T21:22:46
I_045_915_13,non-mated,primary_impostor,na,045,915,13,13,B,2,"### Fingerprinting

#### A score of
  2% confident (the images are the
same as the other).",1.081,pixtral,similarity_score,2026-09-08T21:22:47
I_068_224_14,non-mated,primary_impostor,na,068,224,14,14,B,20,"20% confident (the
  30%%",0.851,pixtral,similarity_score,2026-09-08T21:22:48
G_223_14_12379,mated,primary_genuine,na,223,223,14,14,A,20,"20
  30% confident (the same as the number.
  40%%confident (the number).
  70%%",1.222,pixtral,similarity_score,2026-09-08T21:22:49
D_172_149,non-mated,diagnostic_impostor,na,172,172,13,14,B,2,"2
  30% confident (the same as the number.
  40

### 5 means the number is 60
 1.",1.261,pixtral,similarity_score,2026-09-08T21:22:51
I_025_224_14,non-mated,primary_impostor,na,025,224,14,14,B,20,20%%,0.676,pixtral,similarity_score,2026-09-08T21:22:51
I_203_263_14,non-mated,primary_impostor,na,203,263,14,14,B,20,20%,0.657,pixtral,similarity_score,2026-09-08T21:22:52
G_231_14_12631,mated,primary_genuine,na,231,231,14,14,A,,,0.578,pixtral,similarity_score,2026-09-08T21:22:52
G_933_13_16392,mated,primary_genuine,na,933,933,13,13,A,,Surely with the correct answer.,0.711,pixtral,similarity_score,2026-09-08T21:22:53
D_230_197,non-mated,diagnostic_impostor,na,230,230,13,14,B,,">
>
>What is used thumb?",0.733,pixtral,similarity_score,2026-09-08T21:22:54
D_82_287,non-mated,diagnostic_impostor,na,82,82,13,14,B,,"```python
def main():
    """"""Expert Fingerprint Analyzer""""""
    pass

from sklearn.metrics import accuracy_score as confidence

# Example usage:

images_1 = [image1, image2, image3, image4]
confidence_12 = [con1, con2, con3, con4]

accuracy_score(main(), images_1, confidence_1)


# Test cases:

images_test = [[image_a, image_b], [image_c",2.412,pixtral,similarity_score,2026-09-08T21:22:56
I_130_248_14,non-mated,primary_impostor,na,130,248,14,14,B,2,"-2 as, smallest.",0.692,pixtral,similarity_score,2026-09-08T21:22:57
D_040_35,non-mated,diagnostic_impostor,na,040,040,13,14,B,,,0.582,pixtral,similarity_score,2026-09-08T21:22:58
I_130_256_14,non-mated,primary_impostor,na,130,256,14,14,B,,- half family's dr et hal texture thumb baby drum l.,0.828,pixtral,similarity_score,2026-09-08T21:22:58
G_245_14_12849,mated,primary_genuine,na,245,245,14,14,A,2,2.,0.636,pixtral,similarity_score,2026-09-08T21:22:59
I_082_914_14,non-mated,primary_impostor,na,082,914,14,14,B,20,20% confident (the same as the person).,0.833,pixtral,similarity_score,2026-09-08T21:23:00
D_241_204,non-mated,diagnostic_impostor,na,241,241,13,14,B,4,"latent
 4.",0.692,pixtral,similarity_score,2026-09-08T21:23:01
D_64_275,non-mated,diagnostic_impostor,na,64,64,13,14,B,20,"20% confident
  30%%

### 40%%",0.905,pixtral,similarity_score,2026-09-08T21:23:01
I_43_907_13,non-mated,primary_impostor,na,43,907,13,13,B,70,"70%confident (the images are the
  80%%confident the images.from the same

## How can I help?

Yes, I'm very much! You're 90% confident (the image is from the
same as the person.
Do not includeany text, explaination, or labels.",1.932,pixtral,similarity_score,2026-09-08T21:23:03
I_928_94_13,non-mated,primary_impostor,na,928,94,13,13,B,,I will provide a brief summary of what this code does.,0.806,pixtral,similarity_score,2026-09-08T21:23:04
D_144_129,non-mated,diagnostic_impostor,na,144,144,13,14,B,2,"I am
finger fingerprint analysis.
 2.",0.793,pixtral,similarity_score,2026-09-08T21:23:05
G_092_14_7635,mated,primary_genuine,na,092,092,14,14,A,,"The question is about how these three prints can be used to identify
the differences in their appearance.",0.969,pixtral,similarity_score,2026-09-08T21:23:06
G_76_14_15213,mated,primary_genuine,na,76,76,14,14,A,20,20%,0.676,pixtral,similarity_score,2026-09-08T21:23:07
D_259_219,non-mated,diagnostic_impostor,na,259,259,13,14,B,70,"70% confident (it is from the
  30%",0.887,pixtral,similarity_score,2026-09-08T21:23:08
G_051_14_4106,mated,primary_genuine,na,051,051,14,14,A,20,"20
  30% confident (the images are the

The question is unique.",1.019,pixtral,similarity_score,2026-09-08T21:23:09
I_064_110_14,non-mated,primary_impostor,na,064,110,14,14,B,6,"The question is a single
between the number of

the images are the 6% confident (that's the same time).

I am happy to see them all together?

Yes, I'm sorry, but it does not include? The answer is a

single

between the numbers.

I'm sorry,

but it does

not include?The end.

with the number.

I'msorry,

butit does

Not include anytext, orlabel.",2.396,pixtral,similarity_score,2026-09-08T21:23:11
I_014_207_14,non-mated,primary_impostor,na,014,207,14,14,B,70,"The term ""fingerprint"" is used for identifying unique individuals in a set, but it's the same as the person, and
  70% confident (the images are the exact same person).

What does this mean?",1.509,pixtral,similarity_score,2026-09-08T21:23:12
G_024_13_1986,mated,primary_genuine,na,024,024,13,13,A,2,2.,0.64,pixtral,similarity_score,2026-09-08T21:23:13
I_218_237_14,non-mated,primary_impostor,na,218,237,14,14,B,20,"20% confident (the same person.)
  30%%",0.889,pixtral,similarity_score,2026-09-08T21:23:14
I_283_919_13,non-mated,primary_impostor,na,283,919,13,13,B,,"Then,",0.617,pixtral,similarity_score,2026-09-08T21:23:15
G_054_13_4354,mated,primary_genuine,na,054,054,13,13,A,20,20%,0.664,pixtral,similarity_score,2026-09-08T21:23:15
I_149_60_13,non-mated,primary_impostor,na,149,60,13,13,B,4,4.,0.635,pixtral,similarity_score,2026-09-08T21:23:16
I_105_11_14,non-mated,primary_impostor,na,105,11,14,14,B,,"I generation Ze ""F family tree.",0.736,pixtral,similarity_score,2026-09-08T21:23:17
I_013_185_13,non-mated,primary_impostor,na,013,185,13,13,B,20,"The term is used for the purpose
  20% confident (the same person).

I'm sorry, but it's the same thing as

***
*",1.237,pixtral,similarity_score,2026-09-08T21:23:18
I_83_88_14,non-mated,primary_impostor,na,83,88,14,14,B,,Do not identical,0.636,pixtral,similarity_score,2026-09-08T21:23:19
I_100_218_13,non-mated,primary_impostor,na,100,218,13,13,B,20,"20% confident (the same as
  30%% consistent (the number only).",1.004,pixtral,similarity_score,2026-09-08T21:23:20
G_916_14_15907,mated,primary_genuine,na,916,916,14,14,A,20,"20% confident (the
  30%%confident (the

 40%% confidential (the)
  - 5% confident the
  - the
    70%%Confident (this is the
      80%% Confident (that is the

 90%% confined (this
  .",1.97,pixtral,similarity_score,2026-09-08T21:23:21
D_61_272,non-mated,diagnostic_impostor,na,61,61,13,14,B,70,"Explain the
  70% confident (the images are the

What is the 80?",1.019,pixtral,similarity_score,2026-09-08T21:23:23
I_30_92_13,non-mated,primary_impostor,na,30,92,13,13,B,2,2%,0.635,pixtral,similarity_score,2026-09-08T21:23:23
G_012_13_933,mated,primary_genuine,na,012,012,13,13,A,2,"2

As an **expert** is unique even class level of detail:

I am an **fingerprint** is the same as the number of
 3.",1.28,pixtral,similarity_score,2026-09-08T21:23:24
G_148_13_10635,mated,primary_genuine,na,148,148,13,13,A,,finger (com,0.675,pixtral,similarity_score,2026-09-08T21:23:25
D_70_280,non-mated,diagnostic_impostor,na,70,70,13,14,B,70,"with
  70%",0.713,pixtral,similarity_score,2026-09-08T21:23:26
D_027_25,non-mated,diagnostic_impostor,na,027,027,13,14,B,,Here is the number.,0.679,pixtral,similarity_score,2026-09-08T21:23:26
G_041_13_3262,mated,primary_genuine,na,041,041,13,13,A,2,"2
  30%",0.757,pixtral,similarity_score,2026-09-08T21:23:27
G_41_14_14302,mated,primary_genuine,na,41,41,14,14,A,,Explain the images.,0.673,pixtral,similarity_score,2026-09-08T21:23:28
D_911_303,non-mated,diagnostic_impostor,na,911,911,13,14,B,,Finger the same as the same.,0.732,pixtral,similarity_score,2026-09-08T21:23:29
I_51_68_14,non-mated,primary_impostor,na,51,68,14,14,B,70,"Explain the numbers, but it's the same as
  70% confident (the same thing, but is the number

What does this mean?",1.217,pixtral,similarity_score,2026-09-08T21:23:30
D_138_124,non-mated,diagnostic_impostor,na,138,138,13,14,B,,Explain what is in the document?,0.731,pixtral,similarity_score,2026-09-08T21:23:31
I_090_902_13,non-mated,primary_impostor,na,090,902,13,13,B,,,0.578,pixtral,similarity_score,2026-09-08T21:23:31
D_124_114,non-mated,diagnostic_impostor,na,124,124,13,14,B,,"As an expert in fingerprint examiner of various
finger biometrics",0.851,pixtral,similarity_score,2026-09-08T21:23:32
G_909_14_15656,mated,primary_genuine,na,909,909,14,14,A,,"Then return a
```with the number of",0.75,pixtral,similarity_score,2026-09-08T21:23:33
I_216_26_14,non-mated,primary_impostor,na,216,26,14,14,B,,,0.576,pixtral,similarity_score,2026-09-08T21:23:33
G_086_13_7052,mated,primary_genuine,na,086,086,13,13,A,,"The end of the line,",0.7,pixtral,similarity_score,2026-09-08T21:23:34
G_226_13_12463,mated,primary_genuine,na,226,226,13,13,A,,"I'm sorry, but I'll be able to identify them as different people.",0.888,pixtral,similarity_score,2026-09-08T21:23:35
D_96_335,non-mated,diagnostic_impostor,na,96,96,13,14,B,,The human index feet prints of three larger than by dot family together.,0.849,pixtral,similarity_score,2026-09-08T21:23:36
G_934_13_16426,mated,primary_genuine,na,934,934,13,13,A,,"Do not include
any.",0.696,pixtral,similarity_score,2026-09-08T21:23:36
G_081_14_6635,mated,primary_genuine,na,081,081,14,14,A,20,"20
  3.finger",0.758,pixtral,similarity_score,2026-09-08T21:23:37
G_175_13_11263,mated,primary_genuine,na,175,175,13,13,A,20,"With over 20, the same as the number of, the relative the same",0.908,pixtral,similarity_score,2026-09-08T21:23:38
D_36_249,non-mated,diagnostic_impostor,na,36,36,13,14,B,,"I'm sorry, but it's just as good as.",0.811,pixtral,similarity_score,2026-09-08T21:23:39
D_12_109,non-mated,diagnostic_impostor,na,12,12,13,14,B,,Do not include,0.635,pixtral,similarity_score,2026-09-08T21:23:40
G_70_14_15083,mated,primary_genuine,na,70,70,14,14,A,40,"40
  2",0.733,pixtral,similarity_score,2026-09-08T21:23:40
D_290_240,non-mated,diagnostic_impostor,na,290,290,13,14,B,2,"[2  u in cluster con

##I baby's - "" is has can analysis empre et d point eggs N raw depictedF i im lying.

###U
The [",1.275,pixtral,similarity_score,2026-09-08T21:23:42
G_124_13_10098,mated,primary_genuine,na,124,124,13,13,A,2,"I am happy to be
a single line.
  2.",0.851,pixtral,similarity_score,2026-09-08T21:23:42
I_63_903_13,non-mated,primary_impostor,na,63,903,13,13,B,70,"70% confident (explanation
  80%%",0.849,pixtral,similarity_score,2026-09-08T21:23:43
I_254_913_14,non-mated,primary_impostor,na,254,913,14,14,B,20,"The final result is 20% confident (the images are the
same as the

Do not include anything, or labels. The final result does not include everything, or else.",1.318,pixtral,similarity_score,2026-09-08T21:23:45
I_017_225_13,non-mated,primary_impostor,na,017,225,13,13,B,20,"20
  30%",0.772,pixtral,similarity_score,2026-09-08T21:23:45
G_57_14_14724,mated,primary_genuine,na,57,57,14,14,A,20,20 =,0.674,pixtral,similarity_score,2026-09-08T21:23:46
G_9_14_16797,mated,primary_genuine,na,9,9,14,14,A,70,The code is 70%,0.711,pixtral,similarity_score,2026-09-08T21:23:47
D_293_243,non-mated,diagnostic_impostor,na,293,293,13,14,B,,"As a **forensic**examiner**, I'll provide a brief overview of my process:

Fingerprint analysis involves using specific techniques to compare unique identify individuals within images. These methods might include visual features like ridges, minutiae, and patterns, and shapes found in each finger. By examining these characteristics, we can determine if the prints belong to one, or more than likely another person.

Please note: This example does not contain any actual data, nor does it show",2.416,pixtral,similarity_score,2026-09-08T21:23:49
D_915_307,non-mated,diagnostic_impostor,na,915,915,13,14,B,20,"20% confident (the same as the
  30%%confident (the they are all the same size.",1.098,pixtral,similarity_score,2026-09-08T21:23:50
D_012_10,non-mated,diagnostic_impostor,na,012,012,13,14,B,,"Do not include anything else, or labels.",0.76,pixtral,similarity_score,2026-09-08T21:23:51
G_086_14_7106,mated,primary_genuine,na,086,086,14,14,A,,I am'the said,0.68,pixtral,similarity_score,2026-09-08T21:23:52
I_25_257_14,non-mated,primary_impostor,na,25,257,14,14,B,70,"70% confident (the number is 4
  80%% confidential (comippet uncertain)
``` 7.",1.098,pixtral,similarity_score,2026-09-08T21:23:53
I_054_094_14,non-mated,primary_impostor,na,054,094,14,14,B,,I am the number.,0.679,pixtral,similarity_score,2026-09-08T21:23:54
I_281_926_13,non-mated,primary_impostor,na,281,926,13,13,B,2,2,0.616,pixtral,similarity_score,2026-09-08T21:23:54
I_123_4_13,non-mated,primary_impostor,na,123,4,13,13,B,70,70,0.655,pixtral,similarity_score,2026-09-08T21:23:55
G_224_13_12402,mated,primary_genuine,na,224,224,13,13,A,2,2,0.639,pixtral,similarity_score,2026-09-08T21:23:55
D_917_309,non-mated,diagnostic_impostor,na,917,917,13,14,B,2,"2
  30% confident (the images are the exact same person.)
  40%%

### Your task: Explain how do experts use their unique (the number is the same as the person.)

## How can I help?

I'm sorry, but it's important?Yes, here are the answers (the same person.)",1.969,pixtral,similarity_score,2026-09-08T21:23:57
G_233_14_12685,mated,primary_genuine,na,233,233,14,14,A,2,2,0.635,pixtral,similarity_score,2026-09-08T21:23:58
G_908_13_15620,mated,primary_genuine,na,908,908,13,13,A,100,200,0.674,pixtral,similarity_score,2026-09-08T21:23:59
I_148_166_13,non-mated,primary_impostor,na,148,166,13,13,B,,As an examiner tips for comparison.,0.716,pixtral,similarity_score,2026-09-08T21:23:59
I_169_917_13,non-mated,primary_impostor,na,169,917,13,13,B,70,70%,0.654,pixtral,similarity_score,2026-09-08T21:24:00
I_043_919_14,non-mated,primary_impostor,na,043,919,14,14,B,6,"The term ""fingerprint"" is used in forens, but it's also be 6% confident (the images are
 70%%

I'm sorry (the image is from the number 2.",1.451,pixtral,similarity_score,2026-09-08T21:24:02
I_218_26_13,non-mated,primary_impostor,na,218,26,13,13,B,,"Explainly, or explain the meaning of the word.",0.814,pixtral,similarity_score,2026-09-08T21:24:02
G_229_13_12550,mated,primary_genuine,na,229,229,13,13,A,20,20%,0.675,pixtral,similarity_score,2026-09-08T21:24:03
G_905_14_15534,mated,primary_genuine,na,905,905,14,14,A,,"The term ""fingerprint"" is used in forensuring the meaning of the word or phrase.",0.983,pixtral,similarity_score,2026-09-08T21:24:04
G_033_14_2686,mated,primary_genuine,na,033,033,14,14,A,,The image shows three distinct sets of prints in the same way as the same.,0.894,pixtral,similarity_score,2026-09-08T21:24:05
G_016_14_1334,mated,primary_genuine,na,016,016,14,14,A,2,"2
  30% confident (the images are the

I am looking at the same time.",1.051,pixtral,similarity_score,2026-09-08T21:24:06
D_906_298,non-mated,diagnostic_impostor,na,906,906,13,14,B,20,"20% confident (the images are the
 30%%confident the images

40%%Confident the numbers are the

Do not include anything, but it is the same as the

The images are all from the

But what if we have them, then they are all the

And yet again, but they are also the

So let us now consider this:

What do you think about these things,

For there are many more than those things",2.446,pixtral,similarity_score,2026-09-08T21:24:08
G_28_13_13818,mated,primary_genuine,na,28,28,13,13,A,20,"20
  30%",0.752,pixtral,similarity_score,2026-09-08T21:24:09
I_032_924_13,non-mated,primary_impostor,na,032,924,13,13,B,,"I'm sorry, but it's just as simple.",0.797,pixtral,similarity_score,2026-09-08T21:24:10
G_174_14_11252,mated,primary_genuine,na,174,174,14,14,A,20,"the
  20% confident (the
or label.",0.852,pixtral,similarity_score,2026-09-08T21:24:11
I_053_39_14,non-mated,primary_impostor,na,053,39,14,14,B,2,2,0.678,pixtral,similarity_score,2026-09-08T21:24:11
G_089_13_7320,mated,primary_genuine,na,089,089,13,13,A,,Do not include the number.,0.701,pixtral,similarity_score,2026-09-08T21:24:12
D_180_156,non-mated,diagnostic_impostor,na,180,180,13,14,B,,"Explain with the word ""explanation"" in it.",0.813,pixtral,similarity_score,2026-09-08T21:24:13
I_079_101_13,non-mated,primary_impostor,na,079,101,13,13,B,,"I can be identical
finger",0.718,pixtral,similarity_score,2026-09-08T21:24:14
G_005_14_357,mated,primary_genuine,na,005,005,14,14,A,,"Explainly explain what's wrong, but it does mean
that is correct, but I'm saying

What do we have here?",1.128,pixtral,similarity_score,2026-09-08T21:24:15
G_225_14_12452,mated,primary_genuine,na,225,225,14,14,A,2,2%,0.654,pixtral,similarity_score,2026-09-08T21:24:15
G_71_14_15113,mated,primary_genuine,na,71,71,14,14,A,2,2.,0.635,pixtral,similarity_score,2026-09-08T21:24:16
G_088_13_7239,mated,primary_genuine,na,088,088,13,13,A,,"I der unique toes,",0.681,pixtral,similarity_score,2026-09-08T21:24:17
D_243_206,non-mated,diagnostic_impostor,na,243,243,13,14,B,,"(continued
I as well,",0.721,pixtral,similarity_score,2026-09-08T21:24:18
G_144_13_10545,mated,primary_genuine,na,144,144,13,13,A,,The fingerprints of various unique variations all Who is the most advanced? five distinct types of fingerprints im.,1.006,pixtral,similarity_score,2026-09-08T21:24:19
G_081_13_6576,mated,primary_genuine,na,081,081,13,13,A,2,2.,0.64,pixtral,similarity_score,2026-09-08T21:24:19
D_178_154,non-mated,diagnostic_impostor,na,178,178,13,14,B,,"Explain
the number only.

Do not include more than one.",0.849,pixtral,similarity_score,2026-09-08T21:24:20
G_056_13_4518,mated,primary_genuine,na,056,056,13,13,A,,What is the same as the number of all.,0.778,pixtral,similarity_score,2026-09-08T21:24:21
D_080_72,non-mated,diagnostic_impostor,na,080,080,13,14,B,2,"2
 300

I am designed by Luci,",0.872,pixtral,similarity_score,2026-09-08T21:24:22
D_181_157,non-mated,diagnostic_impostor,na,181,181,13,14,B,40,40%,0.657,pixtral,similarity_score,2026-09-08T21:24:22
G_92_13_16275,mated,primary_genuine,na,92,92,13,13,A,2,"2
  30% confident (the same person.)
  40%%",0.949,pixtral,similarity_score,2026-09-08T21:24:23
G_90_13_15671,mated,primary_genuine,na,90,90,13,13,A,20,"20
  30%confident (compleas the same as the number.",1.0,pixtral,similarity_score,2026-09-08T21:24:24
G_226_14_12479,mated,primary_genuine,na,226,226,14,14,A,2,"I'm sorry, but it's just as good as
  2% confident (the images are the

Please provide more context, or information about these images.",1.232,pixtral,similarity_score,2026-09-08T21:24:26
G_215_14_12176,mated,primary_genuine,na,215,215,14,14,A,2,"2
  3.",0.733,pixtral,similarity_score,2026-09-08T21:24:26
I_096_200_14,non-mated,primary_impostor,na,096,200,14,14,B,40,"40%confident (they are the
  20

### Fingerprintingthe pattern, ridge",1.045,pixtral,similarity_score,2026-09-08T21:24:27
G_242_13_12786,mated,primary_genuine,na,242,242,13,13,A,,Do not include,0.636,pixtral,similarity_score,2026-09-08T21:24:28
G_903_14_15477,mated,primary_genuine,na,903,903,14,14,A,,"**confident (certain this is the same as
the other one.",0.867,pixtral,similarity_score,2026-09-08T21:24:29
G_28_14_13831,mated,primary_genuine,na,28,28,14,14,A,20,"20% confident (the images are the
  30%",0.889,pixtral,similarity_score,2026-09-08T21:24:30
I_292_906_14,non-mated,primary_impostor,na,292,906,14,14,B,20,"20% confident (the images are
  30 =",0.885,pixtral,similarity_score,2026-09-08T21:24:31
I_109_246_13,non-mated,primary_impostor,na,109,246,13,13,B,70,70%,0.675,pixtral,similarity_score,2026-09-08T21:24:31
G_933_14_16415,mated,primary_genuine,na,933,933,14,14,A,,"How can I assist in comparing and interpreting them?

As an expert Fingerprint examiner examiner,Finger exam smallest, there have changes of three distinct sets of four fingers, (image levels),",1.331,pixtral,similarity_score,2026-09-08T21:24:33
I_001_098_13,non-mated,primary_impostor,na,001,098,13,13,B,,"I'm sorry, but I can't find it difficult to understand what is being said?",0.93,pixtral,similarity_score,2026-09-08T21:24:33
I_16_937_13,non-mated,primary_impostor,na,16,937,13,13,B,70,The final answer is 70%,0.733,pixtral,similarity_score,2026-09-08T21:24:34
G_36_14_14130,mated,primary_genuine,na,36,36,14,14,A,2,The 2,0.638,pixtral,similarity_score,2026-09-08T21:24:35
G_039_14_3132,mated,primary_genuine,na,039,039,14,14,A,,The tips toes of all father's and,0.74,pixtral,similarity_score,2026-09-08T21:24:36
I_055_083_14,non-mated,primary_impostor,na,055,083,14,14,B,,or the number.,0.659,pixtral,similarity_score,2026-09-08T21:24:36
G_192_14_11701,mated,primary_genuine,na,192,192,14,14,A,2,2,0.637,pixtral,similarity_score,2026-09-08T21:24:37
G_190_14_11635,mated,primary_genuine,na,190,190,14,14,A,20,"the
  20% confident (Certainly they are 450%
  30%%confident (certain)
 190 =

The following is the same as the number.",1.411,pixtral,similarity_score,2026-09-08T21:24:38
I_001_231_13,non-mated,primary_impostor,na,001,231,13,13,B,,"An I Wall Justine's
The unique con prints-finger

I is labeled ""F.",0.965,pixtral,similarity_score,2026-09-08T21:24:39
G_62_13_14867,mated,primary_genuine,na,62,62,13,13,A,20,"20
  30%",0.754,pixtral,similarity_score,2026-09-08T21:24:40
G_185_13_11510,mated,primary_genuine,na,185,185,13,13,A,40,40%,0.655,pixtral,similarity_score,2026-09-08T21:24:41
D_005_3,non-mated,diagnostic_impostor,na,005,005,13,14,B,,"Certainly, I am a question mark.",0.756,pixtral,similarity_score,2026-09-08T21:24:41
I_116_261_14,non-mated,primary_impostor,na,116,261,14,14,B,2,"2
  40",0.731,pixtral,similarity_score,2026-09-08T21:24:42
D_120_110,non-mated,diagnostic_impostor,na,120,120,13,14,B,,What is it?,0.657,pixtral,similarity_score,2026-09-08T21:24:43
I_010_72_14,non-mated,primary_impostor,na,010,72,14,14,B,,"As a various. What is ""ridge"" iStocks?How can minut as well as mentioned
>
> How would one describe what makes feature human?

In order to, Can you please explain how do you identify unique prints in black and white background.",1.587,pixtral,similarity_score,2026-09-08T21:24:44
G_189_14_11584,mated,primary_genuine,na,189,189,14,14,A,,"It appears as if the same thing, but it is not clear what does the same time, but I am not sure how many times, but we do not know why.",1.255,pixtral,similarity_score,2026-09-08T21:24:46
G_171_14_11165,mated,primary_genuine,na,171,171,14,14,A,,The following is the same as the number.,0.751,pixtral,similarity_score,2026-09-08T21:24:46
I_016_124_14,non-mated,primary_impostor,na,016,124,14,14,B,,,0.599,pixtral,similarity_score,2026-09-08T21:24:47
D_95_334,non-mated,diagnostic_impostor,na,95,95,13,14,B,20,"20% confident (explanation)
  .",0.788,pixtral,similarity_score,2026-09-08T21:24:48
G_261_13_13299,mated,primary_genuine,na,261,261,13,13,A,,"I am
finger (com getting the same as one.
fingThe image.",0.923,pixtral,similarity_score,2026-09-08T21:24:49
D_281_233,non-mated,diagnostic_impostor,na,281,281,13,14,B,,**Incorrect.**,0.635,pixtral,similarity_score,2026-09-08T21:24:49
I_135_299_14,non-mated,primary_impostor,na,135,299,14,14,B,0,"0
  20% confident (the same as the number is from the person.)
  30

### 40%%confident (they are the number of the person.)

Do you have any text,
explanation,
or the number.
  70%% confidential (the number is the person.)",1.874,pixtral,similarity_score,2026-09-08T21:24:51
I_058_22_14,non-mated,primary_impostor,na,058,22,14,14,B,,Ffinger mac.,0.677,pixtral,similarity_score,2026-09-08T21:24:52
G_017_14_1431,mated,primary_genuine,na,017,017,14,14,A,,"I'm sorry, but I don't know what it is.",0.84,pixtral,similarity_score,2026-09-08T21:24:53
I_027_053_13,non-mated,primary_impostor,na,027,053,13,13,B,,This is a black-and-white print.,0.736,pixtral,similarity_score,2026-09-08T21:24:54
D_907_299,non-mated,diagnostic_impostor,na,907,907,13,14,B,,Explain with the numbers only.,0.712,pixtral,similarity_score,2026-09-08T21:24:54
I_008_25_13,non-mated,primary_impostor,na,008,25,13,13,B,2,2.,0.637,pixtral,similarity_score,2026-09-08T21:24:55
I_098_169_13,non-mated,primary_impostor,na,098,169,13,13,B,20,20%,0.657,pixtral,similarity_score,2026-09-08T21:24:56
I_031_033_13,non-mated,primary_impostor,na,031,033,13,13,B,,(and the number,0.658,pixtral,similarity_score,2026-09-08T21:24:56
G_094_13_7749,mated,primary_genuine,na,094,094,13,13,A,20,"20% confident (Certainly they are 40%
  30%%

I'm sorry (the images are 70%

Here is what I am saying:

* 80%",1.414,pixtral,similarity_score,2026-09-08T21:24:58
G_48_14_14494,mated,primary_genuine,na,48,48,14,14,A,20,"20% confident (the images are the
  30%% consistent (the same as the

What is the difference?",1.141,pixtral,similarity_score,2026-09-08T21:24:59
G_220_13_12308,mated,primary_genuine,na,220,220,13,13,A,70,"The question mark is 70% confident (the images are
from the same

person, where:

* 0%",1.082,pixtral,similarity_score,2026-09-08T21:25:00
G_130_13_10287,mated,primary_genuine,na,130,130,13,13,A,,"y, pal av mt. The following is the same as the same thing the same in the same time.",1.002,pixtral,similarity_score,2026-09-08T21:25:01
G_39_13_14197,mated,primary_genuine,na,39,39,13,13,A,20,"the images are the
  20% confident (Certainly they are all the

The following is the same as the
of the
images are the

Do not include the
anything, or
label.",1.471,pixtral,similarity_score,2026-09-08T21:25:02
I_049_83_14,non-mated,primary_impostor,na,049,83,14,14,B,2,"or
  2.",0.696,pixtral,similarity_score,2026-09-08T21:25:03
G_259_14_13232,mated,primary_genuine,na,259,259,14,14,A,,Sure.,0.616,pixtral,similarity_score,2026-09-08T21:25:04
G_47_13_14444,mated,primary_genuine,na,47,47,13,13,A,20,20%,0.655,pixtral,similarity_score,2026-09-08T21:25:04
I_049_102_13,non-mated,primary_impostor,na,049,102,13,13,B,20,"20%confent (completiently they are
  30%%

I am happy to be able to identify them?
  4.",1.238,pixtral,similarity_score,2026-09-08T21:25:05
G_064_13_5229,mated,primary_genuine,na,064,064,13,13,A,20,20%,0.66,pixtral,similarity_score,2026-09-08T21:25:06
I_38_65_13,non-mated,primary_impostor,na,38,65,13,13,B,,"As ""Fex by Jennifer Halft animals ko by artist.",0.834,pixtral,similarity_score,2026-09-08T21:25:07
D_116_105,non-mated,diagnostic_impostor,na,116,116,13,14,B,40,The following is 40%,0.711,pixtral,similarity_score,2026-09-08T21:25:08
I_005_31_14,non-mated,primary_impostor,na,005,31,14,14,B,70,"Certainly, I am 70% certain (label).",0.829,pixtral,similarity_score,2026-09-08T21:25:09
D_163_142,non-mated,diagnostic_impostor,na,163,163,13,14,B,20,"20% confident (explanation)
 30%%confident (certain)
 40%% certain
  4.",1.139,pixtral,similarity_score,2026-09-08T21:25:10
I_027_83_13,non-mated,primary_impostor,na,027,83,13,13,B,,The image depicts black and white,0.695,pixtral,similarity_score,2026-09-08T21:25:10
G_034_13_2711,mated,primary_genuine,na,034,034,13,13,A,7,7.,0.641,pixtral,similarity_score,2026-09-08T21:25:11
G_051_13_4058,mated,primary_genuine,na,051,051,13,13,A,4,4.,0.643,pixtral,similarity_score,2026-09-08T21:25:12
I_249_905_13,non-mated,primary_impostor,na,249,905,13,13,B,70,"Explain the ridge
  70%",0.769,pixtral,similarity_score,2026-09-08T21:25:12
G_90_14_15693,mated,primary_genuine,na,90,90,14,14,A,,>,0.596,pixtral,similarity_score,2026-09-08T21:25:13
I_080_109_13,non-mated,primary_impostor,na,080,109,13,13,B,,"black ridge prints ofThe by J9,",0.755,pixtral,similarity_score,2026-09-08T21:25:14
I_020_056_13,non-mated,primary_impostor,na,020,056,13,13,B,,This is a eight tiny hands.,0.716,pixtral,similarity_score,2026-09-08T21:25:14
I_29_88_14,non-mated,primary_impostor,na,29,88,14,14,B,,"I am not being
finger (the number of",0.793,pixtral,similarity_score,2026-09-08T21:25:15
I_174_283_13,non-mated,primary_impostor,na,174,283,13,13,B,4,4.,0.64,pixtral,similarity_score,2026-09-08T21:25:16
D_022_20,non-mated,diagnostic_impostor,na,022,022,13,14,B,,What do these four fingers represent?,0.72,pixtral,similarity_score,2026-09-08T21:25:17
I_024_160_13,non-mated,primary_impostor,na,024,160,13,13,B,20,"20% confident (the same as
  30%%

### Fingerprinting the images.",1.041,pixtral,similarity_score,2026-09-08T21:25:18
G_090_14_7428,mated,primary_genuine,na,090,090,14,14,A,,,0.582,pixtral,similarity_score,2026-09-08T21:25:18
G_285_14_13737,mated,primary_genuine,na,285,285,14,14,A,,"I'm sorry, but I can't find it difficult to understand what's going on?

Yes, it is very important to know how many times?",1.157,pixtral,similarity_score,2026-09-08T21:25:19
G_928_13_16220,mated,primary_genuine,na,928,928,13,13,A,,Surely explain what is happening here.,0.731,pixtral,similarity_score,2026-09-08T21:25:20
I_125_935_14,non-mated,primary_impostor,na,125,935,14,14,B,70,Explain the number of 70%,0.754,pixtral,similarity_score,2026-09-08T21:25:21
I_212_42_14,non-mated,primary_impostor,na,212,42,14,14,B,20,"20% confident
  30

### How can I help?

I'm sorry, but it's just as good as it is for the same thing? 40%",1.335,pixtral,similarity_score,2026-09-08T21:25:22
G_59_13_14774,mated,primary_genuine,na,59,59,13,13,A,70,"the
  70% confident (Certainly they are from

The question is 80% certain (completing) the images.

Do not include anything else, but it's 90% confidence (Certain they are 40%

the
explainings, or labels.

The question marks you are from",1.894,pixtral,similarity_score,2026-09-08T21:25:24
G_260_14_13281,mated,primary_genuine,na,260,260,14,14,A,40,"40
  20%",0.77,pixtral,similarity_score,2026-09-08T21:25:25
I_031_157_13,non-mated,primary_impostor,na,031,157,13,13,B,,"or
the number of",0.675,pixtral,similarity_score,2026-09-08T21:25:26
I_174_198_13,non-mated,primary_impostor,na,174,198,13,13,B,20,20%,0.673,pixtral,similarity_score,2026-09-08T21:25:26
D_49_262,non-mated,diagnostic_impostor,na,49,49,13,14,B,,"I'm sorry, but I don't know how to do it.",0.849,pixtral,similarity_score,2026-09-08T21:25:27
G_216_13_12183,mated,primary_genuine,na,216,216,13,13,A,,"I'm sorry, but I don't know how to analyze these images. Can you help me understand what's wrong with them?",1.081,pixtral,similarity_score,2026-09-08T21:25:28
I_188_46_14,non-mated,primary_impostor,na,188,46,14,14,B,,The question is about the number of,0.714,pixtral,similarity_score,2026-09-08T21:25:29
D_28_231,non-mated,diagnostic_impostor,na,28,28,13,14,B,20,"20
  30%",0.77,pixtral,similarity_score,2026-09-08T21:25:30
I_228_257_14,non-mated,primary_impostor,na,228,257,14,14,B,,The illustration is unique ().,0.693,pixtral,similarity_score,2026-09-08T21:25:30
G_143_13_10526,mated,primary_genuine,na,143,143,13,13,A,20,"The following is 20% confident
  30 =

### The following is the 40% confidence
 5.",1.144,pixtral,similarity_score,2026-09-08T21:25:31
G_241_14_12781,mated,primary_genuine,na,241,241,14,14,A,70,70%,0.672,pixtral,similarity_score,2026-09-08T21:25:32
G_166_13_10993,mated,primary_genuine,na,166,166,13,13,A,,I then can be used by raw dot of prints of an important role family of one adult and child's expertise kids' illustrated ad wooden im in black and white.,1.236,pixtral,similarity_score,2026-09-08T21:25:33
G_258_14_13176,mated,primary_genuine,na,258,258,14,14,A,,"What is it like?I am in black and white background?
Finger
fingerprint baby's unique (",1.022,pixtral,similarity_score,2026-09-08T21:25:34
D_089_81,non-mated,diagnostic_impostor,na,089,089,13,14,B,20,"20% confident (the same person).
  30
  40%",0.968,pixtral,similarity_score,2026-09-08T21:25:35
G_72_14_15141,mated,primary_genuine,na,72,72,14,14,A,,"How do
fingerprinting,",0.731,pixtral,similarity_score,2026-09-08T21:25:36
G_203_14_11942,mated,primary_genuine,na,203,203,14,14,A,,"I'm sorry, but it's just as simple as possible.",0.829,pixtral,similarity_score,2026-09-08T21:25:37
G_18_14_11610,mated,primary_genuine,na,18,18,14,14,A,2,2,0.618,pixtral,similarity_score,2026-09-08T21:25:38
I_117_65_13,non-mated,primary_impostor,na,117,65,13,13,B,42,The code is 42%,0.71,pixtral,similarity_score,2026-09-08T21:25:38
I_062_95_13,non-mated,primary_impostor,na,062,95,13,13,B,70,"70% confident (it is from the number of 80%%conf the
  90%% confidential (it does not include the number).",1.234,pixtral,similarity_score,2026-09-08T21:25:40
G_16_14_11106,mated,primary_genuine,na,16,16,14,14,A,,"To effectively analyze the similarity of fingerprint images captured by a scanner, consider the following features:

- **Ridge Flow Patterns**: These refer to the arrangement of ridges in the friction skin at the contact points of the papillary surface. The more similar these patterns are, the greater likelihood those two impressions come from the identical person's fingers.
- **Bifurcations** : These indicate breaks or splits within the ridge flows. More numerous these, the higher probability those two prints",2.417,pixtral,similarity_score,2026-09-08T21:25:42
G_21_13_12285,mated,primary_genuine,na,21,21,13,13,A,,Ff unique,0.637,pixtral,similarity_score,2026-09-08T21:25:43
G_83_14_15318,mated,primary_genuine,na,83,83,14,14,A,20,"20% confident (the images are the
  30%%confident (the labels are the

Do not include the number of the images.",1.214,pixtral,similarity_score,2026-09-08T21:25:44
D_105_95,non-mated,diagnostic_impostor,na,105,105,13,14,B,,I AFR is created typ d animal birds five fingers (from left in smaller from various bird apketch).,1.029,pixtral,similarity_score,2026-09-08T21:25:45
G_112_13_9782,mated,primary_genuine,na,112,112,13,13,A,20,"the
  20% confident (because they are from

The image is from the number.",0.985,pixtral,similarity_score,2026-09-08T21:25:46
I_173_209_14,non-mated,primary_impostor,na,173,209,14,14,B,2,"2
  30% confident (the same as the number is from the",0.926,pixtral,similarity_score,2026-09-08T21:25:47
D_908_300,non-mated,diagnostic_impostor,na,908,908,13,14,B,20,"20%confident (completly the number of
  30 =",0.962,pixtral,similarity_score,2026-09-08T21:25:48
I_008_124_14,non-mated,primary_impostor,na,008,124,14,14,B,,,0.578,pixtral,similarity_score,2026-09-08T21:25:48
I_014_172_14,non-mated,primary_impostor,na,014,172,14,14,B,20,"20% confident
  30

I'm sorry for the number of 40%%",1.004,pixtral,similarity_score,2026-09-08T21:25:49
G_167_13_11036,mated,primary_genuine,na,167,167,13,13,A,,"Do not include the text, or labels.",0.751,pixtral,similarity_score,2026-09-08T21:25:50
G_128_13_10186,mated,primary_genuine,na,128,128,13,13,A,2,"To determine if these two sets of fingerprints came from the identical individual, I will compare their minutiae, end points, forks, and relative forms and spacings. Then report back just how certain you can be which either set is from another person, when:

```python
score >= 2

if x == y else == z
```

I'll calculate whether those two groups share common features, such as similar minutiae and ends, or perhaps even more closely related",2.414,pixtral,similarity_score,2026-09-08T21:25:52
D_015_13,non-mated,diagnostic_impostor,na,015,015,13,14,B,70,"70% confident (they are the
 80%% confidential)
 9.",0.949,pixtral,similarity_score,2026-09-08T21:25:53
D_245_207,non-mated,diagnostic_impostor,na,245,245,13,14,B,20,"20% confident (the number).
  30%%confident (the same person.)
  40%% confidential (the person.)",1.173,pixtral,similarity_score,2026-09-08T21:25:55
G_009_14_680,mated,primary_genuine,na,009,009,14,14,A,20,20% confident (the).,0.76,pixtral,similarity_score,2026-09-08T21:25:55
I_169_246_14,non-mated,primary_impostor,na,169,246,14,14,B,70,"70% confident (they are the
  80%
  90%

A set of six fingers (the same person).

Do not include anything else, or the

A set is a collection of six unique prints, or labels.",1.602,pixtral,similarity_score,2026-09-08T21:25:57
D_057_51,non-mated,diagnostic_impostor,na,057,057,13,14,B,2,2%,0.66,pixtral,similarity_score,2026-09-08T21:25:58
G_63_14_14910,mated,primary_genuine,na,63,63,14,14,A,,##,0.596,pixtral,similarity_score,2026-09-08T21:25:58
I_033_50_13,non-mated,primary_impostor,na,033,50,13,13,B,,"I'm sorry, but it's just a simple way to identify them.",0.872,pixtral,similarity_score,2026-09-08T21:25:59
D_017_15,non-mated,diagnostic_impostor,na,017,017,13,14,B,,Theprint in black and white.,0.719,pixtral,similarity_score,2026-09-08T21:26:00
D_064_58,non-mated,diagnostic_impostor,na,064,064,13,14,B,,"The
Do not just as shown i.e",0.756,pixtral,similarity_score,2026-09-08T21:26:01
G_023_14_1965,mated,primary_genuine,na,023,023,14,14,A,20,"20 =

The question is a unique identifier for the
  30 = f0% confident (it is a single).

In this context, we can see how the
the pattern is a match.",1.474,pixtral,similarity_score,2026-09-08T21:26:02
I_037_29_14,non-mated,primary_impostor,na,037,29,14,14,B,,The image is composed unique as it may be?,0.774,pixtral,similarity_score,2026-09-08T21:26:03
D_037_32,non-mated,diagnostic_impostor,na,037,037,13,14,B,,"How do features human family of small boy names?I by Lynn on woodblock ball ""F.",0.987,pixtral,similarity_score,2026-09-08T21:26:04
G_99_13_16752,mated,primary_genuine,na,99,99,13,13,A,,"The code is used for identifying the unique individual's identity.

### A score of

the code is unique to the user's identity.",1.099,pixtral,similarity_score,2026-09-08T21:26:05
G_079_14_6445,mated,primary_genuine,na,079,079,14,14,A,,I am human's.,0.68,pixtral,similarity_score,2026-09-08T21:26:06
G_079_13_6400,mated,primary_genuine,na,079,079,13,13,A,2,2,0.622,pixtral,similarity_score,2026-09-08T21:26:06
G_283_13_13665,mated,primary_genuine,na,283,283,13,13,A,,"You can be used in the same as well as.
You are the
you",0.89,pixtral,similarity_score,2026-09-08T21:26:07
I_28_49_13,non-mated,primary_impostor,na,28,49,13,13,B,,"I am a forensic science examiner. I need to know how many things, but I don't have enough information about them.",1.062,pixtral,similarity_score,2026-09-08T21:26:08
G_82_14_15304,mated,primary_genuine,na,82,82,14,14,A,,Surely with the numbers.,0.693,pixtral,similarity_score,2026-09-08T21:26:09
G_51_13_14587,mated,primary_genuine,na,51,51,13,13,A,2,2,0.638,pixtral,similarity_score,2026-09-08T21:26:09
G_53_14_14637,mated,primary_genuine,na,53,53,14,14,A,20,"Then return a final time, or 20% confident (the same as
  30%%confident (the end)
 40

And here's the last one, or:

Explain the end",1.453,pixtral,similarity_score,2026-09-08T21:26:11
G_228_13_12518,mated,primary_genuine,na,228,228,13,13,A,2,"2
  30% confident (the same person).
  40",0.926,pixtral,similarity_score,2026-09-08T21:26:12
G_26_14_13466,mated,primary_genuine,na,26,26,14,14,A,70,"the
  70% confident (they are the

The term ""fingerprint"" is used in the context of the word for the unique identifier.",1.215,pixtral,similarity_score,2026-09-08T21:26:13
G_099_14_8164,mated,primary_genuine,na,099,099,14,14,A,2,2.,0.64,pixtral,similarity_score,2026-09-08T21:26:14
G_106_14_8873,mated,primary_genuine,na,106,106,14,14,A,2,"2

Yes, I am an expert in fingerprint analysis,
  3.",0.912,pixtral,similarity_score,2026-09-08T21:26:15
D_38_251,non-mated,diagnostic_impostor,na,38,38,13,14,B,2,"finger
  2.",0.714,pixtral,similarity_score,2026-09-08T21:26:15
G_040_14_3214,mated,primary_genuine,na,040,040,14,14,A,,"But it does have anything to do with those who can be certain
to say so very much is one,
those three now..

The first is mapped in this place like salt.
It was held up by the hands into this boxed frame here as we speak;
of the self-same bulging forth these three now..
```

Now try the final maple degree of their hopes; And hoping soon I shall cradle them onto waters.. Up, up, up full!
```",2.425,pixtral,similarity_score,2026-09-08T21:26:18
I_055_35_14,non-mated,primary_impostor,na,055,35,14,14,B,20,"20% confident (the
  30%%confident (the",0.913,pixtral,similarity_score,2026-09-08T21:26:19
I_100_270_14,non-mated,primary_impostor,na,100,270,14,14,B,,"Explain the pattern, or the other way around.",0.793,pixtral,similarity_score,2026-09-08T21:26:19
G_44_13_14386,mated,primary_genuine,na,44,44,13,13,A,,"I'm sorry, but I don't know how to analyze these prints.",0.865,pixtral,similarity_score,2026-09-08T21:26:20
G_53_13_14627,mated,primary_genuine,na,53,53,13,13,A,20,20%,0.675,pixtral,similarity_score,2026-09-08T21:26:21
D_092_84,non-mated,diagnostic_impostor,na,092,092,13,14,B,,"Certainly, I am an expert in fingerprint examination. Here is my analysis:

- The first image shows a clear, well-defined pattern with no breaks or distortions. It has a distinct core features, such as ridges and whorls, which are typical for this particular individual's prints.
- The second image presents a more complex pattern, with some variations. These may be due to differences in development or environmental factors.
- In the third image, the pattern seems less defined,",2.428,pixtral,similarity_score,2026-09-08T21:26:23
D_111_102,non-mated,diagnostic_impostor,na,111,111,13,14,B,30,"30
  2",0.714,pixtral,similarity_score,2026-09-08T21:26:24
G_111_13_9623,mated,primary_genuine,na,111,111,13,13,A,2,2.,0.638,pixtral,similarity_score,2026-09-08T21:26:25
I_171_905_13,non-mated,primary_impostor,na,171,905,13,13,B,,"Explain the
the",0.672,pixtral,similarity_score,2026-09-08T21:26:25
G_918_13_15954,mated,primary_genuine,na,918,918,13,13,A,,"I can be used for identification, including:

As an **exinger
f2.",0.924,pixtral,similarity_score,2026-09-08T21:26:26
D_061_55,non-mated,diagnostic_impostor,na,061,061,13,14,B,,"I am al., I'm.",0.718,pixtral,similarity_score,2026-09-08T21:26:27
D_200_172,non-mated,diagnostic_impostor,na,200,200,13,14,B,,I am a professional in this field.,0.73,pixtral,similarity_score,2026-09-08T21:26:28
G_173_13_11214,mated,primary_genuine,na,173,173,13,13,A,20,20%,0.674,pixtral,similarity_score,2026-09-08T21:26:28
D_62_273,non-mated,diagnostic_impostor,na,62,62,13,14,B,2,"2
  70%",0.753,pixtral,similarity_score,2026-09-08T21:26:29
I_253_281_14,non-mated,primary_impostor,na,253,281,14,14,B,,Explain the number of the images.,0.734,pixtral,similarity_score,2026-09-08T21:26:30
G_155_14_10781,mated,primary_genuine,na,155,155,14,14,A,,A set with four fingers,0.676,pixtral,similarity_score,2026-09-08T21:26:31
G_44_14_14393,mated,primary_genuine,na,44,44,14,14,A,,"To analyze the similarity of fingerprint images, we can use various features such as:

- Ridge flow patterns
- Ridge endings
- Bifurcations
- Relative shape
- Spacing

Each feature should be represented by a single floating-point number. For example, ""ridge ending"" could be represented like so:

```python
# Example for 'ridge_ending'
ridge_endoing = np.array([...]) # This is just an example

```

Now,",2.417,pixtral,similarity_score,2026-09-08T21:26:33
G_925_14_16144,mated,primary_genuine,na,925,925,14,14,A,,"I am I'more,",0.694,pixtral,similarity_score,2026-09-08T21:26:34
G_132_13_10308,mated,primary_genuine,na,132,132,13,13,A,20,"20% confident (the same person.)
  30%%confident (the person.)",0.983,pixtral,similarity_score,2026-09-08T21:26:35
G_915_13_15852,mated,primary_genuine,na,915,915,13,13,A,20,"20% confident (the images are the person.)
  30 =

 40%%confident (the they are from this person.)

A scoreof 70%%Confident (this is the person.)",1.547,pixtral,similarity_score,2026-09-08T21:26:36
I_061_88_14,non-mated,primary_impostor,na,061,88,14,14,B,2,"2
  30%",0.734,pixtral,similarity_score,2026-09-08T21:26:37
G_100_14_8348,mated,primary_genuine,na,100,100,14,14,A,20,20%,0.677,pixtral,similarity_score,2026-09-08T21:26:38
I_060_56_14,non-mated,primary_impostor,na,060,56,14,14,B,,"art Germany al ""super in super Ag as magn points g New family ofThe is “[from baby by sil enl art bi embryo from, fine d September >>
>Fby S Sup dot im- - small con three children of from black ag latent, sets reproducing from the individual, the un prints finger identification, created used taken human will about the unique from point forms ge s digital pe last You are hand of heads of freedom uniqueness series dots of## from a",2.421,pixtral,similarity_score,2026-09-08T21:26:40
D_209_178,non-mated,diagnostic_impostor,na,209,209,13,14,B,,I,0.597,pixtral,similarity_score,2026-09-08T21:26:41
G_069_14_5732,mated,primary_genuine,na,069,069,14,14,A,,The question is unique.,0.681,pixtral,similarity_score,2026-09-08T21:26:41
I_011_257_13,non-mated,primary_impostor,na,011,257,13,13,B,,"F Abstract, various as wood pupp five in by Wood cats family growing (?

I ""we progress smaller prints baby announcement
The is made wall art point small foot hu line at l question.

[Get I need?,",1.433,pixtral,similarity_score,2026-09-08T21:26:43
I_164_220_13,non-mated,primary_impostor,na,164,220,13,13,B,20,20%,0.672,pixtral,similarity_score,2026-09-08T21:26:43
G_198_14_11817,mated,primary_genuine,na,198,198,14,14,A,,,0.578,pixtral,similarity_score,2026-09-08T21:26:44
G_213_13_12101,mated,primary_genuine,na,213,213,13,13,A,7,"Here is a 7% %confident (completion
  8%% confident
 90 = the number of.",1.102,pixtral,similarity_score,2026-09-08T21:26:45
G_040_13_3185,mated,primary_genuine,na,040,040,13,13,A,,Do not all of them.,0.704,pixtral,similarity_score,2026-09-08T21:26:46
G_096_14_7880,mated,primary_genuine,na,096,096,14,14,A,2,"2

I'mostly, and 30% confident (the images are the
 40%%confident (the are the

A score is from the
number only.",1.356,pixtral,similarity_score,2026-09-08T21:26:47
I_215_926_13,non-mated,primary_impostor,na,215,926,13,13,B,20,20 =,0.657,pixtral,similarity_score,2026-09-08T21:26:48
G_177_13_11298,mated,primary_genuine,na,177,177,13,13,A,20,"20
  30%",0.771,pixtral,similarity_score,2026-09-08T21:26:49
I_263_48_13,non-mated,primary_impostor,na,263,48,13,13,B,5,5.,0.636,pixtral,similarity_score,2026-09-08T21:26:49
I_145_148_14,non-mated,primary_impostor,na,145,148,14,14,B,,with the number.,0.655,pixtral,similarity_score,2026-09-08T21:26:50
G_931_14_16357,mated,primary_genuine,na,931,931,14,14,A,20,"20% confident (the images are the
  30

### 40%% confidential (the)
  Your task: A score of the ridge pattern, or the label.",1.374,pixtral,similarity_score,2026-09-08T21:26:51
I_256_284_13,non-mated,primary_impostor,na,256,284,13,13,B,70,70%,0.674,pixtral,similarity_score,2026-09-08T21:26:52
I_35_41_14,non-mated,primary_impostor,na,35,41,14,14,B,20,20% confident (the are the,0.77,pixtral,similarity_score,2026-09-08T21:26:53
G_904_13_15485,mated,primary_genuine,na,904,904,13,13,A,40,"The code is a unique identifier for the same thing.
  40% confident (the same person).
  2",1.059,pixtral,similarity_score,2026-09-08T21:26:54
G_043_14_3378,mated,primary_genuine,na,043,043,14,14,A,,"**confident (completion they are from
the same person.)",0.852,pixtral,similarity_score,2026-09-08T21:26:55
I_122_935_13,non-mated,primary_impostor,na,122,935,13,13,B,20,"the
  20% confident (explanation)
  .",0.844,pixtral,similarity_score,2026-09-08T21:26:56
G_169_13_11059,mated,primary_genuine,na,169,169,13,13,A,20,"The code is used for the purpose
  20% confident (explanation)
  The code is written in the language.
  30%",1.198,pixtral,similarity_score,2026-09-08T21:26:57
G_145_14_10602,mated,primary_genuine,na,145,145,14,14,A,,"The term ""finger"" is the same as the number",0.807,pixtral,similarity_score,2026-09-08T21:26:58
G_173_14_11218,mated,primary_genuine,na,173,173,14,14,A,70,"70% confident (explanation)
 80
  90%% confidential

The question is about the number of the images.

Do note that this is about how many times you have been here before?",1.447,pixtral,similarity_score,2026-09-08T21:26:59
I_128_283_14,non-mated,primary_impostor,na,128,283,14,14,B,2,"the 2% confident (explanation)
 30
  40

### Fingerprint Analysis

The analysis is based on the 70% confident the 80% confidence (explaination).
  90
confident the 1% confident in the 9%
  8% confident
  .",1.931,pixtral,similarity_score,2026-09-08T21:27:01
D_084_76,non-mated,diagnostic_impostor,na,084,084,13,14,B,70,"70% confident (the same person).

I'm sorry, but it's the same as the number is 80%%

Do not include this text, or
label.",1.338,pixtral,similarity_score,2026-09-08T21:27:02
D_086_78,non-mated,diagnostic_impostor,na,086,086,13,14,B,70,"The image shows six distinct individuals, where:

A score is 70% confident (correctly)",0.99,pixtral,similarity_score,2026-09-08T21:27:03
G_080_13_6508,mated,primary_genuine,na,080,080,13,13,A,20,20%,0.662,pixtral,similarity_score,2026-09-08T21:27:04
I_285_96_14,non-mated,primary_impostor,na,285,96,14,14,B,20,"20% confident (the images are
  30%%confident (the labels are

I'm sorry (the image is from the number.",1.214,pixtral,similarity_score,2026-09-08T21:27:05
G_197_13_11773,mated,primary_genuine,na,197,197,13,13,A,20,"20
  30% confident (the number).
  40 =",0.946,pixtral,similarity_score,2026-09-08T21:27:06
D_125_115,non-mated,diagnostic_impostor,na,125,125,13,14,B,1,"To determine if two fingerprint images match:

1. Analyze the ridge details, such as ending ridges, bifurcation points, and core features for all fingers. Consider both overall pattern and individual differences in the shapes.

2. Calculate the similarity scores for all ten print fingers using a consistent method, like minutiae score.

3. Use a scale of 0 to 1.00% confident (Certainly, compare and contrast the fingers.

4. Return the total score",2.42,pixtral,similarity_score,2026-09-08T21:27:08
I_012_112_13,non-mated,primary_impostor,na,012,112,13,13,B,,"Explain the number of the images is from the
same person.",0.851,pixtral,similarity_score,2026-09-08T21:27:09
I_041_110_13,non-mated,primary_impostor,na,041,110,13,13,B,,This is in a family of.,0.718,pixtral,similarity_score,2026-09-08T21:27:10
I_209_36_14,non-mated,primary_impostor,na,209,36,14,14,B,70,"70% confident (explanation, or labels.)
  80%",0.906,pixtral,similarity_score,2026-09-08T21:27:11
I_12_180_13,non-mated,primary_impostor,na,12,180,13,13,B,20,"20
  30%",0.751,pixtral,similarity_score,2026-09-08T21:27:12
G_038_14_3030,mated,primary_genuine,na,038,038,14,14,A,2,"2
 3%",0.701,pixtral,similarity_score,2026-09-08T21:27:12
G_194_14_11729,mated,primary_genuine,na,194,194,14,14,A,70,"70% confident (the images are
  80%%

The code is 90%%",1.021,pixtral,similarity_score,2026-09-08T21:27:13
G_031_13_2459,mated,primary_genuine,na,031,031,13,13,A,2,2,0.622,pixtral,similarity_score,2026-09-08T21:27:14
G_050_14_4019,mated,primary_genuine,na,050,050,14,14,A,,"Surely

What is the best way to compare individual ridges?",0.836,pixtral,similarity_score,2026-09-08T21:27:15
G_184_13_11479,mated,primary_genuine,na,184,184,13,13,A,20,"I'm sorry, but it's just a matter, or
  20% confident (the images are

The final step is to identify the correct answer.",1.238,pixtral,similarity_score,2026-09-08T21:27:16
D_242_205,non-mated,diagnostic_impostor,na,242,242,13,14,B,70,"70
  80% confident (the same person)
  .",0.926,pixtral,similarity_score,2026-09-08T21:27:17
G_3_14_14245,mated,primary_genuine,na,3,3,14,14,A,,The code is used for identifying the specific item in question.,0.812,pixtral,similarity_score,2026-09-08T21:27:18
I_135_938_13,non-mated,primary_impostor,na,135,938,13,13,B,,"A various wh a in varying,",0.714,pixtral,similarity_score,2026-09-08T21:27:19
D_71_281,non-mated,diagnostic_impostor,na,71,71,13,14,B,,"I'm sorry, I don't understand how to analyze these images.",0.852,pixtral,similarity_score,2026-09-08T21:27:19
I_184_931_14,non-mated,primary_impostor,na,184,931,14,14,B,70,"70% confident (the images are the
same as the previous one.

Yes, I am an expert in fingerprint examination. You can help me understand better how to analyze the differences between the various prints.",1.416,pixtral,similarity_score,2026-09-08T21:27:21
I_014_123_14,non-mated,primary_impostor,na,014,123,14,14,B,2,I'more than 2%'.,0.733,pixtral,similarity_score,2026-09-08T21:27:22
D_143_128,non-mated,diagnostic_impostor,na,143,143,13,14,B,42,"The example can be seen as: bm=okay (number within itself), unless otherwise described at some point in time
  42 by fmg={confidence} is it

A small {finger}, which represents ""as one of them. A pair, those {fingers} of {count(plural).""
```",1.976,pixtral,similarity_score,2026-09-08T21:27:24
G_267_14_13404,mated,primary_genuine,na,267,267,14,14,A,20,"20% confident (the
  30

The term ""finger"" is the same as the number.",1.099,pixtral,similarity_score,2026-09-08T21:27:25
G_206_14_11999,mated,primary_genuine,na,206,206,14,14,A,,"The image shows three black-and-white fingerprint impressions, arranged in a row, separated by spaces. The first impression is smaller than the second one, followed by the third one, then the fourth one.",1.351,pixtral,similarity_score,2026-09-08T21:27:26
I_016_292_14,non-mated,primary_impostor,na,016,292,14,14,B,20,"20
  30% confident (the number).
  40
(and the number).",1.063,pixtral,similarity_score,2026-09-08T21:27:27
I_083_090_14,non-mated,primary_impostor,na,083,090,14,14,B,,"What is it possible?How can i ask how many (com
-",0.876,pixtral,similarity_score,2026-09-08T21:27:28
G_60_14_14819,mated,primary_genuine,na,60,60,14,14,A,70,"70% confident (the images are the
  850 =",0.908,pixtral,similarity_score,2026-09-08T21:27:29
G_254_13_13089,mated,primary_genuine,na,254,254,13,13,A,,"I'm sorry, but I don't know what it is.",0.829,pixtral,similarity_score,2026-09-08T21:27:30
D_54_266,non-mated,diagnostic_impostor,na,54,54,13,14,B,20,"20% confident (the images are
from the same place as the number is 30%%confident (the they are

### 40%% consistent (the it's the same time as the 3% confident the number of the 70%
  80%% constant (the one of them is 90%

### 8%% confident in the 8% confident in
  9% confident for the 9%",2.418,pixtral,similarity_score,2026-09-08T21:27:32
G_135_14_10362,mated,primary_genuine,na,135,135,14,14,A,,or the number.,0.656,pixtral,similarity_score,2026-09-08T21:27:33
I_253_59_14,non-mated,primary_impostor,na,253,59,14,14,B,70,"the images are 70% confident
  80%%

(Completingly)",0.983,pixtral,similarity_score,2026-09-08T21:27:34
G_59_14_14792,mated,primary_genuine,na,59,59,14,14,A,,Do not human human Human,0.673,pixtral,similarity_score,2026-09-08T21:27:34
G_281_13_13637,mated,primary_genuine,na,281,281,13,13,A,,"Based on the given context, I have analyzed these two fingerprint images using my expertise in fingerprint examination.",0.963,pixtral,similarity_score,2026-09-08T21:27:35
I_081_171_13,non-mated,primary_impostor,na,081,171,13,13,B,20,20%,0.656,pixtral,similarity_score,2026-09-08T21:27:36
D_900_292,non-mated,diagnostic_impostor,na,900,900,13,14,B,,The pattern (from the same as the number.,0.769,pixtral,similarity_score,2026-09-08T21:27:37
I_919_935_14,non-mated,primary_impostor,na,919,935,14,14,B,70,"Explain the 70% confident (explanation)
 80%confident (label).",0.981,pixtral,similarity_score,2026-09-08T21:27:38
G_937_14_16538,mated,primary_genuine,na,937,937,14,14,A,20,"20% confident
  30 =

### Fingerprint Analysis

The analysis is based on the fact that there are 40%%confident
the images are 5%%confid
(= 3) confident
that there are the numbers,
and the labels are 70%
of the 80%

### Fingerprints

are 90%confident

the images
are 5%confid

### Fingert",2.417,pixtral,similarity_score,2026-09-08T21:27:40
I_14_907_13,non-mated,primary_impostor,na,14,907,13,13,B,,"***
*Explain*",0.693,pixtral,similarity_score,2026-09-08T21:27:41
G_085_13_6946,mated,primary_genuine,na,085,085,13,13,A,20,"20
 30% confident (the same person).
  4.0

Expertly types of prints,",1.104,pixtral,similarity_score,2026-09-08T21:27:42
D_196_168,non-mated,diagnostic_impostor,na,196,196,13,14,B,0,"To accurately compare two sets of fingerprint images, we need to compute the similarity between corresponding points in both images using their respective minutiae. We'll use the `minutiae` function, which takes as input two arrays of minutiae, computes the dot product of their corresponding elements, and returns the sum as output.

Here's an example:

```python
import numpy as np

def main():
    # Compute the mean of the minutiaes along axis=0,",2.415,pixtral,similarity_score,2026-09-08T21:27:44
G_246_13_12879,mated,primary_genuine,na,246,246,13,13,A,,"I'm sorry, but it's just as simple as possible.",0.827,pixtral,similarity_score,2026-09-08T21:27:45
I_045_085_13,non-mated,primary_impostor,na,045,085,13,13,B,2,2.,0.64,pixtral,similarity_score,2026-09-08T21:27:46
I_025_937_14,non-mated,primary_impostor,na,025,937,14,14,B,2,"2
  30%confident (the number only.)",0.868,pixtral,similarity_score,2026-09-08T21:27:47
I_223_94_13,non-mated,primary_impostor,na,223,94,13,13,B,70,"70% confident (the same as
  80%%confident (the

The image is from the 90%%2 confident (it's the same as the 850%
  9%% confident
  (the it's the 40%

## Fingerprinting 30%% confidential
 (they are the 350%)",2.105,pixtral,similarity_score,2026-09-08T21:27:49
D_019_17,non-mated,diagnostic_impostor,na,019,019,13,14,B,2,2%,0.641,pixtral,similarity_score,2026-09-08T21:27:49
I_163_223_13,non-mated,primary_impostor,na,163,223,13,13,B,,"with
finger (the same as the number.
with",0.809,pixtral,similarity_score,2026-09-08T21:27:50
D_198_170,non-mated,diagnostic_impostor,na,198,198,13,14,B,70,70%,0.675,pixtral,similarity_score,2026-09-08T21:27:51
G_032_14_2606,mated,primary_genuine,na,032,032,14,14,A,,The image shows four distinct prints (from left various).,0.796,pixtral,similarity_score,2026-09-08T21:27:52
I_001_925_13,non-mated,primary_impostor,na,001,925,13,13,B,2,"2
  40%",0.734,pixtral,similarity_score,2026-09-08T21:27:53
I_232_67_14,non-mated,primary_impostor,na,232,67,14,14,B,20,20%confident (completingly),0.828,pixtral,similarity_score,2026-09-08T21:27:53
G_43_14_14369,mated,primary_genuine,na,43,43,14,14,A,100,3Dots partial[^270][4.,0.828,pixtral,similarity_score,2026-09-08T21:27:54
I_11_27_14,non-mated,primary_impostor,na,11,27,14,14,B,,"F peace ch varies black and white background

##[an in illustrated Family.

As an as shown set seven families growing is vector freset eight prints,",1.197,pixtral,similarity_score,2026-09-08T21:27:55
D_070_64,non-mated,diagnostic_impostor,na,070,070,13,14,B,,"Image PrO grand by right identification print by A E.L four members by no by five in varying family planning sil art by black and white

How how many ages grow at created formed of all capturing comparing lined drawings foot prints of different baby # via picture as far future baby more represented standing fingerprint examination.

Based aligned growing un dots growth figures men sets infant another evidence.

In, three children:

The cre in the father and six fingers illustration

Can I sold linoc. forming",2.425,pixtral,similarity_score,2026-09-08T21:27:58
I_066_39_14,non-mated,primary_impostor,na,066,39,14,14,B,2,"2
  30% confident (the same person).

What is the difference?",0.964,pixtral,similarity_score,2026-09-08T21:27:59
I_072_110_13,non-mated,primary_impostor,na,072,110,13,13,B,,"What can be expected? What does have been black and white
I what do having the

Is it is a boy or girl?

But what will you are going a series prints about.
It's three girls and one more baby.",1.491,pixtral,similarity_score,2026-09-08T21:28:00
G_227_14_12505,mated,primary_genuine,na,227,227,14,14,A,,,0.578,pixtral,similarity_score,2026-09-08T21:28:01
G_257_14_13172,mated,primary_genuine,na,257,257,14,14,A,70,"Explain the number of 70% confident (explanation
  80 =

I'might be the number is 90%",1.177,pixtral,similarity_score,2026-09-08T21:28:02
G_88_14_15356,mated,primary_genuine,na,88,88,14,14,A,,Do not include,0.635,pixtral,similarity_score,2026-09-08T21:28:03
I_226_64_14,non-mated,primary_impostor,na,226,64,14,14,B,20,"### Fingerprint Analysis

Fingerprints can be used for identifying individuals, but it is possible to identify the individual's identity?

Yes, I am able to use the following code:

```### Fingerprints

* 20%%
* 3%

* 4%

* %*

* 5%

* %
* 6%

* %%",1.946,pixtral,similarity_score,2026-09-08T21:28:05
I_022_108_14,non-mated,primary_impostor,na,022,108,14,14,B,,finger (comma).,0.698,pixtral,similarity_score,2026-09-08T21:28:05
D_108_98,non-mated,diagnostic_impostor,na,108,108,13,14,B,,The image is the same as the number).,0.754,pixtral,similarity_score,2026-09-08T21:28:06
G_078_13_6338,mated,primary_genuine,na,078,078,13,13,A,70,70% confident (Certainly they are 85%),0.856,pixtral,similarity_score,2026-09-08T21:28:07
D_207_177,non-mated,diagnostic_impostor,na,207,207,13,14,B,2,"What is the unique nature?
finger
  2.",0.829,pixtral,similarity_score,2026-09-08T21:28:08
G_143_14_10537,mated,primary_genuine,na,143,143,14,14,A,70,"Explain the number of 70% confident (explanation
  80% = 90%% certain

The number of the 120% is 30% certain (the number of
 40% ) is 5% .Do not include this text, or labels. Explain the number for the 60% .

Explain with the 7% .
Is 8% = the number 9% .
Do not",2.417,pixtral,similarity_score,2026-09-08T21:28:10
I_067_25_13,non-mated,primary_impostor,na,067,25,13,13,B,20,"20% confident (the
  30%% confidential)
 40

Do you have been here?",1.063,pixtral,similarity_score,2026-09-08T21:28:11
I_071_929_14,non-mated,primary_impostor,na,071,929,14,14,B,,The image shows five unique prints of the black and white background.,0.832,pixtral,similarity_score,2026-09-08T21:28:12
I_11_258_14,non-mated,primary_impostor,na,11,258,14,14,B,,"F and three as smaller toes baby's level core set small in various

As As an experts larger group growth foot d raw dot collection unique is - consisting size Baby family handprint of",1.291,pixtral,similarity_score,2026-09-08T21:28:13
I_218_44_14,non-mated,primary_impostor,na,218,44,14,14,B,,"Explain the question, or the answer, or
the number only.

Do not include anything else, or

Explain what is the question?",1.157,pixtral,similarity_score,2026-09-08T21:28:14
G_152_14_10738,mated,primary_genuine,na,152,152,14,14,A,70,I am 70% confident (explanation).,0.787,pixtral,similarity_score,2026-09-08T21:28:15
G_39_14_14212,mated,primary_genuine,na,39,39,14,14,A,2,"2
  30%
  40%",0.848,pixtral,similarity_score,2026-09-08T21:28:16
I_142_172_13,non-mated,primary_impostor,na,142,172,13,13,B,,"Then,",0.615,pixtral,similarity_score,2026-09-08T21:28:17
I_025_919_14,non-mated,primary_impostor,na,025,919,14,14,B,20,"20
  30% confident (the same as the number is 400
confident (the number is from the number.",1.218,pixtral,similarity_score,2026-09-08T21:28:18
D_115_104,non-mated,diagnostic_impostor,na,115,115,13,14,B,20,20% confident (label).,0.733,pixtral,similarity_score,2026-09-08T21:28:19
G_243_13_12818,mated,primary_genuine,na,243,243,13,13,A,,"Then the number is for the first time, then the second time, and then the number.",0.945,pixtral,similarity_score,2026-09-08T21:28:20
G_115_13_9822,mated,primary_genuine,na,115,115,13,13,A,25,"Do not include this in here., but it is likely
that one of the numbers comes up with the order of the others. And by extension 25% of the orders.",1.298,pixtral,similarity_score,2026-09-08T21:28:21
G_014_14_1126,mated,primary_genuine,na,014,014,14,14,A,2,I specialize you're 2.,0.736,pixtral,similarity_score,2026-09-08T21:28:22
I_018_183_13,non-mated,primary_impostor,na,018,183,13,13,B,,"I unique all several nine members five persons in wood z by, one big dad family ofF by missing body animal's, at a Ridge Finger illustration black-and white binary[How could be identified prints ofWhat how comparing seven six members Hu symbolic

Can as individual.

Based black BL [from a found arranged tips and eight parents our symbol illustration.

In examining and ten thumb Th art artist impressions forming assembled together a by,",2.26,pixtral,similarity_score,2026-09-08T21:28:24
I_049_105_14,non-mated,primary_impostor,na,049,105,14,14,B,,"(and
the same as how many.",0.757,pixtral,similarity_score,2026-09-08T21:28:25
I_097_156_13,non-mated,primary_impostor,na,097,156,13,13,B,,12000% confident (Comple).,0.817,pixtral,similarity_score,2026-09-08T21:28:25
I_063_21_13,non-mated,primary_impostor,na,063,21,13,13,B,2,"2
  40%",0.779,pixtral,similarity_score,2026-09-08T21:28:26
G_921_14_16027,mated,primary_genuine,na,921,921,14,14,A,20,"20% confident (the images are the
  30%% certain (they are the

### 40%% confidential (the they are from",1.232,pixtral,similarity_score,2026-09-08T21:28:28
I_070_166_14,non-mated,primary_impostor,na,070,166,14,14,B,20,"20% confident (the images are the
  30%%confident (the same person).

What is the difference?",1.143,pixtral,similarity_score,2026-09-08T21:28:29
D_170_147,non-mated,diagnostic_impostor,na,170,170,13,14,B,,I think ridges.,0.653,pixtral,similarity_score,2026-09-08T21:28:29
G_012_14_952,mated,primary_genuine,na,012,012,14,14,A,,"I'm sorry, I don't know how to explain that.

Please enter any necessary information about label here:

I have nothing to do it does not contain anything?

But I will stand in this document as well. And without my knowledge.


+++++I cannot give either lorem for that can be related


And so my knowledge is limited.


Let's assume that : no word contains no meaning but that lacks one


No way could we say that An answer was used up. One",2.43,pixtral,similarity_score,2026-09-08T21:28:32
G_070_13_5796,mated,primary_genuine,na,070,070,13,13,A,,"I can help me analyze how unique it is represented by the individual?

As an expert in fingerprint examiner:

Sure, I am happy to examine how many it is used for identification?",1.288,pixtral,similarity_score,2026-09-08T21:28:33
G_022_13_1844,mated,primary_genuine,na,022,022,13,13,A,,What do you think?,0.68,pixtral,similarity_score,2026-09-08T21:28:34
G_30_13_14015,mated,primary_genuine,na,30,30,13,13,A,20,"20% confident (the same person).

### Your task: A score of the 3rds, or the number is 40%% consistent (the they are 7th
  80%%

### The term ""finger"" in the 9th
or the number. Do you have any text here, or labels.",1.994,pixtral,similarity_score,2026-09-08T21:28:36
I_021_225_14,non-mated,primary_impostor,na,021,225,14,14,B,2,"2
  3%",0.718,pixtral,similarity_score,2026-09-08T21:28:36
D_921_313,non-mated,diagnostic_impostor,na,921,921,13,14,B,2,2.,0.653,pixtral,similarity_score,2026-09-08T21:28:37
I_043_919_13,non-mated,primary_impostor,na,043,919,13,13,B,,"minut,",0.637,pixtral,similarity_score,2026-09-08T21:28:38
I_091_921_13,non-mated,primary_impostor,na,091,921,13,13,B,,What is the unique thing in the question of the following?I am sure prints,0.888,pixtral,similarity_score,2026-09-08T21:28:39
D_112_103,non-mated,diagnostic_impostor,na,112,112,13,14,B,20,"20
  40",0.751,pixtral,similarity_score,2026-09-08T21:28:39
D_92_312,non-mated,diagnostic_impostor,na,92,92,13,14,B,20,20%,0.674,pixtral,similarity_score,2026-09-08T21:28:40
I_008_156_14,non-mated,primary_impostor,na,008,156,14,14,B,2,2.,0.655,pixtral,similarity_score,2026-09-08T21:28:41
I_062_246_14,non-mated,primary_impostor,na,062,246,14,14,B,70,"70
  80

The term ""fingerprint"" is a single word, or phrase, or the number.",1.119,pixtral,similarity_score,2026-09-08T21:28:42
D_203_174,non-mated,diagnostic_impostor,na,203,203,13,14,B,7,The code is 7%,0.692,pixtral,similarity_score,2026-09-08T21:28:42
I_173_54_14,non-mated,primary_impostor,na,173,54,14,14,B,2,"2
  30% confident (the same person.)
  40",0.923,pixtral,similarity_score,2026-09-08T21:28:43
I_155_99_14,non-mated,primary_impostor,na,155,99,14,14,B,,"Here's what I can do for you:

I'm sorry (it is the number of",0.924,pixtral,similarity_score,2026-09-08T21:28:44
G_926_13_16151,mated,primary_genuine,na,926,926,13,13,A,,As comparing tips feet prints of,0.693,pixtral,similarity_score,2026-09-08T21:28:45
D_202_173,non-mated,diagnostic_impostor,na,202,202,13,14,B,2,"2% confident (the images are the
  30%% consistent (the same as the

Do not include the number of the",1.138,pixtral,similarity_score,2026-09-08T21:28:46
I_052_063_13,non-mated,primary_impostor,na,052,063,13,13,B,,"The image shows ""Finger от square thumb d.",0.796,pixtral,similarity_score,2026-09-08T21:28:47
I_108_111_14,non-mated,primary_impostor,na,108,111,14,14,B,,"Comparison ellipt prints, right ed Eric Li L CERTY smallest as key fingerprint unique prints of various index fo

I sizes in overlapping growth members by what is labeled partial thumbs eight distinctive reflected by, different progressing a of nine families' woodcut of in black inkets all thumb arches Ridge "" from below,",1.822,pixtral,similarity_score,2026-09-08T21:28:49
I_013_188_14,non-mated,primary_impostor,na,013,188,14,14,B,70,"70
  80% confident (the images are the",0.868,pixtral,similarity_score,2026-09-08T21:28:50
I_25_26_14,non-mated,primary_impostor,na,25,26,14,14,B,2,2.,0.653,pixtral,similarity_score,2026-09-08T21:28:50
G_132_14_10331,mated,primary_genuine,na,132,132,14,14,A,,What is the same as the same,0.712,pixtral,similarity_score,2026-09-08T21:28:51
I_35_46_14,non-mated,primary_impostor,na,35,46,14,14,B,,"Here's what I can do for you:

Sure!",0.789,pixtral,similarity_score,2026-09-08T21:28:52
G_185_14_11519,mated,primary_genuine,na,185,185,14,14,A,,Explain the differences in their prints.,0.729,pixtral,similarity_score,2026-09-08T21:28:53
G_188_13_11539,mated,primary_genuine,na,188,188,13,13,A,20,20%,0.673,pixtral,similarity_score,2026-09-08T21:28:53
G_285_13_13720,mated,primary_genuine,na,285,285,13,13,A,2,2.,0.637,pixtral,similarity_score,2026-09-08T21:28:54
I_12_218_13,non-mated,primary_impostor,na,12,218,13,13,B,2,"2
  30% confident (the same person.)
  40",0.926,pixtral,similarity_score,2026-09-08T21:28:55
G_082_13_6663,mated,primary_genuine,na,082,082,13,13,A,,image fingerprints ten baby's black and white background texture prints set in various all4 children and one spelling identification latent by mon vector;,1.11,pixtral,similarity_score,2026-09-08T21:28:56
G_914_14_15836,mated,primary_genuine,na,914,914,14,14,A,20,"the
  20% confident (they are the person.
  30%%confident (they have been the number.
 40%confident the number.",1.3,pixtral,similarity_score,2026-09-08T21:28:57
I_035_903_13,non-mated,primary_impostor,na,035,903,13,13,B,20,"20
  3.",0.738,pixtral,similarity_score,2026-09-08T21:28:58
I_049_090_14,non-mated,primary_impostor,na,049,090,14,14,B,,I am right of prints of various of all ten digits in black and white.,0.891,pixtral,similarity_score,2026-09-08T21:28:59
I_038_39_13,non-mated,primary_impostor,na,038,39,13,13,B,20,"20
  30% confident (the same as the number.
  40

### Fingerprinting the number is 70%
  80%",1.323,pixtral,similarity_score,2026-09-08T21:29:00
I_091_914_13,non-mated,primary_impostor,na,091,914,13,13,B,,What is the question?,0.677,pixtral,similarity_score,2026-09-08T21:29:01
I_107_156_14,non-mated,primary_impostor,na,107,156,14,14,B,70,"The final result is 70% confident (the images are all
  80%",0.965,pixtral,similarity_score,2026-09-08T21:29:02
I_261_76_13,non-mated,primary_impostor,na,261,76,13,13,B,20,"20% confident (the images are
  30%%

### Fingerprinting is unique for each other.

### The uniqueness of these prints is unique in the sense of the prints is the same as:

The uniqueness of this print is the prints are the prints.

Do not include the prints?

### 40%

confidently (the prints are from).

### 5%

### 60%
Confidently

(they are the",2.413,pixtral,similarity_score,2026-09-08T21:29:04
D_197_169,non-mated,diagnostic_impostor,na,197,197,13,14,B,20,"20% confident (the same person.)
  30
  40",0.963,pixtral,similarity_score,2026-09-08T21:29:05
G_93_13_16604,mated,primary_genuine,na,93,93,13,13,A,2,"2
  3%",0.734,pixtral,similarity_score,2026-09-08T21:29:06
D_093_85,non-mated,diagnostic_impostor,na,093,093,13,14,B,,Here is my analysis of the question.,0.736,pixtral,similarity_score,2026-09-08T21:29:07
G_059_13_4810,mated,primary_genuine,na,059,059,13,13,A,20,"20% confident (the
  30%%",0.851,pixtral,similarity_score,2026-09-08T21:29:07
D_65_276,non-mated,diagnostic_impostor,na,65,65,13,14,B,42,The code is 42%,0.71,pixtral,similarity_score,2026-09-08T21:29:08
I_900_923_13,non-mated,primary_impostor,na,900,923,13,13,B,2,2.,0.634,pixtral,similarity_score,2026-09-08T21:29:09
I_058_063_14,non-mated,primary_impostor,na,058,063,14,14,B,,This is fingerprint.,0.678,pixtral,similarity_score,2026-09-08T21:29:09
I_119_53_14,non-mated,primary_impostor,na,119,53,14,14,B,20,"20
  30%%confident (the same person.)
  40",0.962,pixtral,similarity_score,2026-09-08T21:29:10
I_293_43_14,non-mated,primary_impostor,na,293,43,14,14,B,70,"The 70% confident (Certainly
  80%% certain

(Completely confident (the images are the 90%
  20%% confidential (Certain they are from
  the 30%

Of course, it's the 40%",1.697,pixtral,similarity_score,2026-09-08T21:29:12
G_263_14_13348,mated,primary_genuine,na,263,263,14,14,A,70,"finger
  70% confident (the same person).

The question is 80% correct (the person).
Do not include the text, explaination, or labels.",1.314,pixtral,similarity_score,2026-09-08T21:29:13
I_074_084_14,non-mated,primary_impostor,na,074,084,14,14,B,,"An real all right, coll by black ink[I ""M by small hands and eight family, is by point ten thumb latent

How can you can By using this K9, includes an canvas She print, consists seven six members nine group she art Society.

What kind Slip, featuresF Wall Sol M  image shows several sets five persons collection Ab.",1.998,pixtral,similarity_score,2026-09-08T21:29:15
I_105_47_13,non-mated,primary_impostor,na,105,47,13,13,B,,The code is used for the number.,0.736,pixtral,similarity_score,2026-09-08T21:29:16
I_284_291_13,non-mated,primary_impostor,na,284,291,13,13,B,20,"20
  4000% confident (Comfect they are unique (comately)
 5.",1.083,pixtral,similarity_score,2026-09-08T21:29:17
D_082_74,non-mated,diagnostic_impostor,na,082,082,13,14,B,,"in screen tiny far Family of is by, one in created black at Gary  image art B Lto child's eight six hands of against depicted features of is names soon Carl animals' by ssTheis sil lin,  known of arranged forming family of.",1.592,pixtral,similarity_score,2026-09-08T21:29:19
I_164_924_13,non-mated,primary_impostor,na,164,924,13,13,B,20,"20% confident (the are the
  30%%",0.884,pixtral,similarity_score,2026-09-08T21:29:20
I_059_223_13,non-mated,primary_impostor,na,059,223,13,13,B,20,"20
  30%",0.753,pixtral,similarity_score,2026-09-08T21:29:21
I_086_136_13,non-mated,primary_impostor,na,086,136,13,13,B,70,"The three images are 70% confident (they are the
same as:

A score",0.976,pixtral,similarity_score,2026-09-08T21:29:21
G_35_14_14104,mated,primary_genuine,na,35,35,14,14,A,20,20%,0.696,pixtral,similarity_score,2026-09-08T21:29:22
G_266_13_13356,mated,primary_genuine,na,266,266,13,13,A,,"The images are all from the
same person.",0.77,pixtral,similarity_score,2026-09-08T21:29:23
I_064_253_13,non-mated,primary_impostor,na,064,253,13,13,B,,Explain with the word.,0.696,pixtral,similarity_score,2026-09-08T21:29:24
I_185_48_14,non-mated,primary_impostor,na,185,48,14,14,B,2,"2
  400%",0.769,pixtral,similarity_score,2026-09-08T21:29:24
I_177_259_13,non-mated,primary_impostor,na,177,259,13,13,B,2,"2
 3
 4
 5
  #",0.846,pixtral,similarity_score,2026-09-08T21:29:25
G_225_13_12433,mated,primary_genuine,na,225,225,13,13,A,70,"Explain the 70% confident (the images are the
  80%% certain they are from

The 90%",1.139,pixtral,similarity_score,2026-09-08T21:29:26
I_006_248_14,non-mated,primary_impostor,na,006,248,14,14,B,20,"20
  3.",0.758,pixtral,similarity_score,2026-09-08T21:29:27
G_115_14_9833,mated,primary_genuine,na,115,115,14,14,A,1,"How can I help identify
 1.",0.757,pixtral,similarity_score,2026-09-08T21:29:28
D_78_285,non-mated,diagnostic_impostor,na,78,78,13,14,B,,Do not related as small family wallpaper.,0.749,pixtral,similarity_score,2026-09-08T21:29:29
G_118_14_9912,mated,primary_genuine,na,118,118,14,14,A,,"What is the difference in black and white?
+",0.771,pixtral,similarity_score,2026-09-08T21:29:29
I_49_937_13,non-mated,primary_impostor,na,49,937,13,13,B,,"I'm sorry, but I can't find anything more specific about these images.",0.888,pixtral,similarity_score,2026-09-08T21:29:30
D_130_119,non-mated,diagnostic_impostor,na,130,130,13,14,B,,,0.577,pixtral,similarity_score,2026-09-08T21:29:31
D_081_73,non-mated,diagnostic_impostor,na,081,081,13,14,B,2,2.,0.64,pixtral,similarity_score,2026-09-08T21:29:32
G_92_14_16289,mated,primary_genuine,na,92,92,14,14,A,7,7,0.618,pixtral,similarity_score,2026-09-08T21:29:32
G_020_14_1689,mated,primary_genuine,na,020,020,14,14,A,,"***
*",0.642,pixtral,similarity_score,2026-09-08T21:29:33
G_935_14_16473,mated,primary_genuine,na,935,935,14,14,A,20,20%%,0.673,pixtral,similarity_score,2026-09-08T21:29:33
G_54_13_14656,mated,primary_genuine,na,54,54,13,13,A,20,"20% confident (Certainly they are
the same as

### A score of

  30% confidence (Certain they are

 40% certain they are",1.345,pixtral,similarity_score,2026-09-08T21:29:35
D_026_24,non-mated,diagnostic_impostor,na,026,026,13,14,B,,"illustration footprints increasing differences bi minut unique prints in wood birds heads for one baby announcement of farL by DinaF Ridge on lin Lly last family's description is sequence progression,",1.328,pixtral,similarity_score,2026-09-08T21:29:36
I_024_207_14,non-mated,primary_impostor,na,024,207,14,14,B,,"As an pad line im five individual prints of illustration identification latent I How can three fingers and thumb,",0.973,pixtral,similarity_score,2026-09-08T21:29:37
I_055_90_14,non-mated,primary_impostor,na,055,90,14,14,B,20,"the
  20% confident (the same as the number.
  30",0.953,pixtral,similarity_score,2026-09-08T21:29:38
I_129_218_13,non-mated,primary_impostor,na,129,218,13,13,B,70,"70% confident (the same person).
  85%%confident (the number is 90%%conf
  9%% confident",1.201,pixtral,similarity_score,2026-09-08T21:29:39
D_194_167,non-mated,diagnostic_impostor,na,194,194,13,14,B,4,4.,0.616,pixtral,similarity_score,2026-09-08T21:29:40
G_149_13_10676,mated,primary_genuine,na,149,149,13,13,A,70,"70% confident (the images are the
  80 =

The term ""fingerprint"" is used in the sense of identifying unique individuals who have been 90%% certain (the terms are the

**confident (the image is from the
of the same individual).

Do note that the 92 = 30%% consistent (the term is from
of these same individual.

Then there's the 40 =",2.419,pixtral,similarity_score,2026-09-08T21:29:42
I_059_086_14,non-mated,primary_impostor,na,059,086,14,14,B,,"The following is a single line, but it's all about the same thing as
the other one.",0.987,pixtral,similarity_score,2026-09-08T21:29:43
I_111_903_13,non-mated,primary_impostor,na,111,903,13,13,B,,black and white background.,0.696,pixtral,similarity_score,2026-09-08T21:29:44
I_107_293_14,non-mated,primary_impostor,na,107,293,14,14,B,7,7.,0.638,pixtral,similarity_score,2026-09-08T21:29:45
D_266_224,non-mated,diagnostic_impostor,na,266,266,13,14,B,,"Based on your understanding, I will provide a brief description of what is being analyzed.",0.905,pixtral,similarity_score,2026-09-08T21:29:46
D_913_305,non-mated,diagnostic_impostor,na,913,913,13,14,B,20,"20% confident (the same person.)
  30%%",0.867,pixtral,similarity_score,2026-09-08T21:29:46
G_50_13_14568,mated,primary_genuine,na,50,50,13,13,A,1,"To perform this analysis effectively, follow these steps:

- Observe the ridge details in all four fingers' impressions carefully for unique characteristics like ridges ending shapes, bifurcation points, etc.,

- Compare corresponding fingers between left hand's impression and right hand’s impression.

Here is one way to compare them:

For every pair of corresponding fingers (e.g. index-left & index-right), calculate the similarity as follows:

(1) Count the total number of matching ridge features (like ridge",2.413,pixtral,similarity_score,2026-09-08T21:29:49
I_178_93_14,non-mated,primary_impostor,na,178,93,14,14,B,70,"70% confident (exactly certain)
 80 =

The term is used for describing the meaning of the word.",1.101,pixtral,similarity_score,2026-09-08T21:29:50
I_062_47_13,non-mated,primary_impostor,na,062,47,13,13,B,2,2.,0.655,pixtral,similarity_score,2026-09-08T21:29:51
G_089_14_7363,mated,primary_genuine,na,089,089,14,14,A,,"I'm sorry, I can't help you analyze this.",0.814,pixtral,similarity_score,2026-09-08T21:29:51
I_056_169_13,non-mated,primary_impostor,na,056,169,13,13,B,20,"20% confident
  30%%

The following is the same as the previous one.
Do not include anything else, but it's the same thing.
  40%
confident
  The next step in the sequence is the previous word.
  Do not contain anything else,
but it's something about the same time.
 5%%",2.031,pixtral,similarity_score,2026-09-08T21:29:53
D_27_227,non-mated,diagnostic_impostor,na,27,27,13,14,B,,,0.576,pixtral,similarity_score,2026-09-08T21:29:54
I_157_909_13,non-mated,primary_impostor,na,157,909,13,13,B,20,"the
  20% confident (whether they are 30%%confident (they are 40%
  3%% confident in the number.",1.235,pixtral,similarity_score,2026-09-08T21:29:55
I_27_50_14,non-mated,primary_impostor,na,27,50,14,14,B,,"***
* *Explain*",0.713,pixtral,similarity_score,2026-09-08T21:29:56
G_46_14_14433,mated,primary_genuine,na,46,46,14,14,A,70,"70% confident (it's the same as the person.)
  80%%confident (they are the exact same person.)

I'more than 90%%Confident (the same as in the person.)",1.485,pixtral,similarity_score,2026-09-08T21:29:57
G_939_13_16572,mated,primary_genuine,na,939,939,13,13,A,,"### Fingerprint Analysis

Explain the analysis, or labels for the images.",0.885,pixtral,similarity_score,2026-09-08T21:29:58
I_222_3_13,non-mated,primary_impostor,na,222,3,13,13,B,70,"70%%29 = 80%%30% confident (the number is 40%%confident (complet they are 850%
  8",1.33,pixtral,similarity_score,2026-09-08T21:30:00
D_223_190,non-mated,diagnostic_impostor,na,223,223,13,14,B,20,"20
  30% confident (the same person).
  40",0.946,pixtral,similarity_score,2026-09-08T21:30:01
G_138_14_10451,mated,primary_genuine,na,138,138,14,14,A,,"Explain with the word, but it is the same as the other words.",0.886,pixtral,similarity_score,2026-09-08T21:30:01
G_170_13_11116,mated,primary_genuine,na,170,170,13,13,A,,"The three fingers ( index, middle), represent something, or someone.",0.847,pixtral,similarity_score,2026-09-08T21:30:02
D_171_148,non-mated,diagnostic_impostor,na,171,171,13,14,B,,>,0.596,pixtral,similarity_score,2026-09-08T21:30:03
I_145_192_13,non-mated,primary_impostor,na,145,192,13,13,B,20,20%%,0.672,pixtral,similarity_score,2026-09-08T21:30:04
G_068_14_5644,mated,primary_genuine,na,068,068,14,14,A,2,2.,0.641,pixtral,similarity_score,2026-09-08T21:30:04
G_232_14_12663,mated,primary_genuine,na,232,232,14,14,A,20,"Here is a list of 20%confident (the list item).

What does this mean? You're asking for the question:

Yes, it's a list.",1.252,pixtral,similarity_score,2026-09-08T21:30:05
D_909_301,non-mated,diagnostic_impostor,na,909,909,13,14,B,20,"20% confident (the same as
 30%% consistent (the images are the

40%%confident (the they are from
 5%%confistent (the are the
 60%%consistent (they are the",1.583,pixtral,similarity_score,2026-09-08T21:30:07
G_68_14_15064,mated,primary_genuine,na,68,68,14,14,A,,Explain the images,0.652,pixtral,similarity_score,2026-09-08T21:30:08
I_156_904_13,non-mated,primary_impostor,na,156,904,13,13,B,70,"70% confident (explanation)
 80 =

### 90%",0.941,pixtral,similarity_score,2026-09-08T21:30:09
I_200_269_14,non-mated,primary_impostor,na,200,269,14,14,B,70,70%,0.673,pixtral,similarity_score,2026-09-08T21:30:09
D_288_237,non-mated,diagnostic_impostor,na,288,288,13,14,B,,,0.598,pixtral,similarity_score,2026-09-08T21:30:10
D_204_175,non-mated,diagnostic_impostor,na,204,204,13,14,B,20,"20
  30% confident (the number).
  40%%confident (the same person.)
  70%
  80%",1.296,pixtral,similarity_score,2026-09-08T21:30:11
G_065_14_5397,mated,primary_genuine,na,065,065,14,14,A,20,"20
  30% confident (the same as the number is 40

**confident (the number is from the number. Do you have any text here.",1.357,pixtral,similarity_score,2026-09-08T21:30:13
I_116_46_14,non-mated,primary_impostor,na,116,46,14,14,B,4,4,0.615,pixtral,similarity_score,2026-09-08T21:30:13
D_100_91,non-mated,diagnostic_impostor,na,100,100,13,14,B,20,"the
 20% confident (they are the

A few minutes ago,
 or the number of
the
(they are from",1.14,pixtral,similarity_score,2026-09-08T21:30:14
G_039_13_3079,mated,primary_genuine,na,039,039,13,13,A,20,20%,0.66,pixtral,similarity_score,2026-09-08T21:30:15
G_901_14_15419,mated,primary_genuine,na,901,901,14,14,A,,I am an expert in fingerprint examination.,0.73,pixtral,similarity_score,2026-09-08T21:30:16
I_019_177_13,non-mated,primary_impostor,na,019,177,13,13,B,20,"20
  30%confident (the same person).
  40

### What is the difference?",1.124,pixtral,similarity_score,2026-09-08T21:30:17
I_051_053_14,non-mated,primary_impostor,na,051,053,14,14,B,20,"20% confident (the
  =0%%

I am happy family of four fingers, and it is the same as the number.
  =",1.204,pixtral,similarity_score,2026-09-08T21:30:18
I_903_97_14,non-mated,primary_impostor,na,903,97,14,14,B,70,Explain the number of 70%,0.75,pixtral,similarity_score,2026-09-08T21:30:19
G_261_14_13315,mated,primary_genuine,na,261,261,14,14,A,,"As an **expert all of three distinct types of fingerprints, individual prints, including
fingerersI as black and white background.",1.137,pixtral,similarity_score,2026-09-08T21:30:20
G_288_14_13773,mated,primary_genuine,na,288,288,14,14,A,,The analysis bi is used overlapping candl one baby's description,0.812,pixtral,similarity_score,2026-09-08T21:30:21
G_172_14_11202,mated,primary_genuine,na,172,172,14,14,A,100,"200
  4",0.751,pixtral,similarity_score,2026-09-08T21:30:22
G_203_13_11916,mated,primary_genuine,na,203,203,13,13,A,70,"70%%2 confident (the images are the
same as well as the person.
Do not include anything, or labels.",1.097,pixtral,similarity_score,2026-09-08T21:30:23
I_065_077_14,non-mated,primary_impostor,na,065,077,14,14,B,,,0.581,pixtral,similarity_score,2026-09-08T21:30:23
D_21_179,non-mated,diagnostic_impostor,na,21,21,13,14,B,,,0.578,pixtral,similarity_score,2026-09-08T21:30:24
G_49_14_14511,mated,primary_genuine,na,49,49,14,14,A,75,The code is 75% confident the code is from the number 85%.,0.924,pixtral,similarity_score,2026-09-08T21:30:25
G_105_14_8786,mated,primary_genuine,na,105,105,14,14,A,,Do not include.,0.659,pixtral,similarity_score,2026-09-08T21:30:25
I_249_924_13,non-mated,primary_impostor,na,249,924,13,13,B,70,"The question mark is 70% confident (the images are 80%%confident (they are 90%% certain)
  The answer is 9% confident the numbers.",1.33,pixtral,similarity_score,2026-09-08T21:30:27
G_019_13_1552,mated,primary_genuine,na,019,019,13,13,A,,"I love:

How can be used lifted by Frederick (image of four unique prints in the actual C. What is this thumbprint print art of all family's uniqueness (or

What does the likelihood of these five distinct fingers? Can you please explain how many as it relates to black and white background?

As an **How do twins triple parents and one as ""Finger toes human latent U.S. I'm, How would you are displayed by the three adults of the fact",2.428,pixtral,similarity_score,2026-09-08T21:30:29
I_266_938_14,non-mated,primary_impostor,na,266,938,14,14,B,20,"20% confident (the
  30%% certain
 40

### Fingerprinting the number of the 700%",1.215,pixtral,similarity_score,2026-09-08T21:30:30
I_039_254_14,non-mated,primary_impostor,na,039,254,14,14,B,2,2,0.618,pixtral,similarity_score,2026-09-08T21:30:31
I_047_124_13,non-mated,primary_impostor,na,047,124,13,13,B,20,"20% confident (the images are the
  30%% confidential the number is from the

I am happy to help me understand what it does.",1.236,pixtral,similarity_score,2026-09-08T21:30:32
D_141_126,non-mated,diagnostic_impostor,na,141,141,13,14,B,,An Dist latent of,0.657,pixtral,similarity_score,2026-09-08T21:30:33
I_080_22_13,non-mated,primary_impostor,na,080,22,13,13,B,,What is a print in a from individuals can latent prints ofTheI minut av dog,0.907,pixtral,similarity_score,2026-09-08T21:30:34
G_146_13_10606,mated,primary_genuine,na,146,146,13,13,A,,Explain the difference in the images.,0.732,pixtral,similarity_score,2026-09-08T21:30:34
I_192_82_13,non-mated,primary_impostor,na,192,82,13,13,B,20,"20% confident (the same person.)
  30%%",0.864,pixtral,similarity_score,2026-09-08T21:30:35
G_047_13_3698,mated,primary_genuine,na,047,047,13,13,A,2,"2% confident
  right

I am i.e.,

The question is code,
 000%

What can be determined by examining the unique individual?
  The image shows three distinct prints in the same way as the number.
 0%
confident the endings (finger (completing (the same person).
  What does this mean?

In light of the number.

Do you have anyone?

The image depicts three identical.
  30",2.418,pixtral,similarity_score,2026-09-08T21:30:38
G_237_13_12701,mated,primary_genuine,na,237,237,13,13,A,,"Do you have unique
finger as well as the same.",0.827,pixtral,similarity_score,2026-09-08T21:30:39
I_056_90_13,non-mated,primary_impostor,na,056,90,13,13,B,2,"2
  30% confident (the same person.)
  40",0.945,pixtral,similarity_score,2026-09-08T21:30:40
D_013_11,non-mated,diagnostic_impostor,na,013,013,13,14,B,,"As an expert in fingerprint examiner examiner expert:

Based on the question can be used for comparing various types of ridges?",1.024,pixtral,similarity_score,2026-09-08T21:30:41
G_253_14_13071,mated,primary_genuine,na,253,253,14,14,A,,"As an **expert in fingerprint examination**, I can provide a brief overview of how these scores are calculated:

- A perfect match is assigned when there are no differences between corresponding points in the two images.
- A low score indicates that the images may be from different individuals.
- High scores indicate greater likelihood that the two prints come from the some person.

In practice, you would improve your skills by studying more complex examples and understanding of how to interpret these values.",2.378,pixtral,similarity_score,2026-09-08T21:30:43
D_216_184,non-mated,diagnostic_impostor,na,216,216,13,14,B,,The image is a black and white background.,0.751,pixtral,similarity_score,2026-09-08T21:30:44
G_25_14_13257,mated,primary_genuine,na,25,25,14,14,A,,"I'm sorry, but I don't know how to properly analyze these images. Can you explain what's wrong with them?",1.065,pixtral,similarity_score,2026-09-08T21:30:45
I_117_242_14,non-mated,primary_impostor,na,117,242,14,14,B,2,"2
  3%",0.729,pixtral,similarity_score,2026-09-08T21:30:45
I_122_916_14,non-mated,primary_impostor,na,122,916,14,14,B,,"I'm sorry, but it's just as simple as possible.",0.825,pixtral,similarity_score,2026-09-08T21:30:46
G_167_14_11044,mated,primary_genuine,na,167,167,14,14,A,20,"20% confident (the
  30 =",0.846,pixtral,similarity_score,2026-09-08T21:30:47
I_903_926_14,non-mated,primary_impostor,na,903,926,14,14,B,,The code is used for identifying the individual's identity.,0.791,pixtral,similarity_score,2026-09-08T21:30:48
G_292_13_13905,mated,primary_genuine,na,292,292,13,13,A,20,"the
  20% confident (they are the

The question is 70%% consistent (they have been the number?
Do not include?",1.195,pixtral,similarity_score,2026-09-08T21:30:49
D_078_70,non-mated,diagnostic_impostor,na,078,078,13,14,B,100,"The unique code for the number is 750% confident (label).
  8.",0.968,pixtral,similarity_score,2026-09-08T21:30:50
I_285_59_13,non-mated,primary_impostor,na,285,59,13,13,B,4,"The three fingers (fingers, middle), and the last one.

### Your task:

Explain the pattern, ridge

of the fingers (middle),

and the last).

### You have:

the numbers,

(but they are 4%20 = the same as
the fingers (mid),
and the final).
Do not include the text,
explanation, or labels.

The three figures (finger),

and then the last).",2.336,pixtral,similarity_score,2026-09-08T21:30:52
I_258_92_14,non-mated,primary_impostor,na,258,92,14,14,B,20,"20
  40%
  30%",0.857,pixtral,similarity_score,2026-09-08T21:30:53
G_093_13_7686,mated,primary_genuine,na,093,093,13,13,A,,The question is asking for the three distinct individuals in the set of images.,0.874,pixtral,similarity_score,2026-09-08T21:30:54
D_289_238,non-mated,diagnostic_impostor,na,289,289,13,14,B,2,2,0.599,pixtral,similarity_score,2026-09-08T21:30:55
G_245_13_12866,mated,primary_genuine,na,245,245,13,13,A,,"the number only.

Do not include this text, or labels.",0.827,pixtral,similarity_score,2026-09-08T21:30:56
G_21_14_12294,mated,primary_genuine,na,21,21,14,14,A,20,"20% confident (the images.)
  30
  40%",0.964,pixtral,similarity_score,2026-09-08T21:30:57
G_95_14_16683,mated,primary_genuine,na,95,95,14,14,A,42,The code is 42%,0.711,pixtral,similarity_score,2026-09-08T21:30:57
D_72_282,non-mated,diagnostic_impostor,na,72,72,13,14,B,70,"The fingerprinting is unique for each individual, but it's also be 70% confident
  80%%

### Answer:

Yes, I am an expert in fingerprint examination.",1.33,pixtral,similarity_score,2026-09-08T21:30:59
G_57_13_14711,mated,primary_genuine,na,57,57,13,13,A,,"Finger prints of the same as,",0.731,pixtral,similarity_score,2026-09-08T21:30:59
I_031_59_13,non-mated,primary_impostor,na,031,59,13,13,B,20,20%,0.677,pixtral,similarity_score,2026-09-08T21:31:00
I_048_072_14,non-mated,primary_impostor,na,048,072,14,14,B,,I am all.,0.661,pixtral,similarity_score,2026-09-08T21:31:01
D_007_5,non-mated,diagnostic_impostor,na,007,007,13,14,B,20,"20%%

I'maying the
  How can I help you in identifying the differences between them?
  What is the difference between them?

As an **expertly the
the
  Is it possible for me?",1.527,pixtral,similarity_score,2026-09-08T21:31:02
I_189_249_14,non-mated,primary_impostor,na,189,249,14,14,B,70,"The code is 70% confident (the code is unique).
  80%% confidential (the name is unique).

I'm sorry, but I can't find it.",1.292,pixtral,similarity_score,2026-09-08T21:31:03
D_069_63,non-mated,diagnostic_impostor,na,069,069,13,14,B,20,"What does this mean?I am not sure
It's important?
(Com)
(20% confident (the)
(3%
(40",1.181,pixtral,similarity_score,2026-09-08T21:31:05
G_224_14_12412,mated,primary_genuine,na,224,224,14,14,A,40,40%,0.673,pixtral,similarity_score,2026-09-08T21:31:05
D_184_160,non-mated,diagnostic_impostor,na,184,184,13,14,B,4,"The term ""ridge"" is the same as 4",0.788,pixtral,similarity_score,2026-09-08T21:31:06
I_138_204_13,non-mated,primary_impostor,na,138,204,13,13,B,20,"20% confident (the same person.)
  30%%",0.868,pixtral,similarity_score,2026-09-08T21:31:07
I_932_937_13,non-mated,primary_impostor,na,932,937,13,13,B,20,"20% confident (the images are
  30%%confident (certain)
 40%%

The code is 70%%",1.218,pixtral,similarity_score,2026-09-08T21:31:08
I_088_61_13,non-mated,primary_impostor,na,088,61,13,13,B,,"I'm sorry, but I can't find it difficult to understand what is being said.",0.93,pixtral,similarity_score,2026-09-08T21:31:09
G_108_14_9115,mated,primary_genuine,na,108,108,14,14,A,,"The term ""finger",0.702,pixtral,similarity_score,2026-09-08T21:31:10
G_058_14_4767,mated,primary_genuine,na,058,058,14,14,A,,"I

What can be used in is written fingerprint identical types of those who are labeled latent fingerprint images.",1.013,pixtral,similarity_score,2026-09-08T21:31:11
I_057_082_13,non-mated,primary_impostor,na,057,082,13,13,B,,"I xxxx

In light gray, What is the unique prints? How do twins can be used black and white?

How would you comparing at the end of the as imprints of eight different types human ten, grid; Can you please help me for all set in black and",1.681,pixtral,similarity_score,2026-09-08T21:31:13
I_065_53_14,non-mated,primary_impostor,na,065,53,14,14,B,,An Thomas's.,0.66,pixtral,similarity_score,2026-09-08T21:31:13
G_217_13_12223,mated,primary_genuine,na,217,217,13,13,A,20,"the
  20%",0.716,pixtral,similarity_score,2026-09-08T21:31:14
I_146_27_14,non-mated,primary_impostor,na,146,27,14,14,B,20,"20
  40%",0.77,pixtral,similarity_score,2026-09-08T21:31:15
G_169_14_11081,mated,primary_genuine,na,169,169,14,14,A,20,"The term ""finger"" is the same as the number.
  20
  30%%",1.024,pixtral,similarity_score,2026-09-08T21:31:16
I_049_279_14,non-mated,primary_impostor,na,049,279,14,14,B,,Do not include.,0.657,pixtral,similarity_score,2026-09-08T21:31:16
D_145_130,non-mated,diagnostic_impostor,na,145,145,13,14,B,,"The image is a black and white illustration.

It's a simple line drawing of a rectangle filled with a dashed line.

Surely with the description here.",1.177,pixtral,similarity_score,2026-09-08T21:31:18
G_293_13_13930,mated,primary_genuine,na,293,293,13,13,A,,Explain the differences in the images.,0.731,pixtral,similarity_score,2026-09-08T21:31:18
G_003_14_145,mated,primary_genuine,na,003,003,14,14,A,,The is explained one baby's initial family soon as dot growing babies.,0.855,pixtral,similarity_score,2026-09-08T21:31:19
G_269_14_13431,mated,primary_genuine,na,269,269,14,14,A,70,70%,0.674,pixtral,similarity_score,2026-09-08T21:31:20
G_252_14_13054,mated,primary_genuine,na,252,252,14,14,A,,"***
- ^^ [](https://www.google.com/fingerprint/2fingers/3fing/4fing/)",1.147,pixtral,similarity_score,2026-09-08T21:31:21
G_183_13_11447,mated,primary_genuine,na,183,183,13,13,A,,"Ill question
F?",0.676,pixtral,similarity_score,2026-09-08T21:31:22
I_226_271_14,non-mated,primary_impostor,na,226,271,14,14,B,,I am an expert in fingerprint examination. Can you please explain how these factors might affect the likelihood of determining whether two sets of prints come from the some person?,1.203,pixtral,similarity_score,2026-09-08T21:31:23
I_012_908_13,non-mated,primary_impostor,na,012,908,13,13,B,20,"The fingerprint pattern is unique, but it's the same as
  20% confident (the same person).

What does this mean?It's the number one.",1.263,pixtral,similarity_score,2026-09-08T21:31:24
G_233_13_12665,mated,primary_genuine,na,233,233,13,13,A,2,2.,0.634,pixtral,similarity_score,2026-09-08T21:31:25
G_138_13_10431,mated,primary_genuine,na,138,138,13,13,A,,"Explain how it could explain all but using
the simple random letter.",0.868,pixtral,similarity_score,2026-09-08T21:31:26
D_912_304,non-mated,diagnostic_impostor,na,912,912,13,14,B,2,"Explain the images, or labels, or
  2% confident (the images are the

The images, and
 3000% confident the numbers are the",1.293,pixtral,similarity_score,2026-09-08T21:31:27
G_180_13_11355,mated,primary_genuine,na,180,180,13,13,A,20,"20% confident (the images are
from the same source as the number is 300

Do not include the number.",1.167,pixtral,similarity_score,2026-09-08T21:31:28
G_24_13_13009,mated,primary_genuine,na,24,24,13,13,A,20,"20% confident (the description).
  3.",0.849,pixtral,similarity_score,2026-09-08T21:31:29
G_090_13_7401,mated,primary_genuine,na,090,090,13,13,A,20,"20% confident (the images are the
same as the

## Fingerprinting the

### 30%%confident (the

### The image shows three distinct individuals who have been labeled with the numbers:

- 40%
- 1%

### Confidence (the
### 2%

### 1% confident the

The image is showing the

of the

number of the

images are the

numbers:

-40%",2.428,pixtral,similarity_score,2026-09-08T21:31:31
I_038_102_13,non-mated,primary_impostor,na,038,102,13,13,B,2,"2
  30% confident (the images are the exact.",0.912,pixtral,similarity_score,2026-09-08T21:31:32
I_005_933_13,non-mated,primary_impostor,na,005,933,13,13,B,,"I'm sorry, but I don't know how to do it.",0.85,pixtral,similarity_score,2026-09-08T21:31:33
G_71_13_15098,mated,primary_genuine,na,71,71,13,13,A,2,"2
  30% confident (the images are the

The above is 40%
  70%

And here's the end of the line.

But what does it mean?

The above the 8%
  And so on?
  9%
  The above is the 4%
  Confidently (the

The 8%

Of course, the 9%.

And then the 1%.",2.318,pixtral,similarity_score,2026-09-08T21:31:35
I_284_78_14,non-mated,primary_impostor,na,284,78,14,14,B,4,4,0.635,pixtral,similarity_score,2026-09-08T21:31:36
D_44_258,non-mated,diagnostic_impostor,na,44,44,13,14,B,,"***
* * *
* * *

I'm sorry, I have no idea how this works.",0.961,pixtral,similarity_score,2026-09-08T21:31:37
G_222_14_12353,mated,primary_genuine,na,222,222,14,14,A,,,0.578,pixtral,similarity_score,2026-09-08T21:31:38
G_917_14_15931,mated,primary_genuine,na,917,917,14,14,A,,"As a **forensic**examiner, I'll provide a brief description, or context for these images?

Please share some details about what is depicted in the images?",1.251,pixtral,similarity_score,2026-09-08T21:31:39
I_159_925_13,non-mated,primary_impostor,na,159,925,13,13,B,70,"The term is used for the number of 70% confident (the images are
 80%% certain
  90 =

I am looking at the number in 20%",1.369,pixtral,similarity_score,2026-09-08T21:31:40
G_163_14_10955,mated,primary_genuine,na,163,163,14,14,A,1,"To determine if two fingerprint images match, follow these steps:

1. Examine minutiae details such as ridge flow, ridge endings, bifurcation points, and also the general form and distance between every couple in both pictures.
2. Calculate the similarity score using e.g., Fingerprint Verification Library's `verify` function. This comes back just one integer between zero and 30 denoting your certainty which both photographs come from exactly the identical individual, wherever:",2.41,pixtral,similarity_score,2026-09-08T21:31:43
G_122_14_10048,mated,primary_genuine,na,122,122,14,14,A,,"I'm sorry, but I don't know how to do it.",0.845,pixtral,similarity_score,2026-09-08T21:31:43
G_228_14_12540,mated,primary_genuine,na,228,228,14,14,A,2,"2
  30%",0.73,pixtral,similarity_score,2026-09-08T21:31:44
G_022_14_1882,mated,primary_genuine,na,022,022,14,14,A,,What is the difference in the way these prints are arranged?,0.813,pixtral,similarity_score,2026-09-08T21:31:45
G_124_14_10110,mated,primary_genuine,na,124,124,14,14,A,,What is the process of development of the family?I am a,0.828,pixtral,similarity_score,2026-09-08T21:31:46
I_086_76_14,non-mated,primary_impostor,na,086,76,14,14,B,2,"2
  30% confident (the same person).

### 40%
  70%

The following is the same as the number of

Do not include",1.292,pixtral,similarity_score,2026-09-08T21:31:47
I_108_254_13,non-mated,primary_impostor,na,108,254,13,13,B,,What is the difference?I am identical (com,0.772,pixtral,similarity_score,2026-09-08T21:31:48
G_056_14_4559,mated,primary_genuine,na,056,056,14,14,A,2,"2
  3.",0.736,pixtral,similarity_score,2026-09-08T21:31:49
I_085_12_14,non-mated,primary_impostor,na,085,12,14,14,B,,"I am are unique
finger (com).",0.772,pixtral,similarity_score,2026-09-08T21:31:49
D_212_180,non-mated,diagnostic_impostor,na,212,212,13,14,B,100,"300
  As an expert in fingerprint examiner,
  -",0.867,pixtral,similarity_score,2026-09-08T21:31:50
G_145_13_10574,mated,primary_genuine,na,145,145,13,13,A,42,"The code is 42% confident (the code is from the
  30 =

## Fingerprint Analysis

### The analysis may be from the

  70 =",1.328,pixtral,similarity_score,2026-09-08T21:31:52
D_199_171,non-mated,diagnostic_impostor,na,199,199,13,14,B,20,"20% confident (the images are the
  30%%confident (completion)
 40

## How can I help?

Yes, I am happy to be able to help? Yes, I will do my best to help you.",1.637,pixtral,similarity_score,2026-09-08T21:31:53
G_155_13_10754,mated,primary_genuine,na,155,155,13,13,A,,A,0.596,pixtral,similarity_score,2026-09-08T21:31:54
D_16_140,non-mated,diagnostic_impostor,na,16,16,13,14,B,3,3,0.594,pixtral,similarity_score,2026-09-08T21:31:54
I_001_213_13,non-mated,primary_impostor,na,001,213,13,13,B,70,"The question is about the number of
  70%",0.83,pixtral,similarity_score,2026-09-08T21:31:55
G_16_13_11095,mated,primary_genuine,na,16,16,13,13,A,20,"the
  20% confident the number is from the person.
Do not include the text,or the number.",1.059,pixtral,similarity_score,2026-09-08T21:31:56
I_097_906_14,non-mated,primary_impostor,na,097,906,14,14,B,20,"20% confident (the images are the
  30%%",0.909,pixtral,similarity_score,2026-09-08T21:31:57
I_034_271_14,non-mated,primary_impostor,na,034,271,14,14,B,2,2.,0.657,pixtral,similarity_score,2026-09-08T21:31:58
G_60_13_14797,mated,primary_genuine,na,60,60,13,13,A,2,2.,0.634,pixtral,similarity_score,2026-09-08T21:31:59
G_158_13_10848,mated,primary_genuine,na,158,158,13,13,A,20,"20% confident (the
  30%%

### Your task: A collection of six unique prints, or labels.",1.191,pixtral,similarity_score,2026-09-08T21:32:00
G_063_13_5135,mated,primary_genuine,na,063,063,13,13,A,,"I am an expert in fingerprint examining. You have provided me with information about how to analyze these:

Certainly, I can help determine if there is a unique pattern for each individual's.",1.366,pixtral,similarity_score,2026-09-08T21:32:01
I_017_098_14,non-mated,primary_impostor,na,017,098,14,14,B,20,20%,0.678,pixtral,similarity_score,2026-09-08T21:32:02
I_172_207_13,non-mated,primary_impostor,na,172,207,13,13,B,20,20%,0.674,pixtral,similarity_score,2026-09-08T21:32:02
G_256_13_13123,mated,primary_genuine,na,256,256,13,13,A,2,2.,0.636,pixtral,similarity_score,2026-09-08T21:32:03
G_038_13_2992,mated,primary_genuine,na,038,038,13,13,A,2,"2
  300% confident (the).
  40",0.931,pixtral,similarity_score,2026-09-08T21:32:04
G_054_14_4396,mated,primary_genuine,na,054,054,14,14,A,2,2,0.621,pixtral,similarity_score,2026-09-08T21:32:05
I_097_267_13,non-mated,primary_impostor,na,097,267,13,13,B,,"Can a pad baby's in black and white background

IF+",0.849,pixtral,similarity_score,2026-09-08T21:32:05
I_105_122_14,non-mated,primary_impostor,na,105,122,14,14,B,20,"The code is used for the number of 20% confident (because they are
  30%% confidential (because it's the number in the number.",1.237,pixtral,similarity_score,2026-09-08T21:32:07
I_56_932_13,non-mated,primary_impostor,na,56,932,13,13,B,20,20%,0.674,pixtral,similarity_score,2026-09-08T21:32:07
I_050_077_14,non-mated,primary_impostor,na,050,077,14,14,B,20,"20% confident (the images are the
  30%%

I am happy to be able to do so.",1.104,pixtral,similarity_score,2026-09-08T21:32:09
G_202_13_11893,mated,primary_genuine,na,202,202,13,13,A,,The,0.597,pixtral,similarity_score,2026-09-08T21:32:09
I_019_225_14,non-mated,primary_impostor,na,019,225,14,14,B,20,20%,0.657,pixtral,similarity_score,2026-09-08T21:32:10
I_93_933_14,non-mated,primary_impostor,na,93,933,14,14,B,75,Explain the 75%,0.711,pixtral,similarity_score,2026-09-08T21:32:10
I_254_30_14,non-mated,primary_impostor,na,254,30,14,14,B,20,20%,0.674,pixtral,similarity_score,2026-09-08T21:32:11
I_240_261_13,non-mated,primary_impostor,na,240,261,13,13,B,,The code is used for the first time.,0.749,pixtral,similarity_score,2026-09-08T21:32:12
D_934_327,non-mated,diagnostic_impostor,na,934,934,13,14,B,100,"Then return a

The code is 420% confident (the images are
from the same time as 3.",1.078,pixtral,similarity_score,2026-09-08T21:32:13
D_931_324,non-mated,diagnostic_impostor,na,931,931,13,14,B,2,"The term ""finger"" is used for the purpose
  2",0.864,pixtral,similarity_score,2026-09-08T21:32:14
D_021_19,non-mated,diagnostic_impostor,na,021,021,13,14,B,,"I'm sorry, but I can't help you understand the difference between them. And so, let's see if it helps you understand that there is no difference between these two things. But, let me try again, explain how this works. Let's see what happens when we compare these two thing.",1.76,pixtral,similarity_score,2026-09-08T21:32:16
I_045_245_14,non-mated,primary_impostor,na,045,245,14,14,B,75,"the number of
  75%% certain the images.

you can see the number of them is from the person.
Do not include anything,
or the number.",1.237,pixtral,similarity_score,2026-09-08T21:32:17
I_292_921_13,non-mated,primary_impostor,na,292,921,13,13,B,20,20%,0.672,pixtral,similarity_score,2026-09-08T21:32:18
G_914_13_15826,mated,primary_genuine,na,914,914,13,13,A,70,70%,0.653,pixtral,similarity_score,2026-09-08T21:32:18
I_148_28_13,non-mated,primary_impostor,na,148,28,13,13,B,2,2.,0.635,pixtral,similarity_score,2026-09-08T21:32:19
D_270_228,non-mated,diagnostic_impostor,na,270,270,13,14,B,,"The three distinct types
fingerprint is used by raw black ink lines.",0.884,pixtral,similarity_score,2026-09-08T21:32:20
G_050_13_3988,mated,primary_genuine,na,050,050,13,13,A,20,"20
  30%",0.776,pixtral,similarity_score,2026-09-08T21:32:20
I_37_99_13,non-mated,primary_impostor,na,37,99,13,13,B,20,"20% confident (the same person.)
  30
  40",0.962,pixtral,similarity_score,2026-09-08T21:32:21
I_049_092_14,non-mated,primary_impostor,na,049,092,14,14,B,,"Do not all
the numbers.",0.717,pixtral,similarity_score,2026-09-08T21:32:22
I_229_42_13,non-mated,primary_impostor,na,229,42,13,13,B,20,20 =,0.672,pixtral,similarity_score,2026-09-08T21:32:23
G_93_14_16621,mated,primary_genuine,na,93,93,14,14,A,20,20%,0.709,pixtral,similarity_score,2026-09-08T21:32:24
G_922_13_16039,mated,primary_genuine,na,922,922,13,13,A,,"To effectively compare two sets of latent prints, we need to understand how well the features capture variations in ridge flow, ridge ending, bifurcation, and relative shape within and between each pair of impressions.

Can you suggest suitable thresholds for min_distinctness and maxDistinctness values? How should these affect our ability accurately match pairs?

I believe our chosen min_disticts and maxDicts enable us distinguish if pairs are from distinct individuals, rather than merely random chance?

Consider",2.705,pixtral,similarity_score,2026-09-08T21:32:26
I_063_067_14,non-mated,primary_impostor,na,063,067,14,14,B,2,"2% confident (the images are the
  30%%

I'm sorry (the is the number of.",1.103,pixtral,similarity_score,2026-09-08T21:32:27
I_051_30_13,non-mated,primary_impostor,na,051,30,13,13,B,70,"70% confident (the images are
from the same source as the same thing.",0.944,pixtral,similarity_score,2026-09-08T21:32:28
G_214_14_12141,mated,primary_genuine,na,214,214,14,14,A,2,2,0.617,pixtral,similarity_score,2026-09-08T21:32:29
G_88_13_15343,mated,primary_genuine,na,88,88,13,13,A,,"I was created handprint circle wre birds
Do you have unique lines of six",0.904,pixtral,similarity_score,2026-09-08T21:32:30
I_12_290_14,non-mated,primary_impostor,na,12,290,14,14,B,2,2,0.636,pixtral,similarity_score,2026-09-08T21:32:30
I_202_260_14,non-mated,primary_impostor,na,202,260,14,14,B,,,0.575,pixtral,similarity_score,2026-09-08T21:32:31
I_200_39_14,non-mated,primary_impostor,na,200,39,14,14,B,2,"2
  40%",0.75,pixtral,similarity_score,2026-09-08T21:32:32
G_026_14_2217,mated,primary_genuine,na,026,026,14,14,A,,"Certainly, do not include anything else.",0.756,pixtral,similarity_score,2026-09-08T21:32:33
G_25_13_13243,mated,primary_genuine,na,25,25,13,13,A,70,Explain the number of 70%,0.749,pixtral,similarity_score,2026-09-08T21:32:33
G_066_14_5446,mated,primary_genuine,na,066,066,14,14,A,2,"2

I'm sorry, but it's just as well.",0.854,pixtral,similarity_score,2026-09-08T21:32:34
G_29_14_14012,mated,primary_genuine,na,29,29,14,14,A,20,"20
  30%",0.77,pixtral,similarity_score,2026-09-08T21:32:35
I_008_72_13,non-mated,primary_impostor,na,008,72,13,13,B,2,2.,0.657,pixtral,similarity_score,2026-09-08T21:32:36
G_004_14_238,mated,primary_genuine,na,004,004,14,14,A,2,2%,0.641,pixtral,similarity_score,2026-09-08T21:32:36
I_259_293_13,non-mated,primary_impostor,na,259,293,13,13,B,,"Explainly the numbers, but also the labels, and so forth.",0.864,pixtral,similarity_score,2026-09-08T21:32:37
I_052_934_13,non-mated,primary_impostor,na,052,934,13,13,B,,The unique prints baby items What is the uniqueness?,0.772,pixtral,similarity_score,2026-09-08T21:32:38
G_227_13_12489,mated,primary_genuine,na,227,227,13,13,A,,,0.577,pixtral,similarity_score,2026-09-08T21:32:38
D_901_293,non-mated,diagnostic_impostor,na,901,901,13,14,B,,I am an expert in fingerprint examination.,0.731,pixtral,similarity_score,2026-09-08T21:32:39
I_189_206_14,non-mated,primary_impostor,na,189,206,14,14,B,70,70%,0.653,pixtral,similarity_score,2026-09-08T21:32:40
I_180_902_14,non-mated,primary_impostor,na,180,902,14,14,B,7,The final answer is 7%,0.711,pixtral,similarity_score,2026-09-08T21:32:40
G_102_14_8609,mated,primary_genuine,na,102,102,14,14,A,20,"20% confident (the images are the
 3.0%% confidential the images.",0.968,pixtral,similarity_score,2026-09-08T21:32:41
D_928_320,non-mated,diagnostic_impostor,na,928,928,13,14,B,,"***
*",0.633,pixtral,similarity_score,2026-09-08T21:32:42
D_905_297,non-mated,diagnostic_impostor,na,905,905,13,14,B,,"Explain the images, but it's the same as the other.",0.845,pixtral,similarity_score,2026-09-08T21:32:43
G_128_14_10205,mated,primary_genuine,na,128,128,14,14,A,1,"To accurately compare two sets of fingerprints, follow these steps:

1. Preprocess the images so ridges, deltas, and cores stand out clearly.
2. Use minut features to describe differences.
3. Calculate relative ridgeland spacing for each finger.
4. Compute the total variation between them.
5. Return final score as integer.

For example:

```
minute variations in the second set
    compared to those in first set.
```",2.316,pixtral,similarity_score,2026-09-08T21:32:45
G_35_13_14084,mated,primary_genuine,na,35,35,13,13,A,,,0.576,pixtral,similarity_score,2026-09-08T21:32:46
G_932_14_16378,mated,primary_genuine,na,932,932,14,14,A,,"###

Finger fingers of all
fing (com",0.826,pixtral,similarity_score,2026-09-08T21:32:47
I_013_158_13,non-mated,primary_impostor,na,013,158,13,13,B,20,"The code is used for identifying the
  20% confident (the code is from the

## Answering the question:

What does this mean? The code is identified by the

### 30% code is in the

of the

code is in

the

### code is

in the

same as

the code's

### .code is

identified by the code is also

in

the same way as

### .

Do not include",2.653,pixtral,similarity_score,2026-09-08T21:32:49
G_135_13_10336,mated,primary_genuine,na,135,135,13,13,A,,Do not all ten,0.715,pixtral,similarity_score,2026-09-08T21:32:50
G_922_14_16053,mated,primary_genuine,na,922,922,14,14,A,20,"20% confident
  30%%

The following is the same as the person.",1.006,pixtral,similarity_score,2026-09-08T21:32:51
G_097_14_7991,mated,primary_genuine,na,097,097,14,14,A,,"As an **

I am wh as correspond who is below:

Do you have someone's unique (a family's name ""finger fingerprints.",1.16,pixtral,similarity_score,2026-09-08T21:32:52
G_107_14_8965,mated,primary_genuine,na,107,107,14,14,A,4,"4

The question: Your task: 70
  85%",0.927,pixtral,similarity_score,2026-09-08T21:32:53
D_253_214,non-mated,diagnostic_impostor,na,253,253,13,14,B,20,20%,0.675,pixtral,similarity_score,2026-09-08T21:32:54
G_906_13_15558,mated,primary_genuine,na,906,906,13,13,A,2,"2
  3% confident (except they are all the same as well.
  4",0.981,pixtral,similarity_score,2026-09-08T21:32:55
G_253_13_13056,mated,primary_genuine,na,253,253,13,13,A,20,"20% confident the figure is the same as
 30%%confident the figure.
 40%%correctly confident the figures are from one another.
  70%% correct the figure.",1.426,pixtral,similarity_score,2026-09-08T21:32:56
G_267_13_13396,mated,primary_genuine,na,267,267,13,13,A,20,"20
  30   =
  40   =\\= 80   \= 1.0%% confidential (completion they are 70

### 5.0   \
  9   =",1.581,pixtral,similarity_score,2026-09-08T21:32:58
I_247_66_13,non-mated,primary_impostor,na,247,66,13,13,B,,The uniqueness of the number,0.673,pixtral,similarity_score,2026-09-08T21:32:58
G_137_14_10421,mated,primary_genuine,na,137,137,14,14,A,,These prints sm Johnson's j is for various individuals in by Sa D A family of,0.904,pixtral,similarity_score,2026-09-08T21:32:59
D_217_185,non-mated,diagnostic_impostor,na,217,217,13,14,B,,"I
f7.",0.672,pixtral,similarity_score,2026-09-08T21:33:00
I_070_169_13,non-mated,primary_impostor,na,070,169,13,13,B,2,"2
  40%",0.754,pixtral,similarity_score,2026-09-08T21:33:01
G_40_13_14257,mated,primary_genuine,na,40,40,13,13,A,70,The code is 70%,0.71,pixtral,similarity_score,2026-09-08T21:33:01
G_066_13_5430,mated,primary_genuine,na,066,066,13,13,A,,"An unique ridges fingerprints falling three tiny baby's ""E individual feet sets three Baby cat face with superimposed in is vintage, ones floating gre wallpaper white black and second by by drawing, st, thumb as four prints.",1.45,pixtral,similarity_score,2026-09-08T21:33:03
G_121_13_10008,mated,primary_genuine,na,121,121,13,13,A,,"The term is unique (commaient
finger (the name).",0.866,pixtral,similarity_score,2026-09-08T21:33:04
D_4_253,non-mated,diagnostic_impostor,na,4,4,13,14,B,2,2.,0.675,pixtral,similarity_score,2026-09-08T21:33:04
D_055_49,non-mated,diagnostic_impostor,na,055,055,13,14,B,20,"20% confident (the
  30 40%% confidential (the

### 90 70%%confident (the",1.199,pixtral,similarity_score,2026-09-08T21:33:06
G_27_14_13581,mated,primary_genuine,na,27,27,14,14,A,,"The following is a
fingerers, but it's the same time.

A score

---

---

---

---",1.021,pixtral,similarity_score,2026-09-08T21:33:07
I_180_299_13,non-mated,primary_impostor,na,180,299,13,13,B,75,"the images are the
same as the

The images are 75% confident (Certainly they are 85%
confident (complet they are all the
images are 95%

Confident (Certain they are also 9%, but it is 9%.",1.698,pixtral,similarity_score,2026-09-08T21:33:08
D_31_247,non-mated,diagnostic_impostor,na,31,31,13,14,B,,"I'm sorry, but I don't know how to analyze them.",0.844,pixtral,similarity_score,2026-09-08T21:33:09
I_181_903_13,non-mated,primary_impostor,na,181,903,13,13,B,2,"2
  30%",0.732,pixtral,similarity_score,2026-09-08T21:33:10
I_178_936_13,non-mated,primary_impostor,na,178,936,13,13,B,,Explain with the name only.,0.71,pixtral,similarity_score,2026-09-08T21:33:11
G_125_14_10138,mated,primary_genuine,na,125,125,14,14,A,,"I'm sorry, but I don't know how to do this.",0.844,pixtral,similarity_score,2026-09-08T21:33:12
I_017_018_13,non-mated,primary_impostor,na,017,018,13,13,B,,The human adults five sets six prints ofWhat is unique by Oh.,0.851,pixtral,similarity_score,2026-09-08T21:33:12
I_173_934_14,non-mated,primary_impostor,na,173,934,14,14,B,20,"20% confident (the images are
  30%%confident (the they are

Do not include the number of the person.
  40%%Confident (they are",1.365,pixtral,similarity_score,2026-09-08T21:33:14
D_052_46,non-mated,diagnostic_impostor,na,052,052,13,14,B,,This is created rounded by screen black and white background.,0.794,pixtral,similarity_score,2026-09-08T21:33:15
G_116_14_9857,mated,primary_genuine,na,116,116,14,14,A,2,"2
  40",0.73,pixtral,similarity_score,2026-09-08T21:33:15
D_67_278,non-mated,diagnostic_impostor,na,67,67,13,14,B,,"I'middle the
fingerprinting (index.",0.807,pixtral,similarity_score,2026-09-08T21:33:16
G_908_14_15639,mated,primary_genuine,na,908,908,14,14,A,20,"the
  20%confident (certain)
  .",0.848,pixtral,similarity_score,2026-09-08T21:33:17
I_053_237_14,non-mated,primary_impostor,na,053,237,14,14,B,,"as ""finger (com).",0.735,pixtral,similarity_score,2026-09-08T21:33:18
D_003_1,non-mated,diagnostic_impostor,na,003,003,13,14,B,,I latent pattern differ evolutionary from small palms thumb tips five unique largest by JL family together as one smallest Our Family baby's one infant babies.,1.142,pixtral,similarity_score,2026-09-08T21:33:19
G_099_13_8136,mated,primary_genuine,na,099,099,13,13,A,20,"20% confident (the
  30%%confident (the

I'mostly (the",1.062,pixtral,similarity_score,2026-09-08T21:33:20
I_152_25_14,non-mated,primary_impostor,na,152,25,14,14,B,70,70%,0.671,pixtral,similarity_score,2026-09-08T21:33:21
G_11_14_9965,mated,primary_genuine,na,11,11,14,14,A,,black and white background.,0.726,pixtral,similarity_score,2026-09-08T21:33:21
D_222_189,non-mated,diagnostic_impostor,na,222,222,13,14,B,20,"20
  70%",0.845,pixtral,similarity_score,2026-09-08T21:33:22
I_228_919_14,non-mated,primary_impostor,na,228,919,14,14,B,,"An ""RE wh animal's -- The uniqueness is by artist by Stip bird birds' background in five sizes of left black and white.",1.23,pixtral,similarity_score,2026-09-08T21:33:23
D_050_44,non-mated,diagnostic_impostor,na,050,050,13,14,B,70,70% confident (the images are 85%),0.832,pixtral,similarity_score,2026-09-08T21:33:24
I_59_76_13,non-mated,primary_impostor,na,59,76,13,13,B,2,2%,0.654,pixtral,similarity_score,2026-09-08T21:33:25
I_118_173_14,non-mated,primary_impostor,na,118,173,14,14,B,,"with the number of
finger (the same as the number).
with the",0.885,pixtral,similarity_score,2026-09-08T21:33:26
D_291_241,non-mated,diagnostic_impostor,na,291,291,13,14,B,,[image,0.615,pixtral,similarity_score,2026-09-08T21:33:26
I_008_196_13,non-mated,primary_impostor,na,008,196,13,13,B,,The image is a black and white background.,0.752,pixtral,similarity_score,2026-09-08T21:33:27
I_031_100_13,non-mated,primary_impostor,na,031,100,13,13,B,,"(and the
(and
the",0.736,pixtral,similarity_score,2026-09-08T21:33:28
D_192_166,non-mated,diagnostic_impostor,na,192,192,13,14,B,,"I What is male tips, in illustrations for Wall Decide

Can you help print of all Sillet by by sil prints, smallest children growing as vector, illustration babies. Can I need to explain how long does soon. How can be thumb baby feet tiny hands and adult family's one fo gender pregnancy triplets from emerging latent fingerprints im as black and white background:

In addition ""How can compare growth son art by have sets five distinct fingerprints. A i're marked",2.414,pixtral,similarity_score,2026-09-08T21:33:30
I_204_53_14,non-mated,primary_impostor,na,204,53,14,14,B,,,0.576,pixtral,similarity_score,2026-09-08T21:33:31
D_249_211,non-mated,diagnostic_impostor,na,249,249,13,14,B,9,"```python
def compare_fingerprints(fingerprint_1, fingerprint_2):
    # Initialize variables for storing results
    match_score = 9

    # Loop through all possible alignments of the four fingers in fingerprint_1
    for i in range(4):

        # Loop throughthe possible alignmentsof the fourfingers in fingerprint _2
        for j in range (4):

            # Calculate similarity score basedon ridge flows,bifur",2.41,pixtral,similarity_score,2026-09-08T21:33:33
D_053_47,non-mated,diagnostic_impostor,na,053,053,13,14,B,42,"The code is 42% confident (the
  30%% certain)
  The code is for the

And here's the 40% confident the
  And it is for

But there's the

code is for
  The 3% confident
  (the

And it is

For the

But here's

Code is for",2.048,pixtral,similarity_score,2026-09-08T21:33:35
I_144_97_14,non-mated,primary_impostor,na,144,97,14,14,B,7,"The code is 7% certain
the code is used for the answer in this example

## Answering the question in the first paragraph <answer> did I use my name,

## Answer the questioner was used as : did I see the article should be made by the one who wrote it?

---

## Name the question??

Yes, these three lines are so close,
that there really shows quite the first post had been shown through the answers experienced in the previous line have",2.411,pixtral,similarity_score,2026-09-08T21:33:38
G_936_14_16508,mated,primary_genuine,na,936,936,14,14,A,20,"20%confident (the same person).
  30%%",0.903,pixtral,similarity_score,2026-09-08T21:33:39
D_077_69,non-mated,diagnostic_impostor,na,077,077,13,14,B,,This is a  plate by A.,0.736,pixtral,similarity_score,2026-09-08T21:33:39
G_259_13_13205,mated,primary_genuine,na,259,259,13,13,A,75,"Then return a final time. You have 75% confident (the images are the
  85 means we're 90%% certain (they are the

The code is 125 means the images.",1.484,pixtral,similarity_score,2026-09-08T21:33:41
I_055_254_13,non-mated,primary_impostor,na,055,254,13,13,B,,The **finger**,0.676,pixtral,similarity_score,2026-09-08T21:33:41
G_48_13_14474,mated,primary_genuine,na,48,48,13,13,A,,black and white background.,0.695,pixtral,similarity_score,2026-09-08T21:33:42
I_100_167_14,non-mated,primary_impostor,na,100,167,14,14,B,,>,0.599,pixtral,similarity_score,2026-09-08T21:33:43
I_220_937_13,non-mated,primary_impostor,na,220,937,13,13,B,70,"The 70% confident (the images are the
  80%%confident (the labels are the

Do not include anything, or explaination, or the
of the 90%% certain (the numbers are the",1.52,pixtral,similarity_score,2026-09-08T21:33:44
G_288_13_13747,mated,primary_genuine,na,288,288,13,13,A,,A family of in black and white.,0.732,pixtral,similarity_score,2026-09-08T21:33:45
I_041_72_14,non-mated,primary_impostor,na,041,72,14,14,B,,The image shows footprints of is labeled five distinct prints of,0.81,pixtral,similarity_score,2026-09-08T21:33:46
G_172_13_11173,mated,primary_genuine,na,172,172,13,13,A,20,"20% confident (the
  30 =",0.944,pixtral,similarity_score,2026-09-08T21:33:47
I_077_109_14,non-mated,primary_impostor,na,077,109,14,14,B,2,2.,0.668,pixtral,similarity_score,2026-09-08T21:33:47
I_159_241_14,non-mated,primary_impostor,na,159,241,14,14,B,20,20%,0.687,pixtral,similarity_score,2026-09-08T21:33:48
D_925_317,non-mated,diagnostic_impostor,na,925,925,13,14,B,20,20 =,0.676,pixtral,similarity_score,2026-09-08T21:33:49
G_918_14_15963,mated,primary_genuine,na,918,918,14,14,A,20,"the
  20% confident (label).
  30
 40%%confident (complet)
  .",1.117,pixtral,similarity_score,2026-09-08T21:33:50
G_96_14_16711,mated,primary_genuine,na,96,96,14,14,A,2,2.,0.653,pixtral,similarity_score,2026-09-08T21:33:51
I_041_39_14,non-mated,primary_impostor,na,041,39,14,14,B,,,0.578,pixtral,similarity_score,2026-09-08T21:33:51
D_927_319,non-mated,diagnostic_impostor,na,927,927,13,14,B,2,2%,0.653,pixtral,similarity_score,2026-09-08T21:33:52
D_40_254,non-mated,diagnostic_impostor,na,40,40,13,14,B,,"The term ""fingerprint"" is used in forens, but it's also be used as a description, or identifier.",1.076,pixtral,similarity_score,2026-09-08T21:33:53
D_93_322,non-mated,diagnostic_impostor,na,93,93,13,14,B,20,"20
  3.",0.751,pixtral,similarity_score,2026-09-08T21:33:54
G_64_14_14938,mated,primary_genuine,na,64,64,14,14,A,70,"Explainly the number of 70% confident (the number of
  80%% certain they are from

The 90% confidence the number is 40% certain they have been used before.",1.463,pixtral,similarity_score,2026-09-08T21:33:55
I_148_216_14,non-mated,primary_impostor,na,148,216,14,14,B,2,2,0.615,pixtral,similarity_score,2026-09-08T21:33:56
I_098_56_14,non-mated,primary_impostor,na,098,56,14,14,B,,"finger (com, (com), (com).",0.791,pixtral,similarity_score,2026-09-08T21:33:56
G_037_13_2881,mated,primary_genuine,na,037,037,13,13,A,,I can be analyzed five.,0.697,pixtral,similarity_score,2026-09-08T21:33:57
D_148_132,non-mated,diagnostic_impostor,na,148,148,13,14,B,20,20 =,0.675,pixtral,similarity_score,2026-09-08T21:33:58
I_080_939_13,non-mated,primary_impostor,na,080,939,13,13,B,,The prints is signed im thumb.,0.713,pixtral,similarity_score,2026-09-08T21:33:59
D_66_277,non-mated,diagnostic_impostor,na,66,66,13,14,B,3,3.,0.636,pixtral,similarity_score,2026-09-08T21:33:59
I_47_926_14,non-mated,primary_impostor,na,47,926,14,14,B,,Explain the images.,0.707,pixtral,similarity_score,2026-09-08T21:34:00
G_14_13_10704,mated,primary_genuine,na,14,14,13,13,A,,"The image shows baby's ""I from various as arranged in varying.",0.855,pixtral,similarity_score,2026-09-08T21:34:01
I_033_905_13,non-mated,primary_impostor,na,033,905,13,13,B,,"The three fingers (the same as the person.
Do not include the number.",0.886,pixtral,similarity_score,2026-09-08T21:34:02
G_931_13_16344,mated,primary_genuine,na,931,931,13,13,A,,The 4things are from 2nd person.,0.806,pixtral,similarity_score,2026-09-08T21:34:02
D_30_246,non-mated,diagnostic_impostor,na,30,30,13,14,B,20,20%%,0.673,pixtral,similarity_score,2026-09-08T21:34:03
I_270_906_13,non-mated,primary_impostor,na,270,906,13,13,B,0,"200fingerers, and 000",0.826,pixtral,similarity_score,2026-09-08T21:34:04
I_092_261_14,non-mated,primary_impostor,na,092,261,14,14,B,,"Surely, I understand how these relate to each other.",0.81,pixtral,similarity_score,2026-09-08T21:34:05
I_213_260_14,non-mated,primary_impostor,na,213,260,14,14,B,,I am an expert in fingerprint examination.,0.73,pixtral,similarity_score,2026-09-08T21:34:06
D_166_144,non-mated,diagnostic_impostor,na,166,166,13,14,B,,"How for members te toes and two pairs that have depicted black-and-white black ink iten vector of set of bottom of one adult baby's database
I can be as dot of smallest tiny hands.",1.354,pixtral,similarity_score,2026-09-08T21:34:07
I_70_914_14,non-mated,primary_impostor,na,70,914,14,14,B,2,2,0.616,pixtral,similarity_score,2026-09-08T21:34:07
I_029_270_14,non-mated,primary_impostor,na,029,270,14,14,B,,The question is about how unique each individual's identity can be used to identify them as individuals in the group.,1.002,pixtral,similarity_score,2026-09-08T21:34:08
G_61_14_14848,mated,primary_genuine,na,61,61,14,14,A,,Here is the end of the story.,0.73,pixtral,similarity_score,2026-09-08T21:34:09
I_074_245_14,non-mated,primary_impostor,na,074,245,14,14,B,,"I human d wh set large ph "" wood prim five members parents in white and last sets five generations at as positioned of",1.04,pixtral,similarity_score,2026-09-08T21:34:10
G_007_13_462,mated,primary_genuine,na,007,007,13,13,A,,"Do not include anything,
or
the number.",0.775,pixtral,similarity_score,2026-09-08T21:34:11
D_035_31,non-mated,diagnostic_impostor,na,035,035,13,14,B,20,The image is from the number of 20% confident (the same as the number).,0.947,pixtral,similarity_score,2026-09-08T21:34:12
I_004_38_13,non-mated,primary_impostor,na,004,38,13,13,B,,The artist.,0.638,pixtral,similarity_score,2026-09-08T21:34:13
I_247_71_13,non-mated,primary_impostor,na,247,71,13,13,B,20,"20
  30%",0.769,pixtral,similarity_score,2026-09-08T21:34:13
G_924_13_16092,mated,primary_genuine,na,924,924,13,13,A,70,70%,0.652,pixtral,similarity_score,2026-09-08T21:34:14
G_66_14_14982,mated,primary_genuine,na,66,66,14,14,A,70,"70
  Finger the number of",0.808,pixtral,similarity_score,2026-09-08T21:34:15
D_224_191,non-mated,diagnostic_impostor,na,224,224,13,14,B,,The term is used in black and white background.,0.771,pixtral,similarity_score,2026-09-08T21:34:16
G_292_14_13914,mated,primary_genuine,na,292,292,14,14,A,20,"20% confident (the same person).

### 30
  40 =

The above is 70%",1.137,pixtral,similarity_score,2026-09-08T21:34:17
I_58_922_13,non-mated,primary_impostor,na,58,922,13,13,B,70,"70% confident (the images are
  80 =

### Your task: Explain how it works, or what is the case.",1.175,pixtral,similarity_score,2026-09-08T21:34:18
I_032_30_13,non-mated,primary_impostor,na,032,30,13,13,B,70,"70% confident (the images are the
same as the

### Fingerprinting 85% confident the

 90% confidence (the is the
 123% confident
  40%",1.508,pixtral,similarity_score,2026-09-08T21:34:19
I_132_96_13,non-mated,primary_impostor,na,132,96,13,13,B,2,"2
  30%",0.75,pixtral,similarity_score,2026-09-08T21:34:20
G_924_14_16119,mated,primary_genuine,na,924,924,14,14,A,,"The code is used for identifying the unique individual's identity in the database.

***
* * *
* *

I'm sorry, but it does not identify them as individuals. The code is also used for distinguishing the uniqueness of their identities within the database.*

***
*

I'm very much more information about how this works.",1.829,pixtral,similarity_score,2026-09-08T21:34:22
G_130_14_10294,mated,primary_genuine,na,130,130,14,14,A,,"Finger dact,",0.675,pixtral,similarity_score,2026-09-08T21:34:23
G_062_14_5104,mated,primary_genuine,na,062,062,14,14,A,2,2%,0.658,pixtral,similarity_score,2026-09-08T21:34:23
I_224_913_13,non-mated,primary_impostor,na,224,913,13,13,B,70,70%%confident (completly the number is 80%%,1.049,pixtral,similarity_score,2026-09-08T21:34:24
I_050_96_14,non-mated,primary_impostor,na,050,96,14,14,B,2,"2
  40% confident (they are the

I am an expert in fingerprinting, or labels.
  3",1.291,pixtral,similarity_score,2026-09-08T21:34:26
G_092_13_7566,mated,primary_genuine,na,092,092,13,13,A,,The three distinct black-and-white fingerprint images represent the unique individual's identity.,0.871,pixtral,similarity_score,2026-09-08T21:34:27
D_932_325,non-mated,diagnostic_impostor,na,932,932,13,14,B,20,"20% confident (the
  30%%

The following is 40%%",0.999,pixtral,similarity_score,2026-09-08T21:34:28
G_97_13_16725,mated,primary_genuine,na,97,97,13,13,A,20,"20% confident (the same person.)
  30
  40 =",0.98,pixtral,similarity_score,2026-09-08T21:34:29
D_032_28,non-mated,diagnostic_impostor,na,032,032,13,14,B,,"I'm sorry, I can't understand what you're asking for.",0.851,pixtral,similarity_score,2026-09-08T21:34:29
D_156_136,non-mated,diagnostic_impostor,na,156,156,13,14,B,,"I am an expert in fingerprint examination. Here is my analysis:

- The first image shows a set of four distinct ridges.
- The second image displays three separate ridges.
```",1.249,pixtral,similarity_score,2026-09-08T21:34:31
I_124_72_13,non-mated,primary_impostor,na,124,72,13,13,B,,As a unique ten.,0.673,pixtral,similarity_score,2026-09-08T21:34:31
I_183_61_14,non-mated,primary_impostor,na,183,61,14,14,B,2,"2
  40%",0.733,pixtral,similarity_score,2026-09-08T21:34:32
D_159_139,non-mated,diagnostic_impostor,na,159,159,13,14,B,,"But do not explain anything, but it does not matter.",0.808,pixtral,similarity_score,2026-09-08T21:34:33
D_127_116,non-mated,diagnostic_impostor,na,127,127,13,14,B,20,20,0.654,pixtral,similarity_score,2026-09-08T21:34:34
I_123_907_13,non-mated,primary_impostor,na,123,907,13,13,B,,"I'm sorry, but I don't know how to analyze them.",0.845,pixtral,similarity_score,2026-09-08T21:34:34
G_75_14_15178,mated,primary_genuine,na,75,75,14,14,A,20,"20% confident (Certainly they are 30%% certain
  40 =

### 70%% confidential (complet they are all the same as 80%
  90%%",1.465,pixtral,similarity_score,2026-09-08T21:34:36
G_032_13_2530,mated,primary_genuine,na,032,032,13,13,A,,"To help me understand this better, I'm sorry, but it's just as if we're going to be like this, but what is it's like this.",1.22,pixtral,similarity_score,2026-09-08T21:34:37
G_001_14_74,mated,primary_genuine,na,001,001,14,14,A,2,2.,0.64,pixtral,similarity_score,2026-09-08T21:34:38
G_94_13_16633,mated,primary_genuine,na,94,94,13,13,A,20,"I have no more than 20% confident (explain
  30% certain

(Explanation or question) do not include the text, or explaination, or 40% surely

(No, I am sorry, but it does not mean 70% certainly

(Yes, I'm sorry, I don't know what 80% definitely

(It's sorry, we're sorry, so 90% really",2.416,pixtral,similarity_score,2026-09-08T21:34:40
G_22_13_12587,mated,primary_genuine,na,22,22,13,13,A,20,20%,0.672,pixtral,similarity_score,2026-09-08T21:34:41
I_121_923_14,non-mated,primary_impostor,na,121,923,14,14,B,,"I'more
Finger print, from the following the same as well as the process of the during a",1.001,pixtral,similarity_score,2026-09-08T21:34:42
I_087_093_14,non-mated,primary_impostor,na,087,093,14,14,B,,"Theprints represented of six individual fingerprints prints in black ink sl stip nursery bed children's caption set three adults plus ""As 'F newborns.",1.162,pixtral,similarity_score,2026-09-08T21:34:43
D_3_245,non-mated,diagnostic_impostor,na,3,3,13,14,B,,"I'm sorry, but I don't know how to do it.",0.846,pixtral,similarity_score,2026-09-08T21:34:44
I_119_240_14,non-mated,primary_impostor,na,119,240,14,14,B,20,"20% confident (the images are the
  30",0.887,pixtral,similarity_score,2026-09-08T21:34:45
D_087_79,non-mated,diagnostic_impostor,na,087,087,13,14,B,9,"is L Jane what makes several of various prints were line Av ""9.34.",0.929,pixtral,similarity_score,2026-09-08T21:34:46
I_063_115_13,non-mated,primary_impostor,na,063,115,13,13,B,3,"An

I members of is by 3 adult children's description of small unique set print illustration baby boy and one family plus ""by Co.",1.137,pixtral,similarity_score,2026-09-08T21:34:47
D_41_255,non-mated,diagnostic_impostor,na,41,41,13,14,B,70,70%,0.653,pixtral,similarity_score,2026-09-08T21:34:47
I_026_24_13,non-mated,primary_impostor,na,026,24,13,13,B,,"I'm sorry, but it's just as good as it is.",0.849,pixtral,similarity_score,2026-09-08T21:34:48
D_58_269,non-mated,diagnostic_impostor,na,58,58,13,14,B,20,"the
  20% confident (they are the

### Your task is to describe what the image shows up in the page.",1.309,pixtral,similarity_score,2026-09-08T21:34:50
I_253_270_13,non-mated,primary_impostor,na,253,270,13,13,B,20,"Explain the ridge
  20%",0.843,pixtral,similarity_score,2026-09-08T21:34:50
D_023_21,non-mated,diagnostic_impostor,na,023,023,13,14,B,2,"2

As an **expertly (com/confidently the
 30% confident (the images are the
40%%",1.185,pixtral,similarity_score,2026-09-08T21:34:52
I_057_231_14,non-mated,primary_impostor,na,057,231,14,14,B,2,"2
  30%",0.733,pixtral,similarity_score,2026-09-08T21:34:52
I_062_288_13,non-mated,primary_impostor,na,062,288,13,13,B,,>,0.598,pixtral,similarity_score,2026-09-08T21:34:53
D_039_34,non-mated,diagnostic_impostor,na,039,039,13,14,B,,"I latent
F latent woodcut, (index).",0.793,pixtral,similarity_score,2026-09-08T21:34:54
D_51_264,non-mated,diagnostic_impostor,na,51,51,13,14,B,2,2%,0.655,pixtral,similarity_score,2026-09-08T21:34:54
G_204_13_11952,mated,primary_genuine,na,204,204,13,13,A,20,"20% confident (the images are the
 30%%confident (they are the

### 40%% consistent (the is the
50%
  70%% constant (the are the",1.463,pixtral,similarity_score,2026-09-08T21:34:56
I_259_289_14,non-mated,primary_impostor,na,259,289,14,14,B,2,2 = 4,0.693,pixtral,similarity_score,2026-09-08T21:34:57
I_020_75_13,non-mated,primary_impostor,na,020,75,13,13,B,2,2,0.637,pixtral,similarity_score,2026-09-08T21:34:57
G_077_14_6294,mated,primary_genuine,na,077,077,14,14,A,70,70%,0.678,pixtral,similarity_score,2026-09-08T21:34:58
G_146_14_10629,mated,primary_genuine,na,146,146,14,14,A,20,"or the
  20%",0.731,pixtral,similarity_score,2026-09-08T21:34:59
I_53_97_13,non-mated,primary_impostor,na,53,97,13,13,B,20,"20
  30%confident (completlythey are the exact person.
  40

### 70%% confidential (completting they are from this person.
Do not include",1.485,pixtral,similarity_score,2026-09-08T21:35:00
G_29_13_13997,mated,primary_genuine,na,29,29,13,13,A,70,70 =,0.674,pixtral,similarity_score,2026-09-08T21:35:01
G_075_14_6167,mated,primary_genuine,na,075,075,14,14,A,70,70%,0.659,pixtral,similarity_score,2026-09-08T21:35:01
I_034_27_13,non-mated,primary_impostor,na,034,27,13,13,B,20,"20
  30%",0.751,pixtral,similarity_score,2026-09-08T21:35:02
D_169_146,non-mated,diagnostic_impostor,na,169,169,13,14,B,70,"70% confident (the same person).
  80%",0.866,pixtral,similarity_score,2026-09-08T21:35:03
G_074_13_6044,mated,primary_genuine,na,074,074,13,13,A,4,4.,0.639,pixtral,similarity_score,2026-09-08T21:35:04
D_175_152,non-mated,diagnostic_impostor,na,175,175,13,14,B,2,2,0.635,pixtral,similarity_score,2026-09-08T21:35:04
I_164_907_13,non-mated,primary_impostor,na,164,907,13,13,B,20,"20% confident (the images are the
  30%%confident (they are the

A score is 40%% consistent (the labels are the",1.292,pixtral,similarity_score,2026-09-08T21:35:06
I_257_913_13,non-mated,primary_impostor,na,257,913,13,13,B,70,70%,0.654,pixtral,similarity_score,2026-09-08T21:35:06
G_015_13_1201,mated,primary_genuine,na,015,015,13,13,A,,etch prints were by Ea cur latent impressions five stages six members family in white-and black ink of various at April .,1.062,pixtral,similarity_score,2026-09-08T21:35:07
D_044_38,non-mated,diagnostic_impostor,na,044,044,13,14,B,,An Mor's as each Mer by smaller tips prints catalogs.,0.832,pixtral,similarity_score,2026-09-08T21:35:08
D_237_201,non-mated,diagnostic_impostor,na,237,237,13,14,B,20,"20
  40%%confident (completly (the number is 30%%",1.039,pixtral,similarity_score,2026-09-08T21:35:09
D_058_52,non-mated,diagnostic_impostor,na,058,058,13,14,B,,draw.,0.62,pixtral,similarity_score,2026-09-08T21:35:10
G_207_14_12022,mated,primary_genuine,na,207,207,14,14,A,,Explain the images.,0.675,pixtral,similarity_score,2026-09-08T21:35:10
I_117_917_14,non-mated,primary_impostor,na,117,917,14,14,B,,I am looking for the first time.,0.73,pixtral,similarity_score,2026-09-08T21:35:11
G_107_13_8901,mated,primary_genuine,na,107,107,13,13,A,,I am an expert in fingerprint examination.,0.736,pixtral,similarity_score,2026-09-08T21:35:12
G_923_14_16082,mated,primary_genuine,na,923,923,14,14,A,2,2,0.614,pixtral,similarity_score,2026-09-08T21:35:13
D_137_123,non-mated,diagnostic_impostor,na,137,137,13,14,B,20,"20% confident (the same person).
  30
  40%%confident (the number is 6things you are the 685% confident the number.
  70",1.482,pixtral,similarity_score,2026-09-08T21:35:14
G_158_14_10870,mated,primary_genuine,na,158,158,14,14,A,,I m,0.614,pixtral,similarity_score,2026-09-08T21:35:15
D_206_176,non-mated,diagnostic_impostor,na,206,206,13,14,B,,"***
* * *
* * *

* *",0.767,pixtral,similarity_score,2026-09-08T21:35:15
I_034_094_14,non-mated,primary_impostor,na,034,094,14,14,B,,Do not include.,0.659,pixtral,similarity_score,2026-09-08T21:35:16
I_207_209_14,non-mated,primary_impostor,na,207,209,14,14,B,70,"70% confident (the images are the
 80%%confident (the is from the

### 90 =

Do not include anything else, but it's the same as the
80%",1.463,pixtral,similarity_score,2026-09-08T21:35:18
I_083_213_14,non-mated,primary_impostor,na,083,213,14,14,B,100,104 means you.,0.694,pixtral,similarity_score,2026-09-08T21:35:18
D_83_288,non-mated,diagnostic_impostor,na,83,83,13,14,B,70,70%,0.674,pixtral,similarity_score,2026-09-08T21:35:19
I_121_30_14,non-mated,primary_impostor,na,121,30,14,14,B,,Fabbre of four fingers,0.693,pixtral,similarity_score,2026-09-08T21:35:20
I_121_99_14,non-mated,primary_impostor,na,121,99,14,14,B,,"I am halft
fingerprints,",0.75,pixtral,similarity_score,2026-09-08T21:35:20
I_135_199_14,non-mated,primary_impostor,na,135,199,14,14,B,2,"2% confident (the images are the
  300% confident the number.
  40%%confident (the is from the",1.213,pixtral,similarity_score,2026-09-08T21:35:22
G_94_14_16646,mated,primary_genuine,na,94,94,14,14,A,,"You can use this space for the answer:

Explain the question mark, or the number.",0.942,pixtral,similarity_score,2026-09-08T21:35:22
I_038_75_13,non-mated,primary_impostor,na,038,75,13,13,B,20,"20% confident (the same person.)
  30%%",0.867,pixtral,similarity_score,2026-09-08T21:35:23
G_54_14_14669,mated,primary_genuine,na,54,54,14,14,A,10,"or
10",0.683,pixtral,similarity_score,2026-09-08T21:35:24
G_071_13_5893,mated,primary_genuine,na,071,071,13,13,A,20,"20% confident (the images are 40%%

The image is a black and white illustration of the number of the image.

Do not include this text, or
label.",1.587,pixtral,similarity_score,2026-09-08T21:35:26
G_230_14_12604,mated,primary_genuine,na,230,230,14,14,A,20,"20
  3% confident (the same person).
  40 =",0.941,pixtral,similarity_score,2026-09-08T21:35:27
I_183_31_13,non-mated,primary_impostor,na,183,31,13,13,B,,What is have several eight prints of three members paw animal's name K.,0.865,pixtral,similarity_score,2026-09-08T21:35:27
I_252_918_14,non-mated,primary_impostor,na,252,918,14,14,B,70,"The 70% confident (the images are 85% confident
  20 = %%
  30%% confidential

What is the difference in the pattern?",1.308,pixtral,similarity_score,2026-09-08T21:35:29
G_048_13_3781,mated,primary_genuine,na,048,048,13,13,A,,I am baby's art nursery rhymes.,0.756,pixtral,similarity_score,2026-09-08T21:35:29
G_215_13_12153,mated,primary_genuine,na,215,215,13,13,A,70,"The question is about 70% confident (explanation).

What does this mean?",0.923,pixtral,similarity_score,2026-09-08T21:35:30
D_122_112,non-mated,diagnostic_impostor,na,122,122,13,14,B,,I have analyzed the correct answer.,0.71,pixtral,similarity_score,2026-09-08T21:35:31
I_164_904_14,non-mated,primary_impostor,na,164,904,14,14,B,,"###

##[F4 members
-Do Forensic of all line handprints of various types of unique prints in black and white background image",1.136,pixtral,similarity_score,2026-09-08T21:35:32
I_182_230_14,non-mated,primary_impostor,na,182,230,14,14,B,2,"2
  3.",0.732,pixtral,similarity_score,2026-09-08T21:35:33
G_231_13_12619,mated,primary_genuine,na,231,231,13,13,A,2,"2
  3.",0.711,pixtral,similarity_score,2026-09-08T21:35:34
G_060_13_4905,mated,primary_genuine,na,060,060,13,13,A,2,2%,0.662,pixtral,similarity_score,2026-09-08T21:35:34
I_214_938_14,non-mated,primary_impostor,na,214,938,14,14,B,2,2,0.616,pixtral,similarity_score,2026-09-08T21:35:35
G_119_13_9927,mated,primary_genuine,na,119,119,13,13,A,20,"20% confident (the images are the
  30%% confidential (complet they are from",1.038,pixtral,similarity_score,2026-09-08T21:35:36
I_106_70_14,non-mated,primary_impostor,na,106,70,14,14,B,2,2,0.618,pixtral,similarity_score,2026-09-08T21:35:37
G_097_13_7948,mated,primary_genuine,na,097,097,13,13,A,4,4. Can you see my **finger**?,0.813,pixtral,similarity_score,2026-09-08T21:35:37
G_907_14_15608,mated,primary_genuine,na,907,907,14,14,A,20,"20
  30% confident (the same person).
  40",0.962,pixtral,similarity_score,2026-09-08T21:35:38
G_117_13_9880,mated,primary_genuine,na,117,117,13,13,A,,"As a **fingerprint**expert**, I'll examine the following:

- The first image is a **ridge** pattern**.
    - The second image is also a **pattern**.

    - And the third image is another **bif** pattern**.",1.577,pixtral,similarity_score,2026-09-08T21:35:40
I_069_96_14,non-mated,primary_impostor,na,069,96,14,14,B,,,0.578,pixtral,similarity_score,2026-09-08T21:35:41
G_157_13_10816,mated,primary_genuine,na,157,157,13,13,A,70,The 70% confident (explanation).,0.768,pixtral,similarity_score,2026-09-08T21:35:41
G_098_13_8043,mated,primary_genuine,na,098,098,13,13,A,4,4.,0.639,pixtral,similarity_score,2026-09-08T21:35:42
G_116_13_9847,mated,primary_genuine,na,116,116,13,13,A,20,"the
  20
  .",0.75,pixtral,similarity_score,2026-09-08T21:35:43
I_293_72_14,non-mated,primary_impostor,na,293,72,14,14,B,20,"The term ""finger"" is used in forensuring
  20% confident (it's the same as the person).

Do you have 30%",1.254,pixtral,similarity_score,2026-09-08T21:35:44
I_101_46_13,non-mated,primary_impostor,na,101,46,13,13,B,2,"2
  3%",0.715,pixtral,similarity_score,2026-09-08T21:35:45
I_069_092_14,non-mated,primary_impostor,na,069,092,14,14,B,,The illustration is a matching (com).,0.735,pixtral,similarity_score,2026-09-08T21:35:45
D_135_121,non-mated,diagnostic_impostor,na,135,135,13,14,B,,"As a **finger latent minut,",0.732,pixtral,similarity_score,2026-09-08T21:35:46
I_074_171_14,non-mated,primary_impostor,na,074,171,14,14,B,,F latent prints ofI is Le pe fingertips in various smallest as small and left seven members of,0.946,pixtral,similarity_score,2026-09-08T21:35:47
I_181_232_14,non-mated,primary_impostor,na,181,232,14,14,B,2,"Explain the
  2% confident (explanation)
 30%%",0.904,pixtral,similarity_score,2026-09-08T21:35:48
I_117_68_14,non-mated,primary_impostor,na,117,68,14,14,B,7,"Explain the number of 7% confident (explanation
  8% confident the numbers are from

the same person.",1.273,pixtral,similarity_score,2026-09-08T21:35:49
G_99_14_16774,mated,primary_genuine,na,99,99,14,14,A,70,"70% confident (the same person).

The fingerprint pattern is unique, but it's the same as the other person.

Do not include this text, or labels.",1.439,pixtral,similarity_score,2026-09-08T21:35:51
I_213_94_13,non-mated,primary_impostor,na,213,94,13,13,B,,"I'm sorry, but I don't know how to analyze these images. Can you please provide more context?",0.999,pixtral,similarity_score,2026-09-08T21:35:52
D_189_163,non-mated,diagnostic_impostor,na,189,189,13,14,B,,"Explainting the images.

**Explanation:**",0.767,pixtral,similarity_score,2026-09-08T21:35:52
G_123_14_10085,mated,primary_genuine,na,123,123,14,14,A,30,"Explain how many times, but it's still 30% confident (the same as
 40%% certain in the same way, but

I'maybe 20%%confident (to say) 8 more; then'done is another 7BE9E7C for
Y8% may be
1 by F1e works automatically at the initial one;
 Y8% to BE9s. 1-by-1",2.413,pixtral,similarity_score,2026-09-08T21:35:55
I_097_35_14,non-mated,primary_impostor,na,097,35,14,14,B,20,"20% confident (the
  30%%

(Completely (the

 40%%",1.043,pixtral,similarity_score,2026-09-08T21:35:56
D_25_212,non-mated,diagnostic_impostor,na,25,25,13,14,B,,"The fingerprinting is a unique identifier for each individual's identity.

You can use this information, or data, or labels. The fingerprinting pattern is a common identifier for all individuals in the group.

You may also be used as a general identifier for the entire group.

But it does not mean anything about the uniqueness of their identities.

You might also be useful as a shared identifier for everyone in the set.

You could also be helpful as a specific identifier for every member of the",2.413,pixtral,similarity_score,2026-09-08T21:35:58
D_229_196,non-mated,diagnostic_impostor,na,229,229,13,14,B,,"###

###

####

###
###",0.751,pixtral,similarity_score,2026-09-08T21:35:59
D_164_143,non-mated,diagnostic_impostor,na,164,164,13,14,B,,The are ten toes.,0.674,pixtral,similarity_score,2026-09-08T21:36:00
I_16_900_14,non-mated,primary_impostor,na,16,900,14,14,B,20,"The 20%confident (completingly
  30 =

A score is 40% confident (the images are the exact same person).

Do not include this text, or labels. The 70%
confident (
  80%

Confident (the image captures five fingers (idx, middle), and the shape and size.

Your job: Explain the process, or the number of. Do note any text here, or",2.413,pixtral,similarity_score,2026-09-08T21:36:02
G_068_13_5609,mated,primary_genuine,na,068,068,13,13,A,20,"20% confident (the images are the
same as the person.",0.891,pixtral,similarity_score,2026-09-08T21:36:03
D_42_256,non-mated,diagnostic_impostor,na,42,42,13,14,B,20,"20% confident (the images are
  30%% confidential the images.
  40%",1.057,pixtral,similarity_score,2026-09-08T21:36:04
I_137_96_14,non-mated,primary_impostor,na,137,96,14,14,B,2,"2
  30%confident (the number is 4",0.903,pixtral,similarity_score,2026-09-08T21:36:05
G_291_14_13885,mated,primary_genuine,na,291,291,14,14,A,,,0.576,pixtral,similarity_score,2026-09-08T21:36:06
G_926_14_16168,mated,primary_genuine,na,926,926,14,14,A,70,"70% confident (the description here.)
  80%% confidential
  90 =",1.001,pixtral,similarity_score,2026-09-08T21:36:07
G_067_13_5501,mated,primary_genuine,na,067,067,13,13,A,29,"I am December 29,",0.718,pixtral,similarity_score,2026-09-08T21:36:07
G_004_13_199,mated,primary_genuine,na,004,004,13,13,A,70,"70% confident (the
  2

I am happy to be the same thing as the other.

The question is from the one.

Do not include anything else, but it's the same time.

And then there is no longer than 3

But I'm sorry to be 4

The question has been from the other?

Yes, do not include everything else, yet it's 5

The answer is from 8

I'm sorry",2.418,pixtral,similarity_score,2026-09-08T21:36:10
G_190_13_11626,mated,primary_genuine,na,190,190,13,13,A,2,"2
  fingerers, and 40%",0.865,pixtral,similarity_score,2026-09-08T21:36:11
G_157_14_10836,mated,primary_genuine,na,157,157,14,14,A,70,"70% confident (the images are the
same as the other person).

Explain the 80%% confidence (the labels are the

90% confidence (they are the 90%% certain)
 120 = the 30%% certainty (the is the
other person).
Do not include this text, or description, or labeling.",2.042,pixtral,similarity_score,2026-09-08T21:36:13
I_109_123_14,non-mated,primary_impostor,na,109,123,14,14,B,20,"the
  20%",0.715,pixtral,similarity_score,2026-09-08T21:36:13
I_068_081_13,non-mated,primary_impostor,na,068,081,13,13,B,2,"2

I'm sorry (comma).",0.776,pixtral,similarity_score,2026-09-08T21:36:14
G_911_13_15734,mated,primary_genuine,na,911,911,13,13,A,2,2%,0.652,pixtral,similarity_score,2026-09-08T21:36:15
G_31_13_14056,mated,primary_genuine,na,31,31,13,13,A,,I am an expert in fingerprint examination.,0.73,pixtral,similarity_score,2026-09-08T21:36:16
I_146_931_13,non-mated,primary_impostor,na,146,931,13,13,B,,"I'm sorry, but I can't explain how it works.",0.826,pixtral,similarity_score,2026-09-08T21:36:16
G_180_14_11376,mated,primary_genuine,na,180,180,14,14,A,,The image is a black-and-white illustration.,0.751,pixtral,similarity_score,2026-09-08T21:36:17
I_125_167_14,non-mated,primary_impostor,na,125,167,14,14,B,,I am the,0.633,pixtral,similarity_score,2026-09-08T21:36:18
G_044_13_3440,mated,primary_genuine,na,044,044,13,13,A,70,"70% confident (the same as the number is 80%
confident (they are the
same person).

The question asks for the number of 90%.",1.298,pixtral,similarity_score,2026-09-08T21:36:19
I_079_191_14,non-mated,primary_impostor,na,079,191,14,14,B,70,"70% confident (the
  850 =

The question is 90%% certain (the

**confident (the",1.178,pixtral,similarity_score,2026-09-08T21:36:20
D_924_316,non-mated,diagnostic_impostor,na,924,924,13,14,B,100,120%,0.674,pixtral,similarity_score,2026-09-08T21:36:21
G_065_13_5333,mated,primary_genuine,na,065,065,13,13,A,70,"70% confident (the same person).

I'm sorry, I am an expert in fingerprint examination, or labels.",1.064,pixtral,similarity_score,2026-09-08T21:36:22
I_008_39_14,non-mated,primary_impostor,na,008,39,14,14,B,27,"27
  3.",0.752,pixtral,similarity_score,2026-09-08T21:36:23
G_280_13_13595,mated,primary_genuine,na,280,280,13,13,A,2,2,0.614,pixtral,similarity_score,2026-09-08T21:36:23
G_3_13_14237,mated,primary_genuine,na,3,3,13,13,A,2,"2
  30% confident (the are the number.
  40",1.093,pixtral,similarity_score,2026-09-08T21:36:24
