source_record,pair_id,id_status,stored,derived,parse_status,raw_sha256
1,D_121_111,exact,75,75.0,explicit_score,f369cb89fc627e668987007d121ed1eacdc01db9e28f8bb26f358b7d8c4f08ac
2,I_044_232_13,exact,85,85.0,explicit_score,b4944c6ff08dc6f43da2e9c824669b7d927dd1fa976fadc7b456881f51bf5ccc
3,I_067_932_13,exact,75,75.0,explicit_score,f369cb89fc627e668987007d121ed1eacdc01db9e28f8bb26f358b7d8c4f08ac
4,I_169_222_13,exact,85,85.0,explicit_score,b4944c6ff08dc6f43da2e9c824669b7d927dd1fa976fadc7b456881f51bf5ccc
5,I_051_174_13,exact,85,85.0,explicit_score,b4944c6ff08dc6f43da2e9c824669b7d927dd1fa976fadc7b456881f51bf5ccc
6,D_041_36,exact,75,75.0,explicit_score,f369cb89fc627e668987007d121ed1eacdc01db9e28f8bb26f358b7d8c4f08ac
7,G_200_13_11863,exact,85,85.0,explicit_score,b4944c6ff08dc6f43da2e9c824669b7d927dd1fa976fadc7b456881f51bf5ccc
8,I_049_269_13,exact,75,75.0,explicit_score,f369cb89fc627e668987007d121ed1eacdc01db9e28f8bb26f358b7d8c4f08ac
9,G_256_14_13142,exact,85,85.0,explicit_score,b4944c6ff08dc6f43da2e9c824669b7d927dd1fa976fadc7b456881f51bf5ccc
10,G_159_14_10898,exact,85,85.0,explicit_score,b4944c6ff08dc6f43da2e9c824669b7d927dd1fa976fadc7b456881f51bf5ccc
11,G_202_14_11903,exact,85,85.0,explicit_score,b4944c6ff08dc6f43da2e9c824669b7d927dd1fa976fadc7b456881f51bf5ccc
12,D_46_259,exact,75,75.0,explicit_score,f369cb89fc627e668987007d121ed1eacdc01db9e28f8bb26f358b7d8c4f08ac
13,G_112_14_9805,exact,75,75.0,explicit_score,f369cb89fc627e668987007d121ed1eacdc01db9e28f8bb26f358b7d8c4f08ac
14,G_192_13_11674,exact,85,85.0,explicit_score,b4944c6ff08dc6f43da2e9c824669b7d927dd1fa976fadc7b456881f51bf5ccc
15,I_009_216_13,exact,85,85.0,explicit_score,b4944c6ff08dc6f43da2e9c824669b7d927dd1fa976fadc7b456881f51bf5ccc
16,D_155_135,exact,75,75.0,explicit_score,f369cb89fc627e668987007d121ed1eacdc01db9e28f8bb26f358b7d8c4f08ac
17,I_31_911_14,exact,75,75.0,explicit_score,f369cb89fc627e668987007d121ed1eacdc01db9e28f8bb26f358b7d8c4f08ac
18,I_233_293_14,exact,75,75.0,explicit_score,f369cb89fc627e668987007d121ed1eacdc01db9e28f8bb26f358b7d8c4f08ac
19,I_57_71_13,exact,75,75.0,explicit_score,f369cb89fc627e668987007d121ed1eacdc01db9e28f8bb26f358b7d8c4f08ac
20,G_048_14_3830,exact,85,85.0,explicit_score,b4944c6ff08dc6f43da2e9c824669b7d927dd1fa976fadc7b456881f51bf5ccc
21,D_191_165,exact,85,85.0,explicit_score,b4944c6ff08dc6f43da2e9c824669b7d927dd1fa976fadc7b456881f51bf5ccc
22,G_182_14_11428,exact,85,85.0,explicit_score,b4944c6ff08dc6f43da2e9c824669b7d927dd1fa976fadc7b456881f51bf5ccc
23,G_009_13_633,exact,85,85.0,explicit_score,b4944c6ff08dc6f43da2e9c824669b7d927dd1fa976fadc7b456881f51bf5ccc
24,I_83_908_13,exact,85,85.0,explicit_score,b4944c6ff08dc6f43da2e9c824669b7d927dd1fa976fadc7b456881f51bf5ccc
25,I_010_173_13,exact,60,60.0,explicit_score,39fa9ec190eee7b6f4dff1100d6343e10918d044c75eac8f9e9a2596173f80c9
26,D_004_2,exact,75,75.0,explicit_score,f369cb89fc627e668987007d121ed1eacdc01db9e28f8bb26f358b7d8c4f08ac
27,G_212_13_12077,exact,85,85.0,explicit_score,b4944c6ff08dc6f43da2e9c824669b7d927dd1fa976fadc7b456881f51bf5ccc
28,G_270_14_13504,exact,85,85.0,explicit_score,b4944c6ff08dc6f43da2e9c824669b7d927dd1fa976fadc7b456881f51bf5ccc
29,G_42_13_14322,exact,75,75.0,explicit_score,f369cb89fc627e668987007d121ed1eacdc01db9e28f8bb26f358b7d8c4f08ac
30,D_128_117,exact,75,75.0,explicit_score,f369cb89fc627e668987007d121ed1eacdc01db9e28f8bb26f358b7d8c4f08ac
31,G_934_14_16443,exact,85,85.0,explicit_score,b4944c6ff08dc6f43da2e9c824669b7d927dd1fa976fadc7b456881f51bf5ccc
32,I_059_900_13,exact,75,75.0,explicit_score,f369cb89fc627e668987007d121ed1eacdc01db9e28f8bb26f358b7d8c4f08ac
33,I_31_82_14,exact,75,75.0,explicit_score,f369cb89fc627e668987007d121ed1eacdc01db9e28f8bb26f358b7d8c4f08ac
34,I_034_181_14,exact,20,20.0,explicit_score,f5ca38f748a1d6eaf726b8a42fb575c3c71f1864a8143301782de13da2d9202b
35,G_033_13_2634,exact,75,75.0,explicit_score,f369cb89fc627e668987007d121ed1eacdc01db9e28f8bb26f358b7d8c4f08ac
36,I_136_263_13,exact,20,20.0,explicit_score,f5ca38f748a1d6eaf726b8a42fb575c3c71f1864a8143301782de13da2d9202b
37,G_160_13_10911,exact,85,85.0,explicit_score,b4944c6ff08dc6f43da2e9c824669b7d927dd1fa976fadc7b456881f51bf5ccc
38,G_12_13_10249,exact,75,75.0,explicit_score,f369cb89fc627e668987007d121ed1eacdc01db9e28f8bb26f358b7d8c4f08ac
39,I_006_044_14,exact,85,85.0,explicit_score,b4944c6ff08dc6f43da2e9c824669b7d927dd1fa976fadc7b456881f51bf5ccc
40,D_218_186,exact,60,60.0,explicit_score,39fa9ec190eee7b6f4dff1100d6343e10918d044c75eac8f9e9a2596173f80c9
41,D_39_252,exact,85,85.0,explicit_score,b4944c6ff08dc6f43da2e9c824669b7d927dd1fa976fadc7b456881f51bf5ccc
42,I_229_916_13,exact,85,85.0,explicit_score,b4944c6ff08dc6f43da2e9c824669b7d927dd1fa976fadc7b456881f51bf5ccc
43,G_049_14_3960,exact,95,95.0,explicit_score,ad48ff99415b2f007dc35b7eb553fd1eb35ebfa2f2f308acd9488eeb86f71fa8
44,D_918_310,exact,75,75.0,explicit_score,f369cb89fc627e668987007d121ed1eacdc01db9e28f8bb26f358b7d8c4f08ac
45,G_43_13_14353,exact,75,75.0,explicit_score,f369cb89fc627e668987007d121ed1eacdc01db9e28f8bb26f358b7d8c4f08ac
46,G_923_13_16063,exact,85,85.0,explicit_score,b4944c6ff08dc6f43da2e9c824669b7d927dd1fa976fadc7b456881f51bf5ccc
47,G_127_14_10171,exact,85,85.0,explicit_score,b4944c6ff08dc6f43da2e9c824669b7d927dd1fa976fadc7b456881f51bf5ccc
48,D_051_45,exact,75,75.0,explicit_score,f369cb89fc627e668987007d121ed1eacdc01db9e28f8bb26f358b7d8c4f08ac
49,G_197_14_11779,exact,85,85.0,explicit_score,b4944c6ff08dc6f43da2e9c824669b7d927dd1fa976fadc7b456881f51bf5ccc
50,G_018_14_1489,exact,95,95.0,explicit_score,ad48ff99415b2f007dc35b7eb553fd1eb35ebfa2f2f308acd9488eeb86f71fa8
51,I_049_901_14,exact,85,85.0,explicit_score,b4944c6ff08dc6f43da2e9c824669b7d927dd1fa976fadc7b456881f51bf5ccc
52,I_36_67_13,exact,75,75.0,explicit_score,f369cb89fc627e668987007d121ed1eacdc01db9e28f8bb26f358b7d8c4f08ac
53,I_146_194_13,exact,75,75.0,explicit_score,f369cb89fc627e668987007d121ed1eacdc01db9e28f8bb26f358b7d8c4f08ac
54,D_279_230,exact,85,85.0,explicit_score,b4944c6ff08dc6f43da2e9c824669b7d927dd1fa976fadc7b456881f51bf5ccc
55,I_013_919_13,exact,75,75.0,explicit_score,f369cb89fc627e668987007d121ed1eacdc01db9e28f8bb26f358b7d8c4f08ac
56,D_094_86,exact,85,85.0,explicit_score,b4944c6ff08dc6f43da2e9c824669b7d927dd1fa976fadc7b456881f51bf5ccc
57,D_158_138,exact,75,75.0,explicit_score,f369cb89fc627e668987007d121ed1eacdc01db9e28f8bb26f358b7d8c4f08ac
58,I_057_909_14,exact,85,85.0,explicit_score,b4944c6ff08dc6f43da2e9c824669b7d927dd1fa976fadc7b456881f51bf5ccc
59,D_099_90,exact,75,75.0,explicit_score,f369cb89fc627e668987007d121ed1eacdc01db9e28f8bb26f358b7d8c4f08ac
60,G_125_13_10127,exact,75,75.0,explicit_score,f369cb89fc627e668987007d121ed1eacdc01db9e28f8bb26f358b7d8c4f08ac
61,I_048_22_13,exact,65,65.0,explicit_score,108c995b953c8a35561103e2014cf828eb654a99e310f87fab94c2f4b7d2a04f
62,G_156_13_10789,exact,85,85.0,explicit_score,b4944c6ff08dc6f43da2e9c824669b7d927dd1fa976fadc7b456881f51bf5ccc
63,I_42_939_14,exact,75,75.0,explicit_score,f369cb89fc627e668987007d121ed1eacdc01db9e28f8bb26f358b7d8c4f08ac
64,I_164_279_14,exact,60,60.0,explicit_score,39fa9ec190eee7b6f4dff1100d6343e10918d044c75eac8f9e9a2596173f80c9
65,I_007_253_13,exact,85,85.0,explicit_score,b4944c6ff08dc6f43da2e9c824669b7d927dd1fa976fadc7b456881f51bf5ccc
66,I_902_919_14,exact,85,85.0,explicit_score,b4944c6ff08dc6f43da2e9c824669b7d927dd1fa976fadc7b456881f51bf5ccc
67,I_100_189_13,exact,75,75.0,explicit_score,f369cb89fc627e668987007d121ed1eacdc01db9e28f8bb26f358b7d8c4f08ac
68,G_122_13_10044,exact,85,85.0,explicit_score,b4944c6ff08dc6f43da2e9c824669b7d927dd1fa976fadc7b456881f51bf5ccc
69,I_024_130_13,exact,65,65.0,explicit_score,108c995b953c8a35561103e2014cf828eb654a99e310f87fab94c2f4b7d2a04f
70,G_284_14_13708,exact,85,85.0,explicit_score,b4944c6ff08dc6f43da2e9c824669b7d927dd1fa976fadc7b456881f51bf5ccc
71,D_228_195,exact,75,75.0,explicit_score,f369cb89fc627e668987007d121ed1eacdc01db9e28f8bb26f358b7d8c4f08ac
72,D_016_14,exact,85,85.0,explicit_score,b4944c6ff08dc6f43da2e9c824669b7d927dd1fa976fadc7b456881f51bf5ccc
73,I_123_932_14,exact,75,75.0,explicit_score,f369cb89fc627e668987007d121ed1eacdc01db9e28f8bb26f358b7d8c4f08ac
74,D_101_92,exact,85,85.0,explicit_score,b4944c6ff08dc6f43da2e9c824669b7d927dd1fa976fadc7b456881f51bf5ccc
75,G_026_13_2176,exact,85,85.0,explicit_score,b4944c6ff08dc6f43da2e9c824669b7d927dd1fa976fadc7b456881f51bf5ccc
76,D_35_248,exact,75,75.0,explicit_score,f369cb89fc627e668987007d121ed1eacdc01db9e28f8bb26f358b7d8c4f08ac
77,I_055_932_14,exact,75,75.0,explicit_score,f369cb89fc627e668987007d121ed1eacdc01db9e28f8bb26f358b7d8c4f08ac
78,G_159_13_10878,exact,75,75.0,explicit_score,f369cb89fc627e668987007d121ed1eacdc01db9e28f8bb26f358b7d8c4f08ac
79,I_026_051_14,exact,85,85.0,explicit_score,b4944c6ff08dc6f43da2e9c824669b7d927dd1fa976fadc7b456881f51bf5ccc
80,G_127_13_10162,exact,85,85.0,explicit_score,b4944c6ff08dc6f43da2e9c824669b7d927dd1fa976fadc7b456881f51bf5ccc
81,I_013_175_14,exact,65,65.0,explicit_score,108c995b953c8a35561103e2014cf828eb654a99e310f87fab94c2f4b7d2a04f
82,G_905_13_15522,exact,85,85.0,explicit_score,b4944c6ff08dc6f43da2e9c824669b7d927dd1fa976fadc7b456881f51bf5ccc
83,I_907_922_14,exact,85,85.0,explicit_score,b4944c6ff08dc6f43da2e9c824669b7d927dd1fa976fadc7b456881f51bf5ccc
84,G_194_13_11703,exact,85,85.0,explicit_score,b4944c6ff08dc6f43da2e9c824669b7d927dd1fa976fadc7b456881f51bf5ccc
85,D_132_120,exact,75,75.0,explicit_score,f369cb89fc627e668987007d121ed1eacdc01db9e28f8bb26f358b7d8c4f08ac
86,G_196_14_11755,exact,75,75.0,explicit_score,f369cb89fc627e668987007d121ed1eacdc01db9e28f8bb26f358b7d8c4f08ac
87,G_929_14_16265,exact,85,85.0,explicit_score,b4944c6ff08dc6f43da2e9c824669b7d927dd1fa976fadc7b456881f51bf5ccc
88,G_240_13_12731,exact,75,75.0,explicit_score,f369cb89fc627e668987007d121ed1eacdc01db9e28f8bb26f358b7d8c4f08ac
89,G_47_14_14464,exact,85,85.0,explicit_score,b4944c6ff08dc6f43da2e9c824669b7d927dd1fa976fadc7b456881f51bf5ccc
90,G_912_13_15765,exact,75,75.0,explicit_score,f369cb89fc627e668987007d121ed1eacdc01db9e28f8bb26f358b7d8c4f08ac
91,D_157_137,exact,85,85.0,explicit_score,b4944c6ff08dc6f43da2e9c824669b7d927dd1fa976fadc7b456881f51bf5ccc
92,I_231_263_13,exact,60,60.0,explicit_score,39fa9ec190eee7b6f4dff1100d6343e10918d044c75eac8f9e9a2596173f80c9
93,G_247_14_12927,exact,85,85.0,explicit_score,b4944c6ff08dc6f43da2e9c824669b7d927dd1fa976fadc7b456881f51bf5ccc
94,I_005_81_14,exact,75,75.0,explicit_score,f369cb89fc627e668987007d121ed1eacdc01db9e28f8bb26f358b7d8c4f08ac
95,D_59_270,exact,85,85.0,explicit_score,b4944c6ff08dc6f43da2e9c824669b7d927dd1fa976fadc7b456881f51bf5ccc
96,G_011_13_817,exact,85,85.0,explicit_score,b4944c6ff08dc6f43da2e9c824669b7d927dd1fa976fadc7b456881f51bf5ccc
97,G_14_14_10714,exact,85,85.0,explicit_score,b4944c6ff08dc6f43da2e9c824669b7d927dd1fa976fadc7b456881f51bf5ccc
98,I_074_218_13,exact,75,75.0,explicit_score,f369cb89fc627e668987007d121ed1eacdc01db9e28f8bb26f358b7d8c4f08ac
99,I_197_241_14,exact,85,85.0,explicit_score,b4944c6ff08dc6f43da2e9c824669b7d927dd1fa976fadc7b456881f51bf5ccc
100,G_271_13_13508,exact,85,85.0,explicit_score,b4944c6ff08dc6f43da2e9c824669b7d927dd1fa976fadc7b456881f51bf5ccc
101,I_48_927_13,exact,75,75.0,explicit_score,f369cb89fc627e668987007d121ed1eacdc01db9e28f8bb26f358b7d8c4f08ac
102,G_18_13_11603,exact,85,85.0,explicit_score,b4944c6ff08dc6f43da2e9c824669b7d927dd1fa976fadc7b456881f51bf5ccc
103,D_110_101,exact,75,75.0,explicit_score,f369cb89fc627e668987007d121ed1eacdc01db9e28f8bb26f358b7d8c4f08ac
104,G_160_14_10920,exact,85,85.0,explicit_score,b4944c6ff08dc6f43da2e9c824669b7d927dd1fa976fadc7b456881f51bf5ccc
105,I_913_914_14,exact,60,60.0,explicit_score,39fa9ec190eee7b6f4dff1100d6343e10918d044c75eac8f9e9a2596173f80c9
106,D_903_295,exact,85,85.0,explicit_score,b4944c6ff08dc6f43da2e9c824669b7d927dd1fa976fadc7b456881f51bf5ccc
107,D_038_33,exact,75,75.0,explicit_score,f369cb89fc627e668987007d121ed1eacdc01db9e28f8bb26f358b7d8c4f08ac
108,D_079_71,exact,85,85.0,explicit_score,b4944c6ff08dc6f43da2e9c824669b7d927dd1fa976fadc7b456881f51bf5ccc
109,I_152_35_13,exact,75,75.0,explicit_score,f369cb89fc627e668987007d121ed1eacdc01db9e28f8bb26f358b7d8c4f08ac
110,I_005_132_13,exact,60,60.0,explicit_score,39fa9ec190eee7b6f4dff1100d6343e10918d044c75eac8f9e9a2596173f80c9
111,I_088_149_13,exact,85,85.0,explicit_score,b4944c6ff08dc6f43da2e9c824669b7d927dd1fa976fadc7b456881f51bf5ccc
112,D_94_333,exact,75,75.0,explicit_score,f369cb89fc627e668987007d121ed1eacdc01db9e28f8bb26f358b7d8c4f08ac
113,D_066_60,exact,75,75.0,explicit_score,f369cb89fc627e668987007d121ed1eacdc01db9e28f8bb26f358b7d8c4f08ac
114,I_067_077_14,exact,65,65.0,explicit_score,108c995b953c8a35561103e2014cf828eb654a99e310f87fab94c2f4b7d2a04f
115,D_88_289,exact,60,60.0,explicit_score,39fa9ec190eee7b6f4dff1100d6343e10918d044c75eac8f9e9a2596173f80c9
116,I_027_163_13,exact,75,75.0,explicit_score,f369cb89fc627e668987007d121ed1eacdc01db9e28f8bb26f358b7d8c4f08ac
117,G_031_14_2510,exact,95,95.0,explicit_score,ad48ff99415b2f007dc35b7eb553fd1eb35ebfa2f2f308acd9488eeb86f71fa8
118,G_198_13_11796,exact,85,85.0,explicit_score,b4944c6ff08dc6f43da2e9c824669b7d927dd1fa976fadc7b456881f51bf5ccc
119,I_158_931_13,exact,60,60.0,explicit_score,39fa9ec190eee7b6f4dff1100d6343e10918d044c75eac8f9e9a2596173f80c9
120,G_071_14_5907,exact,95,95.0,explicit_score,ad48ff99415b2f007dc35b7eb553fd1eb35ebfa2f2f308acd9488eeb86f71fa8
121,I_266_70_14,exact,50,50.0,explicit_score,1a6562590ef19d1045d06c4055742d38288e9e6dcd71ccde5cee80f1d5a774eb
122,D_173_150,exact,60,60.0,explicit_score,39fa9ec190eee7b6f4dff1100d6343e10918d044c75eac8f9e9a2596173f80c9
123,I_156_280_13,exact,75,75.0,explicit_score,f369cb89fc627e668987007d121ed1eacdc01db9e28f8bb26f358b7d8c4f08ac
124,I_055_36_13,exact,75,75.0,explicit_score,f369cb89fc627e668987007d121ed1eacdc01db9e28f8bb26f358b7d8c4f08ac
125,G_046_13_3632,exact,85,85.0,explicit_score,b4944c6ff08dc6f43da2e9c824669b7d927dd1fa976fadc7b456881f51bf5ccc
126,G_109_14_9407,exact,85,85.0,explicit_score,b4944c6ff08dc6f43da2e9c824669b7d927dd1fa976fadc7b456881f51bf5ccc
127,G_51_14_14610,exact,20,20.0,explicit_score,f5ca38f748a1d6eaf726b8a42fb575c3c71f1864a8143301782de13da2d9202b
128,G_27_13_13568,exact,85,85.0,explicit_score,b4944c6ff08dc6f43da2e9c824669b7d927dd1fa976fadc7b456881f51bf5ccc
129,I_049_81_14,exact,75,75.0,explicit_score,f369cb89fc627e668987007d121ed1eacdc01db9e28f8bb26f358b7d8c4f08ac
130,G_057_13_4601,exact,85,85.0,explicit_score,b4944c6ff08dc6f43da2e9c824669b7d927dd1fa976fadc7b456881f51bf5ccc
131,D_258_218,exact,75,75.0,explicit_score,f369cb89fc627e668987007d121ed1eacdc01db9e28f8bb26f358b7d8c4f08ac
132,G_904_14_15508,exact,75,75.0,explicit_score,f369cb89fc627e668987007d121ed1eacdc01db9e28f8bb26f358b7d8c4f08ac
133,I_100_279_14,exact,2,2.0,explicit_score,d4735e3a265e16eee03f59718b9b5d03019c07d8b6c51f90da3a666eec13ab35
134,D_68_279,exact,85,85.0,explicit_score,b4944c6ff08dc6f43da2e9c824669b7d927dd1fa976fadc7b456881f51bf5ccc
135,D_240_203,exact,75,75.0,explicit_score,f369cb89fc627e668987007d121ed1eacdc01db9e28f8bb26f358b7d8c4f08ac
136,G_907_13_15583,exact,85,85.0,explicit_score,b4944c6ff08dc6f43da2e9c824669b7d927dd1fa976fadc7b456881f51bf5ccc
137,G_927_13_16188,exact,85,85.0,explicit_score,b4944c6ff08dc6f43da2e9c824669b7d927dd1fa976fadc7b456881f51bf5ccc
138,I_11_924_13,exact,60,60.0,explicit_score,39fa9ec190eee7b6f4dff1100d6343e10918d044c75eac8f9e9a2596173f80c9
139,I_240_918_14,exact,75,75.0,explicit_score,f369cb89fc627e668987007d121ed1eacdc01db9e28f8bb26f358b7d8c4f08ac
140,G_284_13_13695,exact,85,85.0,explicit_score,b4944c6ff08dc6f43da2e9c824669b7d927dd1fa976fadc7b456881f51bf5ccc
141,I_4_47_13,exact,60,60.0,explicit_score,39fa9ec190eee7b6f4dff1100d6343e10918d044c75eac8f9e9a2596173f80c9
142,G_181_13_11393,exact,85,85.0,explicit_score,b4944c6ff08dc6f43da2e9c824669b7d927dd1fa976fadc7b456881f51bf5ccc
143,D_227_194,exact,60,60.0,explicit_score,39fa9ec190eee7b6f4dff1100d6343e10918d044c75eac8f9e9a2596173f80c9
144,G_96_13_16700,exact,60,60.0,explicit_score,39fa9ec190eee7b6f4dff1100d6343e10918d044c75eac8f9e9a2596173f80c9
145,I_075_081_14,exact,95,95.0,explicit_score,ad48ff99415b2f007dc35b7eb553fd1eb35ebfa2f2f308acd9488eeb86f71fa8
146,I_019_229_13,exact,85,85.0,explicit_score,b4944c6ff08dc6f43da2e9c824669b7d927dd1fa976fadc7b456881f51bf5ccc
147,I_128_138_14,exact,75,75.0,explicit_score,f369cb89fc627e668987007d121ed1eacdc01db9e28f8bb26f358b7d8c4f08ac
148,G_249_13_12978,exact,75,75.0,explicit_score,f369cb89fc627e668987007d121ed1eacdc01db9e28f8bb26f358b7d8c4f08ac
149,I_080_181_14,exact,60,60.0,explicit_score,39fa9ec190eee7b6f4dff1100d6343e10918d044c75eac8f9e9a2596173f80c9
150,I_021_917_13,exact,75,75.0,explicit_score,f369cb89fc627e668987007d121ed1eacdc01db9e28f8bb26f358b7d8c4f08ac
151,D_233_200,exact,50,50.0,explicit_score,1a6562590ef19d1045d06c4055742d38288e9e6dcd71ccde5cee80f1d5a774eb
152,G_053_13_4271,exact,85,85.0,explicit_score,b4944c6ff08dc6f43da2e9c824669b7d927dd1fa976fadc7b456881f51bf5ccc
153,I_223_53_13,exact,75,75.0,explicit_score,f369cb89fc627e668987007d121ed1eacdc01db9e28f8bb26f358b7d8c4f08ac
154,G_279_14_13557,exact,75,75.0,explicit_score,f369cb89fc627e668987007d121ed1eacdc01db9e28f8bb26f358b7d8c4f08ac
155,D_129_118,exact,75,75.0,explicit_score,f369cb89fc627e668987007d121ed1eacdc01db9e28f8bb26f358b7d8c4f08ac
156,I_084_163_14,exact,85,85.0,explicit_score,b4944c6ff08dc6f43da2e9c824669b7d927dd1fa976fadc7b456881f51bf5ccc
157,G_015_14_1230,exact,85,85.0,explicit_score,b4944c6ff08dc6f43da2e9c824669b7d927dd1fa976fadc7b456881f51bf5ccc
158,G_057_14_4669,exact,85,85.0,explicit_score,b4944c6ff08dc6f43da2e9c824669b7d927dd1fa976fadc7b456881f51bf5ccc
159,G_098_14_8073,exact,20,20.0,explicit_score,f5ca38f748a1d6eaf726b8a42fb575c3c71f1864a8143301782de13da2d9202b
160,G_043_13_3371,exact,85,85.0,explicit_score,b4944c6ff08dc6f43da2e9c824669b7d927dd1fa976fadc7b456881f51bf5ccc
161,I_216_931_13,exact,60,60.0,explicit_score,39fa9ec190eee7b6f4dff1100d6343e10918d044c75eac8f9e9a2596173f80c9
162,G_144_14_10558,exact,85,85.0,explicit_score,b4944c6ff08dc6f43da2e9c824669b7d927dd1fa976fadc7b456881f51bf5ccc
163,G_76_13_15198,exact,85,85.0,explicit_score,b4944c6ff08dc6f43da2e9c824669b7d927dd1fa976fadc7b456881f51bf5ccc
164,I_048_915_13,exact,75,75.0,explicit_score,f369cb89fc627e668987007d121ed1eacdc01db9e28f8bb26f358b7d8c4f08ac
165,G_66_13_14998,exact,85,85.0,explicit_score,b4944c6ff08dc6f43da2e9c824669b7d927dd1fa976fadc7b456881f51bf5ccc
166,D_292_242,exact,75,75.0,explicit_score,f369cb89fc627e668987007d121ed1eacdc01db9e28f8bb26f358b7d8c4f08ac
167,G_263_13_13332,exact,50,50.0,explicit_score,1a6562590ef19d1045d06c4055742d38288e9e6dcd71ccde5cee80f1d5a774eb
168,I_087_24_14,exact,75,75.0,explicit_score,f369cb89fc627e668987007d121ed1eacdc01db9e28f8bb26f358b7d8c4f08ac
169,G_010_14_801,exact,95,95.0,explicit_score,ad48ff99415b2f007dc35b7eb553fd1eb35ebfa2f2f308acd9488eeb86f71fa8
170,D_074_67,exact,85,85.0,explicit_score,b4944c6ff08dc6f43da2e9c824669b7d927dd1fa976fadc7b456881f51bf5ccc
171,I_012_049_14,exact,85,85.0,explicit_score,b4944c6ff08dc6f43da2e9c824669b7d927dd1fa976fadc7b456881f51bf5ccc
172,I_230_930_13,exact,60,60.0,explicit_score,39fa9ec190eee7b6f4dff1100d6343e10918d044c75eac8f9e9a2596173f80c9
173,I_054_222_14,exact,85,85.0,explicit_score,b4944c6ff08dc6f43da2e9c824669b7d927dd1fa976fadc7b456881f51bf5ccc
174,I_116_118_14,exact,95,95.0,explicit_score,ad48ff99415b2f007dc35b7eb553fd1eb35ebfa2f2f308acd9488eeb86f71fa8
175,D_225_192,exact,85,85.0,explicit_score,b4944c6ff08dc6f43da2e9c824669b7d927dd1fa976fadc7b456881f51bf5ccc
176,I_112_156_13,exact,75,75.0,explicit_score,f369cb89fc627e668987007d121ed1eacdc01db9e28f8bb26f358b7d8c4f08ac
177,D_904_296,exact,60,60.0,explicit_score,39fa9ec190eee7b6f4dff1100d6343e10918d044c75eac8f9e9a2596173f80c9
178,I_180_181_14,exact,85,85.0,explicit_score,b4944c6ff08dc6f43da2e9c824669b7d927dd1fa976fadc7b456881f51bf5ccc
179,G_241_13_12756,exact,85,85.0,explicit_score,b4944c6ff08dc6f43da2e9c824669b7d927dd1fa976fadc7b456881f51bf5ccc
180,G_49_13_14509,exact,85,85.0,explicit_score,b4944c6ff08dc6f43da2e9c824669b7d927dd1fa976fadc7b456881f51bf5ccc
181,G_060_14_4907,exact,85,85.0,explicit_score,b4944c6ff08dc6f43da2e9c824669b7d927dd1fa976fadc7b456881f51bf5ccc
182,G_174_13_11236,exact,85,85.0,explicit_score,b4944c6ff08dc6f43da2e9c824669b7d927dd1fa976fadc7b456881f51bf5ccc
183,I_245_40_14,exact,75,75.0,explicit_score,f369cb89fc627e668987007d121ed1eacdc01db9e28f8bb26f358b7d8c4f08ac
184,I_198_224_14,exact,85,85.0,explicit_score,b4944c6ff08dc6f43da2e9c824669b7d927dd1fa976fadc7b456881f51bf5ccc
185,I_237_43_14,exact,60,60.0,explicit_score,39fa9ec190eee7b6f4dff1100d6343e10918d044c75eac8f9e9a2596173f80c9
186,G_025_13_2084,exact,85,85.0,explicit_score,b4944c6ff08dc6f43da2e9c824669b7d927dd1fa976fadc7b456881f51bf5ccc
187,D_43_257,exact,50,50.0,explicit_score,1a6562590ef19d1045d06c4055742d38288e9e6dcd71ccde5cee80f1d5a774eb
188,G_928_14_16226,exact,75,75.0,explicit_score,f369cb89fc627e668987007d121ed1eacdc01db9e28f8bb26f358b7d8c4f08ac
189,G_035_13_2823,exact,85,85.0,explicit_score,b4944c6ff08dc6f43da2e9c824669b7d927dd1fa976fadc7b456881f51bf5ccc
190,I_048_216_13,exact,85,85.0,explicit_score,b4944c6ff08dc6f43da2e9c824669b7d927dd1fa976fadc7b456881f51bf5ccc
191,I_014_76_13,exact,75,75.0,explicit_score,f369cb89fc627e668987007d121ed1eacdc01db9e28f8bb26f358b7d8c4f08ac
192,I_111_904_14,exact,75,75.0,explicit_score,f369cb89fc627e668987007d121ed1eacdc01db9e28f8bb26f358b7d8c4f08ac
193,G_177_14_11308,exact,75,75.0,explicit_score,f369cb89fc627e668987007d121ed1eacdc01db9e28f8bb26f358b7d8c4f08ac
194,I_064_074_14,exact,65,65.0,explicit_score,108c995b953c8a35561103e2014cf828eb654a99e310f87fab94c2f4b7d2a04f
195,I_241_252_14,exact,75,75.0,explicit_score,f369cb89fc627e668987007d121ed1eacdc01db9e28f8bb26f358b7d8c4f08ac
196,D_103_94,exact,75,75.0,explicit_score,f369cb89fc627e668987007d121ed1eacdc01db9e28f8bb26f358b7d8c4f08ac
197,D_071_65,exact,85,85.0,explicit_score,b4944c6ff08dc6f43da2e9c824669b7d927dd1fa976fadc7b456881f51bf5ccc
198,G_248_13_12935,exact,85,85.0,explicit_score,b4944c6ff08dc6f43da2e9c824669b7d927dd1fa976fadc7b456881f51bf5ccc
199,G_68_13_15046,exact,85,85.0,explicit_score,b4944c6ff08dc6f43da2e9c824669b7d927dd1fa976fadc7b456881f51bf5ccc
200,G_184_14_11491,exact,95,95.0,explicit_score,ad48ff99415b2f007dc35b7eb553fd1eb35ebfa2f2f308acd9488eeb86f71fa8
201,D_226_193,exact,75,75.0,explicit_score,f369cb89fc627e668987007d121ed1eacdc01db9e28f8bb26f358b7d8c4f08ac
202,I_061_288_13,exact,85,85.0,explicit_score,b4944c6ff08dc6f43da2e9c824669b7d927dd1fa976fadc7b456881f51bf5ccc
203,I_008_60_13,exact,75,75.0,explicit_score,f369cb89fc627e668987007d121ed1eacdc01db9e28f8bb26f358b7d8c4f08ac
204,I_191_237_13,exact,75,75.0,explicit_score,f369cb89fc627e668987007d121ed1eacdc01db9e28f8bb26f358b7d8c4f08ac
205,I_158_226_14,exact,60,60.0,explicit_score,39fa9ec190eee7b6f4dff1100d6343e10918d044c75eac8f9e9a2596173f80c9
206,I_090_102_13,exact,85,85.0,explicit_score,b4944c6ff08dc6f43da2e9c824669b7d927dd1fa976fadc7b456881f51bf5ccc
207,I_117_918_13,exact,65,65.0,explicit_score,108c995b953c8a35561103e2014cf828eb654a99e310f87fab94c2f4b7d2a04f
208,G_270_13_13483,exact,85,85.0,explicit_score,b4944c6ff08dc6f43da2e9c824669b7d927dd1fa976fadc7b456881f51bf5ccc
209,G_299_13_13963,exact,85,85.0,explicit_score,b4944c6ff08dc6f43da2e9c824669b7d927dd1fa976fadc7b456881f51bf5ccc
210,G_266_14_13377,exact,75,75.0,explicit_score,f369cb89fc627e668987007d121ed1eacdc01db9e28f8bb26f358b7d8c4f08ac
211,I_062_132_14,exact,75,75.0,explicit_score,f369cb89fc627e668987007d121ed1eacdc01db9e28f8bb26f358b7d8c4f08ac
212,G_279_13_13541,exact,75,75.0,explicit_score,f369cb89fc627e668987007d121ed1eacdc01db9e28f8bb26f358b7d8c4f08ac
213,I_094_96_13,exact,75,75.0,explicit_score,f369cb89fc627e668987007d121ed1eacdc01db9e28f8bb26f358b7d8c4f08ac
214,I_36_921_14,exact,85,85.0,explicit_score,b4944c6ff08dc6f43da2e9c824669b7d927dd1fa976fadc7b456881f51bf5ccc
215,I_097_27_13,exact,75,75.0,explicit_score,f369cb89fc627e668987007d121ed1eacdc01db9e28f8bb26f358b7d8c4f08ac
216,D_048_42,exact,85,85.0,explicit_score,b4944c6ff08dc6f43da2e9c824669b7d927dd1fa976fadc7b456881f51bf5ccc
217,G_919_13_15982,exact,75,75.0,explicit_score,f369cb89fc627e668987007d121ed1eacdc01db9e28f8bb26f358b7d8c4f08ac
218,G_120_14_9991,exact,85,85.0,explicit_score,b4944c6ff08dc6f43da2e9c824669b7d927dd1fa976fadc7b456881f51bf5ccc
219,D_220_188,exact,75,75.0,explicit_score,f369cb89fc627e668987007d121ed1eacdc01db9e28f8bb26f358b7d8c4f08ac
220,G_11_13_9954,exact,75,75.0,explicit_score,f369cb89fc627e668987007d121ed1eacdc01db9e28f8bb26f358b7d8c4f08ac
221,G_271_14_13527,exact,95,95.0,explicit_score,ad48ff99415b2f007dc35b7eb553fd1eb35ebfa2f2f308acd9488eeb86f71fa8
222,G_78_14_15241,exact,20,20.0,explicit_score,f5ca38f748a1d6eaf726b8a42fb575c3c71f1864a8143301782de13da2d9202b
223,I_056_14_13,exact,85,85.0,explicit_score,b4944c6ff08dc6f43da2e9c824669b7d927dd1fa976fadc7b456881f51bf5ccc
224,D_031_27,exact,85,85.0,explicit_score,b4944c6ff08dc6f43da2e9c824669b7d927dd1fa976fadc7b456881f51bf5ccc
225,G_083_14_6820,exact,85,85.0,explicit_score,b4944c6ff08dc6f43da2e9c824669b7d927dd1fa976fadc7b456881f51bf5ccc
226,D_271_229,exact,85,85.0,explicit_score,b4944c6ff08dc6f43da2e9c824669b7d927dd1fa976fadc7b456881f51bf5ccc
227,D_60_271,exact,85,85.0,explicit_score,b4944c6ff08dc6f43da2e9c824669b7d927dd1fa976fadc7b456881f51bf5ccc
228,I_30_918_14,exact,75,75.0,explicit_score,f369cb89fc627e668987007d121ed1eacdc01db9e28f8bb26f358b7d8c4f08ac
229,I_197_260_13,exact,75,75.0,explicit_score,f369cb89fc627e668987007d121ed1eacdc01db9e28f8bb26f358b7d8c4f08ac
230,I_128_142_14,exact,75,75.0,explicit_score,f369cb89fc627e668987007d121ed1eacdc01db9e28f8bb26f358b7d8c4f08ac
231,G_916_13_15881,exact,75,75.0,explicit_score,f369cb89fc627e668987007d121ed1eacdc01db9e28f8bb26f358b7d8c4f08ac
232,I_081_901_13,exact,75,75.0,explicit_score,f369cb89fc627e668987007d121ed1eacdc01db9e28f8bb26f358b7d8c4f08ac
233,D_160_141,exact,75,75.0,explicit_score,f369cb89fc627e668987007d121ed1eacdc01db9e28f8bb26f358b7d8c4f08ac
234,G_062_13_5081,exact,85,85.0,explicit_score,b4944c6ff08dc6f43da2e9c824669b7d927dd1fa976fadc7b456881f51bf5ccc
235,I_041_50_14,exact,60,60.0,explicit_score,39fa9ec190eee7b6f4dff1100d6343e10918d044c75eac8f9e9a2596173f80c9
236,I_172_72_13,exact,75,75.0,explicit_score,f369cb89fc627e668987007d121ed1eacdc01db9e28f8bb26f358b7d8c4f08ac
237,G_044_14_3489,exact,85,85.0,explicit_score,b4944c6ff08dc6f43da2e9c824669b7d927dd1fa976fadc7b456881f51bf5ccc
238,D_109_99,exact,85,85.0,explicit_score,b4944c6ff08dc6f43da2e9c824669b7d927dd1fa976fadc7b456881f51bf5ccc
239,G_102_13_8526,exact,85,85.0,explicit_score,b4944c6ff08dc6f43da2e9c824669b7d927dd1fa976fadc7b456881f51bf5ccc
240,I_172_54_14,exact,75,75.0,explicit_score,f369cb89fc627e668987007d121ed1eacdc01db9e28f8bb26f358b7d8c4f08ac
241,I_094_116_13,exact,85,85.0,explicit_score,b4944c6ff08dc6f43da2e9c824669b7d927dd1fa976fadc7b456881f51bf5ccc
242,D_096_87,exact,75,75.0,explicit_score,f369cb89fc627e668987007d121ed1eacdc01db9e28f8bb26f358b7d8c4f08ac
243,I_82_933_14,exact,75,75.0,explicit_score,f369cb89fc627e668987007d121ed1eacdc01db9e28f8bb26f358b7d8c4f08ac
244,D_059_53,exact,95,95.0,explicit_score,ad48ff99415b2f007dc35b7eb553fd1eb35ebfa2f2f308acd9488eeb86f71fa8
245,I_192_299_13,exact,75,75.0,explicit_score,f369cb89fc627e668987007d121ed1eacdc01db9e28f8bb26f358b7d8c4f08ac
246,G_67_14_15022,exact,85,85.0,explicit_score,b4944c6ff08dc6f43da2e9c824669b7d927dd1fa976fadc7b456881f51bf5ccc
247,G_072_14_5998,exact,85,85.0,explicit_score,b4944c6ff08dc6f43da2e9c824669b7d927dd1fa976fadc7b456881f51bf5ccc
248,G_212_14_12092,exact,85,85.0,explicit_score,b4944c6ff08dc6f43da2e9c824669b7d927dd1fa976fadc7b456881f51bf5ccc
249,G_38_13_14179,exact,85,85.0,explicit_score,b4944c6ff08dc6f43da2e9c824669b7d927dd1fa976fadc7b456881f51bf5ccc
250,G_223_13_12363,exact,20,20.0,explicit_score,f5ca38f748a1d6eaf726b8a42fb575c3c71f1864a8143301782de13da2d9202b
251,G_141_14_10469,exact,85,85.0,explicit_score,b4944c6ff08dc6f43da2e9c824669b7d927dd1fa976fadc7b456881f51bf5ccc
252,D_37_250,exact,75,75.0,explicit_score,f369cb89fc627e668987007d121ed1eacdc01db9e28f8bb26f358b7d8c4f08ac
253,D_167_145,exact,20,20.0,explicit_score,f5ca38f748a1d6eaf726b8a42fb575c3c71f1864a8143301782de13da2d9202b
254,G_189_13_11576,exact,75,75.0,explicit_score,f369cb89fc627e668987007d121ed1eacdc01db9e28f8bb26f358b7d8c4f08ac
255,D_232_199,exact,75,75.0,explicit_score,f369cb89fc627e668987007d121ed1eacdc01db9e28f8bb26f358b7d8c4f08ac
256,G_199_14_11824,exact,85,85.0,explicit_score,b4944c6ff08dc6f43da2e9c824669b7d927dd1fa976fadc7b456881f51bf5ccc
257,I_198_901_13,exact,75,75.0,explicit_score,f369cb89fc627e668987007d121ed1eacdc01db9e28f8bb26f358b7d8c4f08ac
258,I_008_111_13,exact,75,75.0,explicit_score,f369cb89fc627e668987007d121ed1eacdc01db9e28f8bb26f358b7d8c4f08ac
259,D_063_57,exact,75,75.0,explicit_score,f369cb89fc627e668987007d121ed1eacdc01db9e28f8bb26f358b7d8c4f08ac
260,G_019_14_1610,exact,85,85.0,explicit_score,b4944c6ff08dc6f43da2e9c824669b7d927dd1fa976fadc7b456881f51bf5ccc
261,D_146_131,exact,75,75.0,explicit_score,f369cb89fc627e668987007d121ed1eacdc01db9e28f8bb26f358b7d8c4f08ac
262,I_128_50_13,exact,75,75.0,explicit_score,f369cb89fc627e668987007d121ed1eacdc01db9e28f8bb26f358b7d8c4f08ac
263,D_123_113,exact,75,75.0,explicit_score,f369cb89fc627e668987007d121ed1eacdc01db9e28f8bb26f358b7d8c4f08ac
264,D_182_158,exact,75,75.0,explicit_score,f369cb89fc627e668987007d121ed1eacdc01db9e28f8bb26f358b7d8c4f08ac
265,D_085_77,exact,75,75.0,explicit_score,f369cb89fc627e668987007d121ed1eacdc01db9e28f8bb26f358b7d8c4f08ac
266,I_935_97_14,exact,75,75.0,explicit_score,f369cb89fc627e668987007d121ed1eacdc01db9e28f8bb26f358b7d8c4f08ac
267,D_248_210,exact,75,75.0,explicit_score,f369cb89fc627e668987007d121ed1eacdc01db9e28f8bb26f358b7d8c4f08ac
268,G_013_14_1036,exact,65,65.0,explicit_score,108c995b953c8a35561103e2014cf828eb654a99e310f87fab94c2f4b7d2a04f
269,D_935_328,exact,85,85.0,explicit_score,b4944c6ff08dc6f43da2e9c824669b7d927dd1fa976fadc7b456881f51bf5ccc
270,I_258_92_13,exact,20,20.0,explicit_score,f5ca38f748a1d6eaf726b8a42fb575c3c71f1864a8143301782de13da2d9202b
271,G_12_14_10264,exact,85,85.0,explicit_score,b4944c6ff08dc6f43da2e9c824669b7d927dd1fa976fadc7b456881f51bf5ccc
272,I_44_922_13,exact,75,75.0,explicit_score,f369cb89fc627e668987007d121ed1eacdc01db9e28f8bb26f358b7d8c4f08ac
273,G_200_14_11880,exact,75,75.0,explicit_score,f369cb89fc627e668987007d121ed1eacdc01db9e28f8bb26f358b7d8c4f08ac
274,G_087_14_7195,exact,85,85.0,explicit_score,b4944c6ff08dc6f43da2e9c824669b7d927dd1fa976fadc7b456881f51bf5ccc
275,D_936_329,exact,75,75.0,explicit_score,f369cb89fc627e668987007d121ed1eacdc01db9e28f8bb26f358b7d8c4f08ac
276,I_281_299_13,exact,75,75.0,explicit_score,f369cb89fc627e668987007d121ed1eacdc01db9e28f8bb26f358b7d8c4f08ac
277,G_289_14_13795,exact,85,85.0,explicit_score,b4944c6ff08dc6f43da2e9c824669b7d927dd1fa976fadc7b456881f51bf5ccc
278,I_123_228_14,exact,60,60.0,explicit_score,39fa9ec190eee7b6f4dff1100d6343e10918d044c75eac8f9e9a2596173f80c9
279,G_283_14_13678,exact,75,75.0,explicit_score,f369cb89fc627e668987007d121ed1eacdc01db9e28f8bb26f358b7d8c4f08ac
280,D_152_134,exact,75,75.0,explicit_score,f369cb89fc627e668987007d121ed1eacdc01db9e28f8bb26f358b7d8c4f08ac
281,G_045_13_3551,exact,85,85.0,explicit_score,b4944c6ff08dc6f43da2e9c824669b7d927dd1fa976fadc7b456881f51bf5ccc
282,I_057_921_13,exact,75,75.0,explicit_score,f369cb89fc627e668987007d121ed1eacdc01db9e28f8bb26f358b7d8c4f08ac
283,I_223_249_14,exact,75,75.0,explicit_score,f369cb89fc627e668987007d121ed1eacdc01db9e28f8bb26f358b7d8c4f08ac
284,D_76_284,exact,85,85.0,explicit_score,b4944c6ff08dc6f43da2e9c824669b7d927dd1fa976fadc7b456881f51bf5ccc
285,I_078_226_13,exact,60,60.0,explicit_score,39fa9ec190eee7b6f4dff1100d6343e10918d044c75eac8f9e9a2596173f80c9
286,I_074_58_14,exact,75,75.0,explicit_score,f369cb89fc627e668987007d121ed1eacdc01db9e28f8bb26f358b7d8c4f08ac
287,I_040_288_13,exact,75,75.0,explicit_score,f369cb89fc627e668987007d121ed1eacdc01db9e28f8bb26f358b7d8c4f08ac
288,D_48_261,exact,85,85.0,explicit_score,b4944c6ff08dc6f43da2e9c824669b7d927dd1fa976fadc7b456881f51bf5ccc
289,I_30_927_13,exact,60,60.0,explicit_score,39fa9ec190eee7b6f4dff1100d6343e10918d044c75eac8f9e9a2596173f80c9
290,D_9_290,exact,75,75.0,explicit_score,f369cb89fc627e668987007d121ed1eacdc01db9e28f8bb26f358b7d8c4f08ac
291,I_010_51_13,exact,2,2.0,explicit_score,d4735e3a265e16eee03f59718b9b5d03019c07d8b6c51f90da3a666eec13ab35
292,G_075_13_6129,exact,85,85.0,explicit_score,b4944c6ff08dc6f43da2e9c824669b7d927dd1fa976fadc7b456881f51bf5ccc
293,G_912_14_15783,exact,85,85.0,explicit_score,b4944c6ff08dc6f43da2e9c824669b7d927dd1fa976fadc7b456881f51bf5ccc
294,D_008_6,exact,75,75.0,explicit_score,f369cb89fc627e668987007d121ed1eacdc01db9e28f8bb26f358b7d8c4f08ac
295,I_032_216_13,exact,75,75.0,explicit_score,f369cb89fc627e668987007d121ed1eacdc01db9e28f8bb26f358b7d8c4f08ac
296,D_263_223,exact,65,65.0,explicit_score,108c995b953c8a35561103e2014cf828eb654a99e310f87fab94c2f4b7d2a04f
297,G_40_14_14278,exact,85,85.0,explicit_score,b4944c6ff08dc6f43da2e9c824669b7d927dd1fa976fadc7b456881f51bf5ccc
298,I_263_913_13,exact,75,75.0,explicit_score,f369cb89fc627e668987007d121ed1eacdc01db9e28f8bb26f358b7d8c4f08ac
299,G_242_14_12806,exact,75,75.0,explicit_score,f369cb89fc627e668987007d121ed1eacdc01db9e28f8bb26f358b7d8c4f08ac
300,G_56_14_14699,exact,75,75.0,explicit_score,f369cb89fc627e668987007d121ed1eacdc01db9e28f8bb26f358b7d8c4f08ac
301,G_82_13_15284,exact,85,85.0,explicit_score,b4944c6ff08dc6f43da2e9c824669b7d927dd1fa976fadc7b456881f51bf5ccc
302,G_045_14_3590,exact,85,85.0,explicit_score,b4944c6ff08dc6f43da2e9c824669b7d927dd1fa976fadc7b456881f51bf5ccc
303,I_107_905_14,exact,50,50.0,explicit_score,1a6562590ef19d1045d06c4055742d38288e9e6dcd71ccde5cee80f1d5a774eb
304,G_136_14_10370,exact,85,85.0,explicit_score,b4944c6ff08dc6f43da2e9c824669b7d927dd1fa976fadc7b456881f51bf5ccc
305,G_938_14_16550,exact,85,85.0,explicit_score,b4944c6ff08dc6f43da2e9c824669b7d927dd1fa976fadc7b456881f51bf5ccc
306,I_051_96_14,exact,85,85.0,explicit_score,b4944c6ff08dc6f43da2e9c824669b7d927dd1fa976fadc7b456881f51bf5ccc
307,I_204_260_13,exact,75,75.0,explicit_score,f369cb89fc627e668987007d121ed1eacdc01db9e28f8bb26f358b7d8c4f08ac
308,G_83_13_15330,exact,85,85.0,explicit_score,b4944c6ff08dc6f43da2e9c824669b7d927dd1fa976fadc7b456881f51bf5ccc
309,I_245_54_13,exact,50,50.0,explicit_score,1a6562590ef19d1045d06c4055742d38288e9e6dcd71ccde5cee80f1d5a774eb
310,D_937_330,exact,60,60.0,explicit_score,39fa9ec190eee7b6f4dff1100d6343e10918d044c75eac8f9e9a2596173f80c9
311,I_037_171_13,exact,75,75.0,explicit_score,f369cb89fc627e668987007d121ed1eacdc01db9e28f8bb26f358b7d8c4f08ac
312,I_177_935_14,exact,60,60.0,explicit_score,39fa9ec190eee7b6f4dff1100d6343e10918d044c75eac8f9e9a2596173f80c9
313,I_019_914_14,exact,85,85.0,explicit_score,b4944c6ff08dc6f43da2e9c824669b7d927dd1fa976fadc7b456881f51bf5ccc
314,D_269_226,exact,75,75.0,explicit_score,f369cb89fc627e668987007d121ed1eacdc01db9e28f8bb26f358b7d8c4f08ac
315,G_41_13_14295,exact,75,75.0,explicit_score,f369cb89fc627e668987007d121ed1eacdc01db9e28f8bb26f358b7d8c4f08ac
316,I_024_279_13,exact,85,85.0,explicit_score,b4944c6ff08dc6f43da2e9c824669b7d927dd1fa976fadc7b456881f51bf5ccc
317,G_24_14_13016,exact,85,85.0,explicit_score,b4944c6ff08dc6f43da2e9c824669b7d927dd1fa976fadc7b456881f51bf5ccc
318,G_027_13_2258,exact,75,75.0,explicit_score,f369cb89fc627e668987007d121ed1eacdc01db9e28f8bb26f358b7d8c4f08ac
319,G_38_14_14190,exact,85,85.0,explicit_score,b4944c6ff08dc6f43da2e9c824669b7d927dd1fa976fadc7b456881f51bf5ccc
320,G_101_13_8466,exact,85,85.0,explicit_score,b4944c6ff08dc6f43da2e9c824669b7d927dd1fa976fadc7b456881f51bf5ccc
321,I_100_95_13,exact,75,75.0,explicit_score,f369cb89fc627e668987007d121ed1eacdc01db9e28f8bb26f358b7d8c4f08ac
322,I_185_927_13,exact,60,60.0,explicit_score,39fa9ec190eee7b6f4dff1100d6343e10918d044c75eac8f9e9a2596173f80c9
323,G_077_13_6211,exact,85,85.0,explicit_score,b4944c6ff08dc6f43da2e9c824669b7d927dd1fa976fadc7b456881f51bf5ccc
324,G_30_14_14034,exact,85,85.0,explicit_score,b4944c6ff08dc6f43da2e9c824669b7d927dd1fa976fadc7b456881f51bf5ccc
325,I_144_192_14,exact,75,75.0,explicit_score,f369cb89fc627e668987007d121ed1eacdc01db9e28f8bb26f358b7d8c4f08ac
326,I_178_299_13,exact,60,60.0,explicit_score,39fa9ec190eee7b6f4dff1100d6343e10918d044c75eac8f9e9a2596173f80c9
327,I_090_291_14,exact,75,75.0,explicit_score,f369cb89fc627e668987007d121ed1eacdc01db9e28f8bb26f358b7d8c4f08ac
328,D_136_122,exact,75,75.0,explicit_score,f369cb89fc627e668987007d121ed1eacdc01db9e28f8bb26f358b7d8c4f08ac
329,I_087_914_13,exact,75,75.0,explicit_score,f369cb89fc627e668987007d121ed1eacdc01db9e28f8bb26f358b7d8c4f08ac
330,I_50_916_13,exact,75,75.0,explicit_score,f369cb89fc627e668987007d121ed1eacdc01db9e28f8bb26f358b7d8c4f08ac
331,I_164_936_14,exact,75,75.0,explicit_score,f369cb89fc627e668987007d121ed1eacdc01db9e28f8bb26f358b7d8c4f08ac
332,G_229_14_12572,exact,85,85.0,explicit_score,b4944c6ff08dc6f43da2e9c824669b7d927dd1fa976fadc7b456881f51bf5ccc
333,G_220_14_12332,exact,85,85.0,explicit_score,b4944c6ff08dc6f43da2e9c824669b7d927dd1fa976fadc7b456881f51bf5ccc
334,D_14_125,exact,85,85.0,explicit_score,b4944c6ff08dc6f43da2e9c824669b7d927dd1fa976fadc7b456881f51bf5ccc
335,I_031_904_14,exact,85,85.0,explicit_score,b4944c6ff08dc6f43da2e9c824669b7d927dd1fa976fadc7b456881f51bf5ccc
336,D_029_26,exact,85,85.0,explicit_score,b4944c6ff08dc6f43da2e9c824669b7d927dd1fa976fadc7b456881f51bf5ccc
337,G_109_13_9319,exact,85,85.0,explicit_score,b4944c6ff08dc6f43da2e9c824669b7d927dd1fa976fadc7b456881f51bf5ccc
338,G_72_13_15130,exact,60,60.0,explicit_score,39fa9ec190eee7b6f4dff1100d6343e10918d044c75eac8f9e9a2596173f80c9
339,I_006_178_13,exact,60,60.0,explicit_score,39fa9ec190eee7b6f4dff1100d6343e10918d044c75eac8f9e9a2596173f80c9
340,I_128_43_14,exact,75,75.0,explicit_score,f369cb89fc627e668987007d121ed1eacdc01db9e28f8bb26f358b7d8c4f08ac
341,G_182_13_11426,exact,75,75.0,explicit_score,f369cb89fc627e668987007d121ed1eacdc01db9e28f8bb26f358b7d8c4f08ac
342,I_035_163_13,exact,75,75.0,explicit_score,f369cb89fc627e668987007d121ed1eacdc01db9e28f8bb26f358b7d8c4f08ac
343,D_930_323,exact,75,75.0,explicit_score,f369cb89fc627e668987007d121ed1eacdc01db9e28f8bb26f358b7d8c4f08ac
344,G_61_13_14838,exact,85,85.0,explicit_score,b4944c6ff08dc6f43da2e9c824669b7d927dd1fa976fadc7b456881f51bf5ccc
345,G_240_14_12745,exact,85,85.0,explicit_score,b4944c6ff08dc6f43da2e9c824669b7d927dd1fa976fadc7b456881f51bf5ccc
346,G_085_14_7002,exact,85,85.0,explicit_score,b4944c6ff08dc6f43da2e9c824669b7d927dd1fa976fadc7b456881f51bf5ccc
347,I_12_124_13,exact,75,75.0,explicit_score,f369cb89fc627e668987007d121ed1eacdc01db9e28f8bb26f358b7d8c4f08ac
348,D_033_29,exact,85,85.0,explicit_score,b4944c6ff08dc6f43da2e9c824669b7d927dd1fa976fadc7b456881f51bf5ccc
349,I_225_242_13,exact,75,75.0,explicit_score,f369cb89fc627e668987007d121ed1eacdc01db9e28f8bb26f358b7d8c4f08ac
350,G_105_13_8734,exact,95,95.0,explicit_score,ad48ff99415b2f007dc35b7eb553fd1eb35ebfa2f2f308acd9488eeb86f71fa8
351,I_035_907_14,exact,85,85.0,explicit_score,b4944c6ff08dc6f43da2e9c824669b7d927dd1fa976fadc7b456881f51bf5ccc
352,G_935_13_16452,exact,75,75.0,explicit_score,f369cb89fc627e668987007d121ed1eacdc01db9e28f8bb26f358b7d8c4f08ac
353,I_063_3_14,exact,85,85.0,explicit_score,b4944c6ff08dc6f43da2e9c824669b7d927dd1fa976fadc7b456881f51bf5ccc
354,G_81_14_15265,exact,75,75.0,explicit_score,f369cb89fc627e668987007d121ed1eacdc01db9e28f8bb26f358b7d8c4f08ac
355,G_117_14_9891,exact,75,75.0,explicit_score,f369cb89fc627e668987007d121ed1eacdc01db9e28f8bb26f358b7d8c4f08ac
356,G_129_14_10229,exact,75,75.0,explicit_score,f369cb89fc627e668987007d121ed1eacdc01db9e28f8bb26f358b7d8c4f08ac
357,D_072_66,exact,75,75.0,explicit_score,f369cb89fc627e668987007d121ed1eacdc01db9e28f8bb26f358b7d8c4f08ac
358,I_270_909_13,exact,60,60.0,explicit_score,39fa9ec190eee7b6f4dff1100d6343e10918d044c75eac8f9e9a2596173f80c9
359,D_914_306,exact,85,85.0,explicit_score,b4944c6ff08dc6f43da2e9c824669b7d927dd1fa976fadc7b456881f51bf5ccc
360,G_103_13_8639,exact,75,75.0,explicit_score,f369cb89fc627e668987007d121ed1eacdc01db9e28f8bb26f358b7d8c4f08ac
361,D_009_7,exact,85,85.0,explicit_score,b4944c6ff08dc6f43da2e9c824669b7d927dd1fa976fadc7b456881f51bf5ccc
362,I_148_226_14,exact,65,65.0,explicit_score,108c995b953c8a35561103e2014cf828eb654a99e310f87fab94c2f4b7d2a04f
363,D_284_235,exact,60,60.0,explicit_score,39fa9ec190eee7b6f4dff1100d6343e10918d044c75eac8f9e9a2596173f80c9
364,I_261_932_14,exact,60,60.0,explicit_score,39fa9ec190eee7b6f4dff1100d6343e10918d044c75eac8f9e9a2596173f80c9
365,I_243_269_13,exact,85,85.0,explicit_score,b4944c6ff08dc6f43da2e9c824669b7d927dd1fa976fadc7b456881f51bf5ccc
366,D_020_18,exact,85,85.0,explicit_score,b4944c6ff08dc6f43da2e9c824669b7d927dd1fa976fadc7b456881f51bf5ccc
367,G_4_13_14536,exact,85,85.0,explicit_score,b4944c6ff08dc6f43da2e9c824669b7d927dd1fa976fadc7b456881f51bf5ccc
368,I_021_918_13,exact,60,60.0,explicit_score,39fa9ec190eee7b6f4dff1100d6343e10918d044c75eac8f9e9a2596173f80c9
369,G_9_13_16794,exact,85,85.0,explicit_score,b4944c6ff08dc6f43da2e9c824669b7d927dd1fa976fadc7b456881f51bf5ccc
370,G_290_13_13844,exact,20,20.0,explicit_score,f5ca38f748a1d6eaf726b8a42fb575c3c71f1864a8143301782de13da2d9202b
371,I_267_921_14,exact,85,85.0,explicit_score,b4944c6ff08dc6f43da2e9c824669b7d927dd1fa976fadc7b456881f51bf5ccc
372,G_921_13_16012,exact,75,75.0,explicit_score,f369cb89fc627e668987007d121ed1eacdc01db9e28f8bb26f358b7d8c4f08ac
373,G_213_14_12117,exact,60,60.0,explicit_score,39fa9ec190eee7b6f4dff1100d6343e10918d044c75eac8f9e9a2596173f80c9
374,G_110_13_9467,exact,75,75.0,explicit_score,f369cb89fc627e668987007d121ed1eacdc01db9e28f8bb26f358b7d8c4f08ac
375,G_65_14_14974,exact,75,75.0,explicit_score,f369cb89fc627e668987007d121ed1eacdc01db9e28f8bb26f358b7d8c4f08ac
376,G_95_13_16672,exact,85,85.0,explicit_score,b4944c6ff08dc6f43da2e9c824669b7d927dd1fa976fadc7b456881f51bf5ccc
377,G_248_14_12958,exact,85,85.0,explicit_score,b4944c6ff08dc6f43da2e9c824669b7d927dd1fa976fadc7b456881f51bf5ccc
378,I_094_163_14,exact,85,85.0,explicit_score,b4944c6ff08dc6f43da2e9c824669b7d927dd1fa976fadc7b456881f51bf5ccc
379,I_103_143_14,exact,85,85.0,explicit_score,b4944c6ff08dc6f43da2e9c824669b7d927dd1fa976fadc7b456881f51bf5ccc
380,I_141_47_14,exact,60,60.0,explicit_score,39fa9ec190eee7b6f4dff1100d6343e10918d044c75eac8f9e9a2596173f80c9
381,I_045_105_14,exact,85,85.0,explicit_score,b4944c6ff08dc6f43da2e9c824669b7d927dd1fa976fadc7b456881f51bf5ccc
382,I_119_259_13,exact,60,60.0,explicit_score,39fa9ec190eee7b6f4dff1100d6343e10918d044c75eac8f9e9a2596173f80c9
383,G_910_14_15730,exact,85,85.0,explicit_score,b4944c6ff08dc6f43da2e9c824669b7d927dd1fa976fadc7b456881f51bf5ccc
384,G_101_14_8509,exact,85,85.0,explicit_score,b4944c6ff08dc6f43da2e9c824669b7d927dd1fa976fadc7b456881f51bf5ccc
385,G_218_13_12251,exact,75,75.0,explicit_score,f369cb89fc627e668987007d121ed1eacdc01db9e28f8bb26f358b7d8c4f08ac
386,G_222_13_12346,exact,85,85.0,explicit_score,b4944c6ff08dc6f43da2e9c824669b7d927dd1fa976fadc7b456881f51bf5ccc
387,I_040_224_13,exact,85,85.0,explicit_score,b4944c6ff08dc6f43da2e9c824669b7d927dd1fa976fadc7b456881f51bf5ccc
388,G_141_13_10461,exact,85,85.0,explicit_score,b4944c6ff08dc6f43da2e9c824669b7d927dd1fa976fadc7b456881f51bf5ccc
389,D_56_267,exact,75,75.0,explicit_score,f369cb89fc627e668987007d121ed1eacdc01db9e28f8bb26f358b7d8c4f08ac
390,G_269_13_13415,exact,75,75.0,explicit_score,f369cb89fc627e668987007d121ed1eacdc01db9e28f8bb26f358b7d8c4f08ac
391,I_046_083_14,exact,85,85.0,explicit_score,b4944c6ff08dc6f43da2e9c824669b7d927dd1fa976fadc7b456881f51bf5ccc
392,G_118_13_9906,exact,95,95.0,explicit_score,ad48ff99415b2f007dc35b7eb553fd1eb35ebfa2f2f308acd9488eeb86f71fa8
393,D_056_50,exact,85,85.0,explicit_score,b4944c6ff08dc6f43da2e9c824669b7d927dd1fa976fadc7b456881f51bf5ccc
394,I_130_145_13,exact,75,75.0,explicit_score,f369cb89fc627e668987007d121ed1eacdc01db9e28f8bb26f358b7d8c4f08ac
395,I_025_136_14,exact,60,60.0,explicit_score,39fa9ec190eee7b6f4dff1100d6343e10918d044c75eac8f9e9a2596173f80c9
396,G_093_14_7732,exact,85,85.0,explicit_score,b4944c6ff08dc6f43da2e9c824669b7d927dd1fa976fadc7b456881f51bf5ccc
397,I_218_921_14,exact,85,85.0,explicit_score,b4944c6ff08dc6f43da2e9c824669b7d927dd1fa976fadc7b456881f51bf5ccc
398,D_922_314,exact,75,75.0,explicit_score,f369cb89fc627e668987007d121ed1eacdc01db9e28f8bb26f358b7d8c4f08ac
399,I_010_015_14,exact,85,85.0,explicit_score,b4944c6ff08dc6f43da2e9c824669b7d927dd1fa976fadc7b456881f51bf5ccc
400,I_065_119_13,exact,85,85.0,explicit_score,b4944c6ff08dc6f43da2e9c824669b7d927dd1fa976fadc7b456881f51bf5ccc
401,G_243_14_12841,exact,95,95.0,explicit_score,ad48ff99415b2f007dc35b7eb553fd1eb35ebfa2f2f308acd9488eeb86f71fa8
402,D_054_48,exact,85,85.0,explicit_score,b4944c6ff08dc6f43da2e9c824669b7d927dd1fa976fadc7b456881f51bf5ccc
403,G_217_14_12241,exact,75,75.0,explicit_score,f369cb89fc627e668987007d121ed1eacdc01db9e28f8bb26f358b7d8c4f08ac
404,I_224_90_14,exact,85,85.0,explicit_score,b4944c6ff08dc6f43da2e9c824669b7d927dd1fa976fadc7b456881f51bf5ccc
405,I_148_929_14,exact,85,85.0,explicit_score,b4944c6ff08dc6f43da2e9c824669b7d927dd1fa976fadc7b456881f51bf5ccc
406,I_48_90_13,exact,75,75.0,explicit_score,f369cb89fc627e668987007d121ed1eacdc01db9e28f8bb26f358b7d8c4f08ac
407,I_051_930_13,exact,75,75.0,explicit_score,f369cb89fc627e668987007d121ed1eacdc01db9e28f8bb26f358b7d8c4f08ac
408,I_246_76_14,exact,75,75.0,explicit_score,f369cb89fc627e668987007d121ed1eacdc01db9e28f8bb26f358b7d8c4f08ac
409,G_035_14_2862,exact,85,85.0,explicit_score,b4944c6ff08dc6f43da2e9c824669b7d927dd1fa976fadc7b456881f51bf5ccc
410,D_177_153,exact,75,75.0,explicit_score,f369cb89fc627e668987007d121ed1eacdc01db9e28f8bb26f358b7d8c4f08ac
411,I_053_63_13,exact,60,60.0,explicit_score,39fa9ec190eee7b6f4dff1100d6343e10918d044c75eac8f9e9a2596173f80c9
412,I_078_223_14,exact,65,65.0,explicit_score,108c995b953c8a35561103e2014cf828eb654a99e310f87fab94c2f4b7d2a04f
413,G_007_14_499,exact,85,85.0,explicit_score,b4944c6ff08dc6f43da2e9c824669b7d927dd1fa976fadc7b456881f51bf5ccc
414,I_241_25_14,exact,75,75.0,explicit_score,f369cb89fc627e668987007d121ed1eacdc01db9e28f8bb26f358b7d8c4f08ac
415,I_041_188_14,exact,85,85.0,explicit_score,b4944c6ff08dc6f43da2e9c824669b7d927dd1fa976fadc7b456881f51bf5ccc
416,G_156_14_10807,exact,65,65.0,explicit_score,108c995b953c8a35561103e2014cf828eb654a99e310f87fab94c2f4b7d2a04f
417,I_007_196_13,exact,50,50.0,explicit_score,1a6562590ef19d1045d06c4055742d38288e9e6dcd71ccde5cee80f1d5a774eb
418,I_110_189_13,exact,65,65.0,explicit_score,108c995b953c8a35561103e2014cf828eb654a99e310f87fab94c2f4b7d2a04f
419,I_158_207_13,exact,50,50.0,explicit_score,1a6562590ef19d1045d06c4055742d38288e9e6dcd71ccde5cee80f1d5a774eb
420,I_144_46_13,exact,75,75.0,explicit_score,f369cb89fc627e668987007d121ed1eacdc01db9e28f8bb26f358b7d8c4f08ac
421,I_049_913_14,exact,60,60.0,explicit_score,39fa9ec190eee7b6f4dff1100d6343e10918d044c75eac8f9e9a2596173f80c9
422,I_041_082_14,exact,85,85.0,explicit_score,b4944c6ff08dc6f43da2e9c824669b7d927dd1fa976fadc7b456881f51bf5ccc
423,D_043_37,exact,75,75.0,explicit_score,f369cb89fc627e668987007d121ed1eacdc01db9e28f8bb26f358b7d8c4f08ac
424,I_38_48_14,exact,75,75.0,explicit_score,f369cb89fc627e668987007d121ed1eacdc01db9e28f8bb26f358b7d8c4f08ac
425,G_163_13_10933,exact,85,85.0,explicit_score,b4944c6ff08dc6f43da2e9c824669b7d927dd1fa976fadc7b456881f51bf5ccc
426,I_087_38_13,exact,75,75.0,explicit_score,f369cb89fc627e668987007d121ed1eacdc01db9e28f8bb26f358b7d8c4f08ac
427,G_152_13_10726,exact,85,85.0,explicit_score,b4944c6ff08dc6f43da2e9c824669b7d927dd1fa976fadc7b456881f51bf5ccc
428,D_047_41,exact,85,85.0,explicit_score,b4944c6ff08dc6f43da2e9c824669b7d927dd1fa976fadc7b456881f51bf5ccc
429,I_130_148_13,exact,85,85.0,explicit_score,b4944c6ff08dc6f43da2e9c824669b7d927dd1fa976fadc7b456881f51bf5ccc
430,G_237_14_12721,exact,75,75.0,explicit_score,f369cb89fc627e668987007d121ed1eacdc01db9e28f8bb26f358b7d8c4f08ac
431,D_034_30,exact,75,75.0,explicit_score,f369cb89fc627e668987007d121ed1eacdc01db9e28f8bb26f358b7d8c4f08ac
432,I_110_918_14,exact,50,50.0,explicit_score,1a6562590ef19d1045d06c4055742d38288e9e6dcd71ccde5cee80f1d5a774eb
433,I_194_218_14,exact,85,85.0,explicit_score,b4944c6ff08dc6f43da2e9c824669b7d927dd1fa976fadc7b456881f51bf5ccc
434,I_058_191_13,exact,85,85.0,explicit_score,b4944c6ff08dc6f43da2e9c824669b7d927dd1fa976fadc7b456881f51bf5ccc
435,G_175_14_11279,exact,85,85.0,explicit_score,b4944c6ff08dc6f43da2e9c824669b7d927dd1fa976fadc7b456881f51bf5ccc
436,I_56_927_14,exact,2,2.0,explicit_score,d4735e3a265e16eee03f59718b9b5d03019c07d8b6c51f90da3a666eec13ab35
437,I_14_143_13,exact,85,85.0,explicit_score,b4944c6ff08dc6f43da2e9c824669b7d927dd1fa976fadc7b456881f51bf5ccc
438,G_080_14_6544,exact,85,85.0,explicit_score,b4944c6ff08dc6f43da2e9c824669b7d927dd1fa976fadc7b456881f51bf5ccc
439,D_910_302,exact,75,75.0,explicit_score,f369cb89fc627e668987007d121ed1eacdc01db9e28f8bb26f358b7d8c4f08ac
440,I_065_203_14,exact,85,85.0,explicit_score,b4944c6ff08dc6f43da2e9c824669b7d927dd1fa976fadc7b456881f51bf5ccc
441,G_932_13_16368,exact,85,85.0,explicit_score,b4944c6ff08dc6f43da2e9c824669b7d927dd1fa976fadc7b456881f51bf5ccc
442,G_136_13_10383,exact,75,75.0,explicit_score,f369cb89fc627e668987007d121ed1eacdc01db9e28f8bb26f358b7d8c4f08ac
443,I_049_283_13,exact,85,85.0,explicit_score,b4944c6ff08dc6f43da2e9c824669b7d927dd1fa976fadc7b456881f51bf5ccc
444,I_48_919_14,exact,75,75.0,explicit_score,f369cb89fc627e668987007d121ed1eacdc01db9e28f8bb26f358b7d8c4f08ac
445,G_096_13_7843,exact,75,75.0,explicit_score,f369cb89fc627e668987007d121ed1eacdc01db9e28f8bb26f358b7d8c4f08ac
446,I_41_90_14,exact,60,60.0,explicit_score,39fa9ec190eee7b6f4dff1100d6343e10918d044c75eac8f9e9a2596173f80c9
447,G_061_13_4987,exact,95,95.0,explicit_score,ad48ff99415b2f007dc35b7eb553fd1eb35ebfa2f2f308acd9488eeb86f71fa8
448,G_191_14_11661,exact,85,85.0,explicit_score,b4944c6ff08dc6f43da2e9c824669b7d927dd1fa976fadc7b456881f51bf5ccc
449,G_919_14_15986,exact,85,85.0,explicit_score,b4944c6ff08dc6f43da2e9c824669b7d927dd1fa976fadc7b456881f51bf5ccc
450,G_209_13_12038,exact,85,85.0,explicit_score,b4944c6ff08dc6f43da2e9c824669b7d927dd1fa976fadc7b456881f51bf5ccc
451,G_63_13_14887,exact,60,60.0,explicit_score,39fa9ec190eee7b6f4dff1100d6343e10918d044c75eac8f9e9a2596173f80c9
452,G_058_13_4716,exact,85,85.0,explicit_score,b4944c6ff08dc6f43da2e9c824669b7d927dd1fa976fadc7b456881f51bf5ccc
453,G_209_14_12055,exact,75,75.0,explicit_score,f369cb89fc627e668987007d121ed1eacdc01db9e28f8bb26f358b7d8c4f08ac
454,I_098_912_14,exact,85,85.0,explicit_score,b4944c6ff08dc6f43da2e9c824669b7d927dd1fa976fadc7b456881f51bf5ccc
455,G_034_14_2750,exact,85,85.0,explicit_score,b4944c6ff08dc6f43da2e9c824669b7d927dd1fa976fadc7b456881f51bf5ccc
456,G_084_13_6842,exact,60,60.0,explicit_score,39fa9ec190eee7b6f4dff1100d6343e10918d044c75eac8f9e9a2596173f80c9
457,G_046_14_3677,exact,85,85.0,explicit_score,b4944c6ff08dc6f43da2e9c824669b7d927dd1fa976fadc7b456881f51bf5ccc
458,G_249_14_12987,exact,20,20.0,explicit_score,f5ca38f748a1d6eaf726b8a42fb575c3c71f1864a8143301782de13da2d9202b
459,G_059_14_4851,exact,95,95.0,explicit_score,ad48ff99415b2f007dc35b7eb553fd1eb35ebfa2f2f308acd9488eeb86f71fa8
460,G_65_13_14956,exact,50,50.0,explicit_score,1a6562590ef19d1045d06c4055742d38288e9e6dcd71ccde5cee80f1d5a774eb
461,I_119_909_14,exact,85,85.0,explicit_score,b4944c6ff08dc6f43da2e9c824669b7d927dd1fa976fadc7b456881f51bf5ccc
462,D_252_213,exact,75,75.0,explicit_score,f369cb89fc627e668987007d121ed1eacdc01db9e28f8bb26f358b7d8c4f08ac
463,I_29_53_13,exact,85,85.0,explicit_score,b4944c6ff08dc6f43da2e9c824669b7d927dd1fa976fadc7b456881f51bf5ccc
464,I_096_904_13,exact,50,50.0,explicit_score,1a6562590ef19d1045d06c4055742d38288e9e6dcd71ccde5cee80f1d5a774eb
465,G_083_13_6768,exact,85,85.0,explicit_score,b4944c6ff08dc6f43da2e9c824669b7d927dd1fa976fadc7b456881f51bf5ccc
466,G_4_14_14552,exact,85,85.0,explicit_score,b4944c6ff08dc6f43da2e9c824669b7d927dd1fa976fadc7b456881f51bf5ccc
467,G_291_13_13866,exact,85,85.0,explicit_score,b4944c6ff08dc6f43da2e9c824669b7d927dd1fa976fadc7b456881f51bf5ccc
468,G_164_14_10986,exact,85,85.0,explicit_score,b4944c6ff08dc6f43da2e9c824669b7d927dd1fa976fadc7b456881f51bf5ccc
469,G_108_13_9032,exact,60,60.0,explicit_score,39fa9ec190eee7b6f4dff1100d6343e10918d044c75eac8f9e9a2596173f80c9
470,I_233_240_13,exact,75,75.0,explicit_score,f369cb89fc627e668987007d121ed1eacdc01db9e28f8bb26f358b7d8c4f08ac
471,G_925_13_16125,exact,85,85.0,explicit_score,b4944c6ff08dc6f43da2e9c824669b7d927dd1fa976fadc7b456881f51bf5ccc
472,I_068_939_14,exact,65,65.0,explicit_score,108c995b953c8a35561103e2014cf828eb654a99e310f87fab94c2f4b7d2a04f
473,D_18_155,exact,85,85.0,explicit_score,b4944c6ff08dc6f43da2e9c824669b7d927dd1fa976fadc7b456881f51bf5ccc
474,I_004_035_13,exact,75,75.0,explicit_score,f369cb89fc627e668987007d121ed1eacdc01db9e28f8bb26f358b7d8c4f08ac
475,I_127_290_13,exact,60,60.0,explicit_score,39fa9ec190eee7b6f4dff1100d6343e10918d044c75eac8f9e9a2596173f80c9
476,D_22_187,exact,75,75.0,explicit_score,f369cb89fc627e668987007d121ed1eacdc01db9e28f8bb26f358b7d8c4f08ac
477,G_008_14_593,exact,75,75.0,explicit_score,f369cb89fc627e668987007d121ed1eacdc01db9e28f8bb26f358b7d8c4f08ac
478,D_102_93,exact,75,75.0,explicit_score,f369cb89fc627e668987007d121ed1eacdc01db9e28f8bb26f358b7d8c4f08ac
479,I_031_051_13,exact,85,85.0,explicit_score,b4944c6ff08dc6f43da2e9c824669b7d927dd1fa976fadc7b456881f51bf5ccc
480,D_285_236,exact,85,85.0,explicit_score,b4944c6ff08dc6f43da2e9c824669b7d927dd1fa976fadc7b456881f51bf5ccc
481,I_246_258_14,exact,75,75.0,explicit_score,f369cb89fc627e668987007d121ed1eacdc01db9e28f8bb26f358b7d8c4f08ac
482,G_142_14_10500,exact,85,85.0,explicit_score,b4944c6ff08dc6f43da2e9c824669b7d927dd1fa976fadc7b456881f51bf5ccc
483,I_209_267_13,exact,85,85.0,explicit_score,b4944c6ff08dc6f43da2e9c824669b7d927dd1fa976fadc7b456881f51bf5ccc
484,G_67_13_15006,exact,85,85.0,explicit_score,b4944c6ff08dc6f43da2e9c824669b7d927dd1fa976fadc7b456881f51bf5ccc
485,I_247_266_14,exact,85,85.0,explicit_score,b4944c6ff08dc6f43da2e9c824669b7d927dd1fa976fadc7b456881f51bf5ccc
486,I_018_068_13,exact,85,85.0,explicit_score,b4944c6ff08dc6f43da2e9c824669b7d927dd1fa976fadc7b456881f51bf5ccc
487,G_006_14_436,exact,85,85.0,explicit_score,b4944c6ff08dc6f43da2e9c824669b7d927dd1fa976fadc7b456881f51bf5ccc
488,I_279_90_14,exact,75,75.0,explicit_score,f369cb89fc627e668987007d121ed1eacdc01db9e28f8bb26f358b7d8c4f08ac
489,I_024_141_13,exact,75,75.0,explicit_score,f369cb89fc627e668987007d121ed1eacdc01db9e28f8bb26f358b7d8c4f08ac
490,I_091_167_13,exact,60,60.0,explicit_score,39fa9ec190eee7b6f4dff1100d6343e10918d044c75eac8f9e9a2596173f80c9
491,I_048_92_14,exact,75,75.0,explicit_score,f369cb89fc627e668987007d121ed1eacdc01db9e28f8bb26f358b7d8c4f08ac
492,D_068_62,exact,85,85.0,explicit_score,b4944c6ff08dc6f43da2e9c824669b7d927dd1fa976fadc7b456881f51bf5ccc
493,D_929_321,exact,60,60.0,explicit_score,39fa9ec190eee7b6f4dff1100d6343e10918d044c75eac8f9e9a2596173f80c9
494,G_46_13_14407,exact,75,75.0,explicit_score,f369cb89fc627e668987007d121ed1eacdc01db9e28f8bb26f358b7d8c4f08ac
495,G_084_14_6897,exact,85,85.0,explicit_score,b4944c6ff08dc6f43da2e9c824669b7d927dd1fa976fadc7b456881f51bf5ccc
496,I_032_911_13,exact,50,50.0,explicit_score,1a6562590ef19d1045d06c4055742d38288e9e6dcd71ccde5cee80f1d5a774eb
497,D_067_61,exact,85,85.0,explicit_score,b4944c6ff08dc6f43da2e9c824669b7d927dd1fa976fadc7b456881f51bf5ccc
498,I_107_935_14,exact,60,60.0,explicit_score,39fa9ec190eee7b6f4dff1100d6343e10918d044c75eac8f9e9a2596173f80c9
499,D_246_208,exact,75,75.0,explicit_score,f369cb89fc627e668987007d121ed1eacdc01db9e28f8bb26f358b7d8c4f08ac
500,I_241_53_13,exact,75,75.0,explicit_score,f369cb89fc627e668987007d121ed1eacdc01db9e28f8bb26f358b7d8c4f08ac
501,D_119_108,exact,85,85.0,explicit_score,b4944c6ff08dc6f43da2e9c824669b7d927dd1fa976fadc7b456881f51bf5ccc
502,I_013_055_13,exact,85,85.0,explicit_score,b4944c6ff08dc6f43da2e9c824669b7d927dd1fa976fadc7b456881f51bf5ccc
503,G_75_13_15159,exact,85,85.0,explicit_score,b4944c6ff08dc6f43da2e9c824669b7d927dd1fa976fadc7b456881f51bf5ccc
504,G_103_14_8667,exact,75,75.0,explicit_score,f369cb89fc627e668987007d121ed1eacdc01db9e28f8bb26f358b7d8c4f08ac
505,D_53_265,exact,85,85.0,explicit_score,b4944c6ff08dc6f43da2e9c824669b7d927dd1fa976fadc7b456881f51bf5ccc
506,D_183_159,exact,75,75.0,explicit_score,f369cb89fc627e668987007d121ed1eacdc01db9e28f8bb26f358b7d8c4f08ac
507,D_090_82,exact,85,85.0,explicit_score,b4944c6ff08dc6f43da2e9c824669b7d927dd1fa976fadc7b456881f51bf5ccc
508,G_280_14_13623,exact,85,85.0,explicit_score,b4944c6ff08dc6f43da2e9c824669b7d927dd1fa976fadc7b456881f51bf5ccc
509,I_229_918_13,exact,85,85.0,explicit_score,b4944c6ff08dc6f43da2e9c824669b7d927dd1fa976fadc7b456881f51bf5ccc
510,G_121_14_10028,exact,85,85.0,explicit_score,b4944c6ff08dc6f43da2e9c824669b7d927dd1fa976fadc7b456881f51bf5ccc
511,G_164_13_10970,exact,85,85.0,explicit_score,b4944c6ff08dc6f43da2e9c824669b7d927dd1fa976fadc7b456881f51bf5ccc
512,G_257_13_13147,exact,75,75.0,explicit_score,f369cb89fc627e668987007d121ed1eacdc01db9e28f8bb26f358b7d8c4f08ac
513,G_053_14_4319,exact,75,75.0,explicit_score,f369cb89fc627e668987007d121ed1eacdc01db9e28f8bb26f358b7d8c4f08ac
514,I_132_65_14,exact,60,60.0,explicit_score,39fa9ec190eee7b6f4dff1100d6343e10918d044c75eac8f9e9a2596173f80c9
515,G_281_14_13647,exact,85,85.0,explicit_score,b4944c6ff08dc6f43da2e9c824669b7d927dd1fa976fadc7b456881f51bf5ccc
516,I_011_148_14,exact,85,85.0,explicit_score,b4944c6ff08dc6f43da2e9c824669b7d927dd1fa976fadc7b456881f51bf5ccc
517,I_075_141_14,exact,85,85.0,explicit_score,b4944c6ff08dc6f43da2e9c824669b7d927dd1fa976fadc7b456881f51bf5ccc
518,G_052_13_4164,exact,85,85.0,explicit_score,b4944c6ff08dc6f43da2e9c824669b7d927dd1fa976fadc7b456881f51bf5ccc
519,G_37_14_14149,exact,85,85.0,explicit_score,b4944c6ff08dc6f43da2e9c824669b7d927dd1fa976fadc7b456881f51bf5ccc
520,G_070_14_5813,exact,95,95.0,explicit_score,ad48ff99415b2f007dc35b7eb553fd1eb35ebfa2f2f308acd9488eeb86f71fa8
521,D_046_40,exact,75,75.0,explicit_score,f369cb89fc627e668987007d121ed1eacdc01db9e28f8bb26f358b7d8c4f08ac
522,D_260_221,exact,65,65.0,explicit_score,108c995b953c8a35561103e2014cf828eb654a99e310f87fab94c2f4b7d2a04f
523,I_49_78_14,exact,60,60.0,explicit_score,39fa9ec190eee7b6f4dff1100d6343e10918d044c75eac8f9e9a2596173f80c9
524,G_206_13_11986,exact,75,75.0,explicit_score,f369cb89fc627e668987007d121ed1eacdc01db9e28f8bb26f358b7d8c4f08ac
525,D_923_315,exact,85,85.0,explicit_score,b4944c6ff08dc6f43da2e9c824669b7d927dd1fa976fadc7b456881f51bf5ccc
526,G_258_13_13193,exact,85,85.0,explicit_score,b4944c6ff08dc6f43da2e9c824669b7d927dd1fa976fadc7b456881f51bf5ccc
527,G_81_13_15251,exact,85,85.0,explicit_score,b4944c6ff08dc6f43da2e9c824669b7d927dd1fa976fadc7b456881f51bf5ccc
528,G_100_13_8247,exact,60,60.0,explicit_score,39fa9ec190eee7b6f4dff1100d6343e10918d044c75eac8f9e9a2596173f80c9
529,G_017_13_1359,exact,85,85.0,explicit_score,b4944c6ff08dc6f43da2e9c824669b7d927dd1fa976fadc7b456881f51bf5ccc
530,G_166_14_11016,exact,85,85.0,explicit_score,b4944c6ff08dc6f43da2e9c824669b7d927dd1fa976fadc7b456881f51bf5ccc
531,I_096_152_14,exact,50,50.0,explicit_score,1a6562590ef19d1045d06c4055742d38288e9e6dcd71ccde5cee80f1d5a774eb
532,G_930_14_16327,exact,85,85.0,explicit_score,b4944c6ff08dc6f43da2e9c824669b7d927dd1fa976fadc7b456881f51bf5ccc
533,I_033_220_14,exact,75,75.0,explicit_score,f369cb89fc627e668987007d121ed1eacdc01db9e28f8bb26f358b7d8c4f08ac
534,G_020_13_1632,exact,75,75.0,explicit_score,f369cb89fc627e668987007d121ed1eacdc01db9e28f8bb26f358b7d8c4f08ac
535,I_064_258_14,exact,85,85.0,explicit_score,b4944c6ff08dc6f43da2e9c824669b7d927dd1fa976fadc7b456881f51bf5ccc
536,I_093_226_13,exact,75,75.0,explicit_score,f369cb89fc627e668987007d121ed1eacdc01db9e28f8bb26f358b7d8c4f08ac
537,D_257_217,exact,75,75.0,explicit_score,f369cb89fc627e668987007d121ed1eacdc01db9e28f8bb26f358b7d8c4f08ac
538,G_26_13_13459,exact,75,75.0,explicit_score,f369cb89fc627e668987007d121ed1eacdc01db9e28f8bb26f358b7d8c4f08ac
539,G_900_13_15365,exact,75,75.0,explicit_score,f369cb89fc627e668987007d121ed1eacdc01db9e28f8bb26f358b7d8c4f08ac
540,I_090_128_13,exact,75,75.0,explicit_score,f369cb89fc627e668987007d121ed1eacdc01db9e28f8bb26f358b7d8c4f08ac
541,D_926_318,exact,75,75.0,explicit_score,f369cb89fc627e668987007d121ed1eacdc01db9e28f8bb26f358b7d8c4f08ac
542,D_939_332,exact,75,75.0,explicit_score,f369cb89fc627e668987007d121ed1eacdc01db9e28f8bb26f358b7d8c4f08ac
543,I_116_925_13,exact,85,85.0,explicit_score,b4944c6ff08dc6f43da2e9c824669b7d927dd1fa976fadc7b456881f51bf5ccc
544,G_58_13_14740,exact,65,65.0,explicit_score,108c995b953c8a35561103e2014cf828eb654a99e310f87fab94c2f4b7d2a04f
545,I_029_066_14,exact,85,85.0,explicit_score,b4944c6ff08dc6f43da2e9c824669b7d927dd1fa976fadc7b456881f51bf5ccc
546,G_199_13_11848,exact,85,85.0,explicit_score,b4944c6ff08dc6f43da2e9c824669b7d927dd1fa976fadc7b456881f51bf5ccc
547,I_258_47_14,exact,60,60.0,explicit_score,39fa9ec190eee7b6f4dff1100d6343e10918d044c75eac8f9e9a2596173f80c9
548,D_025_23,exact,85,85.0,explicit_score,b4944c6ff08dc6f43da2e9c824669b7d927dd1fa976fadc7b456881f51bf5ccc
549,I_198_29_13,exact,75,75.0,explicit_score,f369cb89fc627e668987007d121ed1eacdc01db9e28f8bb26f358b7d8c4f08ac
550,I_237_63_14,exact,60,60.0,explicit_score,39fa9ec190eee7b6f4dff1100d6343e10918d044c75eac8f9e9a2596173f80c9
551,D_11_100,exact,85,85.0,explicit_score,b4944c6ff08dc6f43da2e9c824669b7d927dd1fa976fadc7b456881f51bf5ccc
552,G_196_13_11747,exact,85,85.0,explicit_score,b4944c6ff08dc6f43da2e9c824669b7d927dd1fa976fadc7b456881f51bf5ccc
553,I_089_11_13,exact,85,85.0,explicit_score,b4944c6ff08dc6f43da2e9c824669b7d927dd1fa976fadc7b456881f51bf5ccc
554,I_299_44_13,exact,75,75.0,explicit_score,f369cb89fc627e668987007d121ed1eacdc01db9e28f8bb26f358b7d8c4f08ac
555,I_190_917_14,exact,75,75.0,explicit_score,f369cb89fc627e668987007d121ed1eacdc01db9e28f8bb26f358b7d8c4f08ac
556,G_014_13_1088,exact,85,85.0,explicit_score,b4944c6ff08dc6f43da2e9c824669b7d927dd1fa976fadc7b456881f51bf5ccc
557,G_214_13_12137,exact,95,95.0,explicit_score,ad48ff99415b2f007dc35b7eb553fd1eb35ebfa2f2f308acd9488eeb86f71fa8
558,I_070_76_14,exact,75,75.0,explicit_score,f369cb89fc627e668987007d121ed1eacdc01db9e28f8bb26f358b7d8c4f08ac
559,I_220_912_14,exact,60,60.0,explicit_score,39fa9ec190eee7b6f4dff1100d6343e10918d044c75eac8f9e9a2596173f80c9
560,I_252_263_13,exact,85,85.0,explicit_score,b4944c6ff08dc6f43da2e9c824669b7d927dd1fa976fadc7b456881f51bf5ccc
561,I_192_65_13,exact,20,20.0,explicit_score,f5ca38f748a1d6eaf726b8a42fb575c3c71f1864a8143301782de13da2d9202b
562,G_909_13_15641,exact,75,75.0,explicit_score,f369cb89fc627e668987007d121ed1eacdc01db9e28f8bb26f358b7d8c4f08ac
563,I_44_901_14,exact,60,60.0,explicit_score,39fa9ec190eee7b6f4dff1100d6343e10918d044c75eac8f9e9a2596173f80c9
564,G_052_14_4190,exact,85,85.0,explicit_score,b4944c6ff08dc6f43da2e9c824669b7d927dd1fa976fadc7b456881f51bf5ccc
565,I_088_916_13,exact,75,75.0,explicit_score,f369cb89fc627e668987007d121ed1eacdc01db9e28f8bb26f358b7d8c4f08ac
566,D_933_326,exact,60,60.0,explicit_score,39fa9ec190eee7b6f4dff1100d6343e10918d044c75eac8f9e9a2596173f80c9
567,I_015_259_13,exact,60,60.0,explicit_score,39fa9ec190eee7b6f4dff1100d6343e10918d044c75eac8f9e9a2596173f80c9
568,I_087_157_13,exact,75,75.0,explicit_score,f369cb89fc627e668987007d121ed1eacdc01db9e28f8bb26f358b7d8c4f08ac
569,I_055_299_13,exact,85,85.0,explicit_score,b4944c6ff08dc6f43da2e9c824669b7d927dd1fa976fadc7b456881f51bf5ccc
570,D_088_80,exact,85,85.0,explicit_score,b4944c6ff08dc6f43da2e9c824669b7d927dd1fa976fadc7b456881f51bf5ccc
571,D_215_183,exact,75,75.0,explicit_score,f369cb89fc627e668987007d121ed1eacdc01db9e28f8bb26f358b7d8c4f08ac
572,I_059_230_14,exact,60,60.0,explicit_score,39fa9ec190eee7b6f4dff1100d6343e10918d044c75eac8f9e9a2596173f80c9
573,G_069_13_5715,exact,85,85.0,explicit_score,b4944c6ff08dc6f43da2e9c824669b7d927dd1fa976fadc7b456881f51bf5ccc
574,D_174_151,exact,85,85.0,explicit_score,b4944c6ff08dc6f43da2e9c824669b7d927dd1fa976fadc7b456881f51bf5ccc
575,I_231_271_14,exact,85,85.0,explicit_score,b4944c6ff08dc6f43da2e9c824669b7d927dd1fa976fadc7b456881f51bf5ccc
576,D_060_54,exact,85,85.0,explicit_score,b4944c6ff08dc6f43da2e9c824669b7d927dd1fa976fadc7b456881f51bf5ccc
577,I_021_121_14,exact,85,85.0,explicit_score,b4944c6ff08dc6f43da2e9c824669b7d927dd1fa976fadc7b456881f51bf5ccc
578,I_050_92_14,exact,75,75.0,explicit_score,f369cb89fc627e668987007d121ed1eacdc01db9e28f8bb26f358b7d8c4f08ac
579,G_016_13_1304,exact,95,95.0,explicit_score,ad48ff99415b2f007dc35b7eb553fd1eb35ebfa2f2f308acd9488eeb86f71fa8
580,G_010_13_742,exact,85,85.0,explicit_score,b4944c6ff08dc6f43da2e9c824669b7d927dd1fa976fadc7b456881f51bf5ccc
581,I_182_240_13,exact,85,85.0,explicit_score,b4944c6ff08dc6f43da2e9c824669b7d927dd1fa976fadc7b456881f51bf5ccc
582,G_232_13_12647,exact,75,75.0,explicit_score,f369cb89fc627e668987007d121ed1eacdc01db9e28f8bb26f358b7d8c4f08ac
583,G_171_13_11150,exact,75,75.0,explicit_score,f369cb89fc627e668987007d121ed1eacdc01db9e28f8bb26f358b7d8c4f08ac
584,I_085_189_13,exact,65,65.0,explicit_score,108c995b953c8a35561103e2014cf828eb654a99e310f87fab94c2f4b7d2a04f
585,D_214_182,exact,85,85.0,explicit_score,b4944c6ff08dc6f43da2e9c824669b7d927dd1fa976fadc7b456881f51bf5ccc
586,G_906_14_15561,exact,85,85.0,explicit_score,b4944c6ff08dc6f43da2e9c824669b7d927dd1fa976fadc7b456881f51bf5ccc
587,I_149_918_14,exact,75,75.0,explicit_score,f369cb89fc627e668987007d121ed1eacdc01db9e28f8bb26f358b7d8c4f08ac
588,I_013_83_13,exact,75,75.0,explicit_score,f369cb89fc627e668987007d121ed1eacdc01db9e28f8bb26f358b7d8c4f08ac
589,I_269_56_13,exact,75,75.0,explicit_score,f369cb89fc627e668987007d121ed1eacdc01db9e28f8bb26f358b7d8c4f08ac
590,G_001_13_14,exact,85,85.0,explicit_score,b4944c6ff08dc6f43da2e9c824669b7d927dd1fa976fadc7b456881f51bf5ccc
591,D_902_294,exact,75,75.0,explicit_score,f369cb89fc627e668987007d121ed1eacdc01db9e28f8bb26f358b7d8c4f08ac
592,G_082_14_6737,exact,85,85.0,explicit_score,b4944c6ff08dc6f43da2e9c824669b7d927dd1fa976fadc7b456881f51bf5ccc
593,I_066_169_13,exact,75,75.0,explicit_score,f369cb89fc627e668987007d121ed1eacdc01db9e28f8bb26f358b7d8c4f08ac
594,G_018_13_1446,exact,85,85.0,explicit_score,b4944c6ff08dc6f43da2e9c824669b7d927dd1fa976fadc7b456881f51bf5ccc
595,D_90_291,exact,75,75.0,explicit_score,f369cb89fc627e668987007d121ed1eacdc01db9e28f8bb26f358b7d8c4f08ac
596,I_220_75_14,exact,50,50.0,explicit_score,1a6562590ef19d1045d06c4055742d38288e9e6dcd71ccde5cee80f1d5a774eb
597,G_027_14_2335,exact,85,85.0,explicit_score,b4944c6ff08dc6f43da2e9c824669b7d927dd1fa976fadc7b456881f51bf5ccc
598,I_258_936_14,exact,20,20.0,explicit_score,f5ca38f748a1d6eaf726b8a42fb575c3c71f1864a8143301782de13da2d9202b
599,G_913_13_15792,exact,75,75.0,explicit_score,f369cb89fc627e668987007d121ed1eacdc01db9e28f8bb26f358b7d8c4f08ac
600,G_023_13_1897,exact,85,85.0,explicit_score,b4944c6ff08dc6f43da2e9c824669b7d927dd1fa976fadc7b456881f51bf5ccc
601,D_097_88,exact,85,85.0,explicit_score,b4944c6ff08dc6f43da2e9c824669b7d927dd1fa976fadc7b456881f51bf5ccc
602,I_198_230_14,exact,75,75.0,explicit_score,f369cb89fc627e668987007d121ed1eacdc01db9e28f8bb26f358b7d8c4f08ac
603,G_902_14_15442,exact,85,85.0,explicit_score,b4944c6ff08dc6f43da2e9c824669b7d927dd1fa976fadc7b456881f51bf5ccc
604,G_70_13_15066,exact,75,75.0,explicit_score,f369cb89fc627e668987007d121ed1eacdc01db9e28f8bb26f358b7d8c4f08ac
605,I_001_122_13,exact,75,75.0,explicit_score,f369cb89fc627e668987007d121ed1eacdc01db9e28f8bb26f358b7d8c4f08ac
606,G_072_13_5959,exact,60,60.0,explicit_score,39fa9ec190eee7b6f4dff1100d6343e10918d044c75eac8f9e9a2596173f80c9
607,I_056_95_14,exact,65,65.0,explicit_score,108c995b953c8a35561103e2014cf828eb654a99e310f87fab94c2f4b7d2a04f
608,D_81_286,exact,85,85.0,explicit_score,b4944c6ff08dc6f43da2e9c824669b7d927dd1fa976fadc7b456881f51bf5ccc
609,G_36_13_14109,exact,75,75.0,explicit_score,f369cb89fc627e668987007d121ed1eacdc01db9e28f8bb26f358b7d8c4f08ac
610,D_149_133,exact,85,85.0,explicit_score,b4944c6ff08dc6f43da2e9c824669b7d927dd1fa976fadc7b456881f51bf5ccc
611,G_029_14_2426,exact,85,85.0,explicit_score,b4944c6ff08dc6f43da2e9c824669b7d927dd1fa976fadc7b456881f51bf5ccc
612,I_087_136_13,exact,20,20.0,explicit_score,f5ca38f748a1d6eaf726b8a42fb575c3c71f1864a8143301782de13da2d9202b
613,G_067_14_5565,exact,75,75.0,explicit_score,f369cb89fc627e668987007d121ed1eacdc01db9e28f8bb26f358b7d8c4f08ac
614,D_075_68,exact,75,75.0,explicit_score,f369cb89fc627e668987007d121ed1eacdc01db9e28f8bb26f358b7d8c4f08ac
615,G_218_14_12259,exact,85,85.0,explicit_score,b4944c6ff08dc6f43da2e9c824669b7d927dd1fa976fadc7b456881f51bf5ccc
616,G_074_14_6084,exact,85,85.0,explicit_score,b4944c6ff08dc6f43da2e9c824669b7d927dd1fa976fadc7b456881f51bf5ccc
617,G_088_14_7258,exact,95,95.0,explicit_score,ad48ff99415b2f007dc35b7eb553fd1eb35ebfa2f2f308acd9488eeb86f71fa8
618,D_083_75,exact,85,85.0,explicit_score,b4944c6ff08dc6f43da2e9c824669b7d927dd1fa976fadc7b456881f51bf5ccc
619,D_47_260,exact,75,75.0,explicit_score,f369cb89fc627e668987007d121ed1eacdc01db9e28f8bb26f358b7d8c4f08ac
620,D_916_308,exact,85,85.0,explicit_score,b4944c6ff08dc6f43da2e9c824669b7d927dd1fa976fadc7b456881f51bf5ccc
621,I_071_144_13,exact,75,75.0,explicit_score,f369cb89fc627e668987007d121ed1eacdc01db9e28f8bb26f358b7d8c4f08ac
622,G_188_14_11561,exact,85,85.0,explicit_score,b4944c6ff08dc6f43da2e9c824669b7d927dd1fa976fadc7b456881f51bf5ccc
623,G_939_14_16595,exact,85,85.0,explicit_score,b4944c6ff08dc6f43da2e9c824669b7d927dd1fa976fadc7b456881f51bf5ccc
624,G_008_13_543,exact,75,75.0,explicit_score,f369cb89fc627e668987007d121ed1eacdc01db9e28f8bb26f358b7d8c4f08ac
625,D_256_216,exact,85,85.0,explicit_score,b4944c6ff08dc6f43da2e9c824669b7d927dd1fa976fadc7b456881f51bf5ccc
626,D_267_225,exact,75,75.0,explicit_score,f369cb89fc627e668987007d121ed1eacdc01db9e28f8bb26f358b7d8c4f08ac
627,G_170_14_11132,exact,85,85.0,explicit_score,b4944c6ff08dc6f43da2e9c824669b7d927dd1fa976fadc7b456881f51bf5ccc
628,G_22_14_12602,exact,85,85.0,explicit_score,b4944c6ff08dc6f43da2e9c824669b7d927dd1fa976fadc7b456881f51bf5ccc
629,G_42_14_14334,exact,75,75.0,explicit_score,f369cb89fc627e668987007d121ed1eacdc01db9e28f8bb26f358b7d8c4f08ac
630,I_156_243_13,exact,65,65.0,explicit_score,108c995b953c8a35561103e2014cf828eb654a99e310f87fab94c2f4b7d2a04f
631,D_024_22,exact,85,85.0,explicit_score,b4944c6ff08dc6f43da2e9c824669b7d927dd1fa976fadc7b456881f51bf5ccc
632,I_249_9_13,exact,75,75.0,explicit_score,f369cb89fc627e668987007d121ed1eacdc01db9e28f8bb26f358b7d8c4f08ac
633,I_223_90_13,exact,75,75.0,explicit_score,f369cb89fc627e668987007d121ed1eacdc01db9e28f8bb26f358b7d8c4f08ac
634,I_016_135_14,exact,75,75.0,explicit_score,f369cb89fc627e668987007d121ed1eacdc01db9e28f8bb26f358b7d8c4f08ac
635,G_111_14_9740,exact,85,85.0,explicit_score,b4944c6ff08dc6f43da2e9c824669b7d927dd1fa976fadc7b456881f51bf5ccc
636,D_142_127,exact,60,60.0,explicit_score,39fa9ec190eee7b6f4dff1100d6343e10918d044c75eac8f9e9a2596173f80c9
637,I_119_237_14,exact,75,75.0,explicit_score,f369cb89fc627e668987007d121ed1eacdc01db9e28f8bb26f358b7d8c4f08ac
638,I_136_155_13,exact,75,75.0,explicit_score,f369cb89fc627e668987007d121ed1eacdc01db9e28f8bb26f358b7d8c4f08ac
639,I_143_918_14,exact,75,75.0,explicit_score,f369cb89fc627e668987007d121ed1eacdc01db9e28f8bb26f358b7d8c4f08ac
640,I_053_091_13,exact,75,75.0,explicit_score,f369cb89fc627e668987007d121ed1eacdc01db9e28f8bb26f358b7d8c4f08ac
641,G_137_13_10400,exact,75,75.0,explicit_score,f369cb89fc627e668987007d121ed1eacdc01db9e28f8bb26f358b7d8c4f08ac
642,G_930_13_16315,exact,85,85.0,explicit_score,b4944c6ff08dc6f43da2e9c824669b7d927dd1fa976fadc7b456881f51bf5ccc
643,G_091_14_7534,exact,95,95.0,explicit_score,ad48ff99415b2f007dc35b7eb553fd1eb35ebfa2f2f308acd9488eeb86f71fa8
644,G_78_13_15224,exact,30,30.0,explicit_score,624b60c58c9d8bfb6ff1886c2fd605d2adeb6ea4da576068201b6c6958ce93f4
645,I_065_913_13,exact,75,75.0,explicit_score,f369cb89fc627e668987007d121ed1eacdc01db9e28f8bb26f358b7d8c4f08ac
646,G_927_14_16198,exact,75,75.0,explicit_score,f369cb89fc627e668987007d121ed1eacdc01db9e28f8bb26f358b7d8c4f08ac
647,I_271_65_13,exact,60,60.0,explicit_score,39fa9ec190eee7b6f4dff1100d6343e10918d044c75eac8f9e9a2596173f80c9
648,G_003_13_130,exact,85,85.0,explicit_score,b4944c6ff08dc6f43da2e9c824669b7d927dd1fa976fadc7b456881f51bf5ccc
649,D_190_164,exact,20,20.0,explicit_score,f5ca38f748a1d6eaf726b8a42fb575c3c71f1864a8143301782de13da2d9202b
650,G_50_14_14571,exact,75,75.0,explicit_score,f369cb89fc627e668987007d121ed1eacdc01db9e28f8bb26f358b7d8c4f08ac
651,G_123_13_10073,exact,85,85.0,explicit_score,b4944c6ff08dc6f43da2e9c824669b7d927dd1fa976fadc7b456881f51bf5ccc
652,D_75_283,exact,75,75.0,explicit_score,f369cb89fc627e668987007d121ed1eacdc01db9e28f8bb26f358b7d8c4f08ac
653,D_001_0,exact,75,75.0,explicit_score,f369cb89fc627e668987007d121ed1eacdc01db9e28f8bb26f358b7d8c4f08ac
654,D_63_274,exact,75,75.0,explicit_score,f369cb89fc627e668987007d121ed1eacdc01db9e28f8bb26f358b7d8c4f08ac
655,I_014_090_14,exact,75,75.0,explicit_score,f369cb89fc627e668987007d121ed1eacdc01db9e28f8bb26f358b7d8c4f08ac
656,I_106_167_14,exact,65,65.0,explicit_score,108c995b953c8a35561103e2014cf828eb654a99e310f87fab94c2f4b7d2a04f
657,I_096_159_14,exact,60,60.0,explicit_score,39fa9ec190eee7b6f4dff1100d6343e10918d044c75eac8f9e9a2596173f80c9
658,D_254_215,exact,60,60.0,explicit_score,39fa9ec190eee7b6f4dff1100d6343e10918d044c75eac8f9e9a2596173f80c9
659,D_919_311,exact,85,85.0,explicit_score,b4944c6ff08dc6f43da2e9c824669b7d927dd1fa976fadc7b456881f51bf5ccc
660,G_97_14_16739,exact,85,85.0,explicit_score,b4944c6ff08dc6f43da2e9c824669b7d927dd1fa976fadc7b456881f51bf5ccc
661,I_253_289_13,exact,85,85.0,explicit_score,b4944c6ff08dc6f43da2e9c824669b7d927dd1fa976fadc7b456881f51bf5ccc
662,D_011_9,exact,75,75.0,explicit_score,f369cb89fc627e668987007d121ed1eacdc01db9e28f8bb26f358b7d8c4f08ac
663,I_079_118_13,exact,75,75.0,explicit_score,f369cb89fc627e668987007d121ed1eacdc01db9e28f8bb26f358b7d8c4f08ac
664,G_005_13_311,exact,85,85.0,explicit_score,b4944c6ff08dc6f43da2e9c824669b7d927dd1fa976fadc7b456881f51bf5ccc
665,G_119_14_9934,exact,85,85.0,explicit_score,b4944c6ff08dc6f43da2e9c824669b7d927dd1fa976fadc7b456881f51bf5ccc
666,I_180_27_13,exact,75,75.0,explicit_score,f369cb89fc627e668987007d121ed1eacdc01db9e28f8bb26f358b7d8c4f08ac
667,I_062_66_13,exact,85,85.0,explicit_score,b4944c6ff08dc6f43da2e9c824669b7d927dd1fa976fadc7b456881f51bf5ccc
668,I_045_283_13,exact,60,60.0,explicit_score,39fa9ec190eee7b6f4dff1100d6343e10918d044c75eac8f9e9a2596173f80c9
669,G_299_14_13983,exact,75,75.0,explicit_score,f369cb89fc627e668987007d121ed1eacdc01db9e28f8bb26f358b7d8c4f08ac
670,G_915_14_15877,exact,75,75.0,explicit_score,f369cb89fc627e668987007d121ed1eacdc01db9e28f8bb26f358b7d8c4f08ac
671,I_213_254_13,exact,75,75.0,explicit_score,f369cb89fc627e668987007d121ed1eacdc01db9e28f8bb26f358b7d8c4f08ac
672,I_267_913_13,exact,75,75.0,explicit_score,f369cb89fc627e668987007d121ed1eacdc01db9e28f8bb26f358b7d8c4f08ac
673,D_118_107,exact,85,85.0,explicit_score,b4944c6ff08dc6f43da2e9c824669b7d927dd1fa976fadc7b456881f51bf5ccc
674,G_055_13_4441,exact,85,85.0,explicit_score,b4944c6ff08dc6f43da2e9c824669b7d927dd1fa976fadc7b456881f51bf5ccc
675,D_185_161,exact,75,75.0,explicit_score,f369cb89fc627e668987007d121ed1eacdc01db9e28f8bb26f358b7d8c4f08ac
676,D_107_97,exact,75,75.0,explicit_score,f369cb89fc627e668987007d121ed1eacdc01db9e28f8bb26f358b7d8c4f08ac
677,G_178_13_11328,exact,75,75.0,explicit_score,f369cb89fc627e668987007d121ed1eacdc01db9e28f8bb26f358b7d8c4f08ac
678,I_202_903_14,exact,85,85.0,explicit_score,b4944c6ff08dc6f43da2e9c824669b7d927dd1fa976fadc7b456881f51bf5ccc
679,I_209_66_14,exact,75,75.0,explicit_score,f369cb89fc627e668987007d121ed1eacdc01db9e28f8bb26f358b7d8c4f08ac
680,G_191_13_11650,exact,85,85.0,explicit_score,b4944c6ff08dc6f43da2e9c824669b7d927dd1fa976fadc7b456881f51bf5ccc
681,D_261_222,exact,75,75.0,explicit_score,f369cb89fc627e668987007d121ed1eacdc01db9e28f8bb26f358b7d8c4f08ac
682,I_007_285_14,exact,85,85.0,explicit_score,b4944c6ff08dc6f43da2e9c824669b7d927dd1fa976fadc7b456881f51bf5ccc
683,G_091_13_7514,exact,95,95.0,explicit_score,ad48ff99415b2f007dc35b7eb553fd1eb35ebfa2f2f308acd9488eeb86f71fa8
684,I_098_96_13,exact,75,75.0,explicit_score,f369cb89fc627e668987007d121ed1eacdc01db9e28f8bb26f358b7d8c4f08ac
685,G_061_14_5038,exact,85,85.0,explicit_score,b4944c6ff08dc6f43da2e9c824669b7d927dd1fa976fadc7b456881f51bf5ccc
686,I_011_101_14,exact,85,85.0,explicit_score,b4944c6ff08dc6f43da2e9c824669b7d927dd1fa976fadc7b456881f51bf5ccc
687,I_27_71_14,exact,75,75.0,explicit_score,f369cb89fc627e668987007d121ed1eacdc01db9e28f8bb26f358b7d8c4f08ac
688,I_040_28_14,exact,85,85.0,explicit_score,b4944c6ff08dc6f43da2e9c824669b7d927dd1fa976fadc7b456881f51bf5ccc
689,G_183_14_11462,exact,85,85.0,explicit_score,b4944c6ff08dc6f43da2e9c824669b7d927dd1fa976fadc7b456881f51bf5ccc
690,I_106_237_13,exact,75,75.0,explicit_score,f369cb89fc627e668987007d121ed1eacdc01db9e28f8bb26f358b7d8c4f08ac
691,G_903_13_15456,exact,85,85.0,explicit_score,b4944c6ff08dc6f43da2e9c824669b7d927dd1fa976fadc7b456881f51bf5ccc
692,G_025_14_2118,exact,85,85.0,explicit_score,b4944c6ff08dc6f43da2e9c824669b7d927dd1fa976fadc7b456881f51bf5ccc
693,D_106_96,exact,75,75.0,explicit_score,f369cb89fc627e668987007d121ed1eacdc01db9e28f8bb26f358b7d8c4f08ac
694,D_26_220,exact,75,75.0,explicit_score,f369cb89fc627e668987007d121ed1eacdc01db9e28f8bb26f358b7d8c4f08ac
695,G_917_13_15918,exact,75,75.0,explicit_score,f369cb89fc627e668987007d121ed1eacdc01db9e28f8bb26f358b7d8c4f08ac
696,G_148_14_10658,exact,85,85.0,explicit_score,b4944c6ff08dc6f43da2e9c824669b7d927dd1fa976fadc7b456881f51bf5ccc
697,G_62_14_14879,exact,85,85.0,explicit_score,b4944c6ff08dc6f43da2e9c824669b7d927dd1fa976fadc7b456881f51bf5ccc
698,G_911_14_15751,exact,75,75.0,explicit_score,f369cb89fc627e668987007d121ed1eacdc01db9e28f8bb26f358b7d8c4f08ac
699,I_900_909_14,exact,75,75.0,explicit_score,f369cb89fc627e668987007d121ed1eacdc01db9e28f8bb26f358b7d8c4f08ac
700,I_243_258_13,exact,60,60.0,explicit_score,39fa9ec190eee7b6f4dff1100d6343e10918d044c75eac8f9e9a2596173f80c9
701,G_087_13_7128,exact,75,75.0,explicit_score,f369cb89fc627e668987007d121ed1eacdc01db9e28f8bb26f358b7d8c4f08ac
702,G_929_13_16249,exact,85,85.0,explicit_score,b4944c6ff08dc6f43da2e9c824669b7d927dd1fa976fadc7b456881f51bf5ccc
703,G_041_14_3290,exact,85,85.0,explicit_score,b4944c6ff08dc6f43da2e9c824669b7d927dd1fa976fadc7b456881f51bf5ccc
704,I_29_44_13,exact,75,75.0,explicit_score,f369cb89fc627e668987007d121ed1eacdc01db9e28f8bb26f358b7d8c4f08ac
705,I_81_95_14,exact,75,75.0,explicit_score,f369cb89fc627e668987007d121ed1eacdc01db9e28f8bb26f358b7d8c4f08ac
706,G_938_13_16556,exact,85,85.0,explicit_score,b4944c6ff08dc6f43da2e9c824669b7d927dd1fa976fadc7b456881f51bf5ccc
707,G_142_13_10485,exact,85,85.0,explicit_score,b4944c6ff08dc6f43da2e9c824669b7d927dd1fa976fadc7b456881f51bf5ccc
708,G_049_13_3883,exact,85,85.0,explicit_score,b4944c6ff08dc6f43da2e9c824669b7d927dd1fa976fadc7b456881f51bf5ccc
709,I_192_258_14,exact,65,65.0,explicit_score,108c995b953c8a35561103e2014cf828eb654a99e310f87fab94c2f4b7d2a04f
710,D_091_83,exact,85,85.0,explicit_score,b4944c6ff08dc6f43da2e9c824669b7d927dd1fa976fadc7b456881f51bf5ccc
711,G_204_14_11960,exact,75,75.0,explicit_score,f369cb89fc627e668987007d121ed1eacdc01db9e28f8bb26f358b7d8c4f08ac
712,I_28_935_13,exact,60,60.0,explicit_score,39fa9ec190eee7b6f4dff1100d6343e10918d044c75eac8f9e9a2596173f80c9
713,I_029_197_13,exact,75,75.0,explicit_score,f369cb89fc627e668987007d121ed1eacdc01db9e28f8bb26f358b7d8c4f08ac
714,G_900_14_15392,exact,75,75.0,explicit_score,f369cb89fc627e668987007d121ed1eacdc01db9e28f8bb26f358b7d8c4f08ac
715,D_247_209,exact,60,60.0,explicit_score,39fa9ec190eee7b6f4dff1100d6343e10918d044c75eac8f9e9a2596173f80c9
716,I_010_31_14,exact,75,75.0,explicit_score,f369cb89fc627e668987007d121ed1eacdc01db9e28f8bb26f358b7d8c4f08ac
717,I_222_919_14,exact,85,85.0,explicit_score,b4944c6ff08dc6f43da2e9c824669b7d927dd1fa976fadc7b456881f51bf5ccc
718,I_061_260_13,exact,75,75.0,explicit_score,f369cb89fc627e668987007d121ed1eacdc01db9e28f8bb26f358b7d8c4f08ac
719,I_082_284_14,exact,85,85.0,explicit_score,b4944c6ff08dc6f43da2e9c824669b7d927dd1fa976fadc7b456881f51bf5ccc
720,D_938_331,exact,85,85.0,explicit_score,b4944c6ff08dc6f43da2e9c824669b7d927dd1fa976fadc7b456881f51bf5ccc
721,I_016_117_14,exact,60,60.0,explicit_score,39fa9ec190eee7b6f4dff1100d6343e10918d044c75eac8f9e9a2596173f80c9
722,I_019_38_13,exact,85,85.0,explicit_score,b4944c6ff08dc6f43da2e9c824669b7d927dd1fa976fadc7b456881f51bf5ccc
723,I_132_158_14,exact,20,20.0,explicit_score,f5ca38f748a1d6eaf726b8a42fb575c3c71f1864a8143301782de13da2d9202b
724,G_024_14_2039,exact,85,85.0,explicit_score,b4944c6ff08dc6f43da2e9c824669b7d927dd1fa976fadc7b456881f51bf5ccc
725,I_039_225_14,exact,85,85.0,explicit_score,b4944c6ff08dc6f43da2e9c824669b7d927dd1fa976fadc7b456881f51bf5ccc
726,G_64_13_14915,exact,85,85.0,explicit_score,b4944c6ff08dc6f43da2e9c824669b7d927dd1fa976fadc7b456881f51bf5ccc
727,D_280_232,exact,75,75.0,explicit_score,f369cb89fc627e668987007d121ed1eacdc01db9e28f8bb26f358b7d8c4f08ac
728,G_047_14_3772,exact,75,75.0,explicit_score,f369cb89fc627e668987007d121ed1eacdc01db9e28f8bb26f358b7d8c4f08ac
729,I_093_96_13,exact,75,75.0,explicit_score,f369cb89fc627e668987007d121ed1eacdc01db9e28f8bb26f358b7d8c4f08ac
730,I_047_97_14,exact,75,75.0,explicit_score,f369cb89fc627e668987007d121ed1eacdc01db9e28f8bb26f358b7d8c4f08ac
731,G_252_13_13029,exact,85,85.0,explicit_score,b4944c6ff08dc6f43da2e9c824669b7d927dd1fa976fadc7b456881f51bf5ccc
732,I_085_167_14,exact,60,60.0,explicit_score,39fa9ec190eee7b6f4dff1100d6343e10918d044c75eac8f9e9a2596173f80c9
733,I_14_39_14,exact,75,75.0,explicit_score,f369cb89fc627e668987007d121ed1eacdc01db9e28f8bb26f358b7d8c4f08ac
734,G_078_14_6386,exact,75,75.0,explicit_score,f369cb89fc627e668987007d121ed1eacdc01db9e28f8bb26f358b7d8c4f08ac
735,G_247_13_12911,exact,75,75.0,explicit_score,f369cb89fc627e668987007d121ed1eacdc01db9e28f8bb26f358b7d8c4f08ac
736,I_12_146_13,exact,50,50.0,explicit_score,1a6562590ef19d1045d06c4055742d38288e9e6dcd71ccde5cee80f1d5a774eb
737,G_013_13_1026,exact,85,85.0,explicit_score,b4944c6ff08dc6f43da2e9c824669b7d927dd1fa976fadc7b456881f51bf5ccc
738,G_011_14_869,exact,85,85.0,explicit_score,b4944c6ff08dc6f43da2e9c824669b7d927dd1fa976fadc7b456881f51bf5ccc
739,I_173_83_13,exact,75,75.0,explicit_score,f369cb89fc627e668987007d121ed1eacdc01db9e28f8bb26f358b7d8c4f08ac
740,I_121_129_13,exact,75,75.0,explicit_score,f369cb89fc627e668987007d121ed1eacdc01db9e28f8bb26f358b7d8c4f08ac
741,G_064_14_5303,exact,85,85.0,explicit_score,b4944c6ff08dc6f43da2e9c824669b7d927dd1fa976fadc7b456881f51bf5ccc
742,D_049_43,exact,85,85.0,explicit_score,b4944c6ff08dc6f43da2e9c824669b7d927dd1fa976fadc7b456881f51bf5ccc
743,G_216_14_12200,exact,75,75.0,explicit_score,f369cb89fc627e668987007d121ed1eacdc01db9e28f8bb26f358b7d8c4f08ac
744,G_290_14_13864,exact,75,75.0,explicit_score,f369cb89fc627e668987007d121ed1eacdc01db9e28f8bb26f358b7d8c4f08ac
745,I_127_241_13,exact,65,65.0,explicit_score,108c995b953c8a35561103e2014cf828eb654a99e310f87fab94c2f4b7d2a04f
746,D_283_234,exact,85,85.0,explicit_score,b4944c6ff08dc6f43da2e9c824669b7d927dd1fa976fadc7b456881f51bf5ccc
747,G_063_14_5184,exact,85,85.0,explicit_score,b4944c6ff08dc6f43da2e9c824669b7d927dd1fa976fadc7b456881f51bf5ccc
748,I_38_78_14,exact,75,75.0,explicit_score,f369cb89fc627e668987007d121ed1eacdc01db9e28f8bb26f358b7d8c4f08ac
749,D_24_202,exact,75,75.0,explicit_score,f369cb89fc627e668987007d121ed1eacdc01db9e28f8bb26f358b7d8c4f08ac
750,D_098_89,exact,75,75.0,explicit_score,f369cb89fc627e668987007d121ed1eacdc01db9e28f8bb26f358b7d8c4f08ac
751,I_085_237_14,exact,75,75.0,explicit_score,f369cb89fc627e668987007d121ed1eacdc01db9e28f8bb26f358b7d8c4f08ac
752,D_97_336,exact,60,60.0,explicit_score,39fa9ec190eee7b6f4dff1100d6343e10918d044c75eac8f9e9a2596173f80c9
753,G_207_13_12017,exact,95,95.0,explicit_score,ad48ff99415b2f007dc35b7eb553fd1eb35ebfa2f2f308acd9488eeb86f71fa8
754,I_117_213_14,exact,75,75.0,explicit_score,f369cb89fc627e668987007d121ed1eacdc01db9e28f8bb26f358b7d8c4f08ac
755,I_072_081_13,exact,75,75.0,explicit_score,f369cb89fc627e668987007d121ed1eacdc01db9e28f8bb26f358b7d8c4f08ac
756,I_061_919_13,exact,85,85.0,explicit_score,b4944c6ff08dc6f43da2e9c824669b7d927dd1fa976fadc7b456881f51bf5ccc
757,I_112_214_14,exact,85,85.0,explicit_score,b4944c6ff08dc6f43da2e9c824669b7d927dd1fa976fadc7b456881f51bf5ccc
758,I_269_49_13,exact,75,75.0,explicit_score,f369cb89fc627e668987007d121ed1eacdc01db9e28f8bb26f358b7d8c4f08ac
759,I_014_203_13,exact,60,60.0,explicit_score,39fa9ec190eee7b6f4dff1100d6343e10918d044c75eac8f9e9a2596173f80c9
760,D_50_263,exact,85,85.0,explicit_score,b4944c6ff08dc6f43da2e9c824669b7d927dd1fa976fadc7b456881f51bf5ccc
761,I_052_60_14,exact,75,75.0,explicit_score,f369cb89fc627e668987007d121ed1eacdc01db9e28f8bb26f358b7d8c4f08ac
762,I_24_62_13,exact,75,75.0,explicit_score,f369cb89fc627e668987007d121ed1eacdc01db9e28f8bb26f358b7d8c4f08ac
763,G_56_13_14675,exact,75,75.0,explicit_score,f369cb89fc627e668987007d121ed1eacdc01db9e28f8bb26f358b7d8c4f08ac
764,I_30_931_13,exact,60,60.0,explicit_score,39fa9ec190eee7b6f4dff1100d6343e10918d044c75eac8f9e9a2596173f80c9
765,I_118_938_13,exact,85,85.0,explicit_score,b4944c6ff08dc6f43da2e9c824669b7d927dd1fa976fadc7b456881f51bf5ccc
766,I_196_78_14,exact,75,75.0,explicit_score,f369cb89fc627e668987007d121ed1eacdc01db9e28f8bb26f358b7d8c4f08ac
767,I_924_934_13,exact,60,60.0,explicit_score,39fa9ec190eee7b6f4dff1100d6343e10918d044c75eac8f9e9a2596173f80c9
768,G_260_13_13276,exact,75,75.0,explicit_score,f369cb89fc627e668987007d121ed1eacdc01db9e28f8bb26f358b7d8c4f08ac
769,I_900_938_14,exact,85,85.0,explicit_score,b4944c6ff08dc6f43da2e9c824669b7d927dd1fa976fadc7b456881f51bf5ccc
770,D_006_4,exact,75,75.0,explicit_score,f369cb89fc627e668987007d121ed1eacdc01db9e28f8bb26f358b7d8c4f08ac
771,G_110_14_9525,exact,75,75.0,explicit_score,f369cb89fc627e668987007d121ed1eacdc01db9e28f8bb26f358b7d8c4f08ac
772,G_37_13_14155,exact,85,85.0,explicit_score,b4944c6ff08dc6f43da2e9c824669b7d927dd1fa976fadc7b456881f51bf5ccc
773,D_010_8,exact,85,85.0,explicit_score,b4944c6ff08dc6f43da2e9c824669b7d927dd1fa976fadc7b456881f51bf5ccc
774,G_937_13_16525,exact,85,85.0,explicit_score,b4944c6ff08dc6f43da2e9c824669b7d927dd1fa976fadc7b456881f51bf5ccc
775,G_120_13_9973,exact,75,75.0,explicit_score,f369cb89fc627e668987007d121ed1eacdc01db9e28f8bb26f358b7d8c4f08ac
776,I_206_266_13,exact,60,60.0,explicit_score,39fa9ec190eee7b6f4dff1100d6343e10918d044c75eac8f9e9a2596173f80c9
777,D_062_56,exact,85,85.0,explicit_score,b4944c6ff08dc6f43da2e9c824669b7d927dd1fa976fadc7b456881f51bf5ccc
778,G_149_14_10680,exact,85,85.0,explicit_score,b4944c6ff08dc6f43da2e9c824669b7d927dd1fa976fadc7b456881f51bf5ccc
779,D_213_181,exact,75,75.0,explicit_score,f369cb89fc627e668987007d121ed1eacdc01db9e28f8bb26f358b7d8c4f08ac
780,G_58_14_14754,exact,75,75.0,explicit_score,f369cb89fc627e668987007d121ed1eacdc01db9e28f8bb26f358b7d8c4f08ac
781,I_102_22_13,exact,85,85.0,explicit_score,b4944c6ff08dc6f43da2e9c824669b7d927dd1fa976fadc7b456881f51bf5ccc
782,D_188_162,exact,75,75.0,explicit_score,f369cb89fc627e668987007d121ed1eacdc01db9e28f8bb26f358b7d8c4f08ac
783,I_056_157_14,exact,75,75.0,explicit_score,f369cb89fc627e668987007d121ed1eacdc01db9e28f8bb26f358b7d8c4f08ac
784,G_901_13_15404,exact,85,85.0,explicit_score,b4944c6ff08dc6f43da2e9c824669b7d927dd1fa976fadc7b456881f51bf5ccc
785,I_005_108_13,exact,85,85.0,explicit_score,b4944c6ff08dc6f43da2e9c824669b7d927dd1fa976fadc7b456881f51bf5ccc
786,I_046_157_14,exact,85,85.0,explicit_score,b4944c6ff08dc6f43da2e9c824669b7d927dd1fa976fadc7b456881f51bf5ccc
787,G_254_14_13101,exact,85,85.0,explicit_score,b4944c6ff08dc6f43da2e9c824669b7d927dd1fa976fadc7b456881f51bf5ccc
788,G_055_14_4475,exact,85,85.0,explicit_score,b4944c6ff08dc6f43da2e9c824669b7d927dd1fa976fadc7b456881f51bf5ccc
789,G_230_13_12603,exact,85,85.0,explicit_score,b4944c6ff08dc6f43da2e9c824669b7d927dd1fa976fadc7b456881f51bf5ccc
790,I_149_95_13,exact,75,75.0,explicit_score,f369cb89fc627e668987007d121ed1eacdc01db9e28f8bb26f358b7d8c4f08ac
791,I_048_180_14,exact,85,85.0,explicit_score,b4944c6ff08dc6f43da2e9c824669b7d927dd1fa976fadc7b456881f51bf5ccc
792,D_99_337,exact,85,85.0,explicit_score,b4944c6ff08dc6f43da2e9c824669b7d927dd1fa976fadc7b456881f51bf5ccc
793,G_902_13_15435,exact,85,85.0,explicit_score,b4944c6ff08dc6f43da2e9c824669b7d927dd1fa976fadc7b456881f51bf5ccc
794,G_293_14_13948,exact,75,75.0,explicit_score,f369cb89fc627e668987007d121ed1eacdc01db9e28f8bb26f358b7d8c4f08ac
795,D_57_268,exact,75,75.0,explicit_score,f369cb89fc627e668987007d121ed1eacdc01db9e28f8bb26f358b7d8c4f08ac
796,I_041_90_14,exact,85,85.0,explicit_score,b4944c6ff08dc6f43da2e9c824669b7d927dd1fa976fadc7b456881f51bf5ccc
797,G_006_13_378,exact,75,75.0,explicit_score,f369cb89fc627e668987007d121ed1eacdc01db9e28f8bb26f358b7d8c4f08ac
798,G_094_14_7788,exact,85,85.0,explicit_score,b4944c6ff08dc6f43da2e9c824669b7d927dd1fa976fadc7b456881f51bf5ccc
799,I_053_190_14,exact,75,75.0,explicit_score,f369cb89fc627e668987007d121ed1eacdc01db9e28f8bb26f358b7d8c4f08ac
800,G_021_13_1751,exact,85,85.0,explicit_score,b4944c6ff08dc6f43da2e9c824669b7d927dd1fa976fadc7b456881f51bf5ccc
801,G_021_14_1772,exact,60,60.0,explicit_score,39fa9ec190eee7b6f4dff1100d6343e10918d044c75eac8f9e9a2596173f80c9
802,I_011_928_14,exact,75,75.0,explicit_score,f369cb89fc627e668987007d121ed1eacdc01db9e28f8bb26f358b7d8c4f08ac
803,G_029_13_2341,exact,60,60.0,explicit_score,39fa9ec190eee7b6f4dff1100d6343e10918d044c75eac8f9e9a2596173f80c9
804,G_181_14_11398,exact,65,65.0,explicit_score,108c995b953c8a35561103e2014cf828eb654a99e310f87fab94c2f4b7d2a04f
805,G_913_14_15809,exact,85,85.0,explicit_score,b4944c6ff08dc6f43da2e9c824669b7d927dd1fa976fadc7b456881f51bf5ccc
806,I_181_900_13,exact,65,65.0,explicit_score,108c995b953c8a35561103e2014cf828eb654a99e310f87fab94c2f4b7d2a04f
807,I_048_50_14,exact,85,85.0,explicit_score,b4944c6ff08dc6f43da2e9c824669b7d927dd1fa976fadc7b456881f51bf5ccc
808,I_203_245_14,exact,75,75.0,explicit_score,f369cb89fc627e668987007d121ed1eacdc01db9e28f8bb26f358b7d8c4f08ac
809,G_289_13_13789,exact,95,95.0,explicit_score,ad48ff99415b2f007dc35b7eb553fd1eb35ebfa2f2f308acd9488eeb86f71fa8
810,G_246_14_12896,exact,75,75.0,explicit_score,f369cb89fc627e668987007d121ed1eacdc01db9e28f8bb26f358b7d8c4f08ac
811,G_037_14_2957,exact,85,85.0,explicit_score,b4944c6ff08dc6f43da2e9c824669b7d927dd1fa976fadc7b456881f51bf5ccc
812,I_163_227_13,exact,75,75.0,explicit_score,f369cb89fc627e668987007d121ed1eacdc01db9e28f8bb26f358b7d8c4f08ac
813,I_046_112_14,exact,85,85.0,explicit_score,b4944c6ff08dc6f43da2e9c824669b7d927dd1fa976fadc7b456881f51bf5ccc
814,I_263_94_13,exact,75,75.0,explicit_score,f369cb89fc627e668987007d121ed1eacdc01db9e28f8bb26f358b7d8c4f08ac
815,I_11_9_13,exact,75,75.0,explicit_score,f369cb89fc627e668987007d121ed1eacdc01db9e28f8bb26f358b7d8c4f08ac
816,I_023_218_13,exact,75,75.0,explicit_score,f369cb89fc627e668987007d121ed1eacdc01db9e28f8bb26f358b7d8c4f08ac
817,I_204_217_13,exact,85,85.0,explicit_score,b4944c6ff08dc6f43da2e9c824669b7d927dd1fa976fadc7b456881f51bf5ccc
818,I_057_135_13,exact,85,85.0,explicit_score,b4944c6ff08dc6f43da2e9c824669b7d927dd1fa976fadc7b456881f51bf5ccc
819,D_045_39,exact,85,85.0,explicit_score,b4944c6ff08dc6f43da2e9c824669b7d927dd1fa976fadc7b456881f51bf5ccc
820,D_018_16,exact,75,75.0,explicit_score,f369cb89fc627e668987007d121ed1eacdc01db9e28f8bb26f358b7d8c4f08ac
821,I_020_31_13,exact,75,75.0,explicit_score,f369cb89fc627e668987007d121ed1eacdc01db9e28f8bb26f358b7d8c4f08ac
822,G_129_13_10221,exact,85,85.0,explicit_score,b4944c6ff08dc6f43da2e9c824669b7d927dd1fa976fadc7b456881f51bf5ccc
823,G_936_13_16481,exact,85,85.0,explicit_score,b4944c6ff08dc6f43da2e9c824669b7d927dd1fa976fadc7b456881f51bf5ccc
824,D_231_198,exact,75,75.0,explicit_score,f369cb89fc627e668987007d121ed1eacdc01db9e28f8bb26f358b7d8c4f08ac
825,I_022_158_13,exact,60,60.0,explicit_score,39fa9ec190eee7b6f4dff1100d6343e10918d044c75eac8f9e9a2596173f80c9
826,D_117_106,exact,60,60.0,explicit_score,39fa9ec190eee7b6f4dff1100d6343e10918d044c75eac8f9e9a2596173f80c9
827,D_014_12,exact,85,85.0,explicit_score,b4944c6ff08dc6f43da2e9c824669b7d927dd1fa976fadc7b456881f51bf5ccc
828,G_31_14_14069,exact,85,85.0,explicit_score,b4944c6ff08dc6f43da2e9c824669b7d927dd1fa976fadc7b456881f51bf5ccc
829,D_299_244,exact,75,75.0,explicit_score,f369cb89fc627e668987007d121ed1eacdc01db9e28f8bb26f358b7d8c4f08ac
830,G_910_13_15705,exact,85,85.0,explicit_score,b4944c6ff08dc6f43da2e9c824669b7d927dd1fa976fadc7b456881f51bf5ccc
831,G_178_14_11343,exact,75,75.0,explicit_score,f369cb89fc627e668987007d121ed1eacdc01db9e28f8bb26f358b7d8c4f08ac
832,D_065_59,exact,75,75.0,explicit_score,f369cb89fc627e668987007d121ed1eacdc01db9e28f8bb26f358b7d8c4f08ac
833,I_916_927_13,exact,75,75.0,explicit_score,f369cb89fc627e668987007d121ed1eacdc01db9e28f8bb26f358b7d8c4f08ac
834,D_29_239,exact,75,75.0,explicit_score,f369cb89fc627e668987007d121ed1eacdc01db9e28f8bb26f358b7d8c4f08ac
835,I_232_81_14,exact,75,75.0,explicit_score,f369cb89fc627e668987007d121ed1eacdc01db9e28f8bb26f358b7d8c4f08ac
836,I_074_65_14,exact,50,50.0,explicit_score,1a6562590ef19d1045d06c4055742d38288e9e6dcd71ccde5cee80f1d5a774eb
837,I_084_932_14,exact,75,75.0,explicit_score,f369cb89fc627e668987007d121ed1eacdc01db9e28f8bb26f358b7d8c4f08ac
838,G_106_13_8808,exact,85,85.0,explicit_score,b4944c6ff08dc6f43da2e9c824669b7d927dd1fa976fadc7b456881f51bf5ccc
839,I_074_149_13,exact,95,95.0,explicit_score,ad48ff99415b2f007dc35b7eb553fd1eb35ebfa2f2f308acd9488eeb86f71fa8
840,I_045_915_13,exact,75,75.0,explicit_score,f369cb89fc627e668987007d121ed1eacdc01db9e28f8bb26f358b7d8c4f08ac
841,I_068_224_14,exact,85,85.0,explicit_score,b4944c6ff08dc6f43da2e9c824669b7d927dd1fa976fadc7b456881f51bf5ccc
842,G_223_14_12379,exact,85,85.0,explicit_score,b4944c6ff08dc6f43da2e9c824669b7d927dd1fa976fadc7b456881f51bf5ccc
843,D_172_149,exact,85,85.0,explicit_score,b4944c6ff08dc6f43da2e9c824669b7d927dd1fa976fadc7b456881f51bf5ccc
844,I_025_224_14,exact,85,85.0,explicit_score,b4944c6ff08dc6f43da2e9c824669b7d927dd1fa976fadc7b456881f51bf5ccc
845,I_203_263_14,exact,75,75.0,explicit_score,f369cb89fc627e668987007d121ed1eacdc01db9e28f8bb26f358b7d8c4f08ac
846,G_231_14_12631,exact,85,85.0,explicit_score,b4944c6ff08dc6f43da2e9c824669b7d927dd1fa976fadc7b456881f51bf5ccc
847,G_933_13_16392,exact,75,75.0,explicit_score,f369cb89fc627e668987007d121ed1eacdc01db9e28f8bb26f358b7d8c4f08ac
848,D_230_197,exact,75,75.0,explicit_score,f369cb89fc627e668987007d121ed1eacdc01db9e28f8bb26f358b7d8c4f08ac
849,D_82_287,exact,85,85.0,explicit_score,b4944c6ff08dc6f43da2e9c824669b7d927dd1fa976fadc7b456881f51bf5ccc
850,I_130_248_14,exact,75,75.0,explicit_score,f369cb89fc627e668987007d121ed1eacdc01db9e28f8bb26f358b7d8c4f08ac
851,D_040_35,exact,65,65.0,explicit_score,108c995b953c8a35561103e2014cf828eb654a99e310f87fab94c2f4b7d2a04f
852,I_130_256_14,exact,75,75.0,explicit_score,f369cb89fc627e668987007d121ed1eacdc01db9e28f8bb26f358b7d8c4f08ac
853,G_245_14_12849,exact,85,85.0,explicit_score,b4944c6ff08dc6f43da2e9c824669b7d927dd1fa976fadc7b456881f51bf5ccc
854,I_082_914_14,exact,85,85.0,explicit_score,b4944c6ff08dc6f43da2e9c824669b7d927dd1fa976fadc7b456881f51bf5ccc
855,D_241_204,exact,75,75.0,explicit_score,f369cb89fc627e668987007d121ed1eacdc01db9e28f8bb26f358b7d8c4f08ac
856,D_64_275,exact,75,75.0,explicit_score,f369cb89fc627e668987007d121ed1eacdc01db9e28f8bb26f358b7d8c4f08ac
857,I_43_907_13,exact,20,20.0,explicit_score,f5ca38f748a1d6eaf726b8a42fb575c3c71f1864a8143301782de13da2d9202b
858,I_928_94_13,exact,60,60.0,explicit_score,39fa9ec190eee7b6f4dff1100d6343e10918d044c75eac8f9e9a2596173f80c9
859,D_144_129,exact,75,75.0,explicit_score,f369cb89fc627e668987007d121ed1eacdc01db9e28f8bb26f358b7d8c4f08ac
860,G_092_14_7635,exact,75,75.0,explicit_score,f369cb89fc627e668987007d121ed1eacdc01db9e28f8bb26f358b7d8c4f08ac
861,G_76_14_15213,exact,85,85.0,explicit_score,b4944c6ff08dc6f43da2e9c824669b7d927dd1fa976fadc7b456881f51bf5ccc
862,D_259_219,exact,75,75.0,explicit_score,f369cb89fc627e668987007d121ed1eacdc01db9e28f8bb26f358b7d8c4f08ac
863,G_051_14_4106,exact,60,60.0,explicit_score,39fa9ec190eee7b6f4dff1100d6343e10918d044c75eac8f9e9a2596173f80c9
864,I_064_110_14,exact,60,60.0,explicit_score,39fa9ec190eee7b6f4dff1100d6343e10918d044c75eac8f9e9a2596173f80c9
865,I_014_207_14,exact,85,85.0,explicit_score,b4944c6ff08dc6f43da2e9c824669b7d927dd1fa976fadc7b456881f51bf5ccc
866,G_024_13_1986,exact,85,85.0,explicit_score,b4944c6ff08dc6f43da2e9c824669b7d927dd1fa976fadc7b456881f51bf5ccc
867,I_218_237_14,exact,85,85.0,explicit_score,b4944c6ff08dc6f43da2e9c824669b7d927dd1fa976fadc7b456881f51bf5ccc
868,I_283_919_13,exact,85,85.0,explicit_score,b4944c6ff08dc6f43da2e9c824669b7d927dd1fa976fadc7b456881f51bf5ccc
869,G_054_13_4354,exact,85,85.0,explicit_score,b4944c6ff08dc6f43da2e9c824669b7d927dd1fa976fadc7b456881f51bf5ccc
870,I_149_60_13,exact,85,85.0,explicit_score,b4944c6ff08dc6f43da2e9c824669b7d927dd1fa976fadc7b456881f51bf5ccc
871,I_105_11_14,exact,75,75.0,explicit_score,f369cb89fc627e668987007d121ed1eacdc01db9e28f8bb26f358b7d8c4f08ac
872,I_013_185_13,exact,85,85.0,explicit_score,b4944c6ff08dc6f43da2e9c824669b7d927dd1fa976fadc7b456881f51bf5ccc
873,I_83_88_14,exact,60,60.0,explicit_score,39fa9ec190eee7b6f4dff1100d6343e10918d044c75eac8f9e9a2596173f80c9
874,I_100_218_13,exact,75,75.0,explicit_score,f369cb89fc627e668987007d121ed1eacdc01db9e28f8bb26f358b7d8c4f08ac
875,G_916_14_15907,exact,75,75.0,explicit_score,f369cb89fc627e668987007d121ed1eacdc01db9e28f8bb26f358b7d8c4f08ac
876,D_61_272,exact,60,60.0,explicit_score,39fa9ec190eee7b6f4dff1100d6343e10918d044c75eac8f9e9a2596173f80c9
877,I_30_92_13,exact,85,85.0,explicit_score,b4944c6ff08dc6f43da2e9c824669b7d927dd1fa976fadc7b456881f51bf5ccc
878,G_012_13_933,exact,85,85.0,explicit_score,b4944c6ff08dc6f43da2e9c824669b7d927dd1fa976fadc7b456881f51bf5ccc
879,G_148_13_10635,exact,85,85.0,explicit_score,b4944c6ff08dc6f43da2e9c824669b7d927dd1fa976fadc7b456881f51bf5ccc
880,D_70_280,exact,75,75.0,explicit_score,f369cb89fc627e668987007d121ed1eacdc01db9e28f8bb26f358b7d8c4f08ac
881,D_027_25,exact,75,75.0,explicit_score,f369cb89fc627e668987007d121ed1eacdc01db9e28f8bb26f358b7d8c4f08ac
882,G_041_13_3262,exact,75,75.0,explicit_score,f369cb89fc627e668987007d121ed1eacdc01db9e28f8bb26f358b7d8c4f08ac
883,G_41_14_14302,exact,75,75.0,explicit_score,f369cb89fc627e668987007d121ed1eacdc01db9e28f8bb26f358b7d8c4f08ac
884,D_911_303,exact,75,75.0,explicit_score,f369cb89fc627e668987007d121ed1eacdc01db9e28f8bb26f358b7d8c4f08ac
885,I_51_68_14,exact,60,60.0,explicit_score,39fa9ec190eee7b6f4dff1100d6343e10918d044c75eac8f9e9a2596173f80c9
886,D_138_124,exact,85,85.0,explicit_score,b4944c6ff08dc6f43da2e9c824669b7d927dd1fa976fadc7b456881f51bf5ccc
887,I_090_902_13,exact,85,85.0,explicit_score,b4944c6ff08dc6f43da2e9c824669b7d927dd1fa976fadc7b456881f51bf5ccc
888,D_124_114,exact,85,85.0,explicit_score,b4944c6ff08dc6f43da2e9c824669b7d927dd1fa976fadc7b456881f51bf5ccc
889,G_909_14_15656,exact,75,75.0,explicit_score,f369cb89fc627e668987007d121ed1eacdc01db9e28f8bb26f358b7d8c4f08ac
890,I_216_26_14,exact,65,65.0,explicit_score,108c995b953c8a35561103e2014cf828eb654a99e310f87fab94c2f4b7d2a04f
891,G_086_13_7052,exact,85,85.0,explicit_score,b4944c6ff08dc6f43da2e9c824669b7d927dd1fa976fadc7b456881f51bf5ccc
892,G_226_13_12463,exact,85,85.0,explicit_score,b4944c6ff08dc6f43da2e9c824669b7d927dd1fa976fadc7b456881f51bf5ccc
893,D_96_335,exact,75,75.0,explicit_score,f369cb89fc627e668987007d121ed1eacdc01db9e28f8bb26f358b7d8c4f08ac
894,G_934_13_16426,exact,85,85.0,explicit_score,b4944c6ff08dc6f43da2e9c824669b7d927dd1fa976fadc7b456881f51bf5ccc
895,G_081_14_6635,exact,75,75.0,explicit_score,f369cb89fc627e668987007d121ed1eacdc01db9e28f8bb26f358b7d8c4f08ac
896,G_175_13_11263,exact,85,85.0,explicit_score,b4944c6ff08dc6f43da2e9c824669b7d927dd1fa976fadc7b456881f51bf5ccc
897,D_36_249,exact,75,75.0,explicit_score,f369cb89fc627e668987007d121ed1eacdc01db9e28f8bb26f358b7d8c4f08ac
898,D_12_109,exact,60,60.0,explicit_score,39fa9ec190eee7b6f4dff1100d6343e10918d044c75eac8f9e9a2596173f80c9
899,G_70_14_15083,exact,75,75.0,explicit_score,f369cb89fc627e668987007d121ed1eacdc01db9e28f8bb26f358b7d8c4f08ac
900,D_290_240,exact,60,60.0,explicit_score,39fa9ec190eee7b6f4dff1100d6343e10918d044c75eac8f9e9a2596173f80c9
901,G_124_13_10098,exact,75,75.0,explicit_score,f369cb89fc627e668987007d121ed1eacdc01db9e28f8bb26f358b7d8c4f08ac
902,I_63_903_13,exact,75,75.0,explicit_score,f369cb89fc627e668987007d121ed1eacdc01db9e28f8bb26f358b7d8c4f08ac
903,I_254_913_14,exact,60,60.0,explicit_score,39fa9ec190eee7b6f4dff1100d6343e10918d044c75eac8f9e9a2596173f80c9
904,I_017_225_13,exact,75,75.0,explicit_score,f369cb89fc627e668987007d121ed1eacdc01db9e28f8bb26f358b7d8c4f08ac
905,G_57_14_14724,exact,85,85.0,explicit_score,b4944c6ff08dc6f43da2e9c824669b7d927dd1fa976fadc7b456881f51bf5ccc
906,G_9_14_16797,exact,85,85.0,explicit_score,b4944c6ff08dc6f43da2e9c824669b7d927dd1fa976fadc7b456881f51bf5ccc
907,D_293_243,exact,75,75.0,explicit_score,f369cb89fc627e668987007d121ed1eacdc01db9e28f8bb26f358b7d8c4f08ac
908,D_915_307,exact,75,75.0,explicit_score,f369cb89fc627e668987007d121ed1eacdc01db9e28f8bb26f358b7d8c4f08ac
909,D_012_10,exact,85,85.0,explicit_score,b4944c6ff08dc6f43da2e9c824669b7d927dd1fa976fadc7b456881f51bf5ccc
910,G_086_14_7106,exact,95,95.0,explicit_score,ad48ff99415b2f007dc35b7eb553fd1eb35ebfa2f2f308acd9488eeb86f71fa8
911,I_25_257_14,exact,75,75.0,explicit_score,f369cb89fc627e668987007d121ed1eacdc01db9e28f8bb26f358b7d8c4f08ac
912,I_054_094_14,exact,85,85.0,explicit_score,b4944c6ff08dc6f43da2e9c824669b7d927dd1fa976fadc7b456881f51bf5ccc
913,I_281_926_13,exact,65,65.0,explicit_score,108c995b953c8a35561103e2014cf828eb654a99e310f87fab94c2f4b7d2a04f
914,I_123_4_13,exact,75,75.0,explicit_score,f369cb89fc627e668987007d121ed1eacdc01db9e28f8bb26f358b7d8c4f08ac
915,G_224_13_12402,exact,75,75.0,explicit_score,f369cb89fc627e668987007d121ed1eacdc01db9e28f8bb26f358b7d8c4f08ac
916,D_917_309,exact,75,75.0,explicit_score,f369cb89fc627e668987007d121ed1eacdc01db9e28f8bb26f358b7d8c4f08ac
917,G_233_14_12685,exact,75,75.0,explicit_score,f369cb89fc627e668987007d121ed1eacdc01db9e28f8bb26f358b7d8c4f08ac
918,G_908_13_15620,exact,85,85.0,explicit_score,b4944c6ff08dc6f43da2e9c824669b7d927dd1fa976fadc7b456881f51bf5ccc
919,I_148_166_13,exact,75,75.0,explicit_score,f369cb89fc627e668987007d121ed1eacdc01db9e28f8bb26f358b7d8c4f08ac
920,I_169_917_13,exact,65,65.0,explicit_score,108c995b953c8a35561103e2014cf828eb654a99e310f87fab94c2f4b7d2a04f
921,I_043_919_14,exact,75,75.0,explicit_score,f369cb89fc627e668987007d121ed1eacdc01db9e28f8bb26f358b7d8c4f08ac
922,I_218_26_13,exact,75,75.0,explicit_score,f369cb89fc627e668987007d121ed1eacdc01db9e28f8bb26f358b7d8c4f08ac
923,G_229_13_12550,exact,85,85.0,explicit_score,b4944c6ff08dc6f43da2e9c824669b7d927dd1fa976fadc7b456881f51bf5ccc
924,G_905_14_15534,exact,85,85.0,explicit_score,b4944c6ff08dc6f43da2e9c824669b7d927dd1fa976fadc7b456881f51bf5ccc
925,G_033_14_2686,exact,75,75.0,explicit_score,f369cb89fc627e668987007d121ed1eacdc01db9e28f8bb26f358b7d8c4f08ac
926,G_016_14_1334,exact,85,85.0,explicit_score,b4944c6ff08dc6f43da2e9c824669b7d927dd1fa976fadc7b456881f51bf5ccc
927,D_906_298,exact,85,85.0,explicit_score,b4944c6ff08dc6f43da2e9c824669b7d927dd1fa976fadc7b456881f51bf5ccc
928,G_28_13_13818,exact,85,85.0,explicit_score,b4944c6ff08dc6f43da2e9c824669b7d927dd1fa976fadc7b456881f51bf5ccc
929,I_032_924_13,exact,75,75.0,explicit_score,f369cb89fc627e668987007d121ed1eacdc01db9e28f8bb26f358b7d8c4f08ac
930,G_174_14_11252,exact,85,85.0,explicit_score,b4944c6ff08dc6f43da2e9c824669b7d927dd1fa976fadc7b456881f51bf5ccc
931,I_053_39_14,exact,85,85.0,explicit_score,b4944c6ff08dc6f43da2e9c824669b7d927dd1fa976fadc7b456881f51bf5ccc
932,G_089_13_7320,exact,75,75.0,explicit_score,f369cb89fc627e668987007d121ed1eacdc01db9e28f8bb26f358b7d8c4f08ac
933,D_180_156,exact,75,75.0,explicit_score,f369cb89fc627e668987007d121ed1eacdc01db9e28f8bb26f358b7d8c4f08ac
934,I_079_101_13,exact,75,75.0,explicit_score,f369cb89fc627e668987007d121ed1eacdc01db9e28f8bb26f358b7d8c4f08ac
935,G_005_14_357,exact,85,85.0,explicit_score,b4944c6ff08dc6f43da2e9c824669b7d927dd1fa976fadc7b456881f51bf5ccc
936,G_225_14_12452,exact,75,75.0,explicit_score,f369cb89fc627e668987007d121ed1eacdc01db9e28f8bb26f358b7d8c4f08ac
937,G_71_14_15113,exact,85,85.0,explicit_score,b4944c6ff08dc6f43da2e9c824669b7d927dd1fa976fadc7b456881f51bf5ccc
938,G_088_13_7239,exact,95,95.0,explicit_score,ad48ff99415b2f007dc35b7eb553fd1eb35ebfa2f2f308acd9488eeb86f71fa8
939,D_243_206,exact,85,85.0,explicit_score,b4944c6ff08dc6f43da2e9c824669b7d927dd1fa976fadc7b456881f51bf5ccc
940,G_144_13_10545,exact,85,85.0,explicit_score,b4944c6ff08dc6f43da2e9c824669b7d927dd1fa976fadc7b456881f51bf5ccc
941,G_081_13_6576,exact,75,75.0,explicit_score,f369cb89fc627e668987007d121ed1eacdc01db9e28f8bb26f358b7d8c4f08ac
942,D_178_154,exact,60,60.0,explicit_score,39fa9ec190eee7b6f4dff1100d6343e10918d044c75eac8f9e9a2596173f80c9
943,G_056_13_4518,exact,85,85.0,explicit_score,b4944c6ff08dc6f43da2e9c824669b7d927dd1fa976fadc7b456881f51bf5ccc
944,D_080_72,exact,85,85.0,explicit_score,b4944c6ff08dc6f43da2e9c824669b7d927dd1fa976fadc7b456881f51bf5ccc
945,D_181_157,exact,85,85.0,explicit_score,b4944c6ff08dc6f43da2e9c824669b7d927dd1fa976fadc7b456881f51bf5ccc
946,G_92_13_16275,exact,85,85.0,explicit_score,b4944c6ff08dc6f43da2e9c824669b7d927dd1fa976fadc7b456881f51bf5ccc
947,G_90_13_15671,exact,75,75.0,explicit_score,f369cb89fc627e668987007d121ed1eacdc01db9e28f8bb26f358b7d8c4f08ac
948,G_226_14_12479,exact,75,75.0,explicit_score,f369cb89fc627e668987007d121ed1eacdc01db9e28f8bb26f358b7d8c4f08ac
949,G_215_14_12176,exact,75,75.0,explicit_score,f369cb89fc627e668987007d121ed1eacdc01db9e28f8bb26f358b7d8c4f08ac
950,I_096_200_14,exact,75,75.0,explicit_score,f369cb89fc627e668987007d121ed1eacdc01db9e28f8bb26f358b7d8c4f08ac
951,G_242_13_12786,exact,75,75.0,explicit_score,f369cb89fc627e668987007d121ed1eacdc01db9e28f8bb26f358b7d8c4f08ac
952,G_903_14_15477,exact,85,85.0,explicit_score,b4944c6ff08dc6f43da2e9c824669b7d927dd1fa976fadc7b456881f51bf5ccc
953,G_28_14_13831,exact,85,85.0,explicit_score,b4944c6ff08dc6f43da2e9c824669b7d927dd1fa976fadc7b456881f51bf5ccc
954,I_292_906_14,exact,85,85.0,explicit_score,b4944c6ff08dc6f43da2e9c824669b7d927dd1fa976fadc7b456881f51bf5ccc
955,I_109_246_13,exact,75,75.0,explicit_score,f369cb89fc627e668987007d121ed1eacdc01db9e28f8bb26f358b7d8c4f08ac
956,G_933_14_16415,exact,85,85.0,explicit_score,b4944c6ff08dc6f43da2e9c824669b7d927dd1fa976fadc7b456881f51bf5ccc
957,I_001_098_13,exact,85,85.0,explicit_score,b4944c6ff08dc6f43da2e9c824669b7d927dd1fa976fadc7b456881f51bf5ccc
958,I_16_937_13,exact,85,85.0,explicit_score,b4944c6ff08dc6f43da2e9c824669b7d927dd1fa976fadc7b456881f51bf5ccc
959,G_36_14_14130,exact,75,75.0,explicit_score,f369cb89fc627e668987007d121ed1eacdc01db9e28f8bb26f358b7d8c4f08ac
960,G_039_14_3132,exact,85,85.0,explicit_score,b4944c6ff08dc6f43da2e9c824669b7d927dd1fa976fadc7b456881f51bf5ccc
961,I_055_083_14,exact,85,85.0,explicit_score,b4944c6ff08dc6f43da2e9c824669b7d927dd1fa976fadc7b456881f51bf5ccc
962,G_192_14_11701,exact,85,85.0,explicit_score,b4944c6ff08dc6f43da2e9c824669b7d927dd1fa976fadc7b456881f51bf5ccc
963,G_190_14_11635,exact,75,75.0,explicit_score,f369cb89fc627e668987007d121ed1eacdc01db9e28f8bb26f358b7d8c4f08ac
964,I_001_231_13,exact,75,75.0,explicit_score,f369cb89fc627e668987007d121ed1eacdc01db9e28f8bb26f358b7d8c4f08ac
965,G_62_13_14867,exact,85,85.0,explicit_score,b4944c6ff08dc6f43da2e9c824669b7d927dd1fa976fadc7b456881f51bf5ccc
966,G_185_13_11510,exact,75,75.0,explicit_score,f369cb89fc627e668987007d121ed1eacdc01db9e28f8bb26f358b7d8c4f08ac
967,D_005_3,exact,75,75.0,explicit_score,f369cb89fc627e668987007d121ed1eacdc01db9e28f8bb26f358b7d8c4f08ac
968,I_116_261_14,exact,65,65.0,explicit_score,108c995b953c8a35561103e2014cf828eb654a99e310f87fab94c2f4b7d2a04f
969,D_120_110,exact,85,85.0,explicit_score,b4944c6ff08dc6f43da2e9c824669b7d927dd1fa976fadc7b456881f51bf5ccc
970,I_010_72_14,exact,85,85.0,explicit_score,b4944c6ff08dc6f43da2e9c824669b7d927dd1fa976fadc7b456881f51bf5ccc
971,G_189_14_11584,exact,75,75.0,explicit_score,f369cb89fc627e668987007d121ed1eacdc01db9e28f8bb26f358b7d8c4f08ac
972,G_171_14_11165,exact,85,85.0,explicit_score,b4944c6ff08dc6f43da2e9c824669b7d927dd1fa976fadc7b456881f51bf5ccc
973,I_016_124_14,exact,75,75.0,explicit_score,f369cb89fc627e668987007d121ed1eacdc01db9e28f8bb26f358b7d8c4f08ac
974,D_95_334,exact,60,60.0,explicit_score,39fa9ec190eee7b6f4dff1100d6343e10918d044c75eac8f9e9a2596173f80c9
975,G_261_13_13299,exact,75,75.0,explicit_score,f369cb89fc627e668987007d121ed1eacdc01db9e28f8bb26f358b7d8c4f08ac
976,D_281_233,exact,65,65.0,explicit_score,108c995b953c8a35561103e2014cf828eb654a99e310f87fab94c2f4b7d2a04f
977,I_135_299_14,exact,85,85.0,explicit_score,b4944c6ff08dc6f43da2e9c824669b7d927dd1fa976fadc7b456881f51bf5ccc
978,I_058_22_14,exact,60,60.0,explicit_score,39fa9ec190eee7b6f4dff1100d6343e10918d044c75eac8f9e9a2596173f80c9
979,G_017_14_1431,exact,85,85.0,explicit_score,b4944c6ff08dc6f43da2e9c824669b7d927dd1fa976fadc7b456881f51bf5ccc
980,I_027_053_13,exact,85,85.0,explicit_score,b4944c6ff08dc6f43da2e9c824669b7d927dd1fa976fadc7b456881f51bf5ccc
981,D_907_299,exact,50,50.0,explicit_score,1a6562590ef19d1045d06c4055742d38288e9e6dcd71ccde5cee80f1d5a774eb
982,I_008_25_13,exact,65,65.0,explicit_score,108c995b953c8a35561103e2014cf828eb654a99e310f87fab94c2f4b7d2a04f
983,I_098_169_13,exact,75,75.0,explicit_score,f369cb89fc627e668987007d121ed1eacdc01db9e28f8bb26f358b7d8c4f08ac
984,I_031_033_13,exact,85,85.0,explicit_score,b4944c6ff08dc6f43da2e9c824669b7d927dd1fa976fadc7b456881f51bf5ccc
985,G_094_13_7749,exact,85,85.0,explicit_score,b4944c6ff08dc6f43da2e9c824669b7d927dd1fa976fadc7b456881f51bf5ccc
986,G_48_14_14494,exact,85,85.0,explicit_score,b4944c6ff08dc6f43da2e9c824669b7d927dd1fa976fadc7b456881f51bf5ccc
987,G_220_13_12308,exact,75,75.0,explicit_score,f369cb89fc627e668987007d121ed1eacdc01db9e28f8bb26f358b7d8c4f08ac
988,G_130_13_10287,exact,75,75.0,explicit_score,f369cb89fc627e668987007d121ed1eacdc01db9e28f8bb26f358b7d8c4f08ac
989,G_39_13_14197,exact,85,85.0,explicit_score,b4944c6ff08dc6f43da2e9c824669b7d927dd1fa976fadc7b456881f51bf5ccc
990,I_049_83_14,exact,75,75.0,explicit_score,f369cb89fc627e668987007d121ed1eacdc01db9e28f8bb26f358b7d8c4f08ac
991,G_259_14_13232,exact,60,60.0,explicit_score,39fa9ec190eee7b6f4dff1100d6343e10918d044c75eac8f9e9a2596173f80c9
992,G_47_13_14444,exact,75,75.0,explicit_score,f369cb89fc627e668987007d121ed1eacdc01db9e28f8bb26f358b7d8c4f08ac
993,I_049_102_13,exact,85,85.0,explicit_score,b4944c6ff08dc6f43da2e9c824669b7d927dd1fa976fadc7b456881f51bf5ccc
994,G_064_13_5229,exact,85,85.0,explicit_score,b4944c6ff08dc6f43da2e9c824669b7d927dd1fa976fadc7b456881f51bf5ccc
995,I_38_65_13,exact,60,60.0,explicit_score,39fa9ec190eee7b6f4dff1100d6343e10918d044c75eac8f9e9a2596173f80c9
996,D_116_105,exact,85,85.0,explicit_score,b4944c6ff08dc6f43da2e9c824669b7d927dd1fa976fadc7b456881f51bf5ccc
997,I_005_31_14,exact,75,75.0,explicit_score,f369cb89fc627e668987007d121ed1eacdc01db9e28f8bb26f358b7d8c4f08ac
998,D_163_142,exact,85,85.0,explicit_score,b4944c6ff08dc6f43da2e9c824669b7d927dd1fa976fadc7b456881f51bf5ccc
999,I_027_83_13,exact,60,60.0,explicit_score,39fa9ec190eee7b6f4dff1100d6343e10918d044c75eac8f9e9a2596173f80c9
1000,G_034_13_2711,exact,75,75.0,explicit_score,f369cb89fc627e668987007d121ed1eacdc01db9e28f8bb26f358b7d8c4f08ac
1001,G_051_13_4058,exact,85,85.0,explicit_score,b4944c6ff08dc6f43da2e9c824669b7d927dd1fa976fadc7b456881f51bf5ccc
1002,I_249_905_13,exact,85,85.0,explicit_score,b4944c6ff08dc6f43da2e9c824669b7d927dd1fa976fadc7b456881f51bf5ccc
1003,G_90_14_15693,exact,85,85.0,explicit_score,b4944c6ff08dc6f43da2e9c824669b7d927dd1fa976fadc7b456881f51bf5ccc
1004,I_080_109_13,exact,85,85.0,explicit_score,b4944c6ff08dc6f43da2e9c824669b7d927dd1fa976fadc7b456881f51bf5ccc
1005,I_020_056_13,exact,60,60.0,explicit_score,39fa9ec190eee7b6f4dff1100d6343e10918d044c75eac8f9e9a2596173f80c9
1006,I_29_88_14,exact,20,20.0,explicit_score,f5ca38f748a1d6eaf726b8a42fb575c3c71f1864a8143301782de13da2d9202b
1007,I_174_283_13,exact,75,75.0,explicit_score,f369cb89fc627e668987007d121ed1eacdc01db9e28f8bb26f358b7d8c4f08ac
1008,D_022_20,exact,75,75.0,explicit_score,f369cb89fc627e668987007d121ed1eacdc01db9e28f8bb26f358b7d8c4f08ac
1009,I_024_160_13,exact,75,75.0,explicit_score,f369cb89fc627e668987007d121ed1eacdc01db9e28f8bb26f358b7d8c4f08ac
1010,G_090_14_7428,exact,75,75.0,explicit_score,f369cb89fc627e668987007d121ed1eacdc01db9e28f8bb26f358b7d8c4f08ac
1011,G_285_14_13737,exact,85,85.0,explicit_score,b4944c6ff08dc6f43da2e9c824669b7d927dd1fa976fadc7b456881f51bf5ccc
1012,G_928_13_16220,exact,85,85.0,explicit_score,b4944c6ff08dc6f43da2e9c824669b7d927dd1fa976fadc7b456881f51bf5ccc
1013,I_125_935_14,exact,60,60.0,explicit_score,39fa9ec190eee7b6f4dff1100d6343e10918d044c75eac8f9e9a2596173f80c9
1014,I_212_42_14,exact,85,85.0,explicit_score,b4944c6ff08dc6f43da2e9c824669b7d927dd1fa976fadc7b456881f51bf5ccc
1015,G_59_13_14774,exact,85,85.0,explicit_score,b4944c6ff08dc6f43da2e9c824669b7d927dd1fa976fadc7b456881f51bf5ccc
1016,G_260_14_13281,exact,85,85.0,explicit_score,b4944c6ff08dc6f43da2e9c824669b7d927dd1fa976fadc7b456881f51bf5ccc
1017,I_031_157_13,exact,85,85.0,explicit_score,b4944c6ff08dc6f43da2e9c824669b7d927dd1fa976fadc7b456881f51bf5ccc
1018,I_174_198_13,exact,75,75.0,explicit_score,f369cb89fc627e668987007d121ed1eacdc01db9e28f8bb26f358b7d8c4f08ac
1019,D_49_262,exact,75,75.0,explicit_score,f369cb89fc627e668987007d121ed1eacdc01db9e28f8bb26f358b7d8c4f08ac
1020,G_216_13_12183,exact,75,75.0,explicit_score,f369cb89fc627e668987007d121ed1eacdc01db9e28f8bb26f358b7d8c4f08ac
1021,I_188_46_14,exact,50,50.0,explicit_score,1a6562590ef19d1045d06c4055742d38288e9e6dcd71ccde5cee80f1d5a774eb
1022,D_28_231,exact,85,85.0,explicit_score,b4944c6ff08dc6f43da2e9c824669b7d927dd1fa976fadc7b456881f51bf5ccc
1023,I_228_257_14,exact,75,75.0,explicit_score,f369cb89fc627e668987007d121ed1eacdc01db9e28f8bb26f358b7d8c4f08ac
1024,G_143_13_10526,exact,85,85.0,explicit_score,b4944c6ff08dc6f43da2e9c824669b7d927dd1fa976fadc7b456881f51bf5ccc
1025,G_241_14_12781,exact,85,85.0,explicit_score,b4944c6ff08dc6f43da2e9c824669b7d927dd1fa976fadc7b456881f51bf5ccc
1026,G_166_13_10993,exact,85,85.0,explicit_score,b4944c6ff08dc6f43da2e9c824669b7d927dd1fa976fadc7b456881f51bf5ccc
1027,G_258_14_13176,exact,85,85.0,explicit_score,b4944c6ff08dc6f43da2e9c824669b7d927dd1fa976fadc7b456881f51bf5ccc
1028,D_089_81,exact,85,85.0,explicit_score,b4944c6ff08dc6f43da2e9c824669b7d927dd1fa976fadc7b456881f51bf5ccc
1029,G_72_14_15141,exact,75,75.0,explicit_score,f369cb89fc627e668987007d121ed1eacdc01db9e28f8bb26f358b7d8c4f08ac
1030,G_203_14_11942,exact,85,85.0,explicit_score,b4944c6ff08dc6f43da2e9c824669b7d927dd1fa976fadc7b456881f51bf5ccc
1031,G_18_14_11610,exact,85,85.0,explicit_score,b4944c6ff08dc6f43da2e9c824669b7d927dd1fa976fadc7b456881f51bf5ccc
1032,I_117_65_13,exact,75,75.0,explicit_score,f369cb89fc627e668987007d121ed1eacdc01db9e28f8bb26f358b7d8c4f08ac
1033,I_062_95_13,exact,85,85.0,explicit_score,b4944c6ff08dc6f43da2e9c824669b7d927dd1fa976fadc7b456881f51bf5ccc
1034,G_16_14_11106,exact,85,85.0,explicit_score,b4944c6ff08dc6f43da2e9c824669b7d927dd1fa976fadc7b456881f51bf5ccc
1035,G_21_13_12285,exact,75,75.0,explicit_score,f369cb89fc627e668987007d121ed1eacdc01db9e28f8bb26f358b7d8c4f08ac
1036,G_83_14_15318,exact,85,85.0,explicit_score,b4944c6ff08dc6f43da2e9c824669b7d927dd1fa976fadc7b456881f51bf5ccc
1037,D_105_95,exact,85,85.0,explicit_score,b4944c6ff08dc6f43da2e9c824669b7d927dd1fa976fadc7b456881f51bf5ccc
1038,G_112_13_9782,exact,60,60.0,explicit_score,39fa9ec190eee7b6f4dff1100d6343e10918d044c75eac8f9e9a2596173f80c9
1039,I_173_209_14,exact,60,60.0,explicit_score,39fa9ec190eee7b6f4dff1100d6343e10918d044c75eac8f9e9a2596173f80c9
1040,D_908_300,exact,75,75.0,explicit_score,f369cb89fc627e668987007d121ed1eacdc01db9e28f8bb26f358b7d8c4f08ac
1041,I_008_124_14,exact,75,75.0,explicit_score,f369cb89fc627e668987007d121ed1eacdc01db9e28f8bb26f358b7d8c4f08ac
1042,I_014_172_14,exact,85,85.0,explicit_score,b4944c6ff08dc6f43da2e9c824669b7d927dd1fa976fadc7b456881f51bf5ccc
1043,G_167_13_11036,exact,85,85.0,explicit_score,b4944c6ff08dc6f43da2e9c824669b7d927dd1fa976fadc7b456881f51bf5ccc
1044,G_128_13_10186,exact,85,85.0,explicit_score,b4944c6ff08dc6f43da2e9c824669b7d927dd1fa976fadc7b456881f51bf5ccc
1045,D_015_13,exact,85,85.0,explicit_score,b4944c6ff08dc6f43da2e9c824669b7d927dd1fa976fadc7b456881f51bf5ccc
1046,D_245_207,exact,75,75.0,explicit_score,f369cb89fc627e668987007d121ed1eacdc01db9e28f8bb26f358b7d8c4f08ac
1047,G_009_14_680,exact,95,95.0,explicit_score,ad48ff99415b2f007dc35b7eb553fd1eb35ebfa2f2f308acd9488eeb86f71fa8
1048,I_169_246_14,exact,85,85.0,explicit_score,b4944c6ff08dc6f43da2e9c824669b7d927dd1fa976fadc7b456881f51bf5ccc
1049,D_057_51,exact,85,85.0,explicit_score,b4944c6ff08dc6f43da2e9c824669b7d927dd1fa976fadc7b456881f51bf5ccc
1050,G_63_14_14910,exact,85,85.0,explicit_score,b4944c6ff08dc6f43da2e9c824669b7d927dd1fa976fadc7b456881f51bf5ccc
1051,I_033_50_13,exact,75,75.0,explicit_score,f369cb89fc627e668987007d121ed1eacdc01db9e28f8bb26f358b7d8c4f08ac
1052,D_017_15,exact,85,85.0,explicit_score,b4944c6ff08dc6f43da2e9c824669b7d927dd1fa976fadc7b456881f51bf5ccc
1053,D_064_58,exact,75,75.0,explicit_score,f369cb89fc627e668987007d121ed1eacdc01db9e28f8bb26f358b7d8c4f08ac
1054,G_023_14_1965,exact,75,75.0,explicit_score,f369cb89fc627e668987007d121ed1eacdc01db9e28f8bb26f358b7d8c4f08ac
1055,I_037_29_14,exact,75,75.0,explicit_score,f369cb89fc627e668987007d121ed1eacdc01db9e28f8bb26f358b7d8c4f08ac
1056,D_037_32,exact,75,75.0,explicit_score,f369cb89fc627e668987007d121ed1eacdc01db9e28f8bb26f358b7d8c4f08ac
1057,G_99_13_16752,exact,75,75.0,explicit_score,f369cb89fc627e668987007d121ed1eacdc01db9e28f8bb26f358b7d8c4f08ac
1058,G_079_14_6445,exact,75,75.0,explicit_score,f369cb89fc627e668987007d121ed1eacdc01db9e28f8bb26f358b7d8c4f08ac
1059,G_079_13_6400,exact,85,85.0,explicit_score,b4944c6ff08dc6f43da2e9c824669b7d927dd1fa976fadc7b456881f51bf5ccc
1060,G_283_13_13665,exact,85,85.0,explicit_score,b4944c6ff08dc6f43da2e9c824669b7d927dd1fa976fadc7b456881f51bf5ccc
1061,I_28_49_13,exact,75,75.0,explicit_score,f369cb89fc627e668987007d121ed1eacdc01db9e28f8bb26f358b7d8c4f08ac
1062,G_82_14_15304,exact,85,85.0,explicit_score,b4944c6ff08dc6f43da2e9c824669b7d927dd1fa976fadc7b456881f51bf5ccc
1063,G_51_13_14587,exact,85,85.0,explicit_score,b4944c6ff08dc6f43da2e9c824669b7d927dd1fa976fadc7b456881f51bf5ccc
1064,G_53_14_14637,exact,65,65.0,explicit_score,108c995b953c8a35561103e2014cf828eb654a99e310f87fab94c2f4b7d2a04f
1065,G_228_13_12518,exact,85,85.0,explicit_score,b4944c6ff08dc6f43da2e9c824669b7d927dd1fa976fadc7b456881f51bf5ccc
1066,G_26_14_13466,exact,60,60.0,explicit_score,39fa9ec190eee7b6f4dff1100d6343e10918d044c75eac8f9e9a2596173f80c9
1067,G_099_14_8164,exact,75,75.0,explicit_score,f369cb89fc627e668987007d121ed1eacdc01db9e28f8bb26f358b7d8c4f08ac
1068,G_106_14_8873,exact,85,85.0,explicit_score,b4944c6ff08dc6f43da2e9c824669b7d927dd1fa976fadc7b456881f51bf5ccc
1069,D_38_251,exact,85,85.0,explicit_score,b4944c6ff08dc6f43da2e9c824669b7d927dd1fa976fadc7b456881f51bf5ccc
1070,G_040_14_3214,exact,75,75.0,explicit_score,f369cb89fc627e668987007d121ed1eacdc01db9e28f8bb26f358b7d8c4f08ac
1071,I_055_35_14,exact,85,85.0,explicit_score,b4944c6ff08dc6f43da2e9c824669b7d927dd1fa976fadc7b456881f51bf5ccc
1072,I_100_270_14,exact,75,75.0,explicit_score,f369cb89fc627e668987007d121ed1eacdc01db9e28f8bb26f358b7d8c4f08ac
1073,G_44_13_14386,exact,75,75.0,explicit_score,f369cb89fc627e668987007d121ed1eacdc01db9e28f8bb26f358b7d8c4f08ac
1074,G_53_13_14627,exact,75,75.0,explicit_score,f369cb89fc627e668987007d121ed1eacdc01db9e28f8bb26f358b7d8c4f08ac
1075,D_092_84,exact,85,85.0,explicit_score,b4944c6ff08dc6f43da2e9c824669b7d927dd1fa976fadc7b456881f51bf5ccc
1076,D_111_102,exact,60,60.0,explicit_score,39fa9ec190eee7b6f4dff1100d6343e10918d044c75eac8f9e9a2596173f80c9
1077,G_111_13_9623,exact,75,75.0,explicit_score,f369cb89fc627e668987007d121ed1eacdc01db9e28f8bb26f358b7d8c4f08ac
1078,I_171_905_13,exact,85,85.0,explicit_score,b4944c6ff08dc6f43da2e9c824669b7d927dd1fa976fadc7b456881f51bf5ccc
1079,G_918_13_15954,exact,85,85.0,explicit_score,b4944c6ff08dc6f43da2e9c824669b7d927dd1fa976fadc7b456881f51bf5ccc
1080,D_061_55,exact,85,85.0,explicit_score,b4944c6ff08dc6f43da2e9c824669b7d927dd1fa976fadc7b456881f51bf5ccc
1081,D_200_172,exact,85,85.0,explicit_score,b4944c6ff08dc6f43da2e9c824669b7d927dd1fa976fadc7b456881f51bf5ccc
1082,G_173_13_11214,exact,75,75.0,explicit_score,f369cb89fc627e668987007d121ed1eacdc01db9e28f8bb26f358b7d8c4f08ac
1083,D_62_273,exact,60,60.0,explicit_score,39fa9ec190eee7b6f4dff1100d6343e10918d044c75eac8f9e9a2596173f80c9
1084,I_253_281_14,exact,85,85.0,explicit_score,b4944c6ff08dc6f43da2e9c824669b7d927dd1fa976fadc7b456881f51bf5ccc
1085,G_155_14_10781,exact,95,95.0,explicit_score,ad48ff99415b2f007dc35b7eb553fd1eb35ebfa2f2f308acd9488eeb86f71fa8
1086,G_44_14_14393,exact,85,85.0,explicit_score,b4944c6ff08dc6f43da2e9c824669b7d927dd1fa976fadc7b456881f51bf5ccc
1087,G_925_14_16144,exact,85,85.0,explicit_score,b4944c6ff08dc6f43da2e9c824669b7d927dd1fa976fadc7b456881f51bf5ccc
1088,G_132_13_10308,exact,75,75.0,explicit_score,f369cb89fc627e668987007d121ed1eacdc01db9e28f8bb26f358b7d8c4f08ac
1089,G_915_13_15852,exact,75,75.0,explicit_score,f369cb89fc627e668987007d121ed1eacdc01db9e28f8bb26f358b7d8c4f08ac
1090,I_061_88_14,exact,60,60.0,explicit_score,39fa9ec190eee7b6f4dff1100d6343e10918d044c75eac8f9e9a2596173f80c9
1091,G_100_14_8348,exact,60,60.0,explicit_score,39fa9ec190eee7b6f4dff1100d6343e10918d044c75eac8f9e9a2596173f80c9
1092,I_060_56_14,exact,85,85.0,explicit_score,b4944c6ff08dc6f43da2e9c824669b7d927dd1fa976fadc7b456881f51bf5ccc
1093,D_209_178,exact,75,75.0,explicit_score,f369cb89fc627e668987007d121ed1eacdc01db9e28f8bb26f358b7d8c4f08ac
1094,G_069_14_5732,exact,85,85.0,explicit_score,b4944c6ff08dc6f43da2e9c824669b7d927dd1fa976fadc7b456881f51bf5ccc
1095,I_011_257_13,exact,85,85.0,explicit_score,b4944c6ff08dc6f43da2e9c824669b7d927dd1fa976fadc7b456881f51bf5ccc
1096,I_164_220_13,exact,75,75.0,explicit_score,f369cb89fc627e668987007d121ed1eacdc01db9e28f8bb26f358b7d8c4f08ac
1097,G_198_14_11817,exact,85,85.0,explicit_score,b4944c6ff08dc6f43da2e9c824669b7d927dd1fa976fadc7b456881f51bf5ccc
1098,G_213_13_12101,exact,60,60.0,explicit_score,39fa9ec190eee7b6f4dff1100d6343e10918d044c75eac8f9e9a2596173f80c9
1099,G_040_13_3185,exact,85,85.0,explicit_score,b4944c6ff08dc6f43da2e9c824669b7d927dd1fa976fadc7b456881f51bf5ccc
1100,G_096_14_7880,exact,75,75.0,explicit_score,f369cb89fc627e668987007d121ed1eacdc01db9e28f8bb26f358b7d8c4f08ac
1101,I_215_926_13,exact,60,60.0,explicit_score,39fa9ec190eee7b6f4dff1100d6343e10918d044c75eac8f9e9a2596173f80c9
1102,G_177_13_11298,exact,85,85.0,explicit_score,b4944c6ff08dc6f43da2e9c824669b7d927dd1fa976fadc7b456881f51bf5ccc
1103,I_263_48_13,exact,75,75.0,explicit_score,f369cb89fc627e668987007d121ed1eacdc01db9e28f8bb26f358b7d8c4f08ac
1104,I_145_148_14,exact,75,75.0,explicit_score,f369cb89fc627e668987007d121ed1eacdc01db9e28f8bb26f358b7d8c4f08ac
1105,G_931_14_16357,exact,75,75.0,explicit_score,f369cb89fc627e668987007d121ed1eacdc01db9e28f8bb26f358b7d8c4f08ac
1106,I_256_284_13,exact,75,75.0,explicit_score,f369cb89fc627e668987007d121ed1eacdc01db9e28f8bb26f358b7d8c4f08ac
1107,I_35_41_14,exact,60,60.0,explicit_score,39fa9ec190eee7b6f4dff1100d6343e10918d044c75eac8f9e9a2596173f80c9
1108,G_904_13_15485,exact,75,75.0,explicit_score,f369cb89fc627e668987007d121ed1eacdc01db9e28f8bb26f358b7d8c4f08ac
1109,G_043_14_3378,exact,85,85.0,explicit_score,b4944c6ff08dc6f43da2e9c824669b7d927dd1fa976fadc7b456881f51bf5ccc
1110,I_122_935_13,exact,75,75.0,explicit_score,f369cb89fc627e668987007d121ed1eacdc01db9e28f8bb26f358b7d8c4f08ac
1111,G_169_13_11059,exact,75,75.0,explicit_score,f369cb89fc627e668987007d121ed1eacdc01db9e28f8bb26f358b7d8c4f08ac
1112,G_145_14_10602,exact,85,85.0,explicit_score,b4944c6ff08dc6f43da2e9c824669b7d927dd1fa976fadc7b456881f51bf5ccc
1113,G_173_14_11218,exact,85,85.0,explicit_score,b4944c6ff08dc6f43da2e9c824669b7d927dd1fa976fadc7b456881f51bf5ccc
1114,I_128_283_14,exact,75,75.0,explicit_score,f369cb89fc627e668987007d121ed1eacdc01db9e28f8bb26f358b7d8c4f08ac
1115,D_084_76,exact,75,75.0,explicit_score,f369cb89fc627e668987007d121ed1eacdc01db9e28f8bb26f358b7d8c4f08ac
1116,D_086_78,exact,85,85.0,explicit_score,b4944c6ff08dc6f43da2e9c824669b7d927dd1fa976fadc7b456881f51bf5ccc
1117,G_080_13_6508,exact,85,85.0,explicit_score,b4944c6ff08dc6f43da2e9c824669b7d927dd1fa976fadc7b456881f51bf5ccc
1118,I_285_96_14,exact,85,85.0,explicit_score,b4944c6ff08dc6f43da2e9c824669b7d927dd1fa976fadc7b456881f51bf5ccc
1119,G_197_13_11773,exact,75,75.0,explicit_score,f369cb89fc627e668987007d121ed1eacdc01db9e28f8bb26f358b7d8c4f08ac
1120,D_125_115,exact,60,60.0,explicit_score,39fa9ec190eee7b6f4dff1100d6343e10918d044c75eac8f9e9a2596173f80c9
1121,I_012_112_13,exact,20,20.0,explicit_score,f5ca38f748a1d6eaf726b8a42fb575c3c71f1864a8143301782de13da2d9202b
1122,I_041_110_13,exact,75,75.0,explicit_score,f369cb89fc627e668987007d121ed1eacdc01db9e28f8bb26f358b7d8c4f08ac
1123,I_209_36_14,exact,75,75.0,explicit_score,f369cb89fc627e668987007d121ed1eacdc01db9e28f8bb26f358b7d8c4f08ac
1124,I_12_180_13,exact,60,60.0,explicit_score,39fa9ec190eee7b6f4dff1100d6343e10918d044c75eac8f9e9a2596173f80c9
1125,G_038_14_3030,exact,85,85.0,explicit_score,b4944c6ff08dc6f43da2e9c824669b7d927dd1fa976fadc7b456881f51bf5ccc
1126,G_194_14_11729,exact,95,95.0,explicit_score,ad48ff99415b2f007dc35b7eb553fd1eb35ebfa2f2f308acd9488eeb86f71fa8
1127,G_031_13_2459,exact,85,85.0,explicit_score,b4944c6ff08dc6f43da2e9c824669b7d927dd1fa976fadc7b456881f51bf5ccc
1128,G_050_14_4019,exact,85,85.0,explicit_score,b4944c6ff08dc6f43da2e9c824669b7d927dd1fa976fadc7b456881f51bf5ccc
1129,G_184_13_11479,exact,85,85.0,explicit_score,b4944c6ff08dc6f43da2e9c824669b7d927dd1fa976fadc7b456881f51bf5ccc
1130,D_242_205,exact,75,75.0,explicit_score,f369cb89fc627e668987007d121ed1eacdc01db9e28f8bb26f358b7d8c4f08ac
1131,G_3_14_14245,exact,85,85.0,explicit_score,b4944c6ff08dc6f43da2e9c824669b7d927dd1fa976fadc7b456881f51bf5ccc
1132,I_135_938_13,exact,75,75.0,explicit_score,f369cb89fc627e668987007d121ed1eacdc01db9e28f8bb26f358b7d8c4f08ac
1133,D_71_281,exact,75,75.0,explicit_score,f369cb89fc627e668987007d121ed1eacdc01db9e28f8bb26f358b7d8c4f08ac
1134,I_184_931_14,exact,75,75.0,explicit_score,f369cb89fc627e668987007d121ed1eacdc01db9e28f8bb26f358b7d8c4f08ac
1135,I_014_123_14,exact,85,85.0,explicit_score,b4944c6ff08dc6f43da2e9c824669b7d927dd1fa976fadc7b456881f51bf5ccc
1136,D_143_128,exact,85,85.0,explicit_score,b4944c6ff08dc6f43da2e9c824669b7d927dd1fa976fadc7b456881f51bf5ccc
1137,G_267_14_13404,exact,75,75.0,explicit_score,f369cb89fc627e668987007d121ed1eacdc01db9e28f8bb26f358b7d8c4f08ac
1138,G_206_14_11999,exact,85,85.0,explicit_score,b4944c6ff08dc6f43da2e9c824669b7d927dd1fa976fadc7b456881f51bf5ccc
1139,I_016_292_14,exact,85,85.0,explicit_score,b4944c6ff08dc6f43da2e9c824669b7d927dd1fa976fadc7b456881f51bf5ccc
1140,I_083_090_14,exact,85,85.0,explicit_score,b4944c6ff08dc6f43da2e9c824669b7d927dd1fa976fadc7b456881f51bf5ccc
1141,G_60_14_14819,exact,85,85.0,explicit_score,b4944c6ff08dc6f43da2e9c824669b7d927dd1fa976fadc7b456881f51bf5ccc
1142,G_254_13_13089,exact,75,75.0,explicit_score,f369cb89fc627e668987007d121ed1eacdc01db9e28f8bb26f358b7d8c4f08ac
1143,D_54_266,exact,20,20.0,explicit_score,f5ca38f748a1d6eaf726b8a42fb575c3c71f1864a8143301782de13da2d9202b
1144,G_135_14_10362,exact,85,85.0,explicit_score,b4944c6ff08dc6f43da2e9c824669b7d927dd1fa976fadc7b456881f51bf5ccc
1145,I_253_59_14,exact,75,75.0,explicit_score,f369cb89fc627e668987007d121ed1eacdc01db9e28f8bb26f358b7d8c4f08ac
1146,G_59_14_14792,exact,85,85.0,explicit_score,b4944c6ff08dc6f43da2e9c824669b7d927dd1fa976fadc7b456881f51bf5ccc
1147,G_281_13_13637,exact,85,85.0,explicit_score,b4944c6ff08dc6f43da2e9c824669b7d927dd1fa976fadc7b456881f51bf5ccc
1148,I_081_171_13,exact,75,75.0,explicit_score,f369cb89fc627e668987007d121ed1eacdc01db9e28f8bb26f358b7d8c4f08ac
1149,D_900_292,exact,75,75.0,explicit_score,f369cb89fc627e668987007d121ed1eacdc01db9e28f8bb26f358b7d8c4f08ac
1150,I_919_935_14,exact,75,75.0,explicit_score,f369cb89fc627e668987007d121ed1eacdc01db9e28f8bb26f358b7d8c4f08ac
1151,G_937_14_16538,exact,75,75.0,explicit_score,f369cb89fc627e668987007d121ed1eacdc01db9e28f8bb26f358b7d8c4f08ac
1152,I_14_907_13,exact,75,75.0,explicit_score,f369cb89fc627e668987007d121ed1eacdc01db9e28f8bb26f358b7d8c4f08ac
1153,G_085_13_6946,exact,85,85.0,explicit_score,b4944c6ff08dc6f43da2e9c824669b7d927dd1fa976fadc7b456881f51bf5ccc
1154,D_196_168,exact,95,95.0,explicit_score,ad48ff99415b2f007dc35b7eb553fd1eb35ebfa2f2f308acd9488eeb86f71fa8
1155,G_246_13_12879,exact,75,75.0,explicit_score,f369cb89fc627e668987007d121ed1eacdc01db9e28f8bb26f358b7d8c4f08ac
1156,I_045_085_13,exact,75,75.0,explicit_score,f369cb89fc627e668987007d121ed1eacdc01db9e28f8bb26f358b7d8c4f08ac
1157,I_025_937_14,exact,75,75.0,explicit_score,f369cb89fc627e668987007d121ed1eacdc01db9e28f8bb26f358b7d8c4f08ac
1158,I_223_94_13,exact,50,50.0,explicit_score,1a6562590ef19d1045d06c4055742d38288e9e6dcd71ccde5cee80f1d5a774eb
1159,D_019_17,exact,85,85.0,explicit_score,b4944c6ff08dc6f43da2e9c824669b7d927dd1fa976fadc7b456881f51bf5ccc
1160,I_163_223_13,exact,60,60.0,explicit_score,39fa9ec190eee7b6f4dff1100d6343e10918d044c75eac8f9e9a2596173f80c9
1161,D_198_170,exact,85,85.0,explicit_score,b4944c6ff08dc6f43da2e9c824669b7d927dd1fa976fadc7b456881f51bf5ccc
1162,G_032_14_2606,exact,85,85.0,explicit_score,b4944c6ff08dc6f43da2e9c824669b7d927dd1fa976fadc7b456881f51bf5ccc
1163,I_001_925_13,exact,85,85.0,explicit_score,b4944c6ff08dc6f43da2e9c824669b7d927dd1fa976fadc7b456881f51bf5ccc
1164,I_232_67_14,exact,85,85.0,explicit_score,b4944c6ff08dc6f43da2e9c824669b7d927dd1fa976fadc7b456881f51bf5ccc
1165,G_43_14_14369,exact,75,75.0,explicit_score,f369cb89fc627e668987007d121ed1eacdc01db9e28f8bb26f358b7d8c4f08ac
1166,I_11_27_14,exact,85,85.0,explicit_score,b4944c6ff08dc6f43da2e9c824669b7d927dd1fa976fadc7b456881f51bf5ccc
1167,D_070_64,exact,85,85.0,explicit_score,b4944c6ff08dc6f43da2e9c824669b7d927dd1fa976fadc7b456881f51bf5ccc
1168,I_066_39_14,exact,85,85.0,explicit_score,b4944c6ff08dc6f43da2e9c824669b7d927dd1fa976fadc7b456881f51bf5ccc
1169,I_072_110_13,exact,75,75.0,explicit_score,f369cb89fc627e668987007d121ed1eacdc01db9e28f8bb26f358b7d8c4f08ac
1170,G_227_14_12505,exact,85,85.0,explicit_score,b4944c6ff08dc6f43da2e9c824669b7d927dd1fa976fadc7b456881f51bf5ccc
1171,G_257_14_13172,exact,75,75.0,explicit_score,f369cb89fc627e668987007d121ed1eacdc01db9e28f8bb26f358b7d8c4f08ac
1172,G_88_14_15356,exact,75,75.0,explicit_score,f369cb89fc627e668987007d121ed1eacdc01db9e28f8bb26f358b7d8c4f08ac
1173,I_226_64_14,exact,75,75.0,explicit_score,f369cb89fc627e668987007d121ed1eacdc01db9e28f8bb26f358b7d8c4f08ac
1174,I_022_108_14,exact,85,85.0,explicit_score,b4944c6ff08dc6f43da2e9c824669b7d927dd1fa976fadc7b456881f51bf5ccc
1175,D_108_98,exact,85,85.0,explicit_score,b4944c6ff08dc6f43da2e9c824669b7d927dd1fa976fadc7b456881f51bf5ccc
1176,G_078_13_6338,exact,85,85.0,explicit_score,b4944c6ff08dc6f43da2e9c824669b7d927dd1fa976fadc7b456881f51bf5ccc
1177,D_207_177,exact,85,85.0,explicit_score,b4944c6ff08dc6f43da2e9c824669b7d927dd1fa976fadc7b456881f51bf5ccc
1178,G_143_14_10537,exact,75,75.0,explicit_score,f369cb89fc627e668987007d121ed1eacdc01db9e28f8bb26f358b7d8c4f08ac
1179,I_067_25_13,exact,60,60.0,explicit_score,39fa9ec190eee7b6f4dff1100d6343e10918d044c75eac8f9e9a2596173f80c9
1180,I_071_929_14,exact,85,85.0,explicit_score,b4944c6ff08dc6f43da2e9c824669b7d927dd1fa976fadc7b456881f51bf5ccc
1181,I_11_258_14,exact,85,85.0,explicit_score,b4944c6ff08dc6f43da2e9c824669b7d927dd1fa976fadc7b456881f51bf5ccc
1182,I_218_44_14,exact,60,60.0,explicit_score,39fa9ec190eee7b6f4dff1100d6343e10918d044c75eac8f9e9a2596173f80c9
1183,G_152_14_10738,exact,85,85.0,explicit_score,b4944c6ff08dc6f43da2e9c824669b7d927dd1fa976fadc7b456881f51bf5ccc
1184,G_39_14_14212,exact,85,85.0,explicit_score,b4944c6ff08dc6f43da2e9c824669b7d927dd1fa976fadc7b456881f51bf5ccc
1185,I_142_172_13,exact,75,75.0,explicit_score,f369cb89fc627e668987007d121ed1eacdc01db9e28f8bb26f358b7d8c4f08ac
1186,I_025_919_14,exact,85,85.0,explicit_score,b4944c6ff08dc6f43da2e9c824669b7d927dd1fa976fadc7b456881f51bf5ccc
1187,D_115_104,exact,75,75.0,explicit_score,f369cb89fc627e668987007d121ed1eacdc01db9e28f8bb26f358b7d8c4f08ac
1188,G_243_13_12818,exact,85,85.0,explicit_score,b4944c6ff08dc6f43da2e9c824669b7d927dd1fa976fadc7b456881f51bf5ccc
1189,G_115_13_9822,exact,85,85.0,explicit_score,b4944c6ff08dc6f43da2e9c824669b7d927dd1fa976fadc7b456881f51bf5ccc
1190,G_014_14_1126,exact,85,85.0,explicit_score,b4944c6ff08dc6f43da2e9c824669b7d927dd1fa976fadc7b456881f51bf5ccc
1191,I_018_183_13,exact,65,65.0,explicit_score,108c995b953c8a35561103e2014cf828eb654a99e310f87fab94c2f4b7d2a04f
1192,I_049_105_14,exact,85,85.0,explicit_score,b4944c6ff08dc6f43da2e9c824669b7d927dd1fa976fadc7b456881f51bf5ccc
1193,I_097_156_13,exact,60,60.0,explicit_score,39fa9ec190eee7b6f4dff1100d6343e10918d044c75eac8f9e9a2596173f80c9
1194,I_063_21_13,exact,75,75.0,explicit_score,f369cb89fc627e668987007d121ed1eacdc01db9e28f8bb26f358b7d8c4f08ac
1195,G_921_14_16027,exact,85,85.0,explicit_score,b4944c6ff08dc6f43da2e9c824669b7d927dd1fa976fadc7b456881f51bf5ccc
1196,I_070_166_14,exact,85,85.0,explicit_score,b4944c6ff08dc6f43da2e9c824669b7d927dd1fa976fadc7b456881f51bf5ccc
1197,D_170_147,exact,85,85.0,explicit_score,b4944c6ff08dc6f43da2e9c824669b7d927dd1fa976fadc7b456881f51bf5ccc
1198,G_012_14_952,exact,85,85.0,explicit_score,b4944c6ff08dc6f43da2e9c824669b7d927dd1fa976fadc7b456881f51bf5ccc
1199,G_070_13_5796,exact,85,85.0,explicit_score,b4944c6ff08dc6f43da2e9c824669b7d927dd1fa976fadc7b456881f51bf5ccc
1200,G_022_13_1844,exact,75,75.0,explicit_score,f369cb89fc627e668987007d121ed1eacdc01db9e28f8bb26f358b7d8c4f08ac
1201,G_30_13_14015,exact,85,85.0,explicit_score,b4944c6ff08dc6f43da2e9c824669b7d927dd1fa976fadc7b456881f51bf5ccc
1202,I_021_225_14,exact,75,75.0,explicit_score,f369cb89fc627e668987007d121ed1eacdc01db9e28f8bb26f358b7d8c4f08ac
1203,D_921_313,exact,85,85.0,explicit_score,b4944c6ff08dc6f43da2e9c824669b7d927dd1fa976fadc7b456881f51bf5ccc
1204,I_043_919_13,exact,75,75.0,explicit_score,f369cb89fc627e668987007d121ed1eacdc01db9e28f8bb26f358b7d8c4f08ac
1205,I_091_921_13,exact,75,75.0,explicit_score,f369cb89fc627e668987007d121ed1eacdc01db9e28f8bb26f358b7d8c4f08ac
1206,D_112_103,exact,75,75.0,explicit_score,f369cb89fc627e668987007d121ed1eacdc01db9e28f8bb26f358b7d8c4f08ac
1207,D_92_312,exact,85,85.0,explicit_score,b4944c6ff08dc6f43da2e9c824669b7d927dd1fa976fadc7b456881f51bf5ccc
1208,I_008_156_14,exact,75,75.0,explicit_score,f369cb89fc627e668987007d121ed1eacdc01db9e28f8bb26f358b7d8c4f08ac
1209,I_062_246_14,exact,85,85.0,explicit_score,b4944c6ff08dc6f43da2e9c824669b7d927dd1fa976fadc7b456881f51bf5ccc
1210,D_203_174,exact,75,75.0,explicit_score,f369cb89fc627e668987007d121ed1eacdc01db9e28f8bb26f358b7d8c4f08ac
1211,I_173_54_14,exact,75,75.0,explicit_score,f369cb89fc627e668987007d121ed1eacdc01db9e28f8bb26f358b7d8c4f08ac
1212,I_155_99_14,exact,75,75.0,explicit_score,f369cb89fc627e668987007d121ed1eacdc01db9e28f8bb26f358b7d8c4f08ac
1213,G_926_13_16151,exact,75,75.0,explicit_score,f369cb89fc627e668987007d121ed1eacdc01db9e28f8bb26f358b7d8c4f08ac
1214,D_202_173,exact,85,85.0,explicit_score,b4944c6ff08dc6f43da2e9c824669b7d927dd1fa976fadc7b456881f51bf5ccc
1215,I_052_063_13,exact,75,75.0,explicit_score,f369cb89fc627e668987007d121ed1eacdc01db9e28f8bb26f358b7d8c4f08ac
1216,I_108_111_14,exact,75,75.0,explicit_score,f369cb89fc627e668987007d121ed1eacdc01db9e28f8bb26f358b7d8c4f08ac
1217,I_013_188_14,exact,60,60.0,explicit_score,39fa9ec190eee7b6f4dff1100d6343e10918d044c75eac8f9e9a2596173f80c9
1218,I_25_26_14,exact,75,75.0,explicit_score,f369cb89fc627e668987007d121ed1eacdc01db9e28f8bb26f358b7d8c4f08ac
1219,G_132_14_10331,exact,85,85.0,explicit_score,b4944c6ff08dc6f43da2e9c824669b7d927dd1fa976fadc7b456881f51bf5ccc
1220,I_35_46_14,exact,60,60.0,explicit_score,39fa9ec190eee7b6f4dff1100d6343e10918d044c75eac8f9e9a2596173f80c9
1221,G_185_14_11519,exact,75,75.0,explicit_score,f369cb89fc627e668987007d121ed1eacdc01db9e28f8bb26f358b7d8c4f08ac
1222,G_188_13_11539,exact,75,75.0,explicit_score,f369cb89fc627e668987007d121ed1eacdc01db9e28f8bb26f358b7d8c4f08ac
1223,G_285_13_13720,exact,75,75.0,explicit_score,f369cb89fc627e668987007d121ed1eacdc01db9e28f8bb26f358b7d8c4f08ac
1224,I_12_218_13,exact,75,75.0,explicit_score,f369cb89fc627e668987007d121ed1eacdc01db9e28f8bb26f358b7d8c4f08ac
1225,G_082_13_6663,exact,85,85.0,explicit_score,b4944c6ff08dc6f43da2e9c824669b7d927dd1fa976fadc7b456881f51bf5ccc
1226,G_914_14_15836,exact,75,75.0,explicit_score,f369cb89fc627e668987007d121ed1eacdc01db9e28f8bb26f358b7d8c4f08ac
1227,I_035_903_13,exact,85,85.0,explicit_score,b4944c6ff08dc6f43da2e9c824669b7d927dd1fa976fadc7b456881f51bf5ccc
1228,I_049_090_14,exact,85,85.0,explicit_score,b4944c6ff08dc6f43da2e9c824669b7d927dd1fa976fadc7b456881f51bf5ccc
1229,I_038_39_13,exact,65,65.0,explicit_score,108c995b953c8a35561103e2014cf828eb654a99e310f87fab94c2f4b7d2a04f
1230,I_091_914_13,exact,75,75.0,explicit_score,f369cb89fc627e668987007d121ed1eacdc01db9e28f8bb26f358b7d8c4f08ac
1231,I_107_156_14,exact,75,75.0,explicit_score,f369cb89fc627e668987007d121ed1eacdc01db9e28f8bb26f358b7d8c4f08ac
1232,I_261_76_13,exact,75,75.0,explicit_score,f369cb89fc627e668987007d121ed1eacdc01db9e28f8bb26f358b7d8c4f08ac
1233,D_197_169,exact,75,75.0,explicit_score,f369cb89fc627e668987007d121ed1eacdc01db9e28f8bb26f358b7d8c4f08ac
1234,G_93_13_16604,exact,85,85.0,explicit_score,b4944c6ff08dc6f43da2e9c824669b7d927dd1fa976fadc7b456881f51bf5ccc
1235,D_093_85,exact,85,85.0,explicit_score,b4944c6ff08dc6f43da2e9c824669b7d927dd1fa976fadc7b456881f51bf5ccc
1236,G_059_13_4810,exact,85,85.0,explicit_score,b4944c6ff08dc6f43da2e9c824669b7d927dd1fa976fadc7b456881f51bf5ccc
1237,D_65_276,exact,50,50.0,explicit_score,1a6562590ef19d1045d06c4055742d38288e9e6dcd71ccde5cee80f1d5a774eb
1238,I_900_923_13,exact,85,85.0,explicit_score,b4944c6ff08dc6f43da2e9c824669b7d927dd1fa976fadc7b456881f51bf5ccc
1239,I_058_063_14,exact,75,75.0,explicit_score,f369cb89fc627e668987007d121ed1eacdc01db9e28f8bb26f358b7d8c4f08ac
1240,I_119_53_14,exact,75,75.0,explicit_score,f369cb89fc627e668987007d121ed1eacdc01db9e28f8bb26f358b7d8c4f08ac
1241,I_293_43_14,exact,75,75.0,explicit_score,f369cb89fc627e668987007d121ed1eacdc01db9e28f8bb26f358b7d8c4f08ac
1242,G_263_14_13348,exact,85,85.0,explicit_score,b4944c6ff08dc6f43da2e9c824669b7d927dd1fa976fadc7b456881f51bf5ccc
1243,I_074_084_14,exact,85,85.0,explicit_score,b4944c6ff08dc6f43da2e9c824669b7d927dd1fa976fadc7b456881f51bf5ccc
1244,I_105_47_13,exact,75,75.0,explicit_score,f369cb89fc627e668987007d121ed1eacdc01db9e28f8bb26f358b7d8c4f08ac
1245,I_284_291_13,exact,75,75.0,explicit_score,f369cb89fc627e668987007d121ed1eacdc01db9e28f8bb26f358b7d8c4f08ac
1246,D_082_74,exact,95,95.0,explicit_score,ad48ff99415b2f007dc35b7eb553fd1eb35ebfa2f2f308acd9488eeb86f71fa8
1247,I_164_924_13,exact,50,50.0,explicit_score,1a6562590ef19d1045d06c4055742d38288e9e6dcd71ccde5cee80f1d5a774eb
1248,I_059_223_13,exact,75,75.0,explicit_score,f369cb89fc627e668987007d121ed1eacdc01db9e28f8bb26f358b7d8c4f08ac
1249,I_086_136_13,exact,75,75.0,explicit_score,f369cb89fc627e668987007d121ed1eacdc01db9e28f8bb26f358b7d8c4f08ac
1250,G_35_14_14104,exact,85,85.0,explicit_score,b4944c6ff08dc6f43da2e9c824669b7d927dd1fa976fadc7b456881f51bf5ccc
1251,G_266_13_13356,exact,85,85.0,explicit_score,b4944c6ff08dc6f43da2e9c824669b7d927dd1fa976fadc7b456881f51bf5ccc
1252,I_064_253_13,exact,85,85.0,explicit_score,b4944c6ff08dc6f43da2e9c824669b7d927dd1fa976fadc7b456881f51bf5ccc
1253,I_185_48_14,exact,60,60.0,explicit_score,39fa9ec190eee7b6f4dff1100d6343e10918d044c75eac8f9e9a2596173f80c9
1254,I_177_259_13,exact,60,60.0,explicit_score,39fa9ec190eee7b6f4dff1100d6343e10918d044c75eac8f9e9a2596173f80c9
1255,G_225_13_12433,exact,85,85.0,explicit_score,b4944c6ff08dc6f43da2e9c824669b7d927dd1fa976fadc7b456881f51bf5ccc
1256,I_006_248_14,exact,85,85.0,explicit_score,b4944c6ff08dc6f43da2e9c824669b7d927dd1fa976fadc7b456881f51bf5ccc
1257,G_115_14_9833,exact,85,85.0,explicit_score,b4944c6ff08dc6f43da2e9c824669b7d927dd1fa976fadc7b456881f51bf5ccc
1258,D_78_285,exact,60,60.0,explicit_score,39fa9ec190eee7b6f4dff1100d6343e10918d044c75eac8f9e9a2596173f80c9
1259,G_118_14_9912,exact,95,95.0,explicit_score,ad48ff99415b2f007dc35b7eb553fd1eb35ebfa2f2f308acd9488eeb86f71fa8
1260,I_49_937_13,exact,85,85.0,explicit_score,b4944c6ff08dc6f43da2e9c824669b7d927dd1fa976fadc7b456881f51bf5ccc
1261,D_130_119,exact,75,75.0,explicit_score,f369cb89fc627e668987007d121ed1eacdc01db9e28f8bb26f358b7d8c4f08ac
1262,D_081_73,exact,75,75.0,explicit_score,f369cb89fc627e668987007d121ed1eacdc01db9e28f8bb26f358b7d8c4f08ac
1263,G_92_14_16289,exact,85,85.0,explicit_score,b4944c6ff08dc6f43da2e9c824669b7d927dd1fa976fadc7b456881f51bf5ccc
1264,G_020_14_1689,exact,85,85.0,explicit_score,b4944c6ff08dc6f43da2e9c824669b7d927dd1fa976fadc7b456881f51bf5ccc
1265,G_935_14_16473,exact,75,75.0,explicit_score,f369cb89fc627e668987007d121ed1eacdc01db9e28f8bb26f358b7d8c4f08ac
1266,G_54_13_14656,exact,75,75.0,explicit_score,f369cb89fc627e668987007d121ed1eacdc01db9e28f8bb26f358b7d8c4f08ac
1267,D_026_24,exact,85,85.0,explicit_score,b4944c6ff08dc6f43da2e9c824669b7d927dd1fa976fadc7b456881f51bf5ccc
1268,I_024_207_14,exact,75,75.0,explicit_score,f369cb89fc627e668987007d121ed1eacdc01db9e28f8bb26f358b7d8c4f08ac
1269,I_055_90_14,exact,85,85.0,explicit_score,b4944c6ff08dc6f43da2e9c824669b7d927dd1fa976fadc7b456881f51bf5ccc
1270,I_129_218_13,exact,75,75.0,explicit_score,f369cb89fc627e668987007d121ed1eacdc01db9e28f8bb26f358b7d8c4f08ac
1271,D_194_167,exact,85,85.0,explicit_score,b4944c6ff08dc6f43da2e9c824669b7d927dd1fa976fadc7b456881f51bf5ccc
1272,G_149_13_10676,exact,85,85.0,explicit_score,b4944c6ff08dc6f43da2e9c824669b7d927dd1fa976fadc7b456881f51bf5ccc
1273,I_059_086_14,exact,2,2.0,explicit_score,d4735e3a265e16eee03f59718b9b5d03019c07d8b6c51f90da3a666eec13ab35
1274,I_111_903_13,exact,85,85.0,explicit_score,b4944c6ff08dc6f43da2e9c824669b7d927dd1fa976fadc7b456881f51bf5ccc
1275,I_107_293_14,exact,75,75.0,explicit_score,f369cb89fc627e668987007d121ed1eacdc01db9e28f8bb26f358b7d8c4f08ac
1276,D_266_224,exact,75,75.0,explicit_score,f369cb89fc627e668987007d121ed1eacdc01db9e28f8bb26f358b7d8c4f08ac
1277,D_913_305,exact,75,75.0,explicit_score,f369cb89fc627e668987007d121ed1eacdc01db9e28f8bb26f358b7d8c4f08ac
1278,G_50_13_14568,exact,85,85.0,explicit_score,b4944c6ff08dc6f43da2e9c824669b7d927dd1fa976fadc7b456881f51bf5ccc
1279,I_178_93_14,exact,65,65.0,explicit_score,108c995b953c8a35561103e2014cf828eb654a99e310f87fab94c2f4b7d2a04f
1280,I_062_47_13,exact,75,75.0,explicit_score,f369cb89fc627e668987007d121ed1eacdc01db9e28f8bb26f358b7d8c4f08ac
1281,G_089_14_7363,exact,85,85.0,explicit_score,b4944c6ff08dc6f43da2e9c824669b7d927dd1fa976fadc7b456881f51bf5ccc
1282,I_056_169_13,exact,85,85.0,explicit_score,b4944c6ff08dc6f43da2e9c824669b7d927dd1fa976fadc7b456881f51bf5ccc
1283,D_27_227,exact,85,85.0,explicit_score,b4944c6ff08dc6f43da2e9c824669b7d927dd1fa976fadc7b456881f51bf5ccc
1284,I_157_909_13,exact,75,75.0,explicit_score,f369cb89fc627e668987007d121ed1eacdc01db9e28f8bb26f358b7d8c4f08ac
1285,I_27_50_14,exact,60,60.0,explicit_score,39fa9ec190eee7b6f4dff1100d6343e10918d044c75eac8f9e9a2596173f80c9
1286,G_46_14_14433,exact,75,75.0,explicit_score,f369cb89fc627e668987007d121ed1eacdc01db9e28f8bb26f358b7d8c4f08ac
1287,G_939_13_16572,exact,85,85.0,explicit_score,b4944c6ff08dc6f43da2e9c824669b7d927dd1fa976fadc7b456881f51bf5ccc
1288,I_222_3_13,exact,75,75.0,explicit_score,f369cb89fc627e668987007d121ed1eacdc01db9e28f8bb26f358b7d8c4f08ac
1289,D_223_190,exact,20,20.0,explicit_score,f5ca38f748a1d6eaf726b8a42fb575c3c71f1864a8143301782de13da2d9202b
1290,G_138_14_10451,exact,85,85.0,explicit_score,b4944c6ff08dc6f43da2e9c824669b7d927dd1fa976fadc7b456881f51bf5ccc
1291,G_170_13_11116,exact,85,85.0,explicit_score,b4944c6ff08dc6f43da2e9c824669b7d927dd1fa976fadc7b456881f51bf5ccc
1292,D_171_148,exact,85,85.0,explicit_score,b4944c6ff08dc6f43da2e9c824669b7d927dd1fa976fadc7b456881f51bf5ccc
1293,I_145_192_13,exact,85,85.0,explicit_score,b4944c6ff08dc6f43da2e9c824669b7d927dd1fa976fadc7b456881f51bf5ccc
1294,G_068_14_5644,exact,85,85.0,explicit_score,b4944c6ff08dc6f43da2e9c824669b7d927dd1fa976fadc7b456881f51bf5ccc
1295,G_232_14_12663,exact,85,85.0,explicit_score,b4944c6ff08dc6f43da2e9c824669b7d927dd1fa976fadc7b456881f51bf5ccc
1296,D_909_301,exact,75,75.0,explicit_score,f369cb89fc627e668987007d121ed1eacdc01db9e28f8bb26f358b7d8c4f08ac
1297,G_68_14_15064,exact,85,85.0,explicit_score,b4944c6ff08dc6f43da2e9c824669b7d927dd1fa976fadc7b456881f51bf5ccc
1298,I_156_904_13,exact,75,75.0,explicit_score,f369cb89fc627e668987007d121ed1eacdc01db9e28f8bb26f358b7d8c4f08ac
1299,I_200_269_14,exact,65,65.0,explicit_score,108c995b953c8a35561103e2014cf828eb654a99e310f87fab94c2f4b7d2a04f
1300,D_288_237,exact,85,85.0,explicit_score,b4944c6ff08dc6f43da2e9c824669b7d927dd1fa976fadc7b456881f51bf5ccc
1301,D_204_175,exact,75,75.0,explicit_score,f369cb89fc627e668987007d121ed1eacdc01db9e28f8bb26f358b7d8c4f08ac
1302,G_065_14_5397,exact,85,85.0,explicit_score,b4944c6ff08dc6f43da2e9c824669b7d927dd1fa976fadc7b456881f51bf5ccc
1303,I_116_46_14,exact,65,65.0,explicit_score,108c995b953c8a35561103e2014cf828eb654a99e310f87fab94c2f4b7d2a04f
1304,D_100_91,exact,75,75.0,explicit_score,f369cb89fc627e668987007d121ed1eacdc01db9e28f8bb26f358b7d8c4f08ac
1305,G_039_13_3079,exact,85,85.0,explicit_score,b4944c6ff08dc6f43da2e9c824669b7d927dd1fa976fadc7b456881f51bf5ccc
1306,G_901_14_15419,exact,75,75.0,explicit_score,f369cb89fc627e668987007d121ed1eacdc01db9e28f8bb26f358b7d8c4f08ac
1307,I_019_177_13,exact,75,75.0,explicit_score,f369cb89fc627e668987007d121ed1eacdc01db9e28f8bb26f358b7d8c4f08ac
1308,I_051_053_14,exact,85,85.0,explicit_score,b4944c6ff08dc6f43da2e9c824669b7d927dd1fa976fadc7b456881f51bf5ccc
1309,I_903_97_14,exact,75,75.0,explicit_score,f369cb89fc627e668987007d121ed1eacdc01db9e28f8bb26f358b7d8c4f08ac
1310,G_261_14_13315,exact,75,75.0,explicit_score,f369cb89fc627e668987007d121ed1eacdc01db9e28f8bb26f358b7d8c4f08ac
1311,G_288_14_13773,exact,85,85.0,explicit_score,b4944c6ff08dc6f43da2e9c824669b7d927dd1fa976fadc7b456881f51bf5ccc
1312,G_172_14_11202,exact,85,85.0,explicit_score,b4944c6ff08dc6f43da2e9c824669b7d927dd1fa976fadc7b456881f51bf5ccc
1313,G_203_13_11916,exact,85,85.0,explicit_score,b4944c6ff08dc6f43da2e9c824669b7d927dd1fa976fadc7b456881f51bf5ccc
1314,I_065_077_14,exact,85,85.0,explicit_score,b4944c6ff08dc6f43da2e9c824669b7d927dd1fa976fadc7b456881f51bf5ccc
1315,D_21_179,exact,75,75.0,explicit_score,f369cb89fc627e668987007d121ed1eacdc01db9e28f8bb26f358b7d8c4f08ac
1316,G_49_14_14511,exact,85,85.0,explicit_score,b4944c6ff08dc6f43da2e9c824669b7d927dd1fa976fadc7b456881f51bf5ccc
1317,G_105_14_8786,exact,95,95.0,explicit_score,ad48ff99415b2f007dc35b7eb553fd1eb35ebfa2f2f308acd9488eeb86f71fa8
1318,I_249_924_13,exact,60,60.0,explicit_score,39fa9ec190eee7b6f4dff1100d6343e10918d044c75eac8f9e9a2596173f80c9
1319,G_019_13_1552,exact,85,85.0,explicit_score,b4944c6ff08dc6f43da2e9c824669b7d927dd1fa976fadc7b456881f51bf5ccc
1320,I_266_938_14,exact,75,75.0,explicit_score,f369cb89fc627e668987007d121ed1eacdc01db9e28f8bb26f358b7d8c4f08ac
1321,I_039_254_14,exact,75,75.0,explicit_score,f369cb89fc627e668987007d121ed1eacdc01db9e28f8bb26f358b7d8c4f08ac
1322,I_047_124_13,exact,65,65.0,explicit_score,108c995b953c8a35561103e2014cf828eb654a99e310f87fab94c2f4b7d2a04f
1323,D_141_126,exact,75,75.0,explicit_score,f369cb89fc627e668987007d121ed1eacdc01db9e28f8bb26f358b7d8c4f08ac
1324,I_080_22_13,exact,85,85.0,explicit_score,b4944c6ff08dc6f43da2e9c824669b7d927dd1fa976fadc7b456881f51bf5ccc
1325,G_146_13_10606,exact,85,85.0,explicit_score,b4944c6ff08dc6f43da2e9c824669b7d927dd1fa976fadc7b456881f51bf5ccc
1326,I_192_82_13,exact,65,65.0,explicit_score,108c995b953c8a35561103e2014cf828eb654a99e310f87fab94c2f4b7d2a04f
1327,G_047_13_3698,exact,75,75.0,explicit_score,f369cb89fc627e668987007d121ed1eacdc01db9e28f8bb26f358b7d8c4f08ac
1328,G_237_13_12701,exact,85,85.0,explicit_score,b4944c6ff08dc6f43da2e9c824669b7d927dd1fa976fadc7b456881f51bf5ccc
1329,I_056_90_13,exact,75,75.0,explicit_score,f369cb89fc627e668987007d121ed1eacdc01db9e28f8bb26f358b7d8c4f08ac
1330,D_013_11,exact,60,60.0,explicit_score,39fa9ec190eee7b6f4dff1100d6343e10918d044c75eac8f9e9a2596173f80c9
1331,G_253_14_13071,exact,75,75.0,explicit_score,f369cb89fc627e668987007d121ed1eacdc01db9e28f8bb26f358b7d8c4f08ac
1332,D_216_184,exact,60,60.0,explicit_score,39fa9ec190eee7b6f4dff1100d6343e10918d044c75eac8f9e9a2596173f80c9
1333,G_25_14_13257,exact,85,85.0,explicit_score,b4944c6ff08dc6f43da2e9c824669b7d927dd1fa976fadc7b456881f51bf5ccc
1334,I_117_242_14,exact,50,50.0,explicit_score,1a6562590ef19d1045d06c4055742d38288e9e6dcd71ccde5cee80f1d5a774eb
1335,I_122_916_14,exact,85,85.0,explicit_score,b4944c6ff08dc6f43da2e9c824669b7d927dd1fa976fadc7b456881f51bf5ccc
1336,G_167_14_11044,exact,85,85.0,explicit_score,b4944c6ff08dc6f43da2e9c824669b7d927dd1fa976fadc7b456881f51bf5ccc
1337,I_903_926_14,exact,75,75.0,explicit_score,f369cb89fc627e668987007d121ed1eacdc01db9e28f8bb26f358b7d8c4f08ac
1338,G_292_13_13905,exact,85,85.0,explicit_score,b4944c6ff08dc6f43da2e9c824669b7d927dd1fa976fadc7b456881f51bf5ccc
1339,D_078_70,exact,75,75.0,explicit_score,f369cb89fc627e668987007d121ed1eacdc01db9e28f8bb26f358b7d8c4f08ac
1340,I_285_59_13,exact,50,50.0,explicit_score,1a6562590ef19d1045d06c4055742d38288e9e6dcd71ccde5cee80f1d5a774eb
1341,I_258_92_14,exact,20,20.0,explicit_score,f5ca38f748a1d6eaf726b8a42fb575c3c71f1864a8143301782de13da2d9202b
1342,G_093_13_7686,exact,85,85.0,explicit_score,b4944c6ff08dc6f43da2e9c824669b7d927dd1fa976fadc7b456881f51bf5ccc
1343,D_289_238,exact,85,85.0,explicit_score,b4944c6ff08dc6f43da2e9c824669b7d927dd1fa976fadc7b456881f51bf5ccc
1344,G_245_13_12866,exact,75,75.0,explicit_score,f369cb89fc627e668987007d121ed1eacdc01db9e28f8bb26f358b7d8c4f08ac
1345,G_21_14_12294,exact,85,85.0,explicit_score,b4944c6ff08dc6f43da2e9c824669b7d927dd1fa976fadc7b456881f51bf5ccc
1346,G_95_14_16683,exact,75,75.0,explicit_score,f369cb89fc627e668987007d121ed1eacdc01db9e28f8bb26f358b7d8c4f08ac
1347,D_72_282,exact,75,75.0,explicit_score,f369cb89fc627e668987007d121ed1eacdc01db9e28f8bb26f358b7d8c4f08ac
1348,G_57_13_14711,exact,85,85.0,explicit_score,b4944c6ff08dc6f43da2e9c824669b7d927dd1fa976fadc7b456881f51bf5ccc
1349,I_031_59_13,exact,85,85.0,explicit_score,b4944c6ff08dc6f43da2e9c824669b7d927dd1fa976fadc7b456881f51bf5ccc
1350,I_048_072_14,exact,75,75.0,explicit_score,f369cb89fc627e668987007d121ed1eacdc01db9e28f8bb26f358b7d8c4f08ac
1351,D_007_5,exact,85,85.0,explicit_score,b4944c6ff08dc6f43da2e9c824669b7d927dd1fa976fadc7b456881f51bf5ccc
1352,I_189_249_14,exact,75,75.0,explicit_score,f369cb89fc627e668987007d121ed1eacdc01db9e28f8bb26f358b7d8c4f08ac
1353,D_069_63,exact,85,85.0,explicit_score,b4944c6ff08dc6f43da2e9c824669b7d927dd1fa976fadc7b456881f51bf5ccc
1354,G_224_14_12412,exact,85,85.0,explicit_score,b4944c6ff08dc6f43da2e9c824669b7d927dd1fa976fadc7b456881f51bf5ccc
1355,D_184_160,exact,75,75.0,explicit_score,f369cb89fc627e668987007d121ed1eacdc01db9e28f8bb26f358b7d8c4f08ac
1356,I_138_204_13,exact,75,75.0,explicit_score,f369cb89fc627e668987007d121ed1eacdc01db9e28f8bb26f358b7d8c4f08ac
1357,I_932_937_13,exact,60,60.0,explicit_score,39fa9ec190eee7b6f4dff1100d6343e10918d044c75eac8f9e9a2596173f80c9
1358,I_088_61_13,exact,60,60.0,explicit_score,39fa9ec190eee7b6f4dff1100d6343e10918d044c75eac8f9e9a2596173f80c9
1359,G_108_14_9115,exact,75,75.0,explicit_score,f369cb89fc627e668987007d121ed1eacdc01db9e28f8bb26f358b7d8c4f08ac
1360,G_058_14_4767,exact,85,85.0,explicit_score,b4944c6ff08dc6f43da2e9c824669b7d927dd1fa976fadc7b456881f51bf5ccc
1361,I_057_082_13,exact,75,75.0,explicit_score,f369cb89fc627e668987007d121ed1eacdc01db9e28f8bb26f358b7d8c4f08ac
1362,I_065_53_14,exact,75,75.0,explicit_score,f369cb89fc627e668987007d121ed1eacdc01db9e28f8bb26f358b7d8c4f08ac
1363,G_217_13_12223,exact,85,85.0,explicit_score,b4944c6ff08dc6f43da2e9c824669b7d927dd1fa976fadc7b456881f51bf5ccc
1364,I_146_27_14,exact,75,75.0,explicit_score,f369cb89fc627e668987007d121ed1eacdc01db9e28f8bb26f358b7d8c4f08ac
1365,G_169_14_11081,exact,85,85.0,explicit_score,b4944c6ff08dc6f43da2e9c824669b7d927dd1fa976fadc7b456881f51bf5ccc
1366,I_049_279_14,exact,75,75.0,explicit_score,f369cb89fc627e668987007d121ed1eacdc01db9e28f8bb26f358b7d8c4f08ac
1367,D_145_130,exact,75,75.0,explicit_score,f369cb89fc627e668987007d121ed1eacdc01db9e28f8bb26f358b7d8c4f08ac
1368,G_293_13_13930,exact,75,75.0,explicit_score,f369cb89fc627e668987007d121ed1eacdc01db9e28f8bb26f358b7d8c4f08ac
1369,G_003_14_145,exact,85,85.0,explicit_score,b4944c6ff08dc6f43da2e9c824669b7d927dd1fa976fadc7b456881f51bf5ccc
1370,G_269_14_13431,exact,75,75.0,explicit_score,f369cb89fc627e668987007d121ed1eacdc01db9e28f8bb26f358b7d8c4f08ac
1371,G_252_14_13054,exact,85,85.0,explicit_score,b4944c6ff08dc6f43da2e9c824669b7d927dd1fa976fadc7b456881f51bf5ccc
1372,G_183_13_11447,exact,85,85.0,explicit_score,b4944c6ff08dc6f43da2e9c824669b7d927dd1fa976fadc7b456881f51bf5ccc
1373,I_226_271_14,exact,75,75.0,explicit_score,f369cb89fc627e668987007d121ed1eacdc01db9e28f8bb26f358b7d8c4f08ac
1374,I_012_908_13,exact,65,65.0,explicit_score,108c995b953c8a35561103e2014cf828eb654a99e310f87fab94c2f4b7d2a04f
1375,G_233_13_12665,exact,20,20.0,explicit_score,f5ca38f748a1d6eaf726b8a42fb575c3c71f1864a8143301782de13da2d9202b
1376,G_138_13_10431,exact,95,95.0,explicit_score,ad48ff99415b2f007dc35b7eb553fd1eb35ebfa2f2f308acd9488eeb86f71fa8
1377,D_912_304,exact,75,75.0,explicit_score,f369cb89fc627e668987007d121ed1eacdc01db9e28f8bb26f358b7d8c4f08ac
1378,G_180_13_11355,exact,60,60.0,explicit_score,39fa9ec190eee7b6f4dff1100d6343e10918d044c75eac8f9e9a2596173f80c9
1379,G_24_13_13009,exact,85,85.0,explicit_score,b4944c6ff08dc6f43da2e9c824669b7d927dd1fa976fadc7b456881f51bf5ccc
1380,G_090_13_7401,exact,65,65.0,explicit_score,108c995b953c8a35561103e2014cf828eb654a99e310f87fab94c2f4b7d2a04f
1381,I_038_102_13,exact,75,75.0,explicit_score,f369cb89fc627e668987007d121ed1eacdc01db9e28f8bb26f358b7d8c4f08ac
1382,I_005_933_13,exact,75,75.0,explicit_score,f369cb89fc627e668987007d121ed1eacdc01db9e28f8bb26f358b7d8c4f08ac
1383,G_71_13_15098,exact,85,85.0,explicit_score,b4944c6ff08dc6f43da2e9c824669b7d927dd1fa976fadc7b456881f51bf5ccc
1384,I_284_78_14,exact,75,75.0,explicit_score,f369cb89fc627e668987007d121ed1eacdc01db9e28f8bb26f358b7d8c4f08ac
1385,D_44_258,exact,75,75.0,explicit_score,f369cb89fc627e668987007d121ed1eacdc01db9e28f8bb26f358b7d8c4f08ac
1386,G_222_14_12353,exact,85,85.0,explicit_score,b4944c6ff08dc6f43da2e9c824669b7d927dd1fa976fadc7b456881f51bf5ccc
1387,G_917_14_15931,exact,75,75.0,explicit_score,f369cb89fc627e668987007d121ed1eacdc01db9e28f8bb26f358b7d8c4f08ac
1388,I_159_925_13,exact,75,75.0,explicit_score,f369cb89fc627e668987007d121ed1eacdc01db9e28f8bb26f358b7d8c4f08ac
1389,G_163_14_10955,exact,85,85.0,explicit_score,b4944c6ff08dc6f43da2e9c824669b7d927dd1fa976fadc7b456881f51bf5ccc
1390,G_122_14_10048,exact,85,85.0,explicit_score,b4944c6ff08dc6f43da2e9c824669b7d927dd1fa976fadc7b456881f51bf5ccc
1391,G_228_14_12540,exact,85,85.0,explicit_score,b4944c6ff08dc6f43da2e9c824669b7d927dd1fa976fadc7b456881f51bf5ccc
1392,G_022_14_1882,exact,85,85.0,explicit_score,b4944c6ff08dc6f43da2e9c824669b7d927dd1fa976fadc7b456881f51bf5ccc
1393,G_124_14_10110,exact,75,75.0,explicit_score,f369cb89fc627e668987007d121ed1eacdc01db9e28f8bb26f358b7d8c4f08ac
1394,I_086_76_14,exact,85,85.0,explicit_score,b4944c6ff08dc6f43da2e9c824669b7d927dd1fa976fadc7b456881f51bf5ccc
1395,I_108_254_13,exact,85,85.0,explicit_score,b4944c6ff08dc6f43da2e9c824669b7d927dd1fa976fadc7b456881f51bf5ccc
1396,G_056_14_4559,exact,85,85.0,explicit_score,b4944c6ff08dc6f43da2e9c824669b7d927dd1fa976fadc7b456881f51bf5ccc
1397,I_085_12_14,exact,75,75.0,explicit_score,f369cb89fc627e668987007d121ed1eacdc01db9e28f8bb26f358b7d8c4f08ac
1398,D_212_180,exact,60,60.0,explicit_score,39fa9ec190eee7b6f4dff1100d6343e10918d044c75eac8f9e9a2596173f80c9
1399,G_145_13_10574,exact,85,85.0,explicit_score,b4944c6ff08dc6f43da2e9c824669b7d927dd1fa976fadc7b456881f51bf5ccc
1400,D_199_171,exact,75,75.0,explicit_score,f369cb89fc627e668987007d121ed1eacdc01db9e28f8bb26f358b7d8c4f08ac
1401,G_155_13_10754,exact,85,85.0,explicit_score,b4944c6ff08dc6f43da2e9c824669b7d927dd1fa976fadc7b456881f51bf5ccc
1402,D_16_140,exact,75,75.0,explicit_score,f369cb89fc627e668987007d121ed1eacdc01db9e28f8bb26f358b7d8c4f08ac
1403,I_001_213_13,exact,75,75.0,explicit_score,f369cb89fc627e668987007d121ed1eacdc01db9e28f8bb26f358b7d8c4f08ac
1404,G_16_13_11095,exact,85,85.0,explicit_score,b4944c6ff08dc6f43da2e9c824669b7d927dd1fa976fadc7b456881f51bf5ccc
1405,I_097_906_14,exact,85,85.0,explicit_score,b4944c6ff08dc6f43da2e9c824669b7d927dd1fa976fadc7b456881f51bf5ccc
1406,I_034_271_14,exact,85,85.0,explicit_score,b4944c6ff08dc6f43da2e9c824669b7d927dd1fa976fadc7b456881f51bf5ccc
1407,G_60_13_14797,exact,75,75.0,explicit_score,f369cb89fc627e668987007d121ed1eacdc01db9e28f8bb26f358b7d8c4f08ac
1408,G_158_13_10848,exact,85,85.0,explicit_score,b4944c6ff08dc6f43da2e9c824669b7d927dd1fa976fadc7b456881f51bf5ccc
1409,G_063_13_5135,exact,75,75.0,explicit_score,f369cb89fc627e668987007d121ed1eacdc01db9e28f8bb26f358b7d8c4f08ac
1410,I_017_098_14,exact,95,95.0,explicit_score,ad48ff99415b2f007dc35b7eb553fd1eb35ebfa2f2f308acd9488eeb86f71fa8
1411,I_172_207_13,exact,85,85.0,explicit_score,b4944c6ff08dc6f43da2e9c824669b7d927dd1fa976fadc7b456881f51bf5ccc
1412,G_256_13_13123,exact,85,85.0,explicit_score,b4944c6ff08dc6f43da2e9c824669b7d927dd1fa976fadc7b456881f51bf5ccc
1413,G_038_13_2992,exact,85,85.0,explicit_score,b4944c6ff08dc6f43da2e9c824669b7d927dd1fa976fadc7b456881f51bf5ccc
1414,G_054_14_4396,exact,75,75.0,explicit_score,f369cb89fc627e668987007d121ed1eacdc01db9e28f8bb26f358b7d8c4f08ac
1415,I_097_267_13,exact,85,85.0,explicit_score,b4944c6ff08dc6f43da2e9c824669b7d927dd1fa976fadc7b456881f51bf5ccc
1416,I_105_122_14,exact,60,60.0,explicit_score,39fa9ec190eee7b6f4dff1100d6343e10918d044c75eac8f9e9a2596173f80c9
1417,I_56_932_13,exact,60,60.0,explicit_score,39fa9ec190eee7b6f4dff1100d6343e10918d044c75eac8f9e9a2596173f80c9
1418,I_050_077_14,exact,75,75.0,explicit_score,f369cb89fc627e668987007d121ed1eacdc01db9e28f8bb26f358b7d8c4f08ac
1419,G_202_13_11893,exact,85,85.0,explicit_score,b4944c6ff08dc6f43da2e9c824669b7d927dd1fa976fadc7b456881f51bf5ccc
1420,I_019_225_14,exact,85,85.0,explicit_score,b4944c6ff08dc6f43da2e9c824669b7d927dd1fa976fadc7b456881f51bf5ccc
1421,I_93_933_14,exact,60,60.0,explicit_score,39fa9ec190eee7b6f4dff1100d6343e10918d044c75eac8f9e9a2596173f80c9
1422,I_254_30_14,exact,65,65.0,explicit_score,108c995b953c8a35561103e2014cf828eb654a99e310f87fab94c2f4b7d2a04f
1423,I_240_261_13,exact,60,60.0,explicit_score,39fa9ec190eee7b6f4dff1100d6343e10918d044c75eac8f9e9a2596173f80c9
1424,D_934_327,exact,85,85.0,explicit_score,b4944c6ff08dc6f43da2e9c824669b7d927dd1fa976fadc7b456881f51bf5ccc
1425,D_931_324,exact,75,75.0,explicit_score,f369cb89fc627e668987007d121ed1eacdc01db9e28f8bb26f358b7d8c4f08ac
1426,D_021_19,exact,75,75.0,explicit_score,f369cb89fc627e668987007d121ed1eacdc01db9e28f8bb26f358b7d8c4f08ac
1427,I_045_245_14,exact,85,85.0,explicit_score,b4944c6ff08dc6f43da2e9c824669b7d927dd1fa976fadc7b456881f51bf5ccc
1428,I_292_921_13,exact,60,60.0,explicit_score,39fa9ec190eee7b6f4dff1100d6343e10918d044c75eac8f9e9a2596173f80c9
1429,G_914_13_15826,exact,60,60.0,explicit_score,39fa9ec190eee7b6f4dff1100d6343e10918d044c75eac8f9e9a2596173f80c9
1430,I_148_28_13,exact,50,50.0,explicit_score,1a6562590ef19d1045d06c4055742d38288e9e6dcd71ccde5cee80f1d5a774eb
1431,D_270_228,exact,75,75.0,explicit_score,f369cb89fc627e668987007d121ed1eacdc01db9e28f8bb26f358b7d8c4f08ac
1432,G_050_13_3988,exact,85,85.0,explicit_score,b4944c6ff08dc6f43da2e9c824669b7d927dd1fa976fadc7b456881f51bf5ccc
1433,I_37_99_13,exact,75,75.0,explicit_score,f369cb89fc627e668987007d121ed1eacdc01db9e28f8bb26f358b7d8c4f08ac
1434,I_049_092_14,exact,60,60.0,explicit_score,39fa9ec190eee7b6f4dff1100d6343e10918d044c75eac8f9e9a2596173f80c9
1435,I_229_42_13,exact,75,75.0,explicit_score,f369cb89fc627e668987007d121ed1eacdc01db9e28f8bb26f358b7d8c4f08ac
1436,G_93_14_16621,exact,85,85.0,explicit_score,b4944c6ff08dc6f43da2e9c824669b7d927dd1fa976fadc7b456881f51bf5ccc
1437,G_922_13_16039,exact,85,85.0,explicit_score,b4944c6ff08dc6f43da2e9c824669b7d927dd1fa976fadc7b456881f51bf5ccc
1438,I_063_067_14,exact,85,85.0,explicit_score,b4944c6ff08dc6f43da2e9c824669b7d927dd1fa976fadc7b456881f51bf5ccc
1439,I_051_30_13,exact,75,75.0,explicit_score,f369cb89fc627e668987007d121ed1eacdc01db9e28f8bb26f358b7d8c4f08ac
1440,G_214_14_12141,exact,95,95.0,explicit_score,ad48ff99415b2f007dc35b7eb553fd1eb35ebfa2f2f308acd9488eeb86f71fa8
1441,G_88_13_15343,exact,85,85.0,explicit_score,b4944c6ff08dc6f43da2e9c824669b7d927dd1fa976fadc7b456881f51bf5ccc
1442,I_12_290_14,exact,20,20.0,explicit_score,f5ca38f748a1d6eaf726b8a42fb575c3c71f1864a8143301782de13da2d9202b
1443,I_202_260_14,exact,75,75.0,explicit_score,f369cb89fc627e668987007d121ed1eacdc01db9e28f8bb26f358b7d8c4f08ac
1444,I_200_39_14,exact,65,65.0,explicit_score,108c995b953c8a35561103e2014cf828eb654a99e310f87fab94c2f4b7d2a04f
1445,G_026_14_2217,exact,95,95.0,explicit_score,ad48ff99415b2f007dc35b7eb553fd1eb35ebfa2f2f308acd9488eeb86f71fa8
1446,G_25_13_13243,exact,85,85.0,explicit_score,b4944c6ff08dc6f43da2e9c824669b7d927dd1fa976fadc7b456881f51bf5ccc
1447,G_066_14_5446,exact,85,85.0,explicit_score,b4944c6ff08dc6f43da2e9c824669b7d927dd1fa976fadc7b456881f51bf5ccc
1448,G_29_14_14012,exact,85,85.0,explicit_score,b4944c6ff08dc6f43da2e9c824669b7d927dd1fa976fadc7b456881f51bf5ccc
1449,I_008_72_13,exact,75,75.0,explicit_score,f369cb89fc627e668987007d121ed1eacdc01db9e28f8bb26f358b7d8c4f08ac
1450,G_004_14_238,exact,85,85.0,explicit_score,b4944c6ff08dc6f43da2e9c824669b7d927dd1fa976fadc7b456881f51bf5ccc
1451,I_259_293_13,exact,75,75.0,explicit_score,f369cb89fc627e668987007d121ed1eacdc01db9e28f8bb26f358b7d8c4f08ac
1452,I_052_934_13,exact,85,85.0,explicit_score,b4944c6ff08dc6f43da2e9c824669b7d927dd1fa976fadc7b456881f51bf5ccc
1453,G_227_13_12489,exact,85,85.0,explicit_score,b4944c6ff08dc6f43da2e9c824669b7d927dd1fa976fadc7b456881f51bf5ccc
1454,D_901_293,exact,85,85.0,explicit_score,b4944c6ff08dc6f43da2e9c824669b7d927dd1fa976fadc7b456881f51bf5ccc
1455,I_189_206_14,exact,60,60.0,explicit_score,39fa9ec190eee7b6f4dff1100d6343e10918d044c75eac8f9e9a2596173f80c9
1456,I_180_902_14,exact,75,75.0,explicit_score,f369cb89fc627e668987007d121ed1eacdc01db9e28f8bb26f358b7d8c4f08ac
1457,G_102_14_8609,exact,85,85.0,explicit_score,b4944c6ff08dc6f43da2e9c824669b7d927dd1fa976fadc7b456881f51bf5ccc
1458,D_928_320,exact,75,75.0,explicit_score,f369cb89fc627e668987007d121ed1eacdc01db9e28f8bb26f358b7d8c4f08ac
1459,D_905_297,exact,85,85.0,explicit_score,b4944c6ff08dc6f43da2e9c824669b7d927dd1fa976fadc7b456881f51bf5ccc
1460,G_128_14_10205,exact,85,85.0,explicit_score,b4944c6ff08dc6f43da2e9c824669b7d927dd1fa976fadc7b456881f51bf5ccc
1461,G_35_13_14084,exact,85,85.0,explicit_score,b4944c6ff08dc6f43da2e9c824669b7d927dd1fa976fadc7b456881f51bf5ccc
1462,G_932_14_16378,exact,85,85.0,explicit_score,b4944c6ff08dc6f43da2e9c824669b7d927dd1fa976fadc7b456881f51bf5ccc
1463,I_013_158_13,exact,60,60.0,explicit_score,39fa9ec190eee7b6f4dff1100d6343e10918d044c75eac8f9e9a2596173f80c9
1464,G_135_13_10336,exact,85,85.0,explicit_score,b4944c6ff08dc6f43da2e9c824669b7d927dd1fa976fadc7b456881f51bf5ccc
1465,G_922_14_16053,exact,60,60.0,explicit_score,39fa9ec190eee7b6f4dff1100d6343e10918d044c75eac8f9e9a2596173f80c9
1466,G_097_14_7991,exact,75,75.0,explicit_score,f369cb89fc627e668987007d121ed1eacdc01db9e28f8bb26f358b7d8c4f08ac
1467,G_107_14_8965,exact,75,75.0,explicit_score,f369cb89fc627e668987007d121ed1eacdc01db9e28f8bb26f358b7d8c4f08ac
1468,D_253_214,exact,85,85.0,explicit_score,b4944c6ff08dc6f43da2e9c824669b7d927dd1fa976fadc7b456881f51bf5ccc
1469,G_906_13_15558,exact,85,85.0,explicit_score,b4944c6ff08dc6f43da2e9c824669b7d927dd1fa976fadc7b456881f51bf5ccc
1470,G_253_13_13056,exact,85,85.0,explicit_score,b4944c6ff08dc6f43da2e9c824669b7d927dd1fa976fadc7b456881f51bf5ccc
1471,G_267_13_13396,exact,75,75.0,explicit_score,f369cb89fc627e668987007d121ed1eacdc01db9e28f8bb26f358b7d8c4f08ac
1472,I_247_66_13,exact,85,85.0,explicit_score,b4944c6ff08dc6f43da2e9c824669b7d927dd1fa976fadc7b456881f51bf5ccc
1473,G_137_14_10421,exact,85,85.0,explicit_score,b4944c6ff08dc6f43da2e9c824669b7d927dd1fa976fadc7b456881f51bf5ccc
1474,D_217_185,exact,75,75.0,explicit_score,f369cb89fc627e668987007d121ed1eacdc01db9e28f8bb26f358b7d8c4f08ac
1475,I_070_169_13,exact,85,85.0,explicit_score,b4944c6ff08dc6f43da2e9c824669b7d927dd1fa976fadc7b456881f51bf5ccc
1476,G_40_13_14257,exact,75,75.0,explicit_score,f369cb89fc627e668987007d121ed1eacdc01db9e28f8bb26f358b7d8c4f08ac
1477,G_066_13_5430,exact,85,85.0,explicit_score,b4944c6ff08dc6f43da2e9c824669b7d927dd1fa976fadc7b456881f51bf5ccc
1478,G_121_13_10008,exact,85,85.0,explicit_score,b4944c6ff08dc6f43da2e9c824669b7d927dd1fa976fadc7b456881f51bf5ccc
1479,D_4_253,exact,85,85.0,explicit_score,b4944c6ff08dc6f43da2e9c824669b7d927dd1fa976fadc7b456881f51bf5ccc
1480,D_055_49,exact,75,75.0,explicit_score,f369cb89fc627e668987007d121ed1eacdc01db9e28f8bb26f358b7d8c4f08ac
1481,G_27_14_13581,exact,75,75.0,explicit_score,f369cb89fc627e668987007d121ed1eacdc01db9e28f8bb26f358b7d8c4f08ac
1482,I_180_299_13,exact,85,85.0,explicit_score,b4944c6ff08dc6f43da2e9c824669b7d927dd1fa976fadc7b456881f51bf5ccc
1483,D_31_247,exact,75,75.0,explicit_score,f369cb89fc627e668987007d121ed1eacdc01db9e28f8bb26f358b7d8c4f08ac
1484,I_181_903_13,exact,75,75.0,explicit_score,f369cb89fc627e668987007d121ed1eacdc01db9e28f8bb26f358b7d8c4f08ac
1485,I_178_936_13,exact,60,60.0,explicit_score,39fa9ec190eee7b6f4dff1100d6343e10918d044c75eac8f9e9a2596173f80c9
1486,G_125_14_10138,exact,75,75.0,explicit_score,f369cb89fc627e668987007d121ed1eacdc01db9e28f8bb26f358b7d8c4f08ac
1487,I_017_018_13,exact,75,75.0,explicit_score,f369cb89fc627e668987007d121ed1eacdc01db9e28f8bb26f358b7d8c4f08ac
1488,I_173_934_14,exact,85,85.0,explicit_score,b4944c6ff08dc6f43da2e9c824669b7d927dd1fa976fadc7b456881f51bf5ccc
1489,D_052_46,exact,75,75.0,explicit_score,f369cb89fc627e668987007d121ed1eacdc01db9e28f8bb26f358b7d8c4f08ac
1490,G_116_14_9857,exact,95,95.0,explicit_score,ad48ff99415b2f007dc35b7eb553fd1eb35ebfa2f2f308acd9488eeb86f71fa8
1491,D_67_278,exact,85,85.0,explicit_score,b4944c6ff08dc6f43da2e9c824669b7d927dd1fa976fadc7b456881f51bf5ccc
1492,G_908_14_15639,exact,85,85.0,explicit_score,b4944c6ff08dc6f43da2e9c824669b7d927dd1fa976fadc7b456881f51bf5ccc
1493,I_053_237_14,exact,75,75.0,explicit_score,f369cb89fc627e668987007d121ed1eacdc01db9e28f8bb26f358b7d8c4f08ac
1494,D_003_1,exact,85,85.0,explicit_score,b4944c6ff08dc6f43da2e9c824669b7d927dd1fa976fadc7b456881f51bf5ccc
1495,G_099_13_8136,exact,75,75.0,explicit_score,f369cb89fc627e668987007d121ed1eacdc01db9e28f8bb26f358b7d8c4f08ac
1496,I_152_25_14,exact,75,75.0,explicit_score,f369cb89fc627e668987007d121ed1eacdc01db9e28f8bb26f358b7d8c4f08ac
1497,G_11_14_9965,exact,85,85.0,explicit_score,b4944c6ff08dc6f43da2e9c824669b7d927dd1fa976fadc7b456881f51bf5ccc
1498,D_222_189,exact,85,85.0,explicit_score,b4944c6ff08dc6f43da2e9c824669b7d927dd1fa976fadc7b456881f51bf5ccc
1499,I_228_919_14,exact,85,85.0,explicit_score,b4944c6ff08dc6f43da2e9c824669b7d927dd1fa976fadc7b456881f51bf5ccc
1500,D_050_44,exact,75,75.0,explicit_score,f369cb89fc627e668987007d121ed1eacdc01db9e28f8bb26f358b7d8c4f08ac
1501,I_59_76_13,exact,75,75.0,explicit_score,f369cb89fc627e668987007d121ed1eacdc01db9e28f8bb26f358b7d8c4f08ac
1502,I_118_173_14,exact,75,75.0,explicit_score,f369cb89fc627e668987007d121ed1eacdc01db9e28f8bb26f358b7d8c4f08ac
1503,D_291_241,exact,75,75.0,explicit_score,f369cb89fc627e668987007d121ed1eacdc01db9e28f8bb26f358b7d8c4f08ac
1504,I_008_196_13,exact,75,75.0,explicit_score,f369cb89fc627e668987007d121ed1eacdc01db9e28f8bb26f358b7d8c4f08ac
1505,I_031_100_13,exact,50,50.0,explicit_score,1a6562590ef19d1045d06c4055742d38288e9e6dcd71ccde5cee80f1d5a774eb
1506,D_192_166,exact,85,85.0,explicit_score,b4944c6ff08dc6f43da2e9c824669b7d927dd1fa976fadc7b456881f51bf5ccc
1507,I_204_53_14,exact,75,75.0,explicit_score,f369cb89fc627e668987007d121ed1eacdc01db9e28f8bb26f358b7d8c4f08ac
1508,D_249_211,exact,75,75.0,explicit_score,f369cb89fc627e668987007d121ed1eacdc01db9e28f8bb26f358b7d8c4f08ac
1509,D_053_47,exact,85,85.0,explicit_score,b4944c6ff08dc6f43da2e9c824669b7d927dd1fa976fadc7b456881f51bf5ccc
1510,I_144_97_14,exact,75,75.0,explicit_score,f369cb89fc627e668987007d121ed1eacdc01db9e28f8bb26f358b7d8c4f08ac
1511,G_936_14_16508,exact,85,85.0,explicit_score,b4944c6ff08dc6f43da2e9c824669b7d927dd1fa976fadc7b456881f51bf5ccc
1512,D_077_69,exact,75,75.0,explicit_score,f369cb89fc627e668987007d121ed1eacdc01db9e28f8bb26f358b7d8c4f08ac
1513,G_259_13_13205,exact,75,75.0,explicit_score,f369cb89fc627e668987007d121ed1eacdc01db9e28f8bb26f358b7d8c4f08ac
1514,I_055_254_13,exact,85,85.0,explicit_score,b4944c6ff08dc6f43da2e9c824669b7d927dd1fa976fadc7b456881f51bf5ccc
1515,G_48_13_14474,exact,85,85.0,explicit_score,b4944c6ff08dc6f43da2e9c824669b7d927dd1fa976fadc7b456881f51bf5ccc
1516,I_100_167_14,exact,75,75.0,explicit_score,f369cb89fc627e668987007d121ed1eacdc01db9e28f8bb26f358b7d8c4f08ac
1517,I_220_937_13,exact,85,85.0,explicit_score,b4944c6ff08dc6f43da2e9c824669b7d927dd1fa976fadc7b456881f51bf5ccc
1518,G_288_13_13747,exact,85,85.0,explicit_score,b4944c6ff08dc6f43da2e9c824669b7d927dd1fa976fadc7b456881f51bf5ccc
1519,I_041_72_14,exact,75,75.0,explicit_score,f369cb89fc627e668987007d121ed1eacdc01db9e28f8bb26f358b7d8c4f08ac
1520,G_172_13_11173,exact,95,95.0,explicit_score,ad48ff99415b2f007dc35b7eb553fd1eb35ebfa2f2f308acd9488eeb86f71fa8
1521,I_077_109_14,exact,85,85.0,explicit_score,b4944c6ff08dc6f43da2e9c824669b7d927dd1fa976fadc7b456881f51bf5ccc
1522,I_159_241_14,exact,75,75.0,explicit_score,f369cb89fc627e668987007d121ed1eacdc01db9e28f8bb26f358b7d8c4f08ac
1523,D_925_317,exact,85,85.0,explicit_score,b4944c6ff08dc6f43da2e9c824669b7d927dd1fa976fadc7b456881f51bf5ccc
1524,G_918_14_15963,exact,85,85.0,explicit_score,b4944c6ff08dc6f43da2e9c824669b7d927dd1fa976fadc7b456881f51bf5ccc
1525,G_96_14_16711,exact,85,85.0,explicit_score,b4944c6ff08dc6f43da2e9c824669b7d927dd1fa976fadc7b456881f51bf5ccc
1526,I_041_39_14,exact,65,65.0,explicit_score,108c995b953c8a35561103e2014cf828eb654a99e310f87fab94c2f4b7d2a04f
1527,D_927_319,exact,85,85.0,explicit_score,b4944c6ff08dc6f43da2e9c824669b7d927dd1fa976fadc7b456881f51bf5ccc
1528,D_40_254,exact,75,75.0,explicit_score,f369cb89fc627e668987007d121ed1eacdc01db9e28f8bb26f358b7d8c4f08ac
1529,D_93_322,exact,85,85.0,explicit_score,b4944c6ff08dc6f43da2e9c824669b7d927dd1fa976fadc7b456881f51bf5ccc
1530,G_64_14_14938,exact,85,85.0,explicit_score,b4944c6ff08dc6f43da2e9c824669b7d927dd1fa976fadc7b456881f51bf5ccc
1531,I_148_216_14,exact,85,85.0,explicit_score,b4944c6ff08dc6f43da2e9c824669b7d927dd1fa976fadc7b456881f51bf5ccc
1532,I_098_56_14,exact,85,85.0,explicit_score,b4944c6ff08dc6f43da2e9c824669b7d927dd1fa976fadc7b456881f51bf5ccc
1533,G_037_13_2881,exact,75,75.0,explicit_score,f369cb89fc627e668987007d121ed1eacdc01db9e28f8bb26f358b7d8c4f08ac
1534,D_148_132,exact,85,85.0,explicit_score,b4944c6ff08dc6f43da2e9c824669b7d927dd1fa976fadc7b456881f51bf5ccc
1535,I_080_939_13,exact,75,75.0,explicit_score,f369cb89fc627e668987007d121ed1eacdc01db9e28f8bb26f358b7d8c4f08ac
1536,D_66_277,exact,85,85.0,explicit_score,b4944c6ff08dc6f43da2e9c824669b7d927dd1fa976fadc7b456881f51bf5ccc
1537,I_47_926_14,exact,75,75.0,explicit_score,f369cb89fc627e668987007d121ed1eacdc01db9e28f8bb26f358b7d8c4f08ac
1538,G_14_13_10704,exact,85,85.0,explicit_score,b4944c6ff08dc6f43da2e9c824669b7d927dd1fa976fadc7b456881f51bf5ccc
1539,I_033_905_13,exact,75,75.0,explicit_score,f369cb89fc627e668987007d121ed1eacdc01db9e28f8bb26f358b7d8c4f08ac
1540,G_931_13_16344,exact,85,85.0,explicit_score,b4944c6ff08dc6f43da2e9c824669b7d927dd1fa976fadc7b456881f51bf5ccc
1541,D_30_246,exact,85,85.0,explicit_score,b4944c6ff08dc6f43da2e9c824669b7d927dd1fa976fadc7b456881f51bf5ccc
1542,I_270_906_13,exact,75,75.0,explicit_score,f369cb89fc627e668987007d121ed1eacdc01db9e28f8bb26f358b7d8c4f08ac
1543,I_092_261_14,exact,85,85.0,explicit_score,b4944c6ff08dc6f43da2e9c824669b7d927dd1fa976fadc7b456881f51bf5ccc
1544,I_213_260_14,exact,85,85.0,explicit_score,b4944c6ff08dc6f43da2e9c824669b7d927dd1fa976fadc7b456881f51bf5ccc
1545,D_166_144,exact,85,85.0,explicit_score,b4944c6ff08dc6f43da2e9c824669b7d927dd1fa976fadc7b456881f51bf5ccc
1546,I_70_914_14,exact,75,75.0,explicit_score,f369cb89fc627e668987007d121ed1eacdc01db9e28f8bb26f358b7d8c4f08ac
1547,I_029_270_14,exact,20,20.0,explicit_score,f5ca38f748a1d6eaf726b8a42fb575c3c71f1864a8143301782de13da2d9202b
1548,G_61_14_14848,exact,85,85.0,explicit_score,b4944c6ff08dc6f43da2e9c824669b7d927dd1fa976fadc7b456881f51bf5ccc
1549,I_074_245_14,exact,75,75.0,explicit_score,f369cb89fc627e668987007d121ed1eacdc01db9e28f8bb26f358b7d8c4f08ac
1550,G_007_13_462,exact,85,85.0,explicit_score,b4944c6ff08dc6f43da2e9c824669b7d927dd1fa976fadc7b456881f51bf5ccc
1551,D_035_31,exact,75,75.0,explicit_score,f369cb89fc627e668987007d121ed1eacdc01db9e28f8bb26f358b7d8c4f08ac
1552,I_004_38_13,exact,60,60.0,explicit_score,39fa9ec190eee7b6f4dff1100d6343e10918d044c75eac8f9e9a2596173f80c9
1553,I_247_71_13,exact,75,75.0,explicit_score,f369cb89fc627e668987007d121ed1eacdc01db9e28f8bb26f358b7d8c4f08ac
1554,G_924_13_16092,exact,60,60.0,explicit_score,39fa9ec190eee7b6f4dff1100d6343e10918d044c75eac8f9e9a2596173f80c9
1555,G_66_14_14982,exact,85,85.0,explicit_score,b4944c6ff08dc6f43da2e9c824669b7d927dd1fa976fadc7b456881f51bf5ccc
1556,D_224_191,exact,75,75.0,explicit_score,f369cb89fc627e668987007d121ed1eacdc01db9e28f8bb26f358b7d8c4f08ac
1557,G_292_14_13914,exact,85,85.0,explicit_score,b4944c6ff08dc6f43da2e9c824669b7d927dd1fa976fadc7b456881f51bf5ccc
1558,I_58_922_13,exact,75,75.0,explicit_score,f369cb89fc627e668987007d121ed1eacdc01db9e28f8bb26f358b7d8c4f08ac
1559,I_032_30_13,exact,50,50.0,explicit_score,1a6562590ef19d1045d06c4055742d38288e9e6dcd71ccde5cee80f1d5a774eb
1560,I_132_96_13,exact,60,60.0,explicit_score,39fa9ec190eee7b6f4dff1100d6343e10918d044c75eac8f9e9a2596173f80c9
1561,G_924_14_16119,exact,75,75.0,explicit_score,f369cb89fc627e668987007d121ed1eacdc01db9e28f8bb26f358b7d8c4f08ac
1562,G_130_14_10294,exact,85,85.0,explicit_score,b4944c6ff08dc6f43da2e9c824669b7d927dd1fa976fadc7b456881f51bf5ccc
1563,G_062_14_5104,exact,85,85.0,explicit_score,b4944c6ff08dc6f43da2e9c824669b7d927dd1fa976fadc7b456881f51bf5ccc
1564,I_224_913_13,exact,75,75.0,explicit_score,f369cb89fc627e668987007d121ed1eacdc01db9e28f8bb26f358b7d8c4f08ac
1565,I_050_96_14,exact,75,75.0,explicit_score,f369cb89fc627e668987007d121ed1eacdc01db9e28f8bb26f358b7d8c4f08ac
1566,G_092_13_7566,exact,75,75.0,explicit_score,f369cb89fc627e668987007d121ed1eacdc01db9e28f8bb26f358b7d8c4f08ac
1567,D_932_325,exact,85,85.0,explicit_score,b4944c6ff08dc6f43da2e9c824669b7d927dd1fa976fadc7b456881f51bf5ccc
1568,G_97_13_16725,exact,75,75.0,explicit_score,f369cb89fc627e668987007d121ed1eacdc01db9e28f8bb26f358b7d8c4f08ac
1569,D_032_28,exact,75,75.0,explicit_score,f369cb89fc627e668987007d121ed1eacdc01db9e28f8bb26f358b7d8c4f08ac
1570,D_156_136,exact,75,75.0,explicit_score,f369cb89fc627e668987007d121ed1eacdc01db9e28f8bb26f358b7d8c4f08ac
1571,I_124_72_13,exact,85,85.0,explicit_score,b4944c6ff08dc6f43da2e9c824669b7d927dd1fa976fadc7b456881f51bf5ccc
1572,I_183_61_14,exact,50,50.0,explicit_score,1a6562590ef19d1045d06c4055742d38288e9e6dcd71ccde5cee80f1d5a774eb
1573,D_159_139,exact,75,75.0,explicit_score,f369cb89fc627e668987007d121ed1eacdc01db9e28f8bb26f358b7d8c4f08ac
1574,D_127_116,exact,75,75.0,explicit_score,f369cb89fc627e668987007d121ed1eacdc01db9e28f8bb26f358b7d8c4f08ac
1575,I_123_907_13,exact,75,75.0,explicit_score,f369cb89fc627e668987007d121ed1eacdc01db9e28f8bb26f358b7d8c4f08ac
1576,G_75_14_15178,exact,85,85.0,explicit_score,b4944c6ff08dc6f43da2e9c824669b7d927dd1fa976fadc7b456881f51bf5ccc
1577,G_032_13_2530,exact,65,65.0,explicit_score,108c995b953c8a35561103e2014cf828eb654a99e310f87fab94c2f4b7d2a04f
1578,G_001_14_74,exact,75,75.0,explicit_score,f369cb89fc627e668987007d121ed1eacdc01db9e28f8bb26f358b7d8c4f08ac
1579,G_94_13_16633,exact,75,75.0,explicit_score,f369cb89fc627e668987007d121ed1eacdc01db9e28f8bb26f358b7d8c4f08ac
1580,G_22_13_12587,exact,85,85.0,explicit_score,b4944c6ff08dc6f43da2e9c824669b7d927dd1fa976fadc7b456881f51bf5ccc
1581,I_121_923_14,exact,85,85.0,explicit_score,b4944c6ff08dc6f43da2e9c824669b7d927dd1fa976fadc7b456881f51bf5ccc
1582,I_087_093_14,exact,65,65.0,explicit_score,108c995b953c8a35561103e2014cf828eb654a99e310f87fab94c2f4b7d2a04f
1583,D_3_245,exact,85,85.0,explicit_score,b4944c6ff08dc6f43da2e9c824669b7d927dd1fa976fadc7b456881f51bf5ccc
1584,I_119_240_14,exact,75,75.0,explicit_score,f369cb89fc627e668987007d121ed1eacdc01db9e28f8bb26f358b7d8c4f08ac
1585,D_087_79,exact,75,75.0,explicit_score,f369cb89fc627e668987007d121ed1eacdc01db9e28f8bb26f358b7d8c4f08ac
1586,I_063_115_13,exact,75,75.0,explicit_score,f369cb89fc627e668987007d121ed1eacdc01db9e28f8bb26f358b7d8c4f08ac
1587,D_41_255,exact,75,75.0,explicit_score,f369cb89fc627e668987007d121ed1eacdc01db9e28f8bb26f358b7d8c4f08ac
1588,I_026_24_13,exact,85,85.0,explicit_score,b4944c6ff08dc6f43da2e9c824669b7d927dd1fa976fadc7b456881f51bf5ccc
1589,D_58_269,exact,75,75.0,explicit_score,f369cb89fc627e668987007d121ed1eacdc01db9e28f8bb26f358b7d8c4f08ac
1590,I_253_270_13,exact,75,75.0,explicit_score,f369cb89fc627e668987007d121ed1eacdc01db9e28f8bb26f358b7d8c4f08ac
1591,D_023_21,exact,85,85.0,explicit_score,b4944c6ff08dc6f43da2e9c824669b7d927dd1fa976fadc7b456881f51bf5ccc
1592,I_057_231_14,exact,85,85.0,explicit_score,b4944c6ff08dc6f43da2e9c824669b7d927dd1fa976fadc7b456881f51bf5ccc
1593,I_062_288_13,exact,75,75.0,explicit_score,f369cb89fc627e668987007d121ed1eacdc01db9e28f8bb26f358b7d8c4f08ac
1594,D_039_34,exact,85,85.0,explicit_score,b4944c6ff08dc6f43da2e9c824669b7d927dd1fa976fadc7b456881f51bf5ccc
1595,D_51_264,exact,60,60.0,explicit_score,39fa9ec190eee7b6f4dff1100d6343e10918d044c75eac8f9e9a2596173f80c9
1596,G_204_13_11952,exact,85,85.0,explicit_score,b4944c6ff08dc6f43da2e9c824669b7d927dd1fa976fadc7b456881f51bf5ccc
1597,I_259_289_14,exact,75,75.0,explicit_score,f369cb89fc627e668987007d121ed1eacdc01db9e28f8bb26f358b7d8c4f08ac
1598,I_020_75_13,exact,75,75.0,explicit_score,f369cb89fc627e668987007d121ed1eacdc01db9e28f8bb26f358b7d8c4f08ac
1599,G_077_14_6294,exact,85,85.0,explicit_score,b4944c6ff08dc6f43da2e9c824669b7d927dd1fa976fadc7b456881f51bf5ccc
1600,G_146_14_10629,exact,75,75.0,explicit_score,f369cb89fc627e668987007d121ed1eacdc01db9e28f8bb26f358b7d8c4f08ac
1601,I_53_97_13,exact,65,65.0,explicit_score,108c995b953c8a35561103e2014cf828eb654a99e310f87fab94c2f4b7d2a04f
1602,G_29_13_13997,exact,75,75.0,explicit_score,f369cb89fc627e668987007d121ed1eacdc01db9e28f8bb26f358b7d8c4f08ac
1603,G_075_14_6167,exact,85,85.0,explicit_score,b4944c6ff08dc6f43da2e9c824669b7d927dd1fa976fadc7b456881f51bf5ccc
1604,I_034_27_13,exact,75,75.0,explicit_score,f369cb89fc627e668987007d121ed1eacdc01db9e28f8bb26f358b7d8c4f08ac
1605,D_169_146,exact,75,75.0,explicit_score,f369cb89fc627e668987007d121ed1eacdc01db9e28f8bb26f358b7d8c4f08ac
1606,G_074_13_6044,exact,85,85.0,explicit_score,b4944c6ff08dc6f43da2e9c824669b7d927dd1fa976fadc7b456881f51bf5ccc
1607,D_175_152,exact,75,75.0,explicit_score,f369cb89fc627e668987007d121ed1eacdc01db9e28f8bb26f358b7d8c4f08ac
1608,I_164_907_13,exact,50,50.0,explicit_score,1a6562590ef19d1045d06c4055742d38288e9e6dcd71ccde5cee80f1d5a774eb
1609,I_257_913_13,exact,75,75.0,explicit_score,f369cb89fc627e668987007d121ed1eacdc01db9e28f8bb26f358b7d8c4f08ac
1610,G_015_13_1201,exact,75,75.0,explicit_score,f369cb89fc627e668987007d121ed1eacdc01db9e28f8bb26f358b7d8c4f08ac
1611,D_044_38,exact,75,75.0,explicit_score,f369cb89fc627e668987007d121ed1eacdc01db9e28f8bb26f358b7d8c4f08ac
1612,D_237_201,exact,85,85.0,explicit_score,b4944c6ff08dc6f43da2e9c824669b7d927dd1fa976fadc7b456881f51bf5ccc
1613,D_058_52,exact,85,85.0,explicit_score,b4944c6ff08dc6f43da2e9c824669b7d927dd1fa976fadc7b456881f51bf5ccc
1614,G_207_14_12022,exact,85,85.0,explicit_score,b4944c6ff08dc6f43da2e9c824669b7d927dd1fa976fadc7b456881f51bf5ccc
1615,I_117_917_14,exact,75,75.0,explicit_score,f369cb89fc627e668987007d121ed1eacdc01db9e28f8bb26f358b7d8c4f08ac
1616,G_107_13_8901,exact,75,75.0,explicit_score,f369cb89fc627e668987007d121ed1eacdc01db9e28f8bb26f358b7d8c4f08ac
1617,G_923_14_16082,exact,85,85.0,explicit_score,b4944c6ff08dc6f43da2e9c824669b7d927dd1fa976fadc7b456881f51bf5ccc
1618,D_137_123,exact,75,75.0,explicit_score,f369cb89fc627e668987007d121ed1eacdc01db9e28f8bb26f358b7d8c4f08ac
1619,G_158_14_10870,exact,85,85.0,explicit_score,b4944c6ff08dc6f43da2e9c824669b7d927dd1fa976fadc7b456881f51bf5ccc
1620,D_206_176,exact,60,60.0,explicit_score,39fa9ec190eee7b6f4dff1100d6343e10918d044c75eac8f9e9a2596173f80c9
1621,I_034_094_14,exact,85,85.0,explicit_score,b4944c6ff08dc6f43da2e9c824669b7d927dd1fa976fadc7b456881f51bf5ccc
1622,I_207_209_14,exact,85,85.0,explicit_score,b4944c6ff08dc6f43da2e9c824669b7d927dd1fa976fadc7b456881f51bf5ccc
1623,I_083_213_14,exact,75,75.0,explicit_score,f369cb89fc627e668987007d121ed1eacdc01db9e28f8bb26f358b7d8c4f08ac
1624,D_83_288,exact,85,85.0,explicit_score,b4944c6ff08dc6f43da2e9c824669b7d927dd1fa976fadc7b456881f51bf5ccc
1625,I_121_30_14,exact,75,75.0,explicit_score,f369cb89fc627e668987007d121ed1eacdc01db9e28f8bb26f358b7d8c4f08ac
1626,I_121_99_14,exact,75,75.0,explicit_score,f369cb89fc627e668987007d121ed1eacdc01db9e28f8bb26f358b7d8c4f08ac
1627,I_135_199_14,exact,85,85.0,explicit_score,b4944c6ff08dc6f43da2e9c824669b7d927dd1fa976fadc7b456881f51bf5ccc
1628,G_94_14_16646,exact,85,85.0,explicit_score,b4944c6ff08dc6f43da2e9c824669b7d927dd1fa976fadc7b456881f51bf5ccc
1629,I_038_75_13,exact,60,60.0,explicit_score,39fa9ec190eee7b6f4dff1100d6343e10918d044c75eac8f9e9a2596173f80c9
1630,G_54_14_14669,exact,50,50.0,explicit_score,1a6562590ef19d1045d06c4055742d38288e9e6dcd71ccde5cee80f1d5a774eb
1631,G_071_13_5893,exact,95,95.0,explicit_score,ad48ff99415b2f007dc35b7eb553fd1eb35ebfa2f2f308acd9488eeb86f71fa8
1632,G_230_14_12604,exact,85,85.0,explicit_score,b4944c6ff08dc6f43da2e9c824669b7d927dd1fa976fadc7b456881f51bf5ccc
1633,I_183_31_13,exact,60,60.0,explicit_score,39fa9ec190eee7b6f4dff1100d6343e10918d044c75eac8f9e9a2596173f80c9
1634,I_252_918_14,exact,75,75.0,explicit_score,f369cb89fc627e668987007d121ed1eacdc01db9e28f8bb26f358b7d8c4f08ac
1635,G_048_13_3781,exact,85,85.0,explicit_score,b4944c6ff08dc6f43da2e9c824669b7d927dd1fa976fadc7b456881f51bf5ccc
1636,G_215_13_12153,exact,75,75.0,explicit_score,f369cb89fc627e668987007d121ed1eacdc01db9e28f8bb26f358b7d8c4f08ac
1637,D_122_112,exact,75,75.0,explicit_score,f369cb89fc627e668987007d121ed1eacdc01db9e28f8bb26f358b7d8c4f08ac
1638,I_164_904_14,exact,85,85.0,explicit_score,b4944c6ff08dc6f43da2e9c824669b7d927dd1fa976fadc7b456881f51bf5ccc
1639,I_182_230_14,exact,75,75.0,explicit_score,f369cb89fc627e668987007d121ed1eacdc01db9e28f8bb26f358b7d8c4f08ac
1640,G_231_13_12619,exact,85,85.0,explicit_score,b4944c6ff08dc6f43da2e9c824669b7d927dd1fa976fadc7b456881f51bf5ccc
1641,G_060_13_4905,exact,85,85.0,explicit_score,b4944c6ff08dc6f43da2e9c824669b7d927dd1fa976fadc7b456881f51bf5ccc
1642,I_214_938_14,exact,85,85.0,explicit_score,b4944c6ff08dc6f43da2e9c824669b7d927dd1fa976fadc7b456881f51bf5ccc
1643,G_119_13_9927,exact,85,85.0,explicit_score,b4944c6ff08dc6f43da2e9c824669b7d927dd1fa976fadc7b456881f51bf5ccc
1644,I_106_70_14,exact,85,85.0,explicit_score,b4944c6ff08dc6f43da2e9c824669b7d927dd1fa976fadc7b456881f51bf5ccc
1645,G_097_13_7948,exact,75,75.0,explicit_score,f369cb89fc627e668987007d121ed1eacdc01db9e28f8bb26f358b7d8c4f08ac
1646,G_907_14_15608,exact,75,75.0,explicit_score,f369cb89fc627e668987007d121ed1eacdc01db9e28f8bb26f358b7d8c4f08ac
1647,G_117_13_9880,exact,75,75.0,explicit_score,f369cb89fc627e668987007d121ed1eacdc01db9e28f8bb26f358b7d8c4f08ac
1648,I_069_96_14,exact,75,75.0,explicit_score,f369cb89fc627e668987007d121ed1eacdc01db9e28f8bb26f358b7d8c4f08ac
1649,G_157_13_10816,exact,85,85.0,explicit_score,b4944c6ff08dc6f43da2e9c824669b7d927dd1fa976fadc7b456881f51bf5ccc
1650,G_098_13_8043,exact,85,85.0,explicit_score,b4944c6ff08dc6f43da2e9c824669b7d927dd1fa976fadc7b456881f51bf5ccc
1651,G_116_13_9847,exact,85,85.0,explicit_score,b4944c6ff08dc6f43da2e9c824669b7d927dd1fa976fadc7b456881f51bf5ccc
1652,I_293_72_14,exact,85,85.0,explicit_score,b4944c6ff08dc6f43da2e9c824669b7d927dd1fa976fadc7b456881f51bf5ccc
1653,I_101_46_13,exact,85,85.0,explicit_score,b4944c6ff08dc6f43da2e9c824669b7d927dd1fa976fadc7b456881f51bf5ccc
1654,I_069_092_14,exact,50,50.0,explicit_score,1a6562590ef19d1045d06c4055742d38288e9e6dcd71ccde5cee80f1d5a774eb
1655,D_135_121,exact,85,85.0,explicit_score,b4944c6ff08dc6f43da2e9c824669b7d927dd1fa976fadc7b456881f51bf5ccc
1656,I_074_171_14,exact,75,75.0,explicit_score,f369cb89fc627e668987007d121ed1eacdc01db9e28f8bb26f358b7d8c4f08ac
1657,I_181_232_14,exact,20,20.0,explicit_score,f5ca38f748a1d6eaf726b8a42fb575c3c71f1864a8143301782de13da2d9202b
1658,I_117_68_14,exact,60,60.0,explicit_score,39fa9ec190eee7b6f4dff1100d6343e10918d044c75eac8f9e9a2596173f80c9
1659,G_99_14_16774,exact,75,75.0,explicit_score,f369cb89fc627e668987007d121ed1eacdc01db9e28f8bb26f358b7d8c4f08ac
1660,I_213_94_13,exact,75,75.0,explicit_score,f369cb89fc627e668987007d121ed1eacdc01db9e28f8bb26f358b7d8c4f08ac
1661,D_189_163,exact,60,60.0,explicit_score,39fa9ec190eee7b6f4dff1100d6343e10918d044c75eac8f9e9a2596173f80c9
1662,G_123_14_10085,exact,85,85.0,explicit_score,b4944c6ff08dc6f43da2e9c824669b7d927dd1fa976fadc7b456881f51bf5ccc
1663,I_097_35_14,exact,85,85.0,explicit_score,b4944c6ff08dc6f43da2e9c824669b7d927dd1fa976fadc7b456881f51bf5ccc
1664,D_25_212,exact,75,75.0,explicit_score,f369cb89fc627e668987007d121ed1eacdc01db9e28f8bb26f358b7d8c4f08ac
1665,D_229_196,exact,85,85.0,explicit_score,b4944c6ff08dc6f43da2e9c824669b7d927dd1fa976fadc7b456881f51bf5ccc
1666,D_164_143,exact,85,85.0,explicit_score,b4944c6ff08dc6f43da2e9c824669b7d927dd1fa976fadc7b456881f51bf5ccc
1667,I_16_900_14,exact,85,85.0,explicit_score,b4944c6ff08dc6f43da2e9c824669b7d927dd1fa976fadc7b456881f51bf5ccc
1668,G_068_13_5609,exact,85,85.0,explicit_score,b4944c6ff08dc6f43da2e9c824669b7d927dd1fa976fadc7b456881f51bf5ccc
1669,D_42_256,exact,85,85.0,explicit_score,b4944c6ff08dc6f43da2e9c824669b7d927dd1fa976fadc7b456881f51bf5ccc
1670,I_137_96_14,exact,75,75.0,explicit_score,f369cb89fc627e668987007d121ed1eacdc01db9e28f8bb26f358b7d8c4f08ac
1671,G_291_14_13885,exact,75,75.0,explicit_score,f369cb89fc627e668987007d121ed1eacdc01db9e28f8bb26f358b7d8c4f08ac
1672,G_926_14_16168,exact,85,85.0,explicit_score,b4944c6ff08dc6f43da2e9c824669b7d927dd1fa976fadc7b456881f51bf5ccc
1673,G_067_13_5501,exact,95,95.0,explicit_score,ad48ff99415b2f007dc35b7eb553fd1eb35ebfa2f2f308acd9488eeb86f71fa8
1674,G_004_13_199,exact,75,75.0,explicit_score,f369cb89fc627e668987007d121ed1eacdc01db9e28f8bb26f358b7d8c4f08ac
1675,G_190_13_11626,exact,75,75.0,explicit_score,f369cb89fc627e668987007d121ed1eacdc01db9e28f8bb26f358b7d8c4f08ac
1676,G_157_14_10836,exact,85,85.0,explicit_score,b4944c6ff08dc6f43da2e9c824669b7d927dd1fa976fadc7b456881f51bf5ccc
1677,I_109_123_14,exact,60,60.0,explicit_score,39fa9ec190eee7b6f4dff1100d6343e10918d044c75eac8f9e9a2596173f80c9
1678,I_068_081_13,exact,60,60.0,explicit_score,39fa9ec190eee7b6f4dff1100d6343e10918d044c75eac8f9e9a2596173f80c9
1679,G_911_13_15734,exact,75,75.0,explicit_score,f369cb89fc627e668987007d121ed1eacdc01db9e28f8bb26f358b7d8c4f08ac
1680,G_31_13_14056,exact,75,75.0,explicit_score,f369cb89fc627e668987007d121ed1eacdc01db9e28f8bb26f358b7d8c4f08ac
1681,I_146_931_13,exact,75,75.0,explicit_score,f369cb89fc627e668987007d121ed1eacdc01db9e28f8bb26f358b7d8c4f08ac
1682,G_180_14_11376,exact,85,85.0,explicit_score,b4944c6ff08dc6f43da2e9c824669b7d927dd1fa976fadc7b456881f51bf5ccc
1683,I_125_167_14,exact,75,75.0,explicit_score,f369cb89fc627e668987007d121ed1eacdc01db9e28f8bb26f358b7d8c4f08ac
1684,G_044_13_3440,exact,75,75.0,explicit_score,f369cb89fc627e668987007d121ed1eacdc01db9e28f8bb26f358b7d8c4f08ac
1685,I_079_191_14,exact,85,85.0,explicit_score,b4944c6ff08dc6f43da2e9c824669b7d927dd1fa976fadc7b456881f51bf5ccc
1686,D_924_316,exact,75,75.0,explicit_score,f369cb89fc627e668987007d121ed1eacdc01db9e28f8bb26f358b7d8c4f08ac
1687,G_065_13_5333,exact,85,85.0,explicit_score,b4944c6ff08dc6f43da2e9c824669b7d927dd1fa976fadc7b456881f51bf5ccc
1688,I_008_39_14,exact,75,75.0,explicit_score,f369cb89fc627e668987007d121ed1eacdc01db9e28f8bb26f358b7d8c4f08ac
1689,G_280_13_13595,exact,85,85.0,explicit_score,b4944c6ff08dc6f43da2e9c824669b7d927dd1fa976fadc7b456881f51bf5ccc
1690,G_3_13_14237,exact,85,85.0,explicit_score,b4944c6ff08dc6f43da2e9c824669b7d927dd1fa976fadc7b456881f51bf5ccc
