{
  "model": "Gemma-3-12B-IT",
  "prompting": "task_description",
  "total_pairs": 7832,
  "genuine_count": 176,
  "impostor_count": 7656,
  "overall_acc": 2.272727272727273,
  "genuine_acc": 100.0,
  "impostor_acc": 0.026123301985370953,
  "far": 99.97387669801464,
  "frr": 0.0,
  "collapsed": true,
  "answer_dist": {
    "A": 0.9997446373850868,
    "B": 0.0002553626149131767
  },
  "invalid_count": 0,
  "per_frgp": {
    "13": {
      "acc": 2.247191011235955,
      "far": 100.0,
      "frr": 0.0,
      "n": 3916
    },
    "14": {
      "acc": 2.29826353421859,
      "far": 99.94775339602926,
      "frr": 0.0,
      "n": 3916
    }
  }
}