{
  "model": "Qwen2.5-VL-7B-Instruct",
  "prompting": "zero_shot",
  "total_pairs": 352,
  "genuine_count": 176,
  "impostor_count": 176,
  "overall_acc": 54.54545454545454,
  "genuine_acc": 100.0,
  "impostor_acc": 9.090909090909092,
  "far": 90.9090909090909,
  "frr": 0.0,
  "collapsed": true,
  "answer_dist": {
    "A": 0.9545454545454546,
    "B": 0.045454545454545456
  },
  "invalid_count": 0,
  "per_frgp": {
    "13": {
      "acc": 55.68181818181818,
      "far": 88.63636363636364,
      "frr": 0.0,
      "n": 176
    },
    "14": {
      "acc": 53.40909090909091,
      "far": 93.18181818181817,
      "frr": 0.0,
      "n": 176
    }
  }
}