{
  "model": "InternVL3-8B-Instruct",
  "prompting": "zero_shot",
  "total_pairs": 7832,
  "genuine_count": 176,
  "impostor_count": 7656,
  "overall_acc": 29.29009193054137,
  "genuine_acc": 100.0,
  "impostor_acc": 27.664576802507835,
  "far": 72.33542319749216,
  "frr": 0.0,
  "collapsed": false,
  "answer_dist": {
    "A": 0.7295709908069459,
    "B": 0.2704290091930541
  },
  "invalid_count": 0,
  "per_frgp": {
    "13": {
      "acc": 28.779366700715016,
      "far": 72.85788923719959,
      "frr": 0.0,
      "n": 3916
    },
    "14": {
      "acc": 29.80081716036772,
      "far": 71.81295715778474,
      "frr": 0.0,
      "n": 3916
    }
  }
}