{
  "model": "claude-opus-4-8",
  "prompting": "zero_shot",
  "total_pairs": 7832,
  "genuine_count": 176,
  "impostor_count": 7656,
  "overall_acc": 80.26046986721144,
  "genuine_acc": 99.43181818181817,
  "impostor_acc": 79.81974921630093,
  "far": 20.180250783699062,
  "frr": 0.5681818181818182,
  "collapsed": false,
  "answer_dist": {
    "B": 0.780388151174668,
    "A": 0.21961184882533197
  },
  "invalid_count": 0,
  "per_frgp": {
    "13": {
      "acc": 82.55873340143003,
      "far": 17.81609195402299,
      "frr": 1.1363636363636365,
      "n": 3916
    },
    "14": {
      "acc": 77.96220633299285,
      "far": 22.54440961337513,
      "frr": 0.0,
      "n": 3916
    }
  }
}