source_record,pair_id,id_status,stored,derived,parse_status,raw_sha256
1,D_43210_63,exact,A,A,explicit_option,559aead08264d5795d3909718cdd05abd49572e84fe55590eef31a88a08fdffd
2,G_58398_left_1287,exact,A,A,explicit_option,559aead08264d5795d3909718cdd05abd49572e84fe55590eef31a88a08fdffd
3,G_56583_left_842,exact,A,A,explicit_option,559aead08264d5795d3909718cdd05abd49572e84fe55590eef31a88a08fdffd
4,I_14493_83742_left_s,exact,A,A,explicit_option,559aead08264d5795d3909718cdd05abd49572e84fe55590eef31a88a08fdffd
5,I_57145_65052_left_x,exact,A,A,explicit_option,559aead08264d5795d3909718cdd05abd49572e84fe55590eef31a88a08fdffd
6,I_56583_93812_left_s,exact,A,A,explicit_option,559aead08264d5795d3909718cdd05abd49572e84fe55590eef31a88a08fdffd
7,I_24101_57145_left_s,exact,A,A,explicit_option,559aead08264d5795d3909718cdd05abd49572e84fe55590eef31a88a08fdffd
8,G_83742_left_2229,exact,A,A,explicit_option,559aead08264d5795d3909718cdd05abd49572e84fe55590eef31a88a08fdffd
9,G_57833_left_1183,exact,A,A,explicit_option,559aead08264d5795d3909718cdd05abd49572e84fe55590eef31a88a08fdffd
10,G_69658_left_1866,exact,A,A,explicit_option,559aead08264d5795d3909718cdd05abd49572e84fe55590eef31a88a08fdffd
11,I_24101_57145_left_x,exact,A,A,explicit_option,559aead08264d5795d3909718cdd05abd49572e84fe55590eef31a88a08fdffd
12,G_24101_right_301,exact,A,A,explicit_option,559aead08264d5795d3909718cdd05abd49572e84fe55590eef31a88a08fdffd
13,D_56583_99,exact,A,A,explicit_option,559aead08264d5795d3909718cdd05abd49572e84fe55590eef31a88a08fdffd
14,G_63029_left_1482,exact,A,A,explicit_option,559aead08264d5795d3909718cdd05abd49572e84fe55590eef31a88a08fdffd
15,I_24101_87757_right_x,exact,A,A,explicit_option,559aead08264d5795d3909718cdd05abd49572e84fe55590eef31a88a08fdffd
16,G_89171_left_2506,exact,A,A,explicit_option,559aead08264d5795d3909718cdd05abd49572e84fe55590eef31a88a08fdffd
17,G_43210_left_580,exact,A,A,explicit_option,559aead08264d5795d3909718cdd05abd49572e84fe55590eef31a88a08fdffd
18,I_44595_47904_left_s,exact,A,A,explicit_option,559aead08264d5795d3909718cdd05abd49572e84fe55590eef31a88a08fdffd
19,G_44595_left_742,exact,A,A,explicit_option,559aead08264d5795d3909718cdd05abd49572e84fe55590eef31a88a08fdffd
20,I_89171_96608_right_s,exact,A,A,explicit_option,559aead08264d5795d3909718cdd05abd49572e84fe55590eef31a88a08fdffd
21,G_65030_left_1658,exact,A,A,explicit_option,559aead08264d5795d3909718cdd05abd49572e84fe55590eef31a88a08fdffd
22,I_65030_65052_left_x,exact,A,A,explicit_option,559aead08264d5795d3909718cdd05abd49572e84fe55590eef31a88a08fdffd
23,I_20294_47904_right_x,exact,A,A,explicit_option,559aead08264d5795d3909718cdd05abd49572e84fe55590eef31a88a08fdffd
24,G_20294_right_224,exact,A,A,explicit_option,559aead08264d5795d3909718cdd05abd49572e84fe55590eef31a88a08fdffd
25,I_47904_58793_left_s,exact,A,A,explicit_option,559aead08264d5795d3909718cdd05abd49572e84fe55590eef31a88a08fdffd
26,D_44595_73,exact,A,A,explicit_option,559aead08264d5795d3909718cdd05abd49572e84fe55590eef31a88a08fdffd
27,I_56583_96608_right_x,exact,A,A,explicit_option,559aead08264d5795d3909718cdd05abd49572e84fe55590eef31a88a08fdffd
28,D_14493_8,exact,A,A,explicit_option,559aead08264d5795d3909718cdd05abd49572e84fe55590eef31a88a08fdffd
29,D_47904_92,exact,A,A,explicit_option,559aead08264d5795d3909718cdd05abd49572e84fe55590eef31a88a08fdffd
30,I_32467_43210_right_s,exact,A,A,explicit_option,559aead08264d5795d3909718cdd05abd49572e84fe55590eef31a88a08fdffd
31,G_74850_right_2037,exact,A,A,explicit_option,559aead08264d5795d3909718cdd05abd49572e84fe55590eef31a88a08fdffd
32,I_32467_65030_right_x,exact,A,A,explicit_option,559aead08264d5795d3909718cdd05abd49572e84fe55590eef31a88a08fdffd
33,G_20294_left_134,exact,A,A,explicit_option,559aead08264d5795d3909718cdd05abd49572e84fe55590eef31a88a08fdffd
34,G_47904_right_832,exact,A,A,explicit_option,559aead08264d5795d3909718cdd05abd49572e84fe55590eef31a88a08fdffd
35,I_57145_89171_right_x,exact,A,A,explicit_option,559aead08264d5795d3909718cdd05abd49572e84fe55590eef31a88a08fdffd
36,G_76957_left_2098,exact,A,A,explicit_option,559aead08264d5795d3909718cdd05abd49572e84fe55590eef31a88a08fdffd
37,I_14493_20294_right_x,exact,A,A,explicit_option,559aead08264d5795d3909718cdd05abd49572e84fe55590eef31a88a08fdffd
38,D_76957_225,exact,A,A,explicit_option,559aead08264d5795d3909718cdd05abd49572e84fe55590eef31a88a08fdffd
39,G_76957_left_2119,exact,A,A,explicit_option,559aead08264d5795d3909718cdd05abd49572e84fe55590eef31a88a08fdffd
40,D_69658_194,exact,A,A,explicit_option,559aead08264d5795d3909718cdd05abd49572e84fe55590eef31a88a08fdffd
41,G_32467_right_505,exact,A,A,explicit_option,559aead08264d5795d3909718cdd05abd49572e84fe55590eef31a88a08fdffd
42,I_47904_58793_right_s,exact,A,A,explicit_option,559aead08264d5795d3909718cdd05abd49572e84fe55590eef31a88a08fdffd
43,G_74850_right_2026,exact,A,A,explicit_option,559aead08264d5795d3909718cdd05abd49572e84fe55590eef31a88a08fdffd
44,D_89171_262,exact,A,A,explicit_option,559aead08264d5795d3909718cdd05abd49572e84fe55590eef31a88a08fdffd
45,I_57833_89171_left_x,exact,A,A,explicit_option,559aead08264d5795d3909718cdd05abd49572e84fe55590eef31a88a08fdffd
46,I_74850_83742_left_s,exact,A,A,explicit_option,559aead08264d5795d3909718cdd05abd49572e84fe55590eef31a88a08fdffd
47,I_57833_69658_right_x,exact,A,A,explicit_option,559aead08264d5795d3909718cdd05abd49572e84fe55590eef31a88a08fdffd
48,G_74850_left_1998,exact,A,A,explicit_option,559aead08264d5795d3909718cdd05abd49572e84fe55590eef31a88a08fdffd
49,D_83742_228,exact,A,A,explicit_option,559aead08264d5795d3909718cdd05abd49572e84fe55590eef31a88a08fdffd
50,I_43210_56583_left_x,exact,A,A,explicit_option,559aead08264d5795d3909718cdd05abd49572e84fe55590eef31a88a08fdffd
51,G_43210_right_633,exact,A,A,explicit_option,559aead08264d5795d3909718cdd05abd49572e84fe55590eef31a88a08fdffd
52,I_58793_65030_left_s,exact,A,A,explicit_option,559aead08264d5795d3909718cdd05abd49572e84fe55590eef31a88a08fdffd
53,I_57145_76957_left_s,exact,A,A,explicit_option,559aead08264d5795d3909718cdd05abd49572e84fe55590eef31a88a08fdffd
54,I_14493_65030_left_x,exact,A,A,explicit_option,559aead08264d5795d3909718cdd05abd49572e84fe55590eef31a88a08fdffd
55,G_65030_right_1681,exact,A,A,explicit_option,559aead08264d5795d3909718cdd05abd49572e84fe55590eef31a88a08fdffd
56,D_58398_142,exact,A,A,explicit_option,559aead08264d5795d3909718cdd05abd49572e84fe55590eef31a88a08fdffd
57,G_57833_right_1228,exact,A,A,explicit_option,559aead08264d5795d3909718cdd05abd49572e84fe55590eef31a88a08fdffd
58,I_43210_74850_left_s,exact,A,A,explicit_option,559aead08264d5795d3909718cdd05abd49572e84fe55590eef31a88a08fdffd
59,D_14493_9,exact,A,A,explicit_option,559aead08264d5795d3909718cdd05abd49572e84fe55590eef31a88a08fdffd
60,I_43210_83742_right_s,exact,A,A,explicit_option,559aead08264d5795d3909718cdd05abd49572e84fe55590eef31a88a08fdffd
61,G_96608_left_2728,exact,A,A,explicit_option,559aead08264d5795d3909718cdd05abd49572e84fe55590eef31a88a08fdffd
62,I_57833_96608_left_x,exact,A,A,explicit_option,559aead08264d5795d3909718cdd05abd49572e84fe55590eef31a88a08fdffd
63,I_47904_63029_right_x,exact,A,A,explicit_option,559aead08264d5795d3909718cdd05abd49572e84fe55590eef31a88a08fdffd
64,I_65052_93812_right_x,exact,A,A,explicit_option,559aead08264d5795d3909718cdd05abd49572e84fe55590eef31a88a08fdffd
65,I_44595_99775_left_s,exact,A,A,explicit_option,559aead08264d5795d3909718cdd05abd49572e84fe55590eef31a88a08fdffd
66,I_24101_32467_left_x,exact,A,A,explicit_option,559aead08264d5795d3909718cdd05abd49572e84fe55590eef31a88a08fdffd
67,G_27295_right_407,exact,A,A,explicit_option,559aead08264d5795d3909718cdd05abd49572e84fe55590eef31a88a08fdffd
68,I_65052_83742_left_x,exact,A,A,explicit_option,559aead08264d5795d3909718cdd05abd49572e84fe55590eef31a88a08fdffd
69,I_58398_76957_left_x,exact,A,A,explicit_option,559aead08264d5795d3909718cdd05abd49572e84fe55590eef31a88a08fdffd
70,G_76957_left_2097,exact,A,A,explicit_option,559aead08264d5795d3909718cdd05abd49572e84fe55590eef31a88a08fdffd
71,I_58793_65052_left_s,exact,A,A,explicit_option,559aead08264d5795d3909718cdd05abd49572e84fe55590eef31a88a08fdffd
72,G_27295_left_311,exact,A,A,explicit_option,559aead08264d5795d3909718cdd05abd49572e84fe55590eef31a88a08fdffd
73,I_14493_57145_right_x,exact,A,A,explicit_option,559aead08264d5795d3909718cdd05abd49572e84fe55590eef31a88a08fdffd
74,G_87757_right_2459,exact,A,A,explicit_option,559aead08264d5795d3909718cdd05abd49572e84fe55590eef31a88a08fdffd
75,D_93812_272,exact,A,A,explicit_option,559aead08264d5795d3909718cdd05abd49572e84fe55590eef31a88a08fdffd
76,G_63029_left_1497,exact,A,A,explicit_option,559aead08264d5795d3909718cdd05abd49572e84fe55590eef31a88a08fdffd
77,G_69658_right_1931,exact,A,A,explicit_option,559aead08264d5795d3909718cdd05abd49572e84fe55590eef31a88a08fdffd
78,I_87757_99775_left_s,exact,A,A,explicit_option,559aead08264d5795d3909718cdd05abd49572e84fe55590eef31a88a08fdffd
79,I_93812_99775_right_s,exact,A,A,explicit_option,559aead08264d5795d3909718cdd05abd49572e84fe55590eef31a88a08fdffd
80,I_43210_47904_right_x,exact,A,A,explicit_option,559aead08264d5795d3909718cdd05abd49572e84fe55590eef31a88a08fdffd
81,G_58398_left_1293,exact,A,A,explicit_option,559aead08264d5795d3909718cdd05abd49572e84fe55590eef31a88a08fdffd
82,I_14493_57145_left_x,exact,A,A,explicit_option,559aead08264d5795d3909718cdd05abd49572e84fe55590eef31a88a08fdffd
83,G_57145_right_1072,exact,A,A,explicit_option,559aead08264d5795d3909718cdd05abd49572e84fe55590eef31a88a08fdffd
84,I_63029_96608_right_s,exact,A,A,explicit_option,559aead08264d5795d3909718cdd05abd49572e84fe55590eef31a88a08fdffd
85,I_58398_69658_left_x,exact,A,A,explicit_option,559aead08264d5795d3909718cdd05abd49572e84fe55590eef31a88a08fdffd
86,G_57145_right_1080,exact,A,A,explicit_option,559aead08264d5795d3909718cdd05abd49572e84fe55590eef31a88a08fdffd
87,I_58793_65030_left_x,exact,A,A,explicit_option,559aead08264d5795d3909718cdd05abd49572e84fe55590eef31a88a08fdffd
88,I_57833_89171_right_x,exact,A,A,explicit_option,559aead08264d5795d3909718cdd05abd49572e84fe55590eef31a88a08fdffd
89,I_14493_32467_left_x,exact,A,A,explicit_option,559aead08264d5795d3909718cdd05abd49572e84fe55590eef31a88a08fdffd
90,I_44595_58398_left_s,exact,A,A,explicit_option,559aead08264d5795d3909718cdd05abd49572e84fe55590eef31a88a08fdffd
91,G_14493_left_18,exact,A,A,explicit_option,559aead08264d5795d3909718cdd05abd49572e84fe55590eef31a88a08fdffd
92,G_99775_right_2898,exact,A,A,explicit_option,559aead08264d5795d3909718cdd05abd49572e84fe55590eef31a88a08fdffd
93,I_27295_58398_right_x,exact,A,A,explicit_option,559aead08264d5795d3909718cdd05abd49572e84fe55590eef31a88a08fdffd
94,I_32467_57145_right_x,exact,A,A,explicit_option,559aead08264d5795d3909718cdd05abd49572e84fe55590eef31a88a08fdffd
95,G_20294_right_240,exact,A,A,explicit_option,559aead08264d5795d3909718cdd05abd49572e84fe55590eef31a88a08fdffd
96,I_27295_93812_right_x,exact,A,A,explicit_option,559aead08264d5795d3909718cdd05abd49572e84fe55590eef31a88a08fdffd
97,D_69658_195,exact,A,A,explicit_option,559aead08264d5795d3909718cdd05abd49572e84fe55590eef31a88a08fdffd
98,I_14493_89171_right_s,exact,A,A,explicit_option,559aead08264d5795d3909718cdd05abd49572e84fe55590eef31a88a08fdffd
99,D_69658_199,exact,A,A,explicit_option,559aead08264d5795d3909718cdd05abd49572e84fe55590eef31a88a08fdffd
100,I_47904_58398_left_x,exact,A,A,explicit_option,559aead08264d5795d3909718cdd05abd49572e84fe55590eef31a88a08fdffd
101,I_65052_69658_left_x,exact,A,A,explicit_option,559aead08264d5795d3909718cdd05abd49572e84fe55590eef31a88a08fdffd
102,D_58398_133,exact,A,A,explicit_option,559aead08264d5795d3909718cdd05abd49572e84fe55590eef31a88a08fdffd
103,I_14493_24101_right_s,exact,A,A,explicit_option,559aead08264d5795d3909718cdd05abd49572e84fe55590eef31a88a08fdffd
104,G_56583_left_888,exact,A,A,explicit_option,559aead08264d5795d3909718cdd05abd49572e84fe55590eef31a88a08fdffd
105,I_83742_87757_left_x,exact,A,A,explicit_option,559aead08264d5795d3909718cdd05abd49572e84fe55590eef31a88a08fdffd
106,D_47904_90,exact,A,A,explicit_option,559aead08264d5795d3909718cdd05abd49572e84fe55590eef31a88a08fdffd
107,I_69658_76957_left_s,exact,A,A,explicit_option,559aead08264d5795d3909718cdd05abd49572e84fe55590eef31a88a08fdffd
108,G_24101_left_296,exact,A,A,explicit_option,559aead08264d5795d3909718cdd05abd49572e84fe55590eef31a88a08fdffd
109,I_20294_32467_right_x,exact,A,A,explicit_option,559aead08264d5795d3909718cdd05abd49572e84fe55590eef31a88a08fdffd
110,D_63029_160,exact,A,A,explicit_option,559aead08264d5795d3909718cdd05abd49572e84fe55590eef31a88a08fdffd
111,I_57145_57833_left_x,exact,A,A,explicit_option,559aead08264d5795d3909718cdd05abd49572e84fe55590eef31a88a08fdffd
112,G_96608_left_2701,exact,A,A,explicit_option,559aead08264d5795d3909718cdd05abd49572e84fe55590eef31a88a08fdffd
113,I_14493_32467_right_s,exact,A,A,explicit_option,559aead08264d5795d3909718cdd05abd49572e84fe55590eef31a88a08fdffd
114,G_69658_right_1939,exact,A,A,explicit_option,559aead08264d5795d3909718cdd05abd49572e84fe55590eef31a88a08fdffd
115,I_58793_63029_right_s,exact,A,A,explicit_option,559aead08264d5795d3909718cdd05abd49572e84fe55590eef31a88a08fdffd
116,I_44595_96608_right_x,exact,A,A,explicit_option,559aead08264d5795d3909718cdd05abd49572e84fe55590eef31a88a08fdffd
117,I_44595_87757_left_s,exact,A,A,explicit_option,559aead08264d5795d3909718cdd05abd49572e84fe55590eef31a88a08fdffd
118,D_87757_240,exact,A,A,explicit_option,559aead08264d5795d3909718cdd05abd49572e84fe55590eef31a88a08fdffd
119,G_20294_left_195,exact,A,A,explicit_option,559aead08264d5795d3909718cdd05abd49572e84fe55590eef31a88a08fdffd
120,G_27295_left_309,exact,A,A,explicit_option,559aead08264d5795d3909718cdd05abd49572e84fe55590eef31a88a08fdffd
121,D_24101_32,exact,A,A,explicit_option,559aead08264d5795d3909718cdd05abd49572e84fe55590eef31a88a08fdffd
122,G_76957_right_2160,exact,A,A,explicit_option,559aead08264d5795d3909718cdd05abd49572e84fe55590eef31a88a08fdffd
123,G_14493_left_57,exact,A,A,explicit_option,559aead08264d5795d3909718cdd05abd49572e84fe55590eef31a88a08fdffd
124,I_43210_56583_right_x,exact,A,A,explicit_option,559aead08264d5795d3909718cdd05abd49572e84fe55590eef31a88a08fdffd
125,I_65052_76957_right_s,exact,A,A,explicit_option,559aead08264d5795d3909718cdd05abd49572e84fe55590eef31a88a08fdffd
126,I_57833_58398_left_x,exact,A,A,explicit_option,559aead08264d5795d3909718cdd05abd49572e84fe55590eef31a88a08fdffd
127,G_83742_left_2253,exact,A,A,explicit_option,559aead08264d5795d3909718cdd05abd49572e84fe55590eef31a88a08fdffd
128,D_20294_20,exact,A,A,explicit_option,559aead08264d5795d3909718cdd05abd49572e84fe55590eef31a88a08fdffd
129,I_89171_99775_right_x,exact,A,A,explicit_option,559aead08264d5795d3909718cdd05abd49572e84fe55590eef31a88a08fdffd
130,D_89171_258,exact,A,A,explicit_option,559aead08264d5795d3909718cdd05abd49572e84fe55590eef31a88a08fdffd
131,I_47904_58793_right_x,exact,A,A,explicit_option,559aead08264d5795d3909718cdd05abd49572e84fe55590eef31a88a08fdffd
132,I_47904_63029_left_s,exact,A,A,explicit_option,559aead08264d5795d3909718cdd05abd49572e84fe55590eef31a88a08fdffd
133,I_63029_93812_right_x,exact,A,A,explicit_option,559aead08264d5795d3909718cdd05abd49572e84fe55590eef31a88a08fdffd
134,G_58398_right_1356,exact,A,A,explicit_option,559aead08264d5795d3909718cdd05abd49572e84fe55590eef31a88a08fdffd
135,G_93812_left_2619,exact,A,A,explicit_option,559aead08264d5795d3909718cdd05abd49572e84fe55590eef31a88a08fdffd
136,G_57833_left_1150,exact,A,A,explicit_option,559aead08264d5795d3909718cdd05abd49572e84fe55590eef31a88a08fdffd
137,G_57833_left_1152,exact,A,A,explicit_option,559aead08264d5795d3909718cdd05abd49572e84fe55590eef31a88a08fdffd
138,I_47904_69658_left_x,exact,A,A,explicit_option,559aead08264d5795d3909718cdd05abd49572e84fe55590eef31a88a08fdffd
139,G_47904_right_834,exact,A,A,explicit_option,559aead08264d5795d3909718cdd05abd49572e84fe55590eef31a88a08fdffd
140,G_58398_right_1352,exact,A,A,explicit_option,559aead08264d5795d3909718cdd05abd49572e84fe55590eef31a88a08fdffd
141,G_14493_right_114,exact,A,A,explicit_option,559aead08264d5795d3909718cdd05abd49572e84fe55590eef31a88a08fdffd
142,G_65030_right_1685,exact,A,A,explicit_option,559aead08264d5795d3909718cdd05abd49572e84fe55590eef31a88a08fdffd
143,I_65052_96608_left_x,exact,A,A,explicit_option,559aead08264d5795d3909718cdd05abd49572e84fe55590eef31a88a08fdffd
144,I_43210_57833_right_x,exact,A,A,explicit_option,559aead08264d5795d3909718cdd05abd49572e84fe55590eef31a88a08fdffd
145,G_93812_left_2587,exact,A,A,explicit_option,559aead08264d5795d3909718cdd05abd49572e84fe55590eef31a88a08fdffd
146,G_14493_right_89,exact,A,A,explicit_option,559aead08264d5795d3909718cdd05abd49572e84fe55590eef31a88a08fdffd
147,G_99775_right_2920,exact,A,A,explicit_option,559aead08264d5795d3909718cdd05abd49572e84fe55590eef31a88a08fdffd
148,G_87757_left_2372,exact,A,A,explicit_option,559aead08264d5795d3909718cdd05abd49572e84fe55590eef31a88a08fdffd
149,I_44595_58793_left_x,exact,A,A,explicit_option,559aead08264d5795d3909718cdd05abd49572e84fe55590eef31a88a08fdffd
150,I_20294_58398_left_s,exact,A,A,explicit_option,559aead08264d5795d3909718cdd05abd49572e84fe55590eef31a88a08fdffd
151,G_65030_right_1699,exact,A,A,explicit_option,559aead08264d5795d3909718cdd05abd49572e84fe55590eef31a88a08fdffd
152,G_87757_right_2442,exact,A,A,explicit_option,559aead08264d5795d3909718cdd05abd49572e84fe55590eef31a88a08fdffd
153,I_93812_96608_left_s,exact,A,A,explicit_option,559aead08264d5795d3909718cdd05abd49572e84fe55590eef31a88a08fdffd
154,G_69658_left_1873,exact,A,A,explicit_option,559aead08264d5795d3909718cdd05abd49572e84fe55590eef31a88a08fdffd
155,G_76957_left_2114,exact,A,A,explicit_option,559aead08264d5795d3909718cdd05abd49572e84fe55590eef31a88a08fdffd
156,G_65030_right_1705,exact,A,A,explicit_option,559aead08264d5795d3909718cdd05abd49572e84fe55590eef31a88a08fdffd
157,G_96608_left_2741,exact,A,A,explicit_option,559aead08264d5795d3909718cdd05abd49572e84fe55590eef31a88a08fdffd
158,G_20294_left_137,exact,A,A,explicit_option,559aead08264d5795d3909718cdd05abd49572e84fe55590eef31a88a08fdffd
159,I_32467_57145_left_x,exact,A,A,explicit_option,559aead08264d5795d3909718cdd05abd49572e84fe55590eef31a88a08fdffd
160,G_65030_left_1671,exact,A,A,explicit_option,559aead08264d5795d3909718cdd05abd49572e84fe55590eef31a88a08fdffd
161,G_65052_left_1738,exact,A,A,explicit_option,559aead08264d5795d3909718cdd05abd49572e84fe55590eef31a88a08fdffd
162,D_76957_223,exact,A,A,explicit_option,559aead08264d5795d3909718cdd05abd49572e84fe55590eef31a88a08fdffd
163,G_63029_right_1584,exact,A,A,explicit_option,559aead08264d5795d3909718cdd05abd49572e84fe55590eef31a88a08fdffd
164,I_43210_83742_left_s,exact,A,A,explicit_option,559aead08264d5795d3909718cdd05abd49572e84fe55590eef31a88a08fdffd
165,G_27295_left_355,exact,A,A,explicit_option,559aead08264d5795d3909718cdd05abd49572e84fe55590eef31a88a08fdffd
166,G_83742_left_2224,exact,A,A,explicit_option,559aead08264d5795d3909718cdd05abd49572e84fe55590eef31a88a08fdffd
167,I_58398_58793_left_s,exact,A,A,explicit_option,559aead08264d5795d3909718cdd05abd49572e84fe55590eef31a88a08fdffd
168,I_57145_63029_left_x,exact,A,A,explicit_option,559aead08264d5795d3909718cdd05abd49572e84fe55590eef31a88a08fdffd
169,G_57833_right_1237,exact,A,A,explicit_option,559aead08264d5795d3909718cdd05abd49572e84fe55590eef31a88a08fdffd
170,I_57833_96608_left_s,exact,A,A,explicit_option,559aead08264d5795d3909718cdd05abd49572e84fe55590eef31a88a08fdffd
171,D_99775_293,exact,A,A,explicit_option,559aead08264d5795d3909718cdd05abd49572e84fe55590eef31a88a08fdffd
172,G_43210_left_600,exact,A,A,explicit_option,559aead08264d5795d3909718cdd05abd49572e84fe55590eef31a88a08fdffd
173,I_44595_74850_left_s,exact,A,A,explicit_option,559aead08264d5795d3909718cdd05abd49572e84fe55590eef31a88a08fdffd
174,G_56583_right_894,exact,A,A,explicit_option,559aead08264d5795d3909718cdd05abd49572e84fe55590eef31a88a08fdffd
175,I_43210_93812_left_x,exact,A,A,explicit_option,559aead08264d5795d3909718cdd05abd49572e84fe55590eef31a88a08fdffd
176,G_87757_right_2434,exact,A,A,explicit_option,559aead08264d5795d3909718cdd05abd49572e84fe55590eef31a88a08fdffd
177,G_87757_left_2379,exact,A,A,explicit_option,559aead08264d5795d3909718cdd05abd49572e84fe55590eef31a88a08fdffd
178,I_24101_83742_left_s,exact,A,A,explicit_option,559aead08264d5795d3909718cdd05abd49572e84fe55590eef31a88a08fdffd
179,D_63029_163,exact,A,A,explicit_option,559aead08264d5795d3909718cdd05abd49572e84fe55590eef31a88a08fdffd
180,I_27295_76957_left_s,exact,A,A,explicit_option,559aead08264d5795d3909718cdd05abd49572e84fe55590eef31a88a08fdffd
181,D_58793_153,exact,A,A,explicit_option,559aead08264d5795d3909718cdd05abd49572e84fe55590eef31a88a08fdffd
182,G_93812_left_2637,exact,A,A,explicit_option,559aead08264d5795d3909718cdd05abd49572e84fe55590eef31a88a08fdffd
183,D_65052_180,exact,A,A,explicit_option,559aead08264d5795d3909718cdd05abd49572e84fe55590eef31a88a08fdffd
184,I_24101_56583_left_s,exact,A,A,explicit_option,559aead08264d5795d3909718cdd05abd49572e84fe55590eef31a88a08fdffd
185,G_24101_left_292,exact,A,A,explicit_option,559aead08264d5795d3909718cdd05abd49572e84fe55590eef31a88a08fdffd
186,I_58793_93812_right_x,exact,A,A,explicit_option,559aead08264d5795d3909718cdd05abd49572e84fe55590eef31a88a08fdffd
187,I_57145_76957_left_x,exact,A,A,explicit_option,559aead08264d5795d3909718cdd05abd49572e84fe55590eef31a88a08fdffd
188,I_65052_83742_right_s,exact,A,A,explicit_option,559aead08264d5795d3909718cdd05abd49572e84fe55590eef31a88a08fdffd
189,D_20294_18,exact,A,A,explicit_option,559aead08264d5795d3909718cdd05abd49572e84fe55590eef31a88a08fdffd
190,D_58793_150,exact,A,A,explicit_option,559aead08264d5795d3909718cdd05abd49572e84fe55590eef31a88a08fdffd
191,G_63029_left_1517,exact,A,A,explicit_option,559aead08264d5795d3909718cdd05abd49572e84fe55590eef31a88a08fdffd
192,I_65030_87757_left_x,exact,A,A,explicit_option,559aead08264d5795d3909718cdd05abd49572e84fe55590eef31a88a08fdffd
193,I_20294_57833_left_x,exact,A,A,explicit_option,559aead08264d5795d3909718cdd05abd49572e84fe55590eef31a88a08fdffd
194,I_65030_74850_right_x,exact,A,A,explicit_option,559aead08264d5795d3909718cdd05abd49572e84fe55590eef31a88a08fdffd
195,D_57145_108,exact,A,A,explicit_option,559aead08264d5795d3909718cdd05abd49572e84fe55590eef31a88a08fdffd
196,G_65030_left_1676,exact,A,A,explicit_option,559aead08264d5795d3909718cdd05abd49572e84fe55590eef31a88a08fdffd
197,D_93812_269,exact,A,A,explicit_option,559aead08264d5795d3909718cdd05abd49572e84fe55590eef31a88a08fdffd
198,I_74850_83742_right_x,exact,A,A,explicit_option,559aead08264d5795d3909718cdd05abd49572e84fe55590eef31a88a08fdffd
199,G_93812_left_2625,exact,A,A,explicit_option,559aead08264d5795d3909718cdd05abd49572e84fe55590eef31a88a08fdffd
200,I_20294_56583_left_x,exact,A,A,explicit_option,559aead08264d5795d3909718cdd05abd49572e84fe55590eef31a88a08fdffd
201,I_87757_89171_left_s,exact,A,A,explicit_option,559aead08264d5795d3909718cdd05abd49572e84fe55590eef31a88a08fdffd
202,D_56583_104,exact,A,A,explicit_option,559aead08264d5795d3909718cdd05abd49572e84fe55590eef31a88a08fdffd
203,I_44595_76957_left_s,exact,A,A,explicit_option,559aead08264d5795d3909718cdd05abd49572e84fe55590eef31a88a08fdffd
204,I_63029_93812_right_s,exact,A,A,explicit_option,559aead08264d5795d3909718cdd05abd49572e84fe55590eef31a88a08fdffd
205,I_47904_63029_right_s,exact,A,A,explicit_option,559aead08264d5795d3909718cdd05abd49572e84fe55590eef31a88a08fdffd
206,I_56583_87757_left_x,exact,A,A,explicit_option,559aead08264d5795d3909718cdd05abd49572e84fe55590eef31a88a08fdffd
207,G_76957_right_2173,exact,A,A,explicit_option,559aead08264d5795d3909718cdd05abd49572e84fe55590eef31a88a08fdffd
208,G_87757_right_2424,exact,A,A,explicit_option,559aead08264d5795d3909718cdd05abd49572e84fe55590eef31a88a08fdffd
209,D_65052_187,exact,A,A,explicit_option,559aead08264d5795d3909718cdd05abd49572e84fe55590eef31a88a08fdffd
210,D_47904_94,exact,A,A,explicit_option,559aead08264d5795d3909718cdd05abd49572e84fe55590eef31a88a08fdffd
211,D_87757_248,exact,A,A,explicit_option,559aead08264d5795d3909718cdd05abd49572e84fe55590eef31a88a08fdffd
212,I_27295_44595_left_x,exact,A,A,explicit_option,559aead08264d5795d3909718cdd05abd49572e84fe55590eef31a88a08fdffd
213,I_58398_76957_right_s,exact,A,A,explicit_option,559aead08264d5795d3909718cdd05abd49572e84fe55590eef31a88a08fdffd
214,G_99775_left_2887,exact,A,A,explicit_option,559aead08264d5795d3909718cdd05abd49572e84fe55590eef31a88a08fdffd
215,D_27295_47,exact,A,A,explicit_option,559aead08264d5795d3909718cdd05abd49572e84fe55590eef31a88a08fdffd
216,I_74850_87757_left_s,exact,A,A,explicit_option,559aead08264d5795d3909718cdd05abd49572e84fe55590eef31a88a08fdffd
217,G_24101_left_297,exact,A,A,explicit_option,559aead08264d5795d3909718cdd05abd49572e84fe55590eef31a88a08fdffd
218,D_65052_185,exact,A,A,explicit_option,559aead08264d5795d3909718cdd05abd49572e84fe55590eef31a88a08fdffd
219,D_69658_198,exact,A,A,explicit_option,559aead08264d5795d3909718cdd05abd49572e84fe55590eef31a88a08fdffd
220,D_63029_162,exact,A,A,explicit_option,559aead08264d5795d3909718cdd05abd49572e84fe55590eef31a88a08fdffd
221,D_27295_46,exact,A,A,explicit_option,559aead08264d5795d3909718cdd05abd49572e84fe55590eef31a88a08fdffd
222,I_56583_58793_right_x,exact,A,A,explicit_option,559aead08264d5795d3909718cdd05abd49572e84fe55590eef31a88a08fdffd
223,D_63029_159,exact,A,A,explicit_option,559aead08264d5795d3909718cdd05abd49572e84fe55590eef31a88a08fdffd
224,G_69658_left_1887,exact,A,A,explicit_option,559aead08264d5795d3909718cdd05abd49572e84fe55590eef31a88a08fdffd
225,I_76957_89171_right_x,exact,A,A,explicit_option,559aead08264d5795d3909718cdd05abd49572e84fe55590eef31a88a08fdffd
226,G_83742_left_2214,exact,A,A,explicit_option,559aead08264d5795d3909718cdd05abd49572e84fe55590eef31a88a08fdffd
227,D_89171_257,exact,A,A,explicit_option,559aead08264d5795d3909718cdd05abd49572e84fe55590eef31a88a08fdffd
228,I_83742_87757_right_s,exact,A,A,explicit_option,559aead08264d5795d3909718cdd05abd49572e84fe55590eef31a88a08fdffd
229,D_57833_126,exact,A,A,explicit_option,559aead08264d5795d3909718cdd05abd49572e84fe55590eef31a88a08fdffd
230,I_27295_89171_left_x,exact,A,A,explicit_option,559aead08264d5795d3909718cdd05abd49572e84fe55590eef31a88a08fdffd
231,I_47904_57145_right_x,exact,A,A,explicit_option,559aead08264d5795d3909718cdd05abd49572e84fe55590eef31a88a08fdffd
232,G_27295_right_373,exact,A,A,explicit_option,559aead08264d5795d3909718cdd05abd49572e84fe55590eef31a88a08fdffd
233,D_57145_118,exact,A,A,explicit_option,559aead08264d5795d3909718cdd05abd49572e84fe55590eef31a88a08fdffd
234,G_47904_right_828,exact,A,A,explicit_option,559aead08264d5795d3909718cdd05abd49572e84fe55590eef31a88a08fdffd
235,I_57833_76957_left_x,exact,A,A,explicit_option,559aead08264d5795d3909718cdd05abd49572e84fe55590eef31a88a08fdffd
236,I_57833_69658_left_s,exact,A,A,explicit_option,559aead08264d5795d3909718cdd05abd49572e84fe55590eef31a88a08fdffd
237,G_63029_right_1565,exact,A,A,explicit_option,559aead08264d5795d3909718cdd05abd49572e84fe55590eef31a88a08fdffd
238,G_89171_left_2498,exact,A,A,explicit_option,559aead08264d5795d3909718cdd05abd49572e84fe55590eef31a88a08fdffd
239,G_24101_left_295,exact,A,A,explicit_option,559aead08264d5795d3909718cdd05abd49572e84fe55590eef31a88a08fdffd
240,G_43210_left_591,exact,A,A,explicit_option,559aead08264d5795d3909718cdd05abd49572e84fe55590eef31a88a08fdffd
241,G_56583_left_856,exact,A,A,explicit_option,559aead08264d5795d3909718cdd05abd49572e84fe55590eef31a88a08fdffd
242,I_32467_56583_left_s,exact,A,A,explicit_option,559aead08264d5795d3909718cdd05abd49572e84fe55590eef31a88a08fdffd
243,G_93812_left_2630,exact,A,A,explicit_option,559aead08264d5795d3909718cdd05abd49572e84fe55590eef31a88a08fdffd
244,G_58793_right_1464,exact,A,A,explicit_option,559aead08264d5795d3909718cdd05abd49572e84fe55590eef31a88a08fdffd
245,I_69658_96608_right_s,exact,A,A,explicit_option,559aead08264d5795d3909718cdd05abd49572e84fe55590eef31a88a08fdffd
246,G_47904_left_819,exact,A,A,explicit_option,559aead08264d5795d3909718cdd05abd49572e84fe55590eef31a88a08fdffd
247,I_65030_93812_right_x,exact,A,A,explicit_option,559aead08264d5795d3909718cdd05abd49572e84fe55590eef31a88a08fdffd
248,G_93812_right_2682,exact,A,A,explicit_option,559aead08264d5795d3909718cdd05abd49572e84fe55590eef31a88a08fdffd
249,G_58398_left_1300,exact,A,A,explicit_option,559aead08264d5795d3909718cdd05abd49572e84fe55590eef31a88a08fdffd
250,G_93812_right_2669,exact,A,A,explicit_option,559aead08264d5795d3909718cdd05abd49572e84fe55590eef31a88a08fdffd
251,G_96608_left_2736,exact,A,A,explicit_option,559aead08264d5795d3909718cdd05abd49572e84fe55590eef31a88a08fdffd
252,G_20294_left_148,exact,A,A,explicit_option,559aead08264d5795d3909718cdd05abd49572e84fe55590eef31a88a08fdffd
253,I_43210_63029_right_x,exact,A,A,explicit_option,559aead08264d5795d3909718cdd05abd49572e84fe55590eef31a88a08fdffd
254,G_65052_left_1761,exact,A,A,explicit_option,559aead08264d5795d3909718cdd05abd49572e84fe55590eef31a88a08fdffd
255,G_58398_left_1270,exact,A,A,explicit_option,559aead08264d5795d3909718cdd05abd49572e84fe55590eef31a88a08fdffd
256,G_57145_left_982,exact,A,A,explicit_option,559aead08264d5795d3909718cdd05abd49572e84fe55590eef31a88a08fdffd
257,D_74850_208,exact,A,A,explicit_option,559aead08264d5795d3909718cdd05abd49572e84fe55590eef31a88a08fdffd
258,I_65052_69658_right_x,exact,A,A,explicit_option,559aead08264d5795d3909718cdd05abd49572e84fe55590eef31a88a08fdffd
259,I_27295_43210_left_x,exact,A,A,explicit_option,559aead08264d5795d3909718cdd05abd49572e84fe55590eef31a88a08fdffd
260,D_24101_34,exact,A,A,explicit_option,559aead08264d5795d3909718cdd05abd49572e84fe55590eef31a88a08fdffd
261,G_57833_left_1142,exact,A,A,explicit_option,559aead08264d5795d3909718cdd05abd49572e84fe55590eef31a88a08fdffd
262,G_83742_right_2344,exact,A,A,explicit_option,559aead08264d5795d3909718cdd05abd49572e84fe55590eef31a88a08fdffd
263,I_47904_96608_right_x,exact,A,A,explicit_option,559aead08264d5795d3909718cdd05abd49572e84fe55590eef31a88a08fdffd
264,D_69658_200,exact,A,A,explicit_option,559aead08264d5795d3909718cdd05abd49572e84fe55590eef31a88a08fdffd
265,G_56583_left_846,exact,A,A,explicit_option,559aead08264d5795d3909718cdd05abd49572e84fe55590eef31a88a08fdffd
266,I_57833_83742_right_x,exact,A,A,explicit_option,559aead08264d5795d3909718cdd05abd49572e84fe55590eef31a88a08fdffd
267,G_43210_right_637,exact,A,A,explicit_option,559aead08264d5795d3909718cdd05abd49572e84fe55590eef31a88a08fdffd
268,I_43210_69658_right_x,exact,A,A,explicit_option,559aead08264d5795d3909718cdd05abd49572e84fe55590eef31a88a08fdffd
269,I_14493_58793_right_x,exact,A,A,explicit_option,559aead08264d5795d3909718cdd05abd49572e84fe55590eef31a88a08fdffd
270,I_44595_57833_right_x,exact,A,A,explicit_option,559aead08264d5795d3909718cdd05abd49572e84fe55590eef31a88a08fdffd
271,G_24101_left_289,exact,A,A,explicit_option,559aead08264d5795d3909718cdd05abd49572e84fe55590eef31a88a08fdffd
272,I_57145_63029_right_s,exact,A,A,explicit_option,559aead08264d5795d3909718cdd05abd49572e84fe55590eef31a88a08fdffd
273,I_43210_58398_left_s,exact,A,A,explicit_option,559aead08264d5795d3909718cdd05abd49572e84fe55590eef31a88a08fdffd
274,D_69658_192,exact,A,A,explicit_option,559aead08264d5795d3909718cdd05abd49572e84fe55590eef31a88a08fdffd
275,G_63029_right_1618,exact,A,A,explicit_option,559aead08264d5795d3909718cdd05abd49572e84fe55590eef31a88a08fdffd
276,I_57833_76957_right_x,exact,A,A,explicit_option,559aead08264d5795d3909718cdd05abd49572e84fe55590eef31a88a08fdffd
277,I_58398_58793_left_x,exact,A,A,explicit_option,559aead08264d5795d3909718cdd05abd49572e84fe55590eef31a88a08fdffd
278,D_93812_275,exact,A,A,explicit_option,559aead08264d5795d3909718cdd05abd49572e84fe55590eef31a88a08fdffd
279,I_20294_65030_right_x,exact,A,A,explicit_option,559aead08264d5795d3909718cdd05abd49572e84fe55590eef31a88a08fdffd
280,I_57833_83742_left_s,exact,A,A,explicit_option,559aead08264d5795d3909718cdd05abd49572e84fe55590eef31a88a08fdffd
281,G_32467_right_512,exact,A,A,explicit_option,559aead08264d5795d3909718cdd05abd49572e84fe55590eef31a88a08fdffd
282,G_93812_right_2673,exact,A,A,explicit_option,559aead08264d5795d3909718cdd05abd49572e84fe55590eef31a88a08fdffd
283,I_56583_69658_right_s,exact,A,A,explicit_option,559aead08264d5795d3909718cdd05abd49572e84fe55590eef31a88a08fdffd
284,I_20294_69658_left_x,exact,A,A,explicit_option,559aead08264d5795d3909718cdd05abd49572e84fe55590eef31a88a08fdffd
285,G_27295_left_338,exact,A,A,explicit_option,559aead08264d5795d3909718cdd05abd49572e84fe55590eef31a88a08fdffd
286,I_58793_87757_left_s,exact,A,A,explicit_option,559aead08264d5795d3909718cdd05abd49572e84fe55590eef31a88a08fdffd
287,D_99775_298,exact,A,A,explicit_option,559aead08264d5795d3909718cdd05abd49572e84fe55590eef31a88a08fdffd
288,I_57833_93812_right_x,exact,A,A,explicit_option,559aead08264d5795d3909718cdd05abd49572e84fe55590eef31a88a08fdffd
289,I_58398_76957_left_s,exact,A,A,explicit_option,559aead08264d5795d3909718cdd05abd49572e84fe55590eef31a88a08fdffd
290,D_58398_136,exact,A,A,explicit_option,559aead08264d5795d3909718cdd05abd49572e84fe55590eef31a88a08fdffd
291,I_47904_57833_left_x,exact,A,A,explicit_option,559aead08264d5795d3909718cdd05abd49572e84fe55590eef31a88a08fdffd
292,G_65052_right_1818,exact,A,A,explicit_option,559aead08264d5795d3909718cdd05abd49572e84fe55590eef31a88a08fdffd
293,I_27295_83742_left_s,exact,A,A,explicit_option,559aead08264d5795d3909718cdd05abd49572e84fe55590eef31a88a08fdffd
294,G_57833_left_1173,exact,A,A,explicit_option,559aead08264d5795d3909718cdd05abd49572e84fe55590eef31a88a08fdffd
295,G_89171_left_2526,exact,A,A,explicit_option,559aead08264d5795d3909718cdd05abd49572e84fe55590eef31a88a08fdffd
296,G_76957_left_2116,exact,A,A,explicit_option,559aead08264d5795d3909718cdd05abd49572e84fe55590eef31a88a08fdffd
297,I_56583_93812_left_x,exact,A,A,explicit_option,559aead08264d5795d3909718cdd05abd49572e84fe55590eef31a88a08fdffd
298,I_83742_93812_left_x,exact,A,A,explicit_option,559aead08264d5795d3909718cdd05abd49572e84fe55590eef31a88a08fdffd
299,I_14493_47904_right_s,exact,A,A,explicit_option,559aead08264d5795d3909718cdd05abd49572e84fe55590eef31a88a08fdffd
300,G_58793_left_1380,exact,A,A,explicit_option,559aead08264d5795d3909718cdd05abd49572e84fe55590eef31a88a08fdffd
301,I_24101_27295_right_s,exact,A,A,explicit_option,559aead08264d5795d3909718cdd05abd49572e84fe55590eef31a88a08fdffd
302,I_57145_57833_right_x,exact,A,A,explicit_option,559aead08264d5795d3909718cdd05abd49572e84fe55590eef31a88a08fdffd
303,G_87757_right_2470,exact,A,A,explicit_option,559aead08264d5795d3909718cdd05abd49572e84fe55590eef31a88a08fdffd
304,G_65030_right_1718,exact,A,A,explicit_option,559aead08264d5795d3909718cdd05abd49572e84fe55590eef31a88a08fdffd
305,I_69658_87757_right_s,exact,A,A,explicit_option,559aead08264d5795d3909718cdd05abd49572e84fe55590eef31a88a08fdffd
306,I_65052_87757_left_s,exact,A,A,explicit_option,559aead08264d5795d3909718cdd05abd49572e84fe55590eef31a88a08fdffd
307,G_93812_left_2641,exact,A,A,explicit_option,559aead08264d5795d3909718cdd05abd49572e84fe55590eef31a88a08fdffd
308,G_24101_left_294,exact,A,A,explicit_option,559aead08264d5795d3909718cdd05abd49572e84fe55590eef31a88a08fdffd
309,I_58793_74850_left_x,exact,A,A,explicit_option,559aead08264d5795d3909718cdd05abd49572e84fe55590eef31a88a08fdffd
310,I_57833_63029_left_x,exact,A,A,explicit_option,559aead08264d5795d3909718cdd05abd49572e84fe55590eef31a88a08fdffd
311,I_20294_69658_right_s,exact,A,A,explicit_option,559aead08264d5795d3909718cdd05abd49572e84fe55590eef31a88a08fdffd
312,G_47904_left_820,exact,A,A,explicit_option,559aead08264d5795d3909718cdd05abd49572e84fe55590eef31a88a08fdffd
313,G_14493_right_91,exact,A,A,explicit_option,559aead08264d5795d3909718cdd05abd49572e84fe55590eef31a88a08fdffd
314,D_76957_227,exact,A,A,explicit_option,559aead08264d5795d3909718cdd05abd49572e84fe55590eef31a88a08fdffd
315,I_27295_76957_left_x,exact,A,A,explicit_option,559aead08264d5795d3909718cdd05abd49572e84fe55590eef31a88a08fdffd
316,D_63029_164,exact,A,A,explicit_option,559aead08264d5795d3909718cdd05abd49572e84fe55590eef31a88a08fdffd
317,I_24101_58398_right_x,exact,A,A,explicit_option,559aead08264d5795d3909718cdd05abd49572e84fe55590eef31a88a08fdffd
318,G_24101_right_302,exact,A,A,explicit_option,559aead08264d5795d3909718cdd05abd49572e84fe55590eef31a88a08fdffd
319,G_74850_left_2000,exact,A,A,explicit_option,559aead08264d5795d3909718cdd05abd49572e84fe55590eef31a88a08fdffd
320,I_69658_99775_right_s,exact,A,A,explicit_option,559aead08264d5795d3909718cdd05abd49572e84fe55590eef31a88a08fdffd
321,D_65030_176,exact,A,A,explicit_option,559aead08264d5795d3909718cdd05abd49572e84fe55590eef31a88a08fdffd
322,G_58793_right_1475,exact,A,A,explicit_option,559aead08264d5795d3909718cdd05abd49572e84fe55590eef31a88a08fdffd
323,G_14493_left_59,exact,A,A,explicit_option,559aead08264d5795d3909718cdd05abd49572e84fe55590eef31a88a08fdffd
324,I_27295_89171_right_s,exact,A,A,explicit_option,559aead08264d5795d3909718cdd05abd49572e84fe55590eef31a88a08fdffd
325,I_44595_65052_left_s,exact,A,A,explicit_option,559aead08264d5795d3909718cdd05abd49572e84fe55590eef31a88a08fdffd
326,I_58398_63029_left_x,exact,A,A,explicit_option,559aead08264d5795d3909718cdd05abd49572e84fe55590eef31a88a08fdffd
327,I_43210_99775_right_x,exact,A,A,explicit_option,559aead08264d5795d3909718cdd05abd49572e84fe55590eef31a88a08fdffd
328,D_69658_197,exact,A,A,explicit_option,559aead08264d5795d3909718cdd05abd49572e84fe55590eef31a88a08fdffd
329,I_76957_99775_right_x,exact,A,A,explicit_option,559aead08264d5795d3909718cdd05abd49572e84fe55590eef31a88a08fdffd
330,D_96608_283,exact,A,A,explicit_option,559aead08264d5795d3909718cdd05abd49572e84fe55590eef31a88a08fdffd
331,G_87757_right_2451,exact,A,A,explicit_option,559aead08264d5795d3909718cdd05abd49572e84fe55590eef31a88a08fdffd
332,I_20294_63029_right_x,exact,A,A,explicit_option,559aead08264d5795d3909718cdd05abd49572e84fe55590eef31a88a08fdffd
333,D_74850_207,exact,A,A,explicit_option,559aead08264d5795d3909718cdd05abd49572e84fe55590eef31a88a08fdffd
334,I_47904_69658_left_s,exact,A,A,explicit_option,559aead08264d5795d3909718cdd05abd49572e84fe55590eef31a88a08fdffd
335,I_32467_89171_right_x,exact,A,A,explicit_option,559aead08264d5795d3909718cdd05abd49572e84fe55590eef31a88a08fdffd
336,G_65030_right_1703,exact,A,A,explicit_option,559aead08264d5795d3909718cdd05abd49572e84fe55590eef31a88a08fdffd
337,G_83742_left_2230,exact,A,A,explicit_option,559aead08264d5795d3909718cdd05abd49572e84fe55590eef31a88a08fdffd
338,I_20294_76957_right_x,exact,A,A,explicit_option,559aead08264d5795d3909718cdd05abd49572e84fe55590eef31a88a08fdffd
339,G_57833_right_1225,exact,A,A,explicit_option,559aead08264d5795d3909718cdd05abd49572e84fe55590eef31a88a08fdffd
340,D_24101_24,exact,A,A,explicit_option,559aead08264d5795d3909718cdd05abd49572e84fe55590eef31a88a08fdffd
341,D_58398_141,exact,A,A,explicit_option,559aead08264d5795d3909718cdd05abd49572e84fe55590eef31a88a08fdffd
342,G_32467_left_466,exact,A,A,explicit_option,559aead08264d5795d3909718cdd05abd49572e84fe55590eef31a88a08fdffd
343,I_47904_57145_left_x,exact,A,A,explicit_option,559aead08264d5795d3909718cdd05abd49572e84fe55590eef31a88a08fdffd
344,G_83742_right_2331,exact,A,A,explicit_option,559aead08264d5795d3909718cdd05abd49572e84fe55590eef31a88a08fdffd
345,G_96608_right_2786,exact,A,A,explicit_option,559aead08264d5795d3909718cdd05abd49572e84fe55590eef31a88a08fdffd
346,G_57145_right_1101,exact,A,A,explicit_option,559aead08264d5795d3909718cdd05abd49572e84fe55590eef31a88a08fdffd
347,I_32467_56583_right_s,exact,A,A,explicit_option,559aead08264d5795d3909718cdd05abd49572e84fe55590eef31a88a08fdffd
348,G_69658_right_1907,exact,A,A,explicit_option,559aead08264d5795d3909718cdd05abd49572e84fe55590eef31a88a08fdffd
349,I_20294_57145_left_s,exact,A,A,explicit_option,559aead08264d5795d3909718cdd05abd49572e84fe55590eef31a88a08fdffd
350,I_58398_99775_left_x,exact,A,A,explicit_option,559aead08264d5795d3909718cdd05abd49572e84fe55590eef31a88a08fdffd
351,D_65052_190,exact,A,A,explicit_option,559aead08264d5795d3909718cdd05abd49572e84fe55590eef31a88a08fdffd
352,G_63029_left_1488,exact,A,A,explicit_option,559aead08264d5795d3909718cdd05abd49572e84fe55590eef31a88a08fdffd
353,D_43210_70,exact,A,A,explicit_option,559aead08264d5795d3909718cdd05abd49572e84fe55590eef31a88a08fdffd
354,I_58398_96608_left_x,exact,A,A,explicit_option,559aead08264d5795d3909718cdd05abd49572e84fe55590eef31a88a08fdffd
355,I_57145_96608_left_x,exact,A,A,explicit_option,559aead08264d5795d3909718cdd05abd49572e84fe55590eef31a88a08fdffd
356,I_65030_93812_left_x,exact,A,A,explicit_option,559aead08264d5795d3909718cdd05abd49572e84fe55590eef31a88a08fdffd
357,I_32467_44595_left_s,exact,A,A,explicit_option,559aead08264d5795d3909718cdd05abd49572e84fe55590eef31a88a08fdffd
358,G_32467_right_545,exact,A,A,explicit_option,559aead08264d5795d3909718cdd05abd49572e84fe55590eef31a88a08fdffd
359,G_63029_left_1542,exact,A,A,explicit_option,559aead08264d5795d3909718cdd05abd49572e84fe55590eef31a88a08fdffd
360,D_24101_33,exact,A,A,explicit_option,559aead08264d5795d3909718cdd05abd49572e84fe55590eef31a88a08fdffd
361,G_99775_right_2928,exact,A,A,explicit_option,559aead08264d5795d3909718cdd05abd49572e84fe55590eef31a88a08fdffd
362,I_20294_87757_left_x,exact,A,A,explicit_option,559aead08264d5795d3909718cdd05abd49572e84fe55590eef31a88a08fdffd
363,G_58793_left_1383,exact,A,A,explicit_option,559aead08264d5795d3909718cdd05abd49572e84fe55590eef31a88a08fdffd
364,G_43210_left_550,exact,A,A,explicit_option,559aead08264d5795d3909718cdd05abd49572e84fe55590eef31a88a08fdffd
365,D_57145_117,exact,A,A,explicit_option,559aead08264d5795d3909718cdd05abd49572e84fe55590eef31a88a08fdffd
366,I_27295_76957_right_x,exact,A,A,explicit_option,559aead08264d5795d3909718cdd05abd49572e84fe55590eef31a88a08fdffd
367,G_57833_left_1192,exact,A,A,explicit_option,559aead08264d5795d3909718cdd05abd49572e84fe55590eef31a88a08fdffd
368,G_93812_right_2656,exact,A,A,explicit_option,559aead08264d5795d3909718cdd05abd49572e84fe55590eef31a88a08fdffd
369,I_43210_56583_left_s,exact,A,A,explicit_option,559aead08264d5795d3909718cdd05abd49572e84fe55590eef31a88a08fdffd
370,D_93812_268,exact,B,B,explicit_option,df7e70e5021544f4834bbee64a9e3789febc4be81470df629cad6ddb03320a5c
371,D_58793_154,exact,A,A,explicit_option,559aead08264d5795d3909718cdd05abd49572e84fe55590eef31a88a08fdffd
372,G_65052_left_1759,exact,A,A,explicit_option,559aead08264d5795d3909718cdd05abd49572e84fe55590eef31a88a08fdffd
373,G_76957_right_2146,exact,A,A,explicit_option,559aead08264d5795d3909718cdd05abd49572e84fe55590eef31a88a08fdffd
374,I_24101_43210_right_s,exact,A,A,explicit_option,559aead08264d5795d3909718cdd05abd49572e84fe55590eef31a88a08fdffd
375,I_20294_27295_right_x,exact,A,A,explicit_option,559aead08264d5795d3909718cdd05abd49572e84fe55590eef31a88a08fdffd
376,G_44595_right_788,exact,A,A,explicit_option,559aead08264d5795d3909718cdd05abd49572e84fe55590eef31a88a08fdffd
377,I_57833_93812_right_s,exact,A,A,explicit_option,559aead08264d5795d3909718cdd05abd49572e84fe55590eef31a88a08fdffd
378,D_47904_84,exact,A,A,explicit_option,559aead08264d5795d3909718cdd05abd49572e84fe55590eef31a88a08fdffd
379,G_56583_left_852,exact,A,A,explicit_option,559aead08264d5795d3909718cdd05abd49572e84fe55590eef31a88a08fdffd
380,I_58793_65052_right_s,exact,A,A,explicit_option,559aead08264d5795d3909718cdd05abd49572e84fe55590eef31a88a08fdffd
381,D_47904_87,exact,A,A,explicit_option,559aead08264d5795d3909718cdd05abd49572e84fe55590eef31a88a08fdffd
382,D_76957_219,exact,A,A,explicit_option,559aead08264d5795d3909718cdd05abd49572e84fe55590eef31a88a08fdffd
383,I_47904_89171_right_x,exact,A,A,explicit_option,559aead08264d5795d3909718cdd05abd49572e84fe55590eef31a88a08fdffd
384,I_43210_58398_left_x,exact,A,A,explicit_option,559aead08264d5795d3909718cdd05abd49572e84fe55590eef31a88a08fdffd
385,D_56583_107,exact,A,A,explicit_option,559aead08264d5795d3909718cdd05abd49572e84fe55590eef31a88a08fdffd
386,G_74850_left_2008,exact,A,A,explicit_option,559aead08264d5795d3909718cdd05abd49572e84fe55590eef31a88a08fdffd
387,D_63029_167,exact,A,A,explicit_option,559aead08264d5795d3909718cdd05abd49572e84fe55590eef31a88a08fdffd
388,D_96608_277,exact,A,A,explicit_option,559aead08264d5795d3909718cdd05abd49572e84fe55590eef31a88a08fdffd
389,G_83742_right_2340,exact,A,A,explicit_option,559aead08264d5795d3909718cdd05abd49572e84fe55590eef31a88a08fdffd
390,I_56583_63029_left_x,exact,A,A,explicit_option,559aead08264d5795d3909718cdd05abd49572e84fe55590eef31a88a08fdffd
391,D_96608_280,exact,A,A,explicit_option,559aead08264d5795d3909718cdd05abd49572e84fe55590eef31a88a08fdffd
392,I_65052_76957_left_x,exact,A,A,explicit_option,559aead08264d5795d3909718cdd05abd49572e84fe55590eef31a88a08fdffd
393,G_58398_right_1335,exact,A,A,explicit_option,559aead08264d5795d3909718cdd05abd49572e84fe55590eef31a88a08fdffd
394,D_83742_239,exact,A,A,explicit_option,559aead08264d5795d3909718cdd05abd49572e84fe55590eef31a88a08fdffd
395,I_63029_83742_left_s,exact,A,A,explicit_option,559aead08264d5795d3909718cdd05abd49572e84fe55590eef31a88a08fdffd
396,I_47904_56583_right_x,exact,A,A,explicit_option,559aead08264d5795d3909718cdd05abd49572e84fe55590eef31a88a08fdffd
397,G_57145_left_976,exact,A,A,explicit_option,559aead08264d5795d3909718cdd05abd49572e84fe55590eef31a88a08fdffd
398,G_76957_left_2132,exact,A,A,explicit_option,559aead08264d5795d3909718cdd05abd49572e84fe55590eef31a88a08fdffd
399,D_57145_115,exact,A,A,explicit_option,559aead08264d5795d3909718cdd05abd49572e84fe55590eef31a88a08fdffd
400,I_43210_76957_left_x,exact,A,A,explicit_option,559aead08264d5795d3909718cdd05abd49572e84fe55590eef31a88a08fdffd
401,G_14493_right_109,exact,A,A,explicit_option,559aead08264d5795d3909718cdd05abd49572e84fe55590eef31a88a08fdffd
402,I_69658_74850_left_s,exact,A,A,explicit_option,559aead08264d5795d3909718cdd05abd49572e84fe55590eef31a88a08fdffd
403,D_20294_16,exact,A,A,explicit_option,559aead08264d5795d3909718cdd05abd49572e84fe55590eef31a88a08fdffd
404,I_58793_89171_left_x,exact,A,A,explicit_option,559aead08264d5795d3909718cdd05abd49572e84fe55590eef31a88a08fdffd
405,G_99775_left_2873,exact,A,A,explicit_option,559aead08264d5795d3909718cdd05abd49572e84fe55590eef31a88a08fdffd
406,D_58793_155,exact,A,A,explicit_option,559aead08264d5795d3909718cdd05abd49572e84fe55590eef31a88a08fdffd
407,I_24101_57833_right_s,exact,A,A,explicit_option,559aead08264d5795d3909718cdd05abd49572e84fe55590eef31a88a08fdffd
408,D_74850_210,exact,A,A,explicit_option,559aead08264d5795d3909718cdd05abd49572e84fe55590eef31a88a08fdffd
409,I_47904_65052_right_s,exact,A,A,explicit_option,559aead08264d5795d3909718cdd05abd49572e84fe55590eef31a88a08fdffd
410,I_65030_89171_right_s,exact,A,A,explicit_option,559aead08264d5795d3909718cdd05abd49572e84fe55590eef31a88a08fdffd
411,G_56583_right_912,exact,A,A,explicit_option,559aead08264d5795d3909718cdd05abd49572e84fe55590eef31a88a08fdffd
412,I_43210_76957_right_x,exact,A,A,explicit_option,559aead08264d5795d3909718cdd05abd49572e84fe55590eef31a88a08fdffd
413,I_47904_74850_right_s,exact,A,A,explicit_option,559aead08264d5795d3909718cdd05abd49572e84fe55590eef31a88a08fdffd
414,D_47904_95,exact,A,A,explicit_option,559aead08264d5795d3909718cdd05abd49572e84fe55590eef31a88a08fdffd
415,G_44595_right_766,exact,A,A,explicit_option,559aead08264d5795d3909718cdd05abd49572e84fe55590eef31a88a08fdffd
416,G_43210_right_678,exact,A,A,explicit_option,559aead08264d5795d3909718cdd05abd49572e84fe55590eef31a88a08fdffd
417,D_27295_41,exact,A,A,explicit_option,559aead08264d5795d3909718cdd05abd49572e84fe55590eef31a88a08fdffd
418,I_58398_89171_left_s,exact,A,A,explicit_option,559aead08264d5795d3909718cdd05abd49572e84fe55590eef31a88a08fdffd
419,I_24101_83742_left_x,exact,A,A,explicit_option,559aead08264d5795d3909718cdd05abd49572e84fe55590eef31a88a08fdffd
420,I_57833_65052_right_s,exact,A,A,explicit_option,559aead08264d5795d3909718cdd05abd49572e84fe55590eef31a88a08fdffd
421,I_58793_63029_left_x,exact,A,A,explicit_option,559aead08264d5795d3909718cdd05abd49572e84fe55590eef31a88a08fdffd
422,G_57833_right_1242,exact,A,A,explicit_option,559aead08264d5795d3909718cdd05abd49572e84fe55590eef31a88a08fdffd
423,D_44595_79,exact,A,A,explicit_option,559aead08264d5795d3909718cdd05abd49572e84fe55590eef31a88a08fdffd
424,G_93812_right_2677,exact,A,A,explicit_option,559aead08264d5795d3909718cdd05abd49572e84fe55590eef31a88a08fdffd
425,I_44595_93812_right_x,exact,A,A,explicit_option,559aead08264d5795d3909718cdd05abd49572e84fe55590eef31a88a08fdffd
426,G_93812_right_2681,exact,A,A,explicit_option,559aead08264d5795d3909718cdd05abd49572e84fe55590eef31a88a08fdffd
427,I_57145_76957_right_s,exact,A,A,explicit_option,559aead08264d5795d3909718cdd05abd49572e84fe55590eef31a88a08fdffd
428,I_43210_89171_right_x,exact,A,A,explicit_option,559aead08264d5795d3909718cdd05abd49572e84fe55590eef31a88a08fdffd
429,D_74850_211,exact,A,A,explicit_option,559aead08264d5795d3909718cdd05abd49572e84fe55590eef31a88a08fdffd
430,I_14493_65052_right_x,exact,A,A,explicit_option,559aead08264d5795d3909718cdd05abd49572e84fe55590eef31a88a08fdffd
431,G_58793_right_1458,exact,A,A,explicit_option,559aead08264d5795d3909718cdd05abd49572e84fe55590eef31a88a08fdffd
432,G_93812_right_2688,exact,A,A,explicit_option,559aead08264d5795d3909718cdd05abd49572e84fe55590eef31a88a08fdffd
433,G_56583_right_907,exact,A,A,explicit_option,559aead08264d5795d3909718cdd05abd49572e84fe55590eef31a88a08fdffd
434,I_57145_57833_left_s,exact,A,A,explicit_option,559aead08264d5795d3909718cdd05abd49572e84fe55590eef31a88a08fdffd
435,G_65052_right_1852,exact,A,A,explicit_option,559aead08264d5795d3909718cdd05abd49572e84fe55590eef31a88a08fdffd
436,I_57145_69658_left_x,exact,A,A,explicit_option,559aead08264d5795d3909718cdd05abd49572e84fe55590eef31a88a08fdffd
437,G_65030_right_1694,exact,A,A,explicit_option,559aead08264d5795d3909718cdd05abd49572e84fe55590eef31a88a08fdffd
438,D_93812_265,exact,A,A,explicit_option,559aead08264d5795d3909718cdd05abd49572e84fe55590eef31a88a08fdffd
439,I_43210_65030_left_x,exact,A,A,explicit_option,559aead08264d5795d3909718cdd05abd49572e84fe55590eef31a88a08fdffd
440,I_44595_89171_left_s,exact,A,A,explicit_option,559aead08264d5795d3909718cdd05abd49572e84fe55590eef31a88a08fdffd
441,I_87757_93812_right_s,exact,A,A,explicit_option,559aead08264d5795d3909718cdd05abd49572e84fe55590eef31a88a08fdffd
442,I_44595_99775_right_x,exact,A,A,explicit_option,559aead08264d5795d3909718cdd05abd49572e84fe55590eef31a88a08fdffd
443,G_87757_left_2398,exact,A,A,explicit_option,559aead08264d5795d3909718cdd05abd49572e84fe55590eef31a88a08fdffd
444,I_43210_44595_right_s,exact,A,A,explicit_option,559aead08264d5795d3909718cdd05abd49572e84fe55590eef31a88a08fdffd
445,G_57833_right_1256,exact,A,A,explicit_option,559aead08264d5795d3909718cdd05abd49572e84fe55590eef31a88a08fdffd
446,I_43210_89171_left_s,exact,A,A,explicit_option,559aead08264d5795d3909718cdd05abd49572e84fe55590eef31a88a08fdffd
447,G_69658_left_1884,exact,A,A,explicit_option,559aead08264d5795d3909718cdd05abd49572e84fe55590eef31a88a08fdffd
448,G_57833_left_1134,exact,A,A,explicit_option,559aead08264d5795d3909718cdd05abd49572e84fe55590eef31a88a08fdffd
449,G_44595_left_695,exact,A,A,explicit_option,559aead08264d5795d3909718cdd05abd49572e84fe55590eef31a88a08fdffd
450,D_44595_75,exact,A,A,explicit_option,559aead08264d5795d3909718cdd05abd49572e84fe55590eef31a88a08fdffd
451,D_58793_149,exact,A,A,explicit_option,559aead08264d5795d3909718cdd05abd49572e84fe55590eef31a88a08fdffd
452,G_65052_left_1726,exact,A,A,explicit_option,559aead08264d5795d3909718cdd05abd49572e84fe55590eef31a88a08fdffd
453,I_57145_69658_right_x,exact,A,A,explicit_option,559aead08264d5795d3909718cdd05abd49572e84fe55590eef31a88a08fdffd
454,G_20294_right_261,exact,A,A,explicit_option,559aead08264d5795d3909718cdd05abd49572e84fe55590eef31a88a08fdffd
455,I_65030_87757_right_s,exact,A,A,explicit_option,559aead08264d5795d3909718cdd05abd49572e84fe55590eef31a88a08fdffd
456,I_24101_57833_right_x,exact,A,A,explicit_option,559aead08264d5795d3909718cdd05abd49572e84fe55590eef31a88a08fdffd
457,G_44595_left_739,exact,A,A,explicit_option,559aead08264d5795d3909718cdd05abd49572e84fe55590eef31a88a08fdffd
458,I_63029_99775_right_x,exact,A,A,explicit_option,559aead08264d5795d3909718cdd05abd49572e84fe55590eef31a88a08fdffd
459,G_24101_right_305,exact,A,A,explicit_option,559aead08264d5795d3909718cdd05abd49572e84fe55590eef31a88a08fdffd
460,G_65052_left_1758,exact,A,A,explicit_option,559aead08264d5795d3909718cdd05abd49572e84fe55590eef31a88a08fdffd
461,I_56583_83742_left_s,exact,A,A,explicit_option,559aead08264d5795d3909718cdd05abd49572e84fe55590eef31a88a08fdffd
462,D_58398_139,exact,A,A,explicit_option,559aead08264d5795d3909718cdd05abd49572e84fe55590eef31a88a08fdffd
463,G_32467_right_538,exact,A,A,explicit_option,559aead08264d5795d3909718cdd05abd49572e84fe55590eef31a88a08fdffd
464,D_47904_91,exact,A,A,explicit_option,559aead08264d5795d3909718cdd05abd49572e84fe55590eef31a88a08fdffd
465,G_47904_left_822,exact,A,A,explicit_option,559aead08264d5795d3909718cdd05abd49572e84fe55590eef31a88a08fdffd
466,G_87757_left_2365,exact,A,A,explicit_option,559aead08264d5795d3909718cdd05abd49572e84fe55590eef31a88a08fdffd
467,I_14493_58398_right_s,exact,A,A,explicit_option,559aead08264d5795d3909718cdd05abd49572e84fe55590eef31a88a08fdffd
468,I_56583_58398_right_s,exact,A,A,explicit_option,559aead08264d5795d3909718cdd05abd49572e84fe55590eef31a88a08fdffd
469,I_24101_65030_left_s,exact,A,A,explicit_option,559aead08264d5795d3909718cdd05abd49572e84fe55590eef31a88a08fdffd
470,G_56583_left_864,exact,A,A,explicit_option,559aead08264d5795d3909718cdd05abd49572e84fe55590eef31a88a08fdffd
471,I_74850_83742_right_s,exact,A,A,explicit_option,559aead08264d5795d3909718cdd05abd49572e84fe55590eef31a88a08fdffd
472,I_24101_74850_right_s,exact,A,A,explicit_option,559aead08264d5795d3909718cdd05abd49572e84fe55590eef31a88a08fdffd
473,I_65030_69658_right_s,exact,A,A,explicit_option,559aead08264d5795d3909718cdd05abd49572e84fe55590eef31a88a08fdffd
474,I_89171_99775_right_s,exact,A,A,explicit_option,559aead08264d5795d3909718cdd05abd49572e84fe55590eef31a88a08fdffd
475,I_63029_99775_left_x,exact,A,A,explicit_option,559aead08264d5795d3909718cdd05abd49572e84fe55590eef31a88a08fdffd
476,I_14493_27295_right_x,exact,A,A,explicit_option,559aead08264d5795d3909718cdd05abd49572e84fe55590eef31a88a08fdffd
477,I_24101_87757_left_s,exact,A,A,explicit_option,559aead08264d5795d3909718cdd05abd49572e84fe55590eef31a88a08fdffd
478,D_20294_19,exact,A,A,explicit_option,559aead08264d5795d3909718cdd05abd49572e84fe55590eef31a88a08fdffd
479,I_57833_58793_right_s,exact,A,A,explicit_option,559aead08264d5795d3909718cdd05abd49572e84fe55590eef31a88a08fdffd
480,I_47904_89171_left_x,exact,A,A,explicit_option,559aead08264d5795d3909718cdd05abd49572e84fe55590eef31a88a08fdffd
481,G_32467_left_455,exact,A,A,explicit_option,559aead08264d5795d3909718cdd05abd49572e84fe55590eef31a88a08fdffd
482,G_24101_right_303,exact,A,A,explicit_option,559aead08264d5795d3909718cdd05abd49572e84fe55590eef31a88a08fdffd
483,D_47904_85,exact,A,A,explicit_option,559aead08264d5795d3909718cdd05abd49572e84fe55590eef31a88a08fdffd
484,G_43210_right_675,exact,A,A,explicit_option,559aead08264d5795d3909718cdd05abd49572e84fe55590eef31a88a08fdffd
485,I_24101_58398_right_s,exact,A,A,explicit_option,559aead08264d5795d3909718cdd05abd49572e84fe55590eef31a88a08fdffd
486,D_83742_233,exact,A,A,explicit_option,559aead08264d5795d3909718cdd05abd49572e84fe55590eef31a88a08fdffd
487,G_27295_right_398,exact,A,A,explicit_option,559aead08264d5795d3909718cdd05abd49572e84fe55590eef31a88a08fdffd
488,D_20294_14,exact,A,A,explicit_option,559aead08264d5795d3909718cdd05abd49572e84fe55590eef31a88a08fdffd
489,G_58398_right_1349,exact,A,A,explicit_option,559aead08264d5795d3909718cdd05abd49572e84fe55590eef31a88a08fdffd
490,D_44595_81,exact,A,A,explicit_option,559aead08264d5795d3909718cdd05abd49572e84fe55590eef31a88a08fdffd
491,I_57833_99775_left_s,exact,A,A,explicit_option,559aead08264d5795d3909718cdd05abd49572e84fe55590eef31a88a08fdffd
492,G_99775_right_2922,exact,A,A,explicit_option,559aead08264d5795d3909718cdd05abd49572e84fe55590eef31a88a08fdffd
493,D_65030_179,exact,A,A,explicit_option,559aead08264d5795d3909718cdd05abd49572e84fe55590eef31a88a08fdffd
494,G_47904_right_829,exact,A,A,explicit_option,559aead08264d5795d3909718cdd05abd49572e84fe55590eef31a88a08fdffd
495,G_24101_right_306,exact,A,A,explicit_option,559aead08264d5795d3909718cdd05abd49572e84fe55590eef31a88a08fdffd
496,I_57833_74850_left_x,exact,A,A,explicit_option,559aead08264d5795d3909718cdd05abd49572e84fe55590eef31a88a08fdffd
497,G_76957_right_2153,exact,A,A,explicit_option,559aead08264d5795d3909718cdd05abd49572e84fe55590eef31a88a08fdffd
498,G_63029_left_1538,exact,A,A,explicit_option,559aead08264d5795d3909718cdd05abd49572e84fe55590eef31a88a08fdffd
499,I_32467_43210_right_x,exact,A,A,explicit_option,559aead08264d5795d3909718cdd05abd49572e84fe55590eef31a88a08fdffd
500,I_20294_65052_right_s,exact,A,A,explicit_option,559aead08264d5795d3909718cdd05abd49572e84fe55590eef31a88a08fdffd
501,I_44595_58793_right_x,exact,A,A,explicit_option,559aead08264d5795d3909718cdd05abd49572e84fe55590eef31a88a08fdffd
502,I_56583_74850_right_s,exact,A,A,explicit_option,559aead08264d5795d3909718cdd05abd49572e84fe55590eef31a88a08fdffd
503,D_43210_62,exact,A,A,explicit_option,559aead08264d5795d3909718cdd05abd49572e84fe55590eef31a88a08fdffd
504,I_57833_99775_left_x,exact,A,A,explicit_option,559aead08264d5795d3909718cdd05abd49572e84fe55590eef31a88a08fdffd
505,G_44595_right_812,exact,A,A,explicit_option,559aead08264d5795d3909718cdd05abd49572e84fe55590eef31a88a08fdffd
506,G_32467_left_420,exact,A,A,explicit_option,559aead08264d5795d3909718cdd05abd49572e84fe55590eef31a88a08fdffd
507,G_27295_right_377,exact,A,A,explicit_option,559aead08264d5795d3909718cdd05abd49572e84fe55590eef31a88a08fdffd
508,D_76957_216,exact,A,A,explicit_option,559aead08264d5795d3909718cdd05abd49572e84fe55590eef31a88a08fdffd
509,D_14493_3,exact,A,A,explicit_option,559aead08264d5795d3909718cdd05abd49572e84fe55590eef31a88a08fdffd
510,I_24101_58793_left_x,exact,A,A,explicit_option,559aead08264d5795d3909718cdd05abd49572e84fe55590eef31a88a08fdffd
511,I_24101_65030_right_s,exact,A,A,explicit_option,559aead08264d5795d3909718cdd05abd49572e84fe55590eef31a88a08fdffd
512,I_56583_63029_left_s,exact,A,A,explicit_option,559aead08264d5795d3909718cdd05abd49572e84fe55590eef31a88a08fdffd
513,I_43210_57833_left_s,exact,A,A,explicit_option,559aead08264d5795d3909718cdd05abd49572e84fe55590eef31a88a08fdffd
514,I_43210_63029_left_s,exact,A,A,explicit_option,559aead08264d5795d3909718cdd05abd49572e84fe55590eef31a88a08fdffd
515,G_57145_left_960,exact,A,A,explicit_option,559aead08264d5795d3909718cdd05abd49572e84fe55590eef31a88a08fdffd
516,G_27295_left_337,exact,A,A,explicit_option,559aead08264d5795d3909718cdd05abd49572e84fe55590eef31a88a08fdffd
517,G_89171_left_2527,exact,A,A,explicit_option,559aead08264d5795d3909718cdd05abd49572e84fe55590eef31a88a08fdffd
518,G_27295_left_361,exact,A,A,explicit_option,559aead08264d5795d3909718cdd05abd49572e84fe55590eef31a88a08fdffd
519,I_44595_56583_right_s,exact,A,A,explicit_option,559aead08264d5795d3909718cdd05abd49572e84fe55590eef31a88a08fdffd
520,I_76957_83742_right_x,exact,A,A,explicit_option,559aead08264d5795d3909718cdd05abd49572e84fe55590eef31a88a08fdffd
521,D_43210_66,exact,A,A,explicit_option,559aead08264d5795d3909718cdd05abd49572e84fe55590eef31a88a08fdffd
522,I_57833_87757_left_x,exact,A,A,explicit_option,559aead08264d5795d3909718cdd05abd49572e84fe55590eef31a88a08fdffd
523,I_27295_57833_left_x,exact,A,A,explicit_option,559aead08264d5795d3909718cdd05abd49572e84fe55590eef31a88a08fdffd
524,I_56583_76957_right_x,exact,A,A,explicit_option,559aead08264d5795d3909718cdd05abd49572e84fe55590eef31a88a08fdffd
525,D_76957_217,exact,A,A,explicit_option,559aead08264d5795d3909718cdd05abd49572e84fe55590eef31a88a08fdffd
526,G_89171_left_2496,exact,A,A,explicit_option,559aead08264d5795d3909718cdd05abd49572e84fe55590eef31a88a08fdffd
527,I_32467_57145_left_s,exact,A,A,explicit_option,559aead08264d5795d3909718cdd05abd49572e84fe55590eef31a88a08fdffd
528,G_96608_right_2788,exact,A,A,explicit_option,559aead08264d5795d3909718cdd05abd49572e84fe55590eef31a88a08fdffd
529,I_58793_87757_left_x,exact,A,A,explicit_option,559aead08264d5795d3909718cdd05abd49572e84fe55590eef31a88a08fdffd
530,G_58398_right_1321,exact,A,A,explicit_option,559aead08264d5795d3909718cdd05abd49572e84fe55590eef31a88a08fdffd
531,I_47904_56583_left_x,exact,A,A,explicit_option,559aead08264d5795d3909718cdd05abd49572e84fe55590eef31a88a08fdffd
532,D_65052_188,exact,A,A,explicit_option,559aead08264d5795d3909718cdd05abd49572e84fe55590eef31a88a08fdffd
533,I_44595_87757_left_x,exact,A,A,explicit_option,559aead08264d5795d3909718cdd05abd49572e84fe55590eef31a88a08fdffd
534,D_99775_290,exact,A,A,explicit_option,559aead08264d5795d3909718cdd05abd49572e84fe55590eef31a88a08fdffd
535,G_83742_right_2269,exact,A,A,explicit_option,559aead08264d5795d3909718cdd05abd49572e84fe55590eef31a88a08fdffd
536,G_32467_right_485,exact,A,A,explicit_option,559aead08264d5795d3909718cdd05abd49572e84fe55590eef31a88a08fdffd
537,D_58398_140,exact,A,A,explicit_option,559aead08264d5795d3909718cdd05abd49572e84fe55590eef31a88a08fdffd
538,I_57145_87757_right_s,exact,A,A,explicit_option,559aead08264d5795d3909718cdd05abd49572e84fe55590eef31a88a08fdffd
539,D_57833_123,exact,A,A,explicit_option,559aead08264d5795d3909718cdd05abd49572e84fe55590eef31a88a08fdffd
540,D_83742_229,exact,A,A,explicit_option,559aead08264d5795d3909718cdd05abd49572e84fe55590eef31a88a08fdffd
541,D_43210_61,exact,A,A,explicit_option,559aead08264d5795d3909718cdd05abd49572e84fe55590eef31a88a08fdffd
542,D_57145_119,exact,A,A,explicit_option,559aead08264d5795d3909718cdd05abd49572e84fe55590eef31a88a08fdffd
543,D_58398_143,exact,A,A,explicit_option,559aead08264d5795d3909718cdd05abd49572e84fe55590eef31a88a08fdffd
544,G_69658_left_1883,exact,A,A,explicit_option,559aead08264d5795d3909718cdd05abd49572e84fe55590eef31a88a08fdffd
545,G_57833_right_1204,exact,A,A,explicit_option,559aead08264d5795d3909718cdd05abd49572e84fe55590eef31a88a08fdffd
546,D_89171_254,exact,A,A,explicit_option,559aead08264d5795d3909718cdd05abd49572e84fe55590eef31a88a08fdffd
547,I_57833_69658_right_s,exact,A,A,explicit_option,559aead08264d5795d3909718cdd05abd49572e84fe55590eef31a88a08fdffd
548,I_14493_57833_right_x,exact,A,A,explicit_option,559aead08264d5795d3909718cdd05abd49572e84fe55590eef31a88a08fdffd
549,I_57145_63029_right_x,exact,A,A,explicit_option,559aead08264d5795d3909718cdd05abd49572e84fe55590eef31a88a08fdffd
550,D_47904_88,exact,A,A,explicit_option,559aead08264d5795d3909718cdd05abd49572e84fe55590eef31a88a08fdffd
551,G_65052_right_1843,exact,A,A,explicit_option,559aead08264d5795d3909718cdd05abd49572e84fe55590eef31a88a08fdffd
552,D_14493_11,exact,A,A,explicit_option,559aead08264d5795d3909718cdd05abd49572e84fe55590eef31a88a08fdffd
553,G_43210_right_625,exact,A,A,explicit_option,559aead08264d5795d3909718cdd05abd49572e84fe55590eef31a88a08fdffd
554,I_58398_93812_right_x,exact,A,A,explicit_option,559aead08264d5795d3909718cdd05abd49572e84fe55590eef31a88a08fdffd
555,I_56583_74850_left_x,exact,A,A,explicit_option,559aead08264d5795d3909718cdd05abd49572e84fe55590eef31a88a08fdffd
556,I_56583_65052_right_x,exact,A,A,explicit_option,559aead08264d5795d3909718cdd05abd49572e84fe55590eef31a88a08fdffd
557,D_65030_178,exact,A,A,explicit_option,559aead08264d5795d3909718cdd05abd49572e84fe55590eef31a88a08fdffd
558,D_65052_184,exact,A,A,explicit_option,559aead08264d5795d3909718cdd05abd49572e84fe55590eef31a88a08fdffd
559,I_57145_76957_right_x,exact,A,A,explicit_option,559aead08264d5795d3909718cdd05abd49572e84fe55590eef31a88a08fdffd
560,D_44595_80,exact,A,A,explicit_option,559aead08264d5795d3909718cdd05abd49572e84fe55590eef31a88a08fdffd
561,G_99775_left_2861,exact,A,A,explicit_option,559aead08264d5795d3909718cdd05abd49572e84fe55590eef31a88a08fdffd
562,I_14493_24101_left_s,exact,A,A,explicit_option,559aead08264d5795d3909718cdd05abd49572e84fe55590eef31a88a08fdffd
563,G_96608_right_2827,exact,A,A,explicit_option,559aead08264d5795d3909718cdd05abd49572e84fe55590eef31a88a08fdffd
564,I_27295_96608_right_s,exact,A,A,explicit_option,559aead08264d5795d3909718cdd05abd49572e84fe55590eef31a88a08fdffd
565,I_32467_76957_right_x,exact,A,A,explicit_option,559aead08264d5795d3909718cdd05abd49572e84fe55590eef31a88a08fdffd
566,G_65030_left_1637,exact,A,A,explicit_option,559aead08264d5795d3909718cdd05abd49572e84fe55590eef31a88a08fdffd
567,G_99775_left_2851,exact,A,A,explicit_option,559aead08264d5795d3909718cdd05abd49572e84fe55590eef31a88a08fdffd
568,I_14493_27295_left_s,exact,A,A,explicit_option,559aead08264d5795d3909718cdd05abd49572e84fe55590eef31a88a08fdffd
569,D_99775_297,exact,A,A,explicit_option,559aead08264d5795d3909718cdd05abd49572e84fe55590eef31a88a08fdffd
570,G_74850_left_1990,exact,A,A,explicit_option,559aead08264d5795d3909718cdd05abd49572e84fe55590eef31a88a08fdffd
571,G_43210_left_571,exact,A,A,explicit_option,559aead08264d5795d3909718cdd05abd49572e84fe55590eef31a88a08fdffd
572,D_89171_260,exact,A,A,explicit_option,559aead08264d5795d3909718cdd05abd49572e84fe55590eef31a88a08fdffd
573,G_43210_right_640,exact,A,A,explicit_option,559aead08264d5795d3909718cdd05abd49572e84fe55590eef31a88a08fdffd
574,I_58398_83742_right_x,exact,A,A,explicit_option,559aead08264d5795d3909718cdd05abd49572e84fe55590eef31a88a08fdffd
575,G_57833_left_1132,exact,A,A,explicit_option,559aead08264d5795d3909718cdd05abd49572e84fe55590eef31a88a08fdffd
576,I_65052_69658_right_s,exact,A,A,explicit_option,559aead08264d5795d3909718cdd05abd49572e84fe55590eef31a88a08fdffd
577,I_76957_87757_left_x,exact,A,A,explicit_option,559aead08264d5795d3909718cdd05abd49572e84fe55590eef31a88a08fdffd
578,G_93812_left_2590,exact,A,A,explicit_option,559aead08264d5795d3909718cdd05abd49572e84fe55590eef31a88a08fdffd
579,I_58398_65052_left_s,exact,A,A,explicit_option,559aead08264d5795d3909718cdd05abd49572e84fe55590eef31a88a08fdffd
580,G_74850_right_2071,exact,A,A,explicit_option,559aead08264d5795d3909718cdd05abd49572e84fe55590eef31a88a08fdffd
581,G_47904_right_831,exact,A,A,explicit_option,559aead08264d5795d3909718cdd05abd49572e84fe55590eef31a88a08fdffd
582,G_69658_right_1934,exact,A,A,explicit_option,559aead08264d5795d3909718cdd05abd49572e84fe55590eef31a88a08fdffd
583,G_43210_right_672,exact,A,A,explicit_option,559aead08264d5795d3909718cdd05abd49572e84fe55590eef31a88a08fdffd
584,G_76957_right_2171,exact,A,A,explicit_option,559aead08264d5795d3909718cdd05abd49572e84fe55590eef31a88a08fdffd
585,G_24101_left_293,exact,A,A,explicit_option,559aead08264d5795d3909718cdd05abd49572e84fe55590eef31a88a08fdffd
586,G_74850_left_1992,exact,A,A,explicit_option,559aead08264d5795d3909718cdd05abd49572e84fe55590eef31a88a08fdffd
587,G_56583_right_941,exact,A,A,explicit_option,559aead08264d5795d3909718cdd05abd49572e84fe55590eef31a88a08fdffd
588,I_57145_96608_right_x,exact,A,A,explicit_option,559aead08264d5795d3909718cdd05abd49572e84fe55590eef31a88a08fdffd
589,G_99775_left_2892,exact,A,A,explicit_option,559aead08264d5795d3909718cdd05abd49572e84fe55590eef31a88a08fdffd
590,D_58398_132,exact,A,A,explicit_option,559aead08264d5795d3909718cdd05abd49572e84fe55590eef31a88a08fdffd
591,I_69658_83742_left_s,exact,A,A,explicit_option,559aead08264d5795d3909718cdd05abd49572e84fe55590eef31a88a08fdffd
592,G_99775_right_2925,exact,A,A,explicit_option,559aead08264d5795d3909718cdd05abd49572e84fe55590eef31a88a08fdffd
593,D_27295_40,exact,A,A,explicit_option,559aead08264d5795d3909718cdd05abd49572e84fe55590eef31a88a08fdffd
594,I_20294_47904_right_s,exact,A,A,explicit_option,559aead08264d5795d3909718cdd05abd49572e84fe55590eef31a88a08fdffd
595,G_63029_right_1590,exact,A,A,explicit_option,559aead08264d5795d3909718cdd05abd49572e84fe55590eef31a88a08fdffd
596,G_93812_left_2614,exact,A,A,explicit_option,559aead08264d5795d3909718cdd05abd49572e84fe55590eef31a88a08fdffd
597,I_27295_69658_left_x,exact,A,A,explicit_option,559aead08264d5795d3909718cdd05abd49572e84fe55590eef31a88a08fdffd
598,I_57833_83742_left_x,exact,A,A,explicit_option,559aead08264d5795d3909718cdd05abd49572e84fe55590eef31a88a08fdffd
599,G_20294_left_141,exact,A,A,explicit_option,559aead08264d5795d3909718cdd05abd49572e84fe55590eef31a88a08fdffd
600,I_43210_74850_right_x,exact,A,A,explicit_option,559aead08264d5795d3909718cdd05abd49572e84fe55590eef31a88a08fdffd
601,I_58398_96608_right_s,exact,A,A,explicit_option,559aead08264d5795d3909718cdd05abd49572e84fe55590eef31a88a08fdffd
602,I_96608_99775_left_s,exact,A,A,explicit_option,559aead08264d5795d3909718cdd05abd49572e84fe55590eef31a88a08fdffd
603,I_20294_96608_right_x,exact,A,A,explicit_option,559aead08264d5795d3909718cdd05abd49572e84fe55590eef31a88a08fdffd
604,G_57833_right_1200,exact,A,A,explicit_option,559aead08264d5795d3909718cdd05abd49572e84fe55590eef31a88a08fdffd
605,G_76957_left_2129,exact,A,A,explicit_option,559aead08264d5795d3909718cdd05abd49572e84fe55590eef31a88a08fdffd
606,I_58793_99775_right_s,exact,A,A,explicit_option,559aead08264d5795d3909718cdd05abd49572e84fe55590eef31a88a08fdffd
607,D_65030_173,exact,A,A,explicit_option,559aead08264d5795d3909718cdd05abd49572e84fe55590eef31a88a08fdffd
608,G_58398_right_1342,exact,A,A,explicit_option,559aead08264d5795d3909718cdd05abd49572e84fe55590eef31a88a08fdffd
609,I_57145_65052_right_s,exact,A,A,explicit_option,559aead08264d5795d3909718cdd05abd49572e84fe55590eef31a88a08fdffd
610,G_89171_right_2565,exact,A,A,explicit_option,559aead08264d5795d3909718cdd05abd49572e84fe55590eef31a88a08fdffd
611,G_57145_right_1110,exact,A,A,explicit_option,559aead08264d5795d3909718cdd05abd49572e84fe55590eef31a88a08fdffd
612,G_69658_left_1901,exact,A,A,explicit_option,559aead08264d5795d3909718cdd05abd49572e84fe55590eef31a88a08fdffd
613,D_65030_169,exact,A,A,explicit_option,559aead08264d5795d3909718cdd05abd49572e84fe55590eef31a88a08fdffd
614,G_74850_left_1971,exact,A,A,explicit_option,559aead08264d5795d3909718cdd05abd49572e84fe55590eef31a88a08fdffd
615,D_56583_103,exact,A,A,explicit_option,559aead08264d5795d3909718cdd05abd49572e84fe55590eef31a88a08fdffd
616,G_87757_left_2382,exact,A,A,explicit_option,559aead08264d5795d3909718cdd05abd49572e84fe55590eef31a88a08fdffd
617,G_65052_left_1748,exact,A,A,explicit_option,559aead08264d5795d3909718cdd05abd49572e84fe55590eef31a88a08fdffd
618,I_56583_57145_right_s,exact,A,A,explicit_option,559aead08264d5795d3909718cdd05abd49572e84fe55590eef31a88a08fdffd
619,G_87757_left_2371,exact,A,A,explicit_option,559aead08264d5795d3909718cdd05abd49572e84fe55590eef31a88a08fdffd
620,G_56583_right_898,exact,A,A,explicit_option,559aead08264d5795d3909718cdd05abd49572e84fe55590eef31a88a08fdffd
621,I_32467_87757_left_s,exact,A,A,explicit_option,559aead08264d5795d3909718cdd05abd49572e84fe55590eef31a88a08fdffd
622,I_24101_87757_right_s,exact,A,A,explicit_option,559aead08264d5795d3909718cdd05abd49572e84fe55590eef31a88a08fdffd
623,I_24101_99775_left_x,exact,A,A,explicit_option,559aead08264d5795d3909718cdd05abd49572e84fe55590eef31a88a08fdffd
624,I_65052_69658_left_s,exact,A,A,explicit_option,559aead08264d5795d3909718cdd05abd49572e84fe55590eef31a88a08fdffd
625,I_44595_63029_left_x,exact,A,A,explicit_option,559aead08264d5795d3909718cdd05abd49572e84fe55590eef31a88a08fdffd
626,I_63029_99775_left_s,exact,A,A,explicit_option,559aead08264d5795d3909718cdd05abd49572e84fe55590eef31a88a08fdffd
627,I_32467_47904_left_s,exact,A,A,explicit_option,559aead08264d5795d3909718cdd05abd49572e84fe55590eef31a88a08fdffd
628,I_58793_83742_right_x,exact,A,A,explicit_option,559aead08264d5795d3909718cdd05abd49572e84fe55590eef31a88a08fdffd
629,I_32467_83742_right_x,exact,A,A,explicit_option,559aead08264d5795d3909718cdd05abd49572e84fe55590eef31a88a08fdffd
630,I_14493_93812_right_s,exact,A,A,explicit_option,559aead08264d5795d3909718cdd05abd49572e84fe55590eef31a88a08fdffd
631,I_27295_56583_right_x,exact,A,A,explicit_option,559aead08264d5795d3909718cdd05abd49572e84fe55590eef31a88a08fdffd
632,D_99775_294,exact,A,A,explicit_option,559aead08264d5795d3909718cdd05abd49572e84fe55590eef31a88a08fdffd
633,G_32467_left_430,exact,A,A,explicit_option,559aead08264d5795d3909718cdd05abd49572e84fe55590eef31a88a08fdffd
634,G_96608_right_2810,exact,A,A,explicit_option,559aead08264d5795d3909718cdd05abd49572e84fe55590eef31a88a08fdffd
635,D_32467_50,exact,A,A,explicit_option,559aead08264d5795d3909718cdd05abd49572e84fe55590eef31a88a08fdffd
636,I_65030_69658_right_x,exact,A,A,explicit_option,559aead08264d5795d3909718cdd05abd49572e84fe55590eef31a88a08fdffd
637,G_74850_right_2016,exact,A,A,explicit_option,559aead08264d5795d3909718cdd05abd49572e84fe55590eef31a88a08fdffd
638,I_47904_93812_right_s,exact,A,A,explicit_option,559aead08264d5795d3909718cdd05abd49572e84fe55590eef31a88a08fdffd
639,I_27295_65030_right_s,exact,A,A,explicit_option,559aead08264d5795d3909718cdd05abd49572e84fe55590eef31a88a08fdffd
640,I_20294_83742_left_x,exact,A,A,explicit_option,559aead08264d5795d3909718cdd05abd49572e84fe55590eef31a88a08fdffd
641,I_57833_58793_right_x,exact,A,A,explicit_option,559aead08264d5795d3909718cdd05abd49572e84fe55590eef31a88a08fdffd
642,I_43210_65030_right_x,exact,A,A,explicit_option,559aead08264d5795d3909718cdd05abd49572e84fe55590eef31a88a08fdffd
643,G_32467_left_454,exact,A,A,explicit_option,559aead08264d5795d3909718cdd05abd49572e84fe55590eef31a88a08fdffd
644,I_47904_89171_left_s,exact,A,A,explicit_option,559aead08264d5795d3909718cdd05abd49572e84fe55590eef31a88a08fdffd
645,D_20294_15,exact,A,A,explicit_option,559aead08264d5795d3909718cdd05abd49572e84fe55590eef31a88a08fdffd
646,I_65030_93812_left_s,exact,A,A,explicit_option,559aead08264d5795d3909718cdd05abd49572e84fe55590eef31a88a08fdffd
647,G_58793_left_1386,exact,A,A,explicit_option,559aead08264d5795d3909718cdd05abd49572e84fe55590eef31a88a08fdffd
648,D_76957_226,exact,A,A,explicit_option,559aead08264d5795d3909718cdd05abd49572e84fe55590eef31a88a08fdffd
649,D_63029_166,exact,A,A,explicit_option,559aead08264d5795d3909718cdd05abd49572e84fe55590eef31a88a08fdffd
650,I_20294_32467_right_s,exact,A,A,explicit_option,559aead08264d5795d3909718cdd05abd49572e84fe55590eef31a88a08fdffd
651,I_58793_87757_right_x,exact,A,A,explicit_option,559aead08264d5795d3909718cdd05abd49572e84fe55590eef31a88a08fdffd
652,I_24101_69658_left_s,exact,A,A,explicit_option,559aead08264d5795d3909718cdd05abd49572e84fe55590eef31a88a08fdffd
653,G_96608_right_2818,exact,A,A,explicit_option,559aead08264d5795d3909718cdd05abd49572e84fe55590eef31a88a08fdffd
654,G_47904_right_830,exact,A,A,explicit_option,559aead08264d5795d3909718cdd05abd49572e84fe55590eef31a88a08fdffd
655,I_47904_74850_left_x,exact,A,A,explicit_option,559aead08264d5795d3909718cdd05abd49572e84fe55590eef31a88a08fdffd
656,I_65052_76957_right_x,exact,A,A,explicit_option,559aead08264d5795d3909718cdd05abd49572e84fe55590eef31a88a08fdffd
657,I_27295_58398_right_s,exact,A,A,explicit_option,559aead08264d5795d3909718cdd05abd49572e84fe55590eef31a88a08fdffd
658,I_58793_93812_left_s,exact,A,A,explicit_option,559aead08264d5795d3909718cdd05abd49572e84fe55590eef31a88a08fdffd
659,I_44595_74850_right_s,exact,A,A,explicit_option,559aead08264d5795d3909718cdd05abd49572e84fe55590eef31a88a08fdffd
660,I_32467_96608_left_x,exact,A,A,explicit_option,559aead08264d5795d3909718cdd05abd49572e84fe55590eef31a88a08fdffd
661,I_65052_74850_right_x,exact,A,A,explicit_option,559aead08264d5795d3909718cdd05abd49572e84fe55590eef31a88a08fdffd
662,G_76957_right_2177,exact,A,A,explicit_option,559aead08264d5795d3909718cdd05abd49572e84fe55590eef31a88a08fdffd
663,I_63029_96608_left_x,exact,A,A,explicit_option,559aead08264d5795d3909718cdd05abd49572e84fe55590eef31a88a08fdffd
664,I_83742_89171_right_s,exact,A,A,explicit_option,559aead08264d5795d3909718cdd05abd49572e84fe55590eef31a88a08fdffd
665,D_76957_220,exact,A,A,explicit_option,559aead08264d5795d3909718cdd05abd49572e84fe55590eef31a88a08fdffd
666,G_74850_right_2055,exact,A,A,explicit_option,559aead08264d5795d3909718cdd05abd49572e84fe55590eef31a88a08fdffd
667,I_24101_58793_right_s,exact,A,A,explicit_option,559aead08264d5795d3909718cdd05abd49572e84fe55590eef31a88a08fdffd
668,G_83742_right_2285,exact,A,A,explicit_option,559aead08264d5795d3909718cdd05abd49572e84fe55590eef31a88a08fdffd
669,D_56583_100,exact,A,A,explicit_option,559aead08264d5795d3909718cdd05abd49572e84fe55590eef31a88a08fdffd
670,I_20294_65052_left_s,exact,A,A,explicit_option,559aead08264d5795d3909718cdd05abd49572e84fe55590eef31a88a08fdffd
671,G_43210_left_606,exact,A,A,explicit_option,559aead08264d5795d3909718cdd05abd49572e84fe55590eef31a88a08fdffd
672,I_58398_99775_right_x,exact,A,A,explicit_option,559aead08264d5795d3909718cdd05abd49572e84fe55590eef31a88a08fdffd
673,D_87757_251,exact,A,A,explicit_option,559aead08264d5795d3909718cdd05abd49572e84fe55590eef31a88a08fdffd
674,I_43210_57833_left_x,exact,A,A,explicit_option,559aead08264d5795d3909718cdd05abd49572e84fe55590eef31a88a08fdffd
675,G_14493_right_129,exact,A,A,explicit_option,559aead08264d5795d3909718cdd05abd49572e84fe55590eef31a88a08fdffd
676,I_57833_76957_right_s,exact,A,A,explicit_option,559aead08264d5795d3909718cdd05abd49572e84fe55590eef31a88a08fdffd
677,G_69658_left_1892,exact,A,A,explicit_option,559aead08264d5795d3909718cdd05abd49572e84fe55590eef31a88a08fdffd
678,I_57145_65052_left_s,exact,A,A,explicit_option,559aead08264d5795d3909718cdd05abd49572e84fe55590eef31a88a08fdffd
679,D_57145_110,exact,A,A,explicit_option,559aead08264d5795d3909718cdd05abd49572e84fe55590eef31a88a08fdffd
680,G_56583_left_862,exact,A,A,explicit_option,559aead08264d5795d3909718cdd05abd49572e84fe55590eef31a88a08fdffd
681,G_57145_left_951,exact,A,A,explicit_option,559aead08264d5795d3909718cdd05abd49572e84fe55590eef31a88a08fdffd
682,G_65052_left_1732,exact,A,A,explicit_option,559aead08264d5795d3909718cdd05abd49572e84fe55590eef31a88a08fdffd
683,G_57145_right_1090,exact,A,A,explicit_option,559aead08264d5795d3909718cdd05abd49572e84fe55590eef31a88a08fdffd
684,D_44595_82,exact,A,A,explicit_option,559aead08264d5795d3909718cdd05abd49572e84fe55590eef31a88a08fdffd
685,I_47904_76957_left_s,exact,A,A,explicit_option,559aead08264d5795d3909718cdd05abd49572e84fe55590eef31a88a08fdffd
686,D_57833_128,exact,A,A,explicit_option,559aead08264d5795d3909718cdd05abd49572e84fe55590eef31a88a08fdffd
687,G_96608_right_2782,exact,A,A,explicit_option,559aead08264d5795d3909718cdd05abd49572e84fe55590eef31a88a08fdffd
688,D_58398_137,exact,A,A,explicit_option,559aead08264d5795d3909718cdd05abd49572e84fe55590eef31a88a08fdffd
689,I_43210_99775_left_x,exact,A,A,explicit_option,559aead08264d5795d3909718cdd05abd49572e84fe55590eef31a88a08fdffd
690,G_57145_right_1105,exact,A,A,explicit_option,559aead08264d5795d3909718cdd05abd49572e84fe55590eef31a88a08fdffd
691,G_20294_right_214,exact,A,A,explicit_option,559aead08264d5795d3909718cdd05abd49572e84fe55590eef31a88a08fdffd
692,D_69658_201,exact,A,A,explicit_option,559aead08264d5795d3909718cdd05abd49572e84fe55590eef31a88a08fdffd
693,D_74850_209,exact,A,A,explicit_option,559aead08264d5795d3909718cdd05abd49572e84fe55590eef31a88a08fdffd
694,I_47904_83742_left_s,exact,A,A,explicit_option,559aead08264d5795d3909718cdd05abd49572e84fe55590eef31a88a08fdffd
695,I_65030_65052_left_s,exact,A,A,explicit_option,559aead08264d5795d3909718cdd05abd49572e84fe55590eef31a88a08fdffd
696,I_63029_65030_right_s,exact,A,A,explicit_option,559aead08264d5795d3909718cdd05abd49572e84fe55590eef31a88a08fdffd
697,G_43210_right_669,exact,A,A,explicit_option,559aead08264d5795d3909718cdd05abd49572e84fe55590eef31a88a08fdffd
698,G_83742_right_2295,exact,A,A,explicit_option,559aead08264d5795d3909718cdd05abd49572e84fe55590eef31a88a08fdffd
699,G_14493_left_30,exact,A,A,explicit_option,559aead08264d5795d3909718cdd05abd49572e84fe55590eef31a88a08fdffd
700,G_93812_right_2664,exact,A,A,explicit_option,559aead08264d5795d3909718cdd05abd49572e84fe55590eef31a88a08fdffd
701,D_57833_124,exact,A,A,explicit_option,559aead08264d5795d3909718cdd05abd49572e84fe55590eef31a88a08fdffd
702,D_27295_42,exact,A,A,explicit_option,559aead08264d5795d3909718cdd05abd49572e84fe55590eef31a88a08fdffd
703,I_27295_87757_left_x,exact,A,A,explicit_option,559aead08264d5795d3909718cdd05abd49572e84fe55590eef31a88a08fdffd
704,G_43210_left_559,exact,A,A,explicit_option,559aead08264d5795d3909718cdd05abd49572e84fe55590eef31a88a08fdffd
705,I_44595_96608_right_s,exact,A,A,explicit_option,559aead08264d5795d3909718cdd05abd49572e84fe55590eef31a88a08fdffd
706,G_89171_right_2550,exact,A,A,explicit_option,559aead08264d5795d3909718cdd05abd49572e84fe55590eef31a88a08fdffd
707,D_87757_244,exact,A,A,explicit_option,559aead08264d5795d3909718cdd05abd49572e84fe55590eef31a88a08fdffd
708,G_83742_right_2341,exact,A,A,explicit_option,559aead08264d5795d3909718cdd05abd49572e84fe55590eef31a88a08fdffd
709,G_44595_right_779,exact,A,A,explicit_option,559aead08264d5795d3909718cdd05abd49572e84fe55590eef31a88a08fdffd
710,G_14493_right_120,exact,A,A,explicit_option,559aead08264d5795d3909718cdd05abd49572e84fe55590eef31a88a08fdffd
711,I_43210_57145_right_x,exact,A,A,explicit_option,559aead08264d5795d3909718cdd05abd49572e84fe55590eef31a88a08fdffd
712,I_57833_89171_left_s,exact,A,A,explicit_option,559aead08264d5795d3909718cdd05abd49572e84fe55590eef31a88a08fdffd
713,G_65030_left_1649,exact,A,A,explicit_option,559aead08264d5795d3909718cdd05abd49572e84fe55590eef31a88a08fdffd
714,G_44595_left_723,exact,A,A,explicit_option,559aead08264d5795d3909718cdd05abd49572e84fe55590eef31a88a08fdffd
715,I_83742_96608_right_s,exact,A,A,explicit_option,559aead08264d5795d3909718cdd05abd49572e84fe55590eef31a88a08fdffd
716,I_44595_65030_right_s,exact,A,A,explicit_option,559aead08264d5795d3909718cdd05abd49572e84fe55590eef31a88a08fdffd
717,I_58793_99775_left_x,exact,A,A,explicit_option,559aead08264d5795d3909718cdd05abd49572e84fe55590eef31a88a08fdffd
718,I_83742_93812_right_x,exact,A,A,explicit_option,559aead08264d5795d3909718cdd05abd49572e84fe55590eef31a88a08fdffd
719,I_14493_76957_right_x,exact,A,A,explicit_option,559aead08264d5795d3909718cdd05abd49572e84fe55590eef31a88a08fdffd
720,I_14493_63029_right_x,exact,A,A,explicit_option,559aead08264d5795d3909718cdd05abd49572e84fe55590eef31a88a08fdffd
721,I_43210_96608_left_x,exact,A,A,explicit_option,559aead08264d5795d3909718cdd05abd49572e84fe55590eef31a88a08fdffd
722,G_14493_left_63,exact,A,A,explicit_option,559aead08264d5795d3909718cdd05abd49572e84fe55590eef31a88a08fdffd
723,I_14493_43210_left_x,exact,A,A,explicit_option,559aead08264d5795d3909718cdd05abd49572e84fe55590eef31a88a08fdffd
724,D_93812_267,exact,A,A,explicit_option,559aead08264d5795d3909718cdd05abd49572e84fe55590eef31a88a08fdffd
725,I_20294_24101_left_s,exact,A,A,explicit_option,559aead08264d5795d3909718cdd05abd49572e84fe55590eef31a88a08fdffd
726,D_44595_74,exact,A,A,explicit_option,559aead08264d5795d3909718cdd05abd49572e84fe55590eef31a88a08fdffd
727,G_76957_right_2169,exact,A,A,explicit_option,559aead08264d5795d3909718cdd05abd49572e84fe55590eef31a88a08fdffd
728,I_56583_57833_right_x,exact,A,A,explicit_option,559aead08264d5795d3909718cdd05abd49572e84fe55590eef31a88a08fdffd
729,I_69658_93812_left_x,exact,A,A,explicit_option,559aead08264d5795d3909718cdd05abd49572e84fe55590eef31a88a08fdffd
730,I_57145_87757_left_s,exact,A,A,explicit_option,559aead08264d5795d3909718cdd05abd49572e84fe55590eef31a88a08fdffd
731,D_83742_231,exact,A,A,explicit_option,559aead08264d5795d3909718cdd05abd49572e84fe55590eef31a88a08fdffd
732,G_87757_right_2446,exact,A,A,explicit_option,559aead08264d5795d3909718cdd05abd49572e84fe55590eef31a88a08fdffd
733,G_87757_right_2429,exact,A,A,explicit_option,559aead08264d5795d3909718cdd05abd49572e84fe55590eef31a88a08fdffd
734,I_20294_65030_right_s,exact,A,A,explicit_option,559aead08264d5795d3909718cdd05abd49572e84fe55590eef31a88a08fdffd
735,I_57145_83742_right_x,exact,A,A,explicit_option,559aead08264d5795d3909718cdd05abd49572e84fe55590eef31a88a08fdffd
736,G_56583_right_901,exact,A,A,explicit_option,559aead08264d5795d3909718cdd05abd49572e84fe55590eef31a88a08fdffd
737,G_47904_left_815,exact,A,A,explicit_option,559aead08264d5795d3909718cdd05abd49572e84fe55590eef31a88a08fdffd
738,I_44595_93812_left_x,exact,A,A,explicit_option,559aead08264d5795d3909718cdd05abd49572e84fe55590eef31a88a08fdffd
739,I_57145_65052_right_x,exact,A,A,explicit_option,559aead08264d5795d3909718cdd05abd49572e84fe55590eef31a88a08fdffd
740,G_76957_right_2174,exact,A,A,explicit_option,559aead08264d5795d3909718cdd05abd49572e84fe55590eef31a88a08fdffd
741,G_32467_left_450,exact,A,A,explicit_option,559aead08264d5795d3909718cdd05abd49572e84fe55590eef31a88a08fdffd
742,I_32467_83742_right_s,exact,A,A,explicit_option,559aead08264d5795d3909718cdd05abd49572e84fe55590eef31a88a08fdffd
743,I_57145_99775_left_x,exact,A,A,explicit_option,559aead08264d5795d3909718cdd05abd49572e84fe55590eef31a88a08fdffd
744,G_58398_left_1303,exact,A,A,explicit_option,559aead08264d5795d3909718cdd05abd49572e84fe55590eef31a88a08fdffd
745,I_63029_87757_left_s,exact,A,A,explicit_option,559aead08264d5795d3909718cdd05abd49572e84fe55590eef31a88a08fdffd
746,G_57145_left_991,exact,A,A,explicit_option,559aead08264d5795d3909718cdd05abd49572e84fe55590eef31a88a08fdffd
747,G_93812_right_2685,exact,A,A,explicit_option,559aead08264d5795d3909718cdd05abd49572e84fe55590eef31a88a08fdffd
748,G_76957_left_2096,exact,A,A,explicit_option,559aead08264d5795d3909718cdd05abd49572e84fe55590eef31a88a08fdffd
749,D_14493_5,exact,A,A,explicit_option,559aead08264d5795d3909718cdd05abd49572e84fe55590eef31a88a08fdffd
750,I_65030_89171_left_x,exact,A,A,explicit_option,559aead08264d5795d3909718cdd05abd49572e84fe55590eef31a88a08fdffd
751,G_63029_left_1526,exact,A,A,explicit_option,559aead08264d5795d3909718cdd05abd49572e84fe55590eef31a88a08fdffd
752,D_96608_279,exact,A,A,explicit_option,559aead08264d5795d3909718cdd05abd49572e84fe55590eef31a88a08fdffd
753,D_27295_39,exact,A,A,explicit_option,559aead08264d5795d3909718cdd05abd49572e84fe55590eef31a88a08fdffd
754,G_58793_left_1406,exact,A,A,explicit_option,559aead08264d5795d3909718cdd05abd49572e84fe55590eef31a88a08fdffd
755,G_27295_left_350,exact,A,A,explicit_option,559aead08264d5795d3909718cdd05abd49572e84fe55590eef31a88a08fdffd
756,G_44595_left_722,exact,A,A,explicit_option,559aead08264d5795d3909718cdd05abd49572e84fe55590eef31a88a08fdffd
757,I_44595_63029_right_s,exact,A,A,explicit_option,559aead08264d5795d3909718cdd05abd49572e84fe55590eef31a88a08fdffd
758,G_47904_right_827,exact,A,A,explicit_option,559aead08264d5795d3909718cdd05abd49572e84fe55590eef31a88a08fdffd
759,I_24101_32467_right_s,exact,A,A,explicit_option,559aead08264d5795d3909718cdd05abd49572e84fe55590eef31a88a08fdffd
760,G_58398_left_1275,exact,A,A,explicit_option,559aead08264d5795d3909718cdd05abd49572e84fe55590eef31a88a08fdffd
761,I_83742_87757_right_x,exact,A,A,explicit_option,559aead08264d5795d3909718cdd05abd49572e84fe55590eef31a88a08fdffd
762,I_43210_44595_right_x,exact,A,A,explicit_option,559aead08264d5795d3909718cdd05abd49572e84fe55590eef31a88a08fdffd
763,I_44595_57145_right_s,exact,A,A,explicit_option,559aead08264d5795d3909718cdd05abd49572e84fe55590eef31a88a08fdffd
764,G_14493_right_119,exact,A,A,explicit_option,559aead08264d5795d3909718cdd05abd49572e84fe55590eef31a88a08fdffd
765,D_89171_259,exact,A,A,explicit_option,559aead08264d5795d3909718cdd05abd49572e84fe55590eef31a88a08fdffd
766,G_24101_left_291,exact,A,A,explicit_option,559aead08264d5795d3909718cdd05abd49572e84fe55590eef31a88a08fdffd
767,I_58398_65052_right_s,exact,A,A,explicit_option,559aead08264d5795d3909718cdd05abd49572e84fe55590eef31a88a08fdffd
768,I_65030_87757_left_s,exact,A,A,explicit_option,559aead08264d5795d3909718cdd05abd49572e84fe55590eef31a88a08fdffd
769,G_76957_right_2163,exact,A,A,explicit_option,559aead08264d5795d3909718cdd05abd49572e84fe55590eef31a88a08fdffd
770,G_65052_right_1803,exact,A,A,explicit_option,559aead08264d5795d3909718cdd05abd49572e84fe55590eef31a88a08fdffd
771,G_24101_right_299,exact,A,A,explicit_option,559aead08264d5795d3909718cdd05abd49572e84fe55590eef31a88a08fdffd
772,D_89171_253,exact,A,A,explicit_option,559aead08264d5795d3909718cdd05abd49572e84fe55590eef31a88a08fdffd
773,I_14493_20294_right_s,exact,A,A,explicit_option,559aead08264d5795d3909718cdd05abd49572e84fe55590eef31a88a08fdffd
774,D_57145_112,exact,A,A,explicit_option,559aead08264d5795d3909718cdd05abd49572e84fe55590eef31a88a08fdffd
775,G_99775_right_2956,exact,A,A,explicit_option,559aead08264d5795d3909718cdd05abd49572e84fe55590eef31a88a08fdffd
776,D_93812_270,exact,A,A,explicit_option,559aead08264d5795d3909718cdd05abd49572e84fe55590eef31a88a08fdffd
777,G_57145_left_946,exact,A,A,explicit_option,559aead08264d5795d3909718cdd05abd49572e84fe55590eef31a88a08fdffd
778,I_24101_89171_left_x,exact,A,A,explicit_option,559aead08264d5795d3909718cdd05abd49572e84fe55590eef31a88a08fdffd
779,G_44595_left_757,exact,A,A,explicit_option,559aead08264d5795d3909718cdd05abd49572e84fe55590eef31a88a08fdffd
780,D_24101_25,exact,A,A,explicit_option,559aead08264d5795d3909718cdd05abd49572e84fe55590eef31a88a08fdffd
781,G_44595_right_803,exact,A,A,explicit_option,559aead08264d5795d3909718cdd05abd49572e84fe55590eef31a88a08fdffd
782,G_96608_right_2787,exact,A,A,explicit_option,559aead08264d5795d3909718cdd05abd49572e84fe55590eef31a88a08fdffd
783,G_20294_right_254,exact,A,A,explicit_option,559aead08264d5795d3909718cdd05abd49572e84fe55590eef31a88a08fdffd
784,I_65030_83742_right_x,exact,A,A,explicit_option,559aead08264d5795d3909718cdd05abd49572e84fe55590eef31a88a08fdffd
785,I_27295_89171_right_x,exact,A,A,explicit_option,559aead08264d5795d3909718cdd05abd49572e84fe55590eef31a88a08fdffd
786,D_57833_120,exact,A,A,explicit_option,559aead08264d5795d3909718cdd05abd49572e84fe55590eef31a88a08fdffd
787,D_58793_148,exact,A,A,explicit_option,559aead08264d5795d3909718cdd05abd49572e84fe55590eef31a88a08fdffd
788,I_43210_65052_left_x,exact,A,A,explicit_option,559aead08264d5795d3909718cdd05abd49572e84fe55590eef31a88a08fdffd
789,D_47904_89,exact,A,A,explicit_option,559aead08264d5795d3909718cdd05abd49572e84fe55590eef31a88a08fdffd
790,I_32467_65030_left_x,exact,A,A,explicit_option,559aead08264d5795d3909718cdd05abd49572e84fe55590eef31a88a08fdffd
791,G_89171_left_2525,exact,A,A,explicit_option,559aead08264d5795d3909718cdd05abd49572e84fe55590eef31a88a08fdffd
792,I_27295_56583_left_s,exact,A,A,explicit_option,559aead08264d5795d3909718cdd05abd49572e84fe55590eef31a88a08fdffd
793,D_58793_152,exact,A,A,explicit_option,559aead08264d5795d3909718cdd05abd49572e84fe55590eef31a88a08fdffd
794,G_63029_right_1579,exact,A,A,explicit_option,559aead08264d5795d3909718cdd05abd49572e84fe55590eef31a88a08fdffd
795,D_14493_2,exact,A,A,explicit_option,559aead08264d5795d3909718cdd05abd49572e84fe55590eef31a88a08fdffd
796,G_65030_left_1665,exact,A,A,explicit_option,559aead08264d5795d3909718cdd05abd49572e84fe55590eef31a88a08fdffd
797,G_74850_left_1977,exact,A,A,explicit_option,559aead08264d5795d3909718cdd05abd49572e84fe55590eef31a88a08fdffd
798,D_93812_264,exact,A,A,explicit_option,559aead08264d5795d3909718cdd05abd49572e84fe55590eef31a88a08fdffd
799,G_76957_right_2150,exact,A,A,explicit_option,559aead08264d5795d3909718cdd05abd49572e84fe55590eef31a88a08fdffd
800,D_32467_56,exact,A,A,explicit_option,559aead08264d5795d3909718cdd05abd49572e84fe55590eef31a88a08fdffd
801,G_74850_left_1984,exact,A,A,explicit_option,559aead08264d5795d3909718cdd05abd49572e84fe55590eef31a88a08fdffd
802,I_27295_57145_left_x,exact,A,A,explicit_option,559aead08264d5795d3909718cdd05abd49572e84fe55590eef31a88a08fdffd
803,D_74850_205,exact,A,A,explicit_option,559aead08264d5795d3909718cdd05abd49572e84fe55590eef31a88a08fdffd
804,G_56583_left_854,exact,A,A,explicit_option,559aead08264d5795d3909718cdd05abd49572e84fe55590eef31a88a08fdffd
805,I_24101_74850_left_x,exact,A,A,explicit_option,559aead08264d5795d3909718cdd05abd49572e84fe55590eef31a88a08fdffd
806,I_69658_99775_left_x,exact,A,A,explicit_option,559aead08264d5795d3909718cdd05abd49572e84fe55590eef31a88a08fdffd
807,G_87757_left_2380,exact,A,A,explicit_option,559aead08264d5795d3909718cdd05abd49572e84fe55590eef31a88a08fdffd
808,D_24101_26,exact,A,A,explicit_option,559aead08264d5795d3909718cdd05abd49572e84fe55590eef31a88a08fdffd
809,I_24101_89171_left_s,exact,A,A,explicit_option,559aead08264d5795d3909718cdd05abd49572e84fe55590eef31a88a08fdffd
810,G_87757_left_2369,exact,A,A,explicit_option,559aead08264d5795d3909718cdd05abd49572e84fe55590eef31a88a08fdffd
811,G_87757_left_2346,exact,A,A,explicit_option,559aead08264d5795d3909718cdd05abd49572e84fe55590eef31a88a08fdffd
812,G_65052_left_1788,exact,A,A,explicit_option,559aead08264d5795d3909718cdd05abd49572e84fe55590eef31a88a08fdffd
813,I_43210_63029_left_x,exact,A,A,explicit_option,559aead08264d5795d3909718cdd05abd49572e84fe55590eef31a88a08fdffd
814,I_20294_44595_right_x,exact,A,A,explicit_option,559aead08264d5795d3909718cdd05abd49572e84fe55590eef31a88a08fdffd
815,D_99775_295,exact,A,A,explicit_option,559aead08264d5795d3909718cdd05abd49572e84fe55590eef31a88a08fdffd
816,G_69658_right_1941,exact,A,A,explicit_option,559aead08264d5795d3909718cdd05abd49572e84fe55590eef31a88a08fdffd
817,D_89171_255,exact,A,A,explicit_option,559aead08264d5795d3909718cdd05abd49572e84fe55590eef31a88a08fdffd
818,G_27295_left_322,exact,A,A,explicit_option,559aead08264d5795d3909718cdd05abd49572e84fe55590eef31a88a08fdffd
819,G_74850_left_1991,exact,A,A,explicit_option,559aead08264d5795d3909718cdd05abd49572e84fe55590eef31a88a08fdffd
820,I_69658_87757_right_x,exact,A,A,explicit_option,559aead08264d5795d3909718cdd05abd49572e84fe55590eef31a88a08fdffd
821,G_44595_right_808,exact,A,A,explicit_option,559aead08264d5795d3909718cdd05abd49572e84fe55590eef31a88a08fdffd
822,D_43210_71,exact,A,A,explicit_option,559aead08264d5795d3909718cdd05abd49572e84fe55590eef31a88a08fdffd
823,D_76957_224,exact,A,A,explicit_option,559aead08264d5795d3909718cdd05abd49572e84fe55590eef31a88a08fdffd
824,G_32467_right_493,exact,A,A,explicit_option,559aead08264d5795d3909718cdd05abd49572e84fe55590eef31a88a08fdffd
825,I_44595_76957_right_x,exact,A,A,explicit_option,559aead08264d5795d3909718cdd05abd49572e84fe55590eef31a88a08fdffd
826,I_20294_58398_right_x,exact,A,A,explicit_option,559aead08264d5795d3909718cdd05abd49572e84fe55590eef31a88a08fdffd
827,D_96608_281,exact,A,A,explicit_option,559aead08264d5795d3909718cdd05abd49572e84fe55590eef31a88a08fdffd
828,I_44595_58398_right_s,exact,A,A,explicit_option,559aead08264d5795d3909718cdd05abd49572e84fe55590eef31a88a08fdffd
829,G_57833_right_1246,exact,A,A,explicit_option,559aead08264d5795d3909718cdd05abd49572e84fe55590eef31a88a08fdffd
830,I_43210_83742_left_x,exact,A,A,explicit_option,559aead08264d5795d3909718cdd05abd49572e84fe55590eef31a88a08fdffd
831,I_43210_99775_left_s,exact,A,A,explicit_option,559aead08264d5795d3909718cdd05abd49572e84fe55590eef31a88a08fdffd
832,G_24101_right_307,exact,A,A,explicit_option,559aead08264d5795d3909718cdd05abd49572e84fe55590eef31a88a08fdffd
833,I_47904_57145_right_s,exact,A,A,explicit_option,559aead08264d5795d3909718cdd05abd49572e84fe55590eef31a88a08fdffd
834,D_44595_76,exact,A,A,explicit_option,559aead08264d5795d3909718cdd05abd49572e84fe55590eef31a88a08fdffd
835,D_20294_23,exact,A,A,explicit_option,559aead08264d5795d3909718cdd05abd49572e84fe55590eef31a88a08fdffd
836,I_57145_69658_left_s,exact,A,A,explicit_option,559aead08264d5795d3909718cdd05abd49572e84fe55590eef31a88a08fdffd
837,G_58398_right_1350,exact,A,A,explicit_option,559aead08264d5795d3909718cdd05abd49572e84fe55590eef31a88a08fdffd
838,G_83742_right_2271,exact,A,A,explicit_option,559aead08264d5795d3909718cdd05abd49572e84fe55590eef31a88a08fdffd
839,G_89171_right_2566,exact,A,A,explicit_option,559aead08264d5795d3909718cdd05abd49572e84fe55590eef31a88a08fdffd
840,D_65030_171,exact,A,A,explicit_option,559aead08264d5795d3909718cdd05abd49572e84fe55590eef31a88a08fdffd
841,I_58398_93812_left_x,exact,A,A,explicit_option,559aead08264d5795d3909718cdd05abd49572e84fe55590eef31a88a08fdffd
842,G_27295_right_408,exact,A,A,explicit_option,559aead08264d5795d3909718cdd05abd49572e84fe55590eef31a88a08fdffd
843,G_69658_left_1865,exact,A,A,explicit_option,559aead08264d5795d3909718cdd05abd49572e84fe55590eef31a88a08fdffd
844,I_47904_76957_right_x,exact,A,A,explicit_option,559aead08264d5795d3909718cdd05abd49572e84fe55590eef31a88a08fdffd
845,I_24101_96608_right_s,exact,A,A,explicit_option,559aead08264d5795d3909718cdd05abd49572e84fe55590eef31a88a08fdffd
846,D_99775_296,exact,A,A,explicit_option,559aead08264d5795d3909718cdd05abd49572e84fe55590eef31a88a08fdffd
847,G_65052_right_1814,exact,A,A,explicit_option,559aead08264d5795d3909718cdd05abd49572e84fe55590eef31a88a08fdffd
848,D_56583_101,exact,A,A,explicit_option,559aead08264d5795d3909718cdd05abd49572e84fe55590eef31a88a08fdffd
849,I_44595_69658_right_x,exact,A,A,explicit_option,559aead08264d5795d3909718cdd05abd49572e84fe55590eef31a88a08fdffd
850,I_43210_58793_right_s,exact,A,A,explicit_option,559aead08264d5795d3909718cdd05abd49572e84fe55590eef31a88a08fdffd
851,I_58398_74850_left_s,exact,A,A,explicit_option,559aead08264d5795d3909718cdd05abd49572e84fe55590eef31a88a08fdffd
852,G_74850_right_2022,exact,A,A,explicit_option,559aead08264d5795d3909718cdd05abd49572e84fe55590eef31a88a08fdffd
853,G_74850_left_1997,exact,A,A,explicit_option,559aead08264d5795d3909718cdd05abd49572e84fe55590eef31a88a08fdffd
854,I_63029_87757_right_x,exact,A,A,explicit_option,559aead08264d5795d3909718cdd05abd49572e84fe55590eef31a88a08fdffd
855,D_43210_67,exact,A,A,explicit_option,559aead08264d5795d3909718cdd05abd49572e84fe55590eef31a88a08fdffd
856,I_69658_99775_right_x,exact,A,A,explicit_option,559aead08264d5795d3909718cdd05abd49572e84fe55590eef31a88a08fdffd
857,D_24101_29,exact,A,A,explicit_option,559aead08264d5795d3909718cdd05abd49572e84fe55590eef31a88a08fdffd
858,G_99775_right_2916,exact,A,A,explicit_option,559aead08264d5795d3909718cdd05abd49572e84fe55590eef31a88a08fdffd
859,G_43210_left_569,exact,A,A,explicit_option,559aead08264d5795d3909718cdd05abd49572e84fe55590eef31a88a08fdffd
860,G_44595_left_690,exact,A,A,explicit_option,559aead08264d5795d3909718cdd05abd49572e84fe55590eef31a88a08fdffd
861,I_32467_93812_right_s,exact,A,A,explicit_option,559aead08264d5795d3909718cdd05abd49572e84fe55590eef31a88a08fdffd
862,G_83742_left_2239,exact,A,A,explicit_option,559aead08264d5795d3909718cdd05abd49572e84fe55590eef31a88a08fdffd
863,I_43210_87757_right_s,exact,A,A,explicit_option,559aead08264d5795d3909718cdd05abd49572e84fe55590eef31a88a08fdffd
864,G_58398_left_1307,exact,A,A,explicit_option,559aead08264d5795d3909718cdd05abd49572e84fe55590eef31a88a08fdffd
865,G_87757_right_2453,exact,A,A,explicit_option,559aead08264d5795d3909718cdd05abd49572e84fe55590eef31a88a08fdffd
866,D_65052_191,exact,A,A,explicit_option,559aead08264d5795d3909718cdd05abd49572e84fe55590eef31a88a08fdffd
867,I_43210_57145_left_x,exact,A,A,explicit_option,559aead08264d5795d3909718cdd05abd49572e84fe55590eef31a88a08fdffd
868,I_58398_63029_left_s,exact,A,A,explicit_option,559aead08264d5795d3909718cdd05abd49572e84fe55590eef31a88a08fdffd
869,I_69658_96608_left_s,exact,A,A,explicit_option,559aead08264d5795d3909718cdd05abd49572e84fe55590eef31a88a08fdffd
870,G_47904_right_826,exact,A,A,explicit_option,559aead08264d5795d3909718cdd05abd49572e84fe55590eef31a88a08fdffd
871,G_27295_left_343,exact,A,A,explicit_option,559aead08264d5795d3909718cdd05abd49572e84fe55590eef31a88a08fdffd
872,D_87757_245,exact,A,A,explicit_option,559aead08264d5795d3909718cdd05abd49572e84fe55590eef31a88a08fdffd
873,D_57145_114,exact,A,A,explicit_option,559aead08264d5795d3909718cdd05abd49572e84fe55590eef31a88a08fdffd
874,I_69658_96608_right_x,exact,A,A,explicit_option,559aead08264d5795d3909718cdd05abd49572e84fe55590eef31a88a08fdffd
875,G_99775_right_2908,exact,A,A,explicit_option,559aead08264d5795d3909718cdd05abd49572e84fe55590eef31a88a08fdffd
876,I_32467_47904_right_x,exact,A,A,explicit_option,559aead08264d5795d3909718cdd05abd49572e84fe55590eef31a88a08fdffd
877,G_27295_left_320,exact,A,A,explicit_option,559aead08264d5795d3909718cdd05abd49572e84fe55590eef31a88a08fdffd
878,I_87757_96608_right_x,exact,A,A,explicit_option,559aead08264d5795d3909718cdd05abd49572e84fe55590eef31a88a08fdffd
879,D_27295_36,exact,A,A,explicit_option,559aead08264d5795d3909718cdd05abd49572e84fe55590eef31a88a08fdffd
880,I_63029_87757_left_x,exact,A,A,explicit_option,559aead08264d5795d3909718cdd05abd49572e84fe55590eef31a88a08fdffd
881,D_99775_289,exact,A,A,explicit_option,559aead08264d5795d3909718cdd05abd49572e84fe55590eef31a88a08fdffd
882,I_32467_65052_left_x,exact,A,A,explicit_option,559aead08264d5795d3909718cdd05abd49572e84fe55590eef31a88a08fdffd
883,G_32467_left_470,exact,A,A,explicit_option,559aead08264d5795d3909718cdd05abd49572e84fe55590eef31a88a08fdffd
884,G_89171_right_2535,exact,A,A,explicit_option,559aead08264d5795d3909718cdd05abd49572e84fe55590eef31a88a08fdffd
885,D_32467_52,exact,A,A,explicit_option,559aead08264d5795d3909718cdd05abd49572e84fe55590eef31a88a08fdffd
886,I_44595_93812_left_s,exact,A,A,explicit_option,559aead08264d5795d3909718cdd05abd49572e84fe55590eef31a88a08fdffd
887,I_57833_65030_right_s,exact,A,A,explicit_option,559aead08264d5795d3909718cdd05abd49572e84fe55590eef31a88a08fdffd
888,G_96608_right_2816,exact,A,A,explicit_option,559aead08264d5795d3909718cdd05abd49572e84fe55590eef31a88a08fdffd
889,D_24101_31,exact,A,A,explicit_option,559aead08264d5795d3909718cdd05abd49572e84fe55590eef31a88a08fdffd
890,I_27295_96608_left_x,exact,A,A,explicit_option,559aead08264d5795d3909718cdd05abd49572e84fe55590eef31a88a08fdffd
891,G_44595_left_686,exact,A,A,explicit_option,559aead08264d5795d3909718cdd05abd49572e84fe55590eef31a88a08fdffd
892,G_14493_right_72,exact,A,A,explicit_option,559aead08264d5795d3909718cdd05abd49572e84fe55590eef31a88a08fdffd
893,D_43210_64,exact,A,A,explicit_option,559aead08264d5795d3909718cdd05abd49572e84fe55590eef31a88a08fdffd
894,I_56583_99775_right_x,exact,A,A,explicit_option,559aead08264d5795d3909718cdd05abd49572e84fe55590eef31a88a08fdffd
895,D_58398_138,exact,A,A,explicit_option,559aead08264d5795d3909718cdd05abd49572e84fe55590eef31a88a08fdffd
896,I_14493_65030_right_s,exact,A,A,explicit_option,559aead08264d5795d3909718cdd05abd49572e84fe55590eef31a88a08fdffd
897,G_99775_right_2914,exact,A,A,explicit_option,559aead08264d5795d3909718cdd05abd49572e84fe55590eef31a88a08fdffd
898,I_65052_83742_right_x,exact,A,A,explicit_option,559aead08264d5795d3909718cdd05abd49572e84fe55590eef31a88a08fdffd
899,G_27295_left_342,exact,A,A,explicit_option,559aead08264d5795d3909718cdd05abd49572e84fe55590eef31a88a08fdffd
900,D_63029_158,exact,A,A,explicit_option,559aead08264d5795d3909718cdd05abd49572e84fe55590eef31a88a08fdffd
901,I_20294_47904_left_s,exact,A,A,explicit_option,559aead08264d5795d3909718cdd05abd49572e84fe55590eef31a88a08fdffd
902,G_57145_left_1034,exact,A,A,explicit_option,559aead08264d5795d3909718cdd05abd49572e84fe55590eef31a88a08fdffd
903,G_57833_right_1255,exact,A,A,explicit_option,559aead08264d5795d3909718cdd05abd49572e84fe55590eef31a88a08fdffd
904,G_69658_right_1910,exact,A,A,explicit_option,559aead08264d5795d3909718cdd05abd49572e84fe55590eef31a88a08fdffd
905,I_65030_76957_right_s,exact,A,A,explicit_option,559aead08264d5795d3909718cdd05abd49572e84fe55590eef31a88a08fdffd
906,I_56583_96608_right_s,exact,A,A,explicit_option,559aead08264d5795d3909718cdd05abd49572e84fe55590eef31a88a08fdffd
907,I_14493_58398_left_s,exact,A,A,explicit_option,559aead08264d5795d3909718cdd05abd49572e84fe55590eef31a88a08fdffd
908,G_20294_right_235,exact,A,A,explicit_option,559aead08264d5795d3909718cdd05abd49572e84fe55590eef31a88a08fdffd
909,G_76957_right_2135,exact,A,A,explicit_option,559aead08264d5795d3909718cdd05abd49572e84fe55590eef31a88a08fdffd
910,I_14493_87757_right_x,exact,A,A,explicit_option,559aead08264d5795d3909718cdd05abd49572e84fe55590eef31a88a08fdffd
911,I_20294_32467_left_s,exact,A,A,explicit_option,559aead08264d5795d3909718cdd05abd49572e84fe55590eef31a88a08fdffd
912,G_65052_right_1845,exact,A,A,explicit_option,559aead08264d5795d3909718cdd05abd49572e84fe55590eef31a88a08fdffd
913,I_58793_65052_left_x,exact,A,A,explicit_option,559aead08264d5795d3909718cdd05abd49572e84fe55590eef31a88a08fdffd
914,D_14493_1,exact,A,A,explicit_option,559aead08264d5795d3909718cdd05abd49572e84fe55590eef31a88a08fdffd
915,G_43210_right_681,exact,A,A,explicit_option,559aead08264d5795d3909718cdd05abd49572e84fe55590eef31a88a08fdffd
916,I_43210_44595_left_s,exact,A,A,explicit_option,559aead08264d5795d3909718cdd05abd49572e84fe55590eef31a88a08fdffd
917,D_58793_151,exact,A,A,explicit_option,559aead08264d5795d3909718cdd05abd49572e84fe55590eef31a88a08fdffd
918,G_65030_right_1707,exact,A,A,explicit_option,559aead08264d5795d3909718cdd05abd49572e84fe55590eef31a88a08fdffd
919,I_58398_87757_right_x,exact,A,A,explicit_option,559aead08264d5795d3909718cdd05abd49572e84fe55590eef31a88a08fdffd
920,G_93812_right_2693,exact,A,A,explicit_option,559aead08264d5795d3909718cdd05abd49572e84fe55590eef31a88a08fdffd
921,I_27295_87757_left_s,exact,A,A,explicit_option,559aead08264d5795d3909718cdd05abd49572e84fe55590eef31a88a08fdffd
922,D_89171_256,exact,A,A,explicit_option,559aead08264d5795d3909718cdd05abd49572e84fe55590eef31a88a08fdffd
923,I_14493_57145_left_s,exact,A,A,explicit_option,559aead08264d5795d3909718cdd05abd49572e84fe55590eef31a88a08fdffd
924,I_24101_93812_right_x,exact,A,A,explicit_option,559aead08264d5795d3909718cdd05abd49572e84fe55590eef31a88a08fdffd
925,G_89171_right_2551,exact,A,A,explicit_option,559aead08264d5795d3909718cdd05abd49572e84fe55590eef31a88a08fdffd
926,G_47904_left_824,exact,A,A,explicit_option,559aead08264d5795d3909718cdd05abd49572e84fe55590eef31a88a08fdffd
927,I_47904_99775_right_x,exact,A,A,explicit_option,559aead08264d5795d3909718cdd05abd49572e84fe55590eef31a88a08fdffd
928,D_76957_221,exact,A,A,explicit_option,559aead08264d5795d3909718cdd05abd49572e84fe55590eef31a88a08fdffd
929,G_44595_left_711,exact,A,A,explicit_option,559aead08264d5795d3909718cdd05abd49572e84fe55590eef31a88a08fdffd
930,I_32467_58398_left_s,exact,A,A,explicit_option,559aead08264d5795d3909718cdd05abd49572e84fe55590eef31a88a08fdffd
931,I_58398_69658_right_s,exact,A,A,explicit_option,559aead08264d5795d3909718cdd05abd49572e84fe55590eef31a88a08fdffd
932,I_20294_89171_left_x,exact,A,A,explicit_option,559aead08264d5795d3909718cdd05abd49572e84fe55590eef31a88a08fdffd
933,G_57145_right_1045,exact,A,A,explicit_option,559aead08264d5795d3909718cdd05abd49572e84fe55590eef31a88a08fdffd
934,D_56583_102,exact,A,A,explicit_option,559aead08264d5795d3909718cdd05abd49572e84fe55590eef31a88a08fdffd
935,D_58398_135,exact,A,A,explicit_option,559aead08264d5795d3909718cdd05abd49572e84fe55590eef31a88a08fdffd
936,I_20294_27295_right_s,exact,A,A,explicit_option,559aead08264d5795d3909718cdd05abd49572e84fe55590eef31a88a08fdffd
937,I_69658_76957_right_x,exact,A,A,explicit_option,559aead08264d5795d3909718cdd05abd49572e84fe55590eef31a88a08fdffd
938,I_27295_47904_right_s,exact,A,A,explicit_option,559aead08264d5795d3909718cdd05abd49572e84fe55590eef31a88a08fdffd
939,I_44595_47904_right_x,exact,A,A,explicit_option,559aead08264d5795d3909718cdd05abd49572e84fe55590eef31a88a08fdffd
940,D_58793_146,exact,A,A,explicit_option,559aead08264d5795d3909718cdd05abd49572e84fe55590eef31a88a08fdffd
941,D_47904_93,exact,A,A,explicit_option,559aead08264d5795d3909718cdd05abd49572e84fe55590eef31a88a08fdffd
942,I_24101_57833_left_s,exact,A,A,explicit_option,559aead08264d5795d3909718cdd05abd49572e84fe55590eef31a88a08fdffd
943,G_44595_right_786,exact,A,A,explicit_option,559aead08264d5795d3909718cdd05abd49572e84fe55590eef31a88a08fdffd
944,G_47904_left_816,exact,A,A,explicit_option,559aead08264d5795d3909718cdd05abd49572e84fe55590eef31a88a08fdffd
945,G_58793_right_1470,exact,A,A,explicit_option,559aead08264d5795d3909718cdd05abd49572e84fe55590eef31a88a08fdffd
946,G_20294_right_247,exact,A,A,explicit_option,559aead08264d5795d3909718cdd05abd49572e84fe55590eef31a88a08fdffd
947,D_99775_292,exact,A,A,explicit_option,559aead08264d5795d3909718cdd05abd49572e84fe55590eef31a88a08fdffd
948,I_65052_93812_left_x,exact,A,A,explicit_option,559aead08264d5795d3909718cdd05abd49572e84fe55590eef31a88a08fdffd
949,I_47904_96608_left_s,exact,A,A,explicit_option,559aead08264d5795d3909718cdd05abd49572e84fe55590eef31a88a08fdffd
950,G_87757_right_2417,exact,A,A,explicit_option,559aead08264d5795d3909718cdd05abd49572e84fe55590eef31a88a08fdffd
951,G_69658_right_1919,exact,A,A,explicit_option,559aead08264d5795d3909718cdd05abd49572e84fe55590eef31a88a08fdffd
952,I_32467_76957_right_s,exact,A,A,explicit_option,559aead08264d5795d3909718cdd05abd49572e84fe55590eef31a88a08fdffd
953,I_14493_74850_right_s,exact,A,A,explicit_option,559aead08264d5795d3909718cdd05abd49572e84fe55590eef31a88a08fdffd
954,D_44595_72,exact,A,A,explicit_option,559aead08264d5795d3909718cdd05abd49572e84fe55590eef31a88a08fdffd
955,D_65052_181,exact,A,A,explicit_option,559aead08264d5795d3909718cdd05abd49572e84fe55590eef31a88a08fdffd
956,I_14493_44595_right_s,exact,A,A,explicit_option,559aead08264d5795d3909718cdd05abd49572e84fe55590eef31a88a08fdffd
957,I_87757_89171_right_s,exact,A,A,explicit_option,559aead08264d5795d3909718cdd05abd49572e84fe55590eef31a88a08fdffd
958,G_89171_right_2568,exact,A,A,explicit_option,559aead08264d5795d3909718cdd05abd49572e84fe55590eef31a88a08fdffd
959,G_32467_left_480,exact,A,A,explicit_option,559aead08264d5795d3909718cdd05abd49572e84fe55590eef31a88a08fdffd
960,G_89171_right_2581,exact,A,A,explicit_option,559aead08264d5795d3909718cdd05abd49572e84fe55590eef31a88a08fdffd
961,I_44595_83742_right_s,exact,A,A,explicit_option,559aead08264d5795d3909718cdd05abd49572e84fe55590eef31a88a08fdffd
962,D_74850_204,exact,A,A,explicit_option,559aead08264d5795d3909718cdd05abd49572e84fe55590eef31a88a08fdffd
963,D_56583_106,exact,A,A,explicit_option,559aead08264d5795d3909718cdd05abd49572e84fe55590eef31a88a08fdffd
964,G_65030_left_1655,exact,A,A,explicit_option,559aead08264d5795d3909718cdd05abd49572e84fe55590eef31a88a08fdffd
965,G_32467_left_424,exact,A,A,explicit_option,559aead08264d5795d3909718cdd05abd49572e84fe55590eef31a88a08fdffd
966,I_44595_56583_left_x,exact,A,A,explicit_option,559aead08264d5795d3909718cdd05abd49572e84fe55590eef31a88a08fdffd
967,I_76957_89171_left_s,exact,A,A,explicit_option,559aead08264d5795d3909718cdd05abd49572e84fe55590eef31a88a08fdffd
968,G_43210_right_653,exact,A,A,explicit_option,559aead08264d5795d3909718cdd05abd49572e84fe55590eef31a88a08fdffd
969,I_65030_87757_right_x,exact,A,A,explicit_option,559aead08264d5795d3909718cdd05abd49572e84fe55590eef31a88a08fdffd
970,I_27295_76957_right_s,exact,A,A,explicit_option,559aead08264d5795d3909718cdd05abd49572e84fe55590eef31a88a08fdffd
971,G_74850_left_2003,exact,A,A,explicit_option,559aead08264d5795d3909718cdd05abd49572e84fe55590eef31a88a08fdffd
972,D_63029_161,exact,A,A,explicit_option,559aead08264d5795d3909718cdd05abd49572e84fe55590eef31a88a08fdffd
973,D_27295_37,exact,A,A,explicit_option,559aead08264d5795d3909718cdd05abd49572e84fe55590eef31a88a08fdffd
974,G_56583_right_914,exact,A,A,explicit_option,559aead08264d5795d3909718cdd05abd49572e84fe55590eef31a88a08fdffd
975,G_89171_right_2533,exact,A,A,explicit_option,559aead08264d5795d3909718cdd05abd49572e84fe55590eef31a88a08fdffd
976,G_74850_left_1996,exact,A,A,explicit_option,559aead08264d5795d3909718cdd05abd49572e84fe55590eef31a88a08fdffd
977,I_69658_96608_left_x,exact,A,A,explicit_option,559aead08264d5795d3909718cdd05abd49572e84fe55590eef31a88a08fdffd
978,I_47904_96608_right_s,exact,A,A,explicit_option,559aead08264d5795d3909718cdd05abd49572e84fe55590eef31a88a08fdffd
979,G_65052_right_1792,exact,A,A,explicit_option,559aead08264d5795d3909718cdd05abd49572e84fe55590eef31a88a08fdffd
980,G_14493_left_46,exact,A,A,explicit_option,559aead08264d5795d3909718cdd05abd49572e84fe55590eef31a88a08fdffd
981,I_14493_24101_right_x,exact,A,A,explicit_option,559aead08264d5795d3909718cdd05abd49572e84fe55590eef31a88a08fdffd
982,D_93812_266,exact,A,A,explicit_option,559aead08264d5795d3909718cdd05abd49572e84fe55590eef31a88a08fdffd
983,G_32467_left_461,exact,A,A,explicit_option,559aead08264d5795d3909718cdd05abd49572e84fe55590eef31a88a08fdffd
984,G_63029_right_1593,exact,A,A,explicit_option,559aead08264d5795d3909718cdd05abd49572e84fe55590eef31a88a08fdffd
985,D_83742_237,exact,A,A,explicit_option,559aead08264d5795d3909718cdd05abd49572e84fe55590eef31a88a08fdffd
986,G_20294_right_270,exact,A,A,explicit_option,559aead08264d5795d3909718cdd05abd49572e84fe55590eef31a88a08fdffd
987,G_87757_right_2436,exact,A,A,explicit_option,559aead08264d5795d3909718cdd05abd49572e84fe55590eef31a88a08fdffd
988,D_56583_96,exact,A,A,explicit_option,559aead08264d5795d3909718cdd05abd49572e84fe55590eef31a88a08fdffd
989,I_44595_65030_right_x,exact,A,A,explicit_option,559aead08264d5795d3909718cdd05abd49572e84fe55590eef31a88a08fdffd
990,G_20294_right_236,exact,A,A,explicit_option,559aead08264d5795d3909718cdd05abd49572e84fe55590eef31a88a08fdffd
991,G_99775_left_2838,exact,A,A,explicit_option,559aead08264d5795d3909718cdd05abd49572e84fe55590eef31a88a08fdffd
992,G_99775_right_2943,exact,A,A,explicit_option,559aead08264d5795d3909718cdd05abd49572e84fe55590eef31a88a08fdffd
993,G_27295_right_391,exact,A,A,explicit_option,559aead08264d5795d3909718cdd05abd49572e84fe55590eef31a88a08fdffd
994,G_58398_right_1339,exact,A,A,explicit_option,559aead08264d5795d3909718cdd05abd49572e84fe55590eef31a88a08fdffd
995,D_83742_230,exact,A,A,explicit_option,559aead08264d5795d3909718cdd05abd49572e84fe55590eef31a88a08fdffd
996,G_20294_left_146,exact,A,A,explicit_option,559aead08264d5795d3909718cdd05abd49572e84fe55590eef31a88a08fdffd
997,I_57145_58398_right_x,exact,A,A,explicit_option,559aead08264d5795d3909718cdd05abd49572e84fe55590eef31a88a08fdffd
998,I_20294_57833_right_x,exact,A,A,explicit_option,559aead08264d5795d3909718cdd05abd49572e84fe55590eef31a88a08fdffd
999,D_89171_263,exact,A,A,explicit_option,559aead08264d5795d3909718cdd05abd49572e84fe55590eef31a88a08fdffd
1000,G_96608_right_2805,exact,A,A,explicit_option,559aead08264d5795d3909718cdd05abd49572e84fe55590eef31a88a08fdffd
1001,G_56583_left_870,exact,A,A,explicit_option,559aead08264d5795d3909718cdd05abd49572e84fe55590eef31a88a08fdffd
1002,D_24101_30,exact,A,A,explicit_option,559aead08264d5795d3909718cdd05abd49572e84fe55590eef31a88a08fdffd
1003,D_43210_65,exact,A,A,explicit_option,559aead08264d5795d3909718cdd05abd49572e84fe55590eef31a88a08fdffd
1004,I_58398_74850_right_s,exact,A,A,explicit_option,559aead08264d5795d3909718cdd05abd49572e84fe55590eef31a88a08fdffd
1005,G_14493_left_2,exact,A,A,explicit_option,559aead08264d5795d3909718cdd05abd49572e84fe55590eef31a88a08fdffd
1006,I_74850_93812_right_s,exact,A,A,explicit_option,559aead08264d5795d3909718cdd05abd49572e84fe55590eef31a88a08fdffd
1007,G_57145_left_1028,exact,A,A,explicit_option,559aead08264d5795d3909718cdd05abd49572e84fe55590eef31a88a08fdffd
1008,G_24101_right_300,exact,A,A,explicit_option,559aead08264d5795d3909718cdd05abd49572e84fe55590eef31a88a08fdffd
1009,G_32467_right_543,exact,A,A,explicit_option,559aead08264d5795d3909718cdd05abd49572e84fe55590eef31a88a08fdffd
1010,G_96608_left_2700,exact,A,A,explicit_option,559aead08264d5795d3909718cdd05abd49572e84fe55590eef31a88a08fdffd
1011,G_47904_left_821,exact,A,A,explicit_option,559aead08264d5795d3909718cdd05abd49572e84fe55590eef31a88a08fdffd
1012,G_58793_left_1394,exact,A,A,explicit_option,559aead08264d5795d3909718cdd05abd49572e84fe55590eef31a88a08fdffd
1013,G_57833_right_1193,exact,A,A,explicit_option,559aead08264d5795d3909718cdd05abd49572e84fe55590eef31a88a08fdffd
1014,G_20294_left_178,exact,A,A,explicit_option,559aead08264d5795d3909718cdd05abd49572e84fe55590eef31a88a08fdffd
1015,G_65030_right_1687,exact,A,A,explicit_option,559aead08264d5795d3909718cdd05abd49572e84fe55590eef31a88a08fdffd
1016,I_20294_43210_right_s,exact,A,A,explicit_option,559aead08264d5795d3909718cdd05abd49572e84fe55590eef31a88a08fdffd
1017,I_14493_76957_left_s,exact,A,A,explicit_option,559aead08264d5795d3909718cdd05abd49572e84fe55590eef31a88a08fdffd
1018,I_58793_96608_left_x,exact,A,A,explicit_option,559aead08264d5795d3909718cdd05abd49572e84fe55590eef31a88a08fdffd
1019,I_32467_56583_left_x,exact,A,A,explicit_option,559aead08264d5795d3909718cdd05abd49572e84fe55590eef31a88a08fdffd
1020,G_27295_left_360,exact,A,A,explicit_option,559aead08264d5795d3909718cdd05abd49572e84fe55590eef31a88a08fdffd
1021,D_93812_271,exact,A,A,explicit_option,559aead08264d5795d3909718cdd05abd49572e84fe55590eef31a88a08fdffd
1022,I_20294_58793_left_x,exact,A,A,explicit_option,559aead08264d5795d3909718cdd05abd49572e84fe55590eef31a88a08fdffd
1023,G_58398_right_1343,exact,A,A,explicit_option,559aead08264d5795d3909718cdd05abd49572e84fe55590eef31a88a08fdffd
1024,G_69658_right_1935,exact,A,A,explicit_option,559aead08264d5795d3909718cdd05abd49572e84fe55590eef31a88a08fdffd
1025,I_43210_58398_right_x,exact,A,A,explicit_option,559aead08264d5795d3909718cdd05abd49572e84fe55590eef31a88a08fdffd
1026,I_43210_76957_left_s,exact,A,A,explicit_option,559aead08264d5795d3909718cdd05abd49572e84fe55590eef31a88a08fdffd
1027,G_32467_right_492,exact,A,A,explicit_option,559aead08264d5795d3909718cdd05abd49572e84fe55590eef31a88a08fdffd
1028,G_65030_left_1641,exact,A,A,explicit_option,559aead08264d5795d3909718cdd05abd49572e84fe55590eef31a88a08fdffd
1029,I_20294_69658_left_s,exact,A,A,explicit_option,559aead08264d5795d3909718cdd05abd49572e84fe55590eef31a88a08fdffd
1030,I_58793_89171_right_s,exact,A,A,explicit_option,559aead08264d5795d3909718cdd05abd49572e84fe55590eef31a88a08fdffd
1031,I_56583_76957_right_s,exact,A,A,explicit_option,559aead08264d5795d3909718cdd05abd49572e84fe55590eef31a88a08fdffd
1032,I_14493_99775_right_x,exact,A,A,explicit_option,559aead08264d5795d3909718cdd05abd49572e84fe55590eef31a88a08fdffd
1033,I_56583_89171_left_x,exact,A,A,explicit_option,559aead08264d5795d3909718cdd05abd49572e84fe55590eef31a88a08fdffd
1034,G_44595_right_777,exact,A,A,explicit_option,559aead08264d5795d3909718cdd05abd49572e84fe55590eef31a88a08fdffd
1035,D_65030_170,exact,A,A,explicit_option,559aead08264d5795d3909718cdd05abd49572e84fe55590eef31a88a08fdffd
1036,I_56583_87757_right_s,exact,A,A,explicit_option,559aead08264d5795d3909718cdd05abd49572e84fe55590eef31a88a08fdffd
1037,G_83742_left_2247,exact,A,A,explicit_option,559aead08264d5795d3909718cdd05abd49572e84fe55590eef31a88a08fdffd
1038,D_57833_127,exact,A,A,explicit_option,559aead08264d5795d3909718cdd05abd49572e84fe55590eef31a88a08fdffd
1039,D_65030_174,exact,A,A,explicit_option,559aead08264d5795d3909718cdd05abd49572e84fe55590eef31a88a08fdffd
1040,G_76957_left_2124,exact,A,A,explicit_option,559aead08264d5795d3909718cdd05abd49572e84fe55590eef31a88a08fdffd
1041,G_58398_left_1277,exact,A,A,explicit_option,559aead08264d5795d3909718cdd05abd49572e84fe55590eef31a88a08fdffd
1042,I_63029_65030_left_x,exact,A,A,explicit_option,559aead08264d5795d3909718cdd05abd49572e84fe55590eef31a88a08fdffd
1043,G_56583_left_885,exact,A,A,explicit_option,559aead08264d5795d3909718cdd05abd49572e84fe55590eef31a88a08fdffd
1044,D_65030_172,exact,A,A,explicit_option,559aead08264d5795d3909718cdd05abd49572e84fe55590eef31a88a08fdffd
1045,G_63029_right_1594,exact,A,A,explicit_option,559aead08264d5795d3909718cdd05abd49572e84fe55590eef31a88a08fdffd
1046,D_65052_182,exact,A,A,explicit_option,559aead08264d5795d3909718cdd05abd49572e84fe55590eef31a88a08fdffd
1047,G_83742_right_2312,exact,A,A,explicit_option,559aead08264d5795d3909718cdd05abd49572e84fe55590eef31a88a08fdffd
1048,I_83742_96608_left_s,exact,A,A,explicit_option,559aead08264d5795d3909718cdd05abd49572e84fe55590eef31a88a08fdffd
1049,I_24101_63029_right_x,exact,A,A,explicit_option,559aead08264d5795d3909718cdd05abd49572e84fe55590eef31a88a08fdffd
1050,G_93812_left_2604,exact,A,A,explicit_option,559aead08264d5795d3909718cdd05abd49572e84fe55590eef31a88a08fdffd
1051,I_44595_58398_left_x,exact,A,A,explicit_option,559aead08264d5795d3909718cdd05abd49572e84fe55590eef31a88a08fdffd
1052,I_69658_99775_left_s,exact,A,A,explicit_option,559aead08264d5795d3909718cdd05abd49572e84fe55590eef31a88a08fdffd
1053,I_24101_47904_left_s,exact,A,A,explicit_option,559aead08264d5795d3909718cdd05abd49572e84fe55590eef31a88a08fdffd
1054,G_14493_right_96,exact,A,A,explicit_option,559aead08264d5795d3909718cdd05abd49572e84fe55590eef31a88a08fdffd
1055,G_65030_left_1669,exact,A,A,explicit_option,559aead08264d5795d3909718cdd05abd49572e84fe55590eef31a88a08fdffd
1056,I_65030_99775_right_x,exact,A,A,explicit_option,559aead08264d5795d3909718cdd05abd49572e84fe55590eef31a88a08fdffd
1057,G_65052_left_1735,exact,A,A,explicit_option,559aead08264d5795d3909718cdd05abd49572e84fe55590eef31a88a08fdffd
1058,G_24101_right_304,exact,A,A,explicit_option,559aead08264d5795d3909718cdd05abd49572e84fe55590eef31a88a08fdffd
1059,I_87757_89171_right_x,exact,A,A,explicit_option,559aead08264d5795d3909718cdd05abd49572e84fe55590eef31a88a08fdffd
1060,G_63029_right_1588,exact,A,A,explicit_option,559aead08264d5795d3909718cdd05abd49572e84fe55590eef31a88a08fdffd
1061,G_57145_right_1117,exact,A,A,explicit_option,559aead08264d5795d3909718cdd05abd49572e84fe55590eef31a88a08fdffd
1062,I_65030_83742_left_x,exact,A,A,explicit_option,559aead08264d5795d3909718cdd05abd49572e84fe55590eef31a88a08fdffd
1063,D_27295_45,exact,A,A,explicit_option,559aead08264d5795d3909718cdd05abd49572e84fe55590eef31a88a08fdffd
1064,D_24101_35,exact,A,A,explicit_option,559aead08264d5795d3909718cdd05abd49572e84fe55590eef31a88a08fdffd
1065,I_27295_74850_left_s,exact,A,A,explicit_option,559aead08264d5795d3909718cdd05abd49572e84fe55590eef31a88a08fdffd
1066,I_58398_93812_right_s,exact,A,A,explicit_option,559aead08264d5795d3909718cdd05abd49572e84fe55590eef31a88a08fdffd
1067,I_76957_96608_left_x,exact,A,A,explicit_option,559aead08264d5795d3909718cdd05abd49572e84fe55590eef31a88a08fdffd
1068,I_32467_43210_left_s,exact,A,A,explicit_option,559aead08264d5795d3909718cdd05abd49572e84fe55590eef31a88a08fdffd
1069,G_58793_left_1401,exact,A,A,explicit_option,559aead08264d5795d3909718cdd05abd49572e84fe55590eef31a88a08fdffd
1070,I_57833_63029_right_x,exact,A,A,explicit_option,559aead08264d5795d3909718cdd05abd49572e84fe55590eef31a88a08fdffd
1071,G_65052_right_1804,exact,A,A,explicit_option,559aead08264d5795d3909718cdd05abd49572e84fe55590eef31a88a08fdffd
1072,G_63029_left_1511,exact,A,A,explicit_option,559aead08264d5795d3909718cdd05abd49572e84fe55590eef31a88a08fdffd
1073,I_57145_58398_right_s,exact,A,A,explicit_option,559aead08264d5795d3909718cdd05abd49572e84fe55590eef31a88a08fdffd
1074,G_20294_left_132,exact,A,A,explicit_option,559aead08264d5795d3909718cdd05abd49572e84fe55590eef31a88a08fdffd
1075,G_44595_right_807,exact,A,A,explicit_option,559aead08264d5795d3909718cdd05abd49572e84fe55590eef31a88a08fdffd
1076,G_89171_left_2503,exact,A,A,explicit_option,559aead08264d5795d3909718cdd05abd49572e84fe55590eef31a88a08fdffd
1077,G_44595_right_811,exact,A,A,explicit_option,559aead08264d5795d3909718cdd05abd49572e84fe55590eef31a88a08fdffd
1078,G_58793_left_1384,exact,A,A,explicit_option,559aead08264d5795d3909718cdd05abd49572e84fe55590eef31a88a08fdffd
1079,I_24101_43210_left_s,exact,A,A,explicit_option,559aead08264d5795d3909718cdd05abd49572e84fe55590eef31a88a08fdffd
1080,I_56583_96608_left_x,exact,A,A,explicit_option,559aead08264d5795d3909718cdd05abd49572e84fe55590eef31a88a08fdffd
1081,G_24101_right_298,exact,A,A,explicit_option,559aead08264d5795d3909718cdd05abd49572e84fe55590eef31a88a08fdffd
1082,G_63029_right_1591,exact,A,A,explicit_option,559aead08264d5795d3909718cdd05abd49572e84fe55590eef31a88a08fdffd
1083,I_32467_57833_right_x,exact,A,A,explicit_option,559aead08264d5795d3909718cdd05abd49572e84fe55590eef31a88a08fdffd
1084,G_44595_left_691,exact,A,A,explicit_option,559aead08264d5795d3909718cdd05abd49572e84fe55590eef31a88a08fdffd
1085,D_69658_193,exact,A,A,explicit_option,559aead08264d5795d3909718cdd05abd49572e84fe55590eef31a88a08fdffd
1086,G_32467_right_525,exact,A,A,explicit_option,559aead08264d5795d3909718cdd05abd49572e84fe55590eef31a88a08fdffd
1087,D_87757_242,exact,A,A,explicit_option,559aead08264d5795d3909718cdd05abd49572e84fe55590eef31a88a08fdffd
1088,I_24101_47904_left_x,exact,A,A,explicit_option,559aead08264d5795d3909718cdd05abd49572e84fe55590eef31a88a08fdffd
1089,G_24101_left_288,exact,A,A,explicit_option,559aead08264d5795d3909718cdd05abd49572e84fe55590eef31a88a08fdffd
1090,D_32467_57,exact,A,A,explicit_option,559aead08264d5795d3909718cdd05abd49572e84fe55590eef31a88a08fdffd
1091,D_43210_69,exact,A,A,explicit_option,559aead08264d5795d3909718cdd05abd49572e84fe55590eef31a88a08fdffd
1092,D_69658_202,exact,A,A,explicit_option,559aead08264d5795d3909718cdd05abd49572e84fe55590eef31a88a08fdffd
1093,G_58793_left_1388,exact,A,A,explicit_option,559aead08264d5795d3909718cdd05abd49572e84fe55590eef31a88a08fdffd
1094,D_63029_165,exact,A,A,explicit_option,559aead08264d5795d3909718cdd05abd49572e84fe55590eef31a88a08fdffd
1095,I_87757_89171_left_x,exact,A,A,explicit_option,559aead08264d5795d3909718cdd05abd49572e84fe55590eef31a88a08fdffd
1096,G_76957_left_2106,exact,A,A,explicit_option,559aead08264d5795d3909718cdd05abd49572e84fe55590eef31a88a08fdffd
1097,G_89171_left_2487,exact,A,A,explicit_option,559aead08264d5795d3909718cdd05abd49572e84fe55590eef31a88a08fdffd
1098,I_27295_65052_left_s,exact,A,A,explicit_option,559aead08264d5795d3909718cdd05abd49572e84fe55590eef31a88a08fdffd
1099,G_58793_right_1452,exact,A,A,explicit_option,559aead08264d5795d3909718cdd05abd49572e84fe55590eef31a88a08fdffd
1100,I_74850_89171_left_x,exact,A,A,explicit_option,559aead08264d5795d3909718cdd05abd49572e84fe55590eef31a88a08fdffd
1101,D_57833_122,exact,A,A,explicit_option,559aead08264d5795d3909718cdd05abd49572e84fe55590eef31a88a08fdffd
1102,D_27295_38,exact,A,A,explicit_option,559aead08264d5795d3909718cdd05abd49572e84fe55590eef31a88a08fdffd
1103,I_20294_99775_right_s,exact,A,A,explicit_option,559aead08264d5795d3909718cdd05abd49572e84fe55590eef31a88a08fdffd
1104,I_27295_44595_left_s,exact,A,A,explicit_option,559aead08264d5795d3909718cdd05abd49572e84fe55590eef31a88a08fdffd
1105,G_43210_left_608,exact,A,A,explicit_option,559aead08264d5795d3909718cdd05abd49572e84fe55590eef31a88a08fdffd
1106,D_14493_0,exact,A,A,explicit_option,559aead08264d5795d3909718cdd05abd49572e84fe55590eef31a88a08fdffd
1107,D_58793_145,exact,A,A,explicit_option,559aead08264d5795d3909718cdd05abd49572e84fe55590eef31a88a08fdffd
1108,I_20294_57145_left_x,exact,A,A,explicit_option,559aead08264d5795d3909718cdd05abd49572e84fe55590eef31a88a08fdffd
1109,I_65052_96608_right_s,exact,A,A,explicit_option,559aead08264d5795d3909718cdd05abd49572e84fe55590eef31a88a08fdffd
1110,G_20294_left_151,exact,A,A,explicit_option,559aead08264d5795d3909718cdd05abd49572e84fe55590eef31a88a08fdffd
1111,G_74850_right_2052,exact,A,A,explicit_option,559aead08264d5795d3909718cdd05abd49572e84fe55590eef31a88a08fdffd
1112,G_14493_left_45,exact,A,A,explicit_option,559aead08264d5795d3909718cdd05abd49572e84fe55590eef31a88a08fdffd
1113,D_87757_246,exact,A,A,explicit_option,559aead08264d5795d3909718cdd05abd49572e84fe55590eef31a88a08fdffd
1114,G_87757_left_2352,exact,A,A,explicit_option,559aead08264d5795d3909718cdd05abd49572e84fe55590eef31a88a08fdffd
1115,D_83742_235,exact,A,A,explicit_option,559aead08264d5795d3909718cdd05abd49572e84fe55590eef31a88a08fdffd
1116,D_57145_116,exact,A,A,explicit_option,559aead08264d5795d3909718cdd05abd49572e84fe55590eef31a88a08fdffd
1117,I_76957_93812_left_x,exact,A,A,explicit_option,559aead08264d5795d3909718cdd05abd49572e84fe55590eef31a88a08fdffd
1118,I_32467_69658_right_s,exact,A,A,explicit_option,559aead08264d5795d3909718cdd05abd49572e84fe55590eef31a88a08fdffd
1119,D_32467_49,exact,A,A,explicit_option,559aead08264d5795d3909718cdd05abd49572e84fe55590eef31a88a08fdffd
1120,D_14493_4,exact,A,A,explicit_option,559aead08264d5795d3909718cdd05abd49572e84fe55590eef31a88a08fdffd
1121,G_83742_right_2320,exact,A,A,explicit_option,559aead08264d5795d3909718cdd05abd49572e84fe55590eef31a88a08fdffd
1122,I_20294_63029_left_x,exact,A,A,explicit_option,559aead08264d5795d3909718cdd05abd49572e84fe55590eef31a88a08fdffd
1123,D_65052_183,exact,A,A,explicit_option,559aead08264d5795d3909718cdd05abd49572e84fe55590eef31a88a08fdffd
1124,I_32467_44595_right_x,exact,A,A,explicit_option,559aead08264d5795d3909718cdd05abd49572e84fe55590eef31a88a08fdffd
1125,I_24101_56583_right_x,exact,A,A,explicit_option,559aead08264d5795d3909718cdd05abd49572e84fe55590eef31a88a08fdffd
1126,I_93812_99775_left_x,exact,A,A,explicit_option,559aead08264d5795d3909718cdd05abd49572e84fe55590eef31a88a08fdffd
1127,I_14493_93812_left_x,exact,A,A,explicit_option,559aead08264d5795d3909718cdd05abd49572e84fe55590eef31a88a08fdffd
1128,I_63029_74850_left_x,exact,A,A,explicit_option,559aead08264d5795d3909718cdd05abd49572e84fe55590eef31a88a08fdffd
1129,I_47904_65052_left_s,exact,A,A,explicit_option,559aead08264d5795d3909718cdd05abd49572e84fe55590eef31a88a08fdffd
1130,I_57145_96608_left_s,exact,A,A,explicit_option,559aead08264d5795d3909718cdd05abd49572e84fe55590eef31a88a08fdffd
1131,G_89171_left_2480,exact,A,A,explicit_option,559aead08264d5795d3909718cdd05abd49572e84fe55590eef31a88a08fdffd
1132,G_58793_left_1420,exact,A,A,explicit_option,559aead08264d5795d3909718cdd05abd49572e84fe55590eef31a88a08fdffd
1133,I_27295_99775_left_s,exact,A,A,explicit_option,559aead08264d5795d3909718cdd05abd49572e84fe55590eef31a88a08fdffd
1134,I_27295_58793_left_s,exact,A,A,explicit_option,559aead08264d5795d3909718cdd05abd49572e84fe55590eef31a88a08fdffd
1135,I_14493_58398_left_x,exact,A,A,explicit_option,559aead08264d5795d3909718cdd05abd49572e84fe55590eef31a88a08fdffd
1136,I_27295_44595_right_s,exact,A,A,explicit_option,559aead08264d5795d3909718cdd05abd49572e84fe55590eef31a88a08fdffd
1137,I_27295_47904_right_x,exact,A,A,explicit_option,559aead08264d5795d3909718cdd05abd49572e84fe55590eef31a88a08fdffd
1138,I_76957_89171_right_s,exact,A,A,explicit_option,559aead08264d5795d3909718cdd05abd49572e84fe55590eef31a88a08fdffd
1139,I_58398_63029_right_s,exact,A,A,explicit_option,559aead08264d5795d3909718cdd05abd49572e84fe55590eef31a88a08fdffd
1140,I_20294_56583_right_s,exact,A,A,explicit_option,559aead08264d5795d3909718cdd05abd49572e84fe55590eef31a88a08fdffd
1141,D_93812_274,exact,A,A,explicit_option,559aead08264d5795d3909718cdd05abd49572e84fe55590eef31a88a08fdffd
1142,D_74850_212,exact,A,A,explicit_option,559aead08264d5795d3909718cdd05abd49572e84fe55590eef31a88a08fdffd
1143,I_58398_99775_right_s,exact,A,A,explicit_option,559aead08264d5795d3909718cdd05abd49572e84fe55590eef31a88a08fdffd
1144,G_56583_left_887,exact,A,A,explicit_option,559aead08264d5795d3909718cdd05abd49572e84fe55590eef31a88a08fdffd
1145,G_58793_right_1469,exact,A,A,explicit_option,559aead08264d5795d3909718cdd05abd49572e84fe55590eef31a88a08fdffd
1146,G_99775_left_2857,exact,A,A,explicit_option,559aead08264d5795d3909718cdd05abd49572e84fe55590eef31a88a08fdffd
1147,I_44595_47904_left_x,exact,A,A,explicit_option,559aead08264d5795d3909718cdd05abd49572e84fe55590eef31a88a08fdffd
1148,G_57145_right_1036,exact,A,A,explicit_option,559aead08264d5795d3909718cdd05abd49572e84fe55590eef31a88a08fdffd
1149,G_43210_right_650,exact,A,A,explicit_option,559aead08264d5795d3909718cdd05abd49572e84fe55590eef31a88a08fdffd
1150,I_32467_58398_left_x,exact,A,A,explicit_option,559aead08264d5795d3909718cdd05abd49572e84fe55590eef31a88a08fdffd
1151,I_27295_57145_right_x,exact,A,A,explicit_option,559aead08264d5795d3909718cdd05abd49572e84fe55590eef31a88a08fdffd
1152,D_65030_175,exact,A,A,explicit_option,559aead08264d5795d3909718cdd05abd49572e84fe55590eef31a88a08fdffd
1153,G_58793_right_1451,exact,A,A,explicit_option,559aead08264d5795d3909718cdd05abd49572e84fe55590eef31a88a08fdffd
1154,D_96608_276,exact,A,A,explicit_option,559aead08264d5795d3909718cdd05abd49572e84fe55590eef31a88a08fdffd
1155,G_58793_right_1446,exact,A,A,explicit_option,559aead08264d5795d3909718cdd05abd49572e84fe55590eef31a88a08fdffd
1156,G_63029_left_1489,exact,A,A,explicit_option,559aead08264d5795d3909718cdd05abd49572e84fe55590eef31a88a08fdffd
1157,G_14493_left_41,exact,A,A,explicit_option,559aead08264d5795d3909718cdd05abd49572e84fe55590eef31a88a08fdffd
1158,I_24101_43210_left_x,exact,A,A,explicit_option,559aead08264d5795d3909718cdd05abd49572e84fe55590eef31a88a08fdffd
1159,G_93812_right_2695,exact,A,A,explicit_option,559aead08264d5795d3909718cdd05abd49572e84fe55590eef31a88a08fdffd
1160,D_57833_130,exact,A,A,explicit_option,559aead08264d5795d3909718cdd05abd49572e84fe55590eef31a88a08fdffd
1161,I_74850_99775_left_x,exact,A,A,explicit_option,559aead08264d5795d3909718cdd05abd49572e84fe55590eef31a88a08fdffd
1162,G_96608_left_2709,exact,A,A,explicit_option,559aead08264d5795d3909718cdd05abd49572e84fe55590eef31a88a08fdffd
1163,G_57145_left_1033,exact,A,A,explicit_option,559aead08264d5795d3909718cdd05abd49572e84fe55590eef31a88a08fdffd
1164,I_58793_74850_right_s,exact,A,A,explicit_option,559aead08264d5795d3909718cdd05abd49572e84fe55590eef31a88a08fdffd
1165,D_14493_6,exact,A,A,explicit_option,559aead08264d5795d3909718cdd05abd49572e84fe55590eef31a88a08fdffd
1166,D_76957_218,exact,A,A,explicit_option,559aead08264d5795d3909718cdd05abd49572e84fe55590eef31a88a08fdffd
1167,G_63029_left_1521,exact,A,A,explicit_option,559aead08264d5795d3909718cdd05abd49572e84fe55590eef31a88a08fdffd
1168,I_20294_58793_right_x,exact,A,A,explicit_option,559aead08264d5795d3909718cdd05abd49572e84fe55590eef31a88a08fdffd
1169,D_47904_86,exact,A,A,explicit_option,559aead08264d5795d3909718cdd05abd49572e84fe55590eef31a88a08fdffd
1170,I_14493_65052_left_s,exact,A,A,explicit_option,559aead08264d5795d3909718cdd05abd49572e84fe55590eef31a88a08fdffd
1171,I_44595_65030_left_x,exact,A,A,explicit_option,559aead08264d5795d3909718cdd05abd49572e84fe55590eef31a88a08fdffd
1172,I_57145_83742_left_x,exact,A,A,explicit_option,559aead08264d5795d3909718cdd05abd49572e84fe55590eef31a88a08fdffd
1173,G_65052_right_1842,exact,A,A,explicit_option,559aead08264d5795d3909718cdd05abd49572e84fe55590eef31a88a08fdffd
1174,G_63029_left_1508,exact,A,A,explicit_option,559aead08264d5795d3909718cdd05abd49572e84fe55590eef31a88a08fdffd
1175,G_27295_right_378,exact,A,A,explicit_option,559aead08264d5795d3909718cdd05abd49572e84fe55590eef31a88a08fdffd
1176,G_47904_left_817,exact,A,A,explicit_option,559aead08264d5795d3909718cdd05abd49572e84fe55590eef31a88a08fdffd
1177,D_87757_247,exact,A,A,explicit_option,559aead08264d5795d3909718cdd05abd49572e84fe55590eef31a88a08fdffd
1178,G_57833_left_1131,exact,A,A,explicit_option,559aead08264d5795d3909718cdd05abd49572e84fe55590eef31a88a08fdffd
1179,I_43210_57833_right_s,exact,A,A,explicit_option,559aead08264d5795d3909718cdd05abd49572e84fe55590eef31a88a08fdffd
1180,G_44595_right_800,exact,A,A,explicit_option,559aead08264d5795d3909718cdd05abd49572e84fe55590eef31a88a08fdffd
1181,I_14493_83742_right_s,exact,A,A,explicit_option,559aead08264d5795d3909718cdd05abd49572e84fe55590eef31a88a08fdffd
1182,D_44595_78,exact,A,A,explicit_option,559aead08264d5795d3909718cdd05abd49572e84fe55590eef31a88a08fdffd
1183,G_57145_left_967,exact,A,A,explicit_option,559aead08264d5795d3909718cdd05abd49572e84fe55590eef31a88a08fdffd
1184,D_20294_13,exact,A,A,explicit_option,559aead08264d5795d3909718cdd05abd49572e84fe55590eef31a88a08fdffd
1185,D_87757_243,exact,A,A,explicit_option,559aead08264d5795d3909718cdd05abd49572e84fe55590eef31a88a08fdffd
1186,G_65030_right_1684,exact,A,A,explicit_option,559aead08264d5795d3909718cdd05abd49572e84fe55590eef31a88a08fdffd
1187,I_32467_43210_left_x,exact,A,A,explicit_option,559aead08264d5795d3909718cdd05abd49572e84fe55590eef31a88a08fdffd
1188,G_57145_right_1102,exact,A,A,explicit_option,559aead08264d5795d3909718cdd05abd49572e84fe55590eef31a88a08fdffd
1189,I_44595_47904_right_s,exact,A,A,explicit_option,559aead08264d5795d3909718cdd05abd49572e84fe55590eef31a88a08fdffd
1190,G_83742_right_2298,exact,A,A,explicit_option,559aead08264d5795d3909718cdd05abd49572e84fe55590eef31a88a08fdffd
1191,G_99775_right_2910,exact,A,A,explicit_option,559aead08264d5795d3909718cdd05abd49572e84fe55590eef31a88a08fdffd
1192,I_65052_99775_left_s,exact,A,A,explicit_option,559aead08264d5795d3909718cdd05abd49572e84fe55590eef31a88a08fdffd
1193,G_58793_right_1448,exact,A,A,explicit_option,559aead08264d5795d3909718cdd05abd49572e84fe55590eef31a88a08fdffd
1194,I_83742_87757_left_s,exact,A,A,explicit_option,559aead08264d5795d3909718cdd05abd49572e84fe55590eef31a88a08fdffd
1195,D_99775_288,exact,A,A,explicit_option,559aead08264d5795d3909718cdd05abd49572e84fe55590eef31a88a08fdffd
1196,G_83742_right_2327,exact,A,A,explicit_option,559aead08264d5795d3909718cdd05abd49572e84fe55590eef31a88a08fdffd
1197,G_24101_left_290,exact,A,A,explicit_option,559aead08264d5795d3909718cdd05abd49572e84fe55590eef31a88a08fdffd
1198,G_83742_left_2251,exact,A,A,explicit_option,559aead08264d5795d3909718cdd05abd49572e84fe55590eef31a88a08fdffd
1199,D_96608_287,exact,A,A,explicit_option,559aead08264d5795d3909718cdd05abd49572e84fe55590eef31a88a08fdffd
1200,G_58793_left_1416,exact,A,A,explicit_option,559aead08264d5795d3909718cdd05abd49572e84fe55590eef31a88a08fdffd
1201,I_14493_69658_left_s,exact,A,A,explicit_option,559aead08264d5795d3909718cdd05abd49572e84fe55590eef31a88a08fdffd
1202,I_47904_58793_left_x,exact,A,A,explicit_option,559aead08264d5795d3909718cdd05abd49572e84fe55590eef31a88a08fdffd
1203,D_20294_21,exact,A,A,explicit_option,559aead08264d5795d3909718cdd05abd49572e84fe55590eef31a88a08fdffd
1204,I_27295_63029_right_s,exact,A,A,explicit_option,559aead08264d5795d3909718cdd05abd49572e84fe55590eef31a88a08fdffd
1205,I_14493_76957_left_x,exact,A,A,explicit_option,559aead08264d5795d3909718cdd05abd49572e84fe55590eef31a88a08fdffd
1206,G_57145_left_1008,exact,A,A,explicit_option,559aead08264d5795d3909718cdd05abd49572e84fe55590eef31a88a08fdffd
1207,G_27295_right_411,exact,A,A,explicit_option,559aead08264d5795d3909718cdd05abd49572e84fe55590eef31a88a08fdffd
1208,D_44595_77,exact,A,A,explicit_option,559aead08264d5795d3909718cdd05abd49572e84fe55590eef31a88a08fdffd
1209,G_57833_right_1199,exact,A,A,explicit_option,559aead08264d5795d3909718cdd05abd49572e84fe55590eef31a88a08fdffd
1210,D_24101_27,exact,A,A,explicit_option,559aead08264d5795d3909718cdd05abd49572e84fe55590eef31a88a08fdffd
1211,G_96608_left_2707,exact,A,A,explicit_option,559aead08264d5795d3909718cdd05abd49572e84fe55590eef31a88a08fdffd
1212,I_58793_63029_right_x,exact,A,A,explicit_option,559aead08264d5795d3909718cdd05abd49572e84fe55590eef31a88a08fdffd
1213,G_32467_right_511,exact,A,A,explicit_option,559aead08264d5795d3909718cdd05abd49572e84fe55590eef31a88a08fdffd
1214,G_89171_left_2521,exact,A,A,explicit_option,559aead08264d5795d3909718cdd05abd49572e84fe55590eef31a88a08fdffd
1215,G_63029_right_1612,exact,A,A,explicit_option,559aead08264d5795d3909718cdd05abd49572e84fe55590eef31a88a08fdffd
1216,I_32467_99775_left_x,exact,A,A,explicit_option,559aead08264d5795d3909718cdd05abd49572e84fe55590eef31a88a08fdffd
1217,I_65030_96608_left_s,exact,A,A,explicit_option,559aead08264d5795d3909718cdd05abd49572e84fe55590eef31a88a08fdffd
1218,I_24101_47904_right_s,exact,A,A,explicit_option,559aead08264d5795d3909718cdd05abd49572e84fe55590eef31a88a08fdffd
1219,G_65030_left_1679,exact,A,A,explicit_option,559aead08264d5795d3909718cdd05abd49572e84fe55590eef31a88a08fdffd
1220,I_89171_99775_left_x,exact,A,A,explicit_option,559aead08264d5795d3909718cdd05abd49572e84fe55590eef31a88a08fdffd
1221,I_58793_76957_right_x,exact,A,A,explicit_option,559aead08264d5795d3909718cdd05abd49572e84fe55590eef31a88a08fdffd
1222,I_44595_57145_left_x,exact,A,A,explicit_option,559aead08264d5795d3909718cdd05abd49572e84fe55590eef31a88a08fdffd
1223,G_58793_left_1379,exact,A,A,explicit_option,559aead08264d5795d3909718cdd05abd49572e84fe55590eef31a88a08fdffd
1224,G_74850_right_2038,exact,A,A,explicit_option,559aead08264d5795d3909718cdd05abd49572e84fe55590eef31a88a08fdffd
1225,G_47904_right_833,exact,A,A,explicit_option,559aead08264d5795d3909718cdd05abd49572e84fe55590eef31a88a08fdffd
1226,I_47904_87757_left_s,exact,A,A,explicit_option,559aead08264d5795d3909718cdd05abd49572e84fe55590eef31a88a08fdffd
1227,I_47904_63029_left_x,exact,A,A,explicit_option,559aead08264d5795d3909718cdd05abd49572e84fe55590eef31a88a08fdffd
1228,D_57145_109,exact,A,A,explicit_option,559aead08264d5795d3909718cdd05abd49572e84fe55590eef31a88a08fdffd
1229,G_14493_right_83,exact,A,A,explicit_option,559aead08264d5795d3909718cdd05abd49572e84fe55590eef31a88a08fdffd
1230,D_69658_203,exact,A,A,explicit_option,559aead08264d5795d3909718cdd05abd49572e84fe55590eef31a88a08fdffd
1231,D_27295_44,exact,A,A,explicit_option,559aead08264d5795d3909718cdd05abd49572e84fe55590eef31a88a08fdffd
1232,G_58793_right_1441,exact,A,A,explicit_option,559aead08264d5795d3909718cdd05abd49572e84fe55590eef31a88a08fdffd
1233,G_96608_left_2757,exact,A,A,explicit_option,559aead08264d5795d3909718cdd05abd49572e84fe55590eef31a88a08fdffd
1234,G_47904_left_818,exact,A,A,explicit_option,559aead08264d5795d3909718cdd05abd49572e84fe55590eef31a88a08fdffd
1235,G_89171_right_2534,exact,A,A,explicit_option,559aead08264d5795d3909718cdd05abd49572e84fe55590eef31a88a08fdffd
1236,G_58398_right_1332,exact,A,A,explicit_option,559aead08264d5795d3909718cdd05abd49572e84fe55590eef31a88a08fdffd
1237,D_74850_213,exact,A,A,explicit_option,559aead08264d5795d3909718cdd05abd49572e84fe55590eef31a88a08fdffd
1238,D_89171_252,exact,A,A,explicit_option,559aead08264d5795d3909718cdd05abd49572e84fe55590eef31a88a08fdffd
1239,D_96608_284,exact,A,A,explicit_option,559aead08264d5795d3909718cdd05abd49572e84fe55590eef31a88a08fdffd
1240,G_20294_right_243,exact,A,A,explicit_option,559aead08264d5795d3909718cdd05abd49572e84fe55590eef31a88a08fdffd
1241,D_65030_177,exact,A,A,explicit_option,559aead08264d5795d3909718cdd05abd49572e84fe55590eef31a88a08fdffd
1242,I_32467_58398_right_s,exact,A,A,explicit_option,559aead08264d5795d3909718cdd05abd49572e84fe55590eef31a88a08fdffd
1243,G_56583_right_939,exact,A,A,explicit_option,559aead08264d5795d3909718cdd05abd49572e84fe55590eef31a88a08fdffd
1244,D_32467_51,exact,A,A,explicit_option,559aead08264d5795d3909718cdd05abd49572e84fe55590eef31a88a08fdffd
1245,G_20294_left_167,exact,A,A,explicit_option,559aead08264d5795d3909718cdd05abd49572e84fe55590eef31a88a08fdffd
1246,G_58793_left_1374,exact,A,A,explicit_option,559aead08264d5795d3909718cdd05abd49572e84fe55590eef31a88a08fdffd
1247,I_47904_58398_right_x,exact,A,A,explicit_option,559aead08264d5795d3909718cdd05abd49572e84fe55590eef31a88a08fdffd
1248,G_56583_right_904,exact,A,A,explicit_option,559aead08264d5795d3909718cdd05abd49572e84fe55590eef31a88a08fdffd
1249,I_58793_96608_left_s,exact,A,A,explicit_option,559aead08264d5795d3909718cdd05abd49572e84fe55590eef31a88a08fdffd
1250,I_14493_44595_left_x,exact,A,A,explicit_option,559aead08264d5795d3909718cdd05abd49572e84fe55590eef31a88a08fdffd
1251,G_89171_left_2514,exact,A,A,explicit_option,559aead08264d5795d3909718cdd05abd49572e84fe55590eef31a88a08fdffd
1252,I_65030_76957_left_x,exact,A,A,explicit_option,559aead08264d5795d3909718cdd05abd49572e84fe55590eef31a88a08fdffd
1253,G_44595_left_709,exact,A,A,explicit_option,559aead08264d5795d3909718cdd05abd49572e84fe55590eef31a88a08fdffd
1254,G_58793_right_1457,exact,A,A,explicit_option,559aead08264d5795d3909718cdd05abd49572e84fe55590eef31a88a08fdffd
1255,G_44595_left_756,exact,A,A,explicit_option,559aead08264d5795d3909718cdd05abd49572e84fe55590eef31a88a08fdffd
1256,G_69658_left_1871,exact,A,A,explicit_option,559aead08264d5795d3909718cdd05abd49572e84fe55590eef31a88a08fdffd
1257,D_43210_60,exact,A,A,explicit_option,559aead08264d5795d3909718cdd05abd49572e84fe55590eef31a88a08fdffd
1258,I_69658_89171_right_s,exact,A,A,explicit_option,559aead08264d5795d3909718cdd05abd49572e84fe55590eef31a88a08fdffd
1259,G_65052_left_1733,exact,A,A,explicit_option,559aead08264d5795d3909718cdd05abd49572e84fe55590eef31a88a08fdffd
1260,G_65030_left_1636,exact,A,A,explicit_option,559aead08264d5795d3909718cdd05abd49572e84fe55590eef31a88a08fdffd
1261,I_47904_56583_right_s,exact,A,A,explicit_option,559aead08264d5795d3909718cdd05abd49572e84fe55590eef31a88a08fdffd
1262,G_20294_right_287,exact,A,A,explicit_option,559aead08264d5795d3909718cdd05abd49572e84fe55590eef31a88a08fdffd
1263,G_99775_left_2888,exact,A,A,explicit_option,559aead08264d5795d3909718cdd05abd49572e84fe55590eef31a88a08fdffd
1264,G_65052_right_1799,exact,A,A,explicit_option,559aead08264d5795d3909718cdd05abd49572e84fe55590eef31a88a08fdffd
1265,I_57145_65030_right_x,exact,A,A,explicit_option,559aead08264d5795d3909718cdd05abd49572e84fe55590eef31a88a08fdffd
1266,I_56583_58398_left_x,exact,A,A,explicit_option,559aead08264d5795d3909718cdd05abd49572e84fe55590eef31a88a08fdffd
1267,G_69658_left_1864,exact,A,A,explicit_option,559aead08264d5795d3909718cdd05abd49572e84fe55590eef31a88a08fdffd
1268,G_65052_left_1790,exact,A,A,explicit_option,559aead08264d5795d3909718cdd05abd49572e84fe55590eef31a88a08fdffd
1269,D_89171_261,exact,A,A,explicit_option,559aead08264d5795d3909718cdd05abd49572e84fe55590eef31a88a08fdffd
1270,I_32467_58398_right_x,exact,A,A,explicit_option,559aead08264d5795d3909718cdd05abd49572e84fe55590eef31a88a08fdffd
1271,G_65052_right_1847,exact,A,A,explicit_option,559aead08264d5795d3909718cdd05abd49572e84fe55590eef31a88a08fdffd
1272,I_58398_96608_right_x,exact,A,A,explicit_option,559aead08264d5795d3909718cdd05abd49572e84fe55590eef31a88a08fdffd
1273,G_56583_left_868,exact,A,A,explicit_option,559aead08264d5795d3909718cdd05abd49572e84fe55590eef31a88a08fdffd
1274,D_99775_291,exact,A,A,explicit_option,559aead08264d5795d3909718cdd05abd49572e84fe55590eef31a88a08fdffd
1275,D_58793_144,exact,A,A,explicit_option,559aead08264d5795d3909718cdd05abd49572e84fe55590eef31a88a08fdffd
1276,I_65030_83742_right_s,exact,A,A,explicit_option,559aead08264d5795d3909718cdd05abd49572e84fe55590eef31a88a08fdffd
1277,I_24101_87757_left_x,exact,A,A,explicit_option,559aead08264d5795d3909718cdd05abd49572e84fe55590eef31a88a08fdffd
1278,G_87757_left_2353,exact,A,A,explicit_option,559aead08264d5795d3909718cdd05abd49572e84fe55590eef31a88a08fdffd
1279,I_32467_83742_left_x,exact,A,A,explicit_option,559aead08264d5795d3909718cdd05abd49572e84fe55590eef31a88a08fdffd
1280,G_63029_right_1623,exact,A,A,explicit_option,559aead08264d5795d3909718cdd05abd49572e84fe55590eef31a88a08fdffd
1281,I_58793_99775_left_s,exact,A,A,explicit_option,559aead08264d5795d3909718cdd05abd49572e84fe55590eef31a88a08fdffd
1282,D_14493_7,exact,A,A,explicit_option,559aead08264d5795d3909718cdd05abd49572e84fe55590eef31a88a08fdffd
1283,G_74850_right_2039,exact,A,A,explicit_option,559aead08264d5795d3909718cdd05abd49572e84fe55590eef31a88a08fdffd
1284,G_96608_left_2698,exact,A,A,explicit_option,559aead08264d5795d3909718cdd05abd49572e84fe55590eef31a88a08fdffd
1285,D_57833_121,exact,A,A,explicit_option,559aead08264d5795d3909718cdd05abd49572e84fe55590eef31a88a08fdffd
1286,D_63029_157,exact,A,A,explicit_option,559aead08264d5795d3909718cdd05abd49572e84fe55590eef31a88a08fdffd
1287,I_24101_65052_right_x,exact,A,A,explicit_option,559aead08264d5795d3909718cdd05abd49572e84fe55590eef31a88a08fdffd
1288,G_74850_right_2072,exact,A,A,explicit_option,559aead08264d5795d3909718cdd05abd49572e84fe55590eef31a88a08fdffd
1289,I_20294_74850_left_x,exact,A,A,explicit_option,559aead08264d5795d3909718cdd05abd49572e84fe55590eef31a88a08fdffd
1290,D_32467_53,exact,A,A,explicit_option,559aead08264d5795d3909718cdd05abd49572e84fe55590eef31a88a08fdffd
1291,D_56583_98,exact,A,A,explicit_option,559aead08264d5795d3909718cdd05abd49572e84fe55590eef31a88a08fdffd
1292,G_93812_left_2595,exact,A,A,explicit_option,559aead08264d5795d3909718cdd05abd49572e84fe55590eef31a88a08fdffd
1293,I_56583_63029_right_s,exact,A,A,explicit_option,559aead08264d5795d3909718cdd05abd49572e84fe55590eef31a88a08fdffd
1294,D_83742_234,exact,A,A,explicit_option,559aead08264d5795d3909718cdd05abd49572e84fe55590eef31a88a08fdffd
1295,D_14493_10,exact,A,A,explicit_option,559aead08264d5795d3909718cdd05abd49572e84fe55590eef31a88a08fdffd
1296,I_24101_58398_left_x,exact,A,A,explicit_option,559aead08264d5795d3909718cdd05abd49572e84fe55590eef31a88a08fdffd
1297,G_20294_left_197,exact,A,A,explicit_option,559aead08264d5795d3909718cdd05abd49572e84fe55590eef31a88a08fdffd
1298,G_93812_left_2638,exact,A,A,explicit_option,559aead08264d5795d3909718cdd05abd49572e84fe55590eef31a88a08fdffd
1299,G_65052_left_1746,exact,A,A,explicit_option,559aead08264d5795d3909718cdd05abd49572e84fe55590eef31a88a08fdffd
1300,G_99775_left_2880,exact,A,A,explicit_option,559aead08264d5795d3909718cdd05abd49572e84fe55590eef31a88a08fdffd
1301,G_83742_left_2266,exact,A,A,explicit_option,559aead08264d5795d3909718cdd05abd49572e84fe55590eef31a88a08fdffd
1302,I_14493_65052_right_s,exact,A,A,explicit_option,559aead08264d5795d3909718cdd05abd49572e84fe55590eef31a88a08fdffd
1303,G_14493_right_118,exact,A,A,explicit_option,559aead08264d5795d3909718cdd05abd49572e84fe55590eef31a88a08fdffd
1304,D_56583_97,exact,A,A,explicit_option,559aead08264d5795d3909718cdd05abd49572e84fe55590eef31a88a08fdffd
1305,G_43210_left_605,exact,A,A,explicit_option,559aead08264d5795d3909718cdd05abd49572e84fe55590eef31a88a08fdffd
1306,D_57833_129,exact,A,A,explicit_option,559aead08264d5795d3909718cdd05abd49572e84fe55590eef31a88a08fdffd
1307,I_63029_93812_left_s,exact,A,A,explicit_option,559aead08264d5795d3909718cdd05abd49572e84fe55590eef31a88a08fdffd
1308,D_43210_68,exact,A,A,explicit_option,559aead08264d5795d3909718cdd05abd49572e84fe55590eef31a88a08fdffd
1309,I_56583_76957_left_s,exact,A,A,explicit_option,559aead08264d5795d3909718cdd05abd49572e84fe55590eef31a88a08fdffd
1310,G_58398_right_1319,exact,A,A,explicit_option,559aead08264d5795d3909718cdd05abd49572e84fe55590eef31a88a08fdffd
1311,G_93812_right_2642,exact,A,A,explicit_option,559aead08264d5795d3909718cdd05abd49572e84fe55590eef31a88a08fdffd
1312,I_76957_83742_left_x,exact,A,A,explicit_option,559aead08264d5795d3909718cdd05abd49572e84fe55590eef31a88a08fdffd
1313,G_47904_left_823,exact,A,A,explicit_option,559aead08264d5795d3909718cdd05abd49572e84fe55590eef31a88a08fdffd
1314,I_20294_74850_right_s,exact,A,A,explicit_option,559aead08264d5795d3909718cdd05abd49572e84fe55590eef31a88a08fdffd
1315,I_76957_93812_left_s,exact,A,A,explicit_option,559aead08264d5795d3909718cdd05abd49572e84fe55590eef31a88a08fdffd
1316,D_32467_55,exact,A,A,explicit_option,559aead08264d5795d3909718cdd05abd49572e84fe55590eef31a88a08fdffd
1317,D_57145_111,exact,A,A,explicit_option,559aead08264d5795d3909718cdd05abd49572e84fe55590eef31a88a08fdffd
1318,D_74850_206,exact,A,A,explicit_option,559aead08264d5795d3909718cdd05abd49572e84fe55590eef31a88a08fdffd
1319,G_14493_left_5,exact,A,A,explicit_option,559aead08264d5795d3909718cdd05abd49572e84fe55590eef31a88a08fdffd
1320,G_57833_left_1129,exact,A,A,explicit_option,559aead08264d5795d3909718cdd05abd49572e84fe55590eef31a88a08fdffd
1321,I_47904_96608_left_x,exact,A,A,explicit_option,559aead08264d5795d3909718cdd05abd49572e84fe55590eef31a88a08fdffd
1322,D_83742_238,exact,A,A,explicit_option,559aead08264d5795d3909718cdd05abd49572e84fe55590eef31a88a08fdffd
1323,G_89171_right_2585,exact,A,A,explicit_option,559aead08264d5795d3909718cdd05abd49572e84fe55590eef31a88a08fdffd
1324,D_57833_131,exact,A,A,explicit_option,559aead08264d5795d3909718cdd05abd49572e84fe55590eef31a88a08fdffd
1325,D_96608_286,exact,A,A,explicit_option,559aead08264d5795d3909718cdd05abd49572e84fe55590eef31a88a08fdffd
1326,G_96608_left_2699,exact,A,A,explicit_option,559aead08264d5795d3909718cdd05abd49572e84fe55590eef31a88a08fdffd
1327,G_58398_right_1331,exact,A,A,explicit_option,559aead08264d5795d3909718cdd05abd49572e84fe55590eef31a88a08fdffd
1328,G_99775_left_2893,exact,A,A,explicit_option,559aead08264d5795d3909718cdd05abd49572e84fe55590eef31a88a08fdffd
1329,G_58793_right_1436,exact,A,A,explicit_option,559aead08264d5795d3909718cdd05abd49572e84fe55590eef31a88a08fdffd
1330,D_57833_125,exact,A,A,explicit_option,559aead08264d5795d3909718cdd05abd49572e84fe55590eef31a88a08fdffd
1331,G_27295_right_396,exact,A,A,explicit_option,559aead08264d5795d3909718cdd05abd49572e84fe55590eef31a88a08fdffd
1332,I_63029_74850_left_s,exact,A,A,explicit_option,559aead08264d5795d3909718cdd05abd49572e84fe55590eef31a88a08fdffd
1333,D_87757_241,exact,A,A,explicit_option,559aead08264d5795d3909718cdd05abd49572e84fe55590eef31a88a08fdffd
1334,D_74850_215,exact,A,A,explicit_option,559aead08264d5795d3909718cdd05abd49572e84fe55590eef31a88a08fdffd
1335,D_65052_189,exact,A,A,explicit_option,559aead08264d5795d3909718cdd05abd49572e84fe55590eef31a88a08fdffd
1336,G_83742_left_2220,exact,A,A,explicit_option,559aead08264d5795d3909718cdd05abd49572e84fe55590eef31a88a08fdffd
1337,G_65030_right_1690,exact,A,A,explicit_option,559aead08264d5795d3909718cdd05abd49572e84fe55590eef31a88a08fdffd
1338,G_57833_left_1147,exact,A,A,explicit_option,559aead08264d5795d3909718cdd05abd49572e84fe55590eef31a88a08fdffd
1339,D_87757_250,exact,A,A,explicit_option,559aead08264d5795d3909718cdd05abd49572e84fe55590eef31a88a08fdffd
1340,G_96608_left_2717,exact,A,A,explicit_option,559aead08264d5795d3909718cdd05abd49572e84fe55590eef31a88a08fdffd
1341,I_57145_83742_left_s,exact,A,A,explicit_option,559aead08264d5795d3909718cdd05abd49572e84fe55590eef31a88a08fdffd
1342,G_83742_left_2262,exact,A,A,explicit_option,559aead08264d5795d3909718cdd05abd49572e84fe55590eef31a88a08fdffd
1343,I_58398_87757_left_s,exact,A,A,explicit_option,559aead08264d5795d3909718cdd05abd49572e84fe55590eef31a88a08fdffd
1344,G_93812_left_2620,exact,A,A,explicit_option,559aead08264d5795d3909718cdd05abd49572e84fe55590eef31a88a08fdffd
1345,D_99775_299,exact,A,A,explicit_option,559aead08264d5795d3909718cdd05abd49572e84fe55590eef31a88a08fdffd
1346,D_69658_196,exact,A,A,explicit_option,559aead08264d5795d3909718cdd05abd49572e84fe55590eef31a88a08fdffd
1347,I_24101_76957_left_x,exact,A,A,explicit_option,559aead08264d5795d3909718cdd05abd49572e84fe55590eef31a88a08fdffd
1348,I_24101_69658_right_x,exact,A,A,explicit_option,559aead08264d5795d3909718cdd05abd49572e84fe55590eef31a88a08fdffd
1349,G_14493_right_108,exact,A,A,explicit_option,559aead08264d5795d3909718cdd05abd49572e84fe55590eef31a88a08fdffd
1350,D_24101_28,exact,A,A,explicit_option,559aead08264d5795d3909718cdd05abd49572e84fe55590eef31a88a08fdffd
1351,G_76957_right_2168,exact,A,A,explicit_option,559aead08264d5795d3909718cdd05abd49572e84fe55590eef31a88a08fdffd
1352,I_65030_89171_right_x,exact,A,A,explicit_option,559aead08264d5795d3909718cdd05abd49572e84fe55590eef31a88a08fdffd
1353,G_63029_right_1569,exact,A,A,explicit_option,559aead08264d5795d3909718cdd05abd49572e84fe55590eef31a88a08fdffd
1354,G_14493_left_47,exact,A,A,explicit_option,559aead08264d5795d3909718cdd05abd49572e84fe55590eef31a88a08fdffd
1355,G_69658_left_1861,exact,A,A,explicit_option,559aead08264d5795d3909718cdd05abd49572e84fe55590eef31a88a08fdffd
1356,G_74850_right_2050,exact,A,A,explicit_option,559aead08264d5795d3909718cdd05abd49572e84fe55590eef31a88a08fdffd
1357,G_96608_right_2784,exact,A,A,explicit_option,559aead08264d5795d3909718cdd05abd49572e84fe55590eef31a88a08fdffd
1358,D_32467_59,exact,A,A,explicit_option,559aead08264d5795d3909718cdd05abd49572e84fe55590eef31a88a08fdffd
1359,I_89171_99775_left_s,exact,A,A,explicit_option,559aead08264d5795d3909718cdd05abd49572e84fe55590eef31a88a08fdffd
1360,I_47904_57833_right_s,exact,A,A,explicit_option,559aead08264d5795d3909718cdd05abd49572e84fe55590eef31a88a08fdffd
1361,I_24101_58793_right_x,exact,A,A,explicit_option,559aead08264d5795d3909718cdd05abd49572e84fe55590eef31a88a08fdffd
1362,D_83742_236,exact,A,A,explicit_option,559aead08264d5795d3909718cdd05abd49572e84fe55590eef31a88a08fdffd
1363,I_58793_65052_right_x,exact,A,A,explicit_option,559aead08264d5795d3909718cdd05abd49572e84fe55590eef31a88a08fdffd
1364,I_20294_32467_left_x,exact,A,A,explicit_option,559aead08264d5795d3909718cdd05abd49572e84fe55590eef31a88a08fdffd
1365,G_65030_left_1656,exact,A,A,explicit_option,559aead08264d5795d3909718cdd05abd49572e84fe55590eef31a88a08fdffd
1366,D_76957_222,exact,A,A,explicit_option,559aead08264d5795d3909718cdd05abd49572e84fe55590eef31a88a08fdffd
1367,I_58793_65030_right_x,exact,A,A,explicit_option,559aead08264d5795d3909718cdd05abd49572e84fe55590eef31a88a08fdffd
1368,I_20294_65052_left_x,exact,A,A,explicit_option,559aead08264d5795d3909718cdd05abd49572e84fe55590eef31a88a08fdffd
1369,I_63029_65030_right_x,exact,A,A,explicit_option,559aead08264d5795d3909718cdd05abd49572e84fe55590eef31a88a08fdffd
1370,I_63029_87757_right_s,exact,A,A,explicit_option,559aead08264d5795d3909718cdd05abd49572e84fe55590eef31a88a08fdffd
1371,G_69658_right_1932,exact,A,A,explicit_option,559aead08264d5795d3909718cdd05abd49572e84fe55590eef31a88a08fdffd
1372,G_43210_left_551,exact,A,A,explicit_option,559aead08264d5795d3909718cdd05abd49572e84fe55590eef31a88a08fdffd
1373,I_24101_57145_right_x,exact,A,A,explicit_option,559aead08264d5795d3909718cdd05abd49572e84fe55590eef31a88a08fdffd
1374,G_32467_left_456,exact,A,A,explicit_option,559aead08264d5795d3909718cdd05abd49572e84fe55590eef31a88a08fdffd
1375,I_20294_83742_right_s,exact,A,A,explicit_option,559aead08264d5795d3909718cdd05abd49572e84fe55590eef31a88a08fdffd
1376,G_58398_left_1311,exact,A,A,explicit_option,559aead08264d5795d3909718cdd05abd49572e84fe55590eef31a88a08fdffd
1377,G_96608_right_2785,exact,A,A,explicit_option,559aead08264d5795d3909718cdd05abd49572e84fe55590eef31a88a08fdffd
1378,D_27295_43,exact,A,A,explicit_option,559aead08264d5795d3909718cdd05abd49572e84fe55590eef31a88a08fdffd
1379,G_65030_right_1714,exact,A,A,explicit_option,559aead08264d5795d3909718cdd05abd49572e84fe55590eef31a88a08fdffd
1380,G_20294_right_228,exact,A,A,explicit_option,559aead08264d5795d3909718cdd05abd49572e84fe55590eef31a88a08fdffd
1381,I_32467_47904_left_x,exact,A,A,explicit_option,559aead08264d5795d3909718cdd05abd49572e84fe55590eef31a88a08fdffd
1382,I_27295_58793_left_x,exact,A,A,explicit_option,559aead08264d5795d3909718cdd05abd49572e84fe55590eef31a88a08fdffd
1383,I_57145_58398_left_s,exact,A,A,explicit_option,559aead08264d5795d3909718cdd05abd49572e84fe55590eef31a88a08fdffd
1384,I_58398_83742_left_x,exact,A,A,explicit_option,559aead08264d5795d3909718cdd05abd49572e84fe55590eef31a88a08fdffd
1385,G_43210_right_662,exact,A,A,explicit_option,559aead08264d5795d3909718cdd05abd49572e84fe55590eef31a88a08fdffd
1386,I_65030_96608_left_x,exact,A,A,explicit_option,559aead08264d5795d3909718cdd05abd49572e84fe55590eef31a88a08fdffd
1387,G_57833_left_1171,exact,A,A,explicit_option,559aead08264d5795d3909718cdd05abd49572e84fe55590eef31a88a08fdffd
1388,D_83742_232,exact,A,A,explicit_option,559aead08264d5795d3909718cdd05abd49572e84fe55590eef31a88a08fdffd
1389,I_57145_74850_left_x,exact,A,A,explicit_option,559aead08264d5795d3909718cdd05abd49572e84fe55590eef31a88a08fdffd
1390,I_69658_74850_right_s,exact,A,A,explicit_option,559aead08264d5795d3909718cdd05abd49572e84fe55590eef31a88a08fdffd
1391,I_57145_74850_right_s,exact,A,A,explicit_option,559aead08264d5795d3909718cdd05abd49572e84fe55590eef31a88a08fdffd
1392,I_20294_93812_right_x,exact,A,A,explicit_option,559aead08264d5795d3909718cdd05abd49572e84fe55590eef31a88a08fdffd
1393,G_89171_right_2541,exact,A,A,explicit_option,559aead08264d5795d3909718cdd05abd49572e84fe55590eef31a88a08fdffd
1394,I_27295_65030_right_x,exact,A,A,explicit_option,559aead08264d5795d3909718cdd05abd49572e84fe55590eef31a88a08fdffd
1395,D_96608_278,exact,A,A,explicit_option,559aead08264d5795d3909718cdd05abd49572e84fe55590eef31a88a08fdffd
1396,G_69658_right_1917,exact,A,A,explicit_option,559aead08264d5795d3909718cdd05abd49572e84fe55590eef31a88a08fdffd
1397,G_58398_left_1297,exact,A,A,explicit_option,559aead08264d5795d3909718cdd05abd49572e84fe55590eef31a88a08fdffd
1398,G_27295_right_405,exact,A,A,explicit_option,559aead08264d5795d3909718cdd05abd49572e84fe55590eef31a88a08fdffd
1399,G_63029_left_1552,exact,A,A,explicit_option,559aead08264d5795d3909718cdd05abd49572e84fe55590eef31a88a08fdffd
1400,I_14493_20294_left_x,exact,A,A,explicit_option,559aead08264d5795d3909718cdd05abd49572e84fe55590eef31a88a08fdffd
1401,G_74850_right_2020,exact,A,A,explicit_option,559aead08264d5795d3909718cdd05abd49572e84fe55590eef31a88a08fdffd
1402,I_58398_65030_right_x,exact,A,A,explicit_option,559aead08264d5795d3909718cdd05abd49572e84fe55590eef31a88a08fdffd
1403,I_57145_89171_right_s,exact,A,A,explicit_option,559aead08264d5795d3909718cdd05abd49572e84fe55590eef31a88a08fdffd
1404,I_47904_58398_left_s,exact,A,A,explicit_option,559aead08264d5795d3909718cdd05abd49572e84fe55590eef31a88a08fdffd
1405,D_44595_83,exact,A,A,explicit_option,559aead08264d5795d3909718cdd05abd49572e84fe55590eef31a88a08fdffd
1406,I_20294_96608_left_x,exact,A,A,explicit_option,559aead08264d5795d3909718cdd05abd49572e84fe55590eef31a88a08fdffd
1407,G_44595_right_776,exact,A,A,explicit_option,559aead08264d5795d3909718cdd05abd49572e84fe55590eef31a88a08fdffd
1408,G_56583_right_935,exact,A,A,explicit_option,559aead08264d5795d3909718cdd05abd49572e84fe55590eef31a88a08fdffd
1409,I_47904_69658_right_x,exact,A,A,explicit_option,559aead08264d5795d3909718cdd05abd49572e84fe55590eef31a88a08fdffd
1410,G_69658_right_1943,exact,A,A,explicit_option,559aead08264d5795d3909718cdd05abd49572e84fe55590eef31a88a08fdffd
1411,G_69658_right_1933,exact,A,A,explicit_option,559aead08264d5795d3909718cdd05abd49572e84fe55590eef31a88a08fdffd
1412,D_63029_156,exact,A,A,explicit_option,559aead08264d5795d3909718cdd05abd49572e84fe55590eef31a88a08fdffd
1413,D_20294_17,exact,A,A,explicit_option,559aead08264d5795d3909718cdd05abd49572e84fe55590eef31a88a08fdffd
1414,G_27295_right_402,exact,A,A,explicit_option,559aead08264d5795d3909718cdd05abd49572e84fe55590eef31a88a08fdffd
1415,G_57833_right_1206,exact,A,A,explicit_option,559aead08264d5795d3909718cdd05abd49572e84fe55590eef31a88a08fdffd
1416,D_32467_48,exact,A,A,explicit_option,559aead08264d5795d3909718cdd05abd49572e84fe55590eef31a88a08fdffd
1417,D_56583_105,exact,A,A,explicit_option,559aead08264d5795d3909718cdd05abd49572e84fe55590eef31a88a08fdffd
1418,G_58398_left_1290,exact,A,A,explicit_option,559aead08264d5795d3909718cdd05abd49572e84fe55590eef31a88a08fdffd
1419,G_57145_left_971,exact,A,A,explicit_option,559aead08264d5795d3909718cdd05abd49572e84fe55590eef31a88a08fdffd
1420,G_47904_right_825,exact,A,A,explicit_option,559aead08264d5795d3909718cdd05abd49572e84fe55590eef31a88a08fdffd
1421,I_57833_65052_left_s,exact,A,A,explicit_option,559aead08264d5795d3909718cdd05abd49572e84fe55590eef31a88a08fdffd
1422,D_20294_12,exact,A,A,explicit_option,559aead08264d5795d3909718cdd05abd49572e84fe55590eef31a88a08fdffd
1423,G_76957_left_2084,exact,A,A,explicit_option,559aead08264d5795d3909718cdd05abd49572e84fe55590eef31a88a08fdffd
1424,G_96608_right_2800,exact,A,A,explicit_option,559aead08264d5795d3909718cdd05abd49572e84fe55590eef31a88a08fdffd
1425,D_58793_147,exact,A,A,explicit_option,559aead08264d5795d3909718cdd05abd49572e84fe55590eef31a88a08fdffd
1426,G_87757_right_2430,exact,A,A,explicit_option,559aead08264d5795d3909718cdd05abd49572e84fe55590eef31a88a08fdffd
1427,I_74850_96608_left_s,exact,A,A,explicit_option,559aead08264d5795d3909718cdd05abd49572e84fe55590eef31a88a08fdffd
1428,D_32467_54,exact,A,A,explicit_option,559aead08264d5795d3909718cdd05abd49572e84fe55590eef31a88a08fdffd
1429,I_47904_57833_right_x,exact,A,A,explicit_option,559aead08264d5795d3909718cdd05abd49572e84fe55590eef31a88a08fdffd
1430,D_20294_22,exact,A,A,explicit_option,559aead08264d5795d3909718cdd05abd49572e84fe55590eef31a88a08fdffd
1431,I_58398_65030_right_s,exact,A,A,explicit_option,559aead08264d5795d3909718cdd05abd49572e84fe55590eef31a88a08fdffd
1432,I_58398_87757_right_s,exact,A,A,explicit_option,559aead08264d5795d3909718cdd05abd49572e84fe55590eef31a88a08fdffd
1433,I_58793_87757_right_s,exact,A,A,explicit_option,559aead08264d5795d3909718cdd05abd49572e84fe55590eef31a88a08fdffd
1434,G_58398_left_1272,exact,A,A,explicit_option,559aead08264d5795d3909718cdd05abd49572e84fe55590eef31a88a08fdffd
1435,I_65030_96608_right_x,exact,A,A,explicit_option,559aead08264d5795d3909718cdd05abd49572e84fe55590eef31a88a08fdffd
1436,D_74850_214,exact,A,A,explicit_option,559aead08264d5795d3909718cdd05abd49572e84fe55590eef31a88a08fdffd
1437,G_20294_left_198,exact,A,A,explicit_option,559aead08264d5795d3909718cdd05abd49572e84fe55590eef31a88a08fdffd
1438,D_65052_186,exact,A,A,explicit_option,559aead08264d5795d3909718cdd05abd49572e84fe55590eef31a88a08fdffd
1439,G_56583_right_900,exact,A,A,explicit_option,559aead08264d5795d3909718cdd05abd49572e84fe55590eef31a88a08fdffd
1440,G_57145_right_1060,exact,A,A,explicit_option,559aead08264d5795d3909718cdd05abd49572e84fe55590eef31a88a08fdffd
1441,D_96608_285,exact,A,A,explicit_option,559aead08264d5795d3909718cdd05abd49572e84fe55590eef31a88a08fdffd
1442,I_14493_99775_left_s,exact,A,A,explicit_option,559aead08264d5795d3909718cdd05abd49572e84fe55590eef31a88a08fdffd
1443,D_96608_282,exact,A,A,explicit_option,559aead08264d5795d3909718cdd05abd49572e84fe55590eef31a88a08fdffd
1444,I_83742_99775_right_x,exact,A,A,explicit_option,559aead08264d5795d3909718cdd05abd49572e84fe55590eef31a88a08fdffd
1445,G_89171_right_2552,exact,A,A,explicit_option,559aead08264d5795d3909718cdd05abd49572e84fe55590eef31a88a08fdffd
1446,G_69658_left_1893,exact,A,A,explicit_option,559aead08264d5795d3909718cdd05abd49572e84fe55590eef31a88a08fdffd
1447,I_14493_74850_right_x,exact,A,A,explicit_option,559aead08264d5795d3909718cdd05abd49572e84fe55590eef31a88a08fdffd
1448,G_56583_right_933,exact,A,A,explicit_option,559aead08264d5795d3909718cdd05abd49572e84fe55590eef31a88a08fdffd
1449,D_32467_58,exact,A,A,explicit_option,559aead08264d5795d3909718cdd05abd49572e84fe55590eef31a88a08fdffd
1450,G_99775_left_2846,exact,A,A,explicit_option,559aead08264d5795d3909718cdd05abd49572e84fe55590eef31a88a08fdffd
1451,I_47904_87757_right_x,exact,A,A,explicit_option,559aead08264d5795d3909718cdd05abd49572e84fe55590eef31a88a08fdffd
1452,G_99775_right_2918,exact,A,A,explicit_option,559aead08264d5795d3909718cdd05abd49572e84fe55590eef31a88a08fdffd
1453,G_76957_left_2117,exact,A,A,explicit_option,559aead08264d5795d3909718cdd05abd49572e84fe55590eef31a88a08fdffd
1454,I_65030_89171_left_s,exact,A,A,explicit_option,559aead08264d5795d3909718cdd05abd49572e84fe55590eef31a88a08fdffd
1455,D_65030_168,exact,A,A,explicit_option,559aead08264d5795d3909718cdd05abd49572e84fe55590eef31a88a08fdffd
1456,G_32467_right_533,exact,A,A,explicit_option,559aead08264d5795d3909718cdd05abd49572e84fe55590eef31a88a08fdffd
1457,G_14493_left_36,exact,A,A,explicit_option,559aead08264d5795d3909718cdd05abd49572e84fe55590eef31a88a08fdffd
1458,G_27295_right_370,exact,A,A,explicit_option,559aead08264d5795d3909718cdd05abd49572e84fe55590eef31a88a08fdffd
1459,G_65052_right_1809,exact,A,A,explicit_option,559aead08264d5795d3909718cdd05abd49572e84fe55590eef31a88a08fdffd
1460,G_32467_left_427,exact,A,A,explicit_option,559aead08264d5795d3909718cdd05abd49572e84fe55590eef31a88a08fdffd
1461,I_93812_96608_right_s,exact,A,A,explicit_option,559aead08264d5795d3909718cdd05abd49572e84fe55590eef31a88a08fdffd
1462,G_89171_left_2518,exact,A,A,explicit_option,559aead08264d5795d3909718cdd05abd49572e84fe55590eef31a88a08fdffd
1463,I_43210_69658_left_s,exact,A,A,explicit_option,559aead08264d5795d3909718cdd05abd49572e84fe55590eef31a88a08fdffd
1464,D_93812_273,exact,A,A,explicit_option,559aead08264d5795d3909718cdd05abd49572e84fe55590eef31a88a08fdffd
1465,I_47904_87757_right_s,exact,A,A,explicit_option,559aead08264d5795d3909718cdd05abd49572e84fe55590eef31a88a08fdffd
1466,G_99775_left_2843,exact,A,A,explicit_option,559aead08264d5795d3909718cdd05abd49572e84fe55590eef31a88a08fdffd
1467,I_14493_32467_left_s,exact,A,A,explicit_option,559aead08264d5795d3909718cdd05abd49572e84fe55590eef31a88a08fdffd
1468,G_96608_left_2718,exact,A,A,explicit_option,559aead08264d5795d3909718cdd05abd49572e84fe55590eef31a88a08fdffd
1469,G_57145_right_1051,exact,A,A,explicit_option,559aead08264d5795d3909718cdd05abd49572e84fe55590eef31a88a08fdffd
1470,I_74850_87757_right_s,exact,A,A,explicit_option,559aead08264d5795d3909718cdd05abd49572e84fe55590eef31a88a08fdffd
1471,G_32467_right_526,exact,A,A,explicit_option,559aead08264d5795d3909718cdd05abd49572e84fe55590eef31a88a08fdffd
1472,D_58398_134,exact,A,A,explicit_option,559aead08264d5795d3909718cdd05abd49572e84fe55590eef31a88a08fdffd
1473,I_27295_74850_left_x,exact,A,A,explicit_option,559aead08264d5795d3909718cdd05abd49572e84fe55590eef31a88a08fdffd
1474,I_65030_76957_right_x,exact,A,A,explicit_option,559aead08264d5795d3909718cdd05abd49572e84fe55590eef31a88a08fdffd
1475,G_43210_left_598,exact,A,A,explicit_option,559aead08264d5795d3909718cdd05abd49572e84fe55590eef31a88a08fdffd
1476,I_20294_87757_right_x,exact,A,A,explicit_option,559aead08264d5795d3909718cdd05abd49572e84fe55590eef31a88a08fdffd
1477,I_14493_89171_left_x,exact,A,A,explicit_option,559aead08264d5795d3909718cdd05abd49572e84fe55590eef31a88a08fdffd
1478,I_74850_99775_left_s,exact,A,A,explicit_option,559aead08264d5795d3909718cdd05abd49572e84fe55590eef31a88a08fdffd
1479,G_83742_left_2236,exact,A,A,explicit_option,559aead08264d5795d3909718cdd05abd49572e84fe55590eef31a88a08fdffd
1480,G_87757_left_2395,exact,A,A,explicit_option,559aead08264d5795d3909718cdd05abd49572e84fe55590eef31a88a08fdffd
1481,D_57145_113,exact,A,A,explicit_option,559aead08264d5795d3909718cdd05abd49572e84fe55590eef31a88a08fdffd
1482,D_87757_249,exact,A,A,explicit_option,559aead08264d5795d3909718cdd05abd49572e84fe55590eef31a88a08fdffd
1483,I_65052_74850_right_s,exact,A,A,explicit_option,559aead08264d5795d3909718cdd05abd49572e84fe55590eef31a88a08fdffd
1484,I_24101_32467_right_x,exact,A,A,explicit_option,559aead08264d5795d3909718cdd05abd49572e84fe55590eef31a88a08fdffd
