source_record,pair_id,id_status,stored,derived,parse_status,raw_sha256
1,D_121_111,exact,B,,unrecognized_review,d22ce0aeb914715b5a034692b5c4a352057077e6ce2554c23b76401561d4c9da
2,I_044_232_13,exact,B,,unrecognized_review,ce75b71a67ce9b0b427abb7bd88aad2275034d3c8480e69c9185909b99ab742d
3,I_067_932_13,exact,A,,uncertainty_or_refusal_review,c844238bf591a2730fb240e951ed3f3e246b5b792f6f04dc90cae632821483d5
4,I_169_222_13,exact,A,,uncertainty_or_refusal_review,aee19e8332fad0f8e962cb01e16ba7d19e95b5330202c53e608086d91288fb37
5,I_051_174_13,exact,A,,unrecognized_review,155d8132e1f843f32df157c763600e3c42a96201a00926ee505483c95ef95048
6,D_041_36,exact,A,,unrecognized_review,e4337348cf92366c1901538576bc579ec2801a1d5d214f31f56b81c7ece61a45
7,G_200_13_11863,exact,A,,uncertainty_or_refusal_review,5a1f11975538710b0e08705ca31b4160414e81090f6ead07f4ed2c042340179f
8,I_049_269_13,exact,A,,unrecognized_review,3c2a35361c30e42099793dc1e66d903285c3c76efabbaf4dd2917292f35a3259
9,G_256_14_13142,exact,A,,unrecognized_review,b02fcd7bc1807a71b88bfb90bf3892e18e05646e1e171e6a4a86072b975eab5e
10,G_159_14_10898,exact,A,,unrecognized_review,af50e87ee26820cbe13d7630ffcfe42cb8e33adc5c89bd1714c3169e9ab94bd8
11,G_202_14_11903,exact,A,,contradictory_review,c2e502c8b283ac4880dd8dda72440c6b2487a43e9b74192009551f592db57a86
12,D_46_259,exact,B,B,explicit_text,70307be4b69e7a70d88c458081673e449d4707f68a13bbecbb8ebe60afbbf9f1
13,G_112_14_9805,exact,A,,uncertainty_or_refusal_review,0b7146d13dec711c2db940417cd5d2191e223a3036dbfa7845837ebffd62d519
14,G_192_13_11674,exact,B,,unrecognized_review,c6169ff61c29a87ad233e625a914616ec39fe2d53018490cb9dd51bb7fe152c3
15,I_009_216_13,exact,A,,uncertainty_or_refusal_review,525a0f23b02929a89dd8b0f4790eb962584fa5aa609267757959588da61f511d
16,D_155_135,exact,B,,unrecognized_review,e7e43abf4bf198d654caf8abd6d6d006b164cabaae852a508f6b20465c54cf23
17,I_31_911_14,exact,A,A,explicit_text,85a39ab345d672ff8ca9b9c6876f3adcacf45ee7c1e2dbd2408fd338bd55e07e
18,I_233_293_14,exact,B,,unrecognized_review,e6692f1196adef935e9c6c066bd326bdc9cb8e335facba3d2a353e3481a01d3e
19,I_57_71_13,exact,B,B,explicit_text,70307be4b69e7a70d88c458081673e449d4707f68a13bbecbb8ebe60afbbf9f1
20,G_048_14_3830,exact,A,,unrecognized_review,ec675c4287d6734716543a47d3f7e242e67f5dbf712d8b077c111519954beed5
21,D_191_165,exact,A,,uncertainty_or_refusal_review,bfe52b5858b6581f5373cdc6b5e69c48b330f2f1bc09b45322c64aea1bb15a34
22,G_182_14_11428,exact,INVALID,,unrecognized_review,45ee952ef56baf8a5b97b48e3784f04b9b166e1ab3a10ca5521e9a55a0f25b25
23,G_009_13_633,exact,A,,unrecognized_review,3d8e5caa2a90801f2d8f9b86432760748147f0c10ea912b4a6eaefd5bbdd039b
24,I_83_908_13,exact,A,,unrecognized_review,0e5e0abcc67651c00df3df90b3898ab055164ac999dbb0ecc951c4695658c01c
25,I_010_173_13,exact,B,,unrecognized_review,b7dda7ebe58ff0a63adc35ee0dc7f2bc5a1ae6c7616e62341e22d7da8cf73298
26,D_004_2,exact,A,,unrecognized_review,a6fe53a9b70916ec7a4826d845063c04c93c51f0aff96ca66ca1a6c3e86b35f2
27,G_212_13_12077,exact,A,,contradictory_review,92e5619d370abe87c9efb10db82496c6dc7eb4a7b2f56e21965b41eebdc55130
28,G_270_14_13504,exact,A,,unrecognized_review,367e6ec958c2dd54730a06797b91019cd1d9736b69433e23397b3cf77833e4ef
29,G_42_13_14322,exact,A,,unrecognized_review,53b3f2d7a94be1810ec8fe088ec274ac10709dabf8cc65c31d921587415e9606
30,D_128_117,exact,A,,unrecognized_review,3f633eeff12d65f14344cd502ab39bc8644f52abf47fb1d440dcd17e40852a7d
31,G_934_14_16443,exact,INVALID,,unrecognized_review,32ebb1abcc1c601ceb9c4e3c4faba0caa5b85bb98c4f1e6612c40faa528a91c9
32,I_059_900_13,exact,B,B,explicit_text,b1c9eb7c37e675fc517b6505924533cdce16186b5f0e203bf8eff78af200a1f9
33,I_31_82_14,exact,A,,contradictory_review,0f92bac6611f78f2dea7403622d48398dd827d6fec3293e135da37a5adf5a97d
34,I_034_181_14,exact,INVALID,,unrecognized_review,45ee952ef56baf8a5b97b48e3784f04b9b166e1ab3a10ca5521e9a55a0f25b25
35,G_033_13_2634,exact,A,,contradictory_review,38de6b5b802435eb27006a97a214bc05d10a16d58c555b8d8608dc41ae05c6b8
36,I_136_263_13,exact,A,,uncertainty_or_refusal_review,332eb74fab9af7f2989271743df42191bfdca971f52816dc749d04df5d4c63e4
37,G_160_13_10911,exact,B,B,explicit_text,70307be4b69e7a70d88c458081673e449d4707f68a13bbecbb8ebe60afbbf9f1
38,G_12_13_10249,exact,B,,unrecognized_review,87b1d8ee22fbbdf4aa53228ceeeb32d512ac606bbcb8fa4f42813db7a796deb9
39,I_006_044_14,exact,INVALID,,unrecognized_review,4feaf19cd44f42d7ac091719c5a6ed0fbb0d9fdbf0cedeca3e4c54749e010bea
40,D_218_186,exact,A,,contradictory_review,b494871bb8d873a820d9eee4fdc198bcfe6ae49057843c5ae409530874854c4e
41,D_39_252,exact,B,,unrecognized_review,0f6ca52a0d6bb66ac6f98dd323cad0d3796d60143d13114723231a8142d16ee8
42,I_229_916_13,exact,B,B,explicit_text,38178a20b470cfd18299fb1593dd4ba706f1a83321dac051d01086efd8b7a96f
43,G_049_14_3960,exact,A,,unrecognized_review,1b15bbdb2ad73d8b93581b2cc423e081d2bbb2df042377d7e5266b48a097935b
44,D_918_310,exact,B,,unrecognized_review,0138890be98b5765fcb2a02c2fb86a3303c7b762e9b5cbdece678172e12cc475
45,G_43_13_14353,exact,A,,unrecognized_review,6a8224693465943d1591473d17240d99892020773f9e4d054207f6e54603f5a3
46,G_923_13_16063,exact,B,B,explicit_text,b1c9eb7c37e675fc517b6505924533cdce16186b5f0e203bf8eff78af200a1f9
47,G_127_14_10171,exact,A,,unrecognized_review,c09725d57ae339dbea59b02ce64c083934c499746b94b8a1315505f505a846cd
48,D_051_45,exact,A,,unrecognized_review,0ad67d497b045f98547e923cdd6cb7f9fbb94c7c531c2a85ea8898aa2b120e25
49,G_197_14_11779,exact,A,,contradictory_review,65347219c9ba2251dcb143a21ed94b0845b47490be6f355564b17085e78104d8
50,G_018_14_1489,exact,A,,unrecognized_review,e7eecc0645620de2fd3d4ba525431e224de1e3936bd2e64de7b55e929116f8a7
51,I_049_901_14,exact,A,,unrecognized_review,4ad57088f6db41de3d7583f4df4cf8d38c81edb4dad38a433e0cc0aedd5de4f3
52,I_36_67_13,exact,B,,unrecognized_review,19d282c2c782dce5e7f3f61f9bf25a56cf88f369754b8093299565ca0b72dd4d
53,I_146_194_13,exact,A,,contradictory_review,bde87c0531aa141f828f6e6c0f717abc58242f6a3d09266a83d7bb96bd93ee78
54,D_279_230,exact,B,B,explicit_text,70307be4b69e7a70d88c458081673e449d4707f68a13bbecbb8ebe60afbbf9f1
55,I_013_919_13,exact,A,,contradictory_review,377ed8d54b784b0f61e658d3fc615a45baa4d2be2002608b108acfb6fdc9d372
56,D_094_86,exact,A,,uncertainty_or_refusal_review,db33a3bfb5ad4622536d6651310f08c38d5e4cfc6da46893bf4be5dbf2fb2f4e
57,D_158_138,exact,A,,unrecognized_review,b1d8ab546c8ed08db908efdba399e373111fd5e86d16e8c39af713deef09aa1f
58,I_057_909_14,exact,A,,unrecognized_review,8a0e45d271286ac2dd6450773d86d5e15d3965cec009e580e5de6f1a53efe339
59,D_099_90,exact,INVALID,,unrecognized_review,fd0ad9026eee596b7072a762941f60bef57e760a230edd450b3a634825685c2a
60,G_125_13_10127,exact,A,A,explicit_option,559aead08264d5795d3909718cdd05abd49572e84fe55590eef31a88a08fdffd
61,I_048_22_13,exact,B,,unrecognized_review,e763975c9dfccbff5d157214008fe1322d42b77c7e5946812659cc113c3cdf32
62,G_156_13_10789,exact,A,,unrecognized_review,713d713f196282bc3265f6d5ecf2ff5d3d8d7d3a9a3cb054483696e35f6c88f2
63,I_42_939_14,exact,B,,unrecognized_review,55d0846be9b1b39b41577cc99d4263fde3de8c29ea2f65c4469a6791df165443
64,I_164_279_14,exact,A,,unrecognized_review,13d6325c189262b19e19bdc8d615d87659c72732eb9da8d1f373ab0c11510311
65,I_007_253_13,exact,A,,unrecognized_review,211b116d243cbb900d9bd338eb3af8da6d57eb3afe4a7b587c8662cbbcaebafe
66,I_902_919_14,exact,A,,uncertainty_or_refusal_review,1a415df8465a4af645cec79f616e43538f481fce48eec5e868b8051ad58af4a3
67,I_100_189_13,exact,A,,contradictory_review,76848cec1d951cb7daf372f61d56bb7ca089edcc6e0e6b61210df51fe339a124
68,G_122_13_10044,exact,A,,unrecognized_review,6fd831c483f438891bfaf0c56fb49b710e1a624a167868cc269d1665489de4ca
69,I_024_130_13,exact,A,,unrecognized_review,c980d224490d97dcbe4aa35c9fba7689593a1f159e864f38cc0084da7d6979f5
70,G_284_14_13708,exact,A,,contradictory_review,abc7aae8117dff3862d711228bac0649d5d1dec4446bc95ad347066b0c095210
71,D_228_195,exact,B,,unrecognized_review,039b2f332cea2ece412b66d564a2497fcae2b4c036b59eb8ca2cbf745f1f299b
72,D_016_14,exact,A,,unrecognized_review,64a70e69e6e60c44c8387a3ac1d687975208ce770947e7033c9b04e8c0d7d198
73,I_123_932_14,exact,A,,contradictory_review,5cccb865d4e6bc3641e89e2cf04691518f3bc2fff52b63cf8e3abefedb58489d
74,D_101_92,exact,A,,contradictory_review,4775bf0cbc1303096f1eccfcca25296b0dc0e3b4f7374b950a475cf472c03e25
75,G_026_13_2176,exact,A,,unrecognized_review,12fc2b03adea3f45c6764d4dcfe75529a58f4d36660147c77e40a17dd8da3263
76,D_35_248,exact,INVALID,,unrecognized_review,0e77e68ba5473d98840c3212f4a8cb801226494f1162c8001a9f4ed7b00cbaa8
77,I_055_932_14,exact,A,,contradictory_review,4e61b9c505015921d3dcf05f07e06bd2a04a07ea8c30707b547049fe349885d8
78,G_159_13_10878,exact,A,,unrecognized_review,537b9448a7e13c21795d99ebbcfe48194c54a4e0183f96b6601f0b1c668ba537
79,I_026_051_14,exact,A,,contradictory_review,7ecb109dfaf89d98ebb715e7eae90bd801ccf71d26c24c5df8c26f6981ea14b6
80,G_127_13_10162,exact,INVALID,,unrecognized_review,76a71fbef8a8339fcbcaff8c9aadfb85c834bc3cc0c07069a5ebb2eea3d90d68
81,I_013_175_14,exact,B,,unrecognized_review,ce66c6da6e0ba6fd9192ea4138dac842b4cdce93be5550a68c69c17ac5db8fd7
82,G_905_13_15522,exact,B,B,explicit_text,b1c9eb7c37e675fc517b6505924533cdce16186b5f0e203bf8eff78af200a1f9
83,I_907_922_14,exact,B,B,explicit_text,b1c9eb7c37e675fc517b6505924533cdce16186b5f0e203bf8eff78af200a1f9
84,G_194_13_11703,exact,A,B,explicit_text,45074ee3f5a5b65eea40187ec57a731c1b5cfc2cf4845fcb8351fb51ed0eeb17
85,D_132_120,exact,A,,contradictory_review,abc7aae8117dff3862d711228bac0649d5d1dec4446bc95ad347066b0c095210
86,G_196_14_11755,exact,A,,unrecognized_review,9d2463926ef7fac2651c05e51f3365dd14bf1623cfce853a774ec0dcd5ddb5f3
87,G_929_14_16265,exact,A,,unrecognized_review,966741ad644473cc89629249e74800594452920a29ab0cf05b808777b75274b1
88,G_240_13_12731,exact,B,B,explicit_text,70307be4b69e7a70d88c458081673e449d4707f68a13bbecbb8ebe60afbbf9f1
89,G_47_14_14464,exact,A,,unrecognized_review,6ac2650a13cfd8448acb0cc050ff143a00d703028ca84dd4024a87d62a481859
90,G_912_13_15765,exact,A,,contradictory_review,abc7aae8117dff3862d711228bac0649d5d1dec4446bc95ad347066b0c095210
91,D_157_137,exact,A,,unrecognized_review,a2781e76f8c9f41c4a458883c1fdbe0247b43d68913af1fe3eafa792c9f5a6c7
92,I_231_263_13,exact,A,,unrecognized_review,baf5a7da343551f6bbea1ed7e13e8688a16855c3ab9d463aa2cfe5318952e2a0
93,G_247_14_12927,exact,A,,uncertainty_or_refusal_review,181e76d7a1142f953ed2287776cce3370c3cb3feb00939cd40b94ceeb895276c
94,I_005_81_14,exact,A,,uncertainty_or_refusal_review,266587b0fe928a18e565224bd26d5a0cde9d62a54b265e483ca6756248c54010
95,D_59_270,exact,A,,unrecognized_review,155d8132e1f843f32df157c763600e3c42a96201a00926ee505483c95ef95048
96,G_011_13_817,exact,A,,unrecognized_review,bc2aa2a42629a989b5b4a31b83e3e53e2db496d55cfc65d98077e386db93cfac
97,G_14_14_10714,exact,A,,uncertainty_or_refusal_review,1d36435980363c013a17efdcd5a1bd422ccabacffe495d45aa632440946f142f
98,I_074_218_13,exact,A,,uncertainty_or_refusal_review,3079965f770a2e637b0f3c8965840df22fabdc35cf519c169ef6f7b785c49a3f
99,I_197_241_14,exact,B,B,explicit_text,70307be4b69e7a70d88c458081673e449d4707f68a13bbecbb8ebe60afbbf9f1
100,G_271_13_13508,exact,B,B,explicit_text,b1c9eb7c37e675fc517b6505924533cdce16186b5f0e203bf8eff78af200a1f9
101,I_48_927_13,exact,A,,contradictory_review,4356080456f2c0e0f510bf7db4a4feabccb86771b158830cbda70cc694e97d5c
102,G_18_13_11603,exact,B,,unrecognized_review,ce66c6da6e0ba6fd9192ea4138dac842b4cdce93be5550a68c69c17ac5db8fd7
103,D_110_101,exact,B,,unrecognized_review,be6fa912a4151246a7cf09e9be1e9c972c6c5400ff282319694043796dae40d9
104,G_160_14_10920,exact,B,B,explicit_text,b1c9eb7c37e675fc517b6505924533cdce16186b5f0e203bf8eff78af200a1f9
105,I_913_914_14,exact,B,B,explicit_text,70307be4b69e7a70d88c458081673e449d4707f68a13bbecbb8ebe60afbbf9f1
106,D_903_295,exact,A,A,explicit_text,85a39ab345d672ff8ca9b9c6876f3adcacf45ee7c1e2dbd2408fd338bd55e07e
107,D_038_33,exact,A,,contradictory_review,d180f79d5665615c42154561cb82764b399bed26432e12229da2fb15812e73ac
108,D_079_71,exact,A,,uncertainty_or_refusal_review,405c625721345037d559223701ba80ccd1fdcebb769194dbfa34fa76017395a6
109,I_152_35_13,exact,A,,unrecognized_review,30c5dc645f4e7c5537482e2349466f9bce0f99fcda297abed91317720f9cd573
110,I_005_132_13,exact,A,,uncertainty_or_refusal_review,52d07b4f007205b1071caf5d9bf43845bb33439bc5fdc962007a1c01f746c271
111,I_088_149_13,exact,A,,contradictory_review,62a5ce40b8abe2ed483b6ca07e074440f5451ed69ff5020bce9b1334e8dc4812
112,D_94_333,exact,A,,uncertainty_or_refusal_review,33905589e95343d28e433ca4dc5f5aa2a8d040c2e7c26f5a3550e6231711d524
113,D_066_60,exact,A,,unrecognized_review,97e6f3c6e2ba681af265468dcceb4e84880878a74756d0a424df2168d462b2f5
114,I_067_077_14,exact,B,,unrecognized_review,a336f6b3a7a7b54184afd7b52463ae84b69fb70af489b531569dd0a4dc82d33c
115,D_88_289,exact,A,,unrecognized_review,0da020bcc063ad58011a86e3e9e63c01109a90e6137600930ca1c2d5be1a5de5
116,I_027_163_13,exact,A,,unrecognized_review,9d1491a199bd9c1f10f5995bb0c3e78c4dfeff9480a5e1a7bb3b1a372b7ad4d3
117,G_031_14_2510,exact,A,,unrecognized_review,8d63609efbc5e69f475afdcbc1472d3be738d83668d4a48ccaa18b4a2c07940b
118,G_198_13_11796,exact,A,,unrecognized_review,bd9858cc2b923ff660a53ad60985c76588fe7ad17a2196baefd84a914ae8a3ef
119,I_158_931_13,exact,A,,unrecognized_review,91f11078e9f400e077dd1d0bd2b672d809ee0d5d25d5ea1d4d0d5b0ae2bd2579
120,G_071_14_5907,exact,A,,unrecognized_review,93194022c85a453497aa8a5fbe04d0d544487f220198b4394bb791f8bb5d38f1
121,I_266_70_14,exact,A,,unrecognized_review,eeebe2c02b5c37bc7674ee078f141b9bf91af99b95854a0e3e2b5315e06fb2eb
122,D_173_150,exact,A,,contradictory_review,4517ee3aa2813f39e0271feff58bbb773a854c9dfedc9921d2a7750dfe7f5be1
123,I_156_280_13,exact,A,,contradictory_review,75d7b7a2ad901c3df612b16ee95002b7216419948d0a41bf403f0ee27d60f35e
124,I_055_36_13,exact,A,,contradictory_review,eb4b3da7b08f93b644ca2354c2a3d52ef44836c5567f14297e41a3bc28855920
125,G_046_13_3632,exact,A,,unrecognized_review,63a746971e5aa887f7abe275ed2c097ad06573a0058b69a24b3b2edc71503097
126,G_109_14_9407,exact,A,,uncertainty_or_refusal_review,4705416e75b5b0964b344f90da11584203799ea2042d149ed20f3350a25341ec
127,G_51_14_14610,exact,INVALID,,unrecognized_review,32ebb1abcc1c601ceb9c4e3c4faba0caa5b85bb98c4f1e6612c40faa528a91c9
128,G_27_13_13568,exact,A,,unrecognized_review,7fb457ae301b009ee3c88580b9fb48352bf172afb27fd24ee53b4f4f46b09a08
129,I_049_81_14,exact,B,,unrecognized_review,6363e4e69b7b2a289e2603bfb85dddc119c1740c51be4732cf9c3912b213d996
130,G_057_13_4601,exact,A,,contradictory_review,8d8f2c5cf5aec07c9596acee962a81efe22c74ed7f2ab69466a6ea8f3828c291
131,D_258_218,exact,A,,unrecognized_review,ba04236848e78e87496fef3b0a7e048c9867bd2ef547ef443b403220787d2e7b
132,G_904_14_15508,exact,A,,contradictory_review,b14c2b16d86586714ba4ae3ab5a2ea6b58e2ad7c52649d0078636d9edf9ea1ee
133,I_100_279_14,exact,A,,unrecognized_review,a22daf1cd17d661f272ee8d8b8a378e0fa51baef101bb57e6068ae9a373e8fa5
134,D_68_279,exact,B,,uncertainty_or_refusal_review,0a1776fdd12a0402a54d980654a1da9566f371c19aba5459ba5add2f38dae882
135,D_240_203,exact,A,,unrecognized_review,2eae31d24373c8f016bb89d717c24cefab5240133d13d5aeaea9fc73cdb5f448
136,G_907_13_15583,exact,A,,unrecognized_review,2c5f5e975419c3cc8994ecfbf91b696d138d08253390549eb0bd1550a905a438
137,G_927_13_16188,exact,B,B,explicit_text,b1c9eb7c37e675fc517b6505924533cdce16186b5f0e203bf8eff78af200a1f9
138,I_11_924_13,exact,A,,unrecognized_review,e022f43f372d236e15b616c9da5ee6de7863df21f53a60a2b735983e8d2c735a
139,I_240_918_14,exact,A,,uncertainty_or_refusal_review,415739801c229b7ceaa9ca70fe41d7a028bbc3f165df15a99692bf67a708bbe6
140,G_284_13_13695,exact,A,,contradictory_review,1e5ba95cc972905e7b4d58d346fc1e40bd3198a2531f58b5722094a101b1515b
141,I_4_47_13,exact,A,,unrecognized_review,8a3bfea013ac0ba554c969616f08c73a0c0a57476f51328ecda884a82fb0dfb6
142,G_181_13_11393,exact,A,,unrecognized_review,dfcb1e0eee872f67cd304adb5a7a43b5c8ac7caaa0d49ea734d363a23e68c4a4
143,D_227_194,exact,B,,unrecognized_review,fb003c93693ee3f9b347878f80690669fd4cd56df1111e5dfd9592fcf91d4a8b
144,G_96_13_16700,exact,A,,unrecognized_review,a8b8e6d1dc0ed491f8069d80538462158ae739b93d252eee5963386f5e8689b8
145,I_075_081_14,exact,A,,unrecognized_review,5be20b5e231b91778c58904d81d35c49776c6629fd822a7d30f5c223feb88079
146,I_019_229_13,exact,A,,contradictory_review,97b234e68507c770719858932618817c427f2000f3701056fab824ebfb0688e5
147,I_128_138_14,exact,A,,unrecognized_review,7e96ded4232dcd72740e2e7c92d2090c5a19c853e29109e02e4a476b9aa9e31a
148,G_249_13_12978,exact,INVALID,,unrecognized_review,45ee952ef56baf8a5b97b48e3784f04b9b166e1ab3a10ca5521e9a55a0f25b25
149,I_080_181_14,exact,B,,unrecognized_review,19d282c2c782dce5e7f3f61f9bf25a56cf88f369754b8093299565ca0b72dd4d
150,I_021_917_13,exact,B,,unrecognized_review,19d282c2c782dce5e7f3f61f9bf25a56cf88f369754b8093299565ca0b72dd4d
151,D_233_200,exact,A,,uncertainty_or_refusal_review,2362d6c0d8201d0ccad682030a99cbba014e88b7683b016d8bc6f1a3f1903f76
152,G_053_13_4271,exact,A,,uncertainty_or_refusal_review,4dcf09ee8a5f6cae5735f49a2ab7813efe79b2356b98e83d73469bb0104dbe31
153,I_223_53_13,exact,A,,contradictory_review,1ff2b5391e64625dd3c7451ff7c4c24f02a7ef5b7763f436da529010aaae3105
154,G_279_14_13557,exact,B,,contradictory_review,7cc0d3eb95fa3780404c43acedbdcff53676e89e7c2522faafb76b1ddc7da4f6
155,D_129_118,exact,A,A,explicit_text,85a39ab345d672ff8ca9b9c6876f3adcacf45ee7c1e2dbd2408fd338bd55e07e
156,I_084_163_14,exact,A,,contradictory_review,c3723f5131cb4528d22da6f4ea41a8c92b419c751b4681391512991b58b9a3c0
157,G_015_14_1230,exact,A,,unrecognized_review,c8cf7d68398f1aaf179c13b38ac703eadde32f158dbf3f1218c92c927a8bdf08
158,G_057_14_4669,exact,A,,unrecognized_review,8ad491c3e663dffb16185eb6a0c92ccd47553a75b1145bc14df2cb61a00751fc
159,G_098_14_8073,exact,B,,unrecognized_review,8ac5603a563c3e1beda56b0979ed50a5667ad0949735fa656e4f0eeaf4c84f1b
160,G_043_13_3371,exact,A,,contradictory_review,68691f5fd8b62dd384884f3b30bd3d1cdb150caa1b313ab828dd8ce9d1063c72
161,I_216_931_13,exact,A,,contradictory_review,858fa2b3eee80d586b19e0e389ee6610e958d6a42ee4bf899c3eb536f71ac599
162,G_144_14_10558,exact,A,,uncertainty_or_refusal_review,4743423b19fa5de74ed6cf2659ad9baa4cb63a29f124d02d4378600d276beaaa
163,G_76_13_15198,exact,B,B,explicit_text,b1c9eb7c37e675fc517b6505924533cdce16186b5f0e203bf8eff78af200a1f9
164,I_048_915_13,exact,A,,unrecognized_review,0cae334da395ad99345baac4be0da032d24f29c2ed7e0203fad2b7cf7124ad13
165,G_66_13_14998,exact,A,,contradictory_review,d9734bf075430a2a031e863366a8866d718e31a67d80db490e6be9666468554d
166,D_292_242,exact,A,,contradictory_review,8ee936e4aff52201ba0cb2e14ad2fd77496994877f6d6d11f7bb2cb224a8a386
167,G_263_13_13332,exact,INVALID,,unrecognized_review,fd0ad9026eee596b7072a762941f60bef57e760a230edd450b3a634825685c2a
168,I_087_24_14,exact,B,,unrecognized_review,f56678cebdc7446ab34c394cb97dc6dd028c49e297cfc259d2adb436639f712c
169,G_010_14_801,exact,A,,uncertainty_or_refusal_review,a41b41c93ef515dfe7aac14641e4b37a51c7fa60d2744166c46fe7ba3b1cc9f8
170,D_074_67,exact,A,,unrecognized_review,1fa0f5117c897d927d9ca573588becfc321f0706c3fba53611aa719e33e47e90
171,I_012_049_14,exact,A,,contradictory_review,8bc60a974d18e04d5c6d755b8a14f1a40396d79336e8627b227496189f57294e
172,I_230_930_13,exact,B,,unrecognized_review,8677151c2eb8cb25dd1f91b80177f4566d47f17511bb20661ac9397258cb4877
173,I_054_222_14,exact,A,,unrecognized_review,70cc2efbcdb5d5b72f36a64b0666c53ea4a9152b4e891a828f2ad807fc9770b0
174,I_116_118_14,exact,INVALID,,unrecognized_review,45ee952ef56baf8a5b97b48e3784f04b9b166e1ab3a10ca5521e9a55a0f25b25
175,D_225_192,exact,A,,contradictory_review,b6205d66541fb188306d9beaaf3673f56a64d067ed4461e851d08eed19c30159
176,I_112_156_13,exact,A,,contradictory_review,22f35708da01f2e2fc5f08d64af0a36dc933b39c573c58fdc5bbff90198ca2c2
177,D_904_296,exact,A,,unrecognized_review,891d33ca88d254b9a1787632dc00a66b64e165bff8a1b717e86243a601926147
178,I_180_181_14,exact,A,,contradictory_review,534b6da0ed4b53f7c6edc06f97dbe354d880973ec1666f234a2084b3d380ec50
179,G_241_13_12756,exact,B,B,explicit_text,b1c9eb7c37e675fc517b6505924533cdce16186b5f0e203bf8eff78af200a1f9
180,G_49_13_14509,exact,A,A,explicit_option,559aead08264d5795d3909718cdd05abd49572e84fe55590eef31a88a08fdffd
181,G_060_14_4907,exact,INVALID,,unrecognized_review,e61f6457149e91b651d246569b9ba7f176875422a868c876d6fd714528d325bb
182,G_174_13_11236,exact,B,,unrecognized_review,6f0dec767fe45914176fe26b202190542c53a5322a866281eeb451c51f5e4664
183,I_245_40_14,exact,A,,uncertainty_or_refusal_review,1a415df8465a4af645cec79f616e43538f481fce48eec5e868b8051ad58af4a3
184,I_198_224_14,exact,B,,unrecognized_review,ad843f438a9a41546f045699835d76f8ffa82f949b19d80bb0332c21893a413b
185,I_237_43_14,exact,A,,contradictory_review,1c109bd42ccab39b0bf9a02a251cbfd772c274c266c3a241d84e0be1c0ac1457
186,G_025_13_2084,exact,A,,unrecognized_review,f12fb61673dbf2b16527002eb85bd5bfbe241d205768eb22a1517b34d656bac0
187,D_43_257,exact,A,,unrecognized_review,6d039bddbc5885fb074a3417a8e12a3b9d44ec8dcee34fb4bb2581911e9e87a1
188,G_928_14_16226,exact,A,,uncertainty_or_refusal_review,2e470d4c923216f61a853e38443a75416eecfc5c7078ccf6219d4141659f79e8
189,G_035_13_2823,exact,A,,contradictory_review,4a2500e14825fbf0eb08b2c05695e8bc0b7603c354f06b194cc63b1059096a81
190,I_048_216_13,exact,B,,unrecognized_review,23c1b69080ae992daba34a5f5d5aafc4fefa8d611f8537fb210063af28ffd2cb
191,I_014_76_13,exact,A,,uncertainty_or_refusal_review,5f559cf4a5a08bf5dc12e110f0c50fd2aa3447b74373705101c903a38b76cfda
192,I_111_904_14,exact,B,,unrecognized_review,0cb9f1ecb73a5158794fb66471235f92b9d4178a382023d5c9d6fc3aaad417fb
193,G_177_14_11308,exact,B,,unrecognized_review,fb003c93693ee3f9b347878f80690669fd4cd56df1111e5dfd9592fcf91d4a8b
194,I_064_074_14,exact,A,,unrecognized_review,52e8b00f970e4296a4a36fd0154b365bf55c83df29f90003e80fa8421d9f8ea6
195,I_241_252_14,exact,A,,unrecognized_review,25fd6d8de949bd098c96bf7780a8b40cc67a58a6fabfa25cb746f09cb9eb6051
196,D_103_94,exact,A,,unrecognized_review,589fadaf3291c70c708730d9ff30e248f09b081a1dfab3f015d18daa40a13183
197,D_071_65,exact,A,,contradictory_review,17a81048e60a7432107eae9d10765237744ee55872896cff58f4fb714a0d44a4
198,G_248_13_12935,exact,A,,unrecognized_review,28787f8b7070756cbd6c02fc7cb100cb4727bb7ea8990a5d0854a5af77d5a7cf
199,G_68_13_15046,exact,A,,unrecognized_review,2276bd86e033fab653af84237f6da3be7656f58d9d413d93695fc43936692cbc
200,G_184_14_11491,exact,A,B,explicit_text,45074ee3f5a5b65eea40187ec57a731c1b5cfc2cf4845fcb8351fb51ed0eeb17
201,D_226_193,exact,A,,unrecognized_review,33bc0cbd67d4405c0defab3cf0f32bbe743ba06f17a29d064be5e086e23b8538
202,I_061_288_13,exact,INVALID,,unrecognized_review,fd0ad9026eee596b7072a762941f60bef57e760a230edd450b3a634825685c2a
203,I_008_60_13,exact,B,B,explicit_text,b1c9eb7c37e675fc517b6505924533cdce16186b5f0e203bf8eff78af200a1f9
204,I_191_237_13,exact,A,,unrecognized_review,3b41ba9c7cb8c5d6530c12eec5000c4e2ad0c48b2d4b9149a3ef6d2a23802819
205,I_158_226_14,exact,A,,unrecognized_review,92234175e7218b7c3e9808254b64b84afb730c09efa35c76b4c5da122805dbfa
206,I_090_102_13,exact,B,,unrecognized_review,ce66c6da6e0ba6fd9192ea4138dac842b4cdce93be5550a68c69c17ac5db8fd7
207,I_117_918_13,exact,A,,unrecognized_review,bab153337d9cf5a160d22b4f6a6cc4a5ad6cbd87128501c0ed7ed8bc0aa99db9
208,G_270_13_13483,exact,A,,uncertainty_or_refusal_review,f7e0bcd7512949b8152ae11af5f5c72d639ce9d6c4ce0a4801259b2d065f38fb
209,G_299_13_13963,exact,A,B,explicit_text,45074ee3f5a5b65eea40187ec57a731c1b5cfc2cf4845fcb8351fb51ed0eeb17
210,G_266_14_13377,exact,A,,unrecognized_review,d1493bb2c3be34da9fd5344e206e7e6696f89241c7aa020d666e1467e99d32b9
211,I_062_132_14,exact,A,,uncertainty_or_refusal_review,6e7f0773938ec272050e01588743c4db388ae8160af6e56b4971720fe67f98d4
212,G_279_13_13541,exact,B,,unrecognized_review,d2993b4c5fe4f32cc42cf66de6ec3bc2a590c9b5fdd2c87a8781ab7d0e25f54e
213,I_094_96_13,exact,A,,contradictory_review,358fc3504e66ef91e09ffc68eeb887f8edc1f4b2ac24761c104db551485447b5
214,I_36_921_14,exact,A,,unrecognized_review,b983a49f419c889603e9b0dc4f75082edfb2794f4352df1d313f714224bcdd07
215,I_097_27_13,exact,A,,unrecognized_review,0ed417287a4554fe7db2ffef97cbd1b215c1ed76d7f0bc3f322cd2f30610f10f
216,D_048_42,exact,A,,unrecognized_review,9df7cf9969228e85c0388390559ab14f9064cf9415fe6df89a61008b3a267238
217,G_919_13_15982,exact,B,,unrecognized_review,5029305f1b78b5cdec7fe12bd42763890a72d5eb05af83dcc50044d15a1280b5
218,G_120_14_9991,exact,A,,unrecognized_review,c581d1f81d8ef23ba1030bf4bb14ebd1af4cf30ecf205c61f8718a40d0bebe90
219,D_220_188,exact,B,B,explicit_text,70307be4b69e7a70d88c458081673e449d4707f68a13bbecbb8ebe60afbbf9f1
220,G_11_13_9954,exact,INVALID,,unrecognized_review,fd0ad9026eee596b7072a762941f60bef57e760a230edd450b3a634825685c2a
221,G_271_14_13527,exact,A,,uncertainty_or_refusal_review,c4f196c752face028ab0d495abc95dd07b5b821f3c5c636751c2bfd5d50cc228
222,G_78_14_15241,exact,A,,unrecognized_review,09299a98a96c55024d8e1e5216e2b07b827b1dc48f0b6b7c2c1a4eb0be5b367e
223,I_056_14_13,exact,A,,uncertainty_or_refusal_review,b9f138ec77138c928ab72770354f82563e944392e103f3285f28c9a3f3c750ca
224,D_031_27,exact,INVALID,,unrecognized_review,c977dbe785221d34114d345fdf8ff4e18bb4af66750751dbea29407f9738735f
225,G_083_14_6820,exact,INVALID,,unrecognized_review,ce69bba70957462fc8aef7c2bb66b2e2a541d5c41e548f0e329693b26eecfeef
226,D_271_229,exact,B,,unrecognized_review,19d282c2c782dce5e7f3f61f9bf25a56cf88f369754b8093299565ca0b72dd4d
227,D_60_271,exact,B,,contradictory_review,4687fad3b36e1920bc9c5dff45ca838099232328f14a51e1411e8e88166edd23
228,I_30_918_14,exact,B,B,explicit_text,b1c9eb7c37e675fc517b6505924533cdce16186b5f0e203bf8eff78af200a1f9
229,I_197_260_13,exact,B,,unrecognized_review,62e4a64aa34851fec3732aab28e965cf6d54fd4688c7aad1923402a223fa01bc
230,I_128_142_14,exact,B,B,explicit_text,70307be4b69e7a70d88c458081673e449d4707f68a13bbecbb8ebe60afbbf9f1
231,G_916_13_15881,exact,A,,contradictory_review,ec21d5f70eace43d72c0375b739de60f1f77191267ac3e2b4dc4d22e5c7e2d66
232,I_081_901_13,exact,B,,unrecognized_review,c34a9711df5400c850dc40293e3a7edfa1bc3cd3738b9bf271f3b7c74d12fa10
233,D_160_141,exact,A,,unrecognized_review,838bf827bb6c3fcefafcebd4b8a0a9d34604496b5665028971571c26ef16196a
234,G_062_13_5081,exact,A,,contradictory_review,9529bcdc3899a5b0b1c0c57f3c3509471f4c97aa1c8946b75ca486e180130d16
235,I_041_50_14,exact,B,,unrecognized_review,ce66c6da6e0ba6fd9192ea4138dac842b4cdce93be5550a68c69c17ac5db8fd7
236,I_172_72_13,exact,A,,unrecognized_review,24fee5e6e4721c48e649633468f92ecea54303ad9aaaf88f4afbdd754e8d357d
237,G_044_14_3489,exact,A,,unrecognized_review,7ff26a7b2d72a2da795c41cdb5d828ca0c526a864abbbd5e17ef08985697eef6
238,D_109_99,exact,A,,uncertainty_or_refusal_review,427ddd47be1f3fcce6e57b6cb61a0a4e6cd1d213f80fe0a5b65cd9f33fd94d95
239,G_102_13_8526,exact,A,,unrecognized_review,4b0952588de142d93235fc52d9a89a944077cc0ce16e2ed0481a3d20677e6924
240,I_172_54_14,exact,B,B,explicit_text,70307be4b69e7a70d88c458081673e449d4707f68a13bbecbb8ebe60afbbf9f1
241,I_094_116_13,exact,B,B,explicit_text,70307be4b69e7a70d88c458081673e449d4707f68a13bbecbb8ebe60afbbf9f1
242,D_096_87,exact,A,,unrecognized_review,2574ce8640ea01c66148b7c53af76a7e68f6b069d9c005148837321ed3efad08
243,I_82_933_14,exact,A,,unrecognized_review,a1d69bbc93d4909a540ae56b2d4e54dbff19e5a5c48e17d5b881d80af83025f7
244,D_059_53,exact,A,,uncertainty_or_refusal_review,fbff170288222786c90349b9aeaf39d953ab8d11d2332c7e7f09aa8219584d04
245,I_192_299_13,exact,A,,contradictory_review,36f5f1eb1a2d1f8ded5a83a968ebde442e3e5ffd9fc9f7ef2c975057c8c0a12c
246,G_67_14_15022,exact,A,,contradictory_review,1a64e51413301fde6f01693f1209952fe09d7dc0b7ed5a33a723ae4f8cdd7a7d
247,G_072_14_5998,exact,A,,unrecognized_review,92b667417c058f44e744b872d0de3d9e0f6c169e010d8c2e4772ae59e90951c3
248,G_212_14_12092,exact,A,,contradictory_review,f8db46522de79ab1963e488ddc995c49a7e3c1d8d6c6bd50fc96086902b14c50
249,G_38_13_14179,exact,INVALID,,unrecognized_review,fd0ad9026eee596b7072a762941f60bef57e760a230edd450b3a634825685c2a
250,G_223_13_12363,exact,INVALID,,unrecognized_review,fd0ad9026eee596b7072a762941f60bef57e760a230edd450b3a634825685c2a
251,G_141_14_10469,exact,A,,unrecognized_review,c480205b1b0ae88537d728e63fdafe167e904c0b71204ba0ce56291a0366292e
252,D_37_250,exact,B,,unrecognized_review,ce66c6da6e0ba6fd9192ea4138dac842b4cdce93be5550a68c69c17ac5db8fd7
253,D_167_145,exact,A,,unrecognized_review,ade957b9233ce82d53ed9e9b7e6f67cd72ea6c89278f92f9478c20210bd60231
254,G_189_13_11576,exact,A,,uncertainty_or_refusal_review,14122543802155a3c14ea04cc82f41355a3e62eb4431879abc2458f884b7c505
255,D_232_199,exact,A,A,explicit_text,85a39ab345d672ff8ca9b9c6876f3adcacf45ee7c1e2dbd2408fd338bd55e07e
256,G_199_14_11824,exact,INVALID,,unrecognized_review,45ee952ef56baf8a5b97b48e3784f04b9b166e1ab3a10ca5521e9a55a0f25b25
257,I_198_901_13,exact,A,,unrecognized_review,eeebe2c02b5c37bc7674ee078f141b9bf91af99b95854a0e3e2b5315e06fb2eb
258,I_008_111_13,exact,A,,unrecognized_review,2f78dadf25dd70b3c8d8709e37af14b75873e6df7188685f635a99e8c63a5906
259,D_063_57,exact,A,,unrecognized_review,bae88587fbf6d85f07085c046c9e71cd5d9f3eab71e515b5ded710466e5f7619
260,G_019_14_1610,exact,A,,uncertainty_or_refusal_review,0ab83071305c336f7021e0e53763703a314b949ef91af96759c3e9fd6b6d146b
261,D_146_131,exact,B,,unrecognized_review,dd943978d37d7fa6a4279a62673c3d79b8dfc218d2d7bf6768b5e4ac04f0aefc
262,I_128_50_13,exact,A,,unrecognized_review,ea757a83db70aaa0c16009678badd1d8394ceda541e56589d45a976d4039c8d1
263,D_123_113,exact,B,B,explicit_text,b1c9eb7c37e675fc517b6505924533cdce16186b5f0e203bf8eff78af200a1f9
264,D_182_158,exact,A,B,explicit_text,45074ee3f5a5b65eea40187ec57a731c1b5cfc2cf4845fcb8351fb51ed0eeb17
265,D_085_77,exact,INVALID,,unrecognized_review,158a842a72e31dd6fa130276f5d4e7b5a1815bc511b37915709f4105eae2fad2
266,I_935_97_14,exact,A,,contradictory_review,a24a5d58164f6b60c82ea30150b049893976697f706c1df3f5c2ae2b2f0c8b47
267,D_248_210,exact,A,,contradictory_review,33ec6cb331462db4ca7c7abc088dc83994cf6473bab243e69567ba9bfadc9628
268,G_013_14_1036,exact,A,,uncertainty_or_refusal_review,4d78f7bf9f5bf6262daccdcd3db1ff07dc3924bc75e9d7876ff1058861d241c9
269,D_935_328,exact,B,B,explicit_text,b1c9eb7c37e675fc517b6505924533cdce16186b5f0e203bf8eff78af200a1f9
270,I_258_92_13,exact,A,,unrecognized_review,ac139d95714a7843a69db57a63b27b3bbe1425d425734d892f96fd5c5dbca5a4
271,G_12_14_10264,exact,B,,unrecognized_review,db0fe701f39ad16e18972dee94c5082b1785c6d2d2f564de2268896e9bd7b38a
272,I_44_922_13,exact,A,,unrecognized_review,77fb2afa6ead96687c507ff15826d0fea9ccf1d342e86a515dcafda73b8522bd
273,G_200_14_11880,exact,B,B,explicit_text,70307be4b69e7a70d88c458081673e449d4707f68a13bbecbb8ebe60afbbf9f1
274,G_087_14_7195,exact,B,,unrecognized_review,db0fe701f39ad16e18972dee94c5082b1785c6d2d2f564de2268896e9bd7b38a
275,D_936_329,exact,B,B,explicit_text,b1c9eb7c37e675fc517b6505924533cdce16186b5f0e203bf8eff78af200a1f9
276,I_281_299_13,exact,A,,unrecognized_review,d67921a654ba2b9e47aaefae5a715a5b7e0ca8ca066e24b079a883db16f4964c
277,G_289_14_13795,exact,A,,contradictory_review,56e26262ebcd1dbe8752d8bf1b8cd165989a463ce853cedbda12db134d004d1a
278,I_123_228_14,exact,A,,unrecognized_review,e3c35633f28face59311e0ea0f21dab529eed07d7b429c457f5040c509133fcb
279,G_283_14_13678,exact,A,,uncertainty_or_refusal_review,21cd724c59fec4071facd749b129677e769c561f0742fc711b830a9e208c3ac0
280,D_152_134,exact,A,,unrecognized_review,7a23fec4b015796ba38fee407375d2587af94a648abf2f552391be7b28613e63
281,G_045_13_3551,exact,B,,unrecognized_review,de8831fd1c52b80e21e55721c6cc67603991993f0261d887308d2414f88fc17c
282,I_057_921_13,exact,A,,unrecognized_review,39a7f5a19265b034ec956343d2dadffc010394c4eab5ecdeae4155f1be8ff27b
283,I_223_249_14,exact,B,,unrecognized_review,6d206073cc39f47cc0d67c4d1b4dc2905e593b0527ca3907051e39bf316f8c70
284,D_76_284,exact,A,,contradictory_review,faf2251f49f122ef7523918c4660f9db4e1eefe63da14f27c64b3ef78e112381
285,I_078_226_13,exact,A,,unrecognized_review,1d9aa2d6e4d6ca37e06d4e40b861b95536b1486c2a632472d02b167e19d27a07
286,I_074_58_14,exact,A,,unrecognized_review,2d9d69c412dd54415b9c249ef2a6b54e08b3ec762e7b443881b7fd024e906d23
287,I_040_288_13,exact,B,,unrecognized_review,ce66c6da6e0ba6fd9192ea4138dac842b4cdce93be5550a68c69c17ac5db8fd7
288,D_48_261,exact,A,,unrecognized_review,55e2020765c87d1a6903a62c66b6b7da2503397afb333c8e60db0a2d016a03fd
289,I_30_927_13,exact,B,B,explicit_text,b1c9eb7c37e675fc517b6505924533cdce16186b5f0e203bf8eff78af200a1f9
290,D_9_290,exact,B,B,explicit_text,b1c9eb7c37e675fc517b6505924533cdce16186b5f0e203bf8eff78af200a1f9
291,I_010_51_13,exact,INVALID,,unrecognized_review,678f0dfd1df31f9a60e5357c79968a969fc312dd48900224dd32e91b75fc2b64
292,G_075_13_6129,exact,A,,uncertainty_or_refusal_review,ff61196b3df5701ea8086cb678ab733d8c254167c935ee87272b128099173aa5
293,G_912_14_15783,exact,A,,contradictory_review,abc7aae8117dff3862d711228bac0649d5d1dec4446bc95ad347066b0c095210
294,D_008_6,exact,INVALID,,unrecognized_review,32ebb1abcc1c601ceb9c4e3c4faba0caa5b85bb98c4f1e6612c40faa528a91c9
295,I_032_216_13,exact,A,,uncertainty_or_refusal_review,5bf9484615bcff301f63e1386cb4e5ae2f3b3774324b0ff0026f8d326e8e947c
296,D_263_223,exact,INVALID,,unrecognized_review,ab0531c9d89473e8c5af60d4621a5d5bfaa6a5b1f1ebf3cc69e20814fee801cc
297,G_40_14_14278,exact,A,,unrecognized_review,7739271d3ba4a3504e3303acb91c3ba16e8d087572d06c2c89ec56dba6901df6
298,I_263_913_13,exact,B,,unrecognized_review,0138890be98b5765fcb2a02c2fb86a3303c7b762e9b5cbdece678172e12cc475
299,G_242_14_12806,exact,A,,unrecognized_review,2bf32a7c10d9dd87db644d16fc5e22f343bdb5a2ea57f93a07600aa3db74449c
300,G_56_14_14699,exact,A,,uncertainty_or_refusal_review,86d6eb0bc1c2be681b067e0959e1fce5d8f3ab99312fa1f2d0975bc3756d9c91
301,G_82_13_15284,exact,A,,uncertainty_or_refusal_review,976de8c8d3a39aa0c4383d9cdd34646aa9526bb8dd8038687682d5dc462d8dd0
302,G_045_14_3590,exact,A,,unrecognized_review,e49fc86c72bbce58de87f62f3aa8a81c97214f400f671282fbe3ad1868841dba
303,I_107_905_14,exact,B,B,explicit_text,70307be4b69e7a70d88c458081673e449d4707f68a13bbecbb8ebe60afbbf9f1
304,G_136_14_10370,exact,A,,unrecognized_review,eedf1de173ea98e572a74c96bb5de4be2881965c7f3a3baf7d50c7549e01990e
305,G_938_14_16550,exact,B,,unrecognized_review,c8e1ae361e6291b3ef337da287177a43582433249e553febb9f1ba4a1e4dc460
306,I_051_96_14,exact,A,,uncertainty_or_refusal_review,e40c36da22f92c2108f30e9592bc35cebb5b61727568dbc806057582af8ac417
307,I_204_260_13,exact,B,B,explicit_text,70307be4b69e7a70d88c458081673e449d4707f68a13bbecbb8ebe60afbbf9f1
308,G_83_13_15330,exact,B,B,explicit_text,b1c9eb7c37e675fc517b6505924533cdce16186b5f0e203bf8eff78af200a1f9
309,I_245_54_13,exact,A,,unrecognized_review,112b963d8a8d7fc48cceede8b501d69c20a925ff0d9ea9124ff82636ffb6d209
310,D_937_330,exact,B,B,explicit_text,70307be4b69e7a70d88c458081673e449d4707f68a13bbecbb8ebe60afbbf9f1
311,I_037_171_13,exact,B,,unrecognized_review,17e3684e3ce266273f7bf13538e45641db54250d237374ccdda5fc72cb8f3e3d
312,I_177_935_14,exact,B,,unrecognized_review,79701569fbc3fa04ea38e2a731deb46c269809d754cd858b098fa38da4d08e8f
313,I_019_914_14,exact,A,,unrecognized_review,d02a503ea9cc92e2dd144a2dcbfc657f8b32c5e17db16c31563aacc420b9b1bc
314,D_269_226,exact,A,,contradictory_review,dee329e4349e7c181616e3c0dc944a26f0bf40c3a449b3cc402c2451ecd68578
315,G_41_13_14295,exact,A,,unrecognized_review,54c64c20fe80ba2e97e436926f9b616b52203a69543555d1f9b06eab0f52a877
316,I_024_279_13,exact,B,B,explicit_text,b1c9eb7c37e675fc517b6505924533cdce16186b5f0e203bf8eff78af200a1f9
317,G_24_14_13016,exact,B,,unrecognized_review,7c25dbab749f4df5af94be344ed39e14a6fec0689a365239d532c665bb39b89f
318,G_027_13_2258,exact,A,,unrecognized_review,845ba05f1347e2f327ced5cc3aa8e3e23e1cc23a608edf677a033006627b967d
319,G_38_14_14190,exact,B,,unrecognized_review,44559ee973abc094f2d3bb268fee1921e6037603f650407f85955121d08d7169
320,G_101_13_8466,exact,A,,unrecognized_review,97314208c253c14877116f344e60dc6d28c70d738c5f3b7d99cd61a0f659bef4
321,I_100_95_13,exact,B,,uncertainty_or_refusal_review,6bd21c66be34f7cb487bdcfc3cb46ae58640cdb3663eb8b57fa99c0a6529f161
322,I_185_927_13,exact,B,,unrecognized_review,0138890be98b5765fcb2a02c2fb86a3303c7b762e9b5cbdece678172e12cc475
323,G_077_13_6211,exact,INVALID,,unrecognized_review,32ebb1abcc1c601ceb9c4e3c4faba0caa5b85bb98c4f1e6612c40faa528a91c9
324,G_30_14_14034,exact,A,,unrecognized_review,5d2ced81e780f171d1cee8d100fca8840d5772a41f954ef2146d77b1f246d7ad
325,I_144_192_14,exact,A,,uncertainty_or_refusal_review,001853b83256365e0e70d11a7330662dd46c2d4e7ff8aa19749ace8db86c736b
326,I_178_299_13,exact,A,A,explicit_text,85a39ab345d672ff8ca9b9c6876f3adcacf45ee7c1e2dbd2408fd338bd55e07e
327,I_090_291_14,exact,A,,unrecognized_review,817237dd8dfcae1dac3703eac0c979053d372a6d5b1fb04dbc1ac4ef1fd3b249
328,D_136_122,exact,A,,unrecognized_review,69d37a6c92fc299d4082472f05d829893019149778933521fe4acaa00873612d
329,I_087_914_13,exact,B,,unrecognized_review,ce66c6da6e0ba6fd9192ea4138dac842b4cdce93be5550a68c69c17ac5db8fd7
330,I_50_916_13,exact,A,,uncertainty_or_refusal_review,a487ebf4de3e281738f9d9630474e7275310e5f8b0e1e917ccbc7b7174d31fc4
331,I_164_936_14,exact,A,,contradictory_review,df21d882b07f0e8740066c15154f70c575f75bebce5b7b202aacc97d3be88807
332,G_229_14_12572,exact,A,,unrecognized_review,210fd63ea43d6967e2221887c60d0b51fdaf3f6be603466a22370e4172af9049
333,G_220_14_12332,exact,B,B,explicit_text,70307be4b69e7a70d88c458081673e449d4707f68a13bbecbb8ebe60afbbf9f1
334,D_14_125,exact,INVALID,,unrecognized_review,ab0531c9d89473e8c5af60d4621a5d5bfaa6a5b1f1ebf3cc69e20814fee801cc
335,I_031_904_14,exact,A,,unrecognized_review,2c84f566f1fa6b992111cd571ac26f75b621d387b9e061f3499ad99838f8630e
336,D_029_26,exact,A,,unrecognized_review,ce37a2d45563abf56607c0569fb404426f52e27571ae3030164ce9263db98e78
337,G_109_13_9319,exact,A,,unrecognized_review,dda2f5630b71c73dbaf30943d1b0798223901daa50a66c8b41c8ace0886967a3
338,G_72_13_15130,exact,B,,unrecognized_review,f8ee262d46c99f667722b4e995a042f4e4dc8631186bf0a8c3137a8bf309b35b
339,I_006_178_13,exact,A,,uncertainty_or_refusal_review,370f549216febe65ead4be5ca1aaf1b8fbd992ed1735ca6a8f99a429f034086c
340,I_128_43_14,exact,A,,unrecognized_review,422ac8127eae43a7959a2b85fc05e4339366ae5b143d944321f09e96ebb55932
341,G_182_13_11426,exact,A,,contradictory_review,52594cb20580ff7920cd298c80ab82c8ea515a056b00bbcc04f3dd78fe6430a1
342,I_035_163_13,exact,B,,unrecognized_review,0f6ca52a0d6bb66ac6f98dd323cad0d3796d60143d13114723231a8142d16ee8
343,D_930_323,exact,B,,unrecognized_review,0138890be98b5765fcb2a02c2fb86a3303c7b762e9b5cbdece678172e12cc475
344,G_61_13_14838,exact,A,,unrecognized_review,986f0f414b0249866a674bad18e1a91efcb4dba6b9f8ba4bc781e9e96c4c6aba
345,G_240_14_12745,exact,A,,contradictory_review,abc7aae8117dff3862d711228bac0649d5d1dec4446bc95ad347066b0c095210
346,G_085_14_7002,exact,A,,unrecognized_review,a9878e875979251c5becb06e08b1a183ce4269ce6f3ce1980bd2feaa1c5fa4a7
347,I_12_124_13,exact,B,,unrecognized_review,3ac100c907a620945acc695bb3f299bb5167b78a9039c12a29c59bd087d5ceac
348,D_033_29,exact,B,,unrecognized_review,ce66c6da6e0ba6fd9192ea4138dac842b4cdce93be5550a68c69c17ac5db8fd7
349,I_225_242_13,exact,A,,contradictory_review,5fa8bf8cdb5239175a758358e32e8fff8352c0a350f45ee0702d69c9f6d36fae
350,G_105_13_8734,exact,A,,contradictory_review,3192ba5e3e19aa93bd61bcfb536772b42c9bdcd82597277e4b6722d05516ab8e
351,I_035_907_14,exact,A,,unrecognized_review,c68f12185826b940070c48ffd8241dacdb0d5f2d833a20f8077201cac3a6f0a3
352,G_935_13_16452,exact,B,,unrecognized_review,19d282c2c782dce5e7f3f61f9bf25a56cf88f369754b8093299565ca0b72dd4d
353,I_063_3_14,exact,A,,contradictory_review,c244a191080e4e7639d98dd33574522575f807f286f88e7c3a7940d7e7ecf6ab
354,G_81_14_15265,exact,B,,unrecognized_review,ce66c6da6e0ba6fd9192ea4138dac842b4cdce93be5550a68c69c17ac5db8fd7
355,G_117_14_9891,exact,INVALID,,unrecognized_review,b6fc03b39a2fb859ce9af1c74a3521b1e410174eea76000a1ce038e4bf723527
356,G_129_14_10229,exact,B,,unrecognized_review,bf01e12aae1c8d46d9b2b588e02e661774526327d7dfdaf32b6a4ee40f6d5a14
357,D_072_66,exact,INVALID,,unrecognized_review,45ee952ef56baf8a5b97b48e3784f04b9b166e1ab3a10ca5521e9a55a0f25b25
358,I_270_909_13,exact,A,,unrecognized_review,1125e9f9fcea690c80e21c28c33207fdba0349fdaf3f504aae52bf62c2e15bd2
359,D_914_306,exact,B,B,explicit_text,b1c9eb7c37e675fc517b6505924533cdce16186b5f0e203bf8eff78af200a1f9
360,G_103_13_8639,exact,A,,unrecognized_review,bec5a2f4ea2efaee11fcfa21a668c52a303d48861eb38c9d86791f2b6315ec7c
361,D_009_7,exact,A,,unrecognized_review,7775065d158e2091efa7370f4d519451a4d9b4611e25307448dcd5f800b0b6ec
362,I_148_226_14,exact,A,,contradictory_review,bf708b97468d850660fe835dabe56951079529f0953ce03cd43297737a401223
363,D_284_235,exact,A,B,explicit_text,45074ee3f5a5b65eea40187ec57a731c1b5cfc2cf4845fcb8351fb51ed0eeb17
364,I_261_932_14,exact,A,,contradictory_review,499c356df81f4ccccc0c6ea3bb31623460b9c6af4700cbb94e60494358fd4340
365,I_243_269_13,exact,B,B,explicit_text,22618a15d538a4c6af9449c888e8aeb753768fc4f87f494316e9abf54e156fc7
366,D_020_18,exact,A,,unrecognized_review,f7f8040101e417dd96ecbaf18238d27ed27a4991203c8f9313fa6a73c3db2d77
367,G_4_13_14536,exact,A,,unrecognized_review,4b0c3e078241a136864822c6a52d3b2f3dd9e34ad0bd3a98c5976636e7bfe642
368,I_021_918_13,exact,B,,unrecognized_review,a70487a050fbe16601c79913edac7023c08fe4a312d85824f53e87458feeac59
369,G_9_13_16794,exact,B,,unrecognized_review,eb489cbe70f4196a9cf72ba8d3462c8159df70dfa769e59c6ba345fac02bd872
370,G_290_13_13844,exact,A,,unrecognized_review,5f946b330d7edd301b77fd89ae5b6a4081ce793b9147d9a041773bb472d53410
371,I_267_921_14,exact,A,,contradictory_review,eb4b3da7b08f93b644ca2354c2a3d52ef44836c5567f14297e41a3bc28855920
372,G_921_13_16012,exact,B,B,explicit_text,70307be4b69e7a70d88c458081673e449d4707f68a13bbecbb8ebe60afbbf9f1
373,G_213_14_12117,exact,INVALID,,unrecognized_review,d2323dfbcbd64911bb52681488b7af769dc5c49f8ee6a7147bc30a0ed61abd83
374,G_110_13_9467,exact,B,B,explicit_text,70307be4b69e7a70d88c458081673e449d4707f68a13bbecbb8ebe60afbbf9f1
375,G_65_14_14974,exact,A,A,explicit_text,85a39ab345d672ff8ca9b9c6876f3adcacf45ee7c1e2dbd2408fd338bd55e07e
376,G_95_13_16672,exact,A,,uncertainty_or_refusal_review,f7532fd4d7f49ad21d3ef3fcaa4f959ce77b05ad7b8bafbdf81252949a0089e8
377,G_248_14_12958,exact,A,,unrecognized_review,8e7580a29e5f8704c90e110cca0ca9761050f1ea2b07b8dcaebd4592e1bc6b55
378,I_094_163_14,exact,B,,unrecognized_review,7dc16423fde8eef247d4281e54b347d9394f92ed4603b036f4a4cfedacca2901
379,I_103_143_14,exact,A,,unrecognized_review,118ca44e17655ff3ae5290f584eb8e1c0e228c4ee2dd3a82f2dba017318b7556
380,I_141_47_14,exact,A,,unrecognized_review,3741f020a9193af1758ee9ebb9a2904f31586edb4301a2e595e303539af0df7e
381,I_045_105_14,exact,B,,unrecognized_review,251b9d70497040ff463b4637590a8e65e0e17df58684ae1a8335b3257271959c
382,I_119_259_13,exact,B,,unrecognized_review,2889867ac800804d59dcc50ddf0f919bc9a7d62fc552b305e2dcddc584f2194e
383,G_910_14_15730,exact,A,,unrecognized_review,2276bd86e033fab653af84237f6da3be7656f58d9d413d93695fc43936692cbc
384,G_101_14_8509,exact,A,,uncertainty_or_refusal_review,41c85238911ca6713babc1f851f852ba9a70ba2a9ffc9b1759970490b717c104
385,G_218_13_12251,exact,A,,unrecognized_review,766b007587bf278f2fac8c0bb6757a9a086b53d6f45094a961b7d51343fb1e2e
386,G_222_13_12346,exact,A,,contradictory_review,a83acb33954740df13be19b91a07e21329ca3aee3471003970a86bc0e1b33029
387,I_040_224_13,exact,A,,unrecognized_review,00c5bb48ff9f4703c873586523f61047bf52c8b309f12b5fc00abc0acbcd6692
388,G_141_13_10461,exact,A,,unrecognized_review,9a9c9778dd165c5aeea7963e3216c6447cdbc76f68a14dd7d62361960e611fbe
389,D_56_267,exact,A,,unrecognized_review,5cb882bd42f6c4ae80f254757b4f11487be5daa219c708e7e62112448ce5dcba
390,G_269_13_13415,exact,B,,unrecognized_review,6619967548478e116522c493fdfca5e1ca566c26bf678f65cbcdc06b3718c342
391,I_046_083_14,exact,A,,unrecognized_review,70ec7eb9182572ef37659d551af818a299b721d19eecf7b8301e803b8f677c3a
392,G_118_13_9906,exact,B,,unrecognized_review,ce66c6da6e0ba6fd9192ea4138dac842b4cdce93be5550a68c69c17ac5db8fd7
393,D_056_50,exact,A,,contradictory_review,4ec8cb3ef5ea28747bcdc7315f1242faab59d3ff49453eb70a6da561f3fabfdb
394,I_130_145_13,exact,A,B,explicit_text,45074ee3f5a5b65eea40187ec57a731c1b5cfc2cf4845fcb8351fb51ed0eeb17
395,I_025_136_14,exact,A,,uncertainty_or_refusal_review,548fab2c4c3ca03b5d277778542d5ca3993344a4fe36482dd9b9373ff0786c9f
396,G_093_14_7732,exact,A,,unrecognized_review,7fb39d1050eb4170dff89e8f92d18e645d9a4c6aa8ffb86e710e82612a18194a
397,I_218_921_14,exact,B,B,explicit_text,70307be4b69e7a70d88c458081673e449d4707f68a13bbecbb8ebe60afbbf9f1
398,D_922_314,exact,B,,unrecognized_review,d33a9aa02fa35a0155dbae2644b223ad13c29e110a21d6d40d3bdc134e1c069b
399,I_010_015_14,exact,A,,unrecognized_review,699b44b9ff055b3fc3ab278784c5d400c120f64194edacb123b45095d8eecf1e
400,I_065_119_13,exact,A,,unrecognized_review,935996ccf9e5aa4331facfa55341854d09988c78f7f5c653e222304a7bab053b
401,G_243_14_12841,exact,INVALID,,unrecognized_review,ef5b34c41aae3b63dd9af544c72800b0e7c58d2b18c79766e70a6ae7891657d3
402,D_054_48,exact,INVALID,,unrecognized_review,45ee952ef56baf8a5b97b48e3784f04b9b166e1ab3a10ca5521e9a55a0f25b25
403,G_217_14_12241,exact,A,,unrecognized_review,07a95fcb8442c561d5ebb5843472119b6efd89e84827c9a3f8c9b560c93acf69
404,I_224_90_14,exact,INVALID,,unrecognized_review,45ee952ef56baf8a5b97b48e3784f04b9b166e1ab3a10ca5521e9a55a0f25b25
405,I_148_929_14,exact,INVALID,,unrecognized_review,158a842a72e31dd6fa130276f5d4e7b5a1815bc511b37915709f4105eae2fad2
406,I_48_90_13,exact,A,,contradictory_review,9e14fb9fa92ad0b84a8e3fb16857b8f05d92c96e8f5835fcfb261f263a9539ff
407,I_051_930_13,exact,A,,contradictory_review,6422c856b63a7a762b7b1b884787eec188b2a9f32cb4eb68a04e4ac3298f530f
408,I_246_76_14,exact,A,,contradictory_review,6b8f4ec6fcd15ad4f5c4c1595016d4c97aeddcb5628906c5ce5afaffd3eaf4a5
409,G_035_14_2862,exact,B,,unrecognized_review,1ad5462164cea9d59325ede25955031c2154026d92cf9c829cd3dd58538366ed
410,D_177_153,exact,B,B,explicit_text,70307be4b69e7a70d88c458081673e449d4707f68a13bbecbb8ebe60afbbf9f1
411,I_053_63_13,exact,A,,contradictory_review,e0b7e92915f204e0ac2ac636876e0769fd15ab4c5abf77ab59bf8162f290b455
412,I_078_223_14,exact,B,,unrecognized_review,0138890be98b5765fcb2a02c2fb86a3303c7b762e9b5cbdece678172e12cc475
413,G_007_14_499,exact,A,,unrecognized_review,0cff940137c12c765ebe4ee9daba71ee9759c84e4fc7fccc73e28e873d69aa55
414,I_241_25_14,exact,B,B,explicit_text,b1c9eb7c37e675fc517b6505924533cdce16186b5f0e203bf8eff78af200a1f9
415,I_041_188_14,exact,A,,unrecognized_review,c89df0809b398746d3b103b7414d3971d87a0c3c7b6ef7fea41541be94148ecd
416,G_156_14_10807,exact,B,B,explicit_text,b1c9eb7c37e675fc517b6505924533cdce16186b5f0e203bf8eff78af200a1f9
417,I_007_196_13,exact,A,,unrecognized_review,a8a9caad6126bfbdc66a936962caa7b6cd7bee1621744b77b2198957d2b5df96
418,I_110_189_13,exact,B,,unrecognized_review,f912f98fb139dc01693968714cee9356d2a07fcf8ada1c5533fbd2d30e11b5da
419,I_158_207_13,exact,A,,contradictory_review,abc7aae8117dff3862d711228bac0649d5d1dec4446bc95ad347066b0c095210
420,I_144_46_13,exact,A,,contradictory_review,110b22ec0885a137d07ff10df0d5eb7f246b84e16a421ddbdd10493453bbbaeb
421,I_049_913_14,exact,A,,contradictory_review,35e447c06bfb2c417d2e95977c547070f7bb56dc44e12e4ff99826bf9e313725
422,I_041_082_14,exact,A,,unrecognized_review,7665d20abf2c6b680fca120a1f31bde5904460e9ce37451ddda4a330d1726176
423,D_043_37,exact,INVALID,,unrecognized_review,fd0ad9026eee596b7072a762941f60bef57e760a230edd450b3a634825685c2a
424,I_38_48_14,exact,A,,unrecognized_review,5d2ced81e780f171d1cee8d100fca8840d5772a41f954ef2146d77b1f246d7ad
425,G_163_13_10933,exact,INVALID,,unrecognized_review,fd0ad9026eee596b7072a762941f60bef57e760a230edd450b3a634825685c2a
426,I_087_38_13,exact,A,,unrecognized_review,08f56063fe369e7b5c200ffca14ef6946553eb823a8ab0480b45e6b148404967
427,G_152_13_10726,exact,A,,unrecognized_review,2235f57b2352c684424fdfbf939284c9838f746df390198f8ec0992e83c175de
428,D_047_41,exact,A,,contradictory_review,b358c1a884ff2019ed09dbc3dd57d823c53a53354096c58da936cb8c9b696de6
429,I_130_148_13,exact,B,B,explicit_text,70307be4b69e7a70d88c458081673e449d4707f68a13bbecbb8ebe60afbbf9f1
430,G_237_14_12721,exact,B,,unrecognized_review,b31d50e8008168d190f203a65fe03d6d9cdf38c2429887753b49baf3addc1448
431,D_034_30,exact,A,,unrecognized_review,1b1ca46045499b76885ec41c56664cc73032091517b37afcbf4ebdcc3200f1d4
432,I_110_918_14,exact,B,,unrecognized_review,19d282c2c782dce5e7f3f61f9bf25a56cf88f369754b8093299565ca0b72dd4d
433,I_194_218_14,exact,B,,unrecognized_review,77ec0a5b2af867366a60483edbbeecea1fc75bb38c58792e2b98ba1201079310
434,I_058_191_13,exact,B,B,explicit_text,b1c9eb7c37e675fc517b6505924533cdce16186b5f0e203bf8eff78af200a1f9
435,G_175_14_11279,exact,B,,contradictory_review,935f4431152d01d29d84ab633b1ed51637136ad49179146692cf8495538faa03
436,I_56_927_14,exact,INVALID,,unrecognized_review,fd0ad9026eee596b7072a762941f60bef57e760a230edd450b3a634825685c2a
437,I_14_143_13,exact,B,B,explicit_text,70307be4b69e7a70d88c458081673e449d4707f68a13bbecbb8ebe60afbbf9f1
438,G_080_14_6544,exact,A,,unrecognized_review,28dc39a6a67adf0d5997fa5e6a7eebddb3e0921446861de9454548a861762356
439,D_910_302,exact,B,B,explicit_text,70307be4b69e7a70d88c458081673e449d4707f68a13bbecbb8ebe60afbbf9f1
440,I_065_203_14,exact,A,,unrecognized_review,b31a524ee6b8b093d7527ad9c369072f3f2e5d57a67f1669f9ad1435f4008384
441,G_932_13_16368,exact,A,A,explicit_text,85a39ab345d672ff8ca9b9c6876f3adcacf45ee7c1e2dbd2408fd338bd55e07e
442,G_136_13_10383,exact,A,,uncertainty_or_refusal_review,ead44e0f02787942305741901658f8611f42d94746f76dc88e0b002524823d47
443,I_049_283_13,exact,A,,unrecognized_review,3d0cb7beb52195d00364bfd42a590fdae320594d8c7b313938cecaad9b6705c1
444,I_48_919_14,exact,A,,unrecognized_review,e78ca13fa56dbaa94041ff330acc93eea58be3be6cfcead782b650cc2943d883
445,G_096_13_7843,exact,A,,unrecognized_review,a4e0795857f9dc08074e141a7ff04d81969a317778702cd4f03732d76b1fa223
446,I_41_90_14,exact,A,,unrecognized_review,fab3259b67c0b48cb5fcfb69fd2af503cd9379efc27c3f890bb463ff8b84b883
447,G_061_13_4987,exact,INVALID,,unrecognized_review,fd0ad9026eee596b7072a762941f60bef57e760a230edd450b3a634825685c2a
448,G_191_14_11661,exact,B,B,explicit_text,70307be4b69e7a70d88c458081673e449d4707f68a13bbecbb8ebe60afbbf9f1
449,G_919_14_15986,exact,A,,uncertainty_or_refusal_review,77ca239be1a3f7105c958fdedc22982148a77f03ea9ca0405b735daca3aa2694
450,G_209_13_12038,exact,A,,contradictory_review,c168c3d35e2af76e5ac8bab7a8000919e17babdb949267e293781c42cc2db6ea
451,G_63_13_14887,exact,A,,contradictory_review,576f6b411b67d0f3808a579c47d58b848068ec25cdd7f07931be817881c1e256
452,G_058_13_4716,exact,INVALID,,unrecognized_review,0e77e68ba5473d98840c3212f4a8cb801226494f1162c8001a9f4ed7b00cbaa8
453,G_209_14_12055,exact,A,,unrecognized_review,ca629d01718a2bb51015fa51246950dda822c85c9d130392b40ec470460b56e8
454,I_098_912_14,exact,B,,uncertainty_or_refusal_review,40deed5499f77902db889a9cecfc634874f7123cff328ba272b4aee434e6e4ba
455,G_034_14_2750,exact,INVALID,,unrecognized_review,32ebb1abcc1c601ceb9c4e3c4faba0caa5b85bb98c4f1e6612c40faa528a91c9
456,G_084_13_6842,exact,A,,uncertainty_or_refusal_review,a422e72613e365488e8e0131b653730a36cbcea338adf99a1a69d56b1dc99c9a
457,G_046_14_3677,exact,A,,unrecognized_review,ce40be8f9d86a77f89c0d4d762bbf2d406b4927291294d59bfd861233be16161
458,G_249_14_12987,exact,B,B,explicit_text,b1c9eb7c37e675fc517b6505924533cdce16186b5f0e203bf8eff78af200a1f9
459,G_059_14_4851,exact,A,,unrecognized_review,51dd5c6138f3851048c7b18685d08f665df31fc7c0b04a2445e265dd62c53f3f
460,G_65_13_14956,exact,B,,unrecognized_review,b05f01536ad3f247eec4f2950cd79398afc4e541719a626951685d9c1bc16e1b
461,I_119_909_14,exact,B,B,explicit_text,70307be4b69e7a70d88c458081673e449d4707f68a13bbecbb8ebe60afbbf9f1
462,D_252_213,exact,A,,unrecognized_review,72e77a542f49ca11bc19cef02b148641f909a357b48ef37cee450f7d6eb277fc
463,I_29_53_13,exact,A,,unrecognized_review,2ab910f823722fb7b7caa7535596755f23ec75330de80ead3f3714a557a86d11
464,I_096_904_13,exact,A,,uncertainty_or_refusal_review,ab556ae793d1896eae131b52073a536dff014b28f9745271f90432d34e6c149c
465,G_083_13_6768,exact,A,,unrecognized_review,be295f415ebab310435aaa09627b1cb59f0712731dc7a30775b504723bdb5f14
466,G_4_14_14552,exact,A,B,explicit_text,45074ee3f5a5b65eea40187ec57a731c1b5cfc2cf4845fcb8351fb51ed0eeb17
467,G_291_13_13866,exact,A,,unrecognized_review,843f7030e3db868cee545fe5477665db81148be6a18fd646d56e307942742c06
468,G_164_14_10986,exact,A,,unrecognized_review,db1235fc9cbbb337fe61e0e787aeb28a43e21ed14a094a661ded59f22de28ae0
469,G_108_13_9032,exact,A,,unrecognized_review,baafb8fe8a993286193083e692999833efaa12ae5474586119f46261c6fec5e8
470,I_233_240_13,exact,B,B,explicit_text,70307be4b69e7a70d88c458081673e449d4707f68a13bbecbb8ebe60afbbf9f1
471,G_925_13_16125,exact,B,B,explicit_text,70307be4b69e7a70d88c458081673e449d4707f68a13bbecbb8ebe60afbbf9f1
472,I_068_939_14,exact,A,,unrecognized_review,8ad491c3e663dffb16185eb6a0c92ccd47553a75b1145bc14df2cb61a00751fc
473,D_18_155,exact,INVALID,,unrecognized_review,c977dbe785221d34114d345fdf8ff4e18bb4af66750751dbea29407f9738735f
474,I_004_035_13,exact,A,,uncertainty_or_refusal_review,8080c0ce52bfd189c246c8aee95aeba18c2791942a5e40686344a9926fc3d7cb
475,I_127_290_13,exact,B,,unrecognized_review,0138890be98b5765fcb2a02c2fb86a3303c7b762e9b5cbdece678172e12cc475
476,D_22_187,exact,A,,contradictory_review,fdf170a7e33c31532acab0529e22e7cf723c0f0b429fc5da5b683d15e1d7ed23
477,G_008_14_593,exact,A,,unrecognized_review,22611942ca4eeb6744c789c1cd5ecd2058669f615efa78c0e309d990b81d3d96
478,D_102_93,exact,A,,unrecognized_review,20032a0e7bfa0ee7e930fcb907f5b190a1fe4a6a69ca3e00569e828a3057a5c4
479,I_031_051_13,exact,B,,unrecognized_review,d25b5ddc9a23905fed28335d70ea03da0867174730c683306ffc1be96d05d02e
480,D_285_236,exact,A,,contradictory_review,ce4ee193a7947796c6df2aee04b474315aec7a2752e0d7d2a39676da8012a1c3
481,I_246_258_14,exact,B,B,explicit_text,b1c9eb7c37e675fc517b6505924533cdce16186b5f0e203bf8eff78af200a1f9
482,G_142_14_10500,exact,A,,unrecognized_review,49ab91b3ab48ddc19013845d42d1854e5c60639304fc3c73c95490f0d204c617
483,I_209_267_13,exact,A,,uncertainty_or_refusal_review,e2c3d879ff642280b0e5c7eb8875b84e648d7cb234710a02b60dad271c5b56ad
484,G_67_13_15006,exact,A,,unrecognized_review,28b8352aeb67a24b2e24971c29dfd035312da88cb9ea044b8ce40102d5dfdf0c
485,I_247_266_14,exact,A,,contradictory_review,20fd75b2f322dd35ee4bcb848166e003818a91b1e94be1bb37cd7c743d171206
486,I_018_068_13,exact,A,,unrecognized_review,a8e4c7e8ecd65884d24bab790beb62c8e6266a0f05d1c96f0f087688a6f3de43
487,G_006_14_436,exact,A,,unrecognized_review,e533eddedfa13299405067e09bf679be7d9c871ec3e9cfa82c116b3ae30e6f6e
488,I_279_90_14,exact,B,B,explicit_text,70307be4b69e7a70d88c458081673e449d4707f68a13bbecbb8ebe60afbbf9f1
489,I_024_141_13,exact,INVALID,,unrecognized_review,32ebb1abcc1c601ceb9c4e3c4faba0caa5b85bb98c4f1e6612c40faa528a91c9
490,I_091_167_13,exact,B,,unrecognized_review,afc85756fa5f17fd0c2150d7a8e20a7e0eb2757d7732740b9e0b415b8bce2303
491,I_048_92_14,exact,B,,unrecognized_review,db0fe701f39ad16e18972dee94c5082b1785c6d2d2f564de2268896e9bd7b38a
492,D_068_62,exact,B,,unrecognized_review,3986e8476eb842ee388d12f3343d83dae884c1f74086b71ffd135450c20cd813
493,D_929_321,exact,B,B,explicit_text,b1c9eb7c37e675fc517b6505924533cdce16186b5f0e203bf8eff78af200a1f9
494,G_46_13_14407,exact,A,,contradictory_review,af9e5c3c15cee52f6194525af67b6099ca3dfdc6e06f437b9247521f81c0c981
495,G_084_14_6897,exact,A,,unrecognized_review,96daa3431e222224ba7ee38ede8d1d463998f5bc09a26d030773efdc01767a81
496,I_032_911_13,exact,A,,contradictory_review,8c7954f5516022aeac370635e3bedd3150adee5512605ebe6c88995a2464751f
497,D_067_61,exact,B,,unrecognized_review,748e37894251adb1d8692dc6ae8a527bf953811bece89b98a7b8b7d882ba49c1
498,I_107_935_14,exact,B,,unrecognized_review,79701569fbc3fa04ea38e2a731deb46c269809d754cd858b098fa38da4d08e8f
499,D_246_208,exact,A,,unrecognized_review,0fda3b13e396e5f4c549085d93d6168865261b14bca3e4e430862bf7b5e29516
500,I_241_53_13,exact,B,,unrecognized_review,62b7a10b6a37c33a04c62ee5a651b41913bf8dc436889c1757a583773458f728
501,D_119_108,exact,B,B,explicit_text,b1c9eb7c37e675fc517b6505924533cdce16186b5f0e203bf8eff78af200a1f9
502,I_013_055_13,exact,A,,unrecognized_review,a70f5315816d1f730f3e9d5abc4b0b41fe02269462eb6e9e938736d1d0fea3a2
503,G_75_13_15159,exact,B,B,explicit_text,70307be4b69e7a70d88c458081673e449d4707f68a13bbecbb8ebe60afbbf9f1
504,G_103_14_8667,exact,A,,unrecognized_review,efa582ae8f2df231c69327566471263f46c6db54259fa890a7576a516450f8b8
505,D_53_265,exact,B,,unrecognized_review,c83ccf4941fb5f60e925c78bf6d56e913f0892f9ce667c6e13273f97bb1666eb
506,D_183_159,exact,A,,unrecognized_review,630d272a43879631e92729c43cc286c82650aab1ced3d6381c93064b883122b1
507,D_090_82,exact,A,,unrecognized_review,86513581a4a9d56e81325c20a0eabffff58503d1fad96b076e8193b2985db102
508,G_280_14_13623,exact,B,,unrecognized_review,9c7a5138f52f02ddc86fb1fa501605af590aa34d72827daeda2fa31559d63866
509,I_229_918_13,exact,A,,unrecognized_review,40f47f3e1b75f55efa407c334ea9be5091c9d48592251783abb8922637277ac5
510,G_121_14_10028,exact,B,B,explicit_text,70307be4b69e7a70d88c458081673e449d4707f68a13bbecbb8ebe60afbbf9f1
511,G_164_13_10970,exact,A,,unrecognized_review,a88c5321b00ae631779a73252972aea32cb1989fba825edb965c9b5fb05489dc
512,G_257_13_13147,exact,A,B,explicit_text,45074ee3f5a5b65eea40187ec57a731c1b5cfc2cf4845fcb8351fb51ed0eeb17
513,G_053_14_4319,exact,A,,uncertainty_or_refusal_review,4e05472007065585fea17a6d7e2fd9ef859c5e0878a902662a3c45a89e295048
514,I_132_65_14,exact,A,,unrecognized_review,e2ccb94441a3c83cb22fce76a75ce3716b61cc847340e8777cc634ba167918f2
515,G_281_14_13647,exact,B,B,explicit_text,70307be4b69e7a70d88c458081673e449d4707f68a13bbecbb8ebe60afbbf9f1
516,I_011_148_14,exact,A,,unrecognized_review,c40d833ca9e839f86f6078dc9f1d23ae04947d2f8ee81c87c439ea494b8a5f3d
517,I_075_141_14,exact,A,,unrecognized_review,6a295eda88b26f03ff723fabdbfc2084780e70c21fae242445f00b2c0e7c2185
518,G_052_13_4164,exact,B,,unrecognized_review,7fea8774b14aa5dd48ca6826cff57d720618052c8b485c9c3830c4dc56f8a047
519,G_37_14_14149,exact,A,,uncertainty_or_refusal_review,7c856809dd30fbf9437780178b8194629559e02fdc8c180ffee5353110e1f4c2
520,G_070_14_5813,exact,A,,unrecognized_review,f19dbf4baede7dfb5455ee807da15b12e976d39f03c63f8d2f7d4e097795ddd3
521,D_046_40,exact,A,,unrecognized_review,448ef5a42d3e1d03a908f6d4b28ba0c0fdfe91bb27f428f0d99dbd602900f347
522,D_260_221,exact,A,A,explicit_option,559aead08264d5795d3909718cdd05abd49572e84fe55590eef31a88a08fdffd
523,I_49_78_14,exact,A,,unrecognized_review,3902a2c894f3b82bf473b529aeda8c4662f03d9931bdc9a1d3266e627016565b
524,G_206_13_11986,exact,A,,unrecognized_review,5d9af9d295122f53f394543d38de470154315463695db08407b8ea7decf8321c
525,D_923_315,exact,A,,contradictory_review,f1397d69b6b27272b569f3fb99003251f7b796406e46798a5fab12ae71b84a6c
526,G_258_13_13193,exact,A,,unrecognized_review,23814f508b79b6777e28ce9426529e8b5f043aca1f4e0e97ff8859f2ec5df576
527,G_81_13_15251,exact,A,,unrecognized_review,ecf3bb774827d76221d649067ce003e44ce4a6587e7805e9eebd001d588d00e4
528,G_100_13_8247,exact,B,,unrecognized_review,1a405ae76bf2e821b8cdbd3afbd5ba84e7ec635fb4782326f7c5ba11caaa034b
529,G_017_13_1359,exact,A,,contradictory_review,c86d760bfcbd34e1ef94d76874ec6920b2ae69000ac1ebd264dddf80b609a896
530,G_166_14_11016,exact,A,,unrecognized_review,a605951c3b469c9ee87f588213c2f56cfd72ac540f12c6e44eea9e6dcbef3333
531,I_096_152_14,exact,A,,unrecognized_review,50cc1f45ca8ab10a9d59024a5238e11c6c4c280023b947fdac5f1911c2dad400
532,G_930_14_16327,exact,A,,unrecognized_review,e0ba378362d6372f115303c7567684d4abe72d6f07c9ef76f17781e5c65bf147
533,I_033_220_14,exact,B,B,explicit_text,b1c9eb7c37e675fc517b6505924533cdce16186b5f0e203bf8eff78af200a1f9
534,G_020_13_1632,exact,A,,unrecognized_review,f16f78ac7b35bfb270f1545e05b8b2e8e21cd6fe105c0915c0deea952e827502
535,I_064_258_14,exact,A,B,explicit_text,45074ee3f5a5b65eea40187ec57a731c1b5cfc2cf4845fcb8351fb51ed0eeb17
536,I_093_226_13,exact,B,,unrecognized_review,44f73068095de88394349ce9cc45227603b1dd2889cb05df9bb0f0f94b01143a
537,D_257_217,exact,A,,unrecognized_review,4288724c1da8cd0fad126f8eb44c735cd62259793a7341c72dd7eb278e20a02c
538,G_26_13_13459,exact,A,,contradictory_review,0f3fe7ab1f596e44fda31017f83db828fecfaa76298a2b84a012126bffff56f7
539,G_900_13_15365,exact,B,B,explicit_text,b1c9eb7c37e675fc517b6505924533cdce16186b5f0e203bf8eff78af200a1f9
540,I_090_128_13,exact,A,B,explicit_text,45074ee3f5a5b65eea40187ec57a731c1b5cfc2cf4845fcb8351fb51ed0eeb17
541,D_926_318,exact,A,,unrecognized_review,139da53b5653a19e1caf42af71a81e689f8c37bff2157b479d90ad060d0955b9
542,D_939_332,exact,A,,uncertainty_or_refusal_review,07aa1d44fa446926dbbada80a8a34a9580bf6d1f7c9f02a66fc786950deff207
543,I_116_925_13,exact,B,B,explicit_text,70307be4b69e7a70d88c458081673e449d4707f68a13bbecbb8ebe60afbbf9f1
544,G_58_13_14740,exact,B,B,explicit_text,70307be4b69e7a70d88c458081673e449d4707f68a13bbecbb8ebe60afbbf9f1
545,I_029_066_14,exact,A,,unrecognized_review,a53b24ea9f5a1238026fb8867b6901a8692a8bad57e98e31885041c18f58aa26
546,G_199_13_11848,exact,A,,unrecognized_review,affd6af5a9d37b2028ce6c37393cfefea8288ebe6c900375c205327e29a78fee
547,I_258_47_14,exact,A,,uncertainty_or_refusal_review,a4c6d773c402e8bfe80fe0823864a056eff3355021766afcb7817607bf48b8db
548,D_025_23,exact,B,,unrecognized_review,6ee963c85b7fc5d728b6ba9b2bd5fd1e5fcf9f0e3e60238b8d30e99161db5016
549,I_198_29_13,exact,A,B,explicit_text,45074ee3f5a5b65eea40187ec57a731c1b5cfc2cf4845fcb8351fb51ed0eeb17
550,I_237_63_14,exact,A,,contradictory_review,26f54bb83dd324a3a54e6f813dc718f0cafaa1e5a21cf587ab154551ae1fe17a
551,D_11_100,exact,A,,uncertainty_or_refusal_review,ab556ae793d1896eae131b52073a536dff014b28f9745271f90432d34e6c149c
552,G_196_13_11747,exact,A,,unrecognized_review,32a1fa5598ed55514bac0324d7db7ffe824680bb4bb8efe1b08ad4a38eada5e2
553,I_089_11_13,exact,B,,unrecognized_review,a2a7abe01b0cfeabb050a7639fb89a2e5843b142ec94e20265be52b6f9ad8ef1
554,I_299_44_13,exact,A,,unrecognized_review,48e22418cb5d72da98611d5771161d4bd5ffd8545fbb3eb5c3e65af8ab2859c5
555,I_190_917_14,exact,A,,contradictory_review,207672907c36e7804a406a27d6f75fa66f7c1b0e6827d139fd12794e13ee603f
556,G_014_13_1088,exact,A,,uncertainty_or_refusal_review,fa748858ef9dbc0b4d2672a5e0b13876037cf2742bfa4080666c94fb4707d23e
557,G_214_13_12137,exact,INVALID,,unrecognized_review,3f4fdaa86380f379d60eac0ffdf1d4b2f4ad2f9d99e7a16539aa4afa16abee5f
558,I_070_76_14,exact,A,,contradictory_review,9dba6fa5f55e9b7f022d9cfc182f388fd70b95244600e09664ee8c0a2c682fa8
559,I_220_912_14,exact,B,,unrecognized_review,d3a2eb16eb8772505150a4260545157b64b73178c1dedf321c8d07bde5372d9d
560,I_252_263_13,exact,A,,unrecognized_review,30859220666c361ca7a165bddba337210c964c1e23f2bba3cdbe1cc245439773
561,I_192_65_13,exact,INVALID,,unrecognized_review,6e0f1962a00ee415368d8953c7e1e1645f9194ad0756ad1c69bef322d2331d38
562,G_909_13_15641,exact,A,,contradictory_review,8cd28e7c31cfd5f07bb8b512c2000014276478c05a39ac4fb47938af281fb19a
563,I_44_901_14,exact,A,,unrecognized_review,53fb87c7f8f40ceaf59f90f722818f44e0bc812801303820cd7900919bf6cc4e
564,G_052_14_4190,exact,A,,unrecognized_review,e444ce6f29aca6b8bdac5cb2ec2fc24d951f723678671839d6484d56e4a7a25b
565,I_088_916_13,exact,A,,uncertainty_or_refusal_review,312ff805728356c0ddf9dccc062a66982ba2345b61751e15d52553d1522ee590
566,D_933_326,exact,A,,unrecognized_review,caccc354c79f3025797e225061dfb28a01722afa7b8153538bcaa5186886cb2d
567,I_015_259_13,exact,A,,unrecognized_review,a82ebf1b1716c55ced71af5c7f4638eaa631befe6dcd507246f7238fa20b2b63
568,I_087_157_13,exact,A,B,explicit_text,45074ee3f5a5b65eea40187ec57a731c1b5cfc2cf4845fcb8351fb51ed0eeb17
569,I_055_299_13,exact,A,,contradictory_review,abc7aae8117dff3862d711228bac0649d5d1dec4446bc95ad347066b0c095210
570,D_088_80,exact,A,,unrecognized_review,5061689011f444f6822475fe20876d0b1fcbfd92ca305ad734487eafafbdb8d9
571,D_215_183,exact,A,,unrecognized_review,e4edaa13da73ce0b0e1600769e16e8a9a5a2bd8241016a85912f6c0885c59842
572,I_059_230_14,exact,B,B,explicit_text,b1c9eb7c37e675fc517b6505924533cdce16186b5f0e203bf8eff78af200a1f9
573,G_069_13_5715,exact,A,,unrecognized_review,8bb98adc1b1cfbdc9d5f878872d8fc80dcc4cf302589cbc1ec473df747811e54
574,D_174_151,exact,INVALID,,unrecognized_review,fd0ad9026eee596b7072a762941f60bef57e760a230edd450b3a634825685c2a
575,I_231_271_14,exact,A,,contradictory_review,eb4b3da7b08f93b644ca2354c2a3d52ef44836c5567f14297e41a3bc28855920
576,D_060_54,exact,A,,unrecognized_review,a5f26e99b637e4f6e837d4cb3c5fb07351f2393581eb67ea32a7c819db584a8a
577,I_021_121_14,exact,B,,unrecognized_review,db0fe701f39ad16e18972dee94c5082b1785c6d2d2f564de2268896e9bd7b38a
578,I_050_92_14,exact,A,,uncertainty_or_refusal_review,6a4ba2996c66e4d1dc3052ef502165d173b94e09c188f02c5750a117c1fed25c
579,G_016_13_1304,exact,A,,unrecognized_review,15cc7e5542f5e86da125ccdcbb8aeb5e5eed829f80b6ed911d5c7b9036a56b68
580,G_010_13_742,exact,A,,unrecognized_review,5408ab2b07d30cb3c6e85ea632a296951541a16aca28d2a5c5a6f500f2b29643
581,I_182_240_13,exact,B,,unrecognized_review,ce66c6da6e0ba6fd9192ea4138dac842b4cdce93be5550a68c69c17ac5db8fd7
582,G_232_13_12647,exact,A,,unrecognized_review,8d7cd57eedfcbfc7736e45d90a8f2fdcdfad5c96d2da7406a0776e0330cb4b1a
583,G_171_13_11150,exact,B,B,explicit_text,70307be4b69e7a70d88c458081673e449d4707f68a13bbecbb8ebe60afbbf9f1
584,I_085_189_13,exact,A,,contradictory_review,ce3a4df3d56496de7e777d3fa880922caa8185a17776ba3d8e55958c7e605e0d
585,D_214_182,exact,B,B,explicit_text,1ea442a134b2a184bd5d40104401f2a37fbc09ccf3f4bc9da161c6099be3691d
586,G_906_14_15561,exact,B,B,explicit_text,70307be4b69e7a70d88c458081673e449d4707f68a13bbecbb8ebe60afbbf9f1
587,I_149_918_14,exact,B,B,explicit_text,aed53647f8e7faae259182604b78104d4031fa6e48cacc54ece185cedba39b17
588,I_013_83_13,exact,A,,unrecognized_review,674be7e757397ec76d5e58ecc8fce8782c44207b6b5dc4408e13128c9b6b192d
589,I_269_56_13,exact,A,,contradictory_review,68af75461197f7ce4c96fb07874008ba3aaab060f004de6df505019518dc794a
590,G_001_13_14,exact,A,,unrecognized_review,915e4394908c2bd33e386579af26290f121d51984335375c4655c282e6c4a3df
591,D_902_294,exact,A,,unrecognized_review,00999ef77ebba7dac41b9a17b8024b601eacaf3782bcf76bd2a1be25242e6ef8
592,G_082_14_6737,exact,A,,unrecognized_review,faff7bc91c8820f75452ff661b1a6f288b1c02d65326702a46d56a0a64207e82
593,I_066_169_13,exact,A,,contradictory_review,5b67dfde42e0f57bb020d948ed2871680a5484e896fb852a1ef0afece786ae21
594,G_018_13_1446,exact,A,,unrecognized_review,a81839ba148ca52c5ffd9745e8430fecfc666434a3a67096334cc68320746bce
595,D_90_291,exact,A,,contradictory_review,6e6c1a9c1d64f4f1c60ce3079f641068af4691044d59c72e21f4387873c1c8a8
596,I_220_75_14,exact,B,,contradictory_review,c509ec1a9a9f851e85f2d94f3900753e360c9dbc8675194a01a007def5153208
597,G_027_14_2335,exact,B,B,explicit_text,1ea442a134b2a184bd5d40104401f2a37fbc09ccf3f4bc9da161c6099be3691d
598,I_258_936_14,exact,A,B,explicit_text,45074ee3f5a5b65eea40187ec57a731c1b5cfc2cf4845fcb8351fb51ed0eeb17
599,G_913_13_15792,exact,A,,contradictory_review,8ee936e4aff52201ba0cb2e14ad2fd77496994877f6d6d11f7bb2cb224a8a386
600,G_023_13_1897,exact,A,,unrecognized_review,591a518d10a19772a8a4fde22c8434e39ff117a20e4ed8ee1206a29031368145
601,D_097_88,exact,B,,unrecognized_review,23cd5827341e238d98328e1999375e22588806c7f9129f2fb3439f415f8c2139
602,I_198_230_14,exact,INVALID,,unrecognized_review,45ee952ef56baf8a5b97b48e3784f04b9b166e1ab3a10ca5521e9a55a0f25b25
603,G_902_14_15442,exact,A,,unrecognized_review,7958520f4a6597aae86b62512ea773795ffde0fd5d217b9860b4d30856651250
604,G_70_13_15066,exact,A,,unrecognized_review,14601295db68aeb3e1fb8c1122ca97eba7555deb656934438df699094cc71a15
605,I_001_122_13,exact,A,,unrecognized_review,af4d08c16704c47b9ea4d4e2bca437216bacc6f1137b7fa9c8fe6000175eaab9
606,G_072_13_5959,exact,B,,unrecognized_review,a636af1a8167d00db2dd0730908bea214df5f0044330284a432dc4d990affdf1
607,I_056_95_14,exact,A,,unrecognized_review,bec5a2f4ea2efaee11fcfa21a668c52a303d48861eb38c9d86791f2b6315ec7c
608,D_81_286,exact,A,,uncertainty_or_refusal_review,e7735a6a36a40daa51122996ebbbc5ad1ed62d6f36cc3e12d035a9f3e305b56b
609,G_36_13_14109,exact,A,A,explicit_text,85a39ab345d672ff8ca9b9c6876f3adcacf45ee7c1e2dbd2408fd338bd55e07e
610,D_149_133,exact,B,,unrecognized_review,0138890be98b5765fcb2a02c2fb86a3303c7b762e9b5cbdece678172e12cc475
611,G_029_14_2426,exact,A,,unrecognized_review,712c8db7ffba363219d13a52663ae3b1259a1cc2ffbb21b228d96eb3ca0d95c4
612,I_087_136_13,exact,A,,contradictory_review,3f2ee240fc2e98b4447fcdfd01087624a51dcef0253566ca0c5289b1eeeb0cd5
613,G_067_14_5565,exact,A,,unrecognized_review,0d08826ae232a42ad23d9731fb37e2d8ab69ba8799043cf1bc26cfbacf699677
614,D_075_68,exact,A,,unrecognized_review,f34917cdc9849d93dc744deab27c36c67262119cb968b2279360af78ff9adf5d
615,G_218_14_12259,exact,B,,unrecognized_review,0de79474320b0e9e8e92c119c158c3c05f3760bb35397389b318b951d46a0a07
616,G_074_14_6084,exact,B,,unrecognized_review,d600403b7649a17c1cf7a50945b557299a9aef7dad0846946f30d4d7190968d5
617,G_088_14_7258,exact,A,,unrecognized_review,37fd2e185ddce6ec8cfb34d6276dff192bbc8eb0a50b4969934dbe3dc5292af3
618,D_083_75,exact,A,,unrecognized_review,7ff00b7e2df7c898103eab82a1f0274ada94c075b4cb5b13e6047e42b45e4665
619,D_47_260,exact,A,,unrecognized_review,89cbdaf26af3e185084d844cf9d6f3e3fed3ab41409f377bae7a752004a9dc8f
620,D_916_308,exact,A,,contradictory_review,abc7aae8117dff3862d711228bac0649d5d1dec4446bc95ad347066b0c095210
621,I_071_144_13,exact,B,,contradictory_review,68ec7e65b4ed4d51f1468fe152844624bfd5590248f48a75ebd8337fa1b997f2
622,G_188_14_11561,exact,B,,unrecognized_review,a318a5279b23a4b783e3400ccea98124ba96061d006e7150c7b135958936a7eb
623,G_939_14_16595,exact,A,,unrecognized_review,e9680e6cabfe1553789e1ad6838a5c5e4ab87e08da6ad9b409926dd4df7bf6d4
624,G_008_13_543,exact,B,B,explicit_text,b1c9eb7c37e675fc517b6505924533cdce16186b5f0e203bf8eff78af200a1f9
625,D_256_216,exact,A,,unrecognized_review,ee7577f9b0341a867760d4e6b0b4ed0f408c5b9066bc26b8ec10b3c1dcfb4eeb
626,D_267_225,exact,B,,unrecognized_review,81c3ec781e98e20b342f873fa7e029bb22d8743b92eeaf49c0cb43e2fcb19f19
627,G_170_14_11132,exact,A,,uncertainty_or_refusal_review,989409d4294cc4459c40a2b60d3752714ae18cb63ae6e1a98d4796fd1ac29c0e
628,G_22_14_12602,exact,B,B,explicit_text,70307be4b69e7a70d88c458081673e449d4707f68a13bbecbb8ebe60afbbf9f1
629,G_42_14_14334,exact,A,,unrecognized_review,c823de5c567c400b62b89912c851025923ee3a39b9a937d9baa16ad679dbcb45
630,I_156_243_13,exact,A,,contradictory_review,abc7aae8117dff3862d711228bac0649d5d1dec4446bc95ad347066b0c095210
631,D_024_22,exact,A,,unrecognized_review,70b76c22ada466b3f372bbe1e42e9234af55fd3a799930a8af3bc926db6e44a5
632,I_249_9_13,exact,B,B,explicit_text,70307be4b69e7a70d88c458081673e449d4707f68a13bbecbb8ebe60afbbf9f1
633,I_223_90_13,exact,A,,unrecognized_review,d624747d3093b3011a4e6b0282f8901dd397d79f4505905a2d61e54afefd57ca
634,I_016_135_14,exact,A,,uncertainty_or_refusal_review,4e36e34e3fe2d384b67856d53420bbfcc330645c389abb8450b52e903864077b
635,G_111_14_9740,exact,A,,unrecognized_review,95e757fe7cdbe002ce7101ce4adccdc4e282ff382dba3045a6cc6b5d84f632e4
636,D_142_127,exact,B,B,explicit_text,b1c9eb7c37e675fc517b6505924533cdce16186b5f0e203bf8eff78af200a1f9
637,I_119_237_14,exact,A,,unrecognized_review,89fe5049540b4bae06593b5293dd804715b2498276c24ff2574b71388bc5aae1
638,I_136_155_13,exact,B,B,explicit_text,70307be4b69e7a70d88c458081673e449d4707f68a13bbecbb8ebe60afbbf9f1
639,I_143_918_14,exact,B,,unrecognized_review,eb489cbe70f4196a9cf72ba8d3462c8159df70dfa769e59c6ba345fac02bd872
640,I_053_091_13,exact,A,,contradictory_review,f106b4fdb50528a2808a43e518b1117c867579f545c8bf5d0146af711ff0ef97
641,G_137_13_10400,exact,B,,unrecognized_review,cc1cf2ec68d588a4eafce9404643f312ef4245e425c5d029ad139eac0168832c
642,G_930_13_16315,exact,B,,unrecognized_review,938e475150b2f287a17c8499ce7729224119a5f1c3383f2de8d3d391e44bc1f6
643,G_091_14_7534,exact,A,,contradictory_review,060f49d031858a2a3bc6f48cb2ca147aa0e9dcbc294a4726f034f8f2678a5995
644,G_78_13_15224,exact,A,,unrecognized_review,4ee021fc118c570e32f1ca4bfd6d13da7ed6e422b0f6b5b229e4c6c5e7c19bfc
645,I_065_913_13,exact,A,,uncertainty_or_refusal_review,aa5a72cb71d4c25baf6c8757f6b437ce05638607b4ef5d4d9ab55e4da510c6f7
646,G_927_14_16198,exact,B,,unrecognized_review,6d8986db521e2c5929ff1e36bd0d26bae737cce5c1cf6417e905abae48650be5
647,I_271_65_13,exact,B,B,explicit_text,b1c9eb7c37e675fc517b6505924533cdce16186b5f0e203bf8eff78af200a1f9
648,G_003_13_130,exact,A,,uncertainty_or_refusal_review,7ddc1d6b99bf77d8b31009e151aa171c2f2e34f9708a22e8bd74d277b3df60a1
649,D_190_164,exact,A,,unrecognized_review,c01e89642125f03f293e3e0de4639c6883d659f92192c655e18b2d612fa3ff60
650,G_50_14_14571,exact,A,,contradictory_review,b0ea0d83096acd922c97b311ceb60bcae6e06fe0f86cf262a3d5f0968791f9b2
651,G_123_13_10073,exact,A,,uncertainty_or_refusal_review,9429d7b913670db3dc53151087baaf487a4cf737c0f13ce52ecec439ebad6604
652,D_75_283,exact,B,,unrecognized_review,ce66c6da6e0ba6fd9192ea4138dac842b4cdce93be5550a68c69c17ac5db8fd7
653,D_001_0,exact,A,,unrecognized_review,dc9b27b9fce8aff72238a759619a027e49908595fc557368318868a540780204
654,D_63_274,exact,A,,unrecognized_review,e9680e6cabfe1553789e1ad6838a5c5e4ab87e08da6ad9b409926dd4df7bf6d4
655,I_014_090_14,exact,A,,unrecognized_review,3dc5cf23a8471c97339d697df54191b6e6229799201c7448aaecaf5ad287677e
656,I_106_167_14,exact,A,,unrecognized_review,76b1d24c35ee7780380e885cbaf5f574bd7b21d44b8420ce9f81e44e0ec55a91
657,I_096_159_14,exact,A,,uncertainty_or_refusal_review,9179f1822bd3d6b9fa562148765824d3128da36eabb3ed0772b8fb34f0f7f4ef
658,D_254_215,exact,B,B,explicit_text,b1c9eb7c37e675fc517b6505924533cdce16186b5f0e203bf8eff78af200a1f9
659,D_919_311,exact,INVALID,,unrecognized_review,e506c606459d9ee7f79f7b4d40a15a3ab7df9bdcf903e8be69ff23fb1bbcedc1
660,G_97_14_16739,exact,A,,unrecognized_review,1ff97efd3a758675e348812c48b9abc0557503be60423311d41a390c7ee0f7eb
661,I_253_289_13,exact,A,,contradictory_review,eb4b3da7b08f93b644ca2354c2a3d52ef44836c5567f14297e41a3bc28855920
662,D_011_9,exact,A,,unrecognized_review,f2dbb48db3df3ccb8ab7754e335af6e5283f958e2ae84288978583261541dda4
663,I_079_118_13,exact,A,,unrecognized_review,188c3ef9e760d94ef6906c859c69ebdb3bd6f565a4702f5029bb8cda30518f12
664,G_005_13_311,exact,A,,unrecognized_review,44fdd1386cdf4bbba5855b9afc057997ec059ddbe9e858bf9c6d597fd0368c36
665,G_119_14_9934,exact,B,,unrecognized_review,ddead920703628066b4dd88878a6d37f2de5ec687dd9f82c577c4264479b5e96
666,I_180_27_13,exact,B,B,explicit_text,b1c9eb7c37e675fc517b6505924533cdce16186b5f0e203bf8eff78af200a1f9
667,I_062_66_13,exact,B,,unrecognized_review,b17c065d6a4bc7712459399d23e243c3fa39572847457dc841da6a4e35333783
668,I_045_283_13,exact,A,,uncertainty_or_refusal_review,b3ef821c0050a764831b1ee7292df68801cb368a180430c6410af1f551395375
669,G_299_14_13983,exact,A,,unrecognized_review,d497c406d683b59e7cf26cb77c973eb202269ff8b749aa167e8ea97fe8d1516c
670,G_915_14_15877,exact,B,,unrecognized_review,a318a5279b23a4b783e3400ccea98124ba96061d006e7150c7b135958936a7eb
671,I_213_254_13,exact,A,,unrecognized_review,283079ec9055b7d5dc058ff9f9121618ff28706778b4df7b3a33eb6c97fa91ab
672,I_267_913_13,exact,A,,contradictory_review,8ee936e4aff52201ba0cb2e14ad2fd77496994877f6d6d11f7bb2cb224a8a386
673,D_118_107,exact,B,,unrecognized_review,d232deadd2714f574701291a2c8e1ba3b2d1bc22ad59aaa710e7195191e47ded
674,G_055_13_4441,exact,A,,uncertainty_or_refusal_review,44e4445d4cbb3432bb8e61b184ba415b39c083251b0b36073e5034a2d99b136d
675,D_185_161,exact,A,A,explicit_text,85a39ab345d672ff8ca9b9c6876f3adcacf45ee7c1e2dbd2408fd338bd55e07e
676,D_107_97,exact,A,,contradictory_review,99707b138d2b03b47ffbd7bd1eca5d0d02040ff08534924332e8d6574f5eceb7
677,G_178_13_11328,exact,B,,unrecognized_review,14d31d7f4b10822914561ad362f487635065c6d3a1dccf4d118b607a002712f3
678,I_202_903_14,exact,B,,unrecognized_review,ce66c6da6e0ba6fd9192ea4138dac842b4cdce93be5550a68c69c17ac5db8fd7
679,I_209_66_14,exact,B,B,explicit_text,b1c9eb7c37e675fc517b6505924533cdce16186b5f0e203bf8eff78af200a1f9
680,G_191_13_11650,exact,B,,unrecognized_review,5c8d947d8a0ee9dc6b9a2abf5655f675baa6a80131ccd3a0ba6860d9b1cc8dca
681,D_261_222,exact,A,,unrecognized_review,77e9eca073dcacc6d925299896ec16610b473781fca0a22a9a0ca3bd0c70f168
682,I_007_285_14,exact,A,,unrecognized_review,eedf1de173ea98e572a74c96bb5de4be2881965c7f3a3baf7d50c7549e01990e
683,G_091_13_7514,exact,A,,unrecognized_review,85e6ffbbe39a34c3f14c833a4f47e1a7ca1f3f993e75237f6b98c91278090e16
684,I_098_96_13,exact,B,,unrecognized_review,19d282c2c782dce5e7f3f61f9bf25a56cf88f369754b8093299565ca0b72dd4d
685,G_061_14_5038,exact,A,,contradictory_review,3aedbb11b65c43df7392154266d3b41e69d3bd6ad94cc45d2ba6020178e7f798
686,I_011_101_14,exact,A,,unrecognized_review,de4acd971e51c2dc9ca1065dae129148a38427806ba2b7efacd676ab28adfb93
687,I_27_71_14,exact,A,,contradictory_review,a1082ede4f8efbcb47f9501198abe4c668d46887772da72b7ea137e2d8845d13
688,I_040_28_14,exact,INVALID,,unrecognized_review,fd0ad9026eee596b7072a762941f60bef57e760a230edd450b3a634825685c2a
689,G_183_14_11462,exact,A,,uncertainty_or_refusal_review,c1e51c68e7dcf78d6149314535c290009a78f456564627632fbc04e2b148ab09
690,I_106_237_13,exact,A,,unrecognized_review,11015112a43299767f380d61265c894e08a7ac97e2efbb4eb77e93ae57353664
691,G_903_13_15456,exact,A,,contradictory_review,8ee936e4aff52201ba0cb2e14ad2fd77496994877f6d6d11f7bb2cb224a8a386
692,G_025_14_2118,exact,A,,uncertainty_or_refusal_review,5160831ea5fce9bc856914169d90cb29abecd4709bdad2ead9b19d4837af4899
693,D_106_96,exact,A,,unrecognized_review,bb4b8a62c6c9e18e6059236e3f3bb2c3ca5060c1c677d0f2bb72d07ef366c8b8
694,D_26_220,exact,B,B,explicit_option,79398e2d8cadfc05f0152f92591166a1f81ebeeb0156179ef1a0f6c55ebc9af9
695,G_917_13_15918,exact,A,A,explicit_text,85a39ab345d672ff8ca9b9c6876f3adcacf45ee7c1e2dbd2408fd338bd55e07e
696,G_148_14_10658,exact,A,A,explicit_text,85a39ab345d672ff8ca9b9c6876f3adcacf45ee7c1e2dbd2408fd338bd55e07e
697,G_62_14_14879,exact,A,,unrecognized_review,516f25d312296128ad17c36db08933156177fc45284a1029dbe1b96dc2a96dac
698,G_911_14_15751,exact,B,B,explicit_text,b1c9eb7c37e675fc517b6505924533cdce16186b5f0e203bf8eff78af200a1f9
699,I_900_909_14,exact,B,B,explicit_text,70307be4b69e7a70d88c458081673e449d4707f68a13bbecbb8ebe60afbbf9f1
700,I_243_258_13,exact,A,,unrecognized_review,fc7f1ec535293098564f642956dd3ffb1d0d032bb2bd1a9003d1afb585b96ff9
701,G_087_13_7128,exact,INVALID,,empty,e3b0c44298fc1c149afbf4c8996fb92427ae41e4649b934ca495991b7852b855
702,G_929_13_16249,exact,B,B,explicit_text,70307be4b69e7a70d88c458081673e449d4707f68a13bbecbb8ebe60afbbf9f1
703,G_041_14_3290,exact,A,,unrecognized_review,e52f4fa36e951b5d417cc718ccbe5c6003669fef3ba919fed1a5ba9e758e74bf
704,I_29_44_13,exact,A,,uncertainty_or_refusal_review,42625bc43a537807733668af861a118d418c4f123d4784985a9d4720ab3dbb96
705,I_81_95_14,exact,B,,unrecognized_review,338e3d438e8e761fa0f2fe48a34c2fdd50aeabf23f1f1d92b72c0b7fbc01a9bd
706,G_938_13_16556,exact,A,,unrecognized_review,874e19d0e940b7f5245c62e1669878bc11704faa5e78d6e41883dec4eaef2cb2
707,G_142_13_10485,exact,A,,contradictory_review,d09ebbd05b08d1b23c87cf819503077cdb36a0b2934eda8a2ac40bd785df3264
708,G_049_13_3883,exact,A,,unrecognized_review,56822a903a7e50e16f09d0c204073b3d2339288180fbf945bf030a97a4e25154
709,I_192_258_14,exact,A,,uncertainty_or_refusal_review,a86cee533205f17a9d65d97cdb5a4be7ad4eb15af1d5673b6ccd2ce0b9a40ecf
710,D_091_83,exact,INVALID,,unrecognized_review,0e77e68ba5473d98840c3212f4a8cb801226494f1162c8001a9f4ed7b00cbaa8
711,G_204_14_11960,exact,INVALID,,unrecognized_review,32ebb1abcc1c601ceb9c4e3c4faba0caa5b85bb98c4f1e6612c40faa528a91c9
712,I_28_935_13,exact,A,,unrecognized_review,0841b01edc1b1b013a4ac6dfadbb345b0ad488b47bbefb28b57332c74fe4bb0a
713,I_029_197_13,exact,A,,unrecognized_review,36a4b3e66c69d547622d3f9c666e113413ef833c1aa6385cee806a966a679200
714,G_900_14_15392,exact,A,,contradictory_review,a151b2c28173d6c3bc1804c6491a6d3e8c29e556a7a1a880da50d2115df562ec
715,D_247_209,exact,A,,unrecognized_review,49b35c6830a7395e4072e33de42da56048340fd0cbdbc65842e50f7734abb56a
716,I_010_31_14,exact,A,,uncertainty_or_refusal_review,37319c4e736c9393d0e295718e4e6a648b94cd0b7854720566adf04ca5a75587
717,I_222_919_14,exact,A,,unrecognized_review,ec0645854c766e74ba9aaa133b1eb43cf8a05822fa6b297a92dfcb9e14318dc4
718,I_061_260_13,exact,INVALID,,unrecognized_review,fd0ad9026eee596b7072a762941f60bef57e760a230edd450b3a634825685c2a
719,I_082_284_14,exact,INVALID,,unrecognized_review,becafdc7516bef148b1fde2177a1c51df73510b34ada5ec0b59f020786c33a44
720,D_938_331,exact,A,,unrecognized_review,c15680f1feabddc5ed882407f432364a6a6f8896e2454cc9bdf478dced45a706
721,I_016_117_14,exact,A,,contradictory_review,91570004adf28163cf495fab9fcc303a651bded5315dec3e33e2d3d513648757
722,I_019_38_13,exact,A,,unrecognized_review,f44156df0ce55e912314fb6bbb6e5bb574d3a12f790ff809d583fc1627f56e90
723,I_132_158_14,exact,A,,uncertainty_or_refusal_review,afb3f28d0d0d9196a98b333fb2d623343bdd53ae1fe41bc4b36ab569b43b4028
724,G_024_14_2039,exact,A,,unrecognized_review,d3ec82a3bb8fb98ea2ef46934acf3ab52a94be02e0667f483824e548e35e8f8d
725,I_039_225_14,exact,A,,unrecognized_review,006a0d13fb90684a7519c1521ada5aa72c3e3dde7c40c6d901ab156a0f02c4e9
726,G_64_13_14915,exact,A,A,explicit_text,85a39ab345d672ff8ca9b9c6876f3adcacf45ee7c1e2dbd2408fd338bd55e07e
727,D_280_232,exact,A,,uncertainty_or_refusal_review,3a363ea51c25f0ddf2c5d7e735db9a255429558b7cb20c76f595d42a5400509a
728,G_047_14_3772,exact,B,,unrecognized_review,10086dd1a248a2dc914ed55aedd35c4ad3378d909658d210bc743bbd47c2f265
729,I_093_96_13,exact,A,,unrecognized_review,b8a52520ea3c0b094a432bdd1836ea9bc7c1fabc6c1c4c903a4e1524c3b9254f
730,I_047_97_14,exact,A,,unrecognized_review,6288be246e900218bd40bbb8892a0c621204e2094f578f4ed16dbe73f5419bd3
731,G_252_13_13029,exact,A,,unrecognized_review,bacbe9245f12e428c1ba87209c222e9107efa2c816675d643c72bb304452f11b
732,I_085_167_14,exact,INVALID,,unrecognized_review,192af065e096bb4bfe44608d6874590f9613e91f042ded152b779a98f8431073
733,I_14_39_14,exact,A,,contradictory_review,7a4ef2139560baa4d50ea62c94c2bb144547f4a9b57e6d3e01e03b1e0d454745
734,G_078_14_6386,exact,A,,unrecognized_review,9a6c5b4d457a27facb8399680e04e03552739a6b598e73a8d60ca363b6dc672b
735,G_247_13_12911,exact,A,,unrecognized_review,c697a30d00ef47a6204b5d7478d97c2026176ac28f4500d7b97106fdcd48d2ce
736,I_12_146_13,exact,B,B,explicit_text,70307be4b69e7a70d88c458081673e449d4707f68a13bbecbb8ebe60afbbf9f1
737,G_013_13_1026,exact,A,,unrecognized_review,f044ca2d01e11e3120444addaf28dfe39c3fc20700c9457a9a2869cdbb8e1fe9
738,G_011_14_869,exact,A,,unrecognized_review,74df477d000d42fe19162a1b1f267e9c277f151e53c4eaab3614da9631adc44c
739,I_173_83_13,exact,B,,contradictory_review,bccaef74f24e43b39c2aeace4ae4a940c5fd0f30e577f45cffd7673e6dba3aab
740,I_121_129_13,exact,A,,unrecognized_review,9c22d74feeaa0f189d00524c12110c906b1ac3ad847f65f9c8d58ede1e74b6cd
741,G_064_14_5303,exact,A,,unrecognized_review,d43d98b15f828269d3762e07ef4295407abca00c45700d92fc64d80312cb8a67
742,D_049_43,exact,A,,unrecognized_review,4a859ed085a51437382a9794e67f37b6aaf532eb9f681d274f06d9b89551d8be
743,G_216_14_12200,exact,B,,unrecognized_review,ce66c6da6e0ba6fd9192ea4138dac842b4cdce93be5550a68c69c17ac5db8fd7
744,G_290_14_13864,exact,B,B,explicit_text,70307be4b69e7a70d88c458081673e449d4707f68a13bbecbb8ebe60afbbf9f1
745,I_127_241_13,exact,A,,contradictory_review,5e7308ce549e5c8a125855f67bf8932000ee10a21ee1f498df598840d0ff25d3
746,D_283_234,exact,A,,unrecognized_review,eeed59e470c9f6ae3e18c46ad1de39d8e083725714ccef7d6ba2fea3f291386a
747,G_063_14_5184,exact,A,,unrecognized_review,79ce2529e244c0e9fa0785a91f6fb6f80cd3c7b5f1fa8eef5eea8e4698700ee9
748,I_38_78_14,exact,B,B,explicit_text,b1c9eb7c37e675fc517b6505924533cdce16186b5f0e203bf8eff78af200a1f9
749,D_24_202,exact,A,A,explicit_text,85a39ab345d672ff8ca9b9c6876f3adcacf45ee7c1e2dbd2408fd338bd55e07e
750,D_098_89,exact,B,,unrecognized_review,5b164bf9c143591c072681b61905f90701984ad61203e0b77533635c4b5a05da
751,I_085_237_14,exact,A,,uncertainty_or_refusal_review,ae5597aa13c5377c26ba17f4dc3e37657dc30ecdef72defa298ae4e6273c4c7f
752,D_97_336,exact,A,,unrecognized_review,375bcb438b7505bb11043fb31ccc2139d0f55f077f37ce12d6f90f3a89375e25
753,G_207_13_12017,exact,A,,uncertainty_or_refusal_review,ae5597aa13c5377c26ba17f4dc3e37657dc30ecdef72defa298ae4e6273c4c7f
754,I_117_213_14,exact,A,,uncertainty_or_refusal_review,f294abaec6ad168e9ec80f40464c3b8e52607223502b59459d596571ecba502e
755,I_072_081_13,exact,A,,unrecognized_review,1dc6d868d5cb658d0ee5b1d54e2d397bd06065ac5360e8ee33c16aa3a95d10f1
756,I_061_919_13,exact,B,,unrecognized_review,07718e3ecaf07a29e34ff088a9abb559369d7eda22fa5e0714912c87a839678d
757,I_112_214_14,exact,A,A,explicit_text,85a39ab345d672ff8ca9b9c6876f3adcacf45ee7c1e2dbd2408fd338bd55e07e
758,I_269_49_13,exact,A,,contradictory_review,afef89383bec5615f28d037a57e8860a1e09bf4fbad24810827aa834c030a7a5
759,I_014_203_13,exact,A,,unrecognized_review,7b168480fe241b6e93f7449553f55e1bf92b79c9aad811c69494d8c3529a4169
760,D_50_263,exact,A,,unrecognized_review,16a2a1daea627264caa74358c814d5171f4b1f3b8a4a04fb9cb9fa91b12ff36d
761,I_052_60_14,exact,INVALID,,unrecognized_review,add4d0d0bd8548021b8d6e4d19d03c1614dee34bc26786192c48e4613a41fc6e
762,I_24_62_13,exact,A,,unrecognized_review,7490e1958d02981f2d523d2ea2f71d652619626db52bbcea36912f05d3c5ff47
763,G_56_13_14675,exact,A,,contradictory_review,6b470305e4bb48693dab16f783bc09264e72e352e1d6f2a04ccd148b01d848e6
764,I_30_931_13,exact,A,,contradictory_review,0f3fe7ab1f596e44fda31017f83db828fecfaa76298a2b84a012126bffff56f7
765,I_118_938_13,exact,INVALID,,empty,e3b0c44298fc1c149afbf4c8996fb92427ae41e4649b934ca495991b7852b855
766,I_196_78_14,exact,A,,uncertainty_or_refusal_review,0f39af8da2761704a0b9519e6a49bed3259f1aa18f0366712a89fe3123a46cce
767,I_924_934_13,exact,A,,contradictory_review,5f055257465630eb5a07f84c4ebb0667ee8bd2496108aa9e2b1ce6d58fe35898
768,G_260_13_13276,exact,A,,contradictory_review,ac64d3b4aab6abab4f38975fe7e471968fe82a2a00258eb1fc6ea50608c0e8d4
769,I_900_938_14,exact,B,B,explicit_text,70307be4b69e7a70d88c458081673e449d4707f68a13bbecbb8ebe60afbbf9f1
770,D_006_4,exact,A,,contradictory_review,a1ff153426b5e61a4f3faa0acedf87c27952f0b2afb875e1b9844fb0a047b50f
771,G_110_14_9525,exact,A,,contradictory_review,ee3421a4b0e3b55a0191dff7d69ed46d68501f93700cfbe2c88791ddcecf78a3
772,G_37_13_14155,exact,INVALID,,unrecognized_review,ab0531c9d89473e8c5af60d4621a5d5bfaa6a5b1f1ebf3cc69e20814fee801cc
773,D_010_8,exact,A,B,explicit_text,45074ee3f5a5b65eea40187ec57a731c1b5cfc2cf4845fcb8351fb51ed0eeb17
774,G_937_13_16525,exact,B,B,explicit_text,70307be4b69e7a70d88c458081673e449d4707f68a13bbecbb8ebe60afbbf9f1
775,G_120_13_9973,exact,A,,unrecognized_review,024349b7fd5f13125773f832455793248b8ffe22fb0b684016a4b30dee221578
776,I_206_266_13,exact,A,,uncertainty_or_refusal_review,fef257d84864578c9fb1b5f839c36017599409d89e804caff620b40170b2a56b
777,D_062_56,exact,A,,unrecognized_review,f2c19814746185d97f4b62fa3bbcf4dd9cc17a88f6d06fa827f5746f28c9f87d
778,G_149_14_10680,exact,B,,unrecognized_review,dca43dd8f31fe26655eac78456e140e7dc406458f8c825902dfe369b1e7fbfe3
779,D_213_181,exact,B,,unrecognized_review,f8ee262d46c99f667722b4e995a042f4e4dc8631186bf0a8c3137a8bf309b35b
780,G_58_14_14754,exact,A,,unrecognized_review,d277ff70d621b13f0f4cd9416acb2588e42213eb3a482ec40a0f06ec115f677c
781,I_102_22_13,exact,B,,uncertainty_or_refusal_review,f83caa3e2229350c16526598667b833cbea8633913060eb952ab7dbf65b90ddc
782,D_188_162,exact,B,,contradictory_review,3c42b56f49ac785e92013f39fda6f0339366636bf997f796e2efad6b14b67de4
783,I_056_157_14,exact,A,B,explicit_text,45074ee3f5a5b65eea40187ec57a731c1b5cfc2cf4845fcb8351fb51ed0eeb17
784,G_901_13_15404,exact,A,,unrecognized_review,82d303c70ab210e20b21b309ec6c1a79a60192cd81083968292822535ab9e3af
785,I_005_108_13,exact,A,,uncertainty_or_refusal_review,8d0f4556e7d3adc18069b9199f740e1f689ac628e3dfbc3e95d0bf14715ee975
786,I_046_157_14,exact,A,,unrecognized_review,4a592ca819dea0d551b2fe5938775fe903e77f43d8c2d41568a7739aee2fa78f
787,G_254_14_13101,exact,B,B,explicit_text,70307be4b69e7a70d88c458081673e449d4707f68a13bbecbb8ebe60afbbf9f1
788,G_055_14_4475,exact,A,,unrecognized_review,7342022b7054efc692acc23cf4cc55c0897facf23714dd8f5bcefa76d7871f80
789,G_230_13_12603,exact,A,,contradictory_review,24f18db3b63e1f718296a32d4be83f7757cf5b545d3c917e385bfc00fc7424e4
790,I_149_95_13,exact,B,,unrecognized_review,62e4a64aa34851fec3732aab28e965cf6d54fd4688c7aad1923402a223fa01bc
791,I_048_180_14,exact,A,,contradictory_review,b51682d5f6de87925dde4d7c8beba006aace0a56e1290faf4b2d69ad794239c4
792,D_99_337,exact,A,,uncertainty_or_refusal_review,95d45eb34e0c9524846cf7e9b338e8fb42f47d71a1fc3dbd389375a7dacdfc56
793,G_902_13_15435,exact,A,,contradictory_review,b632c1beda9d1f5514c2b53c9ee7f53ba167dfe0abe69e24f67442149531e5bb
794,G_293_14_13948,exact,A,,unrecognized_review,39cad0deae8d7a65476b0ccc00d70faafcc43d4021ec9f40fec2081eecbfc33a
795,D_57_268,exact,B,B,explicit_text,b1c9eb7c37e675fc517b6505924533cdce16186b5f0e203bf8eff78af200a1f9
796,I_041_90_14,exact,INVALID,,unrecognized_review,32ebb1abcc1c601ceb9c4e3c4faba0caa5b85bb98c4f1e6612c40faa528a91c9
797,G_006_13_378,exact,A,,unrecognized_review,4ec6a0a5d1ad513c12d790f7e93287a31a612b6aba6d791793434bfd09b8fd87
798,G_094_14_7788,exact,B,,unrecognized_review,ce66c6da6e0ba6fd9192ea4138dac842b4cdce93be5550a68c69c17ac5db8fd7
799,I_053_190_14,exact,B,,unrecognized_review,949da6a3278e2d66078bda0e06f569110d872e46548e354c508af456e3c18715
800,G_021_13_1751,exact,B,,unrecognized_review,e41a512c6fd673721a9e373de2ab12361dc134dedbece584a03fd47b3190e8fe
801,G_021_14_1772,exact,A,,unrecognized_review,a82ebf1b1716c55ced71af5c7f4638eaa631befe6dcd507246f7238fa20b2b63
802,I_011_928_14,exact,A,,unrecognized_review,5d2ced81e780f171d1cee8d100fca8840d5772a41f954ef2146d77b1f246d7ad
803,G_029_13_2341,exact,A,,uncertainty_or_refusal_review,c513bf58ef9ed5a3903a2bacf02399a2f27f6529cac6955fc60bc23b7e7bb9ae
804,G_181_14_11398,exact,B,,unrecognized_review,94a333f34b358eda5f87f732cd1ae7fc209422932be7f6687db1278518ea132b
805,G_913_14_15809,exact,A,,unrecognized_review,6c3a21f0b88582d2ef1b44cb98521a862897b25ccfe32d03fa31ae7228182c4a
806,I_181_900_13,exact,B,,unrecognized_review,654c95f576f1b2d5b2cebe56d5b5c3fb8f70c7403f20444e02a5b0a536f7e1b6
807,I_048_50_14,exact,A,,contradictory_review,0b1d4a43fed99fec814eeeb1bb7a06045e2255be9cc2bf532b692c1964d0c44e
808,I_203_245_14,exact,A,,uncertainty_or_refusal_review,03beec9f89d9cffd92f0164cd15b17d41b0d95d0660520337910923090fa7056
809,G_289_13_13789,exact,A,,unrecognized_review,8599fa5ae78eee10e789e72b771b4a4b4e4f06712e7e161064e8296e363eeca6
810,G_246_14_12896,exact,A,,unrecognized_review,c2ac03cc038a8f57e81e63106394152362f7ee4de12cdb971d205453c8f488ef
811,G_037_14_2957,exact,A,,uncertainty_or_refusal_review,9bae1263d0ff1eaf939019ee49f204a442b85f63bdddafe25927b4afb849bb76
812,I_163_227_13,exact,A,,unrecognized_review,9816cecc095b80c86dff42ca57bae2642fc3bd7fdc727db1e33cd86f2f3d9052
813,I_046_112_14,exact,A,,unrecognized_review,7154ac64b0f10c8d04d3a14a705d3f98ca0f58bc34cdd6b7d78ad74c3bb0973a
814,I_263_94_13,exact,A,,unrecognized_review,1dc8f6ce8e49248c578629898412c3ddd7745a6737cb45da8afa7a4edc7a7e85
815,I_11_9_13,exact,B,,unrecognized_review,dd943978d37d7fa6a4279a62673c3d79b8dfc218d2d7bf6768b5e4ac04f0aefc
816,I_023_218_13,exact,B,B,explicit_text,b1c9eb7c37e675fc517b6505924533cdce16186b5f0e203bf8eff78af200a1f9
817,I_204_217_13,exact,B,,unrecognized_review,e4debe23075ad96acf4728aba3821400c44f08e076fb7166075f94229929ec07
818,I_057_135_13,exact,A,,unrecognized_review,18e579cf40bf2857b29513fccccd74cfda2895871ebea7f358a21370fd9c78c2
819,D_045_39,exact,INVALID,,unrecognized_review,32ebb1abcc1c601ceb9c4e3c4faba0caa5b85bb98c4f1e6612c40faa528a91c9
820,D_018_16,exact,A,,unrecognized_review,48ead88f0d894d045657228b557a62dfe94614a896fa5faf4e41f108b49b2a06
821,I_020_31_13,exact,A,,unrecognized_review,d5a8eadc6434e1dd55541612fea347c91122093f0e9da4a6315a78625d4ff244
822,G_129_13_10221,exact,A,,unrecognized_review,c56eee3a67bc40f8f22a3e1d38c6be58639b4c6a106aa0ba3382d8bfa1d5e0a7
823,G_936_13_16481,exact,B,B,explicit_text,b1c9eb7c37e675fc517b6505924533cdce16186b5f0e203bf8eff78af200a1f9
824,D_231_198,exact,A,,unrecognized_review,fab7bc647936d731fd5297dfb22d98b436fd018262db881c313f43c67a1b3901
825,I_022_158_13,exact,B,B,explicit_text,70307be4b69e7a70d88c458081673e449d4707f68a13bbecbb8ebe60afbbf9f1
826,D_117_106,exact,A,A,explicit_text,85a39ab345d672ff8ca9b9c6876f3adcacf45ee7c1e2dbd2408fd338bd55e07e
827,D_014_12,exact,A,,uncertainty_or_refusal_review,6c95efdd98c083d4368f6d6657fd5f60855e13efcd588c67fb299c9848e97959
828,G_31_14_14069,exact,A,,unrecognized_review,3541fbdbb9a85d5b883d506668dd58d3e3ee1baecea575af36e44cd1d225cecc
829,D_299_244,exact,INVALID,,unrecognized_review,fd0ad9026eee596b7072a762941f60bef57e760a230edd450b3a634825685c2a
830,G_910_13_15705,exact,B,,unrecognized_review,ce66c6da6e0ba6fd9192ea4138dac842b4cdce93be5550a68c69c17ac5db8fd7
831,G_178_14_11343,exact,A,,unrecognized_review,11a5320ce661d1cc1f438301644a6987073e04b5bb89741eb0e7b9586513d6ee
832,D_065_59,exact,A,,unrecognized_review,b21d704e3743c9c298a1f1d0f1a410b423c7411f8c5c01a6c0602979cfed4521
833,I_916_927_13,exact,B,,unrecognized_review,0138890be98b5765fcb2a02c2fb86a3303c7b762e9b5cbdece678172e12cc475
834,D_29_239,exact,A,,unrecognized_review,9911de8b6abeb9cb95c99166f2d3174741d00dfb5b1e2a7702d3443d4612ca89
835,I_232_81_14,exact,A,,uncertainty_or_refusal_review,f73a2995dea87c9cceff4e7188734caba0e2ec26b6ababcc7773a9fc3e7b93a1
836,I_074_65_14,exact,A,,unrecognized_review,ef3cbdbc79f6a5c46d071d0a5eaecf0c548fd33cee0e30c102488400d972c42a
837,I_084_932_14,exact,A,,contradictory_review,53e8c52b99ae5c19968a01487ae095d6b65b104181e6ac4676013befde26735a
838,G_106_13_8808,exact,B,,unrecognized_review,db0fe701f39ad16e18972dee94c5082b1785c6d2d2f564de2268896e9bd7b38a
839,I_074_149_13,exact,B,,unrecognized_review,fab61afd945cb36cf6362e2c294b3e494d964a2059244b7459433082fd780bd5
840,I_045_915_13,exact,A,,unrecognized_review,155d8132e1f843f32df157c763600e3c42a96201a00926ee505483c95ef95048
841,I_068_224_14,exact,B,B,explicit_text,b1c9eb7c37e675fc517b6505924533cdce16186b5f0e203bf8eff78af200a1f9
842,G_223_14_12379,exact,B,,unrecognized_review,d129e66151fe11da64808a907b91273a68e1c571d7f28304cb2d10c2826fcac2
843,D_172_149,exact,B,,unrecognized_review,947b1db6811ebb3dd4ca26b3a7cf3c6a087191f6ad674aa19e617be865d4cf9f
844,I_025_224_14,exact,B,B,explicit_text,b1c9eb7c37e675fc517b6505924533cdce16186b5f0e203bf8eff78af200a1f9
845,I_203_263_14,exact,A,,contradictory_review,9c2dba3a8359f35da746ae24e777a648c75baf335baa35d63d1237b78d602130
846,G_231_14_12631,exact,INVALID,,empty,e3b0c44298fc1c149afbf4c8996fb92427ae41e4649b934ca495991b7852b855
847,G_933_13_16392,exact,A,,unrecognized_review,ae22c7c91957195ec9d63cf1fbe37321f02c89872e3d436384256b5b4ffb3478
848,D_230_197,exact,A,,unrecognized_review,b299e173a7f86922d382bb7f79c56db496d7e5c7619032bf4bc99a5535d260e1
849,D_82_287,exact,A,A,explicit_option,559aead08264d5795d3909718cdd05abd49572e84fe55590eef31a88a08fdffd
850,I_130_248_14,exact,A,,unrecognized_review,d8361822620d20911c1e7aa4373afeda49b01745cf6dfb92efa485d8ee698b85
851,D_040_35,exact,INVALID,,unrecognized_review,32ebb1abcc1c601ceb9c4e3c4faba0caa5b85bb98c4f1e6612c40faa528a91c9
852,I_130_256_14,exact,A,,unrecognized_review,c3564a8fcefec8b7047a9599735825bfeb0787a28983c7d5fedb58382c8613b0
853,G_245_14_12849,exact,B,B,explicit_text,70307be4b69e7a70d88c458081673e449d4707f68a13bbecbb8ebe60afbbf9f1
854,I_082_914_14,exact,B,B,explicit_text,b1c9eb7c37e675fc517b6505924533cdce16186b5f0e203bf8eff78af200a1f9
855,D_241_204,exact,A,,contradictory_review,d7b97484905bd337e48299e09a3f0691afb3bfa4c19074286b1a2cb2f9d12f14
856,D_64_275,exact,A,,contradictory_review,60ec9252abd7db9f1d95b60bd746a007f16f79a1f2d1faacf7c47de8025e74ad
857,I_43_907_13,exact,B,B,explicit_text,70307be4b69e7a70d88c458081673e449d4707f68a13bbecbb8ebe60afbbf9f1
858,I_928_94_13,exact,A,,unrecognized_review,03beacc1690f9f25f4efff2e99ceb90f0c66da7af5ecd8565328cd42d7ef3401
859,D_144_129,exact,A,,uncertainty_or_refusal_review,f7ab04c7ce069e772922c1068ef05a9b84be728b1cbc737eb1ec13f70c23c961
860,G_092_14_7635,exact,B,,unrecognized_review,d522145ddd4203c4168ce977677092ccbe06fd7abb19f0f408e27fa1f5b822af
861,G_76_14_15213,exact,B,B,explicit_text,b1c9eb7c37e675fc517b6505924533cdce16186b5f0e203bf8eff78af200a1f9
862,D_259_219,exact,A,,unrecognized_review,bddfb5954aba405633eaa989e112ac2bbb8d2a3b4db8dc1fba9f1422a98d8c44
863,G_051_14_4106,exact,A,,contradictory_review,905cedb76793ed363d5aed8bfdd6555b9e20386fc082a58387493e7c91d82ccd
864,I_064_110_14,exact,A,,unrecognized_review,e9680e6cabfe1553789e1ad6838a5c5e4ab87e08da6ad9b409926dd4df7bf6d4
865,I_014_207_14,exact,A,,unrecognized_review,88d24f4a604176cab1f15f4ab1d9138a12a0c01eb626ff81713a91f351ce54c8
866,G_024_13_1986,exact,B,,contradictory_review,b326d8464d1ede1500df9527087a7b9dce992b1e463d7686e06b141a6e55f390
867,I_218_237_14,exact,A,,unrecognized_review,91cb3cde9e2e9e448af920e2c15087207932892cea05eb87af74ebd0256eeb86
868,I_283_919_13,exact,B,,unrecognized_review,eb489cbe70f4196a9cf72ba8d3462c8159df70dfa769e59c6ba345fac02bd872
869,G_054_13_4354,exact,A,,uncertainty_or_refusal_review,ec4845b445d22c49af3cea101c31d8c01d07a603bd049979790b4ed82b0d86fc
870,I_149_60_13,exact,B,B,explicit_text,b1c9eb7c37e675fc517b6505924533cdce16186b5f0e203bf8eff78af200a1f9
871,I_105_11_14,exact,A,,unrecognized_review,3b96de43940c7347912fe2bfa46b6fe979669c8e0ba909824df3abeee319dca1
872,I_013_185_13,exact,A,,uncertainty_or_refusal_review,fd877918a435d004abb438ce9b8abc706c324b411043d36ba3f905dd58d93776
873,I_83_88_14,exact,B,,unrecognized_review,8f484fe431d6d36e84c7b2ce534c4535afa13b30c7fab3080de344f9dfa75077
874,I_100_218_13,exact,B,B,explicit_text,b1c9eb7c37e675fc517b6505924533cdce16186b5f0e203bf8eff78af200a1f9
875,G_916_14_15907,exact,A,,uncertainty_or_refusal_review,b074f11204b79239f674c78d33584b20f3e70f85b6e48277e4e66d61f3eee049
876,D_61_272,exact,B,B,explicit_text,70307be4b69e7a70d88c458081673e449d4707f68a13bbecbb8ebe60afbbf9f1
877,I_30_92_13,exact,B,B,explicit_text,b1c9eb7c37e675fc517b6505924533cdce16186b5f0e203bf8eff78af200a1f9
878,G_012_13_933,exact,A,,uncertainty_or_refusal_review,351c7eca8e08d085e528d904f6398fb89fd902fe2cc20a79ebf62bd5aeba7e75
879,G_148_13_10635,exact,A,,unrecognized_review,7a33405f46b3aaffc9934669e6d60adb302c63ac900d7dd782d826fa35f45b6e
880,D_70_280,exact,B,,unrecognized_review,a336f6b3a7a7b54184afd7b52463ae84b69fb70af489b531569dd0a4dc82d33c
881,D_027_25,exact,A,,unrecognized_review,2c628beecc05c9ae4281b8dc7daeb2be91be588a949e2d8adb3f9db00bff85e6
882,G_041_13_3262,exact,A,,unrecognized_review,172b54bd5cc972d99d3c3f22d14f8e6b07b06a42201418179a1742588e0a5c0a
883,G_41_14_14302,exact,A,,contradictory_review,4ec954ee12f9db9db2c3baa02bfb9160877231e0ad29ceb6b169cd6f2bbe47b4
884,D_911_303,exact,B,,unrecognized_review,4f15e4c2189c3bee3d90a07b85fdc4f0e016d9d45053fcd0ed8fdb310fd16856
885,I_51_68_14,exact,A,,contradictory_review,abc7aae8117dff3862d711228bac0649d5d1dec4446bc95ad347066b0c095210
886,D_138_124,exact,A,,contradictory_review,abc7aae8117dff3862d711228bac0649d5d1dec4446bc95ad347066b0c095210
887,I_090_902_13,exact,B,,unrecognized_review,ce66c6da6e0ba6fd9192ea4138dac842b4cdce93be5550a68c69c17ac5db8fd7
888,D_124_114,exact,A,,unrecognized_review,b91ff28e14cb9ed1c9bd1d0ed59287c500505adec9a63dfdff51b97ff91087b3
889,G_909_14_15656,exact,A,,unrecognized_review,47e2a3bc38b100262161091e5800b7b2ea0555071af6b0ad9f1859c8f4fad90f
890,I_216_26_14,exact,B,,unrecognized_review,20671faa49eb5d8cda592953dcaf9cc55e3e94b9e22605f721b4c71b57b7f38b
891,G_086_13_7052,exact,A,,unrecognized_review,589fadaf3291c70c708730d9ff30e248f09b081a1dfab3f015d18daa40a13183
892,G_226_13_12463,exact,A,,unrecognized_review,236b84362777ba5a3325838b333214af39e17bfed0491816a423ad5115daeb87
893,D_96_335,exact,A,,unrecognized_review,26112c83e99ce1d820218fce14e72e331eb9b94dc023ac7f238d12fd288071e1
894,G_934_13_16426,exact,B,B,explicit_text,b1c9eb7c37e675fc517b6505924533cdce16186b5f0e203bf8eff78af200a1f9
895,G_081_14_6635,exact,A,,unrecognized_review,63c11b7cc241ababac69985562cc99e679021bb01b9aa288363b18075af98cdb
896,G_175_13_11263,exact,B,,unrecognized_review,14390a4f6f59c3413acbbaee643e3b9c8226e9624c4e55d966747471f8d81e9d
897,D_36_249,exact,A,,unrecognized_review,a175280c419133b48e81b566d7525122aab89ef440476a55dc35bbb5768193a3
898,D_12_109,exact,B,,unrecognized_review,fb003c93693ee3f9b347878f80690669fd4cd56df1111e5dfd9592fcf91d4a8b
899,G_70_14_15083,exact,A,,unrecognized_review,3b41ba9c7cb8c5d6530c12eec5000c4e2ad0c48b2d4b9149a3ef6d2a23802819
900,D_290_240,exact,A,,unrecognized_review,ea53225470fdc32c704753a36f5511f7403a1c195c9023007ae85fbc0cf954d9
901,G_124_13_10098,exact,INVALID,,unrecognized_review,ab0531c9d89473e8c5af60d4621a5d5bfaa6a5b1f1ebf3cc69e20814fee801cc
902,I_63_903_13,exact,A,,contradictory_review,ec21d5f70eace43d72c0375b739de60f1f77191267ac3e2b4dc4d22e5c7e2d66
903,I_254_913_14,exact,A,,contradictory_review,a167961c8a2e67dec231d807f8deb0c50520970e9749d9a917d5d3081f517932
904,I_017_225_13,exact,B,B,explicit_text,70307be4b69e7a70d88c458081673e449d4707f68a13bbecbb8ebe60afbbf9f1
905,G_57_14_14724,exact,B,,unrecognized_review,ed3113ee584075c55ea307fc10deeb549b65fe57e2dab9413736fe6aa3aca33a
906,G_9_14_16797,exact,A,A,explicit_text,85a39ab345d672ff8ca9b9c6876f3adcacf45ee7c1e2dbd2408fd338bd55e07e
907,D_293_243,exact,A,,unrecognized_review,3470da53c13930bb8a8583de3448ca0ccbd6b491373c6d2cf7d6718c9c964a78
908,D_915_307,exact,B,B,explicit_text,70307be4b69e7a70d88c458081673e449d4707f68a13bbecbb8ebe60afbbf9f1
909,D_012_10,exact,A,,uncertainty_or_refusal_review,c17453848e9c6377cfa54ee2a0c069c759635fc08096e6113974ca06e0a3377a
910,G_086_14_7106,exact,A,,unrecognized_review,7265204c6ca58092d27d3dd8825f693112038be43821393b0023a9bfc13e4352
911,I_25_257_14,exact,A,,unrecognized_review,51a0745a7defd359cdf5a907d6d88c2a9ea649b9720b344742dacec270bab273
912,I_054_094_14,exact,B,,unrecognized_review,d2993b4c5fe4f32cc42cf66de6ec3bc2a590c9b5fdd2c87a8781ab7d0e25f54e
913,I_281_926_13,exact,A,,unrecognized_review,6c19d9aa0dffeb1f169c9a6c808e027755e43e0b2a48ea97606afb3a49344a10
914,I_123_4_13,exact,A,,uncertainty_or_refusal_review,05ca71f508d1da5a5b77a45acd14e710cb957b622adf6820c4e991a0ba5c1342
915,G_224_13_12402,exact,A,,uncertainty_or_refusal_review,7f5ff8167c1bd95b5ba68f42aef95eb799ae6f6361a171aaf351d2c1182321d9
916,D_917_309,exact,B,,unrecognized_review,19d282c2c782dce5e7f3f61f9bf25a56cf88f369754b8093299565ca0b72dd4d
917,G_233_14_12685,exact,B,B,explicit_text,b1c9eb7c37e675fc517b6505924533cdce16186b5f0e203bf8eff78af200a1f9
918,G_908_13_15620,exact,A,,unrecognized_review,c1c9f5754e0fe5933866860d4cdacef8ec95833624d66a18ddae60878f8b82a7
919,I_148_166_13,exact,B,,unrecognized_review,eb0adfb1cddacdd1a373e2aa47edd0f87801ca579e5920561cdd95593ae073b3
920,I_169_917_13,exact,B,,unrecognized_review,67b1ef43f37d72b9d185f9a71208b3065f18f9fc2bffda678ea80747d3f207df
921,I_043_919_14,exact,A,,unrecognized_review,2feda2ca941e81b37e7db73ac997d4858bcf1fbfe1319ba6d5da028a5fbdd8de
922,I_218_26_13,exact,A,,contradictory_review,c57a25329541e206312bdefef1c060c04de9e002792fc70a523d0d731312270b
923,G_229_13_12550,exact,B,B,explicit_text,b1c9eb7c37e675fc517b6505924533cdce16186b5f0e203bf8eff78af200a1f9
924,G_905_14_15534,exact,A,,uncertainty_or_refusal_review,1238796cba99bee1f5cd0c3c53ac54e121e5c7f7ecbb1ef029ff1e03f2c7e03c
925,G_033_14_2686,exact,A,,unrecognized_review,568e333908edda39e9f3e1b5ff678917089317bc5ce433954b42b6a12fb4bb9b
926,G_016_14_1334,exact,A,,uncertainty_or_refusal_review,80f5ab158e9d2eac8f441ef85bdf07295ec88a05c0ae1e1c8bfeb78c5fc21b29
927,D_906_298,exact,A,,contradictory_review,f72e8f6fb60eda667c6e02b715eb513cb0ab5f6b45d0cdd9ac93f015fa4f14ea
928,G_28_13_13818,exact,INVALID,,unrecognized_review,02d2bd9431964aa8b2ad783e447b462914641bc04e9426d0c43d58c3cf08a0b7
929,I_032_924_13,exact,A,,unrecognized_review,db7a4d38de811a109db4946e23a650640e2d9fbd76608f0de8233045b4bdd855
930,G_174_14_11252,exact,B,,unrecognized_review,a318a5279b23a4b783e3400ccea98124ba96061d006e7150c7b135958936a7eb
931,I_053_39_14,exact,B,,unrecognized_review,0ec661d5313ca978b56cb90e708a2fa0497b461ade3b171a6b65f06ba48d6ebb
932,G_089_13_7320,exact,INVALID,,unrecognized_review,fd0ad9026eee596b7072a762941f60bef57e760a230edd450b3a634825685c2a
933,D_180_156,exact,A,,contradictory_review,abc7aae8117dff3862d711228bac0649d5d1dec4446bc95ad347066b0c095210
934,I_079_101_13,exact,A,,unrecognized_review,8402a62e3131be499c7d45037ff96eabe90ed6bb34f1a99e3714e202881f92f7
935,G_005_14_357,exact,A,A,explicit_text,85a39ab345d672ff8ca9b9c6876f3adcacf45ee7c1e2dbd2408fd338bd55e07e
936,G_225_14_12452,exact,B,B,explicit_text,70307be4b69e7a70d88c458081673e449d4707f68a13bbecbb8ebe60afbbf9f1
937,G_71_14_15113,exact,INVALID,,unrecognized_review,fd0ad9026eee596b7072a762941f60bef57e760a230edd450b3a634825685c2a
938,G_088_13_7239,exact,A,,unrecognized_review,579d5b6116f159b622fc9e53db85567d9fdcdd7132513b760b951d8cc1db27f8
939,D_243_206,exact,A,,uncertainty_or_refusal_review,31c0a70b4155ecb954c4493801bcb101718a7349d52dd3ee8ca0cdf697722c6b
940,G_144_13_10545,exact,A,,unrecognized_review,c7670d0c5421866ca75b470a7765b2daf72798f51f89d409ee784cd1180e5f4c
941,G_081_13_6576,exact,A,,unrecognized_review,5fdc86eabbd4b27a25d086973dc6a9611b1c95bfc58a6727d5347391f293ea16
942,D_178_154,exact,A,,unrecognized_review,382eb5f2b5cc54edaf7b6020fc1b3173c1265c6597c009f751fa65f7c577887a
943,G_056_13_4518,exact,A,,unrecognized_review,98c5b79403a26d238358b75658510d6d9491cd397568d96100bf80d8d0f02115
944,D_080_72,exact,A,,unrecognized_review,75f850d95c09c5b34bc39a8c885599b227c1de372d800626f008c0535aea3365
945,D_181_157,exact,INVALID,,unrecognized_review,fd0ad9026eee596b7072a762941f60bef57e760a230edd450b3a634825685c2a
946,G_92_13_16275,exact,B,B,explicit_text,70307be4b69e7a70d88c458081673e449d4707f68a13bbecbb8ebe60afbbf9f1
947,G_90_13_15671,exact,A,,contradictory_review,237e7b01a56af997e4af08882296f632500f2a6302624e787050050e4339c611
948,G_226_14_12479,exact,A,,unrecognized_review,909147bee08b28c6c44c53887df0ba8885a3471510398c67a52c32e9bda4d90b
949,G_215_14_12176,exact,A,,unrecognized_review,0582601b2737d0a87c2a82c9723b5a304b901bdf324d64428969bbffcc56a77f
950,I_096_200_14,exact,B,,unrecognized_review,d22ce0aeb914715b5a034692b5c4a352057077e6ce2554c23b76401561d4c9da
951,G_242_13_12786,exact,INVALID,,unrecognized_review,32ebb1abcc1c601ceb9c4e3c4faba0caa5b85bb98c4f1e6612c40faa528a91c9
952,G_903_14_15477,exact,A,,unrecognized_review,7d6a024d30cb77c2d45bd6d9d66e6f4b1a4f8115445abddee2cf9d3c1f25a1f4
953,G_28_14_13831,exact,B,,unrecognized_review,db70397aedca9fd2404b40ac2786ef86a6f10759542f6859b69243aab2d0826b
954,I_292_906_14,exact,B,B,explicit_text,70307be4b69e7a70d88c458081673e449d4707f68a13bbecbb8ebe60afbbf9f1
955,I_109_246_13,exact,B,,unrecognized_review,19d282c2c782dce5e7f3f61f9bf25a56cf88f369754b8093299565ca0b72dd4d
956,G_933_14_16415,exact,A,,unrecognized_review,639d28a8b8742feeb0b9e1557095b393e9aff4e6cd2dfa0bee8c290281a0b778
957,I_001_098_13,exact,A,,uncertainty_or_refusal_review,ac8a2dff3df882ac1372d305f954126d3af10480b37754cbc6e4aed2a0238e37
958,I_16_937_13,exact,A,,unrecognized_review,9c855eb38b467e7d58b63b34dc38be639ff669d84bf5f620cac5130f54fb4e59
959,G_36_14_14130,exact,A,,unrecognized_review,589fadaf3291c70c708730d9ff30e248f09b081a1dfab3f015d18daa40a13183
960,G_039_14_3132,exact,A,,unrecognized_review,0796ce1bf7bd9b8b7d5f4db29c1552db9bc59acaf00fecccddb9376eefbb80e1
961,I_055_083_14,exact,B,,unrecognized_review,a18a4a2b7edeb60e3ba348c6b8ddf24809b3e4148eafb47ed122d527e8804341
962,G_192_14_11701,exact,A,,unrecognized_review,97873dee88f2660d38931aec1ca7f6bfb94969c6caf7cd1ecadeee99838aa7fb
963,G_190_14_11635,exact,B,B,explicit_text,84f0c45b1fccd8a3c3b9d08f814978695444375fee7e814c4c721c86ce223047
964,I_001_231_13,exact,A,,unrecognized_review,486e9928fd1b57f071986963e0cf2e624d7d52eee144cc5661cc592a7d11c85e
965,G_62_13_14867,exact,A,,uncertainty_or_refusal_review,1af679d7932db3c1c7d8466bddcc786771b693b5a8c6d6a824971c4413bdca7e
966,G_185_13_11510,exact,B,,unrecognized_review,0138890be98b5765fcb2a02c2fb86a3303c7b762e9b5cbdece678172e12cc475
967,D_005_3,exact,A,,unrecognized_review,967d634d04d99f27330f45976bba4515e88b8ce481672a6ae669d3bb78e4d280
968,I_116_261_14,exact,B,,unrecognized_review,19d282c2c782dce5e7f3f61f9bf25a56cf88f369754b8093299565ca0b72dd4d
969,D_120_110,exact,A,,unrecognized_review,ca964c457686ca9d2ae1ab9a192301b8793ad2dbb0f98418e9d1516864f87672
970,I_010_72_14,exact,A,,unrecognized_review,a208601c99db2cb06318f0fddb3a8880f51eae3b7dadb18efd7a9a9d1304e139
971,G_189_14_11584,exact,A,,contradictory_review,eb04975e4ddb12fe18b5188295361a4112441fdff4fe6a7a6339df0ae7fed11a
972,G_171_14_11165,exact,A,B,explicit_text,45074ee3f5a5b65eea40187ec57a731c1b5cfc2cf4845fcb8351fb51ed0eeb17
973,I_016_124_14,exact,INVALID,,unrecognized_review,fd0ad9026eee596b7072a762941f60bef57e760a230edd450b3a634825685c2a
974,D_95_334,exact,A,,unrecognized_review,8d9c2e1d8e6ccabf04c61ebf749d76effb13ebff3b77b30f9d9ce3bb91cd629d
975,G_261_13_13299,exact,A,,unrecognized_review,41d484e42b6cada55e4eaf55281f0b56f20a5f38bcbe050b03ece30ae00174e0
976,D_281_233,exact,A,,uncertainty_or_refusal_review,bc883f636db6f1fcbc292fcfb09984ef750e84aaf87687b671a7df789011ae8d
977,I_135_299_14,exact,B,,unrecognized_review,a17bc7b04e157a03b426cd295377d9ed938e823fac6f8c317b575a4c962cc83b
978,I_058_22_14,exact,B,,unrecognized_review,0e298fec846760ddb092b93529c9229fbd531d19f72200b309b58ad56e46b856
979,G_017_14_1431,exact,B,,unrecognized_review,be58c9ea5b526f73a8e90787226ddc6ddb5380b36d84fa0cc24dc2f226c8f1dd
980,I_027_053_13,exact,A,,unrecognized_review,b839c8bf54e7c364313e90aacaa3251f2e11a05aac89621a11160beb39d0d9e2
981,D_907_299,exact,A,,uncertainty_or_refusal_review,ed558140b6681256b6577b3a28cea24c322d07b4022e93c36a903256877b22ad
982,I_008_25_13,exact,B,,unrecognized_review,3b240aa90b47a703e108d2319cd6728540153cc4862a7bb040331bf9edc0f91e
983,I_098_169_13,exact,A,,contradictory_review,0cae93dcbbabb94bc76f563da0fada8f465843882b7d3a207601aee713ec6b19
984,I_031_033_13,exact,INVALID,,unrecognized_review,0e77e68ba5473d98840c3212f4a8cb801226494f1162c8001a9f4ed7b00cbaa8
985,G_094_13_7749,exact,A,,unrecognized_review,2fdd3d473bf6c7f1aa52df13da92024d4debb2bfd0fa31710831ea8549af618a
986,G_48_14_14494,exact,A,,contradictory_review,61aaa2b51a652e95e51e04ab2b0a90d1e41ceb010df1e6fb21c624a70331a029
987,G_220_13_12308,exact,A,,contradictory_review,eb4b3da7b08f93b644ca2354c2a3d52ef44836c5567f14297e41a3bc28855920
988,G_130_13_10287,exact,A,,unrecognized_review,5f48b7b23f1aa108b056729b31ca3809bb6bca6131eeff9f8701a41ef3fa27b0
989,G_39_13_14197,exact,B,,unrecognized_review,a318a5279b23a4b783e3400ccea98124ba96061d006e7150c7b135958936a7eb
990,I_049_83_14,exact,INVALID,,unrecognized_review,192af065e096bb4bfe44608d6874590f9613e91f042ded152b779a98f8431073
991,G_259_14_13232,exact,A,,unrecognized_review,47b2fd734e865399085b3ec13450f9d1f13d3afbdc312b3fa1f8a904f5dcdf78
992,G_47_13_14444,exact,A,,unrecognized_review,0037df6431cec80a7ca3b5f8a07a9df372ecd62112f880e0a152afa87ac82446
993,I_049_102_13,exact,A,,unrecognized_review,67dfc5adb99fdfe4ccf82d77086d674ec0acf4607bfb1f5268822ba0334cb69f
994,G_064_13_5229,exact,B,,unrecognized_review,8a8b3bfb99f7dfed31f7be3b6fecaa349652554f06416e0740d4ddfc137ec90f
995,I_38_65_13,exact,A,,unrecognized_review,dfb7ffc36b79702cb7b821764343d0e19f54005ae1e250ffb1d56d9bcbd6bf67
996,D_116_105,exact,B,,contradictory_review,bccaef74f24e43b39c2aeace4ae4a940c5fd0f30e577f45cffd7673e6dba3aab
997,I_005_31_14,exact,A,,unrecognized_review,589fadaf3291c70c708730d9ff30e248f09b081a1dfab3f015d18daa40a13183
998,D_163_142,exact,B,,unrecognized_review,bfc5f6a8de7aa9b1167bab74c3d3b194e9b237111c5aee5ddf2775a1bf441309
999,I_027_83_13,exact,A,,unrecognized_review,ccfa3593a9b3eed8aa0b9fe8cf05272ab65867974f8784ec3e5f7c4b669fd047
1000,G_034_13_2711,exact,B,B,explicit_text,70307be4b69e7a70d88c458081673e449d4707f68a13bbecbb8ebe60afbbf9f1
1001,G_051_13_4058,exact,B,,unrecognized_review,1a405ae76bf2e821b8cdbd3afbd5ba84e7ec635fb4782326f7c5ba11caaa034b
1002,I_249_905_13,exact,B,,unrecognized_review,08aeb0f5ea396f28fb6d2fe701ae6ebdda9bc343f7ec5896be44882152c24c1c
1003,G_90_14_15693,exact,A,,unrecognized_review,d822dbeb70595a091c977c0755965a4220733f89c8f9b2d955b642f5cf21e0af
1004,I_080_109_13,exact,A,,unrecognized_review,7722b633213fef03f527e54820c821c52d7acbb5045716ab2f52fa10641ef30c
1005,I_020_056_13,exact,A,,unrecognized_review,9454de344440a62f7faa13f110c2437f860922256fd6a186cfd3e816b049e627
1006,I_29_88_14,exact,B,B,explicit_text,38178a20b470cfd18299fb1593dd4ba706f1a83321dac051d01086efd8b7a96f
1007,I_174_283_13,exact,B,B,explicit_text,1ea442a134b2a184bd5d40104401f2a37fbc09ccf3f4bc9da161c6099be3691d
1008,D_022_20,exact,A,,contradictory_review,ba19dad27b2ca7bb66512c13bcfa59c0a68d7d229f9513237e9f1fdef4231541
1009,I_024_160_13,exact,B,,contradictory_review,ed4b58bc2d84a0ea270d271d8f3230e6fe2f364970306d8a4a9abc80cb5814ef
1010,G_090_14_7428,exact,A,,unrecognized_review,260c54fe5cf92878a98ca3764f7470082d36fbff8814efb58215b859f11cf47a
1011,G_285_14_13737,exact,A,,unrecognized_review,4af8f4cf5c5f798a5ea7e1f1a3d1a7f9cc39fff734bbef9b306d772ecb8cf1dd
1012,G_928_13_16220,exact,A,,unrecognized_review,a999ee7cf0226bfa00cc9c7670688026d8846930dfe0ed7e8f0eb46bc9ce68b6
1013,I_125_935_14,exact,A,,contradictory_review,abc7aae8117dff3862d711228bac0649d5d1dec4446bc95ad347066b0c095210
1014,I_212_42_14,exact,B,B,explicit_text,70307be4b69e7a70d88c458081673e449d4707f68a13bbecbb8ebe60afbbf9f1
1015,G_59_13_14774,exact,A,A,explicit_text,85a39ab345d672ff8ca9b9c6876f3adcacf45ee7c1e2dbd2408fd338bd55e07e
1016,G_260_14_13281,exact,A,,uncertainty_or_refusal_review,8e16b3e652a1781528319be75d837569f2d4ffc9cb2920d05b06b2455e351671
1017,I_031_157_13,exact,INVALID,,unrecognized_review,158a842a72e31dd6fa130276f5d4e7b5a1815bc511b37915709f4105eae2fad2
1018,I_174_198_13,exact,B,,unrecognized_review,0138890be98b5765fcb2a02c2fb86a3303c7b762e9b5cbdece678172e12cc475
1019,D_49_262,exact,A,,unrecognized_review,e654fb6aa821a16c50867e9fe335f023c6522295cc7f2022e232186205405d82
1020,G_216_13_12183,exact,A,,unrecognized_review,49cee771453fbe37697a5830bd9971715e4a7ac8ad2ccae1ac926fb59d247a3f
1021,I_188_46_14,exact,B,,uncertainty_or_refusal_review,f83caa3e2229350c16526598667b833cbea8633913060eb952ab7dbf65b90ddc
1022,D_28_231,exact,INVALID,,unrecognized_review,fd0ad9026eee596b7072a762941f60bef57e760a230edd450b3a634825685c2a
1023,I_228_257_14,exact,B,,unrecognized_review,ce66c6da6e0ba6fd9192ea4138dac842b4cdce93be5550a68c69c17ac5db8fd7
1024,G_143_13_10526,exact,B,B,explicit_text,70307be4b69e7a70d88c458081673e449d4707f68a13bbecbb8ebe60afbbf9f1
1025,G_241_14_12781,exact,B,,unrecognized_review,19d282c2c782dce5e7f3f61f9bf25a56cf88f369754b8093299565ca0b72dd4d
1026,G_166_13_10993,exact,A,,unrecognized_review,6336f1564d4dc313b64b85622f02b83142b4d6b369402509422c8f9dec160535
1027,G_258_14_13176,exact,A,,unrecognized_review,f0ce59ac103dcf56b4948a4b2c75002dae75ab8522be98a2054d7135d1ca2e50
1028,D_089_81,exact,A,,contradictory_review,6f1e6f899fece53a52e769bd97a24c15796ee2fc7d14e030c2a112238d46d9e8
1029,G_72_14_15141,exact,A,,unrecognized_review,6ff37ba5547fcdc0ba73b3595c040234490dd8a0b2f3f4fa1da8d38bad412ff9
1030,G_203_14_11942,exact,A,,unrecognized_review,b983a49f419c889603e9b0dc4f75082edfb2794f4352df1d313f714224bcdd07
1031,G_18_14_11610,exact,B,,unrecognized_review,ce66c6da6e0ba6fd9192ea4138dac842b4cdce93be5550a68c69c17ac5db8fd7
1032,I_117_65_13,exact,A,,unrecognized_review,620149e6eb74b2597b031f472765116156e99a6090ff4f9c2285af4bd9696481
1033,I_062_95_13,exact,B,,unrecognized_review,19d282c2c782dce5e7f3f61f9bf25a56cf88f369754b8093299565ca0b72dd4d
1034,G_16_14_11106,exact,A,,unrecognized_review,4e7c3d483f56d105b448e78da54d5166d259935e99666bffb24661bec9e353f3
1035,G_21_13_12285,exact,A,,unrecognized_review,7bcd5af766e9734ea1055efd9b2eee07cd1a543ede08d7e701033170a9f4bc51
1036,G_83_14_15318,exact,A,,contradictory_review,701480050c6fbdde20a1b53b90ef580d9ebe0075ef6d332ef5c6da252103346a
1037,D_105_95,exact,INVALID,,unrecognized_review,32ebb1abcc1c601ceb9c4e3c4faba0caa5b85bb98c4f1e6612c40faa528a91c9
1038,G_112_13_9782,exact,B,B,explicit_text,84f0c45b1fccd8a3c3b9d08f814978695444375fee7e814c4c721c86ce223047
1039,I_173_209_14,exact,A,,uncertainty_or_refusal_review,4e6d6c83fa10d2da9360c34019330b9bbcdd8cff6799ae70c52958c5cbff013b
1040,D_908_300,exact,B,B,explicit_text,b1c9eb7c37e675fc517b6505924533cdce16186b5f0e203bf8eff78af200a1f9
1041,I_008_124_14,exact,INVALID,,empty,e3b0c44298fc1c149afbf4c8996fb92427ae41e4649b934ca495991b7852b855
1042,I_014_172_14,exact,B,B,explicit_text,70307be4b69e7a70d88c458081673e449d4707f68a13bbecbb8ebe60afbbf9f1
1043,G_167_13_11036,exact,A,,unrecognized_review,acb78c89d8b4efcbe5f2365de35fcd5da8d43275720309262b2f3a91d8315235
1044,G_128_13_10186,exact,A,,unrecognized_review,1383642c4e6039086ed03d044964477f81ec34c72573ae2d1c312d82aa6cd9d4
1045,D_015_13,exact,A,,unrecognized_review,40a63989d01f4f674e9abc8c0efda6d97b6305f9d8b21e3793d5848b6e3351ad
1046,D_245_207,exact,B,B,explicit_text,70307be4b69e7a70d88c458081673e449d4707f68a13bbecbb8ebe60afbbf9f1
1047,G_009_14_680,exact,A,,uncertainty_or_refusal_review,2348facae77e555cb472a31d80577ff0a73bd503dbe1cc957bd5c689d7c4d14b
1048,I_169_246_14,exact,A,A,explicit_text,85a39ab345d672ff8ca9b9c6876f3adcacf45ee7c1e2dbd2408fd338bd55e07e
1049,D_057_51,exact,A,,unrecognized_review,1e7fae03b45dbb3bd3655a68e0b50f15db6b27060cb5e163510f5de2d5ea6d93
1050,G_63_14_14910,exact,A,,contradictory_review,7b0621be1176735943b4eb4b36e69164e3f6d39d3481fb350a93e09bd2375f06
1051,I_033_50_13,exact,A,,unrecognized_review,e7675b1966c7b483ca5e5df22316ab0473e6744c15f2d4860c71bde83a5a70fd
1052,D_017_15,exact,A,,unrecognized_review,6028e8aa79f6bf50649c48ecb10548bb49a663e705ea078cdb2b4b1916adad47
1053,D_064_58,exact,A,,unrecognized_review,6abec4188589fd96dee0a90b0d3c0bd4a5e91204b063808151f705ef3904df92
1054,G_023_14_1965,exact,A,,unrecognized_review,5b1f3e12ebeebd2956f431933643f43a00ef7372123e375b3efb59f5825e5f81
1055,I_037_29_14,exact,A,A,explicit_text,85a39ab345d672ff8ca9b9c6876f3adcacf45ee7c1e2dbd2408fd338bd55e07e
1056,D_037_32,exact,A,,unrecognized_review,5bac8f1caa7b05e33d544068f9d2b8d9520b51cd71e7947c20e89ea5f7ade895
1057,G_99_13_16752,exact,A,A,explicit_text,85a39ab345d672ff8ca9b9c6876f3adcacf45ee7c1e2dbd2408fd338bd55e07e
1058,G_079_14_6445,exact,A,,unrecognized_review,eb13b4dfbb50cd1b297f3c8e5e7795e32f42c795b656cb275e46c007336f94df
1059,G_079_13_6400,exact,A,,unrecognized_review,fab5a2ac29a3ff8d0a2479f4bba810c94b33cc94b556076f3b3ca8e246fe9abc
1060,G_283_13_13665,exact,A,,unrecognized_review,d583094709adaa119d57f665332539d7932d67d4cc802b1a4ede97ff2d1426ac
1061,I_28_49_13,exact,A,,unrecognized_review,29b28c6f76372feb360ad00407327d7a06623f75603f115d28c28f060588a155
1062,G_82_14_15304,exact,B,,unrecognized_review,6aa4161919b707757cbcdd30d64ca9bee1d1f49085c0ba83d55bf5bd805701db
1063,G_51_13_14587,exact,A,,unrecognized_review,2c628beecc05c9ae4281b8dc7daeb2be91be588a949e2d8adb3f9db00bff85e6
1064,G_53_14_14637,exact,A,,contradictory_review,eb4b3da7b08f93b644ca2354c2a3d52ef44836c5567f14297e41a3bc28855920
1065,G_228_13_12518,exact,B,B,explicit_text,70307be4b69e7a70d88c458081673e449d4707f68a13bbecbb8ebe60afbbf9f1
1066,G_26_14_13466,exact,B,B,explicit_text,70307be4b69e7a70d88c458081673e449d4707f68a13bbecbb8ebe60afbbf9f1
1067,G_099_14_8164,exact,INVALID,,unrecognized_review,c977dbe785221d34114d345fdf8ff4e18bb4af66750751dbea29407f9738735f
1068,G_106_14_8873,exact,A,,unrecognized_review,b3132786b58ecc423be36fa8e2fb1a574113d4443f3463bde6e491caa115c8bf
1069,D_38_251,exact,INVALID,,unrecognized_review,fd0ad9026eee596b7072a762941f60bef57e760a230edd450b3a634825685c2a
1070,G_040_14_3214,exact,A,A,explicit_text,85a39ab345d672ff8ca9b9c6876f3adcacf45ee7c1e2dbd2408fd338bd55e07e
1071,I_055_35_14,exact,INVALID,,unrecognized_review,158a842a72e31dd6fa130276f5d4e7b5a1815bc511b37915709f4105eae2fad2
1072,I_100_270_14,exact,A,,contradictory_review,a221093a6b1b8fc9d7b5dde889d6e18f17642ae7fa74ba9a5639f92bb45fce18
1073,G_44_13_14386,exact,A,,unrecognized_review,27b5e033780f0fc559991ee8647cd4b6aeb29ee21392577f6605cec16cac3323
1074,G_53_13_14627,exact,B,B,explicit_text,b1c9eb7c37e675fc517b6505924533cdce16186b5f0e203bf8eff78af200a1f9
1075,D_092_84,exact,A,,contradictory_review,957dca926b62239d62f9121371fd14b81fdf356cdcd3a951c36636cacdfbdd9f
1076,D_111_102,exact,INVALID,,unrecognized_review,158a842a72e31dd6fa130276f5d4e7b5a1815bc511b37915709f4105eae2fad2
1077,G_111_13_9623,exact,A,,contradictory_review,45e90ba0e414071e5552f24af69286e91cda6f75022b382b5a8fce6f857bfcfa
1078,I_171_905_13,exact,A,,contradictory_review,a1082ede4f8efbcb47f9501198abe4c668d46887772da72b7ea137e2d8845d13
1079,G_918_13_15954,exact,A,,unrecognized_review,d0c2e48d604386c02b33affb45ed78048537e2b469d6151e7a5a735a19fd3cd8
1080,D_061_55,exact,A,,unrecognized_review,5d2ced81e780f171d1cee8d100fca8840d5772a41f954ef2146d77b1f246d7ad
1081,D_200_172,exact,A,,contradictory_review,b00de52a946aae80b32722852edf2944f859d2cdf8b71b7ae4caae2f7dc6e8b1
1082,G_173_13_11214,exact,A,B,explicit_text,45074ee3f5a5b65eea40187ec57a731c1b5cfc2cf4845fcb8351fb51ed0eeb17
1083,D_62_273,exact,A,,unrecognized_review,958d8539b2d03627e7b2c820d8ad4e428d073ae51a789ff04cf8109225d8feca
1084,I_253_281_14,exact,A,,unrecognized_review,00999ef77ebba7dac41b9a17b8024b601eacaf3782bcf76bd2a1be25242e6ef8
1085,G_155_14_10781,exact,A,,unrecognized_review,13f72b9dbef8b6366d35d5956c2063ca09150c319dbf107d941a44d4eb081013
1086,G_44_14_14393,exact,A,,unrecognized_review,73952e0a18cb3125c28fd163136629329d9e8ef9bf2be281a2d176f29ad8f94a
1087,G_925_14_16144,exact,A,,unrecognized_review,a9830bde02c808489534e8b8c1fefee62955d9f8dd86423ee045814132998414
1088,G_132_13_10308,exact,B,B,explicit_text,70307be4b69e7a70d88c458081673e449d4707f68a13bbecbb8ebe60afbbf9f1
1089,G_915_13_15852,exact,A,,unrecognized_review,582169dc6d4416b065b14f917536669b9c6658c83297c09d2504b76249077b82
1090,I_061_88_14,exact,B,B,explicit_text,b1c9eb7c37e675fc517b6505924533cdce16186b5f0e203bf8eff78af200a1f9
1091,G_100_14_8348,exact,B,B,explicit_text,70307be4b69e7a70d88c458081673e449d4707f68a13bbecbb8ebe60afbbf9f1
1092,I_060_56_14,exact,A,,unrecognized_review,9793138b65aedd8ac94c4e21e2468c951785dc2ecb225329f3afd236d0b6352b
1093,D_209_178,exact,B,,unrecognized_review,0138890be98b5765fcb2a02c2fb86a3303c7b762e9b5cbdece678172e12cc475
1094,G_069_14_5732,exact,A,,unrecognized_review,f02e7967a2f777292a8a4163a361b2e093768f24a5ee4c64079a620354e55665
1095,I_011_257_13,exact,A,,unrecognized_review,dae2515ca77afa402be78f62d59b7a92103794ed75147c0eefe876f02c2a88f7
1096,I_164_220_13,exact,B,B,explicit_text,b1c9eb7c37e675fc517b6505924533cdce16186b5f0e203bf8eff78af200a1f9
1097,G_198_14_11817,exact,A,,unrecognized_review,b9d12c6cd6f3218ff899a0d031605f175c47611c0330098e2d6858d40604ccb6
1098,G_213_13_12101,exact,A,A,explicit_text,85a39ab345d672ff8ca9b9c6876f3adcacf45ee7c1e2dbd2408fd338bd55e07e
1099,G_040_13_3185,exact,B,B,explicit_text,0114f7e9710aac21cd974a8a655e12599fab2012871193dfad40495b9d9455e8
1100,G_096_14_7880,exact,A,,contradictory_review,260b55b4a83a4fa95bbb049c1f17e4959ff06cd0fb017ec342a934dc73a8add8
1101,I_215_926_13,exact,B,B,explicit_text,b1c9eb7c37e675fc517b6505924533cdce16186b5f0e203bf8eff78af200a1f9
1102,G_177_13_11298,exact,A,,uncertainty_or_refusal_review,ab556ae793d1896eae131b52073a536dff014b28f9745271f90432d34e6c149c
1103,I_263_48_13,exact,A,,uncertainty_or_refusal_review,c3e8690ad45267ee338fe787bcb70e70524a735ee5be4c85c059abba61dd5ddc
1104,I_145_148_14,exact,B,,unrecognized_review,676bc117606852549088734414f18ca18a43e9092a33f45c5dde43a58a02387b
1105,G_931_14_16357,exact,B,B,explicit_text,70307be4b69e7a70d88c458081673e449d4707f68a13bbecbb8ebe60afbbf9f1
1106,I_256_284_13,exact,B,B,explicit_text,b1c9eb7c37e675fc517b6505924533cdce16186b5f0e203bf8eff78af200a1f9
1107,I_35_41_14,exact,A,,unrecognized_review,3513f0c007482b6720c0aa8f1b19658e609b6f3781eb073b86ce5a8ceae176da
1108,G_904_13_15485,exact,A,,contradictory_review,49b4be0c51dfaa5e8162fec75621f48a07a5f01a0c094cec5a8c8e26b579e220
1109,G_043_14_3378,exact,A,A,explicit_text,85a39ab345d672ff8ca9b9c6876f3adcacf45ee7c1e2dbd2408fd338bd55e07e
1110,I_122_935_13,exact,A,,unrecognized_review,e5724fb95f26b02bb38b95dea6ed36b2ef6d38325c8c251e0a9eab1ff5709664
1111,G_169_13_11059,exact,B,B,explicit_text,70307be4b69e7a70d88c458081673e449d4707f68a13bbecbb8ebe60afbbf9f1
1112,G_145_14_10602,exact,B,,unrecognized_review,cf6d42967651ef6a24350aa81ef1a1697a5b1350259c69efe2c0cd8c16841796
1113,G_173_14_11218,exact,A,,contradictory_review,d13b5c09d75fe0bfd65d1ff0165b265a7e798e1ed675d7b8c1000a0b6504fd9c
1114,I_128_283_14,exact,B,B,explicit_text,70307be4b69e7a70d88c458081673e449d4707f68a13bbecbb8ebe60afbbf9f1
1115,D_084_76,exact,A,,contradictory_review,4322416dec1ac6b64c91ae0031874d0429d7a0e58e39f9e70183fec2dbb28b72
1116,D_086_78,exact,A,,unrecognized_review,f9a783272a1739a99efc5a53083e0d513b440d9352f2cee2860f562c18062aa8
1117,G_080_13_6508,exact,A,,uncertainty_or_refusal_review,c660ac91414fac1d6e17a1deb9152484a89ed84f709ea63032470188370d9e1c
1118,I_285_96_14,exact,A,A,explicit_text,85a39ab345d672ff8ca9b9c6876f3adcacf45ee7c1e2dbd2408fd338bd55e07e
1119,G_197_13_11773,exact,B,,unrecognized_review,e6605f6029a86706725ff67a654151e1737720a96e5a79790e5dc830e9d51a27
1120,D_125_115,exact,A,A,explicit_option,559aead08264d5795d3909718cdd05abd49572e84fe55590eef31a88a08fdffd
1121,I_012_112_13,exact,B,,contradictory_review,9f48f17c7d34bee66f434382da24280a17c351ede47c73179963c609398e6d8b
1122,I_041_110_13,exact,A,,unrecognized_review,83ead8a46d0153e0665f3ba6e500a4447cb44ec2d78977d16b9c385401c3d466
1123,I_209_36_14,exact,A,,uncertainty_or_refusal_review,c79d878d50c7ac73118b78e6c24358d377df5a7c266c667937cd5002c9ab5383
1124,I_12_180_13,exact,B,B,explicit_text,b1c9eb7c37e675fc517b6505924533cdce16186b5f0e203bf8eff78af200a1f9
1125,G_038_14_3030,exact,A,,contradictory_review,5e5c8e3afcfaf9bc5d978d3ef03c4abc5842d51296eacf4d67f3914cbc84093e
1126,G_194_14_11729,exact,A,,unrecognized_review,a82ebf1b1716c55ced71af5c7f4638eaa631befe6dcd507246f7238fa20b2b63
1127,G_031_13_2459,exact,B,,contradictory_review,0d54cff6e9324ae0067246e9aeb983e5147831623f31beab522945674875563d
1128,G_050_14_4019,exact,A,,unrecognized_review,1b7eb48d7e232ff9ea35d3506633e78c826047a0005bf8df28326723cc642167
1129,G_184_13_11479,exact,A,,uncertainty_or_refusal_review,1f478e2c5d51be742d5abad2201788b1556286eeabcfc5d0ca2e9f542bf6dcc9
1130,D_242_205,exact,B,,unrecognized_review,8a8b3bfb99f7dfed31f7be3b6fecaa349652554f06416e0740d4ddfc137ec90f
1131,G_3_14_14245,exact,A,,contradictory_review,8ee936e4aff52201ba0cb2e14ad2fd77496994877f6d6d11f7bb2cb224a8a386
1132,I_135_938_13,exact,A,,unrecognized_review,02743f39b45d5c27f082d0edb793b60691661322a9805baab73b72e0cb54be29
1133,D_71_281,exact,A,,uncertainty_or_refusal_review,4ac6e858c88f1e78738ad04b4a7eb5cf5eaab1a59e4e72bac52e63326f5551a0
1134,I_184_931_14,exact,A,,contradictory_review,abc7aae8117dff3862d711228bac0649d5d1dec4446bc95ad347066b0c095210
1135,I_014_123_14,exact,A,,unrecognized_review,6d68be15fe643dc29e61fe333f9eda9f0eec2728bd9e037018401272385c3d7e
1136,D_143_128,exact,A,,unrecognized_review,506e5c393cb516e7577a8b7d5343f3c9e74cb573ffab937634b9d3218349741a
1137,G_267_14_13404,exact,A,,uncertainty_or_refusal_review,14ddb781c2e091b919ac454b2e34576bcac55c3f858ea4ed893b0d522fdf69ab
1138,G_206_14_11999,exact,A,,unrecognized_review,22de9469b6202d037a51ffd79c882ebdfd8239dff5db96ad4e7b7544605c36cb
1139,I_016_292_14,exact,B,,unrecognized_review,7b8502ee542f20a82cbd23f305fde8675153107261f36660fa3247df97df3841
1140,I_083_090_14,exact,INVALID,,unrecognized_review,fd0ad9026eee596b7072a762941f60bef57e760a230edd450b3a634825685c2a
1141,G_60_14_14819,exact,A,,uncertainty_or_refusal_review,39ddc6273d8b852da188386f4c27e8d06640d727566c573dbc0ea355c1b6dde8
1142,G_254_13_13089,exact,A,,unrecognized_review,eb4a24c8ddf87e51f891d8e152f7c0e3965a4eb14d9e186f46a3c683f8ddab64
1143,D_54_266,exact,INVALID,,unrecognized_review,c7eac9d09bd46202d9f21bfea7ff35e9eacb923837487b1835626a7a6561647d
1144,G_135_14_10362,exact,B,,unrecognized_review,fb003c93693ee3f9b347878f80690669fd4cd56df1111e5dfd9592fcf91d4a8b
1145,I_253_59_14,exact,A,,uncertainty_or_refusal_review,0322d633959bd4993985d59ae8980164e9b8f58dbb4c16d4bb304829330498c2
1146,G_59_14_14792,exact,A,A,explicit_text,85a39ab345d672ff8ca9b9c6876f3adcacf45ee7c1e2dbd2408fd338bd55e07e
1147,G_281_13_13637,exact,A,,unrecognized_review,c823de5c567c400b62b89912c851025923ee3a39b9a937d9baa16ad679dbcb45
1148,I_081_171_13,exact,B,B,explicit_text,70307be4b69e7a70d88c458081673e449d4707f68a13bbecbb8ebe60afbbf9f1
1149,D_900_292,exact,B,,unrecognized_review,13afee1e9a42545a88c6165ddd312e9a78addfe571bee95f4cfade63c45f2be7
1150,I_919_935_14,exact,B,,uncertainty_or_refusal_review,3b98fa28f2eb2e0206e0a70423f92708cee4486089efdff2cb580fd899f9fb8a
1151,G_937_14_16538,exact,A,,uncertainty_or_refusal_review,0fbe24068240a1e0fa081e35a1c1480f79af0eb060361c17c6503aa90c784620
1152,I_14_907_13,exact,A,,uncertainty_or_refusal_review,981f0664f2e82087e8f1fe39872df8f5f0c737f4e77dce90ba19e9b194d9967d
1153,G_085_13_6946,exact,B,,unrecognized_review,af2ecd432529b5aefd3a073195b3b1ac938a2cd293d9bf3f3dbde50a95a257e6
1154,D_196_168,exact,A,,unrecognized_review,203e0f395ac2a55a70c9dae7ade81d0c8771679546086d47bb8fda5798916c09
1155,G_246_13_12879,exact,A,,unrecognized_review,c5396d3de6d6779e2603223ffc456d8d08e62d702ea05deb3ef71aab33d49b36
1156,I_045_085_13,exact,A,,unrecognized_review,209f6e40f21a653c076e0206b6465fc1992af70bd6ef4d8038fbe9c21e00767c
1157,I_025_937_14,exact,A,,uncertainty_or_refusal_review,eefda5b09d4321e69851ad7329c6b644f4a98fd62c68208ae91f13148455347f
1158,I_223_94_13,exact,A,,uncertainty_or_refusal_review,401456d9a8e5f8d2311704f98edb0e7de5473f5ce84804d9ee7c0629246a5ac5
1159,D_019_17,exact,A,,unrecognized_review,0e87fed09fd955e130a58971f109f92d3b981aa98d1fc17d5106b84bc53a2bef
1160,I_163_223_13,exact,A,,unrecognized_review,e152da0104474a79ebdaeadb3e65f6c649cc4678638e5091801db4e0861c2b73
1161,D_198_170,exact,B,B,explicit_text,aed53647f8e7faae259182604b78104d4031fa6e48cacc54ece185cedba39b17
1162,G_032_14_2606,exact,A,,unrecognized_review,ef1d993c6b8ecc4c686d7433b9a714db0fcd797525a3b4676a1972fac333421a
1163,I_001_925_13,exact,B,,unrecognized_review,0138890be98b5765fcb2a02c2fb86a3303c7b762e9b5cbdece678172e12cc475
1164,I_232_67_14,exact,A,,uncertainty_or_refusal_review,26935c842e451289413bfea972cf94a306a98088c663c0adeb907986f34526c4
1165,G_43_14_14369,exact,A,,unrecognized_review,e0bdd1a793fd7087064d2bc413c52c67b2184c302071c18694f7f63bc6eb1f03
1166,I_11_27_14,exact,A,,unrecognized_review,c66dd11485fe22fea4ed1b825f0d48ac21ce7d978729a4045db463ef8d79d00f
1167,D_070_64,exact,A,,unrecognized_review,0d029036e6e7a3ab8611436d56b3a9026af09396e34cc763947bd5927773f3f5
1168,I_066_39_14,exact,A,,contradictory_review,ec7bfe6b353e77c5bfecbb8ea59c01510fa144a2f5bb44bab30d396955d367c4
1169,I_072_110_13,exact,A,,unrecognized_review,d6be6dfd1b2193277174d8c7eb088cc7a0ccd3cbcfaa8cd47c4bf458baf8393a
1170,G_227_14_12505,exact,INVALID,,unrecognized_review,32ebb1abcc1c601ceb9c4e3c4faba0caa5b85bb98c4f1e6612c40faa528a91c9
1171,G_257_14_13172,exact,A,,contradictory_review,61f7ac74edd5fe492096ed8526fd1951d4fdf8afd39a6cc304a73aaa31decbef
1172,G_88_14_15356,exact,B,,unrecognized_review,a5993c89bf18314e7fa92a12d1b947a40d0c609eb0c3824ce38a6556c563bea2
1173,I_226_64_14,exact,A,,uncertainty_or_refusal_review,3d1a1c58663a5ae5d7217b08f7f876a1592b9fbf09cc5743bbf5b27ccef2e524
1174,I_022_108_14,exact,A,,unrecognized_review,cf7459f9753b82c3878fade0360d5239f1423ab7be0f81dda66e858a0308bfbc
1175,D_108_98,exact,INVALID,,unrecognized_review,fba9c0cd04380a7c62423e80662340663dd6b83b3f22ee843b499c961e8e5d42
1176,G_078_13_6338,exact,A,,unrecognized_review,172054de1fe42b61e689c5ba7531488f4d527f0f6873d43248ff453c3574cc6a
1177,D_207_177,exact,A,,contradictory_review,8ddacc9302de89b3b0f493d1b4834ff63b723f8571c875acae18aea3a162bed3
1178,G_143_14_10537,exact,A,,unrecognized_review,b76ae68b023ca13a2b861dd8ef8f9055dcb96cdf3d0a13804250dddfdb1c48ed
1179,I_067_25_13,exact,B,B,explicit_text,b1c9eb7c37e675fc517b6505924533cdce16186b5f0e203bf8eff78af200a1f9
1180,I_071_929_14,exact,B,,unrecognized_review,ce66c6da6e0ba6fd9192ea4138dac842b4cdce93be5550a68c69c17ac5db8fd7
1181,I_11_258_14,exact,A,,unrecognized_review,996a7172cd2bb5c60166a9bca0e11c47ceebc4e7957678ecd9a3a2344482e852
1182,I_218_44_14,exact,A,,contradictory_review,cde5a3c31ce4f096368bfd33e74e170680689e8626d5aba71c4fdf2561ffd1a4
1183,G_152_14_10738,exact,A,,unrecognized_review,b97048ffdde53109f7911e02d7dc4987cc16cac25d78ed6585c4dcfa6f64ca9d
1184,G_39_14_14212,exact,B,,unrecognized_review,908e6b41f6b542b07b06f24042e4586cc4eac302c322a7c5af7f760f563aaaae
1185,I_142_172_13,exact,A,,unrecognized_review,c733d938e17e3bd65a5a5b3ef934dcf17d68df95071b8fa6775ce29ce8c6e6c2
1186,I_025_919_14,exact,A,,unrecognized_review,af263a4d9a6c051bb7918725763fcf88d0628efde5d0e98a1d711635eb7ce105
1187,D_115_104,exact,A,,contradictory_review,8ee936e4aff52201ba0cb2e14ad2fd77496994877f6d6d11f7bb2cb224a8a386
1188,G_243_13_12818,exact,A,,unrecognized_review,866282ad7c1483b5250f3504e4931042d0effa25a4620b84c3197c997d72cce0
1189,G_115_13_9822,exact,A,,unrecognized_review,9a6c5b4d457a27facb8399680e04e03552739a6b598e73a8d60ca363b6dc672b
1190,G_014_14_1126,exact,A,,unrecognized_review,89b4dfd43f333807b4eaaa213f0aa7de771608a2a591c75be227468598ee3569
1191,I_018_183_13,exact,A,,unrecognized_review,f5ea05aa657ad593d12740efc9313990df9095e2a08225611f9273fe84b08ba3
1192,I_049_105_14,exact,INVALID,,unrecognized_review,192af065e096bb4bfe44608d6874590f9613e91f042ded152b779a98f8431073
1193,I_097_156_13,exact,A,,unrecognized_review,57b59a6c6e898db8b29f015cd63dc63366b7d1a7c8a86b74952931cc74cacc61
1194,I_063_21_13,exact,A,,unrecognized_review,0d08826ae232a42ad23d9731fb37e2d8ab69ba8799043cf1bc26cfbacf699677
1195,G_921_14_16027,exact,B,B,explicit_text,70307be4b69e7a70d88c458081673e449d4707f68a13bbecbb8ebe60afbbf9f1
1196,I_070_166_14,exact,INVALID,,unrecognized_review,0e77e68ba5473d98840c3212f4a8cb801226494f1162c8001a9f4ed7b00cbaa8
1197,D_170_147,exact,A,,unrecognized_review,c642f50966157f7499226faf9853033d8a41ebdfc48da6d11eaa9d53dc0937da
1198,G_012_14_952,exact,A,,unrecognized_review,2e4b9cb7fcab62adb27e48c202952bf76f06c4e3cd1e0e742108de6a77cdcb75
1199,G_070_13_5796,exact,A,,unrecognized_review,bfa40052be225598c2a5164028e5a5a3c1d8021a8d7dc2b37aeee623dcf4b487
1200,G_022_13_1844,exact,A,,unrecognized_review,73ea1bd4ad8a55528b34c0a2243a53583fc5acd4429d92c92221ca85554972d7
1201,G_30_13_14015,exact,B,,unrecognized_review,0138890be98b5765fcb2a02c2fb86a3303c7b762e9b5cbdece678172e12cc475
1202,I_021_225_14,exact,A,,contradictory_review,4730ad08df5fd3780914f9720095bd52faf06a4cf3b3cc5c7f1f31c12ea295a5
1203,D_921_313,exact,A,B,explicit_text,45074ee3f5a5b65eea40187ec57a731c1b5cfc2cf4845fcb8351fb51ed0eeb17
1204,I_043_919_13,exact,INVALID,,unrecognized_review,32ebb1abcc1c601ceb9c4e3c4faba0caa5b85bb98c4f1e6612c40faa528a91c9
1205,I_091_921_13,exact,A,,unrecognized_review,beaaf9b131c067d278d88df442934d59b8411efaf003499b938aa626663f03c5
1206,D_112_103,exact,A,,contradictory_review,7c65aa16286c8a6811e7683b986203230b7b39cac6f5e36fe23010ca35ce5817
1207,D_92_312,exact,A,,unrecognized_review,8f95862d1c147122ed761b1679465351d77426aee7d55ed0fedf5c51f4d3ec56
1208,I_008_156_14,exact,A,,unrecognized_review,4c6c92481ca0e0a97af39c90cec6925e363e8eb5c504ac63bc492bce46a6ed0d
1209,I_062_246_14,exact,A,,unrecognized_review,d1b8a2bb91c11475095b5a928497f00f20c0e4f63af14c3fbd57ca8f3553e63e
1210,D_203_174,exact,A,,unrecognized_review,49769bc04d6cc11ace3baf1ec8c9aef31d7b96ed4fb12e3c334f2fab9d09bae0
1211,I_173_54_14,exact,B,B,explicit_text,70307be4b69e7a70d88c458081673e449d4707f68a13bbecbb8ebe60afbbf9f1
1212,I_155_99_14,exact,A,,unrecognized_review,a1002fe459bf8430c93157f5220643f2688259e4199deb1dee7e88fc27749dd7
1213,G_926_13_16151,exact,A,,unrecognized_review,9ac70ecd7114fc959fdce8d00ab0a98f734e456512c777e61e22ed660a7ae22d
1214,D_202_173,exact,A,,contradictory_review,5fde0adce0d92b5580c3727b32d0bfa183a8b7397ed79bb59258fff27d7da6ba
1215,I_052_063_13,exact,A,,unrecognized_review,24ac5e7faf0aec20e80bf5912e0119557e81dee16b8b551694f90e33c42ac9a6
1216,I_108_111_14,exact,A,,unrecognized_review,eb3375aea310ab64a085a3196efa416f49cb2134344104eda99fb6aacecba98e
1217,I_013_188_14,exact,A,,unrecognized_review,ce40520dc99af1cbdbdfea839460d1e3a22a3ab1b8b6fc226349365d981073de
1218,I_25_26_14,exact,A,,unrecognized_review,5e54418384e2ee4bf0844fe9768a06205de69496484a3fa0f8737e42dd2cc15e
1219,G_132_14_10331,exact,B,B,explicit_text,1ea442a134b2a184bd5d40104401f2a37fbc09ccf3f4bc9da161c6099be3691d
1220,I_35_46_14,exact,B,,uncertainty_or_refusal_review,f83caa3e2229350c16526598667b833cbea8633913060eb952ab7dbf65b90ddc
1221,G_185_14_11519,exact,A,,unrecognized_review,e41dbef7f91493dcce781dacbd07e6ca676a563cee88742975f24e275833502c
1222,G_188_13_11539,exact,A,,contradictory_review,95e229d077a113c23547950cd04fd641fc85877c2c9a009e402b851b792bca2f
1223,G_285_13_13720,exact,A,,contradictory_review,cc1e309197016eae7f5db7ecf993c5d17c86a692ef46354cbabe5b1d118b06c8
1224,I_12_218_13,exact,B,,unrecognized_review,0138890be98b5765fcb2a02c2fb86a3303c7b762e9b5cbdece678172e12cc475
1225,G_082_13_6663,exact,A,,unrecognized_review,fa2c15822be030a0ebeb7ace0b0eb06592601fd11db47e444825de22844b976a
1226,G_914_14_15836,exact,B,B,explicit_text,70307be4b69e7a70d88c458081673e449d4707f68a13bbecbb8ebe60afbbf9f1
1227,I_035_903_13,exact,B,,unrecognized_review,0f6ca52a0d6bb66ac6f98dd323cad0d3796d60143d13114723231a8142d16ee8
1228,I_049_090_14,exact,INVALID,,unrecognized_review,45ee952ef56baf8a5b97b48e3784f04b9b166e1ab3a10ca5521e9a55a0f25b25
1229,I_038_39_13,exact,A,,uncertainty_or_refusal_review,87db9fe7e1c39b060f1b79cc817e39852e9ae948f80d22de12a1cdac39f3a6f9
1230,I_091_914_13,exact,A,,unrecognized_review,197c69d90dc94003d4a2b6f8927f7206c512ca0461bb143103fab22f19c88d12
1231,I_107_156_14,exact,A,,unrecognized_review,0b62dcf92e667c341453a6f6f75b722a776d61948a3cde363d5d916b64736b91
1232,I_261_76_13,exact,A,,contradictory_review,e8a7ff1ce4c2fb5758601582dd6ea91191bcb89af33bc78921d4e60bac329e82
1233,D_197_169,exact,B,B,explicit_text,b1c9eb7c37e675fc517b6505924533cdce16186b5f0e203bf8eff78af200a1f9
1234,G_93_13_16604,exact,B,,unrecognized_review,5c8d947d8a0ee9dc6b9a2abf5655f675baa6a80131ccd3a0ba6860d9b1cc8dca
1235,D_093_85,exact,A,,unrecognized_review,6908bd4416520d70b0b1c9729e6f023543f594c4d39aa354677dba6f9eae596b
1236,G_059_13_4810,exact,INVALID,,unrecognized_review,158a842a72e31dd6fa130276f5d4e7b5a1815bc511b37915709f4105eae2fad2
1237,D_65_276,exact,A,,unrecognized_review,31a3d213c547f9a4066c0a323e8839f89306b1e1bc9d74aa8999dc0d8b727a6c
1238,I_900_923_13,exact,B,,unrecognized_review,6872f866269a231c67e9a473974844b329793d59c633b93302b29bb7db156aeb
1239,I_058_063_14,exact,A,,unrecognized_review,59c6269a739f19589c1a8c48a67a4542075bb33f995619b274b24976f7eb1280
1240,I_119_53_14,exact,B,B,explicit_text,70307be4b69e7a70d88c458081673e449d4707f68a13bbecbb8ebe60afbbf9f1
1241,I_293_43_14,exact,B,,unrecognized_review,f8ee262d46c99f667722b4e995a042f4e4dc8631186bf0a8c3137a8bf309b35b
1242,G_263_14_13348,exact,A,A,explicit_text,85a39ab345d672ff8ca9b9c6876f3adcacf45ee7c1e2dbd2408fd338bd55e07e
1243,I_074_084_14,exact,B,,unrecognized_review,ceb9dbef7ea39ee8539bc4a9e274bab53c9ef9b74872e97dd79812e6e54cbd27
1244,I_105_47_13,exact,B,B,explicit_text,70307be4b69e7a70d88c458081673e449d4707f68a13bbecbb8ebe60afbbf9f1
1245,I_284_291_13,exact,A,,contradictory_review,d056864417a8cbdf088ab7a6ba19f660a6de160fe1346781f4a819871a664729
1246,D_082_74,exact,A,,unrecognized_review,25d7a1fbd3c0f8329968c0e4a4fa5005213c90ee0649c26024fa010c96690772
1247,I_164_924_13,exact,A,,unrecognized_review,1fe915efd2ea20118406f858ff9b533f24bb06969f64511aad14e897ae96f9cf
1248,I_059_223_13,exact,A,,unrecognized_review,91ecab846a035678c1bf7617680735512bb8aa3490cf25aaacd95d6d47f2119f
1249,I_086_136_13,exact,A,,uncertainty_or_refusal_review,4589e5b5357418992b272bfdfb0b0abe23589e48d96ccabebe7c52cc65089c2c
1250,G_35_14_14104,exact,A,,uncertainty_or_refusal_review,ac8a2dff3df882ac1372d305f954126d3af10480b37754cbc6e4aed2a0238e37
1251,G_266_13_13356,exact,A,,uncertainty_or_refusal_review,33cbd02db42289dd2e08f1fa40f548d22d3e3b8ffa15d3d98782505b4c0acf55
1252,I_064_253_13,exact,A,A,explicit_text,85a39ab345d672ff8ca9b9c6876f3adcacf45ee7c1e2dbd2408fd338bd55e07e
1253,I_185_48_14,exact,B,B,explicit_text,b1c9eb7c37e675fc517b6505924533cdce16186b5f0e203bf8eff78af200a1f9
1254,I_177_259_13,exact,A,,unrecognized_review,370251064beeeeaf695d1c6ea53a9a1cfe54b77954c0f0a32459d458933a35fe
1255,G_225_13_12433,exact,B,,unrecognized_review,8a8e8226d789ad4fa4a79cd335d45013ac62238cc33656e4caf43172e50bff73
1256,I_006_248_14,exact,A,,uncertainty_or_refusal_review,50696976b3c55b6273dd5ad8186bf5e0c79b24c509c537254eab264c67cfbe74
1257,G_115_14_9833,exact,A,,unrecognized_review,4cf961a90b419ce50e4c7d56c1ab921517313387b9fd32650c8ed511b6932faf
1258,D_78_285,exact,A,,unrecognized_review,26cf9e8c8b3662bb650dac295c12473254a054af86b1b7c44f7a20bf8162e68f
1259,G_118_14_9912,exact,A,,unrecognized_review,b081d83ebc9272a73bdb6dd14f783428bc93b044d9de760856e4a558431052ce
1260,I_49_937_13,exact,A,,unrecognized_review,01333f216be738c5d0c69f8374f64de23b1d84cbd77265fa83a284ea8d2b6a64
1261,D_130_119,exact,INVALID,,unrecognized_review,192af065e096bb4bfe44608d6874590f9613e91f042ded152b779a98f8431073
1262,D_081_73,exact,B,,unrecognized_review,8a8e8226d789ad4fa4a79cd335d45013ac62238cc33656e4caf43172e50bff73
1263,G_92_14_16289,exact,B,B,explicit_text,70307be4b69e7a70d88c458081673e449d4707f68a13bbecbb8ebe60afbbf9f1
1264,G_020_14_1689,exact,B,,unrecognized_review,55d0846be9b1b39b41577cc99d4263fde3de8c29ea2f65c4469a6791df165443
1265,G_935_14_16473,exact,B,,unrecognized_review,19d282c2c782dce5e7f3f61f9bf25a56cf88f369754b8093299565ca0b72dd4d
1266,G_54_13_14656,exact,A,,unrecognized_review,ac2a5a7bf62db6bbe30db7632064713afa03af8afe6934911dd9b8a3348ea7a8
1267,D_026_24,exact,A,,unrecognized_review,379f9225b1b950ea937ffce221841335b7048f587dbb80c578fa1564af5b238b
1268,I_024_207_14,exact,A,A,explicit_text,85a39ab345d672ff8ca9b9c6876f3adcacf45ee7c1e2dbd2408fd338bd55e07e
1269,I_055_90_14,exact,B,,unrecognized_review,cae0f29e44d1f7e91f4e357d1c666300d0cbb07da73f46dc64ea2fcf24c73a9b
1270,I_129_218_13,exact,B,,unrecognized_review,0138890be98b5765fcb2a02c2fb86a3303c7b762e9b5cbdece678172e12cc475
1271,D_194_167,exact,INVALID,,unrecognized_review,192af065e096bb4bfe44608d6874590f9613e91f042ded152b779a98f8431073
1272,G_149_13_10676,exact,A,,uncertainty_or_refusal_review,f091890dc366da5de97b3230120a4a67ecb4c0d6c0b3d626960bbf01ce875834
1273,I_059_086_14,exact,A,,uncertainty_or_refusal_review,c07fddc64c0110f6eb7df89d99889e3d6a7033fa4507d80873b2dfcff3722418
1274,I_111_903_13,exact,B,,unrecognized_review,ce66c6da6e0ba6fd9192ea4138dac842b4cdce93be5550a68c69c17ac5db8fd7
1275,I_107_293_14,exact,B,,uncertainty_or_refusal_review,b163e8798a85877433617cafb8c45e623b113b8e5033a62f9453c6504f91677e
1276,D_266_224,exact,A,,unrecognized_review,353c068a44feae0d38013fca1de2566a9ba90137d2d412328b40cc92da619a04
1277,D_913_305,exact,B,B,explicit_text,84f0c45b1fccd8a3c3b9d08f814978695444375fee7e814c4c721c86ce223047
1278,G_50_13_14568,exact,A,,unrecognized_review,2599b10661bbd5a9842c7cd27a480b43f1cf479f9a23bf9b63426888eab4d249
1279,I_178_93_14,exact,A,,uncertainty_or_refusal_review,2cca5c9064219bf8817efeee7362dd468fbdd1dcb33e432565157b763a5353a9
1280,I_062_47_13,exact,B,,unrecognized_review,19d282c2c782dce5e7f3f61f9bf25a56cf88f369754b8093299565ca0b72dd4d
1281,G_089_14_7363,exact,A,,unrecognized_review,21f28f4e709131036d5cef863528b5d0d8e34be0e5c51122ada11c97a1b58ed2
1282,I_056_169_13,exact,A,,unrecognized_review,96a4f3aaf2fdeecacd42e27521d7dced0e14abeb65e35df239d07c12c907588b
1283,D_27_227,exact,A,,unrecognized_review,3b41ba9c7cb8c5d6530c12eec5000c4e2ad0c48b2d4b9149a3ef6d2a23802819
1284,I_157_909_13,exact,B,B,explicit_text,70307be4b69e7a70d88c458081673e449d4707f68a13bbecbb8ebe60afbbf9f1
1285,I_27_50_14,exact,A,,uncertainty_or_refusal_review,f85e0f502272ea3b936da8dfe5eebc096e224de9a0657f6ec8956a8000e13dc0
1286,G_46_14_14433,exact,B,,uncertainty_or_refusal_review,40deed5499f77902db889a9cecfc634874f7123cff328ba272b4aee434e6e4ba
1287,G_939_13_16572,exact,A,,unrecognized_review,bec5a2f4ea2efaee11fcfa21a668c52a303d48861eb38c9d86791f2b6315ec7c
1288,I_222_3_13,exact,A,,unrecognized_review,a7ef332c0e955fb0d8837167e749afe447d270693b05a00e025ecb5d06b54db2
1289,D_223_190,exact,B,,unrecognized_review,947b1db6811ebb3dd4ca26b3a7cf3c6a087191f6ad674aa19e617be865d4cf9f
1290,G_138_14_10451,exact,A,,contradictory_review,abc7aae8117dff3862d711228bac0649d5d1dec4446bc95ad347066b0c095210
1291,G_170_13_11116,exact,A,,contradictory_review,7d147449f35d0238c9c71e39a08ec8d2ef9ca81e0f03a3c54e58b9f501f6a1fe
1292,D_171_148,exact,INVALID,,unrecognized_review,fad4ad0294bfca0255a8c8b488daf5c7aab0c428a9c925da55453c6cef76e344
1293,I_145_192_13,exact,INVALID,,unrecognized_review,158a842a72e31dd6fa130276f5d4e7b5a1815bc511b37915709f4105eae2fad2
1294,G_068_14_5644,exact,A,,contradictory_review,b23b05c7d88fba7219e604434d9d5e5c561b1183abfe0eb11df2110b98689611
1295,G_232_14_12663,exact,A,,uncertainty_or_refusal_review,6c1c30121391985202bb3a0778d79b7419871f1380da5bc9d99ac31ea1dc34a6
1296,D_909_301,exact,B,B,explicit_text,b1c9eb7c37e675fc517b6505924533cdce16186b5f0e203bf8eff78af200a1f9
1297,G_68_14_15064,exact,A,,unrecognized_review,e9680e6cabfe1553789e1ad6838a5c5e4ab87e08da6ad9b409926dd4df7bf6d4
1298,I_156_904_13,exact,A,,contradictory_review,bb283d50a917f6dd47b9034469523432c836ec38570c0abe280fbbdc710572dc
1299,I_200_269_14,exact,A,,uncertainty_or_refusal_review,96f61814709f3763b40b9d97ee8780db83ede45f51c4a18d383d05b56a54f92b
1300,D_288_237,exact,A,,unrecognized_review,4905d1aaf33684e91f25b7d407911090f9355b1550e041958e39bea3cea480b7
1301,D_204_175,exact,B,,unrecognized_review,fc33936ae78be3289358090be82d3560c7c141fa2af2ee59b580a776b8255411
1302,G_065_14_5397,exact,A,,unrecognized_review,753e3ef120efcaa054c493d495ed0b77269f6e3c6c6daf998408ac7fa769182b
1303,I_116_46_14,exact,B,,unrecognized_review,19d282c2c782dce5e7f3f61f9bf25a56cf88f369754b8093299565ca0b72dd4d
1304,D_100_91,exact,B,,contradictory_review,f991756182daf19217fa6db8ee050759d34adbf32faff87f4cb174619074c001
1305,G_039_13_3079,exact,B,,unrecognized_review,6d8986db521e2c5929ff1e36bd0d26bae737cce5c1cf6417e905abae48650be5
1306,G_901_14_15419,exact,A,,unrecognized_review,884397f44ac0ff5fc03fa8c5d2f1f996cc37c725f2fa0de2539bf25d17eee20f
1307,I_019_177_13,exact,B,B,explicit_text,70307be4b69e7a70d88c458081673e449d4707f68a13bbecbb8ebe60afbbf9f1
1308,I_051_053_14,exact,A,,contradictory_review,11c0433399ef9d0dea5fe606dbb7eef66ade2f29596b1f989fcd033d5af04b05
1309,I_903_97_14,exact,A,,contradictory_review,abc7aae8117dff3862d711228bac0649d5d1dec4446bc95ad347066b0c095210
1310,G_261_14_13315,exact,A,,unrecognized_review,7899bc6e62d538d61d6cf1fa30573ca2485426e249d66ec0aad1dead977ee2fd
1311,G_288_14_13773,exact,A,,unrecognized_review,8938a601a9f79b129687a8c5c012cb6392dd66066ac1ad7158a9e3b74a3ec0a8
1312,G_172_14_11202,exact,B,,unrecognized_review,0138890be98b5765fcb2a02c2fb86a3303c7b762e9b5cbdece678172e12cc475
1313,G_203_13_11916,exact,A,,unrecognized_review,370251064beeeeaf695d1c6ea53a9a1cfe54b77954c0f0a32459d458933a35fe
1314,I_065_077_14,exact,A,,unrecognized_review,43c503aef9c1a0e5208316e1663b7381d1f10aaa81a555f9ced514cdb1830c42
1315,D_21_179,exact,B,B,explicit_text,1ea442a134b2a184bd5d40104401f2a37fbc09ccf3f4bc9da161c6099be3691d
1316,G_49_14_14511,exact,A,,uncertainty_or_refusal_review,c9d5bb7dfe3342d5d9efdce7650a710d73279a31821972cefbd343adac70b2ad
1317,G_105_14_8786,exact,A,,unrecognized_review,863c8d40f985457a160292b3ef14f27410c19dc8340b98d71f9f9bf94be3504a
1318,I_249_924_13,exact,A,A,explicit_text,85a39ab345d672ff8ca9b9c6876f3adcacf45ee7c1e2dbd2408fd338bd55e07e
1319,G_019_13_1552,exact,A,,contradictory_review,706c6d35bc25c713c5ffa7cc89b3ebcb5a6f68cc7517d5fdb59ec304281b8dda
1320,I_266_938_14,exact,B,B,explicit_text,70307be4b69e7a70d88c458081673e449d4707f68a13bbecbb8ebe60afbbf9f1
1321,I_039_254_14,exact,A,,unrecognized_review,5d2ced81e780f171d1cee8d100fca8840d5772a41f954ef2146d77b1f246d7ad
1322,I_047_124_13,exact,A,,unrecognized_review,36bc20e679c35bc74b9b3bef45ec6cf707a4b362da56703beb609270dd88740c
1323,D_141_126,exact,A,,unrecognized_review,871d26d6c07153a4af7efdf1f08b9ec7adcdd6d2002e65a01e3a69d2678bb08b
1324,I_080_22_13,exact,A,,contradictory_review,c5409d67d294c8140781c3c367cf9635717e67d748856802b69a6a41583f8a52
1325,G_146_13_10606,exact,A,A,explicit_text,85a39ab345d672ff8ca9b9c6876f3adcacf45ee7c1e2dbd2408fd338bd55e07e
1326,I_192_82_13,exact,A,,unrecognized_review,7d1d81b5fd4f8559e5e5c771b1de9d78e00692b8a9e3192b53f18d90b4e8e8ef
1327,G_047_13_3698,exact,A,,unrecognized_review,b0a64a528f966cc8a30a136bc5522561726b07f65a85033196c00f95c7944453
1328,G_237_13_12701,exact,INVALID,,unrecognized_review,158a842a72e31dd6fa130276f5d4e7b5a1815bc511b37915709f4105eae2fad2
1329,I_056_90_13,exact,B,B,explicit_text,70307be4b69e7a70d88c458081673e449d4707f68a13bbecbb8ebe60afbbf9f1
1330,D_013_11,exact,A,,contradictory_review,910f59902fd563c28749b677ef5c309794d00e52dae113357337ae93f7faa997
1331,G_253_14_13071,exact,A,,unrecognized_review,250bb4e497b9232e2803a4856f9d165b88eb2c2866bb97ebfe32607bba042a3c
1332,D_216_184,exact,B,B,explicit_text,70307be4b69e7a70d88c458081673e449d4707f68a13bbecbb8ebe60afbbf9f1
1333,G_25_14_13257,exact,A,,unrecognized_review,e771dde5909ea3840b456b9bbef892b2a877f4e3b035fb6d812eaff6c4f3291c
1334,I_117_242_14,exact,B,,unrecognized_review,0138890be98b5765fcb2a02c2fb86a3303c7b762e9b5cbdece678172e12cc475
1335,I_122_916_14,exact,A,,uncertainty_or_refusal_review,1026eca35434bb91f1cf801799d34569d954fd20abc57ba662baba909a9a45d7
1336,G_167_14_11044,exact,A,,unrecognized_review,afa5e0ddb3139f71f291e104fc83736137571ed4a7203ea884778dec8ff9faa3
1337,I_903_926_14,exact,A,A,explicit_text,85a39ab345d672ff8ca9b9c6876f3adcacf45ee7c1e2dbd2408fd338bd55e07e
1338,G_292_13_13905,exact,A,,contradictory_review,893e906265f1fe8797f798e68e180b70dd9f8d32d191882fe4fa8cd613283ef5
1339,D_078_70,exact,A,,unrecognized_review,f6899d6181cef754d6374b9f08e1b675b2bda3ec12972f07f5e71dadfa0d5c5c
1340,I_285_59_13,exact,A,,uncertainty_or_refusal_review,a5542722b2f8d7953f6d87c1c1c6a11010c990fba78dc1738c85bc6c1ae0b084
1341,I_258_92_14,exact,A,,contradictory_review,6062fe8f5d44baa5552298b5b896c7e031555e981cb4fe62f01752c278cd8875
1342,G_093_13_7686,exact,A,,unrecognized_review,b983a49f419c889603e9b0dc4f75082edfb2794f4352df1d313f714224bcdd07
1343,D_289_238,exact,A,,unrecognized_review,91cb3cde9e2e9e448af920e2c15087207932892cea05eb87af74ebd0256eeb86
1344,G_245_13_12866,exact,B,B,explicit_text,70307be4b69e7a70d88c458081673e449d4707f68a13bbecbb8ebe60afbbf9f1
1345,G_21_14_12294,exact,B,B,explicit_text,b1c9eb7c37e675fc517b6505924533cdce16186b5f0e203bf8eff78af200a1f9
1346,G_95_14_16683,exact,B,,uncertainty_or_refusal_review,f83caa3e2229350c16526598667b833cbea8633913060eb952ab7dbf65b90ddc
1347,D_72_282,exact,A,,contradictory_review,eb4b3da7b08f93b644ca2354c2a3d52ef44836c5567f14297e41a3bc28855920
1348,G_57_13_14711,exact,A,,unrecognized_review,3b41ba9c7cb8c5d6530c12eec5000c4e2ad0c48b2d4b9149a3ef6d2a23802819
1349,I_031_59_13,exact,B,B,explicit_text,b1c9eb7c37e675fc517b6505924533cdce16186b5f0e203bf8eff78af200a1f9
1350,I_048_072_14,exact,A,,unrecognized_review,5fb315bfd0eaf962b6a0a28a0918e634d008d3e78d1296000f9b45825bbb37dd
1351,D_007_5,exact,A,,contradictory_review,7c71289953b972f51b74c4ab8ccfc8e934997d5df059908c029cf11f05e1816c
1352,I_189_249_14,exact,A,,unrecognized_review,7546fcfb4f6780b378dc4912c2fd8f4309da73ba597eff1cdadd39d5208be873
1353,D_069_63,exact,A,,unrecognized_review,3286eba0679d36ff0d825f8c724465656fcda49a91c61afc31291f5a7a5594d4
1354,G_224_14_12412,exact,B,B,explicit_text,70307be4b69e7a70d88c458081673e449d4707f68a13bbecbb8ebe60afbbf9f1
1355,D_184_160,exact,B,B,explicit_text,b1c9eb7c37e675fc517b6505924533cdce16186b5f0e203bf8eff78af200a1f9
1356,I_138_204_13,exact,B,B,explicit_text,70307be4b69e7a70d88c458081673e449d4707f68a13bbecbb8ebe60afbbf9f1
1357,I_932_937_13,exact,A,,uncertainty_or_refusal_review,35f1c3adfc34486c988feef6280ef55e4badb43410994f7a60805cb61b5c73bd
1358,I_088_61_13,exact,A,,unrecognized_review,dd5c6cf85da672717004e094d64027ef345d991ee99ef827506727da6658e384
1359,G_108_14_9115,exact,A,,contradictory_review,36e258cc579a7600692f06dedabf9501e6f6394d06049e2c76ea162ed0b76117
1360,G_058_14_4767,exact,INVALID,,unrecognized_review,0c78847a63447a041a391a18e2b183f49f11394a138255360f5e1f53be8ab461
1361,I_057_082_13,exact,A,,unrecognized_review,7b916069cde4e3a55a0142c9b5833d6e2913a3dc185cfef315c15f451ac444aa
1362,I_065_53_14,exact,INVALID,,empty,e3b0c44298fc1c149afbf4c8996fb92427ae41e4649b934ca495991b7852b855
1363,G_217_13_12223,exact,B,,unrecognized_review,59556eb1ab9577dc93b3a37e355e79abdc615d63ab4024f0fd5e4ec36c44dbd6
1364,I_146_27_14,exact,A,,unrecognized_review,2403f211afe5abdd2831fb4683866ea47c9d27132e09f0bebf5b695dec6f4835
1365,G_169_14_11081,exact,A,B,explicit_text,45074ee3f5a5b65eea40187ec57a731c1b5cfc2cf4845fcb8351fb51ed0eeb17
1366,I_049_279_14,exact,INVALID,,unrecognized_review,192af065e096bb4bfe44608d6874590f9613e91f042ded152b779a98f8431073
1367,D_145_130,exact,A,,uncertainty_or_refusal_review,1d5ce7d93c0ca582453dca657356f25bb5fc2b967d9722018309be71c40d64ef
1368,G_293_13_13930,exact,A,,unrecognized_review,801d5f3bbb3957788d80646bdcf162899ed8a734049619f159d38259354aa752
1369,G_003_14_145,exact,A,,unrecognized_review,e490f18394c7991e97b6dfbf14024824af7dde36fbc9f0896226868ef890ca2a
1370,G_269_14_13431,exact,B,,unrecognized_review,19d282c2c782dce5e7f3f61f9bf25a56cf88f369754b8093299565ca0b72dd4d
1371,G_252_14_13054,exact,A,,unrecognized_review,3bc1b48cb671fe9668eb3ab987304f3a61817f14d98d2fdfeb753257e908a84e
1372,G_183_13_11447,exact,A,,unrecognized_review,1abf8cd4401f1b29e26938cc7b2a42d02659714a270aab35410d1e17ecfb88fc
1373,I_226_271_14,exact,B,,contradictory_review,1c7df61eff71738de307be4f60c7a77f33a107e1fef4125b2ccbc503482578c7
1374,I_012_908_13,exact,A,,unrecognized_review,8b10dde89f9d533ff85b13537b7753491c26514967722eed67f2bc172ee11e1e
1375,G_233_13_12665,exact,A,,unrecognized_review,f831c8d7147d5e599f0d8156d7aba4f0f234db58fa4bd4ededaf62bd4514ecd7
1376,G_138_13_10431,exact,A,,contradictory_review,abc7aae8117dff3862d711228bac0649d5d1dec4446bc95ad347066b0c095210
1377,D_912_304,exact,A,,contradictory_review,abc7aae8117dff3862d711228bac0649d5d1dec4446bc95ad347066b0c095210
1378,G_180_13_11355,exact,A,,uncertainty_or_refusal_review,126064734fb5e1e85b74a89362d0e5394444df8840669b4a61827da818b79c20
1379,G_24_13_13009,exact,A,,contradictory_review,aa6b2d5fd64e5ed1340b5592d67735476a8d918b4fe6b639ac61032a10ebb17f
1380,G_090_13_7401,exact,A,,contradictory_review,abc7aae8117dff3862d711228bac0649d5d1dec4446bc95ad347066b0c095210
1381,I_038_102_13,exact,A,,uncertainty_or_refusal_review,9f9a7aa0d8fb416ebd449d297da20cf0224598cf3ff3593b85dbec57fa8f419a
1382,I_005_933_13,exact,A,,unrecognized_review,3d528915094194468038abca718bfbb32049ff124a433e960c5f2fa005c0655e
1383,G_71_13_15098,exact,A,,contradictory_review,a5d63cb07fb2d8619f306892582cb23d43da09ea74b3d84d9aa066c75e9ebca1
1384,I_284_78_14,exact,B,B,explicit_text,70307be4b69e7a70d88c458081673e449d4707f68a13bbecbb8ebe60afbbf9f1
1385,D_44_258,exact,A,,unrecognized_review,b2e82f7d6c6b430d36b6b04eb778e6b8dc59ebb5b58be799590f2140c233eb68
1386,G_222_14_12353,exact,A,,unrecognized_review,b914c708537123215bf62ab51e8f0c7735be19466a79c3319a5e3e9253e38ce4
1387,G_917_14_15931,exact,A,,contradictory_review,d41e9afc155adba19067d1b485ff6797f1f98ed76b8ba64588ba70d0fc39d36e
1388,I_159_925_13,exact,B,,unrecognized_review,0138890be98b5765fcb2a02c2fb86a3303c7b762e9b5cbdece678172e12cc475
1389,G_163_14_10955,exact,A,A,explicit_option,559aead08264d5795d3909718cdd05abd49572e84fe55590eef31a88a08fdffd
1390,G_122_14_10048,exact,A,,unrecognized_review,16ab4296e6c74771edf0b3c22401918a26068f5fa6a37c14b7f38547186586b7
1391,G_228_14_12540,exact,B,B,explicit_text,b1c9eb7c37e675fc517b6505924533cdce16186b5f0e203bf8eff78af200a1f9
1392,G_022_14_1882,exact,A,,unrecognized_review,8b4164377790aec38354d59586f162450de1a0c51a3b0f2fcf643bff2e834f47
1393,G_124_14_10110,exact,A,,unrecognized_review,2121d2ed1d9a6f971032ecb8830ba444b08fb6753b5b28f1cd7b0dd10536e97b
1394,I_086_76_14,exact,A,,contradictory_review,11b42fb570bd7b4ef7a8299ad1ca07d6378c1e7f98180e232798effc38f59855
1395,I_108_254_13,exact,A,,unrecognized_review,a5765b91543bc7bedafde707ecd965d9e028d098ce07f0231da548379695998d
1396,G_056_14_4559,exact,A,,uncertainty_or_refusal_review,fcf999575eebc063f5dafe05049d72a1f5562042d6d3c728ed7d92b2d7a441f8
1397,I_085_12_14,exact,A,,unrecognized_review,37920ba0fca59ff94665b7fe4d6b06521b018d56c1e2f9ded4aec0f5d1868107
1398,D_212_180,exact,B,,unrecognized_review,ce66c6da6e0ba6fd9192ea4138dac842b4cdce93be5550a68c69c17ac5db8fd7
1399,G_145_13_10574,exact,A,,unrecognized_review,b531f5ed02adb889e09d65847e078089330810e82d3aa4a16aec2f52397af3dc
1400,D_199_171,exact,B,,unrecognized_review,0138890be98b5765fcb2a02c2fb86a3303c7b762e9b5cbdece678172e12cc475
1401,G_155_13_10754,exact,B,,unrecognized_review,ce66c6da6e0ba6fd9192ea4138dac842b4cdce93be5550a68c69c17ac5db8fd7
1402,D_16_140,exact,A,,unrecognized_review,8aebd78dd0c65e0574fb44a6fc5dc99c2e0f6c4bc964b0a20c78498e5737d05e
1403,I_001_213_13,exact,A,,contradictory_review,21ee4fba09161c387607efd35558de9427d3b45c7e099d66f6dfa9ddf2e7d955
1404,G_16_13_11095,exact,A,,contradictory_review,59eac7e63fea511fcc1fc814e894c8d5f5150486fd56d1bfcebf6fcb0549f96e
1405,I_097_906_14,exact,B,B,explicit_text,70307be4b69e7a70d88c458081673e449d4707f68a13bbecbb8ebe60afbbf9f1
1406,I_034_271_14,exact,INVALID,,unrecognized_review,45ee952ef56baf8a5b97b48e3784f04b9b166e1ab3a10ca5521e9a55a0f25b25
1407,G_60_13_14797,exact,A,,uncertainty_or_refusal_review,00bb79c05ee98dc1b327c27bf85a1956e242a9fbbe4f4162e71c77e61ccbbb6c
1408,G_158_13_10848,exact,B,B,explicit_text,b1c9eb7c37e675fc517b6505924533cdce16186b5f0e203bf8eff78af200a1f9
1409,G_063_13_5135,exact,A,,unrecognized_review,8e60f229061f7f6ed8f572dafed4b6337453f62143a35f9663ac4138ee609dcd
1410,I_017_098_14,exact,A,,unrecognized_review,a961203df66ad76e1e7a95538c576497f26b4f25c4693de7cab9150e243d34f5
1411,I_172_207_13,exact,A,,uncertainty_or_refusal_review,722411ef8f4c3906a592105186d3e36e2a2cc585ba52897e38e0e2d3f380217f
1412,G_256_13_13123,exact,A,,unrecognized_review,a3fd3d5a358b1927ad97bf1f7cef47d03e6b32efeff0a9d369fedb126f08639e
1413,G_038_13_2992,exact,INVALID,,unrecognized_review,0e77e68ba5473d98840c3212f4a8cb801226494f1162c8001a9f4ed7b00cbaa8
1414,G_054_14_4396,exact,INVALID,,unrecognized_review,32ebb1abcc1c601ceb9c4e3c4faba0caa5b85bb98c4f1e6612c40faa528a91c9
1415,I_097_267_13,exact,A,,unrecognized_review,f2d3e6aa912813871d5ca96c28b8b9ccf9f2b5738b7abbd3a717b76ed4e83e7e
1416,I_105_122_14,exact,A,,contradictory_review,eb4b3da7b08f93b644ca2354c2a3d52ef44836c5567f14297e41a3bc28855920
1417,I_56_932_13,exact,B,,unrecognized_review,cc1cf2ec68d588a4eafce9404643f312ef4245e425c5d029ad139eac0168832c
1418,I_050_077_14,exact,A,,uncertainty_or_refusal_review,088f34c808915e8785425eb8b70fb5f07824330b633c1c216e43e98f07ebf65b
1419,G_202_13_11893,exact,B,,unrecognized_review,ce66c6da6e0ba6fd9192ea4138dac842b4cdce93be5550a68c69c17ac5db8fd7
1420,I_019_225_14,exact,A,,uncertainty_or_refusal_review,17bc5ab7b614856d1563065428b9c0b07a697aeeb61c0eb943923f65ef954d53
1421,I_93_933_14,exact,A,,contradictory_review,eb4b3da7b08f93b644ca2354c2a3d52ef44836c5567f14297e41a3bc28855920
1422,I_254_30_14,exact,B,,unrecognized_review,0138890be98b5765fcb2a02c2fb86a3303c7b762e9b5cbdece678172e12cc475
1423,I_240_261_13,exact,A,,unrecognized_review,84940aea5bc5817756b4c374656bc06c223f4e55cee1a25978ae2f6abcb09e30
1424,D_934_327,exact,B,,contradictory_review,e1a39ed07b4a2c75bcd63fdf9ca175a30aa941af3cb61fb7238accd8dce04f53
1425,D_931_324,exact,A,,contradictory_review,6f835063bd3a17991e3d36c998038b098728b69d947ad2afee139b379a4c0cd9
1426,D_021_19,exact,A,,unrecognized_review,42f785e9da3aa1ad135740de64b0ef899439ecc61472f77d1fdf742955659204
1427,I_045_245_14,exact,A,,contradictory_review,584abe509c929ac43a6bdb6886985bcf6c4e2cd686a888978ba75ae68face464
1428,I_292_921_13,exact,A,,unrecognized_review,9714db0201327e270540afbb40b9a80da7d37e972f076dffeee1047c80714f31
1429,G_914_13_15826,exact,A,,unrecognized_review,4a474b593eeae91c7e365a381655afe378829c211ff35ac772302535817895df
1430,I_148_28_13,exact,B,,unrecognized_review,4a5d3f556bacdd0a57778e1ff559e95f733b8782428fbf8cf040b0e37d943954
1431,D_270_228,exact,A,,unrecognized_review,c43c1c7eb0062e38cfccbff0a3d1df5f89295f2b370c353e2ae683ce2b80a1ee
1432,G_050_13_3988,exact,A,,unrecognized_review,0279dc8c292e10198d8292b3d1e0b7465f7303200dde0191620b84d6efcaf01a
1433,I_37_99_13,exact,A,,unrecognized_review,fe6c7973d47c5a869416aa90bc02fa0681c731a5d8a7cb6a6989cf17b2d1c023
1434,I_049_092_14,exact,B,,unrecognized_review,d2993b4c5fe4f32cc42cf66de6ec3bc2a590c9b5fdd2c87a8781ab7d0e25f54e
1435,I_229_42_13,exact,A,,unrecognized_review,cf444819523e59a0be588011f915aaf298b051ca8221fb3edc3fb3201e207b51
1436,G_93_14_16621,exact,B,B,explicit_text,70307be4b69e7a70d88c458081673e449d4707f68a13bbecbb8ebe60afbbf9f1
1437,G_922_13_16039,exact,A,,unrecognized_review,990de92da56b6428a649298c7dd9dc1e143085c106c05810b59da085bb74727a
1438,I_063_067_14,exact,A,,contradictory_review,bc62cc2a5bb04088e45a72563e819917b3d654bb24fdfac8789ba5d23760823c
1439,I_051_30_13,exact,A,,contradictory_review,ec21d5f70eace43d72c0375b739de60f1f77191267ac3e2b4dc4d22e5c7e2d66
1440,G_214_14_12141,exact,A,,unrecognized_review,f7686e53a4956ec337de5f4fd916e9ce2465aedf3298b741495be1caf0a6d1dd
1441,G_88_13_15343,exact,A,,unrecognized_review,85249297b4d23339648bc525c74853a3a1f00c87d41b2d6bb8bf165316586d65
1442,I_12_290_14,exact,INVALID,,unrecognized_review,fd0ad9026eee596b7072a762941f60bef57e760a230edd450b3a634825685c2a
1443,I_202_260_14,exact,A,,unrecognized_review,9b1384b7f478266714d0b290f145d5b3a3b6c2a60ba65dcd9f20362eb31ce5b2
1444,I_200_39_14,exact,B,B,explicit_text,b1c9eb7c37e675fc517b6505924533cdce16186b5f0e203bf8eff78af200a1f9
1445,G_026_14_2217,exact,A,,contradictory_review,d9fa2df586952744efc04c150ac9e1bd4fdc53d9e50b6eb730adbe44899406d8
1446,G_25_13_13243,exact,A,,unrecognized_review,3297cace68ef3be4a7149615fa8e14a29eb13169896b7a3f76bc0b26435991d4
1447,G_066_14_5446,exact,A,,unrecognized_review,a0da9bd25cb7768908f3ba9f4c6f7c1291da4b6ec22ec4113be89214da3b9b0c
1448,G_29_14_14012,exact,INVALID,,unrecognized_review,192af065e096bb4bfe44608d6874590f9613e91f042ded152b779a98f8431073
1449,I_008_72_13,exact,A,,uncertainty_or_refusal_review,5347ff763c0bf2415a53d2bb9bf5216d65706f80dc427b257d1f9ee9d59777f5
1450,G_004_14_238,exact,A,,unrecognized_review,d94686c85bb343bcac61ec841eb1e54f9ab116a663c10160009b87744c167c0e
1451,I_259_293_13,exact,A,,unrecognized_review,cea2e8b7fb8a5d234279a339571a6f2ca24d523f758d94f375e2ee351c88fafb
1452,I_052_934_13,exact,A,,unrecognized_review,c94f5317fbfd2a853725b97c589bf1a046aac13223aac8c67859fe2d6aa39677
1453,G_227_13_12489,exact,INVALID,,unrecognized_review,c977dbe785221d34114d345fdf8ff4e18bb4af66750751dbea29407f9738735f
1454,D_901_293,exact,A,,unrecognized_review,579bf1a284f47236c11bb71c12feafcf6471a7f179b0b886c6c9ca8fd3ad8d52
1455,I_189_206_14,exact,A,A,explicit_text,1b7a09a3b821aa28ceb74d5cdfe18af6fe5ddc12ca0957e3281812b1c7899837
1456,I_180_902_14,exact,A,,unrecognized_review,9a6c5b4d457a27facb8399680e04e03552739a6b598e73a8d60ca363b6dc672b
1457,G_102_14_8609,exact,INVALID,,unrecognized_review,678f0dfd1df31f9a60e5357c79968a969fc312dd48900224dd32e91b75fc2b64
1458,D_928_320,exact,A,,unrecognized_review,67ac124ff5fb7810ed4e295d82c23f4b5bb40c2becc865d1a382cc89cdfbdb75
1459,D_905_297,exact,A,,unrecognized_review,375bcb438b7505bb11043fb31ccc2139d0f55f077f37ce12d6f90f3a89375e25
1460,G_128_14_10205,exact,A,,unrecognized_review,39a66a60f5fa90f5a47c3e38cfb56a41cf0615fa3db9b28858b15e125f5adb29
1461,G_35_13_14084,exact,INVALID,,unrecognized_review,45ee952ef56baf8a5b97b48e3784f04b9b166e1ab3a10ca5521e9a55a0f25b25
1462,G_932_14_16378,exact,INVALID,,unrecognized_review,35cffb9c65d676ea2a93c5447d89a345e33c5cd09b9fb1e6994f47cc0eee4528
1463,I_013_158_13,exact,A,,contradictory_review,abc7aae8117dff3862d711228bac0649d5d1dec4446bc95ad347066b0c095210
1464,G_135_13_10336,exact,INVALID,,unrecognized_review,c977dbe785221d34114d345fdf8ff4e18bb4af66750751dbea29407f9738735f
1465,G_922_14_16053,exact,B,,contradictory_review,bd493118070ac37aab7c8953a3e495461e2368dd30e16144e73347506f6ce1d2
1466,G_097_14_7991,exact,A,,unrecognized_review,dfad60735834b4ba0b35d88a3a819af34776f2007dee275914da66ee308dc334
1467,G_107_14_8965,exact,A,,contradictory_review,4457af623b8b394849fb2d98a5532a13928a7e8134f5006c0fd8d3c12b0f97f8
1468,D_253_214,exact,B,,unrecognized_review,0138890be98b5765fcb2a02c2fb86a3303c7b762e9b5cbdece678172e12cc475
1469,G_906_13_15558,exact,A,,contradictory_review,f96fb638bac9748889cb0be00a274f8764bdbcbd351fc91cd8dc750d001de1a2
1470,G_253_13_13056,exact,A,,contradictory_review,8a59cb3c821d07aaa5e0547b7f5b495683bff540f08424a1596093151f7d8781
1471,G_267_13_13396,exact,A,,unrecognized_review,b4233d4990bb088384e407ecfe87edf0a922085f33a989b86af971a6a1a04169
1472,I_247_66_13,exact,B,,unrecognized_review,f8946b31baf76c141058afc77dda7671fcd3911864c2a44e27d0e570c0be161b
1473,G_137_14_10421,exact,A,,unrecognized_review,6145076fb5de310b9933ad2bd582df46d357601bcab9f1ad08363595580a0056
1474,D_217_185,exact,A,,unrecognized_review,b0fb4f064aa74455e1c87595a1c11e758e127bdd5426292cf7d0dbdb4e469f7a
1475,I_070_169_13,exact,A,,unrecognized_review,df91e7474957268c3fb3df65360601bdc10d4c82d0bcabe021c47e8d65629043
1476,G_40_13_14257,exact,A,,unrecognized_review,721134b84efeb8ecae03a009861f0e0b5f8b28c83778c826913ff8fcb4cca835
1477,G_066_13_5430,exact,A,,unrecognized_review,f5c50b6fa7c47e75f4e1ca91d78552d119e1a44fd95ed9f277a0bd694bed6485
1478,G_121_13_10008,exact,A,,unrecognized_review,5d2ced81e780f171d1cee8d100fca8840d5772a41f954ef2146d77b1f246d7ad
1479,D_4_253,exact,A,,unrecognized_review,eaecf68466e00c6913cfc214edd185d358c988a4083e452992eab3d9e6d55a49
1480,D_055_49,exact,INVALID,,unrecognized_review,fd0ad9026eee596b7072a762941f60bef57e760a230edd450b3a634825685c2a
1481,G_27_14_13581,exact,A,,contradictory_review,1fe63153ccba7f1e2ec0eaadb0b7bf7137465cfe8ab4c16332f10ad9bafa5ca5
1482,I_180_299_13,exact,B,,unrecognized_review,0138890be98b5765fcb2a02c2fb86a3303c7b762e9b5cbdece678172e12cc475
1483,D_31_247,exact,A,,unrecognized_review,ca286fc519719e68ebdcd472b5b95560f4062586f5368bcd5e3d5d6d6199fec5
1484,I_181_903_13,exact,B,B,explicit_text,b1c9eb7c37e675fc517b6505924533cdce16186b5f0e203bf8eff78af200a1f9
1485,I_178_936_13,exact,A,,contradictory_review,086cf148d7676054a359cec8da5b348e1375d26c6ab67ec14f028cde6731d44d
1486,G_125_14_10138,exact,A,,unrecognized_review,e4ed006a005842f09be700d6b1b99f6bfd327ee05bc518eb305eec3d5be16885
1487,I_017_018_13,exact,A,,unrecognized_review,5721f413bbceee5bc8d1deab8443df87ad89c99dd1c6a3e2f75ff1738df95012
1488,I_173_934_14,exact,B,B,explicit_text,70307be4b69e7a70d88c458081673e449d4707f68a13bbecbb8ebe60afbbf9f1
1489,D_052_46,exact,A,,unrecognized_review,fb2ed273bd4f614a5b38dcf4a6932a146655494f8d976135fbe013e95bc7a444
1490,G_116_14_9857,exact,A,A,explicit_text,85a39ab345d672ff8ca9b9c6876f3adcacf45ee7c1e2dbd2408fd338bd55e07e
1491,D_67_278,exact,A,,unrecognized_review,97ac0b5cf99aa4984247fc4ec6524ae38154a5bca7802cbf53da8d4bf6ab798a
1492,G_908_14_15639,exact,B,,unrecognized_review,4f0e7421372d0693ef563badd7c24f2e3c69e5c39173ef0bee4ce709501cb950
1493,I_053_237_14,exact,B,,unrecognized_review,24014c5c2d441628e651a141d9708f87ef680513d744998f460f56612ee76005
1494,D_003_1,exact,A,,unrecognized_review,b6f60a0e49c334e7ab8fcd4910c7e293dd3931bb8a8933c0d429883d194040e1
1495,G_099_13_8136,exact,A,,uncertainty_or_refusal_review,e1fb399e775ad82b22fe53cf13c135a5efec6202ddd7abe6df06ee0904ceba61
1496,I_152_25_14,exact,B,,unrecognized_review,6d6543760e66844d618b83e8bf7b856b9d6b97d7f22d97a3c3b459db953746b2
1497,G_11_14_9965,exact,A,,contradictory_review,a21bb67f1dd1038fea4d4eea3867da6af85d0bc4ffd09ded97a5d52774e75a98
1498,D_222_189,exact,B,B,explicit_text,b1c9eb7c37e675fc517b6505924533cdce16186b5f0e203bf8eff78af200a1f9
1499,I_228_919_14,exact,A,,unrecognized_review,fc8adabf6c079858379954ba7ea28dd201301aab7e6dd515f872f4fc5d8e02f8
1500,D_050_44,exact,A,,unrecognized_review,94a4fd255463b6c7709f08c485b4a8a3c7af809296038061e02032b76f571cb7
1501,I_59_76_13,exact,A,,unrecognized_review,89fe5049540b4bae06593b5293dd804715b2498276c24ff2574b71388bc5aae1
1502,I_118_173_14,exact,B,,unrecognized_review,db0fe701f39ad16e18972dee94c5082b1785c6d2d2f564de2268896e9bd7b38a
1503,D_291_241,exact,A,,unrecognized_review,dfc8d807290cb5037716647f9716b0b5cb34889cd0c0dba69812b5d2ac5d3522
1504,I_008_196_13,exact,A,,uncertainty_or_refusal_review,fcf7debc70a6530309e303e6bcc90e4f67c38c2eb7b69289960782b8b744a0d0
1505,I_031_100_13,exact,INVALID,,unrecognized_review,0e77e68ba5473d98840c3212f4a8cb801226494f1162c8001a9f4ed7b00cbaa8
1506,D_192_166,exact,A,,unrecognized_review,c6d025fab9feb57f1ff08e4eac916984f6098487cc36c9c5802760f90217d7f5
1507,I_204_53_14,exact,B,,unrecognized_review,1eb810a6e06579c2c146e54e5ad2084ddf0b4f0c9bfb0af2f7ad59f9b54a1a6d
1508,D_249_211,exact,A,,unrecognized_review,7a3cfb8d9a4e3f7af0f86b724c4bd9bcd9b56631ba7a9841fe039493ec4ddd89
1509,D_053_47,exact,A,,unrecognized_review,a0da9bd25cb7768908f3ba9f4c6f7c1291da4b6ec22ec4113be89214da3b9b0c
1510,I_144_97_14,exact,A,,contradictory_review,abc7aae8117dff3862d711228bac0649d5d1dec4446bc95ad347066b0c095210
1511,G_936_14_16508,exact,B,,unrecognized_review,0138890be98b5765fcb2a02c2fb86a3303c7b762e9b5cbdece678172e12cc475
1512,D_077_69,exact,INVALID,,unrecognized_review,32ebb1abcc1c601ceb9c4e3c4faba0caa5b85bb98c4f1e6612c40faa528a91c9
1513,G_259_13_13205,exact,A,A,explicit_text,85a39ab345d672ff8ca9b9c6876f3adcacf45ee7c1e2dbd2408fd338bd55e07e
1514,I_055_254_13,exact,INVALID,,unrecognized_review,fd0ad9026eee596b7072a762941f60bef57e760a230edd450b3a634825685c2a
1515,G_48_13_14474,exact,A,,unrecognized_review,a72e365ba5dfd96de2e03a865030b8f26ef1bfbcb583c28704b60f2ec9c800d5
1516,I_100_167_14,exact,A,,unrecognized_review,2f4f620e9e015dcafcf81c7accdf11b5985e9266c9d1f9c8768eee5486bf34bb
1517,I_220_937_13,exact,B,B,explicit_text,70307be4b69e7a70d88c458081673e449d4707f68a13bbecbb8ebe60afbbf9f1
1518,G_288_13_13747,exact,INVALID,,unrecognized_review,fd0ad9026eee596b7072a762941f60bef57e760a230edd450b3a634825685c2a
1519,I_041_72_14,exact,B,,unrecognized_review,ce66c6da6e0ba6fd9192ea4138dac842b4cdce93be5550a68c69c17ac5db8fd7
1520,G_172_13_11173,exact,A,,unrecognized_review,fbdbac291b423236dfb2b2c677a2ae8cc721711521c221acdf6e33cf0968a88e
1521,I_077_109_14,exact,B,,unrecognized_review,98a58145e692980d0447118b1b6820074d32cc40ea40420074b28ea1e5861eb9
1522,I_159_241_14,exact,A,,contradictory_review,98a3ac2ba611614de51810884620a9ebfcc413ebeef6f21c46ace79f931819b2
1523,D_925_317,exact,INVALID,,unrecognized_review,158a842a72e31dd6fa130276f5d4e7b5a1815bc511b37915709f4105eae2fad2
1524,G_918_14_15963,exact,B,B,explicit_text,84f0c45b1fccd8a3c3b9d08f814978695444375fee7e814c4c721c86ce223047
1525,G_96_14_16711,exact,A,,uncertainty_or_refusal_review,1edc0cc81aa783cc7d85d3e2bf5c8434efdf76db9b2d96b6b4220186a071ecb1
1526,I_041_39_14,exact,A,,unrecognized_review,7e083129663694b98178409baa806cd816650c343be21984e3160f1e15cef242
1527,D_927_319,exact,B,B,explicit_text,70307be4b69e7a70d88c458081673e449d4707f68a13bbecbb8ebe60afbbf9f1
1528,D_40_254,exact,A,,unrecognized_review,375bcb438b7505bb11043fb31ccc2139d0f55f077f37ce12d6f90f3a89375e25
1529,D_93_322,exact,A,,unrecognized_review,42d63f1aac3cc11b3511c8b660c3ba0044fe4e15629c7332c644be44bfa665b1
1530,G_64_14_14938,exact,A,,unrecognized_review,c823de5c567c400b62b89912c851025923ee3a39b9a937d9baa16ad679dbcb45
1531,I_148_216_14,exact,B,,unrecognized_review,a336f6b3a7a7b54184afd7b52463ae84b69fb70af489b531569dd0a4dc82d33c
1532,I_098_56_14,exact,A,,unrecognized_review,6afdb9af140de5721188c15902dbc9faae83ba4a1c55d66ea52d3825c976422b
1533,G_037_13_2881,exact,A,,unrecognized_review,636aa163b7bd45beb4ad7fad210834e3dcd9888ec2ebab7ae0af4b6177392689
1534,D_148_132,exact,B,,unrecognized_review,d256a2972ba7539000dbab8abe78a913463d6fb1550f8a92ac889f0db6f40148
1535,I_080_939_13,exact,A,,unrecognized_review,d8dde63ca8a579b5ee5b05088c6ead3ad4dbb54062f4ccb163eb209f81f5aebf
1536,D_66_277,exact,A,,unrecognized_review,c96bb8cf893e33c9e7760e8324d1a99c9c5472d84404396536a8347ab71f6c24
1537,I_47_926_14,exact,A,,unrecognized_review,fbc3360349b2ec4ad1e848976ede724a8bfcf0b94ca5da4f683498ddf7f74333
1538,G_14_13_10704,exact,B,B,explicit_text,1ea442a134b2a184bd5d40104401f2a37fbc09ccf3f4bc9da161c6099be3691d
1539,I_033_905_13,exact,A,,unrecognized_review,e0746dd6947c01567513f4c53de2115803cd2f30a395523941df61e9dace0de8
1540,G_931_13_16344,exact,A,,unrecognized_review,422ac8127eae43a7959a2b85fc05e4339366ae5b143d944321f09e96ebb55932
1541,D_30_246,exact,B,B,explicit_text,70307be4b69e7a70d88c458081673e449d4707f68a13bbecbb8ebe60afbbf9f1
1542,I_270_906_13,exact,A,,uncertainty_or_refusal_review,321752d48e3d125bbf0c88eb7b1f4bf7a624dc99b88ac218299674a540f97192
1543,I_092_261_14,exact,A,,unrecognized_review,cdd449a5632db1865dd4d577955c3d273170332e23a3b5e0b5e25eff2a7f8e14
1544,I_213_260_14,exact,A,,unrecognized_review,f8f1bcd2bd8bef1a4df453b08a4c5f687444c9c389949f7302e2485088be0a1e
1545,D_166_144,exact,A,,unrecognized_review,ea3b052259d4ca9d5701fe4a40bafc869393c2f670a641ef3ee48b3960f9979e
1546,I_70_914_14,exact,A,,unrecognized_review,2f60c881dab14d9e0838ba4a7ce33eae99a16a9ff772fd224ea3666d1b5836c8
1547,I_029_270_14,exact,A,,unrecognized_review,c5b1933cee19729b104be98e11909bebdb016f24722bed848464bbe4b8337459
1548,G_61_14_14848,exact,B,,unrecognized_review,f8ee262d46c99f667722b4e995a042f4e4dc8631186bf0a8c3137a8bf309b35b
1549,I_074_245_14,exact,A,,unrecognized_review,9ec75346441b7522b55bb188b501fd47d8ec8aaaffccf6e52c024dc9919639ae
1550,G_007_13_462,exact,A,,contradictory_review,8aa294864150545e67e38f6e2672c3bd0feb00f46025aeffe1a56d5d83e5aa09
1551,D_035_31,exact,A,,uncertainty_or_refusal_review,65b5cedf0ab2ae249b076aca469cfe98c59ac299d881634d8b1a2c0994ea9f11
1552,I_004_38_13,exact,A,,unrecognized_review,7986d42bceaa95ef93b503d676f7f055e5cd7476911953849c561c57282b0a11
1553,I_247_71_13,exact,A,,uncertainty_or_refusal_review,ab556ae793d1896eae131b52073a536dff014b28f9745271f90432d34e6c149c
1554,G_924_13_16092,exact,A,,uncertainty_or_refusal_review,ae5597aa13c5377c26ba17f4dc3e37657dc30ecdef72defa298ae4e6273c4c7f
1555,G_66_14_14982,exact,B,,unrecognized_review,d129e66151fe11da64808a907b91273a68e1c571d7f28304cb2d10c2826fcac2
1556,D_224_191,exact,A,,unrecognized_review,057c22152023c3d789d6793a2ac6c8d8dce2205560a85235d2cf44028a482fbc
1557,G_292_14_13914,exact,B,,contradictory_review,1e1ab8c9f112cb4ac2f8f478346a4a30d7f378756daeb85c4bdf6abec443d001
1558,I_58_922_13,exact,A,,contradictory_review,f9132d1eafdd73e451860c5018ed0a5695b9fada4b696bc15c9e947b9018854d
1559,I_032_30_13,exact,A,,contradictory_review,abc7aae8117dff3862d711228bac0649d5d1dec4446bc95ad347066b0c095210
1560,I_132_96_13,exact,A,,uncertainty_or_refusal_review,397e620acb9d066ab455c62dd0c3d27fb43fd42b6dddea0b5f2647fef0d82d04
1561,G_924_14_16119,exact,A,,contradictory_review,04f8c4de3950a9a5029779f2b94d7a723e70fcf3e717e75bd28457b7167820e1
1562,G_130_14_10294,exact,B,,unrecognized_review,d2993b4c5fe4f32cc42cf66de6ec3bc2a590c9b5fdd2c87a8781ab7d0e25f54e
1563,G_062_14_5104,exact,A,,unrecognized_review,3b92d091a72abcfbb5addf79083b14e256fcced61be9e032c3376ccf9807dda4
1564,I_224_913_13,exact,A,,contradictory_review,9a34acee0b4148bfb89cbda6b0fbbd5813d8cabb609d35e9ae3cc314f6ad87ee
1565,I_050_96_14,exact,A,,unrecognized_review,c8969c3dbad11622f2f6dd96b7c08bed123e7be28f6a35592f3f19c850db0e3f
1566,G_092_13_7566,exact,A,,unrecognized_review,387ff0ef2e882476bf0c8e8e099d97187d3771902ded36a638c577fe0c375ad9
1567,D_932_325,exact,A,,contradictory_review,f0d9d7dadf02b3f9d7b79b9268083e6b8b743a51bb8d6e4b40226558598854b0
1568,G_97_13_16725,exact,B,B,explicit_text,b1c9eb7c37e675fc517b6505924533cdce16186b5f0e203bf8eff78af200a1f9
1569,D_032_28,exact,A,,unrecognized_review,590557bffbad56bddd022108092e0847784a459179bf3692d72436afcd9859fd
1570,D_156_136,exact,A,,contradictory_review,c1b740ec3a9c613f7113961cdfdf62079d04eb293a704dfbd87e21164c9ae6be
1571,I_124_72_13,exact,A,,unrecognized_review,395748dca95fd70c291d0ae7b7dd40d6087e23d1b0a6aaae86248e31bb3e0143
1572,I_183_61_14,exact,A,,unrecognized_review,89170062efc113ed9a6b721cd2f59c1b6f5e09e20160d0a59ca2d937a4a5a4f4
1573,D_159_139,exact,A,,unrecognized_review,b618a1f1d9f0f863735faa294737e0a5cb1c1bd8508c5d9d8cead586c2c19dc1
1574,D_127_116,exact,A,,unrecognized_review,289582adac29414206bfe3a80326390ca776068ba0a2089645f603ea01b94a84
1575,I_123_907_13,exact,A,,unrecognized_review,c823de5c567c400b62b89912c851025923ee3a39b9a937d9baa16ad679dbcb45
1576,G_75_14_15178,exact,A,,uncertainty_or_refusal_review,8d747c5f5d3e13ad14ce181c69e3141712d8757947422cdfada0d3172b6188a6
1577,G_032_13_2530,exact,A,A,explicit_text,85a39ab345d672ff8ca9b9c6876f3adcacf45ee7c1e2dbd2408fd338bd55e07e
1578,G_001_14_74,exact,A,,unrecognized_review,479abfffc98b9dbd5c196931c31cacb30b6c299924310e38a5b3f3b5bb4d074b
1579,G_94_13_16633,exact,A,,unrecognized_review,d881d00d6f82e5e80acec1f9a4830374641c865ea47f940dc465fc1f94153c55
1580,G_22_13_12587,exact,A,,contradictory_review,f214fca383fbce92009f051f12b36ad96c1e3dc677ed8c732fbe7f6774f47c07
1581,I_121_923_14,exact,A,,contradictory_review,372e00a922fd2fcb05857b0acad06bd603938fe4547f7f290d8404e67606fa06
1582,I_087_093_14,exact,B,,unrecognized_review,ce66c6da6e0ba6fd9192ea4138dac842b4cdce93be5550a68c69c17ac5db8fd7
1583,D_3_245,exact,A,,unrecognized_review,537c9330bac05cfa09705072b5d89e086be25ef4792047c9c06501c82a1217fc
1584,I_119_240_14,exact,B,B,explicit_text,70307be4b69e7a70d88c458081673e449d4707f68a13bbecbb8ebe60afbbf9f1
1585,D_087_79,exact,INVALID,,empty,e3b0c44298fc1c149afbf4c8996fb92427ae41e4649b934ca495991b7852b855
1586,I_063_115_13,exact,A,,unrecognized_review,d3280094bcd54f72a0eabfffb2c1667f2a02cca51b53f2b4df4eddaa469fea72
1587,D_41_255,exact,B,,uncertainty_or_refusal_review,f83caa3e2229350c16526598667b833cbea8633913060eb952ab7dbf65b90ddc
1588,I_026_24_13,exact,A,,unrecognized_review,76da93243bb96341a1a4dd7de8c644bfc5fd02302a7b1c595340a884b903f4a0
1589,D_58_269,exact,A,,unrecognized_review,eb30d7366baf4d63ea10ff589b5c409e58c455c6c1363766f49f43013c470db6
1590,I_253_270_13,exact,A,A,explicit_text,85a39ab345d672ff8ca9b9c6876f3adcacf45ee7c1e2dbd2408fd338bd55e07e
1591,D_023_21,exact,A,,unrecognized_review,90ecd85069455725a18875406849c40e34f2651a4434543bb28717a02b13c93e
1592,I_057_231_14,exact,INVALID,,unrecognized_review,fd0ad9026eee596b7072a762941f60bef57e760a230edd450b3a634825685c2a
1593,I_062_288_13,exact,INVALID,,unrecognized_review,f67ab10ad4e4c53121b6a5fe4da9c10ddee905b978d3788d2723d7bfacbe28a9
1594,D_039_34,exact,B,,unrecognized_review,81c5ea186882d10b0120d97710584646b8b13c454683c3cc84242838ea06c8e3
1595,D_51_264,exact,B,,unrecognized_review,d256a2972ba7539000dbab8abe78a913463d6fb1550f8a92ac889f0db6f40148
1596,G_204_13_11952,exact,A,,contradictory_review,88b5ed860c10f683c9228068959825c8a90d359d9b6d6da20475058f4e6f3524
1597,I_259_289_14,exact,A,,unrecognized_review,98ad55d5df01ba0c67914db77ccbbc0f04f58710b9d8200ee3fe67af193d0918
1598,I_020_75_13,exact,A,,unrecognized_review,195fd4c932bc96a9f0b486b58585c2c3f15b4f3b7f380138ac968349c29f3768
1599,G_077_14_6294,exact,INVALID,,unrecognized_review,5cba44b94d97a9134eaa0307dd24946c72e58b7014f1cde153a2cdf5b409b8c8
1600,G_146_14_10629,exact,INVALID,,unrecognized_review,192af065e096bb4bfe44608d6874590f9613e91f042ded152b779a98f8431073
1601,I_53_97_13,exact,A,,contradictory_review,a83acb33954740df13be19b91a07e21329ca3aee3471003970a86bc0e1b33029
1602,G_29_13_13997,exact,A,,unrecognized_review,accf86463b35bcecfa1a21bd295ca9873c5b855daa341575c16483c3d480f042
1603,G_075_14_6167,exact,B,,uncertainty_or_refusal_review,886146a67971ae9f175b93c93fa81a4de887a8fca33353c5dfcb224000553d10
1604,I_034_27_13,exact,A,,unrecognized_review,ff2934827b23ae158ead9d1faf9556e2dd25d552e0b20d79dd57593acfd6b0df
1605,D_169_146,exact,B,,uncertainty_or_refusal_review,9d0911bbf0852817b0b4e5f565178b91a133280068c75b4de028dac0192255a0
1606,G_074_13_6044,exact,A,,unrecognized_review,e1b130def5d8cd198aa8283fa32e7a25aedd86b2492d66e6dc5b0be05ff36c77
1607,D_175_152,exact,A,,unrecognized_review,06b4355903e18ab016972cd9d3a15695f987155ce33c0592dbed7b6798eec440
1608,I_164_907_13,exact,B,B,explicit_text,70307be4b69e7a70d88c458081673e449d4707f68a13bbecbb8ebe60afbbf9f1
1609,I_257_913_13,exact,A,,contradictory_review,a83acb33954740df13be19b91a07e21329ca3aee3471003970a86bc0e1b33029
1610,G_015_13_1201,exact,A,,unrecognized_review,d7d8d919ccc34a084e76a8e2250d2bc1e1aef0143e4dacf50f05769b5118e335
1611,D_044_38,exact,A,,unrecognized_review,f288bddcee848deb150dc5ebf5dcc86ae837a4731ddb63f1dd01483979a72a61
1612,D_237_201,exact,B,B,explicit_text,b1c9eb7c37e675fc517b6505924533cdce16186b5f0e203bf8eff78af200a1f9
1613,D_058_52,exact,A,,unrecognized_review,27acb49d08e06951471a6fb6373184bf8e91de90a16cf7f32400ab558b409185
1614,G_207_14_12022,exact,A,,unrecognized_review,7949f1fcedd66389f354ca3195426482612363436d0ab76896cd102378e5c461
1615,I_117_917_14,exact,A,,unrecognized_review,80cb679e60d093eeea157587d580840b6b77195ca803842f5786e0b43d856bc1
1616,G_107_13_8901,exact,A,,unrecognized_review,3d25a2c7fe699582db04b25929b86bc99de6751ce8b28094ae5d47627fd99e00
1617,G_923_14_16082,exact,A,,contradictory_review,5342eac6273b932cd353a533ef784ddab3cba67ad98e2fcce35ce4bbf954e8ea
1618,D_137_123,exact,A,,contradictory_review,c1a66fd599a37de5dbe71423debf21d39add6c261974af48f6754fed6ec11dae
1619,G_158_14_10870,exact,B,,unrecognized_review,1899d5e9c485b1ae958ea0222daebfaa1646d39dcb5f4bce249cf37760f20806
1620,D_206_176,exact,A,,unrecognized_review,539feb2f92d0d9105099188faeffdeb7ef3daa0ac5439b09a94258222043566b
1621,I_034_094_14,exact,INVALID,,unrecognized_review,192af065e096bb4bfe44608d6874590f9613e91f042ded152b779a98f8431073
1622,I_207_209_14,exact,A,,contradictory_review,5e259a3153598a36743527fc67dbe12b7a8b2ff7a1074cc91b6d1deaf27e6b45
1623,I_083_213_14,exact,INVALID,,unrecognized_review,9cea9f09d3a6d9fd80b59d5576b075fdf8d2676fa0b35ff7c0ab346c04d99ef0
1624,D_83_288,exact,B,B,explicit_text,70307be4b69e7a70d88c458081673e449d4707f68a13bbecbb8ebe60afbbf9f1
1625,I_121_30_14,exact,A,,unrecognized_review,8a3bfea013ac0ba554c969616f08c73a0c0a57476f51328ecda884a82fb0dfb6
1626,I_121_99_14,exact,A,,unrecognized_review,27e63bd8426850bb2b2745aa0e2e089e13e83d847b02a208f1f45f0c05f5d4a3
1627,I_135_199_14,exact,B,B,explicit_text,b1c9eb7c37e675fc517b6505924533cdce16186b5f0e203bf8eff78af200a1f9
1628,G_94_14_16646,exact,B,B,explicit_text,84f0c45b1fccd8a3c3b9d08f814978695444375fee7e814c4c721c86ce223047
1629,I_038_75_13,exact,A,,contradictory_review,78a65b4ea349a9af6623d7b1e595e6a536cb44d42e94ad3412377315bf923dc3
1630,G_54_14_14669,exact,B,,unrecognized_review,b7a2730bcd6910c6de30105144a3fb53038fe057e181b22be4d90d2464e9547f
1631,G_071_13_5893,exact,A,,uncertainty_or_refusal_review,efde403311f0a05dd9a4db33dfb523f88aafd13e455e68afbb56a065a5c23c32
1632,G_230_14_12604,exact,B,B,explicit_text,70307be4b69e7a70d88c458081673e449d4707f68a13bbecbb8ebe60afbbf9f1
1633,I_183_31_13,exact,A,,unrecognized_review,b9525962cb6dc86a75ce11ca8b096edc747b0dea7e321ead1cad83c21cf417e5
1634,I_252_918_14,exact,A,,unrecognized_review,c8cf7d68398f1aaf179c13b38ac703eadde32f158dbf3f1218c92c927a8bdf08
1635,G_048_13_3781,exact,A,,unrecognized_review,9b81b27305522aaa3374923c54bae0e190583829e8f9aa5d189083f5156a30ec
1636,G_215_13_12153,exact,B,,unrecognized_review,f8ee262d46c99f667722b4e995a042f4e4dc8631186bf0a8c3137a8bf309b35b
1637,D_122_112,exact,A,,contradictory_review,16b9695c6c8300e3125d86bda02b35ccc0a7d2e830aa8dc1953dc3d036fe5dc3
1638,I_164_904_14,exact,A,,unrecognized_review,b1792c3967e1c4eb38e94ad3a80dbd4f58b592d7295fc3f3e6edb668945f4616
1639,I_182_230_14,exact,B,,unrecognized_review,e6605f6029a86706725ff67a654151e1737720a96e5a79790e5dc830e9d51a27
1640,G_231_13_12619,exact,A,,unrecognized_review,568b4e6d739d44d9e52454e98e96d9310096d7b45d9668f7d82f9538b2c6ef8c
1641,G_060_13_4905,exact,B,,unrecognized_review,dbdf4fc93f82c53b37f8a5b93c85e8fe8416a52a61dbd35e626dc8e07aa86ae7
1642,I_214_938_14,exact,A,,unrecognized_review,024349b7fd5f13125773f832455793248b8ffe22fb0b684016a4b30dee221578
1643,G_119_13_9927,exact,B,B,explicit_text,70307be4b69e7a70d88c458081673e449d4707f68a13bbecbb8ebe60afbbf9f1
1644,I_106_70_14,exact,A,,unrecognized_review,1562e030ff08be75c58577e8f578d900d02e89e1e28808251ead6ce61778c63b
1645,G_097_13_7948,exact,A,,unrecognized_review,1f49c53db211fd325f244e401ab184ed08905d8a7f1cac67737b1812c3773299
1646,G_907_14_15608,exact,A,,contradictory_review,ec140433a1378cd47ecaf1c3ac7f626db992929a125ab855409c023b710c01ac
1647,G_117_13_9880,exact,A,,unrecognized_review,4b490a179063f884df98fed04139f9b39a2d032f326019a924e10c3e42f96471
1648,I_069_96_14,exact,B,B,explicit_text,38178a20b470cfd18299fb1593dd4ba706f1a83321dac051d01086efd8b7a96f
1649,G_157_13_10816,exact,A,,contradictory_review,abc7aae8117dff3862d711228bac0649d5d1dec4446bc95ad347066b0c095210
1650,G_098_13_8043,exact,A,,unrecognized_review,56a94cfdb7a68ef7fed539547d936e185b7f6739ac05e0429ac9be93942211b1
1651,G_116_13_9847,exact,B,,unrecognized_review,26743b47e1bb442ed5b0f76c4ce7858e0935b6f623c842169d6aee3bb1cf6b40
1652,I_293_72_14,exact,A,,unrecognized_review,3e058a66fc3ba53c82be5e44844a6d57f97137e4ca300d3fb4999941ce3a083a
1653,I_101_46_13,exact,A,,uncertainty_or_refusal_review,c3f693ffacdb238652edc707641c0bbb546387e8c9909e7495a7c4551044ca77
1654,I_069_092_14,exact,A,,unrecognized_review,74bd3e68e83f3a4f30535ffff3112e2d18d3c754134e7ee57ac89981946020ac
1655,D_135_121,exact,A,,unrecognized_review,31e69b9cd8a441bda5adfcd716bd835ad88bd7b9328b8d223e4db38d5164ac34
1656,I_074_171_14,exact,A,,unrecognized_review,7252aaa0efee137980fdfbddadd411961d311863c9a590c7f75dc09dbf2b89cc
1657,I_181_232_14,exact,A,,uncertainty_or_refusal_review,248af6f4c86f31452ed3bf2ecb502adc60b3d802d6ee41ba9f76705ff49d0bed
1658,I_117_68_14,exact,A,,contradictory_review,9fefe7b430ac23f1a05a0a24a415a6bf1a4dd8dca0ab586958aa426330839f73
1659,G_99_14_16774,exact,A,A,explicit_text,85a39ab345d672ff8ca9b9c6876f3adcacf45ee7c1e2dbd2408fd338bd55e07e
1660,I_213_94_13,exact,B,,contradictory_review,42ea22029cc9deafbd0752741dd597bfce60961145458ef66335344583134649
1661,D_189_163,exact,A,,contradictory_review,f78240f9623374f963a6192577f6b5804009f6a15396a8c48a15f983bd5dcd9f
1662,G_123_14_10085,exact,A,,unrecognized_review,bee497f9b866495ff76a13385c668e1717a5bd0aeff241215802b8e3856cb36d
1663,I_097_35_14,exact,A,,unrecognized_review,6a912efe3f9ff3c16bee4f8652886a22d1c76f79bccb6b3b2f526d86bd8e8311
1664,D_25_212,exact,A,,unrecognized_review,44226065b81dcdc155f7815ffabf38fee2aa2570e74eb42359a45a96ba152bc9
1665,D_229_196,exact,A,,unrecognized_review,8305920d793c8fd9e02b3b0b315c3f4f36b0c864968012f909108f7915673659
1666,D_164_143,exact,A,,unrecognized_review,2f0c287a724ca7c273b10bed1554872c28913c9d88b04a444dcc040d46aabda3
1667,I_16_900_14,exact,B,B,explicit_text,70307be4b69e7a70d88c458081673e449d4707f68a13bbecbb8ebe60afbbf9f1
1668,G_068_13_5609,exact,A,,contradictory_review,3d387b5a9d577c176ae4943294136ca690ac1bcdb6d025864f36f3115fd62d47
1669,D_42_256,exact,A,,contradictory_review,ab649f489c98d457bd8125fd246eff1a0cc6ac703048b88e569f237cc9b0b54b
1670,I_137_96_14,exact,A,,uncertainty_or_refusal_review,f4f1077ee2ce6e4115d5c09c5bad212d99e712c2555dbdf7a7b81b0f04c8e390
1671,G_291_14_13885,exact,INVALID,,empty,e3b0c44298fc1c149afbf4c8996fb92427ae41e4649b934ca495991b7852b855
1672,G_926_14_16168,exact,A,,unrecognized_review,bef8a512636c38acfae7b43d49e55a799f7ed5b25035364c0a03ec3021140f64
1673,G_067_13_5501,exact,A,,unrecognized_review,732403b721ec642b0a915f2626e0818fe9a3137863bca88429f85aff65e9a38f
1674,G_004_13_199,exact,A,,unrecognized_review,6c7c6b1b8cf7d7c2000459ae4c36ac251a398c45a199c0a42a89f32d9601b75c
1675,G_190_13_11626,exact,B,,unrecognized_review,0138890be98b5765fcb2a02c2fb86a3303c7b762e9b5cbdece678172e12cc475
1676,G_157_14_10836,exact,A,,unrecognized_review,9a6c5b4d457a27facb8399680e04e03552739a6b598e73a8d60ca363b6dc672b
1677,I_109_123_14,exact,A,,contradictory_review,583e84ada1fd22edbf6bfab83582543c0e103803999ec7c925fa5269b5bc6dc2
1678,I_068_081_13,exact,A,,contradictory_review,15a00f6fa0c6eae53ca7d9bedad189bcd4d7374bd301873d71fd85884c4c4105
1679,G_911_13_15734,exact,A,,contradictory_review,ca65b96263918faa08a1fddc71bb62306309a128c1f7aa7a4c92b08dac92ae97
1680,G_31_13_14056,exact,A,,contradictory_review,7e3ed37ef7915a4c91dcc332872444b343f789e6a7c6f8dc1ad0b48c87fa507f
1681,I_146_931_13,exact,A,,uncertainty_or_refusal_review,287ff2a63fa587e61c1d604b350bdf908bee9ecc77a5afcf72af763cd10ebd6d
1682,G_180_14_11376,exact,A,,uncertainty_or_refusal_review,169e59101d4402c50d721a28e85398b0e20533aa57a6d76e5e5a72b0c1c9779e
1683,I_125_167_14,exact,B,,unrecognized_review,ce66c6da6e0ba6fd9192ea4138dac842b4cdce93be5550a68c69c17ac5db8fd7
1684,G_044_13_3440,exact,A,,uncertainty_or_refusal_review,ee01985183f0e06078a2ec4a6ef6b03c7e25c09950b1faef52e3c266add04066
1685,I_079_191_14,exact,B,B,explicit_text,b1c9eb7c37e675fc517b6505924533cdce16186b5f0e203bf8eff78af200a1f9
1686,D_924_316,exact,B,B,explicit_text,b1c9eb7c37e675fc517b6505924533cdce16186b5f0e203bf8eff78af200a1f9
1687,G_065_13_5333,exact,A,,unrecognized_review,9d804e04e41a1f45412cdc445fdf3e4c217104abf5d41fab6393731ca0a80ded
1688,I_008_39_14,exact,INVALID,,unrecognized_review,32ebb1abcc1c601ceb9c4e3c4faba0caa5b85bb98c4f1e6612c40faa528a91c9
1689,G_280_13_13595,exact,B,,unrecognized_review,bb899b8cc0edcc15d125c9f978a284a50b9f0f99f27eda5d5f4e77ea0c3de31e
1690,G_3_13_14237,exact,A,,uncertainty_or_refusal_review,10f0d80f7bfe17750a36c4746dca3497d87d9610025d1aa1cdd7a581e97331c5
