source_record,pair_id,id_status,stored,derived,parse_status,raw_sha256
1,D_121_111,exact,A,,contradictory_review,44bed5cbc5ad31f83baf4e379ba7acb435dc57dda14aff86af07cf7eac8ec9c6
2,I_044_232_13,exact,A,,uncertainty_or_refusal_review,db6c0670a03511e9ff5c844527a6fb4eeb6ed6644da4c8a1fb3c1b9405d92946
3,I_067_932_13,exact,B,,contradictory_review,3c2166ca02be59642b3a080e7f3ada9c1085e0fde175422ce1831573525e9372
4,I_169_222_13,exact,A,,unrecognized_review,05041ff99acc8397d7077c86bb5f5e168595ce1b3ab05dfd8977e9774248197a
5,I_051_174_13,exact,A,,uncertainty_or_refusal_review,a9eda3283de7bba3867bd499fc4a79549d88cd9fde64a614623ed6c5c1ae7206
6,D_041_36,exact,A,,contradictory_review,5d2e3ea477708480e614c5441d161939e56ce5eaabf4906f2c49ff3d62fbb3ee
7,G_200_13_11863,exact,A,,unrecognized_review,dc324b6a4a205dabae2d5a9226bce746509785a0efbb07889b5595335702cebd
8,I_049_269_13,exact,A,,contradictory_review,dcffb97ab5acaa1d81d31dab2ae698020f82841fcea0119f6295eaf6e0e13285
9,G_256_14_13142,exact,A,,contradictory_review,1b6f8e738adfccbcf5259cbda7f97429d6a9f851861a0729134756b47fa5899f
10,G_159_14_10898,exact,A,,unrecognized_review,d828eb46d389a5d775653a01f6e562d4e1ce883450632c750ebe497ba8873810
11,G_202_14_11903,exact,A,,contradictory_review,2587bbf75c2f1522c98c4ba9c54d821e33bf18129ed60a2391f3d0572d21ed8a
12,D_46_259,exact,A,,contradictory_review,47a90497894af0284b6cff3c5d69c806e9bc85bbe1f5a9d2334fb58179b6712e
13,G_112_14_9805,exact,A,,unrecognized_review,a8dcf61d37f50c6ade7daba425f77c941804372b619f186e0266ae3f3684a812
14,G_192_13_11674,exact,INVALID,,unrecognized_review,192af065e096bb4bfe44608d6874590f9613e91f042ded152b779a98f8431073
15,I_009_216_13,exact,A,,uncertainty_or_refusal_review,14525fc17d61203d4123356205306d78143134cc5288d73e36fe96b011e951be
16,D_155_135,exact,B,,unrecognized_review,5c8d947d8a0ee9dc6b9a2abf5655f675baa6a80131ccd3a0ba6860d9b1cc8dca
17,I_31_911_14,exact,A,,contradictory_review,de92a837d68292387717be91582a7a88a133bae889c18eca455e7bf63e5559e4
18,I_233_293_14,exact,INVALID,,unrecognized_review,45ee952ef56baf8a5b97b48e3784f04b9b166e1ab3a10ca5521e9a55a0f25b25
19,I_57_71_13,exact,A,,contradictory_review,99a9a7f92482f0814f2a94d24af18d4f0d02a736c0e13faf5413b5451319d424
20,G_048_14_3830,exact,A,,unrecognized_review,5553bcd16dbd48b421a5d19ee457e5459ac3303ee448b5aee06f9202a4c609d4
21,D_191_165,exact,A,,contradictory_review,64bd4e17fc6f6809849a1440c0dea10a4b8a53c78eb8406f48fe4b95b854ad0b
22,G_182_14_11428,exact,INVALID,,unrecognized_review,fd0ad9026eee596b7072a762941f60bef57e760a230edd450b3a634825685c2a
23,G_009_13_633,exact,B,,unrecognized_review,f429c125d306e49e8e4005f5978c6b2f4197febdd8a4b3159062b3d33529f831
24,I_83_908_13,exact,A,,unrecognized_review,14ddfac745bc0ec37bcde10174ad5ec015ada001d6d408ca44d408e4c4ab80bd
25,I_010_173_13,exact,A,,contradictory_review,9ffdcaf746032d3c772e929db0b0175de6fef839c941173729b2a8f484052246
26,D_004_2,exact,A,,unrecognized_review,1648e21ab2def1e41988cccf9d96164904755de85cf3d7cc3f7d7fc31e847a58
27,G_212_13_12077,exact,A,,unrecognized_review,e53b7ac371599af27dad246ada8898f6d6edd4683396b6798b32b14962729214
28,G_270_14_13504,exact,A,,unrecognized_review,51825e97cdfd106715d6b2c6e6d9cae76c15d0414aa704aa33d8687110636c5a
29,G_42_13_14322,exact,A,,contradictory_review,ec21d5f70eace43d72c0375b739de60f1f77191267ac3e2b4dc4d22e5c7e2d66
30,D_128_117,exact,A,,unrecognized_review,ab6bfdb8c9203fea29da790482288df49860a38d8b6a485430978626c8a9c7fc
31,G_934_14_16443,exact,INVALID,,unrecognized_review,32ebb1abcc1c601ceb9c4e3c4faba0caa5b85bb98c4f1e6612c40faa528a91c9
32,I_059_900_13,exact,INVALID,,unrecognized_review,fd0ad9026eee596b7072a762941f60bef57e760a230edd450b3a634825685c2a
33,I_31_82_14,exact,A,,unrecognized_review,85569b89279cd2f646bc183a176c3ede3c53955927cda64ac57383315828248a
34,I_034_181_14,exact,INVALID,,unrecognized_review,896d4c393fdd406af0e2379df1872533ec2c4c4620e156ba6d7ce1d1bb65a6c8
35,G_033_13_2634,exact,A,,contradictory_review,846062e45662296469f38b6153112b16a1121e736603b24d7633b87afab3e2d7
36,I_136_263_13,exact,B,,unrecognized_review,2877b252d8118899c9d7a26a4b6559b26475d5d88e2803f57b072f138a01a178
37,G_160_13_10911,exact,A,,contradictory_review,79923a9398849628128f22e9ce56a0034cc88a4b4ab0254932e3302558cc818f
38,G_12_13_10249,exact,INVALID,,unrecognized_review,158a842a72e31dd6fa130276f5d4e7b5a1815bc511b37915709f4105eae2fad2
39,I_006_044_14,exact,A,,uncertainty_or_refusal_review,9bdfdf5208472b167a587e5433fc586f19f8ad2289160fe7aaf232d5d26455c7
40,D_218_186,exact,A,,contradictory_review,98adb8341c1249e86b49d65d3a8f153658c04ba527978bde20ea002798a79999
41,D_39_252,exact,INVALID,,unrecognized_review,32ebb1abcc1c601ceb9c4e3c4faba0caa5b85bb98c4f1e6612c40faa528a91c9
42,I_229_916_13,exact,B,B,explicit_text,b1c9eb7c37e675fc517b6505924533cdce16186b5f0e203bf8eff78af200a1f9
43,G_049_14_3960,exact,A,,unrecognized_review,02f00e683f6bb87f1d379589afa1e0171a719ed70088b9b408f44e7c9129d332
44,D_918_310,exact,B,,unrecognized_review,bf52c0208aaad1d7796e429556fff7026f9afd6f5fd17bfd4f16819af2e3a522
45,G_43_13_14353,exact,INVALID,,unrecognized_review,c977dbe785221d34114d345fdf8ff4e18bb4af66750751dbea29407f9738735f
46,G_923_13_16063,exact,INVALID,,unrecognized_review,45ee952ef56baf8a5b97b48e3784f04b9b166e1ab3a10ca5521e9a55a0f25b25
47,G_127_14_10171,exact,A,,contradictory_review,ce46766f1346a471a8c6031192d0985dbf5a24676db69a08b5c2220b830fc2e3
48,D_051_45,exact,A,,unrecognized_review,ad9218cf2bd28e3e1fb5c50e7d8c0298dcbe35080533e44432bd196772f2d7da
49,G_197_14_11779,exact,A,,uncertainty_or_refusal_review,b4964054d8c78d5ad0d1b6e8ec915725bbeda9f42c6bcebb14e8391599637ca2
50,G_018_14_1489,exact,A,,unrecognized_review,2c6e65fe1f18557d23d520c8733000b23a301bb09876c1b26aedec6628126fea
51,I_049_901_14,exact,INVALID,,unrecognized_review,b708879163e27043e95ad405bbc04c89ff8ebaf1ceebd375ff6807ed23f44a47
52,I_36_67_13,exact,B,,unrecognized_review,c798c0b742233ba56d1be217f57538e36d09e0e7e67a550a212abe28b341414a
53,I_146_194_13,exact,A,,uncertainty_or_refusal_review,90d8bed9897e546adbea7bbae111ec710471acb4f6e2b88d524c88447e0510dc
54,D_279_230,exact,A,,contradictory_review,27973137a31965f55ed09f3a20d426402e551ef809cb241e934f4df3e816d334
55,I_013_919_13,exact,A,,contradictory_review,e9128b78fcf28962665b8fcde1ab105920f08b3e8b94fd8a84afb6794d695113
56,D_094_86,exact,A,,unrecognized_review,3bf78dc9309b322655cd9df174591d4d444320dfab0645088797da72222458b7
57,D_158_138,exact,B,,unrecognized_review,5c7f2a1acdd7ca8ed7c72b797a85a5e9ac048fd75bf7608c03e8bfe422654984
58,I_057_909_14,exact,INVALID,,unrecognized_review,fd0ad9026eee596b7072a762941f60bef57e760a230edd450b3a634825685c2a
59,D_099_90,exact,INVALID,,unrecognized_review,fd0ad9026eee596b7072a762941f60bef57e760a230edd450b3a634825685c2a
60,G_125_13_10127,exact,A,,contradictory_review,7972be4c6fdeef9fd40bfeb58d37411db534fb2adede92748a32e5cf0255490a
61,I_048_22_13,exact,INVALID,,unrecognized_review,ab0531c9d89473e8c5af60d4621a5d5bfaa6a5b1f1ebf3cc69e20814fee801cc
62,G_156_13_10789,exact,A,,unrecognized_review,3e751753762d90d8da256c5a155b29fac8f1b3ba35889fdad8150db18a2b1ef8
63,I_42_939_14,exact,A,,uncertainty_or_refusal_review,c8f02d2609126691a0a368938fa6d0d93ff8cb1d3a1a6816de79445ca261b5e6
64,I_164_279_14,exact,A,,contradictory_review,eb08b5c4af5bfe8eb4c391757a770004b7dd5c452c5fdc427f99c23572714d11
65,I_007_253_13,exact,A,,unrecognized_review,a3dc87d869c7b8942695fa1760179076307a240924b6682e4236673109f0f232
66,I_902_919_14,exact,A,,contradictory_review,44bd523a67815778dc8a2cf8c06b700998538830af6d3f31296eb3b144c2810f
67,I_100_189_13,exact,A,,contradictory_review,2f31da42ea7c532cc071745a2e29aa06b482334a24c1976095f291f0e119fc2f
68,G_122_13_10044,exact,A,,contradictory_review,b49a3906547856fbf1fd33db854c3e2d53b1ea5b6e5555bae8000db42400f550
69,I_024_130_13,exact,A,,contradictory_review,53086c39a2cac4abda1a9a9d6c6a5e457de0aa4345b7819bbcad36313250ca5e
70,G_284_14_13708,exact,A,,unrecognized_review,37c5bd186654cc6860aa6633548f8078b8efae333fd794c91f8af1f81ac10481
71,D_228_195,exact,A,,unrecognized_review,3bed7d50db22b040a4c6ef8b95870cdbff3e318832b9a5967f5dcf50fd8756b3
72,D_016_14,exact,A,,unrecognized_review,67fee3ae2e87b0fe56e371c41f28f963db72aa5fe9c9575625491c906157f392
73,I_123_932_14,exact,A,,contradictory_review,eef1bfea381de54c93bfd65ba0fb905bdd7d1d1b631b7ef26af23023b23d7943
74,D_101_92,exact,A,,contradictory_review,0b6afe424fcd936510d938be1a93fa423fdba7b8cc0da60838c0b33fa275c6f7
75,G_026_13_2176,exact,A,,contradictory_review,16a0ab153f39d078456d736e3b1f76652bf429ecd9d0fe7929c5c4592373d395
76,D_35_248,exact,B,,unrecognized_review,4f15e4c2189c3bee3d90a07b85fdc4f0e016d9d45053fcd0ed8fdb310fd16856
77,I_055_932_14,exact,A,,contradictory_review,d7faed158db27280475086bf29de1f81f2454efb77c918c2192afde9006cca15
78,G_159_13_10878,exact,A,,unrecognized_review,d9b5b927b2fd6254c0acc39ab70e9abd0cc851a4a89cf6c2a713a0924ca802a4
79,I_026_051_14,exact,A,,uncertainty_or_refusal_review,9a86c57248dd052ba817cedd60663e71c34bc5469dc8e40c9e8e61ba311dc13e
80,G_127_13_10162,exact,INVALID,,unrecognized_review,76a71fbef8a8339fcbcaff8c9aadfb85c834bc3cc0c07069a5ebb2eea3d90d68
81,I_013_175_14,exact,A,,uncertainty_or_refusal_review,76442e7c294289cda88419d774f6bc2c92a531544b1dba63b5c85fa80713eb2f
82,G_905_13_15522,exact,B,B,explicit_text,b1c9eb7c37e675fc517b6505924533cdce16186b5f0e203bf8eff78af200a1f9
83,I_907_922_14,exact,B,B,explicit_text,b1c9eb7c37e675fc517b6505924533cdce16186b5f0e203bf8eff78af200a1f9
84,G_194_13_11703,exact,A,,contradictory_review,842c1eda4fb45c21f05310e42074c24f13b975df3df04cd51c5997fce5717349
85,D_132_120,exact,B,B,explicit_text,70307be4b69e7a70d88c458081673e449d4707f68a13bbecbb8ebe60afbbf9f1
86,G_196_14_11755,exact,A,,unrecognized_review,d5dc18d427857c4c30f973f5d30d1096296c58dd589e7d009eae4350ccd8900c
87,G_929_14_16265,exact,A,,unrecognized_review,5b12ff7fa23d8694f8a747156d29365528510bd49fd26871148a6106c4e040ef
88,G_240_13_12731,exact,A,,contradictory_review,d61f025935f6af4a66dc9fa77821200ba026b02f1770975f7d80c2b2ea8c643c
89,G_47_14_14464,exact,A,,uncertainty_or_refusal_review,a7cd8945435022d0b534e2a4f510e77b91d3b8b92f5880f3531bb72189af5bbf
90,G_912_13_15765,exact,A,,contradictory_review,ecf70810889f85575f0aefcc6504d94357da4615953a6689a022db16aa1706f4
91,D_157_137,exact,INVALID,,unrecognized_review,32ebb1abcc1c601ceb9c4e3c4faba0caa5b85bb98c4f1e6612c40faa528a91c9
92,I_231_263_13,exact,A,,unrecognized_review,31a195832c9204edbd3731093996f2830215f6421ca36f87210c49f82cb21df0
93,G_247_14_12927,exact,A,,contradictory_review,5b4f23da8db107802649815566ed6218563e09b5bdfea4f2fda2204f90be4933
94,I_005_81_14,exact,A,,contradictory_review,d2ce17b68d660d00509304e979799e1f99100c24adcbcb56ecaa4fb5b6832380
95,D_59_270,exact,A,,uncertainty_or_refusal_review,74fee00952e0125cd085ce33418735d5513fcba5a04c1533dd8b68842a36d747
96,G_011_13_817,exact,A,,unrecognized_review,17806a814cc9e8c8f15204cb6f799d515a401d75ff929d5bd12273013bfef38a
97,G_14_14_10714,exact,A,,contradictory_review,e8a9b05a577615959044c3e8e03573b47684c0b981588a875a3b3f082fec471e
98,I_074_218_13,exact,INVALID,,unrecognized_review,192af065e096bb4bfe44608d6874590f9613e91f042ded152b779a98f8431073
99,I_197_241_14,exact,A,,contradictory_review,79819bc2a02a85915e3dfb2684d4439a61dcbe9eb40aaa48e9154a9cd73b9b00
100,G_271_13_13508,exact,B,B,explicit_text,b1c9eb7c37e675fc517b6505924533cdce16186b5f0e203bf8eff78af200a1f9
101,I_48_927_13,exact,A,,contradictory_review,44bed5cbc5ad31f83baf4e379ba7acb435dc57dda14aff86af07cf7eac8ec9c6
102,G_18_13_11603,exact,B,,unrecognized_review,b208d91f351776637d61d7291a6238eb5b242eaaad6cfd05380d0288bf57b290
103,D_110_101,exact,A,,unrecognized_review,474e3a09415697daca8b5b35d1e5854a6cdf5b6a5ab16ab75d237efefad09861
104,G_160_14_10920,exact,B,,unrecognized_review,ce66c6da6e0ba6fd9192ea4138dac842b4cdce93be5550a68c69c17ac5db8fd7
105,I_913_914_14,exact,A,,contradictory_review,1768ba1f32acd4deeeb74b409daf9a4d44b9ad468cc9c2ad72f396aad326e190
106,D_903_295,exact,B,B,explicit_text,b1c9eb7c37e675fc517b6505924533cdce16186b5f0e203bf8eff78af200a1f9
107,D_038_33,exact,INVALID,,unrecognized_review,45ee952ef56baf8a5b97b48e3784f04b9b166e1ab3a10ca5521e9a55a0f25b25
108,D_079_71,exact,A,,contradictory_review,f7d7785ec39eafe569158554026f29e613a98170eeef0502f786e2dea699eff8
109,I_152_35_13,exact,A,,unrecognized_review,56568593e898c2976a8e739fe232971d3bfd8f2d78240b8210a356075d0c6bd1
110,I_005_132_13,exact,A,,contradictory_review,d9d13da7bbe26b8e6912d1f65218c6c3d5cc86bae0880a2dca65cab41fa2d8dd
111,I_088_149_13,exact,A,,contradictory_review,b1efe9cd443fee0623b5efe982c94274cbf583a3fab7c371e92d944f0b34c527
112,D_94_333,exact,A,,contradictory_review,aca817ced44f592082b2e15538251ba9efe5685fd5af3b24120141e972310a11
113,D_066_60,exact,A,,unrecognized_review,d7b0fcd0089f70e49a435b68589683a5c601eac41dbf3aa4912fadd75d85211e
114,I_067_077_14,exact,INVALID,,unrecognized_review,32ebb1abcc1c601ceb9c4e3c4faba0caa5b85bb98c4f1e6612c40faa528a91c9
115,D_88_289,exact,INVALID,,unrecognized_review,ab0531c9d89473e8c5af60d4621a5d5bfaa6a5b1f1ebf3cc69e20814fee801cc
116,I_027_163_13,exact,INVALID,,unrecognized_review,32ebb1abcc1c601ceb9c4e3c4faba0caa5b85bb98c4f1e6612c40faa528a91c9
117,G_031_14_2510,exact,A,,contradictory_review,f733e65fdec59bc7a1023f5de5242c5efe0a8df5174e3bf6ef17d0e8a9e61feb
118,G_198_13_11796,exact,A,,uncertainty_or_refusal_review,7c8df275e65cacee5126784363f8eae4b7cfa3b29cd51b70cf5065259fa2a4c4
119,I_158_931_13,exact,A,,contradictory_review,ad176bf01131710ad4340d1ff8ae59e77ec0375fe514b372cf162112f24d5b66
120,G_071_14_5907,exact,A,,contradictory_review,e1ac2a937c961cb7901ab7ee279b9f15c3bc3a63b9b7a806ef5c6d9f55b0dfb3
121,I_266_70_14,exact,A,,contradictory_review,1b6f8e738adfccbcf5259cbda7f97429d6a9f851861a0729134756b47fa5899f
122,D_173_150,exact,A,,contradictory_review,6813ef1efb161ebe9a490013f9cc35abd04b60dbf923b7563563e18172465ade
123,I_156_280_13,exact,A,,unrecognized_review,0e92d1d47adc17e10ff184a1d1040d15eed8d565e1d3b482a27a64d9fe88649d
124,I_055_36_13,exact,A,,contradictory_review,89c224f071a6d88c97be0588035086ebb3eae4566cb207bf0f827c515babbfce
125,G_046_13_3632,exact,B,,unrecognized_review,95080d6a4ee7d5533801a831abd2738e6b73d21b501df467fabd697dac28bb62
126,G_109_14_9407,exact,A,,contradictory_review,df6e2a4e3b3f76105807288cee9109744e67779cd086cc73d58d496d5e5e2aea
127,G_51_14_14610,exact,INVALID,,unrecognized_review,32ebb1abcc1c601ceb9c4e3c4faba0caa5b85bb98c4f1e6612c40faa528a91c9
128,G_27_13_13568,exact,B,,unrecognized_review,ce66c6da6e0ba6fd9192ea4138dac842b4cdce93be5550a68c69c17ac5db8fd7
129,I_049_81_14,exact,INVALID,,unrecognized_review,192af065e096bb4bfe44608d6874590f9613e91f042ded152b779a98f8431073
130,G_057_13_4601,exact,A,,uncertainty_or_refusal_review,61b00fe1fe30af88f67851093791b1bc07fb0ddd0b40108d44ce5688bc531f81
131,D_258_218,exact,A,,unrecognized_review,ca0d1511ffdd580b33dac5ea79f66156cd2df39e82b3cbcfa1605a5247b99429
132,G_904_14_15508,exact,A,,contradictory_review,df8e3154c41b729de90db8e7d1fde8545e7b07c83b3a634dd6f5c87a58aaaa6f
133,I_100_279_14,exact,A,,unrecognized_review,330616fb9ca90d2806219bd6140145009732cd6010112aa0031fea78d96b4a64
134,D_68_279,exact,B,B,explicit_text,b1c9eb7c37e675fc517b6505924533cdce16186b5f0e203bf8eff78af200a1f9
135,D_240_203,exact,B,,unrecognized_review,b31d50e8008168d190f203a65fe03d6d9cdf38c2429887753b49baf3addc1448
136,G_907_13_15583,exact,A,,unrecognized_review,e2d0129379d035eabf7ad1677f12badd4979730da626bc7521740839ebcf9ac6
137,G_927_13_16188,exact,B,B,explicit_text,b1c9eb7c37e675fc517b6505924533cdce16186b5f0e203bf8eff78af200a1f9
138,I_11_924_13,exact,A,,unrecognized_review,789d71405f11a1e18c7a4c9f9ccdaabd379f15f26656ddd7a16e2e42040cd2d8
139,I_240_918_14,exact,A,,contradictory_review,8ebb43390e7bbc1607a60959516d433d0b9237758a132feb29f32a1c2052724a
140,G_284_13_13695,exact,B,,unrecognized_review,57842c1b5fa98dc9a724e902cf7568e3e2a2e74d2ff253f7962e029104d010fb
141,I_4_47_13,exact,A,,unrecognized_review,a2cd83a8d52e2bae9f6aff153b5d852f953641aeb90d1f71624dbe104e609be0
142,G_181_13_11393,exact,A,,unrecognized_review,7392633dd9c75f1c5fffbcb276fe347575d816f974d89e3e4738970b5926cee1
143,D_227_194,exact,INVALID,,unrecognized_review,b6fc03b39a2fb859ce9af1c74a3521b1e410174eea76000a1ce038e4bf723527
144,G_96_13_16700,exact,A,,unrecognized_review,97a64ebaca29a049e6d105f396f29729b7e8717c04f1dba41fd6cdf2c7e0d660
145,I_075_081_14,exact,A,,unrecognized_review,9c2e1adec78b82ac4b0a7546b7d6ee45fdfa41ebb5a727039b371629f6e3f433
146,I_019_229_13,exact,INVALID,,unrecognized_review,45ee952ef56baf8a5b97b48e3784f04b9b166e1ab3a10ca5521e9a55a0f25b25
147,I_128_138_14,exact,A,,contradictory_review,c153660ee2a969071cbf379d2113f7c55d7e2051c6c6e6a19593edeca0411245
148,G_249_13_12978,exact,INVALID,,unrecognized_review,32ebb1abcc1c601ceb9c4e3c4faba0caa5b85bb98c4f1e6612c40faa528a91c9
149,I_080_181_14,exact,A,,unrecognized_review,0deb098330dd4e15841629ba4051ded68fa3ad8f0a0e19ca9baebc2b19d9fc13
150,I_021_917_13,exact,B,B,explicit_text,b1c9eb7c37e675fc517b6505924533cdce16186b5f0e203bf8eff78af200a1f9
151,D_233_200,exact,A,,unrecognized_review,f29576b63558b27d405199c09f38183c0157ffe1bddc9ceec2af7f3624ba71e4
152,G_053_13_4271,exact,A,,unrecognized_review,9c80985f3f15b3b578f060286389c3f3a5567284e954c097fa316f5b5aaea2fe
153,I_223_53_13,exact,INVALID,,unrecognized_review,45ee952ef56baf8a5b97b48e3784f04b9b166e1ab3a10ca5521e9a55a0f25b25
154,G_279_14_13557,exact,A,,contradictory_review,1b6f8e738adfccbcf5259cbda7f97429d6a9f851861a0729134756b47fa5899f
155,D_129_118,exact,A,,contradictory_review,a0531eb3f4f7240816d872ffcd476efb814de2c9cceb62a90a741f41020caa70
156,I_084_163_14,exact,A,,contradictory_review,dc79fba82ce145c3a7dca6223fa47cdb1637f3720c458a9ba959c3d1225b63ec
157,G_015_14_1230,exact,A,,unrecognized_review,bcd67a97f6fa455cd89182f9e9d68fa3bb4d76dabcee3c0ac9fd9a581fd81283
158,G_057_14_4669,exact,A,,unrecognized_review,77dd29d1a59679f6ae5cd929c321b5285747012a98eade0e57ae9147749dd2d2
159,G_098_14_8073,exact,B,,unrecognized_review,7460de4f8b12698b3d1018c66ca86a132ebbe3638b4ea132130ef3a6f2fd488f
160,G_043_13_3371,exact,A,,contradictory_review,25f648cf71b3c9f1b37ec9200b63e008ad1fe544abca79fdcfa8e429422949e0
161,I_216_931_13,exact,A,,uncertainty_or_refusal_review,b7a5d4891c6288defd74a76b1e2cba8fdb4179d4318ebbe5950f83e6e9ae79ed
162,G_144_14_10558,exact,A,,contradictory_review,36b69512de9d27b24b02a7983a9c025da8b38473b482c45341dd637bc97e4f80
163,G_76_13_15198,exact,B,,unrecognized_review,e719fe46322c63fc5494efa2f111fa3381560540b35031e0a580bee5e39816b2
164,I_048_915_13,exact,A,,unrecognized_review,baa7415afc21efe0525d2dae6d5eddbd41063c7f95d2acd37430847f0f3f4141
165,G_66_13_14998,exact,A,,contradictory_review,41bde00ff01831fb997874504c328a856a861b9e4bf3e5faed67132e7ec3c35d
166,D_292_242,exact,A,,contradictory_review,2df8a1cd8863e76dd78367ece6472e9d5fb3e15988b783216dcc728849f02079
167,G_263_13_13332,exact,INVALID,,unrecognized_review,fd0ad9026eee596b7072a762941f60bef57e760a230edd450b3a634825685c2a
168,I_087_24_14,exact,B,,unrecognized_review,ce66c6da6e0ba6fd9192ea4138dac842b4cdce93be5550a68c69c17ac5db8fd7
169,G_010_14_801,exact,A,,contradictory_review,518d54b8a9d9dcd0f3990805bb40c479fa0f2d87a5a8adb7ddc5f95216d49d36
170,D_074_67,exact,A,,unrecognized_review,356d1f334aa7477e8afaa416df7ef7c1a76225b2ad470fb6dcc5f5acf8435d85
171,I_012_049_14,exact,B,,unrecognized_review,45eabdf8cb82c539b7985a6c0f200acf81b61c8b5fc26ffd7e69d31f441607ab
172,I_230_930_13,exact,A,,unrecognized_review,9c16e91bbfca30a198de7cc37a7671470c80c80e929f8504110ea57f49655ab2
173,I_054_222_14,exact,A,,unrecognized_review,848e1816223761ae5515783689617d1b3c123038cbcba862adf9937cc86cf2e1
174,I_116_118_14,exact,INVALID,,unrecognized_review,45ee952ef56baf8a5b97b48e3784f04b9b166e1ab3a10ca5521e9a55a0f25b25
175,D_225_192,exact,A,,contradictory_review,f13907d4c12cf829fc624ab1d9fa5b42aa66cd3b926f7028a5006762b90ea84e
176,I_112_156_13,exact,A,,contradictory_review,38ccded7de78ccc2dad8c7b6d3e73f6b41181ff76c79bea265338f5b1dba0b60
177,D_904_296,exact,B,,unrecognized_review,a225d1b67cbbbfbd31a142c78f50dec1dcf74facd6ae27066da99fdf8cdd8488
178,I_180_181_14,exact,A,,contradictory_review,13c53b854995522ace5b36e5ec5fa3d52780a9ec462db6330c42226551050a6e
179,G_241_13_12756,exact,A,,contradictory_review,7da36ac79e723fe8601e5c449999b41a731359c073e0e5fe039e6ff2e739e2fc
180,G_49_13_14509,exact,A,,unrecognized_review,6421ae66a0968e7811e5f38ab4ef8e34d9902151d5a6cfde893979e50019d161
181,G_060_14_4907,exact,A,,unrecognized_review,f828aa6f9b941273f8fb067a67b4c1304fdad85fbd75f48820efe53575f0add7
182,G_174_13_11236,exact,B,,unrecognized_review,72b90e194346f6867c802b944835ca483cfb89a94b2beb71612d21fcc3d5c563
183,I_245_40_14,exact,A,,contradictory_review,b95e7facd3e2d4acb4312e236d38b81f08f57c81a8028001e284e59fc682bc7f
184,I_198_224_14,exact,A,,unrecognized_review,a42aeac58463a6a28eafe30842e58b50193dea6a159a741cace82d6d68e31d2a
185,I_237_43_14,exact,A,,contradictory_review,0e7f42e245f98a6e0bbe4baa60f59b082bd9e14ea986fcd294b130a0ce6a790f
186,G_025_13_2084,exact,A,,unrecognized_review,6331f599ee44cff02aca79202aaf09da2c2a2fba30705e745f057a4ac54b64ee
187,D_43_257,exact,B,,unrecognized_review,7e3f7a14d710d42a7ca4c6dd30466f82be1f13a109602c9d9dce9d62a77ed67c
188,G_928_14_16226,exact,A,,uncertainty_or_refusal_review,283d064b96f995b0fc65f1c66ced88a492c9337104e6b033b543dd9f777dd461
189,G_035_13_2823,exact,A,,unrecognized_review,ed29dfef3282cfd6a60c63805ff1a35b335892fa3f08354a99ed4ec1fa7b9623
190,I_048_216_13,exact,A,,uncertainty_or_refusal_review,eefda5b09d4321e69851ad7329c6b644f4a98fd62c68208ae91f13148455347f
191,I_014_76_13,exact,A,,contradictory_review,cb7d97db8782af8f68340236f55d17d8cb29d974a0e52e07b20bb12516d6b786
192,I_111_904_14,exact,A,,unrecognized_review,2b357d33a2eaf4035ba6c8b9c2514d7b6b02ecb0242504a93fa1800b86862bc9
193,G_177_14_11308,exact,B,,unrecognized_review,3798506903abece9ea65ec9cd585acec97485626d38a92afab7828493570372c
194,I_064_074_14,exact,A,,unrecognized_review,adf83f8618ed9bbe6a7b7bba7df4767473d2403b0012065f3376329f83d62d4d
195,I_241_252_14,exact,A,,contradictory_review,adbc681d56f2587e7f423a46941e85febdda52fbadfb30f4da965d52d6be0301
196,D_103_94,exact,A,,unrecognized_review,a44e12e16f384f008e2fb9c2c8be3f10345975cd2ed3d95a6ec1278e351fd40c
197,D_071_65,exact,A,,contradictory_review,25f648cf71b3c9f1b37ec9200b63e008ad1fe544abca79fdcfa8e429422949e0
198,G_248_13_12935,exact,A,,contradictory_review,2718bcd62b9ae0e6a6113352d416914740612ac103bcc3f55375ca40afdaf466
199,G_68_13_15046,exact,A,,contradictory_review,f7c558d977b022ff2deca5fd3638a698021d3c1cb9bde1ff4c545ae5736df9c2
200,G_184_14_11491,exact,A,,contradictory_review,1b6f8e738adfccbcf5259cbda7f97429d6a9f851861a0729134756b47fa5899f
201,D_226_193,exact,A,,unrecognized_review,7097292b9cb3b1edd9ea42f76608c03fd3e428d8d512ea586ce6b0b69a258474
202,I_061_288_13,exact,INVALID,,unrecognized_review,fd0ad9026eee596b7072a762941f60bef57e760a230edd450b3a634825685c2a
203,I_008_60_13,exact,A,,contradictory_review,b0cd35cfde7e0d2f9ffc1d93171b780aa875bee67e5e849ebbbe8635cef440e2
204,I_191_237_13,exact,INVALID,,unrecognized_review,f67ab10ad4e4c53121b6a5fe4da9c10ddee905b978d3788d2723d7bfacbe28a9
205,I_158_226_14,exact,A,,unrecognized_review,781325caf14af831b7fae8892db92d248eb4859beaa2fa6434a4ce191fcb6a97
206,I_090_102_13,exact,A,,unrecognized_review,815c0073e4e4044c098594c955d804c2481964ac371b65a77732b401b0bb7670
207,I_117_918_13,exact,A,,contradictory_review,35cc5eeeb042a6699b18eb337de03d25c5dc882c08fb2ce2778ee63c592e11b6
208,G_270_13_13483,exact,A,,contradictory_review,abc7aae8117dff3862d711228bac0649d5d1dec4446bc95ad347066b0c095210
209,G_299_13_13963,exact,A,,contradictory_review,6a8d4ef17e5672adc96584a0303414f6f45d03752ab002d00106f7a5b161937d
210,G_266_14_13377,exact,A,,contradictory_review,67fa1194a993c19bdb50037f374543dad2bcbb0248c4057d812614f4205c73a3
211,I_062_132_14,exact,A,,contradictory_review,1faf1a6d8fa9aa303bb32887203d382cfaa10d13d15be6e1036c4e08da1ef610
212,G_279_13_13541,exact,B,,unrecognized_review,f429c125d306e49e8e4005f5978c6b2f4197febdd8a4b3159062b3d33529f831
213,I_094_96_13,exact,A,,contradictory_review,40ff3389578e2c6723bcddccc592f762c84537b958b69ef9c4cd2091b38f2356
214,I_36_921_14,exact,A,,uncertainty_or_refusal_review,1bf5878d6d7e57d59de045a5387a8ca70e315a7e6cafd8fa187d7e0c715b432b
215,I_097_27_13,exact,A,,unrecognized_review,e7e7051a9d741c61be716f1aebc8cfbc772709085e55a8600878faf4427acc10
216,D_048_42,exact,A,,unrecognized_review,6fdb32f84506bfc4d38fc0787fdfd84c5a4f8e1081b1f22964a70978db4b3e8d
217,G_919_13_15982,exact,INVALID,,unrecognized_review,fd0ad9026eee596b7072a762941f60bef57e760a230edd450b3a634825685c2a
218,G_120_14_9991,exact,A,,contradictory_review,74198dfa018c30e56fcd8521ecfba15aac11a0f454809785b0b367aed95b7f91
219,D_220_188,exact,A,,contradictory_review,ef7b1fa784c55e7381b55d92a50e8c848cbbaa81155b980f83d5da6509ebbe6a
220,G_11_13_9954,exact,INVALID,,unrecognized_review,fd0ad9026eee596b7072a762941f60bef57e760a230edd450b3a634825685c2a
221,G_271_14_13527,exact,A,,uncertainty_or_refusal_review,bb50c72728a652552f9178d260b2d1530b47683da3cdb579b8335ad7ccfd6807
222,G_78_14_15241,exact,INVALID,,unrecognized_review,32ebb1abcc1c601ceb9c4e3c4faba0caa5b85bb98c4f1e6612c40faa528a91c9
223,I_056_14_13,exact,A,,unrecognized_review,7a0ed6d097a0cfc28b6226864dd1fe8b83d57bf464fdd8b5ffbfb98ad40c8ea6
224,D_031_27,exact,INVALID,,unrecognized_review,32ebb1abcc1c601ceb9c4e3c4faba0caa5b85bb98c4f1e6612c40faa528a91c9
225,G_083_14_6820,exact,INVALID,,unrecognized_review,fd0ad9026eee596b7072a762941f60bef57e760a230edd450b3a634825685c2a
226,D_271_229,exact,A,A,explicit_text,85a39ab345d672ff8ca9b9c6876f3adcacf45ee7c1e2dbd2408fd338bd55e07e
227,D_60_271,exact,A,,unrecognized_review,825aa83f91c78690d5e32030ae7bf13e3c97c287357fd123f01de7de2ceacf15
228,I_30_918_14,exact,B,B,explicit_text,b1c9eb7c37e675fc517b6505924533cdce16186b5f0e203bf8eff78af200a1f9
229,I_197_260_13,exact,A,,contradictory_review,58d2e95ba663e62a0101934b9489f2d889932094a57c353de563e96d602431bf
230,I_128_142_14,exact,A,,contradictory_review,6ce3321a26bed1b1918f1f4adf157f98607925fb736895fe0ede164cd854cf37
231,G_916_13_15881,exact,A,,unrecognized_review,5af91decde68186f3025daa00252d9832c8208db0b9415356634a27eb40c946c
232,I_081_901_13,exact,A,,unrecognized_review,b7d821b0409c73519f7e30c9024c312d54692b7de56372067ed29583318982e1
233,D_160_141,exact,A,,contradictory_review,ea6001d945294c6999199532f77769510a817bad8a59fe1562669e2dc53f88b7
234,G_062_13_5081,exact,A,,contradictory_review,4bf532ac8d68c468b4c6d5655e3c3ee2dd2b7c3d74ab82c38b630fdd23e86017
235,I_041_50_14,exact,A,,unrecognized_review,6987b47b8905b038e91a86af937c3e97f4e0e2629a92caa775926058814f73cc
236,I_172_72_13,exact,B,,unrecognized_review,42984cbf8cb1a36a97e1907c9676ad90de3005bd6d5166c1b9d51f3a3be3362b
237,G_044_14_3489,exact,A,,unrecognized_review,15cbf90021291861fdd496727eb7d3fbc1c82257609c70ba91092fa851d9ba66
238,D_109_99,exact,A,,contradictory_review,6c56c476f75176ebe008b7978d6330ac51add32693f934b04c6a9f1f87a4ebe7
239,G_102_13_8526,exact,A,,unrecognized_review,4c722546c1d2d22baf8962dc631d185a1956002e71e7786e65aa6aad435ee97c
240,I_172_54_14,exact,A,,contradictory_review,cfccae0637a74151f7ef2035458795f21f43e006586fc74d9d348e731a6d255c
241,I_094_116_13,exact,A,,contradictory_review,b881b462b8239f94d0edacd3c4938ba455b4886f144eeab8c49ea0612a032731
242,D_096_87,exact,A,,uncertainty_or_refusal_review,b0888256e2a7a7f0c00cf22fa9158899610093b266c3bdf172d9d3870254365f
243,I_82_933_14,exact,A,,unrecognized_review,834432f3015fd31d2fdfd1cacc95c86057af5612467b2439740a083987b80dda
244,D_059_53,exact,A,,uncertainty_or_refusal_review,c08c0146ae1705066a9360e8764aa9b7d467b293a63747e5ffb0099b957ccf40
245,I_192_299_13,exact,A,,unrecognized_review,78d721e8864a9d4f664d9d09f386f37a7af5a5ae6c4dd03bc5bf154a179bc8ab
246,G_67_14_15022,exact,A,,contradictory_review,1d4f9d063a2822e989a288ec9e52f2e5cec66d4645162f2b4933a6fdca4a2d33
247,G_072_14_5998,exact,A,,unrecognized_review,01dd5b7d4bcae5390dd22123474a22c912312f16a4f4e8ec541bffad83379cca
248,G_212_14_12092,exact,A,,uncertainty_or_refusal_review,354225a228f7f823335d5cb15ff527cce8226d155da373611b1ed4c1d84e5c67
249,G_38_13_14179,exact,INVALID,,unrecognized_review,fd0ad9026eee596b7072a762941f60bef57e760a230edd450b3a634825685c2a
250,G_223_13_12363,exact,INVALID,,unrecognized_review,fd0ad9026eee596b7072a762941f60bef57e760a230edd450b3a634825685c2a
251,G_141_14_10469,exact,A,,unrecognized_review,6a8dd086b31b8ba18f104040e206cf983419646347fa2f55a3ad44c8e25ed010
252,D_37_250,exact,B,,unrecognized_review,ce66c6da6e0ba6fd9192ea4138dac842b4cdce93be5550a68c69c17ac5db8fd7
253,D_167_145,exact,A,,unrecognized_review,d28360c891a2c42d6c4ce671f5843661d8a04d2e72c1ea1400e7b60649bdbf1a
254,G_189_13_11576,exact,A,,uncertainty_or_refusal_review,40a9d0a900d8cad51994af3fbca26cb6af45a6b151e1bbc27c685cb495f93be3
255,D_232_199,exact,A,,unrecognized_review,e0a3d0b25236379024cce83e976d333453fac6ab001fcf641699bfcd1636ff12
256,G_199_14_11824,exact,INVALID,,unrecognized_review,45ee952ef56baf8a5b97b48e3784f04b9b166e1ab3a10ca5521e9a55a0f25b25
257,I_198_901_13,exact,A,,contradictory_review,0f6b6560c85b1a774f490490a1402a224b2640f594eb510a515915b1555d0ba0
258,I_008_111_13,exact,INVALID,,unrecognized_review,d6d30c6567dfcbbe5528d4b0b50ae210bd6e1f474cb4d1e191041e3ae17ab2f2
259,D_063_57,exact,A,,unrecognized_review,d662ce8012d3a0a692990ca33477446398d60fb9f404ac869ee9dd97310465c0
260,G_019_14_1610,exact,A,,contradictory_review,2da16fc6e189ab9e32e1b41d7ab9319850d49fa83dcd99e81eb32c34fa1fd448
261,D_146_131,exact,INVALID,,unrecognized_review,32ebb1abcc1c601ceb9c4e3c4faba0caa5b85bb98c4f1e6612c40faa528a91c9
262,I_128_50_13,exact,A,,unrecognized_review,cc3fabab4f852714a9aafd2d87ae1f0f204499507b7664233561a7544f6796a6
263,D_123_113,exact,B,,unrecognized_review,40f00f9ce9b1461c880dbbf51d30b3c4821e541a9bf4a6ab05c8b6863ec183f8
264,D_182_158,exact,A,,contradictory_review,9a9edec009b5a97cd7331eea67220c5fe8b8bed1dd0ea32a25a51e0bd1fdb075
265,D_085_77,exact,INVALID,,unrecognized_review,e41352affbd8221ca0ae2d57457330003bdf9eacc2f1c00bd7db761c52e64e92
266,I_935_97_14,exact,A,,unrecognized_review,c2f4a9940376ea7cf2b4e07bed9895afc3af393ff00bc4631a0e7569df465ade
267,D_248_210,exact,A,,unrecognized_review,32118050fb306743787f01bff589ab2eef84c6f8f60703c0652353ba69a9e568
268,G_013_14_1036,exact,A,,contradictory_review,26b8c6273aae8b4021c8c9e1bfe5b8c9237661fe8e5ad3b033e36ba3d0065f91
269,D_935_328,exact,A,,uncertainty_or_refusal_review,f5c90215448da4400d5729b99f1211b84d7fcc24a4c07c2f4f0eaab80f4d79b2
270,I_258_92_13,exact,A,,unrecognized_review,6d61bdb218c176af980a2e2720f6cf5b4b52699f2eb7dbcff2c85c92235867bb
271,G_12_14_10264,exact,A,,unrecognized_review,83e4c687ecf5e5bc5ed6e8a8ed2b8f1ac4624cc5b9ec370d00fdc18bb3b9b90d
272,I_44_922_13,exact,A,,contradictory_review,2158b5ebeec510e82552f39301e4e8018d7baa716114d07b4b0488702757cc48
273,G_200_14_11880,exact,B,B,explicit_text,70307be4b69e7a70d88c458081673e449d4707f68a13bbecbb8ebe60afbbf9f1
274,G_087_14_7195,exact,A,,contradictory_review,e7b39c32bb83f789f1002865de1cbbe0639ebdb3afd3b69bdacef1060799a5e8
275,D_936_329,exact,B,B,explicit_text,b1c9eb7c37e675fc517b6505924533cdce16186b5f0e203bf8eff78af200a1f9
276,I_281_299_13,exact,A,,uncertainty_or_refusal_review,fa748858ef9dbc0b4d2672a5e0b13876037cf2742bfa4080666c94fb4707d23e
277,G_289_14_13795,exact,A,,contradictory_review,2a6670b01b829cf0220d4869f5b325b2fb77e85a92d31d698f9ca13889337375
278,I_123_228_14,exact,A,,contradictory_review,fcc15eb609f5ad002df8e833e4e27093a60770e3707923cb275e119ef63c03df
279,G_283_14_13678,exact,A,,contradictory_review,8ff936f0f4a4e83ea164ba1b046002d2dac558438f76c91f581d5c2204498a7b
280,D_152_134,exact,A,,unrecognized_review,325977a46976dc1a7a8c30bc08aea7502573eebf156ed266f56d072021767377
281,G_045_13_3551,exact,A,,unrecognized_review,c314f290fd3c541e375d9c8cdc7cd6cb30af1ab927eded92d366d52ae6c11886
282,I_057_921_13,exact,A,,unrecognized_review,5507873f575ea77eadfcbdf0d25a7107d0d43ead9cb9fde03dc205ac0dc647a1
283,I_223_249_14,exact,B,,unrecognized_review,555ca63f714d09df03619ccef4041c5e0503bf3028e027dbc37c6c261b0fd2bd
284,D_76_284,exact,A,,contradictory_review,a824268e45b8bb00ca2f3602765e4cd7a5cfd332554b8ee5ed9a83469ccc3eda
285,I_078_226_13,exact,A,,contradictory_review,41febe8157814209fe49ead42d5a1b2d80a82870430f72033d3f33233ec32c7a
286,I_074_58_14,exact,A,,unrecognized_review,51d95e1dd0412be2574695e3ead3595461cbb3af87a2b07f7fc144c71031d13c
287,I_040_288_13,exact,INVALID,,unrecognized_review,fd0ad9026eee596b7072a762941f60bef57e760a230edd450b3a634825685c2a
288,D_48_261,exact,A,,unrecognized_review,a4363b1adff0c51589f5baa42877f3b89ef86f10f2b37ec967dc31a0f33cef97
289,I_30_927_13,exact,B,,unrecognized_review,40f00f9ce9b1461c880dbbf51d30b3c4821e541a9bf4a6ab05c8b6863ec183f8
290,D_9_290,exact,A,,unrecognized_review,4d798034ae559b8cd7392b813252a6d5994848ae2197f2755da0a5cc269a171f
291,I_010_51_13,exact,A,,uncertainty_or_refusal_review,5b42940b61c46443cf7ddc94e21da6dda811196b05254351d3aaecece06cb373
292,G_075_13_6129,exact,A,,contradictory_review,22c8eda45489a65cbc6e64c0f8ced41ee1951be04a8f238f2b2acedb6ad7a1ff
293,G_912_14_15783,exact,A,,contradictory_review,d1d91c8f3ec7001002556bf0fceff5d59adb1f46061071ffb75fb0943a10f135
294,D_008_6,exact,INVALID,,unrecognized_review,ba3e3e34d06613df3abd9d5734bd84fd5d35f024dc0ebdd3c2fef036394b1b9c
295,I_032_216_13,exact,A,,unrecognized_review,f71d6e8460a67ddf9a13888de545b4b86385a27e404a3d6f16979f42846e511b
296,D_263_223,exact,INVALID,,unrecognized_review,ab0531c9d89473e8c5af60d4621a5d5bfaa6a5b1f1ebf3cc69e20814fee801cc
297,G_40_14_14278,exact,A,,unrecognized_review,3e06b3d27324523963d652da36cc86df74bf58a9e94afb6b59f89e171d5bad93
298,I_263_913_13,exact,A,,contradictory_review,86daa6787919188a9c2d6a9ee3f42e5e4ae57b9f016908d0a13195c19833b81e
299,G_242_14_12806,exact,A,,unrecognized_review,e5d2a074cd2492ba6445a93a1a2fbacde32773208ac5dcd083a59a665304ef7d
300,G_56_14_14699,exact,A,,contradictory_review,ae046fd0b31b39ebfdaf03f52a53c9178c46ffb5b4ead81cc014e13aa015f777
301,G_82_13_15284,exact,A,,contradictory_review,8b8c7794e29d8b16d4f8e749153202733d8418ede2fae8cb0b725e688ef008ac
302,G_045_14_3590,exact,A,,unrecognized_review,0a11d5b6ce580c9865a6b1fd7a34e2627cb144b27ead2ad7de96fed609611bf1
303,I_107_905_14,exact,A,,unrecognized_review,031cd56dba7d6d438d296d7daf3b3c9160299157fbaf3db7ee627827e28d0833
304,G_136_14_10370,exact,A,,unrecognized_review,5c41c4633f665b7014e04009adf9ec4b805c6931f73daf071fe2c998cc173664
305,G_938_14_16550,exact,A,,uncertainty_or_refusal_review,4444ef2685cd61e37b10338527c933527d8025a872b94b303cc2ef3563032206
306,I_051_96_14,exact,A,,uncertainty_or_refusal_review,66a2e1902109b6961136794cf463ec49390f6b29b49c5e97ccac53d0b5164330
307,I_204_260_13,exact,A,,contradictory_review,79819bc2a02a85915e3dfb2684d4439a61dcbe9eb40aaa48e9154a9cd73b9b00
308,G_83_13_15330,exact,A,,unrecognized_review,a97207d553bf35a24a3e0d3d6db4c6397e8640afef97e57c798a3acfc10cd727
309,I_245_54_13,exact,INVALID,,unrecognized_review,16dc9fbbfba14f72cb87b0df2a2e0be174e2d0513033091726686063abb5f3a8
310,D_937_330,exact,A,,contradictory_review,55d8093f666c5b2e666e8153a8cf207498f655587a0075e27743254c0a9a2719
311,I_037_171_13,exact,INVALID,,unrecognized_review,7d267608df7f85ec6dcf0624ef38aca1b873aa5bbb7ca26fd55577e70cdd53db
312,I_177_935_14,exact,A,,contradictory_review,b6aa34303042d1416ba4288926e4966cdf7ca44067b30e7c886ce2d33862b316
313,I_019_914_14,exact,B,,unrecognized_review,40f00f9ce9b1461c880dbbf51d30b3c4821e541a9bf4a6ab05c8b6863ec183f8
314,D_269_226,exact,INVALID,,unrecognized_review,fd0ad9026eee596b7072a762941f60bef57e760a230edd450b3a634825685c2a
315,G_41_13_14295,exact,A,,contradictory_review,dd8fe6bcc4fdf895c4dd3a861e2aff3e726570c971a7784da56889c75eadd01b
316,I_024_279_13,exact,A,,contradictory_review,2e32463c7105e86977795990ecdb45f92c0b6a39ae4444f1a4ab36ee4f809044
317,G_24_14_13016,exact,INVALID,,unrecognized_review,32ebb1abcc1c601ceb9c4e3c4faba0caa5b85bb98c4f1e6612c40faa528a91c9
318,G_027_13_2258,exact,A,,unrecognized_review,b817078fe1318927caccb0d1130cb8b9cfd70d84bd5e97ed6517ae878154a03b
319,G_38_14_14190,exact,A,,contradictory_review,59c0687bcc48068e96334030e55ea1c3112a58bd9b8c3bfafeb6b8060b304c2f
320,G_101_13_8466,exact,A,,unrecognized_review,151ddae60e569fc4affa46fdfd31fbd120528a50b6203a8600b39b283ef658ad
321,I_100_95_13,exact,A,,unrecognized_review,bf54c546648e24a7bf37ad2e373b3e90632221b9e9e8217717e9fc63ec3bd767
322,I_185_927_13,exact,A,,contradictory_review,1b6f8e738adfccbcf5259cbda7f97429d6a9f851861a0729134756b47fa5899f
323,G_077_13_6211,exact,A,,unrecognized_review,b9489771ab198d54e2ddad1fdb1f5334a5949a5bc26092ffff5fd1fef17c589d
324,G_30_14_14034,exact,B,B,explicit_text,b1c9eb7c37e675fc517b6505924533cdce16186b5f0e203bf8eff78af200a1f9
325,I_144_192_14,exact,A,,contradictory_review,0942c33f1f410bcbc29409d51ccfd56054b6469c9246a95ef3a88410fc3c5780
326,I_178_299_13,exact,A,,uncertainty_or_refusal_review,c3241a88c43992a4030f371debf5dbef1b705c5ad13aaf2c0e062f461e6b7bc5
327,I_090_291_14,exact,A,,contradictory_review,7d69d75fdfa59e3b6c78624545254c7e56d09726afddbec87752b2b1a80d8abc
328,D_136_122,exact,A,,unrecognized_review,802561a07497ebeea11b2d11e9ef37dfcb256a5bed9a7ef606b3c7e364bfe2c5
329,I_087_914_13,exact,B,,unrecognized_review,8006f9897afd4b1417222b81378f11c903c5d22cdeca02d4deed109438cd456c
330,I_50_916_13,exact,A,,contradictory_review,ff3cf86468c3ab9414d8051f7c33ceecb002e24862a4647f94a70b6ab6aac01c
331,I_164_936_14,exact,A,,unrecognized_review,4cecf00683fa5a4f5ccd59f9a50c8b357fed507ce076fe356d6ee933f3e7d91e
332,G_229_14_12572,exact,INVALID,,unrecognized_review,192af065e096bb4bfe44608d6874590f9613e91f042ded152b779a98f8431073
333,G_220_14_12332,exact,INVALID,,unrecognized_review,c977dbe785221d34114d345fdf8ff4e18bb4af66750751dbea29407f9738735f
334,D_14_125,exact,INVALID,,unrecognized_review,ab0531c9d89473e8c5af60d4621a5d5bfaa6a5b1f1ebf3cc69e20814fee801cc
335,I_031_904_14,exact,A,,contradictory_review,351a6f358cce7b9665781891e8bf767edc32be39fbd4cc4079b4bbff2c9bee24
336,D_029_26,exact,A,,uncertainty_or_refusal_review,8e6e7a8afdfd998dd4a5b66d00b1cf576044e40b7b7970ec5d9b5c16f917fb8f
337,G_109_13_9319,exact,A,,contradictory_review,c99263121a99cd8f3b7d99d427e4702226b3382ba7dcf5d6517ff2cea1a5c355
338,G_72_13_15130,exact,A,,uncertainty_or_refusal_review,36906e8b1ed4de91babe3be14e62b5090f78b32e35e48cfbd3e319686d8bbb7b
339,I_006_178_13,exact,A,,contradictory_review,8e611ff0e5b19661c70f256e1659563f56a16075761f2e504db2a368afaabfa1
340,I_128_43_14,exact,A,,contradictory_review,cf83be743839685a6442140cf73896936326324a1e460e740801f6cfd9ea7aaa
341,G_182_13_11426,exact,A,,contradictory_review,524f0df19364709766fbf1436d3247040e69d1d8eeb4c4e0f337a99bb256c5cb
342,I_035_163_13,exact,INVALID,,unrecognized_review,538930e84e566538fd5707b3c874772444450cbdfcaa1189b731cdb0eaabeee9
343,D_930_323,exact,A,,uncertainty_or_refusal_review,a55f85f0c3a15514b38d97f775ae5338ec7e31a9d1ed27c56e66d2b75a9c31ef
344,G_61_13_14838,exact,A,,contradictory_review,5b67dfde42e0f57bb020d948ed2871680a5484e896fb852a1ef0afece786ae21
345,G_240_14_12745,exact,B,,unrecognized_review,57dfaba778430282adfe892d29bfb2749d1b8ad9a5ac65cd16885d859d32f1a5
346,G_085_14_7002,exact,A,,unrecognized_review,9528c3ec5ad516c38e5c60e46e9ee91f93ea83f006cb7c00b29df85d6ab7f63a
347,I_12_124_13,exact,INVALID,,unrecognized_review,45ee952ef56baf8a5b97b48e3784f04b9b166e1ab3a10ca5521e9a55a0f25b25
348,D_033_29,exact,A,,uncertainty_or_refusal_review,23a4783c7c3413999ebc945d2e2dad6ab117005fd3e422b36e8b42096031e442
349,I_225_242_13,exact,A,,contradictory_review,05d4bf7fe349f9cc55f10d15c7cd59a6229b0fcdcc388ef8d8642c17798ec734
350,G_105_13_8734,exact,A,,contradictory_review,8a859379cdb2727677350036203077bdbbac10df1899e4bd30240d59603f8bbc
351,I_035_907_14,exact,A,,uncertainty_or_refusal_review,729ca4b26a3303d6fb2f95dbd5beb561ef4327c96db3ab25f68697612d29b82d
352,G_935_13_16452,exact,A,,uncertainty_or_refusal_review,fb154881b4187eebf9d5afe128c85277ab300228876aeaec0524432a2fe2e381
353,I_063_3_14,exact,A,,contradictory_review,4b1896b8f7784ee46614b549e4904ad599456625d8e78dc694dce81c91aa85d4
354,G_81_14_15265,exact,B,,unrecognized_review,0ced12a54de4575c9747ac0b129e7b39655bc46a5425d154137811085c0d6173
355,G_117_14_9891,exact,A,,unrecognized_review,aa8955fcfaf1da7164aaf6e0afd5c39b442fd49edaea6ecfed954f0782f8ca93
356,G_129_14_10229,exact,A,,contradictory_review,ed7b4e051a624d78a39561316b8fd39b695a9f6ef70a3bda833e98c99e651f81
357,D_072_66,exact,INVALID,,unrecognized_review,45ee952ef56baf8a5b97b48e3784f04b9b166e1ab3a10ca5521e9a55a0f25b25
358,I_270_909_13,exact,A,A,explicit_text,85a39ab345d672ff8ca9b9c6876f3adcacf45ee7c1e2dbd2408fd338bd55e07e
359,D_914_306,exact,B,B,explicit_text,b1c9eb7c37e675fc517b6505924533cdce16186b5f0e203bf8eff78af200a1f9
360,G_103_13_8639,exact,A,,uncertainty_or_refusal_review,03353042b4a195a26071165c3263762fafa0130bae8a4b27e2e3811fbc7597c9
361,D_009_7,exact,A,,unrecognized_review,3ed4f568a0c17bd8b048045ca4f5a858782d3d37bd8a4d6a40187e2fe9715d02
362,I_148_226_14,exact,A,,contradictory_review,b41dfaf4eb6d03aebe225741e9a59281b553c91b0507d165d979a11d0f242ff4
363,D_284_235,exact,A,,contradictory_review,643fc5d89d7eb681437863b6dc67ff4539a0de8430c339c18b2cf0e0128330ac
364,I_261_932_14,exact,A,,unrecognized_review,d1d0f8cd1c9e1b4ace049f79a6963160e5b07ec30a85c284f0ae73139f09bea4
365,I_243_269_13,exact,INVALID,,unrecognized_review,0e77e68ba5473d98840c3212f4a8cb801226494f1162c8001a9f4ed7b00cbaa8
366,D_020_18,exact,A,,unrecognized_review,59713ab50265b8b32330f0e15bbdb45655b7dc8424869a55545ae41a5eef689b
367,G_4_13_14536,exact,A,,unrecognized_review,71cfc0e64035dcd66ca37fb8aa372c4d44113bfb29315c5b0d3b864aafc5a9ea
368,I_021_918_13,exact,B,,unrecognized_review,e7cea9728d655dc13d9522fec2db094139dd15f37334ba7907f6fa06a581b14f
369,G_9_13_16794,exact,B,,unrecognized_review,40f00f9ce9b1461c880dbbf51d30b3c4821e541a9bf4a6ab05c8b6863ec183f8
370,G_290_13_13844,exact,B,,unrecognized_review,798e6a31a29ac5e90c83d948733f93d397c6d5562f8d8f1d7d37304f1e7eeb3b
371,I_267_921_14,exact,A,,contradictory_review,270b81da97438b3f0953046af06504ab95c27c0bbd57906f669b4457bfe2a005
372,G_921_13_16012,exact,A,,uncertainty_or_refusal_review,ce977fc9efbaaf1179cda2bab0ff80522fb1b1bb1ede0803d05c238bed8a7019
373,G_213_14_12117,exact,B,B,explicit_text,aed53647f8e7faae259182604b78104d4031fa6e48cacc54ece185cedba39b17
374,G_110_13_9467,exact,A,,unrecognized_review,3ea953602a52e1fef32e42961894537da689e4e557879854f46a927d28c1a2aa
375,G_65_14_14974,exact,A,,contradictory_review,5dcf64ae01c398346de1c936d2ffe9e91e1aaf1438a92ca8ad259f2c39a2eba8
376,G_95_13_16672,exact,A,,unrecognized_review,ab6193da72b3f5e22771e90cb79de0fc4a294f0df9c073de57bfca2663518cfd
377,G_248_14_12958,exact,A,,unrecognized_review,c2656f5f16829c274914d6ef9fcc85b04d62c609ff1bba11ac35c91fa8e4d130
378,I_094_163_14,exact,B,,unrecognized_review,05c4609cab718a718862f824e79f31b2d9f7ba0cb9d2c0cfc6ac35071e413ee0
379,I_103_143_14,exact,A,,unrecognized_review,cc1bed01dac66cf5b0dc8c5c6db4fdf9bc4abf867210290c72f54733d98264e0
380,I_141_47_14,exact,B,,unrecognized_review,27651bee6c8d4de3c84ab930a935c81dae26c54b05e017cdc272997ab4913cdf
381,I_045_105_14,exact,A,,contradictory_review,b4f774c3d197b91375a04dcbb5884cd9db2dd39e98fc3e78376f1b39629c5311
382,I_119_259_13,exact,A,,unrecognized_review,6b3f8139852630bfce85e57b6301bf1b785081a993dfeab738d3de9b67a0b024
383,G_910_14_15730,exact,A,,unrecognized_review,d7a6dda91fe8319316a74b3f0b7b5f0104a42d9d947f9ba9518de18e2177f1c1
384,G_101_14_8509,exact,A,,unrecognized_review,74e99c4a95934b6e4523695580243f77dcaedfce731629bce7c960e6635b20b3
385,G_218_13_12251,exact,INVALID,,unrecognized_review,ae9df8fb3c615f4abe4f95b55dd47901a99190f7d6777202bd8599a82abe2a41
386,G_222_13_12346,exact,A,,contradictory_review,09178b649858bdea07b741732039a7573c2e028a86aa419a039e7a14b39ddd21
387,I_040_224_13,exact,A,,uncertainty_or_refusal_review,68afffe1c62bdad64e4bc92b57e11f3eb43b1fca9e5875d25ec7ea8f0de83a34
388,G_141_13_10461,exact,INVALID,,unrecognized_review,32ebb1abcc1c601ceb9c4e3c4faba0caa5b85bb98c4f1e6612c40faa528a91c9
389,D_56_267,exact,INVALID,,unrecognized_review,c2879a247416b54ce9ee493576d085996df27f07ee312c28fc5c4b58613dd891
390,G_269_13_13415,exact,B,,unrecognized_review,e2d3f8a0a924178a290651721ebe22394dd4b97e10d3e008424e6cf417be94a8
391,I_046_083_14,exact,A,,unrecognized_review,12969cf7c97e1aad922e99f3c35ce18d8b3354dd5b639bf779395d83380e2cc8
392,G_118_13_9906,exact,B,,unrecognized_review,79cb3a9a52b1f01e431103bd0311218dfef613de62b4dd799e4e35cc4fb21177
393,D_056_50,exact,A,,unrecognized_review,dc9b27b9fce8aff72238a759619a027e49908595fc557368318868a540780204
394,I_130_145_13,exact,A,,uncertainty_or_refusal_review,4df9565d49cb921deaf7d618f1d353f22bf35bfe835d1e603846ff0616c8dd17
395,I_025_136_14,exact,A,,contradictory_review,f685a6c4efd12d2fffc1ad2ce47da849a1572a07e446f5cfa5b1af5249a0ee73
396,G_093_14_7732,exact,A,,unrecognized_review,65a51d1b0594924df8a284c888e9c77e9022623936ad5642092ca11e79fc454a
397,I_218_921_14,exact,A,,uncertainty_or_refusal_review,68b2c52b22831592edcaebb358b9a48487dbaf169ced53cfb4cc2e15175bd8e2
398,D_922_314,exact,A,,contradictory_review,5d771cc8db25e5be41347fd030448c3203a903893fc42372af4c19ff6224ed74
399,I_010_015_14,exact,A,,unrecognized_review,514d885ed1af1f66c91d9eddfaf2f03fc2632a8225c1727dd3144ecfdaff2f8d
400,I_065_119_13,exact,A,,unrecognized_review,29aaf7b9bd396511d027014219a4157f5ab67dd368adfce76932a0bb1eb97934
401,G_243_14_12841,exact,A,,unrecognized_review,aa3af89c8f3d079b24aea5693e336645c2dbb2e9f46bd4b216f6164384a03b81
402,D_054_48,exact,A,,unrecognized_review,9eea86ffef5b2e65318de7646f1fa175cc5e459fecf051fce97d7b2c7e333f20
403,G_217_14_12241,exact,INVALID,,unrecognized_review,45ee952ef56baf8a5b97b48e3784f04b9b166e1ab3a10ca5521e9a55a0f25b25
404,I_224_90_14,exact,INVALID,,unrecognized_review,45ee952ef56baf8a5b97b48e3784f04b9b166e1ab3a10ca5521e9a55a0f25b25
405,I_148_929_14,exact,INVALID,,unrecognized_review,158a842a72e31dd6fa130276f5d4e7b5a1815bc511b37915709f4105eae2fad2
406,I_48_90_13,exact,A,,unrecognized_review,fb56d9cff9dc493933967c0174b8c687804c5ed16ec6d6eb2442619bcfe5b719
407,I_051_930_13,exact,A,,unrecognized_review,828fc60e19e9a49f0bdefcc27726190d87af1909ec51ec73779addc0cc5737aa
408,I_246_76_14,exact,B,B,explicit_text,b1c9eb7c37e675fc517b6505924533cdce16186b5f0e203bf8eff78af200a1f9
409,G_035_14_2862,exact,A,,unrecognized_review,ce3a26f3aece60a7e3018226d831019d4f0006514055c6158b26367dc7579b6d
410,D_177_153,exact,A,,contradictory_review,02f8d6ba915bec592e426455f127badcbc8ae58fa69381d589333b658535db4c
411,I_053_63_13,exact,A,,contradictory_review,94dfc877c73be015b175d79fbc3a940c96fce13aade15111011322da39d70d1e
412,I_078_223_14,exact,A,,contradictory_review,46ebeb03c9f77c6e61d5f2c40c3072083010fa6f005f4deb8dadec49a1f1e40b
413,G_007_14_499,exact,A,,unrecognized_review,da94b74fda273f51ebe7f9dd06db22d78847c5b25b4381c51d01bd98828fed37
414,I_241_25_14,exact,A,,unrecognized_review,49b35c6830a7395e4072e33de42da56048340fd0cbdbc65842e50f7734abb56a
415,I_041_188_14,exact,A,,unrecognized_review,082b7ddcc2f4fac71ffb6f63e32a55332cb5e6d8d6eba689a04a9e061951cb46
416,G_156_14_10807,exact,A,,contradictory_review,46ebeb03c9f77c6e61d5f2c40c3072083010fa6f005f4deb8dadec49a1f1e40b
417,I_007_196_13,exact,A,,contradictory_review,497b7be35a7305b352ae94dfa9abd1ded449b842c938d081698418a38a0c40b0
418,I_110_189_13,exact,INVALID,,unrecognized_review,0e77e68ba5473d98840c3212f4a8cb801226494f1162c8001a9f4ed7b00cbaa8
419,I_158_207_13,exact,A,,contradictory_review,d6b7f43383814e606e7240f53c29a4a4ba00f376516b56f7b34f90b510f30230
420,I_144_46_13,exact,B,,unrecognized_review,c95e422042c9f1188948d6c0aea08e91e77d3368a0b6f117e032f65c6c94dca9
421,I_049_913_14,exact,B,,unrecognized_review,45eabdf8cb82c539b7985a6c0f200acf81b61c8b5fc26ffd7e69d31f441607ab
422,I_041_082_14,exact,A,,unrecognized_review,0aefdd2511ccc8d69ccde8ca258258fef03ef9aa833b98e596c8eab287ee900f
423,D_043_37,exact,INVALID,,unrecognized_review,c977dbe785221d34114d345fdf8ff4e18bb4af66750751dbea29407f9738735f
424,I_38_48_14,exact,INVALID,,unrecognized_review,45ee952ef56baf8a5b97b48e3784f04b9b166e1ab3a10ca5521e9a55a0f25b25
425,G_163_13_10933,exact,INVALID,,unrecognized_review,6d41154da089b70c3cfac30cec9e8b71a7df23f43ae0908f45e1ac6c226040f3
426,I_087_38_13,exact,A,,unrecognized_review,3b8ac356dd7c9bbf1560943db88b11dc8a92114f74de9334ca9f1955c0d77511
427,G_152_13_10726,exact,A,,contradictory_review,5d86f8da1e2205a18d4245f20a66ef1b4c46af16c8efeee52375773d0c2ece05
428,D_047_41,exact,A,,unrecognized_review,074146699046638616ebd277bf8894287dce0c88f8f334d0ea9d9d9c2f27626c
429,I_130_148_13,exact,A,,unrecognized_review,eeb964a759488c9b4b483dfcef2088084ae4063c2150a9c363a7350902c3aefd
430,G_237_14_12721,exact,A,,contradictory_review,de38b6bc07732487c35191bd18029aa4184f445eb399293d5964df491038cf79
431,D_034_30,exact,A,,unrecognized_review,dceee29fdb9d0ab2486045723ad2c25dd422aafa3960bb94f348da76ac46c387
432,I_110_918_14,exact,A,,uncertainty_or_refusal_review,dc36ca9d9f8318389a3f113eddb6d31d008b1324f415b2ab744a0e5c35260028
433,I_194_218_14,exact,A,,contradictory_review,1b6f8e738adfccbcf5259cbda7f97429d6a9f851861a0729134756b47fa5899f
434,I_058_191_13,exact,B,,unrecognized_review,ce66c6da6e0ba6fd9192ea4138dac842b4cdce93be5550a68c69c17ac5db8fd7
435,G_175_14_11279,exact,A,,unrecognized_review,9963a934d6b6c450e902628a165af087f54fc947938ab175efb5422a9cbb0480
436,I_56_927_14,exact,INVALID,,unrecognized_review,192af065e096bb4bfe44608d6874590f9613e91f042ded152b779a98f8431073
437,I_14_143_13,exact,A,,unrecognized_review,6cbebd5c2a6adacb4e38194638e92d7199bba4cddb99f8e8cee439513086c68d
438,G_080_14_6544,exact,INVALID,,unrecognized_review,fe158e2d75afdf702f400e8cfd33babf7c81a9ef045b1b86dbf7b470a639dd41
439,D_910_302,exact,A,,contradictory_review,50fa6d35050682b9d54b41f039fc71de1b4888c893016b4efd942f811725e8ca
440,I_065_203_14,exact,A,,unrecognized_review,fc959621a7dc54620b6b358a0f01d8cc9fad34ff9debe9bbf78ba82f4ff999c6
441,G_932_13_16368,exact,A,,uncertainty_or_refusal_review,61d379bb25aa62b8ca9b82eff8e473ba91b6aedb87107b85685f26e8910f97d1
442,G_136_13_10383,exact,A,,contradictory_review,667f44895fe0801de778d7c2e0d78c75f8ce051c98fc53156e272639cbdebd29
443,I_049_283_13,exact,A,,unrecognized_review,5d2ced81e780f171d1cee8d100fca8840d5772a41f954ef2146d77b1f246d7ad
444,I_48_919_14,exact,A,,unrecognized_review,c6413c624f0f5374f7bcc485b07eebfb2d39c8ee823f98d28735450971bb4a5a
445,G_096_13_7843,exact,A,,unrecognized_review,036164b98ac536951de214054e7a40b24f80f243c1777877968a83da2d0452d0
446,I_41_90_14,exact,A,,unrecognized_review,2f22a62f18fabdd53309878bde40b0a82b5ac6db2491d9ed0cd799f77ddea70a
447,G_061_13_4987,exact,INVALID,,unrecognized_review,fd0ad9026eee596b7072a762941f60bef57e760a230edd450b3a634825685c2a
448,G_191_14_11661,exact,A,,contradictory_review,eb3d065dc3308b16821d19ebe49492da6b65edceec5e3d24c51725e1457906b5
449,G_919_14_15986,exact,A,,contradictory_review,cec88f6043e59934a526a22441c253e8b40f38385cc4b91f3c16d46572f0c6a2
450,G_209_13_12038,exact,A,,contradictory_review,2e624a5cc2fc0ff0da6ed236533a45aff567d942109c5a149493eb09d0f3c849
451,G_63_13_14887,exact,B,,unrecognized_review,5a5cfaf4d3daa547bcc2f143b5dd6ac0b9afcbeb781b9d7378b56c56fdb157f8
452,G_058_13_4716,exact,INVALID,,unrecognized_review,0e77e68ba5473d98840c3212f4a8cb801226494f1162c8001a9f4ed7b00cbaa8
453,G_209_14_12055,exact,A,,unrecognized_review,129a8e59ef33ea1c71a5ddcbb9ed24001f21d48f289dadc18ba55f9893476f72
454,I_098_912_14,exact,A,,contradictory_review,46e566d5904bbd9f4c95b7588e9199ce67166d377a95f6102f7ec4c96fe1be29
455,G_034_14_2750,exact,A,,contradictory_review,3ecc31ecb7c945fa981f806e3ca6e35a502b645da413d1f026661931f830c363
456,G_084_13_6842,exact,A,,contradictory_review,d0a4a446f0b53d0461d8325b2a79a45059dbe4c7d38cdd39f3fcf3da3375827a
457,G_046_14_3677,exact,A,,contradictory_review,26230e80f8b7b289c9a9026ccbed24f611ec025373d96f0bfba40d9b468fc63e
458,G_249_14_12987,exact,B,B,explicit_text,b1c9eb7c37e675fc517b6505924533cdce16186b5f0e203bf8eff78af200a1f9
459,G_059_14_4851,exact,A,,uncertainty_or_refusal_review,26c98e56cfb1b32885e5c4e2b43ae3ee2fa990506b43270c8aaf90219be278f3
460,G_65_13_14956,exact,A,,contradictory_review,6310451bb8e6587558384044716622603139e737da99d910223d57892de737ca
461,I_119_909_14,exact,A,,contradictory_review,890de184e1fb7773ec6e2a080f48c7fa340cb0bcd338047dd44d20af756424bc
462,D_252_213,exact,A,,contradictory_review,7266bc8bbdcac72f30c023c33e7533e68564b8952f893c9977a5a7e9625ce64c
463,I_29_53_13,exact,B,,unrecognized_review,40f00f9ce9b1461c880dbbf51d30b3c4821e541a9bf4a6ab05c8b6863ec183f8
464,I_096_904_13,exact,A,,uncertainty_or_refusal_review,f7bd04a6424e81e7d084a4e2f390944902edb6aaa0996849924e6a147e32620e
465,G_083_13_6768,exact,A,,unrecognized_review,d2707e0176e3f4c3d3b3f60e4b06dc812c05de826b61587bfc8acfb8cb0ab2b8
466,G_4_14_14552,exact,A,,contradictory_review,1b6f8e738adfccbcf5259cbda7f97429d6a9f851861a0729134756b47fa5899f
467,G_291_13_13866,exact,A,,unrecognized_review,8891215ef335f97ac8fa8270421b733f5c92cc4e5f1e4dfd18e97f186a7390d3
468,G_164_14_10986,exact,INVALID,,unrecognized_review,635dffb108a1debc8483d9a934858208199e8dcd7066201b1df84b43ce1b9a5f
469,G_108_13_9032,exact,A,,unrecognized_review,bc8714a076b396af2d784c50ce2bee10e16c64d42b9e3d4d9aebc9eff4e83aa3
470,I_233_240_13,exact,A,,contradictory_review,5bb7db99f5c51e7953a9308421cbdbef8ba7ba9daa5d0ad0e2fc09774ca7978f
471,G_925_13_16125,exact,A,,contradictory_review,8ee936e4aff52201ba0cb2e14ad2fd77496994877f6d6d11f7bb2cb224a8a386
472,I_068_939_14,exact,A,,unrecognized_review,6216c83e1c249cd46778442d612ef6b10a273c592487323778bbf363edddac9d
473,D_18_155,exact,INVALID,,unrecognized_review,192af065e096bb4bfe44608d6874590f9613e91f042ded152b779a98f8431073
474,I_004_035_13,exact,A,,contradictory_review,b3d57ec293511674dff8043387587b53edd4d99d067fc33edda6521d6a98c487
475,I_127_290_13,exact,A,,contradictory_review,2227ce48da25d5967469501679cb075d100c6494d7a94128950cc49bc8e7269c
476,D_22_187,exact,A,,contradictory_review,1a30b8f55c96786d031b30a4aa1f1ca46563aa315357179d26e639dbf361196b
477,G_008_14_593,exact,INVALID,,unrecognized_review,32ebb1abcc1c601ceb9c4e3c4faba0caa5b85bb98c4f1e6612c40faa528a91c9
478,D_102_93,exact,A,,unrecognized_review,8198d9db2f51cdb44bf8f2c2e491385f3c9d0234d52c81744b88b9778e5b40bf
479,I_031_051_13,exact,A,,unrecognized_review,a83d6eddc455267902ec12f2dbc188ae988babced13db8172c86e3237678bd9d
480,D_285_236,exact,A,,uncertainty_or_refusal_review,24a9140a1484dfcf45bd808d0a88af8df6ef14b742d9b81378d7ddf9ac90400a
481,I_246_258_14,exact,A,,contradictory_review,c701d5ee02ee6eacdccfd0c304e9c0196aaf5c90d7a7170b1510fad941658a2e
482,G_142_14_10500,exact,A,,unrecognized_review,a97cf7af5be7a71e3b4d559ad3c7c1b863f7c4cecb4e7c8b19fa5a280895817f
483,I_209_267_13,exact,A,,uncertainty_or_refusal_review,f6cb36fc3ec40ba9bedc6c4f023cada41e632c1b869da209887b6517d4cd1718
484,G_67_13_15006,exact,B,,unrecognized_review,ce66c6da6e0ba6fd9192ea4138dac842b4cdce93be5550a68c69c17ac5db8fd7
485,I_247_266_14,exact,A,,contradictory_review,261f343c9e812220b4f2364baa6c8cb102dd2ddb5031df617abb8393cd3e081e
486,I_018_068_13,exact,A,,unrecognized_review,66d41b77654d3014ba52840b8d6705d37f7a5afb9d33368e5265733d39385f9a
487,G_006_14_436,exact,A,,unrecognized_review,d9712cd031e357e87e5401dfaebda941d5a64895819a3409939da79cf3c6e616
488,I_279_90_14,exact,A,,contradictory_review,04619337e97477f46590272a71aa28920e8b17babcbea9384fffa0900c6135cb
489,I_024_141_13,exact,A,,unrecognized_review,3dedd1204ab6bf9a36e517381820cc29890782f2730fe978bef5e33e7cde3146
490,I_091_167_13,exact,A,,contradictory_review,6b0c838c0b01b1dca44a760bb41c7acf8b5bf0165a0834a53bd5d7e4d68d4158
491,I_048_92_14,exact,A,,contradictory_review,e7b39c32bb83f789f1002865de1cbbe0639ebdb3afd3b69bdacef1060799a5e8
492,D_068_62,exact,A,,contradictory_review,b0b43d0f2550fe9c236bb387c061203c68486153d380f227d7001dd84a7b40a8
493,D_929_321,exact,B,,unrecognized_review,2332a868310f8fe9c0da8f88eec1b72b3c2b4efc6262d59129d60cf152988aa7
494,G_46_13_14407,exact,A,,contradictory_review,4836d6872b44af490e847670594e7a8b641444fa23345cb3607ca899626772e6
495,G_084_14_6897,exact,A,,unrecognized_review,d7c4d5d20af895b61ac4618ce451b8ccdab6b61608fd857565358e92c456857e
496,I_032_911_13,exact,A,,unrecognized_review,75d70f01624f1750181bcb4bd10a76e818da745c7dabf9c61b09676aa5147634
497,D_067_61,exact,A,,contradictory_review,b658cf33e7d093b7739c77c8e8f1bd685aa7a70a01c74d755646aa3054ed28f8
498,I_107_935_14,exact,B,,unrecognized_review,947b1db6811ebb3dd4ca26b3a7cf3c6a087191f6ad674aa19e617be865d4cf9f
499,D_246_208,exact,A,,unrecognized_review,63f560c80b592fabc1447a6063f1286bc4560330946b6f4e0cd60f1f3c9f0f38
500,I_241_53_13,exact,B,,unrecognized_review,40f00f9ce9b1461c880dbbf51d30b3c4821e541a9bf4a6ab05c8b6863ec183f8
501,D_119_108,exact,A,,contradictory_review,08657fa6966dc8dd27232819bd2e05cf51e0ba53ab181eedfdf21b05d457a756
502,I_013_055_13,exact,A,,unrecognized_review,ef7e87c1a2f4295ea0ec45e0799f09a808d35d10a99e68ff6b28c63bc4a4e797
503,G_75_13_15159,exact,A,,contradictory_review,ee0093057dc0afb8eea99cc7b69b6bb23c84b2d8fa3c7a0d168e084d9251bc73
504,G_103_14_8667,exact,A,,contradictory_review,f42dd5de87b6c24a1cb7cb53c9e46a3bab5bb364af01e71f1ee83025542fe1da
505,D_53_265,exact,INVALID,,unrecognized_review,4e5ca8afb7533afe49c545236997dc6ad0b992c0df744d028e3857fdfba7d157
506,D_183_159,exact,B,,unrecognized_review,1457f7a013ff171eadca86ea04bccbbc929d2aa447eb29ef77ea34a5a9c59500
507,D_090_82,exact,A,,unrecognized_review,8ebbfb7e7a4a7f7298d7a6dacb2cea21d073300e98ad31dd8f70b9de196b8261
508,G_280_14_13623,exact,A,,uncertainty_or_refusal_review,c11cb2f822eb155b34d0829f36abe8113ffb52de62e581e5e875ef3ca002a0ea
509,I_229_918_13,exact,B,,unrecognized_review,42984cbf8cb1a36a97e1907c9676ad90de3005bd6d5166c1b9d51f3a3be3362b
510,G_121_14_10028,exact,A,,contradictory_review,1b6f8e738adfccbcf5259cbda7f97429d6a9f851861a0729134756b47fa5899f
511,G_164_13_10970,exact,A,,contradictory_review,039c59bac612114c7f4851cc4fa8266e3519d83ec658497332525aea0433375c
512,G_257_13_13147,exact,A,,contradictory_review,521a0761e2ccfc70f166a101eb8c70853a9b782cb90e950b073709570cf3503e
513,G_053_14_4319,exact,A,,uncertainty_or_refusal_review,7c44c26629d716324cef5dcac6e179c21da9ed164aef9af1293ad008d2e789d0
514,I_132_65_14,exact,A,,unrecognized_review,38ccdeae595999da1546743fd44fe3d37b0b8bd96cbf60f688c8ef4463c52cf7
515,G_281_14_13647,exact,A,,contradictory_review,b97f1229c6fdb45ee3814649fa85661310415c1e048dc36dc3f59074d3526f27
516,I_011_148_14,exact,INVALID,,unrecognized_review,45ee952ef56baf8a5b97b48e3784f04b9b166e1ab3a10ca5521e9a55a0f25b25
517,I_075_141_14,exact,A,,unrecognized_review,044ffdc28cf66e62fa5553b9cb89f596bda7953e93ff0502cb6bf65cb7c58f6d
518,G_052_13_4164,exact,A,,contradictory_review,a5e32226c972890ba45f78d5f850b9fbf6a2b56f1135fcfd5e62c87e9ad750f8
519,G_37_14_14149,exact,A,,contradictory_review,6e8a9b8a2480cc558b6e809a3467f823d89fe42cdcb229c59c2fa3e9a688f1e7
520,G_070_14_5813,exact,A,,contradictory_review,c6ab6c2c665a85206ff014d716259bd709148c190a603fa2ecc6b2a2c58419a1
521,D_046_40,exact,A,,unrecognized_review,50d1c358558cbd53c2ed0502aa5187db620b3dc801b4164a83060059eded2416
522,D_260_221,exact,B,,unrecognized_review,a4260fb23e13cfba33c378b682db1ad2bf02ebba5402dbe4f83962f2feeddc80
523,I_49_78_14,exact,A,,contradictory_review,c7813bb7d166f80eb707ab350cf36d6dcba58c3ce8bb60a81d5b21b375a3e731
524,G_206_13_11986,exact,A,,contradictory_review,1d9d1e742d7f8c172d7d83eeb1427cdd8e9a121580b72cc17cf1603ea72ff513
525,D_923_315,exact,A,,unrecognized_review,158076663765a1853a227753b153d2f4a6e726496e4f067f200411e0c68c799f
526,G_258_13_13193,exact,A,,unrecognized_review,8adba7efbdc8d29df4514cb8575f08761dfca3e216cc474875ab45b60a6cebb7
527,G_81_13_15251,exact,B,B,explicit_text,b1c9eb7c37e675fc517b6505924533cdce16186b5f0e203bf8eff78af200a1f9
528,G_100_13_8247,exact,A,,unrecognized_review,21f28f4e709131036d5cef863528b5d0d8e34be0e5c51122ada11c97a1b58ed2
529,G_017_13_1359,exact,A,,uncertainty_or_refusal_review,a2997328685fbacdead35fc5a343da4e8279f88fb9912200b62287df288f7fed
530,G_166_14_11016,exact,A,,unrecognized_review,9d7184c33849742c2910ccfdabfc62d6b90faf91dca7c2c8510c45fa966b9ec4
531,I_096_152_14,exact,A,,contradictory_review,12e44611c0c4170d4e5e2e8a6a094f85306bea6cea09d6b3e3d9ca5706d55e54
532,G_930_14_16327,exact,B,,unrecognized_review,2237b2a7d2903ed85100760f4b7ad55a37020bce9361248871cd22a0e642c282
533,I_033_220_14,exact,A,,contradictory_review,b97f1229c6fdb45ee3814649fa85661310415c1e048dc36dc3f59074d3526f27
534,G_020_13_1632,exact,A,,unrecognized_review,6e53aa01e96b36ad72da009f38c4453bf9d17fc3d39c9ed5dfd43f4120e0b398
535,I_064_258_14,exact,A,,contradictory_review,369f4a06d1fb1414fafa0ab43bf9923b0c487c39879a9fc85f3d98e61edb9980
536,I_093_226_13,exact,A,,unrecognized_review,21f28f4e709131036d5cef863528b5d0d8e34be0e5c51122ada11c97a1b58ed2
537,D_257_217,exact,A,,unrecognized_review,951e564698c24bb97ee3c30adce816cbba1a067ea48ef747cde69c70e87b94dd
538,G_26_13_13459,exact,A,,contradictory_review,16b63a311c870e339b7ed3a4e0f35743a4b163f0cc79d99c012c1e618b793e66
539,G_900_13_15365,exact,B,,unrecognized_review,3b240aa90b47a703e108d2319cd6728540153cc4862a7bb040331bf9edc0f91e
540,I_090_128_13,exact,B,B,explicit_text,b1c9eb7c37e675fc517b6505924533cdce16186b5f0e203bf8eff78af200a1f9
541,D_926_318,exact,A,,contradictory_review,8960888f41dc2c793a376638fc87d0e7d914d0917626de0174672c66781ead99
542,D_939_332,exact,A,,contradictory_review,abc7aae8117dff3862d711228bac0649d5d1dec4446bc95ad347066b0c095210
543,I_116_925_13,exact,A,,contradictory_review,844b7a8c2ad5650bd7e695c70365058855d4b22c3ee68ccf69ca1e3a5afab59d
544,G_58_13_14740,exact,A,,contradictory_review,6e4b619f231a543885767778472eb243e31f9312dfb68125a8db28b5eaa560ba
545,I_029_066_14,exact,A,,contradictory_review,652b8a95e41d9d94c6abe4d13d0aae308ceb157337e616e2257d237cd844192a
546,G_199_13_11848,exact,INVALID,,unrecognized_review,32ebb1abcc1c601ceb9c4e3c4faba0caa5b85bb98c4f1e6612c40faa528a91c9
547,I_258_47_14,exact,B,B,explicit_text,70307be4b69e7a70d88c458081673e449d4707f68a13bbecbb8ebe60afbbf9f1
548,D_025_23,exact,A,,unrecognized_review,3f8c753c94f6958d03614256d2ec9dd7220f609f62b1c8af96db7991d7093a47
549,I_198_29_13,exact,A,,contradictory_review,2cd1f96f3d910245b11b366fd21aa3cfbab88ff22b9d2f4b77b35f863e52e5dc
550,I_237_63_14,exact,B,,unrecognized_review,94cf2d93add2055beed38a1626db7c613d214f85a4a09fcef3354e44df508acc
551,D_11_100,exact,B,,unrecognized_review,2a63f185c40590393c1ea05548e7afe664d53d931c41709e9eeb0ef58705afa5
552,G_196_13_11747,exact,A,,unrecognized_review,34fe55505a40931ccd5f450dd294e1014cc8bab9e74a0b721815d6d6835048ae
553,I_089_11_13,exact,A,,unrecognized_review,613e9bee2a1a8ce9b430927d9692e2c27bdc54ed5ad5279db74473d0b4f2329e
554,I_299_44_13,exact,A,,unrecognized_review,b7b944eb067eb9fed8a658fbf4846359bb0127d0f53436bc44b6e8385cd96175
555,I_190_917_14,exact,A,,unrecognized_review,6416aa73ad8c91f5ed460a0e414d253f43ec1038d4a8563c0776739431a0a176
556,G_014_13_1088,exact,A,,unrecognized_review,4af8f4cf5c5f798a5ea7e1f1a3d1a7f9cc39fff734bbef9b306d772ecb8cf1dd
557,G_214_13_12137,exact,INVALID,,unrecognized_review,0695b563acde461fc2f8d9aebccf35c7596ac458b8d8e067c602fb7b4e5f1578
558,I_070_76_14,exact,A,,contradictory_review,aaeebc45b0956345d57f7f28c8aebb1877db32a251c3cdb530df47b1c8e44298
559,I_220_912_14,exact,B,,contradictory_review,2cef8caa2419480caf3b602e3a265c71e7bc0ed11ddfe357dcf913069b7c7eae
560,I_252_263_13,exact,A,,unrecognized_review,6f9b7646812f1343ae269fd415aa33d424b43b0d9170c321d58f3d56a6b8e31f
561,I_192_65_13,exact,A,,contradictory_review,ffc666fda9621022eee3b269528b218a76af7646b85c442eabfbfc29b4c351fb
562,G_909_13_15641,exact,B,,contradictory_review,28af22419f1a9beed0e890f66a3f8cb5b28dc276f8b4ada9d0e48b527311a197
563,I_44_901_14,exact,A,,uncertainty_or_refusal_review,96f952ab09202da65bad0c6a1da6e7e18a1d61b4c4f72734d681c54641bd05c7
564,G_052_14_4190,exact,A,,contradictory_review,38d77bc11cb6d8cc0c20ca5e85df745667cdbdbf0a6196d04a73b74468197f9e
565,I_088_916_13,exact,A,,contradictory_review,87c488f8a48484b1b3bd605fd80571a54ec6f211aea158564b7b07effec173ec
566,D_933_326,exact,B,B,explicit_text,1ea442a134b2a184bd5d40104401f2a37fbc09ccf3f4bc9da161c6099be3691d
567,I_015_259_13,exact,A,,contradictory_review,5cc379bd243dd25dc8e1bbb5ede4798819fa7323a42c1164c19d7a89b2558273
568,I_087_157_13,exact,A,,unrecognized_review,8f0832a8036e157a1a43901aedf13a7d19b3ce2590cadaa4d344a5e7397e9c7b
569,I_055_299_13,exact,A,,contradictory_review,7ac8cc52c4f5ea435dddef4906ccc57a4e1cfa6e5a4783608f5ee134d3efdc1e
570,D_088_80,exact,A,,uncertainty_or_refusal_review,b2c60e307200f922f59beb8e41bb8528a380e6193b5fe5193ca24f5236bbbce2
571,D_215_183,exact,A,,unrecognized_review,9b74c737a88d1077df8beb84b4f8fc8f90f3437b6f672e31d0dad4308e758b59
572,I_059_230_14,exact,A,,contradictory_review,81bc978752dcd71b4ac0bd605e437d4168686778d3ba61153fd25411b2b62d35
573,G_069_13_5715,exact,A,,uncertainty_or_refusal_review,6365c89fecebf0054ae181cbd252084ef71b4afb76c88e1eb68a2b938a62ccbc
574,D_174_151,exact,B,B,explicit_option,79398e2d8cadfc05f0152f92591166a1f81ebeeb0156179ef1a0f6c55ebc9af9
575,I_231_271_14,exact,A,,uncertainty_or_refusal_review,71e3896bccdcebcaa3685814eae914d0d15fc4c0191c549bc1390e685b409705
576,D_060_54,exact,A,,unrecognized_review,bda91f24e3d85bf0035ffbeeede70598de53af0344923e363df92e8c6033ecf4
577,I_021_121_14,exact,A,,uncertainty_or_refusal_review,730630871160b6168513fdd83eeb18342b336579c1d63072f9d512d2f5347f9d
578,I_050_92_14,exact,A,,unrecognized_review,a4740578a153582ce03dcd74c296854bcf40e1887c2f20ff339832b0ee28928c
579,G_016_13_1304,exact,A,,contradictory_review,5dd885f94751e7482c86982295fb69326b1c53f42d02f8369af8f846e1ab7184
580,G_010_13_742,exact,A,,contradictory_review,dbfb745738a8e3be2a3ae39bb63bad78ffffbc49faea114e25b4b69e8e3250ff
581,I_182_240_13,exact,INVALID,,unrecognized_review,32ebb1abcc1c601ceb9c4e3c4faba0caa5b85bb98c4f1e6612c40faa528a91c9
582,G_232_13_12647,exact,B,,contradictory_review,f444c78eaac6b6398843c1f6befd994c6e4cd090997177f6c7fa0b8813c003cd
583,G_171_13_11150,exact,B,,unrecognized_review,5268069b8a693e8f42f7e6bf2a342ccffb7f5ab92516fef50b714a13312b1bcb
584,I_085_189_13,exact,A,,contradictory_review,916e12662915b1d6363d9e99ad265977bfa83327c34684ca566405a631ca8a66
585,D_214_182,exact,A,,unrecognized_review,523637bc1184e9f49eeb9cb48f4329d7bf91d2462f54e6d879afee0d14f0f0e0
586,G_906_14_15561,exact,A,,contradictory_review,8ee936e4aff52201ba0cb2e14ad2fd77496994877f6d6d11f7bb2cb224a8a386
587,I_149_918_14,exact,B,B,explicit_text,aed53647f8e7faae259182604b78104d4031fa6e48cacc54ece185cedba39b17
588,I_013_83_13,exact,A,,unrecognized_review,3e3487c047f7a09e194e74fcb296967f4fd38bb95e8bdae7eb552d5c170629f8
589,I_269_56_13,exact,A,,contradictory_review,1be9b737056e9cb3afd86df9249d43b84aeedda66f3520bc2af16a6e9e634b0f
590,G_001_13_14,exact,A,,contradictory_review,9459148eee14ba70798eb8bd66a44cadbb13de1deed77f25dfb7b02cd921ab36
591,D_902_294,exact,A,,uncertainty_or_refusal_review,5060c57ffe648c56a93f05e43eb6fb8d463926da63bf5efb4e4afa2d5f59d07c
592,G_082_14_6737,exact,A,,unrecognized_review,e1fe56d808ee096a4d35e4153ec7fe17f2ed73e976987e95552f1ac5ecbcd784
593,I_066_169_13,exact,A,,contradictory_review,2d90528994966083dae7daae9cd4e57d366010999a9a6f621729a2e29dc1dd8a
594,G_018_13_1446,exact,A,,unrecognized_review,061e7d43474366ee09fd32d679d414e28a04af74005443b98facfbb6d06fa0f7
595,D_90_291,exact,A,,contradictory_review,a20b23bba9058b848a7b3c5436bbd8de21f11977e92d6966a18fd1ce250bf06e
596,I_220_75_14,exact,A,,contradictory_review,cd9298dcbd86dd719f859875ff64b47a17241e48fd0deb6ce5421ac4b688c24e
597,G_027_14_2335,exact,A,,unrecognized_review,5e57be2be635c5941822324b4350ee11cfa4f1188669c4296a02e3b3a0924bb1
598,I_258_936_14,exact,A,,contradictory_review,a43904e309cdd6441ef5797104def58c3ae45c9df01a46af0bf16b8e8ad69b27
599,G_913_13_15792,exact,B,B,explicit_text,b1c9eb7c37e675fc517b6505924533cdce16186b5f0e203bf8eff78af200a1f9
600,G_023_13_1897,exact,A,,unrecognized_review,41d864a3d892f5f3b06ea80ab3aa2c7e56c6c00875842db6cb8f916b2f421a2f
601,D_097_88,exact,B,,unrecognized_review,574541ef504c8668928db51ef1b336809f9723f279f26b55a776d1d93e3d5e68
602,I_198_230_14,exact,INVALID,,unrecognized_review,fd0ad9026eee596b7072a762941f60bef57e760a230edd450b3a634825685c2a
603,G_902_14_15442,exact,A,,contradictory_review,da2f79dccb5835e49521c3bd60be29a6de8688072ec4797f7c3db01e92263bd7
604,G_70_13_15066,exact,A,,unrecognized_review,7cc3b184effea7f6853b28d2579a4d9fc9d323ffff7487a3481aa2ee1434ab69
605,I_001_122_13,exact,B,,unrecognized_review,42984cbf8cb1a36a97e1907c9676ad90de3005bd6d5166c1b9d51f3a3be3362b
606,G_072_13_5959,exact,INVALID,,unrecognized_review,45ee952ef56baf8a5b97b48e3784f04b9b166e1ab3a10ca5521e9a55a0f25b25
607,I_056_95_14,exact,A,,contradictory_review,7c047fc8b8ac0c3fe0d415924057315e63407a34cf873bbc689cf9b462b1ae82
608,D_81_286,exact,A,,contradictory_review,44bed5cbc5ad31f83baf4e379ba7acb435dc57dda14aff86af07cf7eac8ec9c6
609,G_36_13_14109,exact,A,A,explicit_text,85a39ab345d672ff8ca9b9c6876f3adcacf45ee7c1e2dbd2408fd338bd55e07e
610,D_149_133,exact,A,,contradictory_review,e598270bda3a826e7057b8d40b69af87f460100b400bed498f2843215418a2a5
611,G_029_14_2426,exact,A,,unrecognized_review,5d2ced81e780f171d1cee8d100fca8840d5772a41f954ef2146d77b1f246d7ad
612,I_087_136_13,exact,A,,contradictory_review,b657b0d27552b2dc34ab973a3429c8b1fb5364a74480b6e91f6dad8262d4fd06
613,G_067_14_5565,exact,INVALID,,unrecognized_review,c977dbe785221d34114d345fdf8ff4e18bb4af66750751dbea29407f9738735f
614,D_075_68,exact,A,,unrecognized_review,7642459b405a6c53c9cc1e437a24f60737ac04ce8f8d19a6799eabd354d29f15
615,G_218_14_12259,exact,A,,contradictory_review,1b6f8e738adfccbcf5259cbda7f97429d6a9f851861a0729134756b47fa5899f
616,G_074_14_6084,exact,A,,unrecognized_review,3a7ca4327f450cb8100a9531163a4efe7983b6f1986c33c5a233515d259bd59d
617,G_088_14_7258,exact,A,,unrecognized_review,594f94402e26b1e37457fb83fda7d2398b5190fec4fbbc49de7ba555d4dce102
618,D_083_75,exact,A,,unrecognized_review,ac471194df98c147b3b7bbd009e4d3eded81709159399ad4522d3ecffc5e1dc5
619,D_47_260,exact,A,,unrecognized_review,7e38863fa75e375781f534bbc7649bf17b76dcb393fda04fff0fd9627197400d
620,D_916_308,exact,A,,contradictory_review,a6c2337849c90bd1234a40c0e34ef3ce39d6f9978c03277d1f82f18800b3100d
621,I_071_144_13,exact,A,,contradictory_review,df0cbf68f85b36ed10231a3536831f23efab311d90103aeebfd233638cea64a9
622,G_188_14_11561,exact,A,,contradictory_review,02bead67b5505a01317db004c2195269708d94beb297444526b1437d5b4c1d03
623,G_939_14_16595,exact,A,,contradictory_review,3e83354141e14848356c51488c358b2e4ffe2f40403bb61e4478c33a01b38e2b
624,G_008_13_543,exact,A,,contradictory_review,9459f01b8bbc6f4994dff86c57f7999e7593532480c8b30e95d9007307e082a8
625,D_256_216,exact,INVALID,,unrecognized_review,192af065e096bb4bfe44608d6874590f9613e91f042ded152b779a98f8431073
626,D_267_225,exact,INVALID,,unrecognized_review,45ee952ef56baf8a5b97b48e3784f04b9b166e1ab3a10ca5521e9a55a0f25b25
627,G_170_14_11132,exact,A,,contradictory_review,f474be2e123b60c44ab2c0e9f83b672fb3e4edfa5489d4d16dfce67310559ab1
628,G_22_14_12602,exact,A,,unrecognized_review,b5b3107a9269eec2adbd3961262393bbe0eb411bdb025eb7c853a0fae0e650c9
629,G_42_14_14334,exact,A,,contradictory_review,ec21d5f70eace43d72c0375b739de60f1f77191267ac3e2b4dc4d22e5c7e2d66
630,I_156_243_13,exact,A,,uncertainty_or_refusal_review,90a7e791e6734e838e8e75097c07024b7acf053872f243ce7a1c8726bee26e50
631,D_024_22,exact,A,,unrecognized_review,78a3bdc54ecc6314407f297d6025fc7f18d7b2c1f47f43a361509bcfd9141776
632,I_249_9_13,exact,B,B,explicit_text,b1c9eb7c37e675fc517b6505924533cdce16186b5f0e203bf8eff78af200a1f9
633,I_223_90_13,exact,INVALID,,unrecognized_review,fd0ad9026eee596b7072a762941f60bef57e760a230edd450b3a634825685c2a
634,I_016_135_14,exact,INVALID,,unrecognized_review,0e77e68ba5473d98840c3212f4a8cb801226494f1162c8001a9f4ed7b00cbaa8
635,G_111_14_9740,exact,B,,contradictory_review,03fc32d992ccdaf3e81131fcad1c52e5b9d3774cef3dc6c42c8cd5cf30effecf
636,D_142_127,exact,B,,unrecognized_review,42984cbf8cb1a36a97e1907c9676ad90de3005bd6d5166c1b9d51f3a3be3362b
637,I_119_237_14,exact,A,,unrecognized_review,47f8a26312c9a9a17837271c6752b620dc2b32bac1a09acc306d7a13afff70e1
638,I_136_155_13,exact,A,,contradictory_review,f655c1d4cd32658ee9ab8ee99731896407a8035db4689b1d86f753984efebfb4
639,I_143_918_14,exact,A,,contradictory_review,45e90ba0e414071e5552f24af69286e91cda6f75022b382b5a8fce6f857bfcfa
640,I_053_091_13,exact,B,,unrecognized_review,7c4561aac23891daa9e45630214ce3199b1d01452748aeeef57358dbd22dc0ac
641,G_137_13_10400,exact,A,,contradictory_review,1b6f8e738adfccbcf5259cbda7f97429d6a9f851861a0729134756b47fa5899f
642,G_930_13_16315,exact,A,,unrecognized_review,e79aa293c5d7e3c66e3a87aca8b0ec93a311d6e34bc2578f03c7ccaf57e1c5d4
643,G_091_14_7534,exact,A,,uncertainty_or_refusal_review,b0b25fb7d5d6a772a76cf5643735018c45a91628f3c04a99d11b6ef635ae7545
644,G_78_13_15224,exact,A,,contradictory_review,7f846d3e26aa518acc7c316e7170bfec981bec344cc71049ff7cbf910b2aa7e5
645,I_065_913_13,exact,A,,contradictory_review,a924a8aa49e750b925f6c904ac0ab3b6ac56c8d489543d2724d07fd5921b6f72
646,G_927_14_16198,exact,INVALID,,unrecognized_review,fd0ad9026eee596b7072a762941f60bef57e760a230edd450b3a634825685c2a
647,I_271_65_13,exact,A,,contradictory_review,b0229fc1c2d886336f3ddd91bd9f5a58e5044abbc6d954ec338f922d1d88da24
648,G_003_13_130,exact,A,,uncertainty_or_refusal_review,308928f13708ab69dae144d17ea056aa4c16c1369f2c14ae992fb11978c650d0
649,D_190_164,exact,A,,unrecognized_review,e17d0dee44eeb9c8df2737f55dc99775d3f2012219d0d8f7e2bd5e93bd31aae3
650,G_50_14_14571,exact,A,,contradictory_review,967e92652138a598f41737cbbc96c44514c13a22548fa9dfc417aaf42ed1ab31
651,G_123_13_10073,exact,A,,unrecognized_review,35168033ab21a13d3b8150edd0a80ca28224b32ee83f6ebd936cf278461ebed3
652,D_75_283,exact,A,,contradictory_review,1b6f8e738adfccbcf5259cbda7f97429d6a9f851861a0729134756b47fa5899f
653,D_001_0,exact,A,,contradictory_review,c8f9e0938bd93d803edd992df6995d4a14542bc4f4b1d8266010972bf92cd8b2
654,D_63_274,exact,A,,contradictory_review,da5a3ea7eee5d3af635d0dcb0e0f6b6803b0c738b0e628cbeed1fafb6f5db99a
655,I_014_090_14,exact,A,,unrecognized_review,c40f939a4d76337f8c76e2d0009be24e345f179ef4cc946a9d4ff6d235f5314e
656,I_106_167_14,exact,B,,unrecognized_review,00c011854c8a16cef25d603e47410030eb9daabcbe16b573b0f901d907e4ba94
657,I_096_159_14,exact,A,,contradictory_review,6110c8086601a0ce390739b11c3474ed93e65f4297e175537d1782dd5fcf028c
658,D_254_215,exact,A,,contradictory_review,3a91caed1809f8e0bac27dce9a9fab85ae76d21f390de124bf617238940c7ce3
659,D_919_311,exact,A,,unrecognized_review,d876dbc2dbb0db2804108d9273122372ab18621c2d2273713e0de64292993662
660,G_97_14_16739,exact,B,B,explicit_text,b1c9eb7c37e675fc517b6505924533cdce16186b5f0e203bf8eff78af200a1f9
661,I_253_289_13,exact,A,,contradictory_review,594e8d59696e5c39d57a6edde532279d42380ce2707b45234295db401e1bea7e
662,D_011_9,exact,A,,unrecognized_review,4421ebd35899525a0d130b32b3ce0d8ac54c6cbbdd16dc241939c196763cc416
663,I_079_118_13,exact,B,,unrecognized_review,2fb1e5d9563425c44ddb786c8ab17c242eeec5f7f9eca211b7fe5896240b58a4
664,G_005_13_311,exact,A,,uncertainty_or_refusal_review,fbe23f19a5ae744d1b5fea86c909f530492e9cb9b18761411af21172298a8eaa
665,G_119_14_9934,exact,INVALID,,unrecognized_review,67e7ed1f5a922e8953463737484a97dcca5aaa12e63b1740f2b003f85f881fb7
666,I_180_27_13,exact,B,B,explicit_text,b1c9eb7c37e675fc517b6505924533cdce16186b5f0e203bf8eff78af200a1f9
667,I_062_66_13,exact,A,,contradictory_review,330dbf293446b23d13d3bf406422ff71039ed1e5ea55644131f7edc64b781b46
668,I_045_283_13,exact,A,,contradictory_review,4b5571c64a9b8ac0bf82a1fe39ecf9e60517f35e8735d09f5c4979ca4fe4b311
669,G_299_14_13983,exact,B,,unrecognized_review,6146888366d4e1e03b2cf900052a94965ce49b78e8d8ab613f6234851520f734
670,G_915_14_15877,exact,A,,contradictory_review,eece1da4b16e9a10c29ea94cedd2637d6720ae3b098281eb2dd66ff37cced685
671,I_213_254_13,exact,A,,contradictory_review,6d8ea96a27e373ca5541130ef1f39afb91147b6f03fed4ae6b0f0d4dda159161
672,I_267_913_13,exact,A,,contradictory_review,b01178f42c547cea2864b117d9d9e210445d3eb48e76ff8bcd6ff11a46cc9f8a
673,D_118_107,exact,INVALID,,unrecognized_review,3e6f18fd08725371a7a1fdb6a6b638ea07257d8927c1d64cfbbda3d4d5343e69
674,G_055_13_4441,exact,A,,contradictory_review,6b74ee0335b03799d1bbfc48f35825e9986589070779b4ff45ce4a8c652b9ab8
675,D_185_161,exact,A,,uncertainty_or_refusal_review,fa748858ef9dbc0b4d2672a5e0b13876037cf2742bfa4080666c94fb4707d23e
676,D_107_97,exact,A,,contradictory_review,87e1026dc8aaff3a0a98dcbf8612db5fd39bdca3b6e63fed6bcd6adcd9278b2d
677,G_178_13_11328,exact,A,,uncertainty_or_refusal_review,acaf1748858a4527eb4c2a4801955c5276088b2ef861ec8946c73a622e74c67d
678,I_202_903_14,exact,B,,unrecognized_review,27eefeaffaa815c835d45279bd8b5213296c589e6d83b246c6ef017ea5f73e4e
679,I_209_66_14,exact,A,,contradictory_review,26f49f0945299594dddfca13542a20455d56f23cac70c782a78eae6e56a9fea2
680,G_191_13_11650,exact,A,,contradictory_review,3cf02c3919328ff9826c27812924b29fa65018171793ecbb5cb9cc2d592aa929
681,D_261_222,exact,A,,uncertainty_or_refusal_review,d56550d3d7ea75b386243c97b8aead4b15986cc49f290fa326f79451a4e4f70a
682,I_007_285_14,exact,A,,contradictory_review,3f67cb164d000df608b8426e5e62a1ae6807ecd17feb0326d1bc5fdbfc57eb7b
683,G_091_13_7514,exact,A,,unrecognized_review,f4df8e517cb80d9e4c02b19a444e2b3f163de11275aa31c2186577766fc78619
684,I_098_96_13,exact,A,,contradictory_review,e4ff3efe57f8bd203f66d7e05273d7098edd44c3e1052e59e21f34d0e4ab8ea4
685,G_061_14_5038,exact,INVALID,,unrecognized_review,158a842a72e31dd6fa130276f5d4e7b5a1815bc511b37915709f4105eae2fad2
686,I_011_101_14,exact,A,,unrecognized_review,d9705f1fbc54b709cbf93de6827a0565f6f0e023433311eeeae2e647c2d62b5a
687,I_27_71_14,exact,B,,unrecognized_review,67c879aef19b6281d8144ccee3a88c3a63b829b8b14cf4edb7dd6d305d242fdf
688,I_040_28_14,exact,B,,unrecognized_review,35aac826d50b3e041e28a09606a5db6fce90809ec2a6d0d4ce702e27cf9194ad
689,G_183_14_11462,exact,A,,contradictory_review,bad63a6f437623be50fa60fe0dc8827c1626eb4d404d4dba44c458c27b95831a
690,I_106_237_13,exact,A,,unrecognized_review,c954da46c6f3efef3619d3d543661d652019bbce1aa112610abae53aeb2fdaf2
691,G_903_13_15456,exact,INVALID,,unrecognized_review,fd0ad9026eee596b7072a762941f60bef57e760a230edd450b3a634825685c2a
692,G_025_14_2118,exact,A,,uncertainty_or_refusal_review,459ae96f59a7129fed175beb99fef095306f1e6b41ba335a9a945eae1f954b58
693,D_106_96,exact,A,,unrecognized_review,f173fa1db7f4f343de7e6306628690174078223ee86a83fc857eb9f6450d5996
694,D_26_220,exact,INVALID,,unrecognized_review,32ebb1abcc1c601ceb9c4e3c4faba0caa5b85bb98c4f1e6612c40faa528a91c9
695,G_917_13_15918,exact,A,A,explicit_text,85a39ab345d672ff8ca9b9c6876f3adcacf45ee7c1e2dbd2408fd338bd55e07e
696,G_148_14_10658,exact,A,,uncertainty_or_refusal_review,84f0dc25af2af54bb2a01fef83114d25a54b25992ba80a1e83435c422291c618
697,G_62_14_14879,exact,A,,contradictory_review,abc7aae8117dff3862d711228bac0649d5d1dec4446bc95ad347066b0c095210
698,G_911_14_15751,exact,INVALID,,unrecognized_review,fd0ad9026eee596b7072a762941f60bef57e760a230edd450b3a634825685c2a
699,I_900_909_14,exact,A,,contradictory_review,eec1317f4bb9fa9c2c0e68e46e1572af9892130c63f26fe64b45b563d0dedcec
700,I_243_258_13,exact,A,,unrecognized_review,3dbee7ec726aea65a0603204482e721c3a36a4f060ed5ed354a7e9ebb7744e60
701,G_087_13_7128,exact,INVALID,,unrecognized_review,32ebb1abcc1c601ceb9c4e3c4faba0caa5b85bb98c4f1e6612c40faa528a91c9
702,G_929_13_16249,exact,B,,unrecognized_review,57842c1b5fa98dc9a724e902cf7568e3e2a2e74d2ff253f7962e029104d010fb
703,G_041_14_3290,exact,INVALID,,unrecognized_review,32ebb1abcc1c601ceb9c4e3c4faba0caa5b85bb98c4f1e6612c40faa528a91c9
704,I_29_44_13,exact,A,,contradictory_review,fcb791b14670bbef67ee30fa0a2adc7852a0c103bcce5a38c70bf08a119b8dba
705,I_81_95_14,exact,B,,unrecognized_review,8a8e8226d789ad4fa4a79cd335d45013ac62238cc33656e4caf43172e50bff73
706,G_938_13_16556,exact,A,,unrecognized_review,0509aeca206ef41b6a91f727a657ad3594abb34183c96ee091574308059c9f44
707,G_142_13_10485,exact,B,B,explicit_text,b1c9eb7c37e675fc517b6505924533cdce16186b5f0e203bf8eff78af200a1f9
708,G_049_13_3883,exact,B,,unrecognized_review,71de396bd28099e4ff9b109c90d85a4b2355cd18d6cdcb633344b8ab2b5705ec
709,I_192_258_14,exact,B,,unrecognized_review,954b03e9a4eeee695fd1cd9adcf8aa4f7f84978dc5c93b4673967b1e6c3ef7a0
710,D_091_83,exact,INVALID,,unrecognized_review,3e5862ea6b34b079449855664deec0853910100f436254eb97c9a06ba4f598c4
711,G_204_14_11960,exact,INVALID,,unrecognized_review,192af065e096bb4bfe44608d6874590f9613e91f042ded152b779a98f8431073
712,I_28_935_13,exact,A,,contradictory_review,68bfa49ec865fa96d7131bffb96b50cddc500eb7d6671a95a55a4e335c842e81
713,I_029_197_13,exact,A,,unrecognized_review,485dc589b5dce35616cdba986291c83c7b89356eee1266c32ce5555b75a015c8
714,G_900_14_15392,exact,A,,contradictory_review,064a350194541ad3d768a394f8f56d5e1573b495e1c1f3910f922cbd6677b0d9
715,D_247_209,exact,A,,unrecognized_review,49b35c6830a7395e4072e33de42da56048340fd0cbdbc65842e50f7734abb56a
716,I_010_31_14,exact,A,,contradictory_review,1b6f8e738adfccbcf5259cbda7f97429d6a9f851861a0729134756b47fa5899f
717,I_222_919_14,exact,A,,contradictory_review,264ce2796a9fa0ca9658e85b46ed40fdd2d543721f708ec43a675fca8064965b
718,I_061_260_13,exact,INVALID,,unrecognized_review,fd0ad9026eee596b7072a762941f60bef57e760a230edd450b3a634825685c2a
719,I_082_284_14,exact,A,,contradictory_review,3de4446fb2953450ba3ac4e8eebd430b5863c51254fc4c5ab1343c0d27b92c20
720,D_938_331,exact,INVALID,,unrecognized_review,fd0ad9026eee596b7072a762941f60bef57e760a230edd450b3a634825685c2a
721,I_016_117_14,exact,A,,contradictory_review,7cb9521fe76dbd4ee5d48db2657aabf27a08b91e200738a2f3d3684321933caa
722,I_019_38_13,exact,A,,unrecognized_review,a40d37f86c19c7dc80c77408aaf3e6d5c9c5af3c94a5dfe7d5e04be867d7d99d
723,I_132_158_14,exact,A,,uncertainty_or_refusal_review,c5e96dd8d719e2ddccecd2889f441711a40b7c056feeb80f850026697b7b4247
724,G_024_14_2039,exact,A,,unrecognized_review,9ee178cc86650f9cd31747a13342bd7ccaac23271c2a810c5df22b04ce04fb60
725,I_039_225_14,exact,B,,unrecognized_review,40f00f9ce9b1461c880dbbf51d30b3c4821e541a9bf4a6ab05c8b6863ec183f8
726,G_64_13_14915,exact,A,,contradictory_review,9b1d6f797cbe6a1dff2035d6f7a76d186a1d19507a57c0fb8b07e317564c0359
727,D_280_232,exact,A,,unrecognized_review,9b7cb55416fd7c8569e2fc2500e12bb73b7058550b49174c91fa501d2fc80beb
728,G_047_14_3772,exact,A,,contradictory_review,80eaa8d2a8f8e54eb6075cfd9db2106e62ec5ac1a133e52c6a2ca2995c4513c7
729,I_093_96_13,exact,A,,contradictory_review,c1303b9f3cc64ccde6e2a27500e60b5448fd2fe40f8030d12e58d0f7ccc3068b
730,I_047_97_14,exact,A,,contradictory_review,49017bb8ebb4b1ed7e1932119bc4f6fdac727b2682269c812c455434556dba0f
731,G_252_13_13029,exact,A,,uncertainty_or_refusal_review,69239929fb18f98b93541693cec5ba3e05a78d4022673f917f79bfd1abb8cd87
732,I_085_167_14,exact,INVALID,,unrecognized_review,192af065e096bb4bfe44608d6874590f9613e91f042ded152b779a98f8431073
733,I_14_39_14,exact,A,,contradictory_review,2fe9662312472e206263a3300381072e01d6ab5854ea521bfb8da9845b8f319f
734,G_078_14_6386,exact,A,,contradictory_review,6b8f9ff953a9640a22ecfb6e145f9ec8770cd529ea0f37dcc46177fee7fdcf0f
735,G_247_13_12911,exact,INVALID,,unrecognized_review,45ee952ef56baf8a5b97b48e3784f04b9b166e1ab3a10ca5521e9a55a0f25b25
736,I_12_146_13,exact,A,,contradictory_review,3f7f9bf773edb2c91a34108ed6b5170c942076f52c784f84fee0ce9704416544
737,G_013_13_1026,exact,A,,unrecognized_review,2d7da476b02c0ea1f39e054651c9164f631983a16373e12062f9c0fe1a7c3f39
738,G_011_14_869,exact,A,,unrecognized_review,9c9594b4938c575cf7d0775b1a28515986325fc76168fc1e0d704afbf6a23941
739,I_173_83_13,exact,A,,contradictory_review,d31762c5b592f9490215ee74a403ca3ebe6eeddf906df5d95f383d96451cbab9
740,I_121_129_13,exact,A,,unrecognized_review,6d0d2d297fdb642864877735a351c4db54728e1699406dd9090c98be21850008
741,G_064_14_5303,exact,A,,unrecognized_review,7ef6d5e466a93d3a6ef9e28aa5ccae6f4a2b6b21d9e2e58c4cf67fb35dfebae4
742,D_049_43,exact,A,,unrecognized_review,d5410c0f71e7171c8ec1d329462e2e714a39b87f0afcd030fba5c11e18f1dfde
743,G_216_14_12200,exact,B,,unrecognized_review,ce66c6da6e0ba6fd9192ea4138dac842b4cdce93be5550a68c69c17ac5db8fd7
744,G_290_14_13864,exact,B,,unrecognized_review,755a38f3157950ad4906cadd6fbd5bc3b491cc35858492478d49eb85a7afe178
745,I_127_241_13,exact,A,,contradictory_review,c894e0da1772dc0eb6de2a152e5346a29b84b97de9aec9e6c227672329f9f8bc
746,D_283_234,exact,INVALID,,unrecognized_review,32ebb1abcc1c601ceb9c4e3c4faba0caa5b85bb98c4f1e6612c40faa528a91c9
747,G_063_14_5184,exact,A,,unrecognized_review,03df9f8ff0b56d58b8ebac87e181f04e092e3d21133b2439379d5978b51ac343
748,I_38_78_14,exact,B,,unrecognized_review,db0fe701f39ad16e18972dee94c5082b1785c6d2d2f564de2268896e9bd7b38a
749,D_24_202,exact,A,,contradictory_review,ef7b1fa784c55e7381b55d92a50e8c848cbbaa81155b980f83d5da6509ebbe6a
750,D_098_89,exact,B,,unrecognized_review,86dd8b1af8d63110e2c90ab4d217bf046bcbcf246a532f82a27ca6bed59628e7
751,I_085_237_14,exact,B,,unrecognized_review,ce66c6da6e0ba6fd9192ea4138dac842b4cdce93be5550a68c69c17ac5db8fd7
752,D_97_336,exact,B,B,explicit_text,b1c9eb7c37e675fc517b6505924533cdce16186b5f0e203bf8eff78af200a1f9
753,G_207_13_12017,exact,B,,unrecognized_review,f45c5013d01eeb91b9e69bcca096cb2796b8cc6dd96ccfa30f6f9007866034a2
754,I_117_213_14,exact,A,,contradictory_review,314dc47cefebbe1b7ce927e8ba661fdc8839d0c1f51dd2c94eb7b8da2c47622f
755,I_072_081_13,exact,A,,unrecognized_review,9851e9a78dd8e71bd18a2d5c8fd2bd823abe471957f7e49e02a02207a4eaae87
756,I_061_919_13,exact,INVALID,,unrecognized_review,fd0ad9026eee596b7072a762941f60bef57e760a230edd450b3a634825685c2a
757,I_112_214_14,exact,A,,contradictory_review,1b6f8e738adfccbcf5259cbda7f97429d6a9f851861a0729134756b47fa5899f
758,I_269_49_13,exact,A,,contradictory_review,6a5101b06258431870cda9f9d4e7a20a247e7e6afd4df5be268b64e78a3440c2
759,I_014_203_13,exact,A,,contradictory_review,cad34bc0b48f907f5b94b175b4b2c3c935102b6365d2ec29727a0f403fc5d931
760,D_50_263,exact,A,,contradictory_review,757e64f9d14f37c86915c1a180c5f268aa14951e7be7ff2899a7391f53d09407
761,I_052_60_14,exact,INVALID,,unrecognized_review,e82c3c7fbbcea57108b2ca4b0e6987c15db81f02870b7a58f9bd871c9374ba4a
762,I_24_62_13,exact,A,,uncertainty_or_refusal_review,c5c23266495592c31aa2bbf4ebf3172ef2f71aa81d92c7a52cb7ea9bbfe703e0
763,G_56_13_14675,exact,A,,contradictory_review,5833deb0b002a15302e64a5222ab521523d26085b48cf0083006c10ea73e5fbb
764,I_30_931_13,exact,A,,unrecognized_review,aef2fa36ce0915e6e5185985b34b86e6d98457b9730ce3a8853a3bdcca53c19f
765,I_118_938_13,exact,A,,unrecognized_review,989b7b3d845f4cec38432afb69fc90b15b34b0238769f77cc5a5ea1ee4ef168a
766,I_196_78_14,exact,A,,contradictory_review,2daff21c5d07d2bc89a05d71c5c2c2b207326e2cff6bde4fe923a6ddcbc91dd9
767,I_924_934_13,exact,A,,contradictory_review,e4c2a7a4f4d74ddd1f19d6ba31f28875b3bd46146fc467a6a5e7e63d20086d75
768,G_260_13_13276,exact,A,,unrecognized_review,e52dfd45ae40a085c41c357af96630fea1a7b9831ef7673ca80cae6c8d2a5fe9
769,I_900_938_14,exact,A,,contradictory_review,8ee936e4aff52201ba0cb2e14ad2fd77496994877f6d6d11f7bb2cb224a8a386
770,D_006_4,exact,A,,contradictory_review,ee632b6ad5689430c6680baeca180116a4c6e7ea0592714b029b4bc0642b7e37
771,G_110_14_9525,exact,A,,unrecognized_review,e11e24220c590dfd5bb0f7625424302ad09aabb26ace1f478f13c11544d6e003
772,G_37_13_14155,exact,B,,unrecognized_review,0c0e7ebf15ae50ef27a8ae92ed2360070d941f1eed254afd14983c045aaafdc7
773,D_010_8,exact,A,,contradictory_review,59c0687bcc48068e96334030e55ea1c3112a58bd9b8c3bfafeb6b8060b304c2f
774,G_937_13_16525,exact,A,,contradictory_review,1b6f8e738adfccbcf5259cbda7f97429d6a9f851861a0729134756b47fa5899f
775,G_120_13_9973,exact,A,,unrecognized_review,5d2ced81e780f171d1cee8d100fca8840d5772a41f954ef2146d77b1f246d7ad
776,I_206_266_13,exact,A,,unrecognized_review,88d24f4a604176cab1f15f4ab1d9138a12a0c01eb626ff81713a91f351ce54c8
777,D_062_56,exact,A,,contradictory_review,af04a9f7b544ce60e088f3c5ac26b5d69ae540c3f13ba46cac255f9f749f5d1c
778,G_149_14_10680,exact,INVALID,,unrecognized_review,fd0ad9026eee596b7072a762941f60bef57e760a230edd450b3a634825685c2a
779,D_213_181,exact,A,,contradictory_review,3d89c9b8a2f004017ab231e002068f7257750493076f58417920ad18152e57ac
780,G_58_14_14754,exact,A,,unrecognized_review,fc15b76f4f64692b7926e883740d486cece0d12a74483205b3b94bc1852b90e7
781,I_102_22_13,exact,A,,contradictory_review,f21052077afcab60bf1b8e40698c525f214e79c43506d23281ffa7bbd3e9aaa7
782,D_188_162,exact,A,,contradictory_review,28758d4115847dc3582673f107ea82331e5232a4a52d4e7dbe0a3e80f9a03577
783,I_056_157_14,exact,A,,contradictory_review,bb51aa52b286caf4d73016e2b49497ba85f93f1869391120bfb3ada10f779992
784,G_901_13_15404,exact,A,,uncertainty_or_refusal_review,f30debd91b20339abf6cac68b2265671faae1108db79df9ab78ec0a9ffe0c2f5
785,I_005_108_13,exact,A,,contradictory_review,4974c99ebe764fa99b27afb6314b9da8ca0f39aee542f8e9d10c70e3b30f72b0
786,I_046_157_14,exact,A,,contradictory_review,72e7c39c25a93667faf4a51c8bd2bcbf82c3d72b681aa8f2834b10b0c93cb630
787,G_254_14_13101,exact,A,,uncertainty_or_refusal_review,198ef8c4708a789e54975aaabe6b61a3c4a2fa41dbe6327b363cfd6b31c3b45e
788,G_055_14_4475,exact,B,,unrecognized_review,f8c4c813e93df00b79b45162518355455b820bc8302cf5be0d7ab02b9686f399
789,G_230_13_12603,exact,INVALID,,unrecognized_review,c977dbe785221d34114d345fdf8ff4e18bb4af66750751dbea29407f9738735f
790,I_149_95_13,exact,A,,unrecognized_review,f79604288dc54565b35bc3d5735ba2650d2ae3615c4810be92ea1bf4a25a9f6e
791,I_048_180_14,exact,A,,contradictory_review,1b6f8e738adfccbcf5259cbda7f97429d6a9f851861a0729134756b47fa5899f
792,D_99_337,exact,B,,unrecognized_review,b31d50e8008168d190f203a65fe03d6d9cdf38c2429887753b49baf3addc1448
793,G_902_13_15435,exact,A,,contradictory_review,a83acb33954740df13be19b91a07e21329ca3aee3471003970a86bc0e1b33029
794,G_293_14_13948,exact,A,,unrecognized_review,b2c5954323a7e799d8329b7cdfb0040348e25248ffdab65387d18e297a579c15
795,D_57_268,exact,A,,contradictory_review,20d91ef0248b5366c07691181b73fbb7c51cde7d8309d847c837086ea378e7e4
796,I_041_90_14,exact,B,,unrecognized_review,0f6ca52a0d6bb66ac6f98dd323cad0d3796d60143d13114723231a8142d16ee8
797,G_006_13_378,exact,B,B,explicit_text,0114f7e9710aac21cd974a8a655e12599fab2012871193dfad40495b9d9455e8
798,G_094_14_7788,exact,INVALID,,unrecognized_review,fd0ad9026eee596b7072a762941f60bef57e760a230edd450b3a634825685c2a
799,I_053_190_14,exact,A,,contradictory_review,84b51dc43486c1f1c27089439eb51966d3e8e1aca2308ea94b6f97c0374872c4
800,G_021_13_1751,exact,A,,unrecognized_review,43b3e8a9057dd48e829e7682eaea029094dc2c6db6411ab47cd08074ca21cd83
801,G_021_14_1772,exact,A,,uncertainty_or_refusal_review,0ee11493ed511e3242c5163d71d524e1a38f7195cfb7de0d03f7340e7eb601df
802,I_011_928_14,exact,A,,contradictory_review,12b92e4b23c9cbb9e27619154aab2522c814c383db748f75a11b7c237ec2395f
803,G_029_13_2341,exact,A,,unrecognized_review,02389ea3c97ee4db0fd2a023f8363360c79eeae162f42a90a767a6d1bff6525d
804,G_181_14_11398,exact,A,,contradictory_review,7a34c0a98717749c3773592525405c78900688fc126672d79b30a91603783f4a
805,G_913_14_15809,exact,A,,contradictory_review,067f772b98d39778d3bc8f8dea35ced6712f7e536cdc3e86e2db40d5b73fc726
806,I_181_900_13,exact,INVALID,,unrecognized_review,45ee952ef56baf8a5b97b48e3784f04b9b166e1ab3a10ca5521e9a55a0f25b25
807,I_048_50_14,exact,A,,contradictory_review,b2b57b908d536834def5e01572fc40f7ee0f93f55bebbf4b771e71b7093733d7
808,I_203_245_14,exact,A,,contradictory_review,e474bda92f12d604ac9911b4699a8cde6141475f5fe16f6fce23d8e10cbc31d3
809,G_289_13_13789,exact,INVALID,,unrecognized_review,fd0ad9026eee596b7072a762941f60bef57e760a230edd450b3a634825685c2a
810,G_246_14_12896,exact,A,,unrecognized_review,3118e245493cf4e3f9d66cb69a90b947ec8f9d08f5de5a8e2f6043f45cc8a38f
811,G_037_14_2957,exact,A,,contradictory_review,b2822731af3442a5208f1fdf3c2431c00960a8ea64e5e1f5082677d6797e3c76
812,I_163_227_13,exact,INVALID,,unrecognized_review,45ee952ef56baf8a5b97b48e3784f04b9b166e1ab3a10ca5521e9a55a0f25b25
813,I_046_112_14,exact,A,,unrecognized_review,377ae4d259bfe8bf2142f7f92f772b827652a8158af86b75a18e29f6c23ed5e1
814,I_263_94_13,exact,A,,unrecognized_review,1b15ee96859df19e0cae883a6cc249cbf73d1da5f70e8c9eaefae8cc7c40d222
815,I_11_9_13,exact,A,,contradictory_review,a47e99cb134978af1fbfbb200e49b500464a099b5a6753ca17fc9ad67f101a65
816,I_023_218_13,exact,B,,unrecognized_review,6ae6e8e1c42169f8d2d145ebf55e2221b1c422f9900d91c9db2ed14c70db864d
817,I_204_217_13,exact,A,,unrecognized_review,bf1c5bd200de1c363ead9a15e9c692efaefb2101d0b0b26e0f923050ac0d807b
818,I_057_135_13,exact,A,,unrecognized_review,20e196f831d43f3f26290272223c6a67c72c236701a27136d68b080e655e9674
819,D_045_39,exact,INVALID,,unrecognized_review,0e77e68ba5473d98840c3212f4a8cb801226494f1162c8001a9f4ed7b00cbaa8
820,D_018_16,exact,B,,unrecognized_review,7111052f629628078c756e15d4928a4b09466221114f4da5d7301cccf588afbf
821,I_020_31_13,exact,A,,unrecognized_review,80e2decec989d33b38c1b6041cb3b1c55fee999fd885eff20e8607034ad8f168
822,G_129_13_10221,exact,A,,unrecognized_review,776a8c1c8c818c987bb8d46c2aabc60dd19f2b99e84632b269503bb51227af6a
823,G_936_13_16481,exact,A,,contradictory_review,1b6f8e738adfccbcf5259cbda7f97429d6a9f851861a0729134756b47fa5899f
824,D_231_198,exact,A,,unrecognized_review,b773f1a0d56ab6b6a7696eded74523484a6d43643e09485a594b5aa987dce24a
825,I_022_158_13,exact,A,,contradictory_review,f6517668b1e80b11f751780cf0a6195d0fd0f6664ec4c7801c26de3496ba15dc
826,D_117_106,exact,A,,contradictory_review,49e7d583d7fe518a3af72a5d4112a93177b3f5a10f1eb5db6b328ade43d267a9
827,D_014_12,exact,B,,unrecognized_review,8a8e8226d789ad4fa4a79cd335d45013ac62238cc33656e4caf43172e50bff73
828,G_31_14_14069,exact,A,,uncertainty_or_refusal_review,16ab90e3903480e51a93f55c89f10e0a02dfa7c6a190b27514ebdf0c37213c7d
829,D_299_244,exact,INVALID,,unrecognized_review,fd0ad9026eee596b7072a762941f60bef57e760a230edd450b3a634825685c2a
830,G_910_13_15705,exact,B,,unrecognized_review,ce66c6da6e0ba6fd9192ea4138dac842b4cdce93be5550a68c69c17ac5db8fd7
831,G_178_14_11343,exact,A,,unrecognized_review,48c57dd3c022f27632bddc4017bd9440d1e2f2c105ea8d953390d15901b82e25
832,D_065_59,exact,A,,unrecognized_review,6d0fcc33a353f989bfb2a6eea93e853449368e99ef7f2fec4931c350780a5199
833,I_916_927_13,exact,A,,contradictory_review,1b6f8e738adfccbcf5259cbda7f97429d6a9f851861a0729134756b47fa5899f
834,D_29_239,exact,A,,unrecognized_review,5d2ced81e780f171d1cee8d100fca8840d5772a41f954ef2146d77b1f246d7ad
835,I_232_81_14,exact,A,,unrecognized_review,d33f8eb27442521afa22be89ffac471139f56b57006cb6adc80173719fcde527
836,I_074_65_14,exact,A,,unrecognized_review,e23080dd0492941fc4686ca411f5e2f6ea27898d4e2e10a048985603201e45bf
837,I_084_932_14,exact,A,,contradictory_review,45e90ba0e414071e5552f24af69286e91cda6f75022b382b5a8fce6f857bfcfa
838,G_106_13_8808,exact,INVALID,,unrecognized_review,fd0ad9026eee596b7072a762941f60bef57e760a230edd450b3a634825685c2a
839,I_074_149_13,exact,INVALID,,unrecognized_review,45ee952ef56baf8a5b97b48e3784f04b9b166e1ab3a10ca5521e9a55a0f25b25
840,I_045_915_13,exact,A,,contradictory_review,41eae9c2f78c6f6549efdc7d245f0cb730c94c38eb28f3047ed5e55e31a92f3d
841,I_068_224_14,exact,A,,unrecognized_review,a42aeac58463a6a28eafe30842e58b50193dea6a159a741cace82d6d68e31d2a
842,G_223_14_12379,exact,B,,unrecognized_review,873c91623be4b9643f5753f42f03a7c60aee3bb2fd3c6f84e8a3fc684436d08b
843,D_172_149,exact,A,,contradictory_review,0ba004f9767a3c504d8630d80d5871928e94d51f8ec650c5b7a7f6cd257c93f8
844,I_025_224_14,exact,INVALID,,unrecognized_review,fd0ad9026eee596b7072a762941f60bef57e760a230edd450b3a634825685c2a
845,I_203_263_14,exact,A,,contradictory_review,804498614c1ab223f961963b128bba62ce0bad5c95938ba33d8e724d74d7a07a
846,G_231_14_12631,exact,INVALID,,unrecognized_review,32ebb1abcc1c601ceb9c4e3c4faba0caa5b85bb98c4f1e6612c40faa528a91c9
847,G_933_13_16392,exact,A,,unrecognized_review,6e06e2311df7f92ca52748445404a537be261ab3a04d45f7ada2cef8d33fe3a8
848,D_230_197,exact,A,,unrecognized_review,7df03e5c2eb2ee4100f7b87856b3ae5e59ccb2560cc66b76c46860d342f2598c
849,D_82_287,exact,B,B,explicit_option,df7e70e5021544f4834bbee64a9e3789febc4be81470df629cad6ddb03320a5c
850,I_130_248_14,exact,INVALID,,unrecognized_review,2916c9c92c4a684069b800b1f565936065f44fc788e59fdaed09ac72520daf58
851,D_040_35,exact,INVALID,,unrecognized_review,fd0ad9026eee596b7072a762941f60bef57e760a230edd450b3a634825685c2a
852,I_130_256_14,exact,A,,unrecognized_review,9cec2035ddf5f1b39d0bbdaa57e886357895dab01fab16d336cb66cd432803f1
853,G_245_14_12849,exact,A,,contradictory_review,56daf9a625de2cbc59c8f3e451d3c2bade25cf2a277801b91b1b975e83e65bf6
854,I_082_914_14,exact,A,,contradictory_review,1b6f8e738adfccbcf5259cbda7f97429d6a9f851861a0729134756b47fa5899f
855,D_241_204,exact,A,,contradictory_review,03c76d927b3ea0e49c11251dbb779d1134b9af76e496f8f052e7bf199c34d000
856,D_64_275,exact,A,,unrecognized_review,f7f9947f3a94da8a467279222d3d4f790ae09067b012a5371e9a02c57d13307b
857,I_43_907_13,exact,A,,uncertainty_or_refusal_review,574cfaecf7a85e9a638faccc0adeaeeef031f3545e3fba8cb2b029d28ee82681
858,I_928_94_13,exact,A,,unrecognized_review,3c501d5834b8b7d3c7db983705e13ddcd606b67b9b2d7aeeae4b990bafe4a92f
859,D_144_129,exact,INVALID,,unrecognized_review,678f0dfd1df31f9a60e5357c79968a969fc312dd48900224dd32e91b75fc2b64
860,G_092_14_7635,exact,A,,contradictory_review,abc7aae8117dff3862d711228bac0649d5d1dec4446bc95ad347066b0c095210
861,G_76_14_15213,exact,A,,uncertainty_or_refusal_review,9dfa47c5bc3009c0d273092ec94ab8a3ccb2a6a9ff1a359ab0dc29a4364197c0
862,D_259_219,exact,INVALID,,unrecognized_review,ab0531c9d89473e8c5af60d4621a5d5bfaa6a5b1f1ebf3cc69e20814fee801cc
863,G_051_14_4106,exact,A,,unrecognized_review,168f5c267c3d44d38cc10a3ae34a9da940adfa7f0989c4bf5f1517a599067a86
864,I_064_110_14,exact,A,,unrecognized_review,bd6811b3a19c3267efe4d7c9f3ac217c3c3e693e3b2e3ea232bf1c01aa5c3238
865,I_014_207_14,exact,A,,unrecognized_review,9bc765055531a4571c9102ec8bad42a69857d7ebf70ef318cc2cb95a6d4b420f
866,G_024_13_1986,exact,A,,unrecognized_review,8a232eec2b27122a20ab443d1b51d5f98935e9c8f1d808260b7f64447a6039fa
867,I_218_237_14,exact,INVALID,,unrecognized_review,fd0ad9026eee596b7072a762941f60bef57e760a230edd450b3a634825685c2a
868,I_283_919_13,exact,A,,contradictory_review,dbc6d3a50b4aa867a673f22d203c599d9a1dc3ae2eee4c9246a3917a87b051e8
869,G_054_13_4354,exact,INVALID,,unrecognized_review,45ee952ef56baf8a5b97b48e3784f04b9b166e1ab3a10ca5521e9a55a0f25b25
870,I_149_60_13,exact,B,B,explicit_text,b1c9eb7c37e675fc517b6505924533cdce16186b5f0e203bf8eff78af200a1f9
871,I_105_11_14,exact,A,,unrecognized_review,daf0eb834c1d9620fb5ec2b01fd282b6c113c97fa60557e02f67b9c94d39ba13
872,I_013_185_13,exact,B,,unrecognized_review,d3734863dd920c0be09588ce07e45f9e5572e7cdd9814b722efad2abb40174a6
873,I_83_88_14,exact,INVALID,,unrecognized_review,45ee952ef56baf8a5b97b48e3784f04b9b166e1ab3a10ca5521e9a55a0f25b25
874,I_100_218_13,exact,A,,uncertainty_or_refusal_review,871243c51478484a24d33046ccbd173bcf0d8b2dce52300121a134e5f8a74b4e
875,G_916_14_15907,exact,A,,contradictory_review,3920488d46021cbcd75c4c17187ef66b7dfd9ce1ed0b97d69c19a1cb516848c0
876,D_61_272,exact,A,,contradictory_review,66ff16a5857ec533d254ca9f2c01e8145f2020480aca2e49e29e20e69064739b
877,I_30_92_13,exact,A,,contradictory_review,8b0906b04ee4489f79a737f6019af828d6acfab2aecca83aa9504f31de1523c7
878,G_012_13_933,exact,A,,uncertainty_or_refusal_review,9eaf6d89a03467fff3f0d81817f8ce46866fbb9f3764489710dbf4ae7f4a6309
879,G_148_13_10635,exact,INVALID,,unrecognized_review,801199f289f2f96f86f5bd22648bb4a3e60fffb4635b5d69c08e279a79f3f040
880,D_70_280,exact,A,,contradictory_review,37f33a4ac015acd5b807065170d18f07876637e0d690754113172a99b6516a83
881,D_027_25,exact,A,,contradictory_review,91f5658fcbec030393f0456dd8238644537ca751e453d1aba8c7fa3138dafe77
882,G_041_13_3262,exact,A,,unrecognized_review,bd7dff233353d7756f3e074ba0f4efc871c40bff556de0aec7e79926e828ae5f
883,G_41_14_14302,exact,A,,contradictory_review,3d29d4fe853d9d7dcbfa29dbaaeae9cfbada5b84d499f0e5d7764e393b7ee8bd
884,D_911_303,exact,B,,unrecognized_review,0f6ca52a0d6bb66ac6f98dd323cad0d3796d60143d13114723231a8142d16ee8
885,I_51_68_14,exact,A,,uncertainty_or_refusal_review,e1d4568ba5e2b1951cb54b9a7442f4dbd33ada69f542030434cdc816ce57f7a0
886,D_138_124,exact,A,,contradictory_review,d04ffaf0febf1dd710774e32ada84a682ea47d30a2a7397bc36ff0419a8309f2
887,I_090_902_13,exact,B,,unrecognized_review,ce66c6da6e0ba6fd9192ea4138dac842b4cdce93be5550a68c69c17ac5db8fd7
888,D_124_114,exact,INVALID,,unrecognized_review,d83c3ad4d33e135f549e655749875fff8e12578a45fb42a93ded9ee21865f467
889,G_909_14_15656,exact,A,,unrecognized_review,6f547658da1275ce607486d8c9621ae9ea0f8d47970f233e23f2572ed53bb431
890,I_216_26_14,exact,A,,unrecognized_review,0192ffa5cf2a7f89ec8ad068e87e6e273fc2d70d6be3d857dc9aab5cb353784d
891,G_086_13_7052,exact,B,B,explicit_text,70307be4b69e7a70d88c458081673e449d4707f68a13bbecbb8ebe60afbbf9f1
892,G_226_13_12463,exact,A,,uncertainty_or_refusal_review,d5b9cf0afd85e3e0a2012877f78d2d047ef1458dd838449d7fa8e6be04e8dab3
893,D_96_335,exact,A,,unrecognized_review,fffbddb681bb741c513a069f19a0425495c317eb3b82dbc66bdce97253c195c0
894,G_934_13_16426,exact,B,,unrecognized_review,473214f953b19633da831cc7fdbe7c791a3dfbc26dbd0d2226b43696b24ab821
895,G_081_14_6635,exact,INVALID,,unrecognized_review,fd0ad9026eee596b7072a762941f60bef57e760a230edd450b3a634825685c2a
896,G_175_13_11263,exact,B,,unrecognized_review,063073dcbc88758a58968d5f5d14fd3f36d04ea8a56f417b72225edd866d445f
897,D_36_249,exact,A,,uncertainty_or_refusal_review,a7345ff2d563401b402bc489b06d2e0f3ba48bf4701bfe6bf8cc834defdde00e
898,D_12_109,exact,INVALID,,unrecognized_review,45ee952ef56baf8a5b97b48e3784f04b9b166e1ab3a10ca5521e9a55a0f25b25
899,G_70_14_15083,exact,A,,contradictory_review,d3464cf618c028a835f9ff9d1cb80eddd4a63dc29a458996b329ee135acf44c3
900,D_290_240,exact,A,,unrecognized_review,2b934c4b8ca758e51d3f6fc126d6c2816967add90983cd1afed6462b41ac5888
901,G_124_13_10098,exact,B,,unrecognized_review,27350737ecfd5c1753b65b66c0655e7f3712937bf9b920bdd152431d3cb98656
902,I_63_903_13,exact,A,,contradictory_review,1ec5f03d44a599b2f92e8bb30ba7816a782d130b88031b75bfc23560466b8ac8
903,I_254_913_14,exact,A,,unrecognized_review,cbdf5335f19bc32518c222dbb8582912fd856c1946f16ede5541cbd6a84e2449
904,I_017_225_13,exact,A,,unrecognized_review,906fb5d898639bc9b43b5e07fce4d4dc045a93d181be351a01395eb2680e53e7
905,G_57_14_14724,exact,A,,contradictory_review,821026d757da55d18d15ff0b28aaecd012fbdba84f11663e30cafe3c2d35f1b1
906,G_9_14_16797,exact,A,,contradictory_review,4c7005f23223bca7745c57a6ebde1ad607f188b00ff3e166a575aa40bb4af0bb
907,D_293_243,exact,A,,contradictory_review,af3130de91e7d0ece1e561f3b381c3af7274531138b1828446cfcfd01cb06dd4
908,D_915_307,exact,A,,contradictory_review,bc2060c5e7934a1ad8c9ef5bf32af299c61aaeeef5f920e153959028e892ee6d
909,D_012_10,exact,A,,contradictory_review,87dec651188207dc88ea305c1f37a537017908b2dc1ba3402fef73c8feb764cc
910,G_086_14_7106,exact,INVALID,,unrecognized_review,678f0dfd1df31f9a60e5357c79968a969fc312dd48900224dd32e91b75fc2b64
911,I_25_257_14,exact,B,,unrecognized_review,9dfadddfdd849de37e84f70b871b46478c5c2e05e042c80f8a8a07fbdaefd917
912,I_054_094_14,exact,INVALID,,unrecognized_review,fd0ad9026eee596b7072a762941f60bef57e760a230edd450b3a634825685c2a
913,I_281_926_13,exact,A,,contradictory_review,d2276440c9277e5ecc904ad216276e8e06e55a5303b01a859f369fb58d41598a
914,I_123_4_13,exact,A,,unrecognized_review,0cff940137c12c765ebe4ee9daba71ee9759c84e4fc7fccc73e28e873d69aa55
915,G_224_13_12402,exact,A,,uncertainty_or_refusal_review,7f5ff8167c1bd95b5ba68f42aef95eb799ae6f6361a171aaf351d2c1182321d9
916,D_917_309,exact,A,,uncertainty_or_refusal_review,c65803f37d0f50fdcac664def764bb1624773539e81aaf17d374da55ce1e5833
917,G_233_14_12685,exact,A,,contradictory_review,a8208cbd1868256af65f5695092b3fa0d8e70f298201182bf33d67f97e5d5e5c
918,G_908_13_15620,exact,A,,unrecognized_review,b5d91a02b55eac620dc50f001fc4fae2f962ba3d8b98a0be86dbb732f7ba8546
919,I_148_166_13,exact,A,,unrecognized_review,efa9e2f3cdf073c1f1c3772411c4f787c88e9b219c03c1bf12edafb87cbb32aa
920,I_169_917_13,exact,B,B,explicit_text,70307be4b69e7a70d88c458081673e449d4707f68a13bbecbb8ebe60afbbf9f1
921,I_043_919_14,exact,A,,unrecognized_review,eebf958f37f5a3b806419f17679df58e9014bd35a70028188a7ad697d11e465b
922,I_218_26_13,exact,A,,contradictory_review,386a761dbce10798a7d99ee73a43a22095f926a4c17deea741cb176f8039a607
923,G_229_13_12550,exact,B,B,explicit_text,b1c9eb7c37e675fc517b6505924533cdce16186b5f0e203bf8eff78af200a1f9
924,G_905_14_15534,exact,A,,uncertainty_or_refusal_review,33ebc95073ecc0ed3838c6ed435463f8214cc70aa9210c74cabae1f9fd4bf206
925,G_033_14_2686,exact,A,,unrecognized_review,18a1d5106f1da5070464920aae56e040eeca38f8c5b0db391448db6b67b15364
926,G_016_14_1334,exact,INVALID,,unrecognized_review,ac48998e3928f66470135f5b250d8b3961ed6afc586c48706f8827f42d4718ec
927,D_906_298,exact,A,,contradictory_review,f2fcaf71b5623dca212f8ce5e2da7363b131b100fec1e9efb9d26d8cc4fb9048
928,G_28_13_13818,exact,INVALID,,unrecognized_review,45ee952ef56baf8a5b97b48e3784f04b9b166e1ab3a10ca5521e9a55a0f25b25
929,I_032_924_13,exact,A,,uncertainty_or_refusal_review,9f260e74ee36b5d47fb242f47737798a8edfdffa776f32bdfe92d55994a03ef8
930,G_174_14_11252,exact,A,,contradictory_review,3911ee56261bcb03f2e75eaecab4d5f9e53d7379965d9ab42b0de0e3f1325b7f
931,I_053_39_14,exact,B,,unrecognized_review,0f6ca52a0d6bb66ac6f98dd323cad0d3796d60143d13114723231a8142d16ee8
932,G_089_13_7320,exact,B,,unrecognized_review,08aeb0f5ea396f28fb6d2fe701ae6ebdda9bc343f7ec5896be44882152c24c1c
933,D_180_156,exact,B,,unrecognized_review,13d66845e0797b1ab20fb27bed6c345c00e591982c008f7d20b0c00908dd53e1
934,I_079_101_13,exact,A,,unrecognized_review,cf682ac8325904da6c8d789a967ca77aac81531b8f789261aff7fd8aecff575b
935,G_005_14_357,exact,A,A,explicit_text,85a39ab345d672ff8ca9b9c6876f3adcacf45ee7c1e2dbd2408fd338bd55e07e
936,G_225_14_12452,exact,B,B,explicit_text,b1c9eb7c37e675fc517b6505924533cdce16186b5f0e203bf8eff78af200a1f9
937,G_71_14_15113,exact,INVALID,,unrecognized_review,158a842a72e31dd6fa130276f5d4e7b5a1815bc511b37915709f4105eae2fad2
938,G_088_13_7239,exact,A,,unrecognized_review,c58b2f42c4b51f1c04b043d926aee62042531e182cccea9fb270eff649514d1b
939,D_243_206,exact,A,,unrecognized_review,b7f935ae814182db2cb2b4828f204f69702c84343f37f9bb06eb8f6f18dce81b
940,G_144_13_10545,exact,INVALID,,unrecognized_review,f67ab10ad4e4c53121b6a5fe4da9c10ddee905b978d3788d2723d7bfacbe28a9
941,G_081_13_6576,exact,A,,unrecognized_review,869a6ee5be4cf5eac971e43c99006f48ab8d31a6b82b9067e46ae7554c9cf154
942,D_178_154,exact,A,,contradictory_review,375997efbafdcefd3d6a877cace2a502a17c52b8c33fd6ec43ba54d00418dd82
943,G_056_13_4518,exact,A,,unrecognized_review,d84ae382d26bbf516e13403fc6515935d8474413f0706404436491f0d6031579
944,D_080_72,exact,A,,unrecognized_review,bf9086c33d2462789d684bc70e098ecce75ad21b89f05e04f89fdb3eabadfb04
945,D_181_157,exact,INVALID,,unrecognized_review,fd0ad9026eee596b7072a762941f60bef57e760a230edd450b3a634825685c2a
946,G_92_13_16275,exact,INVALID,,unrecognized_review,b6fc03b39a2fb859ce9af1c74a3521b1e410174eea76000a1ce038e4bf723527
947,G_90_13_15671,exact,A,,contradictory_review,f0bf8959099df4a2d3eeafe828a71cb31c2ff9983459b0767f19540a419a77d2
948,G_226_14_12479,exact,A,,uncertainty_or_refusal_review,47a6169d726272d3595633c67064084353e10b07b7414226f6ec0ea684ba1dac
949,G_215_14_12176,exact,A,,unrecognized_review,e96b37803d8b4700c620db4cdc815f383a80e1fb9c45bcaface2e0dd9b65b75a
950,I_096_200_14,exact,B,,unrecognized_review,8d8a7cc3f19ac6ab5012f5e7b274b544b143c99a6cb5b036659dfd8a6a2858e1
951,G_242_13_12786,exact,A,,uncertainty_or_refusal_review,135198830edf022ba92cad348fff9b83fbc0bb670239fb93d8370a00537a4907
952,G_903_14_15477,exact,A,,contradictory_review,5f0036644cc44ce266f95bb5f3c777ac4557b194266fd5063e4877c059134b17
953,G_28_14_13831,exact,A,,unrecognized_review,531869066386e77f4b1bc93221166fa038497c494bdd3526d770bb2884576ace
954,I_292_906_14,exact,A,,contradictory_review,4dec12115d7baf582678a881512471cc8f337eebd32fc74f9daf71f915750741
955,I_109_246_13,exact,A,,uncertainty_or_refusal_review,2ac69e3f4a13e82f55c23e41d7fc0dd8c5f8bf7a20c84a0063c954d3f324bff8
956,G_933_14_16415,exact,A,,unrecognized_review,fafc573a607ee318cb9265ab4581f188ef1f1d24b6402bc66661b4fae87dd020
957,I_001_098_13,exact,A,,uncertainty_or_refusal_review,9232fe1a8108a1176e946daa4b2f52be6a0d970c1cff7c8124be2c43ead27d84
958,I_16_937_13,exact,A,,contradictory_review,84b43ab96a0d744d6e0367f4d16dc9ad5d33be9c29be7c269771470410c3a382
959,G_36_14_14130,exact,A,,contradictory_review,97fa5fa2db19acd37019bc057d5a87af109dcf7ba26e7ab4a5f86350c44a709c
960,G_039_14_3132,exact,A,,unrecognized_review,5ff73c4603f35a4e1efa673b728ce3415107ca9c0eec52db3a7853792866b210
961,I_055_083_14,exact,INVALID,,unrecognized_review,289cb98294bac859be9b482bc4938186e5d6bbe1b28ab1cd16be98b529838ea7
962,G_192_14_11701,exact,A,,unrecognized_review,1001a64df31f4f06ef96992391043431df06ec0a6d29274ec1a8b1160edb00d3
963,G_190_14_11635,exact,A,,contradictory_review,1b6f8e738adfccbcf5259cbda7f97429d6a9f851861a0729134756b47fa5899f
964,I_001_231_13,exact,A,,unrecognized_review,62d2004b58c06a42a69467c87f2d687e964f204dbacebfb21eb3b9da7d84ca58
965,G_62_13_14867,exact,A,,contradictory_review,d9bd7487b088fa75a282258c4b66b5bcbe9c9ce377d443e16de48fb2d9479013
966,G_185_13_11510,exact,A,,contradictory_review,587ab75610af6612deffd9a4d5b3f6babb5a4faf7ce26a2c2d6dfb228cc98c66
967,D_005_3,exact,A,,unrecognized_review,6e280467278a958705c13dbfa2bb6568ed804417a90c5b1211d61095a65c766d
968,I_116_261_14,exact,A,,unrecognized_review,aa5783161575d18af0ad0bf05a4decc5d1a819a22d8f2c9020c13e10ad584b54
969,D_120_110,exact,A,,unrecognized_review,6a3e714c9423c88f51b2d1423e0595cc0e08a396945ab62e3bbb3ee2e98d53de
970,I_010_72_14,exact,A,,uncertainty_or_refusal_review,f81b681dc305514bf667a3f858266ee8b9b30065e105b078ad6170bdcc69f8ff
971,G_189_14_11584,exact,A,,uncertainty_or_refusal_review,a5ee1700a47296c59a0d373f7e74100b08e3317ddcd4dbaf1ec86c7526f7eb11
972,G_171_14_11165,exact,A,,contradictory_review,1b6f8e738adfccbcf5259cbda7f97429d6a9f851861a0729134756b47fa5899f
973,I_016_124_14,exact,INVALID,,unrecognized_review,fd0ad9026eee596b7072a762941f60bef57e760a230edd450b3a634825685c2a
974,D_95_334,exact,A,,contradictory_review,ab31d61a2f390d88e31ea1a9318dca964684a470b401e5e5e627018e2a0148a2
975,G_261_13_13299,exact,A,,unrecognized_review,e2bfe4217d48033c41f2b68bcf97bcfc08b3133d77eee4db2b9fff46e5cc0c8e
976,D_281_233,exact,A,,contradictory_review,2036797c0340244ac6aa27b123f8367672aa8cd2b658516cf9717d1c2ba94a68
977,I_135_299_14,exact,A,,contradictory_review,d615e5292d2d1f66508acf84d3a7c5aa9a4a4314ad557d3710d74da942848788
978,I_058_22_14,exact,A,,unrecognized_review,5dd92d5b2964553c9ce9008803c0abd390710fc7d9240374074fe69360e46a7c
979,G_017_14_1431,exact,B,,unrecognized_review,9b98dbf0d4ecfae00c401fe51131c3923e7090cd3f122d00aa5428ae691c17eb
980,I_027_053_13,exact,A,,contradictory_review,24044d7798d446568fabb722e513383768e9de752f4aadd80e3bd53fdc97d633
981,D_907_299,exact,A,,uncertainty_or_refusal_review,079608f84ec641bd3fd4023294037d4b5dc6d41d917c4862bbcb95012259afc3
982,I_008_25_13,exact,B,,unrecognized_review,98a58145e692980d0447118b1b6820074d32cc40ea40420074b28ea1e5861eb9
983,I_098_169_13,exact,A,,contradictory_review,0d8aa6f8bad52c0d5c5abbddc978e012f0c739ff16d96b3cad18b7ed501f7b2d
984,I_031_033_13,exact,INVALID,,unrecognized_review,ce28a0b651a37057d5a671a86a77ced8f789687a56acde7d63593dddf4f9e02d
985,G_094_13_7749,exact,A,,contradictory_review,8a1a11222ad64adfe23b6f1403f3b025908ecf970d555250c0b31727d4b47384
986,G_48_14_14494,exact,A,,unrecognized_review,93b0b1d59081ed6e9db11a905f9192cf65e9d13f4dddf652f8d291ee8f4a7ea8
987,G_220_13_12308,exact,A,,unrecognized_review,19055456724fd4c3703c1700a9e454e5d65703427eb85998c368a63678675f1b
988,G_130_13_10287,exact,INVALID,,unrecognized_review,32ebb1abcc1c601ceb9c4e3c4faba0caa5b85bb98c4f1e6612c40faa528a91c9
989,G_39_13_14197,exact,A,,contradictory_review,98cc3ed47bbb3364ac412c9b267ed47e783949e1116cce4edfc113ea40c6fcd4
990,I_049_83_14,exact,B,,unrecognized_review,4413d0e8c4cbca5b2a66754db302767f70323f2f44787c0b0dd9d5b501ba7224
991,G_259_14_13232,exact,A,,unrecognized_review,e7bca1b18292d5b352a93f310d7a5f0d8b8bc915a0e135e1c7cb9eead75a925f
992,G_47_13_14444,exact,B,B,explicit_text,b1c9eb7c37e675fc517b6505924533cdce16186b5f0e203bf8eff78af200a1f9
993,I_049_102_13,exact,A,,uncertainty_or_refusal_review,4fc6a17672f108135553f2139c58e37186a12e41c2f9f5a175b66961560b350a
994,G_064_13_5229,exact,A,,contradictory_review,1b6f8e738adfccbcf5259cbda7f97429d6a9f851861a0729134756b47fa5899f
995,I_38_65_13,exact,A,,unrecognized_review,eb4c9ece039f77747f112688a27927a516266c6f2aced8c2111125b7b33a1a7c
996,D_116_105,exact,A,,unrecognized_review,172b6de1686040d6b1d68dcaaf9a5321dcfbb0e03508dacc1bb909b0f6d9cc2f
997,I_005_31_14,exact,A,,uncertainty_or_refusal_review,506730754694aabacb2c25e11bd733825de2555ae84633680fffb9cbb9de0cf8
998,D_163_142,exact,A,,contradictory_review,064b477c15847c2193f5721e6d995f869dbdecd08db2744f3fe4eb76a449a2c2
999,I_027_83_13,exact,A,,unrecognized_review,e0b5163a1e19eb1e99a0489bab363ed64d911876f0903a62084e6247c372607b
1000,G_034_13_2711,exact,A,,unrecognized_review,f37175bebcb86e04f9e1126fd3e05655f89e907f1c6b6a392726622e3b125d6c
1001,G_051_13_4058,exact,B,,unrecognized_review,ce66c6da6e0ba6fd9192ea4138dac842b4cdce93be5550a68c69c17ac5db8fd7
1002,I_249_905_13,exact,A,,contradictory_review,9233159259f0f426f89f5e5b87cb62435a833e7e8b1b3c64f4f470872fbc894b
1003,G_90_14_15693,exact,A,,unrecognized_review,c96bb8cf893e33c9e7760e8324d1a99c9c5472d84404396536a8347ab71f6c24
1004,I_080_109_13,exact,A,,unrecognized_review,d855ac70fe7bb3fd9b322fdc3af177edb866b594125c9df5689e9e385da14e8f
1005,I_020_056_13,exact,A,,unrecognized_review,71dc4613299e94bbde4343b028b48e4c9ac08c758226651888594d27b7f74e94
1006,I_29_88_14,exact,B,,unrecognized_review,0f6ca52a0d6bb66ac6f98dd323cad0d3796d60143d13114723231a8142d16ee8
1007,I_174_283_13,exact,A,,unrecognized_review,ebd88a34e10c193c0d1558647fc8a778a7bec2c32da8296559741531b11a41c7
1008,D_022_20,exact,A,,contradictory_review,5b241605821aa6df15785ef88d78a1c49ed052d90e10faf4cfad07b31e415b79
1009,I_024_160_13,exact,A,,unrecognized_review,f36700c9439d6c846b38994636141621b0db0ba2a5a7e28e85a17d8b11ab1734
1010,G_090_14_7428,exact,A,,unrecognized_review,32871533252376c3950075a433acf78fdc688fa7f0bb276152b3d0f993c25f7c
1011,G_285_14_13737,exact,A,,unrecognized_review,7c2eb4379a5788f7fe76bc89e1717349d4a25d2b21d842c53fe0c984136542a4
1012,G_928_13_16220,exact,A,A,explicit_text,85a39ab345d672ff8ca9b9c6876f3adcacf45ee7c1e2dbd2408fd338bd55e07e
1013,I_125_935_14,exact,A,,contradictory_review,abc7aae8117dff3862d711228bac0649d5d1dec4446bc95ad347066b0c095210
1014,I_212_42_14,exact,A,,contradictory_review,bf3d266664a2f45f506646f79019185b04d4e5199e57f7f12161472c30e7b389
1015,G_59_13_14774,exact,A,,contradictory_review,f5f27c25ed4592b2d5f4339397590aea7f6080e858a01e2823cf0c93e0ed097b
1016,G_260_14_13281,exact,A,,unrecognized_review,995ed3358935791194d08a1f1b9ae24385c7cce8ad05377d314deb17d672b404
1017,I_031_157_13,exact,B,,unrecognized_review,30c600c263eba83e49dd2880db4f1eb38433141939139e44f41d67666f10bd51
1018,I_174_198_13,exact,A,,contradictory_review,1c16bfa8752dc1bfa98999b1e60ddf80b8fece53ceb326483b42abf4139cece4
1019,D_49_262,exact,A,A,explicit_text,6d1984f6861d2d0694ba72c799a81d74f6d79a9ed5e1bb85e6653bdbb943d0cd
1020,G_216_13_12183,exact,A,,unrecognized_review,d059f73ac75e55d582b63fe717ca5167ab363e2efc50330731c4ce35618ef036
1021,I_188_46_14,exact,A,,uncertainty_or_refusal_review,5a2fc2878bcc2f20da28a80861d3bc07611fe0eb5a16e1cac0965322cab782e6
1022,D_28_231,exact,A,,contradictory_review,ddb6ff85a124fc246644f1e2b26dea5009fe7ca8b9111a731a8eb49eb3796139
1023,I_228_257_14,exact,A,,unrecognized_review,06413ffd9fcefbc085c6a8f8671a68d09d914bcbdf9931a65b95190db27d64c2
1024,G_143_13_10526,exact,A,,contradictory_review,1b842dbe53d9294e4c22532252549ec795603a1cf1a51e87b4e158047919f85b
1025,G_241_14_12781,exact,A,,unrecognized_review,4b711dc3e3b73df5c3ed858ae5502d3c9c0efe08681cccf98b195dc3a579728a
1026,G_166_13_10993,exact,A,,unrecognized_review,8ad407648e5c590cc02f6028bf0680df190248210431fc6c7cb59475d3ba13bc
1027,G_258_14_13176,exact,A,,unrecognized_review,56743582750dbbdee98a83186ef1648a296fa03f1a914534127687192e2f0db6
1028,D_089_81,exact,A,,contradictory_review,6d07b10a012eac28de4e504de5a77ec844d59039c7aa39f6293c4ca9988cf16a
1029,G_72_14_15141,exact,A,,unrecognized_review,d507226e6793c517bddd3b98ca8fb8c63995080593e92ce720006306ef6f8590
1030,G_203_14_11942,exact,A,,unrecognized_review,5f8372c0324d8001bdc56d1edb002f4f6e45ff3644cc45d358153b3833e65d91
1031,G_18_14_11610,exact,A,,unrecognized_review,c3d6a6bce0c76b57aad0259a12d88691e8696ef759c721531891ac15991e84cb
1032,I_117_65_13,exact,A,,unrecognized_review,9ecd1efc174ef46a480f2423ee8e770436e279dba94fadc8b58f0bef6ca103e4
1033,I_062_95_13,exact,A,,uncertainty_or_refusal_review,f684c9c623cae3b3d2f1c2646db61eb9c736e218adcc332f31881404dabda2cc
1034,G_16_14_11106,exact,A,,unrecognized_review,6e9464b0b5c0fe2a37f1d8de18c3a24a5cd61d8811f6ad786928665f68abbe4b
1035,G_21_13_12285,exact,A,,unrecognized_review,c98a0770f675a414cdded2a9259ec297dbfb4bc189e5efd6e4c66908f78ae63e
1036,G_83_14_15318,exact,A,,contradictory_review,e4a319d7394ce399ca63d66a2c0ef0bc71b42ac9efebcae4c8fe236f351e9a78
1037,D_105_95,exact,INVALID,,unrecognized_review,e9734aac10c1f7e729c975773a3abbb4ca5ccdb7194bd2a38309ab04310b16ae
1038,G_112_13_9782,exact,A,,contradictory_review,48a2fb156df92741b246238dad8c29021773d65ab419b55793e3cf0c012604cf
1039,I_173_209_14,exact,A,,contradictory_review,1b6f8e738adfccbcf5259cbda7f97429d6a9f851861a0729134756b47fa5899f
1040,D_908_300,exact,A,,unrecognized_review,fe97b2b2b7e4e63edb0687d8df5ad8ba794f998aea51a2555e27c4ad747ee964
1041,I_008_124_14,exact,INVALID,,unrecognized_review,32ebb1abcc1c601ceb9c4e3c4faba0caa5b85bb98c4f1e6612c40faa528a91c9
1042,I_014_172_14,exact,A,,contradictory_review,d8910ae8b101f671909ed8ec2e49f111f2dab96db63a78e6958d6d0052d78ed6
1043,G_167_13_11036,exact,A,,uncertainty_or_refusal_review,d01a3576262bb0d2d2d3133e20303fa94876bb20756144319dc1652ac5f3f953
1044,G_128_13_10186,exact,A,,unrecognized_review,afbad9c08dd7d6c24b0d754242aba2267bd8257ec613318aebb1f38bb15e862e
1045,D_015_13,exact,A,,contradictory_review,3c937ffeed88cc24302f8742a6af560bb0509ee918038b050f426b33fdb6e9de
1046,D_245_207,exact,A,,unrecognized_review,6a4757216a6e01b6341e3ab7928ede4d8443779d97f2d655295c669b34005305
1047,G_009_14_680,exact,B,,unrecognized_review,cd4bbc8281654c2f65c6d097a24ec42f24d12387f992be39f9cc934c1651d2d5
1048,I_169_246_14,exact,A,,unrecognized_review,761ded1375c1b77848be7d0824c25665a79dd6b8c87369985610abbe998fd977
1049,D_057_51,exact,INVALID,,unrecognized_review,fd0ad9026eee596b7072a762941f60bef57e760a230edd450b3a634825685c2a
1050,G_63_14_14910,exact,INVALID,,unrecognized_review,192af065e096bb4bfe44608d6874590f9613e91f042ded152b779a98f8431073
1051,I_033_50_13,exact,A,,unrecognized_review,108b91bdd11c87a98af5225c78fba6417529459314c95d1f05b0a088d3646ffb
1052,D_017_15,exact,A,,unrecognized_review,6f5652f1e3b19604688b0dbb41d153eb1a7fd3cc14b30b4535549ed1aa8c981e
1053,D_064_58,exact,B,,unrecognized_review,ce66c6da6e0ba6fd9192ea4138dac842b4cdce93be5550a68c69c17ac5db8fd7
1054,G_023_14_1965,exact,A,,contradictory_review,2eaef1f261b7dffa379498712c1aaf8ab76d2046221d760b515089e87dfc2c6b
1055,I_037_29_14,exact,A,,contradictory_review,7eb2c0e74418f33b1c00ec0afa188618b69429d0809b589cafb104eca5ae7aa1
1056,D_037_32,exact,A,,unrecognized_review,e8dc47e36fbc3649a750d2b9ed5a70fb0676b4378dc70d36c7f3bd442b20fad6
1057,G_99_13_16752,exact,A,,uncertainty_or_refusal_review,8b03f505850dd4046a9febe829b769f4bc4a4e759e08035211288d036c82a665
1058,G_079_14_6445,exact,A,,contradictory_review,c49c155a263cfa648d1e6e4634512225da0cf8ef2be267cb11eaf2a1d6ea17ff
1059,G_079_13_6400,exact,INVALID,,unrecognized_review,0e77e68ba5473d98840c3212f4a8cb801226494f1162c8001a9f4ed7b00cbaa8
1060,G_283_13_13665,exact,INVALID,,unrecognized_review,9050e7121874593e89c7cc09508760b280d7166cf7ffe9866c14d39868a2a6f1
1061,I_28_49_13,exact,A,,unrecognized_review,a0fbac4eca8c1e1abf557215cf529e0fa93bd08e9e56d7a4295c3473df38266e
1062,G_82_14_15304,exact,A,,contradictory_review,5081dd8a2ed3f2331bd142060453a1017f141347c0984c0302c3bdc81f9c2b0b
1063,G_51_13_14587,exact,A,,unrecognized_review,2a58f14b962f9948cc94e653dce53ce0bbd3203cf29a77ac8860ddafa0415667
1064,G_53_14_14637,exact,A,,contradictory_review,d2df30390ec33fd22fcae6bab2386761c14af01c80bd4d846c38fa5fba60bc4c
1065,G_228_13_12518,exact,A,,contradictory_review,8ee936e4aff52201ba0cb2e14ad2fd77496994877f6d6d11f7bb2cb224a8a386
1066,G_26_14_13466,exact,A,,contradictory_review,eb12c9a43b44e72f1aafec4984b55c809edc14ee3ca35cd859ddae197cf53d80
1067,G_099_14_8164,exact,INVALID,,unrecognized_review,fd0ad9026eee596b7072a762941f60bef57e760a230edd450b3a634825685c2a
1068,G_106_14_8873,exact,A,,unrecognized_review,9fe24a459e6e7b2c4012055ed9148af16e668889917262ececc77a96febc42cf
1069,D_38_251,exact,INVALID,,unrecognized_review,fd0ad9026eee596b7072a762941f60bef57e760a230edd450b3a634825685c2a
1070,G_040_14_3214,exact,A,,unrecognized_review,57c90456dc2ca8e3e3ac61bfad8bcd70db6adb274d124439eb98b9216bd12884
1071,I_055_35_14,exact,INVALID,,unrecognized_review,158a842a72e31dd6fa130276f5d4e7b5a1815bc511b37915709f4105eae2fad2
1072,I_100_270_14,exact,B,,unrecognized_review,0787cffa04978f2082983f86d1e5141f643fcb7ab6411ce7e5a48f610f5b1a8f
1073,G_44_13_14386,exact,A,,uncertainty_or_refusal_review,e0b3b8baa3dede38503bec3dcb52670d651f3ff1f79020b35a064cf1ce08c178
1074,G_53_13_14627,exact,A,,contradictory_review,59c0687bcc48068e96334030e55ea1c3112a58bd9b8c3bfafeb6b8060b304c2f
1075,D_092_84,exact,A,,unrecognized_review,47c3f3af74c5c160d13461f4ce12fad3f4b92ced8aefd54722dd045af1874791
1076,D_111_102,exact,A,,unrecognized_review,21093cbaa21e19add9a384925ecebf68f2c95eadb991664c1b5293ab90aaf5e4
1077,G_111_13_9623,exact,B,,unrecognized_review,83369b1b4471b7a783592bff577cbd10ccbda306dfda2836f95d85db1e6db970
1078,I_171_905_13,exact,B,,unrecognized_review,ebdd0b2bdb89f711059e58611080d3d2daa30bae46eac3154c271a092de6ff7a
1079,G_918_13_15954,exact,A,,unrecognized_review,d12ecd6a7b25d88b02e30270447cab1617adb374f0c9f24b3236fbf3e0a18176
1080,D_061_55,exact,B,,unrecognized_review,ec99b8081743c82c264e93119a36b0c825a562223f90eee2c254695d66465623
1081,D_200_172,exact,A,,contradictory_review,147b79f1c646ed6338dce63eb50f6a88fae736e1626b31e3a450e423929711bd
1082,G_173_13_11214,exact,A,,contradictory_review,2346ef9fa596d8195274c40ce215e3bd0fc1dc7bff6a35a31edce797c0167517
1083,D_62_273,exact,A,,contradictory_review,958f5a70d390ec84f7cb35605643e37168da7d7209c9f7e9d5cad2c0896c90b9
1084,I_253_281_14,exact,A,,contradictory_review,82bfa825dc922acf1ead1952acac84665fd89e4e312503baa170d42d93d05b58
1085,G_155_14_10781,exact,INVALID,,unrecognized_review,245843abef9e72e7efac30138a994bf6301e7e1d7d7042a33d42e863d2638811
1086,G_44_14_14393,exact,A,,unrecognized_review,b1658a2c01b804707bebc424e797b064d737737de0c7e5d0e5f0cdc5a481cd26
1087,G_925_14_16144,exact,A,,unrecognized_review,96b5b8c0339d65d3426232eb5378aee9a4b7d6a8740c598ea5dd8926a2bc2082
1088,G_132_13_10308,exact,A,,contradictory_review,e9d14f1f8b1d833da3be28d3fc8ba26c68d0297ba381849f9562c74dd275343a
1089,G_915_13_15852,exact,A,,contradictory_review,b355ad23f1e8f859b79c74f62cbbf730e9067654d4aeb49a7ba4d0e4c2436f76
1090,I_061_88_14,exact,A,,unrecognized_review,3af1625872d6ed46f064a9fa32cfb921c15b2983c21eff97148a02ee232679ba
1091,G_100_14_8348,exact,INVALID,,unrecognized_review,fd0ad9026eee596b7072a762941f60bef57e760a230edd450b3a634825685c2a
1092,I_060_56_14,exact,A,,unrecognized_review,b6a5254c6d35205b6bf75377783af73f05bf7c3852c4dbd4414cda16b23236aa
1093,D_209_178,exact,A,,unrecognized_review,9433aeb83742462f2017ddc85bb0638d9571e5c81f4947ec1a204426205a14af
1094,G_069_14_5732,exact,A,,unrecognized_review,4a9d85f6ec89865cd9db78885f73448d723279bf91816f7f2311ec708f34ddf5
1095,I_011_257_13,exact,A,,unrecognized_review,f643a2e9e2696367bd1576c2dcfa6035936b0ae9ff17f5c736e964c8f6504c99
1096,I_164_220_13,exact,B,B,explicit_text,b1c9eb7c37e675fc517b6505924533cdce16186b5f0e203bf8eff78af200a1f9
1097,G_198_14_11817,exact,INVALID,,unrecognized_review,45ee952ef56baf8a5b97b48e3784f04b9b166e1ab3a10ca5521e9a55a0f25b25
1098,G_213_13_12101,exact,A,,unrecognized_review,e15579fcc4261deea332df8c222bc24c2926c9f64458728fb432e3653b02bfad
1099,G_040_13_3185,exact,INVALID,,unrecognized_review,192af065e096bb4bfe44608d6874590f9613e91f042ded152b779a98f8431073
1100,G_096_14_7880,exact,A,,contradictory_review,3c99582d8c606750da1cb9f2aa5de1700427507d7445526303743a039f334c44
1101,I_215_926_13,exact,A,,uncertainty_or_refusal_review,7f5ff8167c1bd95b5ba68f42aef95eb799ae6f6361a171aaf351d2c1182321d9
1102,G_177_13_11298,exact,INVALID,,unrecognized_review,45ee952ef56baf8a5b97b48e3784f04b9b166e1ab3a10ca5521e9a55a0f25b25
1103,I_263_48_13,exact,A,,contradictory_review,2a25c2b6ab8f4e708f458a4867047145a04a1889e0255fbe64b4c0eb666513ad
1104,I_145_148_14,exact,INVALID,,unrecognized_review,fd0ad9026eee596b7072a762941f60bef57e760a230edd450b3a634825685c2a
1105,G_931_14_16357,exact,A,,unrecognized_review,49b35c6830a7395e4072e33de42da56048340fd0cbdbc65842e50f7734abb56a
1106,I_256_284_13,exact,B,B,explicit_text,b1c9eb7c37e675fc517b6505924533cdce16186b5f0e203bf8eff78af200a1f9
1107,I_35_41_14,exact,A,,contradictory_review,2031bba1e50715cbd8b2d92cec27162e705cbb6aca6f4a0f53c852bbaa07863d
1108,G_904_13_15485,exact,A,,contradictory_review,67c41b8e412f6f8508ef9f0403d1385e255bd844a83cf51901265b2cc2c9f5cd
1109,G_043_14_3378,exact,A,,contradictory_review,d1aca33f36081852d460ca20f6dc28ef9d5be5f0cf364815d8baced0be273f3d
1110,I_122_935_13,exact,A,,unrecognized_review,06dd484aebefcd4ce512e65328372137cf706b6afcfb135775191fbb4d3f69f7
1111,G_169_13_11059,exact,A,,contradictory_review,56ac4a8863d7ac90b1ece0c507c9a546680090d38af30e021a2a9f70997f89df
1112,G_145_14_10602,exact,INVALID,,unrecognized_review,fd0ad9026eee596b7072a762941f60bef57e760a230edd450b3a634825685c2a
1113,G_173_14_11218,exact,A,,contradictory_review,1c143e83f7297b60b95e216f8c6a68a62aa6b07a5da40c18d2373ba265a84831
1114,I_128_283_14,exact,A,,contradictory_review,fc61a0dd60fa073a3220a8452b7d2b7bdf8e5e4c46e1665d821d8dc4864c6e71
1115,D_084_76,exact,A,,contradictory_review,c330f3673b5cb08b0b336dc28a9e998a9509a3fb62eff19091ba18bb6fe4348e
1116,D_086_78,exact,A,,contradictory_review,bdec4b509b3ff471e4b90cb880aca2ce099fdd6e82b588fd7e6da4cfed339c0c
1117,G_080_13_6508,exact,A,,contradictory_review,668246f2bbbfdc45cfdd731ceb327ac59ad8fd47f1d070fae629d82e5839023d
1118,I_285_96_14,exact,B,,contradictory_review,adc028d62f1cbff63432c084f5e44b6a2d46663b680285518960272b6b0927f2
1119,G_197_13_11773,exact,INVALID,,unrecognized_review,fd0ad9026eee596b7072a762941f60bef57e760a230edd450b3a634825685c2a
1120,D_125_115,exact,A,,contradictory_review,db862b97d39d69e97e5ba2735330a2ae60f6a20471ffe69de63d1f228f795c5c
1121,I_012_112_13,exact,A,,contradictory_review,a66981652b46832a2bcd6734c86f72e7a33eca5c7a0baf721d8cc1018f70b962
1122,I_041_110_13,exact,INVALID,,unrecognized_review,32ebb1abcc1c601ceb9c4e3c4faba0caa5b85bb98c4f1e6612c40faa528a91c9
1123,I_209_36_14,exact,A,,contradictory_review,a35c77eba87173418c2f21f02663af5a8a2708745eb71c677c7d478a6385ee09
1124,I_12_180_13,exact,A,,contradictory_review,1b6f8e738adfccbcf5259cbda7f97429d6a9f851861a0729134756b47fa5899f
1125,G_038_14_3030,exact,A,,uncertainty_or_refusal_review,fae5b3a7e72b34aa907bfe9b7c531b4f2c6e5a15feb0d46e6b97af7bd0abf5b4
1126,G_194_14_11729,exact,A,,contradictory_review,392913a6719fcc07a13d71de1228511707d45bd7fac079610930ecb649dd9d0e
1127,G_031_13_2459,exact,INVALID,,unrecognized_review,fd0ad9026eee596b7072a762941f60bef57e760a230edd450b3a634825685c2a
1128,G_050_14_4019,exact,A,,unrecognized_review,1b7eb48d7e232ff9ea35d3506633e78c826047a0005bf8df28326723cc642167
1129,G_184_13_11479,exact,A,,uncertainty_or_refusal_review,b9addcd92fe3cd23cc100d71bb3b26ebb994a4c1985df8804331b92a5f79f0a5
1130,D_242_205,exact,A,,contradictory_review,566c89ffa564de11c6c970e641a51d2200a522118fd2cde0ab5ed79f47532c06
1131,G_3_14_14245,exact,A,,contradictory_review,8a149a382c7ab9b93bd7fa2ed1eeac037f5071e9d0d45bce4a0a26f740b13346
1132,I_135_938_13,exact,A,,unrecognized_review,ca3922e9aadaca28b364954ca68aefa489c020fb24aa4df9134cc6e01fc791e3
1133,D_71_281,exact,A,,unrecognized_review,050a50da317d4c5d0ea2a247a0b43bf5f0b06986462c99a8de7be393b15153c3
1134,I_184_931_14,exact,A,,contradictory_review,24b4d1ce5fdc16b0afee822c69e3fd28b0fb5c5c77f8b67a02970d138d726fa8
1135,I_014_123_14,exact,A,,uncertainty_or_refusal_review,04c87d5d53daa65e810f375493e5fc6b60dbf389265099c5e84f8aab0945a4db
1136,D_143_128,exact,A,,uncertainty_or_refusal_review,50b3961ef7b976b54da8173d7b21237922515c342fcf4b1714beb5b60a65c93e
1137,G_267_14_13404,exact,A,,contradictory_review,2a60d23a579a366dafabe2e0981dec81d53cba130d58f704a35b90c373bb1486
1138,G_206_14_11999,exact,A,,unrecognized_review,e917d6f32cc7d72d618ea36a57c4210dfd5e4e5dd95cb5be4f918ca2b3ff18bf
1139,I_016_292_14,exact,INVALID,,unrecognized_review,45ee952ef56baf8a5b97b48e3784f04b9b166e1ab3a10ca5521e9a55a0f25b25
1140,I_083_090_14,exact,A,,unrecognized_review,59c47bd102de4db884dfc83c24fa9ef769322d426bdc2ea9eb815b33c61373c3
1141,G_60_14_14819,exact,A,,contradictory_review,e0a40ff9e06050f29585e22b7301487f50822440daaaaa4da8f21a056c29213a
1142,G_254_13_13089,exact,A,,uncertainty_or_refusal_review,82f10f4c61437d2d8097bed33cda51b6c7abfef9affe63152d3dc2cc5fb6203b
1143,D_54_266,exact,A,,contradictory_review,175bba4b196933b2bab00e73ada4ba211b5083dc2d0b2d8d5ab1c4996c1cba55
1144,G_135_14_10362,exact,A,,unrecognized_review,684ed56080b24d715f8d62f1903fa8566e7208250af07710f5cf061e4eb1e575
1145,I_253_59_14,exact,A,,contradictory_review,779843460320d4846441494fe040bb5fb7ef79b1690057a900a51e23acca1531
1146,G_59_14_14792,exact,A,A,explicit_text,85a39ab345d672ff8ca9b9c6876f3adcacf45ee7c1e2dbd2408fd338bd55e07e
1147,G_281_13_13637,exact,A,,unrecognized_review,63f560c80b592fabc1447a6063f1286bc4560330946b6f4e0cd60f1f3c9f0f38
1148,I_081_171_13,exact,A,,contradictory_review,8ee936e4aff52201ba0cb2e14ad2fd77496994877f6d6d11f7bb2cb224a8a386
1149,D_900_292,exact,INVALID,,unrecognized_review,fd0ad9026eee596b7072a762941f60bef57e760a230edd450b3a634825685c2a
1150,I_919_935_14,exact,A,A,explicit_text,85a39ab345d672ff8ca9b9c6876f3adcacf45ee7c1e2dbd2408fd338bd55e07e
1151,G_937_14_16538,exact,A,,contradictory_review,43fa893962649cac13b8e5e42ace8588ca299ce2ac2254e0f387ac28161c86e1
1152,I_14_907_13,exact,B,B,explicit_text,b1c9eb7c37e675fc517b6505924533cdce16186b5f0e203bf8eff78af200a1f9
1153,G_085_13_6946,exact,B,,unrecognized_review,071b41dc1d852e3e7eb910b16f363a1beae4e0c9524581027021f15f1c9b7594
1154,D_196_168,exact,A,,unrecognized_review,80ff98c39fb5d6f5fdd9c08c51f2e92655d279fd9fa22594d06134f11bc67005
1155,G_246_13_12879,exact,A,,unrecognized_review,3c501d5834b8b7d3c7db983705e13ddcd606b67b9b2d7aeeae4b990bafe4a92f
1156,I_045_085_13,exact,A,,contradictory_review,a143518531dc81fc0c02edce7996e2856aecde7aaae3f59a90566f3278f743dd
1157,I_025_937_14,exact,A,,contradictory_review,323366e00a0a12325fa56c3615017bd0125b4cf0b2e502322dc247ee95694175
1158,I_223_94_13,exact,A,,uncertainty_or_refusal_review,f54d6765584bfb292d9352a056835ed3247cdc64a2fbf693a3c9446b1022c771
1159,D_019_17,exact,A,,contradictory_review,f7f8719068d6d029c2487a2d7a25a0b024e53e8271d268cc3b90145e4ac69d1b
1160,I_163_223_13,exact,INVALID,,unrecognized_review,fd0ad9026eee596b7072a762941f60bef57e760a230edd450b3a634825685c2a
1161,D_198_170,exact,A,,unrecognized_review,9ecd1efc174ef46a480f2423ee8e770436e279dba94fadc8b58f0bef6ca103e4
1162,G_032_14_2606,exact,A,,unrecognized_review,88db2829d0e94ebf94c7cca1a0c11cf4c4bebd00730989a50a475ffd0c19da28
1163,I_001_925_13,exact,B,B,explicit_text,70307be4b69e7a70d88c458081673e449d4707f68a13bbecbb8ebe60afbbf9f1
1164,I_232_67_14,exact,A,,uncertainty_or_refusal_review,49d3401f6e141d7e152f5be9d758603e7dff5fb68b411b19ed6ded9d548e0cf3
1165,G_43_14_14369,exact,A,,unrecognized_review,811f1fcfd4c9d7122439638ae069b279791f5aa2d13dde412cac0e25e62bd1e3
1166,I_11_27_14,exact,A,,unrecognized_review,18b311054c7c516fc519d583518c698bbbd2cdad52e7561c51a1cfa5e5f36498
1167,D_070_64,exact,A,,uncertainty_or_refusal_review,7b9f959ec4797de7e04465b15222b92b146eeae0d2978a95e2b1cb9d142ab0a2
1168,I_066_39_14,exact,A,,contradictory_review,f41681c4ccf7aa5184d703b4023f3d19411dd289a2f6333de4aac2ca0c500faf
1169,I_072_110_13,exact,A,,unrecognized_review,ac9e72b31cc91ba22a78da7741e466ab2901a34492fbfa58b96f3661a2ef47d0
1170,G_227_14_12505,exact,B,B,explicit_option,79398e2d8cadfc05f0152f92591166a1f81ebeeb0156179ef1a0f6c55ebc9af9
1171,G_257_14_13172,exact,A,,contradictory_review,fc590725c8cbdf7e0bee7b67c30f90ae8a36a517a70249400d0af6fe74b2683a
1172,G_88_14_15356,exact,INVALID,,unrecognized_review,32ebb1abcc1c601ceb9c4e3c4faba0caa5b85bb98c4f1e6612c40faa528a91c9
1173,I_226_64_14,exact,A,,uncertainty_or_refusal_review,f4d05b01d8f1370e92ccad4bed128eebf9e4d73f784d33540763e55bb48512d6
1174,I_022_108_14,exact,INVALID,,unrecognized_review,c977dbe785221d34114d345fdf8ff4e18bb4af66750751dbea29407f9738735f
1175,D_108_98,exact,B,,unrecognized_review,d25b5ddc9a23905fed28335d70ea03da0867174730c683306ffc1be96d05d02e
1176,G_078_13_6338,exact,A,,contradictory_review,c7676e06e417df3b77cebbaeb0bf48ea4dbdd5e391faa73a333689f6d2e86633
1177,D_207_177,exact,B,,unrecognized_review,2a63f185c40590393c1ea05548e7afe664d53d931c41709e9eeb0ef58705afa5
1178,G_143_14_10537,exact,A,,contradictory_review,4c0c23ddf97a0d262a92bcddfad3a54536a5ae6922f7d6fb4bf731b4ebcde6f8
1179,I_067_25_13,exact,A,,contradictory_review,bf3fe8449b6470f04b3b13e24e577c4d19a3e74e24fa3cb40f8296a5f3f75ae7
1180,I_071_929_14,exact,B,,unrecognized_review,0f6ca52a0d6bb66ac6f98dd323cad0d3796d60143d13114723231a8142d16ee8
1181,I_11_258_14,exact,A,,unrecognized_review,cb9df46f73155d124fb301c4fbf8f434892f761afdc108e76a13a3a52044844b
1182,I_218_44_14,exact,A,,contradictory_review,f2eacba211174c4f37d8409526449a23d98da44f98c11cfddf38631c88cec8f8
1183,G_152_14_10738,exact,A,,unrecognized_review,5d9af9d295122f53f394543d38de470154315463695db08407b8ea7decf8321c
1184,G_39_14_14212,exact,B,,unrecognized_review,0f6ca52a0d6bb66ac6f98dd323cad0d3796d60143d13114723231a8142d16ee8
1185,I_142_172_13,exact,A,,unrecognized_review,719d8bf49805951385b04f956e7b6071a3a94ac190529ac942933a8b9be8c64f
1186,I_025_919_14,exact,A,,contradictory_review,0dd3c2fd3ffbd0b1e34ad2fbeb5a9f30afe10b693d5935fe5ca306a46a58c2d7
1187,D_115_104,exact,A,,contradictory_review,9d95dd390095bd72d1bbe82a5ebfb5cd739527f299d985efb8b060d9c1697b5c
1188,G_243_13_12818,exact,A,,unrecognized_review,68f0acd5fedcee67d67888bcb1b6577d8b2490619adb1d7242b104f4f551c852
1189,G_115_13_9822,exact,A,,contradictory_review,de1431050d758e99eabcc381b351dedf01285e04bef72724c5c755f774bbef72
1190,G_014_14_1126,exact,A,,unrecognized_review,41586faac6af2214bc65d0c493f3b6fa061c92789ed85ef1a198edcf5f913c0e
1191,I_018_183_13,exact,A,,uncertainty_or_refusal_review,df0d87921e4cb31dc9f14e1cc8dc24735606fdc1535778a24b25180b3901af5c
1192,I_049_105_14,exact,B,,unrecognized_review,05b01e2677fa5c020e1de47eb694bc3ddf77277b36d42a3b04b5958c4e91bcd9
1193,I_097_156_13,exact,A,,contradictory_review,b98010a270ad9430ac94ca28b1c9f683d01a823bfa8f57ea35d708943e539382
1194,I_063_21_13,exact,B,,unrecognized_review,42984cbf8cb1a36a97e1907c9676ad90de3005bd6d5166c1b9d51f3a3be3362b
1195,G_921_14_16027,exact,A,,contradictory_review,1b6f8e738adfccbcf5259cbda7f97429d6a9f851861a0729134756b47fa5899f
1196,I_070_166_14,exact,B,,unrecognized_review,49fa219ebe5d2c6c0b633caa1b6d1e84c13b57fffbfbb8368990b59835479813
1197,D_170_147,exact,A,A,explicit_text,8aff5108a050bcfab25817bf86c37c2660c09db0c5cbea06cb49565c6644e7d2
1198,G_012_14_952,exact,A,,contradictory_review,7a2a9659365834cf223eb0cafea31d83d4158a4d13114cffa7f802c35a87c7e7
1199,G_070_13_5796,exact,A,,uncertainty_or_refusal_review,0984e3c482cd7e15d8e95a12b0eb15825f8b9be6d396eeea6bf2fd6a74155d12
1200,G_022_13_1844,exact,B,,unrecognized_review,8a8e8226d789ad4fa4a79cd335d45013ac62238cc33656e4caf43172e50bff73
1201,G_30_13_14015,exact,A,,contradictory_review,9506d281ae92f4cca62668071897c646623f39e0366e4948610cb4ad0c3e24cf
1202,I_021_225_14,exact,A,,contradictory_review,d9b6220d6de257fe03e394b1809f5cd8555ba5a6329d907e19b2e9fd130a7ba8
1203,D_921_313,exact,B,B,explicit_text,b1c9eb7c37e675fc517b6505924533cdce16186b5f0e203bf8eff78af200a1f9
1204,I_043_919_13,exact,A,,contradictory_review,0cbd02914892627115834c7c14626c7d6f1bc3553dc81127a55548f661def002
1205,I_091_921_13,exact,A,,unrecognized_review,b06d8840492e9fac49a64e6c46ad75cb7fc0164ea0bc24ff70b54c4ea6a96fe8
1206,D_112_103,exact,B,B,explicit_text,b1c9eb7c37e675fc517b6505924533cdce16186b5f0e203bf8eff78af200a1f9
1207,D_92_312,exact,A,,contradictory_review,a1e38a901b6d837da3c061556ae9987a32e2ee0fadd2eb5425627537074b61a6
1208,I_008_156_14,exact,A,,uncertainty_or_refusal_review,c608b9695d1b6b870c3bc82a6ca385c710a961aef55fc2cc4ec65130c8ff72cf
1209,I_062_246_14,exact,A,,contradictory_review,90a3430b90775ab15780199864ac86d7b3b0ffe7fe9aedb03706b7c45de9301f
1210,D_203_174,exact,B,,unrecognized_review,bddc81ded51fa04fa2b02fa120d98de9faf71e0cc1de682ee867a29714af6a2e
1211,I_173_54_14,exact,B,B,explicit_text,70307be4b69e7a70d88c458081673e449d4707f68a13bbecbb8ebe60afbbf9f1
1212,I_155_99_14,exact,A,,unrecognized_review,2efdbbebf123502cf4498231b7544b08e75ab7e206511e9aa9b9d200b292e55f
1213,G_926_13_16151,exact,A,,unrecognized_review,1cdd2c935b656665ecb4e8402cd9a3dc6b212c33dc167f6141fb7edfec6d00da
1214,D_202_173,exact,A,,contradictory_review,2976384aa109cab288fdc6f9b7ef039d5abd09de7878b48f9a4d7d901c4b597d
1215,I_052_063_13,exact,A,,unrecognized_review,210cda55c831b45ba26562efd018400a2c5b8e503f5e482cb860cb8b49ca3f2a
1216,I_108_111_14,exact,INVALID,,unrecognized_review,a2fa92b359d04729501110991d8e343a7dd374357ef4bb4c6c5993b7c481a895
1217,I_013_188_14,exact,A,,unrecognized_review,03ae13cac7e7efba22b40be75f42ae967524b58ec71cd18c0ce0f0e10e96e6f4
1218,I_25_26_14,exact,A,,unrecognized_review,6c5a093e1b662227237b44e19ee101bfd8c689bf9d7575a0e3d7c0ca44206cdd
1219,G_132_14_10331,exact,INVALID,,unrecognized_review,32ebb1abcc1c601ceb9c4e3c4faba0caa5b85bb98c4f1e6612c40faa528a91c9
1220,I_35_46_14,exact,A,,unrecognized_review,cfd1c2f9362f1bc4e4f992468d9f37f9e3767b20edb6b0b26a1521da3e7de2ab
1221,G_185_14_11519,exact,A,,unrecognized_review,d080bc4fb4e616b19323ccb861a68643e589316e4e53f2cbcf176f631c5f7a68
1222,G_188_13_11539,exact,A,,contradictory_review,9d95dd390095bd72d1bbe82a5ebfb5cd739527f299d985efb8b060d9c1697b5c
1223,G_285_13_13720,exact,A,,contradictory_review,cfc117a274acfc7b764c0efa5c6903313ae2992873ca6a828f0f788a7870ef1e
1224,I_12_218_13,exact,A,,contradictory_review,1b6f8e738adfccbcf5259cbda7f97429d6a9f851861a0729134756b47fa5899f
1225,G_082_13_6663,exact,A,,unrecognized_review,5fbef3587bc2bca448fa6e33c933569ff4f47910211e5585d7987f106e0e24a3
1226,G_914_14_15836,exact,INVALID,,unrecognized_review,c2bd33cb80dfe24e16fedaaf2998dc7436acc9a6e93f5a1760649368399d92ff
1227,I_035_903_13,exact,B,,unrecognized_review,ee0ddcafa2448e74b4a87f10d2a4e274218ae67bd3dd3fa26db9a53c65aaae46
1228,I_049_090_14,exact,A,,unrecognized_review,2a740261f94e3b697649c0fed85923985b3d230e4ff7e1e713ae24d5b4851a29
1229,I_038_39_13,exact,A,,contradictory_review,e7b39c32bb83f789f1002865de1cbbe0639ebdb3afd3b69bdacef1060799a5e8
1230,I_091_914_13,exact,A,,unrecognized_review,e3fe1ae079c4ce8045c97f493b1e141ef30c397d6c02486bffe2c2e7b0f5f8ee
1231,I_107_156_14,exact,A,,unrecognized_review,7b350dba10daa0f97a13a740df0cd0818c3a3a84c74a71c7d8887280dcdd56b4
1232,I_261_76_13,exact,A,,unrecognized_review,40515ad2096d3e52c7ce341dd37e01fff50f5c6dd9b7afc77df0e34abaff3a08
1233,D_197_169,exact,A,,contradictory_review,1b6f8e738adfccbcf5259cbda7f97429d6a9f851861a0729134756b47fa5899f
1234,G_93_13_16604,exact,A,,contradictory_review,5f4884e615174e7d4c3371c1a69b50f392f7168ad377278ef5caf19d8b2b33ef
1235,D_093_85,exact,B,,unrecognized_review,028d06bac523c3dcf5d405d0920098d4ba9b01efeb128ed5a1f1e9682308982b
1236,G_059_13_4810,exact,A,,uncertainty_or_refusal_review,af65ac5e93f9f9ce15bd115c5f8334244582e23ef988a78fc5f2cf5c2d69414c
1237,D_65_276,exact,A,,unrecognized_review,f8365f308fb7e9d0fd32b8308bb5e962e4fcb0a5eff1dd09019e6693e9df8c24
1238,I_900_923_13,exact,INVALID,,unrecognized_review,45ee952ef56baf8a5b97b48e3784f04b9b166e1ab3a10ca5521e9a55a0f25b25
1239,I_058_063_14,exact,A,,unrecognized_review,1cdd6e9fff1f007c700bc7492aec2a31960287bbf40733791975ae46d53f106e
1240,I_119_53_14,exact,B,,unrecognized_review,8e9ff4f40e746b643f43d932e0582dd5b946e5d3d81a4e348084699db27d70d1
1241,I_293_43_14,exact,A,,contradictory_review,ec21d5f70eace43d72c0375b739de60f1f77191267ac3e2b4dc4d22e5c7e2d66
1242,G_263_14_13348,exact,A,,unrecognized_review,6402fe22161991b2900aef933ceacefdb2cfb5d89b3c9619948e678227534e0e
1243,I_074_084_14,exact,A,,unrecognized_review,0f1e5d932b772780dc770e95fefa186ae867fc7f9b0098d71f8030b8cb2eda97
1244,I_105_47_13,exact,A,,contradictory_review,764e40f830c723311b875788ede86c1491ee454128db06c9ec16234321fe4653
1245,I_284_291_13,exact,A,,unrecognized_review,daeb0559817c0917c582651fd2cc97d5bd369c92f12c822006e1db27beb73814
1246,D_082_74,exact,A,,unrecognized_review,ca8939e6a8f913580b65b24b40a09d58c7aa420f158fadfe7d363222edb41809
1247,I_164_924_13,exact,A,,uncertainty_or_refusal_review,c69295068f65c2f143218e33aaa0241d3dc2949df72f82fedade0a89b0aa31df
1248,I_059_223_13,exact,A,,unrecognized_review,55d6e7c66a37b20ff05e4278a68563dc1c6f8363778374aef11e11be6e4bf8f0
1249,I_086_136_13,exact,A,,contradictory_review,d8d5d9e39b949018411230ef93489abe93bdc910885afb9d4197bf20bb0e4f0c
1250,G_35_14_14104,exact,A,,unrecognized_review,204e2222ba26e49a32efcc50137910ddd91d2dd66def73b738d19f10db7fdc54
1251,G_266_13_13356,exact,A,,contradictory_review,bb44595e83c812c1b7d59416e86b85b8e8ad80914d471a48e438504f0b594418
1252,I_064_253_13,exact,A,,contradictory_review,279eb45fe075624b2e3101ec5943b0531aa74e62c3ff18d5633ad4159df89f6e
1253,I_185_48_14,exact,A,,contradictory_review,be18139ce45be07c7941fc1e0be16eed36cda620a839b441760071c88fa47854
1254,I_177_259_13,exact,B,,unrecognized_review,9b22affa4cb217f2b25684f5dda71446981c68490e36592da252018f6db43cf7
1255,G_225_13_12433,exact,A,,contradictory_review,6a2482ec93ec5f33bb6b7859fc8d09196d4abeec73d14e14ba74aedf1ef23171
1256,I_006_248_14,exact,A,,contradictory_review,d5f512c2a738135de679c5ecb177f4142ece6378f5351be974e1de333f507744
1257,G_115_14_9833,exact,A,,unrecognized_review,9c62ad161c7954e35a09ce7f6a3f9a47ef5b03ed01240847b56161bfdbb08fe7
1258,D_78_285,exact,A,,unrecognized_review,5d2ced81e780f171d1cee8d100fca8840d5772a41f954ef2146d77b1f246d7ad
1259,G_118_14_9912,exact,A,,unrecognized_review,3c50ba019819294e9d18fcb85c1f1f082051b36d470b23f92af732f820c22b1d
1260,I_49_937_13,exact,A,,unrecognized_review,156e1952abdb7c361f34b0805ce44b463d5408a12f34dd80f55b366b44143325
1261,D_130_119,exact,INVALID,,unrecognized_review,32ebb1abcc1c601ceb9c4e3c4faba0caa5b85bb98c4f1e6612c40faa528a91c9
1262,D_081_73,exact,A,,contradictory_review,401401154baebcc65f984672abbef7ba2c236f988c8bcfcd7cf67db6fcebd314
1263,G_92_14_16289,exact,A,,contradictory_review,b433fc573c36fa98e746b99c50b04a8263b0267d02e6ee84db41016c565f2aa3
1264,G_020_14_1689,exact,A,,contradictory_review,6428dc7cc41304a0d4d6dde79e38cf5e4f076b7d3e1a73fef7218df9cae93353
1265,G_935_14_16473,exact,A,,uncertainty_or_refusal_review,fb8436f448b996427fe3a825720c3afa53f767c745d62af4c952228851adbb76
1266,G_54_13_14656,exact,A,,contradictory_review,d2cdbbc0c6d7534f8638a806204b9a6ba61c4c23387f6b4937132018336e4555
1267,D_026_24,exact,A,,unrecognized_review,caf27c52633c266504d8a91509c31465079b219782dc6c32e8ac71b39d1363d6
1268,I_024_207_14,exact,A,,unrecognized_review,6aaf2ef4674f5df021d03da3426c68b62187bfcc4491621cb61412306303e5f2
1269,I_055_90_14,exact,B,,unrecognized_review,2fb1e5d9563425c44ddb786c8ab17c242eeec5f7f9eca211b7fe5896240b58a4
1270,I_129_218_13,exact,A,,contradictory_review,8ee936e4aff52201ba0cb2e14ad2fd77496994877f6d6d11f7bb2cb224a8a386
1271,D_194_167,exact,B,,unrecognized_review,2217dbcfb6f0abb544fc211c67c3db0cf1703267b99160097977c058196ee6cd
1272,G_149_13_10676,exact,B,,unrecognized_review,bf52c0208aaad1d7796e429556fff7026f9afd6f5fd17bfd4f16819af2e3a522
1273,I_059_086_14,exact,A,,uncertainty_or_refusal_review,b3a7f50e5becd19dffb51347c0e90434a162e37df8e559882c2d43abc2572688
1274,I_111_903_13,exact,INVALID,,unrecognized_review,fd0ad9026eee596b7072a762941f60bef57e760a230edd450b3a634825685c2a
1275,I_107_293_14,exact,A,,contradictory_review,65b3444ded780c108e3724b140fb98dbb74162c048aa45e02eeae926d1d9a085
1276,D_266_224,exact,A,,unrecognized_review,05f464da044a976c0640870f3bc69b59d86046730678558f1858ff48dd280c9a
1277,D_913_305,exact,A,,contradictory_review,478810080c94c5bf11bc56342b9f411a3b018578c565f63d4c70ecb977057c5a
1278,G_50_13_14568,exact,A,,unrecognized_review,353381cbe08ab223d826d33cf982684b26c3b475962a0e6f4e475495b1d0065b
1279,I_178_93_14,exact,B,B,explicit_text,b1c9eb7c37e675fc517b6505924533cdce16186b5f0e203bf8eff78af200a1f9
1280,I_062_47_13,exact,A,,uncertainty_or_refusal_review,ef4356c02046d0de704bc61832f9a948be1b17b841df96deb4bd3c5da9e30629
1281,G_089_14_7363,exact,A,,uncertainty_or_refusal_review,4bc45ef6c44863876c4f0ce5fae3709ec1657cfac42e00dd1197ba5e4bac0f7c
1282,I_056_169_13,exact,A,,contradictory_review,b8815521cc81a716ea631e0333bdcd5ad033d9f1c5c9cfc17b6507b270ce8319
1283,D_27_227,exact,B,,unrecognized_review,ce66c6da6e0ba6fd9192ea4138dac842b4cdce93be5550a68c69c17ac5db8fd7
1284,I_157_909_13,exact,A,,contradictory_review,0a8bba65fa6f79291f0a70dbc6dd4bc18a27ef7647e6f06c5144daf8712bbd22
1285,I_27_50_14,exact,A,,contradictory_review,3d47d63726a14730d9ee3effbe07e8075f3da253d3799a6c6a4e4a97d704c133
1286,G_46_14_14433,exact,B,,unrecognized_review,028d06bac523c3dcf5d405d0920098d4ba9b01efeb128ed5a1f1e9682308982b
1287,G_939_13_16572,exact,A,,contradictory_review,ec9160761b71849c0d40fce23a6d562312d5ec5860ebfcbe538980905daca97c
1288,I_222_3_13,exact,A,,unrecognized_review,b4340aba1a61fefff2dcc8a8e77b73e4c42e011229901e3fc205e59153b43574
1289,D_223_190,exact,A,,contradictory_review,1b6f8e738adfccbcf5259cbda7f97429d6a9f851861a0729134756b47fa5899f
1290,G_138_14_10451,exact,A,,contradictory_review,d80a737ebaba5035a348931999b61baaae70d526dbb770aa9ce74c9d9664061b
1291,G_170_13_11116,exact,A,,unrecognized_review,88b1be4ec23f3c683679a62038e67953f93e994a64cac13b2df672dda36ca6cd
1292,D_171_148,exact,B,,unrecognized_review,de8831fd1c52b80e21e55721c6cc67603991993f0261d887308d2414f88fc17c
1293,I_145_192_13,exact,INVALID,,unrecognized_review,45ee952ef56baf8a5b97b48e3784f04b9b166e1ab3a10ca5521e9a55a0f25b25
1294,G_068_14_5644,exact,B,,unrecognized_review,f0a9e23b38a9fee83e1040f0d1ba4dcdf7806a287014ef0267ef68f509ec108a
1295,G_232_14_12663,exact,A,,contradictory_review,1a3688efd74b451821b0975a9e7f5d5ab4aa04cb82c4485526946cd4acf66bbe
1296,D_909_301,exact,A,,contradictory_review,fd938994df52e6cbd65457c4d447a930c322d5880c5c2d2456d35fc03c914dac
1297,G_68_14_15064,exact,A,,contradictory_review,da2f79dccb5835e49521c3bd60be29a6de8688072ec4797f7c3db01e92263bd7
1298,I_156_904_13,exact,A,,contradictory_review,16ef0c61df474635e2c9f78779ab26f03e85993ac5e47e043b80f9d40268896b
1299,I_200_269_14,exact,A,,unrecognized_review,0d7115db5da16980a0d27a744cc940d22a341149e6c5cb3cbb51fd3cdba4ade6
1300,D_288_237,exact,INVALID,,unrecognized_review,192af065e096bb4bfe44608d6874590f9613e91f042ded152b779a98f8431073
1301,D_204_175,exact,INVALID,,unrecognized_review,fd0ad9026eee596b7072a762941f60bef57e760a230edd450b3a634825685c2a
1302,G_065_14_5397,exact,A,,contradictory_review,665ed590715d9b7b0eda13a80e44b15ff4087061583b7a2ceeb2ba52635eae10
1303,I_116_46_14,exact,B,B,explicit_text,b1c9eb7c37e675fc517b6505924533cdce16186b5f0e203bf8eff78af200a1f9
1304,D_100_91,exact,A,,contradictory_review,f1edfeb5af4a71b299d1a03567a9acd5705ed9c5cb0f371b9931a17030e43da2
1305,G_039_13_3079,exact,A,,unrecognized_review,3cbf7f56a9f8ab98a732cc28ba2f1920531aa7ae6cd601c7e61e0415f20d2fc7
1306,G_901_14_15419,exact,A,,contradictory_review,1941680f41bd21f35fad66576bb911bd6962c33aa011cbe13e92e5d9c70d3307
1307,I_019_177_13,exact,A,,contradictory_review,1b6f8e738adfccbcf5259cbda7f97429d6a9f851861a0729134756b47fa5899f
1308,I_051_053_14,exact,A,,contradictory_review,f13457bc665238a2a6ac51019dd4e2b4ab7a8ca436ec3b98b4387f37dd39cdf1
1309,I_903_97_14,exact,A,,contradictory_review,cbf5f6d3d19b830710961f9c5479222b9606f11980895958958b8d745ff972b3
1310,G_261_14_13315,exact,A,,unrecognized_review,a549bd06e7bd2d898654a41955fe89864e7c2043ff11469da7a152143b2eb8d3
1311,G_288_14_13773,exact,INVALID,,unrecognized_review,afee5e117b1f7c8c6f26b1956bc596fd9dd163342b898c0f8a9235a431f60e2d
1312,G_172_14_11202,exact,A,,contradictory_review,0e09c2f012b589a2290da10e431e0cebd9c30ecea20c6397f862ac287c725f0e
1313,G_203_13_11916,exact,A,,contradictory_review,8b3681bcd2694bcf105c761b54c4f516003241eab4682ba969466bfb7acc0cd7
1314,I_065_077_14,exact,A,,unrecognized_review,0d962619cd781e2ed9d8022cd87da3ed73930f450602c4f8027c461ef629ab7d
1315,D_21_179,exact,B,,unrecognized_review,ce66c6da6e0ba6fd9192ea4138dac842b4cdce93be5550a68c69c17ac5db8fd7
1316,G_49_14_14511,exact,A,,unrecognized_review,1b1a5b8bf507321aeb66c01dceb1b3022b596dea1d345d4c95e2055d08c9775d
1317,G_105_14_8786,exact,B,B,explicit_text,38178a20b470cfd18299fb1593dd4ba706f1a83321dac051d01086efd8b7a96f
1318,I_249_924_13,exact,B,,unrecognized_review,38abe317ccee38a3aee2658ac85a531ce391bdc7964511f6bc385dcf484ddf9e
1319,G_019_13_1552,exact,A,,contradictory_review,70de0e3424fc3a335cc21391051580324a13032d5dddf76d48f7ccd403797fef
1320,I_266_938_14,exact,A,,contradictory_review,5a8295c0b3a865301f8596b252a94f7b52eac7c03df86f3422ab9d5c1631484b
1321,I_039_254_14,exact,A,,unrecognized_review,fc37bb8c5b940bebffee9076ef4288e3a6b8bad2fe9593f1bfb2e21889ab9303
1322,I_047_124_13,exact,A,,uncertainty_or_refusal_review,cb5d7c214b61134fd3bed0794d9d811cbeab6f38f4d119a6a67886f2c3cd10a9
1323,D_141_126,exact,A,,unrecognized_review,a8a11c4948c35ecb56863bc7aaaab268a6f36bb6771d0d63cb12b4d8f3767466
1324,I_080_22_13,exact,A,,contradictory_review,ea5d2e422bc247cc72383f62e5fca73d1e2e60aef6f98c7dd4e615f1dafd7170
1325,G_146_13_10606,exact,A,,contradictory_review,ea017d425f613443e47e6fb797b0089ae4ab26cbb36dbec0f0bdfab5c6e5d26c
1326,I_192_82_13,exact,A,,contradictory_review,0ddafd150d680bf0aff9dfa4ab127de7856eb0503267981dbacfc79b72c61c2f
1327,G_047_13_3698,exact,A,,contradictory_review,29e4e782079e8f8e662956079da0566bd403efde09bc392460768b0389f4f31b
1328,G_237_13_12701,exact,B,,unrecognized_review,dd943978d37d7fa6a4279a62673c3d79b8dfc218d2d7bf6768b5e4ac04f0aefc
1329,I_056_90_13,exact,A,,unrecognized_review,3b9c0b71c6dcc3752162581651cf45d587ee786f2a4c7461f5f5dad78907a0ea
1330,D_013_11,exact,A,,unrecognized_review,2e4b31b8de05bb0d1ae3c6e3194e7bdec7c3a7bd533a9e9d96e8689cea91b5ff
1331,G_253_14_13071,exact,A,,unrecognized_review,d8dd564b7fee61d9256835739582607b768ab79c903c4188a9fc4af1e14017b8
1332,D_216_184,exact,A,,contradictory_review,b2b373164de4f3e2cdb8e130a23f7707f31d565e45b6050502dabb3570757707
1333,G_25_14_13257,exact,B,,unrecognized_review,c0b7ff11786c6be8eb7db10ee59d00f93fe65be3e7fb464a97bea78a86a67afa
1334,I_117_242_14,exact,B,,unrecognized_review,947b1db6811ebb3dd4ca26b3a7cf3c6a087191f6ad674aa19e617be865d4cf9f
1335,I_122_916_14,exact,A,,uncertainty_or_refusal_review,e2ee176fa4a2e77af1ff4ba0b47c9c1f0a9b019828ffd41089e58acb7665b25d
1336,G_167_14_11044,exact,A,,contradictory_review,709aacac0561167bdc6b3de65a8e67f292ba2e8a7f8a2aa1d2e8a73bd6bd2837
1337,I_903_926_14,exact,A,,contradictory_review,ec21d5f70eace43d72c0375b739de60f1f77191267ac3e2b4dc4d22e5c7e2d66
1338,G_292_13_13905,exact,A,,contradictory_review,3d0374e7024aed4f9242a7ab8593de806047dc3ef17f49047d47a12eefa15b84
1339,D_078_70,exact,A,,unrecognized_review,4594a03245d9dab5af9b69d3d0dab1cb35491413a9345e7ba39eb2f791978680
1340,I_285_59_13,exact,A,,contradictory_review,d8910ae8b101f671909ed8ec2e49f111f2dab96db63a78e6958d6d0052d78ed6
1341,I_258_92_14,exact,B,,uncertainty_or_refusal_review,f83caa3e2229350c16526598667b833cbea8633913060eb952ab7dbf65b90ddc
1342,G_093_13_7686,exact,B,,unrecognized_review,3aced5fc745cf96ad27aafaa5d8fe7811ba227ba2229686100670f41ca264a5a
1343,D_289_238,exact,INVALID,,unrecognized_review,0e77e68ba5473d98840c3212f4a8cb801226494f1162c8001a9f4ed7b00cbaa8
1344,G_245_13_12866,exact,A,,unrecognized_review,c473bbe80e562cb1b6d099ec9ebd32157270aebef0d0b572073a047e3cf35492
1345,G_21_14_12294,exact,B,,unrecognized_review,79cb3a9a52b1f01e431103bd0311218dfef613de62b4dd799e4e35cc4fb21177
1346,G_95_14_16683,exact,A,,contradictory_review,ac1bd7acaa42a8388e91ee93871fd61e3241be56bcc417caa684129ef8e08f3f
1347,D_72_282,exact,A,,uncertainty_or_refusal_review,be1e45f2cae1d3b9642292a61a20cc00b0247cff0ed7ae9155fcf4b4723d1bc7
1348,G_57_13_14711,exact,A,,unrecognized_review,3ab7656fd95a3bc27ee3ced7129ada5d08f522fd9af892a216e077d886a20767
1349,I_031_59_13,exact,INVALID,,unrecognized_review,0e77e68ba5473d98840c3212f4a8cb801226494f1162c8001a9f4ed7b00cbaa8
1350,I_048_072_14,exact,INVALID,,unrecognized_review,45ee952ef56baf8a5b97b48e3784f04b9b166e1ab3a10ca5521e9a55a0f25b25
1351,D_007_5,exact,A,,uncertainty_or_refusal_review,955912bfada662477a5040383e0750c04ba69f16374b2ba33ffde58c239e174d
1352,I_189_249_14,exact,A,A,explicit_text,85a39ab345d672ff8ca9b9c6876f3adcacf45ee7c1e2dbd2408fd338bd55e07e
1353,D_069_63,exact,A,,contradictory_review,d1d9877f80306a4b861284ec99edbebe45e227fa001b93e3931fe862cee41eb1
1354,G_224_14_12412,exact,B,B,explicit_text,b1c9eb7c37e675fc517b6505924533cdce16186b5f0e203bf8eff78af200a1f9
1355,D_184_160,exact,A,,unrecognized_review,7b2c8d4a5bce081470710c50372079bb2c28222f277dd06f540f8c0cf87dc0b2
1356,I_138_204_13,exact,A,,contradictory_review,9d5811ce6f423d311ba8a3d60dafc7c03e35f91e952e082712281df910a78323
1357,I_932_937_13,exact,A,,contradictory_review,0a61cc60ee2a0efb96743982fdfc31a73280c19d886d91099b1205d8fc516356
1358,I_088_61_13,exact,B,,unrecognized_review,c1a7d08b76299726d718f194ca78ecb344fbce716b26ab463e6bf25cb26a625a
1359,G_108_14_9115,exact,A,,contradictory_review,a6f75c03458a91cdfa6269fde6e4442a28b8be3fdc6aac084fb20d217f41a667
1360,G_058_14_4767,exact,A,,unrecognized_review,0907ad98a76924d7647cd085f48eadfc8bb9664b54a7a49be794bf238369188f
1361,I_057_082_13,exact,A,,unrecognized_review,0117f912936a612836ccbd69f0a92fa9c4f4b4897b3c808a81e098c4fb454308
1362,I_065_53_14,exact,INVALID,,empty,e3b0c44298fc1c149afbf4c8996fb92427ae41e4649b934ca495991b7852b855
1363,G_217_13_12223,exact,A,,contradictory_review,5ce6a0dd9964f9d19c9b13302f43fb17168b86f59ff85fc10ee5b42179408e94
1364,I_146_27_14,exact,A,,contradictory_review,7a0fe66eadccce0c4ca549446a0012b37050e786cc87111fca0051af5c613fa0
1365,G_169_14_11081,exact,A,,uncertainty_or_refusal_review,dcdb422e31e344afb91cb5cc2aee96df3aeeb3e1e878b15291c4734da5d6d7e2
1366,I_049_279_14,exact,B,,unrecognized_review,2fe60fa21d6b90936ebbd2824289465cc30d7a5f8af401d55acd72b7484060c3
1367,D_145_130,exact,A,,unrecognized_review,4d7628ed8fb662823967cfe51d691137ccd5c1c86ca11cd561f40a252b25c8a6
1368,G_293_13_13930,exact,A,,contradictory_review,9a75f18a390eec3e2b4bdc8e86912825929b067ba959dd5d78cca21636765cd8
1369,G_003_14_145,exact,INVALID,,unrecognized_review,158a842a72e31dd6fa130276f5d4e7b5a1815bc511b37915709f4105eae2fad2
1370,G_269_14_13431,exact,A,,uncertainty_or_refusal_review,800efab8ed11f11336ce81fbb33d4d59ae3015034ffc832d4f86399064d2ee3e
1371,G_252_14_13054,exact,A,,unrecognized_review,a8bce54f69e597b56fdb17f60959bbc8c73c8eb46976a0dd553e39839c77feee
1372,G_183_13_11447,exact,A,,unrecognized_review,71b787fb08f4e97f496d13c5a9ba936926dc94d821bcba56ae0efe2103e47bb2
1373,I_226_271_14,exact,A,,unrecognized_review,b144bb5ff9ee605467c71d8c81724a4ac6d723581aa432433c13c67e7e832113
1374,I_012_908_13,exact,A,,contradictory_review,5fd1baae64a4f1d3fe82f2195b1993b8157acc725d791201c7aa6f18aeb56430
1375,G_233_13_12665,exact,A,,unrecognized_review,c6aa6a47e2a0267a9725378d1df9df4aaa9d8f45f35bf0c517fbdbc25b6610ee
1376,G_138_13_10431,exact,A,,unrecognized_review,8fa0bdbb69e8b3eb10ae8abba6052b2241c7aaaa228bfe7aa93494a22677a124
1377,D_912_304,exact,A,,unrecognized_review,bf54c546648e24a7bf37ad2e373b3e90632221b9e9e8217717e9fc63ec3bd767
1378,G_180_13_11355,exact,A,,contradictory_review,2a9eca5fb9e9100b1d9b3ece7fa5d4642cddc5925faac39e19d647c6bb81df25
1379,G_24_13_13009,exact,A,,contradictory_review,5927cc27d27119d8f6ad4d76e20bf94f831e2af7edc64da61aa0f94395673961
1380,G_090_13_7401,exact,A,,contradictory_review,79072a8219b34c5b7b74e51b0a3792530ed28d766e17370d210f30cda84040ad
1381,I_038_102_13,exact,A,,contradictory_review,239334963d45faa85bd18689e1e07527d1a6acdbef543ed9fa1f833339d9d9ef
1382,I_005_933_13,exact,A,,uncertainty_or_refusal_review,7f6d2fbafdb4dc787d7d72b16386d0bdaafbfe148662f3fc1bd8fa80573103db
1383,G_71_13_15098,exact,A,,contradictory_review,9d308d285880830f55952e2058deb0fd9229e868a8338ee2d88ca3fedc035bd3
1384,I_284_78_14,exact,B,,unrecognized_review,05c4609cab718a718862f824e79f31b2d9f7ba0cb9d2c0cfc6ac35071e413ee0
1385,D_44_258,exact,B,,contradictory_review,8d0604cdd5f848812e8f11aa033e092c85f6ca885f53ec11f207fb8e1105f9d2
1386,G_222_14_12353,exact,INVALID,,unrecognized_review,158a842a72e31dd6fa130276f5d4e7b5a1815bc511b37915709f4105eae2fad2
1387,G_917_14_15931,exact,A,,contradictory_review,9c55d2b14b0e5e12c3c54d638cb5909e6633bbf3995e811a026ac64d75fc4b58
1388,I_159_925_13,exact,A,,contradictory_review,548ed4b5cbe89f6b929d82ee9096b8f68b1c422cd906fd6227d05c28c7c91a4d
1389,G_163_14_10955,exact,B,,unrecognized_review,990f9fa75e53463e958a89ec66a3ddbdb71543839243461e1ee423b5353d3ebe
1390,G_122_14_10048,exact,A,,unrecognized_review,df19d3a51e1d63cab826ac4d38c3d482d239cbde1844e9f63862ad6c7ad0062f
1391,G_228_14_12540,exact,B,B,explicit_text,b1c9eb7c37e675fc517b6505924533cdce16186b5f0e203bf8eff78af200a1f9
1392,G_022_14_1882,exact,A,,uncertainty_or_refusal_review,28a4840f6a70b8dfe4a66b25956badf43064ab21fa9dec1c628a164761238b85
1393,G_124_14_10110,exact,INVALID,,unrecognized_review,9cbb8e51fd3f94d738828082a5192e6760a567d3e6f1bd0b162d502379ed0eb5
1394,I_086_76_14,exact,A,,contradictory_review,bb354a9219ac666e3c3d6fe9a3a8e96710ca0766cf2fda9aef9897ff5b575328
1395,I_108_254_13,exact,A,,unrecognized_review,ef2ee4e3e2dec0d7e21f371375ddc60f74a35b384ab04101ac3205d40bbea996
1396,G_056_14_4559,exact,B,,unrecognized_review,48688becdf067c640653a3e35d2bd667b01949e276fa757cacca8a03855c7268
1397,I_085_12_14,exact,A,,unrecognized_review,eec1993d61d802336baaffd17a77dbeec0176e6c26cb00fa7dd319b5b34f5817
1398,D_212_180,exact,A,,contradictory_review,09049c2e22cc6425e6fd72c97b7c28d37b52ca8b51d095bebfb8606d7349b25e
1399,G_145_13_10574,exact,A,,contradictory_review,d4b226fe714ac9b51e9aac8c52a7f606dd6807a22dce353ed83363d52d66dac4
1400,D_199_171,exact,A,,contradictory_review,8ee936e4aff52201ba0cb2e14ad2fd77496994877f6d6d11f7bb2cb224a8a386
1401,G_155_13_10754,exact,B,,unrecognized_review,0ced12a54de4575c9747ac0b129e7b39655bc46a5425d154137811085c0d6173
1402,D_16_140,exact,A,,uncertainty_or_refusal_review,7e6897ff569a4cb24886757174e34bfbd94e667a6586d18aa5434763ab357f7e
1403,I_001_213_13,exact,B,B,explicit_text,b1c9eb7c37e675fc517b6505924533cdce16186b5f0e203bf8eff78af200a1f9
1404,G_16_13_11095,exact,B,,unrecognized_review,7d920160e2c8d94b72c1ed953250308711702a038007093c173ef3e92c05114c
1405,I_097_906_14,exact,A,,contradictory_review,392d232b24671f0e7f1ac71c9ba57e98904d72045fe0a30926212c70222ef54c
1406,I_034_271_14,exact,INVALID,,unrecognized_review,45ee952ef56baf8a5b97b48e3784f04b9b166e1ab3a10ca5521e9a55a0f25b25
1407,G_60_13_14797,exact,A,,contradictory_review,a8c7c5e183b8c9e76b8b365933480300363507c92e55f89059efca870117e86a
1408,G_158_13_10848,exact,A,,contradictory_review,46ebeb03c9f77c6e61d5f2c40c3072083010fa6f005f4deb8dadec49a1f1e40b
1409,G_063_13_5135,exact,A,,uncertainty_or_refusal_review,63dce6578999af9bc4a6a878a19a38bcfe051cbbb0e1323276e2db22dee00198
1410,I_017_098_14,exact,A,,unrecognized_review,52d462ce1f056d928603905d8d4f4f272037aa26510abedcf9c9eb1ddfbbabf5
1411,I_172_207_13,exact,A,,unrecognized_review,26c7c63aded95e45f4cbd760758727bf615275d9eeff1e03b0b08d08944f1822
1412,G_256_13_13123,exact,INVALID,,unrecognized_review,192af065e096bb4bfe44608d6874590f9613e91f042ded152b779a98f8431073
1413,G_038_13_2992,exact,INVALID,,unrecognized_review,fd0ad9026eee596b7072a762941f60bef57e760a230edd450b3a634825685c2a
1414,G_054_14_4396,exact,INVALID,,unrecognized_review,32ebb1abcc1c601ceb9c4e3c4faba0caa5b85bb98c4f1e6612c40faa528a91c9
1415,I_097_267_13,exact,A,,unrecognized_review,e5dd68828ed3ccf3b6e7a19990b8a9a7769a0a6bf32cfb3a0084591944f985cd
1416,I_105_122_14,exact,A,,uncertainty_or_refusal_review,c395d831ee5bb32297beb056382f9d24cab06e0a38d9b1c530f70517efff2f06
1417,I_56_932_13,exact,A,,contradictory_review,44bed5cbc5ad31f83baf4e379ba7acb435dc57dda14aff86af07cf7eac8ec9c6
1418,I_050_077_14,exact,A,,unrecognized_review,62df1cad669d66dc6c4bb9abf5ed31d98bc223cf1729f6bc1a434172de8363d7
1419,G_202_13_11893,exact,INVALID,,unrecognized_review,fd0ad9026eee596b7072a762941f60bef57e760a230edd450b3a634825685c2a
1420,I_019_225_14,exact,A,,uncertainty_or_refusal_review,fa46939d7673994d2cae9b0b7451387f9e4fdf259faf22fe1dc12871570b248a
1421,I_93_933_14,exact,A,,contradictory_review,ec21d5f70eace43d72c0375b739de60f1f77191267ac3e2b4dc4d22e5c7e2d66
1422,I_254_30_14,exact,A,,contradictory_review,1b6f8e738adfccbcf5259cbda7f97429d6a9f851861a0729134756b47fa5899f
1423,I_240_261_13,exact,B,,unrecognized_review,0a00aa251636ee7d86cc80af8467aebf1976d73dfda271bc2fb06ed47cae45aa
1424,D_934_327,exact,A,,uncertainty_or_refusal_review,aaa10fbe2458386c5132c58f199c2421a00bfd0b776b6cb45dbf7a5355be95f1
1425,D_931_324,exact,A,,contradictory_review,b540a27585e2bd48a1b69ba771b82955a9bf3462a0eeeb9dcc926ce049e1001e
1426,D_021_19,exact,A,,contradictory_review,6d5ed3602236acc5a4f578acb8c6406792a81b68fef431d6f58b15ea6d6a060c
1427,I_045_245_14,exact,A,,contradictory_review,df53046e1a0cee11c654448d5c89dd343db6e3314f271ad345e96f8e4a1390ec
1428,I_292_921_13,exact,A,,uncertainty_or_refusal_review,01060cdcf9344fcc536017d8c195650f1c8412ee0601a10197f7d542aaed3ac5
1429,G_914_13_15826,exact,A,,unrecognized_review,d56ce4aa8cc289ef4164299b1dabebb90aac48071b9cf0740c5105344ffa0c9a
1430,I_148_28_13,exact,B,B,explicit_text,b1c9eb7c37e675fc517b6505924533cdce16186b5f0e203bf8eff78af200a1f9
1431,D_270_228,exact,A,,unrecognized_review,200b7ac4903d4d741bf401e582bc1d0292e4700f1f63437051d468fa8e666092
1432,G_050_13_3988,exact,A,,unrecognized_review,ca2ec2cda5eacad4524ab86dbd01183a5f95f3cfb507a54cd786e77171e2f658
1433,I_37_99_13,exact,A,,contradictory_review,8ee936e4aff52201ba0cb2e14ad2fd77496994877f6d6d11f7bb2cb224a8a386
1434,I_049_092_14,exact,INVALID,,unrecognized_review,a3486a45fe00809d48d0a3d6dbdd5ac883af73fd18b93c5d45d58965cd942f2f
1435,I_229_42_13,exact,B,,unrecognized_review,e9edf6524c8391299b81e5c47b9972ba89cdd7c0bb4ab82beb4c4be086b876ba
1436,G_93_14_16621,exact,A,,unrecognized_review,f79604288dc54565b35bc3d5735ba2650d2ae3615c4810be92ea1bf4a25a9f6e
1437,G_922_13_16039,exact,A,,contradictory_review,6f2f600f8937ccc9313579f8231c594eaefa36c6b95d7095028d84585c20585c
1438,I_063_067_14,exact,A,,contradictory_review,f89be5b26ff6fbf124a5966ed21d0d1d960103e63f5512a1220154eb469ba0cb
1439,I_051_30_13,exact,A,,contradictory_review,23fe8b62f5a02e8d7475a32213a10bbbbd3a5ac011e4dc58c33ddc2ea1fff2fb
1440,G_214_14_12141,exact,A,,unrecognized_review,1f03ffd07fbf45d54ca30141102f8806b6d4ba511dae518e3cbfb71afff4f2ae
1441,G_88_13_15343,exact,INVALID,,unrecognized_review,c977dbe785221d34114d345fdf8ff4e18bb4af66750751dbea29407f9738735f
1442,I_12_290_14,exact,A,,unrecognized_review,b85af287fc5bf18ffc7e3cd9683e327e968097e3203c5203e79aa0201d39c3bb
1443,I_202_260_14,exact,B,,unrecognized_review,cbddff3c304bc345ee8949441098b03bad8401750d9035dc0ee3be2199751752
1444,I_200_39_14,exact,A,,contradictory_review,345c4e315c19de26db5f3e0e9e3036ad7677b3a553f6aa74b963bbbb299e2f6e
1445,G_026_14_2217,exact,A,,contradictory_review,3d1da55c116cc803d9af1111f9d756c6b079e6d3a1377f7c12c2c5fa2a029fa7
1446,G_25_13_13243,exact,A,,contradictory_review,bad63a6f437623be50fa60fe0dc8827c1626eb4d404d4dba44c458c27b95831a
1447,G_066_14_5446,exact,A,,uncertainty_or_refusal_review,717fe50ca5a35074908e48e9abbf1d69560ded39a6bf0639965ddb1d1b7dcdca
1448,G_29_14_14012,exact,INVALID,,unrecognized_review,192af065e096bb4bfe44608d6874590f9613e91f042ded152b779a98f8431073
1449,I_008_72_13,exact,INVALID,,unrecognized_review,0e77e68ba5473d98840c3212f4a8cb801226494f1162c8001a9f4ed7b00cbaa8
1450,G_004_14_238,exact,A,,contradictory_review,84844edb831732c7366a8a4aedcfb773d16e6ab4066f5859461cf0cd39582c63
1451,I_259_293_13,exact,B,,unrecognized_review,934150c88630387d99970581d78345e9dad7a0896b2f28ff8229cee0d027b84d
1452,I_052_934_13,exact,A,,unrecognized_review,d95ddaae520ccab7d0a9d86cf21c3302579dbfc2f2fdcb579ae112c55e126568
1453,G_227_13_12489,exact,INVALID,,unrecognized_review,fd0ad9026eee596b7072a762941f60bef57e760a230edd450b3a634825685c2a
1454,D_901_293,exact,A,,uncertainty_or_refusal_review,8cc7cd43dadb7a087c0c13756eb860a6967824b19c60b303923e5cb895797c0e
1455,I_189_206_14,exact,A,,unrecognized_review,21f28f4e709131036d5cef863528b5d0d8e34be0e5c51122ada11c97a1b58ed2
1456,I_180_902_14,exact,A,,contradictory_review,affd923e36c5d5ee1ce0e9405d9b559c32185cbc19e26a50a6b0897706b905fd
1457,G_102_14_8609,exact,A,,unrecognized_review,92de64a5107ab41d53697b2e22bd4ef8c0782dfd36c7305dd8cc3a7d0c96f71a
1458,D_928_320,exact,A,,uncertainty_or_refusal_review,09d94d7d7815e70cc99ce7a64b794bbf7f7d0c1a2837a169827bd6b4fa0cebfd
1459,D_905_297,exact,B,B,explicit_text,70307be4b69e7a70d88c458081673e449d4707f68a13bbecbb8ebe60afbbf9f1
1460,G_128_14_10205,exact,A,,unrecognized_review,bd4634d54b3ff3f18ba42c37856807c72191f77f6df17c7ce3e3e005ad7b5b21
1461,G_35_13_14084,exact,B,,unrecognized_review,0f6ca52a0d6bb66ac6f98dd323cad0d3796d60143d13114723231a8142d16ee8
1462,G_932_14_16378,exact,A,,unrecognized_review,999b35cbe45394e9f3c07b77b0e470645cfb89a2cb186a3330121162203c72ce
1463,I_013_158_13,exact,A,,contradictory_review,a5c5a22726bf464f1aff84722fbdda77b92aaa60c99cb70f10c836d1a63779a9
1464,G_135_13_10336,exact,A,,unrecognized_review,e1f90bf5ef0ae4a3143f39d0e9f7a5f6b68ba6c57f83b7020ea72346b12cab05
1465,G_922_14_16053,exact,A,,contradictory_review,46ebeb03c9f77c6e61d5f2c40c3072083010fa6f005f4deb8dadec49a1f1e40b
1466,G_097_14_7991,exact,A,,unrecognized_review,ccb7b237295e73d34553b73fd3656171d1ed465c0c7596826f3c4647b90febb5
1467,G_107_14_8965,exact,A,,contradictory_review,7cad1b02f86451724ea0b544e7f0afa78696145b93afbc82d69168b16307fe33
1468,D_253_214,exact,A,,unrecognized_review,a54d6ec42efdc47770f188492984a36542525a858bc35cd34151c36181323dcf
1469,G_906_13_15558,exact,B,,unrecognized_review,34134ab0c5e77c118f095379011386845e33c48d3a4c8450b8b2d2a6f0b7545e
1470,G_253_13_13056,exact,A,,unrecognized_review,5a148ca63b7bbb97b36e9041c69c606bb91370667e66965333e49754c8760db5
1471,G_267_13_13396,exact,A,,unrecognized_review,d691c3864e9b6bf2ca4bd13dcadb6417de64d8f8608954ee9ab00d841c4afae5
1472,I_247_66_13,exact,A,,contradictory_review,54ea40dc2154d51267f5b7e1ed05b959ddc585116e134bd561b5ae593a21d776
1473,G_137_14_10421,exact,A,,unrecognized_review,ba2bbbc27cf2794880e740ec901c39acd6cfb31ae364c8b424a92505993d1d17
1474,D_217_185,exact,B,,unrecognized_review,d89d1fff3c0f738a89f405740b55be5f067cb011523092a579af153bd3ec352d
1475,I_070_169_13,exact,B,,unrecognized_review,d694847f73e8bae5ba49d6d563f938174c2da193f5eecae9d654f77638bd36bd
1476,G_40_13_14257,exact,A,,unrecognized_review,1a61cd2f8b2bf18170ccf056682916ea3e692a94f401af5d4f83bbf45b720754
1477,G_066_13_5430,exact,A,,unrecognized_review,c3b8d0abe917ca313ade2e4c6dab807a0c042e7312adc0e74e46850895d3027d
1478,G_121_13_10008,exact,A,,contradictory_review,bc7c2eeaa99d43ccc1c13d15ebd24d7f8dc6cf9c11e9cb57218c651b83b0e8f5
1479,D_4_253,exact,A,,unrecognized_review,d7787b7e415f04c43d8867bf202188bc41bf2b61e435b9099824e18ba91a1235
1480,D_055_49,exact,INVALID,,unrecognized_review,fd0ad9026eee596b7072a762941f60bef57e760a230edd450b3a634825685c2a
1481,G_27_14_13581,exact,A,,contradictory_review,69a3cc21f6765f7365b6c04c715707b01defb8a1046a2ebc3a061ff5a65639ca
1482,I_180_299_13,exact,A,,contradictory_review,716dccde3abb4104725efc2d17cad63c72d4866d330c9c08dde8fefe56a72717
1483,D_31_247,exact,A,,contradictory_review,de60759ef1d97b6d124617ab80b8d26b032b1ac096afea8225499186aa905069
1484,I_181_903_13,exact,INVALID,,unrecognized_review,158a842a72e31dd6fa130276f5d4e7b5a1815bc511b37915709f4105eae2fad2
1485,I_178_936_13,exact,A,,contradictory_review,79c8987fdbced5767e79195ba3a2f8b0a90d13dccddee272bf5dda8691906627
1486,G_125_14_10138,exact,A,,unrecognized_review,ee1854724f7036423fdf2257490735432d950f03e68984b6d31e3d2a6c2b3e0e
1487,I_017_018_13,exact,A,,unrecognized_review,b9c7aad9e84c281138cb8aa073ee278d50361d538d074e7c859ec090a8c0d4f3
1488,I_173_934_14,exact,A,,contradictory_review,1b6f8e738adfccbcf5259cbda7f97429d6a9f851861a0729134756b47fa5899f
1489,D_052_46,exact,A,,unrecognized_review,b1d9d030f839b9d285c478d7c4dc1927a30bf4dc9f49c4198346b55192257e30
1490,G_116_14_9857,exact,A,,contradictory_review,abac1e8f143b71150c4b18425118298906c27553cf2abeb6347dc9c26e758041
1491,D_67_278,exact,A,,contradictory_review,df613653478d932785fb54d087f500ba5cacc7831f9a1b87a93d797416256fc5
1492,G_908_14_15639,exact,A,,unrecognized_review,97a77d14b9febf9977e9ba7af32c99d96ba367767de092e0f210070d74b89dcb
1493,I_053_237_14,exact,B,,unrecognized_review,ab1d90e0c7fe95ae168970367049eb020d902ade1d2ca499854fe516d01a6113
1494,D_003_1,exact,A,,unrecognized_review,a0ed73e9c0b4f1870bd9f38e273976890020d6cdbfeb23a8a3e85d6844adf969
1495,G_099_13_8136,exact,A,,contradictory_review,4211af418496d35f61991f77e510b7a856e5344eea01d6b33335d35e44ef6070
1496,I_152_25_14,exact,A,,unrecognized_review,eebf958f37f5a3b806419f17679df58e9014bd35a70028188a7ad697d11e465b
1497,G_11_14_9965,exact,A,,unrecognized_review,7461e059eb63003a2d359a02416e211f4ede1aea9ff05c853636a461574e2285
1498,D_222_189,exact,A,,contradictory_review,81a80236813185125151df6dfebae6e441609ad70285d677dd58212a2d6531f9
1499,I_228_919_14,exact,A,,unrecognized_review,771d4e01ee6763b880903e035f55e38e28f3145da687c2fae8b503017301cbb7
1500,D_050_44,exact,A,,contradictory_review,9f26d081899745f4e72b02b19ac537270920af9d6a4dbeadd05df2919c1d8252
1501,I_59_76_13,exact,A,,contradictory_review,7fbc0825a6ab62d721a9123c5b4b313eb19e40fcfdde7c03eef9aec37a175594
1502,I_118_173_14,exact,A,,contradictory_review,72c88944c103da9557207ff530a71d952f458e0b260ef6dbda92469c8d397ba8
1503,D_291_241,exact,B,,unrecognized_review,4f980380621ba8906cc0b04be070bd30000bb7826e87ac0a1d6124652cce3fb8
1504,I_008_196_13,exact,A,,uncertainty_or_refusal_review,7e6234c4eef60fa146ee9eef12c51e204ab86893d948fedcc5d19b6adf9ac1ce
1505,I_031_100_13,exact,A,,unrecognized_review,174ed434990704ab5185c0051fbd121d9a485a90a02d288827195407e763991f
1506,D_192_166,exact,A,,unrecognized_review,bbacce1cae32dc6dd045348ac8a9a6bbc2240ad8ee5b8d5cf3dddcd22fe3c3ec
1507,I_204_53_14,exact,INVALID,,unrecognized_review,32ebb1abcc1c601ceb9c4e3c4faba0caa5b85bb98c4f1e6612c40faa528a91c9
1508,D_249_211,exact,A,,contradictory_review,b88da9e7e0950d66de3c936489e6affca9f7f14e1a69c5762bcec25f0c392af7
1509,D_053_47,exact,A,,uncertainty_or_refusal_review,42693da7e13120861ffcfdc53c243845073e93388025309fad1874bceefac7da
1510,I_144_97_14,exact,A,,contradictory_review,8586ef578f596b2a7176340bdee6107620f10d986be47ee362379275925ebafa
1511,G_936_14_16508,exact,A,,contradictory_review,3ba49767598d2fac6a05d0fd76114d06aa16cb04753efbd8385b171f7ae55361
1512,D_077_69,exact,A,,unrecognized_review,ff9f4346095530e40b1a66ad5ea43d4b1a31e30c31540422152a6659c6adab2b
1513,G_259_13_13205,exact,A,,unrecognized_review,43b6225d57ae4d0bd83fbc9e89d2a548c6f99ccbb03f23c465460006b0ba1db0
1514,I_055_254_13,exact,INVALID,,unrecognized_review,fd0ad9026eee596b7072a762941f60bef57e760a230edd450b3a634825685c2a
1515,G_48_13_14474,exact,A,,unrecognized_review,8bcd679d5d440b90e5311076930847b4d13167d2649b5e23d2d044957939fe42
1516,I_100_167_14,exact,INVALID,,unrecognized_review,192af065e096bb4bfe44608d6874590f9613e91f042ded152b779a98f8431073
1517,I_220_937_13,exact,A,,contradictory_review,c5e8c3e3722edceaa8896d97d9e8713a6c0e61398b4da67bdee0dd82ced43aff
1518,G_288_13_13747,exact,INVALID,,unrecognized_review,fd0ad9026eee596b7072a762941f60bef57e760a230edd450b3a634825685c2a
1519,I_041_72_14,exact,A,,unrecognized_review,7962b4a0dcedfad517d9f4c48adeb39c712fdaecbb64f4f0eb7a51aa50f50424
1520,G_172_13_11173,exact,A,,unrecognized_review,a7e2999f5282a3642cd58eb1b5f51736771fc51180cda59a21662c7d702e053d
1521,I_077_109_14,exact,INVALID,,unrecognized_review,45ee952ef56baf8a5b97b48e3784f04b9b166e1ab3a10ca5521e9a55a0f25b25
1522,I_159_241_14,exact,A,,contradictory_review,eef14acb1146291ff65b720e14921dfe612f783fd1b0f668a73f890c6cdacb25
1523,D_925_317,exact,INVALID,,unrecognized_review,fd0ad9026eee596b7072a762941f60bef57e760a230edd450b3a634825685c2a
1524,G_918_14_15963,exact,A,,contradictory_review,50fec757d46e8bda9cd6251cec08b8e2e935012cf539f6e4b38542565fd19f18
1525,G_96_14_16711,exact,A,,contradictory_review,0b8abe42eec7f9aab757e33048dc10e87fc5362f4b6610b47a7ec57a39ceb117
1526,I_041_39_14,exact,INVALID,,unrecognized_review,32ebb1abcc1c601ceb9c4e3c4faba0caa5b85bb98c4f1e6612c40faa528a91c9
1527,D_927_319,exact,A,,unrecognized_review,c78a17397b471c702b30681d4e559ca1dba4f2d01b6991f254408bc0a303277b
1528,D_40_254,exact,A,,unrecognized_review,6b3be434935808922c1e7c21b44cdf2d3568c40577875a0c5b056e2dc79e34db
1529,D_93_322,exact,INVALID,,unrecognized_review,aac44a81be3c18e638320b343783b5aea71c164789edc1dd6d0319c4e8f1ac55
1530,G_64_14_14938,exact,A,,contradictory_review,2959745ef97e9e9caa5c5dfb8ac899de1d77d924460dd778079be262ecec8394
1531,I_148_216_14,exact,A,,uncertainty_or_refusal_review,e7054b740fd4269bebd22e5233aad12f19e6f9107387f10306cfd964b5bb0149
1532,I_098_56_14,exact,INVALID,,unrecognized_review,c2879a247416b54ce9ee493576d085996df27f07ee312c28fc5c4b58613dd891
1533,G_037_13_2881,exact,A,,unrecognized_review,6aad501978a375f9b0be7bc6091fa17d91f5eca2b21e2ebd55f6be6b4ad9b527
1534,D_148_132,exact,INVALID,,unrecognized_review,158a842a72e31dd6fa130276f5d4e7b5a1815bc511b37915709f4105eae2fad2
1535,I_080_939_13,exact,A,,unrecognized_review,4906bca8d697b6412978ccdd676b7a73a4f80747d5581a8c6ab6066c9ef60b40
1536,D_66_277,exact,INVALID,,unrecognized_review,158a842a72e31dd6fa130276f5d4e7b5a1815bc511b37915709f4105eae2fad2
1537,I_47_926_14,exact,A,,contradictory_review,ec21d5f70eace43d72c0375b739de60f1f77191267ac3e2b4dc4d22e5c7e2d66
1538,G_14_13_10704,exact,B,,unrecognized_review,d0bfa4b5a9498467b21134ff9521441c8a1ad98ce11ad45c50383d8dfd53f06d
1539,I_033_905_13,exact,A,,contradictory_review,65961951fc7e3cd859d804960e6a29dddd5444e98ed1ebe54f9f6102ef274da1
1540,G_931_13_16344,exact,B,,unrecognized_review,028d06bac523c3dcf5d405d0920098d4ba9b01efeb128ed5a1f1e9682308982b
1541,D_30_246,exact,INVALID,,unrecognized_review,fd0ad9026eee596b7072a762941f60bef57e760a230edd450b3a634825685c2a
1542,I_270_906_13,exact,B,,uncertainty_or_refusal_review,636006328604b060a201942878e7c5f822e1f0452f48c5cc14ba0a9cb1fa6426
1543,I_092_261_14,exact,A,,unrecognized_review,21f28f4e709131036d5cef863528b5d0d8e34be0e5c51122ada11c97a1b58ed2
1544,I_213_260_14,exact,A,,uncertainty_or_refusal_review,2543ff4e138e6f7945a08704fe8b20d55b617363eb18f55a37867c13d13c97be
1545,D_166_144,exact,A,,unrecognized_review,4b23d726cbcb03d95dd6cfdac40c532a324881e5e6964974b9aedb3284a07ab0
1546,I_70_914_14,exact,INVALID,,unrecognized_review,fd0ad9026eee596b7072a762941f60bef57e760a230edd450b3a634825685c2a
1547,I_029_270_14,exact,A,,uncertainty_or_refusal_review,5bfb9bcc7d982003d85ae63ad26b6c3a21b32287968703b16a3203b16e369736
1548,G_61_14_14848,exact,A,,contradictory_review,d76b0e8ce4b4cb8f2d2dc008b32fd03d7a25329fd4232c9b004b47d739217d08
1549,I_074_245_14,exact,A,,unrecognized_review,adbd345e34c90fd8f1cdf3d438304ece8e3451eb5f1220c78dbd58dcc751058c
1550,G_007_13_462,exact,A,,contradictory_review,f646d4964ef036d05e9ab08ce4262e52b0b8d9a214c49357734a87b8d1949462
1551,D_035_31,exact,A,,contradictory_review,7b280cf9b71f61d0565706fbbc2083ba1fa7e395b97e647f2415cb4d4e194453
1552,I_004_38_13,exact,A,,unrecognized_review,baec697d99123dbaa91367d39cc203f66738723af857f6e4d20b748e85a9682b
1553,I_247_71_13,exact,INVALID,,unrecognized_review,45ee952ef56baf8a5b97b48e3784f04b9b166e1ab3a10ca5521e9a55a0f25b25
1554,G_924_13_16092,exact,B,,unrecognized_review,9c2503702706e18c1452f74e2165dedcb3638339f0c77a4457d2fb41dcb7ba48
1555,G_66_14_14982,exact,B,,unrecognized_review,d4fbd9107db89bb609322780b04aac618a928b8061a3d0ac45a5ddf6f351a549
1556,D_224_191,exact,A,,unrecognized_review,ce02c78e3c978f426b4b52f88c5222134b2054c5ad5b8dff2ad41b593a4fadab
1557,G_292_14_13914,exact,A,,contradictory_review,5fc2bdd6fecdb0d8bd7148efd1db5fa68685b03b393b89ea2081279c6c29bcb0
1558,I_58_922_13,exact,A,,contradictory_review,57a6fddb515d037c86f9dfe56e72daa181d1d5e3c764ff770b104c47cb387793
1559,I_032_30_13,exact,A,,contradictory_review,0ee1b8e1b7eeb26ac66062fa5a6c379cc2702538ec7154587264aa5b8cbcb4f3
1560,I_132_96_13,exact,A,,contradictory_review,cf487687649c84e3fe5f5f192a16f738308a63f519c95fa7ce4d219459b3b9c1
1561,G_924_14_16119,exact,A,,uncertainty_or_refusal_review,db55c6cd7d41ffd530f142a9f558906db9156e9b93e3de93475640dd488c160d
1562,G_130_14_10294,exact,INVALID,,unrecognized_review,158a842a72e31dd6fa130276f5d4e7b5a1815bc511b37915709f4105eae2fad2
1563,G_062_14_5104,exact,A,,unrecognized_review,d5090369531eba05f58aa87789af0b92a3ee3238cb1da7eb5b08404b35540a2b
1564,I_224_913_13,exact,A,,contradictory_review,3137274b66fba379dfc08fa197a95e57243a021da4713cbdbf1b8cb66aa3abb6
1565,I_050_96_14,exact,A,A,explicit_text,85a39ab345d672ff8ca9b9c6876f3adcacf45ee7c1e2dbd2408fd338bd55e07e
1566,G_092_13_7566,exact,A,,unrecognized_review,f2120665aa95b5d0d1c8c1ffbb9f7c21476f499127d331024aa4193562559d4b
1567,D_932_325,exact,A,,contradictory_review,1c449467266b032250137980a264ca03edc9da6eaafbee53241038d734a1ff94
1568,G_97_13_16725,exact,A,,contradictory_review,1b6f8e738adfccbcf5259cbda7f97429d6a9f851861a0729134756b47fa5899f
1569,D_032_28,exact,A,,unrecognized_review,67e9274117ad92b4c077eed6cf669834d66287f637b47c19e8c736307dee1e23
1570,D_156_136,exact,A,A,explicit_text,6d1984f6861d2d0694ba72c799a81d74f6d79a9ed5e1bb85e6653bdbb943d0cd
1571,I_124_72_13,exact,A,,unrecognized_review,236b37f5e609415db010bb1473eb714de0d77b698c1f51061a9758abde4939ee
1572,I_183_61_14,exact,A,,unrecognized_review,d8d08a3a0c394495ce4c743de22bd267ecd4e5fe23d8c77f818c51f527e7d102
1573,D_159_139,exact,A,,contradictory_review,743460778c8d9fb0e56328f2c27c0d423d6d35baf3c094ea30a7237d9c383ed7
1574,D_127_116,exact,A,,unrecognized_review,7123b6990803471e640bb96b9f85f28c1c49c1ba5bb8f9a99d641dfe05b73bcb
1575,I_123_907_13,exact,A,,unrecognized_review,57e3cd9565f0dae11e84d0500e4d10db48d5af3c378c1315430ab67110b262b5
1576,G_75_14_15178,exact,A,,contradictory_review,eb5ceb9b55b3443f8c920918008a7fe23e48aa3335f5845cbc8f525bae71cd78
1577,G_032_13_2530,exact,A,,contradictory_review,c5e5283ed23a97605f4ab580cae9c6a7567c63d5f297ddb551cadec5d76fd1aa
1578,G_001_14_74,exact,A,,contradictory_review,a47e99cb134978af1fbfbb200e49b500464a099b5a6753ca17fc9ad67f101a65
1579,G_94_13_16633,exact,A,,uncertainty_or_refusal_review,8d96a5b32df0c108da95740b36b6867eb199d09ce5651f7a5f47911298bf8674
1580,G_22_13_12587,exact,A,,contradictory_review,1434d7fe2032721616427a77f43fd1899f23c4a76e15c316bbefc45c8705d1b7
1581,I_121_923_14,exact,A,,contradictory_review,abe88a36fcf04d51ecdfe48fb56554222f20cbdaa37907518414908cd9623a65
1582,I_087_093_14,exact,A,,unrecognized_review,cc9c811e3a5e5eb76c22e5f805c7fe6f2070855aced3b8992bfe3393fb042fb6
1583,D_3_245,exact,A,,unrecognized_review,2d83821674216174d8840afac3a8dc18c3c7e677cfdbcc1c3a4a4fed86dfba7b
1584,I_119_240_14,exact,B,,unrecognized_review,40f00f9ce9b1461c880dbbf51d30b3c4821e541a9bf4a6ab05c8b6863ec183f8
1585,D_087_79,exact,A,,unrecognized_review,b3c5400abe7e42492be47c671a63e13f9cdaf3a147ee8b9de57b07a7a81d9773
1586,I_063_115_13,exact,A,,unrecognized_review,7bc461387ccc2185b53ee56813c61ed03e28f473ebe7c7dbd9609ba83325e903
1587,D_41_255,exact,B,,unrecognized_review,cf2110d7f0e68fd1d669684852423819c476cfa5073c457ab3ec3afb6ca1105b
1588,I_026_24_13,exact,A,,uncertainty_or_refusal_review,89973625aa3afc14834ddf92874bb3fb6b430568bd2868d343e17102cdeff7d5
1589,D_58_269,exact,A,,contradictory_review,024ebd2c52005e4eaa9ea34bb705578244de58ca101d89042c8e11a035c41fd5
1590,I_253_270_13,exact,A,,unrecognized_review,756456533d87dad2d0772786f5b8c7aba7d7bb18ae240f512d0da6f4023ed89a
1591,D_023_21,exact,A,,contradictory_review,e8c10b67d99f460633653743fcf41c5a6b0295860a75f7d5823e79b2320a0100
1592,I_057_231_14,exact,B,,unrecognized_review,dac9628685b501a813ca5a9260aee1872f304e02da16da9051f69e6697faf717
1593,I_062_288_13,exact,A,,unrecognized_review,d6a4ad1e0714dd95608c9f076953221372c67931f562558fdb94dcb6b9bd50d3
1594,D_039_34,exact,A,,unrecognized_review,93a29386ec3583d217b41cfc75a31926bfcf3dfec20c644eb7d7ba9012d58e6e
1595,D_51_264,exact,A,,unrecognized_review,a4f11793594266e63d257db30d4810b5688992854d02b0a50c24469be09804ef
1596,G_204_13_11952,exact,A,,contradictory_review,fde855621140536f2d25e01eb88d85f241c16b8f46644d98d1f07882b9bc4dd6
1597,I_259_289_14,exact,A,,unrecognized_review,a7f632bae0b0d82e59411587b367401e7a13a12b238ce721c89a96e37c3b6ac5
1598,I_020_75_13,exact,A,B,explicit_text,45074ee3f5a5b65eea40187ec57a731c1b5cfc2cf4845fcb8351fb51ed0eeb17
1599,G_077_14_6294,exact,INVALID,,unrecognized_review,5cba44b94d97a9134eaa0307dd24946c72e58b7014f1cde153a2cdf5b409b8c8
1600,G_146_14_10629,exact,INVALID,,unrecognized_review,192af065e096bb4bfe44608d6874590f9613e91f042ded152b779a98f8431073
1601,I_53_97_13,exact,A,,contradictory_review,38b834d205ba98649a9935c3aa289cd58d92dfc677848b81b305feccaf3a3f74
1602,G_29_13_13997,exact,B,,unrecognized_review,62e4a64aa34851fec3732aab28e965cf6d54fd4688c7aad1923402a223fa01bc
1603,G_075_14_6167,exact,A,,contradictory_review,5389377cf826ac09da53f57782b41bae5907219bf8befa3725871f7053ec8cf3
1604,I_034_27_13,exact,B,,unrecognized_review,704a3f0640fccf649ee1fba091904c80cb93cbc0899109b1030fba059856780f
1605,D_169_146,exact,B,B,explicit_text,70307be4b69e7a70d88c458081673e449d4707f68a13bbecbb8ebe60afbbf9f1
1606,G_074_13_6044,exact,A,,unrecognized_review,f05790a0a866aabc67341a785408b0049d563d213c1fffc5879bb98d6c29b11f
1607,D_175_152,exact,B,B,explicit_text,b1c9eb7c37e675fc517b6505924533cdce16186b5f0e203bf8eff78af200a1f9
1608,I_164_907_13,exact,A,,unrecognized_review,1833fe2fb75629d0f85c2e0c6db3003b51e52ff676ad85b51240c1662cce0cae
1609,I_257_913_13,exact,A,,contradictory_review,bd118274216bc633d49baf9af7dc9b52a908d3d17cc22268ad28a1c5d618621f
1610,G_015_13_1201,exact,A,,unrecognized_review,835269264dde7be61ee137a4ab26f0e045a090dd7166bd7d4e6aafd926d40a4b
1611,D_044_38,exact,A,,unrecognized_review,f06f2b7699036ec00aa41e1aaead44ced1af82f1c8aac7ac881620f6b9ed6916
1612,D_237_201,exact,A,,uncertainty_or_refusal_review,7f5ff8167c1bd95b5ba68f42aef95eb799ae6f6361a171aaf351d2c1182321d9
1613,D_058_52,exact,A,,unrecognized_review,7dbcda43bd9b9b5e73cff4c58425e34a9c70f9659c980c969efcaf193b823cec
1614,G_207_14_12022,exact,A,,unrecognized_review,7286ffe8c0ca29888b09ce6f5545488fd4056ba6b6d686258a91e274aee6e607
1615,I_117_917_14,exact,A,,contradictory_review,915f23c9fabc278a052f0687f96dc77ac8a7c207b76a6f2c5e74c9c2508f3467
1616,G_107_13_8901,exact,B,,unrecognized_review,028d06bac523c3dcf5d405d0920098d4ba9b01efeb128ed5a1f1e9682308982b
1617,G_923_14_16082,exact,INVALID,,unrecognized_review,678aead8b7a13866e09b48030a837fa4cb03002127afd19fb89857342ec0f4e7
1618,D_137_123,exact,A,,contradictory_review,8e685c79797b9e1753f146ae5e6a49cb429e48780afec2349e70c6c281301edb
1619,G_158_14_10870,exact,B,,unrecognized_review,73ff5dbd6386532e2e98a4e6960d04c22a06693895fe0c5f3becebd171e269fe
1620,D_206_176,exact,A,,contradictory_review,9560da79259bbe595b40c9ed37b4ee641e79a0f6ef5c9bc951dc2e5c49684a5f
1621,I_034_094_14,exact,INVALID,,unrecognized_review,192af065e096bb4bfe44608d6874590f9613e91f042ded152b779a98f8431073
1622,I_207_209_14,exact,A,,contradictory_review,c896875666295dff6b7bde31beafa40a4dba9ef093e170734c33d9a48f2935ba
1623,I_083_213_14,exact,A,,unrecognized_review,4fd0d7748479832965f10851b52b609b647b9271b8340a9f0b1d4e70ba1358bf
1624,D_83_288,exact,A,,contradictory_review,1b6f8e738adfccbcf5259cbda7f97429d6a9f851861a0729134756b47fa5899f
1625,I_121_30_14,exact,B,,unrecognized_review,c83ccf4941fb5f60e925c78bf6d56e913f0892f9ce667c6e13273f97bb1666eb
1626,I_121_99_14,exact,A,,uncertainty_or_refusal_review,cfed5595415512c4bdc82a63b70088c0a5e13aeabb5581f2ec21dfa49a71ae6c
1627,I_135_199_14,exact,B,,unrecognized_review,5a94030ae3218a2e138092d25b01dea8b73a9a8f3475472247be1d932a8616b3
1628,G_94_14_16646,exact,A,,contradictory_review,0366c3223d469f26bed082635ed0a043a679906b9e61547354d488f8078c707f
1629,I_038_75_13,exact,A,,contradictory_review,d8056fb8bef98093a59ccf0d28a17f5c36a70570c1e8d4d2e9c23c140b21ecb2
1630,G_54_14_14669,exact,INVALID,,unrecognized_review,45ee952ef56baf8a5b97b48e3784f04b9b166e1ab3a10ca5521e9a55a0f25b25
1631,G_071_13_5893,exact,A,,unrecognized_review,eacfa6ab2ecbc25fedf82c767058dde52b4c58d97bac7162d0b9c92463a285cc
1632,G_230_14_12604,exact,A,,contradictory_review,07e0a111ec211f5aa22997f1b64699dadfbaa4ebfdc002453d14c5af789a4692
1633,I_183_31_13,exact,A,,unrecognized_review,17199b22810a89d73ecc77dce46befcf33f41a0f953dc90ba888f9cf52a65086
1634,I_252_918_14,exact,A,,contradictory_review,da2f79dccb5835e49521c3bd60be29a6de8688072ec4797f7c3db01e92263bd7
1635,G_048_13_3781,exact,A,,unrecognized_review,c18d4a848ae65ae43839fa06176d7f23d3891790df5bccb7750b9c39973c38dd
1636,G_215_13_12153,exact,A,,contradictory_review,085a65d4dab99dcb0856ef3f7af92ae880cba60464cb064001a1e034487da7e3
1637,D_122_112,exact,A,,uncertainty_or_refusal_review,acaf1748858a4527eb4c2a4801955c5276088b2ef861ec8946c73a622e74c67d
1638,I_164_904_14,exact,A,,unrecognized_review,d87db6f30e29768c0b3d0a797d7e2307886e472a8ac8217716e42c082da8665a
1639,I_182_230_14,exact,INVALID,,unrecognized_review,45ee952ef56baf8a5b97b48e3784f04b9b166e1ab3a10ca5521e9a55a0f25b25
1640,G_231_13_12619,exact,B,,unrecognized_review,37829c2cfcf2723930b2d4024f2e0db6edb60d156fe23a8412321c6f765d5761
1641,G_060_13_4905,exact,A,,contradictory_review,c12345616fc9596bb78c85fc6d08403ef9a86387e352f109382c194f4d12be8d
1642,I_214_938_14,exact,INVALID,,unrecognized_review,fd0ad9026eee596b7072a762941f60bef57e760a230edd450b3a634825685c2a
1643,G_119_13_9927,exact,A,,contradictory_review,6a0476c85053f4916921cf0d0c0a266c0e4a5d63311c8396bc817451ce80665f
1644,I_106_70_14,exact,B,,unrecognized_review,ebdd0b2bdb89f711059e58611080d3d2daa30bae46eac3154c271a092de6ff7a
1645,G_097_13_7948,exact,A,,contradictory_review,e875a130846a0569291a286b8cdb227aa4a8f227243782384ed02ef3210c2c4a
1646,G_907_14_15608,exact,B,B,explicit_text,b1c9eb7c37e675fc517b6505924533cdce16186b5f0e203bf8eff78af200a1f9
1647,G_117_13_9880,exact,A,,contradictory_review,7e0ce037125ded5bbb6a79618be144824b24f9ede0607910269284a82c53df32
1648,I_069_96_14,exact,A,,unrecognized_review,b225ea2b872154aa027d0570ed2b075f1f085dc87088dc780925ea3eaf796169
1649,G_157_13_10816,exact,B,,unrecognized_review,bd23220864c6a5bbffc116bb325eaadec5fc2774c2a9f15d4b5ed81c250a2190
1650,G_098_13_8043,exact,INVALID,,unrecognized_review,fd0ad9026eee596b7072a762941f60bef57e760a230edd450b3a634825685c2a
1651,G_116_13_9847,exact,A,,contradictory_review,29e505ba4e7a3f273935e6ce35ef79d33483fee61b0890b57ed73beade90526b
1652,I_293_72_14,exact,A,,unrecognized_review,7b53767f34fa8e77d5223074192f977b2843b9a2c1e2548fadcf42d7d2472a67
1653,I_101_46_13,exact,A,,contradictory_review,d36bb30eb13deb6907ab591751892abacea91720e9424c33706c9c012c9bde0f
1654,I_069_092_14,exact,A,,unrecognized_review,34a43377759485040effa61dd1bad2ec15343d30e8b047a1788a40e50b75d7f5
1655,D_135_121,exact,A,,uncertainty_or_refusal_review,59d5d89e912b9ec9235d1b6037047f29c0a07489374818d16f04961758b75448
1656,I_074_171_14,exact,A,,unrecognized_review,7cc6c5a69d6e402b9bfb6c800078c15bd47a5e88d31fbc9521981b46d4f19f6c
1657,I_181_232_14,exact,A,,unrecognized_review,41ae3df0ab64012f9aec64207f3e069b360d1d79270542c5d5bcd22a29bc3994
1658,I_117_68_14,exact,A,,contradictory_review,69542cb0c41b121e2e3aa05ccd1af9e84d1ee1ad9781083f4863281210751267
1659,G_99_14_16774,exact,A,,uncertainty_or_refusal_review,24b3469f9f38deda7a85cabad9f133c847a7fd0d27fe46048fc86107b69c092e
1660,I_213_94_13,exact,B,,unrecognized_review,f37d50b346cc01bf40773afd2744839dc4503682a76fc43b102b1cff55eacc0d
1661,D_189_163,exact,A,,uncertainty_or_refusal_review,0003fae7ffac6a6740f8fe4eb498ca275a3da8cce03e2c74afead545918bdacd
1662,G_123_14_10085,exact,A,,uncertainty_or_refusal_review,00991d961ee1cacfa0d01de5407cb2748f066062ec85112482fe09c146f9c2f0
1663,I_097_35_14,exact,A,,contradictory_review,b2c39d7670a325da51454fcc8d561fca634fef3a0e830205cc384fcd080d20e4
1664,D_25_212,exact,A,,contradictory_review,f366b2b08b6089387b20e540263993db57a82499eb29fde8cdc943931434bba5
1665,D_229_196,exact,B,,unrecognized_review,5c8d947d8a0ee9dc6b9a2abf5655f675baa6a80131ccd3a0ba6860d9b1cc8dca
1666,D_164_143,exact,A,,unrecognized_review,b29a023f6ee81d315a1038abe941ee45fe37293c12235ede2efc54363c309f53
1667,I_16_900_14,exact,A,,contradictory_review,abc7aae8117dff3862d711228bac0649d5d1dec4446bc95ad347066b0c095210
1668,G_068_13_5609,exact,A,,contradictory_review,2302ca3be6961a032029dbeb18c027fe604b7cfba78ed0c1c4367b200dd9995c
1669,D_42_256,exact,A,,contradictory_review,92edf7663dc16240c8c6255a0ce79c9409f86bb6bb89d6c084a8b1d0082ac436
1670,I_137_96_14,exact,A,,contradictory_review,8ee936e4aff52201ba0cb2e14ad2fd77496994877f6d6d11f7bb2cb224a8a386
1671,G_291_14_13885,exact,INVALID,,empty,e3b0c44298fc1c149afbf4c8996fb92427ae41e4649b934ca495991b7852b855
1672,G_926_14_16168,exact,A,,unrecognized_review,7303b80ce16fa6a06aa4f8336e7b4a66db5c11ea61a53bc7ea2467627fbde5e5
1673,G_067_13_5501,exact,A,,uncertainty_or_refusal_review,ff285a1a7c953ebbee3d166aa7a7a0a72dc2f65ca40430c157a3db37a1bfdb71
1674,G_004_13_199,exact,A,,uncertainty_or_refusal_review,52216a7d06364ccf0b32f1f16a8470c9fe5abd3003a7fc8ec27d50e41725d67f
1675,G_190_13_11626,exact,A,,contradictory_review,af8bf9379775caf209cefb7cd65c4790aaffe27f6aaf980de6d09ce44c077db8
1676,G_157_14_10836,exact,A,,contradictory_review,4c9d19872f62f60344ba641b0f3a99a036dde740965bffaf53d1b76a3bcbf7de
1677,I_109_123_14,exact,A,,contradictory_review,2245578b11eed691d43965e5335b8e4857f74e0ccdc18f0002cd9dbdeb8be346
1678,I_068_081_13,exact,A,,unrecognized_review,a26bc1eda74b9706b1675349331e761de149215906a767f50083783f3a99e8cd
1679,G_911_13_15734,exact,A,,contradictory_review,91fda44491e3b12c74ec70ae14a5cce4ac8d3d21dbc4902702339f43ab7a2388
1680,G_31_13_14056,exact,A,,uncertainty_or_refusal_review,599265787073249b3bfe2012409ddb41841d29441aafcc3766795866f02fb235
1681,I_146_931_13,exact,A,,contradictory_review,4cd65ff9136ed40c38b498b714d8a542339022d4c799e88ef13fa7d2e919464d
1682,G_180_14_11376,exact,B,B,explicit_text,70307be4b69e7a70d88c458081673e449d4707f68a13bbecbb8ebe60afbbf9f1
1683,I_125_167_14,exact,B,,unrecognized_review,ecf4299c1eeba32cfe40cbc9b0021f75832aaa07e8053dc6b40fa5ab5152e45d
1684,G_044_13_3440,exact,A,,contradictory_review,1eb9b89a39a2911f9c815dd452faff3f9ef5298430d253808d8733aaf94feb7e
1685,I_079_191_14,exact,A,,contradictory_review,2ce8e730d2c8c6ea33dd8a9f44e25996dc4f2ff88118d8b7f377859274393ca9
1686,D_924_316,exact,A,,uncertainty_or_refusal_review,0b4831a0b00d57068d20d88ec93b58f45273cf89f7e6f45f82aea669d9eaee3c
1687,G_065_13_5333,exact,A,,uncertainty_or_refusal_review,f296a6297c6d5d665db0cf089c75b5eea51c7c42c20e56f4ab54e99eb56b596b
1688,I_008_39_14,exact,INVALID,,unrecognized_review,45ee952ef56baf8a5b97b48e3784f04b9b166e1ab3a10ca5521e9a55a0f25b25
1689,G_280_13_13595,exact,B,,unrecognized_review,ebdd0b2bdb89f711059e58611080d3d2daa30bae46eac3154c271a092de6ff7a
1690,G_3_13_14237,exact,B,,contradictory_review,137614c18fca0838bc9b9058aa28ebc43b71778c811aa9a3147f72e71e41ed02
