{
  "model": "Qwen3-VL-8B-Instruct",
  "prompting": "zero_shot",
  "total_pairs": 7832,
  "genuine_count": 176,
  "impostor_count": 7656,
  "overall_acc": 74.10623084780387,
  "genuine_acc": 100.0,
  "impostor_acc": 73.51097178683386,
  "far": 26.489028213166144,
  "frr": 0.0,
  "collapsed": false,
  "answer_dist": {
    "B": 0.7185903983656793,
    "A": 0.2814096016343207
  },
  "invalid_count": 0,
  "per_frgp": {
    "13": {
      "acc": 71.6802860061287,
      "far": 28.970741901776385,
      "frr": 0.0,
      "n": 3916
    },
    "14": {
      "acc": 76.53217568947906,
      "far": 24.007314524555902,
      "frr": 0.0,
      "n": 3916
    }
  }
}