{
  "model": "Qwen3-VL-8B-Instruct",
  "prompting": "task_description",
  "total_pairs": 7832,
  "genuine_count": 176,
  "impostor_count": 7656,
  "overall_acc": 3.332482124616956,
  "genuine_acc": 100.0,
  "impostor_acc": 1.1102403343782654,
  "far": 98.88975966562174,
  "frr": 0.0,
  "collapsed": true,
  "answer_dist": {
    "A": 0.98914708886619,
    "B": 0.01085291113381001
  },
  "invalid_count": 0,
  "per_frgp": {
    "13": {
      "acc": 2.502553626149132,
      "far": 99.73876698014628,
      "frr": 0.0,
      "n": 3916
    },
    "14": {
      "acc": 4.162410623084781,
      "far": 98.04075235109718,
      "frr": 0.0,
      "n": 3916
    }
  }
}