pair_id,label,category,device_pair,subject1,subject2,hand1,hand2,ground_truth,llm_answer,correct,raw_response,latency_s,model,prompting_setting,timestamp
D_43210_63,non-mated,diagnostic_impostor,cross,43210,43210,left,right,B,A,0,A,0.514,internvl3,zero_shot,2026-08-23T14:06:22
G_58398_left_1287,mated,primary_genuine,cross,58398,58398,left,left,A,B,0,B,0.355,internvl3,zero_shot,2026-08-23T14:06:22
G_56583_left_842,mated,primary_genuine,cross,56583,56583,left,left,A,B,0,B,0.356,internvl3,zero_shot,2026-08-23T14:06:22
I_14493_83742_left_s,non-mated,primary_impostor,same,14493,83742,left,left,B,A,0,A,0.366,internvl3,zero_shot,2026-08-23T14:06:23
I_57145_65052_left_x,non-mated,primary_impostor,cross,57145,65052,left,left,B,B,1,B,0.355,internvl3,zero_shot,2026-08-23T14:06:23
I_56583_93812_left_s,non-mated,primary_impostor,same,56583,93812,left,left,B,A,0,A,0.367,internvl3,zero_shot,2026-08-23T14:06:23
I_24101_57145_left_s,non-mated,primary_impostor,same,24101,57145,left,left,B,B,1,B,0.36,internvl3,zero_shot,2026-08-23T14:06:24
G_83742_left_2229,mated,primary_genuine,cross,83742,83742,left,left,A,B,0,B,0.344,internvl3,zero_shot,2026-08-23T14:06:24
G_57833_left_1183,mated,primary_genuine,same,57833,57833,left,left,A,A,1,A,0.348,internvl3,zero_shot,2026-08-23T14:06:25
G_69658_left_1866,mated,primary_genuine,same,69658,69658,left,left,A,B,0,B,0.361,internvl3,zero_shot,2026-08-23T14:06:25
I_24101_57145_left_x,non-mated,primary_impostor,cross,24101,57145,left,left,B,B,1,B,0.358,internvl3,zero_shot,2026-08-23T14:06:25
G_24101_right_301,mated,primary_genuine,cross,24101,24101,right,right,A,B,0,B,0.362,internvl3,zero_shot,2026-08-23T14:06:26
D_56583_99,non-mated,diagnostic_impostor,same,56583,56583,left,right,B,A,0,A,0.36,internvl3,zero_shot,2026-08-23T14:06:26
G_63029_left_1482,mated,primary_genuine,same,63029,63029,left,left,A,B,0,B,0.353,internvl3,zero_shot,2026-08-23T14:06:26
I_24101_87757_right_x,non-mated,primary_impostor,cross,24101,87757,right,right,B,A,0,A,0.356,internvl3,zero_shot,2026-08-23T14:06:27
G_89171_left_2506,mated,primary_genuine,cross,89171,89171,left,left,A,B,0,B,0.375,internvl3,zero_shot,2026-08-23T14:06:27
G_43210_left_580,mated,primary_genuine,same,43210,43210,left,left,A,B,0,B,0.376,internvl3,zero_shot,2026-08-23T14:06:27
I_44595_47904_left_s,non-mated,primary_impostor,same,44595,47904,left,left,B,B,1,B,0.36,internvl3,zero_shot,2026-08-23T14:06:28
G_44595_left_742,mated,primary_genuine,same,44595,44595,left,left,A,A,1,A,0.341,internvl3,zero_shot,2026-08-23T14:06:28
I_89171_96608_right_s,non-mated,primary_impostor,same,89171,96608,right,right,B,B,1,B,0.369,internvl3,zero_shot,2026-08-23T14:06:29
G_65030_left_1658,mated,primary_genuine,cross,65030,65030,left,left,A,B,0,B,0.345,internvl3,zero_shot,2026-08-23T14:06:29
I_65030_65052_left_x,non-mated,primary_impostor,cross,65030,65052,left,left,B,B,1,B,0.355,internvl3,zero_shot,2026-08-23T14:06:29
I_20294_47904_right_x,non-mated,primary_impostor,cross,20294,47904,right,right,B,B,1,B,0.369,internvl3,zero_shot,2026-08-23T14:06:30
G_20294_right_224,mated,primary_genuine,same,20294,20294,right,right,A,A,1,A,0.361,internvl3,zero_shot,2026-08-23T14:06:30
I_47904_58793_left_s,non-mated,primary_impostor,same,47904,58793,left,left,B,B,1,B,0.366,internvl3,zero_shot,2026-08-23T14:06:30
D_44595_73,non-mated,diagnostic_impostor,same,44595,44595,left,right,B,A,0,A,0.339,internvl3,zero_shot,2026-08-23T14:06:31
I_56583_96608_right_x,non-mated,primary_impostor,cross,56583,96608,right,right,B,B,1,B,0.363,internvl3,zero_shot,2026-08-23T14:06:31
D_14493_8,non-mated,diagnostic_impostor,same,14493,14493,left,right,B,B,1,B,0.361,internvl3,zero_shot,2026-08-23T14:06:31
D_47904_92,non-mated,diagnostic_impostor,cross,47904,47904,left,right,B,A,0,A,0.356,internvl3,zero_shot,2026-08-23T14:06:32
I_32467_43210_right_s,non-mated,primary_impostor,same,32467,43210,right,right,B,A,0,A,0.368,internvl3,zero_shot,2026-08-23T14:06:32
G_74850_right_2037,mated,primary_genuine,cross,74850,74850,right,right,A,B,0,B,0.361,internvl3,zero_shot,2026-08-23T14:06:32
I_32467_65030_right_x,non-mated,primary_impostor,cross,32467,65030,right,right,B,B,1,B,0.359,internvl3,zero_shot,2026-08-23T14:06:33
G_20294_left_134,mated,primary_genuine,same,20294,20294,left,left,A,B,0,B,0.376,internvl3,zero_shot,2026-08-23T14:06:33
G_47904_right_832,mated,primary_genuine,cross,47904,47904,right,right,A,B,0,B,0.356,internvl3,zero_shot,2026-08-23T14:06:34
I_57145_89171_right_x,non-mated,primary_impostor,cross,57145,89171,right,right,B,A,0,A,0.367,internvl3,zero_shot,2026-08-23T14:06:34
G_76957_left_2098,mated,primary_genuine,same,76957,76957,left,left,A,A,1,A,0.369,internvl3,zero_shot,2026-08-23T14:06:34
I_14493_20294_right_x,non-mated,primary_impostor,cross,14493,20294,right,right,B,A,0,A,0.372,internvl3,zero_shot,2026-08-23T14:06:35
D_76957_225,non-mated,diagnostic_impostor,same,76957,76957,left,right,B,A,0,A,0.366,internvl3,zero_shot,2026-08-23T14:06:35
G_76957_left_2119,mated,primary_genuine,same,76957,76957,left,left,A,A,1,A,0.359,internvl3,zero_shot,2026-08-23T14:06:35
D_69658_194,non-mated,diagnostic_impostor,cross,69658,69658,left,right,B,A,0,A,0.366,internvl3,zero_shot,2026-08-23T14:06:36
G_32467_right_505,mated,primary_genuine,same,32467,32467,right,right,A,A,1,A,0.365,internvl3,zero_shot,2026-08-23T14:06:36
I_47904_58793_right_s,non-mated,primary_impostor,same,47904,58793,right,right,B,A,0,A,0.353,internvl3,zero_shot,2026-08-23T14:06:36
G_74850_right_2026,mated,primary_genuine,same,74850,74850,right,right,A,B,0,B,0.353,internvl3,zero_shot,2026-08-23T14:06:37
D_89171_262,non-mated,diagnostic_impostor,cross,89171,89171,left,right,B,A,0,A,0.344,internvl3,zero_shot,2026-08-23T14:06:37
I_57833_89171_left_x,non-mated,primary_impostor,cross,57833,89171,left,left,B,B,1,B,0.36,internvl3,zero_shot,2026-08-23T14:06:38
I_74850_83742_left_s,non-mated,primary_impostor,same,74850,83742,left,left,B,A,0,A,0.379,internvl3,zero_shot,2026-08-23T14:06:38
I_57833_69658_right_x,non-mated,primary_impostor,cross,57833,69658,right,right,B,B,1,B,0.353,internvl3,zero_shot,2026-08-23T14:06:38
G_74850_left_1998,mated,primary_genuine,same,74850,74850,left,left,A,A,1,A,0.362,internvl3,zero_shot,2026-08-23T14:06:39
D_83742_228,non-mated,diagnostic_impostor,cross,83742,83742,left,right,B,B,1,B,0.373,internvl3,zero_shot,2026-08-23T14:06:39
I_43210_56583_left_x,non-mated,primary_impostor,cross,43210,56583,left,left,B,B,1,B,0.348,internvl3,zero_shot,2026-08-23T14:06:39
G_43210_right_633,mated,primary_genuine,cross,43210,43210,right,right,A,A,1,A,0.356,internvl3,zero_shot,2026-08-23T14:06:40
I_58793_65030_left_s,non-mated,primary_impostor,same,58793,65030,left,left,B,A,0,A,0.361,internvl3,zero_shot,2026-08-23T14:06:40
I_57145_76957_left_s,non-mated,primary_impostor,same,57145,76957,left,left,B,A,0,A,0.359,internvl3,zero_shot,2026-08-23T14:06:40
I_14493_65030_left_x,non-mated,primary_impostor,cross,14493,65030,left,left,B,A,0,A,0.351,internvl3,zero_shot,2026-08-23T14:06:41
G_65030_right_1681,mated,primary_genuine,same,65030,65030,right,right,A,A,1,A,0.362,internvl3,zero_shot,2026-08-23T14:06:41
D_58398_142,non-mated,diagnostic_impostor,same,58398,58398,left,right,B,A,0,A,0.35,internvl3,zero_shot,2026-08-23T14:06:41
G_57833_right_1228,mated,primary_genuine,cross,57833,57833,right,right,A,B,0,B,0.366,internvl3,zero_shot,2026-08-23T14:06:42
I_43210_74850_left_s,non-mated,primary_impostor,same,43210,74850,left,left,B,A,0,A,0.369,internvl3,zero_shot,2026-08-23T14:06:42
D_14493_9,non-mated,diagnostic_impostor,same,14493,14493,left,right,B,A,0,A,0.356,internvl3,zero_shot,2026-08-23T14:06:43
I_43210_83742_right_s,non-mated,primary_impostor,same,43210,83742,right,right,B,A,0,A,0.359,internvl3,zero_shot,2026-08-23T14:06:43
G_96608_left_2728,mated,primary_genuine,same,96608,96608,left,left,A,B,0,B,0.357,internvl3,zero_shot,2026-08-23T14:06:43
I_57833_96608_left_x,non-mated,primary_impostor,cross,57833,96608,left,left,B,B,1,B,0.367,internvl3,zero_shot,2026-08-23T14:06:44
I_47904_63029_right_x,non-mated,primary_impostor,cross,47904,63029,right,right,B,B,1,B,0.362,internvl3,zero_shot,2026-08-23T14:06:44
I_65052_93812_right_x,non-mated,primary_impostor,cross,65052,93812,right,right,B,B,1,B,0.366,internvl3,zero_shot,2026-08-23T14:06:44
I_44595_99775_left_s,non-mated,primary_impostor,same,44595,99775,left,left,B,A,0,A,0.368,internvl3,zero_shot,2026-08-23T14:06:45
I_24101_32467_left_x,non-mated,primary_impostor,cross,24101,32467,left,left,B,B,1,B,0.361,internvl3,zero_shot,2026-08-23T14:06:45
G_27295_right_407,mated,primary_genuine,cross,27295,27295,right,right,A,A,1,A,0.357,internvl3,zero_shot,2026-08-23T14:06:45
I_65052_83742_left_x,non-mated,primary_impostor,cross,65052,83742,left,left,B,B,1,B,0.377,internvl3,zero_shot,2026-08-23T14:06:46
I_58398_76957_left_x,non-mated,primary_impostor,cross,58398,76957,left,left,B,B,1,B,0.36,internvl3,zero_shot,2026-08-23T14:06:46
G_76957_left_2097,mated,primary_genuine,cross,76957,76957,left,left,A,B,0,B,0.354,internvl3,zero_shot,2026-08-23T14:06:47
I_58793_65052_left_s,non-mated,primary_impostor,same,58793,65052,left,left,B,A,0,A,0.373,internvl3,zero_shot,2026-08-23T14:06:47
G_27295_left_311,mated,primary_genuine,same,27295,27295,left,left,A,B,0,B,0.355,internvl3,zero_shot,2026-08-23T14:06:47
I_14493_57145_right_x,non-mated,primary_impostor,cross,14493,57145,right,right,B,A,0,A,0.357,internvl3,zero_shot,2026-08-23T14:06:48
G_87757_right_2459,mated,primary_genuine,cross,87757,87757,right,right,A,B,0,B,0.354,internvl3,zero_shot,2026-08-23T14:06:48
D_93812_272,non-mated,diagnostic_impostor,cross,93812,93812,left,right,B,B,1,B,0.356,internvl3,zero_shot,2026-08-23T14:06:48
G_63029_left_1497,mated,primary_genuine,cross,63029,63029,left,left,A,B,0,B,0.356,internvl3,zero_shot,2026-08-23T14:06:49
G_69658_right_1931,mated,primary_genuine,cross,69658,69658,right,right,A,B,0,B,0.35,internvl3,zero_shot,2026-08-23T14:06:49
I_87757_99775_left_s,non-mated,primary_impostor,same,87757,99775,left,left,B,A,0,A,0.365,internvl3,zero_shot,2026-08-23T14:06:49
I_93812_99775_right_s,non-mated,primary_impostor,same,93812,99775,right,right,B,A,0,A,0.361,internvl3,zero_shot,2026-08-23T14:06:50
I_43210_47904_right_x,non-mated,primary_impostor,cross,43210,47904,right,right,B,A,0,A,0.355,internvl3,zero_shot,2026-08-23T14:06:50
G_58398_left_1293,mated,primary_genuine,cross,58398,58398,left,left,A,B,0,B,0.353,internvl3,zero_shot,2026-08-23T14:06:50
I_14493_57145_left_x,non-mated,primary_impostor,cross,14493,57145,left,left,B,A,0,A,0.357,internvl3,zero_shot,2026-08-23T14:06:51
G_57145_right_1072,mated,primary_genuine,same,57145,57145,right,right,A,A,1,A,0.363,internvl3,zero_shot,2026-08-23T14:06:51
I_63029_96608_right_s,non-mated,primary_impostor,same,63029,96608,right,right,B,A,0,A,0.357,internvl3,zero_shot,2026-08-23T14:06:52
I_58398_69658_left_x,non-mated,primary_impostor,cross,58398,69658,left,left,B,B,1,B,0.354,internvl3,zero_shot,2026-08-23T14:06:52
G_57145_right_1080,mated,primary_genuine,cross,57145,57145,right,right,A,A,1,A,0.358,internvl3,zero_shot,2026-08-23T14:06:52
I_58793_65030_left_x,non-mated,primary_impostor,cross,58793,65030,left,left,B,A,0,A,0.361,internvl3,zero_shot,2026-08-23T14:06:53
I_57833_89171_right_x,non-mated,primary_impostor,cross,57833,89171,right,right,B,B,1,B,0.363,internvl3,zero_shot,2026-08-23T14:06:53
I_14493_32467_left_x,non-mated,primary_impostor,cross,14493,32467,left,left,B,B,1,B,0.363,internvl3,zero_shot,2026-08-23T14:06:53
I_44595_58398_left_s,non-mated,primary_impostor,same,44595,58398,left,left,B,A,0,A,0.368,internvl3,zero_shot,2026-08-23T14:06:54
G_14493_left_18,mated,primary_genuine,cross,14493,14493,left,left,A,B,0,B,0.356,internvl3,zero_shot,2026-08-23T14:06:54
G_99775_right_2898,mated,primary_genuine,same,99775,99775,right,right,A,B,0,B,0.36,internvl3,zero_shot,2026-08-23T14:06:54
I_27295_58398_right_x,non-mated,primary_impostor,cross,27295,58398,right,right,B,B,1,B,0.357,internvl3,zero_shot,2026-08-23T14:06:55
I_32467_57145_right_x,non-mated,primary_impostor,cross,32467,57145,right,right,B,B,1,B,0.367,internvl3,zero_shot,2026-08-23T14:06:55
G_20294_right_240,mated,primary_genuine,cross,20294,20294,right,right,A,B,0,B,0.355,internvl3,zero_shot,2026-08-23T14:06:56
I_27295_93812_right_x,non-mated,primary_impostor,cross,27295,93812,right,right,B,A,0,A,0.36,internvl3,zero_shot,2026-08-23T14:06:56
D_69658_195,non-mated,diagnostic_impostor,cross,69658,69658,left,right,B,A,0,A,0.361,internvl3,zero_shot,2026-08-23T14:06:56
I_14493_89171_right_s,non-mated,primary_impostor,same,14493,89171,right,right,B,A,0,A,0.365,internvl3,zero_shot,2026-08-23T14:06:57
D_69658_199,non-mated,diagnostic_impostor,same,69658,69658,left,right,B,A,0,A,0.351,internvl3,zero_shot,2026-08-23T14:06:57
I_47904_58398_left_x,non-mated,primary_impostor,cross,47904,58398,left,left,B,B,1,B,0.356,internvl3,zero_shot,2026-08-23T14:06:57
I_65052_69658_left_x,non-mated,primary_impostor,cross,65052,69658,left,left,B,B,1,B,0.359,internvl3,zero_shot,2026-08-23T14:06:58
D_58398_133,non-mated,diagnostic_impostor,cross,58398,58398,left,right,B,B,1,B,0.363,internvl3,zero_shot,2026-08-23T14:06:58
I_14493_24101_right_s,non-mated,primary_impostor,same,14493,24101,right,right,B,A,0,A,0.365,internvl3,zero_shot,2026-08-23T14:06:58
G_56583_left_888,mated,primary_genuine,same,56583,56583,left,left,A,A,1,A,0.353,internvl3,zero_shot,2026-08-23T14:06:59
I_83742_87757_left_x,non-mated,primary_impostor,cross,83742,87757,left,left,B,B,1,B,0.36,internvl3,zero_shot,2026-08-23T14:06:59
D_47904_90,non-mated,diagnostic_impostor,same,47904,47904,left,right,B,A,0,A,0.357,internvl3,zero_shot,2026-08-23T14:06:59
I_69658_76957_left_s,non-mated,primary_impostor,same,69658,76957,left,left,B,A,0,A,0.366,internvl3,zero_shot,2026-08-23T14:07:00
G_24101_left_296,mated,primary_genuine,same,24101,24101,left,left,A,A,1,A,0.345,internvl3,zero_shot,2026-08-23T14:07:00
I_20294_32467_right_x,non-mated,primary_impostor,cross,20294,32467,right,right,B,B,1,B,0.364,internvl3,zero_shot,2026-08-23T14:07:01
D_63029_160,non-mated,diagnostic_impostor,same,63029,63029,left,right,B,B,1,B,0.356,internvl3,zero_shot,2026-08-23T14:07:01
I_57145_57833_left_x,non-mated,primary_impostor,cross,57145,57833,left,left,B,B,1,B,0.367,internvl3,zero_shot,2026-08-23T14:07:01
G_96608_left_2701,mated,primary_genuine,same,96608,96608,left,left,A,B,0,B,0.364,internvl3,zero_shot,2026-08-23T14:07:02
I_14493_32467_right_s,non-mated,primary_impostor,same,14493,32467,right,right,B,A,0,A,0.364,internvl3,zero_shot,2026-08-23T14:07:02
G_69658_right_1939,mated,primary_genuine,same,69658,69658,right,right,A,A,1,A,0.351,internvl3,zero_shot,2026-08-23T14:07:02
I_58793_63029_right_s,non-mated,primary_impostor,same,58793,63029,right,right,B,B,1,B,0.358,internvl3,zero_shot,2026-08-23T14:07:03
I_44595_96608_right_x,non-mated,primary_impostor,cross,44595,96608,right,right,B,B,1,B,0.349,internvl3,zero_shot,2026-08-23T14:07:03
I_44595_87757_left_s,non-mated,primary_impostor,same,44595,87757,left,left,B,A,0,A,0.367,internvl3,zero_shot,2026-08-23T14:07:03
D_87757_240,non-mated,diagnostic_impostor,cross,87757,87757,left,right,B,B,1,B,0.358,internvl3,zero_shot,2026-08-23T14:07:04
G_20294_left_195,mated,primary_genuine,same,20294,20294,left,left,A,A,1,A,0.351,internvl3,zero_shot,2026-08-23T14:07:04
G_27295_left_309,mated,primary_genuine,same,27295,27295,left,left,A,A,1,A,0.36,internvl3,zero_shot,2026-08-23T14:07:05
D_24101_32,non-mated,diagnostic_impostor,same,24101,24101,left,right,B,A,0,A,0.349,internvl3,zero_shot,2026-08-23T14:07:05
G_76957_right_2160,mated,primary_genuine,cross,76957,76957,right,right,A,B,0,B,0.355,internvl3,zero_shot,2026-08-23T14:07:05
G_14493_left_57,mated,primary_genuine,same,14493,14493,left,left,A,A,1,A,0.355,internvl3,zero_shot,2026-08-23T14:07:06
I_43210_56583_right_x,non-mated,primary_impostor,cross,43210,56583,right,right,B,B,1,B,0.36,internvl3,zero_shot,2026-08-23T14:07:06
I_65052_76957_right_s,non-mated,primary_impostor,same,65052,76957,right,right,B,A,0,A,0.367,internvl3,zero_shot,2026-08-23T14:07:06
I_57833_58398_left_x,non-mated,primary_impostor,cross,57833,58398,left,left,B,B,1,B,0.352,internvl3,zero_shot,2026-08-23T14:07:07
G_83742_left_2253,mated,primary_genuine,same,83742,83742,left,left,A,A,1,A,0.356,internvl3,zero_shot,2026-08-23T14:07:07
D_20294_20,non-mated,diagnostic_impostor,same,20294,20294,left,right,B,A,0,A,0.358,internvl3,zero_shot,2026-08-23T14:07:07
I_89171_99775_right_x,non-mated,primary_impostor,cross,89171,99775,right,right,B,A,0,A,0.361,internvl3,zero_shot,2026-08-23T14:07:08
D_89171_258,non-mated,diagnostic_impostor,cross,89171,89171,left,right,B,A,0,A,0.364,internvl3,zero_shot,2026-08-23T14:07:08
I_47904_58793_right_x,non-mated,primary_impostor,cross,47904,58793,right,right,B,A,0,A,0.349,internvl3,zero_shot,2026-08-23T14:07:08
I_47904_63029_left_s,non-mated,primary_impostor,same,47904,63029,left,left,B,A,0,A,0.363,internvl3,zero_shot,2026-08-23T14:07:09
I_63029_93812_right_x,non-mated,primary_impostor,cross,63029,93812,right,right,B,B,1,B,0.352,internvl3,zero_shot,2026-08-23T14:07:09
G_58398_right_1356,mated,primary_genuine,same,58398,58398,right,right,A,A,1,A,0.348,internvl3,zero_shot,2026-08-23T14:07:10
G_93812_left_2619,mated,primary_genuine,cross,93812,93812,left,left,A,A,1,A,0.356,internvl3,zero_shot,2026-08-23T14:07:10
G_57833_left_1150,mated,primary_genuine,same,57833,57833,left,left,A,B,0,B,0.354,internvl3,zero_shot,2026-08-23T14:07:10
G_57833_left_1152,mated,primary_genuine,cross,57833,57833,left,left,A,B,0,B,0.348,internvl3,zero_shot,2026-08-23T14:07:11
I_47904_69658_left_x,non-mated,primary_impostor,cross,47904,69658,left,left,B,B,1,B,0.378,internvl3,zero_shot,2026-08-23T14:07:11
G_47904_right_834,mated,primary_genuine,same,47904,47904,right,right,A,A,1,A,0.365,internvl3,zero_shot,2026-08-23T14:07:11
G_58398_right_1352,mated,primary_genuine,cross,58398,58398,right,right,A,A,1,A,0.359,internvl3,zero_shot,2026-08-23T14:07:12
G_14493_right_114,mated,primary_genuine,cross,14493,14493,right,right,A,B,0,B,0.351,internvl3,zero_shot,2026-08-23T14:07:12
G_65030_right_1685,mated,primary_genuine,cross,65030,65030,right,right,A,B,0,B,0.36,internvl3,zero_shot,2026-08-23T14:07:12
I_65052_96608_left_x,non-mated,primary_impostor,cross,65052,96608,left,left,B,B,1,B,0.361,internvl3,zero_shot,2026-08-23T14:07:13
I_43210_57833_right_x,non-mated,primary_impostor,cross,43210,57833,right,right,B,B,1,B,0.354,internvl3,zero_shot,2026-08-23T14:07:13
G_93812_left_2587,mated,primary_genuine,same,93812,93812,left,left,A,A,1,A,0.361,internvl3,zero_shot,2026-08-23T14:07:13
G_14493_right_89,mated,primary_genuine,same,14493,14493,right,right,A,B,0,B,0.353,internvl3,zero_shot,2026-08-23T14:07:14
G_99775_right_2920,mated,primary_genuine,cross,99775,99775,right,right,A,A,1,A,0.352,internvl3,zero_shot,2026-08-23T14:07:14
G_87757_left_2372,mated,primary_genuine,cross,87757,87757,left,left,A,B,0,B,0.365,internvl3,zero_shot,2026-08-23T14:07:15
I_44595_58793_left_x,non-mated,primary_impostor,cross,44595,58793,left,left,B,B,1,B,0.355,internvl3,zero_shot,2026-08-23T14:07:15
I_20294_58398_left_s,non-mated,primary_impostor,same,20294,58398,left,left,B,B,1,B,0.377,internvl3,zero_shot,2026-08-23T14:07:15
G_65030_right_1699,mated,primary_genuine,cross,65030,65030,right,right,A,A,1,A,0.348,internvl3,zero_shot,2026-08-23T14:07:16
G_87757_right_2442,mated,primary_genuine,same,87757,87757,right,right,A,A,1,A,0.367,internvl3,zero_shot,2026-08-23T14:07:16
I_93812_96608_left_s,non-mated,primary_impostor,same,93812,96608,left,left,B,A,0,A,0.361,internvl3,zero_shot,2026-08-23T14:07:16
G_69658_left_1873,mated,primary_genuine,cross,69658,69658,left,left,A,B,0,B,0.349,internvl3,zero_shot,2026-08-23T14:07:17
G_76957_left_2114,mated,primary_genuine,cross,76957,76957,left,left,A,B,0,B,0.351,internvl3,zero_shot,2026-08-23T14:07:17
G_65030_right_1705,mated,primary_genuine,cross,65030,65030,right,right,A,A,1,A,0.355,internvl3,zero_shot,2026-08-23T14:07:17
G_96608_left_2741,mated,primary_genuine,cross,96608,96608,left,left,A,A,1,A,0.346,internvl3,zero_shot,2026-08-23T14:07:18
G_20294_left_137,mated,primary_genuine,cross,20294,20294,left,left,A,A,1,A,0.367,internvl3,zero_shot,2026-08-23T14:07:18
I_32467_57145_left_x,non-mated,primary_impostor,cross,32467,57145,left,left,B,B,1,B,0.361,internvl3,zero_shot,2026-08-23T14:07:18
G_65030_left_1671,mated,primary_genuine,same,65030,65030,left,left,A,A,1,A,0.349,internvl3,zero_shot,2026-08-23T14:07:19
G_65052_left_1738,mated,primary_genuine,same,65052,65052,left,left,A,A,1,A,0.359,internvl3,zero_shot,2026-08-23T14:07:19
D_76957_223,non-mated,diagnostic_impostor,same,76957,76957,left,right,B,A,0,A,0.347,internvl3,zero_shot,2026-08-23T14:07:20
G_63029_right_1584,mated,primary_genuine,cross,63029,63029,right,right,A,B,0,B,0.355,internvl3,zero_shot,2026-08-23T14:07:20
I_43210_83742_left_s,non-mated,primary_impostor,same,43210,83742,left,left,B,B,1,B,0.369,internvl3,zero_shot,2026-08-23T14:07:20
G_27295_left_355,mated,primary_genuine,same,27295,27295,left,left,A,A,1,A,0.344,internvl3,zero_shot,2026-08-23T14:07:21
G_83742_left_2224,mated,primary_genuine,same,83742,83742,left,left,A,B,0,B,0.363,internvl3,zero_shot,2026-08-23T14:07:21
I_58398_58793_left_s,non-mated,primary_impostor,same,58398,58793,left,left,B,B,1,B,0.364,internvl3,zero_shot,2026-08-23T14:07:21
I_57145_63029_left_x,non-mated,primary_impostor,cross,57145,63029,left,left,B,B,1,B,0.359,internvl3,zero_shot,2026-08-23T14:07:22
G_57833_right_1237,mated,primary_genuine,cross,57833,57833,right,right,A,A,1,A,0.346,internvl3,zero_shot,2026-08-23T14:07:22
I_57833_96608_left_s,non-mated,primary_impostor,same,57833,96608,left,left,B,B,1,B,0.367,internvl3,zero_shot,2026-08-23T14:07:22
D_99775_293,non-mated,diagnostic_impostor,same,99775,99775,left,right,B,B,1,B,0.341,internvl3,zero_shot,2026-08-23T14:07:23
G_43210_left_600,mated,primary_genuine,cross,43210,43210,left,left,A,A,1,A,0.346,internvl3,zero_shot,2026-08-23T14:07:23
I_44595_74850_left_s,non-mated,primary_impostor,same,44595,74850,left,left,B,A,0,A,0.363,internvl3,zero_shot,2026-08-23T14:07:23
G_56583_right_894,mated,primary_genuine,cross,56583,56583,right,right,A,A,1,A,0.351,internvl3,zero_shot,2026-08-23T14:07:24
I_43210_93812_left_x,non-mated,primary_impostor,cross,43210,93812,left,left,B,B,1,B,0.356,internvl3,zero_shot,2026-08-23T14:07:24
G_87757_right_2434,mated,primary_genuine,same,87757,87757,right,right,A,A,1,A,0.364,internvl3,zero_shot,2026-08-23T14:07:25
G_87757_left_2379,mated,primary_genuine,cross,87757,87757,left,left,A,B,0,B,0.352,internvl3,zero_shot,2026-08-23T14:07:25
I_24101_83742_left_s,non-mated,primary_impostor,same,24101,83742,left,left,B,A,0,A,0.365,internvl3,zero_shot,2026-08-23T14:07:25
D_63029_163,non-mated,diagnostic_impostor,same,63029,63029,left,right,B,B,1,B,0.354,internvl3,zero_shot,2026-08-23T14:07:26
I_27295_76957_left_s,non-mated,primary_impostor,same,27295,76957,left,left,B,A,0,A,0.356,internvl3,zero_shot,2026-08-23T14:07:26
D_58793_153,non-mated,diagnostic_impostor,cross,58793,58793,left,right,B,A,0,A,0.353,internvl3,zero_shot,2026-08-23T14:07:26
G_93812_left_2637,mated,primary_genuine,same,93812,93812,left,left,A,A,1,A,0.354,internvl3,zero_shot,2026-08-23T14:07:27
D_65052_180,non-mated,diagnostic_impostor,same,65052,65052,left,right,B,A,0,A,0.357,internvl3,zero_shot,2026-08-23T14:07:27
I_24101_56583_left_s,non-mated,primary_impostor,same,24101,56583,left,left,B,B,1,B,0.364,internvl3,zero_shot,2026-08-23T14:07:27
G_24101_left_292,mated,primary_genuine,cross,24101,24101,left,left,A,B,0,B,0.355,internvl3,zero_shot,2026-08-23T14:07:28
I_58793_93812_right_x,non-mated,primary_impostor,cross,58793,93812,right,right,B,A,0,A,0.356,internvl3,zero_shot,2026-08-23T14:07:28
I_57145_76957_left_x,non-mated,primary_impostor,cross,57145,76957,left,left,B,A,0,A,0.356,internvl3,zero_shot,2026-08-23T14:07:28
I_65052_83742_right_s,non-mated,primary_impostor,same,65052,83742,right,right,B,A,0,A,0.363,internvl3,zero_shot,2026-08-23T14:07:29
D_20294_18,non-mated,diagnostic_impostor,cross,20294,20294,left,right,B,B,1,B,0.348,internvl3,zero_shot,2026-08-23T14:07:29
D_58793_150,non-mated,diagnostic_impostor,cross,58793,58793,left,right,B,B,1,B,0.355,internvl3,zero_shot,2026-08-23T14:07:29
G_63029_left_1517,mated,primary_genuine,cross,63029,63029,left,left,A,A,1,A,0.359,internvl3,zero_shot,2026-08-23T14:07:30
I_65030_87757_left_x,non-mated,primary_impostor,cross,65030,87757,left,left,B,B,1,B,0.355,internvl3,zero_shot,2026-08-23T14:07:30
I_20294_57833_left_x,non-mated,primary_impostor,cross,20294,57833,left,left,B,B,1,B,0.367,internvl3,zero_shot,2026-08-23T14:07:31
I_65030_74850_right_x,non-mated,primary_impostor,cross,65030,74850,right,right,B,B,1,B,0.354,internvl3,zero_shot,2026-08-23T14:07:31
D_57145_108,non-mated,diagnostic_impostor,same,57145,57145,left,right,B,B,1,B,0.368,internvl3,zero_shot,2026-08-23T14:07:31
G_65030_left_1676,mated,primary_genuine,same,65030,65030,left,left,A,A,1,A,0.34,internvl3,zero_shot,2026-08-23T14:07:32
D_93812_269,non-mated,diagnostic_impostor,same,93812,93812,left,right,B,B,1,B,0.347,internvl3,zero_shot,2026-08-23T14:07:32
I_74850_83742_right_x,non-mated,primary_impostor,cross,74850,83742,right,right,B,B,1,B,0.357,internvl3,zero_shot,2026-08-23T14:07:32
G_93812_left_2625,mated,primary_genuine,cross,93812,93812,left,left,A,B,0,B,0.347,internvl3,zero_shot,2026-08-23T14:07:33
I_20294_56583_left_x,non-mated,primary_impostor,cross,20294,56583,left,left,B,B,1,B,0.361,internvl3,zero_shot,2026-08-23T14:07:33
I_87757_89171_left_s,non-mated,primary_impostor,same,87757,89171,left,left,B,B,1,B,0.369,internvl3,zero_shot,2026-08-23T14:07:33
D_56583_104,non-mated,diagnostic_impostor,same,56583,56583,left,right,B,B,1,B,0.344,internvl3,zero_shot,2026-08-23T14:07:34
I_44595_76957_left_s,non-mated,primary_impostor,same,44595,76957,left,left,B,A,0,A,0.362,internvl3,zero_shot,2026-08-23T14:07:34
I_63029_93812_right_s,non-mated,primary_impostor,same,63029,93812,right,right,B,B,1,B,0.354,internvl3,zero_shot,2026-08-23T14:07:34
I_47904_63029_right_s,non-mated,primary_impostor,same,47904,63029,right,right,B,B,1,B,0.361,internvl3,zero_shot,2026-08-23T14:07:35
I_56583_87757_left_x,non-mated,primary_impostor,cross,56583,87757,left,left,B,B,1,B,0.355,internvl3,zero_shot,2026-08-23T14:07:35
G_76957_right_2173,mated,primary_genuine,cross,76957,76957,right,right,A,A,1,A,0.343,internvl3,zero_shot,2026-08-23T14:07:36
G_87757_right_2424,mated,primary_genuine,same,87757,87757,right,right,A,B,0,B,0.362,internvl3,zero_shot,2026-08-23T14:07:36
D_65052_187,non-mated,diagnostic_impostor,same,65052,65052,left,right,B,A,0,A,0.36,internvl3,zero_shot,2026-08-23T14:07:36
D_47904_94,non-mated,diagnostic_impostor,cross,47904,47904,left,right,B,A,0,A,0.358,internvl3,zero_shot,2026-08-23T14:07:37
D_87757_248,non-mated,diagnostic_impostor,same,87757,87757,left,right,B,B,1,B,0.345,internvl3,zero_shot,2026-08-23T14:07:37
I_27295_44595_left_x,non-mated,primary_impostor,cross,27295,44595,left,left,B,B,1,B,0.352,internvl3,zero_shot,2026-08-23T14:07:37
I_58398_76957_right_s,non-mated,primary_impostor,same,58398,76957,right,right,B,A,0,A,0.362,internvl3,zero_shot,2026-08-23T14:07:38
G_99775_left_2887,mated,primary_genuine,same,99775,99775,left,left,A,A,1,A,0.342,internvl3,zero_shot,2026-08-23T14:07:38
D_27295_47,non-mated,diagnostic_impostor,same,27295,27295,left,right,B,A,0,A,0.36,internvl3,zero_shot,2026-08-23T14:07:38
I_74850_87757_left_s,non-mated,primary_impostor,same,74850,87757,left,left,B,A,0,A,0.367,internvl3,zero_shot,2026-08-23T14:07:39
G_24101_left_297,mated,primary_genuine,same,24101,24101,left,left,A,A,1,A,0.341,internvl3,zero_shot,2026-08-23T14:07:39
D_65052_185,non-mated,diagnostic_impostor,cross,65052,65052,left,right,B,B,1,B,0.352,internvl3,zero_shot,2026-08-23T14:07:39
D_69658_198,non-mated,diagnostic_impostor,cross,69658,69658,left,right,B,B,1,B,0.353,internvl3,zero_shot,2026-08-23T14:07:40
D_63029_162,non-mated,diagnostic_impostor,cross,63029,63029,left,right,B,B,1,B,0.364,internvl3,zero_shot,2026-08-23T14:07:40
D_27295_46,non-mated,diagnostic_impostor,cross,27295,27295,left,right,B,A,0,A,0.346,internvl3,zero_shot,2026-08-23T14:07:41
I_56583_58793_right_x,non-mated,primary_impostor,cross,56583,58793,right,right,B,A,0,A,0.357,internvl3,zero_shot,2026-08-23T14:07:41
D_63029_159,non-mated,diagnostic_impostor,cross,63029,63029,left,right,B,B,1,B,0.36,internvl3,zero_shot,2026-08-23T14:07:41
G_69658_left_1887,mated,primary_genuine,cross,69658,69658,left,left,A,B,0,B,0.344,internvl3,zero_shot,2026-08-23T14:07:42
I_76957_89171_right_x,non-mated,primary_impostor,cross,76957,89171,right,right,B,A,0,A,0.358,internvl3,zero_shot,2026-08-23T14:07:42
G_83742_left_2214,mated,primary_genuine,same,83742,83742,left,left,A,A,1,A,0.372,internvl3,zero_shot,2026-08-23T14:07:42
D_89171_257,non-mated,diagnostic_impostor,same,89171,89171,left,right,B,A,0,A,0.356,internvl3,zero_shot,2026-08-23T14:07:43
I_83742_87757_right_s,non-mated,primary_impostor,same,83742,87757,right,right,B,A,0,A,0.369,internvl3,zero_shot,2026-08-23T14:07:43
D_57833_126,non-mated,diagnostic_impostor,cross,57833,57833,left,right,B,B,1,B,0.342,internvl3,zero_shot,2026-08-23T14:07:43
I_27295_89171_left_x,non-mated,primary_impostor,cross,27295,89171,left,left,B,B,1,B,0.361,internvl3,zero_shot,2026-08-23T14:07:44
I_47904_57145_right_x,non-mated,primary_impostor,cross,47904,57145,right,right,B,B,1,B,0.359,internvl3,zero_shot,2026-08-23T14:07:44
G_27295_right_373,mated,primary_genuine,same,27295,27295,right,right,A,A,1,A,0.371,internvl3,zero_shot,2026-08-23T14:07:44
D_57145_118,non-mated,diagnostic_impostor,same,57145,57145,left,right,B,A,0,A,0.352,internvl3,zero_shot,2026-08-23T14:07:45
G_47904_right_828,mated,primary_genuine,cross,47904,47904,right,right,A,A,1,A,0.357,internvl3,zero_shot,2026-08-23T14:07:45
I_57833_76957_left_x,non-mated,primary_impostor,cross,57833,76957,left,left,B,B,1,B,0.36,internvl3,zero_shot,2026-08-23T14:07:46
I_57833_69658_left_s,non-mated,primary_impostor,same,57833,69658,left,left,B,B,1,B,0.367,internvl3,zero_shot,2026-08-23T14:07:46
G_63029_right_1565,mated,primary_genuine,cross,63029,63029,right,right,A,A,1,A,0.353,internvl3,zero_shot,2026-08-23T14:07:46
G_89171_left_2498,mated,primary_genuine,same,89171,89171,left,left,A,A,1,A,0.363,internvl3,zero_shot,2026-08-23T14:07:47
G_24101_left_295,mated,primary_genuine,same,24101,24101,left,left,A,A,1,A,0.352,internvl3,zero_shot,2026-08-23T14:07:47
G_43210_left_591,mated,primary_genuine,cross,43210,43210,left,left,A,B,0,B,0.347,internvl3,zero_shot,2026-08-23T14:07:47
G_56583_left_856,mated,primary_genuine,cross,56583,56583,left,left,A,B,0,B,0.359,internvl3,zero_shot,2026-08-23T14:07:48
I_32467_56583_left_s,non-mated,primary_impostor,same,32467,56583,left,left,B,A,0,A,0.376,internvl3,zero_shot,2026-08-23T14:07:48
G_93812_left_2630,mated,primary_genuine,cross,93812,93812,left,left,A,B,0,B,0.346,internvl3,zero_shot,2026-08-23T14:07:48
G_58793_right_1464,mated,primary_genuine,same,58793,58793,right,right,A,A,1,A,0.358,internvl3,zero_shot,2026-08-23T14:07:49
I_69658_96608_right_s,non-mated,primary_impostor,same,69658,96608,right,right,B,B,1,B,0.369,internvl3,zero_shot,2026-08-23T14:07:49
G_47904_left_819,mated,primary_genuine,same,47904,47904,left,left,A,A,1,A,0.358,internvl3,zero_shot,2026-08-23T14:07:49
I_65030_93812_right_x,non-mated,primary_impostor,cross,65030,93812,right,right,B,B,1,B,0.36,internvl3,zero_shot,2026-08-23T14:07:50
G_93812_right_2682,mated,primary_genuine,cross,93812,93812,right,right,A,A,1,A,0.358,internvl3,zero_shot,2026-08-23T14:07:50
G_58398_left_1300,mated,primary_genuine,same,58398,58398,left,left,A,A,1,A,0.356,internvl3,zero_shot,2026-08-23T14:07:51
G_93812_right_2669,mated,primary_genuine,same,93812,93812,right,right,A,A,1,A,0.353,internvl3,zero_shot,2026-08-23T14:07:51
G_96608_left_2736,mated,primary_genuine,cross,96608,96608,left,left,A,B,0,B,0.351,internvl3,zero_shot,2026-08-23T14:07:51
G_20294_left_148,mated,primary_genuine,cross,20294,20294,left,left,A,B,0,B,0.361,internvl3,zero_shot,2026-08-23T14:07:52
I_43210_63029_right_x,non-mated,primary_impostor,cross,43210,63029,right,right,B,B,1,B,0.365,internvl3,zero_shot,2026-08-23T14:07:52
G_65052_left_1761,mated,primary_genuine,cross,65052,65052,left,left,A,B,0,B,0.356,internvl3,zero_shot,2026-08-23T14:07:52
G_58398_left_1270,mated,primary_genuine,same,58398,58398,left,left,A,B,0,B,0.373,internvl3,zero_shot,2026-08-23T14:07:53
G_57145_left_982,mated,primary_genuine,same,57145,57145,left,left,A,A,1,A,0.352,internvl3,zero_shot,2026-08-23T14:07:53
D_74850_208,non-mated,diagnostic_impostor,cross,74850,74850,left,right,B,A,0,A,0.353,internvl3,zero_shot,2026-08-23T14:07:53
I_65052_69658_right_x,non-mated,primary_impostor,cross,65052,69658,right,right,B,B,1,B,0.353,internvl3,zero_shot,2026-08-23T14:07:54
I_27295_43210_left_x,non-mated,primary_impostor,cross,27295,43210,left,left,B,A,0,A,0.361,internvl3,zero_shot,2026-08-23T14:07:54
D_24101_34,non-mated,diagnostic_impostor,same,24101,24101,left,right,B,A,0,A,0.367,internvl3,zero_shot,2026-08-23T14:07:55
G_57833_left_1142,mated,primary_genuine,cross,57833,57833,left,left,A,B,0,B,0.352,internvl3,zero_shot,2026-08-23T14:07:55
G_83742_right_2344,mated,primary_genuine,same,83742,83742,right,right,A,A,1,A,0.353,internvl3,zero_shot,2026-08-23T14:07:55
I_47904_96608_right_x,non-mated,primary_impostor,cross,47904,96608,right,right,B,B,1,B,0.354,internvl3,zero_shot,2026-08-23T14:07:56
D_69658_200,non-mated,diagnostic_impostor,same,69658,69658,left,right,B,A,0,A,0.358,internvl3,zero_shot,2026-08-23T14:07:56
G_56583_left_846,mated,primary_genuine,same,56583,56583,left,left,A,A,1,A,0.359,internvl3,zero_shot,2026-08-23T14:07:56
I_57833_83742_right_x,non-mated,primary_impostor,cross,57833,83742,right,right,B,B,1,B,0.353,internvl3,zero_shot,2026-08-23T14:07:57
G_43210_right_637,mated,primary_genuine,same,43210,43210,right,right,A,A,1,A,0.37,internvl3,zero_shot,2026-08-23T14:07:57
I_43210_69658_right_x,non-mated,primary_impostor,cross,43210,69658,right,right,B,B,1,B,0.352,internvl3,zero_shot,2026-08-23T14:07:57
I_14493_58793_right_x,non-mated,primary_impostor,cross,14493,58793,right,right,B,B,1,B,0.364,internvl3,zero_shot,2026-08-23T14:07:58
I_44595_57833_right_x,non-mated,primary_impostor,cross,44595,57833,right,right,B,B,1,B,0.355,internvl3,zero_shot,2026-08-23T14:07:58
G_24101_left_289,mated,primary_genuine,cross,24101,24101,left,left,A,B,0,B,0.36,internvl3,zero_shot,2026-08-23T14:07:58
I_57145_63029_right_s,non-mated,primary_impostor,same,57145,63029,right,right,B,A,0,A,0.367,internvl3,zero_shot,2026-08-23T14:07:59
I_43210_58398_left_s,non-mated,primary_impostor,same,43210,58398,left,left,B,B,1,B,0.358,internvl3,zero_shot,2026-08-23T14:07:59
D_69658_192,non-mated,diagnostic_impostor,cross,69658,69658,left,right,B,B,1,B,0.357,internvl3,zero_shot,2026-08-23T14:08:00
G_63029_right_1618,mated,primary_genuine,same,63029,63029,right,right,A,B,0,B,0.351,internvl3,zero_shot,2026-08-23T14:08:00
I_57833_76957_right_x,non-mated,primary_impostor,cross,57833,76957,right,right,B,B,1,B,0.355,internvl3,zero_shot,2026-08-23T14:08:00
I_58398_58793_left_x,non-mated,primary_impostor,cross,58398,58793,left,left,B,B,1,B,0.354,internvl3,zero_shot,2026-08-23T14:08:01
D_93812_275,non-mated,diagnostic_impostor,same,93812,93812,left,right,B,A,0,A,0.345,internvl3,zero_shot,2026-08-23T14:08:01
I_20294_65030_right_x,non-mated,primary_impostor,cross,20294,65030,right,right,B,A,0,A,0.355,internvl3,zero_shot,2026-08-23T14:08:01
I_57833_83742_left_s,non-mated,primary_impostor,same,57833,83742,left,left,B,B,1,B,0.365,internvl3,zero_shot,2026-08-23T14:08:02
G_32467_right_512,mated,primary_genuine,cross,32467,32467,right,right,A,B,0,B,0.345,internvl3,zero_shot,2026-08-23T14:08:02
G_93812_right_2673,mated,primary_genuine,cross,93812,93812,right,right,A,A,1,A,0.355,internvl3,zero_shot,2026-08-23T14:08:02
I_56583_69658_right_s,non-mated,primary_impostor,same,56583,69658,right,right,B,A,0,A,0.363,internvl3,zero_shot,2026-08-23T14:08:03
I_20294_69658_left_x,non-mated,primary_impostor,cross,20294,69658,left,left,B,B,1,B,0.356,internvl3,zero_shot,2026-08-23T14:08:03
G_27295_left_338,mated,primary_genuine,cross,27295,27295,left,left,A,A,1,A,0.36,internvl3,zero_shot,2026-08-23T14:08:03
I_58793_87757_left_s,non-mated,primary_impostor,same,58793,87757,left,left,B,A,0,A,0.366,internvl3,zero_shot,2026-08-23T14:08:04
D_99775_298,non-mated,diagnostic_impostor,same,99775,99775,left,right,B,A,0,A,0.35,internvl3,zero_shot,2026-08-23T14:08:04
I_57833_93812_right_x,non-mated,primary_impostor,cross,57833,93812,right,right,B,B,1,B,0.355,internvl3,zero_shot,2026-08-23T14:08:04
I_58398_76957_left_s,non-mated,primary_impostor,same,58398,76957,left,left,B,A,0,A,0.366,internvl3,zero_shot,2026-08-23T14:08:05
D_58398_136,non-mated,diagnostic_impostor,cross,58398,58398,left,right,B,A,0,A,0.354,internvl3,zero_shot,2026-08-23T14:08:05
I_47904_57833_left_x,non-mated,primary_impostor,cross,47904,57833,left,left,B,B,1,B,0.355,internvl3,zero_shot,2026-08-23T14:08:06
G_65052_right_1818,mated,primary_genuine,cross,65052,65052,right,right,A,A,1,A,0.361,internvl3,zero_shot,2026-08-23T14:08:06
I_27295_83742_left_s,non-mated,primary_impostor,same,27295,83742,left,left,B,A,0,A,0.369,internvl3,zero_shot,2026-08-23T14:08:06
G_57833_left_1173,mated,primary_genuine,cross,57833,57833,left,left,A,B,0,B,0.341,internvl3,zero_shot,2026-08-23T14:08:07
G_89171_left_2526,mated,primary_genuine,same,89171,89171,left,left,A,A,1,A,0.351,internvl3,zero_shot,2026-08-23T14:08:07
G_76957_left_2116,mated,primary_genuine,cross,76957,76957,left,left,A,B,0,B,0.343,internvl3,zero_shot,2026-08-23T14:08:07
I_56583_93812_left_x,non-mated,primary_impostor,cross,56583,93812,left,left,B,B,1,B,0.357,internvl3,zero_shot,2026-08-23T14:08:08
I_83742_93812_left_x,non-mated,primary_impostor,cross,83742,93812,left,left,B,B,1,B,0.361,internvl3,zero_shot,2026-08-23T14:08:08
I_14493_47904_right_s,non-mated,primary_impostor,same,14493,47904,right,right,B,A,0,A,0.366,internvl3,zero_shot,2026-08-23T14:08:08
G_58793_left_1380,mated,primary_genuine,same,58793,58793,left,left,A,A,1,A,0.348,internvl3,zero_shot,2026-08-23T14:08:09
I_24101_27295_right_s,non-mated,primary_impostor,same,24101,27295,right,right,B,A,0,A,0.359,internvl3,zero_shot,2026-08-23T14:08:09
I_57145_57833_right_x,non-mated,primary_impostor,cross,57145,57833,right,right,B,B,1,B,0.35,internvl3,zero_shot,2026-08-23T14:08:09
G_87757_right_2470,mated,primary_genuine,same,87757,87757,right,right,A,A,1,A,0.349,internvl3,zero_shot,2026-08-23T14:08:10
G_65030_right_1718,mated,primary_genuine,same,65030,65030,right,right,A,A,1,A,0.349,internvl3,zero_shot,2026-08-23T14:08:10
I_69658_87757_right_s,non-mated,primary_impostor,same,69658,87757,right,right,B,B,1,B,0.365,internvl3,zero_shot,2026-08-23T14:08:11
I_65052_87757_left_s,non-mated,primary_impostor,same,65052,87757,left,left,B,A,0,A,0.359,internvl3,zero_shot,2026-08-23T14:08:11
G_93812_left_2641,mated,primary_genuine,same,93812,93812,left,left,A,A,1,A,0.344,internvl3,zero_shot,2026-08-23T14:08:11
G_24101_left_294,mated,primary_genuine,cross,24101,24101,left,left,A,B,0,B,0.356,internvl3,zero_shot,2026-08-23T14:08:12
I_58793_74850_left_x,non-mated,primary_impostor,cross,58793,74850,left,left,B,A,0,A,0.36,internvl3,zero_shot,2026-08-23T14:08:12
I_57833_63029_left_x,non-mated,primary_impostor,cross,57833,63029,left,left,B,B,1,B,0.358,internvl3,zero_shot,2026-08-23T14:08:12
I_20294_69658_right_s,non-mated,primary_impostor,same,20294,69658,right,right,B,A,0,A,0.372,internvl3,zero_shot,2026-08-23T14:08:13
G_47904_left_820,mated,primary_genuine,cross,47904,47904,left,left,A,B,0,B,0.354,internvl3,zero_shot,2026-08-23T14:08:13
G_14493_right_91,mated,primary_genuine,cross,14493,14493,right,right,A,B,0,B,0.356,internvl3,zero_shot,2026-08-23T14:08:13
D_76957_227,non-mated,diagnostic_impostor,same,76957,76957,left,right,B,B,1,B,0.367,internvl3,zero_shot,2026-08-23T14:08:14
I_27295_76957_left_x,non-mated,primary_impostor,cross,27295,76957,left,left,B,B,1,B,0.355,internvl3,zero_shot,2026-08-23T14:08:14
D_63029_164,non-mated,diagnostic_impostor,same,63029,63029,left,right,B,B,1,B,0.348,internvl3,zero_shot,2026-08-23T14:08:14
I_24101_58398_right_x,non-mated,primary_impostor,cross,24101,58398,right,right,B,B,1,B,0.358,internvl3,zero_shot,2026-08-23T14:08:15
G_24101_right_302,mated,primary_genuine,cross,24101,24101,right,right,A,A,1,A,0.355,internvl3,zero_shot,2026-08-23T14:08:15
G_74850_left_2000,mated,primary_genuine,same,74850,74850,left,left,A,A,1,A,0.357,internvl3,zero_shot,2026-08-23T14:08:16
I_69658_99775_right_s,non-mated,primary_impostor,same,69658,99775,right,right,B,B,1,B,0.362,internvl3,zero_shot,2026-08-23T14:08:16
D_65030_176,non-mated,diagnostic_impostor,cross,65030,65030,left,right,B,A,0,A,0.352,internvl3,zero_shot,2026-08-23T14:08:16
G_58793_right_1475,mated,primary_genuine,same,58793,58793,right,right,A,A,1,A,0.352,internvl3,zero_shot,2026-08-23T14:08:17
G_14493_left_59,mated,primary_genuine,same,14493,14493,left,left,A,B,0,B,0.349,internvl3,zero_shot,2026-08-23T14:08:17
I_27295_89171_right_s,non-mated,primary_impostor,same,27295,89171,right,right,B,A,0,A,0.371,internvl3,zero_shot,2026-08-23T14:08:17
I_44595_65052_left_s,non-mated,primary_impostor,same,44595,65052,left,left,B,A,0,A,0.357,internvl3,zero_shot,2026-08-23T14:08:18
I_58398_63029_left_x,non-mated,primary_impostor,cross,58398,63029,left,left,B,B,1,B,0.352,internvl3,zero_shot,2026-08-23T14:08:18
I_43210_99775_right_x,non-mated,primary_impostor,cross,43210,99775,right,right,B,A,0,A,0.356,internvl3,zero_shot,2026-08-23T14:08:18
D_69658_197,non-mated,diagnostic_impostor,same,69658,69658,left,right,B,B,1,B,0.347,internvl3,zero_shot,2026-08-23T14:08:19
I_76957_99775_right_x,non-mated,primary_impostor,cross,76957,99775,right,right,B,A,0,A,0.354,internvl3,zero_shot,2026-08-23T14:08:19
D_96608_283,non-mated,diagnostic_impostor,same,96608,96608,left,right,B,A,0,A,0.367,internvl3,zero_shot,2026-08-23T14:08:19
G_87757_right_2451,mated,primary_genuine,cross,87757,87757,right,right,A,B,0,B,0.357,internvl3,zero_shot,2026-08-23T14:08:20
I_20294_63029_right_x,non-mated,primary_impostor,cross,20294,63029,right,right,B,B,1,B,0.362,internvl3,zero_shot,2026-08-23T14:08:20
D_74850_207,non-mated,diagnostic_impostor,same,74850,74850,left,right,B,B,1,B,0.378,internvl3,zero_shot,2026-08-23T14:08:21
I_47904_69658_left_s,non-mated,primary_impostor,same,47904,69658,left,left,B,B,1,B,0.357,internvl3,zero_shot,2026-08-23T14:08:21
I_32467_89171_right_x,non-mated,primary_impostor,cross,32467,89171,right,right,B,B,1,B,0.355,internvl3,zero_shot,2026-08-23T14:08:21
G_65030_right_1703,mated,primary_genuine,cross,65030,65030,right,right,A,A,1,A,0.353,internvl3,zero_shot,2026-08-23T14:08:22
G_83742_left_2230,mated,primary_genuine,cross,83742,83742,left,left,A,B,0,B,0.354,internvl3,zero_shot,2026-08-23T14:08:22
I_20294_76957_right_x,non-mated,primary_impostor,cross,20294,76957,right,right,B,B,1,B,0.363,internvl3,zero_shot,2026-08-23T14:08:22
G_57833_right_1225,mated,primary_genuine,cross,57833,57833,right,right,A,B,0,B,0.359,internvl3,zero_shot,2026-08-23T14:08:23
D_24101_24,non-mated,diagnostic_impostor,same,24101,24101,left,right,B,B,1,B,0.365,internvl3,zero_shot,2026-08-23T14:08:23
D_58398_141,non-mated,diagnostic_impostor,cross,58398,58398,left,right,B,B,1,B,0.361,internvl3,zero_shot,2026-08-23T14:08:23
G_32467_left_466,mated,primary_genuine,cross,32467,32467,left,left,A,B,0,B,0.34,internvl3,zero_shot,2026-08-23T14:08:24
I_47904_57145_left_x,non-mated,primary_impostor,cross,47904,57145,left,left,B,B,1,B,0.365,internvl3,zero_shot,2026-08-23T14:08:24
G_83742_right_2331,mated,primary_genuine,same,83742,83742,right,right,A,A,1,A,0.36,internvl3,zero_shot,2026-08-23T14:08:24
G_96608_right_2786,mated,primary_genuine,same,96608,96608,right,right,A,B,0,B,0.359,internvl3,zero_shot,2026-08-23T14:08:25
G_57145_right_1101,mated,primary_genuine,same,57145,57145,right,right,A,A,1,A,0.353,internvl3,zero_shot,2026-08-23T14:08:25
I_32467_56583_right_s,non-mated,primary_impostor,same,32467,56583,right,right,B,A,0,A,0.364,internvl3,zero_shot,2026-08-23T14:08:26
G_69658_right_1907,mated,primary_genuine,cross,69658,69658,right,right,A,B,0,B,0.35,internvl3,zero_shot,2026-08-23T14:08:26
I_20294_57145_left_s,non-mated,primary_impostor,same,20294,57145,left,left,B,A,0,A,0.372,internvl3,zero_shot,2026-08-23T14:08:26
I_58398_99775_left_x,non-mated,primary_impostor,cross,58398,99775,left,left,B,B,1,B,0.346,internvl3,zero_shot,2026-08-23T14:08:27
D_65052_190,non-mated,diagnostic_impostor,same,65052,65052,left,right,B,B,1,B,0.354,internvl3,zero_shot,2026-08-23T14:08:27
G_63029_left_1488,mated,primary_genuine,cross,63029,63029,left,left,A,A,1,A,0.356,internvl3,zero_shot,2026-08-23T14:08:27
D_43210_70,non-mated,diagnostic_impostor,same,43210,43210,left,right,B,B,1,B,0.357,internvl3,zero_shot,2026-08-23T14:08:28
I_58398_96608_left_x,non-mated,primary_impostor,cross,58398,96608,left,left,B,B,1,B,0.36,internvl3,zero_shot,2026-08-23T14:08:28
I_57145_96608_left_x,non-mated,primary_impostor,cross,57145,96608,left,left,B,B,1,B,0.367,internvl3,zero_shot,2026-08-23T14:08:28
I_65030_93812_left_x,non-mated,primary_impostor,cross,65030,93812,left,left,B,B,1,B,0.358,internvl3,zero_shot,2026-08-23T14:08:29
I_32467_44595_left_s,non-mated,primary_impostor,same,32467,44595,left,left,B,B,1,B,0.382,internvl3,zero_shot,2026-08-23T14:08:29
G_32467_right_545,mated,primary_genuine,same,32467,32467,right,right,A,B,0,B,0.353,internvl3,zero_shot,2026-08-23T14:08:30
G_63029_left_1542,mated,primary_genuine,same,63029,63029,left,left,A,A,1,A,0.36,internvl3,zero_shot,2026-08-23T14:08:30
D_24101_33,non-mated,diagnostic_impostor,cross,24101,24101,left,right,B,B,1,B,0.353,internvl3,zero_shot,2026-08-23T14:08:30
G_99775_right_2928,mated,primary_genuine,cross,99775,99775,right,right,A,A,1,A,0.355,internvl3,zero_shot,2026-08-23T14:08:31
I_20294_87757_left_x,non-mated,primary_impostor,cross,20294,87757,left,left,B,B,1,B,0.366,internvl3,zero_shot,2026-08-23T14:08:31
G_58793_left_1383,mated,primary_genuine,cross,58793,58793,left,left,A,B,0,B,0.353,internvl3,zero_shot,2026-08-23T14:08:31
G_43210_left_550,mated,primary_genuine,same,43210,43210,left,left,A,A,1,A,0.362,internvl3,zero_shot,2026-08-23T14:08:32
D_57145_117,non-mated,diagnostic_impostor,cross,57145,57145,left,right,B,B,1,B,0.353,internvl3,zero_shot,2026-08-23T14:08:32
I_27295_76957_right_x,non-mated,primary_impostor,cross,27295,76957,right,right,B,B,1,B,0.356,internvl3,zero_shot,2026-08-23T14:08:32
G_57833_left_1192,mated,primary_genuine,same,57833,57833,left,left,A,A,1,A,0.353,internvl3,zero_shot,2026-08-23T14:08:33
G_93812_right_2656,mated,primary_genuine,cross,93812,93812,right,right,A,A,1,A,0.363,internvl3,zero_shot,2026-08-23T14:08:33
I_43210_56583_left_s,non-mated,primary_impostor,same,43210,56583,left,left,B,A,0,A,0.362,internvl3,zero_shot,2026-08-23T14:08:33
D_93812_268,non-mated,diagnostic_impostor,cross,93812,93812,left,right,B,B,1,B,0.355,internvl3,zero_shot,2026-08-23T14:08:34
D_58793_154,non-mated,diagnostic_impostor,same,58793,58793,left,right,B,B,1,B,0.353,internvl3,zero_shot,2026-08-23T14:08:34
G_65052_left_1759,mated,primary_genuine,cross,65052,65052,left,left,A,B,0,B,0.35,internvl3,zero_shot,2026-08-23T14:08:35
G_76957_right_2146,mated,primary_genuine,same,76957,76957,right,right,A,B,0,B,0.361,internvl3,zero_shot,2026-08-23T14:08:35
I_24101_43210_right_s,non-mated,primary_impostor,same,24101,43210,right,right,B,A,0,A,0.364,internvl3,zero_shot,2026-08-23T14:08:35
I_20294_27295_right_x,non-mated,primary_impostor,cross,20294,27295,right,right,B,A,0,A,0.363,internvl3,zero_shot,2026-08-23T14:08:36
G_44595_right_788,mated,primary_genuine,cross,44595,44595,right,right,A,B,0,B,0.348,internvl3,zero_shot,2026-08-23T14:08:36
I_57833_93812_right_s,non-mated,primary_impostor,same,57833,93812,right,right,B,B,1,B,0.368,internvl3,zero_shot,2026-08-23T14:08:36
D_47904_84,non-mated,diagnostic_impostor,cross,47904,47904,left,right,B,A,0,A,0.358,internvl3,zero_shot,2026-08-23T14:08:37
G_56583_left_852,mated,primary_genuine,cross,56583,56583,left,left,A,B,0,B,0.359,internvl3,zero_shot,2026-08-23T14:08:37
I_58793_65052_right_s,non-mated,primary_impostor,same,58793,65052,right,right,B,A,0,A,0.365,internvl3,zero_shot,2026-08-23T14:08:37
D_47904_87,non-mated,diagnostic_impostor,same,47904,47904,left,right,B,A,0,A,0.357,internvl3,zero_shot,2026-08-23T14:08:38
D_76957_219,non-mated,diagnostic_impostor,cross,76957,76957,left,right,B,B,1,B,0.358,internvl3,zero_shot,2026-08-23T14:08:38
I_47904_89171_right_x,non-mated,primary_impostor,cross,47904,89171,right,right,B,A,0,A,0.355,internvl3,zero_shot,2026-08-23T14:08:38
I_43210_58398_left_x,non-mated,primary_impostor,cross,43210,58398,left,left,B,B,1,B,0.357,internvl3,zero_shot,2026-08-23T14:08:39
D_56583_107,non-mated,diagnostic_impostor,cross,56583,56583,left,right,B,B,1,B,0.364,internvl3,zero_shot,2026-08-23T14:08:39
G_74850_left_2008,mated,primary_genuine,same,74850,74850,left,left,A,A,1,A,0.361,internvl3,zero_shot,2026-08-23T14:08:40
D_63029_167,non-mated,diagnostic_impostor,same,63029,63029,left,right,B,A,0,A,0.358,internvl3,zero_shot,2026-08-23T14:08:40
D_96608_277,non-mated,diagnostic_impostor,cross,96608,96608,left,right,B,A,0,A,0.36,internvl3,zero_shot,2026-08-23T14:08:40
G_83742_right_2340,mated,primary_genuine,same,83742,83742,right,right,A,A,1,A,0.345,internvl3,zero_shot,2026-08-23T14:08:41
I_56583_63029_left_x,non-mated,primary_impostor,cross,56583,63029,left,left,B,A,0,A,0.357,internvl3,zero_shot,2026-08-23T14:08:41
D_96608_280,non-mated,diagnostic_impostor,cross,96608,96608,left,right,B,A,0,A,0.36,internvl3,zero_shot,2026-08-23T14:08:41
I_65052_76957_left_x,non-mated,primary_impostor,cross,65052,76957,left,left,B,B,1,B,0.35,internvl3,zero_shot,2026-08-23T14:08:42
G_58398_right_1335,mated,primary_genuine,cross,58398,58398,right,right,A,B,0,B,0.354,internvl3,zero_shot,2026-08-23T14:08:42
D_83742_239,non-mated,diagnostic_impostor,cross,83742,83742,left,right,B,B,1,B,0.349,internvl3,zero_shot,2026-08-23T14:08:42
I_63029_83742_left_s,non-mated,primary_impostor,same,63029,83742,left,left,B,A,0,A,0.357,internvl3,zero_shot,2026-08-23T14:08:43
I_47904_56583_right_x,non-mated,primary_impostor,cross,47904,56583,right,right,B,B,1,B,0.345,internvl3,zero_shot,2026-08-23T14:08:43
G_57145_left_976,mated,primary_genuine,cross,57145,57145,left,left,A,B,0,B,0.354,internvl3,zero_shot,2026-08-23T14:08:43
G_76957_left_2132,mated,primary_genuine,same,76957,76957,left,left,A,A,1,A,0.347,internvl3,zero_shot,2026-08-23T14:08:44
D_57145_115,non-mated,diagnostic_impostor,same,57145,57145,left,right,B,B,1,B,0.359,internvl3,zero_shot,2026-08-23T14:08:44
I_43210_76957_left_x,non-mated,primary_impostor,cross,43210,76957,left,left,B,B,1,B,0.348,internvl3,zero_shot,2026-08-23T14:08:45
G_14493_right_109,mated,primary_genuine,cross,14493,14493,right,right,A,A,1,A,0.346,internvl3,zero_shot,2026-08-23T14:08:45
I_69658_74850_left_s,non-mated,primary_impostor,same,69658,74850,left,left,B,B,1,B,0.365,internvl3,zero_shot,2026-08-23T14:08:45
D_20294_16,non-mated,diagnostic_impostor,cross,20294,20294,left,right,B,B,1,B,0.349,internvl3,zero_shot,2026-08-23T14:08:46
I_58793_89171_left_x,non-mated,primary_impostor,cross,58793,89171,left,left,B,A,0,A,0.364,internvl3,zero_shot,2026-08-23T14:08:46
G_99775_left_2873,mated,primary_genuine,cross,99775,99775,left,left,A,B,0,B,0.351,internvl3,zero_shot,2026-08-23T14:08:46
D_58793_155,non-mated,diagnostic_impostor,cross,58793,58793,left,right,B,A,0,A,0.352,internvl3,zero_shot,2026-08-23T14:08:47
I_24101_57833_right_s,non-mated,primary_impostor,same,24101,57833,right,right,B,B,1,B,0.36,internvl3,zero_shot,2026-08-23T14:08:47
D_74850_210,non-mated,diagnostic_impostor,same,74850,74850,left,right,B,B,1,B,0.364,internvl3,zero_shot,2026-08-23T14:08:47
I_47904_65052_right_s,non-mated,primary_impostor,same,47904,65052,right,right,B,A,0,A,0.356,internvl3,zero_shot,2026-08-23T14:08:48
I_65030_89171_right_s,non-mated,primary_impostor,same,65030,89171,right,right,B,A,0,A,0.362,internvl3,zero_shot,2026-08-23T14:08:48
G_56583_right_912,mated,primary_genuine,cross,56583,56583,right,right,A,B,0,B,0.351,internvl3,zero_shot,2026-08-23T14:08:48
I_43210_76957_right_x,non-mated,primary_impostor,cross,43210,76957,right,right,B,A,0,A,0.357,internvl3,zero_shot,2026-08-23T14:08:49
I_47904_74850_right_s,non-mated,primary_impostor,same,47904,74850,right,right,B,B,1,B,0.363,internvl3,zero_shot,2026-08-23T14:08:49
D_47904_95,non-mated,diagnostic_impostor,same,47904,47904,left,right,B,A,0,A,0.357,internvl3,zero_shot,2026-08-23T14:08:50
G_44595_right_766,mated,primary_genuine,cross,44595,44595,right,right,A,B,0,B,0.345,internvl3,zero_shot,2026-08-23T14:08:50
G_43210_right_678,mated,primary_genuine,same,43210,43210,right,right,A,B,0,B,0.346,internvl3,zero_shot,2026-08-23T14:08:50
D_27295_41,non-mated,diagnostic_impostor,cross,27295,27295,left,right,B,B,1,B,0.351,internvl3,zero_shot,2026-08-23T14:08:51
I_58398_89171_left_s,non-mated,primary_impostor,same,58398,89171,left,left,B,A,0,A,0.363,internvl3,zero_shot,2026-08-23T14:08:51
I_24101_83742_left_x,non-mated,primary_impostor,cross,24101,83742,left,left,B,B,1,B,0.348,internvl3,zero_shot,2026-08-23T14:08:51
I_57833_65052_right_s,non-mated,primary_impostor,same,57833,65052,right,right,B,B,1,B,0.364,internvl3,zero_shot,2026-08-23T14:08:52
I_58793_63029_left_x,non-mated,primary_impostor,cross,58793,63029,left,left,B,A,0,A,0.353,internvl3,zero_shot,2026-08-23T14:08:52
G_57833_right_1242,mated,primary_genuine,cross,57833,57833,right,right,A,A,1,A,0.346,internvl3,zero_shot,2026-08-23T14:08:52
D_44595_79,non-mated,diagnostic_impostor,same,44595,44595,left,right,B,B,1,B,0.35,internvl3,zero_shot,2026-08-23T14:08:53
G_93812_right_2677,mated,primary_genuine,cross,93812,93812,right,right,A,A,1,A,0.347,internvl3,zero_shot,2026-08-23T14:08:53
I_44595_93812_right_x,non-mated,primary_impostor,cross,44595,93812,right,right,B,B,1,B,0.355,internvl3,zero_shot,2026-08-23T14:08:53
G_93812_right_2681,mated,primary_genuine,cross,93812,93812,right,right,A,A,1,A,0.347,internvl3,zero_shot,2026-08-23T14:08:54
I_57145_76957_right_s,non-mated,primary_impostor,same,57145,76957,right,right,B,A,0,A,0.365,internvl3,zero_shot,2026-08-23T14:08:54
I_43210_89171_right_x,non-mated,primary_impostor,cross,43210,89171,right,right,B,A,0,A,0.353,internvl3,zero_shot,2026-08-23T14:08:54
D_74850_211,non-mated,diagnostic_impostor,same,74850,74850,left,right,B,B,1,B,0.372,internvl3,zero_shot,2026-08-23T14:08:55
I_14493_65052_right_x,non-mated,primary_impostor,cross,14493,65052,right,right,B,A,0,A,0.359,internvl3,zero_shot,2026-08-23T14:08:55
G_58793_right_1458,mated,primary_genuine,same,58793,58793,right,right,A,A,1,A,0.351,internvl3,zero_shot,2026-08-23T14:08:56
G_93812_right_2688,mated,primary_genuine,same,93812,93812,right,right,A,A,1,A,0.352,internvl3,zero_shot,2026-08-23T14:08:56
G_56583_right_907,mated,primary_genuine,cross,56583,56583,right,right,A,B,0,B,0.358,internvl3,zero_shot,2026-08-23T14:08:56
I_57145_57833_left_s,non-mated,primary_impostor,same,57145,57833,left,left,B,A,0,A,0.366,internvl3,zero_shot,2026-08-23T14:08:57
G_65052_right_1852,mated,primary_genuine,same,65052,65052,right,right,A,A,1,A,0.351,internvl3,zero_shot,2026-08-23T14:08:57
I_57145_69658_left_x,non-mated,primary_impostor,cross,57145,69658,left,left,B,B,1,B,0.363,internvl3,zero_shot,2026-08-23T14:08:57
G_65030_right_1694,mated,primary_genuine,cross,65030,65030,right,right,A,A,1,A,0.361,internvl3,zero_shot,2026-08-23T14:08:58
D_93812_265,non-mated,diagnostic_impostor,same,93812,93812,left,right,B,A,0,A,0.366,internvl3,zero_shot,2026-08-23T14:08:58
I_43210_65030_left_x,non-mated,primary_impostor,cross,43210,65030,left,left,B,A,0,A,0.352,internvl3,zero_shot,2026-08-23T14:08:58
I_44595_89171_left_s,non-mated,primary_impostor,same,44595,89171,left,left,B,A,0,A,0.366,internvl3,zero_shot,2026-08-23T14:08:59
I_87757_93812_right_s,non-mated,primary_impostor,same,87757,93812,right,right,B,B,1,B,0.363,internvl3,zero_shot,2026-08-23T14:08:59
I_44595_99775_right_x,non-mated,primary_impostor,cross,44595,99775,right,right,B,A,0,A,0.352,internvl3,zero_shot,2026-08-23T14:08:59
G_87757_left_2398,mated,primary_genuine,same,87757,87757,left,left,A,A,1,A,0.361,internvl3,zero_shot,2026-08-23T14:09:00
I_43210_44595_right_s,non-mated,primary_impostor,same,43210,44595,right,right,B,A,0,A,0.367,internvl3,zero_shot,2026-08-23T14:09:00
G_57833_right_1256,mated,primary_genuine,same,57833,57833,right,right,A,B,0,B,0.343,internvl3,zero_shot,2026-08-23T14:09:01
I_43210_89171_left_s,non-mated,primary_impostor,same,43210,89171,left,left,B,A,0,A,0.362,internvl3,zero_shot,2026-08-23T14:09:01
G_69658_left_1884,mated,primary_genuine,cross,69658,69658,left,left,A,B,0,B,0.341,internvl3,zero_shot,2026-08-23T14:09:01
G_57833_left_1134,mated,primary_genuine,cross,57833,57833,left,left,A,B,0,B,0.355,internvl3,zero_shot,2026-08-23T14:09:02
G_44595_left_695,mated,primary_genuine,same,44595,44595,left,left,A,B,0,B,0.357,internvl3,zero_shot,2026-08-23T14:09:02
D_44595_75,non-mated,diagnostic_impostor,cross,44595,44595,left,right,B,B,1,B,0.345,internvl3,zero_shot,2026-08-23T14:09:02
D_58793_149,non-mated,diagnostic_impostor,same,58793,58793,left,right,B,A,0,A,0.351,internvl3,zero_shot,2026-08-23T14:09:03
G_65052_left_1726,mated,primary_genuine,same,65052,65052,left,left,A,A,1,A,0.364,internvl3,zero_shot,2026-08-23T14:09:03
I_57145_69658_right_x,non-mated,primary_impostor,cross,57145,69658,right,right,B,B,1,B,0.35,internvl3,zero_shot,2026-08-23T14:09:03
G_20294_right_261,mated,primary_genuine,cross,20294,20294,right,right,A,B,0,B,0.351,internvl3,zero_shot,2026-08-23T14:09:04
I_65030_87757_right_s,non-mated,primary_impostor,same,65030,87757,right,right,B,A,0,A,0.366,internvl3,zero_shot,2026-08-23T14:09:04
I_24101_57833_right_x,non-mated,primary_impostor,cross,24101,57833,right,right,B,B,1,B,0.351,internvl3,zero_shot,2026-08-23T14:09:04
G_44595_left_739,mated,primary_genuine,same,44595,44595,left,left,A,A,1,A,0.367,internvl3,zero_shot,2026-08-23T14:09:05
I_63029_99775_right_x,non-mated,primary_impostor,cross,63029,99775,right,right,B,A,0,A,0.37,internvl3,zero_shot,2026-08-23T14:09:05
G_24101_right_305,mated,primary_genuine,same,24101,24101,right,right,A,A,1,A,0.351,internvl3,zero_shot,2026-08-23T14:09:06
G_65052_left_1758,mated,primary_genuine,cross,65052,65052,left,left,A,A,1,A,0.355,internvl3,zero_shot,2026-08-23T14:09:06
I_56583_83742_left_s,non-mated,primary_impostor,same,56583,83742,left,left,B,A,0,A,0.371,internvl3,zero_shot,2026-08-23T14:09:06
D_58398_139,non-mated,diagnostic_impostor,cross,58398,58398,left,right,B,B,1,B,0.35,internvl3,zero_shot,2026-08-23T14:09:07
G_32467_right_538,mated,primary_genuine,same,32467,32467,right,right,A,B,0,B,0.359,internvl3,zero_shot,2026-08-23T14:09:07
D_47904_91,non-mated,diagnostic_impostor,same,47904,47904,left,right,B,B,1,B,0.36,internvl3,zero_shot,2026-08-23T14:09:07
G_47904_left_822,mated,primary_genuine,cross,47904,47904,left,left,A,A,1,A,0.351,internvl3,zero_shot,2026-08-23T14:09:08
G_87757_left_2365,mated,primary_genuine,cross,87757,87757,left,left,A,B,0,B,0.36,internvl3,zero_shot,2026-08-23T14:09:08
I_14493_58398_right_s,non-mated,primary_impostor,same,14493,58398,right,right,B,A,0,A,0.372,internvl3,zero_shot,2026-08-23T14:09:08
I_56583_58398_right_s,non-mated,primary_impostor,same,56583,58398,right,right,B,A,0,A,0.361,internvl3,zero_shot,2026-08-23T14:09:09
I_24101_65030_left_s,non-mated,primary_impostor,same,24101,65030,left,left,B,B,1,B,0.355,internvl3,zero_shot,2026-08-23T14:09:09
G_56583_left_864,mated,primary_genuine,cross,56583,56583,left,left,A,B,0,B,0.343,internvl3,zero_shot,2026-08-23T14:09:09
I_74850_83742_right_s,non-mated,primary_impostor,same,74850,83742,right,right,B,A,0,A,0.366,internvl3,zero_shot,2026-08-23T14:09:10
I_24101_74850_right_s,non-mated,primary_impostor,same,24101,74850,right,right,B,A,0,A,0.362,internvl3,zero_shot,2026-08-23T14:09:10
I_65030_69658_right_s,non-mated,primary_impostor,same,65030,69658,right,right,B,A,0,A,0.357,internvl3,zero_shot,2026-08-23T14:09:11
I_89171_99775_right_s,non-mated,primary_impostor,same,89171,99775,right,right,B,A,0,A,0.363,internvl3,zero_shot,2026-08-23T14:09:11
I_63029_99775_left_x,non-mated,primary_impostor,cross,63029,99775,left,left,B,B,1,B,0.345,internvl3,zero_shot,2026-08-23T14:09:11
I_14493_27295_right_x,non-mated,primary_impostor,cross,14493,27295,right,right,B,A,0,A,0.367,internvl3,zero_shot,2026-08-23T14:09:12
I_24101_87757_left_s,non-mated,primary_impostor,same,24101,87757,left,left,B,A,0,A,0.368,internvl3,zero_shot,2026-08-23T14:09:12
D_20294_19,non-mated,diagnostic_impostor,cross,20294,20294,left,right,B,B,1,B,0.367,internvl3,zero_shot,2026-08-23T14:09:12
I_57833_58793_right_s,non-mated,primary_impostor,same,57833,58793,right,right,B,B,1,B,0.361,internvl3,zero_shot,2026-08-23T14:09:13
I_47904_89171_left_x,non-mated,primary_impostor,cross,47904,89171,left,left,B,B,1,B,0.358,internvl3,zero_shot,2026-08-23T14:09:13
G_32467_left_455,mated,primary_genuine,cross,32467,32467,left,left,A,B,0,B,0.354,internvl3,zero_shot,2026-08-23T14:09:13
G_24101_right_303,mated,primary_genuine,cross,24101,24101,right,right,A,B,0,B,0.351,internvl3,zero_shot,2026-08-23T14:09:14
D_47904_85,non-mated,diagnostic_impostor,same,47904,47904,left,right,B,A,0,A,0.366,internvl3,zero_shot,2026-08-23T14:09:14
G_43210_right_675,mated,primary_genuine,same,43210,43210,right,right,A,B,0,B,0.346,internvl3,zero_shot,2026-08-23T14:09:15
I_24101_58398_right_s,non-mated,primary_impostor,same,24101,58398,right,right,B,A,0,A,0.369,internvl3,zero_shot,2026-08-23T14:09:15
D_83742_233,non-mated,diagnostic_impostor,cross,83742,83742,left,right,B,B,1,B,0.348,internvl3,zero_shot,2026-08-23T14:09:15
G_27295_right_398,mated,primary_genuine,cross,27295,27295,right,right,A,B,0,B,0.344,internvl3,zero_shot,2026-08-23T14:09:16
D_20294_14,non-mated,diagnostic_impostor,cross,20294,20294,left,right,B,B,1,B,0.354,internvl3,zero_shot,2026-08-23T14:09:16
G_58398_right_1349,mated,primary_genuine,cross,58398,58398,right,right,A,B,0,B,0.351,internvl3,zero_shot,2026-08-23T14:09:16
D_44595_81,non-mated,diagnostic_impostor,cross,44595,44595,left,right,B,B,1,B,0.351,internvl3,zero_shot,2026-08-23T14:09:17
I_57833_99775_left_s,non-mated,primary_impostor,same,57833,99775,left,left,B,B,1,B,0.372,internvl3,zero_shot,2026-08-23T14:09:17
G_99775_right_2922,mated,primary_genuine,cross,99775,99775,right,right,A,B,0,B,0.351,internvl3,zero_shot,2026-08-23T14:09:17
D_65030_179,non-mated,diagnostic_impostor,same,65030,65030,left,right,B,A,0,A,0.347,internvl3,zero_shot,2026-08-23T14:09:18
G_47904_right_829,mated,primary_genuine,same,47904,47904,right,right,A,A,1,A,0.358,internvl3,zero_shot,2026-08-23T14:09:18
G_24101_right_306,mated,primary_genuine,same,24101,24101,right,right,A,A,1,A,0.347,internvl3,zero_shot,2026-08-23T14:09:18
I_57833_74850_left_x,non-mated,primary_impostor,cross,57833,74850,left,left,B,B,1,B,0.359,internvl3,zero_shot,2026-08-23T14:09:19
G_76957_right_2153,mated,primary_genuine,same,76957,76957,right,right,A,A,1,A,0.36,internvl3,zero_shot,2026-08-23T14:09:19
G_63029_left_1538,mated,primary_genuine,same,63029,63029,left,left,A,A,1,A,0.348,internvl3,zero_shot,2026-08-23T14:09:19
I_32467_43210_right_x,non-mated,primary_impostor,cross,32467,43210,right,right,B,A,0,A,0.358,internvl3,zero_shot,2026-08-23T14:09:20
I_20294_65052_right_s,non-mated,primary_impostor,same,20294,65052,right,right,B,A,0,A,0.371,internvl3,zero_shot,2026-08-23T14:09:20
I_44595_58793_right_x,non-mated,primary_impostor,cross,44595,58793,right,right,B,A,0,A,0.348,internvl3,zero_shot,2026-08-23T14:09:21
I_56583_74850_right_s,non-mated,primary_impostor,same,56583,74850,right,right,B,A,0,A,0.368,internvl3,zero_shot,2026-08-23T14:09:21
D_43210_62,non-mated,diagnostic_impostor,same,43210,43210,left,right,B,A,0,A,0.365,internvl3,zero_shot,2026-08-23T14:09:21
I_57833_99775_left_x,non-mated,primary_impostor,cross,57833,99775,left,left,B,B,1,B,0.348,internvl3,zero_shot,2026-08-23T14:09:22
G_44595_right_812,mated,primary_genuine,same,44595,44595,right,right,A,A,1,A,0.35,internvl3,zero_shot,2026-08-23T14:09:22
G_32467_left_420,mated,primary_genuine,same,32467,32467,left,left,A,B,0,B,0.372,internvl3,zero_shot,2026-08-23T14:09:22
G_27295_right_377,mated,primary_genuine,cross,27295,27295,right,right,A,A,1,A,0.349,internvl3,zero_shot,2026-08-23T14:09:23
D_76957_216,non-mated,diagnostic_impostor,cross,76957,76957,left,right,B,A,0,A,0.349,internvl3,zero_shot,2026-08-23T14:09:23
D_14493_3,non-mated,diagnostic_impostor,same,14493,14493,left,right,B,B,1,B,0.347,internvl3,zero_shot,2026-08-23T14:09:23
I_24101_58793_left_x,non-mated,primary_impostor,cross,24101,58793,left,left,B,A,0,A,0.353,internvl3,zero_shot,2026-08-23T14:09:24
I_24101_65030_right_s,non-mated,primary_impostor,same,24101,65030,right,right,B,A,0,A,0.371,internvl3,zero_shot,2026-08-23T14:09:24
I_56583_63029_left_s,non-mated,primary_impostor,same,56583,63029,left,left,B,A,0,A,0.358,internvl3,zero_shot,2026-08-23T14:09:24
I_43210_57833_left_s,non-mated,primary_impostor,same,43210,57833,left,left,B,A,0,A,0.359,internvl3,zero_shot,2026-08-23T14:09:25
I_43210_63029_left_s,non-mated,primary_impostor,same,43210,63029,left,left,B,A,0,A,0.356,internvl3,zero_shot,2026-08-23T14:09:25
G_57145_left_960,mated,primary_genuine,same,57145,57145,left,left,A,A,1,A,0.362,internvl3,zero_shot,2026-08-23T14:09:26
G_27295_left_337,mated,primary_genuine,cross,27295,27295,left,left,A,B,0,B,0.365,internvl3,zero_shot,2026-08-23T14:09:26
G_89171_left_2527,mated,primary_genuine,same,89171,89171,left,left,A,A,1,A,0.357,internvl3,zero_shot,2026-08-23T14:09:26
G_27295_left_361,mated,primary_genuine,same,27295,27295,left,left,A,A,1,A,0.347,internvl3,zero_shot,2026-08-23T14:09:27
I_44595_56583_right_s,non-mated,primary_impostor,same,44595,56583,right,right,B,A,0,A,0.37,internvl3,zero_shot,2026-08-23T14:09:27
I_76957_83742_right_x,non-mated,primary_impostor,cross,76957,83742,right,right,B,A,0,A,0.349,internvl3,zero_shot,2026-08-23T14:09:27
D_43210_66,non-mated,diagnostic_impostor,cross,43210,43210,left,right,B,B,1,B,0.344,internvl3,zero_shot,2026-08-23T14:09:28
I_57833_87757_left_x,non-mated,primary_impostor,cross,57833,87757,left,left,B,B,1,B,0.353,internvl3,zero_shot,2026-08-23T14:09:28
I_27295_57833_left_x,non-mated,primary_impostor,cross,27295,57833,left,left,B,B,1,B,0.354,internvl3,zero_shot,2026-08-23T14:09:28
I_56583_76957_right_x,non-mated,primary_impostor,cross,56583,76957,right,right,B,B,1,B,0.355,internvl3,zero_shot,2026-08-23T14:09:29
D_76957_217,non-mated,diagnostic_impostor,same,76957,76957,left,right,B,B,1,B,0.363,internvl3,zero_shot,2026-08-23T14:09:29
G_89171_left_2496,mated,primary_genuine,same,89171,89171,left,left,A,A,1,A,0.375,internvl3,zero_shot,2026-08-23T14:09:29
I_32467_57145_left_s,non-mated,primary_impostor,same,32467,57145,left,left,B,A,0,A,0.366,internvl3,zero_shot,2026-08-23T14:09:30
G_96608_right_2788,mated,primary_genuine,cross,96608,96608,right,right,A,B,0,B,0.353,internvl3,zero_shot,2026-08-23T14:09:30
I_58793_87757_left_x,non-mated,primary_impostor,cross,58793,87757,left,left,B,B,1,B,0.363,internvl3,zero_shot,2026-08-23T14:09:31
G_58398_right_1321,mated,primary_genuine,cross,58398,58398,right,right,A,B,0,B,0.36,internvl3,zero_shot,2026-08-23T14:09:31
I_47904_56583_left_x,non-mated,primary_impostor,cross,47904,56583,left,left,B,B,1,B,0.361,internvl3,zero_shot,2026-08-23T14:09:31
D_65052_188,non-mated,diagnostic_impostor,same,65052,65052,left,right,B,B,1,B,0.357,internvl3,zero_shot,2026-08-23T14:09:32
I_44595_87757_left_x,non-mated,primary_impostor,cross,44595,87757,left,left,B,B,1,B,0.359,internvl3,zero_shot,2026-08-23T14:09:32
D_99775_290,non-mated,diagnostic_impostor,cross,99775,99775,left,right,B,A,0,A,0.366,internvl3,zero_shot,2026-08-23T14:09:32
G_83742_right_2269,mated,primary_genuine,same,83742,83742,right,right,A,A,1,A,0.361,internvl3,zero_shot,2026-08-23T14:09:33
G_32467_right_485,mated,primary_genuine,same,32467,32467,right,right,A,A,1,A,0.362,internvl3,zero_shot,2026-08-23T14:09:33
D_58398_140,non-mated,diagnostic_impostor,same,58398,58398,left,right,B,A,0,A,0.352,internvl3,zero_shot,2026-08-23T14:09:33
I_57145_87757_right_s,non-mated,primary_impostor,same,57145,87757,right,right,B,A,0,A,0.381,internvl3,zero_shot,2026-08-23T14:09:34
D_57833_123,non-mated,diagnostic_impostor,same,57833,57833,left,right,B,B,1,B,0.36,internvl3,zero_shot,2026-08-23T14:09:34
D_83742_229,non-mated,diagnostic_impostor,cross,83742,83742,left,right,B,B,1,B,0.346,internvl3,zero_shot,2026-08-23T14:09:35
D_43210_61,non-mated,diagnostic_impostor,cross,43210,43210,left,right,B,A,0,A,0.363,internvl3,zero_shot,2026-08-23T14:09:35
D_57145_119,non-mated,diagnostic_impostor,same,57145,57145,left,right,B,A,0,A,0.358,internvl3,zero_shot,2026-08-23T14:09:35
D_58398_143,non-mated,diagnostic_impostor,cross,58398,58398,left,right,B,B,1,B,0.345,internvl3,zero_shot,2026-08-23T14:09:36
G_69658_left_1883,mated,primary_genuine,cross,69658,69658,left,left,A,B,0,B,0.348,internvl3,zero_shot,2026-08-23T14:09:36
G_57833_right_1204,mated,primary_genuine,same,57833,57833,right,right,A,A,1,A,0.375,internvl3,zero_shot,2026-08-23T14:09:36
D_89171_254,non-mated,diagnostic_impostor,cross,89171,89171,left,right,B,A,0,A,0.361,internvl3,zero_shot,2026-08-23T14:09:37
I_57833_69658_right_s,non-mated,primary_impostor,same,57833,69658,right,right,B,B,1,B,0.357,internvl3,zero_shot,2026-08-23T14:09:37
I_14493_57833_right_x,non-mated,primary_impostor,cross,14493,57833,right,right,B,B,1,B,0.353,internvl3,zero_shot,2026-08-23T14:09:37
I_57145_63029_right_x,non-mated,primary_impostor,cross,57145,63029,right,right,B,B,1,B,0.359,internvl3,zero_shot,2026-08-23T14:09:38
D_47904_88,non-mated,diagnostic_impostor,cross,47904,47904,left,right,B,A,0,A,0.358,internvl3,zero_shot,2026-08-23T14:09:38
G_65052_right_1843,mated,primary_genuine,same,65052,65052,right,right,A,A,1,A,0.35,internvl3,zero_shot,2026-08-23T14:09:38
D_14493_11,non-mated,diagnostic_impostor,cross,14493,14493,left,right,B,B,1,B,0.361,internvl3,zero_shot,2026-08-23T14:09:39
G_43210_right_625,mated,primary_genuine,cross,43210,43210,right,right,A,B,0,B,0.356,internvl3,zero_shot,2026-08-23T14:09:39
I_58398_93812_right_x,non-mated,primary_impostor,cross,58398,93812,right,right,B,B,1,B,0.359,internvl3,zero_shot,2026-08-23T14:09:40
I_56583_74850_left_x,non-mated,primary_impostor,cross,56583,74850,left,left,B,B,1,B,0.358,internvl3,zero_shot,2026-08-23T14:09:40
I_56583_65052_right_x,non-mated,primary_impostor,cross,56583,65052,right,right,B,A,0,A,0.358,internvl3,zero_shot,2026-08-23T14:09:40
D_65030_178,non-mated,diagnostic_impostor,same,65030,65030,left,right,B,A,0,A,0.356,internvl3,zero_shot,2026-08-23T14:09:41
D_65052_184,non-mated,diagnostic_impostor,same,65052,65052,left,right,B,B,1,B,0.343,internvl3,zero_shot,2026-08-23T14:09:41
I_57145_76957_right_x,non-mated,primary_impostor,cross,57145,76957,right,right,B,B,1,B,0.36,internvl3,zero_shot,2026-08-23T14:09:41
D_44595_80,non-mated,diagnostic_impostor,cross,44595,44595,left,right,B,B,1,B,0.354,internvl3,zero_shot,2026-08-23T14:09:42
G_99775_left_2861,mated,primary_genuine,cross,99775,99775,left,left,A,B,0,B,0.346,internvl3,zero_shot,2026-08-23T14:09:42
I_14493_24101_left_s,non-mated,primary_impostor,same,14493,24101,left,left,B,A,0,A,0.368,internvl3,zero_shot,2026-08-23T14:09:42
G_96608_right_2827,mated,primary_genuine,same,96608,96608,right,right,A,B,0,B,0.343,internvl3,zero_shot,2026-08-23T14:09:43
I_27295_96608_right_s,non-mated,primary_impostor,same,27295,96608,right,right,B,A,0,A,0.368,internvl3,zero_shot,2026-08-23T14:09:43
I_32467_76957_right_x,non-mated,primary_impostor,cross,32467,76957,right,right,B,B,1,B,0.355,internvl3,zero_shot,2026-08-23T14:09:43
G_65030_left_1637,mated,primary_genuine,same,65030,65030,left,left,A,B,0,B,0.358,internvl3,zero_shot,2026-08-23T14:09:44
G_99775_left_2851,mated,primary_genuine,same,99775,99775,left,left,A,B,0,B,0.354,internvl3,zero_shot,2026-08-23T14:09:44
I_14493_27295_left_s,non-mated,primary_impostor,same,14493,27295,left,left,B,A,0,A,0.361,internvl3,zero_shot,2026-08-23T14:09:45
D_99775_297,non-mated,diagnostic_impostor,same,99775,99775,left,right,B,B,1,B,0.355,internvl3,zero_shot,2026-08-23T14:09:45
G_74850_left_1990,mated,primary_genuine,cross,74850,74850,left,left,A,A,1,A,0.345,internvl3,zero_shot,2026-08-23T14:09:45
G_43210_left_571,mated,primary_genuine,same,43210,43210,left,left,A,A,1,A,0.383,internvl3,zero_shot,2026-08-23T14:09:46
D_89171_260,non-mated,diagnostic_impostor,cross,89171,89171,left,right,B,A,0,A,0.362,internvl3,zero_shot,2026-08-23T14:09:46
G_43210_right_640,mated,primary_genuine,cross,43210,43210,right,right,A,B,0,B,0.354,internvl3,zero_shot,2026-08-23T14:09:46
I_58398_83742_right_x,non-mated,primary_impostor,cross,58398,83742,right,right,B,B,1,B,0.36,internvl3,zero_shot,2026-08-23T14:09:47
G_57833_left_1132,mated,primary_genuine,cross,57833,57833,left,left,A,B,0,B,0.361,internvl3,zero_shot,2026-08-23T14:09:47
I_65052_69658_right_s,non-mated,primary_impostor,same,65052,69658,right,right,B,A,0,A,0.363,internvl3,zero_shot,2026-08-23T14:09:47
I_76957_87757_left_x,non-mated,primary_impostor,cross,76957,87757,left,left,B,B,1,B,0.356,internvl3,zero_shot,2026-08-23T14:09:48
G_93812_left_2590,mated,primary_genuine,same,93812,93812,left,left,A,A,1,A,0.353,internvl3,zero_shot,2026-08-23T14:09:48
I_58398_65052_left_s,non-mated,primary_impostor,same,58398,65052,left,left,B,A,0,A,0.362,internvl3,zero_shot,2026-08-23T14:09:48
G_74850_right_2071,mated,primary_genuine,same,74850,74850,right,right,A,A,1,A,0.349,internvl3,zero_shot,2026-08-23T14:09:49
G_47904_right_831,mated,primary_genuine,cross,47904,47904,right,right,A,A,1,A,0.356,internvl3,zero_shot,2026-08-23T14:09:49
G_69658_right_1934,mated,primary_genuine,cross,69658,69658,right,right,A,A,1,A,0.35,internvl3,zero_shot,2026-08-23T14:09:50
G_43210_right_672,mated,primary_genuine,same,43210,43210,right,right,A,A,1,A,0.358,internvl3,zero_shot,2026-08-23T14:09:50
G_76957_right_2171,mated,primary_genuine,cross,76957,76957,right,right,A,B,0,B,0.346,internvl3,zero_shot,2026-08-23T14:09:50
G_24101_left_293,mated,primary_genuine,cross,24101,24101,left,left,A,B,0,B,0.357,internvl3,zero_shot,2026-08-23T14:09:51
G_74850_left_1992,mated,primary_genuine,cross,74850,74850,left,left,A,B,0,B,0.352,internvl3,zero_shot,2026-08-23T14:09:51
G_56583_right_941,mated,primary_genuine,same,56583,56583,right,right,A,A,1,A,0.355,internvl3,zero_shot,2026-08-23T14:09:51
I_57145_96608_right_x,non-mated,primary_impostor,cross,57145,96608,right,right,B,B,1,B,0.363,internvl3,zero_shot,2026-08-23T14:09:52
G_99775_left_2892,mated,primary_genuine,same,99775,99775,left,left,A,A,1,A,0.348,internvl3,zero_shot,2026-08-23T14:09:52
D_58398_132,non-mated,diagnostic_impostor,same,58398,58398,left,right,B,B,1,B,0.364,internvl3,zero_shot,2026-08-23T14:09:52
I_69658_83742_left_s,non-mated,primary_impostor,same,69658,83742,left,left,B,B,1,B,0.361,internvl3,zero_shot,2026-08-23T14:09:53
G_99775_right_2925,mated,primary_genuine,same,99775,99775,right,right,A,B,0,B,0.352,internvl3,zero_shot,2026-08-23T14:09:53
D_27295_40,non-mated,diagnostic_impostor,cross,27295,27295,left,right,B,B,1,B,0.352,internvl3,zero_shot,2026-08-23T14:09:53
I_20294_47904_right_s,non-mated,primary_impostor,same,20294,47904,right,right,B,A,0,A,0.365,internvl3,zero_shot,2026-08-23T14:09:54
G_63029_right_1590,mated,primary_genuine,same,63029,63029,right,right,A,B,0,B,0.357,internvl3,zero_shot,2026-08-23T14:09:54
G_93812_left_2614,mated,primary_genuine,same,93812,93812,left,left,A,A,1,A,0.353,internvl3,zero_shot,2026-08-23T14:09:55
I_27295_69658_left_x,non-mated,primary_impostor,cross,27295,69658,left,left,B,B,1,B,0.349,internvl3,zero_shot,2026-08-23T14:09:55
I_57833_83742_left_x,non-mated,primary_impostor,cross,57833,83742,left,left,B,B,1,B,0.357,internvl3,zero_shot,2026-08-23T14:09:55
G_20294_left_141,mated,primary_genuine,cross,20294,20294,left,left,A,B,0,B,0.363,internvl3,zero_shot,2026-08-23T14:09:56
I_43210_74850_right_x,non-mated,primary_impostor,cross,43210,74850,right,right,B,B,1,B,0.359,internvl3,zero_shot,2026-08-23T14:09:56
I_58398_96608_right_s,non-mated,primary_impostor,same,58398,96608,right,right,B,B,1,B,0.367,internvl3,zero_shot,2026-08-23T14:09:56
I_96608_99775_left_s,non-mated,primary_impostor,same,96608,99775,left,left,B,A,0,A,0.362,internvl3,zero_shot,2026-08-23T14:09:57
I_20294_96608_right_x,non-mated,primary_impostor,cross,20294,96608,right,right,B,B,1,B,0.36,internvl3,zero_shot,2026-08-23T14:09:57
G_57833_right_1200,mated,primary_genuine,cross,57833,57833,right,right,A,B,0,B,0.358,internvl3,zero_shot,2026-08-23T14:09:57
G_76957_left_2129,mated,primary_genuine,same,76957,76957,left,left,A,A,1,A,0.354,internvl3,zero_shot,2026-08-23T14:09:58
I_58793_99775_right_s,non-mated,primary_impostor,same,58793,99775,right,right,B,A,0,A,0.357,internvl3,zero_shot,2026-08-23T14:09:58
D_65030_173,non-mated,diagnostic_impostor,same,65030,65030,left,right,B,A,0,A,0.353,internvl3,zero_shot,2026-08-23T14:09:58
G_58398_right_1342,mated,primary_genuine,cross,58398,58398,right,right,A,B,0,B,0.358,internvl3,zero_shot,2026-08-23T14:09:59
I_57145_65052_right_s,non-mated,primary_impostor,same,57145,65052,right,right,B,A,0,A,0.366,internvl3,zero_shot,2026-08-23T14:09:59
G_89171_right_2565,mated,primary_genuine,cross,89171,89171,right,right,A,A,1,A,0.35,internvl3,zero_shot,2026-08-23T14:10:00
G_57145_right_1110,mated,primary_genuine,same,57145,57145,right,right,A,A,1,A,0.359,internvl3,zero_shot,2026-08-23T14:10:00
G_69658_left_1901,mated,primary_genuine,same,69658,69658,left,left,A,A,1,A,0.354,internvl3,zero_shot,2026-08-23T14:10:00
D_65030_169,non-mated,diagnostic_impostor,same,65030,65030,left,right,B,B,1,B,0.352,internvl3,zero_shot,2026-08-23T14:10:01
G_74850_left_1971,mated,primary_genuine,cross,74850,74850,left,left,A,A,1,A,0.374,internvl3,zero_shot,2026-08-23T14:10:01
D_56583_103,non-mated,diagnostic_impostor,same,56583,56583,left,right,B,A,0,A,0.358,internvl3,zero_shot,2026-08-23T14:10:01
G_87757_left_2382,mated,primary_genuine,cross,87757,87757,left,left,A,B,0,B,0.358,internvl3,zero_shot,2026-08-23T14:10:02
G_65052_left_1748,mated,primary_genuine,same,65052,65052,left,left,A,B,0,B,0.355,internvl3,zero_shot,2026-08-23T14:10:02
I_56583_57145_right_s,non-mated,primary_impostor,same,56583,57145,right,right,B,B,1,B,0.36,internvl3,zero_shot,2026-08-23T14:10:02
G_87757_left_2371,mated,primary_genuine,cross,87757,87757,left,left,A,B,0,B,0.359,internvl3,zero_shot,2026-08-23T14:10:03
G_56583_right_898,mated,primary_genuine,cross,56583,56583,right,right,A,B,0,B,0.359,internvl3,zero_shot,2026-08-23T14:10:03
I_32467_87757_left_s,non-mated,primary_impostor,same,32467,87757,left,left,B,A,0,A,0.373,internvl3,zero_shot,2026-08-23T14:10:03
I_24101_87757_right_s,non-mated,primary_impostor,same,24101,87757,right,right,B,A,0,A,0.362,internvl3,zero_shot,2026-08-23T14:10:04
I_24101_99775_left_x,non-mated,primary_impostor,cross,24101,99775,left,left,B,B,1,B,0.344,internvl3,zero_shot,2026-08-23T14:10:04
I_65052_69658_left_s,non-mated,primary_impostor,same,65052,69658,left,left,B,B,1,B,0.362,internvl3,zero_shot,2026-08-23T14:10:05
I_44595_63029_left_x,non-mated,primary_impostor,cross,44595,63029,left,left,B,B,1,B,0.356,internvl3,zero_shot,2026-08-23T14:10:05
I_63029_99775_left_s,non-mated,primary_impostor,same,63029,99775,left,left,B,A,0,A,0.367,internvl3,zero_shot,2026-08-23T14:10:05
I_32467_47904_left_s,non-mated,primary_impostor,same,32467,47904,left,left,B,A,0,A,0.371,internvl3,zero_shot,2026-08-23T14:10:06
I_58793_83742_right_x,non-mated,primary_impostor,cross,58793,83742,right,right,B,A,0,A,0.351,internvl3,zero_shot,2026-08-23T14:10:06
I_32467_83742_right_x,non-mated,primary_impostor,cross,32467,83742,right,right,B,B,1,B,0.361,internvl3,zero_shot,2026-08-23T14:10:06
I_14493_93812_right_s,non-mated,primary_impostor,same,14493,93812,right,right,B,A,0,A,0.367,internvl3,zero_shot,2026-08-23T14:10:07
I_27295_56583_right_x,non-mated,primary_impostor,cross,27295,56583,right,right,B,A,0,A,0.354,internvl3,zero_shot,2026-08-23T14:10:07
D_99775_294,non-mated,diagnostic_impostor,cross,99775,99775,left,right,B,B,1,B,0.36,internvl3,zero_shot,2026-08-23T14:10:07
G_32467_left_430,mated,primary_genuine,same,32467,32467,left,left,A,B,0,B,0.36,internvl3,zero_shot,2026-08-23T14:10:08
G_96608_right_2810,mated,primary_genuine,cross,96608,96608,right,right,A,B,0,B,0.346,internvl3,zero_shot,2026-08-23T14:10:08
D_32467_50,non-mated,diagnostic_impostor,cross,32467,32467,left,right,B,B,1,B,0.357,internvl3,zero_shot,2026-08-23T14:10:09
I_65030_69658_right_x,non-mated,primary_impostor,cross,65030,69658,right,right,B,B,1,B,0.36,internvl3,zero_shot,2026-08-23T14:10:09
G_74850_right_2016,mated,primary_genuine,same,74850,74850,right,right,A,B,0,B,0.363,internvl3,zero_shot,2026-08-23T14:10:09
I_47904_93812_right_s,non-mated,primary_impostor,same,47904,93812,right,right,B,A,0,A,0.36,internvl3,zero_shot,2026-08-23T14:10:10
I_27295_65030_right_s,non-mated,primary_impostor,same,27295,65030,right,right,B,A,0,A,0.363,internvl3,zero_shot,2026-08-23T14:10:10
I_20294_83742_left_x,non-mated,primary_impostor,cross,20294,83742,left,left,B,B,1,B,0.361,internvl3,zero_shot,2026-08-23T14:10:10
I_57833_58793_right_x,non-mated,primary_impostor,cross,57833,58793,right,right,B,B,1,B,0.361,internvl3,zero_shot,2026-08-23T14:10:11
I_43210_65030_right_x,non-mated,primary_impostor,cross,43210,65030,right,right,B,A,0,A,0.362,internvl3,zero_shot,2026-08-23T14:10:11
G_32467_left_454,mated,primary_genuine,cross,32467,32467,left,left,A,B,0,B,0.357,internvl3,zero_shot,2026-08-23T14:10:11
I_47904_89171_left_s,non-mated,primary_impostor,same,47904,89171,left,left,B,A,0,A,0.37,internvl3,zero_shot,2026-08-23T14:10:12
D_20294_15,non-mated,diagnostic_impostor,same,20294,20294,left,right,B,A,0,A,0.36,internvl3,zero_shot,2026-08-23T14:10:12
I_65030_93812_left_s,non-mated,primary_impostor,same,65030,93812,left,left,B,A,0,A,0.365,internvl3,zero_shot,2026-08-23T14:10:13
G_58793_left_1386,mated,primary_genuine,cross,58793,58793,left,left,A,B,0,B,0.352,internvl3,zero_shot,2026-08-23T14:10:13
D_76957_226,non-mated,diagnostic_impostor,same,76957,76957,left,right,B,B,1,B,0.368,internvl3,zero_shot,2026-08-23T14:10:13
D_63029_166,non-mated,diagnostic_impostor,cross,63029,63029,left,right,B,B,1,B,0.344,internvl3,zero_shot,2026-08-23T14:10:14
I_20294_32467_right_s,non-mated,primary_impostor,same,20294,32467,right,right,B,A,0,A,0.377,internvl3,zero_shot,2026-08-23T14:10:14
I_58793_87757_right_x,non-mated,primary_impostor,cross,58793,87757,right,right,B,A,0,A,0.347,internvl3,zero_shot,2026-08-23T14:10:14
I_24101_69658_left_s,non-mated,primary_impostor,same,24101,69658,left,left,B,B,1,B,0.364,internvl3,zero_shot,2026-08-23T14:10:15
G_96608_right_2818,mated,primary_genuine,same,96608,96608,right,right,A,B,0,B,0.343,internvl3,zero_shot,2026-08-23T14:10:15
G_47904_right_830,mated,primary_genuine,cross,47904,47904,right,right,A,B,0,B,0.358,internvl3,zero_shot,2026-08-23T14:10:15
I_47904_74850_left_x,non-mated,primary_impostor,cross,47904,74850,left,left,B,B,1,B,0.36,internvl3,zero_shot,2026-08-23T14:10:16
I_65052_76957_right_x,non-mated,primary_impostor,cross,65052,76957,right,right,B,B,1,B,0.357,internvl3,zero_shot,2026-08-23T14:10:16
I_27295_58398_right_s,non-mated,primary_impostor,same,27295,58398,right,right,B,A,0,A,0.369,internvl3,zero_shot,2026-08-23T14:10:16
I_58793_93812_left_s,non-mated,primary_impostor,same,58793,93812,left,left,B,A,0,A,0.363,internvl3,zero_shot,2026-08-23T14:10:17
I_44595_74850_right_s,non-mated,primary_impostor,same,44595,74850,right,right,B,B,1,B,0.362,internvl3,zero_shot,2026-08-23T14:10:17
I_32467_96608_left_x,non-mated,primary_impostor,cross,32467,96608,left,left,B,B,1,B,0.361,internvl3,zero_shot,2026-08-23T14:10:18
I_65052_74850_right_x,non-mated,primary_impostor,cross,65052,74850,right,right,B,B,1,B,0.359,internvl3,zero_shot,2026-08-23T14:10:18
G_76957_right_2177,mated,primary_genuine,same,76957,76957,right,right,A,A,1,A,0.354,internvl3,zero_shot,2026-08-23T14:10:18
I_63029_96608_left_x,non-mated,primary_impostor,cross,63029,96608,left,left,B,B,1,B,0.361,internvl3,zero_shot,2026-08-23T14:10:19
I_83742_89171_right_s,non-mated,primary_impostor,same,83742,89171,right,right,B,A,0,A,0.373,internvl3,zero_shot,2026-08-23T14:10:19
D_76957_220,non-mated,diagnostic_impostor,same,76957,76957,left,right,B,A,0,A,0.343,internvl3,zero_shot,2026-08-23T14:10:19
G_74850_right_2055,mated,primary_genuine,cross,74850,74850,right,right,A,B,0,B,0.351,internvl3,zero_shot,2026-08-23T14:10:20
I_24101_58793_right_s,non-mated,primary_impostor,same,24101,58793,right,right,B,A,0,A,0.363,internvl3,zero_shot,2026-08-23T14:10:20
G_83742_right_2285,mated,primary_genuine,cross,83742,83742,right,right,A,A,1,A,0.365,internvl3,zero_shot,2026-08-23T14:10:20
D_56583_100,non-mated,diagnostic_impostor,same,56583,56583,left,right,B,B,1,B,0.363,internvl3,zero_shot,2026-08-23T14:10:21
I_20294_65052_left_s,non-mated,primary_impostor,same,20294,65052,left,left,B,A,0,A,0.374,internvl3,zero_shot,2026-08-23T14:10:21
G_43210_left_606,mated,primary_genuine,same,43210,43210,left,left,A,A,1,A,0.356,internvl3,zero_shot,2026-08-23T14:10:21
I_58398_99775_right_x,non-mated,primary_impostor,cross,58398,99775,right,right,B,A,0,A,0.359,internvl3,zero_shot,2026-08-23T14:10:22
D_87757_251,non-mated,diagnostic_impostor,same,87757,87757,left,right,B,B,1,B,0.359,internvl3,zero_shot,2026-08-23T14:10:22
I_43210_57833_left_x,non-mated,primary_impostor,cross,43210,57833,left,left,B,B,1,B,0.361,internvl3,zero_shot,2026-08-23T14:10:23
G_14493_right_129,mated,primary_genuine,same,14493,14493,right,right,A,A,1,A,0.355,internvl3,zero_shot,2026-08-23T14:10:23
I_57833_76957_right_s,non-mated,primary_impostor,same,57833,76957,right,right,B,A,0,A,0.369,internvl3,zero_shot,2026-08-23T14:10:23
G_69658_left_1892,mated,primary_genuine,same,69658,69658,left,left,A,A,1,A,0.353,internvl3,zero_shot,2026-08-23T14:10:24
I_57145_65052_left_s,non-mated,primary_impostor,same,57145,65052,left,left,B,A,0,A,0.372,internvl3,zero_shot,2026-08-23T14:10:24
D_57145_110,non-mated,diagnostic_impostor,same,57145,57145,left,right,B,A,0,A,0.354,internvl3,zero_shot,2026-08-23T14:10:24
G_56583_left_862,mated,primary_genuine,same,56583,56583,left,left,A,A,1,A,0.355,internvl3,zero_shot,2026-08-23T14:10:25
G_57145_left_951,mated,primary_genuine,cross,57145,57145,left,left,A,B,0,B,0.36,internvl3,zero_shot,2026-08-23T14:10:25
G_65052_left_1732,mated,primary_genuine,cross,65052,65052,left,left,A,B,0,B,0.362,internvl3,zero_shot,2026-08-23T14:10:25
G_57145_right_1090,mated,primary_genuine,cross,57145,57145,right,right,A,A,1,A,0.355,internvl3,zero_shot,2026-08-23T14:10:26
D_44595_82,non-mated,diagnostic_impostor,same,44595,44595,left,right,B,B,1,B,0.353,internvl3,zero_shot,2026-08-23T14:10:26
I_47904_76957_left_s,non-mated,primary_impostor,same,47904,76957,left,left,B,A,0,A,0.359,internvl3,zero_shot,2026-08-23T14:10:27
D_57833_128,non-mated,diagnostic_impostor,same,57833,57833,left,right,B,A,0,A,0.352,internvl3,zero_shot,2026-08-23T14:10:27
G_96608_right_2782,mated,primary_genuine,cross,96608,96608,right,right,A,B,0,B,0.353,internvl3,zero_shot,2026-08-23T14:10:27
D_58398_137,non-mated,diagnostic_impostor,same,58398,58398,left,right,B,B,1,B,0.364,internvl3,zero_shot,2026-08-23T14:10:28
I_43210_99775_left_x,non-mated,primary_impostor,cross,43210,99775,left,left,B,B,1,B,0.346,internvl3,zero_shot,2026-08-23T14:10:28
G_57145_right_1105,mated,primary_genuine,same,57145,57145,right,right,A,A,1,A,0.359,internvl3,zero_shot,2026-08-23T14:10:28
G_20294_right_214,mated,primary_genuine,same,20294,20294,right,right,A,B,0,B,0.367,internvl3,zero_shot,2026-08-23T14:10:29
D_69658_201,non-mated,diagnostic_impostor,cross,69658,69658,left,right,B,B,1,B,0.347,internvl3,zero_shot,2026-08-23T14:10:29
D_74850_209,non-mated,diagnostic_impostor,same,74850,74850,left,right,B,B,1,B,0.361,internvl3,zero_shot,2026-08-23T14:10:29
I_47904_83742_left_s,non-mated,primary_impostor,same,47904,83742,left,left,B,A,0,A,0.359,internvl3,zero_shot,2026-08-23T14:10:30
I_65030_65052_left_s,non-mated,primary_impostor,same,65030,65052,left,left,B,A,0,A,0.357,internvl3,zero_shot,2026-08-23T14:10:30
I_63029_65030_right_s,non-mated,primary_impostor,same,63029,65030,right,right,B,A,0,A,0.359,internvl3,zero_shot,2026-08-23T14:10:30
G_43210_right_669,mated,primary_genuine,same,43210,43210,right,right,A,A,1,A,0.352,internvl3,zero_shot,2026-08-23T14:10:31
G_83742_right_2295,mated,primary_genuine,cross,83742,83742,right,right,A,B,0,B,0.365,internvl3,zero_shot,2026-08-23T14:10:31
G_14493_left_30,mated,primary_genuine,same,14493,14493,left,left,A,B,0,B,0.357,internvl3,zero_shot,2026-08-23T14:10:32
G_93812_right_2664,mated,primary_genuine,cross,93812,93812,right,right,A,A,1,A,0.361,internvl3,zero_shot,2026-08-23T14:10:32
D_57833_124,non-mated,diagnostic_impostor,cross,57833,57833,left,right,B,B,1,B,0.365,internvl3,zero_shot,2026-08-23T14:10:32
D_27295_42,non-mated,diagnostic_impostor,same,27295,27295,left,right,B,B,1,B,0.36,internvl3,zero_shot,2026-08-23T14:10:33
I_27295_87757_left_x,non-mated,primary_impostor,cross,27295,87757,left,left,B,B,1,B,0.357,internvl3,zero_shot,2026-08-23T14:10:33
G_43210_left_559,mated,primary_genuine,cross,43210,43210,left,left,A,B,0,B,0.359,internvl3,zero_shot,2026-08-23T14:10:33
I_44595_96608_right_s,non-mated,primary_impostor,same,44595,96608,right,right,B,B,1,B,0.37,internvl3,zero_shot,2026-08-23T14:10:34
G_89171_right_2550,mated,primary_genuine,cross,89171,89171,right,right,A,B,0,B,0.355,internvl3,zero_shot,2026-08-23T14:10:34
D_87757_244,non-mated,diagnostic_impostor,cross,87757,87757,left,right,B,B,1,B,0.369,internvl3,zero_shot,2026-08-23T14:10:34
G_83742_right_2341,mated,primary_genuine,same,83742,83742,right,right,A,A,1,A,0.354,internvl3,zero_shot,2026-08-23T14:10:35
G_44595_right_779,mated,primary_genuine,same,44595,44595,right,right,A,A,1,A,0.351,internvl3,zero_shot,2026-08-23T14:10:35
G_14493_right_120,mated,primary_genuine,same,14493,14493,right,right,A,A,1,A,0.362,internvl3,zero_shot,2026-08-23T14:10:35
I_43210_57145_right_x,non-mated,primary_impostor,cross,43210,57145,right,right,B,B,1,B,0.374,internvl3,zero_shot,2026-08-23T14:10:36
I_57833_89171_left_s,non-mated,primary_impostor,same,57833,89171,left,left,B,A,0,A,0.375,internvl3,zero_shot,2026-08-23T14:10:36
G_65030_left_1649,mated,primary_genuine,cross,65030,65030,left,left,A,B,0,B,0.367,internvl3,zero_shot,2026-08-23T14:10:37
G_44595_left_723,mated,primary_genuine,cross,44595,44595,left,left,A,B,0,B,0.352,internvl3,zero_shot,2026-08-23T14:10:37
I_83742_96608_right_s,non-mated,primary_impostor,same,83742,96608,right,right,B,A,0,A,0.377,internvl3,zero_shot,2026-08-23T14:10:37
I_44595_65030_right_s,non-mated,primary_impostor,same,44595,65030,right,right,B,A,0,A,0.356,internvl3,zero_shot,2026-08-23T14:10:38
I_58793_99775_left_x,non-mated,primary_impostor,cross,58793,99775,left,left,B,B,1,B,0.35,internvl3,zero_shot,2026-08-23T14:10:38
I_83742_93812_right_x,non-mated,primary_impostor,cross,83742,93812,right,right,B,B,1,B,0.362,internvl3,zero_shot,2026-08-23T14:10:38
I_14493_76957_right_x,non-mated,primary_impostor,cross,14493,76957,right,right,B,B,1,B,0.362,internvl3,zero_shot,2026-08-23T14:10:39
I_14493_63029_right_x,non-mated,primary_impostor,cross,14493,63029,right,right,B,B,1,B,0.362,internvl3,zero_shot,2026-08-23T14:10:39
I_43210_96608_left_x,non-mated,primary_impostor,cross,43210,96608,left,left,B,B,1,B,0.361,internvl3,zero_shot,2026-08-23T14:10:39
G_14493_left_63,mated,primary_genuine,same,14493,14493,left,left,A,A,1,A,0.37,internvl3,zero_shot,2026-08-23T14:10:40
I_14493_43210_left_x,non-mated,primary_impostor,cross,14493,43210,left,left,B,B,1,B,0.363,internvl3,zero_shot,2026-08-23T14:10:40
D_93812_267,non-mated,diagnostic_impostor,cross,93812,93812,left,right,B,A,0,A,0.371,internvl3,zero_shot,2026-08-23T14:10:41
I_20294_24101_left_s,non-mated,primary_impostor,same,20294,24101,left,left,B,A,0,A,0.374,internvl3,zero_shot,2026-08-23T14:10:41
D_44595_74,non-mated,diagnostic_impostor,cross,44595,44595,left,right,B,B,1,B,0.355,internvl3,zero_shot,2026-08-23T14:10:41
G_76957_right_2169,mated,primary_genuine,cross,76957,76957,right,right,A,B,0,B,0.344,internvl3,zero_shot,2026-08-23T14:10:42
I_56583_57833_right_x,non-mated,primary_impostor,cross,56583,57833,right,right,B,B,1,B,0.364,internvl3,zero_shot,2026-08-23T14:10:42
I_69658_93812_left_x,non-mated,primary_impostor,cross,69658,93812,left,left,B,B,1,B,0.366,internvl3,zero_shot,2026-08-23T14:10:42
I_57145_87757_left_s,non-mated,primary_impostor,same,57145,87757,left,left,B,A,0,A,0.375,internvl3,zero_shot,2026-08-23T14:10:43
D_83742_231,non-mated,diagnostic_impostor,same,83742,83742,left,right,B,A,0,A,0.374,internvl3,zero_shot,2026-08-23T14:10:43
G_87757_right_2446,mated,primary_genuine,cross,87757,87757,right,right,A,A,1,A,0.363,internvl3,zero_shot,2026-08-23T14:10:44
G_87757_right_2429,mated,primary_genuine,cross,87757,87757,right,right,A,B,0,B,0.364,internvl3,zero_shot,2026-08-23T14:10:44
I_20294_65030_right_s,non-mated,primary_impostor,same,20294,65030,right,right,B,A,0,A,0.378,internvl3,zero_shot,2026-08-23T14:10:44
I_57145_83742_right_x,non-mated,primary_impostor,cross,57145,83742,right,right,B,B,1,B,0.358,internvl3,zero_shot,2026-08-23T14:10:45
G_56583_right_901,mated,primary_genuine,same,56583,56583,right,right,A,B,0,B,0.361,internvl3,zero_shot,2026-08-23T14:10:45
G_47904_left_815,mated,primary_genuine,same,47904,47904,left,left,A,A,1,A,0.365,internvl3,zero_shot,2026-08-23T14:10:45
I_44595_93812_left_x,non-mated,primary_impostor,cross,44595,93812,left,left,B,B,1,B,0.372,internvl3,zero_shot,2026-08-23T14:10:46
I_57145_65052_right_x,non-mated,primary_impostor,cross,57145,65052,right,right,B,A,0,A,0.372,internvl3,zero_shot,2026-08-23T14:10:46
G_76957_right_2174,mated,primary_genuine,same,76957,76957,right,right,A,A,1,A,0.359,internvl3,zero_shot,2026-08-23T14:10:46
G_32467_left_450,mated,primary_genuine,cross,32467,32467,left,left,A,A,1,A,0.365,internvl3,zero_shot,2026-08-23T14:10:47
I_32467_83742_right_s,non-mated,primary_impostor,same,32467,83742,right,right,B,A,0,A,0.376,internvl3,zero_shot,2026-08-23T14:10:47
I_57145_99775_left_x,non-mated,primary_impostor,cross,57145,99775,left,left,B,B,1,B,0.354,internvl3,zero_shot,2026-08-23T14:10:48
G_58398_left_1303,mated,primary_genuine,same,58398,58398,left,left,A,A,1,A,0.358,internvl3,zero_shot,2026-08-23T14:10:48
I_63029_87757_left_s,non-mated,primary_impostor,same,63029,87757,left,left,B,A,0,A,0.373,internvl3,zero_shot,2026-08-23T14:10:48
G_57145_left_991,mated,primary_genuine,same,57145,57145,left,left,A,A,1,A,0.362,internvl3,zero_shot,2026-08-23T14:10:49
G_93812_right_2685,mated,primary_genuine,cross,93812,93812,right,right,A,A,1,A,0.355,internvl3,zero_shot,2026-08-23T14:10:49
G_76957_left_2096,mated,primary_genuine,cross,76957,76957,left,left,A,B,0,B,0.36,internvl3,zero_shot,2026-08-23T14:10:49
D_14493_5,non-mated,diagnostic_impostor,same,14493,14493,left,right,B,B,1,B,0.359,internvl3,zero_shot,2026-08-23T14:10:50
I_65030_89171_left_x,non-mated,primary_impostor,cross,65030,89171,left,left,B,A,0,A,0.365,internvl3,zero_shot,2026-08-23T14:10:50
G_63029_left_1526,mated,primary_genuine,cross,63029,63029,left,left,A,B,0,B,0.353,internvl3,zero_shot,2026-08-23T14:10:50
D_96608_279,non-mated,diagnostic_impostor,same,96608,96608,left,right,B,B,1,B,0.361,internvl3,zero_shot,2026-08-23T14:10:51
D_27295_39,non-mated,diagnostic_impostor,cross,27295,27295,left,right,B,B,1,B,0.369,internvl3,zero_shot,2026-08-23T14:10:51
G_58793_left_1406,mated,primary_genuine,same,58793,58793,left,left,A,A,1,A,0.359,internvl3,zero_shot,2026-08-23T14:10:52
G_27295_left_350,mated,primary_genuine,cross,27295,27295,left,left,A,B,0,B,0.346,internvl3,zero_shot,2026-08-23T14:10:52
G_44595_left_722,mated,primary_genuine,cross,44595,44595,left,left,A,B,0,B,0.349,internvl3,zero_shot,2026-08-23T14:10:52
I_44595_63029_right_s,non-mated,primary_impostor,same,44595,63029,right,right,B,B,1,B,0.362,internvl3,zero_shot,2026-08-23T14:10:53
G_47904_right_827,mated,primary_genuine,cross,47904,47904,right,right,A,A,1,A,0.353,internvl3,zero_shot,2026-08-23T14:10:53
I_24101_32467_right_s,non-mated,primary_impostor,same,24101,32467,right,right,B,A,0,A,0.37,internvl3,zero_shot,2026-08-23T14:10:53
G_58398_left_1275,mated,primary_genuine,cross,58398,58398,left,left,A,B,0,B,0.354,internvl3,zero_shot,2026-08-23T14:10:54
I_83742_87757_right_x,non-mated,primary_impostor,cross,83742,87757,right,right,B,A,0,A,0.359,internvl3,zero_shot,2026-08-23T14:10:54
I_43210_44595_right_x,non-mated,primary_impostor,cross,43210,44595,right,right,B,A,0,A,0.362,internvl3,zero_shot,2026-08-23T14:10:54
I_44595_57145_right_s,non-mated,primary_impostor,same,44595,57145,right,right,B,B,1,B,0.373,internvl3,zero_shot,2026-08-23T14:10:55
G_14493_right_119,mated,primary_genuine,same,14493,14493,right,right,A,A,1,A,0.359,internvl3,zero_shot,2026-08-23T14:10:55
D_89171_259,non-mated,diagnostic_impostor,same,89171,89171,left,right,B,A,0,A,0.376,internvl3,zero_shot,2026-08-23T14:10:55
G_24101_left_291,mated,primary_genuine,cross,24101,24101,left,left,A,B,0,B,0.353,internvl3,zero_shot,2026-08-23T14:10:56
I_58398_65052_right_s,non-mated,primary_impostor,same,58398,65052,right,right,B,A,0,A,0.375,internvl3,zero_shot,2026-08-23T14:10:56
I_65030_87757_left_s,non-mated,primary_impostor,same,65030,87757,left,left,B,B,1,B,0.366,internvl3,zero_shot,2026-08-23T14:10:57
G_76957_right_2163,mated,primary_genuine,cross,76957,76957,right,right,A,B,0,B,0.352,internvl3,zero_shot,2026-08-23T14:10:57
G_65052_right_1803,mated,primary_genuine,same,65052,65052,right,right,A,A,1,A,0.372,internvl3,zero_shot,2026-08-23T14:10:57
G_24101_right_299,mated,primary_genuine,cross,24101,24101,right,right,A,A,1,A,0.359,internvl3,zero_shot,2026-08-23T14:10:58
D_89171_253,non-mated,diagnostic_impostor,same,89171,89171,left,right,B,A,0,A,0.366,internvl3,zero_shot,2026-08-23T14:10:58
I_14493_20294_right_s,non-mated,primary_impostor,same,14493,20294,right,right,B,A,0,A,0.374,internvl3,zero_shot,2026-08-23T14:10:58
D_57145_112,non-mated,diagnostic_impostor,same,57145,57145,left,right,B,A,0,A,0.356,internvl3,zero_shot,2026-08-23T14:10:59
G_99775_right_2956,mated,primary_genuine,same,99775,99775,right,right,A,A,1,A,0.358,internvl3,zero_shot,2026-08-23T14:10:59
D_93812_270,non-mated,diagnostic_impostor,same,93812,93812,left,right,B,A,0,A,0.362,internvl3,zero_shot,2026-08-23T14:10:59
G_57145_left_946,mated,primary_genuine,same,57145,57145,left,left,A,A,1,A,0.363,internvl3,zero_shot,2026-08-23T14:11:00
I_24101_89171_left_x,non-mated,primary_impostor,cross,24101,89171,left,left,B,B,1,B,0.352,internvl3,zero_shot,2026-08-23T14:11:00
G_44595_left_757,mated,primary_genuine,same,44595,44595,left,left,A,A,1,A,0.354,internvl3,zero_shot,2026-08-23T14:11:01
D_24101_25,non-mated,diagnostic_impostor,same,24101,24101,left,right,B,A,0,A,0.36,internvl3,zero_shot,2026-08-23T14:11:01
G_44595_right_803,mated,primary_genuine,same,44595,44595,right,right,A,B,0,B,0.358,internvl3,zero_shot,2026-08-23T14:11:01
G_96608_right_2787,mated,primary_genuine,cross,96608,96608,right,right,A,B,0,B,0.361,internvl3,zero_shot,2026-08-23T14:11:02
G_20294_right_254,mated,primary_genuine,cross,20294,20294,right,right,A,B,0,B,0.355,internvl3,zero_shot,2026-08-23T14:11:02
I_65030_83742_right_x,non-mated,primary_impostor,cross,65030,83742,right,right,B,B,1,B,0.361,internvl3,zero_shot,2026-08-23T14:11:02
I_27295_89171_right_x,non-mated,primary_impostor,cross,27295,89171,right,right,B,A,0,A,0.359,internvl3,zero_shot,2026-08-23T14:11:03
D_57833_120,non-mated,diagnostic_impostor,cross,57833,57833,left,right,B,B,1,B,0.368,internvl3,zero_shot,2026-08-23T14:11:03
D_58793_148,non-mated,diagnostic_impostor,same,58793,58793,left,right,B,B,1,B,0.352,internvl3,zero_shot,2026-08-23T14:11:03
I_43210_65052_left_x,non-mated,primary_impostor,cross,43210,65052,left,left,B,B,1,B,0.354,internvl3,zero_shot,2026-08-23T14:11:04
D_47904_89,non-mated,diagnostic_impostor,same,47904,47904,left,right,B,A,0,A,0.358,internvl3,zero_shot,2026-08-23T14:11:04
I_32467_65030_left_x,non-mated,primary_impostor,cross,32467,65030,left,left,B,B,1,B,0.363,internvl3,zero_shot,2026-08-23T14:11:04
G_89171_left_2525,mated,primary_genuine,same,89171,89171,left,left,A,A,1,A,0.361,internvl3,zero_shot,2026-08-23T14:11:05
I_27295_56583_left_s,non-mated,primary_impostor,same,27295,56583,left,left,B,A,0,A,0.368,internvl3,zero_shot,2026-08-23T14:11:05
D_58793_152,non-mated,diagnostic_impostor,cross,58793,58793,left,right,B,B,1,B,0.346,internvl3,zero_shot,2026-08-23T14:11:06
G_63029_right_1579,mated,primary_genuine,cross,63029,63029,right,right,A,B,0,B,0.36,internvl3,zero_shot,2026-08-23T14:11:06
D_14493_2,non-mated,diagnostic_impostor,same,14493,14493,left,right,B,B,1,B,0.35,internvl3,zero_shot,2026-08-23T14:11:06
G_65030_left_1665,mated,primary_genuine,same,65030,65030,left,left,A,A,1,A,0.351,internvl3,zero_shot,2026-08-23T14:11:07
G_74850_left_1977,mated,primary_genuine,same,74850,74850,left,left,A,B,0,B,0.377,internvl3,zero_shot,2026-08-23T14:11:07
D_93812_264,non-mated,diagnostic_impostor,same,93812,93812,left,right,B,A,0,A,0.365,internvl3,zero_shot,2026-08-23T14:11:07
G_76957_right_2150,mated,primary_genuine,cross,76957,76957,right,right,A,B,0,B,0.36,internvl3,zero_shot,2026-08-23T14:11:08
D_32467_56,non-mated,diagnostic_impostor,cross,32467,32467,left,right,B,B,1,B,0.355,internvl3,zero_shot,2026-08-23T14:11:08
G_74850_left_1984,mated,primary_genuine,cross,74850,74850,left,left,A,B,0,B,0.374,internvl3,zero_shot,2026-08-23T14:11:08
I_27295_57145_left_x,non-mated,primary_impostor,cross,27295,57145,left,left,B,A,0,A,0.363,internvl3,zero_shot,2026-08-23T14:11:09
D_74850_205,non-mated,diagnostic_impostor,same,74850,74850,left,right,B,B,1,B,0.365,internvl3,zero_shot,2026-08-23T14:11:09
G_56583_left_854,mated,primary_genuine,same,56583,56583,left,left,A,A,1,A,0.368,internvl3,zero_shot,2026-08-23T14:11:10
I_24101_74850_left_x,non-mated,primary_impostor,cross,24101,74850,left,left,B,B,1,B,0.364,internvl3,zero_shot,2026-08-23T14:11:10
I_69658_99775_left_x,non-mated,primary_impostor,cross,69658,99775,left,left,B,B,1,B,0.359,internvl3,zero_shot,2026-08-23T14:11:10
G_87757_left_2380,mated,primary_genuine,cross,87757,87757,left,left,A,B,0,B,0.365,internvl3,zero_shot,2026-08-23T14:11:11
D_24101_26,non-mated,diagnostic_impostor,same,24101,24101,left,right,B,A,0,A,0.355,internvl3,zero_shot,2026-08-23T14:11:11
I_24101_89171_left_s,non-mated,primary_impostor,same,24101,89171,left,left,B,A,0,A,0.367,internvl3,zero_shot,2026-08-23T14:11:11
G_87757_left_2369,mated,primary_genuine,cross,87757,87757,left,left,A,B,0,B,0.361,internvl3,zero_shot,2026-08-23T14:11:12
G_87757_left_2346,mated,primary_genuine,same,87757,87757,left,left,A,A,1,A,0.374,internvl3,zero_shot,2026-08-23T14:11:12
G_65052_left_1788,mated,primary_genuine,same,65052,65052,left,left,A,A,1,A,0.354,internvl3,zero_shot,2026-08-23T14:11:12
I_43210_63029_left_x,non-mated,primary_impostor,cross,43210,63029,left,left,B,A,0,A,0.361,internvl3,zero_shot,2026-08-23T14:11:13
I_20294_44595_right_x,non-mated,primary_impostor,cross,20294,44595,right,right,B,B,1,B,0.37,internvl3,zero_shot,2026-08-23T14:11:13
D_99775_295,non-mated,diagnostic_impostor,same,99775,99775,left,right,B,A,0,A,0.364,internvl3,zero_shot,2026-08-23T14:11:14
G_69658_right_1941,mated,primary_genuine,same,69658,69658,right,right,A,A,1,A,0.355,internvl3,zero_shot,2026-08-23T14:11:14
D_89171_255,non-mated,diagnostic_impostor,cross,89171,89171,left,right,B,A,0,A,0.355,internvl3,zero_shot,2026-08-23T14:11:14
G_27295_left_322,mated,primary_genuine,cross,27295,27295,left,left,A,B,0,B,0.354,internvl3,zero_shot,2026-08-23T14:11:15
G_74850_left_1991,mated,primary_genuine,cross,74850,74850,left,left,A,A,1,A,0.353,internvl3,zero_shot,2026-08-23T14:11:15
I_69658_87757_right_x,non-mated,primary_impostor,cross,69658,87757,right,right,B,B,1,B,0.362,internvl3,zero_shot,2026-08-23T14:11:15
G_44595_right_808,mated,primary_genuine,same,44595,44595,right,right,A,A,1,A,0.351,internvl3,zero_shot,2026-08-23T14:11:16
D_43210_71,non-mated,diagnostic_impostor,same,43210,43210,left,right,B,A,0,A,0.39,internvl3,zero_shot,2026-08-23T14:11:16
D_76957_224,non-mated,diagnostic_impostor,same,76957,76957,left,right,B,A,0,A,0.347,internvl3,zero_shot,2026-08-23T14:11:16
G_32467_right_493,mated,primary_genuine,cross,32467,32467,right,right,A,B,0,B,0.359,internvl3,zero_shot,2026-08-23T14:11:17
I_44595_76957_right_x,non-mated,primary_impostor,cross,44595,76957,right,right,B,A,0,A,0.356,internvl3,zero_shot,2026-08-23T14:11:17
I_20294_58398_right_x,non-mated,primary_impostor,cross,20294,58398,right,right,B,B,1,B,0.367,internvl3,zero_shot,2026-08-23T14:11:17
D_96608_281,non-mated,diagnostic_impostor,same,96608,96608,left,right,B,B,1,B,0.351,internvl3,zero_shot,2026-08-23T14:11:18
I_44595_58398_right_s,non-mated,primary_impostor,same,44595,58398,right,right,B,A,0,A,0.371,internvl3,zero_shot,2026-08-23T14:11:18
G_57833_right_1246,mated,primary_genuine,same,57833,57833,right,right,A,A,1,A,0.347,internvl3,zero_shot,2026-08-23T14:11:19
I_43210_83742_left_x,non-mated,primary_impostor,cross,43210,83742,left,left,B,B,1,B,0.357,internvl3,zero_shot,2026-08-23T14:11:19
I_43210_99775_left_s,non-mated,primary_impostor,same,43210,99775,left,left,B,A,0,A,0.366,internvl3,zero_shot,2026-08-23T14:11:19
G_24101_right_307,mated,primary_genuine,same,24101,24101,right,right,A,A,1,A,0.344,internvl3,zero_shot,2026-08-23T14:11:20
I_47904_57145_right_s,non-mated,primary_impostor,same,47904,57145,right,right,B,B,1,B,0.37,internvl3,zero_shot,2026-08-23T14:11:20
D_44595_76,non-mated,diagnostic_impostor,same,44595,44595,left,right,B,B,1,B,0.345,internvl3,zero_shot,2026-08-23T14:11:20
D_20294_23,non-mated,diagnostic_impostor,same,20294,20294,left,right,B,B,1,B,0.354,internvl3,zero_shot,2026-08-23T14:11:21
I_57145_69658_left_s,non-mated,primary_impostor,same,57145,69658,left,left,B,B,1,B,0.365,internvl3,zero_shot,2026-08-23T14:11:21
G_58398_right_1350,mated,primary_genuine,cross,58398,58398,right,right,A,B,0,B,0.344,internvl3,zero_shot,2026-08-23T14:11:21
G_83742_right_2271,mated,primary_genuine,same,83742,83742,right,right,A,B,0,B,0.359,internvl3,zero_shot,2026-08-23T14:11:22
G_89171_right_2566,mated,primary_genuine,same,89171,89171,right,right,A,A,1,A,0.346,internvl3,zero_shot,2026-08-23T14:11:22
D_65030_171,non-mated,diagnostic_impostor,same,65030,65030,left,right,B,A,0,A,0.343,internvl3,zero_shot,2026-08-23T14:11:22
I_58398_93812_left_x,non-mated,primary_impostor,cross,58398,93812,left,left,B,B,1,B,0.356,internvl3,zero_shot,2026-08-23T14:11:23
G_27295_right_408,mated,primary_genuine,same,27295,27295,right,right,A,A,1,A,0.353,internvl3,zero_shot,2026-08-23T14:11:23
G_69658_left_1865,mated,primary_genuine,cross,69658,69658,left,left,A,B,0,B,0.353,internvl3,zero_shot,2026-08-23T14:11:24
I_47904_76957_right_x,non-mated,primary_impostor,cross,47904,76957,right,right,B,A,0,A,0.356,internvl3,zero_shot,2026-08-23T14:11:24
I_24101_96608_right_s,non-mated,primary_impostor,same,24101,96608,right,right,B,B,1,B,0.372,internvl3,zero_shot,2026-08-23T14:11:24
D_99775_296,non-mated,diagnostic_impostor,cross,99775,99775,left,right,B,B,1,B,0.353,internvl3,zero_shot,2026-08-23T14:11:25
G_65052_right_1814,mated,primary_genuine,same,65052,65052,right,right,A,B,0,B,0.356,internvl3,zero_shot,2026-08-23T14:11:25
D_56583_101,non-mated,diagnostic_impostor,cross,56583,56583,left,right,B,B,1,B,0.358,internvl3,zero_shot,2026-08-23T14:11:25
I_44595_69658_right_x,non-mated,primary_impostor,cross,44595,69658,right,right,B,A,0,A,0.348,internvl3,zero_shot,2026-08-23T14:11:26
I_43210_58793_right_s,non-mated,primary_impostor,same,43210,58793,right,right,B,A,0,A,0.365,internvl3,zero_shot,2026-08-23T14:11:26
I_58398_74850_left_s,non-mated,primary_impostor,same,58398,74850,left,left,B,A,0,A,0.362,internvl3,zero_shot,2026-08-23T14:11:26
G_74850_right_2022,mated,primary_genuine,cross,74850,74850,right,right,A,B,0,B,0.35,internvl3,zero_shot,2026-08-23T14:11:27
G_74850_left_1997,mated,primary_genuine,cross,74850,74850,left,left,A,A,1,A,0.352,internvl3,zero_shot,2026-08-23T14:11:27
I_63029_87757_right_x,non-mated,primary_impostor,cross,63029,87757,right,right,B,A,0,A,0.357,internvl3,zero_shot,2026-08-23T14:11:27
D_43210_67,non-mated,diagnostic_impostor,cross,43210,43210,left,right,B,A,0,A,0.373,internvl3,zero_shot,2026-08-23T14:11:28
I_69658_99775_right_x,non-mated,primary_impostor,cross,69658,99775,right,right,B,B,1,B,0.36,internvl3,zero_shot,2026-08-23T14:11:28
D_24101_29,non-mated,diagnostic_impostor,cross,24101,24101,left,right,B,B,1,B,0.362,internvl3,zero_shot,2026-08-23T14:11:29
G_99775_right_2916,mated,primary_genuine,same,99775,99775,right,right,A,A,1,A,0.357,internvl3,zero_shot,2026-08-23T14:11:29
G_43210_left_569,mated,primary_genuine,cross,43210,43210,left,left,A,B,0,B,0.352,internvl3,zero_shot,2026-08-23T14:11:29
G_44595_left_690,mated,primary_genuine,cross,44595,44595,left,left,A,B,0,B,0.357,internvl3,zero_shot,2026-08-23T14:11:30
I_32467_93812_right_s,non-mated,primary_impostor,same,32467,93812,right,right,B,A,0,A,0.367,internvl3,zero_shot,2026-08-23T14:11:30
G_83742_left_2239,mated,primary_genuine,same,83742,83742,left,left,A,A,1,A,0.356,internvl3,zero_shot,2026-08-23T14:11:30
I_43210_87757_right_s,non-mated,primary_impostor,same,43210,87757,right,right,B,A,0,A,0.37,internvl3,zero_shot,2026-08-23T14:11:31
G_58398_left_1307,mated,primary_genuine,same,58398,58398,left,left,A,A,1,A,0.345,internvl3,zero_shot,2026-08-23T14:11:31
G_87757_right_2453,mated,primary_genuine,cross,87757,87757,right,right,A,B,0,B,0.355,internvl3,zero_shot,2026-08-23T14:11:31
D_65052_191,non-mated,diagnostic_impostor,same,65052,65052,left,right,B,B,1,B,0.361,internvl3,zero_shot,2026-08-23T14:11:32
I_43210_57145_left_x,non-mated,primary_impostor,cross,43210,57145,left,left,B,B,1,B,0.352,internvl3,zero_shot,2026-08-23T14:11:32
I_58398_63029_left_s,non-mated,primary_impostor,same,58398,63029,left,left,B,A,0,A,0.364,internvl3,zero_shot,2026-08-23T14:11:32
I_69658_96608_left_s,non-mated,primary_impostor,same,69658,96608,left,left,B,B,1,B,0.365,internvl3,zero_shot,2026-08-23T14:11:33
G_47904_right_826,mated,primary_genuine,same,47904,47904,right,right,A,A,1,A,0.36,internvl3,zero_shot,2026-08-23T14:11:33
G_27295_left_343,mated,primary_genuine,cross,27295,27295,left,left,A,B,0,B,0.35,internvl3,zero_shot,2026-08-23T14:11:34
D_87757_245,non-mated,diagnostic_impostor,same,87757,87757,left,right,B,B,1,B,0.367,internvl3,zero_shot,2026-08-23T14:11:34
D_57145_114,non-mated,diagnostic_impostor,same,57145,57145,left,right,B,B,1,B,0.367,internvl3,zero_shot,2026-08-23T14:11:34
I_69658_96608_right_x,non-mated,primary_impostor,cross,69658,96608,right,right,B,B,1,B,0.349,internvl3,zero_shot,2026-08-23T14:11:35
G_99775_right_2908,mated,primary_genuine,same,99775,99775,right,right,A,B,0,B,0.359,internvl3,zero_shot,2026-08-23T14:11:35
I_32467_47904_right_x,non-mated,primary_impostor,cross,32467,47904,right,right,B,A,0,A,0.355,internvl3,zero_shot,2026-08-23T14:11:35
G_27295_left_320,mated,primary_genuine,same,27295,27295,left,left,A,B,0,B,0.355,internvl3,zero_shot,2026-08-23T14:11:36
I_87757_96608_right_x,non-mated,primary_impostor,cross,87757,96608,right,right,B,A,0,A,0.352,internvl3,zero_shot,2026-08-23T14:11:36
D_27295_36,non-mated,diagnostic_impostor,cross,27295,27295,left,right,B,A,0,A,0.362,internvl3,zero_shot,2026-08-23T14:11:36
I_63029_87757_left_x,non-mated,primary_impostor,cross,63029,87757,left,left,B,B,1,B,0.356,internvl3,zero_shot,2026-08-23T14:11:37
D_99775_289,non-mated,diagnostic_impostor,same,99775,99775,left,right,B,B,1,B,0.351,internvl3,zero_shot,2026-08-23T14:11:37
I_32467_65052_left_x,non-mated,primary_impostor,cross,32467,65052,left,left,B,B,1,B,0.365,internvl3,zero_shot,2026-08-23T14:11:37
G_32467_left_470,mated,primary_genuine,same,32467,32467,left,left,A,A,1,A,0.353,internvl3,zero_shot,2026-08-23T14:11:38
G_89171_right_2535,mated,primary_genuine,same,89171,89171,right,right,A,B,0,B,0.365,internvl3,zero_shot,2026-08-23T14:11:38
D_32467_52,non-mated,diagnostic_impostor,same,32467,32467,left,right,B,A,0,A,0.358,internvl3,zero_shot,2026-08-23T14:11:39
I_44595_93812_left_s,non-mated,primary_impostor,same,44595,93812,left,left,B,B,1,B,0.355,internvl3,zero_shot,2026-08-23T14:11:39
I_57833_65030_right_s,non-mated,primary_impostor,same,57833,65030,right,right,B,A,0,A,0.361,internvl3,zero_shot,2026-08-23T14:11:39
G_96608_right_2816,mated,primary_genuine,same,96608,96608,right,right,A,A,1,A,0.345,internvl3,zero_shot,2026-08-23T14:11:40
D_24101_31,non-mated,diagnostic_impostor,same,24101,24101,left,right,B,A,0,A,0.35,internvl3,zero_shot,2026-08-23T14:11:40
I_27295_96608_left_x,non-mated,primary_impostor,cross,27295,96608,left,left,B,B,1,B,0.357,internvl3,zero_shot,2026-08-23T14:11:40
G_44595_left_686,mated,primary_genuine,cross,44595,44595,left,left,A,A,1,A,0.356,internvl3,zero_shot,2026-08-23T14:11:41
G_14493_right_72,mated,primary_genuine,cross,14493,14493,right,right,A,A,1,A,0.368,internvl3,zero_shot,2026-08-23T14:11:41
D_43210_64,non-mated,diagnostic_impostor,cross,43210,43210,left,right,B,A,0,A,0.36,internvl3,zero_shot,2026-08-23T14:11:41
I_56583_99775_right_x,non-mated,primary_impostor,cross,56583,99775,right,right,B,B,1,B,0.356,internvl3,zero_shot,2026-08-23T14:11:42
D_58398_138,non-mated,diagnostic_impostor,cross,58398,58398,left,right,B,B,1,B,0.359,internvl3,zero_shot,2026-08-23T14:11:42
I_14493_65030_right_s,non-mated,primary_impostor,same,14493,65030,right,right,B,A,0,A,0.379,internvl3,zero_shot,2026-08-23T14:11:43
G_99775_right_2914,mated,primary_genuine,cross,99775,99775,right,right,A,B,0,B,0.347,internvl3,zero_shot,2026-08-23T14:11:43
I_65052_83742_right_x,non-mated,primary_impostor,cross,65052,83742,right,right,B,B,1,B,0.362,internvl3,zero_shot,2026-08-23T14:11:43
G_27295_left_342,mated,primary_genuine,same,27295,27295,left,left,A,A,1,A,0.355,internvl3,zero_shot,2026-08-23T14:11:44
D_63029_158,non-mated,diagnostic_impostor,same,63029,63029,left,right,B,A,0,A,0.359,internvl3,zero_shot,2026-08-23T14:11:44
I_20294_47904_left_s,non-mated,primary_impostor,same,20294,47904,left,left,B,B,1,B,0.374,internvl3,zero_shot,2026-08-23T14:11:44
G_57145_left_1034,mated,primary_genuine,same,57145,57145,left,left,A,A,1,A,0.343,internvl3,zero_shot,2026-08-23T14:11:45
G_57833_right_1255,mated,primary_genuine,same,57833,57833,right,right,A,B,0,B,0.349,internvl3,zero_shot,2026-08-23T14:11:45
G_69658_right_1910,mated,primary_genuine,cross,69658,69658,right,right,A,B,0,B,0.356,internvl3,zero_shot,2026-08-23T14:11:45
I_65030_76957_right_s,non-mated,primary_impostor,same,65030,76957,right,right,B,A,0,A,0.369,internvl3,zero_shot,2026-08-23T14:11:46
I_56583_96608_right_s,non-mated,primary_impostor,same,56583,96608,right,right,B,A,0,A,0.369,internvl3,zero_shot,2026-08-23T14:11:46
I_14493_58398_left_s,non-mated,primary_impostor,same,14493,58398,left,left,B,B,1,B,0.364,internvl3,zero_shot,2026-08-23T14:11:46
G_20294_right_235,mated,primary_genuine,same,20294,20294,right,right,A,A,1,A,0.359,internvl3,zero_shot,2026-08-23T14:11:47
G_76957_right_2135,mated,primary_genuine,same,76957,76957,right,right,A,A,1,A,0.362,internvl3,zero_shot,2026-08-23T14:11:47
I_14493_87757_right_x,non-mated,primary_impostor,cross,14493,87757,right,right,B,A,0,A,0.357,internvl3,zero_shot,2026-08-23T14:11:48
I_20294_32467_left_s,non-mated,primary_impostor,same,20294,32467,left,left,B,B,1,B,0.382,internvl3,zero_shot,2026-08-23T14:11:48
G_65052_right_1845,mated,primary_genuine,same,65052,65052,right,right,A,B,0,B,0.355,internvl3,zero_shot,2026-08-23T14:11:48
I_58793_65052_left_x,non-mated,primary_impostor,cross,58793,65052,left,left,B,A,0,A,0.356,internvl3,zero_shot,2026-08-23T14:11:49
D_14493_1,non-mated,diagnostic_impostor,cross,14493,14493,left,right,B,B,1,B,0.363,internvl3,zero_shot,2026-08-23T14:11:49
G_43210_right_681,mated,primary_genuine,same,43210,43210,right,right,A,A,1,A,0.346,internvl3,zero_shot,2026-08-23T14:11:49
I_43210_44595_left_s,non-mated,primary_impostor,same,43210,44595,left,left,B,B,1,B,0.363,internvl3,zero_shot,2026-08-23T14:11:50
D_58793_151,non-mated,diagnostic_impostor,same,58793,58793,left,right,B,B,1,B,0.355,internvl3,zero_shot,2026-08-23T14:11:50
G_65030_right_1707,mated,primary_genuine,cross,65030,65030,right,right,A,A,1,A,0.35,internvl3,zero_shot,2026-08-23T14:11:50
I_58398_87757_right_x,non-mated,primary_impostor,cross,58398,87757,right,right,B,B,1,B,0.359,internvl3,zero_shot,2026-08-23T14:11:51
G_93812_right_2693,mated,primary_genuine,same,93812,93812,right,right,A,B,0,B,0.365,internvl3,zero_shot,2026-08-23T14:11:51
I_27295_87757_left_s,non-mated,primary_impostor,same,27295,87757,left,left,B,A,0,A,0.368,internvl3,zero_shot,2026-08-23T14:11:52
D_89171_256,non-mated,diagnostic_impostor,cross,89171,89171,left,right,B,A,0,A,0.345,internvl3,zero_shot,2026-08-23T14:11:52
I_14493_57145_left_s,non-mated,primary_impostor,same,14493,57145,left,left,B,A,0,A,0.367,internvl3,zero_shot,2026-08-23T14:11:52
I_24101_93812_right_x,non-mated,primary_impostor,cross,24101,93812,right,right,B,B,1,B,0.354,internvl3,zero_shot,2026-08-23T14:11:53
G_89171_right_2551,mated,primary_genuine,same,89171,89171,right,right,A,A,1,A,0.365,internvl3,zero_shot,2026-08-23T14:11:53
G_47904_left_824,mated,primary_genuine,same,47904,47904,left,left,A,A,1,A,0.346,internvl3,zero_shot,2026-08-23T14:11:53
I_47904_99775_right_x,non-mated,primary_impostor,cross,47904,99775,right,right,B,A,0,A,0.356,internvl3,zero_shot,2026-08-23T14:11:54
D_76957_221,non-mated,diagnostic_impostor,same,76957,76957,left,right,B,A,0,A,0.348,internvl3,zero_shot,2026-08-23T14:11:54
G_44595_left_711,mated,primary_genuine,cross,44595,44595,left,left,A,B,0,B,0.35,internvl3,zero_shot,2026-08-23T14:11:54
I_32467_58398_left_s,non-mated,primary_impostor,same,32467,58398,left,left,B,A,0,A,0.373,internvl3,zero_shot,2026-08-23T14:11:55
I_58398_69658_right_s,non-mated,primary_impostor,same,58398,69658,right,right,B,A,0,A,0.355,internvl3,zero_shot,2026-08-23T14:11:55
I_20294_89171_left_x,non-mated,primary_impostor,cross,20294,89171,left,left,B,B,1,B,0.361,internvl3,zero_shot,2026-08-23T14:11:55
G_57145_right_1045,mated,primary_genuine,cross,57145,57145,right,right,A,A,1,A,0.356,internvl3,zero_shot,2026-08-23T14:11:56
D_56583_102,non-mated,diagnostic_impostor,same,56583,56583,left,right,B,B,1,B,0.349,internvl3,zero_shot,2026-08-23T14:11:56
D_58398_135,non-mated,diagnostic_impostor,cross,58398,58398,left,right,B,B,1,B,0.348,internvl3,zero_shot,2026-08-23T14:11:56
I_20294_27295_right_s,non-mated,primary_impostor,same,20294,27295,right,right,B,A,0,A,0.373,internvl3,zero_shot,2026-08-23T14:11:57
I_69658_76957_right_x,non-mated,primary_impostor,cross,69658,76957,right,right,B,B,1,B,0.349,internvl3,zero_shot,2026-08-23T14:11:57
I_27295_47904_right_s,non-mated,primary_impostor,same,27295,47904,right,right,B,A,0,A,0.367,internvl3,zero_shot,2026-08-23T14:11:58
I_44595_47904_right_x,non-mated,primary_impostor,cross,44595,47904,right,right,B,A,0,A,0.352,internvl3,zero_shot,2026-08-23T14:11:58
D_58793_146,non-mated,diagnostic_impostor,cross,58793,58793,left,right,B,B,1,B,0.357,internvl3,zero_shot,2026-08-23T14:11:58
D_47904_93,non-mated,diagnostic_impostor,same,47904,47904,left,right,B,B,1,B,0.366,internvl3,zero_shot,2026-08-23T14:11:59
I_24101_57833_left_s,non-mated,primary_impostor,same,24101,57833,left,left,B,B,1,B,0.363,internvl3,zero_shot,2026-08-23T14:11:59
G_44595_right_786,mated,primary_genuine,cross,44595,44595,right,right,A,A,1,A,0.344,internvl3,zero_shot,2026-08-23T14:11:59
G_47904_left_816,mated,primary_genuine,same,47904,47904,left,left,A,A,1,A,0.368,internvl3,zero_shot,2026-08-23T14:12:00
G_58793_right_1470,mated,primary_genuine,same,58793,58793,right,right,A,A,1,A,0.355,internvl3,zero_shot,2026-08-23T14:12:00
G_20294_right_247,mated,primary_genuine,cross,20294,20294,right,right,A,A,1,A,0.361,internvl3,zero_shot,2026-08-23T14:12:00
D_99775_292,non-mated,diagnostic_impostor,cross,99775,99775,left,right,B,A,0,A,0.357,internvl3,zero_shot,2026-08-23T14:12:01
I_65052_93812_left_x,non-mated,primary_impostor,cross,65052,93812,left,left,B,A,0,A,0.364,internvl3,zero_shot,2026-08-23T14:12:01
I_47904_96608_left_s,non-mated,primary_impostor,same,47904,96608,left,left,B,B,1,B,0.367,internvl3,zero_shot,2026-08-23T14:12:02
G_87757_right_2417,mated,primary_genuine,cross,87757,87757,right,right,A,B,0,B,0.352,internvl3,zero_shot,2026-08-23T14:12:02
G_69658_right_1919,mated,primary_genuine,same,69658,69658,right,right,A,B,0,B,0.361,internvl3,zero_shot,2026-08-23T14:12:02
I_32467_76957_right_s,non-mated,primary_impostor,same,32467,76957,right,right,B,A,0,A,0.36,internvl3,zero_shot,2026-08-23T14:12:03
I_14493_74850_right_s,non-mated,primary_impostor,same,14493,74850,right,right,B,A,0,A,0.364,internvl3,zero_shot,2026-08-23T14:12:03
D_44595_72,non-mated,diagnostic_impostor,same,44595,44595,left,right,B,A,0,A,0.348,internvl3,zero_shot,2026-08-23T14:12:03
D_65052_181,non-mated,diagnostic_impostor,same,65052,65052,left,right,B,A,0,A,0.36,internvl3,zero_shot,2026-08-23T14:12:04
I_14493_44595_right_s,non-mated,primary_impostor,same,14493,44595,right,right,B,A,0,A,0.367,internvl3,zero_shot,2026-08-23T14:12:04
I_87757_89171_right_s,non-mated,primary_impostor,same,87757,89171,right,right,B,A,0,A,0.364,internvl3,zero_shot,2026-08-23T14:12:04
G_89171_right_2568,mated,primary_genuine,cross,89171,89171,right,right,A,A,1,A,0.345,internvl3,zero_shot,2026-08-23T14:12:05
G_32467_left_480,mated,primary_genuine,same,32467,32467,left,left,A,A,1,A,0.358,internvl3,zero_shot,2026-08-23T14:12:05
G_89171_right_2581,mated,primary_genuine,same,89171,89171,right,right,A,A,1,A,0.365,internvl3,zero_shot,2026-08-23T14:12:05
I_44595_83742_right_s,non-mated,primary_impostor,same,44595,83742,right,right,B,A,0,A,0.368,internvl3,zero_shot,2026-08-23T14:12:06
D_74850_204,non-mated,diagnostic_impostor,same,74850,74850,left,right,B,B,1,B,0.377,internvl3,zero_shot,2026-08-23T14:12:06
D_56583_106,non-mated,diagnostic_impostor,cross,56583,56583,left,right,B,B,1,B,0.355,internvl3,zero_shot,2026-08-23T14:12:07
G_65030_left_1655,mated,primary_genuine,cross,65030,65030,left,left,A,A,1,A,0.352,internvl3,zero_shot,2026-08-23T14:12:07
G_32467_left_424,mated,primary_genuine,cross,32467,32467,left,left,A,B,0,B,0.368,internvl3,zero_shot,2026-08-23T14:12:07
I_44595_56583_left_x,non-mated,primary_impostor,cross,44595,56583,left,left,B,B,1,B,0.358,internvl3,zero_shot,2026-08-23T14:12:08
I_76957_89171_left_s,non-mated,primary_impostor,same,76957,89171,left,left,B,A,0,A,0.371,internvl3,zero_shot,2026-08-23T14:12:08
G_43210_right_653,mated,primary_genuine,cross,43210,43210,right,right,A,B,0,B,0.351,internvl3,zero_shot,2026-08-23T14:12:08
I_65030_87757_right_x,non-mated,primary_impostor,cross,65030,87757,right,right,B,A,0,A,0.361,internvl3,zero_shot,2026-08-23T14:12:09
I_27295_76957_right_s,non-mated,primary_impostor,same,27295,76957,right,right,B,A,0,A,0.368,internvl3,zero_shot,2026-08-23T14:12:09
G_74850_left_2003,mated,primary_genuine,same,74850,74850,left,left,A,A,1,A,0.35,internvl3,zero_shot,2026-08-23T14:12:09
D_63029_161,non-mated,diagnostic_impostor,same,63029,63029,left,right,B,B,1,B,0.36,internvl3,zero_shot,2026-08-23T14:12:10
D_27295_37,non-mated,diagnostic_impostor,cross,27295,27295,left,right,B,B,1,B,0.348,internvl3,zero_shot,2026-08-23T14:12:10
G_56583_right_914,mated,primary_genuine,cross,56583,56583,right,right,A,A,1,A,0.353,internvl3,zero_shot,2026-08-23T14:12:11
G_89171_right_2533,mated,primary_genuine,same,89171,89171,right,right,A,A,1,A,0.374,internvl3,zero_shot,2026-08-23T14:12:11
G_74850_left_1996,mated,primary_genuine,cross,74850,74850,left,left,A,A,1,A,0.341,internvl3,zero_shot,2026-08-23T14:12:11
I_69658_96608_left_x,non-mated,primary_impostor,cross,69658,96608,left,left,B,B,1,B,0.356,internvl3,zero_shot,2026-08-23T14:12:12
I_47904_96608_right_s,non-mated,primary_impostor,same,47904,96608,right,right,B,A,0,A,0.37,internvl3,zero_shot,2026-08-23T14:12:12
G_65052_right_1792,mated,primary_genuine,same,65052,65052,right,right,A,A,1,A,0.36,internvl3,zero_shot,2026-08-23T14:12:12
G_14493_left_46,mated,primary_genuine,cross,14493,14493,left,left,A,B,0,B,0.346,internvl3,zero_shot,2026-08-23T14:12:13
I_14493_24101_right_x,non-mated,primary_impostor,cross,14493,24101,right,right,B,B,1,B,0.363,internvl3,zero_shot,2026-08-23T14:12:13
D_93812_266,non-mated,diagnostic_impostor,cross,93812,93812,left,right,B,B,1,B,0.355,internvl3,zero_shot,2026-08-23T14:12:13
G_32467_left_461,mated,primary_genuine,cross,32467,32467,left,left,A,A,1,A,0.346,internvl3,zero_shot,2026-08-23T14:12:14
G_63029_right_1593,mated,primary_genuine,cross,63029,63029,right,right,A,B,0,B,0.358,internvl3,zero_shot,2026-08-23T14:12:14
D_83742_237,non-mated,diagnostic_impostor,cross,83742,83742,left,right,B,A,0,A,0.355,internvl3,zero_shot,2026-08-23T14:12:14
G_20294_right_270,mated,primary_genuine,same,20294,20294,right,right,A,B,0,B,0.353,internvl3,zero_shot,2026-08-23T14:12:15
G_87757_right_2436,mated,primary_genuine,cross,87757,87757,right,right,A,A,1,A,0.36,internvl3,zero_shot,2026-08-23T14:12:15
D_56583_96,non-mated,diagnostic_impostor,same,56583,56583,left,right,B,A,0,A,0.345,internvl3,zero_shot,2026-08-23T14:12:16
I_44595_65030_right_x,non-mated,primary_impostor,cross,44595,65030,right,right,B,A,0,A,0.352,internvl3,zero_shot,2026-08-23T14:12:16
G_20294_right_236,mated,primary_genuine,cross,20294,20294,right,right,A,A,1,A,0.359,internvl3,zero_shot,2026-08-23T14:12:16
G_99775_left_2838,mated,primary_genuine,cross,99775,99775,left,left,A,B,0,B,0.352,internvl3,zero_shot,2026-08-23T14:12:17
G_99775_right_2943,mated,primary_genuine,cross,99775,99775,right,right,A,A,1,A,0.344,internvl3,zero_shot,2026-08-23T14:12:17
G_27295_right_391,mated,primary_genuine,same,27295,27295,right,right,A,B,0,B,0.356,internvl3,zero_shot,2026-08-23T14:12:17
G_58398_right_1339,mated,primary_genuine,cross,58398,58398,right,right,A,A,1,A,0.347,internvl3,zero_shot,2026-08-23T14:12:18
D_83742_230,non-mated,diagnostic_impostor,same,83742,83742,left,right,B,B,1,B,0.349,internvl3,zero_shot,2026-08-23T14:12:18
G_20294_left_146,mated,primary_genuine,same,20294,20294,left,left,A,A,1,A,0.357,internvl3,zero_shot,2026-08-23T14:12:18
I_57145_58398_right_x,non-mated,primary_impostor,cross,57145,58398,right,right,B,B,1,B,0.354,internvl3,zero_shot,2026-08-23T14:12:19
I_20294_57833_right_x,non-mated,primary_impostor,cross,20294,57833,right,right,B,B,1,B,0.364,internvl3,zero_shot,2026-08-23T14:12:19
D_89171_263,non-mated,diagnostic_impostor,same,89171,89171,left,right,B,A,0,A,0.364,internvl3,zero_shot,2026-08-23T14:12:19
G_96608_right_2805,mated,primary_genuine,cross,96608,96608,right,right,A,B,0,B,0.345,internvl3,zero_shot,2026-08-23T14:12:20
G_56583_left_870,mated,primary_genuine,cross,56583,56583,left,left,A,B,0,B,0.353,internvl3,zero_shot,2026-08-23T14:12:20
D_24101_30,non-mated,diagnostic_impostor,same,24101,24101,left,right,B,A,0,A,0.348,internvl3,zero_shot,2026-08-23T14:12:20
D_43210_65,non-mated,diagnostic_impostor,cross,43210,43210,left,right,B,A,0,A,0.354,internvl3,zero_shot,2026-08-23T14:12:21
I_58398_74850_right_s,non-mated,primary_impostor,same,58398,74850,right,right,B,A,0,A,0.363,internvl3,zero_shot,2026-08-23T14:12:21
G_14493_left_2,mated,primary_genuine,same,14493,14493,left,left,A,A,1,A,0.359,internvl3,zero_shot,2026-08-23T14:12:22
I_74850_93812_right_s,non-mated,primary_impostor,same,74850,93812,right,right,B,A,0,A,0.361,internvl3,zero_shot,2026-08-23T14:12:22
G_57145_left_1028,mated,primary_genuine,same,57145,57145,left,left,A,A,1,A,0.346,internvl3,zero_shot,2026-08-23T14:12:22
G_24101_right_300,mated,primary_genuine,cross,24101,24101,right,right,A,B,0,B,0.356,internvl3,zero_shot,2026-08-23T14:12:23
G_32467_right_543,mated,primary_genuine,same,32467,32467,right,right,A,A,1,A,0.358,internvl3,zero_shot,2026-08-23T14:12:23
G_96608_left_2700,mated,primary_genuine,same,96608,96608,left,left,A,B,0,B,0.361,internvl3,zero_shot,2026-08-23T14:12:23
G_47904_left_821,mated,primary_genuine,cross,47904,47904,left,left,A,B,0,B,0.358,internvl3,zero_shot,2026-08-23T14:12:24
G_58793_left_1394,mated,primary_genuine,cross,58793,58793,left,left,A,A,1,A,0.349,internvl3,zero_shot,2026-08-23T14:12:24
G_57833_right_1193,mated,primary_genuine,same,57833,57833,right,right,A,A,1,A,0.365,internvl3,zero_shot,2026-08-23T14:12:24
G_20294_left_178,mated,primary_genuine,cross,20294,20294,left,left,A,B,0,B,0.349,internvl3,zero_shot,2026-08-23T14:12:25
G_65030_right_1687,mated,primary_genuine,cross,65030,65030,right,right,A,B,0,B,0.357,internvl3,zero_shot,2026-08-23T14:12:25
I_20294_43210_right_s,non-mated,primary_impostor,same,20294,43210,right,right,B,A,0,A,0.379,internvl3,zero_shot,2026-08-23T14:12:25
I_14493_76957_left_s,non-mated,primary_impostor,same,14493,76957,left,left,B,A,0,A,0.374,internvl3,zero_shot,2026-08-23T14:12:26
I_58793_96608_left_x,non-mated,primary_impostor,cross,58793,96608,left,left,B,B,1,B,0.362,internvl3,zero_shot,2026-08-23T14:12:26
I_32467_56583_left_x,non-mated,primary_impostor,cross,32467,56583,left,left,B,B,1,B,0.369,internvl3,zero_shot,2026-08-23T14:12:27
G_27295_left_360,mated,primary_genuine,same,27295,27295,left,left,A,A,1,A,0.349,internvl3,zero_shot,2026-08-23T14:12:27
D_93812_271,non-mated,diagnostic_impostor,cross,93812,93812,left,right,B,B,1,B,0.358,internvl3,zero_shot,2026-08-23T14:12:27
I_20294_58793_left_x,non-mated,primary_impostor,cross,20294,58793,left,left,B,B,1,B,0.366,internvl3,zero_shot,2026-08-23T14:12:28
G_58398_right_1343,mated,primary_genuine,cross,58398,58398,right,right,A,B,0,B,0.364,internvl3,zero_shot,2026-08-23T14:12:28
G_69658_right_1935,mated,primary_genuine,cross,69658,69658,right,right,A,B,0,B,0.353,internvl3,zero_shot,2026-08-23T14:12:28
I_43210_58398_right_x,non-mated,primary_impostor,cross,43210,58398,right,right,B,B,1,B,0.36,internvl3,zero_shot,2026-08-23T14:12:29
I_43210_76957_left_s,non-mated,primary_impostor,same,43210,76957,left,left,B,A,0,A,0.367,internvl3,zero_shot,2026-08-23T14:12:29
G_32467_right_492,mated,primary_genuine,cross,32467,32467,right,right,A,B,0,B,0.356,internvl3,zero_shot,2026-08-23T14:12:29
G_65030_left_1641,mated,primary_genuine,cross,65030,65030,left,left,A,A,1,A,0.356,internvl3,zero_shot,2026-08-23T14:12:30
I_20294_69658_left_s,non-mated,primary_impostor,same,20294,69658,left,left,B,B,1,B,0.375,internvl3,zero_shot,2026-08-23T14:12:30
I_58793_89171_right_s,non-mated,primary_impostor,same,58793,89171,right,right,B,A,0,A,0.364,internvl3,zero_shot,2026-08-23T14:12:31
I_56583_76957_right_s,non-mated,primary_impostor,same,56583,76957,right,right,B,A,0,A,0.359,internvl3,zero_shot,2026-08-23T14:12:31
I_14493_99775_right_x,non-mated,primary_impostor,cross,14493,99775,right,right,B,A,0,A,0.36,internvl3,zero_shot,2026-08-23T14:12:31
I_56583_89171_left_x,non-mated,primary_impostor,cross,56583,89171,left,left,B,B,1,B,0.363,internvl3,zero_shot,2026-08-23T14:12:32
G_44595_right_777,mated,primary_genuine,cross,44595,44595,right,right,A,B,0,B,0.355,internvl3,zero_shot,2026-08-23T14:12:32
D_65030_170,non-mated,diagnostic_impostor,cross,65030,65030,left,right,B,B,1,B,0.364,internvl3,zero_shot,2026-08-23T14:12:32
I_56583_87757_right_s,non-mated,primary_impostor,same,56583,87757,right,right,B,A,0,A,0.361,internvl3,zero_shot,2026-08-23T14:12:33
G_83742_left_2247,mated,primary_genuine,cross,83742,83742,left,left,A,B,0,B,0.348,internvl3,zero_shot,2026-08-23T14:12:33
D_57833_127,non-mated,diagnostic_impostor,cross,57833,57833,left,right,B,B,1,B,0.361,internvl3,zero_shot,2026-08-23T14:12:33
D_65030_174,non-mated,diagnostic_impostor,same,65030,65030,left,right,B,B,1,B,0.351,internvl3,zero_shot,2026-08-23T14:12:34
G_76957_left_2124,mated,primary_genuine,same,76957,76957,left,left,A,A,1,A,0.355,internvl3,zero_shot,2026-08-23T14:12:34
G_58398_left_1277,mated,primary_genuine,cross,58398,58398,left,left,A,B,0,B,0.358,internvl3,zero_shot,2026-08-23T14:12:34
I_63029_65030_left_x,non-mated,primary_impostor,cross,63029,65030,left,left,B,B,1,B,0.36,internvl3,zero_shot,2026-08-23T14:12:35
G_56583_left_885,mated,primary_genuine,same,56583,56583,left,left,A,A,1,A,0.363,internvl3,zero_shot,2026-08-23T14:12:35
D_65030_172,non-mated,diagnostic_impostor,cross,65030,65030,left,right,B,A,0,A,0.371,internvl3,zero_shot,2026-08-23T14:12:36
G_63029_right_1594,mated,primary_genuine,cross,63029,63029,right,right,A,B,0,B,0.358,internvl3,zero_shot,2026-08-23T14:12:36
D_65052_182,non-mated,diagnostic_impostor,cross,65052,65052,left,right,B,A,0,A,0.364,internvl3,zero_shot,2026-08-23T14:12:36
G_83742_right_2312,mated,primary_genuine,cross,83742,83742,right,right,A,A,1,A,0.346,internvl3,zero_shot,2026-08-23T14:12:37
I_83742_96608_left_s,non-mated,primary_impostor,same,83742,96608,left,left,B,A,0,A,0.379,internvl3,zero_shot,2026-08-23T14:12:37
I_24101_63029_right_x,non-mated,primary_impostor,cross,24101,63029,right,right,B,B,1,B,0.36,internvl3,zero_shot,2026-08-23T14:12:37
G_93812_left_2604,mated,primary_genuine,cross,93812,93812,left,left,A,B,0,B,0.357,internvl3,zero_shot,2026-08-23T14:12:38
I_44595_58398_left_x,non-mated,primary_impostor,cross,44595,58398,left,left,B,B,1,B,0.353,internvl3,zero_shot,2026-08-23T14:12:38
I_69658_99775_left_s,non-mated,primary_impostor,same,69658,99775,left,left,B,B,1,B,0.369,internvl3,zero_shot,2026-08-23T14:12:38
I_24101_47904_left_s,non-mated,primary_impostor,same,24101,47904,left,left,B,A,0,A,0.362,internvl3,zero_shot,2026-08-23T14:12:39
G_14493_right_96,mated,primary_genuine,same,14493,14493,right,right,A,B,0,B,0.351,internvl3,zero_shot,2026-08-23T14:12:39
G_65030_left_1669,mated,primary_genuine,same,65030,65030,left,left,A,A,1,A,0.355,internvl3,zero_shot,2026-08-23T14:12:40
I_65030_99775_right_x,non-mated,primary_impostor,cross,65030,99775,right,right,B,A,0,A,0.364,internvl3,zero_shot,2026-08-23T14:12:40
G_65052_left_1735,mated,primary_genuine,cross,65052,65052,left,left,A,B,0,B,0.365,internvl3,zero_shot,2026-08-23T14:12:40
G_24101_right_304,mated,primary_genuine,cross,24101,24101,right,right,A,B,0,B,0.371,internvl3,zero_shot,2026-08-23T14:12:41
I_87757_89171_right_x,non-mated,primary_impostor,cross,87757,89171,right,right,B,B,1,B,0.375,internvl3,zero_shot,2026-08-23T14:12:41
G_63029_right_1588,mated,primary_genuine,cross,63029,63029,right,right,A,B,0,B,0.366,internvl3,zero_shot,2026-08-23T14:12:41
G_57145_right_1117,mated,primary_genuine,same,57145,57145,right,right,A,A,1,A,0.359,internvl3,zero_shot,2026-08-23T14:12:42
I_65030_83742_left_x,non-mated,primary_impostor,cross,65030,83742,left,left,B,A,0,A,0.382,internvl3,zero_shot,2026-08-23T14:12:42
D_27295_45,non-mated,diagnostic_impostor,cross,27295,27295,left,right,B,B,1,B,0.357,internvl3,zero_shot,2026-08-23T14:12:42
D_24101_35,non-mated,diagnostic_impostor,cross,24101,24101,left,right,B,B,1,B,0.371,internvl3,zero_shot,2026-08-23T14:12:43
I_27295_74850_left_s,non-mated,primary_impostor,same,27295,74850,left,left,B,A,0,A,0.382,internvl3,zero_shot,2026-08-23T14:12:43
I_58398_93812_right_s,non-mated,primary_impostor,same,58398,93812,right,right,B,B,1,B,0.371,internvl3,zero_shot,2026-08-23T14:12:44
I_76957_96608_left_x,non-mated,primary_impostor,cross,76957,96608,left,left,B,B,1,B,0.37,internvl3,zero_shot,2026-08-23T14:12:44
I_32467_43210_left_s,non-mated,primary_impostor,same,32467,43210,left,left,B,A,0,A,0.381,internvl3,zero_shot,2026-08-23T14:12:44
G_58793_left_1401,mated,primary_genuine,cross,58793,58793,left,left,A,A,1,A,0.348,internvl3,zero_shot,2026-08-23T14:12:45
I_57833_63029_right_x,non-mated,primary_impostor,cross,57833,63029,right,right,B,B,1,B,0.366,internvl3,zero_shot,2026-08-23T14:12:45
G_65052_right_1804,mated,primary_genuine,same,65052,65052,right,right,A,B,0,B,0.364,internvl3,zero_shot,2026-08-23T14:12:45
G_63029_left_1511,mated,primary_genuine,cross,63029,63029,left,left,A,B,0,B,0.363,internvl3,zero_shot,2026-08-23T14:12:46
I_57145_58398_right_s,non-mated,primary_impostor,same,57145,58398,right,right,B,A,0,A,0.383,internvl3,zero_shot,2026-08-23T14:12:46
G_20294_left_132,mated,primary_genuine,same,20294,20294,left,left,A,A,1,A,0.37,internvl3,zero_shot,2026-08-23T14:12:47
G_44595_right_807,mated,primary_genuine,same,44595,44595,right,right,A,B,0,B,0.343,internvl3,zero_shot,2026-08-23T14:12:47
G_89171_left_2503,mated,primary_genuine,cross,89171,89171,left,left,A,A,1,A,0.359,internvl3,zero_shot,2026-08-23T14:12:47
G_44595_right_811,mated,primary_genuine,same,44595,44595,right,right,A,A,1,A,0.347,internvl3,zero_shot,2026-08-23T14:12:48
G_58793_left_1384,mated,primary_genuine,cross,58793,58793,left,left,A,B,0,B,0.354,internvl3,zero_shot,2026-08-23T14:12:48
I_24101_43210_left_s,non-mated,primary_impostor,same,24101,43210,left,left,B,B,1,B,0.366,internvl3,zero_shot,2026-08-23T14:12:48
I_56583_96608_left_x,non-mated,primary_impostor,cross,56583,96608,left,left,B,B,1,B,0.354,internvl3,zero_shot,2026-08-23T14:12:49
G_24101_right_298,mated,primary_genuine,same,24101,24101,right,right,A,A,1,A,0.369,internvl3,zero_shot,2026-08-23T14:12:49
G_63029_right_1591,mated,primary_genuine,same,63029,63029,right,right,A,B,0,B,0.357,internvl3,zero_shot,2026-08-23T14:12:49
I_32467_57833_right_x,non-mated,primary_impostor,cross,32467,57833,right,right,B,B,1,B,0.353,internvl3,zero_shot,2026-08-23T14:12:50
G_44595_left_691,mated,primary_genuine,cross,44595,44595,left,left,A,B,0,B,0.354,internvl3,zero_shot,2026-08-23T14:12:50
D_69658_193,non-mated,diagnostic_impostor,cross,69658,69658,left,right,B,B,1,B,0.364,internvl3,zero_shot,2026-08-23T14:12:50
G_32467_right_525,mated,primary_genuine,cross,32467,32467,right,right,A,B,0,B,0.345,internvl3,zero_shot,2026-08-23T14:12:51
D_87757_242,non-mated,diagnostic_impostor,same,87757,87757,left,right,B,B,1,B,0.372,internvl3,zero_shot,2026-08-23T14:12:51
I_24101_47904_left_x,non-mated,primary_impostor,cross,24101,47904,left,left,B,B,1,B,0.354,internvl3,zero_shot,2026-08-23T14:12:52
G_24101_left_288,mated,primary_genuine,same,24101,24101,left,left,A,A,1,A,0.372,internvl3,zero_shot,2026-08-23T14:12:52
D_32467_57,non-mated,diagnostic_impostor,cross,32467,32467,left,right,B,B,1,B,0.359,internvl3,zero_shot,2026-08-23T14:12:52
D_43210_69,non-mated,diagnostic_impostor,same,43210,43210,left,right,B,A,0,A,0.376,internvl3,zero_shot,2026-08-23T14:12:53
D_69658_202,non-mated,diagnostic_impostor,cross,69658,69658,left,right,B,A,0,A,0.358,internvl3,zero_shot,2026-08-23T14:12:53
G_58793_left_1388,mated,primary_genuine,same,58793,58793,left,left,A,A,1,A,0.343,internvl3,zero_shot,2026-08-23T14:12:53
D_63029_165,non-mated,diagnostic_impostor,same,63029,63029,left,right,B,B,1,B,0.349,internvl3,zero_shot,2026-08-23T14:12:54
I_87757_89171_left_x,non-mated,primary_impostor,cross,87757,89171,left,left,B,B,1,B,0.354,internvl3,zero_shot,2026-08-23T14:12:54
G_76957_left_2106,mated,primary_genuine,same,76957,76957,left,left,A,A,1,A,0.355,internvl3,zero_shot,2026-08-23T14:12:54
G_89171_left_2487,mated,primary_genuine,same,89171,89171,left,left,A,A,1,A,0.358,internvl3,zero_shot,2026-08-23T14:12:55
I_27295_65052_left_s,non-mated,primary_impostor,same,27295,65052,left,left,B,A,0,A,0.362,internvl3,zero_shot,2026-08-23T14:12:55
G_58793_right_1452,mated,primary_genuine,cross,58793,58793,right,right,A,A,1,A,0.344,internvl3,zero_shot,2026-08-23T14:12:55
I_74850_89171_left_x,non-mated,primary_impostor,cross,74850,89171,left,left,B,A,0,A,0.361,internvl3,zero_shot,2026-08-23T14:12:56
D_57833_122,non-mated,diagnostic_impostor,same,57833,57833,left,right,B,B,1,B,0.36,internvl3,zero_shot,2026-08-23T14:12:56
D_27295_38,non-mated,diagnostic_impostor,same,27295,27295,left,right,B,A,0,A,0.345,internvl3,zero_shot,2026-08-23T14:12:57
I_20294_99775_right_s,non-mated,primary_impostor,same,20294,99775,right,right,B,A,0,A,0.375,internvl3,zero_shot,2026-08-23T14:12:57
I_27295_44595_left_s,non-mated,primary_impostor,same,27295,44595,left,left,B,A,0,A,0.361,internvl3,zero_shot,2026-08-23T14:12:57
G_43210_left_608,mated,primary_genuine,same,43210,43210,left,left,A,A,1,A,0.345,internvl3,zero_shot,2026-08-23T14:12:58
D_14493_0,non-mated,diagnostic_impostor,same,14493,14493,left,right,B,B,1,B,0.361,internvl3,zero_shot,2026-08-23T14:12:58
D_58793_145,non-mated,diagnostic_impostor,same,58793,58793,left,right,B,B,1,B,0.346,internvl3,zero_shot,2026-08-23T14:12:58
I_20294_57145_left_x,non-mated,primary_impostor,cross,20294,57145,left,left,B,B,1,B,0.367,internvl3,zero_shot,2026-08-23T14:12:59
I_65052_96608_right_s,non-mated,primary_impostor,same,65052,96608,right,right,B,B,1,B,0.373,internvl3,zero_shot,2026-08-23T14:12:59
G_20294_left_151,mated,primary_genuine,cross,20294,20294,left,left,A,B,0,B,0.347,internvl3,zero_shot,2026-08-23T14:12:59
G_74850_right_2052,mated,primary_genuine,cross,74850,74850,right,right,A,B,0,B,0.351,internvl3,zero_shot,2026-08-23T14:13:00
G_14493_left_45,mated,primary_genuine,cross,14493,14493,left,left,A,B,0,B,0.351,internvl3,zero_shot,2026-08-23T14:13:00
D_87757_246,non-mated,diagnostic_impostor,same,87757,87757,left,right,B,B,1,B,0.349,internvl3,zero_shot,2026-08-23T14:13:00
G_87757_left_2352,mated,primary_genuine,cross,87757,87757,left,left,A,B,0,B,0.36,internvl3,zero_shot,2026-08-23T14:13:01
D_83742_235,non-mated,diagnostic_impostor,cross,83742,83742,left,right,B,A,0,A,0.366,internvl3,zero_shot,2026-08-23T14:13:01
D_57145_116,non-mated,diagnostic_impostor,same,57145,57145,left,right,B,A,0,A,0.342,internvl3,zero_shot,2026-08-23T14:13:02
I_76957_93812_left_x,non-mated,primary_impostor,cross,76957,93812,left,left,B,B,1,B,0.361,internvl3,zero_shot,2026-08-23T14:13:02
I_32467_69658_right_s,non-mated,primary_impostor,same,32467,69658,right,right,B,B,1,B,0.362,internvl3,zero_shot,2026-08-23T14:13:02
D_32467_49,non-mated,diagnostic_impostor,cross,32467,32467,left,right,B,B,1,B,0.362,internvl3,zero_shot,2026-08-23T14:13:03
D_14493_4,non-mated,diagnostic_impostor,same,14493,14493,left,right,B,B,1,B,0.356,internvl3,zero_shot,2026-08-23T14:13:03
G_83742_right_2320,mated,primary_genuine,cross,83742,83742,right,right,A,A,1,A,0.349,internvl3,zero_shot,2026-08-23T14:13:03
I_20294_63029_left_x,non-mated,primary_impostor,cross,20294,63029,left,left,B,A,0,A,0.368,internvl3,zero_shot,2026-08-23T14:13:04
D_65052_183,non-mated,diagnostic_impostor,same,65052,65052,left,right,B,A,0,A,0.362,internvl3,zero_shot,2026-08-23T14:13:04
I_32467_44595_right_x,non-mated,primary_impostor,cross,32467,44595,right,right,B,B,1,B,0.355,internvl3,zero_shot,2026-08-23T14:13:04
I_24101_56583_right_x,non-mated,primary_impostor,cross,24101,56583,right,right,B,B,1,B,0.359,internvl3,zero_shot,2026-08-23T14:13:05
I_93812_99775_left_x,non-mated,primary_impostor,cross,93812,99775,left,left,B,B,1,B,0.348,internvl3,zero_shot,2026-08-23T14:13:05
I_14493_93812_left_x,non-mated,primary_impostor,cross,14493,93812,left,left,B,B,1,B,0.357,internvl3,zero_shot,2026-08-23T14:13:05
I_63029_74850_left_x,non-mated,primary_impostor,cross,63029,74850,left,left,B,B,1,B,0.355,internvl3,zero_shot,2026-08-23T14:13:06
I_47904_65052_left_s,non-mated,primary_impostor,same,47904,65052,left,left,B,B,1,B,0.372,internvl3,zero_shot,2026-08-23T14:13:06
I_57145_96608_left_s,non-mated,primary_impostor,same,57145,96608,left,left,B,A,0,A,0.368,internvl3,zero_shot,2026-08-23T14:13:07
G_89171_left_2480,mated,primary_genuine,same,89171,89171,left,left,A,A,1,A,0.356,internvl3,zero_shot,2026-08-23T14:13:07
G_58793_left_1420,mated,primary_genuine,same,58793,58793,left,left,A,A,1,A,0.342,internvl3,zero_shot,2026-08-23T14:13:07
I_27295_99775_left_s,non-mated,primary_impostor,same,27295,99775,left,left,B,A,0,A,0.368,internvl3,zero_shot,2026-08-23T14:13:08
I_27295_58793_left_s,non-mated,primary_impostor,same,27295,58793,left,left,B,A,0,A,0.366,internvl3,zero_shot,2026-08-23T14:13:08
I_14493_58398_left_x,non-mated,primary_impostor,cross,14493,58398,left,left,B,B,1,B,0.35,internvl3,zero_shot,2026-08-23T14:13:08
I_27295_44595_right_s,non-mated,primary_impostor,same,27295,44595,right,right,B,A,0,A,0.365,internvl3,zero_shot,2026-08-23T14:13:09
I_27295_47904_right_x,non-mated,primary_impostor,cross,27295,47904,right,right,B,B,1,B,0.366,internvl3,zero_shot,2026-08-23T14:13:09
I_76957_89171_right_s,non-mated,primary_impostor,same,76957,89171,right,right,B,A,0,A,0.37,internvl3,zero_shot,2026-08-23T14:13:09
I_58398_63029_right_s,non-mated,primary_impostor,same,58398,63029,right,right,B,A,0,A,0.36,internvl3,zero_shot,2026-08-23T14:13:10
I_20294_56583_right_s,non-mated,primary_impostor,same,20294,56583,right,right,B,A,0,A,0.369,internvl3,zero_shot,2026-08-23T14:13:10
D_93812_274,non-mated,diagnostic_impostor,cross,93812,93812,left,right,B,B,1,B,0.361,internvl3,zero_shot,2026-08-23T14:13:11
D_74850_212,non-mated,diagnostic_impostor,same,74850,74850,left,right,B,A,0,A,0.362,internvl3,zero_shot,2026-08-23T14:13:11
I_58398_99775_right_s,non-mated,primary_impostor,same,58398,99775,right,right,B,A,0,A,0.357,internvl3,zero_shot,2026-08-23T14:13:11
G_56583_left_887,mated,primary_genuine,same,56583,56583,left,left,A,A,1,A,0.344,internvl3,zero_shot,2026-08-23T14:13:12
G_58793_right_1469,mated,primary_genuine,same,58793,58793,right,right,A,B,0,B,0.352,internvl3,zero_shot,2026-08-23T14:13:12
G_99775_left_2857,mated,primary_genuine,cross,99775,99775,left,left,A,A,1,A,0.353,internvl3,zero_shot,2026-08-23T14:13:12
I_44595_47904_left_x,non-mated,primary_impostor,cross,44595,47904,left,left,B,B,1,B,0.354,internvl3,zero_shot,2026-08-23T14:13:13
G_57145_right_1036,mated,primary_genuine,same,57145,57145,right,right,A,A,1,A,0.368,internvl3,zero_shot,2026-08-23T14:13:13
G_43210_right_650,mated,primary_genuine,cross,43210,43210,right,right,A,A,1,A,0.349,internvl3,zero_shot,2026-08-23T14:13:13
I_32467_58398_left_x,non-mated,primary_impostor,cross,32467,58398,left,left,B,B,1,B,0.361,internvl3,zero_shot,2026-08-23T14:13:14
I_27295_57145_right_x,non-mated,primary_impostor,cross,27295,57145,right,right,B,A,0,A,0.358,internvl3,zero_shot,2026-08-23T14:13:14
D_65030_175,non-mated,diagnostic_impostor,same,65030,65030,left,right,B,B,1,B,0.359,internvl3,zero_shot,2026-08-23T14:13:14
G_58793_right_1451,mated,primary_genuine,cross,58793,58793,right,right,A,B,0,B,0.344,internvl3,zero_shot,2026-08-23T14:13:15
D_96608_276,non-mated,diagnostic_impostor,cross,96608,96608,left,right,B,B,1,B,0.353,internvl3,zero_shot,2026-08-23T14:13:15
G_58793_right_1446,mated,primary_genuine,cross,58793,58793,right,right,A,A,1,A,0.347,internvl3,zero_shot,2026-08-23T14:13:16
G_63029_left_1489,mated,primary_genuine,cross,63029,63029,left,left,A,B,0,B,0.352,internvl3,zero_shot,2026-08-23T14:13:16
G_14493_left_41,mated,primary_genuine,cross,14493,14493,left,left,A,B,0,B,0.347,internvl3,zero_shot,2026-08-23T14:13:16
I_24101_43210_left_x,non-mated,primary_impostor,cross,24101,43210,left,left,B,B,1,B,0.359,internvl3,zero_shot,2026-08-23T14:13:17
G_93812_right_2695,mated,primary_genuine,same,93812,93812,right,right,A,A,1,A,0.358,internvl3,zero_shot,2026-08-23T14:13:17
D_57833_130,non-mated,diagnostic_impostor,same,57833,57833,left,right,B,B,1,B,0.366,internvl3,zero_shot,2026-08-23T14:13:17
I_74850_99775_left_x,non-mated,primary_impostor,cross,74850,99775,left,left,B,B,1,B,0.35,internvl3,zero_shot,2026-08-23T14:13:18
G_96608_left_2709,mated,primary_genuine,same,96608,96608,left,left,A,A,1,A,0.36,internvl3,zero_shot,2026-08-23T14:13:18
G_57145_left_1033,mated,primary_genuine,same,57145,57145,left,left,A,A,1,A,0.352,internvl3,zero_shot,2026-08-23T14:13:18
I_58793_74850_right_s,non-mated,primary_impostor,same,58793,74850,right,right,B,B,1,B,0.367,internvl3,zero_shot,2026-08-23T14:13:19
D_14493_6,non-mated,diagnostic_impostor,same,14493,14493,left,right,B,A,0,A,0.347,internvl3,zero_shot,2026-08-23T14:13:19
D_76957_218,non-mated,diagnostic_impostor,cross,76957,76957,left,right,B,A,0,A,0.355,internvl3,zero_shot,2026-08-23T14:13:19
G_63029_left_1521,mated,primary_genuine,same,63029,63029,left,left,A,A,1,A,0.354,internvl3,zero_shot,2026-08-23T14:13:20
I_20294_58793_right_x,non-mated,primary_impostor,cross,20294,58793,right,right,B,B,1,B,0.367,internvl3,zero_shot,2026-08-23T14:13:20
D_47904_86,non-mated,diagnostic_impostor,cross,47904,47904,left,right,B,B,1,B,0.358,internvl3,zero_shot,2026-08-23T14:13:21
I_14493_65052_left_s,non-mated,primary_impostor,same,14493,65052,left,left,B,A,0,A,0.373,internvl3,zero_shot,2026-08-23T14:13:21
I_44595_65030_left_x,non-mated,primary_impostor,cross,44595,65030,left,left,B,B,1,B,0.35,internvl3,zero_shot,2026-08-23T14:13:21
I_57145_83742_left_x,non-mated,primary_impostor,cross,57145,83742,left,left,B,B,1,B,0.36,internvl3,zero_shot,2026-08-23T14:13:22
G_65052_right_1842,mated,primary_genuine,same,65052,65052,right,right,A,A,1,A,0.354,internvl3,zero_shot,2026-08-23T14:13:22
G_63029_left_1508,mated,primary_genuine,cross,63029,63029,left,left,A,A,1,A,0.361,internvl3,zero_shot,2026-08-23T14:13:22
G_27295_right_378,mated,primary_genuine,cross,27295,27295,right,right,A,A,1,A,0.359,internvl3,zero_shot,2026-08-23T14:13:23
G_47904_left_817,mated,primary_genuine,cross,47904,47904,left,left,A,A,1,A,0.362,internvl3,zero_shot,2026-08-23T14:13:23
D_87757_247,non-mated,diagnostic_impostor,cross,87757,87757,left,right,B,B,1,B,0.361,internvl3,zero_shot,2026-08-23T14:13:23
G_57833_left_1131,mated,primary_genuine,same,57833,57833,left,left,A,B,0,B,0.364,internvl3,zero_shot,2026-08-23T14:13:24
I_43210_57833_right_s,non-mated,primary_impostor,same,43210,57833,right,right,B,A,0,A,0.366,internvl3,zero_shot,2026-08-23T14:13:24
G_44595_right_800,mated,primary_genuine,same,44595,44595,right,right,A,A,1,A,0.345,internvl3,zero_shot,2026-08-23T14:13:24
I_14493_83742_right_s,non-mated,primary_impostor,same,14493,83742,right,right,B,A,0,A,0.375,internvl3,zero_shot,2026-08-23T14:13:25
D_44595_78,non-mated,diagnostic_impostor,cross,44595,44595,left,right,B,B,1,B,0.352,internvl3,zero_shot,2026-08-23T14:13:25
G_57145_left_967,mated,primary_genuine,cross,57145,57145,left,left,A,A,1,A,0.354,internvl3,zero_shot,2026-08-23T14:13:26
D_20294_13,non-mated,diagnostic_impostor,cross,20294,20294,left,right,B,A,0,A,0.36,internvl3,zero_shot,2026-08-23T14:13:26
D_87757_243,non-mated,diagnostic_impostor,cross,87757,87757,left,right,B,A,0,A,0.36,internvl3,zero_shot,2026-08-23T14:13:26
G_65030_right_1684,mated,primary_genuine,cross,65030,65030,right,right,A,A,1,A,0.353,internvl3,zero_shot,2026-08-23T14:13:27
I_32467_43210_left_x,non-mated,primary_impostor,cross,32467,43210,left,left,B,B,1,B,0.372,internvl3,zero_shot,2026-08-23T14:13:27
G_57145_right_1102,mated,primary_genuine,same,57145,57145,right,right,A,A,1,A,0.352,internvl3,zero_shot,2026-08-23T14:13:27
I_44595_47904_right_s,non-mated,primary_impostor,same,44595,47904,right,right,B,A,0,A,0.364,internvl3,zero_shot,2026-08-23T14:13:28
G_83742_right_2298,mated,primary_genuine,cross,83742,83742,right,right,A,B,0,B,0.361,internvl3,zero_shot,2026-08-23T14:13:28
G_99775_right_2910,mated,primary_genuine,cross,99775,99775,right,right,A,A,1,A,0.356,internvl3,zero_shot,2026-08-23T14:13:28
I_65052_99775_left_s,non-mated,primary_impostor,same,65052,99775,left,left,B,A,0,A,0.371,internvl3,zero_shot,2026-08-23T14:13:29
G_58793_right_1448,mated,primary_genuine,cross,58793,58793,right,right,A,A,1,A,0.345,internvl3,zero_shot,2026-08-23T14:13:29
I_83742_87757_left_s,non-mated,primary_impostor,same,83742,87757,left,left,B,A,0,A,0.372,internvl3,zero_shot,2026-08-23T14:13:30
D_99775_288,non-mated,diagnostic_impostor,cross,99775,99775,left,right,B,B,1,B,0.351,internvl3,zero_shot,2026-08-23T14:13:30
G_83742_right_2327,mated,primary_genuine,cross,83742,83742,right,right,A,B,0,B,0.348,internvl3,zero_shot,2026-08-23T14:13:30
G_24101_left_290,mated,primary_genuine,cross,24101,24101,left,left,A,B,0,B,0.356,internvl3,zero_shot,2026-08-23T14:13:31
G_83742_left_2251,mated,primary_genuine,cross,83742,83742,left,left,A,A,1,A,0.354,internvl3,zero_shot,2026-08-23T14:13:31
D_96608_287,non-mated,diagnostic_impostor,same,96608,96608,left,right,B,A,0,A,0.35,internvl3,zero_shot,2026-08-23T14:13:31
G_58793_left_1416,mated,primary_genuine,same,58793,58793,left,left,A,A,1,A,0.351,internvl3,zero_shot,2026-08-23T14:13:32
I_14493_69658_left_s,non-mated,primary_impostor,same,14493,69658,left,left,B,B,1,B,0.371,internvl3,zero_shot,2026-08-23T14:13:32
I_47904_58793_left_x,non-mated,primary_impostor,cross,47904,58793,left,left,B,B,1,B,0.358,internvl3,zero_shot,2026-08-23T14:13:32
D_20294_21,non-mated,diagnostic_impostor,same,20294,20294,left,right,B,A,0,A,0.422,internvl3,zero_shot,2026-08-23T14:13:33
I_27295_63029_right_s,non-mated,primary_impostor,same,27295,63029,right,right,B,A,0,A,0.366,internvl3,zero_shot,2026-08-23T14:13:33
I_14493_76957_left_x,non-mated,primary_impostor,cross,14493,76957,left,left,B,B,1,B,0.356,internvl3,zero_shot,2026-08-23T14:13:34
G_57145_left_1008,mated,primary_genuine,same,57145,57145,left,left,A,A,1,A,0.363,internvl3,zero_shot,2026-08-23T14:13:34
G_27295_right_411,mated,primary_genuine,same,27295,27295,right,right,A,A,1,A,0.365,internvl3,zero_shot,2026-08-23T14:13:34
D_44595_77,non-mated,diagnostic_impostor,same,44595,44595,left,right,B,A,0,A,0.364,internvl3,zero_shot,2026-08-23T14:13:35
G_57833_right_1199,mated,primary_genuine,cross,57833,57833,right,right,A,B,0,B,0.362,internvl3,zero_shot,2026-08-23T14:13:35
D_24101_27,non-mated,diagnostic_impostor,same,24101,24101,left,right,B,A,0,A,0.378,internvl3,zero_shot,2026-08-23T14:13:35
G_96608_left_2707,mated,primary_genuine,cross,96608,96608,left,left,A,B,0,B,0.373,internvl3,zero_shot,2026-08-23T14:13:36
I_58793_63029_right_x,non-mated,primary_impostor,cross,58793,63029,right,right,B,B,1,B,0.357,internvl3,zero_shot,2026-08-23T14:13:36
G_32467_right_511,mated,primary_genuine,cross,32467,32467,right,right,A,A,1,A,0.355,internvl3,zero_shot,2026-08-23T14:13:36
G_89171_left_2521,mated,primary_genuine,cross,89171,89171,left,left,A,A,1,A,0.351,internvl3,zero_shot,2026-08-23T14:13:37
G_63029_right_1612,mated,primary_genuine,cross,63029,63029,right,right,A,A,1,A,0.349,internvl3,zero_shot,2026-08-23T14:13:37
I_32467_99775_left_x,non-mated,primary_impostor,cross,32467,99775,left,left,B,B,1,B,0.362,internvl3,zero_shot,2026-08-23T14:13:37
I_65030_96608_left_s,non-mated,primary_impostor,same,65030,96608,left,left,B,B,1,B,0.366,internvl3,zero_shot,2026-08-23T14:13:38
I_24101_47904_right_s,non-mated,primary_impostor,same,24101,47904,right,right,B,A,0,A,0.362,internvl3,zero_shot,2026-08-23T14:13:38
G_65030_left_1679,mated,primary_genuine,same,65030,65030,left,left,A,A,1,A,0.343,internvl3,zero_shot,2026-08-23T14:13:39
I_89171_99775_left_x,non-mated,primary_impostor,cross,89171,99775,left,left,B,B,1,B,0.357,internvl3,zero_shot,2026-08-23T14:13:39
I_58793_76957_right_x,non-mated,primary_impostor,cross,58793,76957,right,right,B,B,1,B,0.355,internvl3,zero_shot,2026-08-23T14:13:39
I_44595_57145_left_x,non-mated,primary_impostor,cross,44595,57145,left,left,B,B,1,B,0.373,internvl3,zero_shot,2026-08-23T14:13:40
G_58793_left_1379,mated,primary_genuine,same,58793,58793,left,left,A,B,0,B,0.363,internvl3,zero_shot,2026-08-23T14:13:40
G_74850_right_2038,mated,primary_genuine,cross,74850,74850,right,right,A,B,0,B,0.364,internvl3,zero_shot,2026-08-23T14:13:40
G_47904_right_833,mated,primary_genuine,cross,47904,47904,right,right,A,A,1,A,0.354,internvl3,zero_shot,2026-08-23T14:13:41
I_47904_87757_left_s,non-mated,primary_impostor,same,47904,87757,left,left,B,B,1,B,0.374,internvl3,zero_shot,2026-08-23T14:13:41
I_47904_63029_left_x,non-mated,primary_impostor,cross,47904,63029,left,left,B,B,1,B,0.361,internvl3,zero_shot,2026-08-23T14:13:41
D_57145_109,non-mated,diagnostic_impostor,cross,57145,57145,left,right,B,B,1,B,0.362,internvl3,zero_shot,2026-08-23T14:13:42
G_14493_right_83,mated,primary_genuine,cross,14493,14493,right,right,A,B,0,B,0.356,internvl3,zero_shot,2026-08-23T14:13:42
D_69658_203,non-mated,diagnostic_impostor,same,69658,69658,left,right,B,A,0,A,0.349,internvl3,zero_shot,2026-08-23T14:13:43
D_27295_44,non-mated,diagnostic_impostor,cross,27295,27295,left,right,B,B,1,B,0.362,internvl3,zero_shot,2026-08-23T14:13:43
G_58793_right_1441,mated,primary_genuine,cross,58793,58793,right,right,A,A,1,A,0.354,internvl3,zero_shot,2026-08-23T14:13:43
G_96608_left_2757,mated,primary_genuine,same,96608,96608,left,left,A,A,1,A,0.354,internvl3,zero_shot,2026-08-23T14:13:44
G_47904_left_818,mated,primary_genuine,cross,47904,47904,left,left,A,B,0,B,0.36,internvl3,zero_shot,2026-08-23T14:13:44
G_89171_right_2534,mated,primary_genuine,same,89171,89171,right,right,A,B,0,B,0.372,internvl3,zero_shot,2026-08-23T14:13:44
G_58398_right_1332,mated,primary_genuine,cross,58398,58398,right,right,A,B,0,B,0.354,internvl3,zero_shot,2026-08-23T14:13:45
D_74850_213,non-mated,diagnostic_impostor,cross,74850,74850,left,right,B,A,0,A,0.371,internvl3,zero_shot,2026-08-23T14:13:45
D_89171_252,non-mated,diagnostic_impostor,same,89171,89171,left,right,B,B,1,B,0.362,internvl3,zero_shot,2026-08-23T14:13:45
D_96608_284,non-mated,diagnostic_impostor,cross,96608,96608,left,right,B,B,1,B,0.351,internvl3,zero_shot,2026-08-23T14:13:46
G_20294_right_243,mated,primary_genuine,same,20294,20294,right,right,A,B,0,B,0.364,internvl3,zero_shot,2026-08-23T14:13:46
D_65030_177,non-mated,diagnostic_impostor,same,65030,65030,left,right,B,A,0,A,0.354,internvl3,zero_shot,2026-08-23T14:13:46
I_32467_58398_right_s,non-mated,primary_impostor,same,32467,58398,right,right,B,A,0,A,0.378,internvl3,zero_shot,2026-08-23T14:13:47
G_56583_right_939,mated,primary_genuine,same,56583,56583,right,right,A,A,1,A,0.356,internvl3,zero_shot,2026-08-23T14:13:47
D_32467_51,non-mated,diagnostic_impostor,same,32467,32467,left,right,B,A,0,A,0.357,internvl3,zero_shot,2026-08-23T14:13:48
G_20294_left_167,mated,primary_genuine,cross,20294,20294,left,left,A,B,0,B,0.373,internvl3,zero_shot,2026-08-23T14:13:48
G_58793_left_1374,mated,primary_genuine,cross,58793,58793,left,left,A,A,1,A,0.362,internvl3,zero_shot,2026-08-23T14:13:48
I_47904_58398_right_x,non-mated,primary_impostor,cross,47904,58398,right,right,B,B,1,B,0.357,internvl3,zero_shot,2026-08-23T14:13:49
G_56583_right_904,mated,primary_genuine,cross,56583,56583,right,right,A,B,0,B,0.36,internvl3,zero_shot,2026-08-23T14:13:49
I_58793_96608_left_s,non-mated,primary_impostor,same,58793,96608,left,left,B,B,1,B,0.374,internvl3,zero_shot,2026-08-23T14:13:49
I_14493_44595_left_x,non-mated,primary_impostor,cross,14493,44595,left,left,B,B,1,B,0.356,internvl3,zero_shot,2026-08-23T14:13:50
G_89171_left_2514,mated,primary_genuine,cross,89171,89171,left,left,A,A,1,A,0.35,internvl3,zero_shot,2026-08-23T14:13:50
I_65030_76957_left_x,non-mated,primary_impostor,cross,65030,76957,left,left,B,B,1,B,0.356,internvl3,zero_shot,2026-08-23T14:13:50
G_44595_left_709,mated,primary_genuine,cross,44595,44595,left,left,A,B,0,B,0.359,internvl3,zero_shot,2026-08-23T14:13:51
G_58793_right_1457,mated,primary_genuine,cross,58793,58793,right,right,A,A,1,A,0.351,internvl3,zero_shot,2026-08-23T14:13:51
G_44595_left_756,mated,primary_genuine,same,44595,44595,left,left,A,A,1,A,0.353,internvl3,zero_shot,2026-08-23T14:13:52
G_69658_left_1871,mated,primary_genuine,cross,69658,69658,left,left,A,B,0,B,0.356,internvl3,zero_shot,2026-08-23T14:13:52
D_43210_60,non-mated,diagnostic_impostor,cross,43210,43210,left,right,B,B,1,B,0.36,internvl3,zero_shot,2026-08-23T14:13:52
I_69658_89171_right_s,non-mated,primary_impostor,same,69658,89171,right,right,B,B,1,B,0.368,internvl3,zero_shot,2026-08-23T14:13:53
G_65052_left_1733,mated,primary_genuine,cross,65052,65052,left,left,A,B,0,B,0.356,internvl3,zero_shot,2026-08-23T14:13:53
G_65030_left_1636,mated,primary_genuine,same,65030,65030,left,left,A,A,1,A,0.361,internvl3,zero_shot,2026-08-23T14:13:53
I_47904_56583_right_s,non-mated,primary_impostor,same,47904,56583,right,right,B,A,0,A,0.361,internvl3,zero_shot,2026-08-23T14:13:54
G_20294_right_287,mated,primary_genuine,same,20294,20294,right,right,A,A,1,A,0.349,internvl3,zero_shot,2026-08-23T14:13:54
G_99775_left_2888,mated,primary_genuine,same,99775,99775,left,left,A,A,1,A,0.356,internvl3,zero_shot,2026-08-23T14:13:54
G_65052_right_1799,mated,primary_genuine,cross,65052,65052,right,right,A,B,0,B,0.363,internvl3,zero_shot,2026-08-23T14:13:55
I_57145_65030_right_x,non-mated,primary_impostor,cross,57145,65030,right,right,B,B,1,B,0.362,internvl3,zero_shot,2026-08-23T14:13:55
I_56583_58398_left_x,non-mated,primary_impostor,cross,56583,58398,left,left,B,B,1,B,0.359,internvl3,zero_shot,2026-08-23T14:13:55
G_69658_left_1864,mated,primary_genuine,cross,69658,69658,left,left,A,B,0,B,0.356,internvl3,zero_shot,2026-08-23T14:13:56
G_65052_left_1790,mated,primary_genuine,same,65052,65052,left,left,A,A,1,A,0.353,internvl3,zero_shot,2026-08-23T14:13:56
D_89171_261,non-mated,diagnostic_impostor,cross,89171,89171,left,right,B,B,1,B,0.379,internvl3,zero_shot,2026-08-23T14:13:57
I_32467_58398_right_x,non-mated,primary_impostor,cross,32467,58398,right,right,B,B,1,B,0.377,internvl3,zero_shot,2026-08-23T14:13:57
G_65052_right_1847,mated,primary_genuine,same,65052,65052,right,right,A,A,1,A,0.368,internvl3,zero_shot,2026-08-23T14:13:57
I_58398_96608_right_x,non-mated,primary_impostor,cross,58398,96608,right,right,B,B,1,B,0.359,internvl3,zero_shot,2026-08-23T14:13:58
G_56583_left_868,mated,primary_genuine,cross,56583,56583,left,left,A,A,1,A,0.349,internvl3,zero_shot,2026-08-23T14:13:58
D_99775_291,non-mated,diagnostic_impostor,cross,99775,99775,left,right,B,B,1,B,0.35,internvl3,zero_shot,2026-08-23T14:13:58
D_58793_144,non-mated,diagnostic_impostor,same,58793,58793,left,right,B,A,0,A,0.356,internvl3,zero_shot,2026-08-23T14:13:59
I_65030_83742_right_s,non-mated,primary_impostor,same,65030,83742,right,right,B,A,0,A,0.366,internvl3,zero_shot,2026-08-23T14:13:59
I_24101_87757_left_x,non-mated,primary_impostor,cross,24101,87757,left,left,B,B,1,B,0.35,internvl3,zero_shot,2026-08-23T14:13:59
G_87757_left_2353,mated,primary_genuine,cross,87757,87757,left,left,A,B,0,B,0.36,internvl3,zero_shot,2026-08-23T14:14:00
I_32467_83742_left_x,non-mated,primary_impostor,cross,32467,83742,left,left,B,B,1,B,0.366,internvl3,zero_shot,2026-08-23T14:14:00
G_63029_right_1623,mated,primary_genuine,same,63029,63029,right,right,A,B,0,B,0.364,internvl3,zero_shot,2026-08-23T14:14:01
I_58793_99775_left_s,non-mated,primary_impostor,same,58793,99775,left,left,B,A,0,A,0.367,internvl3,zero_shot,2026-08-23T14:14:01
D_14493_7,non-mated,diagnostic_impostor,same,14493,14493,left,right,B,A,0,A,0.344,internvl3,zero_shot,2026-08-23T14:14:01
G_74850_right_2039,mated,primary_genuine,cross,74850,74850,right,right,A,B,0,B,0.366,internvl3,zero_shot,2026-08-23T14:14:02
G_96608_left_2698,mated,primary_genuine,same,96608,96608,left,left,A,A,1,A,0.37,internvl3,zero_shot,2026-08-23T14:14:02
D_57833_121,non-mated,diagnostic_impostor,cross,57833,57833,left,right,B,B,1,B,0.356,internvl3,zero_shot,2026-08-23T14:14:02
D_63029_157,non-mated,diagnostic_impostor,same,63029,63029,left,right,B,A,0,A,0.358,internvl3,zero_shot,2026-08-23T14:14:03
I_24101_65052_right_x,non-mated,primary_impostor,cross,24101,65052,right,right,B,A,0,A,0.362,internvl3,zero_shot,2026-08-23T14:14:03
G_74850_right_2072,mated,primary_genuine,same,74850,74850,right,right,A,B,0,B,0.355,internvl3,zero_shot,2026-08-23T14:14:03
I_20294_74850_left_x,non-mated,primary_impostor,cross,20294,74850,left,left,B,B,1,B,0.374,internvl3,zero_shot,2026-08-23T14:14:04
D_32467_53,non-mated,diagnostic_impostor,cross,32467,32467,left,right,B,B,1,B,0.365,internvl3,zero_shot,2026-08-23T14:14:04
D_56583_98,non-mated,diagnostic_impostor,same,56583,56583,left,right,B,A,0,A,0.363,internvl3,zero_shot,2026-08-23T14:14:05
G_93812_left_2595,mated,primary_genuine,cross,93812,93812,left,left,A,B,0,B,0.349,internvl3,zero_shot,2026-08-23T14:14:05
I_56583_63029_right_s,non-mated,primary_impostor,same,56583,63029,right,right,B,A,0,A,0.364,internvl3,zero_shot,2026-08-23T14:14:05
D_83742_234,non-mated,diagnostic_impostor,cross,83742,83742,left,right,B,B,1,B,0.352,internvl3,zero_shot,2026-08-23T14:14:06
D_14493_10,non-mated,diagnostic_impostor,same,14493,14493,left,right,B,B,1,B,0.355,internvl3,zero_shot,2026-08-23T14:14:06
I_24101_58398_left_x,non-mated,primary_impostor,cross,24101,58398,left,left,B,B,1,B,0.356,internvl3,zero_shot,2026-08-23T14:14:06
G_20294_left_197,mated,primary_genuine,same,20294,20294,left,left,A,A,1,A,0.357,internvl3,zero_shot,2026-08-23T14:14:07
G_93812_left_2638,mated,primary_genuine,same,93812,93812,left,left,A,A,1,A,0.359,internvl3,zero_shot,2026-08-23T14:14:07
G_65052_left_1746,mated,primary_genuine,same,65052,65052,left,left,A,A,1,A,0.366,internvl3,zero_shot,2026-08-23T14:14:07
G_99775_left_2880,mated,primary_genuine,same,99775,99775,left,left,A,A,1,A,0.349,internvl3,zero_shot,2026-08-23T14:14:08
G_83742_left_2266,mated,primary_genuine,same,83742,83742,left,left,A,A,1,A,0.357,internvl3,zero_shot,2026-08-23T14:14:08
I_14493_65052_right_s,non-mated,primary_impostor,same,14493,65052,right,right,B,A,0,A,0.376,internvl3,zero_shot,2026-08-23T14:14:08
G_14493_right_118,mated,primary_genuine,same,14493,14493,right,right,A,A,1,A,0.351,internvl3,zero_shot,2026-08-23T14:14:09
D_56583_97,non-mated,diagnostic_impostor,same,56583,56583,left,right,B,B,1,B,0.372,internvl3,zero_shot,2026-08-23T14:14:09
G_43210_left_605,mated,primary_genuine,same,43210,43210,left,left,A,A,1,A,0.353,internvl3,zero_shot,2026-08-23T14:14:10
D_57833_129,non-mated,diagnostic_impostor,cross,57833,57833,left,right,B,A,0,A,0.359,internvl3,zero_shot,2026-08-23T14:14:10
I_63029_93812_left_s,non-mated,primary_impostor,same,63029,93812,left,left,B,A,0,A,0.36,internvl3,zero_shot,2026-08-23T14:14:10
D_43210_68,non-mated,diagnostic_impostor,same,43210,43210,left,right,B,A,0,A,0.35,internvl3,zero_shot,2026-08-23T14:14:11
I_56583_76957_left_s,non-mated,primary_impostor,same,56583,76957,left,left,B,A,0,A,0.371,internvl3,zero_shot,2026-08-23T14:14:11
G_58398_right_1319,mated,primary_genuine,cross,58398,58398,right,right,A,B,0,B,0.348,internvl3,zero_shot,2026-08-23T14:14:11
G_93812_right_2642,mated,primary_genuine,same,93812,93812,right,right,A,A,1,A,0.365,internvl3,zero_shot,2026-08-23T14:14:12
I_76957_83742_left_x,non-mated,primary_impostor,cross,76957,83742,left,left,B,B,1,B,0.352,internvl3,zero_shot,2026-08-23T14:14:12
G_47904_left_823,mated,primary_genuine,cross,47904,47904,left,left,A,A,1,A,0.352,internvl3,zero_shot,2026-08-23T14:14:12
I_20294_74850_right_s,non-mated,primary_impostor,same,20294,74850,right,right,B,A,0,A,0.375,internvl3,zero_shot,2026-08-23T14:14:13
I_76957_93812_left_s,non-mated,primary_impostor,same,76957,93812,left,left,B,A,0,A,0.357,internvl3,zero_shot,2026-08-23T14:14:13
D_32467_55,non-mated,diagnostic_impostor,cross,32467,32467,left,right,B,A,0,A,0.354,internvl3,zero_shot,2026-08-23T14:14:13
D_57145_111,non-mated,diagnostic_impostor,same,57145,57145,left,right,B,A,0,A,0.344,internvl3,zero_shot,2026-08-23T14:14:14
D_74850_206,non-mated,diagnostic_impostor,cross,74850,74850,left,right,B,B,1,B,0.369,internvl3,zero_shot,2026-08-23T14:14:14
G_14493_left_5,mated,primary_genuine,cross,14493,14493,left,left,A,B,0,B,0.354,internvl3,zero_shot,2026-08-23T14:14:15
G_57833_left_1129,mated,primary_genuine,same,57833,57833,left,left,A,B,0,B,0.361,internvl3,zero_shot,2026-08-23T14:14:15
I_47904_96608_left_x,non-mated,primary_impostor,cross,47904,96608,left,left,B,B,1,B,0.351,internvl3,zero_shot,2026-08-23T14:14:15
D_83742_238,non-mated,diagnostic_impostor,cross,83742,83742,left,right,B,A,0,A,0.363,internvl3,zero_shot,2026-08-23T14:14:16
G_89171_right_2585,mated,primary_genuine,same,89171,89171,right,right,A,A,1,A,0.343,internvl3,zero_shot,2026-08-23T14:14:16
D_57833_131,non-mated,diagnostic_impostor,same,57833,57833,left,right,B,B,1,B,0.348,internvl3,zero_shot,2026-08-23T14:14:16
D_96608_286,non-mated,diagnostic_impostor,same,96608,96608,left,right,B,B,1,B,0.352,internvl3,zero_shot,2026-08-23T14:14:17
G_96608_left_2699,mated,primary_genuine,same,96608,96608,left,left,A,A,1,A,0.372,internvl3,zero_shot,2026-08-23T14:14:17
G_58398_right_1331,mated,primary_genuine,cross,58398,58398,right,right,A,B,0,B,0.349,internvl3,zero_shot,2026-08-23T14:14:17
G_99775_left_2893,mated,primary_genuine,same,99775,99775,left,left,A,A,1,A,0.348,internvl3,zero_shot,2026-08-23T14:14:18
G_58793_right_1436,mated,primary_genuine,cross,58793,58793,right,right,A,A,1,A,0.358,internvl3,zero_shot,2026-08-23T14:14:18
D_57833_125,non-mated,diagnostic_impostor,same,57833,57833,left,right,B,B,1,B,0.359,internvl3,zero_shot,2026-08-23T14:14:18
G_27295_right_396,mated,primary_genuine,cross,27295,27295,right,right,A,B,0,B,0.347,internvl3,zero_shot,2026-08-23T14:14:19
I_63029_74850_left_s,non-mated,primary_impostor,same,63029,74850,left,left,B,A,0,A,0.366,internvl3,zero_shot,2026-08-23T14:14:19
D_87757_241,non-mated,diagnostic_impostor,same,87757,87757,left,right,B,A,0,A,0.347,internvl3,zero_shot,2026-08-23T14:14:20
D_74850_215,non-mated,diagnostic_impostor,cross,74850,74850,left,right,B,B,1,B,0.37,internvl3,zero_shot,2026-08-23T14:14:20
D_65052_189,non-mated,diagnostic_impostor,same,65052,65052,left,right,B,B,1,B,0.347,internvl3,zero_shot,2026-08-23T14:14:20
G_83742_left_2220,mated,primary_genuine,cross,83742,83742,left,left,A,A,1,A,0.356,internvl3,zero_shot,2026-08-23T14:14:21
G_65030_right_1690,mated,primary_genuine,same,65030,65030,right,right,A,A,1,A,0.367,internvl3,zero_shot,2026-08-23T14:14:21
G_57833_left_1147,mated,primary_genuine,cross,57833,57833,left,left,A,B,0,B,0.35,internvl3,zero_shot,2026-08-23T14:14:21
D_87757_250,non-mated,diagnostic_impostor,cross,87757,87757,left,right,B,B,1,B,0.357,internvl3,zero_shot,2026-08-23T14:14:22
G_96608_left_2717,mated,primary_genuine,cross,96608,96608,left,left,A,B,0,B,0.348,internvl3,zero_shot,2026-08-23T14:14:22
I_57145_83742_left_s,non-mated,primary_impostor,same,57145,83742,left,left,B,A,0,A,0.371,internvl3,zero_shot,2026-08-23T14:14:22
G_83742_left_2262,mated,primary_genuine,same,83742,83742,left,left,A,A,1,A,0.341,internvl3,zero_shot,2026-08-23T14:14:23
I_58398_87757_left_s,non-mated,primary_impostor,same,58398,87757,left,left,B,A,0,A,0.367,internvl3,zero_shot,2026-08-23T14:14:23
G_93812_left_2620,mated,primary_genuine,cross,93812,93812,left,left,A,B,0,B,0.348,internvl3,zero_shot,2026-08-23T14:14:23
D_99775_299,non-mated,diagnostic_impostor,same,99775,99775,left,right,B,A,0,A,0.443,internvl3,zero_shot,2026-08-23T14:14:24
D_69658_196,non-mated,diagnostic_impostor,same,69658,69658,left,right,B,A,0,A,0.364,internvl3,zero_shot,2026-08-23T14:14:24
I_24101_76957_left_x,non-mated,primary_impostor,cross,24101,76957,left,left,B,B,1,B,0.355,internvl3,zero_shot,2026-08-23T14:14:25
I_24101_69658_right_x,non-mated,primary_impostor,cross,24101,69658,right,right,B,B,1,B,0.361,internvl3,zero_shot,2026-08-23T14:14:25
G_14493_right_108,mated,primary_genuine,cross,14493,14493,right,right,A,B,0,B,0.352,internvl3,zero_shot,2026-08-23T14:14:25
D_24101_28,non-mated,diagnostic_impostor,cross,24101,24101,left,right,B,B,1,B,0.366,internvl3,zero_shot,2026-08-23T14:14:26
G_76957_right_2168,mated,primary_genuine,cross,76957,76957,right,right,A,B,0,B,0.349,internvl3,zero_shot,2026-08-23T14:14:26
I_65030_89171_right_x,non-mated,primary_impostor,cross,65030,89171,right,right,B,A,0,A,0.362,internvl3,zero_shot,2026-08-23T14:14:26
G_63029_right_1569,mated,primary_genuine,same,63029,63029,right,right,A,A,1,A,0.367,internvl3,zero_shot,2026-08-23T14:14:27
G_14493_left_47,mated,primary_genuine,cross,14493,14493,left,left,A,B,0,B,0.347,internvl3,zero_shot,2026-08-23T14:14:27
G_69658_left_1861,mated,primary_genuine,cross,69658,69658,left,left,A,B,0,B,0.357,internvl3,zero_shot,2026-08-23T14:14:27
G_74850_right_2050,mated,primary_genuine,cross,74850,74850,right,right,A,B,0,B,0.368,internvl3,zero_shot,2026-08-23T14:14:28
G_96608_right_2784,mated,primary_genuine,same,96608,96608,right,right,A,A,1,A,0.366,internvl3,zero_shot,2026-08-23T14:14:28
D_32467_59,non-mated,diagnostic_impostor,cross,32467,32467,left,right,B,A,0,A,0.361,internvl3,zero_shot,2026-08-23T14:14:29
I_89171_99775_left_s,non-mated,primary_impostor,same,89171,99775,left,left,B,A,0,A,0.362,internvl3,zero_shot,2026-08-23T14:14:29
I_47904_57833_right_s,non-mated,primary_impostor,same,47904,57833,right,right,B,B,1,B,0.36,internvl3,zero_shot,2026-08-23T14:14:29
I_24101_58793_right_x,non-mated,primary_impostor,cross,24101,58793,right,right,B,A,0,A,0.359,internvl3,zero_shot,2026-08-23T14:14:30
D_83742_236,non-mated,diagnostic_impostor,same,83742,83742,left,right,B,B,1,B,0.369,internvl3,zero_shot,2026-08-23T14:14:30
I_58793_65052_right_x,non-mated,primary_impostor,cross,58793,65052,right,right,B,B,1,B,0.351,internvl3,zero_shot,2026-08-23T14:14:30
I_20294_32467_left_x,non-mated,primary_impostor,cross,20294,32467,left,left,B,B,1,B,0.369,internvl3,zero_shot,2026-08-23T14:14:31
G_65030_left_1656,mated,primary_genuine,cross,65030,65030,left,left,A,B,0,B,0.354,internvl3,zero_shot,2026-08-23T14:14:31
D_76957_222,non-mated,diagnostic_impostor,cross,76957,76957,left,right,B,B,1,B,0.35,internvl3,zero_shot,2026-08-23T14:14:31
I_58793_65030_right_x,non-mated,primary_impostor,cross,58793,65030,right,right,B,A,0,A,0.357,internvl3,zero_shot,2026-08-23T14:14:32
I_20294_65052_left_x,non-mated,primary_impostor,cross,20294,65052,left,left,B,B,1,B,0.369,internvl3,zero_shot,2026-08-23T14:14:32
I_63029_65030_right_x,non-mated,primary_impostor,cross,63029,65030,right,right,B,B,1,B,0.358,internvl3,zero_shot,2026-08-23T14:14:33
I_63029_87757_right_s,non-mated,primary_impostor,same,63029,87757,right,right,B,A,0,A,0.368,internvl3,zero_shot,2026-08-23T14:14:33
G_69658_right_1932,mated,primary_genuine,cross,69658,69658,right,right,A,B,0,B,0.346,internvl3,zero_shot,2026-08-23T14:14:33
G_43210_left_551,mated,primary_genuine,same,43210,43210,left,left,A,A,1,A,0.365,internvl3,zero_shot,2026-08-23T14:14:34
I_24101_57145_right_x,non-mated,primary_impostor,cross,24101,57145,right,right,B,A,0,A,0.356,internvl3,zero_shot,2026-08-23T14:14:34
G_32467_left_456,mated,primary_genuine,same,32467,32467,left,left,A,A,1,A,0.352,internvl3,zero_shot,2026-08-23T14:14:34
I_20294_83742_right_s,non-mated,primary_impostor,same,20294,83742,right,right,B,A,0,A,0.368,internvl3,zero_shot,2026-08-23T14:14:35
G_58398_left_1311,mated,primary_genuine,same,58398,58398,left,left,A,A,1,A,0.349,internvl3,zero_shot,2026-08-23T14:14:35
G_96608_right_2785,mated,primary_genuine,same,96608,96608,right,right,A,B,0,B,0.362,internvl3,zero_shot,2026-08-23T14:14:35
D_27295_43,non-mated,diagnostic_impostor,cross,27295,27295,left,right,B,B,1,B,0.358,internvl3,zero_shot,2026-08-23T14:14:36
G_65030_right_1714,mated,primary_genuine,same,65030,65030,right,right,A,B,0,B,0.351,internvl3,zero_shot,2026-08-23T14:14:36
G_20294_right_228,mated,primary_genuine,cross,20294,20294,right,right,A,B,0,B,0.354,internvl3,zero_shot,2026-08-23T14:14:36
I_32467_47904_left_x,non-mated,primary_impostor,cross,32467,47904,left,left,B,A,0,A,0.366,internvl3,zero_shot,2026-08-23T14:14:37
I_27295_58793_left_x,non-mated,primary_impostor,cross,27295,58793,left,left,B,B,1,B,0.359,internvl3,zero_shot,2026-08-23T14:14:37
I_57145_58398_left_s,non-mated,primary_impostor,same,57145,58398,left,left,B,A,0,A,0.366,internvl3,zero_shot,2026-08-23T14:14:38
I_58398_83742_left_x,non-mated,primary_impostor,cross,58398,83742,left,left,B,B,1,B,0.356,internvl3,zero_shot,2026-08-23T14:14:38
G_43210_right_662,mated,primary_genuine,cross,43210,43210,right,right,A,B,0,B,0.351,internvl3,zero_shot,2026-08-23T14:14:38
I_65030_96608_left_x,non-mated,primary_impostor,cross,65030,96608,left,left,B,B,1,B,0.353,internvl3,zero_shot,2026-08-23T14:14:39
G_57833_left_1171,mated,primary_genuine,cross,57833,57833,left,left,A,B,0,B,0.348,internvl3,zero_shot,2026-08-23T14:14:39
D_83742_232,non-mated,diagnostic_impostor,cross,83742,83742,left,right,B,B,1,B,0.351,internvl3,zero_shot,2026-08-23T14:14:39
I_57145_74850_left_x,non-mated,primary_impostor,cross,57145,74850,left,left,B,B,1,B,0.361,internvl3,zero_shot,2026-08-23T14:14:40
I_69658_74850_right_s,non-mated,primary_impostor,same,69658,74850,right,right,B,B,1,B,0.362,internvl3,zero_shot,2026-08-23T14:14:40
I_57145_74850_right_s,non-mated,primary_impostor,same,57145,74850,right,right,B,A,0,A,0.358,internvl3,zero_shot,2026-08-23T14:14:40
I_20294_93812_right_x,non-mated,primary_impostor,cross,20294,93812,right,right,B,B,1,B,0.361,internvl3,zero_shot,2026-08-23T14:14:41
G_89171_right_2541,mated,primary_genuine,cross,89171,89171,right,right,A,B,0,B,0.358,internvl3,zero_shot,2026-08-23T14:14:41
I_27295_65030_right_x,non-mated,primary_impostor,cross,27295,65030,right,right,B,B,1,B,0.354,internvl3,zero_shot,2026-08-23T14:14:41
D_96608_278,non-mated,diagnostic_impostor,same,96608,96608,left,right,B,B,1,B,0.349,internvl3,zero_shot,2026-08-23T14:14:42
G_69658_right_1917,mated,primary_genuine,cross,69658,69658,right,right,A,B,0,B,0.351,internvl3,zero_shot,2026-08-23T14:14:42
G_58398_left_1297,mated,primary_genuine,cross,58398,58398,left,left,A,B,0,B,0.348,internvl3,zero_shot,2026-08-23T14:14:43
G_27295_right_405,mated,primary_genuine,cross,27295,27295,right,right,A,A,1,A,0.343,internvl3,zero_shot,2026-08-23T14:14:43
G_63029_left_1552,mated,primary_genuine,same,63029,63029,left,left,A,A,1,A,0.347,internvl3,zero_shot,2026-08-23T14:14:43
I_14493_20294_left_x,non-mated,primary_impostor,cross,14493,20294,left,left,B,B,1,B,0.359,internvl3,zero_shot,2026-08-23T14:14:44
G_74850_right_2020,mated,primary_genuine,cross,74850,74850,right,right,A,B,0,B,0.354,internvl3,zero_shot,2026-08-23T14:14:44
I_58398_65030_right_x,non-mated,primary_impostor,cross,58398,65030,right,right,B,B,1,B,0.355,internvl3,zero_shot,2026-08-23T14:14:44
I_57145_89171_right_s,non-mated,primary_impostor,same,57145,89171,right,right,B,A,0,A,0.369,internvl3,zero_shot,2026-08-23T14:14:45
I_47904_58398_left_s,non-mated,primary_impostor,same,47904,58398,left,left,B,B,1,B,0.362,internvl3,zero_shot,2026-08-23T14:14:45
D_44595_83,non-mated,diagnostic_impostor,cross,44595,44595,left,right,B,B,1,B,0.342,internvl3,zero_shot,2026-08-23T14:14:45
I_20294_96608_left_x,non-mated,primary_impostor,cross,20294,96608,left,left,B,B,1,B,0.365,internvl3,zero_shot,2026-08-23T14:14:46
G_44595_right_776,mated,primary_genuine,cross,44595,44595,right,right,A,B,0,B,0.352,internvl3,zero_shot,2026-08-23T14:14:46
G_56583_right_935,mated,primary_genuine,same,56583,56583,right,right,A,B,0,B,0.349,internvl3,zero_shot,2026-08-23T14:14:46
I_47904_69658_right_x,non-mated,primary_impostor,cross,47904,69658,right,right,B,B,1,B,0.352,internvl3,zero_shot,2026-08-23T14:14:47
G_69658_right_1943,mated,primary_genuine,same,69658,69658,right,right,A,B,0,B,0.347,internvl3,zero_shot,2026-08-23T14:14:47
G_69658_right_1933,mated,primary_genuine,cross,69658,69658,right,right,A,B,0,B,0.348,internvl3,zero_shot,2026-08-23T14:14:47
D_63029_156,non-mated,diagnostic_impostor,same,63029,63029,left,right,B,A,0,A,0.365,internvl3,zero_shot,2026-08-23T14:14:48
D_20294_17,non-mated,diagnostic_impostor,cross,20294,20294,left,right,B,B,1,B,0.356,internvl3,zero_shot,2026-08-23T14:14:48
G_27295_right_402,mated,primary_genuine,cross,27295,27295,right,right,A,A,1,A,0.348,internvl3,zero_shot,2026-08-23T14:14:49
G_57833_right_1206,mated,primary_genuine,same,57833,57833,right,right,A,B,0,B,0.359,internvl3,zero_shot,2026-08-23T14:14:49
D_32467_48,non-mated,diagnostic_impostor,same,32467,32467,left,right,B,A,0,A,0.346,internvl3,zero_shot,2026-08-23T14:14:49
D_56583_105,non-mated,diagnostic_impostor,cross,56583,56583,left,right,B,B,1,B,0.358,internvl3,zero_shot,2026-08-23T14:14:50
G_58398_left_1290,mated,primary_genuine,cross,58398,58398,left,left,A,A,1,A,0.354,internvl3,zero_shot,2026-08-23T14:14:50
G_57145_left_971,mated,primary_genuine,same,57145,57145,left,left,A,A,1,A,0.364,internvl3,zero_shot,2026-08-23T14:14:50
G_47904_right_825,mated,primary_genuine,same,47904,47904,right,right,A,A,1,A,0.359,internvl3,zero_shot,2026-08-23T14:14:51
I_57833_65052_left_s,non-mated,primary_impostor,same,57833,65052,left,left,B,B,1,B,0.363,internvl3,zero_shot,2026-08-23T14:14:51
D_20294_12,non-mated,diagnostic_impostor,same,20294,20294,left,right,B,A,0,A,0.341,internvl3,zero_shot,2026-08-23T14:14:51
G_76957_left_2084,mated,primary_genuine,cross,76957,76957,left,left,A,B,0,B,0.356,internvl3,zero_shot,2026-08-23T14:14:52
G_96608_right_2800,mated,primary_genuine,cross,96608,96608,right,right,A,B,0,B,0.35,internvl3,zero_shot,2026-08-23T14:14:52
D_58793_147,non-mated,diagnostic_impostor,cross,58793,58793,left,right,B,B,1,B,0.349,internvl3,zero_shot,2026-08-23T14:14:52
G_87757_right_2430,mated,primary_genuine,cross,87757,87757,right,right,A,B,0,B,0.357,internvl3,zero_shot,2026-08-23T14:14:53
I_74850_96608_left_s,non-mated,primary_impostor,same,74850,96608,left,left,B,A,0,A,0.373,internvl3,zero_shot,2026-08-23T14:14:53
D_32467_54,non-mated,diagnostic_impostor,cross,32467,32467,left,right,B,B,1,B,0.342,internvl3,zero_shot,2026-08-23T14:14:53
I_47904_57833_right_x,non-mated,primary_impostor,cross,47904,57833,right,right,B,B,1,B,0.353,internvl3,zero_shot,2026-08-23T14:14:54
D_20294_22,non-mated,diagnostic_impostor,same,20294,20294,left,right,B,B,1,B,0.35,internvl3,zero_shot,2026-08-23T14:14:54
I_58398_65030_right_s,non-mated,primary_impostor,same,58398,65030,right,right,B,A,0,A,0.37,internvl3,zero_shot,2026-08-23T14:14:55
I_58398_87757_right_s,non-mated,primary_impostor,same,58398,87757,right,right,B,A,0,A,0.363,internvl3,zero_shot,2026-08-23T14:14:55
I_58793_87757_right_s,non-mated,primary_impostor,same,58793,87757,right,right,B,B,1,B,0.359,internvl3,zero_shot,2026-08-23T14:14:55
G_58398_left_1272,mated,primary_genuine,cross,58398,58398,left,left,A,B,0,B,0.35,internvl3,zero_shot,2026-08-23T14:14:56
I_65030_96608_right_x,non-mated,primary_impostor,cross,65030,96608,right,right,B,B,1,B,0.357,internvl3,zero_shot,2026-08-23T14:14:56
D_74850_214,non-mated,diagnostic_impostor,same,74850,74850,left,right,B,B,1,B,0.392,internvl3,zero_shot,2026-08-23T14:14:56
G_20294_left_198,mated,primary_genuine,same,20294,20294,left,left,A,B,0,B,0.343,internvl3,zero_shot,2026-08-23T14:14:57
D_65052_186,non-mated,diagnostic_impostor,cross,65052,65052,left,right,B,B,1,B,0.359,internvl3,zero_shot,2026-08-23T14:14:57
G_56583_right_900,mated,primary_genuine,same,56583,56583,right,right,A,A,1,A,0.364,internvl3,zero_shot,2026-08-23T14:14:57
G_57145_right_1060,mated,primary_genuine,cross,57145,57145,right,right,A,A,1,A,0.354,internvl3,zero_shot,2026-08-23T14:14:58
D_96608_285,non-mated,diagnostic_impostor,same,96608,96608,left,right,B,A,0,A,0.361,internvl3,zero_shot,2026-08-23T14:14:58
I_14493_99775_left_s,non-mated,primary_impostor,same,14493,99775,left,left,B,A,0,A,0.362,internvl3,zero_shot,2026-08-23T14:14:59
D_96608_282,non-mated,diagnostic_impostor,cross,96608,96608,left,right,B,A,0,A,0.35,internvl3,zero_shot,2026-08-23T14:14:59
I_83742_99775_right_x,non-mated,primary_impostor,cross,83742,99775,right,right,B,A,0,A,0.351,internvl3,zero_shot,2026-08-23T14:14:59
G_89171_right_2552,mated,primary_genuine,same,89171,89171,right,right,A,A,1,A,0.363,internvl3,zero_shot,2026-08-23T14:15:00
G_69658_left_1893,mated,primary_genuine,same,69658,69658,left,left,A,A,1,A,0.343,internvl3,zero_shot,2026-08-23T14:15:00
I_14493_74850_right_x,non-mated,primary_impostor,cross,14493,74850,right,right,B,B,1,B,0.36,internvl3,zero_shot,2026-08-23T14:15:00
G_56583_right_933,mated,primary_genuine,same,56583,56583,right,right,A,B,0,B,0.348,internvl3,zero_shot,2026-08-23T14:15:01
D_32467_58,non-mated,diagnostic_impostor,same,32467,32467,left,right,B,B,1,B,0.357,internvl3,zero_shot,2026-08-23T14:15:01
G_99775_left_2846,mated,primary_genuine,cross,99775,99775,left,left,A,B,0,B,0.342,internvl3,zero_shot,2026-08-23T14:15:01
I_47904_87757_right_x,non-mated,primary_impostor,cross,47904,87757,right,right,B,A,0,A,0.355,internvl3,zero_shot,2026-08-23T14:15:02
G_99775_right_2918,mated,primary_genuine,same,99775,99775,right,right,A,B,0,B,0.363,internvl3,zero_shot,2026-08-23T14:15:02
G_76957_left_2117,mated,primary_genuine,cross,76957,76957,left,left,A,A,1,A,0.341,internvl3,zero_shot,2026-08-23T14:15:02
I_65030_89171_left_s,non-mated,primary_impostor,same,65030,89171,left,left,B,A,0,A,0.364,internvl3,zero_shot,2026-08-23T14:15:03
D_65030_168,non-mated,diagnostic_impostor,cross,65030,65030,left,right,B,A,0,A,0.362,internvl3,zero_shot,2026-08-23T14:15:03
G_32467_right_533,mated,primary_genuine,cross,32467,32467,right,right,A,A,1,A,0.345,internvl3,zero_shot,2026-08-23T14:15:03
G_14493_left_36,mated,primary_genuine,cross,14493,14493,left,left,A,B,0,B,0.357,internvl3,zero_shot,2026-08-23T14:15:04
G_27295_right_370,mated,primary_genuine,cross,27295,27295,right,right,A,B,0,B,0.357,internvl3,zero_shot,2026-08-23T14:15:04
G_65052_right_1809,mated,primary_genuine,cross,65052,65052,right,right,A,B,0,B,0.36,internvl3,zero_shot,2026-08-23T14:15:05
G_32467_left_427,mated,primary_genuine,cross,32467,32467,left,left,A,B,0,B,0.368,internvl3,zero_shot,2026-08-23T14:15:05
I_93812_96608_right_s,non-mated,primary_impostor,same,93812,96608,right,right,B,B,1,B,0.368,internvl3,zero_shot,2026-08-23T14:15:05
G_89171_left_2518,mated,primary_genuine,cross,89171,89171,left,left,A,A,1,A,0.348,internvl3,zero_shot,2026-08-23T14:15:06
I_43210_69658_left_s,non-mated,primary_impostor,same,43210,69658,left,left,B,A,0,A,0.365,internvl3,zero_shot,2026-08-23T14:15:06
D_93812_273,non-mated,diagnostic_impostor,same,93812,93812,left,right,B,B,1,B,0.351,internvl3,zero_shot,2026-08-23T14:15:06
I_47904_87757_right_s,non-mated,primary_impostor,same,47904,87757,right,right,B,A,0,A,0.361,internvl3,zero_shot,2026-08-23T14:15:07
G_99775_left_2843,mated,primary_genuine,same,99775,99775,left,left,A,A,1,A,0.346,internvl3,zero_shot,2026-08-23T14:15:07
I_14493_32467_left_s,non-mated,primary_impostor,same,14493,32467,left,left,B,B,1,B,0.365,internvl3,zero_shot,2026-08-23T14:15:07
G_96608_left_2718,mated,primary_genuine,same,96608,96608,left,left,A,A,1,A,0.352,internvl3,zero_shot,2026-08-23T14:15:08
G_57145_right_1051,mated,primary_genuine,same,57145,57145,right,right,A,A,1,A,0.358,internvl3,zero_shot,2026-08-23T14:15:08
I_74850_87757_right_s,non-mated,primary_impostor,same,74850,87757,right,right,B,A,0,A,0.36,internvl3,zero_shot,2026-08-23T14:15:08
G_32467_right_526,mated,primary_genuine,cross,32467,32467,right,right,A,B,0,B,0.345,internvl3,zero_shot,2026-08-23T14:15:09
D_58398_134,non-mated,diagnostic_impostor,cross,58398,58398,left,right,B,B,1,B,0.355,internvl3,zero_shot,2026-08-23T14:15:09
I_27295_74850_left_x,non-mated,primary_impostor,cross,27295,74850,left,left,B,A,0,A,0.358,internvl3,zero_shot,2026-08-23T14:15:10
I_65030_76957_right_x,non-mated,primary_impostor,cross,65030,76957,right,right,B,A,0,A,0.357,internvl3,zero_shot,2026-08-23T14:15:10
G_43210_left_598,mated,primary_genuine,cross,43210,43210,left,left,A,B,0,B,0.347,internvl3,zero_shot,2026-08-23T14:15:10
I_20294_87757_right_x,non-mated,primary_impostor,cross,20294,87757,right,right,B,A,0,A,0.363,internvl3,zero_shot,2026-08-23T14:15:11
I_14493_89171_left_x,non-mated,primary_impostor,cross,14493,89171,left,left,B,B,1,B,0.36,internvl3,zero_shot,2026-08-23T14:15:11
I_74850_99775_left_s,non-mated,primary_impostor,same,74850,99775,left,left,B,A,0,A,0.369,internvl3,zero_shot,2026-08-23T14:15:11
G_83742_left_2236,mated,primary_genuine,cross,83742,83742,left,left,A,B,0,B,0.347,internvl3,zero_shot,2026-08-23T14:15:12
G_87757_left_2395,mated,primary_genuine,cross,87757,87757,left,left,A,B,0,B,0.347,internvl3,zero_shot,2026-08-23T14:15:12
D_57145_113,non-mated,diagnostic_impostor,same,57145,57145,left,right,B,A,0,A,0.357,internvl3,zero_shot,2026-08-23T14:15:12
D_87757_249,non-mated,diagnostic_impostor,same,87757,87757,left,right,B,A,0,A,0.35,internvl3,zero_shot,2026-08-23T14:15:13
I_65052_74850_right_s,non-mated,primary_impostor,same,65052,74850,right,right,B,A,0,A,0.365,internvl3,zero_shot,2026-08-23T14:15:13
I_24101_32467_right_x,non-mated,primary_impostor,cross,24101,32467,right,right,B,B,1,B,0.35,internvl3,zero_shot,2026-08-23T14:15:13
