source_record,pair_id,id_status,stored,derived,parse_status,raw_sha256
1,D_43210_63,exact,A,,contradictory_review,cc8127b1afbc7b3e2e7664328cb300607d263e1864f109da649c99a354dd5b55
2,G_58398_left_1287,exact,A,,contradictory_review,88c09cea5c89b59c82f76b9b7c27d51bf646cbea1330efbe31a0be6e18499fbf
3,G_56583_left_842,exact,A,,contradictory_review,4c6e8907518a39a76b67602b7110bc0cc5918f4da3736eb867a83547488a600f
4,I_14493_83742_left_s,exact,A,,contradictory_review,96d82628d8485f12593ff3a27b489ffd9a989e408a3ad5fbf53c9aed6e66a490
5,I_57145_65052_left_x,exact,A,,unrecognized_review,97a93e824e3aeff4833446a84d4167bc5107e79040e91c0175a5b6fdc60c3beb
6,I_56583_93812_left_s,exact,A,,contradictory_review,5c761eda7cde2f87bba614e7fa564237c90e68d0d1e7846ebdd832446af80d7a
7,I_24101_57145_left_s,exact,A,,uncertainty_or_refusal_review,26c631d991476ba339ac98a67fe52b5126b80c555b794db48fd21870e43d3cf9
8,G_83742_left_2229,exact,A,,unrecognized_review,494294efcca7d153c7cc1f2ce3376eb59861e47761216d6d92c84b60e46302e8
9,G_57833_left_1183,exact,A,A,explicit_text,747d39e9fc5cdde1e1fc822c31b31e99db7f403d683f5078f5a6c2616c4e83e6
10,G_69658_left_1866,exact,A,,contradictory_review,4088cd3cd3f5e2b30777950bfbe0a614b01c1a49800a5fe4380095a3b69354bd
11,I_24101_57145_left_x,exact,A,,contradictory_review,20d6dba068746576117a015835dd03f92a511a651ed16c6ac1396211e41bc7eb
12,G_24101_right_301,exact,A,,contradictory_review,b69ce7b83e71030f869a934b75fd5b27c575c127dcae57df10125e5fd7788c58
13,D_56583_99,exact,A,,contradictory_review,a07051062724f296e05dd14f6df78226226fa46f0e9ed74bee9f95604cbf1375
14,G_63029_left_1482,exact,A,,uncertainty_or_refusal_review,4f0f9d5691ac6e82f248995acb38876235be39c6e2da976a4739b663b45ebc6e
15,I_24101_87757_right_x,exact,A,,contradictory_review,01236f9817fe26ce5d552cf0b7869c7b3c927180b74fe75ffe3b60d2476ef28a
16,G_89171_left_2506,exact,A,,unrecognized_review,5d2ced81e780f171d1cee8d100fca8840d5772a41f954ef2146d77b1f246d7ad
17,G_43210_left_580,exact,A,,contradictory_review,87b2308952290f269f5e2d316f8510387bc25985f7415e432d8aadb1b7ad1069
18,I_44595_47904_left_s,exact,A,,contradictory_review,f85814712a55285dbf750750530361fcddd25cf1e307f2646bad4cbe6824faf4
19,G_44595_left_742,exact,A,,unrecognized_review,40ff716d6b5db61c3d0d097c889abc1abbd129267583b04add4932e15325899a
20,I_89171_96608_right_s,exact,A,,uncertainty_or_refusal_review,ca1d8e2801063a7b3eddb619e3c6d674f1597a5b68cba26c9d4c8a9cf90e3389
21,G_65030_left_1658,exact,B,,unrecognized_review,d6c4c891281f02c443046f1bcfe35f6eff67e348b3138a450205c2ec7e96ae62
22,I_65030_65052_left_x,exact,A,,unrecognized_review,e0b4f36a53e28a63818b6d5711e557ea8e49538e8599a47c3b328cc076f20c45
23,I_20294_47904_right_x,exact,A,,unrecognized_review,a14ece87ad2c5a1e52575cca431a3d7cf18c9b1df00608bbbe8b693975846a7b
24,G_20294_right_224,exact,A,,contradictory_review,1b6f8e738adfccbcf5259cbda7f97429d6a9f851861a0729134756b47fa5899f
25,I_47904_58793_left_s,exact,A,,contradictory_review,2445bba5b8d3a6510b97b27ebe034ed04f555766288bc5de35cafa3ec6056a69
26,D_44595_73,exact,A,A,explicit_text,85a39ab345d672ff8ca9b9c6876f3adcacf45ee7c1e2dbd2408fd338bd55e07e
27,I_56583_96608_right_x,exact,B,B,explicit_text,70307be4b69e7a70d88c458081673e449d4707f68a13bbecbb8ebe60afbbf9f1
28,D_14493_8,exact,A,,contradictory_review,47fef8b34f1f50c1e7ef5287d8a2145380ce6aee719e7d53d1b6829b032d7503
29,D_47904_92,exact,A,,unrecognized_review,460fab917021129d0afc6d26df26a0a600a70a09c9b3cade0a68677237419752
30,I_32467_43210_right_s,exact,B,,unrecognized_review,555ca63f714d09df03619ccef4041c5e0503bf3028e027dbc37c6c261b0fd2bd
31,G_74850_right_2037,exact,B,B,explicit_text,1ea442a134b2a184bd5d40104401f2a37fbc09ccf3f4bc9da161c6099be3691d
32,I_32467_65030_right_x,exact,A,,uncertainty_or_refusal_review,e9c6a93b06d1e12de16b3e7d110221a225140777a21ee5c80c2bda38fd3b7bb2
33,G_20294_left_134,exact,A,,contradictory_review,3c058d6f5942bc3e2e50fdc8cadc5806f875cdc592a63ee35b91c5ffa2d39b9d
34,G_47904_right_832,exact,A,,contradictory_review,911477ed01fe3883bb9d3b2060549c1d4d101a911b29b7fedd2f1bea3a10529f
35,I_57145_89171_right_x,exact,A,,unrecognized_review,7c8bd37755a7edfc3e8901254b38bae9fc941d3d7a55ae1329566be6da73a89b
36,G_76957_left_2098,exact,A,,contradictory_review,ba0802f9c4be597bbcbabb996544af19cb585d548ab45c6974db1da51c5f6c3c
37,I_14493_20294_right_x,exact,A,,unrecognized_review,0d19f9eaffc70ad1b40d8d4e8990b8fd8ac4a74f766840a3c8089222ce53e910
38,D_76957_225,exact,A,,contradictory_review,18a83fefbc1bcd2a47475ce9764aaaca3cc17e756b6f0bd1da5948cde5c3f30d
39,G_76957_left_2119,exact,B,B,explicit_text,70307be4b69e7a70d88c458081673e449d4707f68a13bbecbb8ebe60afbbf9f1
40,D_69658_194,exact,A,,contradictory_review,055640682d6400639f46a5bd1db268f831c8000061e355933f3a85b073b7ed58
41,G_32467_right_505,exact,A,,uncertainty_or_refusal_review,289b2224202320fc28074ed11591dad8ea7f60247ed6c3b14f7cea5a018c49b0
42,I_47904_58793_right_s,exact,B,B,explicit_text,70307be4b69e7a70d88c458081673e449d4707f68a13bbecbb8ebe60afbbf9f1
43,G_74850_right_2026,exact,A,,contradictory_review,ec21d5f70eace43d72c0375b739de60f1f77191267ac3e2b4dc4d22e5c7e2d66
44,D_89171_262,exact,B,B,explicit_text,aed53647f8e7faae259182604b78104d4031fa6e48cacc54ece185cedba39b17
45,I_57833_89171_left_x,exact,A,,unrecognized_review,c5cf2b972e6919a5d316fe2f40902df7941116ae4c982e501514cb2fc20f0145
46,I_74850_83742_left_s,exact,B,,unrecognized_review,f7769a7dcf9e8a5bb3dfd773f15d8a6fba4a28f7c8a8acff6a453e9ed0079b92
47,I_57833_69658_right_x,exact,A,A,explicit_text,85a39ab345d672ff8ca9b9c6876f3adcacf45ee7c1e2dbd2408fd338bd55e07e
48,G_74850_left_1998,exact,A,,contradictory_review,fdf8972687025f920c182830cb2923e86a27adb2d790fcbefa0a9084ec4e51b9
49,D_83742_228,exact,A,,unrecognized_review,fecac47204329828e44f4478eb9eacd8264beaae6307068b1ff58dafcb86c749
50,I_43210_56583_left_x,exact,A,,unrecognized_review,0c2fcc1998d4355c4fd7c426ca38165f4d12b92b99636db3d933a55501852953
51,G_43210_right_633,exact,A,,contradictory_review,45e4e49dc9eaf3501ff4c7910eab89d6e201e0206af14e5fa6ca81e59bfc0e53
52,I_58793_65030_left_s,exact,B,B,explicit_text,1ea442a134b2a184bd5d40104401f2a37fbc09ccf3f4bc9da161c6099be3691d
53,I_57145_76957_left_s,exact,B,,unrecognized_review,3ac100c907a620945acc695bb3f299bb5167b78a9039c12a29c59bd087d5ceac
54,I_14493_65030_left_x,exact,B,B,explicit_text,70307be4b69e7a70d88c458081673e449d4707f68a13bbecbb8ebe60afbbf9f1
55,G_65030_right_1681,exact,A,,contradictory_review,37ca92de8f7cfa7dd5d687e6aa0991568661801d5e3b7d4cfec3823c6c9ed2cb
56,D_58398_142,exact,A,,unrecognized_review,c1f139f91121b6b3dd54e383671e5185b13484c0514297f4fa7062b6bd991c5e
57,G_57833_right_1228,exact,B,B,explicit_text,1ea442a134b2a184bd5d40104401f2a37fbc09ccf3f4bc9da161c6099be3691d
58,I_43210_74850_left_s,exact,A,,contradictory_review,6eef305eac0145a1eb942fe9b8d951b11ad2ebb13a357df9e27a6e27115d2fc3
59,D_14493_9,exact,A,,contradictory_review,96f91731d5aa84f545c896a32f2d6f9df2b6069ff5ed68378d98c371de2553c8
60,I_43210_83742_right_s,exact,A,,contradictory_review,b1265270d45fad959a0cc81615896c19d37a5f8356e478b32a92000f3929bbd0
61,G_96608_left_2728,exact,A,,uncertainty_or_refusal_review,0dd58cd202f20a5a048df3afd28fe527262eeac0ac9f5451c9f2ae97c1d65b28
62,I_57833_96608_left_x,exact,A,,unrecognized_review,422c85373bad4f65a31fa87717f33754a21c0a833aea4773bb909f24c1a10972
63,I_47904_63029_right_x,exact,A,,contradictory_review,0ec28d551109bf6f6870a3d54ba5dccdde7ad98663784b176705bef6907431ae
64,I_65052_93812_right_x,exact,A,,contradictory_review,f15700a799731fa68f8a5571f29aec811beeeeccb218d6ff1a702c9942b860a1
65,I_44595_99775_left_s,exact,A,,contradictory_review,23209b42005788521dce4a86f1ebdbef654beb6a75452d88931ab9f33e634f4c
66,I_24101_32467_left_x,exact,A,,contradictory_review,faa925fed45685d5fd8b6073f05251abc8147cd23e4e47576e2527c6150d22a6
67,G_27295_right_407,exact,B,,unrecognized_review,553487614efc18b1a7fcc30f3f37ec19edf77e7255369749e9a8304de8191e07
68,I_65052_83742_left_x,exact,A,,contradictory_review,87d1a197dd068b94c0118c776e4be560004e32046953fcedd1563ab85aaf3e78
69,I_58398_76957_left_x,exact,A,,contradictory_review,a8e7f4c38fa7f801ea97b9463c3538d721659408e6bfd69f451d1497713195ce
70,G_76957_left_2097,exact,B,B,explicit_text,1ea442a134b2a184bd5d40104401f2a37fbc09ccf3f4bc9da161c6099be3691d
71,I_58793_65052_left_s,exact,A,,contradictory_review,47ec879df08b9a40599f17645a671301f64a2d9515578c80512deb475fbb107d
72,G_27295_left_311,exact,A,,unrecognized_review,068dc9422ad868c79c975a7bb65011acae6fa66263db0fa6a9b0d916c7c6f302
73,I_14493_57145_right_x,exact,A,A,explicit_text,85a39ab345d672ff8ca9b9c6876f3adcacf45ee7c1e2dbd2408fd338bd55e07e
74,G_87757_right_2459,exact,A,,unrecognized_review,74672601629996f510e2e0e0784376a10d450e1a4fb98a31f24b6fdf4e52c9e2
75,D_93812_272,exact,B,B,explicit_text,38178a20b470cfd18299fb1593dd4ba706f1a83321dac051d01086efd8b7a96f
76,G_63029_left_1497,exact,B,B,explicit_text,70307be4b69e7a70d88c458081673e449d4707f68a13bbecbb8ebe60afbbf9f1
77,G_69658_right_1931,exact,A,,contradictory_review,5fe93f8632025eef191f334f763df7b6e16776cb9c3bbc7d7788ddb972668b7e
78,I_87757_99775_left_s,exact,B,B,explicit_text,b1c9eb7c37e675fc517b6505924533cdce16186b5f0e203bf8eff78af200a1f9
79,I_93812_99775_right_s,exact,A,,contradictory_review,943c6371f0b31754b72a18cd9e02aa6c47e43f1fb651cbd5b4c8da28383ff60d
80,I_43210_47904_right_x,exact,A,,contradictory_review,f2ca71272bf504beaf9359c3ce6feececd7ae3eec7d1d1866ec5e92b34b0cd32
81,G_58398_left_1293,exact,B,,unrecognized_review,d6c4c891281f02c443046f1bcfe35f6eff67e348b3138a450205c2ec7e96ae62
82,I_14493_57145_left_x,exact,A,A,explicit_text,85a39ab345d672ff8ca9b9c6876f3adcacf45ee7c1e2dbd2408fd338bd55e07e
83,G_57145_right_1072,exact,A,,contradictory_review,ff325f75bba95b40345e476d4417ca3508e08319ff122e6eca8b250cfd5f4a20
84,I_63029_96608_right_s,exact,A,,uncertainty_or_refusal_review,743d677c14d43c46ba8560a95f4b12ab5c7081e4ca6b97050516581689e90d66
85,I_58398_69658_left_x,exact,B,B,explicit_text,70307be4b69e7a70d88c458081673e449d4707f68a13bbecbb8ebe60afbbf9f1
86,G_57145_right_1080,exact,A,,contradictory_review,6d2464ade6fbb8a764fb15e5504a3145d3279e031be1470ff8dc1b2f021a2aa1
87,I_58793_65030_left_x,exact,A,,contradictory_review,0c6367f0cae3dd0c8064f67e5aa8cfc25118fcc7bdb85609165a2765dee040f1
88,I_57833_89171_right_x,exact,A,,contradictory_review,f1a0a5380569a5917c27ce437da7b3cc15601fe88784e4fd53af91ef6ef07614
89,I_14493_32467_left_x,exact,B,B,explicit_text,70307be4b69e7a70d88c458081673e449d4707f68a13bbecbb8ebe60afbbf9f1
90,I_44595_58398_left_s,exact,A,A,explicit_text,85a39ab345d672ff8ca9b9c6876f3adcacf45ee7c1e2dbd2408fd338bd55e07e
91,G_14493_left_18,exact,B,,unrecognized_review,45eabdf8cb82c539b7985a6c0f200acf81b61c8b5fc26ffd7e69d31f441607ab
92,G_99775_right_2898,exact,A,,contradictory_review,668ff70efcd03448122412828cd3fb43a9d5e0c48bfd56aa8207294d808e4e39
93,I_27295_58398_right_x,exact,A,,contradictory_review,f581ad5349ff48a69ffcd7f097d556f505b0cc09fb3b12f5136800f2b4d3f4b3
94,I_32467_57145_right_x,exact,A,,contradictory_review,c66046489174b155d6864d7c879df3e89da1e0ecb0e35cee7aca698bba58a402
95,G_20294_right_240,exact,A,,contradictory_review,1b6f8e738adfccbcf5259cbda7f97429d6a9f851861a0729134756b47fa5899f
96,I_27295_93812_right_x,exact,A,,contradictory_review,12706307f739478d96f9a14c9a39238315c2da65a972c4384fb425d6361b2030
97,D_69658_195,exact,A,,contradictory_review,ab6f99c340147953f78161b01cad8909843b176908c1a8b15f97e111baab9a97
98,I_14493_89171_right_s,exact,B,,contradictory_review,07c4f273faf89c69c19629a7d5303907b97e7f08a212c8ac74bdbd17872babee
99,D_69658_199,exact,A,,contradictory_review,01953afc5cecc7533e85061f7416104e5300889385ce80cc08454ca24673ed31
100,I_47904_58398_left_x,exact,A,A,explicit_text,85a39ab345d672ff8ca9b9c6876f3adcacf45ee7c1e2dbd2408fd338bd55e07e
101,I_65052_69658_left_x,exact,A,,unrecognized_review,69318ebbf556d33212e8879da8e0aaabdf5b339d3ede5d303ce8bb8e1ad7a327
102,D_58398_133,exact,A,,contradictory_review,49f633657a9a8538d12e703ae62e68c798e36a2e49c21da8f01ffe44ca606934
103,I_14493_24101_right_s,exact,A,,contradictory_review,c9efbd8b601997d7ce3f62ee151cd69fba4ddb0ba195404c8bf127c6254d23bd
104,G_56583_left_888,exact,INVALID,,empty,e3b0c44298fc1c149afbf4c8996fb92427ae41e4649b934ca495991b7852b855
105,I_83742_87757_left_x,exact,A,,contradictory_review,16c8c65e7f8f8b4a7045f616c3a70027a2baa257c0ada01090afa589a2eb6b2d
106,D_47904_90,exact,A,,uncertainty_or_refusal_review,7a3e64de9dd1a26533e2bae37c5b8c9876e9d0899d7d177b9805f2e60adf0132
107,I_69658_76957_left_s,exact,B,B,explicit_text,b1c9eb7c37e675fc517b6505924533cdce16186b5f0e203bf8eff78af200a1f9
108,G_24101_left_296,exact,B,,unrecognized_review,288e5ad12eb669f2530a8fba88863545667483f005d8be5548209e1bade83ad8
109,I_20294_32467_right_x,exact,B,B,explicit_text,70307be4b69e7a70d88c458081673e449d4707f68a13bbecbb8ebe60afbbf9f1
110,D_63029_160,exact,A,,contradictory_review,61d7d4f43ec083bc91a414ee4105e809d93d3d8f876f2e1ce27dc48ea9e2f265
111,I_57145_57833_left_x,exact,A,A,explicit_text,85a39ab345d672ff8ca9b9c6876f3adcacf45ee7c1e2dbd2408fd338bd55e07e
112,G_96608_left_2701,exact,A,,uncertainty_or_refusal_review,0273bb3c927154ab8da6871b1c84a4980b7591cf4990664fd6b5453d0a72b5dd
113,I_14493_32467_right_s,exact,A,,contradictory_review,46ebeb03c9f77c6e61d5f2c40c3072083010fa6f005f4deb8dadec49a1f1e40b
114,G_69658_right_1939,exact,A,,unrecognized_review,508241c272755c0b22db59d4a3d8dad6ae7e90d9db73c16adc0621a02533cc6e
115,I_58793_63029_right_s,exact,B,,contradictory_review,05c5525b85a5a35b1f318af16df3c298e416964b8c71c709cddf00cecf1f0f03
116,I_44595_96608_right_x,exact,B,,unrecognized_review,c6bc6cd4d7f1a41a5db5186e763bbe1ee897a5a7b75c8f0dae8e67acc609c649
117,I_44595_87757_left_s,exact,A,,unrecognized_review,927a7e3b5c265c55a700b90556442ec1d0d270a7f0559d64bf01b4cdee691b4d
118,D_87757_240,exact,A,,contradictory_review,e3c268df37fc14d4718133c90ed5ba899fa25b92620033418c5aa0addb1d2075
119,G_20294_left_195,exact,B,,unrecognized_review,77175345ee6d5f657ee1584c1775cb8647ee3a874d5a729f729876ae8dbecb33
120,G_27295_left_309,exact,A,,contradictory_review,efe59a9f8c57e35c33f33ecb69511b8abfc2232af75a4adca44c2d047cc4b49f
121,D_24101_32,exact,A,,contradictory_review,e8a9b05a577615959044c3e8e03573b47684c0b981588a875a3b3f082fec471e
122,G_76957_right_2160,exact,A,,contradictory_review,189414e77622b037977eda27b4e3b230f3e9df3fcaa80a8c0dce99c0eb8edc69
123,G_14493_left_57,exact,A,,contradictory_review,459b2600f4f9828164b608e798c49b7008f4d850c803a7daf38db001c14c923e
124,I_43210_56583_right_x,exact,B,,unrecognized_review,05c4609cab718a718862f824e79f31b2d9f7ba0cb9d2c0cfc6ac35071e413ee0
125,I_65052_76957_right_s,exact,A,,uncertainty_or_refusal_review,fc20b570b59a340e11b3b7cfa4572686c2ba349e3a18793692ddd1e9799e9377
126,I_57833_58398_left_x,exact,A,,unrecognized_review,b601a9d145b1d9af6cdc0a2bd29ffa3ca54447dc0145d29dc0b1752a9dc96978
127,G_83742_left_2253,exact,A,,unrecognized_review,475ad23a87fe67adc92473883760127d75f02ee5b8b1a2c4ad08726d0ed20db7
128,D_20294_20,exact,B,,unrecognized_review,3d64b83653f913ee74565d4566ba84cb008f52b63f588c3d87835e38d63e659d
129,I_89171_99775_right_x,exact,A,,contradictory_review,f76f67dc6078f3f2045a835ab462914c05e4e2955ff216d186a17ca3e61be634
130,D_89171_258,exact,A,,contradictory_review,650f4261e8bd09d35ba4b5a9092ad6440c00995ad90133311cfd6b0ed21a61b9
131,I_47904_58793_right_x,exact,B,,unrecognized_review,2ecce1a32b7f01d1dc54468eccb0d04104cf845a11c3bd67483062ef274ddf28
132,I_47904_63029_left_s,exact,A,,contradictory_review,5fa4709de1dbcd6d38826973df8be62b86f904ba35b0a101ae9b0d04cdcb826e
133,I_63029_93812_right_x,exact,A,A,explicit_text,747d39e9fc5cdde1e1fc822c31b31e99db7f403d683f5078f5a6c2616c4e83e6
134,G_58398_right_1356,exact,A,,contradictory_review,3717a94e0f349c2858a1fe0562be4d1a464686384ebaa5c8c486afa87d12e259
135,G_93812_left_2619,exact,A,,unrecognized_review,48e0973325e46997851ab52616563f1a71f6a3eefacfadb9358c6e664ace7b47
136,G_57833_left_1150,exact,A,,unrecognized_review,8348d968123a4160f7752917a8bf4ab1583709e065a4ed4b684cb969205e7bc0
137,G_57833_left_1152,exact,A,A,explicit_text,747d39e9fc5cdde1e1fc822c31b31e99db7f403d683f5078f5a6c2616c4e83e6
138,I_47904_69658_left_x,exact,A,,contradictory_review,7c76918662a26109a3b0328ece54be285e674f9cce939086edd418956df49504
139,G_47904_right_834,exact,A,,unrecognized_review,274e46a4c3fb58199baa9819a3b0ea10c9d12fe11df459401d6d0300931d5d29
140,G_58398_right_1352,exact,A,,unrecognized_review,e4d890be39aabc3043e9687794a7a9fc7202c95bbd28763919b867c012e68570
141,G_14493_right_114,exact,B,B,explicit_text,aed53647f8e7faae259182604b78104d4031fa6e48cacc54ece185cedba39b17
142,G_65030_right_1685,exact,A,,contradictory_review,df2b346bb7be2830f60ddc600c3d4abd199639b1c9d7fbdfe1009d3fd1783334
143,I_65052_96608_left_x,exact,A,,unrecognized_review,c60a854492fb63c22d9e16d901e052a3c6a05fbc32cd6c9991bf2bdcd48cdad0
144,I_43210_57833_right_x,exact,B,B,explicit_text,70307be4b69e7a70d88c458081673e449d4707f68a13bbecbb8ebe60afbbf9f1
145,G_93812_left_2587,exact,B,B,explicit_text,70307be4b69e7a70d88c458081673e449d4707f68a13bbecbb8ebe60afbbf9f1
146,G_14493_right_89,exact,A,,unrecognized_review,625dce594e8c9330b49beeca73d2c5a0137bffb96e06f5e7ab6e71691a185d77
147,G_99775_right_2920,exact,A,,contradictory_review,6175c06d50b3b51ebf42118f52fc57d060ac1f839042a24692412c27f8476960
148,G_87757_left_2372,exact,A,A,explicit_text,85a39ab345d672ff8ca9b9c6876f3adcacf45ee7c1e2dbd2408fd338bd55e07e
149,I_44595_58793_left_x,exact,A,,contradictory_review,243d25e89ddc70f9d6c6ad2e410449d77fd5c9b8395d0af9ae4649549a7d17b8
150,I_20294_58398_left_s,exact,A,,contradictory_review,9eb66c4cc38ac24e3037bd6d11588e62a14226636bcf234561d0f4f1478b2dfc
151,G_65030_right_1699,exact,A,,contradictory_review,ae4e151c64205a9a3b43c6b966a2e2512e6e639d88cfc8b9b6e7bcd5270770c6
152,G_87757_right_2442,exact,A,A,explicit_text,85a39ab345d672ff8ca9b9c6876f3adcacf45ee7c1e2dbd2408fd338bd55e07e
153,I_93812_96608_left_s,exact,B,,unrecognized_review,c1072cd57250f9bb2e4108c16d7d3611ada01e45f317422d3ce91239d861efee
154,G_69658_left_1873,exact,INVALID,,unrecognized_review,a455908e0aee3e11d8a7e5d9d0ab4ba68465576013e4c10af6ddd2671778c444
155,G_76957_left_2114,exact,B,,unrecognized_review,077f57281a9ce004fb38b0313c071f8776e99557be5e295c5bac1f967e156a29
156,G_65030_right_1705,exact,A,,unrecognized_review,bd7ec746e71c424e2f7194ac7d8f2a7fff2d12b01128ca62253efc9cf55f6fc4
157,G_96608_left_2741,exact,A,,contradictory_review,3922285eaa1662a7052606c975343b870eadb01b598acee4a612c98f4d64dc64
158,G_20294_left_137,exact,B,,unrecognized_review,3ac100c907a620945acc695bb3f299bb5167b78a9039c12a29c59bd087d5ceac
159,I_32467_57145_left_x,exact,A,,contradictory_review,3307a13e77766d6cd056de209e0b5293fadffc83703d763e4f0cb67990b99a6c
160,G_65030_left_1671,exact,A,,unrecognized_review,bf48b110cc7253786cb979c5f295617c77d3eaffc0d1198268d20944c06b4fda
161,G_65052_left_1738,exact,A,,unrecognized_review,554e7a8c0d9cab010875875c66d693662a3db536a0305e7aadfad7c6b483b6fd
162,D_76957_223,exact,A,,unrecognized_review,1be3fcbeed9b66f6b49d4ef28912cbb13efd72fee876e665ac5027a282756335
163,G_63029_right_1584,exact,A,,unrecognized_review,95a1fe137d959807fecb1e4275ac15f8b51fff135c99ff954af0155a7ac696b7
164,I_43210_83742_left_s,exact,B,,unrecognized_review,8a8b3bfb99f7dfed31f7be3b6fecaa349652554f06416e0740d4ddfc137ec90f
165,G_27295_left_355,exact,B,,unrecognized_review,028d06bac523c3dcf5d405d0920098d4ba9b01efeb128ed5a1f1e9682308982b
166,G_83742_left_2224,exact,A,,unrecognized_review,207b4edd8eced170e0394bb4ad0ff2cf9f9aa82dae85294015806351e23e6c86
167,I_58398_58793_left_s,exact,A,,contradictory_review,d3c243a7e0789ca97aeb640048d6130766685ec375a84d3250becfab3c0fc56a
168,I_57145_63029_left_x,exact,A,,contradictory_review,2f93578b57e30982414f56c0edbb81b444c805e624f63c0b8bdeda65da96d3e8
169,G_57833_right_1237,exact,B,,unrecognized_review,028d06bac523c3dcf5d405d0920098d4ba9b01efeb128ed5a1f1e9682308982b
170,I_57833_96608_left_s,exact,A,,contradictory_review,a6a51ecd5d2a0d1ec2933e7558228c8918e176a18f9e46cf5aa7ee24f9a4432a
171,D_99775_293,exact,A,,contradictory_review,46ebeb03c9f77c6e61d5f2c40c3072083010fa6f005f4deb8dadec49a1f1e40b
172,G_43210_left_600,exact,B,B,explicit_text,1ea442a134b2a184bd5d40104401f2a37fbc09ccf3f4bc9da161c6099be3691d
173,I_44595_74850_left_s,exact,A,,contradictory_review,be24b4044c81468c2a916735132842046cab9fa91a2fa6598ba9d7f1c8c65113
174,G_56583_right_894,exact,B,,unrecognized_review,05c4609cab718a718862f824e79f31b2d9f7ba0cb9d2c0cfc6ac35071e413ee0
175,I_43210_93812_left_x,exact,B,,unrecognized_review,c798c0b742233ba56d1be217f57538e36d09e0e7e67a550a212abe28b341414a
176,G_87757_right_2434,exact,A,A,explicit_text,85a39ab345d672ff8ca9b9c6876f3adcacf45ee7c1e2dbd2408fd338bd55e07e
177,G_87757_left_2379,exact,A,A,explicit_text,747d39e9fc5cdde1e1fc822c31b31e99db7f403d683f5078f5a6c2616c4e83e6
178,I_24101_83742_left_s,exact,A,,contradictory_review,8d1ab7833d6796a87542e620c1aaf037f0472f323e33e0d16416d5626584ba77
179,D_63029_163,exact,A,,uncertainty_or_refusal_review,1f97a551f1d1d535b79d8ec8552dbfd42736c11ae796b4a769361570300855e4
180,I_27295_76957_left_s,exact,A,,unrecognized_review,28d24efa50921a5bffe3f12d75529114b7457888663bdca0c57270e4b80c0840
181,D_58793_153,exact,A,A,explicit_text,85a39ab345d672ff8ca9b9c6876f3adcacf45ee7c1e2dbd2408fd338bd55e07e
182,G_93812_left_2637,exact,A,,contradictory_review,cdad50c7a9f3f527deb672ce88663fcad745ce68caf8e87c07b60908ccd3e635
183,D_65052_180,exact,B,,unrecognized_review,8113f5d475fa677afe116a9f885da9c57e252bd01df9893f8321f761a3cf2fc4
184,I_24101_56583_left_s,exact,A,,contradictory_review,1d4f9d063a2822e989a288ec9e52f2e5cec66d4645162f2b4933a6fdca4a2d33
185,G_24101_left_292,exact,A,,contradictory_review,06c1ff9dbb94071c16af690170307c218e19d9562b69a836018cc156329bfd3a
186,I_58793_93812_right_x,exact,B,,unrecognized_review,d3db79634b07a6b11cbce7ad3c599a766cc4c57d8040cff7d9bb771b25d0ba84
187,I_57145_76957_left_x,exact,B,B,explicit_text,70307be4b69e7a70d88c458081673e449d4707f68a13bbecbb8ebe60afbbf9f1
188,I_65052_83742_right_s,exact,A,,contradictory_review,c48d0c74015f97042f4fb85d6d1f793fe8329cbb8a77b08080d8860e79f45035
189,D_20294_18,exact,A,,unrecognized_review,d1cb379017b05a63b5cbfd9e340c33766a8edee2f95df4457cdc9f8f0aa96b53
190,D_58793_150,exact,A,,unrecognized_review,2fd12ab5b26676668ab7f040ba96a25969a56304cf549cb7c81c65c8982b0bdb
191,G_63029_left_1517,exact,A,,uncertainty_or_refusal_review,af378c3b0b444f098fe68fb6efd6b8d7dc0ae96bad991a2c6cbe87861d039185
192,I_65030_87757_left_x,exact,A,,unrecognized_review,e9fab8a696f4e2b4fead4e7dd962e20e3d97dd1a7e7a728dde3dfe758862d654
193,I_20294_57833_left_x,exact,A,A,explicit_text,85a39ab345d672ff8ca9b9c6876f3adcacf45ee7c1e2dbd2408fd338bd55e07e
194,I_65030_74850_right_x,exact,B,B,explicit_text,70307be4b69e7a70d88c458081673e449d4707f68a13bbecbb8ebe60afbbf9f1
195,D_57145_108,exact,A,A,explicit_text,85a39ab345d672ff8ca9b9c6876f3adcacf45ee7c1e2dbd2408fd338bd55e07e
196,G_65030_left_1676,exact,A,A,explicit_text,85a39ab345d672ff8ca9b9c6876f3adcacf45ee7c1e2dbd2408fd338bd55e07e
197,D_93812_269,exact,A,,unrecognized_review,4af87e926d8fc7abe3867b0c0d6ef32281c2fc3cc2cae3da980cee3e06d9cec8
198,I_74850_83742_right_x,exact,INVALID,,unrecognized_review,1e4e4d0caf1d57ad8c4cb48504a204187f903d83087f95999b7c5f1776b9f73a
199,G_93812_left_2625,exact,A,,contradictory_review,bb8eff326fff08ce089c03b9faeb28023ab7b3027df3e07d2e1551a5757fe58c
200,I_20294_56583_left_x,exact,A,,contradictory_review,0f5306670de46512bdba8d84fb51ad5d37f094f9a8309519d2d8426f57bc8007
201,I_87757_89171_left_s,exact,A,A,explicit_text,85a39ab345d672ff8ca9b9c6876f3adcacf45ee7c1e2dbd2408fd338bd55e07e
202,D_56583_104,exact,A,,contradictory_review,c1b15d460bfa40fb9fe90f628962a2703a087bea6da081216be0cec782918cc4
203,I_44595_76957_left_s,exact,B,B,explicit_text,70307be4b69e7a70d88c458081673e449d4707f68a13bbecbb8ebe60afbbf9f1
204,I_63029_93812_right_s,exact,A,,contradictory_review,763c195b7ed242b123c3c8d0b1322c0f756c2ce1ecfe3be953eaf80793276839
205,I_47904_63029_right_s,exact,B,,contradictory_review,dcd005aefd2bf406e5c74ecf4bef4949cab28283f8379d6dadb0abe40d489c92
206,I_56583_87757_left_x,exact,A,,contradictory_review,d4186e5d1ef33b166fc192a94d1ed475893934b46ea143a95e369e58857306f9
207,G_76957_right_2173,exact,A,,contradictory_review,b9572c5c39f3439f833a7523d1b421744b5fc7b99f4c2e13925a06f82bdee74b
208,G_87757_right_2424,exact,B,,unrecognized_review,028d06bac523c3dcf5d405d0920098d4ba9b01efeb128ed5a1f1e9682308982b
209,D_65052_187,exact,A,,contradictory_review,7166b8f49f66c441686cf86bc8bd27b6c9c8371ebce478270e8e787a1a9c1c06
210,D_47904_94,exact,A,,contradictory_review,02e5487c9d5f220891f876e9b1c006dd614579a2418080a9150421302ba4bedb
211,D_87757_248,exact,A,,contradictory_review,ac4917a7d1791b4d206be9d90182b1dc5dd092c556d73fc90be643e999de23e4
212,I_27295_44595_left_x,exact,B,,unrecognized_review,028d06bac523c3dcf5d405d0920098d4ba9b01efeb128ed5a1f1e9682308982b
213,I_58398_76957_right_s,exact,A,,contradictory_review,9894a54bf022efe06a06cf68312bfbbb9fcf3d988357ca94331443f52fc36a33
214,G_99775_left_2887,exact,A,A,explicit_text,85a39ab345d672ff8ca9b9c6876f3adcacf45ee7c1e2dbd2408fd338bd55e07e
215,D_27295_47,exact,B,B,explicit_text,70307be4b69e7a70d88c458081673e449d4707f68a13bbecbb8ebe60afbbf9f1
216,I_74850_87757_left_s,exact,A,A,explicit_text,85a39ab345d672ff8ca9b9c6876f3adcacf45ee7c1e2dbd2408fd338bd55e07e
217,G_24101_left_297,exact,A,,contradictory_review,06ac5a71de4256dcc7bdcffc81ee9069acc60d5e8aab40edc2d85c0a5f63aee3
218,D_65052_185,exact,B,,unrecognized_review,86c54b9e3c9f8f1ff4dfb89edd6f4a5ab9d708a25232c0c5113bc242164b19a4
219,D_69658_198,exact,A,,contradictory_review,33632e4b669f2ed447d7ae0d366109e9c18932237635c034333825b4964cae2f
220,D_63029_162,exact,A,,contradictory_review,96755327e95cdd29dcf67a4c57a8fa4d16253e7d880987d6c16c2ba5de7156a9
221,D_27295_46,exact,A,,contradictory_review,2e1a4c0cdcac5f73ddeab5e51387338546543ab69bb35718671fd9085565ef33
222,I_56583_58793_right_x,exact,A,,contradictory_review,e4425a869b88ac247258b48910f13eb777cb4cc867c701c1e71b7f1287b6c13c
223,D_63029_159,exact,A,,contradictory_review,6ef1263b69e75175ef1d11815b36e27bfd1493719db7d293297a0d28f79886d5
224,G_69658_left_1887,exact,A,,unrecognized_review,5a6921aba81fc14db781000ee317afd7d1d36036019f7da10df096f0eb5020d2
225,I_76957_89171_right_x,exact,A,,contradictory_review,9573d67b3ee1e6a1d69269fdfa7fa2bcdbc41b93fa988823b878d942e38c5f48
226,G_83742_left_2214,exact,A,,contradictory_review,9234df5923469fae8a5fad18424d34d7176fc6a3ac6273e2bc58e9db0026e6c7
227,D_89171_257,exact,A,,contradictory_review,9fad947b701a970889a9c193d52f61b0b99f441f26ffef0d7c77f043238e0e21
228,I_83742_87757_right_s,exact,INVALID,,unrecognized_review,c977dbe785221d34114d345fdf8ff4e18bb4af66750751dbea29407f9738735f
229,D_57833_126,exact,B,,unrecognized_review,028d06bac523c3dcf5d405d0920098d4ba9b01efeb128ed5a1f1e9682308982b
230,I_27295_89171_left_x,exact,A,,unrecognized_review,ce4378b5ea71b926883b597efea2e30e51728b50d8b98be162fd9f88ee9aba3f
231,I_47904_57145_right_x,exact,B,B,explicit_text,aed53647f8e7faae259182604b78104d4031fa6e48cacc54ece185cedba39b17
232,G_27295_right_373,exact,A,,unrecognized_review,ada4ef111e702817aa64de8a3aaeecc6eec6c4e6d774b8b4602dafe49504debd
233,D_57145_118,exact,A,,unrecognized_review,859c9a0a2ea4d82ba90e4df5001d2199b765ce231c2438a1391d0b1195458ed2
234,G_47904_right_828,exact,B,,unrecognized_review,c798c0b742233ba56d1be217f57538e36d09e0e7e67a550a212abe28b341414a
235,I_57833_76957_left_x,exact,A,,contradictory_review,9266aa5d1d5d399c96bba68dfa1be06e2b73daba97bb0f0e7d7bc6f98228fd31
236,I_57833_69658_left_s,exact,A,,contradictory_review,085b5c81c8046d51f0f389364a3185e098858258bd7949750d2a6a69f0f71bac
237,G_63029_right_1565,exact,A,,contradictory_review,46ebeb03c9f77c6e61d5f2c40c3072083010fa6f005f4deb8dadec49a1f1e40b
238,G_89171_left_2498,exact,A,,unrecognized_review,2a1f72906d941d423e9cb53a708a9d0bbd47f3e17d163565906ac9e72d12d801
239,G_24101_left_295,exact,A,,contradictory_review,88c6947c7e7370cca25960a3bab161f680b9a499c40523f9ae9d5591bdb1111d
240,G_43210_left_591,exact,A,,contradictory_review,2a0e1b64fbb22d88468b77679e0afb37fc3cbb5a862696b77ba8c8b9b3b889bd
241,G_56583_left_856,exact,A,,unrecognized_review,165c6e1f0d5d771e4484000ec2bf705a01e34c4c64162eb30b6bafd8ee99459b
242,I_32467_56583_left_s,exact,A,,contradictory_review,530c57afee30c4b70f2bc216e9ba3ef6f0458539bbaeb826a3f83c14d0da1401
243,G_93812_left_2630,exact,A,,unrecognized_review,715cc6848d966be6a4d88bfb995c78ea1e8112a19af88aae7c1b1b44c2fff0a9
244,G_58793_right_1464,exact,B,B,explicit_text,70307be4b69e7a70d88c458081673e449d4707f68a13bbecbb8ebe60afbbf9f1
245,I_69658_96608_right_s,exact,A,,uncertainty_or_refusal_review,e1c571f9b04334b9330e0bec622307e3adcaee6dde1a4bc0c7f108a54a32d404
246,G_47904_left_819,exact,A,,contradictory_review,5fcc54bb5fbe81920d62aa16462b0303f54cae1558786cc389481c6ea00ca2ef
247,I_65030_93812_right_x,exact,A,,contradictory_review,d424ec5ec3e1761e6adbeeb9e6db04acaf79c109d67fb50cdf6f0ff33acb84cc
248,G_93812_right_2682,exact,A,,contradictory_review,a10fdedfad1b3827c137476cfe45ae7dddface9d17838e21c7fde6f46df7586e
249,G_58398_left_1300,exact,B,,contradictory_review,1adbcd599b7dee66bb6b71b1e2ab45215495515c0fe16a1627c2946486906e20
250,G_93812_right_2669,exact,A,,contradictory_review,e7bd7d8b979051ad1d9988fa123b69f294a6979555b00f5b26b7411aa1ab04f0
251,G_96608_left_2736,exact,A,,contradictory_review,047fa94560bc91efabcd901bd0d6a853fc72be099f412dfbcb56db8255373f86
252,G_20294_left_148,exact,A,,contradictory_review,f960e82a48dc9d284f544b76e9adf3a63d64929af39c58d170f172e0596db2ef
253,I_43210_63029_right_x,exact,A,,contradictory_review,bcce09e21f8c20946e186df5141b4ad0d1f4d75af7d1ee63a5df1c845647d9e7
254,G_65052_left_1761,exact,A,A,explicit_text,85a39ab345d672ff8ca9b9c6876f3adcacf45ee7c1e2dbd2408fd338bd55e07e
255,G_58398_left_1270,exact,A,,contradictory_review,d68e1826bd30b29ab5a9bd900f5675d536ea06a56d8357d3faeea5d04d2e3bcc
256,G_57145_left_982,exact,A,,contradictory_review,9148533f4263534a5830a126ad208eda5831007bb13b2598e6127af51bd886ab
257,D_74850_208,exact,B,,unrecognized_review,92ae9df90655fe665b4467c0df5601db2d9ba81a08dff21d603a93ffcf0747b7
258,I_65052_69658_right_x,exact,A,,uncertainty_or_refusal_review,fd3924c9799f6be25f03e1153dd6e253c6afc3aff774b58c5eaf088239404781
259,I_27295_43210_left_x,exact,A,,uncertainty_or_refusal_review,df597f97fa992ac9ae4cdb150b05fb619204379b3bad5f9f9da0445d1eace80b
260,D_24101_34,exact,A,,contradictory_review,e95450c76299a5f18fc75943d92ad85ea96d3090092eeb08639e152ed1e487df
261,G_57833_left_1142,exact,A,A,explicit_text,85a39ab345d672ff8ca9b9c6876f3adcacf45ee7c1e2dbd2408fd338bd55e07e
262,G_83742_right_2344,exact,A,,contradictory_review,ba2c0a8b0d767031a1574f5ddaa4e3a19a5fbb190bc73d72c94c24692499f4f5
263,I_47904_96608_right_x,exact,A,,unrecognized_review,74672601629996f510e2e0e0784376a10d450e1a4fb98a31f24b6fdf4e52c9e2
264,D_69658_200,exact,A,,contradictory_review,bd15a77245673f91e21c42bca0b063bf0ca0b46b303595053fecc85861556c73
265,G_56583_left_846,exact,B,B,explicit_text,1ea442a134b2a184bd5d40104401f2a37fbc09ccf3f4bc9da161c6099be3691d
266,I_57833_83742_right_x,exact,A,,unrecognized_review,5d2ced81e780f171d1cee8d100fca8840d5772a41f954ef2146d77b1f246d7ad
267,G_43210_right_637,exact,A,,contradictory_review,abc7aae8117dff3862d711228bac0649d5d1dec4446bc95ad347066b0c095210
268,I_43210_69658_right_x,exact,A,A,explicit_text,85a39ab345d672ff8ca9b9c6876f3adcacf45ee7c1e2dbd2408fd338bd55e07e
269,I_14493_58793_right_x,exact,A,,unrecognized_review,76b84e3e5d3bf473e78561efdec09910e6894283145ed4c9f78d166d9b1b07fe
270,I_44595_57833_right_x,exact,A,A,explicit_text,85a39ab345d672ff8ca9b9c6876f3adcacf45ee7c1e2dbd2408fd338bd55e07e
271,G_24101_left_289,exact,A,,contradictory_review,9386eec1d56dc852bcd6f7752c31c46ff9e3b0d257a946120ba3e1eaa61652ed
272,I_57145_63029_right_s,exact,A,,contradictory_review,79b0f5091bf4de35848d97927fc79294a5cc76ef6af0872f8591523f7323631d
273,I_43210_58398_left_s,exact,A,,contradictory_review,abc7aae8117dff3862d711228bac0649d5d1dec4446bc95ad347066b0c095210
274,D_69658_192,exact,B,,unrecognized_review,596a37f9931f659fc36c7ad4a20223cf580f9b8785cc0e67805f910485f989fd
275,G_63029_right_1618,exact,B,,contradictory_review,d3a669d1271bc4aa542a28a6260f7094f52c32e7f9e0fa955d77b87d77a6b424
276,I_57833_76957_right_x,exact,A,A,explicit_text,85a39ab345d672ff8ca9b9c6876f3adcacf45ee7c1e2dbd2408fd338bd55e07e
277,I_58398_58793_left_x,exact,A,,unrecognized_review,5cce074d5cbb31e2d3f805f3e4f52d1b1b4985787ed58bd9e29e6768d8606ca9
278,D_93812_275,exact,B,,unrecognized_review,e8099d9d3a65190606cb22e228adbbdfa6bdab9972dc488ea416504e92c6bfe7
279,I_20294_65030_right_x,exact,A,,uncertainty_or_refusal_review,b33bdb3a8fb9876c8a6b7a9ea14acb1062fe87d5cd5d8f185ee7e250d384924d
280,I_57833_83742_left_s,exact,B,B,explicit_text,38178a20b470cfd18299fb1593dd4ba706f1a83321dac051d01086efd8b7a96f
281,G_32467_right_512,exact,A,,contradictory_review,3f11b0067bc19b37518cc454b3f1839fe6df3c8ae745264270ba6f113095e1e7
282,G_93812_right_2673,exact,B,,unrecognized_review,1b8a69a6e4e20b17f13fab3e93696024e92181bbce3a88b73754ec4ef13cab95
283,I_56583_69658_right_s,exact,B,B,explicit_text,70307be4b69e7a70d88c458081673e449d4707f68a13bbecbb8ebe60afbbf9f1
284,I_20294_69658_left_x,exact,B,,unrecognized_review,fa04b33e3ec8bed1d5749df398db57eb473027a4eba66ae591ece1ea835be4ac
285,G_27295_left_338,exact,B,B,explicit_text,70307be4b69e7a70d88c458081673e449d4707f68a13bbecbb8ebe60afbbf9f1
286,I_58793_87757_left_s,exact,A,,contradictory_review,e4356a4d5badeda72a13b8e606d81cb9b588213e42bde96f5b296906beea045e
287,D_99775_298,exact,A,,contradictory_review,4e97268b54e162c3832278a33573f3d66d6731b0b08afc1fdc31af513bbeb429
288,I_57833_93812_right_x,exact,A,,contradictory_review,a47e99cb134978af1fbfbb200e49b500464a099b5a6753ca17fc9ad67f101a65
289,I_58398_76957_left_s,exact,A,,contradictory_review,a8092ea6b3721df486f09ed1f2981ed9fd7b15c1b1aeb44447a1bd13f7929b85
290,D_58398_136,exact,A,,unrecognized_review,b144bb5ff9ee605467c71d8c81724a4ac6d723581aa432433c13c67e7e832113
291,I_47904_57833_left_x,exact,B,,unrecognized_review,028d06bac523c3dcf5d405d0920098d4ba9b01efeb128ed5a1f1e9682308982b
292,G_65052_right_1818,exact,A,,contradictory_review,7423a0ab7ade490135edc73b81dd6eb20d3ddfb909b65769986902401787bf08
293,I_27295_83742_left_s,exact,A,,contradictory_review,f711a032b8de9c8b8ed1330a1b45987b6dc50022d50b71aa433f8751bdc29048
294,G_57833_left_1173,exact,A,,unrecognized_review,d55e0efdf4cbeff26c37e077a5f8f84b4ca93346b02c7888d876c7b29ed43761
295,G_89171_left_2526,exact,A,,contradictory_review,58255cf94ab2f4eec5f9611ab306521072dcf2d35015642408a3ddaecdd1f089
296,G_76957_left_2116,exact,A,,unrecognized_review,d70f5dc0c9116e577388da6a44fe1e0d0fac208fce4201e2555e3c15b0bd4266
297,I_56583_93812_left_x,exact,A,,contradictory_review,ceab8cc179951d535f11167f2869a664c6d7f7ea98886f18304e6a623446ec66
298,I_83742_93812_left_x,exact,A,,contradictory_review,e2890f42978d94a3adb1b6556d29175551454f4acdabe4394741550807ca9fdf
299,I_14493_47904_right_s,exact,A,,contradictory_review,3503cda9f376d86df6dc701f6962bd546cee886c5c524439d45ec9d0652c0ec2
300,G_58793_left_1380,exact,B,,uncertainty_or_refusal_review,7d45324d7713bd89c8291779bbd54d94141be9b3b42ca011d3c34799891820ee
301,I_24101_27295_right_s,exact,A,,contradictory_review,395ce2a9bc881e603bce8452755657ad79bacb10ab4e26402233cdcd7b74691e
302,I_57145_57833_right_x,exact,A,A,explicit_text,85a39ab345d672ff8ca9b9c6876f3adcacf45ee7c1e2dbd2408fd338bd55e07e
303,G_87757_right_2470,exact,A,,contradictory_review,21e44b30180af08be21324065ab14efe50c33f293e46ccc18b437cded4c186b2
304,G_65030_right_1718,exact,A,,contradictory_review,f374e6cdf07085bb0604cc644aef5fa66dc47f81809ff58e7e17130812481718
305,I_69658_87757_right_s,exact,A,,contradictory_review,15cecc0ce80e2ff755cd6488a6f73e1f7cb55eefff452634c3029bf075315e88
306,I_65052_87757_left_s,exact,A,,unrecognized_review,2fe551650d5d6a69771890bd26f97852894af4bef5b924bfd84a99fe0e101eea
307,G_93812_left_2641,exact,A,,unrecognized_review,188e8511d8693f3843dbe449142234667f800587dae85bb3cecf483108f9f67d
308,G_24101_left_294,exact,A,,unrecognized_review,5eabbe0ec2616321a659edd59fc4a9e951703d1d64c2af00505de0bc18513d0f
309,I_58793_74850_left_x,exact,A,,contradictory_review,ddab5d94c9beba2b4d553ab65f83b363f37827dd7ec59c1ba16eb64837b1f437
310,I_57833_63029_left_x,exact,A,,contradictory_review,927d57dd728624490c5e7bbfb45464fa02cc2153d60bf6524026cc4844b5ca6b
311,I_20294_69658_right_s,exact,A,,unrecognized_review,92ddcb3223c6a662e6b75306460674c552cc9de136f86d461e7eff61de41ed9c
312,G_47904_left_820,exact,A,,uncertainty_or_refusal_review,c23af812c573538e9f644a989034743c189c8a11cd787cbc941845a2486c0bf7
313,G_14493_right_91,exact,A,,contradictory_review,af5ced91e1f0334aea6758f25cfc42f9adce60b8aba6c33eab126114425d5658
314,D_76957_227,exact,A,,contradictory_review,f8c719c6db68eb1c033fc822e844ec2b69e357c2cfb4c7f72b9c9e1be3d7482e
315,I_27295_76957_left_x,exact,B,B,explicit_text,70307be4b69e7a70d88c458081673e449d4707f68a13bbecbb8ebe60afbbf9f1
316,D_63029_164,exact,A,,unrecognized_review,34b660836df8374a8a98d28b6e3c28e2b598abb6f59b670723cf157d894b2b0e
317,I_24101_58398_right_x,exact,A,,contradictory_review,510654b98d8614483e44a3b334bc5e87c24db0793a97e5734dc57497275e3fd5
318,G_24101_right_302,exact,A,,unrecognized_review,ca5bba8991ff1a188058a844e31b43f918289eb6dd420e1b232b23d95ada37cb
319,G_74850_left_2000,exact,A,,contradictory_review,7d424e794184fd95fb2ea71ab163c6565a6cec08944be7e0037577b0b5067e05
320,I_69658_99775_right_s,exact,A,,contradictory_review,a88c1bdcf7a68fa65eca0959320353b39dd0db378350c661b7f2a844432ae815
321,D_65030_176,exact,B,B,explicit_text,1ea442a134b2a184bd5d40104401f2a37fbc09ccf3f4bc9da161c6099be3691d
322,G_58793_right_1475,exact,A,,unrecognized_review,13552f283eab8d3242a692b67b5c7cffe905a70e08f2f28bf4d27e1f43e09036
323,G_14493_left_59,exact,A,,unrecognized_review,8b6074c1ac14c7222d50144999c2f409e992fbec6139fd4a40fa7f8978fa8308
324,I_27295_89171_right_s,exact,A,,contradictory_review,7256f6892e94244cfcd8ab8ae0c3fb8d3ae9f9a9ef68ced5c47a2ede5856b891
325,I_44595_65052_left_s,exact,B,,unrecognized_review,8cb99859ea95894a9f703259dddce788014e59fe20ddf4b77313626a646321b3
326,I_58398_63029_left_x,exact,A,A,explicit_text,85a39ab345d672ff8ca9b9c6876f3adcacf45ee7c1e2dbd2408fd338bd55e07e
327,I_43210_99775_right_x,exact,A,,contradictory_review,04f5424be01795208b0fdd16fce4ec83ef3a29c8b62c95af652fd2445085eabf
328,D_69658_197,exact,A,,contradictory_review,d33c5344af0455035f9bbdab674d29c569611402634bbe7632e6ba7805369efb
329,I_76957_99775_right_x,exact,B,,unrecognized_review,71b69caf1502b85aae999480840add927c73405b2bb902398d8a1a1a08768e77
330,D_96608_283,exact,A,,unrecognized_review,bbfc471e84bef14babad40762133b3d5a05706b925506a923a2845c1414892d3
331,G_87757_right_2451,exact,A,,contradictory_review,05b288664b5052f1b335bdb14c3fc6dab6142ea7a21bab80c8ddac2d060bd290
332,I_20294_63029_right_x,exact,A,,contradictory_review,78c2446e4751f83820c7403dd1ae88b8c5efa5fc08262fcda0a3bf1981d49f7c
333,D_74850_207,exact,A,A,explicit_text,747d39e9fc5cdde1e1fc822c31b31e99db7f403d683f5078f5a6c2616c4e83e6
334,I_47904_69658_left_s,exact,A,A,explicit_text,85a39ab345d672ff8ca9b9c6876f3adcacf45ee7c1e2dbd2408fd338bd55e07e
335,I_32467_89171_right_x,exact,A,,contradictory_review,393a802756001b7af41206741e3bf98ff6499ca816c050fad3b4d19a07563897
336,G_65030_right_1703,exact,A,,contradictory_review,1b6f8e738adfccbcf5259cbda7f97429d6a9f851861a0729134756b47fa5899f
337,G_83742_left_2230,exact,A,,contradictory_review,b2bcd74df8be33d6158aebc13d5d7d3c3c8e34c9e93b3d4559a11cbf9bc99e4c
338,I_20294_76957_right_x,exact,A,A,explicit_text,85a39ab345d672ff8ca9b9c6876f3adcacf45ee7c1e2dbd2408fd338bd55e07e
339,G_57833_right_1225,exact,A,,unrecognized_review,c80e5955fb70ce4fafa8994491625ea2d7c3e8ea01c9bb1c525fb1533d147a00
340,D_24101_24,exact,A,,uncertainty_or_refusal_review,fd46e8e08b059dfb8e760dfad3ebeddd1a73846d366e33d3372cb415c62e5eed
341,D_58398_141,exact,B,,unrecognized_review,a6889f0a66efcbeb86a937ad68dcf810861fdc7eb5049061fa0c695ad2e85840
342,G_32467_left_466,exact,A,,unrecognized_review,7a6f4871b24971405179272a3e6f8c63d6c75bff6b35c8b059630b401d4aa50f
343,I_47904_57145_left_x,exact,A,A,explicit_text,85a39ab345d672ff8ca9b9c6876f3adcacf45ee7c1e2dbd2408fd338bd55e07e
344,G_83742_right_2331,exact,A,,unrecognized_review,38cceece96f468924642034140b398b4408d3675187e33ba57f11cb0e4742659
345,G_96608_right_2786,exact,A,A,explicit_text,70f25e2a59456a351fe671d4e4c872b5cefa031521b369be357203d0021fbbb1
346,G_57145_right_1101,exact,A,,contradictory_review,89fb9958479edb8dc2496ac69dc90ef431e6b26a770a70c066b1eb3d085c49cd
347,I_32467_56583_right_s,exact,B,,unrecognized_review,555ca63f714d09df03619ccef4041c5e0503bf3028e027dbc37c6c261b0fd2bd
348,G_69658_right_1907,exact,A,,contradictory_review,df988738264dd502ee4af464eed33d5c7f194352aac6abba467d0c56c23074a9
349,I_20294_57145_left_s,exact,B,,unrecognized_review,6a6d4be247f7753b0e03db6a6306821b2e77056edce07dc838b60b29030c9064
350,I_58398_99775_left_x,exact,A,,contradictory_review,709416d1f867fa3773215d58f9f6becc42c0a2ba13da5d2601aafef1ccd553f3
351,D_65052_190,exact,A,,contradictory_review,7348a033dcc452dc2d4f2a9f51afd689c73b83e9ea8b615a2db092538f12ce5f
352,G_63029_left_1488,exact,A,A,explicit_text,85a39ab345d672ff8ca9b9c6876f3adcacf45ee7c1e2dbd2408fd338bd55e07e
353,D_43210_70,exact,A,A,explicit_text,85a39ab345d672ff8ca9b9c6876f3adcacf45ee7c1e2dbd2408fd338bd55e07e
354,I_58398_96608_left_x,exact,A,,contradictory_review,cacc7021a01f26b32a0350b2ab5f3df3d83372049c5ca751c7253a46854d4bd0
355,I_57145_96608_left_x,exact,A,,unrecognized_review,d93b9280bbc572ad3fefdb4b859bf0894fdd5164e2577f2c8ea8a1e242729071
356,I_65030_93812_left_x,exact,B,,unrecognized_review,d6719ba3b0123bcd31f1eea3a1b3dd047cb4896c23ff927c7b1162530904e729
357,I_32467_44595_left_s,exact,A,,contradictory_review,539443bd34cf65132c7ac5321210670b67a9149b77711f76763d2212c8b37450
358,G_32467_right_545,exact,A,,contradictory_review,200b4307a721d2fd9eed91a72579a3cafbbb2042c8d3dfb61063258d27b9f83f
359,G_63029_left_1542,exact,A,,contradictory_review,28d9c11318df52e73558eedc6c3f37017fe4d407471e4e5b85ef845e8c85ccbd
360,D_24101_33,exact,A,,contradictory_review,ad57c9d8615ab58a9f567a75d3b285d7c937ed67285be857c971b9cbd08d63a2
361,G_99775_right_2928,exact,A,,contradictory_review,bbd46fed82602f4c528953dc9077575a6e116f9a1797b87ffd84733477e661d8
362,I_20294_87757_left_x,exact,A,,contradictory_review,04aa7236f04088b263e530d20f3fbd2cd46eff705064f133b64fc8e2d926ce26
363,G_58793_left_1383,exact,A,A,explicit_text,85a39ab345d672ff8ca9b9c6876f3adcacf45ee7c1e2dbd2408fd338bd55e07e
364,G_43210_left_550,exact,A,,contradictory_review,df5b6300299acd4b37afb235eae0b966aa6a8750da202b8317fb2a2785fef666
365,D_57145_117,exact,B,B,explicit_text,aed53647f8e7faae259182604b78104d4031fa6e48cacc54ece185cedba39b17
366,I_27295_76957_right_x,exact,B,,contradictory_review,175210d25121583ef525eacc501beac46eb31e45e2df0ba5c9b461ec6b7403d4
367,G_57833_left_1192,exact,A,,unrecognized_review,c024be533f6f689f6ee5f8794de613f834af2f183baeb5fb55195b3ee17c3e83
368,G_93812_right_2656,exact,A,,contradictory_review,0f5c75361aec108bbd4d6e529841846aeb25d903e57660eea64b66bde13246d5
369,I_43210_56583_left_s,exact,A,A,explicit_text,85a39ab345d672ff8ca9b9c6876f3adcacf45ee7c1e2dbd2408fd338bd55e07e
370,D_93812_268,exact,A,,unrecognized_review,e1f298c180b0f2da638e08633e5b7fba20e3fa25affe7faa3c8f680b66ad2f85
371,D_58793_154,exact,A,,uncertainty_or_refusal_review,0bded0b63b277d01911077b26c7be4da58c4db8525290ca9cc3640e3d30ef367
372,G_65052_left_1759,exact,A,,contradictory_review,54afbb6f53718093b5fc10514b4e8770ec8369622c06e6eeb02449d4fe5f107b
373,G_76957_right_2146,exact,A,A,explicit_text,85a39ab345d672ff8ca9b9c6876f3adcacf45ee7c1e2dbd2408fd338bd55e07e
374,I_24101_43210_right_s,exact,A,,contradictory_review,0bfd7b6ac9c63d6dc6b51bc1cb70b4af4b00b8546d2f9f95ee50099e37f2a0c1
375,I_20294_27295_right_x,exact,B,B,explicit_text,70307be4b69e7a70d88c458081673e449d4707f68a13bbecbb8ebe60afbbf9f1
376,G_44595_right_788,exact,A,,contradictory_review,4298df2049297b401aa3f0b7bdda38155938dd5b01c3022f9cf409e9d78c313f
377,I_57833_93812_right_s,exact,A,,contradictory_review,66ec460af20d5ff87a3f51c71a2a3fc9aad393b54baaf223e2e4e7511bbb62fd
378,D_47904_84,exact,B,,unrecognized_review,3ac100c907a620945acc695bb3f299bb5167b78a9039c12a29c59bd087d5ceac
379,G_56583_left_852,exact,A,,unrecognized_review,3ea401731c39671df63ae12c901ba02675bd2b7c5657767be0a86cee39d580de
380,I_58793_65052_right_s,exact,A,,unrecognized_review,74672601629996f510e2e0e0784376a10d450e1a4fb98a31f24b6fdf4e52c9e2
381,D_47904_87,exact,A,,contradictory_review,f3f1e695c771c05e7ae8c071cc68c595f0af56e11de728b9324360e2b571e957
382,D_76957_219,exact,B,B,explicit_text,70307be4b69e7a70d88c458081673e449d4707f68a13bbecbb8ebe60afbbf9f1
383,I_47904_89171_right_x,exact,B,B,explicit_text,1ea442a134b2a184bd5d40104401f2a37fbc09ccf3f4bc9da161c6099be3691d
384,I_43210_58398_left_x,exact,A,A,explicit_text,85a39ab345d672ff8ca9b9c6876f3adcacf45ee7c1e2dbd2408fd338bd55e07e
385,D_56583_107,exact,B,B,explicit_text,1ea442a134b2a184bd5d40104401f2a37fbc09ccf3f4bc9da161c6099be3691d
386,G_74850_left_2008,exact,A,,contradictory_review,ce14f174d4e32330eee9dede7ddd588bacf8557e1ec25736acd170ad3c3fbb86
387,D_63029_167,exact,A,,contradictory_review,381049c3018a6d2d84f06499d546aee065b141f48d46119c327220f00d8e93be
388,D_96608_277,exact,B,,unrecognized_review,c2ca503ed7584acbb26d5e40c08f8ed50ac93ba7bd6099b9fefd7f6675d4e201
389,G_83742_right_2340,exact,A,,contradictory_review,72fb186f70091bfb56d9be8b9ec8f34a4703ce3bcf8c244c3a15c3f953745b21
390,I_56583_63029_left_x,exact,A,,unrecognized_review,bf54c546648e24a7bf37ad2e373b3e90632221b9e9e8217717e9fc63ec3bd767
391,D_96608_280,exact,B,,unrecognized_review,c001ee5f63d1ee8ada4a3b58a382400f17a6d3adcd7468cdded3b573baeb5181
392,I_65052_76957_left_x,exact,A,,contradictory_review,1a3866615e7825b08f442d1bb244284bad3b7a661185c6a2a016a63499cbb5ba
393,G_58398_right_1335,exact,A,,contradictory_review,f86c1a7b80ef9ca5cb73ad732439ba5a9cba6c21366765dc87ad5aceeedcef58
394,D_83742_239,exact,A,,unrecognized_review,f80be88b46abe2944bae64c30a5c7a755b2ad41a9069b526d91e688334bac6fb
395,I_63029_83742_left_s,exact,A,,contradictory_review,2e1255f360e0bba0f2744c74deb278d3fcf3bba7e31e7b9ff6bcbcc3ef0f403b
396,I_47904_56583_right_x,exact,A,,contradictory_review,2273c3affe198bc33295e0f433cb1c47eee439d07cf42e1670de34147960a8fa
397,G_57145_left_976,exact,B,B,explicit_text,70307be4b69e7a70d88c458081673e449d4707f68a13bbecbb8ebe60afbbf9f1
398,G_76957_left_2132,exact,A,,uncertainty_or_refusal_review,628e6f97ea1b352929af403ac6e43de12aa0ec10be24e7294a8f3c248b980ea6
399,D_57145_115,exact,A,,unrecognized_review,016a1167c3a7dfdc9c4216b583d554b656d84c4e93ca97ab99bdb86a7e591521
400,I_43210_76957_left_x,exact,A,,contradictory_review,c6d536023157bf17c5221f37cde26f5c5a5e73ac991db2f851d0e7b20c3205a1
401,G_14493_right_109,exact,B,,unrecognized_review,028d06bac523c3dcf5d405d0920098d4ba9b01efeb128ed5a1f1e9682308982b
402,I_69658_74850_left_s,exact,A,,contradictory_review,b233d557c12d282d16cddcd6dbca05031fca1ac08ec570e134ead3aae7f7b6c8
403,D_20294_16,exact,INVALID,,unrecognized_review,51b13392afce3fc885b9c2e923f7814601a26db803205cfbcb5e49a1db958b26
404,I_58793_89171_left_x,exact,A,,unrecognized_review,9a0a92bbaa2dd5afcd8c2ff0dfe0d9ccaf6f284233d808058fc395d13a870bb2
405,G_99775_left_2873,exact,B,B,explicit_text,70307be4b69e7a70d88c458081673e449d4707f68a13bbecbb8ebe60afbbf9f1
406,D_58793_155,exact,A,,contradictory_review,e09a0a3f57b91945f70f8f0e83a5a4db51b48a619b6d45b25d756e148c904048
407,I_24101_57833_right_s,exact,A,,contradictory_review,7ff4d150cb1b007a3abc9867b70d7b2a9621b07b87f2dd85f2cc631eae96068d
408,D_74850_210,exact,A,A,explicit_text,85a39ab345d672ff8ca9b9c6876f3adcacf45ee7c1e2dbd2408fd338bd55e07e
409,I_47904_65052_right_s,exact,B,B,explicit_text,1ea442a134b2a184bd5d40104401f2a37fbc09ccf3f4bc9da161c6099be3691d
410,I_65030_89171_right_s,exact,A,,contradictory_review,e9a2e7a405252591821bc506d034e1a752e5796658a06f04c0978ccd9b51404f
411,G_56583_right_912,exact,A,,contradictory_review,bd295894a890484793c371ca7fa0c85f2b38d4fa8deb3fdd0436b953de3df247
412,I_43210_76957_right_x,exact,B,B,explicit_text,70307be4b69e7a70d88c458081673e449d4707f68a13bbecbb8ebe60afbbf9f1
413,I_47904_74850_right_s,exact,B,B,explicit_text,1ea442a134b2a184bd5d40104401f2a37fbc09ccf3f4bc9da161c6099be3691d
414,D_47904_95,exact,A,,unrecognized_review,05e977dd4bdd99deea6d7bea2286ff7b17d60bcf16c7d0ce69fa4fcb0f59b7f3
415,G_44595_right_766,exact,A,,contradictory_review,2bd01dc1726e0fa9e943e362212b079f570f731db86c57c4597831d688be3dbd
416,G_43210_right_678,exact,B,B,explicit_text,38178a20b470cfd18299fb1593dd4ba706f1a83321dac051d01086efd8b7a96f
417,D_27295_41,exact,A,,contradictory_review,45ce339341247f785edd949aae2d8414b57de23cbd1b75bd904a1735c850c28f
418,I_58398_89171_left_s,exact,A,,contradictory_review,228e0c4776026ae2c6112b3b91794c47c6210a0f2524b56f0c1d3033b5a5c8a3
419,I_24101_83742_left_x,exact,A,,contradictory_review,65ca5c62d8faf191ebeb7402ff1728901d15fa8c61ecd5d76b5844d6c7e0449c
420,I_57833_65052_right_s,exact,A,A,explicit_text,85a39ab345d672ff8ca9b9c6876f3adcacf45ee7c1e2dbd2408fd338bd55e07e
421,I_58793_63029_left_x,exact,A,,uncertainty_or_refusal_review,f47dea0d68a4f10fb76d1a3451ddd9233aaabf17e230fd59bc792f636ed5b8a8
422,G_57833_right_1242,exact,B,B,explicit_text,1ea442a134b2a184bd5d40104401f2a37fbc09ccf3f4bc9da161c6099be3691d
423,D_44595_79,exact,A,,contradictory_review,4025563be150b4038ee553023db590ea3e55610e984571cc04a4c5894b03f892
424,G_93812_right_2677,exact,B,,unrecognized_review,3880992f02acb18e4912e33e1a533b5f3fd3c48fc9048e2859eef7856f3ad01f
425,I_44595_93812_right_x,exact,A,,contradictory_review,a7d9493693cb97dad511f20e1ebcb4451f473d625a0b133799fe3ae380f2b722
426,G_93812_right_2681,exact,B,,unrecognized_review,cb004b3cf8909fdeea331d1f80bd6896495662dd5b9e9b7c4a4d4885c0135130
427,I_57145_76957_right_s,exact,A,,unrecognized_review,9134889fa4179f144561c04bf42050afee3a09c66b9363e0702456c5a847089a
428,I_43210_89171_right_x,exact,B,B,explicit_text,70307be4b69e7a70d88c458081673e449d4707f68a13bbecbb8ebe60afbbf9f1
429,D_74850_211,exact,A,,unrecognized_review,c662970d4d0aca76b9ae1aa99531e4e73008f47237c9a4b4089f1b342f54095a
430,I_14493_65052_right_x,exact,A,,unrecognized_review,01c264782457036fb7d7ec515b0598a8f0c208861577e7e919f77c121bc89dde
431,G_58793_right_1458,exact,A,,contradictory_review,56d45454d390fe58ad22ceb752e8cff55fcea43e4fe889b6557b11a90f63a0c4
432,G_93812_right_2688,exact,INVALID,,empty,e3b0c44298fc1c149afbf4c8996fb92427ae41e4649b934ca495991b7852b855
433,G_56583_right_907,exact,A,,contradictory_review,ecbb1e2f094f1d00b7ad7e7326c435c797acf2abd94b24a9b1c62a533e8a0555
434,I_57145_57833_left_s,exact,A,,contradictory_review,fd993427c672cb45746471a27645b5c5ab492ea3d2d501273e9a2eae86dc0989
435,G_65052_right_1852,exact,A,,contradictory_review,c1c0dbe4486151872644b90c1fce623c1df821a82822a4b5773fe3d3cda962a4
436,I_57145_69658_left_x,exact,B,B,explicit_text,70307be4b69e7a70d88c458081673e449d4707f68a13bbecbb8ebe60afbbf9f1
437,G_65030_right_1694,exact,A,,contradictory_review,ed8c8a147ffa9af51aaf7a62b831681a20b90fd2f3aaad939aa693eada1712e5
438,D_93812_265,exact,A,,contradictory_review,c5419be744003bbec635e58a4c8767ac2f8eead3c779b156f969306639f7cd32
439,I_43210_65030_left_x,exact,A,,contradictory_review,de32b38a61b50c59eee13ec66b3347b7ce16e0d0bd03bb597d15fd4deaa8d0a2
440,I_44595_89171_left_s,exact,B,B,explicit_text,70307be4b69e7a70d88c458081673e449d4707f68a13bbecbb8ebe60afbbf9f1
441,I_87757_93812_right_s,exact,A,,unrecognized_review,c3ddc6c6c87eb81f419117cc78ac31c2e70104e8e56663b33606f6d1b0395e91
442,I_44595_99775_right_x,exact,A,,contradictory_review,c5c9fdd54bcffd35ab7c20796e4a65f28c41031ddb2ca1a40b93b81aa9648c11
443,G_87757_left_2398,exact,A,,contradictory_review,7329db45739dc4c25b0a08de19c288f7ed7260df4bc90ce4b5f365ecaf1420a4
444,I_43210_44595_right_s,exact,A,,contradictory_review,b8adc7449419ee6db1d7b8abe3c46a79b0bd97e2aa5267568ad5693d9c2f9479
445,G_57833_right_1256,exact,A,,contradictory_review,25f648cf71b3c9f1b37ec9200b63e008ad1fe544abca79fdcfa8e429422949e0
446,I_43210_89171_left_s,exact,A,,unrecognized_review,c5a752d55e40ed01ac7adba0311ec7d95f4351b2797473b3506ecf961bf7e0a5
447,G_69658_left_1884,exact,A,,contradictory_review,0473a482d5babc243d4eb35226245cf3f50e1400f2750d557581b673d415efb9
448,G_57833_left_1134,exact,B,,unrecognized_review,a9895ace3c6d7d04cb53be3aa114710abf23ace7609e0b9200fc5f131a793900
449,G_44595_left_695,exact,A,,unrecognized_review,f08e21972d14ef72537b4229009905cf038a6df99aaa1f9b56bd9fbcd4e60013
450,D_44595_75,exact,A,A,explicit_text,85a39ab345d672ff8ca9b9c6876f3adcacf45ee7c1e2dbd2408fd338bd55e07e
451,D_58793_149,exact,A,,contradictory_review,ec13ef69246068752819fd1a9936db2dd06c12572a6870a4bdcd99d7a1074fad
452,G_65052_left_1726,exact,A,,contradictory_review,88f33a0f92cf7411faf584f2557af20d6a1751256b725f8b3447b29d8a63e801
453,I_57145_69658_right_x,exact,A,,contradictory_review,3d6c0c4bab29f97ac3a2c5e1ebc37bd563b49cdb9a143877f73809d2ebbd2e41
454,G_20294_right_261,exact,B,,unrecognized_review,6ae6e8e1c42169f8d2d145ebf55e2221b1c422f9900d91c9db2ed14c70db864d
455,I_65030_87757_right_s,exact,A,,contradictory_review,44bed5cbc5ad31f83baf4e379ba7acb435dc57dda14aff86af07cf7eac8ec9c6
456,I_24101_57833_right_x,exact,A,,unrecognized_review,bf54c546648e24a7bf37ad2e373b3e90632221b9e9e8217717e9fc63ec3bd767
457,G_44595_left_739,exact,B,,unrecognized_review,49765464651e2b614bb34675fffbbb8f1ed5f3472f01ecb5ab52ebcbf94259f9
458,I_63029_99775_right_x,exact,A,A,explicit_text,747d39e9fc5cdde1e1fc822c31b31e99db7f403d683f5078f5a6c2616c4e83e6
459,G_24101_right_305,exact,INVALID,,unrecognized_review,23623c885eaba85b16bc4f8d4256f4de7e34240767171ea5f7ee713a9d1a2564
460,G_65052_left_1758,exact,A,,contradictory_review,23144f0131ad5eda2006e49296a84cd4450773c47eb95328a66a03f9937837d1
461,I_56583_83742_left_s,exact,A,,contradictory_review,6d1fe334667f4d8c5a24a4efed7d00bbd1182401ff0ef990927ae1d65eeacf21
462,D_58398_139,exact,A,A,explicit_text,85a39ab345d672ff8ca9b9c6876f3adcacf45ee7c1e2dbd2408fd338bd55e07e
463,G_32467_right_538,exact,B,,contradictory_review,6610167000ac918baa18b4075fa9a07b8732746b6e0deff66755dfd8ab0a4c5e
464,D_47904_91,exact,A,,contradictory_review,3e934dbad994aa008e30bfa389dfde8d00661b185fd1c91a7ee3cb121ea147f1
465,G_47904_left_822,exact,B,B,explicit_text,70307be4b69e7a70d88c458081673e449d4707f68a13bbecbb8ebe60afbbf9f1
466,G_87757_left_2365,exact,A,,contradictory_review,491429546b49c73dce28a68c584fb2d182395660f61cd34beb8a3494af174aac
467,I_14493_58398_right_s,exact,B,,unrecognized_review,caa24c636067734c074da6188f95625e31cef9fddc830ff12467acd0cafc6310
468,I_56583_58398_right_s,exact,A,,unrecognized_review,824cf500e2d4f5edcd767602c03dd67b993093c581ffb76eb6d8448b3de22ec1
469,I_24101_65030_left_s,exact,A,,contradictory_review,8eabf3c0e45dc8ae21e529bd3f8f3eefbfdb730dc0e092a837058c00c7b5ae27
470,G_56583_left_864,exact,B,B,explicit_text,1ea442a134b2a184bd5d40104401f2a37fbc09ccf3f4bc9da161c6099be3691d
471,I_74850_83742_right_s,exact,A,,contradictory_review,022d9bbd759c710ddbd3f6fb6d702d6f2c202066f6af54a932d7f4183b2b5974
472,I_24101_74850_right_s,exact,A,,uncertainty_or_refusal_review,37b1010aa5c85105d1344e3e58c279c84b4b6755035202efd14435254f7788ef
473,I_65030_69658_right_s,exact,A,,contradictory_review,6fae10e67945cf3dcc8808bfce2b1b718b390bfd35df2cd7c61792cde1c0b85e
474,I_89171_99775_right_s,exact,B,,unrecognized_review,6ec2415814350f9dcd1200261c621d76d0ad456a430e41bbfe60af56bd3fcc48
475,I_63029_99775_left_x,exact,B,,unrecognized_review,028d06bac523c3dcf5d405d0920098d4ba9b01efeb128ed5a1f1e9682308982b
476,I_14493_27295_right_x,exact,A,,contradictory_review,f8e0266752345f290ab84d6674ab46165bf672efb9f6bd2bc0d8a19bb6e95ae3
477,I_24101_87757_left_s,exact,A,,unrecognized_review,a25e912b9712e597866c4c9cfb9d003c67a482ec89a0081329b9a654bcfce218
478,D_20294_19,exact,A,,contradictory_review,1aac0da182deb0941bfcf6abd0b2e160b9a32f6919a89fafc60574f7fd40b51e
479,I_57833_58793_right_s,exact,A,,unrecognized_review,fe3c1befde4016316dec5888e487625249243a0902644dfc7c54822efda1355c
480,I_47904_89171_left_x,exact,A,,uncertainty_or_refusal_review,45f4b22bdc949baa9b5c7d94ca65627b4cddcf62540d33ff6ea968ec634c30fc
481,G_32467_left_455,exact,A,,contradictory_review,be59ed5e133bc33519ee65813e63c3d44c70578a89d9d2204698b30df642f284
482,G_24101_right_303,exact,A,,contradictory_review,a47e99cb134978af1fbfbb200e49b500464a099b5a6753ca17fc9ad67f101a65
483,D_47904_85,exact,A,,contradictory_review,78d0211cacba07731a0b337f31ca1a4ba3025f8c9195e96f5178b2afea8e3f14
484,G_43210_right_675,exact,A,,contradictory_review,88dcf119d6beb63a4584c25abff11afa341fa81bfc779c085c1a6483092c2a16
485,I_24101_58398_right_s,exact,A,,contradictory_review,990ae42af8d53b98c95f54c5010c31612097efda18fd21ca2aa0c74c06ef5fc6
486,D_83742_233,exact,A,,unrecognized_review,d569f777facde980770b15b2366d2dea7c3e799f21416b93c23cb1dda149905d
487,G_27295_right_398,exact,A,,unrecognized_review,fa20fabea3fcb951cad633040a8dd0ffaea7f3c207f5b6e439727fbfe867ea7f
488,D_20294_14,exact,B,B,explicit_text,1ea442a134b2a184bd5d40104401f2a37fbc09ccf3f4bc9da161c6099be3691d
489,G_58398_right_1349,exact,B,B,explicit_text,70307be4b69e7a70d88c458081673e449d4707f68a13bbecbb8ebe60afbbf9f1
490,D_44595_81,exact,A,,contradictory_review,bf54505514bd2aa3072a64ef86d43a00d7b2a60cbe1ee093d35241415dbd03f0
491,I_57833_99775_left_s,exact,B,,contradictory_review,43fafba7c7a2787dd1f9bf3dd85295c356be86cccbb5a3f376f6d802b50f76c7
492,G_99775_right_2922,exact,B,,unrecognized_review,05c4609cab718a718862f824e79f31b2d9f7ba0cb9d2c0cfc6ac35071e413ee0
493,D_65030_179,exact,A,,unrecognized_review,24898a7219f139f57fe607055f60878962c507e0a81b2dda80753fc29958f993
494,G_47904_right_829,exact,A,,contradictory_review,92ba5ab6442b8adebc6343b8e7623741fa17fc5f624253664d385f842c66ae99
495,G_24101_right_306,exact,A,,unrecognized_review,0f4d1715263d4d958c3fa97fe54c566100e61bbf6ede2800b1181ee07b2449ad
496,I_57833_74850_left_x,exact,B,,unrecognized_review,11afb214bfba9f0d7b2a13cf6baae96d77550b149615c62af1c032ba3ae5f1e0
497,G_76957_right_2153,exact,A,,contradictory_review,1537bb45579295740c3460a093853e58d1980ee18213353503cbdcf6d51267d7
498,G_63029_left_1538,exact,A,,contradictory_review,612f1affda5b233272a75e596f342c1a812bbee2cd2920dfa7a2641bf423602d
499,I_32467_43210_right_x,exact,A,,contradictory_review,fc7ce3ac161cbee064018f6415878b3bbef78ac936cf190bb6eb83ea50673872
500,I_20294_65052_right_s,exact,A,,unrecognized_review,a13cc6b593d2a414d0b476325fe12dd5d2a69f5f5681a90f022babf560acdf20
501,I_44595_58793_right_x,exact,A,,contradictory_review,b30bdc232f40aa59c1d62b19ee531724b325ec6e08d612b3644a063e7fb29ab5
502,I_56583_74850_right_s,exact,A,A,explicit_text,85a39ab345d672ff8ca9b9c6876f3adcacf45ee7c1e2dbd2408fd338bd55e07e
503,D_43210_62,exact,A,,contradictory_review,21ea2bc7ca87d1a09b5bda67fdd1349d89d93a3e17f750ba91035963afa7526a
504,I_57833_99775_left_x,exact,B,,unrecognized_review,9146d88b4c363f0899d4a468d4c26c8c4969060b07e4096bc6aee83eb0ed77c5
505,G_44595_right_812,exact,A,,contradictory_review,ca85736b01e656d12f26501f202fdaef9ac86eb7360ec814943b2ec8853bf03f
506,G_32467_left_420,exact,A,,contradictory_review,c4f52f3727be8e5a747ef18211a9049fbfae835aec554ff8cb1a7a82c9898f81
507,G_27295_right_377,exact,A,,contradictory_review,46ebeb03c9f77c6e61d5f2c40c3072083010fa6f005f4deb8dadec49a1f1e40b
508,D_76957_216,exact,B,B,explicit_text,1ea442a134b2a184bd5d40104401f2a37fbc09ccf3f4bc9da161c6099be3691d
509,D_14493_3,exact,A,,contradictory_review,5a3bd8653ed10fd6b33a48828166c293bf0b824d9cce91bf322abf2a454d3df1
510,I_24101_58793_left_x,exact,A,,contradictory_review,c38bbc4c386e0b35fc4f4a9c39f1a24229ca8a1189b4220b13eea213487f66a7
511,I_24101_65030_right_s,exact,A,,contradictory_review,c770bafbdf931ac0abe84c3b45206e1a0f36093744697b09c6ef65fd211b530e
512,I_56583_63029_left_s,exact,A,,unrecognized_review,a6a892e267c42f50b01751854d26154fb67a79a109071556fc3c67f804857241
513,I_43210_57833_left_s,exact,A,,contradictory_review,3a3de7b05523add4a34cc375ffe14d800f97ee204b473a7fcf380dd8c50db3cd
514,I_43210_63029_left_s,exact,A,,unrecognized_review,6ae2d521c34798b45394dd5080b32bef559e3933ff7dc24682cbdbee64fea712
515,G_57145_left_960,exact,A,,unrecognized_review,27fdc63d091608159b170b0c906434609213a2e2d047224c578b342b6f91aa6c
516,G_27295_left_337,exact,B,B,explicit_text,70307be4b69e7a70d88c458081673e449d4707f68a13bbecbb8ebe60afbbf9f1
517,G_89171_left_2527,exact,A,,contradictory_review,f0bbaf5ab8cce3cf5ddb685c4d50b094e5170cfffa8a239e602c99b1bd885f28
518,G_27295_left_361,exact,A,,contradictory_review,f104b54333f7e36d4e1591057c5d9979a609ccfb12784f1eafe5580ab7d51f99
519,I_44595_56583_right_s,exact,A,,contradictory_review,4fb1ef15f31cd2697f117abf224eb9292c85a739395f31d75d54ac8ad2e533f0
520,I_76957_83742_right_x,exact,A,,contradictory_review,7a1995b6b5570b147a126ef098cc3849fdd74f181816cb5055b1dca42fef3b0a
521,D_43210_66,exact,A,,unrecognized_review,2a88a9d2997c66fe97029f80cc86492dcc3413461421ff462d8f13cb73f493f5
522,I_57833_87757_left_x,exact,B,B,explicit_text,1ea442a134b2a184bd5d40104401f2a37fbc09ccf3f4bc9da161c6099be3691d
523,I_27295_57833_left_x,exact,A,A,explicit_text,85a39ab345d672ff8ca9b9c6876f3adcacf45ee7c1e2dbd2408fd338bd55e07e
524,I_56583_76957_right_x,exact,A,A,explicit_text,85a39ab345d672ff8ca9b9c6876f3adcacf45ee7c1e2dbd2408fd338bd55e07e
525,D_76957_217,exact,A,,uncertainty_or_refusal_review,85a3b20e151bb25f6cb74852055e0701dafc39f40035ff5257c71e7e1047d6c0
526,G_89171_left_2496,exact,B,,unrecognized_review,885faf58d44e316f9b3abd1629721ce5195d2297bc31f58f6de274f00aaa3b2e
527,I_32467_57145_left_s,exact,A,,unrecognized_review,86fcceaf4b63196d59704b096ddd47632637a15817f0adb48830cf79ab149889
528,G_96608_right_2788,exact,B,,unrecognized_review,2b5536852b90c6fafb3507619c44e842c958fe8c938120a41f986dbe5e2b9491
529,I_58793_87757_left_x,exact,A,,contradictory_review,2a07a3c1b09bd7dfd8e394e0994325790e8347b3f763bd14db0ee7f9e7be29b3
530,G_58398_right_1321,exact,B,,unrecognized_review,27eefeaffaa815c835d45279bd8b5213296c589e6d83b246c6ef017ea5f73e4e
531,I_47904_56583_left_x,exact,B,B,explicit_text,70307be4b69e7a70d88c458081673e449d4707f68a13bbecbb8ebe60afbbf9f1
532,D_65052_188,exact,A,,contradictory_review,35ccd2e19db12b106037fc2da68bc169822ee3829b68ce084fcfd95710cc2d5e
533,I_44595_87757_left_x,exact,A,,unrecognized_review,e57a9d3f65e66ef812328ce3d86fd627c79ef88109b981095c5db83877c7b5c3
534,D_99775_290,exact,A,,unrecognized_review,5d2ced81e780f171d1cee8d100fca8840d5772a41f954ef2146d77b1f246d7ad
535,G_83742_right_2269,exact,A,,contradictory_review,f96c5f2b07e0ba58984b5a6467ea3bc7f7bf41d0857919ec833f856f87e5ecf3
536,G_32467_right_485,exact,B,,unrecognized_review,1b8a69a6e4e20b17f13fab3e93696024e92181bbce3a88b73754ec4ef13cab95
537,D_58398_140,exact,INVALID,,unrecognized_review,44863b03e9909b7100e05b02526909a346fd7455183f6619e0fe6198c89981e0
538,I_57145_87757_right_s,exact,A,,unrecognized_review,1530378465d2b39ce687d796dbe29a1aaaf5bac215f2b8f27e7763582746a6a2
539,D_57833_123,exact,A,,contradictory_review,fdcf4abe0b76511ad56923a46eb17858927a65f6185b0adb6c7737f26b947b78
540,D_83742_229,exact,A,,contradictory_review,f694e61dfdeb197610a82c0907e3ceb3efea9a9a1dbfcef6091d90123cbb2670
541,D_43210_61,exact,A,,contradictory_review,6170e14da62545961cd81d0290e6df03e1ec92b978c57f2496c046d2a7fd5d82
542,D_57145_119,exact,A,,contradictory_review,a638bd052798c0d9cb2d3d00cbb52b795a53dbc0bc47f70d1ca7bfb944da84f3
543,D_58398_143,exact,A,,contradictory_review,914905ff09d981807a726bdb351af71bd083bc1b4badb4bb958cab5444725c1b
544,G_69658_left_1883,exact,B,,unrecognized_review,028d06bac523c3dcf5d405d0920098d4ba9b01efeb128ed5a1f1e9682308982b
545,G_57833_right_1204,exact,A,A,explicit_text,747d39e9fc5cdde1e1fc822c31b31e99db7f403d683f5078f5a6c2616c4e83e6
546,D_89171_254,exact,B,,unrecognized_review,fef48308c86013bc3975e8fa638c66a155737b63751c29c8db7eb4c112fa789a
547,I_57833_69658_right_s,exact,A,,unrecognized_review,3f0c057847ced3f0231176c760daf7530d7b98e44e88c5e3f46c80ba9615cba4
548,I_14493_57833_right_x,exact,B,,unrecognized_review,4655e8d52c346f75d8f4fb884b7a5fcc0d917e8304bda9ac9e607cf14c6798f9
549,I_57145_63029_right_x,exact,A,,contradictory_review,80c125293524cfda56935137d2103c0813faf6a884bb385f83872705459e851a
550,D_47904_88,exact,A,,contradictory_review,19653362cff55d888e8c25537f0ae76470a087f433554254ca56ecb0d0f73033
551,G_65052_right_1843,exact,A,,contradictory_review,3b0c440619a63d817b114115c2941daff0fe795e45386acb9c73e524d90ed150
552,D_14493_11,exact,B,B,explicit_text,aed53647f8e7faae259182604b78104d4031fa6e48cacc54ece185cedba39b17
553,G_43210_right_625,exact,A,,contradictory_review,3c12471b82225ce59ecd9b18d4cb235b6da159bc3a5bbb02e5882a14a5178f4f
554,I_58398_93812_right_x,exact,B,B,explicit_text,1ea442a134b2a184bd5d40104401f2a37fbc09ccf3f4bc9da161c6099be3691d
555,I_56583_74850_left_x,exact,A,,contradictory_review,6f9223803ca63be128ca298b1dd2839e914ef22a3694e4b17655287fbfeb30bf
556,I_56583_65052_right_x,exact,A,,contradictory_review,114cc06714d0822bc6e1446865e2682fe53c9cc59e557e2987b22dfd18bf99a7
557,D_65030_178,exact,A,,contradictory_review,1b6f8e738adfccbcf5259cbda7f97429d6a9f851861a0729134756b47fa5899f
558,D_65052_184,exact,A,,contradictory_review,9349715120bd396133461a0ca38f57930a7faccd8a57bb823a49c5d4008537c9
559,I_57145_76957_right_x,exact,A,,unrecognized_review,fb71b3b7b956ffd2fb07eb3f6cb13c3513e6a8badced65d28cc1a116be9d7d1b
560,D_44595_80,exact,A,,unrecognized_review,4ef85006049d312f41b85d825c30cafcc654537cc5ad93354e1f4bb3583f2910
561,G_99775_left_2861,exact,A,,contradictory_review,40b0482e440b70a124faf62c3420e2c25e172ae53511144bdcc20d24f8bef34f
562,I_14493_24101_left_s,exact,A,,contradictory_review,dfd28b3ea94e9342e85f4f323bc37fa3bddbfdc70d7918f9711a49c7b720198a
563,G_96608_right_2827,exact,B,B,explicit_text,1ea442a134b2a184bd5d40104401f2a37fbc09ccf3f4bc9da161c6099be3691d
564,I_27295_96608_right_s,exact,A,,contradictory_review,e6670956cfbe25964f02b2ca96cf913a6bdae2626f3f0bdc5f15887e4fe19989
565,I_32467_76957_right_x,exact,A,,contradictory_review,322e868ece1cd52a05dfc3c6b2365105c29d25cbe88e64c2ad60ac20a31aa8df
566,G_65030_left_1637,exact,A,,unrecognized_review,052116655f39f40ed5d311c44f023fc7b1cb8d270204c9d7ae300f489b32fcf7
567,G_99775_left_2851,exact,B,B,explicit_text,70307be4b69e7a70d88c458081673e449d4707f68a13bbecbb8ebe60afbbf9f1
568,I_14493_27295_left_s,exact,B,,unrecognized_review,10db542af44d2ca8ebfa18ef2df89f0184911705872181c81bb57c5c2c662a93
569,D_99775_297,exact,A,,contradictory_review,895ec6e6e1c29c7482eb4157ab5340479911653c218872628799f3ba353e498e
570,G_74850_left_1990,exact,A,,contradictory_review,a7fdf71adb1193e8a97a9da27f6d6de23e97131e9a5cf32cf0f2ae7786e43d83
571,G_43210_left_571,exact,A,,contradictory_review,c6da37d8d25cdf36a3e3f4b5b0f99e207570ef522a44e96435a801ecca916b94
572,D_89171_260,exact,A,,contradictory_review,2d5cbefb780c328ebda167e8e2abd3e57fd8473cfd2717ebf045fe3b690a7878
573,G_43210_right_640,exact,A,,unrecognized_review,6cf85bde34d78753d9652df8f50986965b616d6c1fc1ac726836c74c63d59ef0
574,I_58398_83742_right_x,exact,A,,contradictory_review,fc2f1ef66e35cc96267be690ab6dbc88fe6596cf6fa341092583f3e6da980586
575,G_57833_left_1132,exact,B,,contradictory_review,6fca7585cd82f3b1bcde95ffd17d98c6bb83d207888053e49d1dc0e4d8090d41
576,I_65052_69658_right_s,exact,A,,contradictory_review,4baa57f97b9d8a238cff1c1d109d59a13574c14ea1d4123fd9563eef6941aa8a
577,I_76957_87757_left_x,exact,A,,contradictory_review,1c1596ff5c2d7921d8d4d4f7e73736eb09e485d6b9ca6877ea2e21ab40216f81
578,G_93812_left_2590,exact,B,,unrecognized_review,1eae3f12d84d66db91f7b0ba903a250fba24c4e22a67005333baa1e6db26c7da
579,I_58398_65052_left_s,exact,A,,unrecognized_review,011d26fe46a8e7a72544c723b002587cc9f98a73decd66c8e0430b77f22ea4ef
580,G_74850_right_2071,exact,B,B,explicit_text,1ea442a134b2a184bd5d40104401f2a37fbc09ccf3f4bc9da161c6099be3691d
581,G_47904_right_831,exact,B,,unrecognized_review,028d06bac523c3dcf5d405d0920098d4ba9b01efeb128ed5a1f1e9682308982b
582,G_69658_right_1934,exact,A,,unrecognized_review,b52f18e9f2d29814864a4f3529a854160a406bfd8b7060094a86b3ad9b759305
583,G_43210_right_672,exact,A,,contradictory_review,064fbb3bb31fb8fc62b909ab9aa0af9b97b154d3b7df5c28c49e529e4cb7a6fc
584,G_76957_right_2171,exact,A,A,explicit_text,85a39ab345d672ff8ca9b9c6876f3adcacf45ee7c1e2dbd2408fd338bd55e07e
585,G_24101_left_293,exact,B,B,explicit_text,1ea442a134b2a184bd5d40104401f2a37fbc09ccf3f4bc9da161c6099be3691d
586,G_74850_left_1992,exact,A,,contradictory_review,db2d3f6aceaf49c2cc9085ebded6cb5bb3ec1a8b5c02b8faeb3f7997f6b94dd6
587,G_56583_right_941,exact,INVALID,,empty,e3b0c44298fc1c149afbf4c8996fb92427ae41e4649b934ca495991b7852b855
588,I_57145_96608_right_x,exact,A,,unrecognized_review,74672601629996f510e2e0e0784376a10d450e1a4fb98a31f24b6fdf4e52c9e2
589,G_99775_left_2892,exact,A,,uncertainty_or_refusal_review,0685fbb2d41a702cdaa0c9a3c4edc8f071d5fe4375efb936097d2f3b94ac6974
590,D_58398_132,exact,B,,unrecognized_review,ce66c6da6e0ba6fd9192ea4138dac842b4cdce93be5550a68c69c17ac5db8fd7
591,I_69658_83742_left_s,exact,A,,unrecognized_review,fbcef01efee993afc8b18f767cb8b84ca1c2bbdbe75600d2d10a7294b148ac53
592,G_99775_right_2925,exact,A,,contradictory_review,a9b4c97c9552b69968285930db6d0ef5435b30e1bc2f7c52285ce3cf6dc0d954
593,D_27295_40,exact,A,,unrecognized_review,7f3adb60c5d13abed8b1107424236eb8de048e3d007c1ecc8dd85ca19f8474a3
594,I_20294_47904_right_s,exact,B,,unrecognized_review,fa04b33e3ec8bed1d5749df398db57eb473027a4eba66ae591ece1ea835be4ac
595,G_63029_right_1590,exact,A,,contradictory_review,8bf9c3c2e11c10c6582523f0eb45d4ddcb2599ee2dba7a56a300c084a23d012e
596,G_93812_left_2614,exact,B,B,explicit_text,b1c9eb7c37e675fc517b6505924533cdce16186b5f0e203bf8eff78af200a1f9
597,I_27295_69658_left_x,exact,B,B,explicit_text,70307be4b69e7a70d88c458081673e449d4707f68a13bbecbb8ebe60afbbf9f1
598,I_57833_83742_left_x,exact,B,,contradictory_review,3e0ef092786ca521ef4f5ed1e5783f01259bb14e15e6f42303248ae8697b410c
599,G_20294_left_141,exact,A,,unrecognized_review,3a32e05f38d2ee5e7f303d0c973657e1298af1cfc77f5a87a09209603f053d98
600,I_43210_74850_right_x,exact,B,B,explicit_text,70307be4b69e7a70d88c458081673e449d4707f68a13bbecbb8ebe60afbbf9f1
601,I_58398_96608_right_s,exact,A,,contradictory_review,b085e655ff294b5bee8a34c2f8e84b8fc240e770095019d16001e9dffad6aba8
602,I_96608_99775_left_s,exact,A,,contradictory_review,9d46c6df0831e871535fd9ec2530240c5e7ba77c051da0f8301a40ae7634d3dd
603,I_20294_96608_right_x,exact,A,,unrecognized_review,d3a704646ea5388cf7b8f259e3eae0b2e5d116f26dc7fd4ecae7ab0665590210
604,G_57833_right_1200,exact,A,A,explicit_text,85a39ab345d672ff8ca9b9c6876f3adcacf45ee7c1e2dbd2408fd338bd55e07e
605,G_76957_left_2129,exact,A,A,explicit_text,85a39ab345d672ff8ca9b9c6876f3adcacf45ee7c1e2dbd2408fd338bd55e07e
606,I_58793_99775_right_s,exact,A,,unrecognized_review,f0067f65cb3ba39b7a2d92aabc6554d7a7f76480432a00dfd4e872e2b7f8fcf4
607,D_65030_173,exact,A,,contradictory_review,1da4d407b5d91f323392c85c6de46011a84ceab73f02d2678e6d9301db97624f
608,G_58398_right_1342,exact,B,B,explicit_text,38178a20b470cfd18299fb1593dd4ba706f1a83321dac051d01086efd8b7a96f
609,I_57145_65052_right_s,exact,A,,contradictory_review,afd38c0e7f97775c4d76b684115fa1e4bb0b6a3c8ad7773c03b5078076f919c5
610,G_89171_right_2565,exact,A,,contradictory_review,8cbcb2df213fb130f2e97f9bb9fc4fba3a7a625cefcecb52a33b78cbb8bb1337
611,G_57145_right_1110,exact,A,,contradictory_review,1b6f8e738adfccbcf5259cbda7f97429d6a9f851861a0729134756b47fa5899f
612,G_69658_left_1901,exact,INVALID,,unrecognized_review,d9bada6d42f9df2f34be2eb5cd64d05c63dc149070a2edcbfb81551878c02c1c
613,D_65030_169,exact,A,,contradictory_review,551a098f9d95ed18a770015859e83cbbbb04c3de60b6e21468bc908f81064a11
614,G_74850_left_1971,exact,A,,contradictory_review,ba5faa9de01e7c99018d1074ad6ac8ed59391a729cdce07364733f6386f15b4f
615,D_56583_103,exact,A,,unrecognized_review,3943226cd9d44f1944cf3515abf7700e33a49556aaeb2551b10d9fb630468d26
616,G_87757_left_2382,exact,A,,contradictory_review,b41f635a9b38289e4503fed77b4edbdc65183ecfccc1be8ed5698104ee5aa935
617,G_65052_left_1748,exact,A,,unrecognized_review,74672601629996f510e2e0e0784376a10d450e1a4fb98a31f24b6fdf4e52c9e2
618,I_56583_57145_right_s,exact,A,,contradictory_review,10a13abce1d9f7b6047360ffc091338c16ffce267d7a6c698525a2e8d9d392f9
619,G_87757_left_2371,exact,A,A,explicit_text,85a39ab345d672ff8ca9b9c6876f3adcacf45ee7c1e2dbd2408fd338bd55e07e
620,G_56583_right_898,exact,A,,contradictory_review,1b6f8e738adfccbcf5259cbda7f97429d6a9f851861a0729134756b47fa5899f
621,I_32467_87757_left_s,exact,A,,contradictory_review,0041c082710f0dc5dcb7f428f2115480128b5d40ab43058c8dddd11c5d56d9db
622,I_24101_87757_right_s,exact,A,,contradictory_review,cf487687649c84e3fe5f5f192a16f738308a63f519c95fa7ce4d219459b3b9c1
623,I_24101_99775_left_x,exact,B,,unrecognized_review,028d06bac523c3dcf5d405d0920098d4ba9b01efeb128ed5a1f1e9682308982b
624,I_65052_69658_left_s,exact,A,,unrecognized_review,f92746a251899fb9e90cdea1e18e482fe5f7afd9793cd384feea0258d12c82a7
625,I_44595_63029_left_x,exact,B,B,explicit_text,70307be4b69e7a70d88c458081673e449d4707f68a13bbecbb8ebe60afbbf9f1
626,I_63029_99775_left_s,exact,A,,contradictory_review,43dff0b9a595a494ee2527bf4f0234b21a0e537b086d8736157667b2a766929d
627,I_32467_47904_left_s,exact,B,,unrecognized_review,028d06bac523c3dcf5d405d0920098d4ba9b01efeb128ed5a1f1e9682308982b
628,I_58793_83742_right_x,exact,A,,unrecognized_review,0fc5a2da37539ef0e8bfea112cfc766caaf050d752efb3774f6a29f3625f03ad
629,I_32467_83742_right_x,exact,A,,unrecognized_review,c72b28ad1e5729a49dba0bfd6eef5229065d528aeb2d6699fe2cd5de6c59e397
630,I_14493_93812_right_s,exact,A,,contradictory_review,7fca2ebe89130e7bd7f12673b0d6f9341865ff392813d47799a107d77d8d87f0
631,I_27295_56583_right_x,exact,B,,contradictory_review,559731d5fbb1dd7889407f33052264201122856a45f5d4f9214d4667aae319a6
632,D_99775_294,exact,A,,contradictory_review,bfe548db80d4c082565de9378036a963dd6087384a495e63342873eae2005078
633,G_32467_left_430,exact,A,,contradictory_review,77ae2e55c8afe22293da9860a6f60b4079aa37de17dce625115a747bc6fbc467
634,G_96608_right_2810,exact,B,B,explicit_text,1ea442a134b2a184bd5d40104401f2a37fbc09ccf3f4bc9da161c6099be3691d
635,D_32467_50,exact,A,,uncertainty_or_refusal_review,fa39ba687506772fcecce17e3f4ad8b6fd3d3b4e80858635a9ea4cea08bca6e0
636,I_65030_69658_right_x,exact,B,,unrecognized_review,99685d94da3600117accf88bfe08867b6d24b924f06ff9502858fdad0524818b
637,G_74850_right_2016,exact,B,B,explicit_text,1ea442a134b2a184bd5d40104401f2a37fbc09ccf3f4bc9da161c6099be3691d
638,I_47904_93812_right_s,exact,B,B,explicit_text,1ea442a134b2a184bd5d40104401f2a37fbc09ccf3f4bc9da161c6099be3691d
639,I_27295_65030_right_s,exact,A,,contradictory_review,b78b86f665cc95dfd0f18068b9cbb6a9450538e855cda71b456a1e81f806e0ad
640,I_20294_83742_left_x,exact,B,,uncertainty_or_refusal_review,ca39430988615c01ed29fb204dc3cc3fb507c9bf4c5a5c061af13b921f539878
641,I_57833_58793_right_x,exact,A,A,explicit_text,85a39ab345d672ff8ca9b9c6876f3adcacf45ee7c1e2dbd2408fd338bd55e07e
642,I_43210_65030_right_x,exact,A,,contradictory_review,0ce05b2aba18663e0b7923bd2bc994a03086dee4729b60b9d375f771dcfaae8f
643,G_32467_left_454,exact,A,,contradictory_review,3c4588c67592ba6a588cef958d5b2889fc87014609d213c241d86dfa6de86575
644,I_47904_89171_left_s,exact,A,,uncertainty_or_refusal_review,128f2b06ab365b17180ab0475cdcddef7f80664e7fb256a4a706aef139f5889c
645,D_20294_15,exact,B,B,explicit_text,70307be4b69e7a70d88c458081673e449d4707f68a13bbecbb8ebe60afbbf9f1
646,I_65030_93812_left_s,exact,A,,contradictory_review,ef11860df5d778926830345053811be240ccd2f7f9d2a4106cf1788318806d54
647,G_58793_left_1386,exact,B,B,explicit_text,aed53647f8e7faae259182604b78104d4031fa6e48cacc54ece185cedba39b17
648,D_76957_226,exact,A,,contradictory_review,9066d0d1dbffbf587c4f10ed337a3d9bbb4ae8740d23dfc7bd0716a7761404ce
649,D_63029_166,exact,A,,contradictory_review,f31d721f7d9a2c2fa1c4967304ba72a47bd4e18320606d5ea363fa7f2170dd2e
650,I_20294_32467_right_s,exact,A,,contradictory_review,cb92f9dc0ce3767733426f6f0c71157681643de1d06a959613ad5bbcc99bf45f
651,I_58793_87757_right_x,exact,B,B,explicit_text,70307be4b69e7a70d88c458081673e449d4707f68a13bbecbb8ebe60afbbf9f1
652,I_24101_69658_left_s,exact,A,,contradictory_review,d0502534fba87b2c0e5f87e9a8b04d40fc032ba3241b71e40bd29923a2ec8ad8
653,G_96608_right_2818,exact,B,,unrecognized_review,028d06bac523c3dcf5d405d0920098d4ba9b01efeb128ed5a1f1e9682308982b
654,G_47904_right_830,exact,A,A,explicit_text,85a39ab345d672ff8ca9b9c6876f3adcacf45ee7c1e2dbd2408fd338bd55e07e
655,I_47904_74850_left_x,exact,A,,contradictory_review,f91f48b67f78c91ff3d48de51aeffee348ddceb3549a450587b943400665e387
656,I_65052_76957_right_x,exact,A,A,explicit_text,85a39ab345d672ff8ca9b9c6876f3adcacf45ee7c1e2dbd2408fd338bd55e07e
657,I_27295_58398_right_s,exact,A,,contradictory_review,0209ac7b32bcfaf98fc04805430aefb3126a14dd7f44d1b2c41d4cdfb5c9ba58
658,I_58793_93812_left_s,exact,A,,contradictory_review,f2c16f614836bfe8dd9819dbfe82e087b67387e90e43491d0274a6808b01400f
659,I_44595_74850_right_s,exact,A,,unrecognized_review,e59272d820a80a51d4cf080b16cc598205414931bee19b5d17f70d28c59a3868
660,I_32467_96608_left_x,exact,A,,contradictory_review,b28cd1cd8cbd21ff1cd7c3e2d51ff412a27bf451966b1e7242267a14769c4ea5
661,I_65052_74850_right_x,exact,A,A,explicit_text,85a39ab345d672ff8ca9b9c6876f3adcacf45ee7c1e2dbd2408fd338bd55e07e
662,G_76957_right_2177,exact,B,B,explicit_text,1ea442a134b2a184bd5d40104401f2a37fbc09ccf3f4bc9da161c6099be3691d
663,I_63029_96608_left_x,exact,A,,contradictory_review,a47e99cb134978af1fbfbb200e49b500464a099b5a6753ca17fc9ad67f101a65
664,I_83742_89171_right_s,exact,A,,contradictory_review,1f9ae3adba2cc98cd237744f55dda4bdab8ba5495017e2be2eaa8285fdbd9f07
665,D_76957_220,exact,A,,contradictory_review,1cfd671db408da6514317907b30b3df3f7c9b5affb29129537b61d4f432ff9af
666,G_74850_right_2055,exact,A,A,explicit_text,85a39ab345d672ff8ca9b9c6876f3adcacf45ee7c1e2dbd2408fd338bd55e07e
667,I_24101_58793_right_s,exact,A,,unrecognized_review,601664c8c9e452d50b10f44b240545dc1eca997232604111d9d941d779540bab
668,G_83742_right_2285,exact,B,B,explicit_text,1ea442a134b2a184bd5d40104401f2a37fbc09ccf3f4bc9da161c6099be3691d
669,D_56583_100,exact,A,,contradictory_review,6aac2dfb7f29a113d575c8970777bd3228bef6c674e7912dfbf9be40ee16378a
670,I_20294_65052_left_s,exact,B,,unrecognized_review,538673aba31923df0d24a971e4b691f40abea2cbe6b656f51d79d95bc710adb2
671,G_43210_left_606,exact,A,,contradictory_review,55fdb03916c309aa0997da65000442c165425ab82542ac5df7c126ee1c31ef1f
672,I_58398_99775_right_x,exact,A,,contradictory_review,e3753d641398ba6cdeb81505399c4bfc9918341dc32d2468f978de1e05f8d0cc
673,D_87757_251,exact,A,,uncertainty_or_refusal_review,f629651b699e87ab2070677f836f5e79948b992b74eb2351dfd3052f634236c9
674,I_43210_57833_left_x,exact,A,,contradictory_review,d8b856151436204e59c90c5268a8031996e836917876828220e74d99ecfb991f
675,G_14493_right_129,exact,A,,contradictory_review,b5ba9aa8092f198d23b527143ca24d32495e5f00b3083f1816965bfc8d633eb4
676,I_57833_76957_right_s,exact,A,,contradictory_review,5b40761aafc10436f36f8958736cfd7517820164af6c8e914e81423d89631986
677,G_69658_left_1892,exact,B,B,explicit_text,70307be4b69e7a70d88c458081673e449d4707f68a13bbecbb8ebe60afbbf9f1
678,I_57145_65052_left_s,exact,B,,unrecognized_review,0cc802cca7e52f8902feea2687ab71bfaa2cb7f95b9938aaca8cd4431addf8cf
679,D_57145_110,exact,B,,unrecognized_review,243e556d5fdb94f6471cd4d4bd1258f3d8a494cadaf2f7a9eb1ae43144aff1fe
680,G_56583_left_862,exact,A,A,explicit_text,85a39ab345d672ff8ca9b9c6876f3adcacf45ee7c1e2dbd2408fd338bd55e07e
681,G_57145_left_951,exact,A,A,explicit_text,85a39ab345d672ff8ca9b9c6876f3adcacf45ee7c1e2dbd2408fd338bd55e07e
682,G_65052_left_1732,exact,A,,unrecognized_review,92602e79f45f1f4e30d5b5811e214db30dd3c8d6a613fc9c20d6709e1b89b392
683,G_57145_right_1090,exact,A,,contradictory_review,46ebeb03c9f77c6e61d5f2c40c3072083010fa6f005f4deb8dadec49a1f1e40b
684,D_44595_82,exact,B,,unrecognized_review,c618d4a8810643ac0f8f01ad6edf2c72d78cd1a89dde39c6c621f24d862fc70d
685,I_47904_76957_left_s,exact,A,,uncertainty_or_refusal_review,4721049de508d15787dbfc5819ea07f79af36b026fbf1ea461b982046a156256
686,D_57833_128,exact,B,B,explicit_text,70307be4b69e7a70d88c458081673e449d4707f68a13bbecbb8ebe60afbbf9f1
687,G_96608_right_2782,exact,A,,uncertainty_or_refusal_review,f58c9f8fa207caa738f0fec654edaec687f1420ae6aa2ad9780b2da31207a361
688,D_58398_137,exact,A,,contradictory_review,2527fb3fa7ada18ac69fb53d78e367a0a20ca32c4ad38cd011656a05d097e8ca
689,I_43210_99775_left_x,exact,B,,unrecognized_review,028d06bac523c3dcf5d405d0920098d4ba9b01efeb128ed5a1f1e9682308982b
690,G_57145_right_1105,exact,B,,unrecognized_review,eaef420606ea3a8587893595ba2753d1c73625908dd7e608b46eff87ed910686
691,G_20294_right_214,exact,A,,uncertainty_or_refusal_review,f0bd6bb9af6a9487285e6d98c8ce0fee45899711c4a86513c3ec3bcc4bb567fc
692,D_69658_201,exact,A,,contradictory_review,fa1756a89fba5cb5355b3b995dea4aad7b4ad8ff1d99f7cdfb920e7fddc697e6
693,D_74850_209,exact,A,,contradictory_review,da2f79dccb5835e49521c3bd60be29a6de8688072ec4797f7c3db01e92263bd7
694,I_47904_83742_left_s,exact,A,,contradictory_review,006654952847ba7a601df3a787e482e209a05108cb9496992f3f836e89abf66b
695,I_65030_65052_left_s,exact,A,,uncertainty_or_refusal_review,b03fc413788360baa0252ab64b3f9f0f45817fe054e8469be56d94910d1a535e
696,I_63029_65030_right_s,exact,B,,unrecognized_review,028d06bac523c3dcf5d405d0920098d4ba9b01efeb128ed5a1f1e9682308982b
697,G_43210_right_669,exact,A,,contradictory_review,74113fd2dc0bd2c24e06506b32e68c05310c78fb633efdb5023c943a31099495
698,G_83742_right_2295,exact,A,,contradictory_review,80a89db117f8f0c9876366108e77d1004e519ea49131e4bfbadb32ee660a641a
699,G_14493_left_30,exact,B,,unrecognized_review,d3c286da8564c2a42a5274833b2816bbdccd09a14420e437fb9d3453ea28c0bc
700,G_93812_right_2664,exact,A,,contradictory_review,9b8965ff6f22042e9f340572d5f077afa671050ea695605330f7b5a3752521c3
701,D_57833_124,exact,A,,contradictory_review,58b5ff7a9c360cf7a560bc3ec5697a6550c0de745830394bd6831b69c9f60a66
702,D_27295_42,exact,A,A,explicit_text,85a39ab345d672ff8ca9b9c6876f3adcacf45ee7c1e2dbd2408fd338bd55e07e
703,I_27295_87757_left_x,exact,A,,contradictory_review,422aee5ee7d2bebcc1b08c7fead430860d62ce5d67a6ef95c985ad1c52f06f25
704,G_43210_left_559,exact,A,,contradictory_review,eabd4fcfa734b7637ef249c44b56c6de3bf1e295342d5080ff7082baa8ed16ee
705,I_44595_96608_right_s,exact,A,,contradictory_review,9ea270cf9eca2ec8c7348b87d1339dd0dcb30f709126e773cb8e223b8ab7ef49
706,G_89171_right_2550,exact,A,,uncertainty_or_refusal_review,362745c217b1399c04f27470a9de163749b182b9c0e6265eb4b4095eb15b3104
707,D_87757_244,exact,A,,contradictory_review,8d81cf9958a69df0a7f37a5af28f4ae4ac196be22c8cfaf400e187333982ff4b
708,G_83742_right_2341,exact,A,,contradictory_review,78238606851e986ab40d7a3071dd7c410d07b4a02d7af97434aa949bcf446655
709,G_44595_right_779,exact,A,A,explicit_text,85a39ab345d672ff8ca9b9c6876f3adcacf45ee7c1e2dbd2408fd338bd55e07e
710,G_14493_right_120,exact,A,,contradictory_review,615d7c7fd6cc0b82f5eff62ce4f42ca2b897599c15cbdffef11a52e24679b97a
711,I_43210_57145_right_x,exact,B,B,explicit_text,70307be4b69e7a70d88c458081673e449d4707f68a13bbecbb8ebe60afbbf9f1
712,I_57833_89171_left_s,exact,B,,unrecognized_review,3045174484b5530556b8b649bb6f48737a958ada8ca5967fa95abada9891470d
713,G_65030_left_1649,exact,B,,unrecognized_review,d4dfc3875baf7ccb82a2664948a4c43b160fe8a17f4046fbb59412e6e6da26b6
714,G_44595_left_723,exact,B,,unrecognized_review,028d06bac523c3dcf5d405d0920098d4ba9b01efeb128ed5a1f1e9682308982b
715,I_83742_96608_right_s,exact,A,,contradictory_review,cff75dcdf301238efe07e52b8900b83a56ea866f33f5cd81c71d63d734d87367
716,I_44595_65030_right_s,exact,A,,contradictory_review,e7c13df1b98f1e18551093465b6828cfa038af5ff97e53ab40bbdc19e015affc
717,I_58793_99775_left_x,exact,B,B,explicit_text,1ea442a134b2a184bd5d40104401f2a37fbc09ccf3f4bc9da161c6099be3691d
718,I_83742_93812_right_x,exact,A,,contradictory_review,a47e99cb134978af1fbfbb200e49b500464a099b5a6753ca17fc9ad67f101a65
719,I_14493_76957_right_x,exact,A,A,explicit_text,85a39ab345d672ff8ca9b9c6876f3adcacf45ee7c1e2dbd2408fd338bd55e07e
720,I_14493_63029_right_x,exact,A,,contradictory_review,cd0361c3904d694dbf1b6085f2f657c2cb7541096d6c06ab8b45e01d38a84982
721,I_43210_96608_left_x,exact,A,A,explicit_text,85a39ab345d672ff8ca9b9c6876f3adcacf45ee7c1e2dbd2408fd338bd55e07e
722,G_14493_left_63,exact,A,,unrecognized_review,e679d604ed934fe6bea2d3e82b110ab81cdee6f1445dce2b98c453a903c66621
723,I_14493_43210_left_x,exact,A,,uncertainty_or_refusal_review,f9b8dbaf8626cb83310038f6dd27cdd2c0fb082969f7bd6a5b747a01da5ced38
724,D_93812_267,exact,A,,contradictory_review,7a127ccfd9dae56297d012f38ba15e2df8caa52e3afb96d838680a0f1ddd1d2c
725,I_20294_24101_left_s,exact,A,,unrecognized_review,a6a892e267c42f50b01751854d26154fb67a79a109071556fc3c67f804857241
726,D_44595_74,exact,A,,unrecognized_review,e57dada13e82bd260edbf2ee3422bbc40bebf204ace3e5e63bc2521da30bc68c
727,G_76957_right_2169,exact,A,A,explicit_text,85a39ab345d672ff8ca9b9c6876f3adcacf45ee7c1e2dbd2408fd338bd55e07e
728,I_56583_57833_right_x,exact,B,B,explicit_text,70307be4b69e7a70d88c458081673e449d4707f68a13bbecbb8ebe60afbbf9f1
729,I_69658_93812_left_x,exact,A,,contradictory_review,82e11ae03f37086e7b43ae4249b185346a5fa570041e6fecf937e86c7ab3a1cd
730,I_57145_87757_left_s,exact,A,,contradictory_review,abc7aae8117dff3862d711228bac0649d5d1dec4446bc95ad347066b0c095210
731,D_83742_231,exact,A,,contradictory_review,433a43677ba9fa3fa72d86ced14a95290313e87fd03ec5758ebe1aa6cf359024
732,G_87757_right_2446,exact,A,,contradictory_review,f7e2f79e9ca092e9345999b3b09b4bca013a9ee3a8495e5c4fc5503318f07ebd
733,G_87757_right_2429,exact,A,,unrecognized_review,74672601629996f510e2e0e0784376a10d450e1a4fb98a31f24b6fdf4e52c9e2
734,I_20294_65030_right_s,exact,B,,unrecognized_review,028d06bac523c3dcf5d405d0920098d4ba9b01efeb128ed5a1f1e9682308982b
735,I_57145_83742_right_x,exact,A,,contradictory_review,982cca4408c1b86ade3a2a6a1e3d33fc364ee39f057b35b1b105857dcca084fe
736,G_56583_right_901,exact,A,,contradictory_review,0e4be175d08b5637f379db4070666e0a1647287291705a9b537c00b0ec4386bb
737,G_47904_left_815,exact,A,,contradictory_review,91a4de0b74cf928d6dd21e9310a3f3ed10976b8298361de927301f21ef6a642e
738,I_44595_93812_left_x,exact,A,A,explicit_text,85a39ab345d672ff8ca9b9c6876f3adcacf45ee7c1e2dbd2408fd338bd55e07e
739,I_57145_65052_right_x,exact,A,,uncertainty_or_refusal_review,5ac421323f70d0d2dc5bb2485cd7edbd74117acc30fb88e39c1d47cb26a34011
740,G_76957_right_2174,exact,A,A,explicit_text,85a39ab345d672ff8ca9b9c6876f3adcacf45ee7c1e2dbd2408fd338bd55e07e
741,G_32467_left_450,exact,A,,contradictory_review,5e6a8020000956e60fd2068b25cd3159c93aaa045a204ea66e6ec5084b84a20c
742,I_32467_83742_right_s,exact,A,,contradictory_review,0688f3c24eae97f7ec12f15d2780c7c315e710d37af8c3282ad0e197f340fea6
743,I_57145_99775_left_x,exact,B,,unrecognized_review,028d06bac523c3dcf5d405d0920098d4ba9b01efeb128ed5a1f1e9682308982b
744,G_58398_left_1303,exact,A,,unrecognized_review,fff816b30220fa8648cd0a8454809b1797c54e58615739a5834f4dcab6c9b6e4
745,I_63029_87757_left_s,exact,A,,contradictory_review,7cccf220578bf6c3fd82b117cee627bb8250a2f81f87e4e59736b9a2d5a71785
746,G_57145_left_991,exact,A,,contradictory_review,02b36d85ad5f5bd03f96bce3d9030f46d3ea0c1ca8e551f25454c8574df65996
747,G_93812_right_2685,exact,B,,unrecognized_review,7ad8374bc5ca3f6d6209e357cf50c5c7f66b5596ae6316509d3ebfed9281511c
748,G_76957_left_2096,exact,B,B,explicit_text,1ea442a134b2a184bd5d40104401f2a37fbc09ccf3f4bc9da161c6099be3691d
749,D_14493_5,exact,A,,contradictory_review,5f836e42f5255ca6c0be25f184856f177dc6a9b7882046264f0896b4abf1a3cc
750,I_65030_89171_left_x,exact,A,A,explicit_text,85a39ab345d672ff8ca9b9c6876f3adcacf45ee7c1e2dbd2408fd338bd55e07e
751,G_63029_left_1526,exact,A,,unrecognized_review,cffc71cf9fa41bfcbcd72b3ba1de67c5ea08b6b8db1a0a80d4c1055fe109d4cb
752,D_96608_279,exact,A,,uncertainty_or_refusal_review,6e76167650f8a4feff94b45abe1b4742bac7162db6e63751aa830cfc4597328a
753,D_27295_39,exact,B,B,explicit_text,1ea442a134b2a184bd5d40104401f2a37fbc09ccf3f4bc9da161c6099be3691d
754,G_58793_left_1406,exact,B,,unrecognized_review,947b1db6811ebb3dd4ca26b3a7cf3c6a087191f6ad674aa19e617be865d4cf9f
755,G_27295_left_350,exact,A,,unrecognized_review,0aee157fe041ed1325d26cd49a4ffdea82ed25548a713a70c4796f2660ab4d71
756,G_44595_left_722,exact,B,,unrecognized_review,028d06bac523c3dcf5d405d0920098d4ba9b01efeb128ed5a1f1e9682308982b
757,I_44595_63029_right_s,exact,A,,unrecognized_review,74672601629996f510e2e0e0784376a10d450e1a4fb98a31f24b6fdf4e52c9e2
758,G_47904_right_827,exact,A,A,explicit_text,85a39ab345d672ff8ca9b9c6876f3adcacf45ee7c1e2dbd2408fd338bd55e07e
759,I_24101_32467_right_s,exact,A,,contradictory_review,0f5f8447e02c77106caf2e5237086233821df3a9da016ca4b03fd192ccb0eb49
760,G_58398_left_1275,exact,A,,contradictory_review,791413e621de16ec259f6a1314bffd6f9ae5211c30f9ff7224c2593f45b18f57
761,I_83742_87757_right_x,exact,A,,contradictory_review,ec499734be1cacda647cbee18162db60766ae82dff118ae1eebeb1324a63efdb
762,I_43210_44595_right_x,exact,A,,contradictory_review,03d04d3b779964f4a7d29c3da86e831998c386245fdb0bc4b1b29d81d4e8e80d
763,I_44595_57145_right_s,exact,A,,contradictory_review,77dffeed29597983519b49c9b3de4febe29bbd00535557ec07f0bdf32358a0a9
764,G_14493_right_119,exact,B,,unrecognized_review,76417232c1a7148a37a2dbc56ffd9dc74de0d66d596e19d7b01c68b63cb7022c
765,D_89171_259,exact,A,,contradictory_review,e902e94884ea23f61835a06ee274525bd2d9407c2e93e1b3d82c659908f0eb85
766,G_24101_left_291,exact,A,,contradictory_review,f71b54626751de07ba8795abf6b12aa93ddcedbe53429053bc4f887fafb07de7
767,I_58398_65052_right_s,exact,B,B,explicit_text,1ea442a134b2a184bd5d40104401f2a37fbc09ccf3f4bc9da161c6099be3691d
768,I_65030_87757_left_s,exact,A,A,explicit_text,85a39ab345d672ff8ca9b9c6876f3adcacf45ee7c1e2dbd2408fd338bd55e07e
769,G_76957_right_2163,exact,B,B,explicit_text,70307be4b69e7a70d88c458081673e449d4707f68a13bbecbb8ebe60afbbf9f1
770,G_65052_right_1803,exact,A,,contradictory_review,b2384fcf1cf5d88506c06ace42dd409b0f16da4eac6febb479d1cf25a311bba9
771,G_24101_right_299,exact,A,,unrecognized_review,40ac28bca62b1b00e7961cc9340e62c4cfc37a55a101d121436b586f3ca095ba
772,D_89171_253,exact,A,,contradictory_review,0837a5deea6c3c098850a112bf4e6802c65fda75675bfce7f2b4369e8c753387
773,I_14493_20294_right_s,exact,B,,unrecognized_review,1ede6302858d355aff27fa34d2db5deb7a342ccf1a64ed4a13105a48eaacffcf
774,D_57145_112,exact,A,,contradictory_review,be8cddbacf5d195415e6431e1455b7de9ce5fac470e98dfd03519957daa562eb
775,G_99775_right_2956,exact,A,A,explicit_text,85a39ab345d672ff8ca9b9c6876f3adcacf45ee7c1e2dbd2408fd338bd55e07e
776,D_93812_270,exact,A,,contradictory_review,67106fc131f2de71fed00df0ad0b499ff9a747ef37921961df79a053c182bfe4
777,G_57145_left_946,exact,A,,contradictory_review,ec21d5f70eace43d72c0375b739de60f1f77191267ac3e2b4dc4d22e5c7e2d66
778,I_24101_89171_left_x,exact,A,A,explicit_text,85a39ab345d672ff8ca9b9c6876f3adcacf45ee7c1e2dbd2408fd338bd55e07e
779,G_44595_left_757,exact,A,A,explicit_text,85a39ab345d672ff8ca9b9c6876f3adcacf45ee7c1e2dbd2408fd338bd55e07e
780,D_24101_25,exact,A,,unrecognized_review,0b74054634cd982175c093a2ea57a9e9a23ce0cfbb564887f14c147bd12c23ac
781,G_44595_right_803,exact,A,,unrecognized_review,418ea458e4490413bf3f09106f835dfed95c984b6182c796a6ad3a479243252d
782,G_96608_right_2787,exact,A,,unrecognized_review,74672601629996f510e2e0e0784376a10d450e1a4fb98a31f24b6fdf4e52c9e2
783,G_20294_right_254,exact,A,A,explicit_text,85a39ab345d672ff8ca9b9c6876f3adcacf45ee7c1e2dbd2408fd338bd55e07e
784,I_65030_83742_right_x,exact,A,,contradictory_review,6eae0fc1acba37b4a845726e69385590f276a44f98e3572c9f32dda88a45fdd4
785,I_27295_89171_right_x,exact,A,,contradictory_review,f4f2893681c4b9c07a2eba432a8c0a84fdf138aa039ed2c08cee1c1949c74b9d
786,D_57833_120,exact,A,,unrecognized_review,19557a0119846445fa385ffeab796868b1c2b93798d9756dc2f8b9b1f8c38cd7
787,D_58793_148,exact,B,,uncertainty_or_refusal_review,b6e98704124be00e9acd1e229bc221eabc1dd356b7fc597b4347523ad448443b
788,I_43210_65052_left_x,exact,A,,contradictory_review,e341b0340086e4dfefe816fee10cdbe124965bd6b3c75cb9906bd712f3b641dc
789,D_47904_89,exact,A,,uncertainty_or_refusal_review,334e409c9147f94b4ab91a6533361732de99b3c84152f9bfcef4a4dbbf5090d0
790,I_32467_65030_left_x,exact,A,,contradictory_review,1b6f8e738adfccbcf5259cbda7f97429d6a9f851861a0729134756b47fa5899f
791,G_89171_left_2525,exact,A,,unrecognized_review,bf46fffe530bf02950f6fa56af27bac9539a0e338da62b508555060b76b4085c
792,I_27295_56583_left_s,exact,A,,contradictory_review,2a3de682688ec5ea7d524aca93362234a2634e7a02c838a188217347f39413ad
793,D_58793_152,exact,A,,contradictory_review,a47e99cb134978af1fbfbb200e49b500464a099b5a6753ca17fc9ad67f101a65
794,G_63029_right_1579,exact,A,,unrecognized_review,958bd43b42ca45825c9c76f0efae832bdd5a50ba14dffd5d1b85f93d459e3374
795,D_14493_2,exact,A,,contradictory_review,54f24db1ae160ddec2716c300138011f9bf92cfccf8cc2def7b35fb6057211b4
796,G_65030_left_1665,exact,A,,contradictory_review,26c37537bf5226dc25ac4036dab40b2d765015f653a2616813fde13afc818d20
797,G_74850_left_1977,exact,A,,contradictory_review,dad54a1bd5679250729b79322dbdece4f0ccda7b8f9febbe57f281db6e053ba7
798,D_93812_264,exact,A,,contradictory_review,b68228f79525a9270269da2da49c305a9840eacde3bf8efe75ca1f0e2f376b3a
799,G_76957_right_2150,exact,B,B,explicit_text,1ea442a134b2a184bd5d40104401f2a37fbc09ccf3f4bc9da161c6099be3691d
800,D_32467_56,exact,A,,contradictory_review,90f4e23cf369b5372eb62cb7e4e11dd7cbb2e47fb5ff2d445c94302d76eae094
801,G_74850_left_1984,exact,B,B,explicit_text,1ea442a134b2a184bd5d40104401f2a37fbc09ccf3f4bc9da161c6099be3691d
802,I_27295_57145_left_x,exact,A,A,explicit_text,85a39ab345d672ff8ca9b9c6876f3adcacf45ee7c1e2dbd2408fd338bd55e07e
803,D_74850_205,exact,B,,contradictory_review,dcd005aefd2bf406e5c74ecf4bef4949cab28283f8379d6dadb0abe40d489c92
804,G_56583_left_854,exact,B,,unrecognized_review,045f3842dbac466cfda024ad85c79de1f82eae35db674976215ac95074d6727c
805,I_24101_74850_left_x,exact,A,,uncertainty_or_refusal_review,9d4d4f09fd74fa4c999796ef7a0b2205520bb223fad2116d9924e5327f7af909
806,I_69658_99775_left_x,exact,B,B,explicit_text,70307be4b69e7a70d88c458081673e449d4707f68a13bbecbb8ebe60afbbf9f1
807,G_87757_left_2380,exact,A,,unrecognized_review,63dbe2d4009429bf7b7539ac798595fcb054887d2e8e78a10c4601f181080d7f
808,D_24101_26,exact,A,,uncertainty_or_refusal_review,b4609afe219847f7facf84f75a3b5f85cf4039e5a216249a03669ec28cad15fa
809,I_24101_89171_left_s,exact,A,,uncertainty_or_refusal_review,6eaea0be8a969151165ced2c275c6fb87e39f03471b81f721e6a26fed066db15
810,G_87757_left_2369,exact,A,,contradictory_review,77438aeefdb1a37c191ff965cd8f1dfb6fb0c3036e3f5c8b21aaa6d19c9da559
811,G_87757_left_2346,exact,B,B,explicit_text,aed53647f8e7faae259182604b78104d4031fa6e48cacc54ece185cedba39b17
812,G_65052_left_1788,exact,A,A,explicit_text,85a39ab345d672ff8ca9b9c6876f3adcacf45ee7c1e2dbd2408fd338bd55e07e
813,I_43210_63029_left_x,exact,A,,contradictory_review,cc834dd7a2326951314f9cb395a176966c3a86f8a95178fab0358a478e42776a
814,I_20294_44595_right_x,exact,B,B,explicit_text,70307be4b69e7a70d88c458081673e449d4707f68a13bbecbb8ebe60afbbf9f1
815,D_99775_295,exact,B,B,explicit_text,1ea442a134b2a184bd5d40104401f2a37fbc09ccf3f4bc9da161c6099be3691d
816,G_69658_right_1941,exact,A,,unrecognized_review,57041f76366cce0f7beb810596d00780fb3f433926a9a6a032ebff8e61cb9abd
817,D_89171_255,exact,A,,contradictory_review,1b6f8e738adfccbcf5259cbda7f97429d6a9f851861a0729134756b47fa5899f
818,G_27295_left_322,exact,A,A,explicit_text,747d39e9fc5cdde1e1fc822c31b31e99db7f403d683f5078f5a6c2616c4e83e6
819,G_74850_left_1991,exact,A,,contradictory_review,7ff5bd8839584a6ba74088f6d50839fe7309441f43d3dd177c164be22475a380
820,I_69658_87757_right_x,exact,A,,uncertainty_or_refusal_review,a9c9c474c87fc5c494129b019708b20c74141ad5383cc807806eeb2277412835
821,G_44595_right_808,exact,A,,contradictory_review,ecac8a0f72c5bf103cf33ec87c6d8561c538157be8c1296d64f795062fd019f1
822,D_43210_71,exact,A,,contradictory_review,98721ca88561f14d411939ad5f17770028bba5cafe60ce30bfbf6163525af56d
823,D_76957_224,exact,A,,contradictory_review,054db5f69d261f6066546e7592c1f88eada62cb564254bebf1f35488db72dcde
824,G_32467_right_493,exact,B,,unrecognized_review,82e5d6fac4307a00a2c3d7902d553cced54b88e629f27aac95b7f362c2923c3a
825,I_44595_76957_right_x,exact,B,B,explicit_text,70307be4b69e7a70d88c458081673e449d4707f68a13bbecbb8ebe60afbbf9f1
826,I_20294_58398_right_x,exact,A,,contradictory_review,46ebeb03c9f77c6e61d5f2c40c3072083010fa6f005f4deb8dadec49a1f1e40b
827,D_96608_281,exact,A,,contradictory_review,0d2ad3a40407460c82c67311fac921de00f984746271b9c3b889f69b647478e7
828,I_44595_58398_right_s,exact,A,,contradictory_review,2b1de54aac5b8f4235aaed5e5220c20e59896a02678d06ccff6a985227817121
829,G_57833_right_1246,exact,B,B,explicit_text,70307be4b69e7a70d88c458081673e449d4707f68a13bbecbb8ebe60afbbf9f1
830,I_43210_83742_left_x,exact,A,,unrecognized_review,59dc995bb07ecd67a2598e9303501c0c8190878522053256e02783a0702341a0
831,I_43210_99775_left_s,exact,B,,unrecognized_review,04cfd1329765fbd060e14b9428605847fe4e48081e8b19c162985a844a26360e
832,G_24101_right_307,exact,B,,unrecognized_review,f2da7f20ca61e8d3582c0ae4b5f1048b31219eed573d3d1a3142bc6d4b033de5
833,I_47904_57145_right_s,exact,A,A,explicit_text,85a39ab345d672ff8ca9b9c6876f3adcacf45ee7c1e2dbd2408fd338bd55e07e
834,D_44595_76,exact,A,,uncertainty_or_refusal_review,ce235e49e70d3f4810be1ec85e7afd1d16e8083add584c743b91f6cd852db90f
835,D_20294_23,exact,A,,uncertainty_or_refusal_review,e39d4811500486cffdc0652087412b9d176b8ddf56e9d86dab0ed399e7299c01
836,I_57145_69658_left_s,exact,B,B,explicit_text,70307be4b69e7a70d88c458081673e449d4707f68a13bbecbb8ebe60afbbf9f1
837,G_58398_right_1350,exact,B,,unrecognized_review,459f4bf1a2f6b23f00e1ac235eb7711982a1d1cb8b4aa82e170b2e7530a7a256
838,G_83742_right_2271,exact,A,,contradictory_review,2e590854a3a18c771e11fbc484db3e2813dcc09eaea4e5c794ed2e451f3a0840
839,G_89171_right_2566,exact,A,,contradictory_review,d1b2ceb7c13afca1b3d0c003ee0551fe552292a0f53f1a2bd59ee3138978819d
840,D_65030_171,exact,A,,unrecognized_review,7164daa0f90ab9bc341ec91644767eb9f0a1ab53a70447d8dc2190403f4f3e5b
841,I_58398_93812_left_x,exact,A,,contradictory_review,dfea69831d9dced9f071a4299e9367e6e39fb7267236957d8a0c8284aa676624
842,G_27295_right_408,exact,A,,contradictory_review,3bd404504ec05ca770082a19049efc26786f51f52303dfd7dba6e93ce13fb496
843,G_69658_left_1865,exact,B,,unrecognized_review,92ae9df90655fe665b4467c0df5601db2d9ba81a08dff21d603a93ffcf0747b7
844,I_47904_76957_right_x,exact,B,B,explicit_text,aed53647f8e7faae259182604b78104d4031fa6e48cacc54ece185cedba39b17
845,I_24101_96608_right_s,exact,A,,contradictory_review,262e52904430c5efa22880d00e326b651677cac681830c44bb1e51eb50eec614
846,D_99775_296,exact,A,,unrecognized_review,63903468a592d734cce2b3d812cec5eb6b78b8810d2ac4534ac691c78cb48d9c
847,G_65052_right_1814,exact,B,B,explicit_text,1ea442a134b2a184bd5d40104401f2a37fbc09ccf3f4bc9da161c6099be3691d
848,D_56583_101,exact,A,,contradictory_review,08785df86bb2e1bfcb0ac9f6ecd73c60d26347fa0409305755cb3b85f561f3ed
849,I_44595_69658_right_x,exact,B,,unrecognized_review,4ce4c7f5f1db92484d0ac902b3f14915278b2c21a8303f67eed63efc0a37a9a2
850,I_43210_58793_right_s,exact,A,,uncertainty_or_refusal_review,4dadf41525520c552d6d09e70614e7aea99ce5f96fa33ede9bc07f0e2e597116
851,I_58398_74850_left_s,exact,A,,contradictory_review,e1fabcfeb89d9499c5236915ee036d143317cb0ca86b39a3fdfe5d8050354249
852,G_74850_right_2022,exact,A,,unrecognized_review,97fba2f6b0bbcc22d719c6cc73705570ecdc445a5e5c0473b657d9bb391372fb
853,G_74850_left_1997,exact,A,,unrecognized_review,c19b381e5f553cadf17244c2450c7c03703aab728720c3a8c0f09eaa7858bbc1
854,I_63029_87757_right_x,exact,B,B,explicit_text,70307be4b69e7a70d88c458081673e449d4707f68a13bbecbb8ebe60afbbf9f1
855,D_43210_67,exact,B,,contradictory_review,b6fba3b6a49c9bac5df2285f06ad8a03e5b149a36ae8da68fbd3fe93d295cd6e
856,I_69658_99775_right_x,exact,A,,contradictory_review,23eed78c5fe41bb2fff2752c9781e4c18f19e6c8f3e89ec2ada75c62b6f24d70
857,D_24101_29,exact,A,,contradictory_review,c0e34c9d802de500e92dd9af37bbc64dad799118621bbe2ef8b4f5fb435b7d85
858,G_99775_right_2916,exact,A,,uncertainty_or_refusal_review,40a58b3bccecced634e3b34e2abb91f0671aec7de05482fd6b998207545c294d
859,G_43210_left_569,exact,A,,unrecognized_review,8c589d3a68ba8420548279251509580a10a743fa1f80b1af0b740b8421f22a4b
860,G_44595_left_690,exact,A,,contradictory_review,521c706f065b792adeaf92a6088146c9cf18f285e6a0d31862b2c14df726a06a
861,I_32467_93812_right_s,exact,A,,contradictory_review,14780781aba8f40c7abb7a900ee10d7958638cdd0045c89cb4548b6b9d04f375
862,G_83742_left_2239,exact,B,,unrecognized_review,d7437c1e18471bcb4d1196e5137d6caf6aba4a4116481842116534cf5b173a88
863,I_43210_87757_right_s,exact,B,B,explicit_text,aed53647f8e7faae259182604b78104d4031fa6e48cacc54ece185cedba39b17
864,G_58398_left_1307,exact,A,,unrecognized_review,b144bb5ff9ee605467c71d8c81724a4ac6d723581aa432433c13c67e7e832113
865,G_87757_right_2453,exact,A,A,explicit_text,85a39ab345d672ff8ca9b9c6876f3adcacf45ee7c1e2dbd2408fd338bd55e07e
866,D_65052_191,exact,B,B,explicit_text,1ea442a134b2a184bd5d40104401f2a37fbc09ccf3f4bc9da161c6099be3691d
867,I_43210_57145_left_x,exact,A,,contradictory_review,7e55a3c47137f7dee010e354d70ae53b57720e913232009278e0bf7fcddad4a8
868,I_58398_63029_left_s,exact,A,,contradictory_review,444773d7155d61a8b72667ecbd291d26ce5414def4664fcde957cc55a901fc02
869,I_69658_96608_left_s,exact,A,,contradictory_review,abc7aae8117dff3862d711228bac0649d5d1dec4446bc95ad347066b0c095210
870,G_47904_right_826,exact,B,B,explicit_text,70307be4b69e7a70d88c458081673e449d4707f68a13bbecbb8ebe60afbbf9f1
871,G_27295_left_343,exact,A,,contradictory_review,824c8442ad0cb6e2f0671868cf09442d3941fe1cb278cfb356d9059d9b32455f
872,D_87757_245,exact,A,,unrecognized_review,4e43d95c98228b596ccea9038f3cb6802b29d5dbd24384d504ae535024730e2e
873,D_57145_114,exact,A,,contradictory_review,79b0f5091bf4de35848d97927fc79294a5cc76ef6af0872f8591523f7323631d
874,I_69658_96608_right_x,exact,B,B,explicit_text,70307be4b69e7a70d88c458081673e449d4707f68a13bbecbb8ebe60afbbf9f1
875,G_99775_right_2908,exact,B,B,explicit_text,1ea442a134b2a184bd5d40104401f2a37fbc09ccf3f4bc9da161c6099be3691d
876,I_32467_47904_right_x,exact,B,,unrecognized_review,fb950f5b8fadc7ac9f4261d1438867cdda1a0b5be3a0799e310aef772e49ca19
877,G_27295_left_320,exact,B,,unrecognized_review,028d06bac523c3dcf5d405d0920098d4ba9b01efeb128ed5a1f1e9682308982b
878,I_87757_96608_right_x,exact,A,,contradictory_review,047fa94560bc91efabcd901bd0d6a853fc72be099f412dfbcb56db8255373f86
879,D_27295_36,exact,A,,contradictory_review,a6c0076931fa384b8b69aaeb75c9fdd9b7dee56d3fc6d3550f8b6a7835b6816c
880,I_63029_87757_left_x,exact,A,,contradictory_review,a10fdedfad1b3827c137476cfe45ae7dddface9d17838e21c7fde6f46df7586e
881,D_99775_289,exact,A,,uncertainty_or_refusal_review,278d269958827104ee7e482a51deb1907a923225b41ee974e29497756b424b8e
882,I_32467_65052_left_x,exact,A,,unrecognized_review,9eb4e64b1f58a6ab2f1cf71c816c36ddefa5f60c0e7f123877666d6142cfb98b
883,G_32467_left_470,exact,A,,contradictory_review,f897a0de6c49079c2b3e007ddd033626700a7de527b7b241e30197377120567d
884,G_89171_right_2535,exact,A,,unrecognized_review,31297a17a61f39e6cb72c27a445eaa2416cb06edb5e63321760893d62b5cb9f1
885,D_32467_52,exact,A,,contradictory_review,a5cda1632ad5852a1fc400985c42ca4a0dc33eab34e42f5ca242a99324fa8023
886,I_44595_93812_left_s,exact,A,,contradictory_review,7a9add662c2f7c801a6f9ebe65863f5eb585155ce744bfebbd8a6e67cd4ae6c2
887,I_57833_65030_right_s,exact,B,B,explicit_text,70307be4b69e7a70d88c458081673e449d4707f68a13bbecbb8ebe60afbbf9f1
888,G_96608_right_2816,exact,B,B,explicit_text,70307be4b69e7a70d88c458081673e449d4707f68a13bbecbb8ebe60afbbf9f1
889,D_24101_31,exact,A,,contradictory_review,1b6f8e738adfccbcf5259cbda7f97429d6a9f851861a0729134756b47fa5899f
890,I_27295_96608_left_x,exact,A,,unrecognized_review,64b648e50fdc7d5964b3954b871fd53aa086f9092b50a3af256da2fb62d36471
891,G_44595_left_686,exact,B,B,explicit_text,70307be4b69e7a70d88c458081673e449d4707f68a13bbecbb8ebe60afbbf9f1
892,G_14493_right_72,exact,A,A,explicit_text,85a39ab345d672ff8ca9b9c6876f3adcacf45ee7c1e2dbd2408fd338bd55e07e
893,D_43210_64,exact,A,,uncertainty_or_refusal_review,66d577368594e57a882cd7b00cfe8255935686215298325b043e8d3037233f06
894,I_56583_99775_right_x,exact,A,,contradictory_review,a0b3669d6beb97e79b0096fa8fded61fdda050b3df374d2c1588131ec4d039cb
895,D_58398_138,exact,A,A,explicit_text,85a39ab345d672ff8ca9b9c6876f3adcacf45ee7c1e2dbd2408fd338bd55e07e
896,I_14493_65030_right_s,exact,B,,unrecognized_review,6ae3a3ac52d48baf53a4c075e43122d31f7c98566a5cdb6614742a5ecb1a0f45
897,G_99775_right_2914,exact,A,,contradictory_review,4e05fcfda6556bcaff8ecb22aecd095e5c1a2cd7854f66ea5ecb188baff9dba4
898,I_65052_83742_right_x,exact,A,,contradictory_review,d6ff3c1b3600944b41b1207440bd3b52e5344e352a1345460d13bcec64ccce9b
899,G_27295_left_342,exact,A,,uncertainty_or_refusal_review,f44d3dc737477133ae5780de0a99f3fa9f00e4ef03a17cd2f85879b75b51c2ad
900,D_63029_158,exact,A,,unrecognized_review,aa6171909e5d346fa584d7450ddd8cae59ed4514cba1dff8e48d7a122b0d09c7
901,I_20294_47904_left_s,exact,A,,uncertainty_or_refusal_review,578bbbabf33964b679af1fcff99b4170abf6f17af878a2ceb1cd6eb2b16bbf00
902,G_57145_left_1034,exact,A,,contradictory_review,1b6f8e738adfccbcf5259cbda7f97429d6a9f851861a0729134756b47fa5899f
903,G_57833_right_1255,exact,B,,unrecognized_review,2877b252d8118899c9d7a26a4b6559b26475d5d88e2803f57b072f138a01a178
904,G_69658_right_1910,exact,A,,uncertainty_or_refusal_review,fb3c9361ffd81e11ce7c89638b3af7d99aaf64ba1c34e04be8287103ce7c5b47
905,I_65030_76957_right_s,exact,A,,contradictory_review,e79d572e19ff6161fcb6d3afeb34357092ce5ec81f91593b4661e599e87417e9
906,I_56583_96608_right_s,exact,A,,contradictory_review,d36d3ad00beb238ec952e4bf86d47b984f4930370715645a65d06767667d31f1
907,I_14493_58398_left_s,exact,A,,unrecognized_review,2d2d015f9d88e154772f1dc3b1112d3a2299f95f815d185856c21ff0998f10f8
908,G_20294_right_235,exact,A,,contradictory_review,da6bb595deabef1a6d43dda8ab149b10c5cf17d96ad397fd2c840b8961ab1d8f
909,G_76957_right_2135,exact,A,,contradictory_review,b7e1bbdee36365fc18de9dc2792b23e6309d69fb90a937d515f224ec6c235dc8
910,I_14493_87757_right_x,exact,B,B,explicit_text,70307be4b69e7a70d88c458081673e449d4707f68a13bbecbb8ebe60afbbf9f1
911,I_20294_32467_left_s,exact,A,A,explicit_text,747d39e9fc5cdde1e1fc822c31b31e99db7f403d683f5078f5a6c2616c4e83e6
912,G_65052_right_1845,exact,A,,contradictory_review,ea645dcfe9f7338b6f56d64d117ee0548c03bc1e8ab38b4ffef5cb27a2862e8f
913,I_58793_65052_left_x,exact,A,,contradictory_review,e08253ba1d599fef686a0c636589635a675569fc19e4684fcf87ad637023bcbb
914,D_14493_1,exact,A,,contradictory_review,b35109ff99d23d29457f016d98e8ccb8456cc64d45a9c44a999daa1e8e863b84
915,G_43210_right_681,exact,A,,contradictory_review,0a431279f45af52d7e16fc13073b43e28f74f2ca40d5c29575108c5fae6d1ed0
916,I_43210_44595_left_s,exact,A,A,explicit_text,85a39ab345d672ff8ca9b9c6876f3adcacf45ee7c1e2dbd2408fd338bd55e07e
917,D_58793_151,exact,A,,unrecognized_review,1054530f9851b292f52343f77595c0623e245c14415e6108a87ee9d0dfd9d83b
918,G_65030_right_1707,exact,A,A,explicit_text,85a39ab345d672ff8ca9b9c6876f3adcacf45ee7c1e2dbd2408fd338bd55e07e
919,I_58398_87757_right_x,exact,A,,unrecognized_review,36c31d7c751f6a448ff178d94d7e662ef7a6db912cb6a7b11b2d666e2fbaa225
920,G_93812_right_2693,exact,A,,unrecognized_review,8bcc7f4b7e0a8d3759aa8caa571e51af6d01f2f057b731965186d82494483af0
921,I_27295_87757_left_s,exact,A,,contradictory_review,e68293212279bc671367f8dcd36738d473ab1be0cc5844ec78d0d75b88193cfb
922,D_89171_256,exact,B,,unrecognized_review,86c54b9e3c9f8f1ff4dfb89edd6f4a5ab9d708a25232c0c5113bc242164b19a4
923,I_14493_57145_left_s,exact,B,,contradictory_review,bc9a3cf1691201c24800819405b051da9da61922becf8d53502f371b009cec44
924,I_24101_93812_right_x,exact,A,,contradictory_review,a47e99cb134978af1fbfbb200e49b500464a099b5a6753ca17fc9ad67f101a65
925,G_89171_right_2551,exact,A,,uncertainty_or_refusal_review,bea172c86d1e27bbb8e05030357a63a870b6d3f1f3f77d28fcd169196d7bf8f2
926,G_47904_left_824,exact,A,,contradictory_review,851187840110464ab1ac1bf1954f903d1c5a64ef649d713af42342637b50d82c
927,I_47904_99775_right_x,exact,A,,contradictory_review,736a23761f5b83852952f52940afa95585b28687c9f1021a5774e2773b1853d1
928,D_76957_221,exact,B,,unrecognized_review,028d06bac523c3dcf5d405d0920098d4ba9b01efeb128ed5a1f1e9682308982b
929,G_44595_left_711,exact,A,,contradictory_review,1b6f8e738adfccbcf5259cbda7f97429d6a9f851861a0729134756b47fa5899f
930,I_32467_58398_left_s,exact,A,,contradictory_review,abc7aae8117dff3862d711228bac0649d5d1dec4446bc95ad347066b0c095210
931,I_58398_69658_right_s,exact,A,,contradictory_review,ac3d498c82c722bda5b95736b5c413e62fd8e55ece97c76ebf5b5e94598a7e82
932,I_20294_89171_left_x,exact,A,,unrecognized_review,9a61ef31f313f74e8e7e6f91e6b2892419bb81dc04fdc4b004a1ffbc53d395a0
933,G_57145_right_1045,exact,A,,contradictory_review,298655c88f070f8ad477d68e49a84b07cbda74f2a7196a4c7a4a644023ebd616
934,D_56583_102,exact,A,,contradictory_review,9531b09abe64ef52a9238381769642f0f9a6a36e26a73903224b77fc28e92d3a
935,D_58398_135,exact,A,,contradictory_review,eff1f96909346f355fa42aebcdb5edd2f8bfdac50b60a8eadb961370591036b2
936,I_20294_27295_right_s,exact,A,,contradictory_review,73459f1c1774e3ae0d24e33b9d7ef444ba9a1a61d68c8653489c207e3b506175
937,I_69658_76957_right_x,exact,A,,contradictory_review,ba59e426a93161d152ab9f145e895eb148391abea81c66c016c10cd1d0aa5248
938,I_27295_47904_right_s,exact,A,,contradictory_review,7c4793658735115c5b9063a9f80647338a223fca050fade8170b746d0dea31da
939,I_44595_47904_right_x,exact,A,,contradictory_review,7eca28a3f3bcd7b595e69d75e2cb9536e076b9c6879ccea0e785df169eb5fa09
940,D_58793_146,exact,A,,contradictory_review,2d6806504cdb903246a19c74a2c074ccc2e63cc32b6fd83bdf48a45ee4cae673
941,D_47904_93,exact,A,,contradictory_review,d563ce5806917cf9d67a345c3a8d46f889062b353bbc33b9c7c0d831df84eb7c
942,I_24101_57833_left_s,exact,A,,contradictory_review,59c0687bcc48068e96334030e55ea1c3112a58bd9b8c3bfafeb6b8060b304c2f
943,G_44595_right_786,exact,A,,unrecognized_review,b144bb5ff9ee605467c71d8c81724a4ac6d723581aa432433c13c67e7e832113
944,G_47904_left_816,exact,A,,contradictory_review,d7725cbd677e758f107fe562026e5c00ae358f26edf7c37eac4196a33d3f919f
945,G_58793_right_1470,exact,A,,contradictory_review,46ebeb03c9f77c6e61d5f2c40c3072083010fa6f005f4deb8dadec49a1f1e40b
946,G_20294_right_247,exact,A,,unrecognized_review,6d1a4d3bb49aa9e70da341236e0b5ca59e2a186f8f8dff1390a6fc81941d3780
947,D_99775_292,exact,A,,contradictory_review,0dc679a912e2622d97691c3b74f771f3aecfa54f3a94594c4e3003b9f31bf178
948,I_65052_93812_left_x,exact,A,,contradictory_review,290c4377c688ead2f9360909a2f231602e149f6578aad785846f633dfb1c45fb
949,I_47904_96608_left_s,exact,A,,contradictory_review,e3bbea1f2cd46cc73dab94c21c4b64a341308bef5c19a37f7b9ec72b82ef31f2
950,G_87757_right_2417,exact,A,,contradictory_review,7fa8f8ee3fd25b7c768d33b6e2d68e298d946ae95769f379edd0af257e635864
951,G_69658_right_1919,exact,A,,contradictory_review,cacef223267c485190a4e82a651dc8b8b66374a6794d6bb8d50b76cf2bd4660a
952,I_32467_76957_right_s,exact,A,,contradictory_review,8457786dd59a1b34467933bf62836c6091a3e309404f7000b3ebc8a3da1f272e
953,I_14493_74850_right_s,exact,A,A,explicit_text,85a39ab345d672ff8ca9b9c6876f3adcacf45ee7c1e2dbd2408fd338bd55e07e
954,D_44595_72,exact,A,,contradictory_review,2263966dce51d094d5ebc6d52286e0e7db8c390371516211c2de46b7dab15b64
955,D_65052_181,exact,A,,contradictory_review,1b6f8e738adfccbcf5259cbda7f97429d6a9f851861a0729134756b47fa5899f
956,I_14493_44595_right_s,exact,B,,contradictory_review,b703a49533b08e806f1f2be85d791d8b4da29fe8158292c8f271e28584940893
957,I_87757_89171_right_s,exact,A,,contradictory_review,f206a7be70ead51bad7aaa5586bf52b77619b86b1118956e4dd1a702c06dc234
958,G_89171_right_2568,exact,A,,contradictory_review,a73ed4cfd14d7be7cf760f0f82d76f921b5c3bd2cb691152fa97633c47fc55ab
959,G_32467_left_480,exact,A,,contradictory_review,b2e43a561119b9be30d76c55b648e7489d38f2c897f8efbca4cae83d8e46c7ae
960,G_89171_right_2581,exact,A,,contradictory_review,dde90e742c48cf8dd223f8d89ccb0e703c17423a1c467a59e30d6c033a86e9b9
961,I_44595_83742_right_s,exact,A,,contradictory_review,f1bc9ec39822060e519e2f5477124f55165d30489fa2a57ca76fb079fe51eb7a
962,D_74850_204,exact,A,,unrecognized_review,3667e89be0d3893f37ccd89b2adf20dd0c5658eb0bb241b5759116b88ade559f
963,D_56583_106,exact,A,,contradictory_review,04cdf2847561918a6d68ad199e08b06aefe1c3bd907ac76e97cbcb7f9a577457
964,G_65030_left_1655,exact,A,,contradictory_review,ed7c537ddd42d9d78cb5dd75b1bd3acb4a55581e12b38256bf65eaf8f21a18b7
965,G_32467_left_424,exact,A,,contradictory_review,026333ee73b59e90b44826063c3ea51676aee16b7af239c4701c79708d4cf1d0
966,I_44595_56583_left_x,exact,B,,unrecognized_review,a7ad3aff3d4bf38d543b9d2ec9c0aae8baebb778084206c61a568d0127446a6a
967,I_76957_89171_left_s,exact,A,,uncertainty_or_refusal_review,5cd28b48288a90237b463562d4edc81ccccd198163f8d473ba730f7858846867
968,G_43210_right_653,exact,A,,contradictory_review,da2f79dccb5835e49521c3bd60be29a6de8688072ec4797f7c3db01e92263bd7
969,I_65030_87757_right_x,exact,A,,contradictory_review,a53bea1eb9641075bc02075f10a50529b0f2d301e6779794f8e158f4e6534f34
970,I_27295_76957_right_s,exact,A,,contradictory_review,102558ef84b1f77662c01a00ddfa3be1ce2eaff3f1ca44c78b55a0374d305a61
971,G_74850_left_2003,exact,A,,contradictory_review,e0ffadaea057f37abff0e7584c633d3ddfdc001280817fec1bf4c9034b49bc65
972,D_63029_161,exact,A,A,explicit_text,85a39ab345d672ff8ca9b9c6876f3adcacf45ee7c1e2dbd2408fd338bd55e07e
973,D_27295_37,exact,A,,unrecognized_review,12b884d3edfcd4d05bbdee616e0d4fb107f8c4d73fc10da91247c779feab7324
974,G_56583_right_914,exact,A,,contradictory_review,0220a1b01fb1000301859886d62a5e0d281a053df26422d6866020c881eeb999
975,G_89171_right_2533,exact,A,,unrecognized_review,2a1f72906d941d423e9cb53a708a9d0bbd47f3e17d163565906ac9e72d12d801
976,G_74850_left_1996,exact,A,,unrecognized_review,e4e2bb8c94afbdd4913ce38cfc7a5072769ba108b2aff2f7154c76caef3bcf4c
977,I_69658_96608_left_x,exact,B,,unrecognized_review,fc972a8c82f00047e5f79bd56b079f2b8f1348372429e560f0893409e4850207
978,I_47904_96608_right_s,exact,B,B,explicit_text,1ea442a134b2a184bd5d40104401f2a37fbc09ccf3f4bc9da161c6099be3691d
979,G_65052_right_1792,exact,A,,contradictory_review,7166b8f49f66c441686cf86bc8bd27b6c9c8371ebce478270e8e787a1a9c1c06
980,G_14493_left_46,exact,B,,unrecognized_review,2877b252d8118899c9d7a26a4b6559b26475d5d88e2803f57b072f138a01a178
981,I_14493_24101_right_x,exact,A,,unrecognized_review,c1975c18e169ffc23b4b9fe0a0e7b98eb8d1d88c4d7f062fa6db18e5f938859e
982,D_93812_266,exact,B,B,explicit_text,aed53647f8e7faae259182604b78104d4031fa6e48cacc54ece185cedba39b17
983,G_32467_left_461,exact,B,B,explicit_text,aed53647f8e7faae259182604b78104d4031fa6e48cacc54ece185cedba39b17
984,G_63029_right_1593,exact,A,,contradictory_review,510654b98d8614483e44a3b334bc5e87c24db0793a97e5734dc57497275e3fd5
985,D_83742_237,exact,A,,contradictory_review,f7e3b5ce32002a7ef5e436e8d040acf41e75f76e43da67cb09ddb46d1293d7b0
986,G_20294_right_270,exact,A,,contradictory_review,1b6f8e738adfccbcf5259cbda7f97429d6a9f851861a0729134756b47fa5899f
987,G_87757_right_2436,exact,A,,contradictory_review,420ba82ea23a306f28ce6c64eda7b9f398fa555248c04cb99bf1d796633a145e
988,D_56583_96,exact,A,,contradictory_review,1b6f8e738adfccbcf5259cbda7f97429d6a9f851861a0729134756b47fa5899f
989,I_44595_65030_right_x,exact,A,,contradictory_review,82151b3ba403899affb277a65c0b795d6a6eb04067e92f340feb7d37f499d958
990,G_20294_right_236,exact,B,,unrecognized_review,028d06bac523c3dcf5d405d0920098d4ba9b01efeb128ed5a1f1e9682308982b
991,G_99775_left_2838,exact,A,,contradictory_review,bb51aa52b286caf4d73016e2b49497ba85f93f1869391120bfb3ada10f779992
992,G_99775_right_2943,exact,B,B,explicit_text,1ea442a134b2a184bd5d40104401f2a37fbc09ccf3f4bc9da161c6099be3691d
993,G_27295_right_391,exact,A,,contradictory_review,6e88e87418233a212f6b34344999283aa32f9ded09c8edcf68ce7f253af4f002
994,G_58398_right_1339,exact,A,,contradictory_review,f486afa8d43a732088324b358107fa7d59d6833471891b1bca4627105bd5e767
995,D_83742_230,exact,B,,unrecognized_review,fb003c93693ee3f9b347878f80690669fd4cd56df1111e5dfd9592fcf91d4a8b
996,G_20294_left_146,exact,A,,contradictory_review,4b8c98fa4c2b962508acdbec82761f18a79a9fd925d28fd61692ce790fb555cf
997,I_57145_58398_right_x,exact,A,,contradictory_review,dc0a8a2e9387f3157a31386d59120eef00e5f4ce08f0ff3e8d4fea422acba148
998,I_20294_57833_right_x,exact,B,B,explicit_text,b1c9eb7c37e675fc517b6505924533cdce16186b5f0e203bf8eff78af200a1f9
999,D_89171_263,exact,A,,contradictory_review,ed4c8720ab2b9f5e3eb4b38b46603957a971b9eb2fb4b01ddb4cff6dd7bc9917
1000,G_96608_right_2805,exact,B,,unrecognized_review,028d06bac523c3dcf5d405d0920098d4ba9b01efeb128ed5a1f1e9682308982b
1001,G_56583_left_870,exact,A,,contradictory_review,a9abac7a464f9344bce04d38383d0b35330a35ae6af9f0c52094c717e66b54f3
1002,D_24101_30,exact,B,,unrecognized_review,c798c0b742233ba56d1be217f57538e36d09e0e7e67a550a212abe28b341414a
1003,D_43210_65,exact,A,,contradictory_review,0dab5a6e05d6fe3e275bc6f617379a19abba762dd670ddab4e4439fbf0c1d826
1004,I_58398_74850_right_s,exact,A,,contradictory_review,a18ac4715478ebca34b8ec69c64cdb8019189cce4e31187c8eccb58701a72317
1005,G_14493_left_2,exact,B,,unrecognized_review,abc8947ae654da4d881390b96fa224cba045238ff04762b2c464ea2773ffb9b9
1006,I_74850_93812_right_s,exact,B,B,explicit_text,1ea442a134b2a184bd5d40104401f2a37fbc09ccf3f4bc9da161c6099be3691d
1007,G_57145_left_1028,exact,A,,contradictory_review,ae6c511ee81343c17327742489bb57c47202a6adaa565867871be5d550ec055a
1008,G_24101_right_300,exact,A,,unrecognized_review,3d26b35b313a564ea0cfc7936884b9b694ec37cb27306e95afb2de7813ed2df1
1009,G_32467_right_543,exact,A,,unrecognized_review,65fa7db1d1cc8fad19970df9687c6862756665c8e113800a4934520ac2298cf2
1010,G_96608_left_2700,exact,B,,uncertainty_or_refusal_review,8cb7baff66dd24f267aa8b2902d462b1d543f204323415d41c23a4a61da609dc
1011,G_47904_left_821,exact,A,,contradictory_review,58c05b857abc66809ed691310c6f75e8ddad5653f33d3e24d7e3fa2914b154a3
1012,G_58793_left_1394,exact,B,,unrecognized_review,cb663e08741f9ea02d5a1feb1c46d9f64201ac4c709d7eab4a3014880ae0a47b
1013,G_57833_right_1193,exact,A,,contradictory_review,5490cb7d204ffdddf53f2f83d81bf33506f9a50a3dc95a7d82e8ae1e0cdc7df6
1014,G_20294_left_178,exact,B,B,explicit_text,aed53647f8e7faae259182604b78104d4031fa6e48cacc54ece185cedba39b17
1015,G_65030_right_1687,exact,A,,contradictory_review,1b6f8e738adfccbcf5259cbda7f97429d6a9f851861a0729134756b47fa5899f
1016,I_20294_43210_right_s,exact,A,,contradictory_review,a5655f01aba1556d1f075fe05c572c9115b2477153c81fad936f897e841ed947
1017,I_14493_76957_left_s,exact,A,,uncertainty_or_refusal_review,4db7ccc4bd0deec2c8adac068a5b96a89cd05a438202b5b2f749a63214cd09ad
1018,I_58793_96608_left_x,exact,A,,contradictory_review,7c78dee21364655820a07dfc52c67b0e526137aa9c8d39fab86350d6c191c044
1019,I_32467_56583_left_x,exact,A,,contradictory_review,497187d726120b496a1f73129e2a8296432edd75c3ce9d071882353a8879431c
1020,G_27295_left_360,exact,A,,unrecognized_review,9cc686ee9439164edbfb7d37d0f2523053036cd85035c24858692d3276aa48c4
1021,D_93812_271,exact,A,,unrecognized_review,f29a16d1c68128f653111c27615357f77fb819d2b4f4bed466888d12cdc42d09
1022,I_20294_58793_left_x,exact,A,,unrecognized_review,63f4c73ca119fbff124d84c0ba03279c5d2ebc317480bf022bbcb8f66d7e3717
1023,G_58398_right_1343,exact,B,B,explicit_text,38178a20b470cfd18299fb1593dd4ba706f1a83321dac051d01086efd8b7a96f
1024,G_69658_right_1935,exact,A,,unrecognized_review,7230d6ec73160f103b7c680ab8e0d044c88afb5baa63b8920da8e9c4f3faaa05
1025,I_43210_58398_right_x,exact,A,,contradictory_review,34b589a51b333c25332d9dc9b3677691aff6d2429c74344d0ed061fec0e718f9
1026,I_43210_76957_left_s,exact,A,A,explicit_text,85a39ab345d672ff8ca9b9c6876f3adcacf45ee7c1e2dbd2408fd338bd55e07e
1027,G_32467_right_492,exact,A,,contradictory_review,1b6f8e738adfccbcf5259cbda7f97429d6a9f851861a0729134756b47fa5899f
1028,G_65030_left_1641,exact,A,,contradictory_review,851600d47d5b8dcdd8ae7ce25799030438b8934b72b87c4abae22b80783cdb19
1029,I_20294_69658_left_s,exact,B,B,explicit_text,70307be4b69e7a70d88c458081673e449d4707f68a13bbecbb8ebe60afbbf9f1
1030,I_58793_89171_right_s,exact,A,,unrecognized_review,db50949b6f45c55546a1ed6f7a17db17034d43a9c4ac4e597ac8a072592e6dbc
1031,I_56583_76957_right_s,exact,B,B,explicit_text,70307be4b69e7a70d88c458081673e449d4707f68a13bbecbb8ebe60afbbf9f1
1032,I_14493_99775_right_x,exact,A,,contradictory_review,b276fc79f1d32cf96e9dba86999451822b494bdbb1a070fb8911075b2caa4afc
1033,I_56583_89171_left_x,exact,A,,unrecognized_review,8db3c9e9275a1280da0ebc7290b144d0277551ec44b4f8e29b426059a6ea1bb9
1034,G_44595_right_777,exact,B,B,explicit_text,1ea442a134b2a184bd5d40104401f2a37fbc09ccf3f4bc9da161c6099be3691d
1035,D_65030_170,exact,B,B,explicit_text,1ea442a134b2a184bd5d40104401f2a37fbc09ccf3f4bc9da161c6099be3691d
1036,I_56583_87757_right_s,exact,A,,contradictory_review,614753c48e510ecf00472cb473b86fdcdc7a1b4d5fa6b10ef68b93e8376e8a8a
1037,G_83742_left_2247,exact,A,,unrecognized_review,26394c0e20c5fd450891f6f8237238ed23b3ced1d8e61cfd0bd98fd9b7034e3e
1038,D_57833_127,exact,B,,unrecognized_review,ef696f57ec38820a08fa2a68ac658a704ef273819439c130f0d12ed6f85a4450
1039,D_65030_174,exact,A,,contradictory_review,44cba871ddf9d2899fa76a9559064d402c087fc2c7e50a85954edb9990dbfe86
1040,G_76957_left_2124,exact,B,,unrecognized_review,06cc3bbba31d261fba89b5edd8bc3e1970928ec7ca400020fd1072ce18bf1560
1041,G_58398_left_1277,exact,A,,unrecognized_review,ca4ed584a5b0624bdde7b29120274ef5b0d41af524144b97e87297b8cb697980
1042,I_63029_65030_left_x,exact,A,,contradictory_review,6152b5a0dfc1caabd10ab962a7852fe44d9b696ee0de84b2a5be24e410f4e75e
1043,G_56583_left_885,exact,A,,unrecognized_review,97ab6d64ba80b639d51d3ea91c97384c8a138cca224aa0e23b8b4ecc67ac61f5
1044,D_65030_172,exact,A,,contradictory_review,31ecb95ef579fb629a62ed56e51851c3508be4fb1aff720af8f443723a7a3a79
1045,G_63029_right_1594,exact,A,,contradictory_review,8c3bb4986a2b97b2cdbac71ae6e8781641ae9ec2a4d23739a28d33b1492c06e0
1046,D_65052_182,exact,A,A,explicit_text,85a39ab345d672ff8ca9b9c6876f3adcacf45ee7c1e2dbd2408fd338bd55e07e
1047,G_83742_right_2312,exact,B,B,explicit_text,70307be4b69e7a70d88c458081673e449d4707f68a13bbecbb8ebe60afbbf9f1
1048,I_83742_96608_left_s,exact,B,,unrecognized_review,f7769a7dcf9e8a5bb3dfd773f15d8a6fba4a28f7c8a8acff6a453e9ed0079b92
1049,I_24101_63029_right_x,exact,A,,contradictory_review,3ba5150972d3389f2c688869e2c9ca2bd3b77565940c355245e7f6519a1df72a
1050,G_93812_left_2604,exact,A,,unrecognized_review,0b74054634cd982175c093a2ea57a9e9a23ce0cfbb564887f14c147bd12c23ac
1051,I_44595_58398_left_x,exact,A,A,explicit_text,85a39ab345d672ff8ca9b9c6876f3adcacf45ee7c1e2dbd2408fd338bd55e07e
1052,I_69658_99775_left_s,exact,A,,uncertainty_or_refusal_review,808f8d3e391c031772cd68e9262bf902afa42ca45b1843db02b0021951275423
1053,I_24101_47904_left_s,exact,A,,contradictory_review,db0b01cc09d3fc551939fcff280e62e15fd2d199bab3b88a38a6df40b3205264
1054,G_14493_right_96,exact,A,,contradictory_review,53f66189c962c95cd6c112808ecb05bb4b870ec529b9bfe697e67286063ccfbd
1055,G_65030_left_1669,exact,A,,unrecognized_review,53592975a4865aa323b5eaa259268fdcb8da620e0214e6386080b97663e4e422
1056,I_65030_99775_right_x,exact,A,,contradictory_review,393c6b4755522216874fb62b217f306d3d8e1c735fd0cc5cba2bddf52d48d223
1057,G_65052_left_1735,exact,A,,contradictory_review,0088a30b8119a40195d7a9ebe3bfc42b8c2ce729b8e8841f832cc5d84134ff96
1058,G_24101_right_304,exact,A,,contradictory_review,5c77892a8d24fb7fc18bfd09ecbf058be3171b5dfd5f945ed6e4e643fec52a3f
1059,I_87757_89171_right_x,exact,A,,uncertainty_or_refusal_review,dcedd9c2b7887d125713978ca598b4d054afbd15126a22776d7a63d235f37e06
1060,G_63029_right_1588,exact,A,,unrecognized_review,a7b51d813af4891d97adfa78eccc8d7f96d6acf067703c47fb1496400efbf0ab
1061,G_57145_right_1117,exact,A,,contradictory_review,c4dbcd34cd1b9a11f365bf89fc0e5b06ccfcc37ad0d78958de379203dc736f02
1062,I_65030_83742_left_x,exact,A,A,explicit_text,85a39ab345d672ff8ca9b9c6876f3adcacf45ee7c1e2dbd2408fd338bd55e07e
1063,D_27295_45,exact,A,A,explicit_text,85a39ab345d672ff8ca9b9c6876f3adcacf45ee7c1e2dbd2408fd338bd55e07e
1064,D_24101_35,exact,B,,unrecognized_review,65e3a3536dfc0d8ba3b0df6d18df8eef4b46eb48fdbdde799a9434d2e3530bd1
1065,I_27295_74850_left_s,exact,A,,contradictory_review,22f3963c36fc4e113d4a870834a338ed0e779cb83308116af2d276d8b96c9094
1066,I_58398_93812_right_s,exact,A,,unrecognized_review,86372394e7ab9c6e97dbfd89d78e455b994cc674d34934eb30571a1b07b3ac14
1067,I_76957_96608_left_x,exact,A,,unrecognized_review,bb9a86910ec7673d10b3b4f9c2531bc3eed3698e91c5e6730d84b1d34686fd21
1068,I_32467_43210_left_s,exact,B,,unrecognized_review,0189d1ef6eafc3adcfee9419a9d22bf06169b1a5a197717acf666464a472ec00
1069,G_58793_left_1401,exact,B,B,explicit_text,aed53647f8e7faae259182604b78104d4031fa6e48cacc54ece185cedba39b17
1070,I_57833_63029_right_x,exact,B,B,explicit_text,1ea442a134b2a184bd5d40104401f2a37fbc09ccf3f4bc9da161c6099be3691d
1071,G_65052_right_1804,exact,A,,contradictory_review,642105a070a3f9e35b43d8d88cdb0bffc85a2d4f4fbd3c758c7421292ad44907
1072,G_63029_left_1511,exact,A,,contradictory_review,d539353ab20a9634084f1113a51efd75757dbc6610ce64da1116ebb760b3d0e4
1073,I_57145_58398_right_s,exact,A,,contradictory_review,4e6c1c6ca0e7667b244e43b0dff02a5fd53776acc0529d54c25bbf8abbbb77bb
1074,G_20294_left_132,exact,A,,contradictory_review,46c3017d4b7ac295e1de5368b6b8b33543662ef85d8fe67f64921f53ab955d13
1075,G_44595_right_807,exact,A,,contradictory_review,b6b3c2c0abec9a909871d92bbf3674549770ee9d0c006b7538f46c7a9b10a767
1076,G_89171_left_2503,exact,A,,unrecognized_review,0e25a969aa82b907605d5beb686c9eb24eebd7c394555e21c444a7c33d71ee19
1077,G_44595_right_811,exact,A,,contradictory_review,da19789b3c3e739898e172a621c275d65252e349cec0536f07dc713a726f8f5d
1078,G_58793_left_1384,exact,A,,unrecognized_review,3f31551ebba73cfbf45e7ab3488e462381307603623456bb6cb205bc117bc8aa
1079,I_24101_43210_left_s,exact,A,,contradictory_review,7c4233601f8e6cb67540d17b5414d8c6299cd2275337b7e774f0ce163db126e7
1080,I_56583_96608_left_x,exact,A,,contradictory_review,0e1f54f98f68cb9dd4acfc0717aa7852605c775b979a717fb67434b935a1ba7f
1081,G_24101_right_298,exact,A,,contradictory_review,53823987383fe28b4df3fcc15f30ef848da11adf08219bc799ee09ab3ae50dd3
1082,G_63029_right_1591,exact,A,,unrecognized_review,10ddff54626bc98ff314bfddd6ca6eb620546b82bfec4c0465f0112e9c870706
1083,I_32467_57833_right_x,exact,A,,contradictory_review,d82b0c5cfb59155bc8fb7db9d0316ac2ac00bb9e122c4de9397a5e17208b3ed7
1084,G_44595_left_691,exact,A,A,explicit_text,85a39ab345d672ff8ca9b9c6876f3adcacf45ee7c1e2dbd2408fd338bd55e07e
1085,D_69658_193,exact,A,,contradictory_review,c1ee29feaf16f70e7f14b58c848817849f01a15e0fe75e93b6025e5f40d656ff
1086,G_32467_right_525,exact,A,,unrecognized_review,84852bbcb399887e1876a7a6a916142084a84db13fd029575aeb99f8c1d72d73
1087,D_87757_242,exact,A,A,explicit_text,85a39ab345d672ff8ca9b9c6876f3adcacf45ee7c1e2dbd2408fd338bd55e07e
1088,I_24101_47904_left_x,exact,A,,uncertainty_or_refusal_review,bcdf0b00775b9b95e22c6caadadc481d869c818a28b57e1c6f26daf4d5257da8
1089,G_24101_left_288,exact,A,,contradictory_review,ad8fde592c767b070c7b17ded37aca805c7bd2ba43fe7a93829af6721cbd0795
1090,D_32467_57,exact,A,,contradictory_review,1b6f8e738adfccbcf5259cbda7f97429d6a9f851861a0729134756b47fa5899f
1091,D_43210_69,exact,A,,contradictory_review,fcd518e15ea6ef65268ef08443f4b08da5b0f0f9a2035582a48e46ac4e77f57b
1092,D_69658_202,exact,B,B,explicit_text,70307be4b69e7a70d88c458081673e449d4707f68a13bbecbb8ebe60afbbf9f1
1093,G_58793_left_1388,exact,A,A,explicit_text,85a39ab345d672ff8ca9b9c6876f3adcacf45ee7c1e2dbd2408fd338bd55e07e
1094,D_63029_165,exact,B,,unrecognized_review,a9a8ea547c9aa98664ba391ac896cb48bfd78ea078e95d4fc326a8991e31bbd3
1095,I_87757_89171_left_x,exact,A,,unrecognized_review,1bedb4a04bbac4a87f19c100f6058a7ee2b9411790683fed7e0f0618526f5024
1096,G_76957_left_2106,exact,A,,contradictory_review,4876f3b5f9c176b286a66069e7bdee893da94d2f7d3fe6186574f968a25fb806
1097,G_89171_left_2487,exact,A,,contradictory_review,1c1279eb8bbf7e2faee8d33fa105d47b338f195577fce49f1cf465dbc1b15d22
1098,I_27295_65052_left_s,exact,B,,unrecognized_review,09a8a1d2cbb3245562f5743b9fea781a838af6a919f42fdc58cf392778c7db1b
1099,G_58793_right_1452,exact,B,B,explicit_text,70307be4b69e7a70d88c458081673e449d4707f68a13bbecbb8ebe60afbbf9f1
1100,I_74850_89171_left_x,exact,A,A,explicit_text,85a39ab345d672ff8ca9b9c6876f3adcacf45ee7c1e2dbd2408fd338bd55e07e
1101,D_57833_122,exact,B,,unrecognized_review,05ef14cd6348f217f2ed7d1f27c72446160ec300ff771a6ef21a5272276e627f
1102,D_27295_38,exact,A,,contradictory_review,f6724b03e45f3654276338ace2ee68f1f2854eb70dad4c25e4b34e7dfb61cd40
1103,I_20294_99775_right_s,exact,A,,uncertainty_or_refusal_review,e9eab6d8dd4ef224a630405825aca00832315e23f84d020e3c30dc04083e7192
1104,I_27295_44595_left_s,exact,A,A,explicit_text,85a39ab345d672ff8ca9b9c6876f3adcacf45ee7c1e2dbd2408fd338bd55e07e
1105,G_43210_left_608,exact,A,,contradictory_review,aab3382e4372d33818499f1f63b47db8183e509c1c6282b3ffb1d27f1f2e6bc3
1106,D_14493_0,exact,B,,contradictory_review,6caa7e20d133701e31da1266eceb31fbfbd6e70bb5ef642ef6f4f77d4c205cec
1107,D_58793_145,exact,A,,contradictory_review,bb51aa52b286caf4d73016e2b49497ba85f93f1869391120bfb3ada10f779992
1108,I_20294_57145_left_x,exact,A,A,explicit_text,85a39ab345d672ff8ca9b9c6876f3adcacf45ee7c1e2dbd2408fd338bd55e07e
1109,I_65052_96608_right_s,exact,A,,contradictory_review,cb4e4cef15286767f6377c2602ac0d538443073aecbe647751c48a6e68c03fd2
1110,G_20294_left_151,exact,A,,contradictory_review,9b384f9ef49c36c8e1ea66356548278ed2c6aa48d4d7c83acae2db523dcc2b7b
1111,G_74850_right_2052,exact,A,A,explicit_text,85a39ab345d672ff8ca9b9c6876f3adcacf45ee7c1e2dbd2408fd338bd55e07e
1112,G_14493_left_45,exact,A,,unrecognized_review,1bb354333041269f8ddfe58f19b882ba9133e745802551068b7c6bbadfa39e3f
1113,D_87757_246,exact,A,,contradictory_review,065c8a016fd561f865d6aa3b5c9169a59b2f16a1b7b5fe60a8c611d682ae6640
1114,G_87757_left_2352,exact,A,A,explicit_text,85a39ab345d672ff8ca9b9c6876f3adcacf45ee7c1e2dbd2408fd338bd55e07e
1115,D_83742_235,exact,A,,contradictory_review,7760125621a78eeae159138784e7253f7c4b599fca7f73a219d22550e2b2949a
1116,D_57145_116,exact,A,,contradictory_review,0ae5493a1be87ee345a2ac0d03cff40dc21d91d9f9bd58fbb86e6324651d33f5
1117,I_76957_93812_left_x,exact,A,,unrecognized_review,f37c41806210240238c365b59ca09f06577c5a9f10ee64da2d8666b453c1133d
1118,I_32467_69658_right_s,exact,A,,contradictory_review,a72ad76b093b9bb560c0f7c76f113c8acf03e1b3d87446e95d0e170b295d9880
1119,D_32467_49,exact,A,,contradictory_review,c51a00b959f2cc3d7a8d192063f9f9390a133a65d8b783f686edfd0b2d757f89
1120,D_14493_4,exact,A,,contradictory_review,cf6a4c61d19bf968a95b472567ba8edeff321ce3f0b5ef3ab419e8a4c8d52d4c
1121,G_83742_right_2320,exact,A,,contradictory_review,025181a1258074fac35c9d700aa3ea29fc586c44c7545f873bfa773ff7a812f9
1122,I_20294_63029_left_x,exact,A,,contradictory_review,7b7eefd6fde8646f67538984a8458d8398ee342d46ed632e2e1d8f4fcd8ac29a
1123,D_65052_183,exact,B,B,explicit_text,1ea442a134b2a184bd5d40104401f2a37fbc09ccf3f4bc9da161c6099be3691d
1124,I_32467_44595_right_x,exact,A,,contradictory_review,9e34f03f201ed3ecfa504ded54241d4665576de4d35c4a2c09499b6995cac975
1125,I_24101_56583_right_x,exact,A,,contradictory_review,1b6f8e738adfccbcf5259cbda7f97429d6a9f851861a0729134756b47fa5899f
1126,I_93812_99775_left_x,exact,A,,contradictory_review,27bf61c28f41ea3febb3bdae853d3597681f0cec4d3037399c4cc9c34c79cd25
1127,I_14493_93812_left_x,exact,A,,contradictory_review,5479d9a8e01d5b8f0e80a05a6f1941f1c4f691b2c2e0c181ee0abf592bfe55fb
1128,I_63029_74850_left_x,exact,A,,contradictory_review,510654b98d8614483e44a3b334bc5e87c24db0793a97e5734dc57497275e3fd5
1129,I_47904_65052_left_s,exact,A,,contradictory_review,3d4ef2ad35a19f4c5e92c8a6bb4f926a2be1424ce66a84d80e3e565fc2074f2d
1130,I_57145_96608_left_s,exact,A,,contradictory_review,ec21d5f70eace43d72c0375b739de60f1f77191267ac3e2b4dc4d22e5c7e2d66
1131,G_89171_left_2480,exact,A,,contradictory_review,38b23792f27ccafee70f6c2e9a3595a9849befca9a1958a96373c9453a41d52c
1132,G_58793_left_1420,exact,A,,contradictory_review,77763e9357c2655ff8e6969c39ab398ea87c74e69c55c9df29ebef043ec81adc
1133,I_27295_99775_left_s,exact,A,,contradictory_review,533c90040fde224b8219f03834fa2da197e115eb2f46cccadc8f72b1f30302cb
1134,I_27295_58793_left_s,exact,B,B,explicit_text,1ea442a134b2a184bd5d40104401f2a37fbc09ccf3f4bc9da161c6099be3691d
1135,I_14493_58398_left_x,exact,B,B,explicit_text,70307be4b69e7a70d88c458081673e449d4707f68a13bbecbb8ebe60afbbf9f1
1136,I_27295_44595_right_s,exact,A,,contradictory_review,dee3e1a506ed5ed99c0891b7c6bc1d4675480da913294c5e9bde23944cf8afa9
1137,I_27295_47904_right_x,exact,B,,unrecognized_review,a05b3d943c089e9e58e63f506960d52b911ac49c1ee726b68079021f362a5046
1138,I_76957_89171_right_s,exact,A,,contradictory_review,e8e4e37a4a54ca0036da24083daea01314adf0b9bdd606ba72d99702a7736186
1139,I_58398_63029_right_s,exact,A,,contradictory_review,ae3ed2c04ab92a78e756bbb07770e9f9822f1c015cafe14ee5aa5d6b9cea2dc8
1140,I_20294_56583_right_s,exact,A,,uncertainty_or_refusal_review,668aea94de2aa19bc524b2b2b0681dc7f99446f69051064d174958b4f8c77885
1141,D_93812_274,exact,A,,contradictory_review,3f6186f285ec4988b7ef05345ad196635c24d7b634495ca93081d256d9ad4bbe
1142,D_74850_212,exact,A,,unrecognized_review,3667e89be0d3893f37ccd89b2adf20dd0c5658eb0bb241b5759116b88ade559f
1143,I_58398_99775_right_s,exact,A,,contradictory_review,79fbc22c63cf013abaf7e1bc9be8be292b02b88ad1c16e978174f4a6321ad778
1144,G_56583_left_887,exact,A,,contradictory_review,dbc3f3d5338b4cf9c91d1a798252b70b1b5f34b7eed9f03d4b981ce713a937c2
1145,G_58793_right_1469,exact,A,,contradictory_review,7e97e376a6ce9c173667924dfc53473889430f7e9b5b6263d850f752f952ceeb
1146,G_99775_left_2857,exact,B,B,explicit_text,1ea442a134b2a184bd5d40104401f2a37fbc09ccf3f4bc9da161c6099be3691d
1147,I_44595_47904_left_x,exact,A,,contradictory_review,4a7c8dcc2f3ec189c8cc913e31c72b3a3b752a2c096e5c28697e1a3f6c7b732c
1148,G_57145_right_1036,exact,A,,unrecognized_review,65bd5161901f2ba08c47f880d73dfa6a196cb1996a385ae2833891d8ce95ef44
1149,G_43210_right_650,exact,A,,unrecognized_review,6ddbe7388a8495f2187908ccdb4417b6aaf3ca14662c07ff961149c26d6d292b
1150,I_32467_58398_left_x,exact,INVALID,,unrecognized_review,9fc0e56fbd49f3d1a0ad56b4262c0cb66d026b69d7d4906ea4b5d35c26240571
1151,I_27295_57145_right_x,exact,A,,contradictory_review,9586b2026367d57c48593b89c9d7d56721104bcb0b79ca76a4fdaad4fb54b2d2
1152,D_65030_175,exact,A,,unrecognized_review,ff904308ed3433bc1351172386e94c1fa3e4840c9ca9012ccf03e27d16eb2596
1153,G_58793_right_1451,exact,B,B,explicit_text,aed53647f8e7faae259182604b78104d4031fa6e48cacc54ece185cedba39b17
1154,D_96608_276,exact,A,,contradictory_review,c849fc01df8a5c8d82093c0a1a274f5b07152b0a624d0f13a2c0b097618872cb
1155,G_58793_right_1446,exact,A,,contradictory_review,2249bad7b4fc3e108cd966e77e35b31fcb9db8591daad2f03aeae91f0716ec59
1156,G_63029_left_1489,exact,A,,contradictory_review,46ebeb03c9f77c6e61d5f2c40c3072083010fa6f005f4deb8dadec49a1f1e40b
1157,G_14493_left_41,exact,A,,contradictory_review,b00e70f201dcb59f2df58247cfe430e7ab3369518f30769ed1a60a37d1915209
1158,I_24101_43210_left_x,exact,A,,contradictory_review,9ad9971c69be9260dafe4cec75be77de765e0760c8add20ff513b6a853498b20
1159,G_93812_right_2695,exact,A,,contradictory_review,ca468535fcff6f05f5323967e4c3916faf14c50428737e5933294f60742e9916
1160,D_57833_130,exact,A,A,explicit_text,85a39ab345d672ff8ca9b9c6876f3adcacf45ee7c1e2dbd2408fd338bd55e07e
1161,I_74850_99775_left_x,exact,B,,unrecognized_review,028d06bac523c3dcf5d405d0920098d4ba9b01efeb128ed5a1f1e9682308982b
1162,G_96608_left_2709,exact,B,,unrecognized_review,309009498bc4cfe2fe99ea69506072b5f35fac909cd9bd9d6ba500176d577003
1163,G_57145_left_1033,exact,A,,contradictory_review,eef14acb1146291ff65b720e14921dfe612f783fd1b0f668a73f890c6cdacb25
1164,I_58793_74850_right_s,exact,A,A,explicit_text,85a39ab345d672ff8ca9b9c6876f3adcacf45ee7c1e2dbd2408fd338bd55e07e
1165,D_14493_6,exact,A,,contradictory_review,3db33c2074d8e9d160f98de8957435aaf1af6a428e2f07a949afd588558d5cd1
1166,D_76957_218,exact,A,,contradictory_review,6e24a09635559a6bac5cef34d5203f57785209cc7785fdd224229a5549b02c6a
1167,G_63029_left_1521,exact,B,,unrecognized_review,d677f8841c8bee6764fd92512e88a94ac4a4b965dc26eead882c88196114eb53
1168,I_20294_58793_right_x,exact,A,,contradictory_review,4af3c6157fb2bd8da1b88fead096cf8ce02d031f8e9e9c34582189d486ae94c2
1169,D_47904_86,exact,A,,contradictory_review,45695daeea6f8978a6440d38bbf307426d23280c26060934cd29939d7c0849a7
1170,I_14493_65052_left_s,exact,B,,uncertainty_or_refusal_review,d7f338bca2287ce141c084c0a5819e706ec2c44af675467872fd66b998706c10
1171,I_44595_65030_left_x,exact,B,B,explicit_text,70307be4b69e7a70d88c458081673e449d4707f68a13bbecbb8ebe60afbbf9f1
1172,I_57145_83742_left_x,exact,B,,unrecognized_review,126ebc70f0b2b032c36e60f24dcc9d51b8d3238c706b32b3599e71d0ea88d2c4
1173,G_65052_right_1842,exact,B,,unrecognized_review,1c87ea3c16e576d227af23460d68dda754cb2ccde30c8ec20e447ffda94df119
1174,G_63029_left_1508,exact,A,,unrecognized_review,3667e89be0d3893f37ccd89b2adf20dd0c5658eb0bb241b5759116b88ade559f
1175,G_27295_right_378,exact,A,,contradictory_review,4cec908908a83f8a5e1e4148364755a1078d5b4c543ae81990244d8f50d69fde
1176,G_47904_left_817,exact,B,,unrecognized_review,c798c0b742233ba56d1be217f57538e36d09e0e7e67a550a212abe28b341414a
1177,D_87757_247,exact,A,,contradictory_review,39581b09151c570b55e885f4197b30d6c6a27a1c449d9867d8d053657359378f
1178,G_57833_left_1131,exact,B,,unrecognized_review,226b98bb33cb968f9f3d9527ba0fa7720521ffdc417bf6de938807f3c50ed30f
1179,I_43210_57833_right_s,exact,A,,contradictory_review,adb40c62c4a3298fdcfb6157e759a9bc6aa81bcaca3326884903cbf28e2b32ae
1180,G_44595_right_800,exact,A,,contradictory_review,1b6f8e738adfccbcf5259cbda7f97429d6a9f851861a0729134756b47fa5899f
1181,I_14493_83742_right_s,exact,A,,contradictory_review,ccc1e993d63fbbed275f958ea3d6fbf427516ff1cbafc974d6888d31c78ee40d
1182,D_44595_78,exact,A,,contradictory_review,5b4e09b400099f244d5a75d974ae200ba2314ce30711cf4fc0f838011daaa7d5
1183,G_57145_left_967,exact,A,,unrecognized_review,1af322402c646a5859aff33f86d0e0b3330086e58b5049e43cf0115799a1ed81
1184,D_20294_13,exact,A,,contradictory_review,86c787b21364c3bfd6c095bb5a78412553521a045ded365c46b290bec1dcdc50
1185,D_87757_243,exact,A,,unrecognized_review,569f1b1eccd75dd87945cffc9629814b7762748c9a8fc722e2e504164ba3d24d
1186,G_65030_right_1684,exact,A,,contradictory_review,6ad8d11679607828ba0efcd0955b5a387b092de873399e13ad43af7df0362731
1187,I_32467_43210_left_x,exact,A,,contradictory_review,ac052502b02be507575b1115583a7600905cf4d0f19b7811f1292ecfdfe5a702
1188,G_57145_right_1102,exact,A,,unrecognized_review,b9f6a87b40ea1d5d042ee28b09f1bff5a1933fedbb0e2410e72dfe3c79a3c510
1189,I_44595_47904_right_s,exact,A,,contradictory_review,301e4ef2fbd7b014ce0eb8961a15c70ac01242d55e335b0810473aa27ff0c228
1190,G_83742_right_2298,exact,B,B,explicit_text,70307be4b69e7a70d88c458081673e449d4707f68a13bbecbb8ebe60afbbf9f1
1191,G_99775_right_2910,exact,A,,contradictory_review,7329db45739dc4c25b0a08de19c288f7ed7260df4bc90ce4b5f365ecaf1420a4
1192,I_65052_99775_left_s,exact,A,,contradictory_review,77c889af480203615f04012014284905c02f7da05f5296e88a6cc9d767a575df
1193,G_58793_right_1448,exact,A,,contradictory_review,f0d0a1b9cefa5b62266ba2b3cddde3d9e7d404ee241ec344837cd635fe91b68d
1194,I_83742_87757_left_s,exact,A,A,explicit_text,85a39ab345d672ff8ca9b9c6876f3adcacf45ee7c1e2dbd2408fd338bd55e07e
1195,D_99775_288,exact,B,,unrecognized_review,ce66c6da6e0ba6fd9192ea4138dac842b4cdce93be5550a68c69c17ac5db8fd7
1196,G_83742_right_2327,exact,A,,unrecognized_review,6d1a4d3bb49aa9e70da341236e0b5ca59e2a186f8f8dff1390a6fc81941d3780
1197,G_24101_left_290,exact,A,,uncertainty_or_refusal_review,a45bf4f1f0d2f654f7d26ffc9c5b1203b3a7112ce2f05aab0c90a3b940cb5afe
1198,G_83742_left_2251,exact,B,,unrecognized_review,37479ccc2a132ef0940a4ea8906d4c3a943a83b129f608b8059bf773ea0bbd77
1199,D_96608_287,exact,A,,unrecognized_review,71df84b357344c9c8e8841694794c41a2a652dbf70dd6211dd2b3478dd0841a1
1200,G_58793_left_1416,exact,A,,contradictory_review,194d3cd25ab8475713fc8d8463f3b9e13c05528258c13dafc71d7569259e845b
1201,I_14493_69658_left_s,exact,A,,unrecognized_review,f45035b83e183ab4fd467eccfb4e7a3d224fe760f21d23e780beeadc3169f4a9
1202,I_47904_58793_left_x,exact,A,,contradictory_review,d942cafe31d71d0fef26724f39c4798082d7d555a1240112dff1516833117d21
1203,D_20294_21,exact,A,,contradictory_review,b3c2c7e5e6f30548d11aa61df36513a74ec76cdfbd9e49b0225c80542aef61eb
1204,I_27295_63029_right_s,exact,B,,unrecognized_review,885faf58d44e316f9b3abd1629721ce5195d2297bc31f58f6de274f00aaa3b2e
1205,I_14493_76957_left_x,exact,B,B,explicit_text,70307be4b69e7a70d88c458081673e449d4707f68a13bbecbb8ebe60afbbf9f1
1206,G_57145_left_1008,exact,A,A,explicit_text,85a39ab345d672ff8ca9b9c6876f3adcacf45ee7c1e2dbd2408fd338bd55e07e
1207,G_27295_right_411,exact,A,,contradictory_review,b6beb8eff7fd4c253d441da894978f349c5d5103fedb2b50b32af7ca32c73607
1208,D_44595_77,exact,A,,contradictory_review,46f9ffe900204cbb6184b078ba4eaf0d44b0dd8ce3e8037fb6989c2876ffbe8a
1209,G_57833_right_1199,exact,A,A,explicit_text,85a39ab345d672ff8ca9b9c6876f3adcacf45ee7c1e2dbd2408fd338bd55e07e
1210,D_24101_27,exact,A,,contradictory_review,6a058aac603708480b990963fbe88699c1a7ed974fca100b2fc12c4c1fbbbd3d
1211,G_96608_left_2707,exact,B,,unrecognized_review,d5979b52b4844a002a4a0eb4eb49acac9d7a4386579087eb4d0cf7b02e1081b2
1212,I_58793_63029_right_x,exact,A,,contradictory_review,5dee9202b20a456e0808ed7961a2c568fab851ca508b5045ac48718806a7a152
1213,G_32467_right_511,exact,A,,contradictory_review,bac2852e28dd6837735a69c79ec71b8997925672c4f31c51f4e42eae88ec0829
1214,G_89171_left_2521,exact,B,,unrecognized_review,6b258083657fde33395c2a75c8f3fab49508cf1de44c44af5ce9ffe26fe92810
1215,G_63029_right_1612,exact,A,,contradictory_review,d98d0ef6098c0c00d549573f51917b177e22dcf1c2e0628a482dc38178d271b8
1216,I_32467_99775_left_x,exact,A,,contradictory_review,0bca93011869bc6d48c3bc3ef904ee9ba26733ceca859849b52a056e22bf84ea
1217,I_65030_96608_left_s,exact,A,,uncertainty_or_refusal_review,305d696b0df1a6b6e5048a88a9129a08dbf3f86c15533ef50e2bdd9f36992083
1218,I_24101_47904_right_s,exact,A,,contradictory_review,08624ac1972fcfe124dcb8483a5c564f6067d96084bb6e6871338620c015d501
1219,G_65030_left_1679,exact,B,,unrecognized_review,4d0c290c88b40aca627711a9f419c7f40212ae61b32569dafd568ef5a1119ea2
1220,I_89171_99775_left_x,exact,B,B,explicit_text,b1c9eb7c37e675fc517b6505924533cdce16186b5f0e203bf8eff78af200a1f9
1221,I_58793_76957_right_x,exact,A,A,explicit_text,85a39ab345d672ff8ca9b9c6876f3adcacf45ee7c1e2dbd2408fd338bd55e07e
1222,I_44595_57145_left_x,exact,A,A,explicit_text,85a39ab345d672ff8ca9b9c6876f3adcacf45ee7c1e2dbd2408fd338bd55e07e
1223,G_58793_left_1379,exact,B,,unrecognized_review,99aa6657ad3925a202958e7cedbaf6cf5bb77dac3739190869ac2bc23e3821c3
1224,G_74850_right_2038,exact,A,A,explicit_text,85a39ab345d672ff8ca9b9c6876f3adcacf45ee7c1e2dbd2408fd338bd55e07e
1225,G_47904_right_833,exact,B,B,explicit_text,70307be4b69e7a70d88c458081673e449d4707f68a13bbecbb8ebe60afbbf9f1
1226,I_47904_87757_left_s,exact,A,A,explicit_text,85a39ab345d672ff8ca9b9c6876f3adcacf45ee7c1e2dbd2408fd338bd55e07e
1227,I_47904_63029_left_x,exact,B,,unrecognized_review,c798c0b742233ba56d1be217f57538e36d09e0e7e67a550a212abe28b341414a
1228,D_57145_109,exact,A,,unrecognized_review,d34881d9bc273512dbeaa2b12740ca169ba62b4fdb1d7836f56004ec0ee5f065
1229,G_14493_right_83,exact,A,,unrecognized_review,fe987691dd882d6f8b997150e8bb1c493ee484f6c9b0dc493db088318082c98c
1230,D_69658_203,exact,A,,contradictory_review,1b6f8e738adfccbcf5259cbda7f97429d6a9f851861a0729134756b47fa5899f
1231,D_27295_44,exact,A,,contradictory_review,cfd04128163ad6f1033b3054e5a2add0418c6225c0895be3d83fb1693af14e77
1232,G_58793_right_1441,exact,B,,unrecognized_review,c6bc6cd4d7f1a41a5db5186e763bbe1ee897a5a7b75c8f0dae8e67acc609c649
1233,G_96608_left_2757,exact,INVALID,,unrecognized_review,7d9eb7acb13e24625c404401d8e88b2350e32162455885f18276cf802f7701ed
1234,G_47904_left_818,exact,INVALID,,unrecognized_review,6b86b273ff34fce19d6b804eff5a3f5747ada4eaa22f1d49c01e52ddb7875b4b
1235,G_89171_right_2534,exact,B,,unrecognized_review,7792f9508ecbb64a970a9a4864c9551ea5b25d398d6336ab7d1d618c03b1ee65
1236,G_58398_right_1332,exact,A,,uncertainty_or_refusal_review,0274c53d038c5b45cba26a00742cd2995b1d29c84b9de2ad0801477edff94001
1237,D_74850_213,exact,B,B,explicit_text,70307be4b69e7a70d88c458081673e449d4707f68a13bbecbb8ebe60afbbf9f1
1238,D_89171_252,exact,A,,contradictory_review,5a5f009c29e39d2c356898253be823d39d5a8ba86069b0e9bf54e0b38fd5e047
1239,D_96608_284,exact,B,,unrecognized_review,c798c0b742233ba56d1be217f57538e36d09e0e7e67a550a212abe28b341414a
1240,G_20294_right_243,exact,A,A,explicit_text,85a39ab345d672ff8ca9b9c6876f3adcacf45ee7c1e2dbd2408fd338bd55e07e
1241,D_65030_177,exact,A,,unrecognized_review,dbff01d91c4690c1b94b4ef8f49b195b2d71ede03c972191f36c0cc51b937a6e
1242,I_32467_58398_right_s,exact,A,,contradictory_review,1b6f8e738adfccbcf5259cbda7f97429d6a9f851861a0729134756b47fa5899f
1243,G_56583_right_939,exact,INVALID,,unrecognized_review,4a44dc15364204a80fe80e9039455cc1608281820fe2b24f1e5233ade6af1dd5
1244,D_32467_51,exact,A,,uncertainty_or_refusal_review,cba109713deb3c6b20b88672038585ac809b15496dc62bed72d1d7101738e3c6
1245,G_20294_left_167,exact,B,,unrecognized_review,6eca3c2401c002c82d73105d803dcae4a0dbd6e26e7f9ac6421f1ca30c91e3cb
1246,G_58793_left_1374,exact,A,,contradictory_review,34fefaeaa2c45fdaa8439cdd6e27e6782ee54ce922a3fa1b6da0c394eceb6b1b
1247,I_47904_58398_right_x,exact,B,B,explicit_text,0114f7e9710aac21cd974a8a655e12599fab2012871193dfad40495b9d9455e8
1248,G_56583_right_904,exact,A,,contradictory_review,d20ca2f733b42381c0779bec7520e2f893a23b95747a32b10787db3fb276c4cf
1249,I_58793_96608_left_s,exact,A,,contradictory_review,53cc0fe9dd7ad6b2121b216c9d0ca55b710a78c3d5ea72f128266d7ec33b60ec
1250,I_14493_44595_left_x,exact,A,,unrecognized_review,fff7169e27ccbd0a961beec7fac10ad2f54da18746fef78d027b4e9c786e8100
1251,G_89171_left_2514,exact,INVALID,,unrecognized_review,e68acf5e09e958315878130ad8e328457d431c7f211c1083547a546bec0b7d36
1252,I_65030_76957_left_x,exact,A,,unrecognized_review,85a46075fd5f2a0d2f8d21f9d3ce0d5ca6f81f15c4114d7bd4f083d178de78ac
1253,G_44595_left_709,exact,A,,contradictory_review,28ed0c1d0e842b6242a4ff5e65698dfc4b2467bdce9d71992d41a7a8e4cd7e6c
1254,G_58793_right_1457,exact,A,,contradictory_review,8eab75a7f8627e7b1346cd30b3f424183396b4bdaa6fbab3d0c7610e89f82008
1255,G_44595_left_756,exact,A,,uncertainty_or_refusal_review,0730fc479c5ffe73c2b148af317800fd312878e8694287e280c9d929bff5cb4b
1256,G_69658_left_1871,exact,B,B,explicit_text,1ea442a134b2a184bd5d40104401f2a37fbc09ccf3f4bc9da161c6099be3691d
1257,D_43210_60,exact,A,,unrecognized_review,ae47dde07f53efaeac01832ad94f8a2d9dfd22eb0e16ccb2cdce62e67d626124
1258,I_69658_89171_right_s,exact,A,,uncertainty_or_refusal_review,685f2d898bbca3722b018233b07077bf33aea6014c70a4379a6f1ee1a6448531
1259,G_65052_left_1733,exact,A,,contradictory_review,ae83fd86e67bb06f3aef4d9d24eab4ee4a6c4c39d56d4b48270ff1e14da229f7
1260,G_65030_left_1636,exact,A,,contradictory_review,7686c391cbb30cdff9cf8915e295ec0141adcb0aee852d6c880e4085a46dfbd3
1261,I_47904_56583_right_s,exact,A,A,explicit_text,85a39ab345d672ff8ca9b9c6876f3adcacf45ee7c1e2dbd2408fd338bd55e07e
1262,G_20294_right_287,exact,B,,unrecognized_review,dd943978d37d7fa6a4279a62673c3d79b8dfc218d2d7bf6768b5e4ac04f0aefc
1263,G_99775_left_2888,exact,B,,unrecognized_review,27eefeaffaa815c835d45279bd8b5213296c589e6d83b246c6ef017ea5f73e4e
1264,G_65052_right_1799,exact,A,,contradictory_review,7b53bf44cbf3f2af6c6adb33bf0bc3b13d59b9e81914839b9d54412ce78e89d1
1265,I_57145_65030_right_x,exact,A,,contradictory_review,557aaaf33b44370e1f54d6cd3159e513e9d6d05485280d25cbb5c07e0fabb1e0
1266,I_56583_58398_left_x,exact,A,,uncertainty_or_refusal_review,027dbeb0383bfca4aa7842612e286c01f9d571b2e02aa355eaee17551de11d7e
1267,G_69658_left_1864,exact,B,,unrecognized_review,507c9b2e829174f051857d8de5858438e894643821d67ab8482cd8802d95090c
1268,G_65052_left_1790,exact,B,,contradictory_review,1f0b0bfb33800137fd1d96152b510ee20d7ef34ca9531dae897701124ff3bac6
1269,D_89171_261,exact,B,,unrecognized_review,2877b252d8118899c9d7a26a4b6559b26475d5d88e2803f57b072f138a01a178
1270,I_32467_58398_right_x,exact,B,,unrecognized_review,5658177e1cfcba8e7d858d36864695ea1cd6343680c9f15b4e5751dfa35419ea
1271,G_65052_right_1847,exact,B,,contradictory_review,f56b7fe67fc98607667c35bf125b9e3c25a1ee0cb8ff06931e51f4a38b5d3997
1272,I_58398_96608_right_x,exact,A,,unrecognized_review,719579dc1488be1849bdb80703f43d37d31e26138fb07b9ae84050307cc4c773
1273,G_56583_left_868,exact,A,,unrecognized_review,1f75710ef2f4de2d558287629ee2ecad6a067875fe63c43cbaa9a3b4fdedd8ca
1274,D_99775_291,exact,A,,contradictory_review,3141424a1158b09622bd15228a73b46927330ddc693168daf8151dbd8030b6eb
1275,D_58793_144,exact,A,,unrecognized_review,d3cbc3cb47fc7940fd12c4a4f3e234d7167c21a0bac5294fba31e00b3534786a
1276,I_65030_83742_right_s,exact,A,,uncertainty_or_refusal_review,2ac5538082207bf152cae69e0943532fbc1c0004eceabf4a3a08dadcafe1d769
1277,I_24101_87757_left_x,exact,A,,contradictory_review,4b7b680cde7d0a837a019800a93596775bc01eb300276d6c657cf8f244a7b2cc
1278,G_87757_left_2353,exact,A,,unrecognized_review,74672601629996f510e2e0e0784376a10d450e1a4fb98a31f24b6fdf4e52c9e2
1279,I_32467_83742_left_x,exact,A,,unrecognized_review,94555fe0ef146aa7cf607b1ea0afee7ab15cb82ca2a2bef812d05e8179031da8
1280,G_63029_right_1623,exact,A,,contradictory_review,22765848adc5c40aa1c91a471156bc501aec3a9925decd457d4c1863e59ee7d7
1281,I_58793_99775_left_s,exact,A,,contradictory_review,9435b484939c75abb178cb24638e3749bd2bb1fcf438911aaa9447b9799b162e
1282,D_14493_7,exact,B,,unrecognized_review,4bea0a2b9b5ccd65a2dfa0b142f55817a237aa3481619947b9f7a03c2edb9594
1283,G_74850_right_2039,exact,A,A,explicit_text,85a39ab345d672ff8ca9b9c6876f3adcacf45ee7c1e2dbd2408fd338bd55e07e
1284,G_96608_left_2698,exact,A,,contradictory_review,5178fdfc0425b8b6c025e643028b5efa2d08010e46601797df82bc93bbb917cf
1285,D_57833_121,exact,B,,contradictory_review,363670867a08173dc8fcb5d9561a87a8b61bb29f1d867e2a2f18809d3107ce0e
1286,D_63029_157,exact,A,,unrecognized_review,40a0c1a12d9411913f41d021ce9652c74195236888f9cbbe94e041362d263e71
1287,I_24101_65052_right_x,exact,A,,contradictory_review,8fd2c5aa87ec42962201112737ad40a7daa6141c1b2e63daae8f360c4d1822b0
1288,G_74850_right_2072,exact,B,,unrecognized_review,05c4609cab718a718862f824e79f31b2d9f7ba0cb9d2c0cfc6ac35071e413ee0
1289,I_20294_74850_left_x,exact,A,,contradictory_review,989ec3860ba589cf34d6484e4aa8a2735c620c3fcc9aecc9df14f5eccae4baee
1290,D_32467_53,exact,A,,contradictory_review,f3c8d1fbd32ab1ae407704711cb6b653f9cfa45e3ec6e88d490bed73aae18605
1291,D_56583_98,exact,A,,contradictory_review,d93e37b0ef7a23fa7210eff4c4198ac497f1c04644f4f1dc299803863defe461
1292,G_93812_left_2595,exact,A,,unrecognized_review,eea40e72c358c4d0bd4a4eab9b06ca4df4272e70ab46595081855b23f55f9426
1293,I_56583_63029_right_s,exact,A,,unrecognized_review,340c6c4e7df0b19d6f5050e0b347e64d0cd139e33fc85f330aeed0e14070cfc7
1294,D_83742_234,exact,B,,contradictory_review,c6508c5be35887c41f29b3541e3f1392d8f94a404c3955283893531e68da5619
1295,D_14493_10,exact,A,,unrecognized_review,0ea44acc73b89a099a3e3262a60ca0620287adc16a82b6da9e52dbc30373ccc4
1296,I_24101_58398_left_x,exact,A,,contradictory_review,125f6f036a0a9117e18d8bdc0301b4abb38dd8bf07ebc7b06c74916750d95638
1297,G_20294_left_197,exact,A,,contradictory_review,02eb30c2890a2cf6352da9304c414affa71c7d0d4a776902f4c711a2423a3be4
1298,G_93812_left_2638,exact,A,,contradictory_review,4dbebd582e7bf998810ac18210ce6eb134008ce921924e8e5e5456034f42f17e
1299,G_65052_left_1746,exact,B,,unrecognized_review,8a8b3bfb99f7dfed31f7be3b6fecaa349652554f06416e0740d4ddfc137ec90f
1300,G_99775_left_2880,exact,B,B,explicit_text,1ea442a134b2a184bd5d40104401f2a37fbc09ccf3f4bc9da161c6099be3691d
1301,G_83742_left_2266,exact,A,,unrecognized_review,6e959012db270ba1c7c89b1f292fbc1cfccbc865444d17fb38e50dfb0fed7c88
1302,I_14493_65052_right_s,exact,A,,uncertainty_or_refusal_review,490077c448dac8b4bb5ac36c6ea68d0b37caeba59e97522fb84ba2669b90d7f2
1303,G_14493_right_118,exact,INVALID,,unrecognized_review,32ebb1abcc1c601ceb9c4e3c4faba0caa5b85bb98c4f1e6612c40faa528a91c9
1304,D_56583_97,exact,B,,contradictory_review,754bbcf643dc544e2e282c1f0046a23fa6ed3d93ef52ae9d732465a63680eaed
1305,G_43210_left_605,exact,A,,unrecognized_review,97596af5d4d48c0b0bc4681bb510f5631fdadb5ce6a61fa37e43bf13592c7e18
1306,D_57833_129,exact,B,B,explicit_text,1ea442a134b2a184bd5d40104401f2a37fbc09ccf3f4bc9da161c6099be3691d
1307,I_63029_93812_left_s,exact,A,,contradictory_review,b8aa26cb0fdb60337b29ef0bd99eead69f859643a4aee0f59c16e2c438afa619
1308,D_43210_68,exact,A,,unrecognized_review,6a6f6942ae297bf38eea3d24963615cf06eb1752d44654ea60c4f08a3383a652
1309,I_56583_76957_left_s,exact,A,,contradictory_review,c4863114c74e3f661dad0cfcd6f89d8c4c6852a7056fc4c6f3f4f4da922b92fb
1310,G_58398_right_1319,exact,A,,contradictory_review,55d86795540365c6639c80d52f5adfc50311fd9326bcff0fbd5faaeaf778b346
1311,G_93812_right_2642,exact,B,,unrecognized_review,1df6435a224302ed880ddd4b36905d878c9503e21254ba02b008e445ca650ead
1312,I_76957_83742_left_x,exact,B,B,explicit_text,70307be4b69e7a70d88c458081673e449d4707f68a13bbecbb8ebe60afbbf9f1
1313,G_47904_left_823,exact,A,,uncertainty_or_refusal_review,bb22f5244608493eeecc333770efe7caa2dae95745c784239fe982d9c2c2dd09
1314,I_20294_74850_right_s,exact,A,,contradictory_review,8a882e00c94244abb2975d3c8ba0efed72f0ea7d3a1aa149974353ef876bacd2
1315,I_76957_93812_left_s,exact,A,,contradictory_review,29d8f96dd4931c208b51301bf5d5b9d49353db7698d90f201a97e756a837fc44
1316,D_32467_55,exact,A,,contradictory_review,bb51aa52b286caf4d73016e2b49497ba85f93f1869391120bfb3ada10f779992
1317,D_57145_111,exact,A,,contradictory_review,e25b93d31e2edf022916b821a88cdbd1bf477811ebfb549ebad56dc09d2f60a2
1318,D_74850_206,exact,B,B,explicit_text,1ea442a134b2a184bd5d40104401f2a37fbc09ccf3f4bc9da161c6099be3691d
1319,G_14493_left_5,exact,B,,unrecognized_review,1d63b8a43b95308e536621c4ce6a51fd51e99060705fcd131d73871d8f903b4e
1320,G_57833_left_1129,exact,A,,contradictory_review,2a3af6561c22b76e6d97814a78ecf100f7bddeca9c540439db6cddf8f002ec85
1321,I_47904_96608_left_x,exact,A,,contradictory_review,c49f2b262f1ede66caa22eb5b4dde944e4fd45f2b140dbaa3c6b5c9ad238cbde
1322,D_83742_238,exact,A,,contradictory_review,288bee250b2b724086258378bd21aab09a49e997b7588ecf5216590f0f1b0d9b
1323,G_89171_right_2585,exact,B,,unrecognized_review,a619f395189c4f600e98846f0590efc6c6f01fc7b2c17681b15359244f25254a
1324,D_57833_131,exact,A,,unrecognized_review,dbb936e3c73779528759c5059ee3e8d04aa8fd686631a0af0f202379dd637a8d
1325,D_96608_286,exact,A,,unrecognized_review,5ab6b49520120faaeb900473f6f6f22d7f07e407ca26eed1a53b755c085db942
1326,G_96608_left_2699,exact,A,,contradictory_review,eb4b3da7b08f93b644ca2354c2a3d52ef44836c5567f14297e41a3bc28855920
1327,G_58398_right_1331,exact,A,,unrecognized_review,f8a7c426202bbdd9e8ec6d2068317cf23486b38b949a35fb77dd7e3b6d57c1f2
1328,G_99775_left_2893,exact,A,,unrecognized_review,5b56bf0e90df849d53892e5301efa77f2fca0b4c9ca914014fa437ddd601ac17
1329,G_58793_right_1436,exact,A,,contradictory_review,ec9f5172df2d592e6e25d917e71babca27b15e3e114bccd3a8f0c613dbdb5818
1330,D_57833_125,exact,A,,contradictory_review,da2f79dccb5835e49521c3bd60be29a6de8688072ec4797f7c3db01e92263bd7
1331,G_27295_right_396,exact,B,B,explicit_text,1ea442a134b2a184bd5d40104401f2a37fbc09ccf3f4bc9da161c6099be3691d
1332,I_63029_74850_left_s,exact,A,,contradictory_review,2e30b08c37eacafe016d325f8050874d0e8dff04c6e36e79e87d86763e4c2ba0
1333,D_87757_241,exact,A,,contradictory_review,d8ae99484a58adf25ad9a256875672b4bc22986a07d24e6670eea9a56ab8e128
1334,D_74850_215,exact,A,A,explicit_text,85a39ab345d672ff8ca9b9c6876f3adcacf45ee7c1e2dbd2408fd338bd55e07e
1335,D_65052_189,exact,A,,contradictory_review,871d443c5227c71e342c39ccc502f4b468f320ed87fb6d4b3596528444723598
1336,G_83742_left_2220,exact,A,,contradictory_review,cf487687649c84e3fe5f5f192a16f738308a63f519c95fa7ce4d219459b3b9c1
1337,G_65030_right_1690,exact,B,,unrecognized_review,028d06bac523c3dcf5d405d0920098d4ba9b01efeb128ed5a1f1e9682308982b
1338,G_57833_left_1147,exact,A,,contradictory_review,f4621994e52f50beff6cf8da5fbbd90d114a31b44500cae42323eb4a9e1f7db4
1339,D_87757_250,exact,A,A,explicit_text,747d39e9fc5cdde1e1fc822c31b31e99db7f403d683f5078f5a6c2616c4e83e6
1340,G_96608_left_2717,exact,B,,unrecognized_review,e3ac280846123b36db2ba296107533d933dadb23ea7f6aa547207ee0391f49b2
1341,I_57145_83742_left_s,exact,A,,contradictory_review,3735d370cb06e7cfdd12a07abfd6017524021e27ec082f7c15b4ab13f4343dee
1342,G_83742_left_2262,exact,A,,contradictory_review,d411e0f8470fdaa32bb9fe6872bc0892ce68902e4e691211181cd99ca7152f8c
1343,I_58398_87757_left_s,exact,A,,contradictory_review,85b942d1309d1d92e6b56811e4478936689b52ba85c1d8ce0423b9d52a550988
1344,G_93812_left_2620,exact,A,,contradictory_review,ec51c983c83d25d384dbdfc9e56645ab18220183287e9b1d773a86755751319b
1345,D_99775_299,exact,B,,contradictory_review,d32127e7d3d6a112a8509c6e6be1c1e02b42523847f313042259f3e251738ef3
1346,D_69658_196,exact,A,,unrecognized_review,2ce1814e9cec835b76abd7ba77bbe4e70e19d3f8dc05c4c574ae57341cea23e5
1347,I_24101_76957_left_x,exact,A,,contradictory_review,bb51aa52b286caf4d73016e2b49497ba85f93f1869391120bfb3ada10f779992
1348,I_24101_69658_right_x,exact,A,,unrecognized_review,a1aecef887852564c7c8898dc894dab0fd8f0cdbfeb12c8418939422aeb40482
1349,G_14493_right_108,exact,A,,contradictory_review,6a5101b06258431870cda9f9d4e7a20a247e7e6afd4df5be268b64e78a3440c2
1350,D_24101_28,exact,A,,unrecognized_review,500b15633c4f6f1690b37da3cd03db5f4f022d021f751627e66dbad7376353a8
1351,G_76957_right_2168,exact,A,A,explicit_text,85a39ab345d672ff8ca9b9c6876f3adcacf45ee7c1e2dbd2408fd338bd55e07e
1352,I_65030_89171_right_x,exact,A,,unrecognized_review,ae969ff6c9a7244d54ef06f399df5b5025651d29f3f540a32c0016e6eabe0c0e
1353,G_63029_right_1569,exact,A,,unrecognized_review,77aa97668d1655167d0efe4e7d8eb98ad2aeda17aa72f0c00db35507697bc0de
1354,G_14493_left_47,exact,A,,contradictory_review,28644c240a047c8b94044f9f2fb7123cb79725a3ab371ffd9d6c166a9c712e6d
1355,G_69658_left_1861,exact,B,B,explicit_text,70307be4b69e7a70d88c458081673e449d4707f68a13bbecbb8ebe60afbbf9f1
1356,G_74850_right_2050,exact,A,,contradictory_review,f31d721f7d9a2c2fa1c4967304ba72a47bd4e18320606d5ea363fa7f2170dd2e
1357,G_96608_right_2784,exact,A,,contradictory_review,b3d74ebe31ee9d1014b883e6d3d7d47b96ceb7a47bdc24f0b8b704ec1dc87c0f
1358,D_32467_59,exact,A,,contradictory_review,e383f5653cb64b27ed6767177ce019ea6d3d24e594153796ee878d177b933699
1359,I_89171_99775_left_s,exact,A,,contradictory_review,584b29fccc14defa9211234e00fc04d7e3325681a10e7ac59d1f51537a1640d0
1360,I_47904_57833_right_s,exact,B,B,explicit_text,70307be4b69e7a70d88c458081673e449d4707f68a13bbecbb8ebe60afbbf9f1
1361,I_24101_58793_right_x,exact,A,,contradictory_review,34d8442c94f04185ed8e5fa8df7232bc998f097817bcdcd481db98f78b3ae288
1362,D_83742_236,exact,A,,contradictory_review,7166b8f49f66c441686cf86bc8bd27b6c9c8371ebce478270e8e787a1a9c1c06
1363,I_58793_65052_right_x,exact,B,B,explicit_text,1ea442a134b2a184bd5d40104401f2a37fbc09ccf3f4bc9da161c6099be3691d
1364,I_20294_32467_left_x,exact,B,B,explicit_text,70307be4b69e7a70d88c458081673e449d4707f68a13bbecbb8ebe60afbbf9f1
1365,G_65030_left_1656,exact,A,,contradictory_review,d5404588311bcacdce81592297c9ff59d1ba08a9d850434a67fcafdd2e74ddd7
1366,D_76957_222,exact,A,,contradictory_review,6c4a6924cb0929f61f8c8564ff82d23686fa064c4ff3cb31bcbdec7e49d2a206
1367,I_58793_65030_right_x,exact,A,,contradictory_review,75f3ce2b1c4250699d2aff3d54801d290f8f17a9c39a154476467d906a8d22e4
1368,I_20294_65052_left_x,exact,A,,contradictory_review,6b16f5ba2f4d4a04981176d9f875c99757776999d990871e2f830dd4ae311d46
1369,I_63029_65030_right_x,exact,B,B,explicit_text,70307be4b69e7a70d88c458081673e449d4707f68a13bbecbb8ebe60afbbf9f1
1370,I_63029_87757_right_s,exact,A,,contradictory_review,abc7aae8117dff3862d711228bac0649d5d1dec4446bc95ad347066b0c095210
1371,G_69658_right_1932,exact,A,,contradictory_review,a47e99cb134978af1fbfbb200e49b500464a099b5a6753ca17fc9ad67f101a65
1372,G_43210_left_551,exact,A,,contradictory_review,5f449697b2a5adee070d064fb20454968ffcf32b88ea2bcb9264d4d527a493eb
1373,I_24101_57145_right_x,exact,A,,uncertainty_or_refusal_review,60755eb8d275b0dc77eb9d29bf9d9c4cec2bbbe6aea5a3004d07b3b9edb44d0a
1374,G_32467_left_456,exact,A,,contradictory_review,da2f79dccb5835e49521c3bd60be29a6de8688072ec4797f7c3db01e92263bd7
1375,I_20294_83742_right_s,exact,A,,contradictory_review,bb51aa52b286caf4d73016e2b49497ba85f93f1869391120bfb3ada10f779992
1376,G_58398_left_1311,exact,A,,unrecognized_review,4e5c24ef0c9e7a46f2404143fce9702ebe38d0b93d591a7990dce6d8807fdc82
1377,G_96608_right_2785,exact,A,A,explicit_text,85a39ab345d672ff8ca9b9c6876f3adcacf45ee7c1e2dbd2408fd338bd55e07e
1378,D_27295_43,exact,B,,unrecognized_review,b5f3a88ffc39f3f43fc0fc740366b2a357d14e94dbcc17f27109640fc660df9e
1379,G_65030_right_1714,exact,A,,unrecognized_review,9c4f7bc2b37983e4407a0562fa24178aa9e2f8d83fc08cdd3bfa00104b939f06
1380,G_20294_right_228,exact,A,,contradictory_review,f3e25c5befb25f973b768a25546c1744216e51e516643f7b6d6a8487c68f1a84
1381,I_32467_47904_left_x,exact,A,,unrecognized_review,b9e2b69d9cb35518891f28cd0e229823929528f6ecf1b83f9e7c190334feeb1c
1382,I_27295_58793_left_x,exact,A,,unrecognized_review,4e9d63e2f670781bba3c42a38cbc79c0ebef32683196f6a5b5a00e2f641ab2b2
1383,I_57145_58398_left_s,exact,A,,unrecognized_review,bd29bfc939158dd38cd8a2b47be1afe897a295e2226cc7c762ddb13226ca0437
1384,I_58398_83742_left_x,exact,A,A,explicit_text,85a39ab345d672ff8ca9b9c6876f3adcacf45ee7c1e2dbd2408fd338bd55e07e
1385,G_43210_right_662,exact,A,,unrecognized_review,c61cb0661ec572689536411abf4d2b2c1061244d5ea6e55b32de4656289dbee1
1386,I_65030_96608_left_x,exact,B,B,explicit_text,1ea442a134b2a184bd5d40104401f2a37fbc09ccf3f4bc9da161c6099be3691d
1387,G_57833_left_1171,exact,B,,unrecognized_review,71320b75ae6ce01e206bb59b4ad99de17af89b182bf71acb231c0545f4395566
1388,D_83742_232,exact,A,,unrecognized_review,4a945c40c91f736a741f85863666529a92628d27c2723b48ec2002c2d21126bf
1389,I_57145_74850_left_x,exact,A,,contradictory_review,7fdc868cfb05ba483943b672c9a881bb85b09b99e8c4a58b34893d63339ea220
1390,I_69658_74850_right_s,exact,A,,contradictory_review,200dd3eaf4928e36b0f9224e70ec0ff37e5d68f17bb527d7ee41bd6b30aff9c7
1391,I_57145_74850_right_s,exact,A,,contradictory_review,150ba12fa6048f9393e8492d324700b745d959a53bcc586b3eb399c993f5c6e6
1392,I_20294_93812_right_x,exact,A,,contradictory_review,4d939ef7cb0c5df9c830949c5d2bbde44ed160dc0f129932121905859ef446f5
1393,G_89171_right_2541,exact,A,,contradictory_review,f9e5d290d52f977dc69585cf4a131263bd9a28f91c15d7a929162dbeb2649e6c
1394,I_27295_65030_right_x,exact,A,,unrecognized_review,0eb1950c69d90c800f4417a480a7d2cf446b832d1ef8728c2dea705f4f732def
1395,D_96608_278,exact,INVALID,,unrecognized_review,c977dbe785221d34114d345fdf8ff4e18bb4af66750751dbea29407f9738735f
1396,G_69658_right_1917,exact,A,,unrecognized_review,1a7134f4f507657aeb824aa05ef7d99fe4e576f6974c07feb8bae1ea364e5b28
1397,G_58398_left_1297,exact,A,,unrecognized_review,ef1703e9dd0a852d871d7a4c0050030b9a2724c6936f9545e0937c27377a83ce
1398,G_27295_right_405,exact,A,,contradictory_review,71de96a683587df01960dd5eaf6d469663c06b56a999524a06386f90da567e36
1399,G_63029_left_1552,exact,A,,contradictory_review,be3856f74b11b4fadaed8d105df6885b9d52fc987cd85dc5a68b0aee6637712b
1400,I_14493_20294_left_x,exact,B,,unrecognized_review,028d06bac523c3dcf5d405d0920098d4ba9b01efeb128ed5a1f1e9682308982b
1401,G_74850_right_2020,exact,A,A,explicit_text,85a39ab345d672ff8ca9b9c6876f3adcacf45ee7c1e2dbd2408fd338bd55e07e
1402,I_58398_65030_right_x,exact,A,,contradictory_review,c59c4127b31b00de3f32f7b681cf6898089d88c4323d01f44c4399c32c69c34a
1403,I_57145_89171_right_s,exact,A,,contradictory_review,c476d32a763c64b1a572d5c3c46c476f72ffe928826337efff400264ea0089b9
1404,I_47904_58398_left_s,exact,A,,contradictory_review,38d4be9d6ddd2c3b546d222b78b5f459cd5f990c26f1bdcc18f05f0dc8fb72aa
1405,D_44595_83,exact,A,,contradictory_review,1b3bc4ed4eff46a8ee6213f65de64459688cc6edb77bd1dd5d694bf063970b4d
1406,I_20294_96608_left_x,exact,A,,unrecognized_review,ec070ee5086a77a980a81d9184c17580e8e80dfa5c77045ffebfec0f64158f38
1407,G_44595_right_776,exact,A,,contradictory_review,a10fdedfad1b3827c137476cfe45ae7dddface9d17838e21c7fde6f46df7586e
1408,G_56583_right_935,exact,A,,unrecognized_review,23284e74e874fd2bd579319674ddff5b86bcb29090f61ad64410f3cfd8bc97bb
1409,I_47904_69658_right_x,exact,B,B,explicit_text,1ea442a134b2a184bd5d40104401f2a37fbc09ccf3f4bc9da161c6099be3691d
1410,G_69658_right_1943,exact,A,,unrecognized_review,95296a4f6cb2826c3ffb1c65b20fd0669dab5aace09d2c4b0c842e2fdba091f5
1411,G_69658_right_1933,exact,A,,contradictory_review,aab72a4843b29f1797d02dc3160aa3bd596c2323b1dd5ad162929216d9538e02
1412,D_63029_156,exact,A,,uncertainty_or_refusal_review,84bf9096cc0b789e5e1fe5b7f9b683f5584af4e3ee2c27d2d34bb9f540631750
1413,D_20294_17,exact,B,,unrecognized_review,dbc4d925c70fbb2b62ed58c7b5f208422922bf2f375a87930c65d40adecf2b66
1414,G_27295_right_402,exact,B,,unrecognized_review,d6c4c891281f02c443046f1bcfe35f6eff67e348b3138a450205c2ec7e96ae62
1415,G_57833_right_1206,exact,A,A,explicit_text,85a39ab345d672ff8ca9b9c6876f3adcacf45ee7c1e2dbd2408fd338bd55e07e
1416,D_32467_48,exact,A,A,explicit_text,85a39ab345d672ff8ca9b9c6876f3adcacf45ee7c1e2dbd2408fd338bd55e07e
1417,D_56583_105,exact,A,,contradictory_review,ec8149d7e426530a9606ca578bafde9d1f8fe3d5673d5d14a35398b052fba387
1418,G_58398_left_1290,exact,A,A,explicit_text,85a39ab345d672ff8ca9b9c6876f3adcacf45ee7c1e2dbd2408fd338bd55e07e
1419,G_57145_left_971,exact,A,,unrecognized_review,27852ffb04e83414187e63773f05732f9349febe4926638be5148c4ec5b37b64
1420,G_47904_right_825,exact,A,A,explicit_text,85a39ab345d672ff8ca9b9c6876f3adcacf45ee7c1e2dbd2408fd338bd55e07e
1421,I_57833_65052_left_s,exact,A,,contradictory_review,ef456b2aea62fc4d388a32c66163313072661b41fe29991c5a784475c8cf1ba3
1422,D_20294_12,exact,A,,contradictory_review,d3bc1d49934a29c8d4d427560dd82c307ad9ac4dc94ff2211f40c1759da83f65
1423,G_76957_left_2084,exact,B,,unrecognized_review,028d06bac523c3dcf5d405d0920098d4ba9b01efeb128ed5a1f1e9682308982b
1424,G_96608_right_2800,exact,A,A,explicit_text,85a39ab345d672ff8ca9b9c6876f3adcacf45ee7c1e2dbd2408fd338bd55e07e
1425,D_58793_147,exact,A,,unrecognized_review,699e0ac3fb0e57274febccbbe445e648f3fc0d2e46c2e527923dcb7cef9a0627
1426,G_87757_right_2430,exact,A,,contradictory_review,63403b2a721aee1b897780b48593a465bedaeb951d93791e1295c41593eae433
1427,I_74850_96608_left_s,exact,A,,contradictory_review,abc7aae8117dff3862d711228bac0649d5d1dec4446bc95ad347066b0c095210
1428,D_32467_54,exact,B,B,explicit_text,70307be4b69e7a70d88c458081673e449d4707f68a13bbecbb8ebe60afbbf9f1
1429,I_47904_57833_right_x,exact,B,B,explicit_text,70307be4b69e7a70d88c458081673e449d4707f68a13bbecbb8ebe60afbbf9f1
1430,D_20294_22,exact,A,,contradictory_review,5f637772b3841f374cc8afdf9805135e40390aeae46f337f38e3328a1fbec896
1431,I_58398_65030_right_s,exact,A,,unrecognized_review,819da2be5ae954de0a9b5de624fed7593c477f410ec6937c36977497f36849c6
1432,I_58398_87757_right_s,exact,A,,contradictory_review,614753c48e510ecf00472cb473b86fdcdc7a1b4d5fa6b10ef68b93e8376e8a8a
1433,I_58793_87757_right_s,exact,A,,contradictory_review,da2f79dccb5835e49521c3bd60be29a6de8688072ec4797f7c3db01e92263bd7
1434,G_58398_left_1272,exact,A,,contradictory_review,f12dcd70c4ef8de36ea736b9d0295db2f85327651df41bf7e38ca623bc46d3ff
1435,I_65030_96608_right_x,exact,B,B,explicit_text,70307be4b69e7a70d88c458081673e449d4707f68a13bbecbb8ebe60afbbf9f1
1436,D_74850_214,exact,A,A,explicit_text,85a39ab345d672ff8ca9b9c6876f3adcacf45ee7c1e2dbd2408fd338bd55e07e
1437,G_20294_left_198,exact,A,,uncertainty_or_refusal_review,37f3c5440ad8601ee2ce977e1837114347b1b320c953225acd17266e41befe37
1438,D_65052_186,exact,A,,contradictory_review,1063884ffcb6c0a3c1a257eb149b15be30b01fd617bbe6e57af25586c649a131
1439,G_56583_right_900,exact,A,,contradictory_review,523d2a35efb40d4d7202f9e05a74672b908559cdee60d6991840a58ffc2d1c5c
1440,G_57145_right_1060,exact,A,,contradictory_review,bd63cf24d91f710d57c9918b986b7019ff99cb6dc04fda5610f6b3d93ee8985b
1441,D_96608_285,exact,A,,contradictory_review,596eac6a91f89b23406bfa9060fcbf8fe8a6b9b404046a32c4e4c81826d384c3
1442,I_14493_99775_left_s,exact,A,,unrecognized_review,5866d670f1867c8badb6435b73ccf774f74fee4a6dadf7bfc7d5449d6c950d8b
1443,D_96608_282,exact,A,,unrecognized_review,fe52c241158856568078e06c7afe9967dc1466a2877e4a19534cb0e1e4cb5264
1444,I_83742_99775_right_x,exact,A,,contradictory_review,0e36d4c03d019bb938bfe51af3447ffe79b1256a2a9cf598020933e6725c9747
1445,G_89171_right_2552,exact,A,,contradictory_review,8f1e64a966cea8fe37f9676aa91dbe2a0fd71b2936b2515263c0789dd585d661
1446,G_69658_left_1893,exact,B,,unrecognized_review,65d49e331f8817c6f4bff77978ae82421db7dd9a663839760a7efcec2a9ef8f8
1447,I_14493_74850_right_x,exact,B,,unrecognized_review,ff24d45d63b49b75032c5e865a45726279ec34b64b38cb3c6052ab2639086b08
1448,G_56583_right_933,exact,A,,contradictory_review,1b6f8e738adfccbcf5259cbda7f97429d6a9f851861a0729134756b47fa5899f
1449,D_32467_58,exact,A,,contradictory_review,13ac4ca77d54db62bb507aed41c46a4280a788f08f3894dd7052b774301fa166
1450,G_99775_left_2846,exact,A,,contradictory_review,b8c55f7b505218e5e9351d4b10dab31f26cd65f326c6d036d207a4b24d388790
1451,I_47904_87757_right_x,exact,A,,unrecognized_review,3549fdf07c80ceb5f36f0ab2f4c4241d2b9243787527b8490ed451646926f49e
1452,G_99775_right_2918,exact,A,,unrecognized_review,ea12932d44a9961d3af08649344b54b4d3643afb236ddfe863949a0e6052732b
1453,G_76957_left_2117,exact,A,,unrecognized_review,d7a8a077f29104effdfa1b827a28091b31a9ed8265533cf41c213173452fea58
1454,I_65030_89171_left_s,exact,A,,contradictory_review,803f1fb7b2fae359d6a20ec8deefa0a47571ebc18939d79f1b9949fcad6a9a4a
1455,D_65030_168,exact,A,,contradictory_review,4195e88d8e363c62091914cba170d43c26112dd82ca65ffee576732d9b570d86
1456,G_32467_right_533,exact,A,,contradictory_review,60d1d0a6352b2fc4341fc08ff1cd2c99b17cb97a7352776db3ceb5e1c8f31e2b
1457,G_14493_left_36,exact,A,,uncertainty_or_refusal_review,6815626560a0b827e585808db4ffae4d38a991507b24094714f9df1221becd57
1458,G_27295_right_370,exact,A,,unrecognized_review,83ab9dc40ea61e4e158b662b8dd5b22be0db6faa6a8163bb6596ba0e8ad9a34a
1459,G_65052_right_1809,exact,B,B,explicit_text,1ea442a134b2a184bd5d40104401f2a37fbc09ccf3f4bc9da161c6099be3691d
1460,G_32467_left_427,exact,A,,contradictory_review,9acac95e013a8366241af409aa56ad80b536fa749fc342ccfc34fa37f065a02f
1461,I_93812_96608_right_s,exact,A,,contradictory_review,6a4b35e0f2256042b6757ee2a4e251a038cfe4d0466904fc9814dd1e95d151ee
1462,G_89171_left_2518,exact,A,,unrecognized_review,d8401b79a15e8fbcea48e0d997ee8b0096592fe502f8a2f44f129742fe1e8a4f
1463,I_43210_69658_left_s,exact,B,B,explicit_text,aed53647f8e7faae259182604b78104d4031fa6e48cacc54ece185cedba39b17
1464,D_93812_273,exact,B,,unrecognized_review,2a97ef184aa3e2c26af54aa5aa9d65064605acdf13d1ab13109758be148abb93
1465,I_47904_87757_right_s,exact,A,A,explicit_text,85a39ab345d672ff8ca9b9c6876f3adcacf45ee7c1e2dbd2408fd338bd55e07e
1466,G_99775_left_2843,exact,B,,unrecognized_review,ce66c6da6e0ba6fd9192ea4138dac842b4cdce93be5550a68c69c17ac5db8fd7
1467,I_14493_32467_left_s,exact,A,,contradictory_review,69e086811dd257e7f82fc3dd01a43d836cc1b4f8bf99d59d760ad3d5db0340b5
1468,G_96608_left_2718,exact,A,,contradictory_review,fe83541d8c2ab4cc6d0517a9bb378bdee5652d89fc6adcf2651171612dfaaf65
1469,G_57145_right_1051,exact,A,,contradictory_review,6605cd90724e1c6f7a07fea576848fafaa2e06c34c3b3342de50f78b116b05df
1470,I_74850_87757_right_s,exact,B,B,explicit_text,1ea442a134b2a184bd5d40104401f2a37fbc09ccf3f4bc9da161c6099be3691d
1471,G_32467_right_526,exact,A,,uncertainty_or_refusal_review,db22950403de54626e5f672b331ee34025f0036705ac9d46f739f2af95b66656
1472,D_58398_134,exact,A,,contradictory_review,1b6f8e738adfccbcf5259cbda7f97429d6a9f851861a0729134756b47fa5899f
1473,I_27295_74850_left_x,exact,A,,contradictory_review,46ebeb03c9f77c6e61d5f2c40c3072083010fa6f005f4deb8dadec49a1f1e40b
1474,I_65030_76957_right_x,exact,A,,contradictory_review,10ce74eabf84b974b4c0acf9c78f80a8c715475d582eb557a32cef9b64e8c9d5
1475,G_43210_left_598,exact,B,B,explicit_text,b1c9eb7c37e675fc517b6505924533cdce16186b5f0e203bf8eff78af200a1f9
1476,I_20294_87757_right_x,exact,B,,unrecognized_review,208d0993531a5dd83abffd0f94a6ca720fb77b931c28cf22c029fc9e54f53949
1477,I_14493_89171_left_x,exact,A,,contradictory_review,8077796c2e9dc5aad56c3f75ad30e5163dee40be99cccfbc4683a54f3d58c2c4
1478,I_74850_99775_left_s,exact,B,B,explicit_text,70307be4b69e7a70d88c458081673e449d4707f68a13bbecbb8ebe60afbbf9f1
1479,G_83742_left_2236,exact,B,B,explicit_text,70307be4b69e7a70d88c458081673e449d4707f68a13bbecbb8ebe60afbbf9f1
1480,G_87757_left_2395,exact,A,,contradictory_review,e3ebc747d5b6be9bb82493f5f75f665e6176d902b6dfe87d53eb487fdf8a702b
1481,D_57145_113,exact,A,,unrecognized_review,f91dd3239b2761639ad3f916d4dfc463943072d68e16666e7839ea8371a60959
1482,D_87757_249,exact,B,,contradictory_review,4b9eeba935ee36044409ac8388103b85cf007afc83f0585c8b8ae5483ef5b775
1483,I_65052_74850_right_s,exact,A,A,explicit_text,85a39ab345d672ff8ca9b9c6876f3adcacf45ee7c1e2dbd2408fd338bd55e07e
1484,I_24101_32467_right_x,exact,A,,contradictory_review,f090899453811a505a3eb07403c058a00b95f522a3f4d36157c1d367f0a8cf65
