source_record,pair_id,id_status,stored,derived,parse_status,raw_sha256
1,D_43210_63,exact,,,no_numeric_score,56eaedcb32587b20f1acd791b9ffd2f05278f62ea3d82948e6d4c4cb162f8edb
2,G_58398_left_1287,exact,,,no_numeric_score,274bdac9c5dbb21e6cc137a7cdbbbc11c3fecb1d4788a0a5f8f86a26a1047439
3,G_56583_left_842,exact,,,numeric_prose_review,832d30c9ebc4494000ae962a689e637e658999a7f01e80a2ddf7f2199cadb06a
4,I_14493_83742_left_s,exact,20,,numeric_prose_review,9548e020e239e07a9d7983efeb7e702c89c148559159d235e74cd8c0e42438dd
5,I_57145_65052_left_x,exact,,,no_numeric_score,f53177e257cf963c0222b8caf9fa70dfb6ce2d5dd732b6a3d5a1deba1833a326
6,I_56583_93812_left_s,exact,,,no_numeric_score,ef7b002b8832943b3c6fa665aaa54f58b82344a49278623908d76630621d4c97
7,I_24101_57145_left_s,exact,,,no_numeric_score,269f4031d834d5690c3ea7649d14e7b76de103604141b05b7020e0b22526f0b3
8,G_83742_left_2229,exact,70,,numeric_prose_review,b46ccce0408f4673155842a5a3ce739129608275cbad3e0e12b8a24cbada135c
9,G_57833_left_1183,exact,,,no_numeric_score,c2ed45504b670b6ca897c7adefc27a4b29d4cc670dc37bb576d7a9e5b8ce43b3
10,G_69658_left_1866,exact,2,,numeric_prose_review,f16d0157c299048288c20a70fc4f6eb943f59dcb7c606196a7c753841dc806bf
11,I_24101_57145_left_x,exact,70,,numeric_prose_review,4fe50a93a70ce1305a09578fc22db8a08293c7caf1b0cdfe78ce1310728cf94b
12,G_24101_right_301,exact,20,,numeric_prose_review,fb3137f9a78cd2296e74618a79f726d118c0641cda8b77961c2615342b298180
13,D_56583_99,exact,20,,numeric_prose_review,f881159bc45f044eb4feb78102be88e93702b786fd1533e8cfd9244b994db9cf
14,G_63029_left_1482,exact,,,uncertainty_or_refusal_review,b058c5483bdada4490e7488a95383b839458112922b83a5133e2a4d11bf48aac
15,I_24101_87757_right_x,exact,,,no_numeric_score,e83098beb0d25efd3b30e88289a766f60d8e2e7c2617f352c6faea425d2bb798
16,G_89171_left_2506,exact,2,,numeric_prose_review,8669bb93074cef9327605cbed263c3781dfb1a3a1c526b97984e1c5805257cbd
17,G_43210_left_580,exact,,,no_numeric_score,58b261f15f85c873d0d35f6fec75c42357edae08199e6e1090d499d1bdaa7a74
18,I_44595_47904_left_s,exact,,,no_numeric_score,ad2847096178384efe534a6d0a03aab928d31c75f53bac04142fc8cd4b874d26
19,G_44595_left_742,exact,20,,numeric_prose_review,b39d6fa94d7c503e2398424e2b6b17d925c5f684299d516fd1ddbb9249be9a99
20,I_89171_96608_right_s,exact,,,no_numeric_score,53e7922d18828844f68c4ee9c781e983f7e5658f2e6567ead36d27f76701666f
21,G_65030_left_1658,exact,70,,uncertainty_or_refusal_review,179b2d3753f25c78362cf8fb936bf7575d3d4846aaeef5a4be1782d68b02f132
22,I_65030_65052_left_x,exact,,,uncertainty_or_refusal_review,a1d10ea3df5db7c6995955b663335c05456f686b18aa73e3ede0251a919e9d7c
23,I_20294_47904_right_x,exact,70,,numeric_prose_review,418fc2949516dfff041a0ecdad1f12900ae476dd27c2fe82e6bc68de5f6dc638
24,G_20294_right_224,exact,70,,numeric_prose_review,aa238989f907f871bbfee8ffe6f1f30b9231e33bf26187022d43878fb2c843ec
25,I_47904_58793_left_s,exact,2,,numeric_prose_review,9073ef29dd9387167b2469339e79fd448342bc84d9efbcd07a92666de788e1b0
26,D_44595_73,exact,,,no_numeric_score,b564df90162c8f8fde09e020d00315255097b07867c51e7eac8bdbf51987a088
27,I_56583_96608_right_x,exact,,,no_numeric_score,6dc56c570809c347a1ff828bafbec2ec5c1e66474fa1cb4b9eeb4a79b8c5c9ec
28,D_14493_8,exact,2,,numeric_prose_review,670ba2bc9107ee8eec2fb206a0c583ef4d334aeb2e3f1aa96905b6725eeabcdd
29,D_47904_92,exact,,,no_numeric_score,97873dee88f2660d38931aec1ca7f6bfb94969c6caf7cd1ecadeee99838aa7fb
30,I_32467_43210_right_s,exact,20,,numeric_prose_review,d49c505a130d8958d337d812468f41940ddeb65da421e7f58ead8777bbbad642
31,G_74850_right_2037,exact,,,no_numeric_score,99b28db806ff490c1a8a0fa7933ab5692fc26bbd63686a46c71f0ec4be04e59d
32,I_32467_65030_right_x,exact,2,2.0,explicit_score,6bc54f13bea593dc5e1c8e6b16249e669d1ce99cbeac65f2a10f36e1d86f1fd4
33,G_20294_left_134,exact,,,no_numeric_score,cbbb9dd82b26053ea2548902d49a3fc042b8edd6db43d2a01a3dc02162606430
34,G_47904_right_832,exact,,,no_numeric_score,42d8530e1fd99aa65c9acdf9ce9dd168f284132be806d8571636883e01098cf2
35,I_57145_89171_right_x,exact,2,,numeric_prose_review,0fa3a8c293ec8c9332d1074ab733ca99d19c2c26c9028b57e90b1c8b43f5842f
36,G_76957_left_2098,exact,70,,numeric_prose_review,8d5013a9b9eaebd34bf5c3ed7f791d85c5085127595f98c1a3cb86c4f9db9c82
37,I_14493_20294_right_x,exact,,,no_numeric_score,bd7bedcc5d3e623e5d41bda9a27480789fd1932c8156d3d7c3b3dcad965b5a04
38,D_76957_225,exact,,,no_numeric_score,51c58dd98cf9ac9e3644a094fcea36c7705aec5ff581dec0d43b3a6348766df2
39,G_76957_left_2119,exact,,,no_numeric_score,baa9c305a5bc9e22afd5a5c5e54f7801d353d9683e9e5309e9769d8409446c45
40,D_69658_194,exact,,,no_numeric_score,bbac539f097fb3d395a5f87a3d88794cd82f5fc53e4c4c5822371100d6a76a78
41,G_32467_right_505,exact,20,,numeric_prose_review,99f572b28c0bfa3492d50edea1a8ccf3b23a0bc94d2e6984a5761d4342c912b3
42,I_47904_58793_right_s,exact,,,no_numeric_score,d056a48e11ab59aa505e2cbfa3bf9b9e8b7f1ffea575ceafe71e4ff1163118dc
43,G_74850_right_2026,exact,,,uncertainty_or_refusal_review,6b93ade10554d1a8a040bf02835f5d8575b8abf062a0877237c4562568db34b0
44,D_89171_262,exact,70,,numeric_prose_review,f22b3b3d6a4b6899ef4a8910fcbc06f155dfff2305fca8602123b9da6a763e5d
45,I_57833_89171_left_x,exact,,,no_numeric_score,488b5b481657a3623403d3b19c180783d6ce028fd550a5607ba3c8dc105fa793
46,I_74850_83742_left_s,exact,70,,numeric_prose_review,cc460cc3e4d89d4e88f26244f89b364bcff6dd01680c630fef4afad492c687df
47,I_57833_69658_right_x,exact,,,no_numeric_score,53823ff7f922914200d5684af247a1d77d6ef7eeb5d2d7e1551c67858ca72638
48,G_74850_left_1998,exact,20,,numeric_prose_review,bc8858fcce36122ff5a24d8399778531cebb2c6808ec719773bc47b47db37444
49,D_83742_228,exact,,,no_numeric_score,4d34db4b9ea8ccfd29d4edbed3f4007ac4f7d8c967ddea7cb51e25666c67571c
50,I_43210_56583_left_x,exact,,,no_numeric_score,eecadb557f6f087b099970bbd7e640bc6fe3797817d344e9adebeb8b273ae202
51,G_43210_right_633,exact,,,no_numeric_score,5458f7ced513f3181b4b78e32ffdfb227a80afe95a2cfa6dae278711b6927b4c
52,I_58793_65030_left_s,exact,20,,numeric_prose_review,dc934fe30a942bca07b4c288b4b3e48aa79a717d6db2b586553cd2416dc8b9b8
53,I_57145_76957_left_s,exact,,,uncertainty_or_refusal_review,8fb6c37b5bc2809684368fb98c60e96c25d82fb9db37ce78eb3b92904a4c9089
54,I_14493_65030_left_x,exact,,,no_numeric_score,0c6df32c5b57396d3269d32b7ad7bf262ac11a49232a7b48b5b9f416e4f51e30
55,G_65030_right_1681,exact,20,,numeric_prose_review,f9024f1008b28c5439622ae0306ed1dafa596c4df98854e2b5d39c806681df55
56,D_58398_142,exact,,,no_numeric_score,9462067d624e9c25129fcf7f8c5f48eef8b665c587e214a9b8550f0d67c6bf53
57,G_57833_right_1228,exact,,,no_numeric_score,1f12de1de95dc8865a956550c97c48527750a4cc8c7a46dec31561d6dd5f979b
58,I_43210_74850_left_s,exact,,,no_numeric_score,da6e7fd3cf6b5bef5ad7e514a78cf4a9818150058bc33b3170377250fb5adeb0
59,D_14493_9,exact,,,no_numeric_score,2a2c07263c289d6a32489d98342f289c763c8d1cf95d875986645d8f65e0c3bf
60,I_43210_83742_right_s,exact,70,,numeric_prose_review,af0a163978e0610e1b9ae50c008b3c838567d08babab7e05c58ff1d3a7d18e95
61,G_96608_left_2728,exact,,,uncertainty_or_refusal_review,56f1a8e44241802f179fffe6299610fd80c0ea2398860b1edf4f0cd7f77baf86
62,I_57833_96608_left_x,exact,,,numeric_prose_review,11f4ebb943f57d985599a895efd67b346d0747d535979a8433ef17a30961fb52
63,I_47904_63029_right_x,exact,2,2.0,explicit_score,6bc54f13bea593dc5e1c8e6b16249e669d1ce99cbeac65f2a10f36e1d86f1fd4
64,I_65052_93812_right_x,exact,2,2.0,explicit_score,6bc54f13bea593dc5e1c8e6b16249e669d1ce99cbeac65f2a10f36e1d86f1fd4
65,I_44595_99775_left_s,exact,,,no_numeric_score,4bed05269ce356b765648c51a092c15ab2b7b7f626684c6f4b467d21d9efaeb1
66,I_24101_32467_left_x,exact,20,,numeric_prose_review,cb72ea31b5932380c7c9921e77727d24ce997dc9cf69255cb6b11cda213e8008
67,G_27295_right_407,exact,70,,numeric_prose_review,af0a163978e0610e1b9ae50c008b3c838567d08babab7e05c58ff1d3a7d18e95
68,I_65052_83742_left_x,exact,,,no_numeric_score,470c2828913614bb761b7f022a68ca529030462c67d3397497e7c0a1a6f07c82
69,I_58398_76957_left_x,exact,,,no_numeric_score,4a2df10e4a90ab78d7767cec3073e0cd47cef04c4f29b43f9cd4a2b780b0abf0
70,G_76957_left_2097,exact,,,empty,e3b0c44298fc1c149afbf4c8996fb92427ae41e4649b934ca495991b7852b855
71,I_58793_65052_left_s,exact,2,,numeric_prose_review,c1b4d4b12af550bccbb1de3a3202fce4f3edf561e1028e2607a38ceedbb56451
72,G_27295_left_311,exact,,,no_numeric_score,93f5ca961845edaa37dbd4da15903002d40acadddab89786daf56870e535fdb2
73,I_14493_57145_right_x,exact,,,no_numeric_score,cd1320f51484cdddba0284cba6485292734d8adc6a3d042e05d8d4823d56705a
74,G_87757_right_2459,exact,,,no_numeric_score,cc35bf64fceb1d07826023c976df73a00d14aa769a54c5be4b696f509202c7f9
75,D_93812_272,exact,,,empty,e3b0c44298fc1c149afbf4c8996fb92427ae41e4649b934ca495991b7852b855
76,G_63029_left_1497,exact,,,no_numeric_score,9b15e9c4973faa69e9e9dcbe4cfa90e28f530527d3ef1da3c91a1c75ece7b78f
77,G_69658_right_1931,exact,,,no_numeric_score,aa14a7a3ce54b326928ad73b32c2f9ce0eddbc121d32cb5ec302b12e512db230
78,I_87757_99775_left_s,exact,20,,numeric_prose_review,dc934fe30a942bca07b4c288b4b3e48aa79a717d6db2b586553cd2416dc8b9b8
79,I_93812_99775_right_s,exact,7,,numeric_prose_review,39d077facd865ed6a6f622ed408b36a12a8916fbb6b723e0b04a5695bdaf72cb
80,I_43210_47904_right_x,exact,,,no_numeric_score,2204b4b04008056054cfa11e48d2f477624239824b1b5aec26ed8e43f00a43d9
81,G_58398_left_1293,exact,,,no_numeric_score,b6b8937b2930c41e4bd9b9f4bce3bdc30e67a718126a24cb70bc69309128d3bf
82,I_14493_57145_left_x,exact,,,no_numeric_score,2f8140d7eff2a787a3c428047ec1d2f97a84022707e4381a86c5a006f3e74d4e
83,G_57145_right_1072,exact,20,,numeric_prose_review,9046e5fd8b28df4b393058c0874de25e65e838fa450ecdc6cdc891556b0b6175
84,I_63029_96608_right_s,exact,20,,numeric_prose_review,6f75d7a0f2c53f79322e3db34cc8fe88809d1a146035c780851fe756165375cd
85,I_58398_69658_left_x,exact,,,no_numeric_score,a5592455d7bf4e0cee251341802eb36b4cdcc9c3a91a9390b306559a1bf5ddbd
86,G_57145_right_1080,exact,20,,numeric_prose_review,88f887ad47cb6d5ae9c4f15e22b49fc6f6180178ed0e8def31e9087763b9aa42
87,I_58793_65030_left_x,exact,2,,numeric_prose_review,da905b10dda76cbac3beb2109bb95ac9c87c448f8141befb3e9038d121ce8eb6
88,I_57833_89171_right_x,exact,7,7.0,explicit_score,a50aa8b9a9806899e1d67d0d09c1ce40221cb0dffc52483e8e6da18ff1753a38
89,I_14493_32467_left_x,exact,2,,numeric_prose_review,639b9529da0a76d4deecd3af9ef9638d1bd9bd4c58e5bfd61ac2c7ba36904d8a
90,I_44595_58398_left_s,exact,,,no_numeric_score,85a39ab345d672ff8ca9b9c6876f3adcacf45ee7c1e2dbd2408fd338bd55e07e
91,G_14493_left_18,exact,20,,numeric_prose_review,dc934fe30a942bca07b4c288b4b3e48aa79a717d6db2b586553cd2416dc8b9b8
92,G_99775_right_2898,exact,,,no_numeric_score,f53177e257cf963c0222b8caf9fa70dfb6ce2d5dd732b6a3d5a1deba1833a326
93,I_27295_58398_right_x,exact,2,,numeric_prose_review,47aa97ef112e6c7ed486e35b37fea6a77aefcfa3bb9c365d71f396f067b8e2db
94,I_32467_57145_right_x,exact,20,,numeric_prose_review,ffa0eaeae1e3af3a2a1f52b204e9dc5783133aecc36f4e53841ad4fae1810d01
95,G_20294_right_240,exact,,,no_numeric_score,4891bce5560657ed4854bd5701fa755f137f7e2c14f831552d1698f40297c243
96,I_27295_93812_right_x,exact,,,no_numeric_score,f3f9d47276e3d36bdab89c911ada473f57acc4f82253a2e2a761cd505cd19f6f
97,D_69658_195,exact,70,,numeric_prose_review,7802acde8e6dc57aedcd2ed4d71bfb347c0343a186009bde72988b9d139fc146
98,I_14493_89171_right_s,exact,,,no_numeric_score,4a63aa1a4d392e69847a48478f034723d8613955bc8ccefc609c0c7f29461df4
99,D_69658_199,exact,,,no_numeric_score,7e91dc028fa871da12a7d5fe7748aacbcf4b29f6cd951c4d488ac5b26473b889
100,I_47904_58398_left_x,exact,20,,numeric_prose_review,d4e7fddf29c7aa3706a938ef43bcfb93d9211f8f007874c2490966def330d8e5
101,I_65052_69658_left_x,exact,,,no_numeric_score,42a03ad12907875771f2831ca169108fceeada6a98e390bb128a25ec6b6b018f
102,D_58398_133,exact,,,no_numeric_score,40b02d764f8cd22170bdb4967b6c55c7f21aa62fbd27eae1776c752af9f624a5
103,I_14493_24101_right_s,exact,,,no_numeric_score,61833d42fed822a231387b7d849e3fac1939ff71fe621f6f253a8dbe0a86728c
104,G_56583_left_888,exact,,,no_numeric_score,eeb6b2fff370df1d129bf58c4593fc0bacfc8a0ae0da84f196bf5bfdb75b28a6
105,I_83742_87757_left_x,exact,2,2.0,explicit_score,6bc54f13bea593dc5e1c8e6b16249e669d1ce99cbeac65f2a10f36e1d86f1fd4
106,D_47904_90,exact,70,,numeric_prose_review,07aac064bd898fbf4c614e05ce4ed5e8465f836f7daf30d27d8f337fb4e9b36d
107,I_69658_76957_left_s,exact,,,no_numeric_score,85a39ab345d672ff8ca9b9c6876f3adcacf45ee7c1e2dbd2408fd338bd55e07e
108,G_24101_left_296,exact,,,no_numeric_score,cdb4ee2aea69cc6a83331bbe96dc2caa9a299d21329efb0336fc02a82e1839a8
109,I_20294_32467_right_x,exact,,,no_numeric_score,e83098beb0d25efd3b30e88289a766f60d8e2e7c2617f352c6faea425d2bb798
110,D_63029_160,exact,20,,numeric_prose_review,8c03f040d737d7a5abb2f175820a12994450eb239379d4961a7bb069a75986d2
111,I_57145_57833_left_x,exact,,,no_numeric_score,fa6a079a4e6aa5d31987793278bdffa36d1e57e7af1403d6ab5f4de1b9ea62ad
112,G_96608_left_2701,exact,,,uncertainty_or_refusal_review,8fb6c37b5bc2809684368fb98c60e96c25d82fb9db37ce78eb3b92904a4c9089
113,I_14493_32467_right_s,exact,20,,numeric_prose_review,33bf775d86e1c211312df4e20d72c9a4b984436df98ed8208737ea8afed8e52f
114,G_69658_right_1939,exact,,,empty,e3b0c44298fc1c149afbf4c8996fb92427ae41e4649b934ca495991b7852b855
115,I_58793_63029_right_s,exact,,,no_numeric_score,4c5bcdd7142867d46f7205d5b14564bb2a71423545d7cf7918955673c745bacb
116,I_44595_96608_right_x,exact,70,,numeric_prose_review,f6eb2120b9fcf9fd187a08a24d724314f3cc77d8467f64893c32c122f00666bf
117,I_44595_87757_left_s,exact,70,,numeric_prose_review,f5bf20d8662039641120797019412abf9b0007acb6c5557eabaed224ca4244a8
118,D_87757_240,exact,2,,numeric_prose_review,af175ea38a786ce11e1a53a452d9670c9f14b9108eb910e89e73a54cf2315efa
119,G_20294_left_195,exact,,,empty,e3b0c44298fc1c149afbf4c8996fb92427ae41e4649b934ca495991b7852b855
120,G_27295_left_309,exact,,,no_numeric_score,ea8f07488eb59ab8f11a8e57ab78f65ae85dfe3a88c544fd12743e8da2c96055
121,D_24101_32,exact,20,,numeric_prose_review,5a2cbc49691685bf1424820538f39807bbef619e8764f4d44dbba4de00284b0f
122,G_76957_right_2160,exact,70,,numeric_prose_review,2e735e4bb94ecf09afa348b8d83cedd878cfd2bf9e5374335bf51ade6d0fb8c8
123,G_14493_left_57,exact,2,,numeric_prose_review,8c58b4d14c0099e8e45aebb260ffa6bbea1463779f6ca8d597c8acbb92320553
124,I_43210_56583_right_x,exact,70,,numeric_prose_review,af0a163978e0610e1b9ae50c008b3c838567d08babab7e05c58ff1d3a7d18e95
125,I_65052_76957_right_s,exact,70,,numeric_prose_review,065fb884a8ed7dbb8631468c6140823bd4faf29fb8ed7c6a3131710bd83c2a74
126,I_57833_58398_left_x,exact,,,no_numeric_score,64edf51dbab8cba15ccf28a6fe950258df7e0f901e8bd417c0449f42570764fb
127,G_83742_left_2253,exact,,,no_numeric_score,de1b8de8d57a8ed3907387f4059e726daf5888cf9be7dea548726d1bfbc876ee
128,D_20294_20,exact,,,empty,e3b0c44298fc1c149afbf4c8996fb92427ae41e4649b934ca495991b7852b855
129,I_89171_99775_right_x,exact,2,,numeric_prose_review,a96ce86c6392a21c9ba1edbc374d3531e5b02b150dd8066eda35c2a59993b9b6
130,D_89171_258,exact,2,,numeric_prose_review,02c90b855e50b4ab43c71c56656100017b82b811fd1cb49debdb81c123a47886
131,I_47904_58793_right_x,exact,2,,numeric_prose_review,bfcaa02a5036d5ae6b0394dfb1e4b6a0e16e11783db4675b8437dcaaf5b8bd54
132,I_47904_63029_left_s,exact,,,no_numeric_score,23b0e832da0cf179bc5a4eb35b00a889faafa71769f8f51219ebf581fb7fa438
133,I_63029_93812_right_x,exact,3,,numeric_prose_review,d2f2b8633249da83dd014bcd1b308598640811b5ba4d5f9edd24bd6ca26885f7
134,G_58398_right_1356,exact,,,no_numeric_score,2ddbb2c2e8c6a06d918cbce1546d8383bd6f4be6684eb231f4c524e1b51ac5bd
135,G_93812_left_2619,exact,2,,numeric_prose_review,7621c73b5bcafe27fb22ce84635d9295a6db127517158484842c1b64477561b3
136,G_57833_left_1150,exact,20,,numeric_prose_review,eac721acacd615e3af555955c4e455f6aa0757db5682a183015f7bfed6e1f278
137,G_57833_left_1152,exact,,,no_numeric_score,85a39ab345d672ff8ca9b9c6876f3adcacf45ee7c1e2dbd2408fd338bd55e07e
138,I_47904_69658_left_x,exact,20,,numeric_prose_review,dc934fe30a942bca07b4c288b4b3e48aa79a717d6db2b586553cd2416dc8b9b8
139,G_47904_right_834,exact,2,,numeric_prose_review,1298f2171ec6d54f93297be5f9e34cbed7f164bd47cb2736920c1804caaaf13c
140,G_58398_right_1352,exact,,,no_numeric_score,f9eed19edb5ded84ccf225adcb8fd47e2d099fe9a9852e8863b363648c56c5c3
141,G_14493_right_114,exact,70,,numeric_prose_review,af0a163978e0610e1b9ae50c008b3c838567d08babab7e05c58ff1d3a7d18e95
142,G_65030_right_1685,exact,2,2.0,explicit_score,6bc54f13bea593dc5e1c8e6b16249e669d1ce99cbeac65f2a10f36e1d86f1fd4
143,I_65052_96608_left_x,exact,20,,numeric_prose_review,6181913c850a955e84b014281a4d240f6f62ed573b5e98610d6d254c3302817c
144,I_43210_57833_right_x,exact,,,uncertainty_or_refusal_review,09660a14937a342134533da0a5d80ea16a81bb0ab92cf0956c21f86198f71f21
145,G_93812_left_2587,exact,70,,numeric_prose_review,d653448595b9f4c316becb44fdbb9ce60e1f8a6a10bf095de83c2e4990c28e1f
146,G_14493_right_89,exact,,,no_numeric_score,d403546153fefba93a6cb5dc5f1cca5a61cb2a972ee18e190c786f32bf21a70e
147,G_99775_right_2920,exact,,,no_numeric_score,c4f95baa5ce24508f7f609d112506d2cad0b28cd5deb5e774e2c35780558e985
148,G_87757_left_2372,exact,70,,numeric_prose_review,af0a163978e0610e1b9ae50c008b3c838567d08babab7e05c58ff1d3a7d18e95
149,I_44595_58793_left_x,exact,20,,numeric_prose_review,2bdd21f94453156004187fb06bc1c10db056f56897854f0e512897fd979515f7
150,I_20294_58398_left_s,exact,,,uncertainty_or_refusal_review,3b46cf70c240cc335e998b7be7fa4cf203360c0b54c104a227621ac125ee3f6a
151,G_65030_right_1699,exact,70,,numeric_prose_review,e676c2e202fcd62cf0fd3fe2bcee381d87d5fdf2fe1967c72bad832a09e854d7
152,G_87757_right_2442,exact,20,,numeric_prose_review,f86a0ef12d064dc8848ca286721c1eb80fdbf1b44d7b2905a41a31bf39d49e9e
153,I_93812_96608_left_s,exact,,,no_numeric_score,1610f6d2d1d6331565d868e3e7b95618950919204ef05e315cecc3414a5d0902
154,G_69658_left_1873,exact,70,,numeric_prose_review,80721fc816e4db57082a676432cc9f9bb152af6f2d6670cd0333098d893536ea
155,G_76957_left_2114,exact,0,,numeric_prose_review,c00d6910d6dcd7d480397a2cdeb16adedacab5016f5bd70382f5b2e3769b4af5
156,G_65030_right_1705,exact,,,no_numeric_score,bd657de6ac43e7488013b64a8e6589ee70c84624a55bc165ac942d800ef57b92
157,G_96608_left_2741,exact,30,,numeric_prose_review,dd8fd2b714c9dde343e0928694254bdf224a765e75bba452a5753a0bfd20a1f7
158,G_20294_left_137,exact,2,,numeric_prose_review,449c73032523245e25083a5a58575615cd4fa7e79f5701755f1afe20fe5b1517
159,I_32467_57145_left_x,exact,,,no_numeric_score,b89544daaad0177750d7da1af7820b1e153cf72bf1c88bee78d892e1901ec265
160,G_65030_left_1671,exact,,,no_numeric_score,094deb447bce7a52a1b6a4a3c55d1ccc4250fd6460918d45c08832a99c0378ab
161,G_65052_left_1738,exact,,,no_numeric_score,b7f7dfd5444965ce5fd894d9fb5297fed0ee15327fa1ba85abb8e1c64b0b74d4
162,D_76957_223,exact,70,,numeric_prose_review,af0a163978e0610e1b9ae50c008b3c838567d08babab7e05c58ff1d3a7d18e95
163,G_63029_right_1584,exact,,,no_numeric_score,03c501f44833aa70ea36395a8cfe6f812875678e280864783efabb812f221455
164,I_43210_83742_left_s,exact,70,,numeric_prose_review,e382fe1802eaa491b4cfcc931f2c067236c7d70c8de549abb033e7bae3fb6b35
165,G_27295_left_355,exact,30,,numeric_prose_review,a18b296d1a88e9e4590fde17733dcaf70fe22d969a42dfb05d1988e5a95022fb
166,G_83742_left_2224,exact,,,no_numeric_score,bab351e915757c1c2e71b2fea7eb41629f6af38cbd355a5df38c7424ebe6408c
167,I_58398_58793_left_s,exact,20,,numeric_prose_review,4be73079c3d281f17529f252b4baee51582e8bf2ae9bac62b7901a76f34ba60a
168,I_57145_63029_left_x,exact,,,no_numeric_score,69ed3ac9e24e3e47fc55d416eff193f53b03ee409f682266fca8c74eebea23c0
169,G_57833_right_1237,exact,,,uncertainty_or_refusal_review,2e1f0cbe2316fd095ff03c268f8b713c69962784ab60b7ff33d8c182632b97a2
170,I_57833_96608_left_s,exact,0,,numeric_prose_review,9a2a92013a27c240bba9428d4660e392a3861e4e35c01d6af9ede9390d38eab8
171,D_99775_293,exact,,,no_numeric_score,979e8265b91d888cb092451f65597b0c3dd0e51157dcf01023ca03e5d0e4d5a3
172,G_43210_left_600,exact,,,no_numeric_score,379a52a9d17c1b655286b2504a2709014a346007fad635fb2d8592355c50fd72
173,I_44595_74850_left_s,exact,70,,numeric_prose_review,b035a038609921988483a62202082f5a385aea87e3789b073e2f5a87b3a914f3
174,G_56583_right_894,exact,7,7.0,explicit_score,7902699be42c8a8e46fbbb4501726517e86b22c56a189f7625a6da49081b2451
175,I_43210_93812_left_x,exact,2,2.0,explicit_score,6bc54f13bea593dc5e1c8e6b16249e669d1ce99cbeac65f2a10f36e1d86f1fd4
176,G_87757_right_2434,exact,,,no_numeric_score,c6564de35ac0345db35ee4339fcd510ad8d8cac0a30e3b912cea99857672c12f
177,G_87757_left_2379,exact,7,,numeric_prose_review,428c938867752b1b2ec6551285cf3c5617547515853b7ab1827f1a5b2472c747
178,I_24101_83742_left_s,exact,2,,numeric_prose_review,1f575e0150ba425e629eed4f947d3fcf68e1d217c814c69ae37925f792134d61
179,D_63029_163,exact,7,7.0,explicit_score,a50aa8b9a9806899e1d67d0d09c1ce40221cb0dffc52483e8e6da18ff1753a38
180,I_27295_76957_left_s,exact,,,uncertainty_or_refusal_review,8fb6c37b5bc2809684368fb98c60e96c25d82fb9db37ce78eb3b92904a4c9089
181,D_58793_153,exact,,,no_numeric_score,878673ae9439c84c5fe4b2278ca43700652576f0bf8b29de5dd0897bef4de847
182,G_93812_left_2637,exact,0,,numeric_prose_review,785eb0597eecfa17a48991575192ea85f038ea2284808502ac1d25d3e31e25bc
183,D_65052_180,exact,20,,numeric_prose_review,dc82b8609766ebd4724618185a41d8702995fc0e0dcb2003b20c0fa801e5e144
184,I_24101_56583_left_s,exact,20,,numeric_prose_review,6ffc2a12b2f186c1657557628fecde123cb06481fdd0f8b5ad8589de2ea91e4d
185,G_24101_left_292,exact,,,no_numeric_score,05c8bab2b9e7860f8ccd614a57b90a094305708429558cadf51401a64adb1bbf
186,I_58793_93812_right_x,exact,2,,numeric_prose_review,90c54fe6a15edd066800c101e4f8a709b2f33b3a6baf9e7db229a50e2fea2e5b
187,I_57145_76957_left_x,exact,,,no_numeric_score,a8bd03d8860146fada2ac4aa87a36a1ad73d8b2afddecfba3ce2a82f2d122902
188,I_65052_83742_right_s,exact,2,,numeric_prose_review,673cac921a9232094a48ef412bb55ce5376097cdd93d44060ab048ccb7128fc0
189,D_20294_18,exact,70,,numeric_prose_review,4430e8fb442ad303bb27987ff0d7836fda78279c1050433d88c36f340a9e7061
190,D_58793_150,exact,,,no_numeric_score,36645b2a01fc4f1ffd9a13ce64d2891bb528b0e20c2666dcdd9b3f9044df8259
191,G_63029_left_1517,exact,0,,numeric_prose_review,ce81bce67602ce69db37a83c41f9759316f77c68f912ed19bf7323220d2052f2
192,I_65030_87757_left_x,exact,2,2.0,explicit_score,6bc54f13bea593dc5e1c8e6b16249e669d1ce99cbeac65f2a10f36e1d86f1fd4
193,I_20294_57833_left_x,exact,,,uncertainty_or_refusal_review,06787e8b3b8f25b8c4781165bb5462adf0409fcce275d2ae88b66534d914608e
194,I_65030_74850_right_x,exact,,,uncertainty_or_refusal_review,8fb6c37b5bc2809684368fb98c60e96c25d82fb9db37ce78eb3b92904a4c9089
195,D_57145_108,exact,20,,numeric_prose_review,d6c08b413a5b25007bf2f14224801d63780aacb42597a46dc2d927a1a232bea2
196,G_65030_left_1676,exact,,,empty,e3b0c44298fc1c149afbf4c8996fb92427ae41e4649b934ca495991b7852b855
197,D_93812_269,exact,,,empty,e3b0c44298fc1c149afbf4c8996fb92427ae41e4649b934ca495991b7852b855
198,I_74850_83742_right_x,exact,20,,numeric_prose_review,e3950254c605e6a524edbe89c16267aff04f31bf97992d7ca76ff20dcd6012eb
199,G_93812_left_2625,exact,70,,numeric_prose_review,af0a163978e0610e1b9ae50c008b3c838567d08babab7e05c58ff1d3a7d18e95
200,I_20294_56583_left_x,exact,,,uncertainty_or_refusal_review,8fb6c37b5bc2809684368fb98c60e96c25d82fb9db37ce78eb3b92904a4c9089
201,I_87757_89171_left_s,exact,70,,numeric_prose_review,fbf70d78d0c1a99861064419279dd4bf5396bbe65dfdffd3707cc404f554404d
202,D_56583_104,exact,2,,numeric_prose_review,adbb62067fa717efeedbb42beb639334aac59507c9fef2e4f35cfdaa414a0d2b
203,I_44595_76957_left_s,exact,70,,numeric_prose_review,87ac17c82f9a638b447f2d0b3204cc89a0871c8101ae11324066cb75081fbbb8
204,I_63029_93812_right_s,exact,20,,numeric_prose_review,658a381d564ebe5e02299a4a005013c354c0a5ecfd23fe8e217397bb61839507
205,I_47904_63029_right_s,exact,,,no_numeric_score,3d507d2ed4abf2bc1eecf789d10bd4a93dcb07d2733e9e22034a284c06f085c9
206,I_56583_87757_left_x,exact,2,2.0,explicit_score,6bc54f13bea593dc5e1c8e6b16249e669d1ce99cbeac65f2a10f36e1d86f1fd4
207,G_76957_right_2173,exact,,,no_numeric_score,ffa1a90e76d6c6de97c26d8bb67a86520ebab56c8b0bc12eff0b7f8736119a77
208,G_87757_right_2424,exact,,,no_numeric_score,0d671364e92b96346fbcfee26fa7f3aa0b43146d87cc8b2000342dc36540645f
209,D_65052_187,exact,2,2.0,explicit_score,6bc54f13bea593dc5e1c8e6b16249e669d1ce99cbeac65f2a10f36e1d86f1fd4
210,D_47904_94,exact,2,,numeric_prose_review,f16d0157c299048288c20a70fc4f6eb943f59dcb7c606196a7c753841dc806bf
211,D_87757_248,exact,2,,numeric_prose_review,d4a8a5ea317a4951a857cc0f28efcf0aad31a1cd514efd15cf6e69f2d8d98a41
212,I_27295_44595_left_x,exact,,,no_numeric_score,00a29991ffcb202c67fdb6ad346eb41753a4e68e006b7fd8767b3fcbd6e8cb2f
213,I_58398_76957_right_s,exact,,,no_numeric_score,a3de3ed412b0f63061b750c96e5965b8b83935cdfcf34420076a990be6b96c0d
214,G_99775_left_2887,exact,7,7.0,explicit_score,a50aa8b9a9806899e1d67d0d09c1ce40221cb0dffc52483e8e6da18ff1753a38
215,D_27295_47,exact,70,,numeric_prose_review,a5edbaa2da2e231426582caaee61e2d108baeaeb4ca8663b03272b44553adbb6
216,I_74850_87757_left_s,exact,70,,numeric_prose_review,af0a163978e0610e1b9ae50c008b3c838567d08babab7e05c58ff1d3a7d18e95
217,G_24101_left_297,exact,20,,numeric_prose_review,5a2cbc49691685bf1424820538f39807bbef619e8764f4d44dbba4de00284b0f
218,D_65052_185,exact,20,,numeric_prose_review,511acc68c7fe70740baa5bc14abc093f63c5657380ba327d961f815ae12cf12f
219,D_69658_198,exact,7,,numeric_prose_review,0fa057734043c96afb7d9e885cc2a92c3dadb4fbddca91e6a2be9c82fd383663
220,D_63029_162,exact,,,no_numeric_score,a8ed454fafd967827f48499091ab6781e05f4d96e4f82055b6e4b9b9b79e97ca
221,D_27295_46,exact,2,2.0,explicit_score,6bc54f13bea593dc5e1c8e6b16249e669d1ce99cbeac65f2a10f36e1d86f1fd4
222,I_56583_58793_right_x,exact,40,,numeric_prose_review,c94cd08621d22a747ab2034f7830b130f8fe5e1ba9ac4af00635db558e255ec0
223,D_63029_159,exact,2,,numeric_prose_review,38dc1140783959ddecb96d15f61acc65a8325262308a6404404f2589ccd9f919
224,G_69658_left_1887,exact,,,no_numeric_score,a3d287f29bf6a623e907d18ad74b5663c0a17e8d10cadab9481781f2d12a6085
225,I_76957_89171_right_x,exact,7,,numeric_prose_review,af82734ddce4ce988523ab8813145db8096a2be52f27b18f3ca866b08db7a0ef
226,G_83742_left_2214,exact,100,,numeric_prose_review,37482a71e3d07225b9f6a3367c227f5268608ea601e6a398de138cb58e936ccd
227,D_89171_257,exact,2,,numeric_prose_review,fe247fa25a7fd8dba0f5cf9aa91d97536d69f0388346e8ca266dda7845a87312
228,I_83742_87757_right_s,exact,2,,numeric_prose_review,2660f7cbf9e517a3b9265476855866a8d141873312d37925543141d7afd5bc11
229,D_57833_126,exact,,,uncertainty_or_refusal_review,89329bb8cf84520c977749a5d5ff242c58c1a5b5bb404a56b18523b48e59eefe
230,I_27295_89171_left_x,exact,70,,numeric_prose_review,87a6d1fe17065c0918195fab6bc795e40657ae322df2386f78104cd4b1b9d000
231,I_47904_57145_right_x,exact,,,no_numeric_score,ed406a6215f83f32211dd83cc35e0001afb0c0cd9d7d870aa3c9cc78851df6ad
232,G_27295_right_373,exact,,,no_numeric_score,69dbd7d40d8a49ef89bbf5954a2dc3aa564d6df81ee0bea0d41b550f521a5f98
233,D_57145_118,exact,3,,numeric_prose_review,a7d73860fab2084c28ea9bc848509093f059452bedd7ff7c202eb21ca6084bca
234,G_47904_right_828,exact,,,no_numeric_score,209fd19037355fc5f305beef715d77c89e7c80fc136c6377c5ee98479bdcd977
235,I_57833_76957_left_x,exact,,,no_numeric_score,0d8b17cfe70393ff4d1a9ea1686b8a8fbbb167a0dc83d94b1bed8916499e2582
236,I_57833_69658_left_s,exact,4,,numeric_prose_review,a32510c4341c2607dc992b2eebdbbf4767e7598f3a82745950519544cb172b23
237,G_63029_right_1565,exact,2,,numeric_prose_review,3342b7db5f17734b65d90e15e472a4cdc628e803a1347da132a320dbba907bd9
238,G_89171_left_2498,exact,,,no_numeric_score,77203636390f3b0b6a8f785b07af2f6b195272bc49f18edd8b8492333f3b947c
239,G_24101_left_295,exact,2,,numeric_prose_review,c6a11b00f74cdd729cf77709d81fe7ff99f9da02dc5380b9a5a50f310eafaff8
240,G_43210_left_591,exact,,,no_numeric_score,a79f48acf61aff3331fa7de8e92f1e2730de1bbe518c35bee9b3fc8e7b218c6b
241,G_56583_left_856,exact,20,,numeric_prose_review,a9151528e81b19303a291c43d74d2fa376261a6d26603594b7b30bf9986b3e36
242,I_32467_56583_left_s,exact,75,,numeric_prose_review,dc5816807c06af699fa212e0de9532cf05f6fc69e2912d1c5b62329ebba2d660
243,G_93812_left_2630,exact,70,,numeric_prose_review,71f1ce7d74dfd9ec2e3c091bc849419d424c7da255f8835211f9024a2fd22ce6
244,G_58793_right_1464,exact,,,no_numeric_score,97873dee88f2660d38931aec1ca7f6bfb94969c6caf7cd1ecadeee99838aa7fb
245,I_69658_96608_right_s,exact,70,,numeric_prose_review,995cb9c3a6fa7685736b809aac9d3d44c01046da5ba56a36a8934dd3dbce6fad
246,G_47904_left_819,exact,70,,numeric_prose_review,f537a84a9c0dc26168276d2d663302367fbc8630590e600426a5af1a26cde3b8
247,I_65030_93812_right_x,exact,2,,numeric_prose_review,c2f325400009e24eaae01e7716c0c43b457f1e67c98ff5cdc792607fe845f575
248,G_93812_right_2682,exact,,,no_numeric_score,fded8e757343d718a7e4b0fb78f8e6d7555989454d0147b8d3cddcdee92b9a44
249,G_58398_left_1300,exact,20,,numeric_prose_review,fd6b09aef2ace0527a4fb46161fe9a902bb5f191e48a8063e631ffa98d5911b4
250,G_93812_right_2669,exact,100,,numeric_prose_review,20dae86ff419ad77ce024ba84fbd004d83fa302bd0ba5e99a1c5f0d105172a8f
251,G_96608_left_2736,exact,,,no_numeric_score,dd52fd8d834a7e811dc140230d096587508b0ec687f89a8a869ea342be8e4366
252,G_20294_left_148,exact,,,no_numeric_score,df0a696e06a18b69e06a0ab48f4453dc8756487df0a6bad094c4784d810b9fc1
253,I_43210_63029_right_x,exact,7,7.0,explicit_score,a50aa8b9a9806899e1d67d0d09c1ce40221cb0dffc52483e8e6da18ff1753a38
254,G_65052_left_1761,exact,20,,numeric_prose_review,817aeafeb358e2f7730cc7f1d6ccb48f84830341c47f5f75403788ef4e3c7f4b
255,G_58398_left_1270,exact,70,,numeric_prose_review,65f1c12545b340a7ce0fab9a73d2a5639d073b95cecdc068bbcecdeb731dacd1
256,G_57145_left_982,exact,,,no_numeric_score,b9bf239899bf4a7a6854ed3983409fe19865e25f9731453c5faddb84f3800a45
257,D_74850_208,exact,70,,numeric_prose_review,26242e8ba6fe3ea906ff64ea9a0e9f9929184ae7ea0f3cc8fd25d728ea40c2ec
258,I_65052_69658_right_x,exact,7,,numeric_prose_review,409f7e443898f4c9dc1d7d763bb04a827eda08d8708da1153ccf2bbe89310d13
259,I_27295_43210_left_x,exact,,,no_numeric_score,4aa019acca9120976e30b59430d6b7b84d48c5afe6e90a5ed002a7f82bc28b76
260,D_24101_34,exact,2,,numeric_prose_review,b10f6205feae181cc6c8176b8abf64bd27b0433108f56e97bbe016085d98dc32
261,G_57833_left_1142,exact,,,no_numeric_score,7dbe34320ade222ca3f74c190fdee257126ea783952803dd2c55bfde839df9da
262,G_83742_right_2344,exact,0,,numeric_prose_review,e7f1d2e0d3e73fc2be98fe88303b907aabfd1d45e1b39863584fcbacc7f8f1bd
263,I_47904_96608_right_x,exact,70,,numeric_prose_review,af0a163978e0610e1b9ae50c008b3c838567d08babab7e05c58ff1d3a7d18e95
264,D_69658_200,exact,7,,numeric_prose_review,9f168ef3675af0f099f28e42de63d2c7a4a190fe7dc12dc3cd19fb385acd97a4
265,G_56583_left_846,exact,12,,numeric_prose_review,4ef9ed2f7a22ae3fa8cc76f94287750a8375ef8cd3b7a7f575ab91088e2c53ee
266,I_57833_83742_right_x,exact,3,3.0,explicit_score,267c23695b6e8fc29bd88b9f5d1962d3d208fa9c2fafd974614e6ab3b84fa55c
267,G_43210_right_637,exact,,,no_numeric_score,ba80c22d361fd4d2d3d8d2846c496b031cd147c0a32fdc42524f008cde3c32f3
268,I_43210_69658_right_x,exact,,,no_numeric_score,b9bf239899bf4a7a6854ed3983409fe19865e25f9731453c5faddb84f3800a45
269,I_14493_58793_right_x,exact,20,,numeric_prose_review,26c95863d57f9af3c5adad56ca30185b8e74c393cd0b1a7ed0cda105657b4d4a
270,I_44595_57833_right_x,exact,,,no_numeric_score,ae8d99702a5617204ce63a438ba5a96bd570b929d0b920b88a2defa041c250d5
271,G_24101_left_289,exact,2,,numeric_prose_review,9c59e02e7217f18d44f584063fe6d73e780563755888092c1a0d9e23b3f41f60
272,I_57145_63029_right_s,exact,,,no_numeric_score,e7c6da885c15504fdd2655a8c3fb0b96a5db6bd711f314d6bce8b0a08569c5ca
273,I_43210_58398_left_s,exact,20,,numeric_prose_review,dc934fe30a942bca07b4c288b4b3e48aa79a717d6db2b586553cd2416dc8b9b8
274,D_69658_192,exact,70,,numeric_prose_review,dfeeedc081d99fd1f40e346c0e12bd2bc53e15dba8095bc579dad6b507548a6b
275,G_63029_right_1618,exact,7,,numeric_prose_review,4da6f67130102da890dc2869cb3f30ba6dcb2392d510b769cf988fd84adf8f16
276,I_57833_76957_right_x,exact,,,no_numeric_score,f17698a4d33e375ef400f2d9efaee8eaa2a9be5e3556487f274ac344c06d5448
277,I_58398_58793_left_x,exact,,,no_numeric_score,d3d1059e48ca88ec87e978e28edde7b4772ff00e5b37430c5e47ede814176f4d
278,D_93812_275,exact,,,no_numeric_score,63ef86da349b810df320226c6425af52354d61dc34725e741a0e9e2c1ca69c82
279,I_20294_65030_right_x,exact,2,,numeric_prose_review,52fcfe36c85b9bd79b3656e22ec6d73c5590607701f9b767b6515c5928615ee6
280,I_57833_83742_left_s,exact,,,no_numeric_score,d29284c1e9bc587115fdf9e9f39efe5669700da27919ea03ac7bbdf5d48935c1
281,G_32467_right_512,exact,20,,numeric_prose_review,e0ec4f1a8a354dff6442b6f0355ae14623757f5bf5880e1299c784c9b79b718b
282,G_93812_right_2673,exact,0,0.0,explicit_score,5feceb66ffc86f38d952786c6d696c79c2dbc239dd4e91b46729d73a27fb57e9
283,I_56583_69658_right_s,exact,,,no_numeric_score,725e2417b4c66378efbde1f8a91fc371c1b08fa59b4072e285b71aba0c9fdebf
284,I_20294_69658_left_x,exact,,,no_numeric_score,d06f125f329dbab546c992d4531083165094b8f1d5dd2ceb19a0cf7ac49905f6
285,G_27295_left_338,exact,7,,numeric_prose_review,3195dbe7d520f3e0920bff1175ac905ba42ddd57c1f00b703f9d2e5adf437f9b
286,I_58793_87757_left_s,exact,2,,numeric_prose_review,918ed89c89350d63b945a061a33d7e9fb6c4c93d993bccfd632fa64c87f3c572
287,D_99775_298,exact,,,no_numeric_score,1fe915efd2ea20118406f858ff9b533f24bb06969f64511aad14e897ae96f9cf
288,I_57833_93812_right_x,exact,,,no_numeric_score,3e8e0ea4d6a30df0104e91b1efaff11507104dd1ce286a15a4b9e6a82bea0f31
289,I_58398_76957_left_s,exact,,,no_numeric_score,85a39ab345d672ff8ca9b9c6876f3adcacf45ee7c1e2dbd2408fd338bd55e07e
290,D_58398_136,exact,,,uncertainty_or_refusal_review,fdf09dd5f776d7ddb8db79a121a4e4160113d26d5fde3f51cd1f2002fbec0401
291,I_47904_57833_left_x,exact,20,,numeric_prose_review,e9ea183b434ee268d143fb29590cf5a2030213207dd960e24e2a37b47941064d
292,G_65052_right_1818,exact,4,4.0,explicit_score,4b227777d4dd1fc61c6f884f48641d02b4d121d3fd328cb08b5531fcacdabf8a
293,I_27295_83742_left_s,exact,,,no_numeric_score,6364435804fdab89604d5baafdce383ba676010ba9d54b0025dc4307d8444c2b
294,G_57833_left_1173,exact,,,no_numeric_score,4d7986b487498117fb72bb54faa8a576e3ab81225eb0fa598828b4810b0f2ae6
295,G_89171_left_2526,exact,20,,numeric_prose_review,f40c9704363d8a94b162f32b5577b80ac38a368bf94c1d3976667bf225743a5b
296,G_76957_left_2116,exact,,,no_numeric_score,eecadb557f6f087b099970bbd7e640bc6fe3797817d344e9adebeb8b273ae202
297,I_56583_93812_left_x,exact,,,no_numeric_score,54dadd8d18debeade844109d02e668dc3d3f11bd84e8e9f58fd596e60998e94a
298,I_83742_93812_left_x,exact,,,empty,e3b0c44298fc1c149afbf4c8996fb92427ae41e4649b934ca495991b7852b855
299,I_14493_47904_right_s,exact,,,uncertainty_or_refusal_review,9a2568b10b7653a9316586506ff62a32f9980fea42157ed40a8f35022e99fad8
300,G_58793_left_1380,exact,,,no_numeric_score,02b469a07369817bd0e00577144c1faf10edafbce2166fef0fd030fe853b1874
301,I_24101_27295_right_s,exact,2,,numeric_prose_review,01ae2b298f9f673be71039ee38922771a94b450625d7a646c400b7b63eb5b839
302,I_57145_57833_right_x,exact,,,no_numeric_score,88c4166362f673f46ff5fd1738bda03dc368db87565c798f7b561fab26150674
303,G_87757_right_2470,exact,34,,numeric_prose_review,b58307485c9c6ac766de56775285c6a4ebd8bbf8e2724b7672ba048bec15f45a
304,G_65030_right_1718,exact,20,,numeric_prose_review,d527f20fbf0111e9afd4d848cf4fdb93d50b7949f0462a92c9d3242997094f20
305,I_69658_87757_right_s,exact,7,,numeric_prose_review,d1ceef7daed065675d05cb61f1354a25270da03caf59e1426a429582eba44b77
306,I_65052_87757_left_s,exact,,,no_numeric_score,39062381e4572999f8b62773d2546db4bec4f3377bc3e1f04f308a326fa66fba
307,G_93812_left_2641,exact,,,no_numeric_score,440e74e382c5f8bc567c8df99407ef7bdbefdf975cb6e45ad41481b24dbb1473
308,G_24101_left_294,exact,,,no_numeric_score,3174b4473ca07550bbf7b4a8c0a3e7b2da6dc9aaa264ff0ffa221c0f66ac8b14
309,I_58793_74850_left_x,exact,2,,numeric_prose_review,637a30fce08ae4d4b506e781090674866f1eacc9418e122bd1f8dccd4c33cbb0
310,I_57833_63029_left_x,exact,,,no_numeric_score,8840665b74b27d40c48f6c62e4c747aadde63fd9ad437e77e6a1fa67d3c3831c
311,I_20294_69658_right_s,exact,,,no_numeric_score,dae239cc1ddc87ddc635fe2764eea7d5f3a6dd4070d127605594f27feb9a7b66
312,G_47904_left_820,exact,2,,numeric_prose_review,637a30fce08ae4d4b506e781090674866f1eacc9418e122bd1f8dccd4c33cbb0
313,G_14493_right_91,exact,2,,numeric_prose_review,e8e824dbcb5b2933fde4e7343f6299b514136bf92ac879f39a33207c71926a2f
314,D_76957_227,exact,,,no_numeric_score,63ad9ed4c5c014872950b35aff48d288c21fa5d814bd5648b64ccd48f706cf0a
315,I_27295_76957_left_x,exact,,,no_numeric_score,3f84c2b74281d711ed9672052184d6e5e66e32c0ad19d2caca3c12f7c79ae104
316,D_63029_164,exact,70,,numeric_prose_review,7c4956e8b49d6dcbc4e7bd883226303389de2a94c9a5877284eda21a65eaa1fb
317,I_24101_58398_right_x,exact,,,no_numeric_score,0382a7a2e977ba7d67b24f45c2816a0ad0e76d9f5249e219681765c427679e9e
318,G_24101_right_302,exact,2,2.0,explicit_score,6bc54f13bea593dc5e1c8e6b16249e669d1ce99cbeac65f2a10f36e1d86f1fd4
319,G_74850_left_2000,exact,7,,numeric_prose_review,022f98ac9d71a50c47a685a5ff46fc866adb6cea39eed74c718b36ce0d29d464
320,I_69658_99775_right_s,exact,,,no_numeric_score,a91236b2a1475dddd7f23728ad72598a67e8c1bd71e6952957b660c0c97e481f
321,D_65030_176,exact,2,2.0,explicit_score,6bc54f13bea593dc5e1c8e6b16249e669d1ce99cbeac65f2a10f36e1d86f1fd4
322,G_58793_right_1475,exact,2,2.0,explicit_score,d4735e3a265e16eee03f59718b9b5d03019c07d8b6c51f90da3a666eec13ab35
323,G_14493_left_59,exact,70,,numeric_prose_review,c83a245ad2a415ee6ebc2918397d063be9b9c6a25898991d45ed5606d756268f
324,I_27295_89171_right_s,exact,3,,numeric_prose_review,825f94696157b1b0731123e0789c9c61f59f70c6f27e51669bc8b9d6d5ea2b09
325,I_44595_65052_left_s,exact,,,uncertainty_or_refusal_review,e09d957135ef2fec4508ebb0b170796f1d7b08ac6bfaa7a7836c2d9a0c21f7a3
326,I_58398_63029_left_x,exact,,,no_numeric_score,6dc56c570809c347a1ff828bafbec2ec5c1e66474fa1cb4b9eeb4a79b8c5c9ec
327,I_43210_99775_right_x,exact,,,no_numeric_score,0574bb13e6dced8d31b2b2d84aa68b62ab4b91961fa3198170e2306e97a6e532
328,D_69658_197,exact,70,,numeric_prose_review,6a0f09556b2e63c6b1db7e81e397234dd0fe2b8c26d16ce9fad3df4192a32dac
329,I_76957_99775_right_x,exact,,,no_numeric_score,458ee96ccc20fda4f06e61c809012da701fc1609f06a0f62da44e2dcc617dcd5
330,D_96608_283,exact,20,,numeric_prose_review,213f2980e2ae37b96f8b566ed4ef635332198c56b2caf436f02c4b9d7578912b
331,G_87757_right_2451,exact,70,,numeric_prose_review,8916744ea278cfba508824f9926a5b345d0054cc41160c6d8e790a41ee95447e
332,I_20294_63029_right_x,exact,20,,numeric_prose_review,3d379111a72e5a87da94b212ab36c75e4394b26ae9695e0fa6096255a217acf4
333,D_74850_207,exact,,,no_numeric_score,2f89eaccc565d30fb31fabab8cd291facf874301e9279d8f1c51acd1d9c40101
334,I_47904_69658_left_s,exact,,,no_numeric_score,88fd991f7fe1183fcebdf1ecc4cd7d139008883dd8539c3c0d7957f6ccb72c76
335,I_32467_89171_right_x,exact,20,,numeric_prose_review,0c7817f102deb05e14d4544945b842f96435e1cc29a1635bd373be54f077f94a
336,G_65030_right_1703,exact,70,,numeric_prose_review,415cfa7aa8ed3ec209698c365aa7de839d2b08b52d0f2f23904800d104aaaa03
337,G_83742_left_2230,exact,70,,numeric_prose_review,b25f141064346d948f6d96c6a9e8ad1ab2bb35edb7ea0fee88fe11d65234d8a7
338,I_20294_76957_right_x,exact,,,no_numeric_score,d06f125f329dbab546c992d4531083165094b8f1d5dd2ceb19a0cf7ac49905f6
339,G_57833_right_1225,exact,,,no_numeric_score,3d08f2b3dd23204acc464b640ee5d2c334c841d8f914b8483cf44d3dbe060440
340,D_24101_24,exact,7,,numeric_prose_review,28ca2b78d5019d5153d5701845227497aebdf21873f3356816f6f01499145b64
341,D_58398_141,exact,2,2.0,explicit_score,6bc54f13bea593dc5e1c8e6b16249e669d1ce99cbeac65f2a10f36e1d86f1fd4
342,G_32467_left_466,exact,70,,numeric_prose_review,d71552c085fe292e952676d9dc13ed7b6fc636baaa0aba9ee1c63094223de5cf
343,I_47904_57145_left_x,exact,,,no_numeric_score,7f9401a84a2a9bab28dcc821140741619e6caee7a5692eec38213d73a28264f5
344,G_83742_right_2331,exact,,,numeric_prose_review,ab3d4d3bb983d50b1037d9a51a10413e4ac98dd3ed5fc2b649de912c87bc06f9
345,G_96608_right_2786,exact,4,,numeric_prose_review,86c1aa08b5596a1cfda653927fa4fe1939811599e946bdba5cadd55a3faccbdf
346,G_57145_right_1101,exact,,,no_numeric_score,56f701837b330a909fad8bf6ecee58e51ce098b1be46f36d750bdf14de1217a0
347,I_32467_56583_right_s,exact,20,,numeric_prose_review,a7542e83adfeb5a81c61caa9591cc71989cf49ea683618983ce9dce44a11920a
348,G_69658_right_1907,exact,7,,numeric_prose_review,276f15ddd3b7383e870ff090a3628e8c09226e242b937e3de4bf33eecc271449
349,I_20294_57145_left_s,exact,,,no_numeric_score,c30ef30567ee313b162426f8b31d3911b4148f5b6314b5ff8577a1cb0a0b3e72
350,I_58398_99775_left_x,exact,,,no_numeric_score,4d492b19f015d7e0420e9a993f99609f9cb955405fcf219a23f5242c12958c6b
351,D_65052_190,exact,,,no_numeric_score,127557f2e49327cff0eaa8da1e9d66b138cd4c9b3840734d4e2e0a54fcb6603d
352,G_63029_left_1488,exact,70,,numeric_prose_review,db9c034cdd98cba4b750c45ebea003a873109a338428ceea12e22d9c3fa2957b
353,D_43210_70,exact,,,no_numeric_score,b4aca3141382acb2b7d488dd4c66c9196f216f28a306904ef67a8cb3a18ddd32
354,I_58398_96608_left_x,exact,20,,numeric_prose_review,6e3eb27bdb6616b44a842a092db99b178664c694be6189d412f18173ecc00ca8
355,I_57145_96608_left_x,exact,70,,numeric_prose_review,922e91ebf36756bb586240696b0974ecb55e2893c048870129653ea0bf1faeba
356,I_65030_93812_left_x,exact,12,,numeric_prose_review,462429a756d0b4c0d0a9f505fc30dccea9ed1c4525cd2699ad09adfd3d25eb60
357,I_32467_44595_left_s,exact,2,,numeric_prose_review,34880f71a35486114e563fca61beb413a346a24bc56bdcf029dcca90e97983c3
358,G_32467_right_545,exact,,,no_numeric_score,49744353557c4d400f84e40cda71d338b927c69d1cfa26954513f0b3651adca9
359,G_63029_left_1542,exact,7,7.0,explicit_score,7902699be42c8a8e46fbbb4501726517e86b22c56a189f7625a6da49081b2451
360,D_24101_33,exact,,,no_numeric_score,7318fd73a32d78252d4a10e7b0dcacc5a3f3dbe3c791301c19ad0e83e20da71a
361,G_99775_right_2928,exact,2,,numeric_prose_review,1096ae9b982539659e3a7b9a7ed0c8f1d9fd0fbad82bd71ba1d5c816c88adee0
362,I_20294_87757_left_x,exact,0,,numeric_prose_review,c6014837108e5c358d463a5a83006b7cd74b7e12077f002bd6d3321efebd3856
363,G_58793_left_1383,exact,7,,numeric_prose_review,d3376e4ff674593cf2e730f9825fd8d8b5550a40ea9810061b393eaa2ee02702
364,G_43210_left_550,exact,20,,numeric_prose_review,dc934fe30a942bca07b4c288b4b3e48aa79a717d6db2b586553cd2416dc8b9b8
365,D_57145_117,exact,70,,numeric_prose_review,b5a25c041dbe231ee945eec97f3a24c818c696a9d1733a70f176df8a9ddc3628
366,I_27295_76957_right_x,exact,,,no_numeric_score,9a054023fe188d9af9e2a9fed49aac90328a7f0f44fea3b0cb1861d25c0d2e3f
367,G_57833_left_1192,exact,1,,numeric_prose_review,bc7e79df9acf69d1c8c118919dde4c01b25053908a3e9b9748e99a622d17050a
368,G_93812_right_2656,exact,2,,numeric_prose_review,4207fe98db2d2dd17fdd57ed3a60d7cc2995f7e5543395d4da12ac427f8abab3
369,I_43210_56583_left_s,exact,70,,numeric_prose_review,13d687b7348fcb9830579f67b3fb492aaec0f14d78744927d0aa23ba76a129b4
370,D_93812_268,exact,70,,numeric_prose_review,e9b66375dbe479bf6a796c269cb21c36acc0f1cb92a5d7f8dc33c20513e128ac
371,D_58793_154,exact,,,no_numeric_score,11507e203cd669363ed14dc9c48c590a096f84d409d918b8d52e6426430d4db7
372,G_65052_left_1759,exact,20,,numeric_prose_review,577ca8af862bfb3af1427364d47195998ad07ef3406a305b5cd83a9ba6b42895
373,G_76957_right_2146,exact,,,no_numeric_score,85a39ab345d672ff8ca9b9c6876f3adcacf45ee7c1e2dbd2408fd338bd55e07e
374,I_24101_43210_right_s,exact,,,no_numeric_score,c75d5233505c1ae606615c162ffa8da291d704831758f99c39c550479134a4cf
375,I_20294_27295_right_x,exact,70,,numeric_prose_review,6a399e9102045ed1509c40ce35b6fd63d7eafcc8f2cdf3eb6299671c4ae4396d
376,G_44595_right_788,exact,2,2.0,explicit_score,6bc54f13bea593dc5e1c8e6b16249e669d1ce99cbeac65f2a10f36e1d86f1fd4
377,I_57833_93812_right_s,exact,2,,numeric_prose_review,d628d9e83ef71151c24d57d37bc07cd1f63c89d6d6d5ffede0f10c3bc79a3078
378,D_47904_84,exact,70,,numeric_prose_review,2ab5ce0a335d470655b190af1dcffcf577274eab3e330ab34f3711f53fcef6e4
379,G_56583_left_852,exact,70,,numeric_prose_review,d3ddb57f7ebb9b3eb14d06c7307f382b6bcf7f8278fad6c9bc06df95b91a2512
380,I_58793_65052_right_s,exact,7,,numeric_prose_review,70c8b40947ed03977b01e66c5ef93819b32fdb927c03868f8ee90921ecea853f
381,D_47904_87,exact,20,,numeric_prose_review,9e978f39b485fa1d812aa7d9a92b74a2ec03c31b208c7541dddb76aa99c1be9e
382,D_76957_219,exact,,,uncertainty_or_refusal_review,6696a275b5946c94a0f59477c4098034d6b9b7c99bacd493fab9ed1b1c6c6872
383,I_47904_89171_right_x,exact,70,,numeric_prose_review,8dd80f1a54021c5beb0e7ef127d3259d9b8b1d225cb6849a9c93be0f22314b44
384,I_43210_58398_left_x,exact,20,,numeric_prose_review,dc934fe30a942bca07b4c288b4b3e48aa79a717d6db2b586553cd2416dc8b9b8
385,D_56583_107,exact,2,2.0,explicit_score,d4735e3a265e16eee03f59718b9b5d03019c07d8b6c51f90da3a666eec13ab35
386,G_74850_left_2008,exact,,,no_numeric_score,e83098beb0d25efd3b30e88289a766f60d8e2e7c2617f352c6faea425d2bb798
387,D_63029_167,exact,20,,numeric_prose_review,994c285fe30e25067af68cc33532bea78d2ae3a90b24ff97a0d6dbb22b22a369
388,D_96608_277,exact,,,no_numeric_score,7ac4c63663640217b76f516330e744b22fe7b99cf6f95be807f0d253b9e0c3c6
389,G_83742_right_2340,exact,20,,numeric_prose_review,2e0dd1e6cba9618ed2a33e9d8808c9a4108db86773f2a50733a8aa8baecd1ad3
390,I_56583_63029_left_x,exact,70,,numeric_prose_review,af0a163978e0610e1b9ae50c008b3c838567d08babab7e05c58ff1d3a7d18e95
391,D_96608_280,exact,,,no_numeric_score,0f560b7b74623a2633d206b5e2bffa36ee36e2289f1c152f60ae2e1d02bf3803
392,I_65052_76957_left_x,exact,,,no_numeric_score,cf8851c5350905db18159fce977c53db89b99f82a1a69de8e2e3a0063495f789
393,G_58398_right_1335,exact,,,no_numeric_score,e36ddaa8f0f744cbca802edf2833ab692045ed6d85c665ddff141a0615eed6c0
394,D_83742_239,exact,70,,numeric_prose_review,869806dc5b3f5571158d10ec089bad958dc45aad552b8a1b815d2aa0b59576e9
395,I_63029_83742_left_s,exact,20,,numeric_prose_review,98c0c15901d75862d83f637a8a0b4fd61144b43dd4cdb33f3066fad368256d00
396,I_47904_56583_right_x,exact,70,,numeric_prose_review,a77a0630bbd704d7604fac52a4ea3d7cd37f654dca5060463cc33e9f5ffbc358
397,G_57145_left_976,exact,70,,numeric_prose_review,d00b7a2d50488cd1b7bebf10b67be303a3e44a73f81249c2f39dd57ca064d1a0
398,G_76957_left_2132,exact,70,,numeric_prose_review,a5eb7592f3ee50d8591c8423f8d42789cd0a99f326af754001f5d8b60ae825a9
399,D_57145_115,exact,,,no_numeric_score,2eb1c9c1e6ff0732c5fc7b9afb055ab2a1ddec622f410284ceaccfe195d653cc
400,I_43210_76957_left_x,exact,,,no_numeric_score,c648beeb1614c89bdd3d13a5d1a114d0807ed7a8ab7b5261478a02992540fa05
401,G_14493_right_109,exact,20,,numeric_prose_review,da9b12537f948773f78a5e8022dd3daea23ca82f540c9663dad11ad863ce4197
402,I_69658_74850_left_s,exact,70,,numeric_prose_review,af0a163978e0610e1b9ae50c008b3c838567d08babab7e05c58ff1d3a7d18e95
403,D_20294_16,exact,2,2.0,explicit_score,6bc54f13bea593dc5e1c8e6b16249e669d1ce99cbeac65f2a10f36e1d86f1fd4
404,I_58793_89171_left_x,exact,20,,numeric_prose_review,4a28a7fa39162e74bf60bf7362844a9f7851e1e5cd5320c6dae97b0d0adec769
405,G_99775_left_2873,exact,,,no_numeric_score,1b169d0614d658b2ae9e40a9d55ad76bb7e3889da28757e4f0beddc0b5d09fb6
406,D_58793_155,exact,,,no_numeric_score,db32f812b468cd3294a550370dc74a37f56ba63de0d3db0b2fb767a080899911
407,I_24101_57833_right_s,exact,,,no_numeric_score,cca7e87a1299a9e70f8f43553447e97def88fa437591ff757198466667c1d986
408,D_74850_210,exact,70,,numeric_prose_review,98fdb7388cd71e5e8784bf831671f2afab4b95527b484600d0234fd595be3a34
409,I_47904_65052_right_s,exact,2,2.0,explicit_score,6bc54f13bea593dc5e1c8e6b16249e669d1ce99cbeac65f2a10f36e1d86f1fd4
410,I_65030_89171_right_s,exact,,,no_numeric_score,7fa3d287790a49aa568c1c0d660e0c07c1685ec6e3a77fa754b8ce50fea360e8
411,G_56583_right_912,exact,20,,numeric_prose_review,0fb1386aff87f42320a542b5eb025e21b42d9db33c5057f9edeffba6dedb2b83
412,I_43210_76957_right_x,exact,,,no_numeric_score,c2838adb1f2680f4f27cb5d22563ab49d141504f02b62612307f7f4f6352ea36
413,I_47904_74850_right_s,exact,40,,numeric_prose_review,b322f5a716ebd783d166094ab1fab818ca782f1c61ab0dd2bff11af2f743bde9
414,D_47904_95,exact,2,,numeric_prose_review,637a30fce08ae4d4b506e781090674866f1eacc9418e122bd1f8dccd4c33cbb0
415,G_44595_right_766,exact,70,,numeric_prose_review,ae96d5ef0944a3b88ffbb807fe713b3e4871e6da1694ef0d1f3d650f937b2bcf
416,G_43210_right_678,exact,,,no_numeric_score,be89934aa3621ea44b3acd656eb42fc2f00c84bab3be21275899840101a07c65
417,D_27295_41,exact,100,,numeric_prose_review,d60243686688c3f71b704cff497db57db64b2c54b2cd90621424a1053d030980
418,I_58398_89171_left_s,exact,,,no_numeric_score,5d2ced81e780f171d1cee8d100fca8840d5772a41f954ef2146d77b1f246d7ad
419,I_24101_83742_left_x,exact,70,,numeric_prose_review,2e04083efec8ae8501d44eb4fdb797cbeb5502b3675a94401685fb0f783911cd
420,I_57833_65052_right_s,exact,2,,numeric_prose_review,13ceab1ab3dbb673c556915e9b3c377735c2fa2c5af2573b43e4115486eba60e
421,I_58793_63029_left_x,exact,2,,numeric_prose_review,10778ad3c645f8685be756e82ae138763b4dfe3658debc592ff4027bb226eca8
422,G_57833_right_1242,exact,20,,numeric_prose_review,04bc507d20bffc3227f78396b35c864b16dd79fd2913980de1c53545543aecdc
423,D_44595_79,exact,2,2.0,explicit_score,6bc54f13bea593dc5e1c8e6b16249e669d1ce99cbeac65f2a10f36e1d86f1fd4
424,G_93812_right_2677,exact,,,no_numeric_score,a7748f17503ed15ad749fb92c265d55ee67702ffe6d55a25deb62e46b5c77cb7
425,I_44595_93812_right_x,exact,1,,numeric_prose_review,5d1194d623bb500db706cb1f6d54364fe7f7512561ae2d6eac2d5846a5a75c38
426,G_93812_right_2681,exact,3,,numeric_prose_review,d1e1d77ec17c3b55a3a1c4fd8458c91ece57671e1e49964e8549eb7d3f10e741
427,I_57145_76957_right_s,exact,20,,numeric_prose_review,fbee7ff7a30285f569884d28ea3fdcc87d7c3e11153338913d7b5c2118449bfd
428,I_43210_89171_right_x,exact,20,,numeric_prose_review,04f6b4ad458649c8c3f94b9f0eb839ffa8c2ed22abe35872a7dac4b1613c541c
429,D_74850_211,exact,70,,numeric_prose_review,af0a163978e0610e1b9ae50c008b3c838567d08babab7e05c58ff1d3a7d18e95
430,I_14493_65052_right_x,exact,20,,numeric_prose_review,aba5e92a27e0159059454312eb07f21af84bcec094e3f3045e156c12e7773634
431,G_58793_right_1458,exact,7,7.0,explicit_score,a50aa8b9a9806899e1d67d0d09c1ce40221cb0dffc52483e8e6da18ff1753a38
432,G_93812_right_2688,exact,,,empty,e3b0c44298fc1c149afbf4c8996fb92427ae41e4649b934ca495991b7852b855
433,G_56583_right_907,exact,7,,numeric_prose_review,299576e95318c6a6c8618ec10f893f942a0c9901ba141ffc02395caf2dc77fff
434,I_57145_57833_left_s,exact,2,2.0,explicit_score,6bc54f13bea593dc5e1c8e6b16249e669d1ce99cbeac65f2a10f36e1d86f1fd4
435,G_65052_right_1852,exact,1,,numeric_prose_review,f593c960f7468eb29f6a02cf51a76f07cd50e70472bc8b6b61e6c16e5d325888
436,I_57145_69658_left_x,exact,,,no_numeric_score,08df4856f451448572a943a8953088d9677b578eff6afaece4248dd34a65332c
437,G_65030_right_1694,exact,4,,numeric_prose_review,59cf78a2bf63f882609c6e2dd7e4e927f4eae5270e7ce2329e3bde4a8f4dd41e
438,D_93812_265,exact,2,2.0,explicit_score,6bc54f13bea593dc5e1c8e6b16249e669d1ce99cbeac65f2a10f36e1d86f1fd4
439,I_43210_65030_left_x,exact,70,,numeric_prose_review,b9c65aaf05c9cdc650c1dbe2413d36052fe81778b0decba9015cf7ae94e516a5
440,I_44595_89171_left_s,exact,70,,numeric_prose_review,1c5db6684b0f00eda26bba818de30b5cc41ad6ac6ecdf1902904467416c0df52
441,I_87757_93812_right_s,exact,20,,numeric_prose_review,734901cd081e76b8690f402a82765af041b56918f667063f98ed8864b980184e
442,I_44595_99775_right_x,exact,2,,numeric_prose_review,a891df07c9e24d5195838139133b63f3e0549ebabb8bc7f8b0fc7097f6f2a47d
443,G_87757_left_2398,exact,2,,numeric_prose_review,51ecb0b73fc7af7aa7816716f27d1ac5e98851c17344ef37ce230bce863c5c4e
444,I_43210_44595_right_s,exact,70,,numeric_prose_review,cb9a9f9dfcf29bf3b4fa7030c523937b2584a61325ac0c6bab07d2371fb2c4aa
445,G_57833_right_1256,exact,20,,numeric_prose_review,7675b565eea8ea9f2d734f9a06bf8413fcd1f54240e80562cf42be0117fd3748
446,I_43210_89171_left_s,exact,70,,numeric_prose_review,0f8642f6a6d9568b5a77bec6cd777b9520ca83d64db6c22f795fa3beee4fc1c1
447,G_69658_left_1884,exact,70,,numeric_prose_review,bd8f980a1860968b9bc7c9d18a85c379868f17fe181391d2216f93aa34a6c7aa
448,G_57833_left_1134,exact,2,,numeric_prose_review,0ca15def9b288abac2e39b2e257fd40e795c7de1d4f95a41ada07f77ece6351d
449,G_44595_left_695,exact,,,no_numeric_score,1a1cfa6b7681d4f09d87acc18d1074769dd8a5453f7c406e24ef5acf60bdb667
450,D_44595_75,exact,,,no_numeric_score,cc0062e838183728f3dbbaffde203b5f7c00019b2a6d0280f4b373926c75fcb2
451,D_58793_149,exact,,,empty,e3b0c44298fc1c149afbf4c8996fb92427ae41e4649b934ca495991b7852b855
452,G_65052_left_1726,exact,20,,numeric_prose_review,59a171a5310b81536e758c9e96c5bed8db4637b0cfb813200def3843e9f57194
453,I_57145_69658_right_x,exact,,,no_numeric_score,effd30af3de362ac7a4832fb0581e40f58acebffdbb019cb8adff5cc3ba12134
454,G_20294_right_261,exact,,,no_numeric_score,0a4084656d22fcf8e17d35f1b1a2ff4c96f6ab7bd8cf396ad2f94e8e3620fee6
455,I_65030_87757_right_s,exact,70,,numeric_prose_review,af0a163978e0610e1b9ae50c008b3c838567d08babab7e05c58ff1d3a7d18e95
456,I_24101_57833_right_x,exact,6,,numeric_prose_review,b701d9c3c53dc4cb47800845d11d78c77c5f1635508b0050213257d9a93c51a5
457,G_44595_left_739,exact,,,empty,e3b0c44298fc1c149afbf4c8996fb92427ae41e4649b934ca495991b7852b855
458,I_63029_99775_right_x,exact,2,,numeric_prose_review,14aba814625302fcd5b547383697b765cdf00d92beee3505b05818548c60c5e2
459,G_24101_right_305,exact,,,empty,e3b0c44298fc1c149afbf4c8996fb92427ae41e4649b934ca495991b7852b855
460,G_65052_left_1758,exact,2,,numeric_prose_review,0c2b506ee0e72d5556a0181f2e87f0aab3f7d2ad6853e7eb5bf004038c1bf0c5
461,I_56583_83742_left_s,exact,2,,numeric_prose_review,7b0e418994a270a389165521baac1420988f5489991288dba1ae2916b3af3309
462,D_58398_139,exact,2,,numeric_prose_review,3144dc861d31f6c54240c7207c0287a2c0dc5ff5f20df266c970ad93abb834f7
463,G_32467_right_538,exact,20,,numeric_prose_review,45a1fb062408594acc271403dd01620bc0c986c5bd2c2112a687fab1e37b3e1a
464,D_47904_91,exact,,,uncertainty_or_refusal_review,84e74b3ad729e84d0af70bb6d1d28429af19bb822cf15a2db5a44159494e7fce
465,G_47904_left_822,exact,,,uncertainty_or_refusal_review,b60ba9c5d41c7b970cad08d9fd6cf2b646eec67b44fd603944345d460bdb5eea
466,G_87757_left_2365,exact,2,,numeric_prose_review,b1294f629e9b639c7858b43dbff0d465c2718793c6654a2256e40d2840be27b7
467,I_14493_58398_right_s,exact,,,no_numeric_score,20662bc35aa38d0bccd707fed64a0b240a7bb88e058ce5fad5dec0b179e2314a
468,I_56583_58398_right_s,exact,,,no_numeric_score,8fa036a23c039601346761e4a9ee1a5ed2f345d37768492ec04fb662b986c5ca
469,I_24101_65030_left_s,exact,,,no_numeric_score,a042f280940ce49fe45b25af5bce40aad99964390e95c811b176e6643456efaa
470,G_56583_left_864,exact,70,,numeric_prose_review,40e2debff5f69d007d2f88cbc49a694fd1dee3de4b0e7e579d989d787d616a6e
471,I_74850_83742_right_s,exact,2,,numeric_prose_review,84026beabb8cba1a7844e1bc2c848ba818f42995a83459841ebb1fd42a198462
472,I_24101_74850_right_s,exact,70,,numeric_prose_review,853876dda28638f11e34b07fcab4cc3b039bd36207c496f392379c022c61f2e9
473,I_65030_69658_right_s,exact,,,uncertainty_or_refusal_review,8152a165595e0957171d92072e96f831e89462e5a8257d102e4df9c0c4eb2c2e
474,I_89171_99775_right_s,exact,,,no_numeric_score,f77d6c53d859f672d4e97fe82c04237594efacb9d2a7becb9a171563c647eb27
475,I_63029_99775_left_x,exact,70,,numeric_prose_review,c2dd840ff8c7e3bb27c3dcf7e08e587679ee31589bc5992792e5366f4f79660b
476,I_14493_27295_right_x,exact,,,numeric_prose_review,b175c13df364c3e81ee4f82fbe28332515d46a4c222a1df6566f661dea111364
477,I_24101_87757_left_s,exact,100,,numeric_prose_review,5b21440c05b57ed26d3cf8dbe9af26b1b315ae90842918b2acf0f21b85187630
478,D_20294_19,exact,,,no_numeric_score,6d2b2369351f4f8d4a1128601bfb61470f2342f60aa27d4e177251ff3b725a24
479,I_57833_58793_right_s,exact,,,no_numeric_score,dc089a8e76411357ccd146782526d30251ad92f1791333854f2faa7c0642562b
480,I_47904_89171_left_x,exact,20,,numeric_prose_review,50e5aac1a162d1b3b82dfc7be5af6c3f38aeb63629c62216b002066416c116aa
481,G_32467_left_455,exact,20,,numeric_prose_review,296844e2bea6502c6cd32b252290620136bd39dda34ab4a1196c0902576d6655
482,G_24101_right_303,exact,2,2.0,explicit_score,6bc54f13bea593dc5e1c8e6b16249e669d1ce99cbeac65f2a10f36e1d86f1fd4
483,D_47904_85,exact,2,,numeric_prose_review,aa7c76dcf80937266f2fc295706978d296017a5a07b5abe6b5f2ac1783729b4b
484,G_43210_right_675,exact,,,no_numeric_score,40c954e715d193a0870d33bd0fdbb414f4dde4a9916c9be01ed04f0cb3e45f76
485,I_24101_58398_right_s,exact,,,uncertainty_or_refusal_review,fce7c027dd07be068fa69ff1c97e209725b7be5b36b8e2437681737a735e78c3
486,D_83742_233,exact,,,no_numeric_score,0bd747d086a56cbb6ac37dbbca58bd814324b0e1a474d18a6a7795b0eac1032f
487,G_27295_right_398,exact,70,,numeric_prose_review,af0a163978e0610e1b9ae50c008b3c838567d08babab7e05c58ff1d3a7d18e95
488,D_20294_14,exact,20,,numeric_prose_review,dd3f71d456e18511161bdc4a4d3f42010bbe4432a2b46061fa46ae27612fc5c5
489,G_58398_right_1349,exact,70,,numeric_prose_review,692e4872e19f41d0aa385d085363f0178b5902df9d746ce889ec4a93b28c68fd
490,D_44595_81,exact,,,no_numeric_score,a06ce95825121c1d30d5bd0871652420d2968abdd2e2baae7f0995890f01c1db
491,I_57833_99775_left_s,exact,5,,numeric_prose_review,bfaf6abfb0e6511c4f7598b45389d2fc77d0391174a15a7e909a94af493e65c3
492,G_99775_right_2922,exact,2,,numeric_prose_review,d34eae9748e7b621382f5b15affda9b2adc411c45de5e052d5b4d9948d92ee35
493,D_65030_179,exact,2,,numeric_prose_review,c72ffe4f48162252feef6a9b371773638b8cd9acc1c98936879f330267d28ac5
494,G_47904_right_829,exact,,,no_numeric_score,fcf49126947bacd7c31b5d937eb7899ca944ede7be464912b2853ab91d8b318e
495,G_24101_right_306,exact,2,2.0,explicit_score,6bc54f13bea593dc5e1c8e6b16249e669d1ce99cbeac65f2a10f36e1d86f1fd4
496,I_57833_74850_left_x,exact,,,no_numeric_score,34e884523ec9fc19853704b2fd59ab0c8048925b2cb516f3db7aecdf883cbac6
497,G_76957_right_2153,exact,70,,numeric_prose_review,03b89a7156cd8d62e1bb4f698bd74a13939d95b77cf87a3e172f800c561c22ec
498,G_63029_left_1538,exact,70,,numeric_prose_review,1b7500b3cd6f5fe45864182cfabf6220ae1a8ee938d4b5d95c1a0fc6d7039cc4
499,I_32467_43210_right_x,exact,20,,numeric_prose_review,2f962652384a5be73ef1e33a799aa788a1fd44c63934de8925085c89f03a40d3
500,I_20294_65052_right_s,exact,7,,numeric_prose_review,15d6ec5a372a5acfec7e1e99e7638bc5a53c173972d01e9cdb65d7c268df906a
501,I_44595_58793_right_x,exact,2,,numeric_prose_review,535d7642598c79fa37219b04a4c74830b53c81357f237697805522f6928028c3
502,I_56583_74850_right_s,exact,70,,numeric_prose_review,95a7d1fae0ab519ae533b0ee25725296001e3714f5d34878b3d737c89f8cb118
503,D_43210_62,exact,20,,numeric_prose_review,900e51945df013e1da037c815eddb10f6b2aba503fd3252b4f97e442f03b22bd
504,I_57833_99775_left_x,exact,,,no_numeric_score,154de59dd8d6d015d9c1fef6c0a8222f681f1746433ce083e787003723af7b63
505,G_44595_right_812,exact,100,,numeric_prose_review,ff54ca04e553965dab27220567a9d268d30cbbb26cdc166f51c57470b0b7817f
506,G_32467_left_420,exact,70,,numeric_prose_review,1efe832a624502855084d816912b8fcd5d29b29f60465ae7c857fed5e77540a2
507,G_27295_right_377,exact,20,,numeric_prose_review,a18da5aa6585712c75bbeb78d8097e9fdd73201e92831f4c060bf1b1a093517a
508,D_76957_216,exact,,,no_numeric_score,d5b13cd8033b985b7c7f5b1374d9d107874e377986a2aa378afddab57873f56e
509,D_14493_3,exact,,,no_numeric_score,80418e4b4e02c53bb84c09d6ac00d23b677884ceb38ff6d9e888f2104c545b89
510,I_24101_58793_left_x,exact,,,no_numeric_score,4156c351b499ef3bb3a0f0d200977093db4ea73c1c43811ba21c0f85543d48c6
511,I_24101_65030_right_s,exact,70,,numeric_prose_review,4961d8df81923db000dec9065664254c568a05717d557d92cdc6ab6ebc652448
512,I_56583_63029_left_s,exact,0,,numeric_prose_review,1bb8a4a93733a56dfef688217439f8ffe3341bf191d7e6e6fe8fedf4723e24c2
513,I_43210_57833_left_s,exact,0,0.0,explicit_score,892f6e09c02c35b5381a165395599f21770c19b4f05d2ed71ccd2a45af414b1c
514,I_43210_63029_left_s,exact,2,,numeric_prose_review,26891a0fff27f3b8b55bc9e7ed9c71d33687ddb41ef00deb0bd3c6ee74d7c402
515,G_57145_left_960,exact,,,uncertainty_or_refusal_review,1e968a1a35242d9a3de23e324f5e25c7144ac749768cc86ebb311ec39688801a
516,G_27295_left_337,exact,,,no_numeric_score,f6bccb2f37abffb8d9dc6c78e36eac11704f2e622c3cb4d74d3fd0b0e5f736dc
517,G_89171_left_2527,exact,2,,numeric_prose_review,3fc75826a852e196d8dd37221d278a59eb82d43e7ea04e7844a678afa7c8ec53
518,G_27295_left_361,exact,70,,numeric_prose_review,68403aa5f103481e7a2fead753fdd06f8d471089a5c4a356d7203cef617fd75a
519,I_44595_56583_right_s,exact,70,,numeric_prose_review,8c4d8c0582f2755e868e9d59938253d594b1f8ae1a5d7724ccbd68343ed63a92
520,I_76957_83742_right_x,exact,2,2.0,explicit_score,6bc54f13bea593dc5e1c8e6b16249e669d1ce99cbeac65f2a10f36e1d86f1fd4
521,D_43210_66,exact,,,no_numeric_score,53404986e25115b1269b01afba2a988c3d5701e05b5dc8d97e3d97a0bc85ff53
522,I_57833_87757_left_x,exact,,,no_numeric_score,b183cf1a46dd9a9a4c655cd093451c41c6e06b334ad9c2fb322adc223d1fc978
523,I_27295_57833_left_x,exact,,,no_numeric_score,6e76293c16dcde1a984691fdec1684a673f8bcb8e4c04d8049033504310e6055
524,I_56583_76957_right_x,exact,,,no_numeric_score,d06f125f329dbab546c992d4531083165094b8f1d5dd2ceb19a0cf7ac49905f6
525,D_76957_217,exact,2,2.0,explicit_score,6bc54f13bea593dc5e1c8e6b16249e669d1ce99cbeac65f2a10f36e1d86f1fd4
526,G_89171_left_2496,exact,2,,numeric_prose_review,f3b48c2efe5cb0ddf1a56978001af2e6df906e3bfbfb68601631f296e9961265
527,I_32467_57145_left_s,exact,75,,numeric_prose_review,e7461326186cb6a4d6a06befb3251c6fb866677e1f8f3855a9b1f9092f29fbdb
528,G_96608_right_2788,exact,2,,numeric_prose_review,a2127d01789a41d9f35abd55764283330496265965bc58a842b331686c0b57cd
529,I_58793_87757_left_x,exact,2,2.0,explicit_score,6bc54f13bea593dc5e1c8e6b16249e669d1ce99cbeac65f2a10f36e1d86f1fd4
530,G_58398_right_1321,exact,100,,numeric_prose_review,0b14abf8b96e9133d46a5b176ce2e036acbfa745f7abca969f74a341d3c78626
531,I_47904_56583_left_x,exact,20,,numeric_prose_review,efba7d5515baa607dbf1aab94514d4a6e8c5f796652463161a5b190647c994d2
532,D_65052_188,exact,,,no_numeric_score,37190be0936d2ae5bdccd38e5641545c84526ca1eb8ae0652f96eac233c9930e
533,I_44595_87757_left_x,exact,2,,numeric_prose_review,33f57ff27c79e69abffd2222f01bd41f5d4fff24a37f275022e638729d48e31a
534,D_99775_290,exact,7,7.0,explicit_score,a50aa8b9a9806899e1d67d0d09c1ce40221cb0dffc52483e8e6da18ff1753a38
535,G_83742_right_2269,exact,2,2.0,explicit_score,6bc54f13bea593dc5e1c8e6b16249e669d1ce99cbeac65f2a10f36e1d86f1fd4
536,G_32467_right_485,exact,20,,numeric_prose_review,20cbf9a8ff9fd3ab19917c02da7927a1f3bb63c3b897830084f1cabbcaa441e3
537,D_58398_140,exact,20,,numeric_prose_review,dc934fe30a942bca07b4c288b4b3e48aa79a717d6db2b586553cd2416dc8b9b8
538,I_57145_87757_right_s,exact,20,,numeric_prose_review,72e3d78727e6f43df1e7e5ff530a0a3c4a8635e12865b45cef6ff6130c5d0078
539,D_57833_123,exact,,,uncertainty_or_refusal_review,917e04b032fc9bad5ab5500f10fa2bcdeeb346b9dcb71e03b100002241e4dc23
540,D_83742_229,exact,7,7.0,explicit_score,7902699be42c8a8e46fbbb4501726517e86b22c56a189f7625a6da49081b2451
541,D_43210_61,exact,70,,numeric_prose_review,9d02c2c6eab99f1ffc93591aa765922f35744a252891b17c66958e58bb08a377
542,D_57145_119,exact,70,,numeric_prose_review,1a347a09cfa8f47de30c1946205b69c70c4c0f443e50809c72c2d43b864106fa
543,D_58398_143,exact,7,7.0,explicit_score,a50aa8b9a9806899e1d67d0d09c1ce40221cb0dffc52483e8e6da18ff1753a38
544,G_69658_left_1883,exact,,,no_numeric_score,0646c5c598b19dd14da5b83bc2221a349474dbcd170940031b333213be8b24a4
545,G_57833_right_1204,exact,,,no_numeric_score,a3b4eaeaff2d606d437dcf83b0fd17f028ba536148c2b462c1b3e6e5fac70d81
546,D_89171_254,exact,,,no_numeric_score,052a41178d350c030702840e36a57c18300167f6bc25f66b70b7b22e3dd2327f
547,I_57833_69658_right_s,exact,,,uncertainty_or_refusal_review,917e04b032fc9bad5ab5500f10fa2bcdeeb346b9dcb71e03b100002241e4dc23
548,I_14493_57833_right_x,exact,,,no_numeric_score,bf656047fa559de0837dc4779d459774891129591cffa80858e6a0f9a4fa1928
549,I_57145_63029_right_x,exact,,,no_numeric_score,4728ab60f3f633faa749b64e9dcd731de4eba521da48b9eedbd62ffe87810894
550,D_47904_88,exact,,,no_numeric_score,2d4379b091e2570fd08c3d62b64efcaa939170851096f38ad6e98033169b2370
551,G_65052_right_1843,exact,,,no_numeric_score,279fc583d06e0206abeddcace086ca0d060b2ab651553c714406d3d7a3e6e63c
552,D_14493_11,exact,,,no_numeric_score,bf72f0a151aa67cf15d9325468cf18a5856cc54e2c692227b366ea3fcc94a940
553,G_43210_right_625,exact,,,no_numeric_score,eac53edd113707c222d46975c38c99386c9dd96fa12cf9ae2074d26f24c07cf4
554,I_58398_93812_right_x,exact,,,no_numeric_score,f9469cc23be9b0d1cfef34091108da996502f89e6ff9a4c72bea0d6b21a7f1d7
555,I_56583_74850_left_x,exact,20,,numeric_prose_review,a8cfdb11701d4e4cb0f8bd22b808049b6b655d5a25bfdf9bed3ebee8539d14b3
556,I_56583_65052_right_x,exact,7,7.0,explicit_score,7902699be42c8a8e46fbbb4501726517e86b22c56a189f7625a6da49081b2451
557,D_65030_178,exact,20,,numeric_prose_review,c4c6ce315d0b18e1a4f3025f72e7bcf342b6a605929cebf493e64f4d25fac9ae
558,D_65052_184,exact,2,,numeric_prose_review,5aeccee6bd7a18f4e9971a0c8863286b2f15f87a670a72d047cff3f0bab49e34
559,I_57145_76957_right_x,exact,70,,numeric_prose_review,f4802d42b4637787149b01fe5a9d8e5f483cef3e3c1171db3fa9101814afcdfd
560,D_44595_80,exact,,,no_numeric_score,14b2e2438c3a870fed5e72e28e87bf2bf4c9cfaf40441dc246e0262570cc04da
561,G_99775_left_2861,exact,3,3.0,explicit_score,267c23695b6e8fc29bd88b9f5d1962d3d208fa9c2fafd974614e6ab3b84fa55c
562,I_14493_24101_left_s,exact,7,,numeric_prose_review,3f7163b91f4acebf3e25e8ae4fcdb868f6236e4a4b39c20d42b03f2e3f443e22
563,G_96608_right_2827,exact,70,,numeric_prose_review,80176ca1492a73974b80998b563e8552ab4fd94fadb2de247c59295c1d6a29fd
564,I_27295_96608_right_s,exact,,,no_numeric_score,6e8c3320332dbcbafb0f86e17973041dcf8974d3ff7d941e5c93bbbfe942f706
565,I_32467_76957_right_x,exact,20,,numeric_prose_review,6bd4f0368f083f0da292c3b19ec0a1ce6a2e1e46a8165779b6e20b22ffa58222
566,G_65030_left_1637,exact,,,no_numeric_score,85a39ab345d672ff8ca9b9c6876f3adcacf45ee7c1e2dbd2408fd338bd55e07e
567,G_99775_left_2851,exact,2,,uncertainty_or_refusal_review,fd5950ee837b3e1694d2ea1828e07651376a6a227d1319a10ac15583ca607e51
568,I_14493_27295_left_s,exact,,,no_numeric_score,b91eb07156f2d91b744cf7ba331dab059aa84c938a507c5365607c96075ecafd
569,D_99775_297,exact,0,,numeric_prose_review,d9a847a1a79ab44825bbf8e5720bca771d53d1344d871bf9be1567382a022718
570,G_74850_left_1990,exact,3,3.0,explicit_score,267c23695b6e8fc29bd88b9f5d1962d3d208fa9c2fafd974614e6ab3b84fa55c
571,G_43210_left_571,exact,2,,numeric_prose_review,3342b7db5f17734b65d90e15e472a4cdc628e803a1347da132a320dbba907bd9
572,D_89171_260,exact,2,,numeric_prose_review,d0908acac3cc71b362e26edeb53de2e4fca2b659726a566db8df7f6a39100cab
573,G_43210_right_640,exact,,,no_numeric_score,ed0dfe46b7567f2e7436759320bde3323ab8a28f925e39a3477a4af34268e67e
574,I_58398_83742_right_x,exact,20,,numeric_prose_review,4a28a7fa39162e74bf60bf7362844a9f7851e1e5cd5320c6dae97b0d0adec769
575,G_57833_left_1132,exact,2,,numeric_prose_review,aa7772d426227a22f581c31918651a9c2cebd83bf5af047d78bb70eee037940b
576,I_65052_69658_right_s,exact,70,,numeric_prose_review,1f391d4301c76afd6c12ee003296473943cfa88b1f77c382ea33d98e9ce2fb9b
577,I_76957_87757_left_x,exact,2,2.0,explicit_score,6bc54f13bea593dc5e1c8e6b16249e669d1ce99cbeac65f2a10f36e1d86f1fd4
578,G_93812_left_2590,exact,,,uncertainty_or_refusal_review,a099a080d7a9554b6c7195490c1b619b39e6c1916089288661e9a9ae6d6c5db3
579,I_58398_65052_left_s,exact,20,,numeric_prose_review,2569c93b9622e5538bfc154ee8dd598dfc2868ea600cf2c2b6de0457df2bd8ea
580,G_74850_right_2071,exact,2,2.0,explicit_score,6bc54f13bea593dc5e1c8e6b16249e669d1ce99cbeac65f2a10f36e1d86f1fd4
581,G_47904_right_831,exact,,,no_numeric_score,08e6ef22224b7116263f3c336ec2d7e883e05693aaf4ad7a2ce6fc03d0f43201
582,G_69658_right_1934,exact,,,no_numeric_score,e71c64f1213279f36a982a3127218501fa4d890105abef7eb2fa5d5fda4bdc4a
583,G_43210_right_672,exact,2,,numeric_prose_review,e9b4839541cdf4d15fbdc9531a70807974a8dcbfe159504d9012e7affa8b4620
584,G_76957_right_2171,exact,7,,numeric_prose_review,d9ab391bfbaac938a6ad412670871157a3c6ecc98179c727394ed4aa901bef96
585,G_24101_left_293,exact,70,,numeric_prose_review,e35960be7667575c862c7cecf73586b2b2fd625e9b12202482e119ae7a5daa2d
586,G_74850_left_1992,exact,,,no_numeric_score,e61f58f0d594e3479cff4fb4d68f99364a8e690560514a4257948cc616d2ba3b
587,G_56583_right_941,exact,,,empty,e3b0c44298fc1c149afbf4c8996fb92427ae41e4649b934ca495991b7852b855
588,I_57145_96608_right_x,exact,70,,numeric_prose_review,8cc9eba10b87facbd8833b20856d262958d990ed38dd115c48547d63c0a0bbcd
589,G_99775_left_2892,exact,2,2.0,explicit_score,6bc54f13bea593dc5e1c8e6b16249e669d1ce99cbeac65f2a10f36e1d86f1fd4
590,D_58398_132,exact,1,,numeric_prose_review,6af24bd47a31afc75b30ed97bb3a3813b5fa217ea0a2a28d91aea54fad786b39
591,I_69658_83742_left_s,exact,70,,numeric_prose_review,0b4972e53fa099759cfee503e6a56e9454bfad8bd88f6488858df8d0d5ea7f99
592,G_99775_right_2925,exact,7,,numeric_prose_review,1c151da79b10fd7cf59f7d3df45ced3c601e7a1b55f0901914611153e1827a50
593,D_27295_40,exact,70,,numeric_prose_review,7f178f5d36f7bbd236b2d4029a7a8c4dbdeae974b4582aab8a16a2feef51912e
594,I_20294_47904_right_s,exact,7,7.0,explicit_score,a50aa8b9a9806899e1d67d0d09c1ce40221cb0dffc52483e8e6da18ff1753a38
595,G_63029_right_1590,exact,20,,numeric_prose_review,45a508a3010c6c827f8bf02357688c81c961beea4cfb80d8cae8c63023f261e3
596,G_93812_left_2614,exact,7,,numeric_prose_review,4ec2032f699b22a4c0c036060633b222d2f2c1f2e07e114dbb4462894bdcf823
597,I_27295_69658_left_x,exact,,,no_numeric_score,15685a43b53a10d2eaa0fb0bc5f4b7a48a737873f19c8d22434620dce794f770
598,I_57833_83742_left_x,exact,7,,numeric_prose_review,3a1ed3d2650d155961146ab5bc69a60f91da4263a99752f968cf0287b98e76aa
599,G_20294_left_141,exact,20,,numeric_prose_review,8a46e26ff01a324b357284c82d4ca738f9183121555e5bddfda4333d280ae18a
600,I_43210_74850_right_x,exact,,,uncertainty_or_refusal_review,24d6c9eda0a73e0b7d15e92f5d11c4d97d01a6ad643c50554c29500b4aec08c1
601,I_58398_96608_right_s,exact,20,,numeric_prose_review,c3fa6926ddb4caa69c221211da7352cc5245e6e0e87831ae9dda765c4d5938d3
602,I_96608_99775_left_s,exact,20,,numeric_prose_review,670f04598e215c4809e6020db9392dff4759afe8b06c028955a492903438ba8a
603,I_20294_96608_right_x,exact,,,no_numeric_score,6dc56c570809c347a1ff828bafbec2ec5c1e66474fa1cb4b9eeb4a79b8c5c9ec
604,G_57833_right_1200,exact,,,no_numeric_score,41e1870fce9742db9e9f9ffb4ecc712868ead2f2ead55c03fce969fbe561cc0d
605,G_76957_left_2129,exact,100,,numeric_prose_review,f1a9a67fe1b2268a45cde0246be681b78743ddd19b03f9148613fc56d9f3f413
606,I_58793_99775_right_s,exact,,,no_numeric_score,6fbd673ae62ddc2078b1a37841aaa9b27ad204a4dd3ff247fe44433c4fae89ef
607,D_65030_173,exact,2,,numeric_prose_review,2beca95bb27cbf7051be7365676c2c05d94fa792fec47000fc24dd0a1b5f661f
608,G_58398_right_1342,exact,,,no_numeric_score,35595154894d1723b51212774b1ed608dd96000fa2a4930b97126916aec16586
609,I_57145_65052_right_s,exact,70,,numeric_prose_review,752df704a9871992d4f298121c67f168947045f55479d7e2f659997ac552a14f
610,G_89171_right_2565,exact,70,,numeric_prose_review,4f761d6dc0ba859c4cb0e5d995d8a9b241337d4f14531d14c5afceaea0414db1
611,G_57145_right_1110,exact,70,,numeric_prose_review,170aff97371c2495cfc8d60a89335410f5283b1f44ff7b702d2face14d8a297c
612,G_69658_left_1901,exact,,,empty,e3b0c44298fc1c149afbf4c8996fb92427ae41e4649b934ca495991b7852b855
613,D_65030_169,exact,,,no_numeric_score,5bd9f95f2f298b632bbf24d7f0d7571c59968baecf91f4e6a926bf8da5e2741d
614,G_74850_left_1971,exact,70,,numeric_prose_review,ef3ca0d2df793a3595013072527847ad8d6cdb5a403cc7326aa2c9984e69e3be
615,D_56583_103,exact,0,,numeric_prose_review,7c874b25bb4b8ee9789e737546505d048d655e8c4cfa68fc363f165575a2fd5a
616,G_87757_left_2382,exact,20,,numeric_prose_review,3e5d3a924db16eb96b74e5de78635ef5253cc7fac3ed60cf0af19755813743e9
617,G_65052_left_1748,exact,,,no_numeric_score,81ed4759bcb7c88c6c17271a5f2b21ff9d98725b02f11b920a6951ae746c58c4
618,I_56583_57145_right_s,exact,70,,numeric_prose_review,7473dbbf7891ebdb36e59c670baa3bc73ce84de39cd5db23d848d6467314f29a
619,G_87757_left_2371,exact,20,,numeric_prose_review,ca97a73cdeed7439231dffb40145be456eb21887f834859a1fea108b79739976
620,G_56583_right_898,exact,70,,numeric_prose_review,2faea294d7dd069ec97313febd0f09cc65912c25828ea3e3797af2cfc321b97d
621,I_32467_87757_left_s,exact,20,,numeric_prose_review,b4c48ce39a142a0118ef0016a0fc94b52e0a535ee5f4f0b4139b62de8336087f
622,I_24101_87757_right_s,exact,2,2.0,explicit_score,6bc54f13bea593dc5e1c8e6b16249e669d1ce99cbeac65f2a10f36e1d86f1fd4
623,I_24101_99775_left_x,exact,,,no_numeric_score,f4b2076fc59428dab416e234b49107d997be601c5465d124edbe7de3d4d5b1bc
624,I_65052_69658_left_s,exact,,,no_numeric_score,de109afd90c71380a01a6966b64379c77db58ec1a7106d7aea5329940d1e3355
625,I_44595_63029_left_x,exact,20,,numeric_prose_review,644aa7d6660e7624e605326c2014041de2313104c0fb76f2843454e6df2c85b2
626,I_63029_99775_left_s,exact,4,,numeric_prose_review,a4558d39144fbee0708d1680d8181667ee22d96addf384704f69809ff1d23b7b
627,I_32467_47904_left_s,exact,75,,numeric_prose_review,cbc078a8d99bf03d0dbc78c0a474b0634d9c0eec4a1e502fe1354e3e54028d30
628,I_58793_83742_right_x,exact,,,no_numeric_score,fc7d22532e8ad49a5c2d299c8748a341571f4b321103cbe3212a3c1f4fd766e6
629,I_32467_83742_right_x,exact,,,no_numeric_score,0f3020c809abc31649dab852c54460e748e05c37c4bcdb3dcbd55f0e319e3a8d
630,I_14493_93812_right_s,exact,20,,numeric_prose_review,f975914c40db637c5405eefd291d528bf653026807e76abd0ce84a6e4e48969f
631,I_27295_56583_right_x,exact,,,numeric_prose_review,9f40feacae06f82e54c68426ea10d358708da4a0f7882275e70b256edcc0d43b
632,D_99775_294,exact,,,no_numeric_score,2dc963de3939f99531215bd87b62d5fa89e9b3460889155101a42296881ab13c
633,G_32467_left_430,exact,2,,numeric_prose_review,88f11b2641731e657bfbca7bcf26e8f9fcb84697acb2bc1e954ce3ee91a98a99
634,G_96608_right_2810,exact,100,,numeric_prose_review,562e7e90d38f19de24f5efc7bd2c314ef27f6f4ce205f27d952037ab1ed40987
635,D_32467_50,exact,70,,numeric_prose_review,686904a13175856f8a68ad7d0ff0f7935c7dbb9e3a3a199592b703aabb3e60cd
636,I_65030_69658_right_x,exact,2,2.0,explicit_score,6bc54f13bea593dc5e1c8e6b16249e669d1ce99cbeac65f2a10f36e1d86f1fd4
637,G_74850_right_2016,exact,70,,numeric_prose_review,3baa0004e497cdc4b7a411a6bdf47a2bef28c1a6a80ba0b9cb09b65dda8b41c7
638,I_47904_93812_right_s,exact,7,7.0,explicit_score,7902699be42c8a8e46fbbb4501726517e86b22c56a189f7625a6da49081b2451
639,I_27295_65030_right_s,exact,,,no_numeric_score,dde84f1b12202a9a9af2f3e8a1bd69ca6a265193f69b8061fae2cce8cbaa10b9
640,I_20294_83742_left_x,exact,70,,numeric_prose_review,5649a81dfc8d75429b123b5e589c3a06ebbcfcd77b14f33d9dcf615f45f77c83
641,I_57833_58793_right_x,exact,7,7.0,explicit_score,a50aa8b9a9806899e1d67d0d09c1ce40221cb0dffc52483e8e6da18ff1753a38
642,I_43210_65030_right_x,exact,70,,numeric_prose_review,9ed207b4f475cb61c771e1e5d5c718be3c973ce8c05b8ffbb5e622beea58a4ca
643,G_32467_left_454,exact,2,,numeric_prose_review,a6d9293fa5769799c27fffcf930ecb05aac35043cb5bc5a9cdcc48fe7ec1c985
644,I_47904_89171_left_s,exact,,,no_numeric_score,355b2f1aa69bdbaea3fc54d52ac789557ffbc58ba6ac8f6aa8d3a29fa6924a18
645,D_20294_15,exact,70,,numeric_prose_review,b1166d3e05e7cb45b3fb3a006a508a3359888f8cb62698909c4426c8c177b441
646,I_65030_93812_left_s,exact,70,,numeric_prose_review,a917a27024551075b165b36b1189078bb55913851aa2fbe545e81186f0efb474
647,G_58793_left_1386,exact,,,no_numeric_score,69d7cdc883d5d2bc643b44c4bcfcf7359957d6bf4aa3cc7b36acfd7affa87485
648,D_76957_226,exact,,,no_numeric_score,2204b4b04008056054cfa11e48d2f477624239824b1b5aec26ed8e43f00a43d9
649,D_63029_166,exact,,,no_numeric_score,f880fe48d3c1ef70d33bc9f23a0c80a5b49b5ea299c7ddf4048bd0fa98d54fc3
650,I_20294_32467_right_s,exact,2,,numeric_prose_review,62fe1fe5876fb944986cea1672b289f0a6e2293b26ef5aa75006d6a768b390f2
651,I_58793_87757_right_x,exact,,,no_numeric_score,2204b4b04008056054cfa11e48d2f477624239824b1b5aec26ed8e43f00a43d9
652,I_24101_69658_left_s,exact,70,,numeric_prose_review,c646966b4a4e23d29da9bbde7c3e6ae682e9e048a250f339f4a17a31c666c343
653,G_96608_right_2818,exact,,,no_numeric_score,711a42cf8c1484df4100471650d4319688a1c121f0d6094be0e6d81f168c5e11
654,G_47904_right_830,exact,2,2.0,explicit_score,6bc54f13bea593dc5e1c8e6b16249e669d1ce99cbeac65f2a10f36e1d86f1fd4
655,I_47904_74850_left_x,exact,2,,numeric_prose_review,0c2b506ee0e72d5556a0181f2e87f0aab3f7d2ad6853e7eb5bf004038c1bf0c5
656,I_65052_76957_right_x,exact,7,,numeric_prose_review,e102a3ae4d949adaa586f6e3fa6973f2c48b4ed34df591950cee1fcd2e7c0449
657,I_27295_58398_right_s,exact,,,no_numeric_score,bfab5fbfaa296ff4d5aee6105b31da81f84fdc2d7d6d9c2e87b1b1acf6aa8723
658,I_58793_93812_left_s,exact,20,,numeric_prose_review,511acc68c7fe70740baa5bc14abc093f63c5657380ba327d961f815ae12cf12f
659,I_44595_74850_right_s,exact,100,,numeric_prose_review,a37e83c40ed5c71a1a1393df2e5eb938309b0804419834d7eceacaaf61bcf6e7
660,I_32467_96608_left_x,exact,2,,numeric_prose_review,5bca2d997aeec0c64e2609a920903faeab807008e6b091430a9376026223eb24
661,I_65052_74850_right_x,exact,7,,numeric_prose_review,8b40ac30ff730c5a6b1c398c60fe9dc7da2fbf856c8d16d0a1c2625a0b3b790e
662,G_76957_right_2177,exact,80,,numeric_prose_review,5ae6627fd66357ff2363a2f6bef891a942a37e4415280aa70c7baa6b92d3a8ad
663,I_63029_96608_left_x,exact,100,,numeric_prose_review,69f0e470c7936377a7b054029c5cbc3a7ced2b79e51de62739400bc5bd61e6e7
664,I_83742_89171_right_s,exact,20,,numeric_prose_review,f9e4a671f9ef296a8590c703cf081b0631f2e5cc2c0365e22dfada0d0cadcdbb
665,D_76957_220,exact,70,,numeric_prose_review,e39e5b81f674ec66a5d6fabd27c179da99d251748d7f0e1daa603a6f4e721b4d
666,G_74850_right_2055,exact,2,,numeric_prose_review,4ac54bbdb213448c3bd35a79186192803283c0475ad98adce28faf0dbade017c
667,I_24101_58793_right_s,exact,,,uncertainty_or_refusal_review,8152a165595e0957171d92072e96f831e89462e5a8257d102e4df9c0c4eb2c2e
668,G_83742_right_2285,exact,4,4.0,explicit_score,23f663630e2f28250c09d7a0c370f55eebf635772f9ce27e46797ab8ef297f4b
669,D_56583_100,exact,7,,numeric_prose_review,7c0ae36d14e1edf443fcd3a15552efc6c974d6d18ca68b3cef96b4ac7885d571
670,I_20294_65052_left_s,exact,,,uncertainty_or_refusal_review,fca23d6a0cefdab30a710d7183a23848d9e6a9469986bedfcddfb31dd72ced73
671,G_43210_left_606,exact,20,,numeric_prose_review,fe4682f3e6882b907e54c4b221b3057586dcbf7d3fc030a0c4ba1624a9b48db7
672,I_58398_99775_right_x,exact,70,,numeric_prose_review,e35960be7667575c862c7cecf73586b2b2fd625e9b12202482e119ae7a5daa2d
673,D_87757_251,exact,2,,numeric_prose_review,e6ab2bfaa518733571401bdf77c220ff633cf33361c4ebb0b27f23301256fe38
674,I_43210_57833_left_x,exact,,,no_numeric_score,a94507c7b5ce3dfd1897328dc7b98cb7e66b4c1b6d24b095524ede5fa18386c7
675,G_14493_right_129,exact,70,,numeric_prose_review,e35960be7667575c862c7cecf73586b2b2fd625e9b12202482e119ae7a5daa2d
676,I_57833_76957_right_s,exact,,,no_numeric_score,39d190b704700db24beb34342d8ac9105550eddb5ee21870f4ce0e4091cfb9e8
677,G_69658_left_1892,exact,,,no_numeric_score,595f4bb3047238e02c359810eae4b5b6ff3f0408b56ca9b0ee2744e4c22e537d
678,I_57145_65052_left_s,exact,,,no_numeric_score,2f6a388177644a7ee9ffe7dca7022b276c89c6c00115fa9aea6d845db58bcc5c
679,D_57145_110,exact,,,no_numeric_score,f4b2076fc59428dab416e234b49107d997be601c5465d124edbe7de3d4d5b1bc
680,G_56583_left_862,exact,,,uncertainty_or_refusal_review,74defeb6063a1efb1ae43461ad8ccc11def8f4d14ca78798b8ef1363c9403f17
681,G_57145_left_951,exact,70,,numeric_prose_review,b961abe1fde4291b00197d6d80c4c32bd041f6172a0b20f03bf4d568786c5310
682,G_65052_left_1732,exact,20,,numeric_prose_review,dc934fe30a942bca07b4c288b4b3e48aa79a717d6db2b586553cd2416dc8b9b8
683,G_57145_right_1090,exact,70,,numeric_prose_review,e5f5dea8f4dc32949b9a07c42531dc269f3d106e2a13d189a75817ca0603f2dc
684,D_44595_82,exact,,,no_numeric_score,5b0cedce29a97fec5ef6025706002f76a3d0102f9fd524221c5cf8afe4ad3560
685,I_47904_76957_left_s,exact,,,no_numeric_score,82271ee40697c50b6b2ed3d4809823a9cd53b7849addac00e7a5bfe1ce09197a
686,D_57833_128,exact,,,no_numeric_score,15685a43b53a10d2eaa0fb0bc5f4b7a48a737873f19c8d22434620dce794f770
687,G_96608_right_2782,exact,,,no_numeric_score,cbbc57fff83552f9af39603b21550b9bd725ad9be14ba951c3bfd4fd593a044e
688,D_58398_137,exact,,,no_numeric_score,2233d0065a78634214e13bc72c05e9f8e1089cbd40313e179453751eb4c46a8c
689,I_43210_99775_left_x,exact,20,,numeric_prose_review,dc934fe30a942bca07b4c288b4b3e48aa79a717d6db2b586553cd2416dc8b9b8
690,G_57145_right_1105,exact,70,,numeric_prose_review,4edc5f2b577b7c65031fff44fd261a86f6b9755b569061f8ad93e56bbd8aeba5
691,G_20294_right_214,exact,,,no_numeric_score,18836139453d484efe31e94792c7d205e47f52424f808dda50c9206bac68790c
692,D_69658_201,exact,70,,numeric_prose_review,e35960be7667575c862c7cecf73586b2b2fd625e9b12202482e119ae7a5daa2d
693,D_74850_209,exact,,,no_numeric_score,b6a33363302c64d6700ef7162384eeb25e0917129c7e814c88964a22c73db304
694,I_47904_83742_left_s,exact,70,,numeric_prose_review,b5121347be2cf28a8a425320df6f63d255b9f5676db4cfbd93c5bad7c9f9618a
695,I_65030_65052_left_s,exact,,,uncertainty_or_refusal_review,ad131130b49930553194603d45e669f978f050bcf884f78fad5426179c8cbaad
696,I_63029_65030_right_s,exact,,,uncertainty_or_refusal_review,20a067e53844325a15db7e9561686ceb0ee2cd1d1ee0b5b7f98d4599039f3bd5
697,G_43210_right_669,exact,70,,numeric_prose_review,36759c5473b62ae76b56e2f9ae4e80870b7580d62ee586e58604e8b709cbea91
698,G_83742_right_2295,exact,,,no_numeric_score,7a2f735e8430eb77be2252b0977755f6a13b0581b356cc3221651cade234a2bc
699,G_14493_left_30,exact,95,,uncertainty_or_refusal_review,b968cc4f23ea3469826d10245e62874c0604abb4a9567d4c91d627cddcd3657e
700,G_93812_right_2664,exact,,,no_numeric_score,77ddc3004c790046116b8132eb199eebc1b62b0c5eddbbc4400346baf1570abb
701,D_57833_124,exact,,,uncertainty_or_refusal_review,f010ca75d597b4c78ed8be2abaf51a76c876a3372f49c8eefcd704c61508fbb6
702,D_27295_42,exact,7,,numeric_prose_review,fc6ed0e192f1f15e06df1ceb99f2009127b98383bf7476cbc22a26b530605e08
703,I_27295_87757_left_x,exact,2,2.0,explicit_score,6bc54f13bea593dc5e1c8e6b16249e669d1ce99cbeac65f2a10f36e1d86f1fd4
704,G_43210_left_559,exact,20,,numeric_prose_review,dc934fe30a942bca07b4c288b4b3e48aa79a717d6db2b586553cd2416dc8b9b8
705,I_44595_96608_right_s,exact,70,,numeric_prose_review,d8a321ab5c4f68d5366bd95bd5137759f916ed04ee8d2f71776e04f99ee39e18
706,G_89171_right_2550,exact,7,7.0,explicit_score,a50aa8b9a9806899e1d67d0d09c1ce40221cb0dffc52483e8e6da18ff1753a38
707,D_87757_244,exact,,,no_numeric_score,0bc4f52a479892175a9d2c9cea8730eed17bb246c6bc86c9b61a06ea1b396030
708,G_83742_right_2341,exact,100,,numeric_prose_review,dcc514c3f54e9d54c67292d4510e8047c0036e815ae8d2d9ff24f5752ae15a1e
709,G_44595_right_779,exact,,,no_numeric_score,3d8047192d149a9e10ab79c1103e6d5f4dee018da89dc972f2624fa2e7db1135
710,G_14493_right_120,exact,70,,numeric_prose_review,c832cf06ac8f356fcdc3c1db411b458b09268bd919509fbba6cbda0901088834
711,I_43210_57145_right_x,exact,,,no_numeric_score,b0b76be8f961386341959ba2b5bc73e08077420c7d14b15a4d75ac38fa8aa236
712,I_57833_89171_left_s,exact,2,,numeric_prose_review,6a62ea7d83a48e46a82f5bf8c24fe0e4a758022a85269b774ce86316f0e6b2e3
713,G_65030_left_1649,exact,,,numeric_prose_review,145a2cfb2042158b270583b87cbf29569932a01b366128c80c7344ad7a0b5bda
714,G_44595_left_723,exact,3,,numeric_prose_review,e2d2f4c7199d2ea148df4abe68693e29d3f056c695286478c9718ce2835c8ffb
715,I_83742_96608_right_s,exact,20,,numeric_prose_review,72d1f3f8ecfe97d31461293fdd8a7448d5bff65fcc732cc892c12c552742992f
716,I_44595_65030_right_s,exact,,,no_numeric_score,73d5bf2c43083f4f342279d80f04e962412273bbbabbd85afe98e1fcb125ecbe
717,I_58793_99775_left_x,exact,2,,numeric_prose_review,f3cc008c67b8b3e125477764932b5d8d87b6cc46f32e184ce7175c318f852619
718,I_83742_93812_right_x,exact,,,no_numeric_score,8d405e8acc9f8ee57d39e03446d088eb200da5ac2219c9d75ca52cb1e2adc537
719,I_14493_76957_right_x,exact,,,no_numeric_score,55bc051435b1d9a6d6beaf75963e941b227aeebe29fc4696d61630a56a541a82
720,I_14493_63029_right_x,exact,2,2.0,explicit_score,6bc54f13bea593dc5e1c8e6b16249e669d1ce99cbeac65f2a10f36e1d86f1fd4
721,I_43210_96608_left_x,exact,20,,numeric_prose_review,b30e54bd76960265a0424513bbabbf124f76f8f9200bda78184a8f6bb05fdfbf
722,G_14493_left_63,exact,2,2.0,explicit_score,6bc54f13bea593dc5e1c8e6b16249e669d1ce99cbeac65f2a10f36e1d86f1fd4
723,I_14493_43210_left_x,exact,,,no_numeric_score,aec1983908156aec776b4cff555a7390e5fbddcb954939c738c29b7742e35d8d
724,D_93812_267,exact,,,numeric_prose_review,2233119df31f8ed630fcc6b8d1846bd690d9fdb5ba4c3498b3772bcdc896a725
725,I_20294_24101_left_s,exact,,,no_numeric_score,d06f125f329dbab546c992d4531083165094b8f1d5dd2ceb19a0cf7ac49905f6
726,D_44595_74,exact,,,no_numeric_score,4c9d4c1fac1a19e33674f1973a1ddc495ade0e3edb326b73ed69901740c0cf9a
727,G_76957_right_2169,exact,,,no_numeric_score,2abdfbebe9552ad3ab7848bb14ac171ba2a4929786251dad665a680e04d21c08
728,I_56583_57833_right_x,exact,,,no_numeric_score,389b12b08cde5e24f5e1832ff44f76826c5d47a5ff1e6eecd6fcaa743673f0d9
729,I_69658_93812_left_x,exact,2,,numeric_prose_review,3a1dc5083c15a162bdd33b2dc5790bcb4fcee7e3be563354a3e124f41d351fb7
730,I_57145_87757_left_s,exact,70,,numeric_prose_review,1febcf2266bfdaeb60ea1236fc2de9f9eba69d3e7dc623df98910835b4fc671d
731,D_83742_231,exact,,,no_numeric_score,249919984522165599ce101f7690758d9da612df097fc86393d87d37eda92bcc
732,G_87757_right_2446,exact,0,,numeric_prose_review,cc54383a132276a20a06f7d784e0e68bb23bf8b323da79662413d25c34a5e73f
733,G_87757_right_2429,exact,,,no_numeric_score,453894718f2f7a3957f9c3e28ee312433ef6dde6be04acfc5345dbde51c4d35d
734,I_20294_65030_right_s,exact,,,no_numeric_score,4bc325590b77ddc61debeeee3bf76737114df085c6fbe528cbc69bfaa3bb3f34
735,I_57145_83742_right_x,exact,2,,numeric_prose_review,af5a76b8b561bbfc3ae8b870d98d4b1b6173afb6b68d27da38bb4247880b24ad
736,G_56583_right_901,exact,,,no_numeric_score,0c72447335330f53e303babf67428de174e912c22feafb660e2d5ead657b4a83
737,G_47904_left_815,exact,2,,numeric_prose_review,7d318c85fa9037f0dfb8858faa40584901ea6f4144be067b36ed3e321cb825ac
738,I_44595_93812_left_x,exact,2,,numeric_prose_review,aa2a009f2726635f58e251af8e2c3eecc081b9a088e37864bdf7fd6b35cba6b0
739,I_57145_65052_right_x,exact,2,2.0,explicit_score,6bc54f13bea593dc5e1c8e6b16249e669d1ce99cbeac65f2a10f36e1d86f1fd4
740,G_76957_right_2174,exact,70,,numeric_prose_review,f474c976c668a4514279677a6ac5491b377d909f142a4f5cd3aca53e3d433a14
741,G_32467_left_450,exact,20,,numeric_prose_review,26e1714d29fddbf1bcec3bd64ed352c47dcb0c4ed83013620e04a6e0ed2d96c5
742,I_32467_83742_right_s,exact,20,,numeric_prose_review,c6d5f90ca495e6d5da7b24bf3eb2f1e59be935e79a6c825b7ab5dfc2587aff5d
743,I_57145_99775_left_x,exact,,,no_numeric_score,144f1872103cb30a4e0cab62364cba69431fbd49ba0fbdc848564892299cfda3
744,G_58398_left_1303,exact,,,uncertainty_or_refusal_review,3f280dbbab0959e0d2ae6938482d1aee2bdb3a791b3d6129dc148085c16e3889
745,I_63029_87757_left_s,exact,7,,numeric_prose_review,dc8b9601bb7759d5abab7d863172440f8a61c38f2d3949347037ee76a465fcea
746,G_57145_left_991,exact,,,no_numeric_score,85a39ab345d672ff8ca9b9c6876f3adcacf45ee7c1e2dbd2408fd338bd55e07e
747,G_93812_right_2685,exact,20,,numeric_prose_review,a4019ac26a2248dc2c2c947ad53fdb65ef0b9ab6b195764b0d1f0150aeb4e196
748,G_76957_left_2096,exact,4,4.0,explicit_score,4b227777d4dd1fc61c6f884f48641d02b4d121d3fd328cb08b5531fcacdabf8a
749,D_14493_5,exact,,,no_numeric_score,62b67e1f685b7fef51102005dddd27774be3fee38c42965c53aab035d0b6b221
750,I_65030_89171_left_x,exact,2,,numeric_prose_review,54c79d4b8f401a3281e2a92786a36804a7b217dc95e4ab83faf2064a56c6665c
751,G_63029_left_1526,exact,,,no_numeric_score,a392ace9afba846e2a33e58d74c48ab6671fa7879c6bcfc3ceebaa524f1d7c51
752,D_96608_279,exact,,,no_numeric_score,29f946ccc7a0d4a888a060331da6269104d20acd29a844d5cb08aab4d62c4d86
753,D_27295_39,exact,70,,numeric_prose_review,219f9b2c7c99c11e521f0530655d2c7a882ef5147bb972b1285691af82bfd2c9
754,G_58793_left_1406,exact,70,,numeric_prose_review,8ab95635e4582336d6424ebdc04680c9e585f4a064c81c5a480097604c7668a1
755,G_27295_left_350,exact,,,no_numeric_score,8d264435b737aade5b7577f12030e54cea2d5682fffcf9b96d20472f264a9ee1
756,G_44595_left_722,exact,,,no_numeric_score,a39013b975fb60ca67741d5300e445655d2570266a6023ce703348d7c996067d
757,I_44595_63029_right_s,exact,,,no_numeric_score,be025b1b3c4d3177e5a2c7747674104104179fbfe023167e8f2fe0189aec6128
758,G_47904_right_827,exact,70,,numeric_prose_review,676a68a38f04dfd44448fc7c4ccb5378dae807b3b1056f8096c241fe7c1a2535
759,I_24101_32467_right_s,exact,0,,numeric_prose_review,1d56da94f42eba48bd990b9a7068377ee81bf1dc4033f6963a5ec9e4008901b4
760,G_58398_left_1275,exact,2,,numeric_prose_review,ed9a00f1d379573eaedf8d7dc99fda97325079b12b0fac4d974a869fdf0f47bf
761,I_83742_87757_right_x,exact,,,no_numeric_score,e83098beb0d25efd3b30e88289a766f60d8e2e7c2617f352c6faea425d2bb798
762,I_43210_44595_right_x,exact,,,no_numeric_score,7ab2518ff680f9823355fe6e8ec20c5a51904a66cecd8450bd2eacb6d5e9184c
763,I_44595_57145_right_s,exact,70,,numeric_prose_review,69c1b9e459b228f91c2dc8729ba02f4190ba0e067f3db77a0f62791b8060d391
764,G_14493_right_119,exact,,,no_numeric_score,540cd10be4128cabe0a9cee6edd0e9bf77622c7bfe50289b583643f6b04bc7a7
765,D_89171_259,exact,,,no_numeric_score,c391256fcfa1e519e183cd931c35af93592d0a9e90a62cfb086c3cbcfc611ca2
766,G_24101_left_291,exact,20,,uncertainty_or_refusal_review,681bdaca5baacdbbe5c090c8425628ed75a6eeb1a9d3493dd3dbd441409f0f01
767,I_58398_65052_right_s,exact,70,,numeric_prose_review,5d82a878b38852a0b678b21714d1f0f6128574e030a98f4fd56f4b6d4ec4b072
768,I_65030_87757_left_s,exact,70,,numeric_prose_review,af0a163978e0610e1b9ae50c008b3c838567d08babab7e05c58ff1d3a7d18e95
769,G_76957_right_2163,exact,70,,numeric_prose_review,f196bd385f16e8e9e7372cf7c0a9a1b7df1f7136c7276761467a81c0246a2a1a
770,G_65052_right_1803,exact,70,,numeric_prose_review,9a60235c9f8622f25104eb7f1724459061f50b08ea3abb0f090f15409d56b21c
771,G_24101_right_299,exact,2,,numeric_prose_review,224f9dac83c48c0a428a7dda3eb9da53c4173edd39471dc21493ccc4962e69e7
772,D_89171_253,exact,70,,numeric_prose_review,cc1dca25a3536656dff105e8be8d8e0e934dc1e99ed1ef25c20d6f168c2a709a
773,I_14493_20294_right_s,exact,,,no_numeric_score,36645b2a01fc4f1ffd9a13ce64d2891bb528b0e20c2666dcdd9b3f9044df8259
774,D_57145_112,exact,2,,numeric_prose_review,0905708f85d3f1b1f87889682afe473bd60ca80ad998af1b72fff12c3684a356
775,G_99775_right_2956,exact,,,no_numeric_score,ed7b9a99bc6cb54753f0e45561b0358c224b42034a487dc0dc5720da425cd425
776,D_93812_270,exact,,,no_numeric_score,8d8b605bf22f038ad7e738fe15943e0c0fccdc4786a11e9304e76a95ef26017b
777,G_57145_left_946,exact,,,uncertainty_or_refusal_review,6c60c4d3febb329fd5d5c01619359a1d8aa8ee2a8b499b69ce9c4099089712a6
778,I_24101_89171_left_x,exact,20,,numeric_prose_review,58248ce6b24154c5381d5f4eb3c9f8de2d6ba65d7ad4c1f0f3e9d14a8e103d2b
779,G_44595_left_757,exact,3,,numeric_prose_review,0d8640f9a16e4496e3fe6a4aae1f782c288be2869df2965ee47ea5898568b4d4
780,D_24101_25,exact,4,,numeric_prose_review,5404d7edd6dd6cdd5505841698b439bdd660a829c10cf31acaf341d3261d9531
781,G_44595_right_803,exact,20,,numeric_prose_review,c22351141c4db0019f580e6bf6ea30053df1f874695d17f61b3a6a808d28105c
782,G_96608_right_2787,exact,2,,numeric_prose_review,6772ba4820974f7979cc2bdba63121f9b811ffc2d427801ba807624c45b25e8b
783,G_20294_right_254,exact,2,,numeric_prose_review,7380ec7a47b9629414a0bf424ca776ad39a58baafedaf83f0a65300356b0b4f5
784,I_65030_83742_right_x,exact,2,,numeric_prose_review,ff1da257ea985b88b337635821a78ddee1c81e09a86720f15504083c5bcfa98f
785,I_27295_89171_right_x,exact,,,no_numeric_score,a8705387ec293ffbcf8fb0a50d48341fd0296e0e780fb9a58184c1c37293a86c
786,D_57833_120,exact,,,no_numeric_score,525e316e9a1cb6a7028aab91681ac50b37e4dccb95a62495b3a9593566cc0364
787,D_58793_148,exact,,,no_numeric_score,21100b50fa58ab109d43685ba62cdbad49ab40354b1ea213a76a072de333503c
788,I_43210_65052_left_x,exact,,,no_numeric_score,faaa74e38f24561f8ca6dfa6bfd3be3633c192db8e2f6c1a823ed7d4fd68995e
789,D_47904_89,exact,2,,numeric_prose_review,1c8ab49e86a791d8d66b13dd95fbcb5ba3f1fcfaaa501141b71d17e9a513da03
790,I_32467_65030_left_x,exact,2,,numeric_prose_review,8d3cd955513fea4984abccec70f2106635912a9ce8b63c2794376e73fedd4161
791,G_89171_left_2525,exact,2,,numeric_prose_review,3a29448d918412b60d1e391cb9054d75d4c66dea80626a6d242fccbc78ac204d
792,I_27295_56583_left_s,exact,,,no_numeric_score,a7dc83f9f09a2b13712a988f2be7e0a863811899f169597b5b727d4f3994cbbb
793,D_58793_152,exact,,,empty,e3b0c44298fc1c149afbf4c8996fb92427ae41e4649b934ca495991b7852b855
794,G_63029_right_1579,exact,2,,numeric_prose_review,d419299b80130c41a890f58373a53cb8057328f133965b75dae3c5ce32c1b869
795,D_14493_2,exact,,,no_numeric_score,62b67e1f685b7fef51102005dddd27774be3fee38c42965c53aab035d0b6b221
796,G_65030_left_1665,exact,,,no_numeric_score,b9bf239899bf4a7a6854ed3983409fe19865e25f9731453c5faddb84f3800a45
797,G_74850_left_1977,exact,70,,numeric_prose_review,631e2f36ecaae761c07b154e7ecfaf9772df6f22b20235dc311a1fcca752e5fa
798,D_93812_264,exact,0,,numeric_prose_review,36fb0c9eaf6316989bd398adc8adb115be6dfdf8cbc2ced0698c5c17bbbc7f38
799,G_76957_right_2150,exact,20,20.0,explicit_score,f5ca38f748a1d6eaf726b8a42fb575c3c71f1864a8143301782de13da2d9202b
800,D_32467_56,exact,20,,numeric_prose_review,72b4e25216dee2c4c57717e3df203beecb760d1ac2457393b536811272a51679
801,G_74850_left_1984,exact,2,,numeric_prose_review,dca2836e5c8e644c8898b28b881ff021e8dd7524a85b62736c283c0dc1a4a27e
802,I_27295_57145_left_x,exact,,,no_numeric_score,453894718f2f7a3957f9c3e28ee312433ef6dde6be04acfc5345dbde51c4d35d
803,D_74850_205,exact,70,,numeric_prose_review,7465a0c220874da416716a8f6e75ac4b65b8936b21dee5efb6d86e27f5cab9c3
804,G_56583_left_854,exact,2,,numeric_prose_review,3d9a6ba543ca54483c6ce8e3671b61cdcd620f580179b0a8a0cf602fa92204fe
805,I_24101_74850_left_x,exact,20,,numeric_prose_review,d163a092800be2418432750c0b676889269b149a98b72e2e5c482abd61f464fb
806,I_69658_99775_left_x,exact,,,no_numeric_score,da6dd1b510c5b3ca843895a1697a031d0e12640078364576308dae7184de197f
807,G_87757_left_2380,exact,70,,numeric_prose_review,af0a163978e0610e1b9ae50c008b3c838567d08babab7e05c58ff1d3a7d18e95
808,D_24101_26,exact,70,,numeric_prose_review,996e8dc4f8c6ffda0e7d9e71656acfca51a6a27d57f1c1c6d31c80ff15290c90
809,I_24101_89171_left_s,exact,2,,numeric_prose_review,f210268194e369d72617261128bd68d713bb2cb255da5a149dff555cda780c96
810,G_87757_left_2369,exact,2,2.0,explicit_score,6bc54f13bea593dc5e1c8e6b16249e669d1ce99cbeac65f2a10f36e1d86f1fd4
811,G_87757_left_2346,exact,70,,numeric_prose_review,af0a163978e0610e1b9ae50c008b3c838567d08babab7e05c58ff1d3a7d18e95
812,G_65052_left_1788,exact,2,2.0,explicit_score,6bc54f13bea593dc5e1c8e6b16249e669d1ce99cbeac65f2a10f36e1d86f1fd4
813,I_43210_63029_left_x,exact,20,,numeric_prose_review,cf602bc2f912f4ffe6f62eef5c9478f4eebc3bcf61b51b5001db55f444b8c927
814,I_20294_44595_right_x,exact,20,,uncertainty_or_refusal_review,dc0872589ec55130a06c1815dece2a5fd9e08c8f1d1dbc19df32e456041e5912
815,D_99775_295,exact,2,,numeric_prose_review,637a30fce08ae4d4b506e781090674866f1eacc9418e122bd1f8dccd4c33cbb0
816,G_69658_right_1941,exact,,,no_numeric_score,dbea3e9a2b858f376a1f976aeedb982927e4741e84a8aa531d4edc977c6fd12b
817,D_89171_255,exact,70,,numeric_prose_review,af0a163978e0610e1b9ae50c008b3c838567d08babab7e05c58ff1d3a7d18e95
818,G_27295_left_322,exact,70,,numeric_prose_review,af0a163978e0610e1b9ae50c008b3c838567d08babab7e05c58ff1d3a7d18e95
819,G_74850_left_1991,exact,2,,numeric_prose_review,eb104a149974f2c466319575207cfa609ba93ceadec3552e15c3478dea007d68
820,I_69658_87757_right_x,exact,70,,numeric_prose_review,eecbe0ef2215f674ccc27585c54de2ee38d2ddd7f763772876accc95dd16d649
821,G_44595_right_808,exact,20,,numeric_prose_review,6ee66b455de11a0f618c00686fa6153125d3269ec70c1a2ede0294904efbe2eb
822,D_43210_71,exact,70,,numeric_prose_review,14c006ef738e48e4fb6cd62cdbc9399fc06f634752a17acfffe185dfad38ec4a
823,D_76957_224,exact,70,,numeric_prose_review,84650b08ad74898542fcfce27dd5e0cbdb039b07e27a1804fdcba3392a44600b
824,G_32467_right_493,exact,20,,numeric_prose_review,47f1fc4dee38d4c514cf98bae11269fdd12b4101d3f586559fb1966f28db6595
825,I_44595_76957_right_x,exact,20,,numeric_prose_review,f455fc3a5708305440cdae98d7586d15b37c4d7a2f187427fa1c24bbe682c8ae
826,I_20294_58398_right_x,exact,2,,numeric_prose_review,8d3cd955513fea4984abccec70f2106635912a9ce8b63c2794376e73fedd4161
827,D_96608_281,exact,7,,numeric_prose_review,9fe185e0047effb556f5a04b4666416752a973e4d2f5d9bade62b335afa0aaf8
828,I_44595_58398_right_s,exact,20,,numeric_prose_review,7b96a9070d60b879a305a535ac8a9dfa7d3abb2cf9db30bddc581aa5a416edd8
829,G_57833_right_1246,exact,70,,numeric_prose_review,515809d2c86f7090211e8f6694eae8c0c0e3d012c1949b73aaca98603509d69a
830,I_43210_83742_left_x,exact,70,,numeric_prose_review,b7fbb044132debc554bb084f03a414180d7d54ddebb1056b995ab624002685bd
831,I_43210_99775_left_s,exact,0,,numeric_prose_review,94ad61721091b85785aac4b6b4cbfc037e9d651c23f98db719b7bab33f5edaeb
832,G_24101_right_307,exact,100,,numeric_prose_review,1a7e83de045bd95a08b2d9afa5fe8c9be60fc59c161bd41b9e15fc9d319d70ad
833,I_47904_57145_right_s,exact,100,,numeric_prose_review,cfed5c16da7232cb4001f786e5ab3dd71352c10347c23e02ae00b8bcc22bcde9
834,D_44595_76,exact,100,,numeric_prose_review,002bccaf75f99a1a603ddbadf91dc06a9c662e9dc457afe2a6c28d6b25c125fd
835,D_20294_23,exact,70,,numeric_prose_review,92eb14f350c3f098a02ff737f85aba6d56f0054ad52701ed8bfc184e819630a8
836,I_57145_69658_left_s,exact,,,no_numeric_score,8a331fdde7032f33a71e1b2e257d80166e348e00fcb17914f48bdb57a1c63007
837,G_58398_right_1350,exact,70,,numeric_prose_review,cde111cbd7c49546b9594c3a714716e672a77e32c9500f62d0818226d75cd7c6
838,G_83742_right_2271,exact,70,,numeric_prose_review,af0a163978e0610e1b9ae50c008b3c838567d08babab7e05c58ff1d3a7d18e95
839,G_89171_right_2566,exact,20,,numeric_prose_review,f0a7e2e3c094f92bc663082462024b4af7ede44a8e2d36c63600bf4b9ce00c8b
840,D_65030_171,exact,2,,numeric_prose_review,4e8ee6eaa30279736652e2e392572d6d5990e30934915caae5a4474fbe1cce75
841,I_58398_93812_left_x,exact,2,,numeric_prose_review,62f803255d2ac4a422488eb18800c0b1f4da4721ce7236ce754b8a80c5c9bc54
842,G_27295_right_408,exact,70,,numeric_prose_review,5f26165e0c19a86ea79027fc59a9d85ac342f2d0ad8871d54e021a05bd0dfe89
843,G_69658_left_1865,exact,,,no_numeric_score,da674835b06a864e79e9bebb13849bddc0b3b94f25295430012208df034a95aa
844,I_47904_76957_right_x,exact,,,no_numeric_score,765d898c6c18ec1f9921f1b2e9e492ce9272b4770d3fcf84cc184d60b9163754
845,I_24101_96608_right_s,exact,0,,numeric_prose_review,ad4235cbf79e41d28a8b2eec0ce7bc1b4dffa297bcc2e301459a88bab28a7a3f
846,D_99775_296,exact,,,no_numeric_score,88fd991f7fe1183fcebdf1ecc4cd7d139008883dd8539c3c0d7957f6ccb72c76
847,G_65052_right_1814,exact,,,no_numeric_score,c0c063f204920a8990279f4e9b29799f8f7b34fcec4dbf4220de68f45936e654
848,D_56583_101,exact,,,uncertainty_or_refusal_review,e1683494ecced6e361a34903a3a52be563e456f79dfb8c18cd4955ee9da87f85
849,I_44595_69658_right_x,exact,,,no_numeric_score,1f8490f99150d3c46ca8de5337c08fdee02b0377691abac8047e824938ce44fb
850,I_43210_58793_right_s,exact,,,no_numeric_score,82d50493bc9605c282857a45affecd13b7475eaffac3a02a3e0863667adc6570
851,I_58398_74850_left_s,exact,70,,numeric_prose_review,ace7f5687d88fb48d82102cbda79c5e193da5ed3cf7e25e86a36b3f66564cc3e
852,G_74850_right_2022,exact,4,,numeric_prose_review,e491e1184913267d21a9172755dd57e388dd4e67397772c68596833559f2e814
853,G_74850_left_1997,exact,20,,numeric_prose_review,36f61763c2c576fa5a280aedb763cabcfbafbbb3e5f9fbf6016d820be91620ef
854,I_63029_87757_right_x,exact,,,no_numeric_score,7f6fda1bde6adadb7d5a6ebd6065f122bde51135d2ec7b4f0fed1ec5ef7420c6
855,D_43210_67,exact,70,,numeric_prose_review,0c0bdae0a3212a5318fcda9cc9218362b185d6d0821f4772f7e70425992a03f0
856,I_69658_99775_right_x,exact,2,,numeric_prose_review,08d4830c8bf0e08be564bc223d51267e4a179f05fe57ca5707fa7e799a0ad934
857,D_24101_29,exact,,,no_numeric_score,72dd972d0a81cd48759e3b7945782b1c87a99f1854a690a0f7af21b4d5a22261
858,G_99775_right_2916,exact,7,,numeric_prose_review,83a49e5fe4dff250bbcd2d1ea38c803c4eda3288071e52fb35ab9b0d8fa2e3ca
859,G_43210_left_569,exact,4,,numeric_prose_review,468648aba8068b6b491d0074fefeeb93cc2153e8f767ce1c9f8b767fa785d55b
860,G_44595_left_690,exact,2,,numeric_prose_review,4b74a4016966ad8b49bf7021021c937722624bb28d60af670efbbde79d40fffe
861,I_32467_93812_right_s,exact,20,,numeric_prose_review,30f733bb7129c760ece991a0ab99cbcdec742b250372a624fc2de496ba08f0a5
862,G_83742_left_2239,exact,,,no_numeric_score,6a48032d83c0fd7e348cc877b722655147815d8d0a7803cc3713f369478ec3ed
863,I_43210_87757_right_s,exact,20,,numeric_prose_review,69e7f6709b35027cf6c6dbf1f1aea55fc1036decbe0d54cf35d1a312c2d7d930
864,G_58398_left_1307,exact,,,uncertainty_or_refusal_review,89329bb8cf84520c977749a5d5ff242c58c1a5b5bb404a56b18523b48e59eefe
865,G_87757_right_2453,exact,,,no_numeric_score,f130e0fa5601ea92bba30eed7cd88f739287fc0f37b3d3e2283285498d7dab6d
866,D_65052_191,exact,20,,numeric_prose_review,767e595a732303a143ceb15039cfe945a3cbc6e92b90057d4b0cbb6ff264b35a
867,I_43210_57145_left_x,exact,20,,numeric_prose_review,dc934fe30a942bca07b4c288b4b3e48aa79a717d6db2b586553cd2416dc8b9b8
868,I_58398_63029_left_s,exact,,,no_numeric_score,6be5d93e0dbe5a42a3ce17687e0ac6166361b07e273766977700d57b0ec870cb
869,I_69658_96608_left_s,exact,,,no_numeric_score,13402b5621c337d3b08e574dabd6338b37465bd17fce09ba17a4074a3183b8c6
870,G_47904_right_826,exact,20,,numeric_prose_review,60d1bf9c9f797c928016ccf3b3bc42bcf1e79677da8fb851003292d1ba318257
871,G_27295_left_343,exact,,,no_numeric_score,7b424ea61d1e09c431b579675bc510a27bf9e5d648deb62a63864af13c1f1816
872,D_87757_245,exact,70,,numeric_prose_review,af0a163978e0610e1b9ae50c008b3c838567d08babab7e05c58ff1d3a7d18e95
873,D_57145_114,exact,,,no_numeric_score,e24d0be251c7ebe5ba01f8c3610d439a2ae4ae64ccd5869ac59889b8868ecb9e
874,I_69658_96608_right_x,exact,,,no_numeric_score,6b39a8eac906053c4a089bd720afa6e4a90d98692efe611554fad4750f939a0a
875,G_99775_right_2908,exact,2,,numeric_prose_review,02c90b855e50b4ab43c71c56656100017b82b811fd1cb49debdb81c123a47886
876,I_32467_47904_right_x,exact,2,2.0,explicit_score,6bc54f13bea593dc5e1c8e6b16249e669d1ce99cbeac65f2a10f36e1d86f1fd4
877,G_27295_left_320,exact,,,no_numeric_score,df0eb4c09f572ab2f94b71d6983c33072b80614f2eb0617bd1a69a0f660aaf6d
878,I_87757_96608_right_x,exact,70,,numeric_prose_review,631b3720fd3575b4a9bf4b5de3232202a9a233810d820b703a1c5dbcbaab8cf0
879,D_27295_36,exact,,,no_numeric_score,f29424e9e2383e99e3cf2623661a94d00708c783c9775ad6716fb4cf2fd40798
880,I_63029_87757_left_x,exact,2,,numeric_prose_review,12d309a53cc166a5699288922480a2f434be0bf71a166aea534ccbcf08bd0fc7
881,D_99775_289,exact,2,,numeric_prose_review,c3399885f2df2997d1d337739b530b1b9a96934334315b2a1263a2b6c63863dd
882,I_32467_65052_left_x,exact,70,,numeric_prose_review,7047cc5fee4262bc4f96014523f483061b6566a1eddf427e9e9d0d0f575e3b61
883,G_32467_left_470,exact,23,,numeric_prose_review,6c552f06f503dbe7b0b40227a5a90b2e6206a441b64f48ad7500121378d685ef
884,G_89171_right_2535,exact,,,no_numeric_score,19730f5add366fd865bcc68aa3db77731dba6c95b352dd77859cc2f178dd2b94
885,D_32467_52,exact,70,,numeric_prose_review,bf63a6b8dac0fc3983fea2109904f7cbd002fd4db9454c898c4255c2d00437b0
886,I_44595_93812_left_s,exact,,,no_numeric_score,867603e91b0253a59912e3fb7abe1a912adea61d5e60ca704fd3cf346a48c858
887,I_57833_65030_right_s,exact,,,no_numeric_score,ef7b002b8832943b3c6fa665aaa54f58b82344a49278623908d76630621d4c97
888,G_96608_right_2816,exact,70,,numeric_prose_review,92a5181388978082ae37f7d3410bdfb00f9214f1abcef8beccce7a0d04959fc5
889,D_24101_31,exact,2,2.0,explicit_score,d4735e3a265e16eee03f59718b9b5d03019c07d8b6c51f90da3a666eec13ab35
890,I_27295_96608_left_x,exact,70,,numeric_prose_review,e35960be7667575c862c7cecf73586b2b2fd625e9b12202482e119ae7a5daa2d
891,G_44595_left_686,exact,,,no_numeric_score,85a39ab345d672ff8ca9b9c6876f3adcacf45ee7c1e2dbd2408fd338bd55e07e
892,G_14493_right_72,exact,,,no_numeric_score,005d5b957197f8a39332cd28dee733386a9e44b741f8ecdba964e549cf578be7
893,D_43210_64,exact,70,,numeric_prose_review,5f7f37cfd8448c10d960d205047d0bde5473af3c5cd217f255033981638a5013
894,I_56583_99775_right_x,exact,2,,numeric_prose_review,15b1240c32b2f32ab63fe2bbd6dda15537a17a672f842ec31c339e1997740a64
895,D_58398_138,exact,100,,numeric_prose_review,745fc38c2b70edf5accdb839be220f27e2d4227f585b1ecc945f0a39059652f3
896,I_14493_65030_right_s,exact,,,no_numeric_score,2ed851280c0b4bed17954e270d78ebef12bcc0b1603fbd2a3b9fe9f70f0e011b
897,G_99775_right_2914,exact,2,,numeric_prose_review,02c90b855e50b4ab43c71c56656100017b82b811fd1cb49debdb81c123a47886
898,I_65052_83742_right_x,exact,7,,numeric_prose_review,7cecca4cb7ead7165233ae8a9a26844360c087f7d5d5f55b8de5212b69c00b53
899,G_27295_left_342,exact,,,no_numeric_score,69e2dcce473d77fcdd4ee1996ef4ee7a9f0c6c37e892edbabf40af485fb235e2
900,D_63029_158,exact,,,no_numeric_score,ecf7e08b4602aaea3902c5da82613fa36bc35aaaaa22f6a4fe46a57d64eb22c2
901,I_20294_47904_left_s,exact,2,,numeric_prose_review,73c5d24a3c5b7bb92cacc7afe0e36331ee0b06a90a3dcadf065232ffbd59fa5a
902,G_57145_left_1034,exact,20,,numeric_prose_review,e8703ddf28cf2b62070051f161ee93b7bfe6fb4e51ad8edd372ef9dc5ac43bc2
903,G_57833_right_1255,exact,,,no_numeric_score,3726b96f437bb39df0de16d5703f2359bea63caa0bb47f109d939ef0d2e524ac
904,G_69658_right_1910,exact,20,,numeric_prose_review,4af1ed7bff388e4dc4b488dd5dc566a49fe4cbdda585b347211fe509f26abd4c
905,I_65030_76957_right_s,exact,,,no_numeric_score,df8268eb6e20433dc7b2e25d168da09d3ecb332710fe6cc7a9c145f3e3c191dc
906,I_56583_96608_right_s,exact,70,,numeric_prose_review,7f3ce430e86b988da73d7c578b6ef607333c420b8cfbd352f2387cbdc4f37a27
907,I_14493_58398_left_s,exact,,,no_numeric_score,6e8a82ee17cd5f4db6c91885e6a8448474e45b9187ee107bfde6e9de1b8141df
908,G_20294_right_235,exact,,,no_numeric_score,5e6717957ae5d23e45c9b2b73fb55a15393cf963abb6ae13cef1f06404a416ca
909,G_76957_right_2135,exact,2,,numeric_prose_review,829d9e464616eee2d054159161481293793d289e2f5b4d0025cbb7e74191c4da
910,I_14493_87757_right_x,exact,,,uncertainty_or_refusal_review,b189e6faddee603f4973b41e9c42cce5bc2b9a11ab3a31020365703b836334ff
911,I_20294_32467_left_s,exact,20,,numeric_prose_review,34b15878c9c87012e08f4a72f94fd130e2eff028706a87c7c456fda9912260b4
912,G_65052_right_1845,exact,70,,numeric_prose_review,ff7a8bec59338a038abb09d5058ca523eae7727e2ba34e873738181726b4e7a7
913,I_58793_65052_left_x,exact,20,,numeric_prose_review,2a9188e6b9a38a1dba23997bd6ea48e5a3bcdacd7264a54029fcd0f05f44d99b
914,D_14493_1,exact,70,,numeric_prose_review,b7cd5a2d9825a72f49036adbdf0fd3ebfe00b243a4e42f646cd7a4da25d8feab
915,G_43210_right_681,exact,20,,numeric_prose_review,94630184ae725f0ca2e4b12b3f2e5b31edf8edceee681f819b595362663db3a4
916,I_43210_44595_left_s,exact,20,,numeric_prose_review,dc934fe30a942bca07b4c288b4b3e48aa79a717d6db2b586553cd2416dc8b9b8
917,D_58793_151,exact,,,empty,e3b0c44298fc1c149afbf4c8996fb92427ae41e4649b934ca495991b7852b855
918,G_65030_right_1707,exact,2,,numeric_prose_review,640990156cfb14f94532b469b4468e79419c29a35ca321636b99b7f93e34e489
919,I_58398_87757_right_x,exact,70,,numeric_prose_review,44d51543001db5b7f249204e859ced294f28ddd8b0a0fd7cf87ead3909c46e5f
920,G_93812_right_2693,exact,70,,numeric_prose_review,433e60595bb9c924c2ec6f5f3aafdc269329998efd8d8dc1d9164271547ea270
921,I_27295_87757_left_s,exact,70,,numeric_prose_review,af0a163978e0610e1b9ae50c008b3c838567d08babab7e05c58ff1d3a7d18e95
922,D_89171_256,exact,2,,numeric_prose_review,aa508bab285967dbfc0572b7a12551d942311e0dbff3fd02fe3b1daef33442ec
923,I_14493_57145_left_s,exact,,,no_numeric_score,8a7dc791221958789d586bf6b9e97c1f744b7a20b30a7cdb0898258728fc6183
924,I_24101_93812_right_x,exact,,,no_numeric_score,eda5ba28d1e263f2b32f04641613f1e11cca62c25da5fc36573db18bfdb7a59f
925,G_89171_right_2551,exact,7,,numeric_prose_review,d0b95667e4a9ecb288882c11ac6e20139152afdef38f778833a48a15807c35f0
926,G_47904_left_824,exact,20,,numeric_prose_review,5049d2b83417ee029ca36bf402b1f78a13ecd6dbf05021ac7415919c6278fcd4
927,I_47904_99775_right_x,exact,2,2.0,explicit_score,6bc54f13bea593dc5e1c8e6b16249e669d1ce99cbeac65f2a10f36e1d86f1fd4
928,D_76957_221,exact,,,uncertainty_or_refusal_review,6155c7ca0f91dc55c69ac0c2f105e52fd7124ae07895d1d18963159df9511902
929,G_44595_left_711,exact,2,,numeric_prose_review,0c2b506ee0e72d5556a0181f2e87f0aab3f7d2ad6853e7eb5bf004038c1bf0c5
930,I_32467_58398_left_s,exact,7,,numeric_prose_review,e17f4a65d93ba36af1d6b466ef6bafde7e513c2be99d608e7988cdd1fbb3a77b
931,I_58398_69658_right_s,exact,,,uncertainty_or_refusal_review,917e04b032fc9bad5ab5500f10fa2bcdeeb346b9dcb71e03b100002241e4dc23
932,I_20294_89171_left_x,exact,70,,numeric_prose_review,0d23c17ebd9bc7fa7490770fcec6b8b7dfd80ced5acef268c0b4924972fe21d1
933,G_57145_right_1045,exact,70,,numeric_prose_review,08bd7fa463a30a8fe723f0de76aeff3596bc231dd936796c5714f41cdd221e39
934,D_56583_102,exact,70,,numeric_prose_review,a3131be76f7cb9fe558d735188b80a74c8043cb4d63ba73c48297340678e464c
935,D_58398_135,exact,,,no_numeric_score,08e245b88d410e6db3ecafd21f000b4254eb3e0aa3ea182cbbb7145d59f3ffa7
936,I_20294_27295_right_s,exact,2,,numeric_prose_review,af7fc522a74009b60b0e1c35c3ecc1e00edb89039f201ecc2f45e8c6828a8870
937,I_69658_76957_right_x,exact,,,no_numeric_score,e9e8584e51845ac3e4f9706867563a7b540ee60809cf2a92a7eead7f64a6463a
938,I_27295_47904_right_s,exact,,,no_numeric_score,cc1d8c40cf7a53fd414d8d2931aa5834ab3845a86025fa7de07ef0795d205e47
939,I_44595_47904_right_x,exact,,,no_numeric_score,8d31b5c9d545dea41d6869ce73d423a632b4e684579dd5d62c55cd617f5cdaa2
940,D_58793_146,exact,4,,numeric_prose_review,76ac8cd7ec839a62387d6d9859653b23faf10c858d0952a375bb042741981c66
941,D_47904_93,exact,,,no_numeric_score,533d0079590d20b67c7bcb3a4f4cd86aa2c46ee0eb1aa95a21d3716000da6b25
942,I_24101_57833_left_s,exact,2,,numeric_prose_review,198c2e693a0beec82e1c36273d65e835a2a9f77db3aa272325074262688764f5
943,G_44595_right_786,exact,2,,numeric_prose_review,969f20a86fa4e62e8c1d90c5b13b1ea5f4fe95a748b135b53b634e22298ce1c8
944,G_47904_left_816,exact,20,,numeric_prose_review,56ae117ec730af879c9da6d1ad464f2a5592555468ea3e267a6381984643de3a
945,G_58793_right_1470,exact,20,,numeric_prose_review,4fbf353a92f23ba0dbca0169ee5c54d4adadb408583e3b6e64c029c47544ec3b
946,G_20294_right_247,exact,70,,numeric_prose_review,0b07c10baa5255ab0a5d459c69235d3c1b2ddfd4b857901cbbf138c4c8e915c0
947,D_99775_292,exact,,,no_numeric_score,a7317f1c96a345c2f487f879402fade430bd3e93935c0a9fa58958310e6eae73
948,I_65052_93812_left_x,exact,70,,numeric_prose_review,af0a163978e0610e1b9ae50c008b3c838567d08babab7e05c58ff1d3a7d18e95
949,I_47904_96608_left_s,exact,,,no_numeric_score,bf75980244985d90dfbc93e36e36f84f05a6d1d34eb9aef61b7a8cd4134703ac
950,G_87757_right_2417,exact,20,,numeric_prose_review,23a4d3d9698391c7517b35523cdcd6d397d6bc4163b6c8992ea0e688b5ca0ce3
951,G_69658_right_1919,exact,7,7.0,explicit_score,a50aa8b9a9806899e1d67d0d09c1ce40221cb0dffc52483e8e6da18ff1753a38
952,I_32467_76957_right_s,exact,20,,numeric_prose_review,2f962652384a5be73ef1e33a799aa788a1fd44c63934de8925085c89f03a40d3
953,I_14493_74850_right_s,exact,,,no_numeric_score,334828590f05ef62a995b930b92669e912322a32c71ff1c0089303153f0bcb3d
954,D_44595_72,exact,20,,numeric_prose_review,26e1714d29fddbf1bcec3bd64ed352c47dcb0c4ed83013620e04a6e0ed2d96c5
955,D_65052_181,exact,20,,numeric_prose_review,41ab5ff6cd91520277d20b0e1fc5137ca9c5123dc4ec01a17c141e62a3e9f551
956,I_14493_44595_right_s,exact,,,no_numeric_score,36645b2a01fc4f1ffd9a13ce64d2891bb528b0e20c2666dcdd9b3f9044df8259
957,I_87757_89171_right_s,exact,20,,numeric_prose_review,89a007758bfea83700486f2c6954ff30587cd609e2c413569e608fa22647cc70
958,G_89171_right_2568,exact,20,,numeric_prose_review,ce4e383ac87635f1063b094fce09001d3c3b110538c47bc8c727ea665bb33e0f
959,G_32467_left_480,exact,2,,numeric_prose_review,398f37cd558c73688659833a12f03df4716977e5e2bb3e76a74e92c88beb1409
960,G_89171_right_2581,exact,2,2.0,explicit_score,d4735e3a265e16eee03f59718b9b5d03019c07d8b6c51f90da3a666eec13ab35
961,I_44595_83742_right_s,exact,7,,numeric_prose_review,30301805fca8de8d56dd24ac3498126149b92af0e4efdb6e8c8959012dbd900a
962,D_74850_204,exact,,,no_numeric_score,ed018bd041053fed32233b1ec98df08e7dc1936e86255e110ab358754fb0530b
963,D_56583_106,exact,20,,numeric_prose_review,d527f20fbf0111e9afd4d848cf4fdb93d50b7949f0462a92c9d3242997094f20
964,G_65030_left_1655,exact,20,,numeric_prose_review,4fcee53dcafeba19ccd98bb784205343b4fe5c39ec377d39ed299bbcb45e2ef4
965,G_32467_left_424,exact,70,,numeric_prose_review,41e478ade86a4ae53e0a251a22903303e569317755fc818b5834336c6d9b8a35
966,I_44595_56583_left_x,exact,70,,numeric_prose_review,d5aef29916bb1cac2006e62e9855ce4af377dfb558989b30dce78a495fc78fec
967,I_76957_89171_left_s,exact,,,no_numeric_score,125dc6ffd582a06cc8be1e1b68a0f5045ebb950ea093d11d2e3a4351cc7ce98e
968,G_43210_right_653,exact,,,no_numeric_score,8507fc0ac2986f5cdcd6bbdac733668d6c4f5788df591c9de78ef7cece207d39
969,I_65030_87757_right_x,exact,,,no_numeric_score,afb4f5a70205cb87c80259646bcc3f637278ced3108a535e91b433f8d8b41114
970,I_27295_76957_right_s,exact,,,no_numeric_score,8968a0bb7971d5c41d4dd496fe44a1b7b7dceadec32d9e5224cb7ed310a7e7ec
971,G_74850_left_2003,exact,7,,numeric_prose_review,661f15d4c903890bfe957072bb0df2b9ba58f4ae7faa03848d82cc852d43794e
972,D_63029_161,exact,,,no_numeric_score,88fd991f7fe1183fcebdf1ecc4cd7d139008883dd8539c3c0d7957f6ccb72c76
973,D_27295_37,exact,,,no_numeric_score,b2d034f277fd1c87ebb531a75cc56ca8a7a87bc6b824d594b24595e4e57dd7c9
974,G_56583_right_914,exact,20,,numeric_prose_review,da6da9ece010f3e9f7a7980d59267a6663d39b62dfda702a6b657e3ffe86c62e
975,G_89171_right_2533,exact,,,no_numeric_score,0507f21d91f9f64e87edfad85d297253bd9c787487cc46668e2c133f67105e54
976,G_74850_left_1996,exact,70,,numeric_prose_review,eb533185d642889261e46a4247ff4fd61592b949f7d5e653ff90e6bda19cf06d
977,I_69658_96608_left_x,exact,100,,numeric_prose_review,d6c5370a27f6bc218efb3660e2b6d024b80dbb8347025b53aa1db6eda2e4bc72
978,I_47904_96608_right_s,exact,20,,numeric_prose_review,964d065b876cc86ff5437e866633910920b2c33daa39a3f00f561d9701243c30
979,G_65052_right_1792,exact,70,,numeric_prose_review,0283dd5800d879fb4290b9056250905c458a79e17dddd80ff603e18510c67f2d
980,G_14493_left_46,exact,,,no_numeric_score,66e1b2b04d5528efc7d229b28fa29c58f4ce16c4f3a3ceeadc003468abde3008
981,I_14493_24101_right_x,exact,2,,numeric_prose_review,3049538595d25c94f8f529100b02b779c286aa3b0d8d5457875023b6adb931c2
982,D_93812_266,exact,2,2.0,explicit_score,6bc54f13bea593dc5e1c8e6b16249e669d1ce99cbeac65f2a10f36e1d86f1fd4
983,G_32467_left_461,exact,70,,numeric_prose_review,02819ab402f0159e6aa1a201a284946981ae7d53853c29dc2356b576881b55d9
984,G_63029_right_1593,exact,,,no_numeric_score,3c6f689f6f077ccb385a4c883ae3ee69e630de111c2253092cbd61879dd129b9
985,D_83742_237,exact,100,,numeric_prose_review,f6094f49e47302dba9c85c25329334e72687c1657cc6fac8e766244aa2756579
986,G_20294_right_270,exact,70,,numeric_prose_review,b7c1bfd6d968ecdad60ab15e66d36e872f62e98614d73185c1aee5e8fc85130b
987,G_87757_right_2436,exact,,,no_numeric_score,fd2f8a7403c3d67ac3fa723355071a7e765a70522557fd9059e8ad8a98cf16cb
988,D_56583_96,exact,20,,numeric_prose_review,511acc68c7fe70740baa5bc14abc093f63c5657380ba327d961f815ae12cf12f
989,I_44595_65030_right_x,exact,20,,numeric_prose_review,90548b78375c35460e322b2d800b3cf640cfc7befa2041e7d5f990605ad723df
990,G_20294_right_236,exact,,,no_numeric_score,98cb55c7e7bae8e207182a7534584d41d9bc704656045b41a915e6c8fec7a59c
991,G_99775_left_2838,exact,2,,numeric_prose_review,de9cc31addccd03329d4089dbdf11e3220daf793ec55884fd2bc6de4653818cf
992,G_99775_right_2943,exact,,,no_numeric_score,6582b2ab2da68c50b6d1742bafcfd7f6abfdd08aa5b84c88ae93b1cb27b53e11
993,G_27295_right_391,exact,70,,numeric_prose_review,410eb1d1f1d3e046b817f7ccf633561e414b47d808e76c4d1688cb176967d5bf
994,G_58398_right_1339,exact,,,no_numeric_score,207286e385d4f70ec71e56e0557a58b0c403584d7f11c938927d3e2ffbd5e488
995,D_83742_230,exact,100,,numeric_prose_review,28af5d321c578807e4ceff03284010ae5e5743a7eef591232d55f61e2f64305c
996,G_20294_left_146,exact,,,no_numeric_score,be8668a6579637ce61b97cc193b0ef0b54dc26ca046e7f0d32afc2484acb4837
997,I_57145_58398_right_x,exact,,,no_numeric_score,5d35fdf8d98c2602b66abf274c50c0bd525bf76b120c7e3146263581464d86d7
998,I_20294_57833_right_x,exact,,,no_numeric_score,85a39ab345d672ff8ca9b9c6876f3adcacf45ee7c1e2dbd2408fd338bd55e07e
999,D_89171_263,exact,2,,numeric_prose_review,04488410a426a0c5819a29c8ae2044c6a0e946c00c83cd07fc1c09dc617cbecf
1000,G_96608_right_2805,exact,,,no_numeric_score,e0562993464fb4a293daee2d22c828a01c79574a74fd6f4cd0259f76cd5b4a84
1001,G_56583_left_870,exact,,,no_numeric_score,f53177e257cf963c0222b8caf9fa70dfb6ce2d5dd732b6a3d5a1deba1833a326
1002,D_24101_30,exact,2,,numeric_prose_review,61fffa2ace48890ba6310747a9f01238c1293dcbe17be26a6924b7e505134142
1003,D_43210_65,exact,70,,numeric_prose_review,b1f691fbe5ceb25cf4e7a3f2bc5663c66c1f31ab8e1cb73b16113a2f49e39018
1004,I_58398_74850_right_s,exact,70,,numeric_prose_review,8fda04485180c97606f53dfb7fe15a5d14dcd4226c21d61cbcdb887d8739a1f5
1005,G_14493_left_2,exact,,,no_numeric_score,bd0e7c22e71864bee2bc95562f6360e399c4e1115705fd675f2b07b2110a552e
1006,I_74850_93812_right_s,exact,2,,numeric_prose_review,5eedfb78a305e1607ea26a2fd5b4e091413401700580603ba0bf776fa3bef4f4
1007,G_57145_left_1028,exact,70,,numeric_prose_review,0deea7f33a02f99cca15df8d8f893e8ee833fe60a6cefe153469346df1c4cc0e
1008,G_24101_right_300,exact,20,,numeric_prose_review,dd3f71d456e18511161bdc4a4d3f42010bbe4432a2b46061fa46ae27612fc5c5
1009,G_32467_right_543,exact,70,,numeric_prose_review,9791960c2bc60df8f7b3b4c5726f5eb9b55a118f642c2df2b6e2d1591d4c59af
1010,G_96608_left_2700,exact,,,no_numeric_score,3defb20c77464d36cff0a818b1192dbdae289f1656ec8d0588d0dc43432c1de5
1011,G_47904_left_821,exact,2,,numeric_prose_review,ec3cd01f13d0403dbcfb917f0eed292078cf008dcd6ccf371fe9c61cab0a8e76
1012,G_58793_left_1394,exact,20,,numeric_prose_review,5841bf749de396b467ab741b647b3f2105e92f1734a6ea91ad3fb999339e988f
1013,G_57833_right_1193,exact,,,no_numeric_score,3d8047192d149a9e10ab79c1103e6d5f4dee018da89dc972f2624fa2e7db1135
1014,G_20294_left_178,exact,20,,numeric_prose_review,f5a2e0f1b5b4b12c3564a0488752a6b709b77db2eea194024d6a8876a3e57bf0
1015,G_65030_right_1687,exact,70,,numeric_prose_review,af0a163978e0610e1b9ae50c008b3c838567d08babab7e05c58ff1d3a7d18e95
1016,I_20294_43210_right_s,exact,,,no_numeric_score,2848dc53255287b1dd9c6dcea10b69cb7dfaaaebc9ea689baa36233abf59e9ab
1017,I_14493_76957_left_s,exact,,,uncertainty_or_refusal_review,51339695e7097f0ee6e1767386149dfccb3391d019386a08ed9b0084f8576ee8
1018,I_58793_96608_left_x,exact,2,2.0,explicit_score,6bc54f13bea593dc5e1c8e6b16249e669d1ce99cbeac65f2a10f36e1d86f1fd4
1019,I_32467_56583_left_x,exact,75,,numeric_prose_review,29e7de023a95988736aebd67997a2ec1db1010851a4533b7b156cfc7f357c76e
1020,G_27295_left_360,exact,70,,numeric_prose_review,f14028f1d49fa2962849128145e506b56e24ea8b5e87c4582f2113e99f1fcabc
1021,D_93812_271,exact,,,no_numeric_score,68c4fef5fc840b67fb9ca59f98916d59e2dbeeac6f683638cc9fc281ab99e7c1
1022,I_20294_58793_left_x,exact,,,no_numeric_score,11e75df07753af1bf136ba4745c78b1add0bb83d6352b21e80398b03b699061c
1023,G_58398_right_1343,exact,,,no_numeric_score,159a565262f719f7d9b94759dcc7c179edd9d3b75c883d6935dad7813bee1e75
1024,G_69658_right_1935,exact,,,empty,e3b0c44298fc1c149afbf4c8996fb92427ae41e4649b934ca495991b7852b855
1025,I_43210_58398_right_x,exact,,,no_numeric_score,7f9401a84a2a9bab28dcc821140741619e6caee7a5692eec38213d73a28264f5
1026,I_43210_76957_left_s,exact,70,,numeric_prose_review,3b3d084f41bd426de73bd9d31bb349621415b62915b9a2b7eb25c5a74d8a7ef6
1027,G_32467_right_492,exact,20,,numeric_prose_review,8a3bcde838ab293ad77a0a210d1f68b845ccedb11b25633e62fa7d22c328cc69
1028,G_65030_left_1641,exact,2,2.0,explicit_score,6bc54f13bea593dc5e1c8e6b16249e669d1ce99cbeac65f2a10f36e1d86f1fd4
1029,I_20294_69658_left_s,exact,,,uncertainty_or_refusal_review,bf020b83d8386f67803cdde56345acc8b5d93d1f2abe9cc5236e6c9b2dc58141
1030,I_58793_89171_right_s,exact,,,no_numeric_score,baee5f58a50d3e695bd11dd3437505bc3779641994b767e1839a5d4a4e96c6da
1031,I_56583_76957_right_s,exact,,,no_numeric_score,2b9b92c0a1066429902cc9b88882dfd1bbd9c5d5bc85eb984045dd463320b55f
1032,I_14493_99775_right_x,exact,2,,numeric_prose_review,e5ad0f85819bd69be23d18fa139b1d0befc3b584d96965cc4d0f7e692b894161
1033,I_56583_89171_left_x,exact,2,,numeric_prose_review,ef5e0dcaf5d01ceb62227e78310358844e8067ee994f1ef064f599aa5f92ef53
1034,G_44595_right_777,exact,2,,numeric_prose_review,d7c6bd886d932f122c03cbad0f7d817099dafd5301dc1c0876b8e97a34708ed3
1035,D_65030_170,exact,70,,numeric_prose_review,8915825b7d74f23bea2328db94bb08e2559c8d99f8afef0be039c9e96f6b4a21
1036,I_56583_87757_right_s,exact,70,,numeric_prose_review,af0a163978e0610e1b9ae50c008b3c838567d08babab7e05c58ff1d3a7d18e95
1037,G_83742_left_2247,exact,,,uncertainty_or_refusal_review,e1683494ecced6e361a34903a3a52be563e456f79dfb8c18cd4955ee9da87f85
1038,D_57833_127,exact,,,no_numeric_score,62b1c854dbdd560c15f7ccd1c14924fb2130cd880dcf34dba633bcd2d6a6f4b0
1039,D_65030_174,exact,2,,numeric_prose_review,0ec118302c18bae99c636839f5c96b6ff004b51681f0ced5fd575da1f3ed2768
1040,G_76957_left_2124,exact,70,,numeric_prose_review,186a005869181e2e5b2543d7e1602d5317c713225321f3e5b2208e0484e9722f
1041,G_58398_left_1277,exact,,,no_numeric_score,5e4d11e908f012adcde799ff361839cd9be273f51a533240f69d0b4cfa5f8331
1042,I_63029_65030_left_x,exact,20,,numeric_prose_review,6ec00df49a75c8a627674cd906af2de854df25c4fbe5dcd7f0602b12db28edf1
1043,G_56583_left_885,exact,100,,numeric_prose_review,5c1d39b33c0570be19291c7a2f7044e60fc28c80dbbda41e24822fed8787df9e
1044,D_65030_172,exact,2,2.0,explicit_score,6bc54f13bea593dc5e1c8e6b16249e669d1ce99cbeac65f2a10f36e1d86f1fd4
1045,G_63029_right_1594,exact,2,2.0,explicit_score,6bc54f13bea593dc5e1c8e6b16249e669d1ce99cbeac65f2a10f36e1d86f1fd4
1046,D_65052_182,exact,2,,numeric_prose_review,07884b03edacb8f29052f4602d5e6927bbc029e73c9cb2002e79ec8e93fdfc1f
1047,G_83742_right_2312,exact,42,,numeric_prose_review,4c1e0bb92d93497cc92c5375f1f7eb9f01c16cb408254cc5c1ca42b427581f97
1048,I_83742_96608_left_s,exact,6,,numeric_prose_review,719ec8cb99448d1ef9bd9bfca85c7d6d9f41b54aec5a701a1d89115215487b51
1049,I_24101_63029_right_x,exact,2,2.0,explicit_score,6bc54f13bea593dc5e1c8e6b16249e669d1ce99cbeac65f2a10f36e1d86f1fd4
1050,G_93812_left_2604,exact,,,empty,e3b0c44298fc1c149afbf4c8996fb92427ae41e4649b934ca495991b7852b855
1051,I_44595_58398_left_x,exact,20,,numeric_prose_review,753ced8db85e716da5a427a11a8e8ab7491f6f97ab153989449555c7264574c1
1052,I_69658_99775_left_s,exact,20,,numeric_prose_review,8b6da771c90b652d1d61b3657a2be35b6423b1dc9a47fb058927d154d07c4750
1053,I_24101_47904_left_s,exact,20,,numeric_prose_review,26e1714d29fddbf1bcec3bd64ed352c47dcb0c4ed83013620e04a6e0ed2d96c5
1054,G_14493_right_96,exact,,,no_numeric_score,6263195952fc0967c29447f11cb0b63ad1ee94b7933fdfc5b7cb48564c82e69e
1055,G_65030_left_1669,exact,7,,numeric_prose_review,66b6f29ee6fa7b09162368e2e52a29f9e5d1c85193fc66f88c731991c9bf1508
1056,I_65030_99775_right_x,exact,2,,numeric_prose_review,51ad60ba43d6612059e9198d3d47c2ec184930e1a96293d6a9f25f71050615d7
1057,G_65052_left_1735,exact,,,no_numeric_score,bf4a83d7cb2f7b9d686b31fb6f856dbdb59230fc9ccb26b55eee169cebd9f744
1058,G_24101_right_304,exact,20,,numeric_prose_review,dc934fe30a942bca07b4c288b4b3e48aa79a717d6db2b586553cd2416dc8b9b8
1059,I_87757_89171_right_x,exact,70,,numeric_prose_review,a102e5841f47a0d57543860440f134778adfbaf4b17340a9419e7a97a1a6eff9
1060,G_63029_right_1588,exact,70,,numeric_prose_review,f462d243a7241bf4220c55346c5b7ffc7e340ef39e1bc2ee7206ce6f885a4330
1061,G_57145_right_1117,exact,70,,numeric_prose_review,a0082286229bea611f5d3b0edadeeae95b58e364d5f2037f59b748b86a479dda
1062,I_65030_83742_left_x,exact,2,,numeric_prose_review,767c7f9657564d148bdd971df06be4da3cba4975eb327c47ef910fe9e3bf020e
1063,D_27295_45,exact,70,,numeric_prose_review,79e70a419a7ca5954668b4ab91a31ce335716f745fd5c0460aab3181137bbef6
1064,D_24101_35,exact,3,,numeric_prose_review,bcf459e0a00203de962b3913d05c3b035de520c2ed03e6d379defb4b57e701a7
1065,I_27295_74850_left_s,exact,,,no_numeric_score,511decf02682747b4f51a6ae35720de5bef4bfe782a9c591ff4c45daf1535ca7
1066,I_58398_93812_right_s,exact,2,,numeric_prose_review,2d1cb042c7b74fa64fd396368d71712e11d27001464105cc038381493257621e
1067,I_76957_96608_left_x,exact,2,,numeric_prose_review,a308d97196aa5868a028786b91a22f0f6405fb00730224830070ebb9a5e26a97
1068,I_32467_43210_left_s,exact,2,,numeric_prose_review,3342b7db5f17734b65d90e15e472a4cdc628e803a1347da132a320dbba907bd9
1069,G_58793_left_1401,exact,20,,numeric_prose_review,dc934fe30a942bca07b4c288b4b3e48aa79a717d6db2b586553cd2416dc8b9b8
1070,I_57833_63029_right_x,exact,2,2.0,explicit_score,6bc54f13bea593dc5e1c8e6b16249e669d1ce99cbeac65f2a10f36e1d86f1fd4
1071,G_65052_right_1804,exact,,,no_numeric_score,533d0079590d20b67c7bcb3a4f4cd86aa2c46ee0eb1aa95a21d3716000da6b25
1072,G_63029_left_1511,exact,70,,numeric_prose_review,77d4fe7299cec614b4fc83d4b9b49cea8a0536d2b5b26d4418cd54ff1e631226
1073,I_57145_58398_right_s,exact,70,,uncertainty_or_refusal_review,3e6a94344fbdeb6928f77903449153de39c24fb9f0ee1d5ede11e4d92bc7d1c4
1074,G_20294_left_132,exact,7,,numeric_prose_review,c4aa2a7fe1276d20081fedc54ac9bde6c2472e4ecf76e721e89607c89e97e20f
1075,G_44595_right_807,exact,70,70.0,explicit_score,ff5a1ae012afa5d4c889c50ad427aaf545d31a4fac04ffc1c4d03d403ba4250a
1076,G_89171_left_2503,exact,,,no_numeric_score,d3cdb7d457dc13f14d02e471475ed02e5b38cd2ac9731f759bd1aa19438db4e7
1077,G_44595_right_811,exact,70,,numeric_prose_review,d1b60770d8eced59d1d5dae373345d347de87e2760dc5b8d032ef40ae26940e4
1078,G_58793_left_1384,exact,20,,numeric_prose_review,281237b225af1fc1fe2ce84165cba949f6bac6fd77a07946b9b8be40b838eef5
1079,I_24101_43210_left_s,exact,20,,numeric_prose_review,9cc3bb0755946124e14061dac6cf02a85ce08848d8fdaef812cc1eb95def7b6b
1080,I_56583_96608_left_x,exact,100,,numeric_prose_review,fe53b611832dd2be832d7ea88935b82be152cd12d47a4165f9d19b8c058876ba
1081,G_24101_right_298,exact,2,,numeric_prose_review,aecd3bbba2e6dd40f438c994fcfa00220ead46cc1f7e33d7f16aa869a222e980
1082,G_63029_right_1591,exact,,,no_numeric_score,5dbb599a2eba157b50d5b41ba7f0fbff1bef9516739fe017d9a05086562f113b
1083,I_32467_57833_right_x,exact,20,,numeric_prose_review,c066b5c24d81d0497f39ce300bac16383ee6470eace2fdb6b08273148400f524
1084,G_44595_left_691,exact,,,no_numeric_score,e02da291fc62cfd364271215e5a9cedfc5cb92f18641a0e5afd52d5b066caa09
1085,D_69658_193,exact,70,,numeric_prose_review,f97b0bba5e71286816e490e570d660dd30db7034e61f2d95f3ee6ee84fbb99d7
1086,G_32467_right_525,exact,70,,numeric_prose_review,cfb1b06473d4f3946eecce021c66584dfe33218c5e1bedd1e8c8f16854ab2e9c
1087,D_87757_242,exact,2,,numeric_prose_review,b1a7eca1df5124976157de8edd5cd47bbc8a2bee7ffb45de258f58e5f0ed1874
1088,I_24101_47904_left_x,exact,2,2.0,explicit_score,6bc54f13bea593dc5e1c8e6b16249e669d1ce99cbeac65f2a10f36e1d86f1fd4
1089,G_24101_left_288,exact,2,,numeric_prose_review,2aaed49054973bea6aee619318c6e4250f46a7f1cb4ecd22685c1f261709b4ca
1090,D_32467_57,exact,20,,numeric_prose_review,dc934fe30a942bca07b4c288b4b3e48aa79a717d6db2b586553cd2416dc8b9b8
1091,D_43210_69,exact,70,,numeric_prose_review,f4f46b9398efe89da9b5464ce7c84c490da1367c232ec3b250c6343dd9fa3874
1092,D_69658_202,exact,,,no_numeric_score,b77adf321a749510f9241860ea1d00d349573709754fe5fc53ca349f3d689b45
1093,G_58793_left_1388,exact,,,uncertainty_or_refusal_review,1c0e61328783f16a1d9bc9bbba98961d778644d9741b4ff21eb1169d7a90dad9
1094,D_63029_165,exact,,,no_numeric_score,c8b4aedf3935570df59dcc68cea46bc276fed2de88d2bffcaffc434e1afc886c
1095,I_87757_89171_left_x,exact,3,,numeric_prose_review,ce1654d4f55c19e265669d21b1bd87c86766ef812c879d7e61b9867395b0894c
1096,G_76957_left_2106,exact,30,,numeric_prose_review,9948dc375ce4a0d9e9c1dd862c92817518f713ac44e04b91b3448d0e142bcaea
1097,G_89171_left_2487,exact,,,no_numeric_score,aa435ca786c5af99078439af5c76420b2b3d064ffde4798ca31f1ebca2a73e98
1098,I_27295_65052_left_s,exact,,,no_numeric_score,6a6388bfebfe30ec371602ea0ca68acd978fae1cd5e658af403252ca54c83a2c
1099,G_58793_right_1452,exact,,,no_numeric_score,369c17b9ca5f36824baef370180ac42ee506729bacbbb0205f6b3ce5f2889ed1
1100,I_74850_89171_left_x,exact,100,,numeric_prose_review,9639790d67de0364d1c0882b778f85629f47ebc57941f53bbe0627caf22f1c0c
1101,D_57833_122,exact,,,no_numeric_score,a9e87c0c66396ab4dddcdd9fdd915f43622170eade6fb08ec2c1a7d12e5d6495
1102,D_27295_38,exact,70,,numeric_prose_review,500f58cbd4b084a1c0c459e5f58604f0177e01ffbd84891b0ccc4b42eb108a76
1103,I_20294_99775_right_s,exact,,,uncertainty_or_refusal_review,17ae6f65e2d6331b8ec06b8c0c13a6943ce3941636cea4981c789a5cec84ad93
1104,I_27295_44595_left_s,exact,,,no_numeric_score,9e04d695388c9212d849f3603b69c14d2165f4f2ca6b3b0df6b0d908a82d88b8
1105,G_43210_left_608,exact,,,no_numeric_score,6ba1895210eef391571470ec6bec56517f7ac9a122b51d7880291c406f747c60
1106,D_14493_0,exact,1,,numeric_prose_review,0bf168aa236401483a0e83732b75c386beb5139650adf14b2d378149a2c33d7f
1107,D_58793_145,exact,2,2.0,explicit_score,6bc54f13bea593dc5e1c8e6b16249e669d1ce99cbeac65f2a10f36e1d86f1fd4
1108,I_20294_57145_left_x,exact,,,no_numeric_score,453894718f2f7a3957f9c3e28ee312433ef6dde6be04acfc5345dbde51c4d35d
1109,I_65052_96608_right_s,exact,2,,numeric_prose_review,017654fc69580be6f9017e9c4cbfb7047268e74f3c2134fd37900a7851482001
1110,G_20294_left_151,exact,,,no_numeric_score,a8722effb099c3b4330aacae58e74920807bd16dd453570b2ced9e98f3be732e
1111,G_74850_right_2052,exact,,,uncertainty_or_refusal_review,8fb6c37b5bc2809684368fb98c60e96c25d82fb9db37ce78eb3b92904a4c9089
1112,G_14493_left_45,exact,70,,numeric_prose_review,a3799b0dfa166c4c1bea80ac9a392988c5ebc10214aecc6a7e94acdfe956db87
1113,D_87757_246,exact,2,2.0,explicit_score,6bc54f13bea593dc5e1c8e6b16249e669d1ce99cbeac65f2a10f36e1d86f1fd4
1114,G_87757_left_2352,exact,70,,numeric_prose_review,cf57b8fc9c5f0e33608141e566b980c4243e0358c6859f3e8ee4b9c243bb1ce4
1115,D_83742_235,exact,7,7.0,explicit_score,a50aa8b9a9806899e1d67d0d09c1ce40221cb0dffc52483e8e6da18ff1753a38
1116,D_57145_116,exact,,,no_numeric_score,e7e7e73b09b7bb5e161ced60abea35fb51603e7958a8f3701f7686a581f1f9f9
1117,I_76957_93812_left_x,exact,,,no_numeric_score,abedd6c7f7093368e443ba59607fefb61ab3087d9a414c33b5050f6164bd6948
1118,I_32467_69658_right_s,exact,20,,numeric_prose_review,2ab68a8a5113c29064635ae6e7fb62921c10c0d3178891d049e19fe1ca2cc83a
1119,D_32467_49,exact,2,,numeric_prose_review,98b1a5c05892ae9e5f97f106a5e9bf51aff98571c53e5952b1bcbeaaed3ff84d
1120,D_14493_4,exact,,,no_numeric_score,6d38fe6f1bdf9a092bf063b2f064f6a0b8ceea23ba85d698dd68023f28a68bf0
1121,G_83742_right_2320,exact,70,,numeric_prose_review,7231723013caa5cd151e26506848cb6633625fe8227f9b07ed2e60aac84a25a3
1122,I_20294_63029_left_x,exact,,,no_numeric_score,453894718f2f7a3957f9c3e28ee312433ef6dde6be04acfc5345dbde51c4d35d
1123,D_65052_183,exact,70,,numeric_prose_review,518ac4a37a6875e59a95dcacd78ca251a1d748db0f4064f69609b835f39755f4
1124,I_32467_44595_right_x,exact,20,,numeric_prose_review,9dcd19880c6357c0c21c1c427d488c70309a89bf4811f52616e08c6d39d33f42
1125,I_24101_56583_right_x,exact,70,,numeric_prose_review,f22b3b3d6a4b6899ef4a8910fcbc06f155dfff2305fca8602123b9da6a763e5d
1126,I_93812_99775_left_x,exact,,,no_numeric_score,d479912b6f66f4f0bc667b533cad46d72311cd49950b589ffd00537b9df171c4
1127,I_14493_93812_left_x,exact,70,,numeric_prose_review,25d58d7a1f39af3584fd496b37cb81b9b3fbd712026f23dac654775c8cdb6bb7
1128,I_63029_74850_left_x,exact,2,,numeric_prose_review,07a00fef194cb9483916bb61758193adbb674c5969c9d36e46dbf25dfa2c0740
1129,I_47904_65052_left_s,exact,20,,numeric_prose_review,4aca71ba3bf1f04a7c511d46ab955d802445c2d046f716ce7ed66c1ae55f810f
1130,I_57145_96608_left_s,exact,,,no_numeric_score,0311293f0211a01413ae2e4bc448064f4acc9570a001d27e64833aa9aa808337
1131,G_89171_left_2480,exact,70,,numeric_prose_review,3dc2583bfb7a8ce429b55533c4ee494269c64a4a5a4b3ea64b2c6e90546fb198
1132,G_58793_left_1420,exact,20,,numeric_prose_review,10efa8c34a54b2cecddb5f56e0a984e73342f207a0b874f72a7c6cee92ea1e87
1133,I_27295_99775_left_s,exact,20,,numeric_prose_review,5d5d3b61317ebd4df6b16470d362f0c1cbbd1215a01b29a7981aca72a0d77867
1134,I_27295_58793_left_s,exact,7,7.0,explicit_score,7902699be42c8a8e46fbbb4501726517e86b22c56a189f7625a6da49081b2451
1135,I_14493_58398_left_x,exact,,,no_numeric_score,8674a72b2c153892c33f15bf3561edc9f57dc1ead23853f5e63b37f0f01a7f24
1136,I_27295_44595_right_s,exact,,,no_numeric_score,2145cd170ac993baa03c6115123ee5090b1249f965e5a7b3a0a1d0374583e892
1137,I_27295_47904_right_x,exact,2,,numeric_prose_review,4e7ac1e9252ae9774e3bfc92472e8905fc2dddbeeaf75249e871ca3dda1750c4
1138,I_76957_89171_right_s,exact,,,no_numeric_score,9ccb55f32fa691e0b9cbb6f281a4357f224433d52929e8544b8e61f6edfe8658
1139,I_58398_63029_right_s,exact,,,uncertainty_or_refusal_review,24d6c9eda0a73e0b7d15e92f5d11c4d97d01a6ad643c50554c29500b4aec08c1
1140,I_20294_56583_right_s,exact,,,no_numeric_score,5e75c71d87c9a1246795a1577061ab8e88500a3585532d453ddbb80b424cf6c0
1141,D_93812_274,exact,2,,numeric_prose_review,610109100be37b9468e5c5b515d549758e1b11a9954cabd441df0999d9d2aff8
1142,D_74850_212,exact,70,,numeric_prose_review,5fb118c3a28ecc3ada363b931af7de38c134e0734b875e59e45f9f84269735b2
1143,I_58398_99775_right_s,exact,,,no_numeric_score,f53177e257cf963c0222b8caf9fa70dfb6ce2d5dd732b6a3d5a1deba1833a326
1144,G_56583_left_887,exact,,,no_numeric_score,652f20c299c3fdd9f0dfd6aa74dfae2499abd05223a021bfafa9fd36b11226b9
1145,G_58793_right_1469,exact,100,,out_of_range,26d228663f13a88592a12d16cf9587caab0388b262d6d9f126ed62f9333aca94
1146,G_99775_left_2857,exact,2,2.0,explicit_score,d4735e3a265e16eee03f59718b9b5d03019c07d8b6c51f90da3a666eec13ab35
1147,I_44595_47904_left_x,exact,,,no_numeric_score,d3842f43c4ffbc633a4242ece3db521391c967855d89dca28f5b489742858f2d
1148,G_57145_right_1036,exact,70,,numeric_prose_review,aabb25e28329b078ad2fdb073805d1e110c35db4e55634362d23e1032c741477
1149,G_43210_right_650,exact,0,0.0,explicit_score,5feceb66ffc86f38d952786c6d696c79c2dbc239dd4e91b46729d73a27fb57e9
1150,I_32467_58398_left_x,exact,,,no_numeric_score,4c82eca8d611269a0eb63bcc8189ebf6c8ea037844304de265cf35ef8451cf5c
1151,I_27295_57145_right_x,exact,,,numeric_prose_review,34bfe8c4c0af65b15170efd1d9791a3d616adc63a9cce055d3536a5643b98f08
1152,D_65030_175,exact,,,no_numeric_score,3c5e5ec83c8adee0a3b6288f507c1e920cb9895967567dd68a45c4460ba0acdd
1153,G_58793_right_1451,exact,70,,numeric_prose_review,cd1b5992942cf19ebe81a069b3f03b51d9ecc02da445c623ad4b79f88cd4b320
1154,D_96608_276,exact,70,,numeric_prose_review,af0a163978e0610e1b9ae50c008b3c838567d08babab7e05c58ff1d3a7d18e95
1155,G_58793_right_1446,exact,,,no_numeric_score,fed7d87aa4592d500509ee1bb86f7be51bb96e86acc21e171f2e08f32f204114
1156,G_63029_left_1489,exact,,,no_numeric_score,65b4cf5cdf7c4b86841d702a8ae3193c757880cb84933678e07ec7508bbdb3bc
1157,G_14493_left_41,exact,70,,numeric_prose_review,e93e7792a2312953313da830a745a7ab608b6b3283bc334738354b2641ee61fe
1158,I_24101_43210_left_x,exact,20,,numeric_prose_review,511acc68c7fe70740baa5bc14abc093f63c5657380ba327d961f815ae12cf12f
1159,G_93812_right_2695,exact,,,numeric_prose_review,4b32cbd0a6a638413437182516bb86a36940275a2c87d3806c5e41100a550d08
1160,D_57833_130,exact,,,no_numeric_score,9f4ee8dbc7f7ad1c1682d05b866e1b1104a02a05d063ae67d73494c0f3fbc75a
1161,I_74850_99775_left_x,exact,70,,numeric_prose_review,2eadf925aeeb1e8c83f16058452cddcbfa54c6a5c87da3b0c451737dd4eea0f2
1162,G_96608_left_2709,exact,,,no_numeric_score,756d76a148ff87d6a0550e71cc22cdb396ac6a1f874198895df44a40c28cdd78
1163,G_57145_left_1033,exact,20,,numeric_prose_review,5f42695a8562145cbd9e8d7cd0b818499c0f896a4b6019f4c44ef799d7fdc65a
1164,I_58793_74850_right_s,exact,,,no_numeric_score,307b59569d0d0da723c275b6105fbcaa5c055d9750adf9bf0eadd5feccd47100
1165,D_14493_6,exact,,,no_numeric_score,1d5482582b5b2a4f0f7fbd25c1d904a12c1402fb2dee3ac86e2355e21257e90d
1166,D_76957_218,exact,,,no_numeric_score,05ad13fe0d6d21869b07c4436aba079d5a11e5d6d080354fbd1afe5ededb1c6f
1167,G_63029_left_1521,exact,,,no_numeric_score,766ae322a3daebcc85b17183200ab25e42a0106078c8a60e43b344b77078121f
1168,I_20294_58793_right_x,exact,20,,numeric_prose_review,dc934fe30a942bca07b4c288b4b3e48aa79a717d6db2b586553cd2416dc8b9b8
1169,D_47904_86,exact,,,no_numeric_score,7ee7b85e1685fb4f09927c8b8ed415c7ec9e6f424170dce7d706958e7e51a821
1170,I_14493_65052_left_s,exact,,,no_numeric_score,b2fc23999cd76927a4cdb341b6a008a3102ebf47299a58adac3ac046f0367770
1171,I_44595_65030_left_x,exact,20,,numeric_prose_review,cc4e231ebd0fd960a0568ab7e4d84411c2b54caf952adcea2441b105c4de1561
1172,I_57145_83742_left_x,exact,,,no_numeric_score,6cb0b5eb49da35330252512147171e63ebb1050b83c1bc4efb6cc36a62b73052
1173,G_65052_right_1842,exact,2,2.0,explicit_score,6bc54f13bea593dc5e1c8e6b16249e669d1ce99cbeac65f2a10f36e1d86f1fd4
1174,G_63029_left_1508,exact,7,7.0,explicit_score,a50aa8b9a9806899e1d67d0d09c1ce40221cb0dffc52483e8e6da18ff1753a38
1175,G_27295_right_378,exact,100,,numeric_prose_review,9c042ca2d90d3b002f50470b4045dcc737a6d87a9d7813fee3c3a071bfa2211f
1176,G_47904_left_817,exact,,,no_numeric_score,984741a4d04598e22d3297ad2348f50292b5129d8a508684e2e2bb6309930f19
1177,D_87757_247,exact,20,,numeric_prose_review,26e1714d29fddbf1bcec3bd64ed352c47dcb0c4ed83013620e04a6e0ed2d96c5
1178,G_57833_left_1131,exact,2,2.0,explicit_score,6bc54f13bea593dc5e1c8e6b16249e669d1ce99cbeac65f2a10f36e1d86f1fd4
1179,I_43210_57833_right_s,exact,,,no_numeric_score,338a8ae33f8577037ef11f6a305995003006f8ca8cea5a8c544f74f57fc5859a
1180,G_44595_right_800,exact,,,no_numeric_score,6d0b95cbb1a72453a17f5db71d569820228ede973a8e8c015f579101f2f370f4
1181,I_14493_83742_right_s,exact,20,,numeric_prose_review,8d57799cd351bf6772e29826efc4600bd0d391b3a228ca71657f7acde2d7e10b
1182,D_44595_78,exact,2,,numeric_prose_review,495fc9b27290faee21088fee2e3c4dcc32843aa766909b202f4070b30a5e6302
1183,G_57145_left_967,exact,70,,numeric_prose_review,34710c3b37e48cf8a3a7540da1dcfb58eaa3eb3cc4edfb9898c1afc690479466
1184,D_20294_13,exact,,,no_numeric_score,b2bc7f957688b04f9e13712b974fea6e7bcfbfa5ca3976cca1fd9928cf3c4465
1185,D_87757_243,exact,,,no_numeric_score,45146f0efa53f40b1451a9be818c0a408a02025b17cdfccc2cccf272803dab41
1186,G_65030_right_1684,exact,,,no_numeric_score,3b92cb535172fbc1e80d9412edd06c43c70736bc07378076341eee7c740f53f6
1187,I_32467_43210_left_x,exact,,,no_numeric_score,38fb43533a13e9108202c02446c3119670e25d4fece63f5aba70a7d60e9e9e03
1188,G_57145_right_1102,exact,70,,numeric_prose_review,66b14fcbbf4a8277e5c687dbb13fdb91adaf891e60485546a34d78370d39c744
1189,I_44595_47904_right_s,exact,7,,numeric_prose_review,41edcacb8c2f1d3a03fcc5a9ffea19bb629bca4065d8cc0c4cc152fd8c7cea74
1190,G_83742_right_2298,exact,,,no_numeric_score,6dadb46eb862789f8d49408d5509d1175a1bffb73e0480575dc21089f538a4ee
1191,G_99775_right_2910,exact,,,empty,e3b0c44298fc1c149afbf4c8996fb92427ae41e4649b934ca495991b7852b855
1192,I_65052_99775_left_s,exact,,,no_numeric_score,fb474cb438049b33a3194a7e82a1c0765146fc78f9b4af2bb61b0434d2f48fa5
1193,G_58793_right_1448,exact,20,,numeric_prose_review,887c0f58f9629f04e46a618faf03a6f39bbb30829f1898452ab88af0709f693c
1194,I_83742_87757_left_s,exact,70,,numeric_prose_review,59d73df19448039cc7b01d23d78726e1edb2b104b19b5a212051830099f71d95
1195,D_99775_288,exact,70,,numeric_prose_review,e9c4c411f83c8e0a077e52792d41441076a0022c25c7546fffb18e875cd893f8
1196,G_83742_right_2327,exact,2,,numeric_prose_review,28052039fd74ad29b93704e4e07179e7dc82c78d07e74aef76689c5bce80dd92
1197,G_24101_left_290,exact,20,,numeric_prose_review,5264b28112b8621fbcc4f967741b26f703d6f11f2f53abece1521f72db1c760d
1198,G_83742_left_2251,exact,,,no_numeric_score,378001dc328f5bdee225d5d40205881933355a3a0957cda605a36374c31614c7
1199,D_96608_287,exact,2,,numeric_prose_review,bcf73914bacfef6d207a1e07d3456e8fabcccfda308e55c7f0e0de9f3c8e165e
1200,G_58793_left_1416,exact,3,3.0,explicit_score,267c23695b6e8fc29bd88b9f5d1962d3d208fa9c2fafd974614e6ab3b84fa55c
1201,I_14493_69658_left_s,exact,,,no_numeric_score,eb76f0e7017b3c35a608b6e9edfb1134c8348cf87c1ab2818acfddd6a3c98dfb
1202,I_47904_58793_left_x,exact,,,no_numeric_score,88fd991f7fe1183fcebdf1ecc4cd7d139008883dd8539c3c0d7957f6ccb72c76
1203,D_20294_21,exact,,,no_numeric_score,0b4748d91503950489c2c0e7bddbb1b0a2708954ee3d37b58a14dac955029d94
1204,I_27295_63029_right_s,exact,,,no_numeric_score,fe57d1ec7595e9ffc26d317742b5da8d8e2752cc13aaf109da06590f23bd3789
1205,I_14493_76957_left_x,exact,,,no_numeric_score,97873dee88f2660d38931aec1ca7f6bfb94969c6caf7cd1ecadeee99838aa7fb
1206,G_57145_left_1008,exact,2,,numeric_prose_review,5b73398fd67def2c1dc11d176a968b4d8ebfd4d8bca255b2024db08e1b8f6061
1207,G_27295_right_411,exact,70,,numeric_prose_review,5ab1f8d625f901f165be1ff840d0971af2ac6273e3feb9cf6524fda7e09e222a
1208,D_44595_77,exact,70,,numeric_prose_review,af0a163978e0610e1b9ae50c008b3c838567d08babab7e05c58ff1d3a7d18e95
1209,G_57833_right_1199,exact,,,no_numeric_score,1c6bbe95e1798f55ff5df6e46b49725089fad71a59c97dd5a68b4a0f5978b434
1210,D_24101_27,exact,4,,numeric_prose_review,6679f82a8641c1e95afd8528e6497c62c2ca9c4e1f9f23b1ca21ee60c400861e
1211,G_96608_left_2707,exact,,,no_numeric_score,711a42cf8c1484df4100471650d4319688a1c121f0d6094be0e6d81f168c5e11
1212,I_58793_63029_right_x,exact,2,,numeric_prose_review,22b486839c8fa9d380ecc848951d5e77ed46dd10b7e02bc38f1656a1eccbc156
1213,G_32467_right_511,exact,20,,numeric_prose_review,bf5fc61f3eb012cd38ab8e8a58dc4da879a2f109916b884f7c2ae49402d93148
1214,G_89171_left_2521,exact,4,,numeric_prose_review,ae88d0fa554bdec894dcabb907b3769be7b21df6837512875cfd39be3797ceb2
1215,G_63029_right_1612,exact,,,no_numeric_score,b419ae5a922fe663127b3596227cd95f2aac2902401908e5af50da85f529d31a
1216,I_32467_99775_left_x,exact,70,,numeric_prose_review,4f935e3b2c2ca32fd619583d13c3f138697446206e6a7164727be5e3b127a73d
1217,I_65030_96608_left_s,exact,,,uncertainty_or_refusal_review,ced0e572b67113986a3fb6a03b59985764e2ba989b769620d9bc6c3bb912dfec
1218,I_24101_47904_right_s,exact,70,,numeric_prose_review,950ffd9f1bce05c986e39f65ad74d3050d3feb5095c3b6c15acf9945281986d0
1219,G_65030_left_1679,exact,30,,numeric_prose_review,5256d65d477aaea0104b9ac4b3dd5b9e431f28dca1f3ab7d65e715077fa28eb7
1220,I_89171_99775_left_x,exact,70,,numeric_prose_review,47fc30c8b88016d40515c2cbf1bbf461bc70fa54749de8dd5e90a43d518a65c3
1221,I_58793_76957_right_x,exact,,,no_numeric_score,2a2a5cc843fb8f1d2b3dff3d3fdf769e0b8c4c3ec312c2abc3cfcff23e0fc59b
1222,I_44595_57145_left_x,exact,20,,numeric_prose_review,ccb42d5ef206af1c0a26235b9832625991c89732ee921e8a463afea34ae33fbb
1223,G_58793_left_1379,exact,,,uncertainty_or_refusal_review,edeb0704ef4b12836541622ba46b36605efd8fd96318d82c46892d2b2393bb91
1224,G_74850_right_2038,exact,2,,numeric_prose_review,604e09662ff5ef2824500dbc82a5fa5e276ef6f4cfdc7c29d3d3f0f5687005d4
1225,G_47904_right_833,exact,,,no_numeric_score,e84c9f59b78bb5e6b432f83c8a01497e2007cb5a159c7bafb392f856e3b967c2
1226,I_47904_87757_left_s,exact,2,,numeric_prose_review,585a9d9eaa1e4c057596beeb77f6e6b12f13305db8f843b7313de1da85578518
1227,I_47904_63029_left_x,exact,,,no_numeric_score,8f266bdf2dd6e6786ae7a0eb26ac947fd9962131bc0e6a78d864a53e8ef305f6
1228,D_57145_109,exact,70,,numeric_prose_review,af0a163978e0610e1b9ae50c008b3c838567d08babab7e05c58ff1d3a7d18e95
1229,G_14493_right_83,exact,,,no_numeric_score,ea979d1352c926abb23f6dd629edc0e0ce55a3b0d6388a5bd1472d2ee9981433
1230,D_69658_203,exact,70,,numeric_prose_review,41d537d379948d3265c31ba1767212eb094da384cc1d49e16356282f1aaba39c
1231,D_27295_44,exact,7,,numeric_prose_review,548a73944bbf5c4cb08bebabaa1edb12a2b7fb39719c0c7195da3b1558b69886
1232,G_58793_right_1441,exact,2,2.0,explicit_score,6bc54f13bea593dc5e1c8e6b16249e669d1ce99cbeac65f2a10f36e1d86f1fd4
1233,G_96608_left_2757,exact,,,no_numeric_score,30094e0bec0046da8f925ebda9575f3d8377a75692436516260782fafd709a6f
1234,G_47904_left_818,exact,20,,numeric_prose_review,fc35e77ab46354bafcafdfed9f922a61e07103f4f6b2ce00fabc56772e98dc2e
1235,G_89171_right_2534,exact,,,no_numeric_score,4a1091ae6b60c287b833ce013dfb0153f786f5bc09c254bf93582d3a44a27391
1236,G_58398_right_1332,exact,2,,numeric_prose_review,20d598266f008912a883b51df8a51cbb9f06d27164c173218bcf9b8c88652b95
1237,D_74850_213,exact,70,,numeric_prose_review,af0a163978e0610e1b9ae50c008b3c838567d08babab7e05c58ff1d3a7d18e95
1238,D_89171_252,exact,20,,numeric_prose_review,c00d60efcafbc34e4cc2f1dbb5c3efe44edbfe637ea7da13ca0b9cf0c1ba8257
1239,D_96608_284,exact,,,no_numeric_score,45c3ef8326794d581464e877b29239efa3a6d22513a28d0b3fcf0fd4a60eb681
1240,G_20294_right_243,exact,70,,numeric_prose_review,f2bfcf082aba8041c76f6598d7b519dc6e4216560bb7bffd8097a2c11ccd42a8
1241,D_65030_177,exact,,,empty,e3b0c44298fc1c149afbf4c8996fb92427ae41e4649b934ca495991b7852b855
1242,I_32467_58398_right_s,exact,20,,numeric_prose_review,77acdc223a1ac6e6a392b611a07d74dbfadc5b3758e940e66b2220bc7d8f3cda
1243,G_56583_right_939,exact,,,empty,e3b0c44298fc1c149afbf4c8996fb92427ae41e4649b934ca495991b7852b855
1244,D_32467_51,exact,0,,numeric_prose_review,6fc9235286bed501b33b061f4834a63e16d5eb49247f501bf361b870d2e572f4
1245,G_20294_left_167,exact,,,no_numeric_score,b5f9efe9b700bbbe257febd433ee1e814204159af0a3e1c1022294635316dde3
1246,G_58793_left_1374,exact,,,no_numeric_score,752a9e56b4586090f26e336df389b953cb51b92fb692227581dcc2256f35d667
1247,I_47904_58398_right_x,exact,,,no_numeric_score,389b12b08cde5e24f5e1832ff44f76826c5d47a5ff1e6eecd6fcaa743673f0d9
1248,G_56583_right_904,exact,,,no_numeric_score,16c8aeeab6baf3effeb3d95474ccb7894904dd0805231e8b79f948bf31281890
1249,I_58793_96608_left_s,exact,2,,numeric_prose_review,02c90b855e50b4ab43c71c56656100017b82b811fd1cb49debdb81c123a47886
1250,I_14493_44595_left_x,exact,,,uncertainty_or_refusal_review,8fb6c37b5bc2809684368fb98c60e96c25d82fb9db37ce78eb3b92904a4c9089
1251,G_89171_left_2514,exact,2,,numeric_prose_review,569b25bc304873c90f2e15bd4a53f5f26a79cf37c730ae0289bf9ab7e9ccbf05
1252,I_65030_76957_left_x,exact,,,no_numeric_score,88fd991f7fe1183fcebdf1ecc4cd7d139008883dd8539c3c0d7957f6ccb72c76
1253,G_44595_left_709,exact,,,no_numeric_score,67abd3ae6f25f1d34d7f3250a5038c81e87132a1a991680b6ea912b73796e167
1254,G_58793_right_1457,exact,40,,numeric_prose_review,84f4db99b54f14e4faf16d05ba9edfa887cf2f447618ed56b83f5f3bea4d36af
1255,G_44595_left_756,exact,2,2.0,explicit_score,6bc54f13bea593dc5e1c8e6b16249e669d1ce99cbeac65f2a10f36e1d86f1fd4
1256,G_69658_left_1871,exact,2,2.0,explicit_score,6bc54f13bea593dc5e1c8e6b16249e669d1ce99cbeac65f2a10f36e1d86f1fd4
1257,D_43210_60,exact,20,,numeric_prose_review,5271f3c0fd1c370c510766499ef29c7e24d971bd6216ab069a2c694bc665e7e0
1258,I_69658_89171_right_s,exact,,,uncertainty_or_refusal_review,73bb167dd49b9765c260c758d27484815f04270b4fcccd39a048ed909812fc26
1259,G_65052_left_1733,exact,20,,numeric_prose_review,1b063b92bc7c7d031cc9b1e0ea3e55c9f4623fb3eb06304bb263056735c73a9f
1260,G_65030_left_1636,exact,2,,numeric_prose_review,76c8ef207ba179270630b6e9960582467c85c3b1ba45514790184c92ba2c4a81
1261,I_47904_56583_right_s,exact,70,,numeric_prose_review,6aeec58c29f38ec354c5c92a2bb44543a9cf4c0be87605ad1d5968a9c2d9a0f1
1262,G_20294_right_287,exact,2,2.0,explicit_score,6bc54f13bea593dc5e1c8e6b16249e669d1ce99cbeac65f2a10f36e1d86f1fd4
1263,G_99775_left_2888,exact,,,numeric_prose_review,7cb0d9d0dd8c880f6f51bc3031c32c6fa7d7f00190a70fbd3ed61cd7d549b4b4
1264,G_65052_right_1799,exact,70,,numeric_prose_review,8a18e5870e9b90fa5d2dd9b10aa8477cd97d7bfa0ac3d39a9979bcbde335a9c1
1265,I_57145_65030_right_x,exact,2,,numeric_prose_review,3049cf433f90318d671ade57d74d6ab8a7aa48af6f59af9398470ec7cf83545d
1266,I_56583_58398_left_x,exact,,,no_numeric_score,e27b383b3c68c0836f5f6524e548293b4d44b3bfff61f9de5cab53c8f2ede004
1267,G_69658_left_1864,exact,,,no_numeric_score,7ca3010d53bc4927babee7b370fa55a2c9e9f1442c70414c8c6cb0bf9f731f8d
1268,G_65052_left_1790,exact,2,,numeric_prose_review,9b7c24e70d65f0b2f0fd49b347074b823aa859d07186b91676f89b1cc3652da3
1269,D_89171_261,exact,7,,numeric_prose_review,689d70ecdc3d022f2ca216b4da81614e8300afd98277a344aecdba6bc0700509
1270,I_32467_58398_right_x,exact,2,,numeric_prose_review,44a91587d0f741c112d8b1ca48893c30208f505d3eac17ef1cd975ea0f6a6970
1271,G_65052_right_1847,exact,20,,numeric_prose_review,fabf60fddb9123694c690bdb80fe98154a553cb5a6692812f6dbb3d5be43878b
1272,I_58398_96608_right_x,exact,70,,numeric_prose_review,f7aaec8da5422583fef2620238ff3a40cefc7a5257aa0fa874e56589ccdcf4b2
1273,G_56583_left_868,exact,70,,numeric_prose_review,04d3e66c5fe87945440cd291b606af7c44ffb301714c396d15c756fae15b4d71
1274,D_99775_291,exact,100,,numeric_prose_review,303a0f004f8f2fb34d2a8e75ab359b691c92fecaeb76491c345c0a14bc8b90ef
1275,D_58793_144,exact,30,,numeric_prose_review,c5924bf3627f39df72a9df3f08eda5cddfb75487dc302e8a461d6ef24745ab35
1276,I_65030_83742_right_s,exact,,,uncertainty_or_refusal_review,67275ea8af23ab83d34923f252bb776e20fcefbe21ce061044ceb5f637185bd6
1277,I_24101_87757_left_x,exact,2,2.0,explicit_score,6bc54f13bea593dc5e1c8e6b16249e669d1ce99cbeac65f2a10f36e1d86f1fd4
1278,G_87757_left_2353,exact,2,,numeric_prose_review,36eddf4031a4a28d3586ec1bc803a0ecfb08c720c303bbf4b929ed52deac1136
1279,I_32467_83742_left_x,exact,70,,numeric_prose_review,5acd68c16199975f21d1a99178246181c2454f3c89e86da29ced20ef1d496756
1280,G_63029_right_1623,exact,70,,numeric_prose_review,31573fb57400ad013591290b527b8e8c6271faa00ad132adf5ce934979b2a09f
1281,I_58793_99775_left_s,exact,2,,numeric_prose_review,02c90b855e50b4ab43c71c56656100017b82b811fd1cb49debdb81c123a47886
1282,D_14493_7,exact,,,no_numeric_score,156be764654c1ead1d19ab0204c274ed0df70fe14a4b8f3a176c5f3349767463
1283,G_74850_right_2039,exact,,,no_numeric_score,eef4594bbfff835efb502f6a41a1a95e1bf174cf5663ea305d95d7ba4fde573a
1284,G_96608_left_2698,exact,,,no_numeric_score,a9e64890dc1cf897370d87cea278f07ef88afb72f0051330824211ddec4a43de
1285,D_57833_121,exact,,,no_numeric_score,364edee548058e5ac5b9c1cc0f73eb4ba5d07bc8b5eded2d0277f5df9286bb75
1286,D_63029_157,exact,,,empty,e3b0c44298fc1c149afbf4c8996fb92427ae41e4649b934ca495991b7852b855
1287,I_24101_65052_right_x,exact,,,no_numeric_score,305bd1432256039f28ebbdf66db4f46a2b9bae45e3df91807cdf4d2f071a2c86
1288,G_74850_right_2072,exact,70,,numeric_prose_review,367d7893e29f6d59bbf4f6dd91d76e916c926100b78b28be0edcb60ea43a83d7
1289,I_20294_74850_left_x,exact,7,7.0,explicit_score,a50aa8b9a9806899e1d67d0d09c1ce40221cb0dffc52483e8e6da18ff1753a38
1290,D_32467_53,exact,2,2.0,explicit_score,6bc54f13bea593dc5e1c8e6b16249e669d1ce99cbeac65f2a10f36e1d86f1fd4
1291,D_56583_98,exact,2,,numeric_prose_review,c1b4d4b12af550bccbb1de3a3202fce4f3edf561e1028e2607a38ceedbb56451
1292,G_93812_left_2595,exact,70,,numeric_prose_review,994e2613ff4a41f5f08c3eb4b363870744f28f182dffaf23eca2ad987597f044
1293,I_56583_63029_right_s,exact,2,,numeric_prose_review,c86f4b01b76cfb71dd5ed5d1dd7ba7a8d7fc9f56ae34311c3ee4ea5795ffd1ed
1294,D_83742_234,exact,,,no_numeric_score,f105fc1f8e085681dcda2edd63a7c591c6d235c4421aac87c39efae564012a18
1295,D_14493_10,exact,20,,numeric_prose_review,2e0dd1e6cba9618ed2a33e9d8808c9a4108db86773f2a50733a8aa8baecd1ad3
1296,I_24101_58398_left_x,exact,2,,numeric_prose_review,0c2b506ee0e72d5556a0181f2e87f0aab3f7d2ad6853e7eb5bf004038c1bf0c5
1297,G_20294_left_197,exact,1,,numeric_prose_review,6cd5b12b8f615ee9b7650dbb6a56fd2cf93a1ccef87eb565e1fdfe56aa14d172
1298,G_93812_left_2638,exact,100,,numeric_prose_review,26d2ba6b7d58077ff9447b81f65c8d0f46ccdd177f3097c3770dba4f1d696aee
1299,G_65052_left_1746,exact,70,,numeric_prose_review,af0a163978e0610e1b9ae50c008b3c838567d08babab7e05c58ff1d3a7d18e95
1300,G_99775_left_2880,exact,70,,numeric_prose_review,d26470e19442eb4e2f986af91114d6de04fb48b4a7f1fc3cb6a5baa1b2929c31
1301,G_83742_left_2266,exact,70,,numeric_prose_review,93ac3ceae2965daaf4770db93fbc25e81f337e46a3950bed882bd203dc834123
1302,I_14493_65052_right_s,exact,7,,numeric_prose_review,f86318f860bfe809c08e69d8123cb895783db112f077816eeedd01dfdcf0f761
1303,G_14493_right_118,exact,,,numeric_prose_review,3900a8206d2161761abc7dd8c427a813919de0344c46c9b6b0a1f405b629fbf3
1304,D_56583_97,exact,2,2.0,explicit_score,6bc54f13bea593dc5e1c8e6b16249e669d1ce99cbeac65f2a10f36e1d86f1fd4
1305,G_43210_left_605,exact,70,,numeric_prose_review,43093f0ddea663815b32e829d32b2295240675eb624d845489b9ad2831e126f8
1306,D_57833_129,exact,20,,numeric_prose_review,c91dec658729e9d397cc8e6e359598642de3ea11dc5495e365d06881ccd687ed
1307,I_63029_93812_left_s,exact,,,no_numeric_score,ef7b002b8832943b3c6fa665aaa54f58b82344a49278623908d76630621d4c97
1308,D_43210_68,exact,,,no_numeric_score,fe1f45b4384a508218ee12d5682a604ac7ecbee533e2b63750bdfb99c69e5200
1309,I_56583_76957_left_s,exact,70,,numeric_prose_review,41d572ee0a0af11c0e70da082a41288b24ad0e4a59dd2ff8748e002fa965385e
1310,G_58398_right_1319,exact,70,,numeric_prose_review,af0a163978e0610e1b9ae50c008b3c838567d08babab7e05c58ff1d3a7d18e95
1311,G_93812_right_2642,exact,4,,numeric_prose_review,2d060042d262fa3fdf33438efe44f84529e75aa21d6c7fab2f490cf9edef5b66
1312,I_76957_83742_left_x,exact,70,,numeric_prose_review,25f8e02e96a660cf783590b6b22dfbe8cf570545180dc5a402e993c0c388c23b
1313,G_47904_left_823,exact,,,no_numeric_score,ff9faa7dc00b20fec5b3a30bc8fb9e3946abb2c1cb3c6e52b71caf672c85b721
1314,I_20294_74850_right_s,exact,20,,numeric_prose_review,dc934fe30a942bca07b4c288b4b3e48aa79a717d6db2b586553cd2416dc8b9b8
1315,I_76957_93812_left_s,exact,,,no_numeric_score,b11c5d47836b9f9b9e15b4a3486ebc588223627461434e24233a6cb788afad6b
1316,D_32467_55,exact,20,,numeric_prose_review,557937085574940fe299ef5c07cae98e3a52a90368a1bba22ea0fad171d4f226
1317,D_57145_111,exact,,,no_numeric_score,5809901f1700de3ce89ce8221ba9b546a4ec824e0bb569a41c7d0e8868ee0762
1318,D_74850_206,exact,70,,numeric_prose_review,99c333e38d92e2fb92b446d3fe799a85840ee62379d64cfbf2493043dccb4c7a
1319,G_14493_left_5,exact,70,,numeric_prose_review,24f62e232b593c7bef5d587462ee89db512ce3d3a422d8057770f18f768b2fbf
1320,G_57833_left_1129,exact,,,no_numeric_score,e8cad6e869300ead40c956b8c7d213d84b1ddb75179edb0a1ad8f8036fda9162
1321,I_47904_96608_left_x,exact,70,,numeric_prose_review,6fda15edd5c5f6e8dfe34b7269d89238e1d2e72a49ae2f2c0014cd56b0b73f70
1322,D_83742_238,exact,7,7.0,explicit_score,a50aa8b9a9806899e1d67d0d09c1ce40221cb0dffc52483e8e6da18ff1753a38
1323,G_89171_right_2585,exact,,,no_numeric_score,183cc6ef37a6f0d1a7f916b53b461c4136d1bb58b4e22855737673226e6d7215
1324,D_57833_131,exact,70,,numeric_prose_review,5b6c03fc6a230f14fbb7b96be27ad51be1ee293a43fab5691f89d4296870e417
1325,D_96608_286,exact,,,no_numeric_score,22301d4397aa1a0f3660b48c6839d1f1047c50bfe47a120e25ebf9b070a823d0
1326,G_96608_left_2699,exact,,,no_numeric_score,3c74902dd1f4bd670af6c53aa130e1ed61f6c90e690fa17e19a8e6c0d49a8801
1327,G_58398_right_1331,exact,,,no_numeric_score,a378cb9827c0902cb85f8674a3446427fe62ea0dc75a762e08f12fc08ffdb264
1328,G_99775_left_2893,exact,2,2.0,explicit_score,6bc54f13bea593dc5e1c8e6b16249e669d1ce99cbeac65f2a10f36e1d86f1fd4
1329,G_58793_right_1436,exact,7,7.0,explicit_score,7902699be42c8a8e46fbbb4501726517e86b22c56a189f7625a6da49081b2451
1330,D_57833_125,exact,,,no_numeric_score,7d9aa2c1e9dd3e6c9e072e11e36bba319d5d283fd7326fbbef1b0a6b56473be4
1331,G_27295_right_396,exact,2,,numeric_prose_review,0c2ac5593ff5a9bd314a5ae08e604a78f6ee23a312f2d259d4d740060184cc22
1332,I_63029_74850_left_s,exact,,,uncertainty_or_refusal_review,8f14f016e38fa43ec5db953abf91e36f74c2ada31c43a31d9e9b51a6b6676c26
1333,D_87757_241,exact,,,no_numeric_score,be4ca69ca8e964eaeb83cc36f74a38c49238e2d9a7c2f6a3d5b409004680e351
1334,D_74850_215,exact,2,,numeric_prose_review,d04047d8eea14231b92a6765d9da511f6909a5bdfb51c7140c50289f6008d714
1335,D_65052_189,exact,70,,numeric_prose_review,6c7631da5f3e090e83d9fa32e18d0172e3323fcfb8a963e1f23b7e3e74f55a60
1336,G_83742_left_2220,exact,20,,numeric_prose_review,de170466ba115c0599016af451c363d941e46b777cddfe4ee452eb8e5550100b
1337,G_65030_right_1690,exact,,,no_numeric_score,dd360729155ec3827c75fd7a506143d7d6a95be65e8534a15cc4409f03c8e7e6
1338,G_57833_left_1147,exact,2,2.0,explicit_score,6bc54f13bea593dc5e1c8e6b16249e669d1ce99cbeac65f2a10f36e1d86f1fd4
1339,D_87757_250,exact,70,,numeric_prose_review,175a7ce11c88d667363d7a20b8f273cb33301d889d40fdd028324de1dfb7685e
1340,G_96608_left_2717,exact,,,no_numeric_score,0b726188c55104166170fb1017aa7b6b2bbb78d7346b20d94238ed637c4add2f
1341,I_57145_83742_left_s,exact,70,,numeric_prose_review,a2577085f6605a50051d5c86bccc52065b3b62e918e5accbf341ee0e5f376979
1342,G_83742_left_2262,exact,,,empty,e3b0c44298fc1c149afbf4c8996fb92427ae41e4649b934ca495991b7852b855
1343,I_58398_87757_left_s,exact,70,,numeric_prose_review,af0a163978e0610e1b9ae50c008b3c838567d08babab7e05c58ff1d3a7d18e95
1344,G_93812_left_2620,exact,,,empty,e3b0c44298fc1c149afbf4c8996fb92427ae41e4649b934ca495991b7852b855
1345,D_99775_299,exact,70,,numeric_prose_review,e666e0bb6939e05749e80a0dc37cc32c2480da75e326361c03d5877995a46574
1346,D_69658_196,exact,,,no_numeric_score,e26b57c1ff9da430bcd58ad54769cd524b61be1fc1339b1151b3a3a521c182d0
1347,I_24101_76957_left_x,exact,,,no_numeric_score,a57c725247fb5e61af34fae288af38055d9e3467e645e8e96e639f9a1bec57d4
1348,I_24101_69658_right_x,exact,2,,numeric_prose_review,482109b3c3bb0f427add87ac1015941b74543d9b3aae75ed063dde9e682bf2e6
1349,G_14493_right_108,exact,20,,numeric_prose_review,dc934fe30a942bca07b4c288b4b3e48aa79a717d6db2b586553cd2416dc8b9b8
1350,D_24101_28,exact,,,no_numeric_score,41893eb031a00abc4f19d7cf9772bdc08ac6b607454e3a47f3bd1e4d30c6452a
1351,G_76957_right_2168,exact,,,no_numeric_score,9b7a33c327356403600ab8a7c8d2e3ed01c360457e951b7a6b55536a6114ca27
1352,I_65030_89171_right_x,exact,,,no_numeric_score,efe2129ff1d04b0f8db3c05c4c75130147009979b9f3c92f48707d53d15f821b
1353,G_63029_right_1569,exact,24,24.0,explicit_score,855c97bb526541ca312996d5d31dbf3919f1697adb19c714d2e1b7b21c07a24d
1354,G_14493_left_47,exact,70,,numeric_prose_review,de726daa9b5a6fe9ecebbaea1aa603da834aa7c36dd492a7ff9065abecc02a70
1355,G_69658_left_1861,exact,70,,numeric_prose_review,475983c19dc2d5b8d62444280da96fab1f67ed57a035f9d6398e8bba97ed9184
1356,G_74850_right_2050,exact,70,,numeric_prose_review,c24357284f76107c15534f4df3f3d538a29c2dc615f8deffa9bd9e73cf5f1c4e
1357,G_96608_right_2784,exact,,,no_numeric_score,cf9b594b80302d9f68e3430a99830d1c72d2bd3986bfa9f815dc790f42df3958
1358,D_32467_59,exact,0,,numeric_prose_review,4ed4ff995f9f470ec0d5ae907a287929112281ce85fb1044c3d9f751381cb160
1359,I_89171_99775_left_s,exact,20,,numeric_prose_review,0e63bfb5b297fbda70b8985f59ae2b6c00e2c980d7da4d1812219223f3aceb8a
1360,I_47904_57833_right_s,exact,,,no_numeric_score,2204b4b04008056054cfa11e48d2f477624239824b1b5aec26ed8e43f00a43d9
1361,I_24101_58793_right_x,exact,,,no_numeric_score,7f9401a84a2a9bab28dcc821140741619e6caee7a5692eec38213d73a28264f5
1362,D_83742_236,exact,2,2.0,explicit_score,6bc54f13bea593dc5e1c8e6b16249e669d1ce99cbeac65f2a10f36e1d86f1fd4
1363,I_58793_65052_right_x,exact,20,,numeric_prose_review,a3e991ae08ef6c7a05860f354fe6541b58f4321c7c1001a3b694498c39ef5b07
1364,I_20294_32467_left_x,exact,,,no_numeric_score,d69aa91893602a6a7a23c485826aa4f156a2380482582c6d98370f3274818b71
1365,G_65030_left_1656,exact,2,,numeric_prose_review,d655f5f428afee5b18aa45720e4e8a4e0c21a4aba0451494b015a0658275b53c
1366,D_76957_222,exact,6,,numeric_prose_review,47bf565c7aae3e6feb87e48da196f947b0c45351ee72600753379d0d994f4b30
1367,I_58793_65030_right_x,exact,,,no_numeric_score,ced578a11578d47ed27e110b66f843161c8840b370eb3f5da1a8a20983f7e302
1368,I_20294_65052_left_x,exact,,,uncertainty_or_refusal_review,8fb6c37b5bc2809684368fb98c60e96c25d82fb9db37ce78eb3b92904a4c9089
1369,I_63029_65030_right_x,exact,,,no_numeric_score,2204b4b04008056054cfa11e48d2f477624239824b1b5aec26ed8e43f00a43d9
1370,I_63029_87757_right_s,exact,70,,numeric_prose_review,af0a163978e0610e1b9ae50c008b3c838567d08babab7e05c58ff1d3a7d18e95
1371,G_69658_right_1932,exact,,,numeric_prose_review,90a06e4977026f5f35236264d7b778f07d906a3ac3015625865b5fe81c43ea30
1372,G_43210_left_551,exact,2,,numeric_prose_review,3342b7db5f17734b65d90e15e472a4cdc628e803a1347da132a320dbba907bd9
1373,I_24101_57145_right_x,exact,,,no_numeric_score,88fd991f7fe1183fcebdf1ecc4cd7d139008883dd8539c3c0d7957f6ccb72c76
1374,G_32467_left_456,exact,,,no_numeric_score,e3b42f1a0b6293d59565338fbc297561083f7ee34d99937448404e6667c7f288
1375,I_20294_83742_right_s,exact,20,,numeric_prose_review,aa1e4f58b34c6a282fe89e387ad72de880d3703ddf43774364c726d234ee7bd0
1376,G_58398_left_1311,exact,,,no_numeric_score,065e078248440044c5dfc0f64f7a2c49716f2e06a86d3f53197df820ac49ba01
1377,G_96608_right_2785,exact,,,no_numeric_score,4bec249b350e57ace41a0e395b93b0b76aa5bd8fe4ee456116caed8c74b033ee
1378,D_27295_43,exact,70,,numeric_prose_review,f960b337bea2a3e1769ad527e243fe1ad27f916dc35adca14beaef8d170e427d
1379,G_65030_right_1714,exact,2,2.0,explicit_score,6bc54f13bea593dc5e1c8e6b16249e669d1ce99cbeac65f2a10f36e1d86f1fd4
1380,G_20294_right_228,exact,70,,numeric_prose_review,a4d4880679a97928be21e43aa85f8ab522e70507ce4b64dd5adfb813b7d4e915
1381,I_32467_47904_left_x,exact,70,,numeric_prose_review,49d996c7e372c92fe808f08f7698cf85b8fa1a9bd8ea77a1a51719e05cfcd8bb
1382,I_27295_58793_left_x,exact,,,uncertainty_or_refusal_review,c65e8902117cd74c22a5089be330d51e0d001e605ce4ad5627a70d4cc4b9de4b
1383,I_57145_58398_left_s,exact,,,no_numeric_score,fa3a7a7488478f89a33edc98b4aad8ba8323604bbfd3128eba8801a27b375044
1384,I_58398_83742_left_x,exact,,,no_numeric_score,fb76bca41389d71bc43b875a7e6b3101accbd5b1135b6566caf9e25e62a551f8
1385,G_43210_right_662,exact,,,no_numeric_score,93e5c8ba6e9095bed596b1b5c2cb0dd9ae65c67baf60ba76424da6b728ef15cc
1386,I_65030_96608_left_x,exact,100,,numeric_prose_review,23f0602a75301891736a3dc1753a02a1844f4fb662496d161f7c8fa484c265d7
1387,G_57833_left_1171,exact,20,,numeric_prose_review,dc934fe30a942bca07b4c288b4b3e48aa79a717d6db2b586553cd2416dc8b9b8
1388,D_83742_232,exact,,,no_numeric_score,61cb5d5a46ffd882e79795433b399501dff350eb58e4d5f2ce95ca95cfec9bec
1389,I_57145_74850_left_x,exact,,,no_numeric_score,bf72f0a151aa67cf15d9325468cf18a5856cc54e2c692227b366ea3fcc94a940
1390,I_69658_74850_right_s,exact,30,,numeric_prose_review,ac0b5bfe2a265c010aade1da2737ce8aee5a901617c95691f1f183036a2f40e8
1391,I_57145_74850_right_s,exact,70,,numeric_prose_review,ebb85566c1a3919f3832f3105d905f5e6098d766c2eae76abdd146b8bb021439
1392,I_20294_93812_right_x,exact,2,,numeric_prose_review,210e6fefaad89efcb4f63a8a9049ae24d47526f9b22d2eef4679c4732ec7e677
1393,G_89171_right_2541,exact,,,uncertainty_or_refusal_review,296c479c07d08662c8efa4b7d31e64bb5dadb6cb857b0dd3818a92550f9baa2f
1394,I_27295_65030_right_x,exact,,,no_numeric_score,c4a3ff3436c3ca4929c4bc2c0d5c1ce5db0a92a6f68da795b63a7d64a61fd173
1395,D_96608_278,exact,2,,numeric_prose_review,330272344573b7879ecc81a565ecaa0e2c7129bd69168ea2fa49e0868ed9e723
1396,G_69658_right_1917,exact,,,no_numeric_score,700418c3f072fe00abc7b25ace8a957e821dde3ff5644171b9134ac2fc05a79a
1397,G_58398_left_1297,exact,70,,numeric_prose_review,a4a939d8105699a13d3438e62e7aba4f9731bfca3693b7f82cf253ff48b60dae
1398,G_27295_right_405,exact,100,,numeric_prose_review,bda5b4c58db01268ae3100625943bee13e9e477ba44d64d376b0cc8c58ddcddb
1399,G_63029_left_1552,exact,70,,numeric_prose_review,f504ec2a189d30171086b533079bc874dd143f53b723a0411025ee2f3154372f
1400,I_14493_20294_left_x,exact,,,no_numeric_score,f8ea1ef7f62eb4bfa4ec70b1f5bc29caa4a6f1168cdd6e816611215f31d4ae77
1401,G_74850_right_2020,exact,,,no_numeric_score,776a252ce65a17723343983957a28ed6d1b430698371b19f4ee13ef80ae85907
1402,I_58398_65030_right_x,exact,70,,numeric_prose_review,2b2d027da7942f302ffb054b7980a883edc400736294d3a651efd7d99fc5d58f
1403,I_57145_89171_right_s,exact,,,no_numeric_score,5d2ced81e780f171d1cee8d100fca8840d5772a41f954ef2146d77b1f246d7ad
1404,I_47904_58398_left_s,exact,,,no_numeric_score,23b0e832da0cf179bc5a4eb35b00a889faafa71769f8f51219ebf581fb7fa438
1405,D_44595_83,exact,,,no_numeric_score,f2d21cce0802d9f032455754bb90c7374a692923933418d84a4e3f0e64326b45
1406,I_20294_96608_left_x,exact,70,,numeric_prose_review,2d52334ca822b6347017a84629660bcbe4dc9e6986d244493216224dc567c221
1407,G_44595_right_776,exact,70,,numeric_prose_review,e9e16e17afba7f095130fdd98d13951511cb0fe7d86a8a1aa5e1817914288fb3
1408,G_56583_right_935,exact,,,numeric_prose_review,a9a09b8d8d18267af3a87afeb4ebc2ab8ee6d4f3d7dcd8a508bf72841d12d581
1409,I_47904_69658_right_x,exact,,,no_numeric_score,c87c48a2d5f10df45cd8884c2ff2edc43920245f06c51cb3e0e49f45c46026ce
1410,G_69658_right_1943,exact,70,,numeric_prose_review,4f761d6dc0ba859c4cb0e5d995d8a9b241337d4f14531d14c5afceaea0414db1
1411,G_69658_right_1933,exact,2,,numeric_prose_review,9711370eea19c4532b2d4891c6cd250cd0e340fcb1c1dd3aacae9bae40da4ccd
1412,D_63029_156,exact,20,,numeric_prose_review,dc934fe30a942bca07b4c288b4b3e48aa79a717d6db2b586553cd2416dc8b9b8
1413,D_20294_17,exact,20,,numeric_prose_review,2e4d7663cd8ee59acd6376a40523329c481326d75dafef5e65b8fc9fdcb4bc85
1414,G_27295_right_402,exact,70,,numeric_prose_review,0af28b73e0c01040e25364d41a86d7dcad5c9777598c5267642416ab6d1c6d41
1415,G_57833_right_1206,exact,,,no_numeric_score,727e4d59b6054ec8e12fe3f3c4eb094ea0dd22ebf97f56ca578ce17328aea17d
1416,D_32467_48,exact,20,,numeric_prose_review,c3045f878d2ae4d3e2a9b6f46b1b334316477970c1fa846662951e6f0921dbb7
1417,D_56583_105,exact,20,,numeric_prose_review,24fc5c7ed7d13280d07569b88860da0a4b8994889095efebfa781d21cda77f72
1418,G_58398_left_1290,exact,2,,numeric_prose_review,c77ab162fa2560577b0cb5d0276c579da6acffbe515dcfb5a310b89c639c5f71
1419,G_57145_left_971,exact,,,no_numeric_score,afde6bacf6a9b3be7bb2015e793f4c8bd0085a2a7279f95149a52345a06c295c
1420,G_47904_right_825,exact,7,,numeric_prose_review,9f18407dba88adf2b332b345fbc02102ab12d61699d88c93ae7e066ba0963109
1421,I_57833_65052_left_s,exact,4,,numeric_prose_review,bc6fc7e9eb9adc8279fb18439dcac98164a36931861a1fe15e2b5afae45b01b8
1422,D_20294_12,exact,100,,numeric_prose_review,fa9835d8bbe606b7ea12360ff66a03b5de2f1b478409cf44b91b4e8ae489a3fa
1423,G_76957_left_2084,exact,,,no_numeric_score,9a0ac57fcdc93db823994a20a25dcf9b4157db9c5732cb37e6d880e7f52b68bb
1424,G_96608_right_2800,exact,2,2.0,explicit_score,d4735e3a265e16eee03f59718b9b5d03019c07d8b6c51f90da3a666eec13ab35
1425,D_58793_147,exact,,,numeric_prose_review,edcef7a48941dbd54c620178592efe4a2cc4ca9594ea8d46e398e0b7b8fcec73
1426,G_87757_right_2430,exact,70,,numeric_prose_review,dad4a6043a7f0003b4dd49e4691d55be033a10514633b0430b6c36c0fbe49083
1427,I_74850_96608_left_s,exact,,,no_numeric_score,4b8724058011f265cf1d33a0c637e891efe431ae49f652fd6b0e401182ab6c69
1428,D_32467_54,exact,,,no_numeric_score,7477b47954c78892d2190fff3b697b9dd19a2728cbd7a6b91536faeedf457014
1429,I_47904_57833_right_x,exact,,,numeric_prose_review,8bfafe239a457185129b570d3635e33c48fbe3101784cdc165497556a8c5b6e5
1430,D_20294_22,exact,20,,numeric_prose_review,dd3f71d456e18511161bdc4a4d3f42010bbe4432a2b46061fa46ae27612fc5c5
1431,I_58398_65030_right_s,exact,,,no_numeric_score,ef7b002b8832943b3c6fa665aaa54f58b82344a49278623908d76630621d4c97
1432,I_58398_87757_right_s,exact,70,,numeric_prose_review,af0a163978e0610e1b9ae50c008b3c838567d08babab7e05c58ff1d3a7d18e95
1433,I_58793_87757_right_s,exact,,,no_numeric_score,e3623f86b1a4b6ed1ef35e1a77d7d51d4ecf870b7035c5402a5d837a8d32b420
1434,G_58398_left_1272,exact,,,no_numeric_score,453894718f2f7a3957f9c3e28ee312433ef6dde6be04acfc5345dbde51c4d35d
1435,I_65030_96608_right_x,exact,,,no_numeric_score,768214bb54e2f33ddb816f7b9b09881bd4306dd6ce02ef6bcffa8addcf40a3e9
1436,D_74850_214,exact,,,no_numeric_score,aacc7572c5428ed7eb63f687b0c080aadacc6cce3a7aa57acc25e54807084c55
1437,G_20294_left_198,exact,20,,numeric_prose_review,72e64c4c1d116fbd3ef99425b96655441e7592fc8b8501b57b7461496c915452
1438,D_65052_186,exact,2,,numeric_prose_review,deb9e71f3ef6be1fc745513e13efa97dd07416b5e139dcd15549e4f03b14e686
1439,G_56583_right_900,exact,,,no_numeric_score,6441a292d1fb320ea9ebdd0ecd7c1ba9b097fa497cf8efaedda487f6a0aac6d3
1440,G_57145_right_1060,exact,70,,numeric_prose_review,b19ea90ffac0d077e987e06c939f1d24dca091e7062673b3f698f9c8b2283eb1
1441,D_96608_285,exact,100,,numeric_prose_review,0476205eadf8bca2db8876e0d5ccd9dbfe2c42d007b80958604a0be3f26ca70a
1442,I_14493_99775_left_s,exact,2,,numeric_prose_review,b4189420dd82f35a15f43cd871135c1a8a7ce09409b841c6e25a7318f0c206be
1443,D_96608_282,exact,,,no_numeric_score,b1e58b0c54827f22fab99567dbe8159a3412bd3f51580b2fa20316f0c8e117f9
1444,I_83742_99775_right_x,exact,,,no_numeric_score,f12f197d066ad2ef41af72655304da8d47d239fc82144fe18ecd11897ea62b50
1445,G_89171_right_2552,exact,,,no_numeric_score,866f9fb81dd35e30d4ce2086c0ae00c77ace9b2885c9a17cd9731bcd71a5c392
1446,G_69658_left_1893,exact,70,,numeric_prose_review,801d5551a479df211808b41ff6dc90b77502431a3d87d5b04e3a68d70edcdb48
1447,I_14493_74850_right_x,exact,,,no_numeric_score,223115363d9d3b6134bbe2594444d81527b85e8f62a407dd61d4623c61f15d44
1448,G_56583_right_933,exact,70,,numeric_prose_review,432567d3756efed8a2fee18b2692f94abfe67062d48dd5c556b1b534dd7757db
1449,D_32467_58,exact,,,uncertainty_or_refusal_review,a4cb935d8d908bfb0873984ee377b4fef12f04b060166afdb4c6554824412124
1450,G_99775_left_2846,exact,100,,numeric_prose_review,045970a4252bfacb267adfa3ad6a6e3d6fa84b90d850c7ef8078ff357a9e8f5a
1451,I_47904_87757_right_x,exact,2,2.0,explicit_score,6bc54f13bea593dc5e1c8e6b16249e669d1ce99cbeac65f2a10f36e1d86f1fd4
1452,G_99775_right_2918,exact,,,no_numeric_score,89de3aed35fa016bae8c2b507a70bca332641ee95418242025e78e5fe7c8cc7c
1453,G_76957_left_2117,exact,,,no_numeric_score,8a7dd227360098679f3c2467c398f4badc633c7dae57f4e1f8ffd8cad1e2b5e0
1454,I_65030_89171_left_s,exact,70,,numeric_prose_review,0a1920b05f385a75326b7ac5d0e264128ddcf8abcba32872d49f86fb565016a6
1455,D_65030_168,exact,,,no_numeric_score,88e14604d0dc32c49d85db1dea8338ebe7eab55c3bf337dec29a70272aa4e155
1456,G_32467_right_533,exact,2,,numeric_prose_review,a341b736702eedab1861c8cc3ef298ebfa1aa7b1774b33bd336f222def80ea88
1457,G_14493_left_36,exact,,,no_numeric_score,4626d6233b33969a16ec9b5ee0c978abd2a4cc94578e8dc00337e6016edaef84
1458,G_27295_right_370,exact,,,no_numeric_score,ec9d20779cdc26f7439000921bb5f517e4272f8c854b892eb5c53e8e97148a7e
1459,G_65052_right_1809,exact,70,,numeric_prose_review,106772c6ae188e98bbcaf69999c06abfa426f6d9c2643ed1db608351ba698a07
1460,G_32467_left_427,exact,2,,numeric_prose_review,77a215066834393e7a8cfd7e02dcbb724028740461f4286e7a243da132d7301d
1461,I_93812_96608_right_s,exact,,,no_numeric_score,5ed64f959aed20f4e5ab79bc97f68638a4935925b6ce553819a7d6e636b7f42a
1462,G_89171_left_2518,exact,,,no_numeric_score,207455855276b7d83909796c824565aba08c43125953ac1c6633a984980fb55f
1463,I_43210_69658_left_s,exact,70,,numeric_prose_review,af0a163978e0610e1b9ae50c008b3c838567d08babab7e05c58ff1d3a7d18e95
1464,D_93812_273,exact,,,no_numeric_score,23bc3b0637b3d93d0e4be5c280bc2e04e09a5fc714477d7d26e2c71e579b8edc
1465,I_47904_87757_right_s,exact,4,,numeric_prose_review,e68ca60c8abc95616dad3035ede43841fe0542a81e88804e3b329c4254d2fd6a
1466,G_99775_left_2843,exact,,,no_numeric_score,5d2ced81e780f171d1cee8d100fca8840d5772a41f954ef2146d77b1f246d7ad
1467,I_14493_32467_left_s,exact,20,,numeric_prose_review,333374400261fe1ba3f8c23e41a7acdd2705cc8d8c7314ed08e24b2f0f3f8478
1468,G_96608_left_2718,exact,,,no_numeric_score,20effd32798a4e9c9597be66f03a396675a7135b9f5441c8970373a3b4355925
1469,G_57145_right_1051,exact,,,no_numeric_score,e8cd43fbf720f18be00349df59b9ff56fd84082296e7c0e058ccc95295c1ce6f
1470,I_74850_87757_right_s,exact,23,,numeric_prose_review,a3cbf8b9cfa4ad1aae1ff3b9b314cc323cbdd06578484e2dc6de74b2f4351a76
1471,G_32467_right_526,exact,70,,numeric_prose_review,3d30f3d615037fffa4b633d57081556ad18d32736c800f3756a91ed7b5499e8a
1472,D_58398_134,exact,,,no_numeric_score,b8042973160cf384e289c93a3f06ed5f0e62a58deef449d7f66782daa41c61fe
1473,I_27295_74850_left_x,exact,70,,numeric_prose_review,011e0ba65dcf9aac7524df89f77b9429876e346bd72eb79adb81a5a4601ed50d
1474,I_65030_76957_right_x,exact,,,no_numeric_score,e2f9e73b945147bfbf1899436ed82dba41b6dfcf8ed12a0b161b2b382ad8efd9
1475,G_43210_left_598,exact,70,,numeric_prose_review,d5563605c73c05416e964f3ac7aa661a9624f91e46221afadc27b36baf9ff28a
1476,I_20294_87757_right_x,exact,2,,numeric_prose_review,f4d82d032f20589e403da11fa3da9b3b0c92248d19c1f037d2ad17a310cc26c4
1477,I_14493_89171_left_x,exact,20,,numeric_prose_review,7cc29653263ad6b3e66e6bf2ee2ba9a0d1f13eae7fdcdfcdffb0968033169150
1478,I_74850_99775_left_s,exact,4,,numeric_prose_review,2552f30c936968008875c1fbc795767e9ddcd62c3eafa77c5478a4bf48aadf5c
1479,G_83742_left_2236,exact,,,no_numeric_score,dcc885c601c030fb5ca5204f3d30c1fc75e55372f8c4851a292a938b6c5135fe
1480,G_87757_left_2395,exact,20,,numeric_prose_review,7ffe171a4e548bfbdd84e45b0dbf51814ef1cfe25f062bae2d25cb1f0dbf426a
1481,D_57145_113,exact,70,,numeric_prose_review,ee9838434ae973f84fc3ee2177d624c0cc239d7f60893c930a5fdfedc5e5d174
1482,D_87757_249,exact,,,no_numeric_score,fee36d1313c997e579b4e23e9e1c059b2e3d42b37802313c40fb6f40d100f966
1483,I_65052_74850_right_s,exact,2,2.0,explicit_score,6bc54f13bea593dc5e1c8e6b16249e669d1ce99cbeac65f2a10f36e1d86f1fd4
1484,I_24101_32467_right_x,exact,2,,numeric_prose_review,2cc469b6e6d386520c2887dd44e07fc005d40895111f617b129c44150bf4ae19
