source_record,pair_id,id_status,stored,derived,parse_status,raw_sha256
1,D_43210_63,exact,A,,uncertainty_or_refusal_review,05dcddd1df02658f15d9ade264eb5f4cc3a95cf29c36f39748dc96a812531198
2,G_58398_left_1287,exact,A,,contradictory_review,9da013a376f93d81ba7fe50813d3fc3827a4f9094ca23b5115509139d82487e1
3,G_56583_left_842,exact,A,A,explicit_text,85a39ab345d672ff8ca9b9c6876f3adcacf45ee7c1e2dbd2408fd338bd55e07e
4,I_14493_83742_left_s,exact,A,,contradictory_review,1fa8b52b9ca935dec33bebe8483ce18abef5b4f5611b52292a71f4ca3b049993
5,I_57145_65052_left_x,exact,A,,unrecognized_review,22de9469b6202d037a51ffd79c882ebdfd8239dff5db96ad4e7b7544605c36cb
6,I_56583_93812_left_s,exact,B,B,explicit_text,70307be4b69e7a70d88c458081673e449d4707f68a13bbecbb8ebe60afbbf9f1
7,I_24101_57145_left_s,exact,B,B,explicit_text,84f0c45b1fccd8a3c3b9d08f814978695444375fee7e814c4c721c86ce223047
8,G_83742_left_2229,exact,B,,unrecognized_review,dff671af5ab783cf76ab907429b09948c9baf8e4bc2316a05903fed5cdd178c4
9,G_57833_left_1183,exact,A,,unrecognized_review,4c26723c387cb913bd11307fde29bcf6501dd2bfe2c6368dc95e093aa9e788db
10,G_69658_left_1866,exact,A,A,explicit_text,85a39ab345d672ff8ca9b9c6876f3adcacf45ee7c1e2dbd2408fd338bd55e07e
11,I_24101_57145_left_x,exact,A,A,explicit_text,85a39ab345d672ff8ca9b9c6876f3adcacf45ee7c1e2dbd2408fd338bd55e07e
12,G_24101_right_301,exact,B,B,explicit_text,70307be4b69e7a70d88c458081673e449d4707f68a13bbecbb8ebe60afbbf9f1
13,D_56583_99,exact,A,,contradictory_review,73459f1c1774e3ae0d24e33b9d7ef444ba9a1a61d68c8653489c207e3b506175
14,G_63029_left_1482,exact,A,,unrecognized_review,6442eda5ddeb81ff7758a61ea8b18cbcb67e73a67028ea2ff64880c28f077a7a
15,I_24101_87757_right_x,exact,A,,contradictory_review,a10fdedfad1b3827c137476cfe45ae7dddface9d17838e21c7fde6f46df7586e
16,G_89171_left_2506,exact,A,A,explicit_text,85a39ab345d672ff8ca9b9c6876f3adcacf45ee7c1e2dbd2408fd338bd55e07e
17,G_43210_left_580,exact,A,A,explicit_text,85a39ab345d672ff8ca9b9c6876f3adcacf45ee7c1e2dbd2408fd338bd55e07e
18,I_44595_47904_left_s,exact,A,,contradictory_review,10870629a6dcaaf2f0582cd772ea0bea3fa40b6fe9bbe98fcef9ef0978fcac82
19,G_44595_left_742,exact,A,,unrecognized_review,28feb9420834e24b0dbb3f0a22abae9664d03dcaa3781fb47c6512f1cd41ec97
20,I_89171_96608_right_s,exact,A,,contradictory_review,8f319af173f8753f526261fa2f8fc13ab6f423b75ed782f6c2a6486276126651
21,G_65030_left_1658,exact,B,,unrecognized_review,1879b6608872a2d1a5b0e30ccbb152deb46409e78c38ead6ce65f1848ad1a586
22,I_65030_65052_left_x,exact,A,,unrecognized_review,edb489835a669eae4f9b71695fe2d292dfb6445089f89644a2b16bb14d5c266c
23,I_20294_47904_right_x,exact,A,A,explicit_text,1b7a09a3b821aa28ceb74d5cdfe18af6fe5ddc12ca0957e3281812b1c7899837
24,G_20294_right_224,exact,A,,unrecognized_review,937791ed28ca6e8f1d6e9160c9b9b6f51498c42be2c1ad2c7b4a1d8982abfe7f
25,I_47904_58793_left_s,exact,A,,contradictory_review,c356820f292f030cd43a6bbbf5a0637f29f9375d587ca57457717149fe45b7c4
26,D_44595_73,exact,INVALID,,unrecognized_review,57b1e6ac3223a73d66f9cf0a39e2c0ae1aab5f7cdb03b6d966893846ca20c932
27,I_56583_96608_right_x,exact,A,,unrecognized_review,feffdffd4986bfa8824c365efcb6e84e29e98ef497eb32af3e2fea80094a7278
28,D_14493_8,exact,A,,unrecognized_review,0eb403e214f5f4f7c8e201375eb5e43925c885b23275ffaa96e4dba72f692593
29,D_47904_92,exact,A,,unrecognized_review,589fadaf3291c70c708730d9ff30e248f09b081a1dfab3f015d18daa40a13183
30,I_32467_43210_right_s,exact,B,,unrecognized_review,7a52221b1e5fc1694db224326c12b5029101767dcd83c58b15f2007d38806f83
31,G_74850_right_2037,exact,A,A,explicit_text,85a39ab345d672ff8ca9b9c6876f3adcacf45ee7c1e2dbd2408fd338bd55e07e
32,I_32467_65030_right_x,exact,B,,unrecognized_review,4a0e55a47c823106f895949a0ac5b5f05b68c332c43960f2c4b5e68c309ece12
33,G_20294_left_134,exact,A,,unrecognized_review,19a31ea456f5fd0f14108e5085374c2aa1b211be31d8ccfb05088a08336307da
34,G_47904_right_832,exact,A,A,explicit_text,1b7a09a3b821aa28ceb74d5cdfe18af6fe5ddc12ca0957e3281812b1c7899837
35,I_57145_89171_right_x,exact,A,,contradictory_review,0e898f6ef4c0a15c509e47bdec8b3ab9afe640d0d4171e8914756aa695758115
36,G_76957_left_2098,exact,A,,contradictory_review,a5de9193508257d71783767ed95737b53bb3b234552e2ff49b23047b1b429e49
37,I_14493_20294_right_x,exact,A,,unrecognized_review,1f873d16ed562a5b578602482029fe0c330620533a9eddfe7de3e87e849cf77b
38,D_76957_225,exact,B,,unrecognized_review,ce66c6da6e0ba6fd9192ea4138dac842b4cdce93be5550a68c69c17ac5db8fd7
39,G_76957_left_2119,exact,A,,unrecognized_review,8194b784d432d99d8c1b4734671d2f9632ec5a63901ac94fbc16fd69bce82919
40,D_69658_194,exact,B,,unrecognized_review,2877b252d8118899c9d7a26a4b6559b26475d5d88e2803f57b072f138a01a178
41,G_32467_right_505,exact,A,,contradictory_review,724d1da4d7f1c45fe630f805ac21bda2bb77223b703f28da6ca82044980d76b9
42,I_47904_58793_right_s,exact,B,B,explicit_text,44e15a04e706f5a21c590cd0131273fa5bb852b534783f6b75a227752daf5e2b
43,G_74850_right_2026,exact,B,,unrecognized_review,450710dc7bba2946fa97a14b381e857235d6bc54b75ed857ec49d38c93a9a651
44,D_89171_262,exact,B,,unrecognized_review,ebc88bfdb69b3dc698d216c0563686fa3e1c8cc6eb5b91066873647226295756
45,I_57833_89171_left_x,exact,A,,unrecognized_review,17cfb9549b2299137070196c5e983e9ee3a011c873e2f748be273a0978e41e76
46,I_74850_83742_left_s,exact,A,,contradictory_review,ff5238b7160d011bfff54564c0b22f9937056e56c21e5d0dab3885f6cad7e3e9
47,I_57833_69658_right_x,exact,B,,unrecognized_review,1ad5462164cea9d59325ede25955031c2154026d92cf9c829cd3dd58538366ed
48,G_74850_left_1998,exact,A,,contradictory_review,157c2ed6dd23301cdba12a675725979a40261b1ac70d8cc05c13c48e038160f8
49,D_83742_228,exact,A,,unrecognized_review,a61a716e1f247c6a032952b5d7b3a1db714022e19dddc73b96511b420f31594b
50,I_43210_56583_left_x,exact,A,A,explicit_text,85a39ab345d672ff8ca9b9c6876f3adcacf45ee7c1e2dbd2408fd338bd55e07e
51,G_43210_right_633,exact,A,,unrecognized_review,5d2ced81e780f171d1cee8d100fca8840d5772a41f954ef2146d77b1f246d7ad
52,I_58793_65030_left_s,exact,A,,contradictory_review,f428827432d06c4c6916133a112ed21dd282fca8b95caedf51f82019eb9e7936
53,I_57145_76957_left_s,exact,A,,contradictory_review,f560121a6f7fd88fc1957a75939d301d9f732c1887013f05ec4d246d08e11959
54,I_14493_65030_left_x,exact,B,,uncertainty_or_refusal_review,f83caa3e2229350c16526598667b833cbea8633913060eb952ab7dbf65b90ddc
55,G_65030_right_1681,exact,A,,uncertainty_or_refusal_review,2d824dcf94d336a6817382d41a5596cb32b21a087f17822c6431053d75385a91
56,D_58398_142,exact,A,,unrecognized_review,37e586c9f02450a396fcd04449428a4122557eb55d30d06dcb86846c9dde3a1f
57,G_57833_right_1228,exact,A,A,explicit_text,85a39ab345d672ff8ca9b9c6876f3adcacf45ee7c1e2dbd2408fd338bd55e07e
58,I_43210_74850_left_s,exact,A,,contradictory_review,564c8516058a658641eb98373fcf26949c0d6a6a361eb8d46561830005c0f5c6
59,D_14493_9,exact,A,,uncertainty_or_refusal_review,7bbc8c09b8a48097003b8009487d9689e32b1f0ae8cb1635ba99ac23d26bf50a
60,I_43210_83742_right_s,exact,A,,contradictory_review,945b1a5653f651a98db8bf888f20e456d7c6786ba678f6ddef0ce87592a4b148
61,G_96608_left_2728,exact,B,,unrecognized_review,dea77c47c6bb5621c7056d380e1b2ce4c539c6466df22ec02ae4eb00e791b0ba
62,I_57833_96608_left_x,exact,A,,unrecognized_review,910ebd796041d4d6cec7f63e4ebfdbf62df805c7eddd43bf29f00546e6abed17
63,I_47904_63029_right_x,exact,A,,contradictory_review,f59b20332c26cd5d739540efd3286024c57ef1a1599a44dbb8aa758160783a58
64,I_65052_93812_right_x,exact,A,,contradictory_review,b0a0e34cb09f3730c1aed693090a2fdb22cc60d92ac44dbe5c70b992780fc867
65,I_44595_99775_left_s,exact,B,B,explicit_text,70307be4b69e7a70d88c458081673e449d4707f68a13bbecbb8ebe60afbbf9f1
66,I_24101_32467_left_x,exact,A,,uncertainty_or_refusal_review,a7c054b3d3af4b28bf955b9b6f2b3e90bdd76bc9d49fcd3df21d4f4a9bda27b5
67,G_27295_right_407,exact,B,,unrecognized_review,d490962dc3cefdc7a9700cc4e5aa680a0d1c4afc5e986dbf0e52ab0b818fc53b
68,I_65052_83742_left_x,exact,A,,unrecognized_review,b806c46e66f9882643777952d49cbb82052677b4161870540eaa02f718d755b9
69,I_58398_76957_left_x,exact,B,B,explicit_text,70307be4b69e7a70d88c458081673e449d4707f68a13bbecbb8ebe60afbbf9f1
70,G_76957_left_2097,exact,A,,unrecognized_review,7ad526a6d493392b34679a0752dc400e812e78bb0d2623fec997efbea5e27c83
71,I_58793_65052_left_s,exact,A,,contradictory_review,935fb4eb287df862a2db21b89c5d1a7621ae25129e9c0b885571baab52b1b8d2
72,G_27295_left_311,exact,A,,unrecognized_review,38c59e826983268c66a547e3b1cbdd0920c4cba1cc97f69bfa21c4f686ef772b
73,I_14493_57145_right_x,exact,A,,unrecognized_review,c823de5c567c400b62b89912c851025923ee3a39b9a937d9baa16ad679dbcb45
74,G_87757_right_2459,exact,A,,contradictory_review,863d3f1443fc5fecc65879104e52d145b017a3817f672956d004014b064eb44c
75,D_93812_272,exact,B,,unrecognized_review,2b5536852b90c6fafb3507619c44e842c958fe8c938120a41f986dbe5e2b9491
76,G_63029_left_1497,exact,A,A,explicit_text,85a39ab345d672ff8ca9b9c6876f3adcacf45ee7c1e2dbd2408fd338bd55e07e
77,G_69658_right_1931,exact,B,,unrecognized_review,19d282c2c782dce5e7f3f61f9bf25a56cf88f369754b8093299565ca0b72dd4d
78,I_87757_99775_left_s,exact,A,A,explicit_text,747d39e9fc5cdde1e1fc822c31b31e99db7f403d683f5078f5a6c2616c4e83e6
79,I_93812_99775_right_s,exact,A,,contradictory_review,558158640bf3f7a27cf2489cc36d6b0d43d0f315a850bdf015a11c7d7b036cd0
80,I_43210_47904_right_x,exact,A,,unrecognized_review,7478627d179e597023d7276094aca877df9c3ef6f1475ac5a12bbb1f84103f5f
81,G_58398_left_1293,exact,A,,contradictory_review,0e99898a5dd9d835fe4e3361e3e7741647957a976f6fa27722e05cfdd0eb6797
82,I_14493_57145_left_x,exact,A,,unrecognized_review,fc7a7306d38ba37df4b0a398ac07c70626aa30a49e39d8a360c606aa8ff57c72
83,G_57145_right_1072,exact,A,,contradictory_review,9dd068042d8a2ca0731f1cea3c9af9ea17fde920ec727f5466eb5cbbab354d65
84,I_63029_96608_right_s,exact,A,,unrecognized_review,3f17ee9b6e839d0cf3a98d3c76172a5f3a1be8e5ed3a876bd6141e55cb60e9ab
85,I_58398_69658_left_x,exact,B,B,explicit_text,70307be4b69e7a70d88c458081673e449d4707f68a13bbecbb8ebe60afbbf9f1
86,G_57145_right_1080,exact,B,B,explicit_text,89f7d798759e13e879e9b8c87de8693da2fbf4708fdf832ecdc81a76ea750e3b
87,I_58793_65030_left_x,exact,A,,contradictory_review,166660801c395261e36e00594dea8af6e9d4fc27d297da882d31ec1fbd542fe3
88,I_57833_89171_right_x,exact,A,,contradictory_review,c2be629bce597022fc5416f1dd89f3656526af53cc0d114cd7ec20a1a793ca76
89,I_14493_32467_left_x,exact,A,,unrecognized_review,58b1ba5d6f541b03af17316a138fb2f6608500511d906ba1e58d8f6bf3b7f88a
90,I_44595_58398_left_s,exact,A,,unrecognized_review,945ce126c46139f917530dd09e70d7d902057d164f9bf902a387e35c54ca7d68
91,G_14493_left_18,exact,B,B,explicit_text,1ea442a134b2a184bd5d40104401f2a37fbc09ccf3f4bc9da161c6099be3691d
92,G_99775_right_2898,exact,B,,unrecognized_review,3c1c641a62bb94102723803af6d89b77f1fe4e15dcef66184ae724f435c2fdd9
93,I_27295_58398_right_x,exact,A,,unrecognized_review,d05b09277d541f785f05f88ac021bc43fc3ef761d6db92bcbac7f6498c9874c5
94,I_32467_57145_right_x,exact,B,,unrecognized_review,947b1db6811ebb3dd4ca26b3a7cf3c6a087191f6ad674aa19e617be865d4cf9f
95,G_20294_right_240,exact,A,,contradictory_review,b4e3f8b3b9de5ca7e8f73acd3cfecbfd2d76ae0e4893c2ffdd02fe203cff2f63
96,I_27295_93812_right_x,exact,A,,contradictory_review,d277632fedb6742eef0b997f0ebe7ac90236c99188269e40e19fce9ac6aa0dcb
97,D_69658_195,exact,B,,unrecognized_review,9dd50ba52475849e68156333daa81dfdda1849952b772a29ac933daf81ff38e3
98,I_14493_89171_right_s,exact,A,,unrecognized_review,3bf351d1eebd450b30baf406f7c494b74b6dd1e992f5185a786d6e24a2c358ed
99,D_69658_199,exact,B,,contradictory_review,d96fa25f0273e225d7a8bbbedd67148585d67b64aef2bafe9f51b525b06cf40b
100,I_47904_58398_left_x,exact,A,A,explicit_text,85a39ab345d672ff8ca9b9c6876f3adcacf45ee7c1e2dbd2408fd338bd55e07e
101,I_65052_69658_left_x,exact,A,,unrecognized_review,c823de5c567c400b62b89912c851025923ee3a39b9a937d9baa16ad679dbcb45
102,D_58398_133,exact,A,,contradictory_review,32900c753a265915334b3f8955952b60b2a4c2a075dc2bddc27ae0484cc5f59d
103,I_14493_24101_right_s,exact,A,,unrecognized_review,3581def18d5cfe24ec1b92d59466fa63b5350110cf47d3dfa986c2eff4966bcf
104,G_56583_left_888,exact,INVALID,,unrecognized_review,4a44dc15364204a80fe80e9039455cc1608281820fe2b24f1e5233ade6af1dd5
105,I_83742_87757_left_x,exact,A,A,explicit_text,85a39ab345d672ff8ca9b9c6876f3adcacf45ee7c1e2dbd2408fd338bd55e07e
106,D_47904_90,exact,A,,unrecognized_review,21b79280188c0511489d9151d4670bbc7874411ada2086b119fcf4c393667fc2
107,I_69658_76957_left_s,exact,A,A,explicit_text,747d39e9fc5cdde1e1fc822c31b31e99db7f403d683f5078f5a6c2616c4e83e6
108,G_24101_left_296,exact,B,B,explicit_text,38178a20b470cfd18299fb1593dd4ba706f1a83321dac051d01086efd8b7a96f
109,I_20294_32467_right_x,exact,A,B,explicit_text,45074ee3f5a5b65eea40187ec57a731c1b5cfc2cf4845fcb8351fb51ed0eeb17
110,D_63029_160,exact,B,B,explicit_text,84f0c45b1fccd8a3c3b9d08f814978695444375fee7e814c4c721c86ce223047
111,I_57145_57833_left_x,exact,A,,unrecognized_review,68431520f897d959ed083dc20b33567c2b8819cf01c34e795c1c745fbef19b3a
112,G_96608_left_2701,exact,A,,unrecognized_review,9d7bf6e9fa46e07b5ded95df72e8f278007bd628c43f1a5e791e8ed9afad1d11
113,I_14493_32467_right_s,exact,B,,unrecognized_review,7092cd4fd9e39fb7bc33f2220f56ab6848dfd4781100ace4a6829b6ba842a48f
114,G_69658_right_1939,exact,INVALID,,empty,e3b0c44298fc1c149afbf4c8996fb92427ae41e4649b934ca495991b7852b855
115,I_58793_63029_right_s,exact,A,,unrecognized_review,83c760e4c2a6e39a35030f2c36e54f8e1c6f11a4ecd4723bd838a43f88112064
116,I_44595_96608_right_x,exact,B,B,explicit_text,44e15a04e706f5a21c590cd0131273fa5bb852b534783f6b75a227752daf5e2b
117,I_44595_87757_left_s,exact,A,,uncertainty_or_refusal_review,4e277cad879acc2dd8a7cbf1445d81372af7a6184478a62af759233932d4d836
118,D_87757_240,exact,A,,unrecognized_review,5d2ced81e780f171d1cee8d100fca8840d5772a41f954ef2146d77b1f246d7ad
119,G_20294_left_195,exact,INVALID,,unrecognized_review,32ebb1abcc1c601ceb9c4e3c4faba0caa5b85bb98c4f1e6612c40faa528a91c9
120,G_27295_left_309,exact,B,B,explicit_text,89f7d798759e13e879e9b8c87de8693da2fbf4708fdf832ecdc81a76ea750e3b
121,D_24101_32,exact,A,,uncertainty_or_refusal_review,4b5ee17da474b8a908f6b14ab645a3a75dccd6dfe7282268945928871a635be2
122,G_76957_right_2160,exact,A,,contradictory_review,2fa9840a24680a8dcdb0834ba5c55f4c21656e2d1b12f6c1b36d26e2d60f099c
123,G_14493_left_57,exact,A,,unrecognized_review,12bc8e48eb022e5e06012567f364e5c0a64fa94a82b12922b69a0df055e8de3f
124,I_43210_56583_right_x,exact,A,A,explicit_text,85a39ab345d672ff8ca9b9c6876f3adcacf45ee7c1e2dbd2408fd338bd55e07e
125,I_65052_76957_right_s,exact,A,,unrecognized_review,ed16bda3443bec40bbee60cc7f55e2708b6b96abc923a17d43dd2a7adc804a17
126,I_57833_58398_left_x,exact,A,,unrecognized_review,197bf7f5bdd448d21bbc845935e64a9937dab7cfb8600b3033e7ca0b884783b7
127,G_83742_left_2253,exact,A,,unrecognized_review,817237dd8dfcae1dac3703eac0c979053d372a6d5b1fb04dbc1ac4ef1fd3b249
128,D_20294_20,exact,B,,unrecognized_review,d96a87d7bfaee0df404235085db48bfdf6a62c53ed6400f55920c3d08ede627f
129,I_89171_99775_right_x,exact,A,,contradictory_review,1f3b1d124f97e1dcdda8e562a4f3a44fd091efea4bdf1f0da5e3c373a6c10a96
130,D_89171_258,exact,A,,contradictory_review,75f41bc3af52b83808e18eb0f640b54439239b4a5226f2d9f2fad75a6308cd56
131,I_47904_58793_right_x,exact,A,,unrecognized_review,fbc8869e0217e39c7984201f56c25ef4762759840689cf36316c4a05d9987a68
132,I_47904_63029_left_s,exact,B,B,explicit_text,70307be4b69e7a70d88c458081673e449d4707f68a13bbecbb8ebe60afbbf9f1
133,I_63029_93812_right_x,exact,A,,unrecognized_review,d2b7eb9e6119f7c435c4e82dbcda34b2106a6472a8359cc540ddbec3a5f10cf2
134,G_58398_right_1356,exact,A,,contradictory_review,f23ad1d1b70ff867d78fca7f89d61eaacd61e8fa66a105561bcbd1de946a4ed3
135,G_93812_left_2619,exact,B,,unrecognized_review,0ced12a54de4575c9747ac0b129e7b39655bc46a5425d154137811085c0d6173
136,G_57833_left_1150,exact,A,,unrecognized_review,d8bbd987d7b1e9585bacf518ec2d35a0447c239c25ace602c781eddfd9d22ac3
137,G_57833_left_1152,exact,A,A,explicit_text,85a39ab345d672ff8ca9b9c6876f3adcacf45ee7c1e2dbd2408fd338bd55e07e
138,I_47904_69658_left_x,exact,A,,unrecognized_review,a361d666c931c06ad8b438ec933728fdb26497392fa635b69ae6c2e407d78ede
139,G_47904_right_834,exact,A,,unrecognized_review,fab331ce88327c35b21060d1972a48ffe9e45ec7978bef6e6a75746cdf7ef77c
140,G_58398_right_1352,exact,A,,unrecognized_review,feb25be3a4619d3c02b442a8fd152a6a4c140eefdfe5fa5d0b66d1a219696c40
141,G_14493_right_114,exact,A,A,explicit_text,85a39ab345d672ff8ca9b9c6876f3adcacf45ee7c1e2dbd2408fd338bd55e07e
142,G_65030_right_1685,exact,A,,contradictory_review,b4004f2526b256da1caa2f6701499361835eb8f8ffd18ba134307f3355f0ca2d
143,I_65052_96608_left_x,exact,A,,unrecognized_review,fc8f07baa29598a942510f5f11fe6d0ecf806231772a5ed76ed4a3784ac4773c
144,I_43210_57833_right_x,exact,B,,unrecognized_review,f8ee262d46c99f667722b4e995a042f4e4dc8631186bf0a8c3137a8bf309b35b
145,G_93812_left_2587,exact,B,B,explicit_text,44e15a04e706f5a21c590cd0131273fa5bb852b534783f6b75a227752daf5e2b
146,G_14493_right_89,exact,A,,unrecognized_review,f5fe9008c9997b4970f96f6c6bfe7e9354186cdd675eb87b94552391c73574d6
147,G_99775_right_2920,exact,B,B,explicit_text,84f0c45b1fccd8a3c3b9d08f814978695444375fee7e814c4c721c86ce223047
148,G_87757_left_2372,exact,B,,unrecognized_review,1ad5462164cea9d59325ede25955031c2154026d92cf9c829cd3dd58538366ed
149,I_44595_58793_left_x,exact,A,,contradictory_review,76b3d52165d0a44feee6b59ddc18d1dca155279eec5cfe6ed5be2b6f58421436
150,I_20294_58398_left_s,exact,B,,unrecognized_review,606c292d31be8a5dd4fdaa1c3cb31882ba6f7b911d841da341ebefdc3a01103d
151,G_65030_right_1699,exact,B,,unrecognized_review,947b1db6811ebb3dd4ca26b3a7cf3c6a087191f6ad674aa19e617be865d4cf9f
152,G_87757_right_2442,exact,A,,unrecognized_review,71de66e51673f4ac90cf42194e2d6ab67fb7fe203005f3d3ff2c33bf65529056
153,I_93812_96608_left_s,exact,A,,unrecognized_review,b0b9c188e4eb9eb4b0ac86e1ea6f342f1747655e9e231aeb7ca96001d1c7d541
154,G_69658_left_1873,exact,A,,unrecognized_review,cfa33c711a3389f63686c899c65763e82744e6acd037c75a638c63d4898b5619
155,G_76957_left_2114,exact,A,,unrecognized_review,642d5b9cb7e7fa6967097187a0398d3f9088be0e310b6b038c0e151e6c2cf8c4
156,G_65030_right_1705,exact,A,,contradictory_review,fc35da0ac16dabfcc7b696f67f4308300a1d2b2284e1c0737de6b0e2a82acbbc
157,G_96608_left_2741,exact,A,,unrecognized_review,7ecb8f599e4388939081f414f03afa694471831430a84c343c8782bb751ef319
158,G_20294_left_137,exact,A,,unrecognized_review,a8a9caad6126bfbdc66a936962caa7b6cd7bee1621744b77b2198957d2b5df96
159,I_32467_57145_left_x,exact,A,,contradictory_review,0c2e03e0efb38ccc310f65627befe31fb13b8e08ba502e9a36df352c401eaa2d
160,G_65030_left_1671,exact,A,,uncertainty_or_refusal_review,fbc9d49aac95d333f028dc7dca7b1c2eafd6b878690b1d6cbab9dbca1734afdb
161,G_65052_left_1738,exact,A,A,explicit_text,747d39e9fc5cdde1e1fc822c31b31e99db7f403d683f5078f5a6c2616c4e83e6
162,D_76957_223,exact,A,,contradictory_review,ae3389f6167c956cab578966458716be0af3bbfc1f67954c3adc509c1ce07dec
163,G_63029_right_1584,exact,A,,unrecognized_review,962f226b5140077c39b5e51d5d8f05e0a4c4a963c11a9e4aa8563ec9790b6b40
164,I_43210_83742_left_s,exact,B,,unrecognized_review,8a8b3bfb99f7dfed31f7be3b6fecaa349652554f06416e0740d4ddfc137ec90f
165,G_27295_left_355,exact,A,,unrecognized_review,5031401436e1bbe29470b07b2fb3744a2dbaa6d7fd79b56f45cbfff9745ae1f8
166,G_83742_left_2224,exact,A,,unrecognized_review,f6838eaed30ff89dfa8194661057f6d2c71b7557fe8f195318c68b617ee5243a
167,I_58398_58793_left_s,exact,A,,contradictory_review,0d72038736bcf7009439e451463db59df1f27c6ee67f743649f454fa5562b448
168,I_57145_63029_left_x,exact,A,,contradictory_review,da3fa046c9fc757319d7c8092d82241abb3ae1487d45adc39e60cc9011fe9a07
169,G_57833_right_1237,exact,A,,unrecognized_review,666083e2d5a51072916686090aa3c10adf0e20c2369ce2e32b8038d407cc7a36
170,I_57833_96608_left_s,exact,A,A,explicit_text,70f25e2a59456a351fe671d4e4c872b5cefa031521b369be357203d0021fbbb1
171,D_99775_293,exact,A,,contradictory_review,9dbdbbeb8127fbdff8327b1a097033e5dd7028b94d04dcb7602ab69acfb7f874
172,G_43210_left_600,exact,A,A,explicit_text,85a39ab345d672ff8ca9b9c6876f3adcacf45ee7c1e2dbd2408fd338bd55e07e
173,I_44595_74850_left_s,exact,A,,unrecognized_review,89e2a4971dd66644bf49ff2d409df356cf29134495e079254efbe8746cd9f759
174,G_56583_right_894,exact,B,,unrecognized_review,19d282c2c782dce5e7f3f61f9bf25a56cf88f369754b8093299565ca0b72dd4d
175,I_43210_93812_left_x,exact,A,,contradictory_review,ce96b84c3ec3b0fd9b017a9a83f42d50383168806a313ddb8ed942a8fe1ca6d1
176,G_87757_right_2434,exact,A,A,explicit_text,85a39ab345d672ff8ca9b9c6876f3adcacf45ee7c1e2dbd2408fd338bd55e07e
177,G_87757_left_2379,exact,A,,unrecognized_review,5b4ee622a9621db2cf6b534ef09c8a804f612f26681e7fca88d8ba2802a8d98c
178,I_24101_83742_left_s,exact,B,B,explicit_text,84f0c45b1fccd8a3c3b9d08f814978695444375fee7e814c4c721c86ce223047
179,D_63029_163,exact,A,,contradictory_review,dc4444dd162d2f16eabee8273e6e6ce5c86ce868d172508ee58fca5c77d5640f
180,I_27295_76957_left_s,exact,A,,contradictory_review,e25039dbacefc799e374d47909dc77065f127c0393a8ae8e834fbb1f35140eb6
181,D_58793_153,exact,A,A,explicit_text,85a39ab345d672ff8ca9b9c6876f3adcacf45ee7c1e2dbd2408fd338bd55e07e
182,G_93812_left_2637,exact,A,,contradictory_review,8bab7bd1962c3b9e91a5330432ea92f46356723890ec6586c085e0e6caa408f8
183,D_65052_180,exact,A,,contradictory_review,56eaa8c4029ad582f79cb1dcf3d1f307fcb31d82b51cc186a117d3df7f6a59f9
184,I_24101_56583_left_s,exact,B,B,explicit_text,70307be4b69e7a70d88c458081673e449d4707f68a13bbecbb8ebe60afbbf9f1
185,G_24101_left_292,exact,A,,unrecognized_review,bb217c88d5f1491c953234c5029f5b275d7bb125b28b75dd6cac116351cf9920
186,I_58793_93812_right_x,exact,A,,contradictory_review,5a80d8c809e4af37770d6bd7eddfaf2e7d541b4480cc5f207070a9ddab04e445
187,I_57145_76957_left_x,exact,B,B,explicit_text,70307be4b69e7a70d88c458081673e449d4707f68a13bbecbb8ebe60afbbf9f1
188,I_65052_83742_right_s,exact,A,,contradictory_review,97780f01db3365d6824bf7bc207c1babc084e99e66c451b433317056619727ae
189,D_20294_18,exact,A,,contradictory_review,b76e53c863f7128c53fb7f07c9c87841f1020cf286ee483105b65d95d5881c82
190,D_58793_150,exact,A,,unrecognized_review,8d5b2cf1d8fe6976f36cdbf581c281fc82a28c71b231d9a43e0dff8c834936a3
191,G_63029_left_1517,exact,A,A,explicit_text,85a39ab345d672ff8ca9b9c6876f3adcacf45ee7c1e2dbd2408fd338bd55e07e
192,I_65030_87757_left_x,exact,A,,unrecognized_review,a1c6c1fe90763df03996333af51ba8261ff13d00636b599ee20168f8b99e641c
193,I_20294_57833_left_x,exact,A,,contradictory_review,116f41fbd046af06263fbd676b802db7808ae9374c52eb890728881ed6e725be
194,I_65030_74850_right_x,exact,A,,unrecognized_review,5eecdfb5284af16eddfd9dd2057db3711af9923f4c3d95dd01bb691a54987f45
195,D_57145_108,exact,B,B,explicit_text,84f0c45b1fccd8a3c3b9d08f814978695444375fee7e814c4c721c86ce223047
196,G_65030_left_1676,exact,A,A,explicit_text,85a39ab345d672ff8ca9b9c6876f3adcacf45ee7c1e2dbd2408fd338bd55e07e
197,D_93812_269,exact,INVALID,,unrecognized_review,f3de3393e709dc1070aa4d64cfe7c765073ac1b2401ce4a1e6efe557c4334f6e
198,I_74850_83742_right_x,exact,B,,unrecognized_review,3289a43fe42d75c859a8d02e8ff7a4fa067479f23bec45cba9b2723a63e8fcb1
199,G_93812_left_2625,exact,B,B,explicit_text,aed53647f8e7faae259182604b78104d4031fa6e48cacc54ece185cedba39b17
200,I_20294_56583_left_x,exact,A,,unrecognized_review,dc5b92e5c51c0fc68fcfd83558fcbe237d764814a862341732365eee111b416a
201,I_87757_89171_left_s,exact,A,B,explicit_text,497cafbe712c207eebadacf69a906a3733da96cc65a9dec8cb79f2e6ced6de9d
202,D_56583_104,exact,A,,contradictory_review,fcf060b8646cb6dced917c63c0dd34033047713a86663141b8697ee2ff153a47
203,I_44595_76957_left_s,exact,A,A,explicit_text,85a39ab345d672ff8ca9b9c6876f3adcacf45ee7c1e2dbd2408fd338bd55e07e
204,I_63029_93812_right_s,exact,A,,contradictory_review,65ff01254a7b06d187251bed9443d91ee8f9f4ce4cc7cb6eaa4549a442a8c6f7
205,I_47904_63029_right_s,exact,A,A,explicit_text,70f25e2a59456a351fe671d4e4c872b5cefa031521b369be357203d0021fbbb1
206,I_56583_87757_left_x,exact,A,,contradictory_review,1069441e779f4c5d5dec415119affee06d9ef3ee33b18d32e2bd237894a4d203
207,G_76957_right_2173,exact,A,,contradictory_review,516607dce89892b5e4df930a51bd4e3ce8c253046506234d5fe7700df71c0ca0
208,G_87757_right_2424,exact,A,,contradictory_review,d2c6a495b0b32fa4bfcd1a893ea86fe009b08ba6cbcb4f018f92d25f541a4df2
209,D_65052_187,exact,A,,contradictory_review,74a7b18f5fccf46f82400c87af3a47115221e4659f744e20e35c759d0aa6535e
210,D_47904_94,exact,A,,uncertainty_or_refusal_review,30435406df6f1b182076f584c7f21a8b859c0edde6d892630c5c3587ec61c476
211,D_87757_248,exact,A,,contradictory_review,27cbfb529f6d9bdb543560738870a344fd6fa976a3810bcde0a87ec19ae5fd0e
212,I_27295_44595_left_x,exact,A,,unrecognized_review,4519a6d23114f0e8d36ab2f39d698451af689dfe86e39a3994665f7a0e4ccc80
213,I_58398_76957_right_s,exact,A,,unrecognized_review,7407963255e1a3b6e168709a890ae87a2cbe2b9f7f267072d3e69aaa508546ff
214,G_99775_left_2887,exact,B,,unrecognized_review,3ac100c907a620945acc695bb3f299bb5167b78a9039c12a29c59bd087d5ceac
215,D_27295_47,exact,A,,contradictory_review,c8f805df83e908fdb779c60cd32486454b7b7873e5679d6e7da60f97dc4ac923
216,I_74850_87757_left_s,exact,A,A,explicit_text,85a39ab345d672ff8ca9b9c6876f3adcacf45ee7c1e2dbd2408fd338bd55e07e
217,G_24101_left_297,exact,B,,unrecognized_review,1879b6608872a2d1a5b0e30ccbb152deb46409e78c38ead6ce65f1848ad1a586
218,D_65052_185,exact,A,,contradictory_review,0fc5b1238d420af7ec34eadf591e3de5b9a8edad8aceed6157c47f759b47c44f
219,D_69658_198,exact,B,B,explicit_text,70307be4b69e7a70d88c458081673e449d4707f68a13bbecbb8ebe60afbbf9f1
220,D_63029_162,exact,B,,unrecognized_review,d7aa1493342c2c9630dad11b6aec867279e45e3d20b963bfe19fa6c9eae7e756
221,D_27295_46,exact,A,,unrecognized_review,062cd7f00951c20546b4143a9e1433d985f03680e9b60cd4ce118811fca9301f
222,I_56583_58793_right_x,exact,A,A,explicit_text,85a39ab345d672ff8ca9b9c6876f3adcacf45ee7c1e2dbd2408fd338bd55e07e
223,D_63029_159,exact,A,,uncertainty_or_refusal_review,688dab03b95796de69e635e5265a38ebed3fce19c3e9601382f66f52310d3025
224,G_69658_left_1887,exact,A,,contradictory_review,d628fd9e0a2f7ea47ac733c5c6bfd31ca210bdcea863824f1e4b7923ff75a986
225,I_76957_89171_right_x,exact,A,,contradictory_review,8734be173ed96e6a7502ca6588b05a655e6cdb11f1fc110044f33efd1e24bdb5
226,G_83742_left_2214,exact,A,,contradictory_review,2349ef05497fb0f55bca5298f28f91130783c29a433e80631cf073ea505ed521
227,D_89171_257,exact,A,A,explicit_text,85a39ab345d672ff8ca9b9c6876f3adcacf45ee7c1e2dbd2408fd338bd55e07e
228,I_83742_87757_right_s,exact,A,,contradictory_review,b2ab8457245bb1ee2c9346932cbe1e78494ef6b4a09aeb2a39192c493ffef4a2
229,D_57833_126,exact,A,,unrecognized_review,5fb59ff7fa04a3e740ef044ba05282a4da5507978ed90a25043cdfe349db6c0f
230,I_27295_89171_left_x,exact,A,,unrecognized_review,717fd24dbcae664754a210f794ef1a02f0e93b98f50cd99c5a96d621a3d6c894
231,I_47904_57145_right_x,exact,B,B,explicit_text,70307be4b69e7a70d88c458081673e449d4707f68a13bbecbb8ebe60afbbf9f1
232,G_27295_right_373,exact,A,,contradictory_review,98a581dec4b1b1af4b5a4b939b5a4bbb829142f981e8ab57cab2f141c448d401
233,D_57145_118,exact,A,,unrecognized_review,de06920617e70709b0a4fb303636c4863870e696caa27c6c5426a9ea87c18ae3
234,G_47904_right_828,exact,A,,unrecognized_review,a000b9555567d6361fd291a3fbed8da0ee9d2e88dfdaf70cdd05450fd850b102
235,I_57833_76957_left_x,exact,A,,unrecognized_review,7bb09cffcb9a9f2c382daf2904fca5f1b64b07b7df4e96fc0cb2f5ad6c5eae94
236,I_57833_69658_left_s,exact,A,A,explicit_text,b6a1813eaefa0f5c295a616ca3e8663b1ccdf45bc964a00c6da08b4be52f9370
237,G_63029_right_1565,exact,B,B,explicit_text,84f0c45b1fccd8a3c3b9d08f814978695444375fee7e814c4c721c86ce223047
238,G_89171_left_2498,exact,A,,uncertainty_or_refusal_review,5152cb48f98e3c7fcbb21c0c032faeb4b913605f6e4f40d213ec1439bdb5278e
239,G_24101_left_295,exact,B,B,explicit_text,b1c9eb7c37e675fc517b6505924533cdce16186b5f0e203bf8eff78af200a1f9
240,G_43210_left_591,exact,A,,unrecognized_review,16ab4296e6c74771edf0b3c22401918a26068f5fa6a37c14b7f38547186586b7
241,G_56583_left_856,exact,B,,unrecognized_review,3388c888014d30910dfde7e133604b7e03b786313f0fe1460a14f691fa455adc
242,I_32467_56583_left_s,exact,A,,contradictory_review,5b991fa1a39ea3d8958471945a474aaa7ff69f6bdb75a55ceab5e1a34ec6f0af
243,G_93812_left_2630,exact,B,B,explicit_text,aed53647f8e7faae259182604b78104d4031fa6e48cacc54ece185cedba39b17
244,G_58793_right_1464,exact,B,B,explicit_text,70307be4b69e7a70d88c458081673e449d4707f68a13bbecbb8ebe60afbbf9f1
245,I_69658_96608_right_s,exact,A,,contradictory_review,0934e46daeff79ae24e9482417ff5d0ffd6caf367a8729f21845298adcd8a082
246,G_47904_left_819,exact,B,B,explicit_text,84f0c45b1fccd8a3c3b9d08f814978695444375fee7e814c4c721c86ce223047
247,I_65030_93812_right_x,exact,A,,contradictory_review,21df2a6409f6bf7c2d74f4f4af14673f34d2fdcfb2b4ae866f0e7b3dc4cbc08e
248,G_93812_right_2682,exact,A,,contradictory_review,edaebccab8c40ca01b423af0e2eec97e5bd44a317179fe722e2ffaae92e3ac35
249,G_58398_left_1300,exact,A,,unrecognized_review,734ec00d7e99d2d335f1cb12213307c884e4c2f7f9b74fb45a56cc108292177d
250,G_93812_right_2669,exact,B,B,explicit_text,1ea442a134b2a184bd5d40104401f2a37fbc09ccf3f4bc9da161c6099be3691d
251,G_96608_left_2736,exact,A,,unrecognized_review,4d4c8dd7005a7454ca09d4523dc211380442559fcfc3cc8d4f57cdd091d03905
252,G_20294_left_148,exact,A,,contradictory_review,6beda5c2275fb54698f244cbf50eb9e5cc31c8502b239cd0809831ab6b4f37b3
253,I_43210_63029_right_x,exact,A,,contradictory_review,cf32b27a7887288c6a0917817cd38fa19c144898547b55626ea842cdab4f90ed
254,G_65052_left_1761,exact,A,,contradictory_review,73459f1c1774e3ae0d24e33b9d7ef444ba9a1a61d68c8653489c207e3b506175
255,G_58398_left_1270,exact,B,B,explicit_text,70307be4b69e7a70d88c458081673e449d4707f68a13bbecbb8ebe60afbbf9f1
256,G_57145_left_982,exact,A,,unrecognized_review,d6c98a73878c579f5ea81e53fe024bb99fc513f79184311796685370bc69e524
257,D_74850_208,exact,A,A,explicit_text,85a39ab345d672ff8ca9b9c6876f3adcacf45ee7c1e2dbd2408fd338bd55e07e
258,I_65052_69658_right_x,exact,A,A,explicit_text,85a39ab345d672ff8ca9b9c6876f3adcacf45ee7c1e2dbd2408fd338bd55e07e
259,I_27295_43210_left_x,exact,A,A,explicit_text,85a39ab345d672ff8ca9b9c6876f3adcacf45ee7c1e2dbd2408fd338bd55e07e
260,D_24101_34,exact,A,,unrecognized_review,8d72a7384d6303d5c3b719526bec08ed647f4eae62cc66d8395082a7a250b26d
261,G_57833_left_1142,exact,A,A,explicit_text,1b7a09a3b821aa28ceb74d5cdfe18af6fe5ddc12ca0957e3281812b1c7899837
262,G_83742_right_2344,exact,A,,contradictory_review,7803b6820c88cad3f58a33f55945851a17976e9d0a7fa29ff50981de9ba6e9a9
263,I_47904_96608_right_x,exact,A,A,explicit_text,85a39ab345d672ff8ca9b9c6876f3adcacf45ee7c1e2dbd2408fd338bd55e07e
264,D_69658_200,exact,A,A,explicit_text,747d39e9fc5cdde1e1fc822c31b31e99db7f403d683f5078f5a6c2616c4e83e6
265,G_56583_left_846,exact,A,,unrecognized_review,0b6df30ab85c5f28561138e1b7ca1dcda5ea03145694a239e8cf923429c4d2e2
266,I_57833_83742_right_x,exact,A,A,explicit_text,85a39ab345d672ff8ca9b9c6876f3adcacf45ee7c1e2dbd2408fd338bd55e07e
267,G_43210_right_637,exact,A,,unrecognized_review,3c9db2f91daca8bbd35c4737640e9f4b664b033de452abfb46e67740b2906bba
268,I_43210_69658_right_x,exact,A,A,explicit_text,85a39ab345d672ff8ca9b9c6876f3adcacf45ee7c1e2dbd2408fd338bd55e07e
269,I_14493_58793_right_x,exact,A,,unrecognized_review,43dc44cafa6ac246b3b6f03d3d5db458c8ea227c8b938bb1ff28110c5e85d91c
270,I_44595_57833_right_x,exact,B,B,explicit_text,84f0c45b1fccd8a3c3b9d08f814978695444375fee7e814c4c721c86ce223047
271,G_24101_left_289,exact,A,,contradictory_review,1bc64f020ff8a55569c81bb0c620da42042367f86508aeb8f6a5ca448c9e8914
272,I_57145_63029_right_s,exact,B,B,explicit_text,84f0c45b1fccd8a3c3b9d08f814978695444375fee7e814c4c721c86ce223047
273,I_43210_58398_left_s,exact,A,,unrecognized_review,8cfd6bd5739cf862b6f8f53f89011af8baf5b744862461e751478f67b9b125da
274,D_69658_192,exact,A,,contradictory_review,2a36e9e7a974875525a271a743d1b9e717a8b192987cc81133d9b5270bf5aacf
275,G_63029_right_1618,exact,A,A,explicit_text,85a39ab345d672ff8ca9b9c6876f3adcacf45ee7c1e2dbd2408fd338bd55e07e
276,I_57833_76957_right_x,exact,A,,contradictory_review,eb4b3da7b08f93b644ca2354c2a3d52ef44836c5567f14297e41a3bc28855920
277,I_58398_58793_left_x,exact,A,,unrecognized_review,b61e8af7e32c5b7da943505128c37c495361166040ad94d6f1ef5d91eb7cd8e3
278,D_93812_275,exact,A,,unrecognized_review,8fb010e665f3acd2f3a068eab84af2a61f4c321dd829b334cfe1736593b5d5b4
279,I_20294_65030_right_x,exact,B,B,explicit_text,84f0c45b1fccd8a3c3b9d08f814978695444375fee7e814c4c721c86ce223047
280,I_57833_83742_left_s,exact,A,A,explicit_text,85a39ab345d672ff8ca9b9c6876f3adcacf45ee7c1e2dbd2408fd338bd55e07e
281,G_32467_right_512,exact,B,,unrecognized_review,683001620648f6122cd1cb5dcb6534f2643c4452bcc0c4bd3f06f36fe66e3146
282,G_93812_right_2673,exact,A,,contradictory_review,fbc21281943473b05f4318a8a96f05765bb9a713c8e1c41ad648a44c3bdd3c70
283,I_56583_69658_right_s,exact,B,,uncertainty_or_refusal_review,4f7b1710e768a2b6f04e47e124ae4c753efad4ed86d05724ec9742b8f4535860
284,I_20294_69658_left_x,exact,B,B,explicit_text,70307be4b69e7a70d88c458081673e449d4707f68a13bbecbb8ebe60afbbf9f1
285,G_27295_left_338,exact,B,,uncertainty_or_refusal_review,f83caa3e2229350c16526598667b833cbea8633913060eb952ab7dbf65b90ddc
286,I_58793_87757_left_s,exact,A,A,explicit_text,85a39ab345d672ff8ca9b9c6876f3adcacf45ee7c1e2dbd2408fd338bd55e07e
287,D_99775_298,exact,A,,contradictory_review,a0cd4d34a09d285e0377b6c326d07a28efc140cf23cac0d9f69f182b86298483
288,I_57833_93812_right_x,exact,A,,contradictory_review,e3f33984bd359c42a7c3da1b7a968679e392448ecb6948221821af390d437533
289,I_58398_76957_left_s,exact,A,,contradictory_review,180ea4527d09bc29ad5e085cf562f73748701f12c5ddd932160ef379e1343ba0
290,D_58398_136,exact,B,,unrecognized_review,3ca4b4453dc1097b12880e51d41f5621dbac8f5ebf7970e17c0081333a158a9d
291,I_47904_57833_left_x,exact,A,,unrecognized_review,31cdaf8cf9ebb2ef506213c5d9b95f5b4bb7c1353d03bd2cb0ed27e2fd4b59b0
292,G_65052_right_1818,exact,A,,contradictory_review,3a5e13a86d7dc44cd96b1545f7496825140297a069d731dc2930849d6c24b7e8
293,I_27295_83742_left_s,exact,A,,contradictory_review,24b5e98e7923893da927acde1649c0fa19f166dd9e75925ac194f6a496dac842
294,G_57833_left_1173,exact,B,,contradictory_review,ec8ce7723cd168340f8cd16776d304101f81387a9a85fe0c4938ebff4ab9ba56
295,G_89171_left_2526,exact,A,,unrecognized_review,62bb3497b100e203a42e582eac90cc4150a1a87848aca2d4e6d7956078d691e4
296,G_76957_left_2116,exact,A,,unrecognized_review,9f5eb1cd3890ebc3c2c6283f8f4f2d4acbeaec7166ae1a124920f6dcf0835eae
297,I_56583_93812_left_x,exact,A,,contradictory_review,2a14ded0a8750407ef88234ce796bb3d10e5522de037d267dc79b04187583df4
298,I_83742_93812_left_x,exact,B,B,explicit_text,1ea442a134b2a184bd5d40104401f2a37fbc09ccf3f4bc9da161c6099be3691d
299,I_14493_47904_right_s,exact,A,,unrecognized_review,db306db4d11add3ae887b6fadf782f8b28aabd8581bcc8db619a75e30211b77d
300,G_58793_left_1380,exact,B,,unrecognized_review,27dd10a4a9437c841b56b4b21963af85ec1e44bc8453092a107c86158245c7c7
301,I_24101_27295_right_s,exact,A,,unrecognized_review,aa6d9630f5a2eea79f68c8601862f0fe2b0c3ea74bfc8457a093e7a089f63430
302,I_57145_57833_right_x,exact,B,B,explicit_text,84f0c45b1fccd8a3c3b9d08f814978695444375fee7e814c4c721c86ce223047
303,G_87757_right_2470,exact,A,A,explicit_text,85a39ab345d672ff8ca9b9c6876f3adcacf45ee7c1e2dbd2408fd338bd55e07e
304,G_65030_right_1718,exact,A,,contradictory_review,300921e64b725ec89e9c1c26a03488c829681f9eff828dfabdfa4b12482fb72d
305,I_69658_87757_right_s,exact,A,,contradictory_review,614753c48e510ecf00472cb473b86fdcdc7a1b4d5fa6b10ef68b93e8376e8a8a
306,I_65052_87757_left_s,exact,A,,uncertainty_or_refusal_review,fbaebb7e10a7efaa964951b72e47e0d2118efd1246b0ea757ee7fbce0100abe1
307,G_93812_left_2641,exact,INVALID,,unrecognized_review,928eb6a10600c8ab0c8a25cc13605f7a04164c3a1a21b56975f253d9d59d4b94
308,G_24101_left_294,exact,A,A,explicit_text,85a39ab345d672ff8ca9b9c6876f3adcacf45ee7c1e2dbd2408fd338bd55e07e
309,I_58793_74850_left_x,exact,A,,contradictory_review,c044ffda84cee9fc21b4f9a30470c4df3895dcf98c96b407f18084244061d65a
310,I_57833_63029_left_x,exact,B,,unrecognized_review,711e71c810d1e9a0f091fdf8632f4b51fdcd708c6b3ad5d6e3d034a753a54cef
311,I_20294_69658_right_s,exact,B,,unrecognized_review,39a377f9eb0dff014e8a9bc55623fe83ded6dd500fbbb8bd4724fa1de4de62f0
312,G_47904_left_820,exact,B,,unrecognized_review,1df6435a224302ed880ddd4b36905d878c9503e21254ba02b008e445ca650ead
313,G_14493_right_91,exact,A,,unrecognized_review,9de12d046aee2f0e96719749f03d1e305260cd5137d77eed9fe755113d70ab21
314,D_76957_227,exact,A,,contradictory_review,fff7ebdd72d5293e3ae9613a9b39935788dacd9ee2a8c2eb56020a1894748d30
315,I_27295_76957_left_x,exact,B,B,explicit_text,70307be4b69e7a70d88c458081673e449d4707f68a13bbecbb8ebe60afbbf9f1
316,D_63029_164,exact,B,,unrecognized_review,57e06c8afe8dc0b4265ebe1637ec7044f72e999e19c310eee041c0528e1ff87d
317,I_24101_58398_right_x,exact,A,,uncertainty_or_refusal_review,4f526974f42db72809dae49f5e28d740a0d437fdf0470a55891c7cb1c392c428
318,G_24101_right_302,exact,A,A,explicit_text,85a39ab345d672ff8ca9b9c6876f3adcacf45ee7c1e2dbd2408fd338bd55e07e
319,G_74850_left_2000,exact,A,,contradictory_review,c124e7284607ab0233491f3b03e79c1c9751c1e95e2734fb0d6557c2efc0eeab
320,I_69658_99775_right_s,exact,B,,unrecognized_review,1dc88b2ef4f211547366c5011058bf8a4bf9d1a7cef9d27cc6782e2a6b9e440a
321,D_65030_176,exact,A,A,explicit_text,85a39ab345d672ff8ca9b9c6876f3adcacf45ee7c1e2dbd2408fd338bd55e07e
322,G_58793_right_1475,exact,A,,unrecognized_review,ba1c3e9c6c1be1c9fe08f38456584afbbfef9a523f5aa838d5d230c82f26321f
323,G_14493_left_59,exact,A,,contradictory_review,584bfb8192db0d8b4dc9bb0db919875ef56d2d041d0b741a99a31683a2ca2b51
324,I_27295_89171_right_s,exact,A,,contradictory_review,554538b8916446c7ce6d86c9a993b2d1f56abef3b99c4dfb3a31e5ed09ef9958
325,I_44595_65052_left_s,exact,B,,unrecognized_review,aff34784fc916e044abc52ac27a0e2df7003aaf57d1a8a36a6b23b8d8d8693fe
326,I_58398_63029_left_x,exact,A,,unrecognized_review,65dcc712289b9325ecd277c6fcb659d125451fef207f065084d7bc158838e3b3
327,I_43210_99775_right_x,exact,A,,contradictory_review,d52638173d94417da869d9963c93038407293cb7f05d5d22761ad46eb654abfa
328,D_69658_197,exact,A,,uncertainty_or_refusal_review,606f9e8ed72b6f741f9a32d9bbbc1ae4eaf99e69df56cacdb2437ecf4e311132
329,I_76957_99775_right_x,exact,A,,contradictory_review,440ff3879cae488bc7a7829cf87ccd4a83006c4f7a8da2b49f41b6cce69fbe6b
330,D_96608_283,exact,A,,contradictory_review,f869befe8bbb9b8934f55fb7511b181dc373809f59c8b5224761838ba3a544cd
331,G_87757_right_2451,exact,B,B,explicit_text,70307be4b69e7a70d88c458081673e449d4707f68a13bbecbb8ebe60afbbf9f1
332,I_20294_63029_right_x,exact,B,B,explicit_text,84f0c45b1fccd8a3c3b9d08f814978695444375fee7e814c4c721c86ce223047
333,D_74850_207,exact,A,A,explicit_text,1b7a09a3b821aa28ceb74d5cdfe18af6fe5ddc12ca0957e3281812b1c7899837
334,I_47904_69658_left_s,exact,B,B,explicit_text,70307be4b69e7a70d88c458081673e449d4707f68a13bbecbb8ebe60afbbf9f1
335,I_32467_89171_right_x,exact,A,,contradictory_review,af4a9c2cd19505c398e4d64e02c89e9e581f35e367219d374004681424aa5d38
336,G_65030_right_1703,exact,A,,contradictory_review,22cbc5d1a94fbc758b2db9e2350a4a88420e0d2b3dcd879b11a53429543d2c88
337,G_83742_left_2230,exact,B,B,explicit_text,aed53647f8e7faae259182604b78104d4031fa6e48cacc54ece185cedba39b17
338,I_20294_76957_right_x,exact,A,,unrecognized_review,d031868dfb1a3632ea852ffe770cdb37408dc8b3df1d66c87d421a8d52e86cdb
339,G_57833_right_1225,exact,A,,unrecognized_review,e42816d10180d013f546bb26a9d75a2844284743b9b8e4629c86b33c507b7fb4
340,D_24101_24,exact,A,,contradictory_review,60af4a68262b8109a2f23aecc3c9511f5724490edbb698c7f4ff5e22c97d4f6e
341,D_58398_141,exact,A,A,explicit_text,85a39ab345d672ff8ca9b9c6876f3adcacf45ee7c1e2dbd2408fd338bd55e07e
342,G_32467_left_466,exact,A,A,explicit_text,85a39ab345d672ff8ca9b9c6876f3adcacf45ee7c1e2dbd2408fd338bd55e07e
343,I_47904_57145_left_x,exact,A,A,explicit_text,85a39ab345d672ff8ca9b9c6876f3adcacf45ee7c1e2dbd2408fd338bd55e07e
344,G_83742_right_2331,exact,A,,unrecognized_review,f36fa9e3b3b00cc3a8da7bad8e5868dae6d5acc9ab0c6842904b79022ed31221
345,G_96608_right_2786,exact,A,,unrecognized_review,288c14761dce2ef7435f3632bab2a1e991c0bb4751100e3fab8c05ebabaa65b6
346,G_57145_right_1101,exact,B,,unrecognized_review,05c4609cab718a718862f824e79f31b2d9f7ba0cb9d2c0cfc6ac35071e413ee0
347,I_32467_56583_right_s,exact,A,,contradictory_review,066981ac07779829d64b9a8a80326a7351167d795d907c7a86868c624ebcb00b
348,G_69658_right_1907,exact,A,,contradictory_review,50124b8092ef3678b955ce421b9b60211362f5e87f39f195b6c54aae445c0dc8
349,I_20294_57145_left_s,exact,B,,unrecognized_review,b1522206d4f444254185223b34c31e6e8d3e0ba98378bb447d4f650c8881d69e
350,I_58398_99775_left_x,exact,A,A,explicit_text,85a39ab345d672ff8ca9b9c6876f3adcacf45ee7c1e2dbd2408fd338bd55e07e
351,D_65052_190,exact,A,,unrecognized_review,026eaa1004fe31cab9a96697b7b7a6e859474bebf6f9a5edcce4610b969ea9de
352,G_63029_left_1488,exact,A,,unrecognized_review,3012b11904a2118e5c23ec8fdeec0275d3dff912e4a131deca6d3623c03f0ba6
353,D_43210_70,exact,A,A,explicit_text,85a39ab345d672ff8ca9b9c6876f3adcacf45ee7c1e2dbd2408fd338bd55e07e
354,I_58398_96608_left_x,exact,A,,contradictory_review,f27093db6b5a63742b63f62c049d84374412599c9c42bdda1911b974bc682254
355,I_57145_96608_left_x,exact,A,,contradictory_review,b4ac2b7c9949451ee15cec4ee53f0f0f346a56d7eee8b8d408ec8ed9614d6ba0
356,I_65030_93812_left_x,exact,B,,unrecognized_review,947b1db6811ebb3dd4ca26b3a7cf3c6a087191f6ad674aa19e617be865d4cf9f
357,I_32467_44595_left_s,exact,A,,contradictory_review,bfaa43a8c5da9e47e10addde5b04f5404c2035dba995d9c6603509052afcb457
358,G_32467_right_545,exact,A,,contradictory_review,3958b5fa9894834cd5c4b294c1fd504e95e56257b329bc02e708f58fba2bb963
359,G_63029_left_1542,exact,B,,unrecognized_review,121484b1fd0c81f392ee0c7770efbd4282712dd11eba1610e7eba8acd15f6300
360,D_24101_33,exact,B,,unrecognized_review,e3f64ba60169d508a491d01f7bb8fc3f4e6ba92fbec34fca11d1870edb74bd7b
361,G_99775_right_2928,exact,A,,contradictory_review,34169b154a2eecfd51a62798025a394d2d39ca8715aebea4b8697b7145ccc382
362,I_20294_87757_left_x,exact,A,,contradictory_review,8b7ef7c906f46709891a0ba62eee0edf02f05d9e509b6b2618a1f6d594d51398
363,G_58793_left_1383,exact,A,A,explicit_text,85a39ab345d672ff8ca9b9c6876f3adcacf45ee7c1e2dbd2408fd338bd55e07e
364,G_43210_left_550,exact,B,B,explicit_text,1ea442a134b2a184bd5d40104401f2a37fbc09ccf3f4bc9da161c6099be3691d
365,D_57145_117,exact,A,,unrecognized_review,6045b018aeeb2458b0736d72c41cd277475b881e9b63307c977f01f3bbb2af6f
366,I_27295_76957_right_x,exact,A,,contradictory_review,faab3ae6c104c9cc0fff8fe841031ad026f941fd24a08c829d93ad7165b1263f
367,G_57833_left_1192,exact,A,,unrecognized_review,13e66f5cfb50bed82713f1e9e17416d0c1466c130dc71302513f0979d833a622
368,G_93812_right_2656,exact,A,,contradictory_review,6327ce935602614e02d4f82c69e7d1a1338e8c83632588df3681d7cb7e9ec93a
369,I_43210_56583_left_s,exact,A,A,explicit_text,85a39ab345d672ff8ca9b9c6876f3adcacf45ee7c1e2dbd2408fd338bd55e07e
370,D_93812_268,exact,A,,unrecognized_review,edd645c61ee935c324bb003f598c20cafcc6b167bf532e2711f8d77d4c060309
371,D_58793_154,exact,A,,unrecognized_review,65cdebf9719cde9e4a3981c3b6708a3eb7fca65e43793317a1a217acad023afa
372,G_65052_left_1759,exact,A,,contradictory_review,9c105da8528af7c372799102213e0ae728b28b75a9209d97413935ebb7774b2d
373,G_76957_right_2146,exact,A,,unrecognized_review,5d2ced81e780f171d1cee8d100fca8840d5772a41f954ef2146d77b1f246d7ad
374,I_24101_43210_right_s,exact,A,B,explicit_text,45074ee3f5a5b65eea40187ec57a731c1b5cfc2cf4845fcb8351fb51ed0eeb17
375,I_20294_27295_right_x,exact,A,,contradictory_review,c973e0a54a5bd5eda8c8895c0e48e7a95794bdd0b52720f983458ce31ac895f4
376,G_44595_right_788,exact,A,,contradictory_review,35b4e4612079d60d0fd8cc22115117fd1598a2b9268c2830acf0fe9e36e9bf09
377,I_57833_93812_right_s,exact,B,B,explicit_text,84f0c45b1fccd8a3c3b9d08f814978695444375fee7e814c4c721c86ce223047
378,D_47904_84,exact,B,,unrecognized_review,3ac100c907a620945acc695bb3f299bb5167b78a9039c12a29c59bd087d5ceac
379,G_56583_left_852,exact,A,,contradictory_review,3fc329dfc716f66076a6abb89fe43d8073c352130f86b63871a0915fa21180bd
380,I_58793_65052_right_s,exact,A,A,explicit_text,747d39e9fc5cdde1e1fc822c31b31e99db7f403d683f5078f5a6c2616c4e83e6
381,D_47904_87,exact,A,,contradictory_review,ce48f5a7670e0b7565ecf0a81e4d8af1c704cf616fb410cc923f6b43072d66e4
382,D_76957_219,exact,A,,unrecognized_review,5784b4a5b2e53753a74b7b40bfc64730f27291d70fe2ae214ce3eb129d8d3c58
383,I_47904_89171_right_x,exact,A,,unrecognized_review,1a5b3c7c75f868bf8225bf50378da6d408e1f2113f2b53b1e8c02e9a3fe3e730
384,I_43210_58398_left_x,exact,A,,unrecognized_review,5d2ced81e780f171d1cee8d100fca8840d5772a41f954ef2146d77b1f246d7ad
385,D_56583_107,exact,A,A,explicit_text,85a39ab345d672ff8ca9b9c6876f3adcacf45ee7c1e2dbd2408fd338bd55e07e
386,G_74850_left_2008,exact,B,B,explicit_text,1ea442a134b2a184bd5d40104401f2a37fbc09ccf3f4bc9da161c6099be3691d
387,D_63029_167,exact,A,,contradictory_review,e6b7bd34ae6a9d2f309e9a3b075bedff40c88d3471f08129dfa8749287be5bb0
388,D_96608_277,exact,B,B,explicit_text,1ea442a134b2a184bd5d40104401f2a37fbc09ccf3f4bc9da161c6099be3691d
389,G_83742_right_2340,exact,B,,unrecognized_review,1879b6608872a2d1a5b0e30ccbb152deb46409e78c38ead6ce65f1848ad1a586
390,I_56583_63029_left_x,exact,B,,uncertainty_or_refusal_review,f83caa3e2229350c16526598667b833cbea8633913060eb952ab7dbf65b90ddc
391,D_96608_280,exact,A,,unrecognized_review,d3f5c5fd30ad7578047cc6d5e14747622a0c5063b168017817879a0948360d4b
392,I_65052_76957_left_x,exact,B,,unrecognized_review,34df1ab204891bf419969c7f71cf91ffd42c888beb4348021df717f2fc1b258b
393,G_58398_right_1335,exact,A,,contradictory_review,1fbd4b4242101bc90fc192d624859d652edafa86282e9a633c337b35604d9002
394,D_83742_239,exact,A,,unrecognized_review,e80267ccb8bf92e4037aee8a040e077f7130e7f7cf1f35ff32af476c793cc9ec
395,I_63029_83742_left_s,exact,B,B,explicit_text,89f7d798759e13e879e9b8c87de8693da2fbf4708fdf832ecdc81a76ea750e3b
396,I_47904_56583_right_x,exact,A,,contradictory_review,2c3089dba62c8b5af69c420efab990d1054ee1e3e5821e083a9d467bef181e96
397,G_57145_left_976,exact,A,,unrecognized_review,43dc44cafa6ac246b3b6f03d3d5db458c8ea227c8b938bb1ff28110c5e85d91c
398,G_76957_left_2132,exact,A,,contradictory_review,8976f53b9b355033364c306b971c57788ac102e3fed3568f865d2490b25c77be
399,D_57145_115,exact,B,,unrecognized_review,4b9f452ba7a1862cf770337771275e51d564329bd18d380921332ef82ec57e7c
400,I_43210_76957_left_x,exact,A,,contradictory_review,f891e5d9080fbdf3671a5e54258c944607587782b033635f1785fe6a59b42f5b
401,G_14493_right_109,exact,A,,unrecognized_review,60c6136039b930170b4567f161f3c590b4e5be841e90d704fac2d2dea2bc0130
402,I_69658_74850_left_s,exact,A,,contradictory_review,ff5238b7160d011bfff54564c0b22f9937056e56c21e5d0dab3885f6cad7e3e9
403,D_20294_16,exact,B,,unrecognized_review,c83ccf4941fb5f60e925c78bf6d56e913f0892f9ce667c6e13273f97bb1666eb
404,I_58793_89171_left_x,exact,A,,contradictory_review,780cd75b269d0d4ccd4931369a6ca5a21c072d5cf4a3d3f7bb3d9d9c9b5ab9cd
405,G_99775_left_2873,exact,A,,unrecognized_review,8ad491c3e663dffb16185eb6a0c92ccd47553a75b1145bc14df2cb61a00751fc
406,D_58793_155,exact,A,,contradictory_review,2e99eae742815dbedad5b7b77fba8a1c0c5adc63af13fde3131d9dd30343ffa1
407,I_24101_57833_right_s,exact,A,,contradictory_review,2aa48147d820db4253836b3a3eb7db6b61e874d7e0e1fe1f6b3edfcdd66df465
408,D_74850_210,exact,A,,unrecognized_review,97bf6a26409c1ec3c481243693c104996212ac6de0ae19aafe8521e67775e36c
409,I_47904_65052_right_s,exact,A,,contradictory_review,8229a082c8d1aedc8456a21776b3bb1dc1eb7c8cc9b8167957ee9ba32edcf8bb
410,I_65030_89171_right_s,exact,A,,unrecognized_review,a70edb2aedaeba9265971729e7d93bc91a0fcabb210b91261e9bfde45fdd2293
411,G_56583_right_912,exact,A,,contradictory_review,46037c7f199c592f3df79b50bf1d191ee63e48edc6fc627335ce55dd92373fb9
412,I_43210_76957_right_x,exact,A,,contradictory_review,abc7aae8117dff3862d711228bac0649d5d1dec4446bc95ad347066b0c095210
413,I_47904_74850_right_s,exact,B,B,explicit_text,84f0c45b1fccd8a3c3b9d08f814978695444375fee7e814c4c721c86ce223047
414,D_47904_95,exact,A,,contradictory_review,73459f1c1774e3ae0d24e33b9d7ef444ba9a1a61d68c8653489c207e3b506175
415,G_44595_right_766,exact,A,,contradictory_review,84e0b008f110de599b86f0497706445335fd1a2cf528c9320e180502db4628e2
416,G_43210_right_678,exact,A,,contradictory_review,e7c22cb0975d7a1f6303538eeadd86a8f5e4938e08bec2c482692aa88aac9d29
417,D_27295_41,exact,A,,contradictory_review,203a55a580a45cbf999e25543feae7b3d022a02e17b310fceace990a2f38fe68
418,I_58398_89171_left_s,exact,A,,contradictory_review,c6e79b06470285636a266eb161199c2a604614c39b768ac8fbcba3e4e08ed077
419,I_24101_83742_left_x,exact,A,,contradictory_review,a10fdedfad1b3827c137476cfe45ae7dddface9d17838e21c7fde6f46df7586e
420,I_57833_65052_right_s,exact,A,,unrecognized_review,67fc7b5570dd2cf75b271cac8e46e7a6c82689ca84be0e959b8dbe6ce986f304
421,I_58793_63029_left_x,exact,A,,contradictory_review,ca8ede8206c28d28230e3a3b30cb0af38d0d1c97a6ec6738ca780e61e37ae997
422,G_57833_right_1242,exact,A,,contradictory_review,ad94b4f1e3bddc88a0086147e0cbe040391b47a443fd9f27220af5daed07c258
423,D_44595_79,exact,A,,contradictory_review,80c71cb3d6da98f3398a812a84507d7840ea8e471a3cc6a4a2c82ec9d6dd2786
424,G_93812_right_2677,exact,A,,unrecognized_review,f8b10eb1400230ee7b2c079399daa5a38d39f54018e412fe704800cc0b13327e
425,I_44595_93812_right_x,exact,A,,contradictory_review,f9d166b634f9ce9d79ccaacfa1eaa06f09fd8b23283d684e4882c5bd84b48ce0
426,G_93812_right_2681,exact,B,,unrecognized_review,1879b6608872a2d1a5b0e30ccbb152deb46409e78c38ead6ce65f1848ad1a586
427,I_57145_76957_right_s,exact,A,,unrecognized_review,ff665821dbace9259ff3ed03d5326de4f47bf1983b0aaba0c003fbe587021cb0
428,I_43210_89171_right_x,exact,A,,unrecognized_review,018ee74617425306f9512c455037f0790a0311c1326161b1c08e87d2d30bd75d
429,D_74850_211,exact,A,,unrecognized_review,2c6bf27f94a69991960dac57fbc7b7824c6e6c1dc84143019094b60ff4534ac4
430,I_14493_65052_right_x,exact,A,,unrecognized_review,e0506df3f18ab284f4098a34b5b8046e6195ae520c694e74908b78b4dcfe2400
431,G_58793_right_1458,exact,A,,contradictory_review,03c21e27fda742d40ee4ddf32debc0ee4c731ac476bc23e791d561a9a17beec0
432,G_93812_right_2688,exact,A,,unrecognized_review,7da5554bba180b4f0abcfa15305e6a5d8e698c41bee2e152a50d96877a066f77
433,G_56583_right_907,exact,B,B,explicit_text,1ea442a134b2a184bd5d40104401f2a37fbc09ccf3f4bc9da161c6099be3691d
434,I_57145_57833_left_s,exact,A,,unrecognized_review,ad3892972f4aca5450f56469c2bc6f378b38577f0dcb467cd7c348ae0cee2738
435,G_65052_right_1852,exact,A,A,explicit_text,85a39ab345d672ff8ca9b9c6876f3adcacf45ee7c1e2dbd2408fd338bd55e07e
436,I_57145_69658_left_x,exact,B,,uncertainty_or_refusal_review,f83caa3e2229350c16526598667b833cbea8633913060eb952ab7dbf65b90ddc
437,G_65030_right_1694,exact,A,A,explicit_text,85a39ab345d672ff8ca9b9c6876f3adcacf45ee7c1e2dbd2408fd338bd55e07e
438,D_93812_265,exact,A,,contradictory_review,c7fff863e668810b2aec742f022f6fa757780ba210b657c21b704059fc4c1fd4
439,I_43210_65030_left_x,exact,A,,contradictory_review,54bea7b14e98ac9651fe16c391d52f520c976bbab7913ba5dc3db29308a2264d
440,I_44595_89171_left_s,exact,A,,contradictory_review,9cff1872345de70d2d2c22e2218ceeddf9e6061d73736abb677c73ac6707d082
441,I_87757_93812_right_s,exact,A,,contradictory_review,3a467717c2631373cf93a477bc96ce29fd03119c72d93bf63eb77be11fbfc1c8
442,I_44595_99775_right_x,exact,A,,contradictory_review,8d8bdd799250fba3d34f8d50f4b9e2ddb3fa5beec454bbac622898429d9bae16
443,G_87757_left_2398,exact,B,B,explicit_text,1ea442a134b2a184bd5d40104401f2a37fbc09ccf3f4bc9da161c6099be3691d
444,I_43210_44595_right_s,exact,A,,unrecognized_review,fb49f03f21a0c22ce0e51d85e6d0bb095f9c0d3121d401a9e2b840c1b4b3111c
445,G_57833_right_1256,exact,A,,contradictory_review,f909f0c3b4a286118030ac99e760115e6d4965dce9dd81b91c55e32f981c6f75
446,I_43210_89171_left_s,exact,B,,unrecognized_review,ebd12af55ce9d814342c491a3bb4f0adc351d05f9b3734d662e116d45cb44aab
447,G_69658_left_1884,exact,B,,unrecognized_review,1879b6608872a2d1a5b0e30ccbb152deb46409e78c38ead6ce65f1848ad1a586
448,G_57833_left_1134,exact,A,A,explicit_text,85a39ab345d672ff8ca9b9c6876f3adcacf45ee7c1e2dbd2408fd338bd55e07e
449,G_44595_left_695,exact,A,A,explicit_text,85a39ab345d672ff8ca9b9c6876f3adcacf45ee7c1e2dbd2408fd338bd55e07e
450,D_44595_75,exact,A,,unrecognized_review,22de9469b6202d037a51ffd79c882ebdfd8239dff5db96ad4e7b7544605c36cb
451,D_58793_149,exact,A,A,explicit_text,85a39ab345d672ff8ca9b9c6876f3adcacf45ee7c1e2dbd2408fd338bd55e07e
452,G_65052_left_1726,exact,A,,contradictory_review,1b86cb86893e4928c0017c13ee34d6c13f618567eeaf400ef9d40d5556995df8
453,I_57145_69658_right_x,exact,A,,contradictory_review,2aae0430e00d03724ad80b2f36816856948b36c53fafa57ce9310862cc2f25a1
454,G_20294_right_261,exact,B,B,explicit_text,aed53647f8e7faae259182604b78104d4031fa6e48cacc54ece185cedba39b17
455,I_65030_87757_right_s,exact,A,A,explicit_text,747d39e9fc5cdde1e1fc822c31b31e99db7f403d683f5078f5a6c2616c4e83e6
456,I_24101_57833_right_x,exact,B,B,explicit_text,84f0c45b1fccd8a3c3b9d08f814978695444375fee7e814c4c721c86ce223047
457,G_44595_left_739,exact,A,,unrecognized_review,0c90f20aca63eef42aa72351b2d7f1087a4e94c869a3eb84efda800036702391
458,I_63029_99775_right_x,exact,A,,contradictory_review,2c18ab04149293c97d77eb3da66cb23aa4eee877ccdb447f95031c67d1feb633
459,G_24101_right_305,exact,B,B,explicit_text,1ea442a134b2a184bd5d40104401f2a37fbc09ccf3f4bc9da161c6099be3691d
460,G_65052_left_1758,exact,A,,unrecognized_review,3d51d733da5d78e86942c928ebe91868658334d573d85dc221b6b8d199086b6f
461,I_56583_83742_left_s,exact,A,B,explicit_text,13943929e274d21a2e7b791544929e33aaaaafd85594cc607781b953d8defc96
462,D_58398_139,exact,A,,unrecognized_review,fc89a9ff95e675817a6926bef64eee450b0c3a582b2747d3322fc36e998d90fa
463,G_32467_right_538,exact,B,,unrecognized_review,fadb82ca18a1c90b2bb45d71febec7a3b098d523ccafa50125b92c84e26f7164
464,D_47904_91,exact,A,,contradictory_review,5005b09da773d29fa693e3338d82688c110986d3409dfd999bf283a8e24a6782
465,G_47904_left_822,exact,A,,contradictory_review,19d6e466e1922ace018fb77054d1af19ed8893d87b5ae65990427bc525c74269
466,G_87757_left_2365,exact,A,,contradictory_review,822b6f4c238b7696244ce336ccce20ac0ad5e4b92a89020ca436ae326afd5549
467,I_14493_58398_right_s,exact,B,,unrecognized_review,0b0a4f4b46fa5d79120d6134ee922333d813cd739e8512c19a99f8aa992c2843
468,I_56583_58398_right_s,exact,A,,uncertainty_or_refusal_review,a9bdbada843231fa6f515d583a363598c2be4a06023c6a29dd42910a0bd2bb1a
469,I_24101_65030_left_s,exact,A,,uncertainty_or_refusal_review,77abe53916add3b36cef5cc698a99f307dda991769a5a63e74b6e5f327e26c5e
470,G_56583_left_864,exact,A,,unrecognized_review,7f9643a46506eb5c29f21d825de872b9632313626d8c49234d0d8d473bb6db3a
471,I_74850_83742_right_s,exact,A,,contradictory_review,6e8b434fa6d7c4c34ad89985b197e2d7570cc7497340c463cd36c37d5a0fcdb3
472,I_24101_74850_right_s,exact,B,B,explicit_text,89f7d798759e13e879e9b8c87de8693da2fbf4708fdf832ecdc81a76ea750e3b
473,I_65030_69658_right_s,exact,A,,unrecognized_review,ab2b98d26b7e0f5dee50a866571dcf6d741cee56d7ccf59e3e66a820001c0ea6
474,I_89171_99775_right_s,exact,B,,unrecognized_review,4993bb96dbe9398c5b93993e223e98a50dddef1beb3ab6193912f93c9fc58cfd
475,I_63029_99775_left_x,exact,A,,unrecognized_review,7a67e39a62307044ed01d9e60a513a7b63e762479c1ae09f7ab3c51afbb55810
476,I_14493_27295_right_x,exact,B,B,explicit_text,70307be4b69e7a70d88c458081673e449d4707f68a13bbecbb8ebe60afbbf9f1
477,I_24101_87757_left_s,exact,A,,contradictory_review,cef51cb8e91f6b8f8918ddf15f170b00ea3db75980cfcb94d5a41b6d39e10bd0
478,D_20294_19,exact,B,B,explicit_text,aed53647f8e7faae259182604b78104d4031fa6e48cacc54ece185cedba39b17
479,I_57833_58793_right_s,exact,B,,unrecognized_review,6f60751579489e8d3738ad51a0473ada37ef48dbece7b30f8d183a5ab2753672
480,I_47904_89171_left_x,exact,A,A,explicit_text,85a39ab345d672ff8ca9b9c6876f3adcacf45ee7c1e2dbd2408fd338bd55e07e
481,G_32467_left_455,exact,A,,contradictory_review,e1601fd15d3c61c647221ecd91937b668637ef0229a5db55129c88baa6acb91f
482,G_24101_right_303,exact,A,A,explicit_text,85a39ab345d672ff8ca9b9c6876f3adcacf45ee7c1e2dbd2408fd338bd55e07e
483,D_47904_85,exact,B,B,explicit_text,aed53647f8e7faae259182604b78104d4031fa6e48cacc54ece185cedba39b17
484,G_43210_right_675,exact,A,,contradictory_review,2ad4f8b44bbdaa3ce87285347d022e3d54dadbbbbe2840c9152e171939ebbbb1
485,I_24101_58398_right_s,exact,A,,contradictory_review,2e71b5b6e2fe39d8219df27a171fff60ca1325b5a32a8f9b353045b9992b82ac
486,D_83742_233,exact,A,,unrecognized_review,16f99543aa5514c9a2f4739127a2c589d49577e6c980d936750379f46afa1d3b
487,G_27295_right_398,exact,B,B,explicit_text,aed53647f8e7faae259182604b78104d4031fa6e48cacc54ece185cedba39b17
488,D_20294_14,exact,A,A,explicit_text,85a39ab345d672ff8ca9b9c6876f3adcacf45ee7c1e2dbd2408fd338bd55e07e
489,G_58398_right_1349,exact,A,,unrecognized_review,3a77e67107d7994f2c1fded611fbd120e830dcd7cc016159a33e68399b43e4dd
490,D_44595_81,exact,A,,unrecognized_review,668379dbe5a9a61c19bfed722adaafdd57ac653eeead67e98699b781e5b33da9
491,I_57833_99775_left_s,exact,A,A,explicit_text,85a39ab345d672ff8ca9b9c6876f3adcacf45ee7c1e2dbd2408fd338bd55e07e
492,G_99775_right_2922,exact,B,B,explicit_text,aed53647f8e7faae259182604b78104d4031fa6e48cacc54ece185cedba39b17
493,D_65030_179,exact,A,,contradictory_review,bbd8902b2828ac7d85a894d2c148d528ea96a67684ef8c8c1cea07077d51199f
494,G_47904_right_829,exact,A,,contradictory_review,30ff62ddca82fab76fa354271c4911ae90b2d19ea7e2fcf46d845fdcb05dc470
495,G_24101_right_306,exact,A,,contradictory_review,73459f1c1774e3ae0d24e33b9d7ef444ba9a1a61d68c8653489c207e3b506175
496,I_57833_74850_left_x,exact,B,B,explicit_text,1ea442a134b2a184bd5d40104401f2a37fbc09ccf3f4bc9da161c6099be3691d
497,G_76957_right_2153,exact,A,,contradictory_review,4668f2513e526ad11c52ffbb54fd8eb2451866eac0790880c01288a8b5279f4f
498,G_63029_left_1538,exact,A,,contradictory_review,64938ecc09de429d0b21138005ea675dc35ab02eb2320ffeee46c4c4067a3453
499,I_32467_43210_right_x,exact,B,,unrecognized_review,76f08ca4632079d61ac117334c9197e2ef8fc87a33c9b2a3bd675160945522d4
500,I_20294_65052_right_s,exact,B,B,explicit_text,89f7d798759e13e879e9b8c87de8693da2fbf4708fdf832ecdc81a76ea750e3b
501,I_44595_58793_right_x,exact,A,A,explicit_text,85a39ab345d672ff8ca9b9c6876f3adcacf45ee7c1e2dbd2408fd338bd55e07e
502,I_56583_74850_right_s,exact,A,A,explicit_text,85a39ab345d672ff8ca9b9c6876f3adcacf45ee7c1e2dbd2408fd338bd55e07e
503,D_43210_62,exact,A,,contradictory_review,dbf8915e91c07d786f171a2acf44521cd21d1ba23339c7944e33444652437fb7
504,I_57833_99775_left_x,exact,A,A,explicit_text,85a39ab345d672ff8ca9b9c6876f3adcacf45ee7c1e2dbd2408fd338bd55e07e
505,G_44595_right_812,exact,B,,contradictory_review,c03780c71ac0b0a862e2d212b96df08dafd1b70e51a8ddedca21359b00f13aab
506,G_32467_left_420,exact,B,,unrecognized_review,947b1db6811ebb3dd4ca26b3a7cf3c6a087191f6ad674aa19e617be865d4cf9f
507,G_27295_right_377,exact,B,,unrecognized_review,c01cf936ed6563de9e5f43e316b0016bda9e89f3eaa92c0cf1adefbe15664039
508,D_76957_216,exact,A,,contradictory_review,f99c6c5f44a10810d97dba75fdda08a48ea3cd4707ce31037bb1e5e850232c9a
509,D_14493_3,exact,A,,uncertainty_or_refusal_review,15a8a0497df510b27aecc514676af19120ff6dc78cb46fb7c313b77a64663c73
510,I_24101_58793_left_x,exact,A,,uncertainty_or_refusal_review,dfdf868c7afe47bc22bd8df2f730c6bc4a7e32ac5f7958c722b45f5867e3875c
511,I_24101_65030_right_s,exact,A,,unrecognized_review,36978a7d9a929a3ecffa5092ad33112c4d9d8e0985aefcc8ae539543e50cfd10
512,I_56583_63029_left_s,exact,B,B,explicit_text,b1c9eb7c37e675fc517b6505924533cdce16186b5f0e203bf8eff78af200a1f9
513,I_43210_57833_left_s,exact,A,,unrecognized_review,b477dc70a369c9b7fd66eba05d9be62c7d31331a9239db9685975e379e12bd47
514,I_43210_63029_left_s,exact,A,,unrecognized_review,58e908d820dc69ee99600ca593736cfee2bdf8cb9602a00c0cbd8fb864add231
515,G_57145_left_960,exact,A,,unrecognized_review,c2ce646adbf1bfcb2a6ff5c79c2624f457eb371488ed67964b4c578b2027ec13
516,G_27295_left_337,exact,B,,uncertainty_or_refusal_review,ca39430988615c01ed29fb204dc3cc3fb507c9bf4c5a5c061af13b921f539878
517,G_89171_left_2527,exact,A,,unrecognized_review,adcab6fe252d92164e38affb3b7e62112d0fd23d03d09571ed464d9489567166
518,G_27295_left_361,exact,A,,contradictory_review,ffc511fb87112d69516253f6c0acb85d45b15b08c99c18495fafbada4d73f76e
519,I_44595_56583_right_s,exact,A,,contradictory_review,5b1b6ee876e90f48b0877614e066ee0829bd163212f537b3eeab120fff454604
520,I_76957_83742_right_x,exact,A,,contradictory_review,4066f4337e61622a9749d56f74ffbf9976a84f2a51a0a293b6d682a3516f2c1b
521,D_43210_66,exact,B,,unrecognized_review,a77de78c27200e8426450084f78c8c2ff312a60552b1a6c4f5aaa1aee11d2bdd
522,I_57833_87757_left_x,exact,INVALID,,unrecognized_review,32ebb1abcc1c601ceb9c4e3c4faba0caa5b85bb98c4f1e6612c40faa528a91c9
523,I_27295_57833_left_x,exact,A,,unrecognized_review,82adc30f18a8e784826a11f3ce4cd7d796cdaf2dcd4bb485ad22100342c1c058
524,I_56583_76957_right_x,exact,A,,contradictory_review,abc7aae8117dff3862d711228bac0649d5d1dec4446bc95ad347066b0c095210
525,D_76957_217,exact,A,,contradictory_review,e5a91d7d76921fe42c70595a1a587705a5ba828bdc3eefaf7082217771a0ac4f
526,G_89171_left_2496,exact,A,A,explicit_text,85a39ab345d672ff8ca9b9c6876f3adcacf45ee7c1e2dbd2408fd338bd55e07e
527,I_32467_57145_left_s,exact,A,,contradictory_review,9fd623310fe2d1c3191f69e649db4d26565eb096fdd2bb728fa51b2e559a7581
528,G_96608_right_2788,exact,A,A,explicit_text,85a39ab345d672ff8ca9b9c6876f3adcacf45ee7c1e2dbd2408fd338bd55e07e
529,I_58793_87757_left_x,exact,B,,unrecognized_review,466d29d0997ed15248887b06d0e919a09b885635a046f27a363ef501a5c839b1
530,G_58398_right_1321,exact,A,A,explicit_text,85a39ab345d672ff8ca9b9c6876f3adcacf45ee7c1e2dbd2408fd338bd55e07e
531,I_47904_56583_left_x,exact,A,A,explicit_text,85a39ab345d672ff8ca9b9c6876f3adcacf45ee7c1e2dbd2408fd338bd55e07e
532,D_65052_188,exact,B,,unrecognized_review,05cccdabb38779fd9d1b535f5733d2d123edc92bb5af92bc3d88749607f8c5af
533,I_44595_87757_left_x,exact,A,,unrecognized_review,3209db410fb91f676e4bd72414b26969952c82a73cce5bce02e76d61935c2082
534,D_99775_290,exact,A,,unrecognized_review,f3f70685f91434b154ac2402a41124e44e77b37e672e259a261a2e75138bb8ff
535,G_83742_right_2269,exact,A,,contradictory_review,07a1c17dad6a20f97e43e200e1b179332b29f0c486c0bf7895c99956793732d0
536,G_32467_right_485,exact,B,,unrecognized_review,3da3bb020a9352b53105d93809ac77da86ae3b008657b78a30af953464158d3b
537,D_58398_140,exact,A,A,explicit_text,85a39ab345d672ff8ca9b9c6876f3adcacf45ee7c1e2dbd2408fd338bd55e07e
538,I_57145_87757_right_s,exact,A,,contradictory_review,96d9134bab5adeadbd6a7d7fb802fa5a0f1ba7cfa58b4d076c788925d877d8d4
539,D_57833_123,exact,A,,uncertainty_or_refusal_review,8b50227f7a7fa8d37f75daa87eb519e17b20fb2d159bbf39352a163b1aba9817
540,D_83742_229,exact,B,,unrecognized_review,4a5d3f556bacdd0a57778e1ff559e95f733b8782428fbf8cf040b0e37d943954
541,D_43210_61,exact,B,,unrecognized_review,7652728d985ca0d648bd5a3a027613201a9571c80df8ec6f33b0c5f6b3601fd2
542,D_57145_119,exact,A,,unrecognized_review,f949d99f9f0106c3a559ceae3c7d5f7bdf5e7d5a8cc63821962135ad9adb3acc
543,D_58398_143,exact,A,,contradictory_review,c894534ed70feb5b7517007adb271b560fb1106869c66491037ea46dd2ac9989
544,G_69658_left_1883,exact,A,,unrecognized_review,a4d53fe66858e4cc91a5cba4158b2247b596b15159fb8dd710ad70d4e7564688
545,G_57833_right_1204,exact,A,A,explicit_text,85a39ab345d672ff8ca9b9c6876f3adcacf45ee7c1e2dbd2408fd338bd55e07e
546,D_89171_254,exact,A,,unrecognized_review,7d196fe7f9b932b42c7a242065cffcd0cb19c5c95114c037e9aeda7215297bf7
547,I_57833_69658_right_s,exact,B,,unrecognized_review,de626b8009843df3f8defb10b02aec516c67c0b9566ff36b3f905ab2e48f744c
548,I_14493_57833_right_x,exact,A,,unrecognized_review,ffd00cd03c49f93e874af64c4f4ee2c43ce2835a4db6ad2997a3734a5017090d
549,I_57145_63029_right_x,exact,A,,contradictory_review,8a5f355d9f77faaadd2ddb05b65acf0d7aeff98c093b884e2fe3d4db573ce767
550,D_47904_88,exact,B,,unrecognized_review,028d06bac523c3dcf5d405d0920098d4ba9b01efeb128ed5a1f1e9682308982b
551,G_65052_right_1843,exact,A,,contradictory_review,6eb23a70becc3a9395c5b743a0c32bb8deb30eb83a02357e15480ac3d940c7eb
552,D_14493_11,exact,B,B,explicit_text,aed53647f8e7faae259182604b78104d4031fa6e48cacc54ece185cedba39b17
553,G_43210_right_625,exact,A,,contradictory_review,88f5d6d1fffccf56568591b9b58baa6c164632372eb9018064972a4908a62099
554,I_58398_93812_right_x,exact,A,,contradictory_review,e9f7eca2c498a962cd5410cb453380b36a0752f38e61b548bde58f116e2bdf68
555,I_56583_74850_left_x,exact,A,,contradictory_review,83a5b9e7bb7bbd08c07dbaeb7953733e866ec6ccf3b9e16b6e1e059005c58093
556,I_56583_65052_right_x,exact,A,,contradictory_review,bda48c4fffe659abdf3f747369a00a3e5ab76ff7870009129041aafa9f0ce1bf
557,D_65030_178,exact,A,,unrecognized_review,a903dc5643d0b1161281a8649977eeb0a74a741ba130d364a217ba71408b67f3
558,D_65052_184,exact,A,,contradictory_review,e50f35b1ebe26edecfa47e7991e52a5f0e34ded284b754b7c6dc700636b02028
559,I_57145_76957_right_x,exact,B,B,explicit_text,84f0c45b1fccd8a3c3b9d08f814978695444375fee7e814c4c721c86ce223047
560,D_44595_80,exact,A,,unrecognized_review,ab512b3b33ea047fb6f8d5b0a074b5287f836d82c55983881dc4b98f5de00fd0
561,G_99775_left_2861,exact,A,A,explicit_text,85a39ab345d672ff8ca9b9c6876f3adcacf45ee7c1e2dbd2408fd338bd55e07e
562,I_14493_24101_left_s,exact,B,B,explicit_text,70307be4b69e7a70d88c458081673e449d4707f68a13bbecbb8ebe60afbbf9f1
563,G_96608_right_2827,exact,B,,unrecognized_review,b5f3a88ffc39f3f43fc0fc740366b2a357d14e94dbcc17f27109640fc660df9e
564,I_27295_96608_right_s,exact,A,,unrecognized_review,6a83aaddf6dc52f27da37ea6067aae4896ecb5e2d975860896eb69482bf4edde
565,I_32467_76957_right_x,exact,A,,contradictory_review,667fa629dc45c67a46ec8488dc73bd1b865a344097cf61a41ffc9041f2cf6645
566,G_65030_left_1637,exact,A,,unrecognized_review,589fadaf3291c70c708730d9ff30e248f09b081a1dfab3f015d18daa40a13183
567,G_99775_left_2851,exact,A,,unrecognized_review,9a44cd4e029fa501dcf0c0b1473f76bbe40edee190c16525c192414c427d727b
568,I_14493_27295_left_s,exact,A,,contradictory_review,22e250bd51bf16332e340db0b7f655b805154efddea4388277028cdb07289686
569,D_99775_297,exact,B,,unrecognized_review,f8ee262d46c99f667722b4e995a042f4e4dc8631186bf0a8c3137a8bf309b35b
570,G_74850_left_1990,exact,A,,unrecognized_review,f659fadef60ff7ff23ccd6c762738068bffd6944f780f0c9c3d3659519ddc883
571,G_43210_left_571,exact,B,B,explicit_text,38178a20b470cfd18299fb1593dd4ba706f1a83321dac051d01086efd8b7a96f
572,D_89171_260,exact,A,,contradictory_review,5996a97df6b19c172aae2f9a8808c8ac8bda05b6e31612855d178b9f376c6e8b
573,G_43210_right_640,exact,A,,unrecognized_review,b54ef4845597c63c5e4c837556a8337b1898506ec09b0fba084eb10f88dddea3
574,I_58398_83742_right_x,exact,A,,contradictory_review,ccd927c81c573475c44be00e377d4008c3398acdb86ca3f892fb1587cc122bc4
575,G_57833_left_1132,exact,A,A,explicit_text,85a39ab345d672ff8ca9b9c6876f3adcacf45ee7c1e2dbd2408fd338bd55e07e
576,I_65052_69658_right_s,exact,A,,contradictory_review,d1314005d00e9226b868bd4539f90e9c3826b1d0fcd04e4420bc233e2e1595f9
577,I_76957_87757_left_x,exact,A,,contradictory_review,d43706f894fa3184bc78d7e08256ed392db73ee94c4fd171d9e5a066a4649db1
578,G_93812_left_2590,exact,B,,unrecognized_review,cda328db16ad06410673c310e428280bfb45f286158c5e763723ce0c69ec120d
579,I_58398_65052_left_s,exact,B,,unrecognized_review,dad59a9516e3623097fd62ac2c9bab9c2b0e994ff037703bf719e2f35626a3cd
580,G_74850_right_2071,exact,B,B,explicit_text,1ea442a134b2a184bd5d40104401f2a37fbc09ccf3f4bc9da161c6099be3691d
581,G_47904_right_831,exact,A,,unrecognized_review,12902db0e14f9d8ded300e1091a0321bb42bdc9389d4c7d05d3eb5a9312e7341
582,G_69658_right_1934,exact,B,B,explicit_text,1ea442a134b2a184bd5d40104401f2a37fbc09ccf3f4bc9da161c6099be3691d
583,G_43210_right_672,exact,A,,unrecognized_review,54ab778c2bf645baa19f4b69bfdda1d3ec17b2f3023055002f61e882281c153c
584,G_76957_right_2171,exact,A,A,explicit_text,85a39ab345d672ff8ca9b9c6876f3adcacf45ee7c1e2dbd2408fd338bd55e07e
585,G_24101_left_293,exact,A,,unrecognized_review,36e3d834ce118842ad82e39f7b1ddfb158a364924e7107e37a59a246ad2f23df
586,G_74850_left_1992,exact,A,,contradictory_review,5fb7c81abb4dbdb97e284cba6afcd8b87acbd7459c9d4ffb94396fa29b6f9ed3
587,G_56583_right_941,exact,A,,unrecognized_review,16a36e86f6fed5d465ff332511a0ce1a863b55d364b25a7cdaa25db19abf9648
588,I_57145_96608_right_x,exact,A,,unrecognized_review,b3132786b58ecc423be36fa8e2fb1a574113d4443f3463bde6e491caa115c8bf
589,G_99775_left_2892,exact,A,,contradictory_review,d49a9b6151141d44b644593021c34ff0ec17900731731ffb0d32aa96f9a5730f
590,D_58398_132,exact,B,,unrecognized_review,19d282c2c782dce5e7f3f61f9bf25a56cf88f369754b8093299565ca0b72dd4d
591,I_69658_83742_left_s,exact,A,,contradictory_review,1b990efd98b9034b3c0454ffed3033e89ce20b32bebd3b0a1bf5ec7a30c6d1c5
592,G_99775_right_2925,exact,A,A,explicit_text,747d39e9fc5cdde1e1fc822c31b31e99db7f403d683f5078f5a6c2616c4e83e6
593,D_27295_40,exact,A,,contradictory_review,90b09798eaab124d0ac43e690e205d0cae75fe0b43784fbb2ea1594512b6bde7
594,I_20294_47904_right_s,exact,B,B,explicit_text,70307be4b69e7a70d88c458081673e449d4707f68a13bbecbb8ebe60afbbf9f1
595,G_63029_right_1590,exact,A,,contradictory_review,c65daaff30f99b6a7a4634ce5f810a2005754e9a63088377e07399cb8f20c53b
596,G_93812_left_2614,exact,B,B,explicit_text,b1c9eb7c37e675fc517b6505924533cdce16186b5f0e203bf8eff78af200a1f9
597,I_27295_69658_left_x,exact,B,B,explicit_text,70307be4b69e7a70d88c458081673e449d4707f68a13bbecbb8ebe60afbbf9f1
598,I_57833_83742_left_x,exact,A,,unrecognized_review,dac083fa45c75638b0e3e9d1421fd5dd6cbc83207e96cae1926c85aca694c3f8
599,G_20294_left_141,exact,A,,unrecognized_review,b9ec9582b2e3ab096cd518f4d132b5c7fabddb384313ed924f8c119df37db53b
600,I_43210_74850_right_x,exact,A,A,explicit_text,85a39ab345d672ff8ca9b9c6876f3adcacf45ee7c1e2dbd2408fd338bd55e07e
601,I_58398_96608_right_s,exact,A,,contradictory_review,d86ebf9203dd46ada23c6d7f899cfad2ba815af71a062d1c599fc2e7850fcb26
602,I_96608_99775_left_s,exact,B,B,explicit_text,89f7d798759e13e879e9b8c87de8693da2fbf4708fdf832ecdc81a76ea750e3b
603,I_20294_96608_right_x,exact,A,,unrecognized_review,051028a996128ba7a1de8a4c27cb4917da2a70c94d55e791cbefe3238c7072a5
604,G_57833_right_1200,exact,B,B,explicit_text,70307be4b69e7a70d88c458081673e449d4707f68a13bbecbb8ebe60afbbf9f1
605,G_76957_left_2129,exact,A,,uncertainty_or_refusal_review,dc10cb7ab95ae116a9b39a489aa070a3ea24a71125421ca14f6a1cf9c81d57e9
606,I_58793_99775_right_s,exact,B,,unrecognized_review,0ed954a101ccb49c5863f375e8b8c9438c85c105a588fc11dfb724789fa687d4
607,D_65030_173,exact,A,,unrecognized_review,30b883402b4e126e03a556218ce38f737f08e27d85a3cec9b8f80b3b34c82a89
608,G_58398_right_1342,exact,A,,contradictory_review,cb0c954108872c3edc8da95db330060ee8b5e20b35ef312dfa1f8981ed648558
609,I_57145_65052_right_s,exact,A,A,explicit_text,85a39ab345d672ff8ca9b9c6876f3adcacf45ee7c1e2dbd2408fd338bd55e07e
610,G_89171_right_2565,exact,B,,unrecognized_review,8e298485c8a08aa92716b372ccd4ef75e972dfb0ae932a27e9bca7fd34d9b8fa
611,G_57145_right_1110,exact,B,B,explicit_text,aed53647f8e7faae259182604b78104d4031fa6e48cacc54ece185cedba39b17
612,G_69658_left_1901,exact,A,,unrecognized_review,b80655ab130e26ca649774cc6d890fd66b81f3f4f91095e4734a8c34a220f319
613,D_65030_169,exact,A,A,explicit_text,85a39ab345d672ff8ca9b9c6876f3adcacf45ee7c1e2dbd2408fd338bd55e07e
614,G_74850_left_1971,exact,B,,unrecognized_review,fe395df589b3950ddedac2a64e54b2fed4ae59ce4cac3269d4aa4dcb21af5179
615,D_56583_103,exact,B,,unrecognized_review,f3b557503fa06afbfd977522f3b3c22b04126e82254cd3db944dc266868893d9
616,G_87757_left_2382,exact,A,,contradictory_review,765e2e880807b6e88343988712bb19f670b9616c49f97b0fc7d9b13048ce9c5b
617,G_65052_left_1748,exact,A,,unrecognized_review,fb49f03f21a0c22ce0e51d85e6d0bb095f9c0d3121d401a9e2b840c1b4b3111c
618,I_56583_57145_right_s,exact,B,B,explicit_text,70307be4b69e7a70d88c458081673e449d4707f68a13bbecbb8ebe60afbbf9f1
619,G_87757_left_2371,exact,B,,unrecognized_review,a7ad3aff3d4bf38d543b9d2ec9c0aae8baebb778084206c61a568d0127446a6a
620,G_56583_right_898,exact,A,A,explicit_text,85a39ab345d672ff8ca9b9c6876f3adcacf45ee7c1e2dbd2408fd338bd55e07e
621,I_32467_87757_left_s,exact,A,,unrecognized_review,589d813f7c6cdf301a8fa2465d86104d553edd23c8203506a63b723340d36449
622,I_24101_87757_right_s,exact,B,B,explicit_text,84f0c45b1fccd8a3c3b9d08f814978695444375fee7e814c4c721c86ce223047
623,I_24101_99775_left_x,exact,B,B,explicit_text,70307be4b69e7a70d88c458081673e449d4707f68a13bbecbb8ebe60afbbf9f1
624,I_65052_69658_left_s,exact,B,,unrecognized_review,e27f8cb96e5d2af9b876aeb71b67ec1ca138513e527e7c00ffba25e2259f47e3
625,I_44595_63029_left_x,exact,A,,unrecognized_review,559738dd70cf9fe7dcdd4834b12f28403525344f7b7de69664f3e5f376f51200
626,I_63029_99775_left_s,exact,B,B,explicit_text,89f7d798759e13e879e9b8c87de8693da2fbf4708fdf832ecdc81a76ea750e3b
627,I_32467_47904_left_s,exact,A,,contradictory_review,d330474695d9be81ea2bededbe83eaf8a2a50ecd7689105110c02cd4ae45bb8f
628,I_58793_83742_right_x,exact,A,,contradictory_review,4bd5498a9bba9deb1e034363cc892af3249bc15f19990d0d7fb8e3251e9b6bc0
629,I_32467_83742_right_x,exact,B,,contradictory_review,1a002bdc7c067495322695897c7cdfe238c99d5c12b7763703c5d59a3dc94410
630,I_14493_93812_right_s,exact,A,,contradictory_review,d892ea571c89c28822058acaf2130e137be9bf9d06ac73b6be0265fe470124a8
631,I_27295_56583_right_x,exact,A,,contradictory_review,05b4e012261649bcdb8f33813a6d3debf736e917333ebe68a0a3673ff3c633b7
632,D_99775_294,exact,A,,unrecognized_review,98fbed2ac8f65a4cdf4f193d9da2dc6d4c129e38b54147bea6680844807c16bf
633,G_32467_left_430,exact,A,,contradictory_review,f31c7cc0868e516624beab1ee08357a2a29fdd21f36bad40afb0492df29deb94
634,G_96608_right_2810,exact,A,A,explicit_text,85a39ab345d672ff8ca9b9c6876f3adcacf45ee7c1e2dbd2408fd338bd55e07e
635,D_32467_50,exact,B,B,explicit_text,70307be4b69e7a70d88c458081673e449d4707f68a13bbecbb8ebe60afbbf9f1
636,I_65030_69658_right_x,exact,A,,contradictory_review,872610457700426bbc15194bda6d12b2da2566cf7f154ef73003da0cadae6dc3
637,G_74850_right_2016,exact,A,A,explicit_text,85a39ab345d672ff8ca9b9c6876f3adcacf45ee7c1e2dbd2408fd338bd55e07e
638,I_47904_93812_right_s,exact,B,B,explicit_text,1ea442a134b2a184bd5d40104401f2a37fbc09ccf3f4bc9da161c6099be3691d
639,I_27295_65030_right_s,exact,A,,contradictory_review,94b47dc24d3298d4ed9e7ce0cdb9563d1e1ce35526979cd56f75c5bf1292b96e
640,I_20294_83742_left_x,exact,A,,unrecognized_review,2839b8da7d6244a6a417baccfe5c04b9b5c0565b132b5bfd296a29ef5ad14244
641,I_57833_58793_right_x,exact,A,A,explicit_text,85a39ab345d672ff8ca9b9c6876f3adcacf45ee7c1e2dbd2408fd338bd55e07e
642,I_43210_65030_right_x,exact,A,,contradictory_review,ef1acfd84e79229483bffd29c886d5cc471a521a2cd36cab6760ca9484b0b67c
643,G_32467_left_454,exact,B,B,explicit_text,84f0c45b1fccd8a3c3b9d08f814978695444375fee7e814c4c721c86ce223047
644,I_47904_89171_left_s,exact,B,B,explicit_text,70307be4b69e7a70d88c458081673e449d4707f68a13bbecbb8ebe60afbbf9f1
645,D_20294_15,exact,A,,unrecognized_review,badf93cb888e205b1154bf2338b0b440fd81ba163875aa114bf3ca646649dfa1
646,I_65030_93812_left_s,exact,A,,contradictory_review,7a451da9fec663054ef996ef32fc6fa0a1a02865c3ffaec5f250239c0df8169b
647,G_58793_left_1386,exact,A,,unrecognized_review,b4f0033983718e8e1a4c61d7b0bae00c6033afe93e37cc6f59f4fb16ab2c6be9
648,D_76957_226,exact,A,B,explicit_text,45074ee3f5a5b65eea40187ec57a731c1b5cfc2cf4845fcb8351fb51ed0eeb17
649,D_63029_166,exact,B,B,explicit_text,70307be4b69e7a70d88c458081673e449d4707f68a13bbecbb8ebe60afbbf9f1
650,I_20294_32467_right_s,exact,A,,contradictory_review,b5774d23e60793ec495baea54a497d22b539de096586b6cb07578479383a75e5
651,I_58793_87757_right_x,exact,A,,unrecognized_review,d4e77160b1533e0a4f43e2cc6ef8719d6e1fee363dfce67f6e81d24dda77af61
652,I_24101_69658_left_s,exact,B,,unrecognized_review,b7950ddb04cc4dae0fc06ee2a021007c62bef4d30aae185383bae90de461ca22
653,G_96608_right_2818,exact,B,,unrecognized_review,ce92dcb3b4eba2a5ef5ff8c4234d9bc6b4f7b46dca7620374f9ffceb3a968bb7
654,G_47904_right_830,exact,A,,contradictory_review,fa565e067a3424aaecae99e3fefba75d89fcf4f8b9c07e4ec94d4d37511a0425
655,I_47904_74850_left_x,exact,A,,contradictory_review,a24dd5c4f08a5cea9d1314f7fb78362be0995a6802e20a833298e6a20a3fe6a7
656,I_65052_76957_right_x,exact,A,,uncertainty_or_refusal_review,08d9f455c6ec6f44a65a5627bd6f2f6615c6d910f52e5c5364cb583f0b42b250
657,I_27295_58398_right_s,exact,A,,unrecognized_review,81d2a7eeb135187e22cc8433e746ad92554b11d3dcce20963823ee41ce7586a8
658,I_58793_93812_left_s,exact,A,,contradictory_review,60c18b82bdd12f45c7fa19936248863e3842b1e822d9af1c517882c2d4fad902
659,I_44595_74850_right_s,exact,A,,uncertainty_or_refusal_review,39a3fac5614bccfaed10a3880eed0f83f98c37ebc9e024679914d5e8954db960
660,I_32467_96608_left_x,exact,B,,contradictory_review,4beb72ffa563d88b58bd684cc7a8193663e4bd104bb3eb1779e474e002fc3d48
661,I_65052_74850_right_x,exact,A,A,explicit_text,747d39e9fc5cdde1e1fc822c31b31e99db7f403d683f5078f5a6c2616c4e83e6
662,G_76957_right_2177,exact,B,B,explicit_text,1ea442a134b2a184bd5d40104401f2a37fbc09ccf3f4bc9da161c6099be3691d
663,I_63029_96608_left_x,exact,A,,contradictory_review,44141307b6a5a3655a9a59241882a265a7d83eb21b45405d92cc26e03e7e01f2
664,I_83742_89171_right_s,exact,A,,contradictory_review,de7af349238ea7852697bb4c61a7e7dbab780b84ade20dfc6b7ae2ddedd0522f
665,D_76957_220,exact,A,A,explicit_text,85a39ab345d672ff8ca9b9c6876f3adcacf45ee7c1e2dbd2408fd338bd55e07e
666,G_74850_right_2055,exact,A,,unrecognized_review,5031401436e1bbe29470b07b2fb3744a2dbaa6d7fd79b56f45cbfff9745ae1f8
667,I_24101_58793_right_s,exact,A,,contradictory_review,3dd529f84fe047dfb9ca1748493c2388dcf40d7e8654ec7f3715fcb52bd902b6
668,G_83742_right_2285,exact,A,A,explicit_text,85a39ab345d672ff8ca9b9c6876f3adcacf45ee7c1e2dbd2408fd338bd55e07e
669,D_56583_100,exact,A,A,explicit_text,85a39ab345d672ff8ca9b9c6876f3adcacf45ee7c1e2dbd2408fd338bd55e07e
670,I_20294_65052_left_s,exact,B,,unrecognized_review,8b2a2931b8dfda82f8e4ddd09d2adbd79b2f8e0c4f7713df6ca43501ab1d0a7b
671,G_43210_left_606,exact,A,,contradictory_review,a2aa9fb84396649a5e7e0ff099555935a5551948ebdb4e050ac77136b7e10c01
672,I_58398_99775_right_x,exact,A,,contradictory_review,e17057b145e106ee5c0f2af8f472c04a26d2bc2fc9ce3b9cc0ee5a694854c27b
673,D_87757_251,exact,A,,contradictory_review,4c43ffcfa75c8a1254a6e5d7ea9e3537378258e28cc0261a47a660a91d94feaa
674,I_43210_57833_left_x,exact,A,,unrecognized_review,43dc44cafa6ac246b3b6f03d3d5db458c8ea227c8b938bb1ff28110c5e85d91c
675,G_14493_right_129,exact,B,B,explicit_text,84f0c45b1fccd8a3c3b9d08f814978695444375fee7e814c4c721c86ce223047
676,I_57833_76957_right_s,exact,B,,uncertainty_or_refusal_review,63591db5d9337f7bba52f2287429ddd0677d371349f0c897d2c4f5c3404105b0
677,G_69658_left_1892,exact,B,B,explicit_text,aed53647f8e7faae259182604b78104d4031fa6e48cacc54ece185cedba39b17
678,I_57145_65052_left_s,exact,B,,unrecognized_review,45be2d3ad424aee61ffc1e83949bcec1041bebb6f75984aeb99426f6036fa37e
679,D_57145_110,exact,B,,unrecognized_review,19d282c2c782dce5e7f3f61f9bf25a56cf88f369754b8093299565ca0b72dd4d
680,G_56583_left_862,exact,A,A,explicit_text,64127d11e52dba9934f43b68d25534d06278c5ae267d63325ae948b0c94713f1
681,G_57145_left_951,exact,B,,unrecognized_review,f3088af717eaaf592a89e53964a5a450689d53678524ee7c64e9825d0bfeff36
682,G_65052_left_1732,exact,A,A,explicit_text,85a39ab345d672ff8ca9b9c6876f3adcacf45ee7c1e2dbd2408fd338bd55e07e
683,G_57145_right_1090,exact,B,B,explicit_text,70307be4b69e7a70d88c458081673e449d4707f68a13bbecbb8ebe60afbbf9f1
684,D_44595_82,exact,A,,unrecognized_review,c44451ba15d42774c9a3f20ad3401f221988663a990895efe47d68aaea026971
685,I_47904_76957_left_s,exact,A,,contradictory_review,a6c0ae83ccc8bb21aafd17b8e3a681b7a78956c7efdab47eae54cce670f8dae3
686,D_57833_128,exact,A,,contradictory_review,5a34c6b9a7217071ef8a1bb952f2b47ecd2f393f885242eb27af3ce34d82108d
687,G_96608_right_2782,exact,A,,unrecognized_review,fb49f03f21a0c22ce0e51d85e6d0bb095f9c0d3121d401a9e2b840c1b4b3111c
688,D_58398_137,exact,A,,uncertainty_or_refusal_review,2930f758cf9874ddd77de7fb0e05458128f794da4a143240d1d7d3a4f0078f3a
689,I_43210_99775_left_x,exact,B,B,explicit_text,70307be4b69e7a70d88c458081673e449d4707f68a13bbecbb8ebe60afbbf9f1
690,G_57145_right_1105,exact,B,,unrecognized_review,464ce689fd65e9ae54655b76a791a531b5579d1e710ab0128fc4eaaaa60af9b8
691,G_20294_right_214,exact,A,,uncertainty_or_refusal_review,e13537d50daab08cbe05a20d82d2017612a97a185388635fc10591d114a55429
692,D_69658_201,exact,A,,contradictory_review,0f4f4f3ce0d7771a046e40a748727b83793ad08bfcac2e4c2b2422186abd1624
693,D_74850_209,exact,B,,unrecognized_review,4e6acce9a80e74b191de7fc0d91040a5f5588e7c154c7560944a7fc573a9ca32
694,I_47904_83742_left_s,exact,A,B,explicit_text,45074ee3f5a5b65eea40187ec57a731c1b5cfc2cf4845fcb8351fb51ed0eeb17
695,I_65030_65052_left_s,exact,A,,uncertainty_or_refusal_review,d5d30431786ea2c7ba6ebcc9c705a9b0fc4346e78de5e86de4b37e498eb4b874
696,I_63029_65030_right_s,exact,A,,unrecognized_review,df19bac8539858dd0bc6f3d27b5a7dc83c2e551f2b0aa8b81f34a00df8f3e43f
697,G_43210_right_669,exact,B,,unrecognized_review,028d06bac523c3dcf5d405d0920098d4ba9b01efeb128ed5a1f1e9682308982b
698,G_83742_right_2295,exact,A,,unrecognized_review,29fc677427b75e1e2117b033340d56542047348cb28c1ca9db8c649dc772cee3
699,G_14493_left_30,exact,B,,unrecognized_review,bc425954ab1c91a0c8d7fa8df7f15c72c8ed59953450aa5b1c7fcaae0e5dd6a7
700,G_93812_right_2664,exact,A,,contradictory_review,e7e3c3d6cd522eecf4b5246cf66f655f8aa84dc549df99f499c379c27e9303da
701,D_57833_124,exact,B,,uncertainty_or_refusal_review,f83caa3e2229350c16526598667b833cbea8633913060eb952ab7dbf65b90ddc
702,D_27295_42,exact,A,A,explicit_text,85a39ab345d672ff8ca9b9c6876f3adcacf45ee7c1e2dbd2408fd338bd55e07e
703,I_27295_87757_left_x,exact,A,,unrecognized_review,f709caaf29598bc5cda693efa2efc33008ef9f6d86b29e3819d0eb61360bd9c6
704,G_43210_left_559,exact,A,,contradictory_review,8b8262a87e0a427c3232c7202eafaa51da179a81f5fd91f2cdaa5a04d6466f07
705,I_44595_96608_right_s,exact,A,,contradictory_review,98d04b33e048c7960e24ce101667f5685773339a62e79c69072c2cf37630b43d
706,G_89171_right_2550,exact,B,B,explicit_text,aed53647f8e7faae259182604b78104d4031fa6e48cacc54ece185cedba39b17
707,D_87757_244,exact,A,,contradictory_review,bb2782557856110257efae05c09ac6dead70a6dd059a388f94484d0890cbdca6
708,G_83742_right_2341,exact,INVALID,,unrecognized_review,205e6429a996214755a6f998fd0de8aa27e6d08eb1f2ba830b4c2268ea1d6d17
709,G_44595_right_779,exact,A,A,explicit_text,1b7a09a3b821aa28ceb74d5cdfe18af6fe5ddc12ca0957e3281812b1c7899837
710,G_14493_right_120,exact,A,,contradictory_review,26df29bdfdf9356844173e8e8914deee407a159345b68712050b9557a0ffc928
711,I_43210_57145_right_x,exact,A,,uncertainty_or_refusal_review,c77242bdfa0725cc56d1869872f78d049a0d5cc7bfd5dcdeef8bfe32590a18ec
712,I_57833_89171_left_s,exact,A,A,explicit_text,b6a1813eaefa0f5c295a616ca3e8663b1ccdf45bc964a00c6da08b4be52f9370
713,G_65030_left_1649,exact,A,,contradictory_review,96b1d15d2219b3d8b72c84df65705ba323f81632815d26eea9600d49211f2da1
714,G_44595_left_723,exact,B,,unrecognized_review,19d282c2c782dce5e7f3f61f9bf25a56cf88f369754b8093299565ca0b72dd4d
715,I_83742_96608_right_s,exact,A,,contradictory_review,fcd518e15ea6ef65268ef08443f4b08da5b0f0f9a2035582a48e46ac4e77f57b
716,I_44595_65030_right_s,exact,A,,unrecognized_review,bfa66ea4d610cea771ca9454af7a60ff9d6e537a469c44f76c5381e21e75e863
717,I_58793_99775_left_x,exact,B,B,explicit_text,1ea442a134b2a184bd5d40104401f2a37fbc09ccf3f4bc9da161c6099be3691d
718,I_83742_93812_right_x,exact,A,,contradictory_review,9caae511b88cbb64c2746833df1afba851418c152e2de8a62a567e211a35ba4f
719,I_14493_76957_right_x,exact,B,,unrecognized_review,870e3a5c42d581b3ef30c70ceff83e8f3c66f4a06a4fc35eff34cee4ba1eaf0b
720,I_14493_63029_right_x,exact,A,,contradictory_review,1f77309a151d6c8dc95765927d137e503c58893895dcaae01a86daa5e134dc60
721,I_43210_96608_left_x,exact,A,A,explicit_text,85a39ab345d672ff8ca9b9c6876f3adcacf45ee7c1e2dbd2408fd338bd55e07e
722,G_14493_left_63,exact,A,,unrecognized_review,41f056c7de0e5683e4dea1003ff596bcd13e252e3104ee33f90280d701f72940
723,I_14493_43210_left_x,exact,A,,unrecognized_review,edb489835a669eae4f9b71695fe2d292dfb6445089f89644a2b16bb14d5c266c
724,D_93812_267,exact,A,,contradictory_review,847033e2b5a5f49a76f0726cd483fafe8422a1ade0f1cd95f13c790aefe8278e
725,I_20294_24101_left_s,exact,B,B,explicit_text,70307be4b69e7a70d88c458081673e449d4707f68a13bbecbb8ebe60afbbf9f1
726,D_44595_74,exact,A,A,explicit_text,1b7a09a3b821aa28ceb74d5cdfe18af6fe5ddc12ca0957e3281812b1c7899837
727,G_76957_right_2169,exact,A,,unrecognized_review,43dc44cafa6ac246b3b6f03d3d5db458c8ea227c8b938bb1ff28110c5e85d91c
728,I_56583_57833_right_x,exact,A,,unrecognized_review,40504c13c089a92feb97f76b96395f652dd93634be39f851c752ff81896fe57d
729,I_69658_93812_left_x,exact,B,,unrecognized_review,a3e0b5f8cfdc2521e5606abc3d760bad31dcc2a4cc49bb081d4c27ececbd1126
730,I_57145_87757_left_s,exact,B,B,explicit_text,70307be4b69e7a70d88c458081673e449d4707f68a13bbecbb8ebe60afbbf9f1
731,D_83742_231,exact,B,,unrecognized_review,f8ee262d46c99f667722b4e995a042f4e4dc8631186bf0a8c3137a8bf309b35b
732,G_87757_right_2446,exact,A,,unrecognized_review,3667e89be0d3893f37ccd89b2adf20dd0c5658eb0bb241b5759116b88ade559f
733,G_87757_right_2429,exact,A,A,explicit_text,1b7a09a3b821aa28ceb74d5cdfe18af6fe5ddc12ca0957e3281812b1c7899837
734,I_20294_65030_right_s,exact,A,,contradictory_review,ff5238b7160d011bfff54564c0b22f9937056e56c21e5d0dab3885f6cad7e3e9
735,I_57145_83742_right_x,exact,A,,contradictory_review,d0145a696c8a465b0b5d98cba326d61d3b49fa552f27d076cc60bf50d107f181
736,G_56583_right_901,exact,A,,contradictory_review,a36e174c42bf4296776448ebf05dd01557c76a9161ec6bf6f41ab6f1317d81a5
737,G_47904_left_815,exact,A,,contradictory_review,2276333e8c9592a05ae2dd042033e887f2fcad07ab3941133d1a8af0f9c28892
738,I_44595_93812_left_x,exact,B,B,explicit_text,1ea442a134b2a184bd5d40104401f2a37fbc09ccf3f4bc9da161c6099be3691d
739,I_57145_65052_right_x,exact,A,A,explicit_text,85a39ab345d672ff8ca9b9c6876f3adcacf45ee7c1e2dbd2408fd338bd55e07e
740,G_76957_right_2174,exact,B,B,explicit_text,7de317597fb5fb962e3140fc9230cb60f8be86dfe56cda34a9df879c61ec6596
741,G_32467_left_450,exact,A,,contradictory_review,f4b4e78920baf12c530fb9f99d2315dc1677d30a691b29d39282dcbe838e5011
742,I_32467_83742_right_s,exact,B,,unrecognized_review,032ff950028eab61bce62faf11a3275679731260ad68c9544bd5360f829c0bbf
743,I_57145_99775_left_x,exact,A,A,explicit_text,85a39ab345d672ff8ca9b9c6876f3adcacf45ee7c1e2dbd2408fd338bd55e07e
744,G_58398_left_1303,exact,B,,unrecognized_review,1ad5462164cea9d59325ede25955031c2154026d92cf9c829cd3dd58538366ed
745,I_63029_87757_left_s,exact,A,,contradictory_review,70367b96e7a67d9551eb479d1e8f139faf3efd9ea08a6de715582b2a7d389856
746,G_57145_left_991,exact,A,,unrecognized_review,6f7c0fc96b0721a9bb110e280c7ef3668cc204659de197fd34cdfc293428335e
747,G_93812_right_2685,exact,A,,contradictory_review,48733befd0d87e189caedbf862bedc5983ecf025e73351f49cbf23c2c64e799f
748,G_76957_left_2096,exact,B,B,explicit_text,1ea442a134b2a184bd5d40104401f2a37fbc09ccf3f4bc9da161c6099be3691d
749,D_14493_5,exact,A,,contradictory_review,f214521d08489d7c2b03f3d5c69ffbe779c253f20ec7d89e5c7e68208fae752c
750,I_65030_89171_left_x,exact,A,A,explicit_text,85a39ab345d672ff8ca9b9c6876f3adcacf45ee7c1e2dbd2408fd338bd55e07e
751,G_63029_left_1526,exact,A,,unrecognized_review,2a4c5899e3fc183708b55bc197438c9f69643cabf35cf9c5bf1746fbc9aefee5
752,D_96608_279,exact,B,,uncertainty_or_refusal_review,47c423ced3cf6604c346aad4f6f4e2f20e2b8ed161a538150fce7b2545889cda
753,D_27295_39,exact,A,,contradictory_review,1b45b357761d2f8c4701b4c3a5a4b8e2ec50e36fdb831673b29ccb5ac9ad3e2c
754,G_58793_left_1406,exact,A,,unrecognized_review,ed1c75448493b5a7b29617b90f29ef028ccb4d0c1d52bc86382d039f6b7b4e57
755,G_27295_left_350,exact,B,,unrecognized_review,2fbaedac0eff20cb94bd811960447ab76ca33aea9d20394d2d942a17dd90f8dc
756,G_44595_left_722,exact,B,,unrecognized_review,8e845788e375092c5e294a111e4211f9e7f0502a40dede912b953d581c89ccc7
757,I_44595_63029_right_s,exact,A,,contradictory_review,70367b96e7a67d9551eb479d1e8f139faf3efd9ea08a6de715582b2a7d389856
758,G_47904_right_827,exact,A,A,explicit_text,85a39ab345d672ff8ca9b9c6876f3adcacf45ee7c1e2dbd2408fd338bd55e07e
759,I_24101_32467_right_s,exact,A,,contradictory_review,15202c97e90c756c3082a41688465c3b5f8f8ec20880ea477c79d8c7c8f69d59
760,G_58398_left_1275,exact,A,,unrecognized_review,ef84ce12075f0a0648769d10e3edb80e083a0a155d7a1c34af24ad5941b49829
761,I_83742_87757_right_x,exact,A,,unrecognized_review,90be29237e31c9daf618904e0a0927466151d62cb5985486376092406bfaee21
762,I_43210_44595_right_x,exact,A,,contradictory_review,8828dd619c1c9d270be04c43a394647be0b0761f5000917f75c4cdb2d3af9e84
763,I_44595_57145_right_s,exact,A,,contradictory_review,afe9f6c9087bf43c4ee1811d8b7f8b766656e6acb2828363abd84fcb21d281bc
764,G_14493_right_119,exact,A,,contradictory_review,9b93717d1111062888408f42fe1cd1486e6e291e6a7f3ac16653a1b59555122e
765,D_89171_259,exact,A,,contradictory_review,0df4f36ef81192f9018f558194576d59c8d81be493811f9d4c4c02cb95d9aad7
766,G_24101_left_291,exact,A,,contradictory_review,a56fd2d33002f3e779bbf3e4e5ba35c0429b014807bd366723e412c986434006
767,I_58398_65052_right_s,exact,A,,contradictory_review,0f1e171838c33dfa46bb7eab377cbc687e013ae9906582a662910a52e0a3c411
768,I_65030_87757_left_s,exact,A,A,explicit_text,85a39ab345d672ff8ca9b9c6876f3adcacf45ee7c1e2dbd2408fd338bd55e07e
769,G_76957_right_2163,exact,B,B,explicit_text,70307be4b69e7a70d88c458081673e449d4707f68a13bbecbb8ebe60afbbf9f1
770,G_65052_right_1803,exact,A,,contradictory_review,b832b0d10b37583f60a11004873c072f44b434c249b6d69fa5c511a1c8c688ff
771,G_24101_right_299,exact,A,,unrecognized_review,1f9d5493fc8012fe8afcb84059335efbb999c052b0a870d7a46171ab8d3866d7
772,D_89171_253,exact,A,B,explicit_text,45074ee3f5a5b65eea40187ec57a731c1b5cfc2cf4845fcb8351fb51ed0eeb17
773,I_14493_20294_right_s,exact,B,,unrecognized_review,9b700e1f03bdba597d900b94351ca56c5f11f468fad9136ac8f8ac9828cac722
774,D_57145_112,exact,A,A,explicit_text,85a39ab345d672ff8ca9b9c6876f3adcacf45ee7c1e2dbd2408fd338bd55e07e
775,G_99775_right_2956,exact,A,,unrecognized_review,11004aa25a21692591ef79e77999979fd9d671f7ea80529a4a3bbc4e4b5ffd4b
776,D_93812_270,exact,B,B,explicit_text,246fe1d62488415b4a769126cc8fff9a718be090de06f8b705c972cb18fc8101
777,G_57145_left_946,exact,A,,unrecognized_review,5b5e48b9a35a763fc1a781b35cd25812113f2c56c9650b745177608ec8c7877d
778,I_24101_89171_left_x,exact,A,A,explicit_text,85a39ab345d672ff8ca9b9c6876f3adcacf45ee7c1e2dbd2408fd338bd55e07e
779,G_44595_left_757,exact,B,,unrecognized_review,885faf58d44e316f9b3abd1629721ce5195d2297bc31f58f6de274f00aaa3b2e
780,D_24101_25,exact,A,A,explicit_text,85a39ab345d672ff8ca9b9c6876f3adcacf45ee7c1e2dbd2408fd338bd55e07e
781,G_44595_right_803,exact,B,,unrecognized_review,445c185cedb24a3bcd833d8b6110918b107c9499ce09c1f4ebb5ea8d9c315b5c
782,G_96608_right_2787,exact,A,A,explicit_text,85a39ab345d672ff8ca9b9c6876f3adcacf45ee7c1e2dbd2408fd338bd55e07e
783,G_20294_right_254,exact,A,A,explicit_text,85a39ab345d672ff8ca9b9c6876f3adcacf45ee7c1e2dbd2408fd338bd55e07e
784,I_65030_83742_right_x,exact,A,,unrecognized_review,3c30c532505afac3f62bba4ae98519b465903efc2c619b9415fafe2c1e7fd65e
785,I_27295_89171_right_x,exact,A,,unrecognized_review,425595a938a7796226b05d21f1e1425423cd45170899bf41429eff4de0023975
786,D_57833_120,exact,A,,unrecognized_review,8b50bd8cd5d1fa49471962ae55468c57e265841a5cba42dcfa01d32f3c41c748
787,D_58793_148,exact,A,,unrecognized_review,3056bf635e73c674004210484841e9aeac1c980fab7405ba993dc41692f8b499
788,I_43210_65052_left_x,exact,A,,unrecognized_review,6045b018aeeb2458b0736d72c41cd277475b881e9b63307c977f01f3bbb2af6f
789,D_47904_89,exact,A,,uncertainty_or_refusal_review,4399903172806c0426392bb6329fb3e04102b30d8c39a7ab30e4913a52fa6ee4
790,I_32467_65030_left_x,exact,A,,contradictory_review,60987949971679ed71327ca8ed46e6569e605ec0975b7eef48e6aaf6cd48a553
791,G_89171_left_2525,exact,A,,unrecognized_review,2fd25405b9350f9f5b658dad161344b07675f0e4cf7c1afefd049f9c983ee6c4
792,I_27295_56583_left_s,exact,A,,unrecognized_review,4519a6d23114f0e8d36ab2f39d698451af689dfe86e39a3994665f7a0e4ccc80
793,D_58793_152,exact,A,A,explicit_text,85a39ab345d672ff8ca9b9c6876f3adcacf45ee7c1e2dbd2408fd338bd55e07e
794,G_63029_right_1579,exact,A,,contradictory_review,816f3dcd8efb70b7596ddaa540ccaaa2c1aac6c4c7af15d457b20a75a5d11a22
795,D_14493_2,exact,INVALID,,unrecognized_review,32ebb1abcc1c601ceb9c4e3c4faba0caa5b85bb98c4f1e6612c40faa528a91c9
796,G_65030_left_1665,exact,A,,contradictory_review,10298e7f3c6f6293216b59a691de96b93e9b94084284c04b91633be28cefa687
797,G_74850_left_1977,exact,A,,unrecognized_review,a4d53fe66858e4cc91a5cba4158b2247b596b15159fb8dd710ad70d4e7564688
798,D_93812_264,exact,A,,contradictory_review,0c9df6ae73f7e69988f3e7a1c4bb29dc0aa54a7785d27234b81fe68c789a8109
799,G_76957_right_2150,exact,B,B,explicit_text,1ea442a134b2a184bd5d40104401f2a37fbc09ccf3f4bc9da161c6099be3691d
800,D_32467_56,exact,B,,unrecognized_review,691cadf0ba6ddb1201679a67a1afe0935a3d315d344b97b77183bbebdbb28ef5
801,G_74850_left_1984,exact,A,,unrecognized_review,8d58164a38b8a2789637140c9b2b027c6c273f39e84a1be0bda1adfd4c83f4d8
802,I_27295_57145_left_x,exact,A,,unrecognized_review,c823de5c567c400b62b89912c851025923ee3a39b9a937d9baa16ad679dbcb45
803,D_74850_205,exact,A,A,explicit_text,747d39e9fc5cdde1e1fc822c31b31e99db7f403d683f5078f5a6c2616c4e83e6
804,G_56583_left_854,exact,B,,unrecognized_review,19d282c2c782dce5e7f3f61f9bf25a56cf88f369754b8093299565ca0b72dd4d
805,I_24101_74850_left_x,exact,A,,contradictory_review,9267f740a44c0d1eae7cd85519a6aa6cf05a4618b21595b5ace5f74081bfb5a7
806,I_69658_99775_left_x,exact,A,A,explicit_text,85a39ab345d672ff8ca9b9c6876f3adcacf45ee7c1e2dbd2408fd338bd55e07e
807,G_87757_left_2380,exact,A,,contradictory_review,eb4b3da7b08f93b644ca2354c2a3d52ef44836c5567f14297e41a3bc28855920
808,D_24101_26,exact,A,,uncertainty_or_refusal_review,1f777b26403a7f7fc22defadc2aac2c8882ead5086c767342e66ad933204403e
809,I_24101_89171_left_s,exact,B,B,explicit_text,84f0c45b1fccd8a3c3b9d08f814978695444375fee7e814c4c721c86ce223047
810,G_87757_left_2369,exact,A,,uncertainty_or_refusal_review,02e8dfb5b34f53b6bce6673209948f3f4970d00e18ada12d3ddfd5710d3a3ed3
811,G_87757_left_2346,exact,A,,unrecognized_review,fb806e256d2e4a2d67682bec0d7cab72dac1dffa42925c2a34a0556ed5868239
812,G_65052_left_1788,exact,A,A,explicit_text,85a39ab345d672ff8ca9b9c6876f3adcacf45ee7c1e2dbd2408fd338bd55e07e
813,I_43210_63029_left_x,exact,A,,unrecognized_review,2466dec0bdcbd3df045ab1129dedefe8e6244843e70b325aa2af26fcd7002adf
814,I_20294_44595_right_x,exact,B,,unrecognized_review,d522145ddd4203c4168ce977677092ccbe06fd7abb19f0f408e27fa1f5b822af
815,D_99775_295,exact,B,B,explicit_text,1ea442a134b2a184bd5d40104401f2a37fbc09ccf3f4bc9da161c6099be3691d
816,G_69658_right_1941,exact,A,,unrecognized_review,01b6c355526b6a760179a676e7cfc5cda10c3c5206f8401907d37fa090aafcbb
817,D_89171_255,exact,B,,unrecognized_review,bc1cef4bcf2f630f4038a50fbc2e05297e6b4198d6e11e56fcb67ae4eb262324
818,G_27295_left_322,exact,A,A,explicit_text,747d39e9fc5cdde1e1fc822c31b31e99db7f403d683f5078f5a6c2616c4e83e6
819,G_74850_left_1991,exact,A,,unrecognized_review,b659f61eb3984f93b66669e163ff75ad54cf4f28ffab5cc56c980b4d57326784
820,I_69658_87757_right_x,exact,A,A,explicit_text,85a39ab345d672ff8ca9b9c6876f3adcacf45ee7c1e2dbd2408fd338bd55e07e
821,G_44595_right_808,exact,B,B,explicit_text,b1c9eb7c37e675fc517b6505924533cdce16186b5f0e203bf8eff78af200a1f9
822,D_43210_71,exact,A,,contradictory_review,4f696d3274f766c7387c2d602707ea95e8382839eb360f968d7edfce48a83da3
823,D_76957_224,exact,A,,contradictory_review,3dece560790b2f7bcb53ad78d76e8b6076d93e7f8029716eb5c2c12d1346f1b1
824,G_32467_right_493,exact,B,,unrecognized_review,4322d91ba90e46928268e33854c4b4dee78cd4fc00a10a8c3d9d650d8e28a8e6
825,I_44595_76957_right_x,exact,A,B,explicit_text,497cafbe712c207eebadacf69a906a3733da96cc65a9dec8cb79f2e6ced6de9d
826,I_20294_58398_right_x,exact,A,,contradictory_review,07b9b0c7c713a6f0784df13e2d9f68f74b157bdc562f47ec3049fd758192c107
827,D_96608_281,exact,A,,unrecognized_review,7f3b686c03ff584a66b7ef928e36e31932af5f8c5f94549b092c1fe4beb92c9f
828,I_44595_58398_right_s,exact,A,,unrecognized_review,4d9b59cdaee1c2acc87fde1a71cc8d87249499ac36a03ea7a708e454bcc09d0d
829,G_57833_right_1246,exact,A,,unrecognized_review,43dc44cafa6ac246b3b6f03d3d5db458c8ea227c8b938bb1ff28110c5e85d91c
830,I_43210_83742_left_x,exact,A,A,explicit_text,85a39ab345d672ff8ca9b9c6876f3adcacf45ee7c1e2dbd2408fd338bd55e07e
831,I_43210_99775_left_s,exact,A,,contradictory_review,7b46f54e9a1ea15600f24e63fcaad871a805654126eaa61f739cc68ecfe0b7ed
832,G_24101_right_307,exact,A,,unrecognized_review,09fcfd495fb203a6b5d28d9b8ed324d245c42ecf994226941a47c4e8cc08bd9c
833,I_47904_57145_right_s,exact,A,,unrecognized_review,1cea0810a53c6deaa55700cc566593692fc957f9411f71b73018fc5d4bc7b0f1
834,D_44595_76,exact,A,,unrecognized_review,adb7fd88e44a7877933baada9a7c6d0b9b7701d8287abc4fd2b9d86c01612a6e
835,D_20294_23,exact,A,,unrecognized_review,734ec00d7e99d2d335f1cb12213307c884e4c2f7f9b74fb45a56cc108292177d
836,I_57145_69658_left_s,exact,B,,uncertainty_or_refusal_review,a5f742572aa13a71f71805507595991778269f72bd839ffeb9c6e59dbd591046
837,G_58398_right_1350,exact,A,,contradictory_review,bc00cd5e073d0358c0ed4967e4501b7a8fb5c0012565cdfe3aae67a67f9a50be
838,G_83742_right_2271,exact,B,B,explicit_text,70307be4b69e7a70d88c458081673e449d4707f68a13bbecbb8ebe60afbbf9f1
839,G_89171_right_2566,exact,A,A,explicit_text,85a39ab345d672ff8ca9b9c6876f3adcacf45ee7c1e2dbd2408fd338bd55e07e
840,D_65030_171,exact,B,,unrecognized_review,27eefeaffaa815c835d45279bd8b5213296c589e6d83b246c6ef017ea5f73e4e
841,I_58398_93812_left_x,exact,A,,unrecognized_review,7b269db81141f6bfbea5545c4e963e13d43dfb9da22df1248a970ba74eebbb54
842,G_27295_right_408,exact,A,,contradictory_review,d2246268514d616a595d67e17ace012ada9ffdeb7174609db6f0108f26f11e49
843,G_69658_left_1865,exact,A,,contradictory_review,776330ceb27a90438755c1e81aed4df3384274b8f45bde262c525f82db300b23
844,I_47904_76957_right_x,exact,B,B,explicit_text,70307be4b69e7a70d88c458081673e449d4707f68a13bbecbb8ebe60afbbf9f1
845,I_24101_96608_right_s,exact,A,,contradictory_review,26b423cd32feae1dec8b0603b280c593f76e54e9d6bb93a62ea8fcfe47da44b6
846,D_99775_296,exact,B,B,explicit_text,aed53647f8e7faae259182604b78104d4031fa6e48cacc54ece185cedba39b17
847,G_65052_right_1814,exact,A,A,explicit_text,747d39e9fc5cdde1e1fc822c31b31e99db7f403d683f5078f5a6c2616c4e83e6
848,D_56583_101,exact,B,,unrecognized_review,8de715f3f58011e47d95356141efd39bf35b47d29e6c3ccab2ccc864d0f748a1
849,I_44595_69658_right_x,exact,A,A,explicit_text,85a39ab345d672ff8ca9b9c6876f3adcacf45ee7c1e2dbd2408fd338bd55e07e
850,I_43210_58793_right_s,exact,B,,unrecognized_review,757fd1b16570970bb49e5d5dfa450cda2f277a51a8b5b220ac068bcebf32debe
851,I_58398_74850_left_s,exact,A,,unrecognized_review,584c2fb053efc4df8f9e418a737f8779c2e3b9c7718d5c50ca6c6215f6e090db
852,G_74850_right_2022,exact,B,B,explicit_text,1ea442a134b2a184bd5d40104401f2a37fbc09ccf3f4bc9da161c6099be3691d
853,G_74850_left_1997,exact,A,,unrecognized_review,b309dd1bca1c032dab8b3719c099cda027f3610db4e4f075828ac660a9dde945
854,I_63029_87757_right_x,exact,A,,uncertainty_or_refusal_review,2785ed22731bdd5d795e29d028d7ac0dee74c24c59e4a9c745b0205f5c5d96c1
855,D_43210_67,exact,A,,uncertainty_or_refusal_review,8b64f760bd8ee4838323118296485fe185612bda3d82e826c366abab66beaeb5
856,I_69658_99775_right_x,exact,B,,unrecognized_review,ab0fe3105c7611628f6da6be8e97a0ff51ec0d73894e48369fa73bfe03059778
857,D_24101_29,exact,B,B,explicit_text,84f0c45b1fccd8a3c3b9d08f814978695444375fee7e814c4c721c86ce223047
858,G_99775_right_2916,exact,B,B,explicit_text,84f0c45b1fccd8a3c3b9d08f814978695444375fee7e814c4c721c86ce223047
859,G_43210_left_569,exact,A,,contradictory_review,df85c69fa2db05530d54a920b192438f3405ff3dd773f206d2e73d2ceacb8a71
860,G_44595_left_690,exact,B,B,explicit_text,84f0c45b1fccd8a3c3b9d08f814978695444375fee7e814c4c721c86ce223047
861,I_32467_93812_right_s,exact,A,,contradictory_review,1975dff1800cd15351e44878309cb285905e1fd9fd3afa27604364b52e7b3b89
862,G_83742_left_2239,exact,B,,unrecognized_review,2ca14c552ad08bd6a360093378758a32f68568fa6ae21042835fb2518cd0b654
863,I_43210_87757_right_s,exact,B,B,explicit_text,aed53647f8e7faae259182604b78104d4031fa6e48cacc54ece185cedba39b17
864,G_58398_left_1307,exact,A,,unrecognized_review,22de9469b6202d037a51ffd79c882ebdfd8239dff5db96ad4e7b7544605c36cb
865,G_87757_right_2453,exact,A,,unrecognized_review,53ae11bad8c1db2de6fd724f6ef839eae32df3166f83a360486cea1705a03c5f
866,D_65052_191,exact,B,,unrecognized_review,1df6435a224302ed880ddd4b36905d878c9503e21254ba02b008e445ca650ead
867,I_43210_57145_left_x,exact,A,A,explicit_text,85a39ab345d672ff8ca9b9c6876f3adcacf45ee7c1e2dbd2408fd338bd55e07e
868,I_58398_63029_left_s,exact,A,,unrecognized_review,1b0c71cbd176152d8df64c1313ce54e77fbb19b346a9e36464eb1484c96a57a6
869,I_69658_96608_left_s,exact,B,,contradictory_review,c5709429574ca96557d3f36e389f59957b6896c9382d98c04af3444c1a7171c8
870,G_47904_right_826,exact,B,B,explicit_text,aed53647f8e7faae259182604b78104d4031fa6e48cacc54ece185cedba39b17
871,G_27295_left_343,exact,A,,unrecognized_review,eb722a6a59788cf7cd352575b2628ae8325d31fe1fbd586824c2fdc30990619b
872,D_87757_245,exact,A,,contradictory_review,614753c48e510ecf00472cb473b86fdcdc7a1b4d5fa6b10ef68b93e8376e8a8a
873,D_57145_114,exact,A,,contradictory_review,63769790817ef060e6152b32adf28584065eb450aa4aacecb7d768c6f899f4d1
874,I_69658_96608_right_x,exact,A,A,explicit_text,85a39ab345d672ff8ca9b9c6876f3adcacf45ee7c1e2dbd2408fd338bd55e07e
875,G_99775_right_2908,exact,B,B,explicit_text,1ea442a134b2a184bd5d40104401f2a37fbc09ccf3f4bc9da161c6099be3691d
876,I_32467_47904_right_x,exact,B,B,explicit_text,0114f7e9710aac21cd974a8a655e12599fab2012871193dfad40495b9d9455e8
877,G_27295_left_320,exact,A,,contradictory_review,88b472d34f6bed41b2f0fc1a42bf4df4123460bf4b3b537a261ab8cf3a3ee441
878,I_87757_96608_right_x,exact,A,A,explicit_text,85a39ab345d672ff8ca9b9c6876f3adcacf45ee7c1e2dbd2408fd338bd55e07e
879,D_27295_36,exact,A,A,explicit_text,85a39ab345d672ff8ca9b9c6876f3adcacf45ee7c1e2dbd2408fd338bd55e07e
880,I_63029_87757_left_x,exact,A,,unrecognized_review,9dc8dec3f661b6edf382b8cb160a25929a3d9d9c6633a2ecd561b1a90527237e
881,D_99775_289,exact,A,,unrecognized_review,8c1c31140111e4087c5d613930201d5bc7e3a1b32b33f3a3801120b5114b564b
882,I_32467_65052_left_x,exact,B,,contradictory_review,bea5d6c88651d4626d8ae48fdced32b3f976bb6224ca790a1a5d7122f806a653
883,G_32467_left_470,exact,A,,contradictory_review,13464e40ab4d0f5fa4e00bbd8eadce1a72fc7b68f0287e7f2ac88d85a6b8245e
884,G_89171_right_2535,exact,B,B,explicit_text,70307be4b69e7a70d88c458081673e449d4707f68a13bbecbb8ebe60afbbf9f1
885,D_32467_52,exact,A,,unrecognized_review,dab42f3f3f761ac28ad48362c1b0a7a75d818f8571f7a8cd13dfdb3716582404
886,I_44595_93812_left_s,exact,A,,contradictory_review,63769790817ef060e6152b32adf28584065eb450aa4aacecb7d768c6f899f4d1
887,I_57833_65030_right_s,exact,A,,contradictory_review,ff5238b7160d011bfff54564c0b22f9937056e56c21e5d0dab3885f6cad7e3e9
888,G_96608_right_2816,exact,A,,unrecognized_review,80d5aeb3d89cadbdf81467c7510e31e5207a3a99058c43a534443c3f89e7c389
889,D_24101_31,exact,A,,contradictory_review,aa465e7702d8a06e378fbf2956bc02d080eee8aef94554a33ac213f705f3a083
890,I_27295_96608_left_x,exact,A,,unrecognized_review,4675edf4f7472b6a4008ff3cbd4fbe083dd8f2c74f9e04aa1d364a59a8231e66
891,G_44595_left_686,exact,A,,contradictory_review,543d98a5362bb12b9d3258dce83149cc8cd2c802ba63d91ccdb648f573f6a019
892,G_14493_right_72,exact,A,,unrecognized_review,ee302cd4e7ef52b70eecf2516ae5fe3054886ad110b72d101329a8122ae43e4f
893,D_43210_64,exact,A,,contradictory_review,3b0c2ebd5807218cd5fe97225323a281fbbfb71f7da1f7a3c584dab879e012af
894,I_56583_99775_right_x,exact,A,,unrecognized_review,57571a8fa60c0d9bae6107c1499d9906a0fb36f44374733a171d832c4defb87c
895,D_58398_138,exact,A,A,explicit_text,85a39ab345d672ff8ca9b9c6876f3adcacf45ee7c1e2dbd2408fd338bd55e07e
896,I_14493_65030_right_s,exact,B,,unrecognized_review,7b440fec5ec12807792a25b3340e092bc302cde5e1560a25390837788116f665
897,G_99775_right_2914,exact,B,B,explicit_text,b1c9eb7c37e675fc517b6505924533cdce16186b5f0e203bf8eff78af200a1f9
898,I_65052_83742_right_x,exact,A,,contradictory_review,82cab824e80cced26026868b22d08c4c1a0238392a149f3f11842e8ce2df2df9
899,G_27295_left_342,exact,B,,unrecognized_review,6a91eebf429461f4f7e126d54d80f26c43d4ce81aaf9e188c506190bf1590adb
900,D_63029_158,exact,A,,unrecognized_review,888fe8a9058516ae95ff6724eaacf67182ba18683a117559093b4eb87beb0a32
901,I_20294_47904_left_s,exact,B,B,explicit_text,89f7d798759e13e879e9b8c87de8693da2fbf4708fdf832ecdc81a76ea750e3b
902,G_57145_left_1034,exact,B,,contradictory_review,68cfccac4f1826d163ca8feb188074bc76daa65d899b3766111ac15e5003e3bf
903,G_57833_right_1255,exact,B,,unrecognized_review,2877b252d8118899c9d7a26a4b6559b26475d5d88e2803f57b072f138a01a178
904,G_69658_right_1910,exact,A,,unrecognized_review,de14fa4070cb68cce735899f3477d47489139100aa3eb4740ab24287f1d4c06d
905,I_65030_76957_right_s,exact,A,,unrecognized_review,1745c8dc68a40452958adedd63b05fb3b2fc118a4a4caaa009c8adcf01f0707b
906,I_56583_96608_right_s,exact,A,,uncertainty_or_refusal_review,2b14c6494a914058c13a4927bf86bda5698866e87966c867905789d15c105794
907,I_14493_58398_left_s,exact,B,,unrecognized_review,5996e21960d3821ff4956b1ada83724e51fc7d890de2453a7c615124f18aafed
908,G_20294_right_235,exact,A,,contradictory_review,da2f79dccb5835e49521c3bd60be29a6de8688072ec4797f7c3db01e92263bd7
909,G_76957_right_2135,exact,A,,contradictory_review,7049666fd78f389ad78ac29265d3138b0685142a10a6f6f7c54328b78688f09b
910,I_14493_87757_right_x,exact,A,,uncertainty_or_refusal_review,8605d3101ba98cd1c4dda0b08e9bb7eab89fdfd1db9c8ce5bc48570ba2819cd7
911,I_20294_32467_left_s,exact,A,,unrecognized_review,dab42f3f3f761ac28ad48362c1b0a7a75d818f8571f7a8cd13dfdb3716582404
912,G_65052_right_1845,exact,B,B,explicit_text,aed53647f8e7faae259182604b78104d4031fa6e48cacc54ece185cedba39b17
913,I_58793_65052_left_x,exact,A,,contradictory_review,39d23095a573f238fbb82c6689b6862545ffdf7d92d80975453b568ea52d3f0f
914,D_14493_1,exact,A,,unrecognized_review,42f8ac28b008b8dc9f2e0566069ce089dd48cfe3c900bd801a3bc878b5e75df3
915,G_43210_right_681,exact,A,,unrecognized_review,81c641b1b97542ae824bdb942f6b518136740a9d9426fe7147d4620470cf90b9
916,I_43210_44595_left_s,exact,A,A,explicit_text,85a39ab345d672ff8ca9b9c6876f3adcacf45ee7c1e2dbd2408fd338bd55e07e
917,D_58793_151,exact,INVALID,,unrecognized_review,777ca37e043699b3834d21837f05bf870b6a762d9263476dfb140dd843d9be14
918,G_65030_right_1707,exact,A,A,explicit_text,85a39ab345d672ff8ca9b9c6876f3adcacf45ee7c1e2dbd2408fd338bd55e07e
919,I_58398_87757_right_x,exact,A,,unrecognized_review,b53d50953cc1a4f4cbd5ab7d787795d55c6ab8f1801bf210cb733dc148342d7d
920,G_93812_right_2693,exact,B,,unrecognized_review,1879b6608872a2d1a5b0e30ccbb152deb46409e78c38ead6ce65f1848ad1a586
921,I_27295_87757_left_s,exact,A,,unrecognized_review,7c2a8e4d8da0e013e97221e1bd8833d492c735b28e64d657869c9ba3f153ef94
922,D_89171_256,exact,A,,unrecognized_review,376096bc44bef6a35492162be88ac5b525e1dbb2ecf61d9cd7ae7a80c541d92f
923,I_14493_57145_left_s,exact,B,,contradictory_review,041a7cde8a7ed7d81dd46440e03f26ef266df4e2aa18770c2866fdd3a8da1832
924,I_24101_93812_right_x,exact,A,,contradictory_review,823e0631dcd99f16198383049c3bc4eec6b7c89ba1ad0e4b99d6aec95fc4a9e1
925,G_89171_right_2551,exact,A,,contradictory_review,5189b6067782aaa332d2dd3b1a9c9d36a5bfa20e5e1592b2ef7d2dbc3decc22d
926,G_47904_left_824,exact,A,,contradictory_review,25af036ea6c3bb8a054feca0b89f0e6223537493d16256f04c54a4afef7c7042
927,I_47904_99775_right_x,exact,A,,contradictory_review,9782aefa1906f0fac83203a77168c83c6f8327ec0b02a23228a14e9b88fb3d46
928,D_76957_221,exact,A,,contradictory_review,582c4aaadc13498562e120493ae013dec1479dc06f751983a29f8b0069c8500d
929,G_44595_left_711,exact,B,B,explicit_text,84f0c45b1fccd8a3c3b9d08f814978695444375fee7e814c4c721c86ce223047
930,I_32467_58398_left_s,exact,A,A,explicit_text,85a39ab345d672ff8ca9b9c6876f3adcacf45ee7c1e2dbd2408fd338bd55e07e
931,I_58398_69658_right_s,exact,B,,unrecognized_review,97f49036788596f969a7c9e64d77da4ba56466e7507ba9286ccdaee9b541952c
932,I_20294_89171_left_x,exact,B,,unrecognized_review,2877b252d8118899c9d7a26a4b6559b26475d5d88e2803f57b072f138a01a178
933,G_57145_right_1045,exact,A,A,explicit_text,85a39ab345d672ff8ca9b9c6876f3adcacf45ee7c1e2dbd2408fd338bd55e07e
934,D_56583_102,exact,A,,contradictory_review,bccf1c2c9a847ec6233ebb5855de4dcad744cc22fd3ef349c992c02f742bbc38
935,D_58398_135,exact,A,,contradictory_review,51a355034ce6096ead7a523bd3921d726f7febade78e6bc3fd92beeaae1cae6f
936,I_20294_27295_right_s,exact,A,,contradictory_review,1983e2cc3b3cf3470e1b20f6f972857fcb4f8fffe835a45604be93ebd1812bae
937,I_69658_76957_right_x,exact,A,,unrecognized_review,cf7d9945a76f13df80ac53894f7942b6303005e6032a43928d6b4f8e486c6b21
938,I_27295_47904_right_s,exact,A,,contradictory_review,864f6cbcb92c1a106402f408cc3ecfb82172b756cc05dbae2c404a3ad3fa45e7
939,I_44595_47904_right_x,exact,A,,contradictory_review,73459f1c1774e3ae0d24e33b9d7ef444ba9a1a61d68c8653489c207e3b506175
940,D_58793_146,exact,B,B,explicit_text,1ea442a134b2a184bd5d40104401f2a37fbc09ccf3f4bc9da161c6099be3691d
941,D_47904_93,exact,A,,unrecognized_review,56a081241440ced7d41d8f41ba36bf0dad82dfa91b764beda1dba4c57fdb60ce
942,I_24101_57833_left_s,exact,A,,unrecognized_review,341a58879eb4895fed795b2c16d74fe5d2110cd86894b4fac2d0256c1c526815
943,G_44595_right_786,exact,B,,unrecognized_review,874aa24a39a401906ac817812e6134ff7b94a9967c7f6940b11f5a54d9b61443
944,G_47904_left_816,exact,A,,contradictory_review,82b8596e22e40c6c4fcc4c97f14ad3c9b63833e76d05e65b96a2b890cff2db24
945,G_58793_right_1470,exact,A,,contradictory_review,543124262e73dd60f249005d13ff5927985fd5979546289a4bff8cbf8f7841bc
946,G_20294_right_247,exact,B,B,explicit_text,7de317597fb5fb962e3140fc9230cb60f8be86dfe56cda34a9df879c61ec6596
947,D_99775_292,exact,A,,unrecognized_review,cef6d8cfdd7d32bee7fe16fcf61100c2fe0a7786bfe74f3b43055074b35e0f5e
948,I_65052_93812_left_x,exact,A,,contradictory_review,89632208c48a697a2f556ff6d68d50dca1685aa632da79c5d3a9c30f23e9cd6b
949,I_47904_96608_left_s,exact,B,B,explicit_text,70307be4b69e7a70d88c458081673e449d4707f68a13bbecbb8ebe60afbbf9f1
950,G_87757_right_2417,exact,A,,contradictory_review,571a1e4b52759bf1bf9e794ea13f78411e5ec45c02e28d47c2c49ebfaf5cd1d4
951,G_69658_right_1919,exact,A,,contradictory_review,cf813bed20555954cf6e41592e3d63cb9289e7b5ada4b9fe13ce9a99c91fb05d
952,I_32467_76957_right_s,exact,A,,unrecognized_review,49173677aa5747826bd3d93d0bb8955cd7872b6f54ab8a599c651d43a40bf75f
953,I_14493_74850_right_s,exact,A,A,explicit_text,85a39ab345d672ff8ca9b9c6876f3adcacf45ee7c1e2dbd2408fd338bd55e07e
954,D_44595_72,exact,A,,unrecognized_review,aba52112620c76f7349a895bb81e4aabd5171ee6880fbbe99f8f204d58906e70
955,D_65052_181,exact,A,,contradictory_review,22235be5168a7415835f42b645c00aa0551caa7d5ae6d55814c2027c6da6de19
956,I_14493_44595_right_s,exact,B,,unrecognized_review,3c916846a121b7e499891f7623156462ebd69c7a554e92f9a3fbc9530b93c80b
957,I_87757_89171_right_s,exact,A,,contradictory_review,39253af22cb032646140e380582e12dcf181572d37704da2bdb7271ba900aa75
958,G_89171_right_2568,exact,A,,contradictory_review,0349d55ddd3c9eeca742d4b976b9cf5bd871e107b0a9ce1c7aa061da930d272f
959,G_32467_left_480,exact,B,,contradictory_review,9ee6bca986f72ca12d1b6c62abf3e3bca482193d16f5d9d516b16d4575af4c6d
960,G_89171_right_2581,exact,A,,contradictory_review,5f36e41bb47d39041b174df872a6506941aca19b2c3b9d9288b60ddc0d5d2297
961,I_44595_83742_right_s,exact,A,,contradictory_review,ddfca41e610084e830f94845a9a7a5a118dbd8db7fb17abebf2078bc2affd4dc
962,D_74850_204,exact,A,,unrecognized_review,3a77e67107d7994f2c1fded611fbd120e830dcd7cc016159a33e68399b43e4dd
963,D_56583_106,exact,A,,unrecognized_review,da426d1220eb72e1220b0e987e8abefb04d803a990214a2aa62900e69a7ade5b
964,G_65030_left_1655,exact,B,,contradictory_review,0a747b57658b8e14d173608e17ac6f5907e702f40746143fd126c53b78ce5e77
965,G_32467_left_424,exact,A,,unrecognized_review,4b5b54533c3c7fc2f66171d943b8169c26dd012793702cc93635788bcfd9304e
966,I_44595_56583_left_x,exact,A,,unrecognized_review,b3132786b58ecc423be36fa8e2fb1a574113d4443f3463bde6e491caa115c8bf
967,I_76957_89171_left_s,exact,A,,unrecognized_review,6f7c0fc96b0721a9bb110e280c7ef3668cc204659de197fd34cdfc293428335e
968,G_43210_right_653,exact,A,,unrecognized_review,f0cbb2cb66a7a02cfa225890e3449161f333d247a8b2dbf6f01f8941553ca138
969,I_65030_87757_right_x,exact,A,,contradictory_review,a6490f991621868623dc95dc045abf2db2bbe664e2a7f15eaa701abe339303b0
970,I_27295_76957_right_s,exact,A,,unrecognized_review,d797f02d95dedf14fb3d54c6d1804298fd11bd556b6a3aec35b081cc79c0a1c7
971,G_74850_left_2003,exact,B,,unrecognized_review,e02611959acdb9d4b757d1e1bc226db87402006ef18cc226fd44aa569e97084b
972,D_63029_161,exact,A,,unrecognized_review,5e63e81edcdb55a4a66b61dfe284ecf3ee1d89b3e51d880b20fc10afb027d8a5
973,D_27295_37,exact,A,,unrecognized_review,7a992fb5c458646eeec732328783f800ee71ad2851ec3bdba4aad2ff940a19ff
974,G_56583_right_914,exact,A,,contradictory_review,863744e07ea7af3809310b6d4f3819f7cc4326c62a7cdee87819ea1ff92d3f41
975,G_89171_right_2533,exact,A,,unrecognized_review,1c5af3e07455f25130ebfe5c4421b19323a4b795c6983e9d64f30d63e2dcc38e
976,G_74850_left_1996,exact,A,A,explicit_text,85a39ab345d672ff8ca9b9c6876f3adcacf45ee7c1e2dbd2408fd338bd55e07e
977,I_69658_96608_left_x,exact,A,,contradictory_review,945d3d714e431b33cd602096d49b756e16bf33bd3c376cd47b026c552b19fda5
978,I_47904_96608_right_s,exact,B,B,explicit_text,84f0c45b1fccd8a3c3b9d08f814978695444375fee7e814c4c721c86ce223047
979,G_65052_right_1792,exact,A,,unrecognized_review,6e721badbe369171e0de7a35a90bafdb8967273a1fe393987b5f0ec3be96c62c
980,G_14493_left_46,exact,A,A,explicit_text,1b7a09a3b821aa28ceb74d5cdfe18af6fe5ddc12ca0957e3281812b1c7899837
981,I_14493_24101_right_x,exact,A,,uncertainty_or_refusal_review,18837ab615ddbcd1223c3292bf61c3e2863a3631f35050bbcadd0b5c6fb2dbaf
982,D_93812_266,exact,A,,contradictory_review,f76744b885c6be74adf8cf197c988214b8cab05a3b5d3edb27a36b9adb046e6a
983,G_32467_left_461,exact,A,,unrecognized_review,9a84a2e11f43dd5cbb9e30c968ced01966ddf2f68ab4819eecc89d32504d2f2c
984,G_63029_right_1593,exact,A,,unrecognized_review,079d5be17623857a645c9c362deaf843764c9865bb6ee6e0c7809721c9588c60
985,D_83742_237,exact,A,,unrecognized_review,cefac3a16ad00e111ec45f30ff74dc8b1adb071c771414116a286a2c7ff67e9f
986,G_20294_right_270,exact,A,,contradictory_review,5f6d88a303b98ef3b6ef47cf8499f4f39d965b2e9e6a062c833cfba19297d6eb
987,G_87757_right_2436,exact,A,A,explicit_text,85a39ab345d672ff8ca9b9c6876f3adcacf45ee7c1e2dbd2408fd338bd55e07e
988,D_56583_96,exact,A,,contradictory_review,78c19b8a9659d761de486f1160af0424ab14674394cd239312bad2bb24af3349
989,I_44595_65030_right_x,exact,A,,contradictory_review,25c805c35c00e67d89a8f01dd6d6fe2ec9a7fa1af7aacd3d9f3e6b215c78032e
990,G_20294_right_236,exact,B,,unrecognized_review,028d06bac523c3dcf5d405d0920098d4ba9b01efeb128ed5a1f1e9682308982b
991,G_99775_left_2838,exact,B,B,explicit_text,aed53647f8e7faae259182604b78104d4031fa6e48cacc54ece185cedba39b17
992,G_99775_right_2943,exact,A,,unrecognized_review,af97547268c2d867d8c27856e134288f5927d49781f282713488d15175663828
993,G_27295_right_391,exact,A,,unrecognized_review,b54840dedab9fde5b2826c133ac3c69d31c6cdb583ce5bfe0d83e4259097128e
994,G_58398_right_1339,exact,B,B,explicit_text,70307be4b69e7a70d88c458081673e449d4707f68a13bbecbb8ebe60afbbf9f1
995,D_83742_230,exact,A,,contradictory_review,955a0ce72f6964184fd4279452aa2cb3c0181ea0baf1545eb535122d1e7eb960
996,G_20294_left_146,exact,A,,contradictory_review,910f14d66498c716bcc05c1aac6859468cc3305d455b6f2a73a3f5b9812bbe1d
997,I_57145_58398_right_x,exact,A,A,explicit_text,85a39ab345d672ff8ca9b9c6876f3adcacf45ee7c1e2dbd2408fd338bd55e07e
998,I_20294_57833_right_x,exact,A,,unrecognized_review,2a4c5899e3fc183708b55bc197438c9f69643cabf35cf9c5bf1746fbc9aefee5
999,D_89171_263,exact,A,,unrecognized_review,376096bc44bef6a35492162be88ac5b525e1dbb2ecf61d9cd7ae7a80c541d92f
1000,G_96608_right_2805,exact,A,,unrecognized_review,972e44cdfeb34a1e1cdbbc168918d6727dc73f008993d119d7519c9fce8b0e5c
1001,G_56583_left_870,exact,A,,unrecognized_review,1a74ac90ba84c01e923bfc0ee23dc5e7f12b340e26983d8d7f08f830772fdc10
1002,D_24101_30,exact,A,,contradictory_review,bbe73b49818461fffbbb7458a911caf77cf2910d9a2ec85630aebab166769945
1003,D_43210_65,exact,B,,unrecognized_review,b5f3a88ffc39f3f43fc0fc740366b2a357d14e94dbcc17f27109640fc660df9e
1004,I_58398_74850_right_s,exact,A,,unrecognized_review,82f406b7ce1bf9952b21401e1441c8d0737ebcaa33247363bc52ab59718b728c
1005,G_14493_left_2,exact,B,,unrecognized_review,599cf08baf368e6b37c668030d3f4e3cc3e3343f62dc6d6fd06465f3786f9380
1006,I_74850_93812_right_s,exact,A,,unrecognized_review,7425150121749ddc04ea9790e4fee1966425d27c738f1d418071fe91d423bd55
1007,G_57145_left_1028,exact,A,,contradictory_review,aca817ced44f592082b2e15538251ba9efe5685fd5af3b24120141e972310a11
1008,G_24101_right_300,exact,B,,contradictory_review,a21b1b7b3f7617a1835e0825cabacbfec89a432ef3f3fbcc0ff064547d62eaef
1009,G_32467_right_543,exact,A,,contradictory_review,2bea70cab749db805a6c98583f37d6c720a5a90c4f76555fb4179afb3ff1fd55
1010,G_96608_left_2700,exact,B,,unrecognized_review,4abb1b154323954bdab015f6f2346d4ba8387f35a28dd919a94877871e681811
1011,G_47904_left_821,exact,A,,contradictory_review,25ec4a49c807a4be6ec1de39435963561e612595f0d91a02877cde50b8334797
1012,G_58793_left_1394,exact,A,,unrecognized_review,a146cb63b746a5afe17e71c643f5dac8b0a3690891a92fc6d9d8ec7b080eff3d
1013,G_57833_right_1193,exact,A,,contradictory_review,ec21d5f70eace43d72c0375b739de60f1f77191267ac3e2b4dc4d22e5c7e2d66
1014,G_20294_left_178,exact,A,,unrecognized_review,94b9ad5a07b126274b5d7328916da2e06a774421a9b508eeddcd3c3dedd34a9b
1015,G_65030_right_1687,exact,A,,unrecognized_review,38222bd1b9ddd7c2c48a5ed37f68cdff49986f22a605d5280aa053bf88b87dc1
1016,I_20294_43210_right_s,exact,A,,unrecognized_review,fe5e5f3fc8a8c90f2ccd4f740cb37cba1756f0f13cb09aa3ef685131313861a8
1017,I_14493_76957_left_s,exact,B,,contradictory_review,3a5ed70e446ba2a9b859c2154112f6032b4524ab6bcfb8f8e3ccfe8b772f2f42
1018,I_58793_96608_left_x,exact,A,,uncertainty_or_refusal_review,e5b9d37d68a59886553b70214a95d96c2b1bddceb87dfbe27d064df611ed821d
1019,I_32467_56583_left_x,exact,A,,uncertainty_or_refusal_review,0d12474b106cd5f44a51536fcb6cfa4b4f2d0cfe7b0c0a7c3d32b2b02338ff7b
1020,G_27295_left_360,exact,A,,unrecognized_review,bbba06accfaae8adbd58d1ae76ab8f167fa3edd8e2516d53a4f0a01410029d28
1021,D_93812_271,exact,A,,unrecognized_review,cd12d5aae2f236abd3120b17cd8e93a54e61e51fc2b6972e652188f30d30669b
1022,I_20294_58793_left_x,exact,B,,unrecognized_review,67f3f796b2215ad6e8dd55e04fded650db43068e8a23a3579e39a7ee422e4ceb
1023,G_58398_right_1343,exact,A,A,explicit_text,85a39ab345d672ff8ca9b9c6876f3adcacf45ee7c1e2dbd2408fd338bd55e07e
1024,G_69658_right_1935,exact,B,,unrecognized_review,54b04cde289b71e5e120e6d46e07d5a97746079810accc545afae9f713ac3510
1025,I_43210_58398_right_x,exact,A,,uncertainty_or_refusal_review,c6d4f124dc7f29221beb9922b58973f9cbb408478cbf02f193b819d8e26b50b1
1026,I_43210_76957_left_s,exact,A,,unrecognized_review,c88b738fe4bc6395a7924e620583b2abfead5ee9518263aa6ffa8ee9c1f1553f
1027,G_32467_right_492,exact,A,,contradictory_review,f9f1b163701342dfbd7ab3182091aabe335791a2279d9317376cd46e2a65f91e
1028,G_65030_left_1641,exact,A,,contradictory_review,f59b20332c26cd5d739540efd3286024c57ef1a1599a44dbb8aa758160783a58
1029,I_20294_69658_left_s,exact,B,,unrecognized_review,650111faf88320e4a42e5eb9f881bd6d3d2978bef46571c8e2268a8ffeca9cd2
1030,I_58793_89171_right_s,exact,A,,unrecognized_review,f92e76ede8112aba40bc631f1a4a42d8d47b52f51fecd51f4bf2bb83c4836a75
1031,I_56583_76957_right_s,exact,B,,unrecognized_review,b7950ddb04cc4dae0fc06ee2a021007c62bef4d30aae185383bae90de461ca22
1032,I_14493_99775_right_x,exact,A,,uncertainty_or_refusal_review,d39c265bcf14440ab5e367cf665cde084b6a267354b2f18adcbcba50d0ecbfce
1033,I_56583_89171_left_x,exact,A,A,explicit_text,b1e482800d73bf15c076c9570ae6c0ec2c43dd6e4e5e04915283cb91baa3122b
1034,G_44595_right_777,exact,A,A,explicit_text,85a39ab345d672ff8ca9b9c6876f3adcacf45ee7c1e2dbd2408fd338bd55e07e
1035,D_65030_170,exact,B,B,explicit_text,70307be4b69e7a70d88c458081673e449d4707f68a13bbecbb8ebe60afbbf9f1
1036,I_56583_87757_right_s,exact,A,,contradictory_review,614753c48e510ecf00472cb473b86fdcdc7a1b4d5fa6b10ef68b93e8376e8a8a
1037,G_83742_left_2247,exact,A,,unrecognized_review,a9feae952ca83152dd5d6fcb66fd67dc6d81ae1b5ee96b86c43740f5bd88d31f
1038,D_57833_127,exact,B,,unrecognized_review,d83403b6d4522d47fe97e367dc28ae8bf63852ecfade49a5c3de81825e06a6b0
1039,D_65030_174,exact,A,,unrecognized_review,c781844d4f1d4902c36fcf14a0625025c0bee6ac0365358298653c23708e1a44
1040,G_76957_left_2124,exact,A,,unrecognized_review,30b883402b4e126e03a556218ce38f737f08e27d85a3cec9b8f80b3b34c82a89
1041,G_58398_left_1277,exact,B,,unrecognized_review,28b79197890607362ad0f36965aeef9689c698f3fa5b7c712f52b89a7e0a6ebe
1042,I_63029_65030_left_x,exact,B,,unrecognized_review,ac86ef665d79dbd211ea74c0532d27e1a8dd07105ea99bb7fdbdf4dcbc7656ee
1043,G_56583_left_885,exact,INVALID,,unrecognized_review,54b1f2f224298b62f7c4448bc3551e85e39112d77d25e7f8f7f9eb502537156a
1044,D_65030_172,exact,A,A,explicit_text,85a39ab345d672ff8ca9b9c6876f3adcacf45ee7c1e2dbd2408fd338bd55e07e
1045,G_63029_right_1594,exact,B,,unrecognized_review,0138890be98b5765fcb2a02c2fb86a3303c7b762e9b5cbdece678172e12cc475
1046,D_65052_182,exact,A,A,explicit_text,85a39ab345d672ff8ca9b9c6876f3adcacf45ee7c1e2dbd2408fd338bd55e07e
1047,G_83742_right_2312,exact,B,,unrecognized_review,a8a1e36bcf2460012382f60691cf661f3fca07a14828cd6b0d17be49aaca0d99
1048,I_83742_96608_left_s,exact,B,,uncertainty_or_refusal_review,f83caa3e2229350c16526598667b833cbea8633913060eb952ab7dbf65b90ddc
1049,I_24101_63029_right_x,exact,B,B,explicit_text,84f0c45b1fccd8a3c3b9d08f814978695444375fee7e814c4c721c86ce223047
1050,G_93812_left_2604,exact,A,,unrecognized_review,0b74054634cd982175c093a2ea57a9e9a23ce0cfbb564887f14c147bd12c23ac
1051,I_44595_58398_left_x,exact,A,,unrecognized_review,c93442b46b7b4796865aa4e546a5a5862e99773c7b8a31be107ce7853f056a6a
1052,I_69658_99775_left_s,exact,B,B,explicit_text,70307be4b69e7a70d88c458081673e449d4707f68a13bbecbb8ebe60afbbf9f1
1053,I_24101_47904_left_s,exact,B,B,explicit_text,89f7d798759e13e879e9b8c87de8693da2fbf4708fdf832ecdc81a76ea750e3b
1054,G_14493_right_96,exact,A,,unrecognized_review,c34210fc6cd43089e0d7136b3c50db97783e4a8f3b17cf40e119370d4a7d5a3f
1055,G_65030_left_1669,exact,B,,unrecognized_review,1879b6608872a2d1a5b0e30ccbb152deb46409e78c38ead6ce65f1848ad1a586
1056,I_65030_99775_right_x,exact,A,,contradictory_review,96e3024792992d479eb144317c383f2cc38491f181a8389755e3e9d246e4c408
1057,G_65052_left_1735,exact,A,,unrecognized_review,f713de9ac1e734dffe8916f1d2e3cc5db14a261e3f9a0a40cabb1551715a6d93
1058,G_24101_right_304,exact,B,,unrecognized_review,dcd8ff4e452f06f3a3700f5bc6a739d6541af845537420fc7665e261608ba1da
1059,I_87757_89171_right_x,exact,A,,contradictory_review,2b3baebee6593978147302eb7cbe174dcd4d9dc97ebe5990109e1ceccc725471
1060,G_63029_right_1588,exact,B,B,explicit_text,aed53647f8e7faae259182604b78104d4031fa6e48cacc54ece185cedba39b17
1061,G_57145_right_1117,exact,A,,unrecognized_review,7ca74de942897cc3f0c6d8aa82401b13e934415a67a95d481ee495ca3cff4b45
1062,I_65030_83742_left_x,exact,A,A,explicit_text,85a39ab345d672ff8ca9b9c6876f3adcacf45ee7c1e2dbd2408fd338bd55e07e
1063,D_27295_45,exact,A,A,explicit_text,85a39ab345d672ff8ca9b9c6876f3adcacf45ee7c1e2dbd2408fd338bd55e07e
1064,D_24101_35,exact,A,,unrecognized_review,588793cb6864fd4b0768cb6fdd0ea14f9c20104219b32b0d1e5c8bbeec030282
1065,I_27295_74850_left_s,exact,A,,unrecognized_review,57b0bf210447d47750c893d4df6378f5bfb6badc7e9f5cb7093a52963e1cafea
1066,I_58398_93812_right_s,exact,A,,contradictory_review,a1e59a8cb9c8441bd41e9ac8d496bc5e2a9fed29874ccf51307b4a8a32ff6197
1067,I_76957_96608_left_x,exact,A,,unrecognized_review,f0ec98db04cdba8602829105ccbfc6b02c39ab2ce31f728dddabb965ff49e163
1068,I_32467_43210_left_s,exact,B,,unrecognized_review,0189d1ef6eafc3adcfee9419a9d22bf06169b1a5a197717acf666464a472ec00
1069,G_58793_left_1401,exact,A,,unrecognized_review,f323542fbf1fa1c84db1bf8c18095ab2384828a03071ac09c36a2f5a1f3a909c
1070,I_57833_63029_right_x,exact,B,B,explicit_text,84f0c45b1fccd8a3c3b9d08f814978695444375fee7e814c4c721c86ce223047
1071,G_65052_right_1804,exact,A,,unrecognized_review,a130821bb67471834f75b757843fbaba0711985384a17f13e414120b9a48bb66
1072,G_63029_left_1511,exact,A,,contradictory_review,da3fa046c9fc757319d7c8092d82241abb3ae1487d45adc39e60cc9011fe9a07
1073,I_57145_58398_right_s,exact,A,,uncertainty_or_refusal_review,cd5a14a7f8dddd6b48711e89a6b0472ff9717937ff71befabfe9cfec062d8a32
1074,G_20294_left_132,exact,B,B,explicit_text,70307be4b69e7a70d88c458081673e449d4707f68a13bbecbb8ebe60afbbf9f1
1075,G_44595_right_807,exact,A,,contradictory_review,a3e812957fdb994d2d43c808f3f01c516cdf6646d1f1a2f4bf3062a08f0745fb
1076,G_89171_left_2503,exact,A,,unrecognized_review,bbf4698440e5ad4776ba1f1a34182b9a98c7e0cabe1d38f9a59b102153aa1b4b
1077,G_44595_right_811,exact,A,,contradictory_review,aca817ced44f592082b2e15538251ba9efe5685fd5af3b24120141e972310a11
1078,G_58793_left_1384,exact,A,,contradictory_review,56743217d73e54c37208a3e1a801270c7f85288ac2750001f85b9dc115fb324d
1079,I_24101_43210_left_s,exact,A,,contradictory_review,cb6d146cf3b9176ec5c9899d3f5b3d651487dec0b24c42fb79e5ab03c17e7f42
1080,I_56583_96608_left_x,exact,A,,contradictory_review,6942d9562bd84eae1790cdb54f204c0d9779a70027dfdaeeb86d46fcad73ac9d
1081,G_24101_right_298,exact,A,,contradictory_review,a80a4d4af32b214d5758cf30b2e862b82e09e20071d088ed82959c2963132ae0
1082,G_63029_right_1591,exact,B,B,explicit_text,70307be4b69e7a70d88c458081673e449d4707f68a13bbecbb8ebe60afbbf9f1
1083,I_32467_57833_right_x,exact,B,,unrecognized_review,7092cd4fd9e39fb7bc33f2220f56ab6848dfd4781100ace4a6829b6ba842a48f
1084,G_44595_left_691,exact,A,A,explicit_text,85a39ab345d672ff8ca9b9c6876f3adcacf45ee7c1e2dbd2408fd338bd55e07e
1085,D_69658_193,exact,A,,contradictory_review,8b321d7206651c78b6e531679978bd111d0191d5660fa50fb12f0b8e5aecf0c6
1086,G_32467_right_525,exact,A,,unrecognized_review,5031401436e1bbe29470b07b2fb3744a2dbaa6d7fd79b56f45cbfff9745ae1f8
1087,D_87757_242,exact,A,,unrecognized_review,65fefc4418b94e7eb4cd13883e5bd4400029bde2dcb1cbc0b24cd6ef04287680
1088,I_24101_47904_left_x,exact,A,,unrecognized_review,8df3149d7d9e6a23f7c56bd4ae0bce7ad1b808780f2c84dd0605446f93dc14ff
1089,G_24101_left_288,exact,A,,unrecognized_review,e7768608491fa7d936a920a13a286ad6640e1b8706ee8c44f2c7334a2aec8fe6
1090,D_32467_57,exact,A,,contradictory_review,484507560c35f1a3560c0c5ca5e878c24031fb095c5a28f9e00a740bc7ae810f
1091,D_43210_69,exact,A,,contradictory_review,4d75b979481f07942e0e61f326e267bdbe61c88b21281958eadfaba0a6af65e3
1092,D_69658_202,exact,B,B,explicit_text,70307be4b69e7a70d88c458081673e449d4707f68a13bbecbb8ebe60afbbf9f1
1093,G_58793_left_1388,exact,A,,unrecognized_review,849d636a1d6138f52180848000d8e8d799423bfdffdcf64a534f946170026a7c
1094,D_63029_165,exact,B,,unrecognized_review,238df4b36ba43e8146e6759a730761e79723b7a5ee55610eed6c0c73dea6aa41
1095,I_87757_89171_left_x,exact,A,A,explicit_text,85a39ab345d672ff8ca9b9c6876f3adcacf45ee7c1e2dbd2408fd338bd55e07e
1096,G_76957_left_2106,exact,B,,unrecognized_review,3136540ad403b41c368f760a01747f211da58f5fa9c8f00488bb71f7359087e7
1097,G_89171_left_2487,exact,A,,contradictory_review,cc9012b521045907c2880f5fd58733a922aaaed4b61e0790fa542d28ed53aa8d
1098,I_27295_65052_left_s,exact,B,,unrecognized_review,bbbd229f6fbd18e6fbc65b051f834928ab0dec8d42b56b5a106e94dba82d80eb
1099,G_58793_right_1452,exact,A,,unrecognized_review,f9aa7b916a6cb541336adc06068eb64df978b3f2385523153469a4cf8cbc5695
1100,I_74850_89171_left_x,exact,A,A,explicit_text,85a39ab345d672ff8ca9b9c6876f3adcacf45ee7c1e2dbd2408fd338bd55e07e
1101,D_57833_122,exact,B,,unrecognized_review,b498cf5f9a4b72e8d789667c65d1160a1986be23c1bcdf5cdb546f1ea43dd57c
1102,D_27295_38,exact,A,,contradictory_review,d51c054f0494408ea7fbd750983096f70a046369bf8973f00b217dcc1d3bd739
1103,I_20294_99775_right_s,exact,A,,unrecognized_review,456d32766b5e9f6d318ba85babe0873e9362bb6ffc5a5f00b46be084251e918d
1104,I_27295_44595_left_s,exact,A,,unrecognized_review,e9fe9339c11fcf305b3c99c7d6a58ba3f02f4dd8e61c553170913ff9640332e9
1105,G_43210_left_608,exact,A,,contradictory_review,95e612d4c0547becad29eb85c887603fb3cd851f52b1b47d67680f99e9f93941
1106,D_14493_0,exact,A,,unrecognized_review,d6077ae950569a699aa9dd834e5f2b65273f2a23c9666005cb3bf3e3096c8d3e
1107,D_58793_145,exact,A,,unrecognized_review,9beba66f0c0055cf654d05f8c1788a0dfe4a00fa1501dbaead8a0f3f8718b18b
1108,I_20294_57145_left_x,exact,A,,unrecognized_review,2a4c5899e3fc183708b55bc197438c9f69643cabf35cf9c5bf1746fbc9aefee5
1109,I_65052_96608_right_s,exact,A,A,explicit_text,85a39ab345d672ff8ca9b9c6876f3adcacf45ee7c1e2dbd2408fd338bd55e07e
1110,G_20294_left_151,exact,A,,contradictory_review,63cc49df502154007480fcad77493380dd14599c567a40b31cd700c7dcd36ee6
1111,G_74850_right_2052,exact,B,,unrecognized_review,ce92dcb3b4eba2a5ef5ff8c4234d9bc6b4f7b46dca7620374f9ffceb3a968bb7
1112,G_14493_left_45,exact,A,,unrecognized_review,43dc44cafa6ac246b3b6f03d3d5db458c8ea227c8b938bb1ff28110c5e85d91c
1113,D_87757_246,exact,B,B,explicit_text,1ea442a134b2a184bd5d40104401f2a37fbc09ccf3f4bc9da161c6099be3691d
1114,G_87757_left_2352,exact,A,A,explicit_text,85a39ab345d672ff8ca9b9c6876f3adcacf45ee7c1e2dbd2408fd338bd55e07e
1115,D_83742_235,exact,A,,contradictory_review,a94cef716686d1531867455d0daa529fdbc206d0d78f8e9367cbdacd7df2ad77
1116,D_57145_116,exact,A,,contradictory_review,a7d0475ddd97d2ca63e1ce918feca28878614ec24375631f1ca040e9d6ffd9e0
1117,I_76957_93812_left_x,exact,A,,contradictory_review,a8b71eacb40c2a946ad15ba9434120890444959bab510f087f506c0d9f872bdf
1118,I_32467_69658_right_s,exact,B,,unrecognized_review,3934912f6f739921ee23e5b91459f8f71c8b2fd2b265a25b436773a368c6d62a
1119,D_32467_49,exact,A,,unrecognized_review,2b379d951698bc3267a9d068303c3ff012ee11895b7eef88fcef90f9d32c83e9
1120,D_14493_4,exact,A,,unrecognized_review,34d7358a8c13c64b2d883198158f385ee745706644febefe6a5c3122ec67bdca
1121,G_83742_right_2320,exact,A,,contradictory_review,38c37a13776a0a332802d17609f3fa7203a8ccac88c6dfc05da149b02a745111
1122,I_20294_63029_left_x,exact,B,B,explicit_text,70307be4b69e7a70d88c458081673e449d4707f68a13bbecbb8ebe60afbbf9f1
1123,D_65052_183,exact,A,A,explicit_text,85a39ab345d672ff8ca9b9c6876f3adcacf45ee7c1e2dbd2408fd338bd55e07e
1124,I_32467_44595_right_x,exact,B,,unrecognized_review,d7ad11e2b18450e92bb0860ad26d233b2a7c04364a074cbfea73d0d76b70cfa2
1125,I_24101_56583_right_x,exact,A,,contradictory_review,521aa0340896cf8dc9a22d7dff687d6cbec9494b59776e30e97c9a5ec3009653
1126,I_93812_99775_left_x,exact,A,,unrecognized_review,efa582ae8f2df231c69327566471263f46c6db54259fa890a7576a516450f8b8
1127,I_14493_93812_left_x,exact,B,B,explicit_text,aed53647f8e7faae259182604b78104d4031fa6e48cacc54ece185cedba39b17
1128,I_63029_74850_left_x,exact,A,,unrecognized_review,734ec00d7e99d2d335f1cb12213307c884e4c2f7f9b74fb45a56cc108292177d
1129,I_47904_65052_left_s,exact,A,,uncertainty_or_refusal_review,3933e21552823fff2996a88da4c642e46aa3e83bab82fc72ab477befb3d858a8
1130,I_57145_96608_left_s,exact,B,,unrecognized_review,ea7dc6784062ea547505909dd1f8970fc4543d956bd56250abfa211230328b69
1131,G_89171_left_2480,exact,A,B,explicit_text,45074ee3f5a5b65eea40187ec57a731c1b5cfc2cf4845fcb8351fb51ed0eeb17
1132,G_58793_left_1420,exact,B,,unrecognized_review,1879b6608872a2d1a5b0e30ccbb152deb46409e78c38ead6ce65f1848ad1a586
1133,I_27295_99775_left_s,exact,B,B,explicit_text,70307be4b69e7a70d88c458081673e449d4707f68a13bbecbb8ebe60afbbf9f1
1134,I_27295_58793_left_s,exact,A,,contradictory_review,cfbbdc7fbd1330d6cfbee068eee41ac7895271e2728c715eb8791cf7a52aaad8
1135,I_14493_58398_left_x,exact,B,,contradictory_review,a8de6ad362df5c5c1668073c0344c01dc84a19457807316765da38fbd66ee6e5
1136,I_27295_44595_right_s,exact,B,B,explicit_text,1ea442a134b2a184bd5d40104401f2a37fbc09ccf3f4bc9da161c6099be3691d
1137,I_27295_47904_right_x,exact,B,B,explicit_text,1ea442a134b2a184bd5d40104401f2a37fbc09ccf3f4bc9da161c6099be3691d
1138,I_76957_89171_right_s,exact,A,,unrecognized_review,18bf9a03ae66e229cbaccf52fb8c389486d086b480e7f831b26ed1c1aba39ba7
1139,I_58398_63029_right_s,exact,B,,unrecognized_review,5dd612fd61ebfff7bf086006d23dc4f8264cb49bf76da7347f15cb7004c5401e
1140,I_20294_56583_right_s,exact,A,,uncertainty_or_refusal_review,8ad7aef3ad1420844a5749d3dd5c4a817f64ae98e09334ba3828439b8138abd6
1141,D_93812_274,exact,B,,unrecognized_review,b354fbba39ce3d9a85a5ca248bff7e6f7ed728c1e15a109d1c0b779fa85639c9
1142,D_74850_212,exact,A,,unrecognized_review,74f25539a429ca50733560c26a650e4684bec205a03ed112bb2b18b579becc8b
1143,I_58398_99775_right_s,exact,A,,unrecognized_review,b2fcccc87618b2fd55c3e4c452e337c8ee5bf0caf0dc80b0c36dc74453f345ff
1144,G_56583_left_887,exact,INVALID,,unrecognized_review,4a44dc15364204a80fe80e9039455cc1608281820fe2b24f1e5233ade6af1dd5
1145,G_58793_right_1469,exact,A,,contradictory_review,c01acdae844843bc9d13a24246006d877f442b056a2cae1a3667ee2f13077ef2
1146,G_99775_left_2857,exact,B,B,explicit_text,1ea442a134b2a184bd5d40104401f2a37fbc09ccf3f4bc9da161c6099be3691d
1147,I_44595_47904_left_x,exact,A,,unrecognized_review,7e0fd005acccb946eb4653befa1401299aa421806639598b5b187fec846078e6
1148,G_57145_right_1036,exact,A,,contradictory_review,c8410be6ef97a74ebaf7745497c5e2376924fd4463e7eca1d0f430f70f71e1f6
1149,G_43210_right_650,exact,A,,contradictory_review,754777bdf73afa7abe5086402049c39822718d66534e6e557a87d5b201955932
1150,I_32467_58398_left_x,exact,A,A,explicit_text,85a39ab345d672ff8ca9b9c6876f3adcacf45ee7c1e2dbd2408fd338bd55e07e
1151,I_27295_57145_right_x,exact,A,,unrecognized_review,60861befb69a3b781ed05b32a56e8b30a9dee1c0fd857abe0ab76b61d9c94bb4
1152,D_65030_175,exact,A,B,explicit_text,497cafbe712c207eebadacf69a906a3733da96cc65a9dec8cb79f2e6ced6de9d
1153,G_58793_right_1451,exact,B,,unrecognized_review,8a8e8226d789ad4fa4a79cd335d45013ac62238cc33656e4caf43172e50bff73
1154,D_96608_276,exact,A,,unrecognized_review,325b585487811c7a8dc0ce26be75b9a16310b09d972cfdf06870b60267384117
1155,G_58793_right_1446,exact,A,,contradictory_review,51056aabfd9340b4238ec29733203253155a27ce32ed13488209f94a5fa60280
1156,G_63029_left_1489,exact,A,,contradictory_review,acb373ee0baca89ac7899a94658db2786705f13162172d00c09dc1a1421edbb1
1157,G_14493_left_41,exact,A,,contradictory_review,3f4b1c3bfc2d94a61e38e350dd74db70106eb4c99fc7e400a7014e58e4b8071d
1158,I_24101_43210_left_x,exact,A,,unrecognized_review,6730f509b653aa5acb7604a7f311e73d8fc9152fdae9693776659785d2836a18
1159,G_93812_right_2695,exact,A,A,explicit_text,85a39ab345d672ff8ca9b9c6876f3adcacf45ee7c1e2dbd2408fd338bd55e07e
1160,D_57833_130,exact,A,A,explicit_option,559aead08264d5795d3909718cdd05abd49572e84fe55590eef31a88a08fdffd
1161,I_74850_99775_left_x,exact,A,A,explicit_text,85a39ab345d672ff8ca9b9c6876f3adcacf45ee7c1e2dbd2408fd338bd55e07e
1162,G_96608_left_2709,exact,B,,unrecognized_review,d24e4fb1b8c301cbbb360c79f55b715d894a0e7458cf92bc6a600280cb71de56
1163,G_57145_left_1033,exact,A,,unrecognized_review,1ea89b871e111dfcaaa91f14601169f2e62f04000062e0f27886c59ecddfe2c2
1164,I_58793_74850_right_s,exact,A,,unrecognized_review,5fb59ff7fa04a3e740ef044ba05282a4da5507978ed90a25043cdfe349db6c0f
1165,D_14493_6,exact,A,,contradictory_review,de231cdcaf296fdddd7d7f3538f75197175d24e3ece1bce5a7db2069618448a4
1166,D_76957_218,exact,A,,contradictory_review,9d1309eaafdbde6b2af8cfa282ae3f2dbac3302e1da8d9384e18ef56a520c4e8
1167,G_63029_left_1521,exact,B,,unrecognized_review,ce1b3e5d9b24252ac96af3a90eeaddc0182d92bcbd56b6671a30509899142bde
1168,I_20294_58793_right_x,exact,A,,unrecognized_review,43dc44cafa6ac246b3b6f03d3d5db458c8ea227c8b938bb1ff28110c5e85d91c
1169,D_47904_86,exact,A,,unrecognized_review,12658f0de28f376b3d84f6de97e9376d6960fd6e262100b83a820ca67203ba6c
1170,I_14493_65052_left_s,exact,B,,unrecognized_review,668540fbbd93b1fa570dab668f3841e3b3956149f7b995f04685b7a3edca75ea
1171,I_44595_65030_left_x,exact,B,B,explicit_text,70307be4b69e7a70d88c458081673e449d4707f68a13bbecbb8ebe60afbbf9f1
1172,I_57145_83742_left_x,exact,A,,contradictory_review,d8157d7415d14def4a71fddd9ca5585341a55e2c34b464d9849ab9197ee61ce5
1173,G_65052_right_1842,exact,A,,contradictory_review,f14bd2e52b01491e5d0534f0b71206560894ce2bc6ebfc00aede86b9fc3b7ed8
1174,G_63029_left_1508,exact,A,,contradictory_review,29552c35151c06f50d6c88c3f620bf503e38c69bba8510dd5bc1e9d19b98fc29
1175,G_27295_right_378,exact,A,,contradictory_review,a732d46f659e992101ce9193d6f29c61412e49e879ffe4b84280beccef7b439a
1176,G_47904_left_817,exact,A,A,explicit_text,85a39ab345d672ff8ca9b9c6876f3adcacf45ee7c1e2dbd2408fd338bd55e07e
1177,D_87757_247,exact,B,,unrecognized_review,a233e03e61c821471f80fc1784648880a7f9124033c3e38a6bfdde743a023b74
1178,G_57833_left_1131,exact,B,,unrecognized_review,1565595a304d5cec13d8eec452115fdbb64f6e7670c68d707b789fd84a1c8606
1179,I_43210_57833_right_s,exact,A,,unrecognized_review,e3e8d5ec57c09cc1d4ed6e9b41fa2f24422d9ff4b55e53493ddc964a25009628
1180,G_44595_right_800,exact,B,,unrecognized_review,947b1db6811ebb3dd4ca26b3a7cf3c6a087191f6ad674aa19e617be865d4cf9f
1181,I_14493_83742_right_s,exact,A,,uncertainty_or_refusal_review,823aa0400c815eefb61bb7af0a6111b25ea19fbeae96e281541cfa028c6e7577
1182,D_44595_78,exact,A,,unrecognized_review,e8a896337d2f13cf4294baec16755f67ea9661e154df54fd72b88d19c0f53fa0
1183,G_57145_left_967,exact,A,,unrecognized_review,5031401436e1bbe29470b07b2fb3744a2dbaa6d7fd79b56f45cbfff9745ae1f8
1184,D_20294_13,exact,A,,uncertainty_or_refusal_review,035a040d4eb477024833f5dfe110aff9a1ec60cfe26fcaed9999bf48214f329f
1185,D_87757_243,exact,A,,contradictory_review,9cd2b11ccac06db192f23bf6d1ae2a56092e739a853955f3e6e5c70f24aaab02
1186,G_65030_right_1684,exact,A,,contradictory_review,abc7aae8117dff3862d711228bac0649d5d1dec4446bc95ad347066b0c095210
1187,I_32467_43210_left_x,exact,B,,unrecognized_review,733a0a982fbc92f82ea6c8a26e75f9dcc25b6a4746de2fc4527fcb39012a328f
1188,G_57145_right_1102,exact,B,B,explicit_text,aed53647f8e7faae259182604b78104d4031fa6e48cacc54ece185cedba39b17
1189,I_44595_47904_right_s,exact,A,,unrecognized_review,392e062d158de1e82e899bd3a7437c524dbc41504a0991641254aa1c3711fb2d
1190,G_83742_right_2298,exact,B,,uncertainty_or_refusal_review,f83caa3e2229350c16526598667b833cbea8633913060eb952ab7dbf65b90ddc
1191,G_99775_right_2910,exact,A,,unrecognized_review,673705cabfe6c80b785e5427f8c0aa202ba980157f0de8571dbe4de76dc64e9f
1192,I_65052_99775_left_s,exact,A,,contradictory_review,6d5cb5d6a7fd77357dd7a94b5c779bc5166eaa1f1bf3afe69279149ce6c993fd
1193,G_58793_right_1448,exact,B,B,explicit_text,84f0c45b1fccd8a3c3b9d08f814978695444375fee7e814c4c721c86ce223047
1194,I_83742_87757_left_s,exact,A,A,explicit_text,85a39ab345d672ff8ca9b9c6876f3adcacf45ee7c1e2dbd2408fd338bd55e07e
1195,D_99775_288,exact,A,,contradictory_review,eeb94e9fc156ddc7fcaf0cfe562b606ee7fff696ea94bb7db69eeb1912d175ec
1196,G_83742_right_2327,exact,A,,unrecognized_review,c7da04d808271507431bcc0582f6eedd68090cf68e2045001f9484a9c5934614
1197,G_24101_left_290,exact,B,B,explicit_text,aed53647f8e7faae259182604b78104d4031fa6e48cacc54ece185cedba39b17
1198,G_83742_left_2251,exact,B,,unrecognized_review,74d43752fad858336e0aee6a2a093e8af97db5a18df40bc6fe911185e5bee666
1199,D_96608_287,exact,A,,unrecognized_review,f55d838bb5ac22a4ed748e9f2c9025f07382e19cc3c3f46ca46b20c7ebf8285a
1200,G_58793_left_1416,exact,A,,unrecognized_review,8a60cf3e4699eb81ee9b035d3d9eefb6a98fa22e94ecbfa1e1a3983e089b1ce1
1201,I_14493_69658_left_s,exact,B,,unrecognized_review,535e2a51f6231e7fdb3b3b20a2153115aa3779b3a928677479e2d3e50e5e04b2
1202,I_47904_58793_left_x,exact,A,,contradictory_review,44c6acfd3a99b1a22d734664b7da98c2e105a62aa6d7c6a36bb553769d5d5223
1203,D_20294_21,exact,A,,unrecognized_review,c34210fc6cd43089e0d7136b3c50db97783e4a8f3b17cf40e119370d4a7d5a3f
1204,I_27295_63029_right_s,exact,A,,unrecognized_review,5da4e1f504d2851c94403204206aa428dabee1480e2b198d05aab01ef4d637a7
1205,I_14493_76957_left_x,exact,B,B,explicit_text,70307be4b69e7a70d88c458081673e449d4707f68a13bbecbb8ebe60afbbf9f1
1206,G_57145_left_1008,exact,A,A,explicit_text,85a39ab345d672ff8ca9b9c6876f3adcacf45ee7c1e2dbd2408fd338bd55e07e
1207,G_27295_right_411,exact,A,,contradictory_review,703c8d0a4888a6db0d8c2b84ed84dcfa00d5b0ae8d136eced16b5b54cea03eb2
1208,D_44595_77,exact,B,,unrecognized_review,fcceea327500b568570374ccbe132fe1448bcc1cc22d9cab441698fb3ed2fbaf
1209,G_57833_right_1199,exact,A,A,explicit_text,1b7a09a3b821aa28ceb74d5cdfe18af6fe5ddc12ca0957e3281812b1c7899837
1210,D_24101_27,exact,A,,unrecognized_review,cd3be5aa4f4fab610352eec3d2954e01fe6dbe5d054a14cab0b939023d478114
1211,G_96608_left_2707,exact,A,,contradictory_review,e3f6746a4b68972c324c164fd85beffca17effe3bece9f4cd4d3c23ac8db9c9b
1212,I_58793_63029_right_x,exact,A,,contradictory_review,bba69fe61040a2be71febcdc9bc062e4395511e7f1e39c7f1058ffa82198b3ad
1213,G_32467_right_511,exact,A,,unrecognized_review,3d51d733da5d78e86942c928ebe91868658334d573d85dc221b6b8d199086b6f
1214,G_89171_left_2521,exact,A,,unrecognized_review,479c5a83282f73b6368c71057afebc2c19aa9d1e880d23eb75bcf54b41fd74ff
1215,G_63029_right_1612,exact,A,A,explicit_text,85a39ab345d672ff8ca9b9c6876f3adcacf45ee7c1e2dbd2408fd338bd55e07e
1216,I_32467_99775_left_x,exact,A,A,explicit_text,85a39ab345d672ff8ca9b9c6876f3adcacf45ee7c1e2dbd2408fd338bd55e07e
1217,I_65030_96608_left_s,exact,A,,unrecognized_review,bafd68a79f827341924f4bb5985131b2c001b34b99162e80ce1fac6a244ff5de
1218,I_24101_47904_right_s,exact,A,,uncertainty_or_refusal_review,2a6032f30e15350d2ccb72ac17a40bba3b88cbc1002ce3d74a539b9df679b181
1219,G_65030_left_1679,exact,A,A,explicit_text,85a39ab345d672ff8ca9b9c6876f3adcacf45ee7c1e2dbd2408fd338bd55e07e
1220,I_89171_99775_left_x,exact,B,B,explicit_text,b1c9eb7c37e675fc517b6505924533cdce16186b5f0e203bf8eff78af200a1f9
1221,I_58793_76957_right_x,exact,A,,unrecognized_review,be3fe353986c975d6a4464b3b45c554d7acc35b2898bea14633c22c04ebec03f
1222,I_44595_57145_left_x,exact,A,,contradictory_review,90c60210847689dbe32e6d5a31406c702f5e172be1e5366fa0e3a210e5ec9ec9
1223,G_58793_left_1379,exact,A,,unrecognized_review,9f484efbc5b06dfb90c974b27951c31c618175283ee7d89c1f1a1312b48fdea3
1224,G_74850_right_2038,exact,A,A,explicit_text,85a39ab345d672ff8ca9b9c6876f3adcacf45ee7c1e2dbd2408fd338bd55e07e
1225,G_47904_right_833,exact,A,,unrecognized_review,7268e7b2762790e5090d021d1645b0c087455a814286123e3aec8a5ce06e7f0a
1226,I_47904_87757_left_s,exact,A,,contradictory_review,2debcb7e0fa4434dc3ade21cb3be7ffbc768814c3f875b6dbc96c04294167919
1227,I_47904_63029_left_x,exact,A,,uncertainty_or_refusal_review,e826f0715a13fa714105b4bf6e74c38f1368dca094a38836a935a44b3b79cb04
1228,D_57145_109,exact,A,,unrecognized_review,edb489835a669eae4f9b71695fe2d292dfb6445089f89644a2b16bb14d5c266c
1229,G_14493_right_83,exact,A,,unrecognized_review,d2e766f7023c96ee7e15e022299034896aa0afea63469bf17a75c4fd06a74e3c
1230,D_69658_203,exact,B,B,explicit_text,1ea442a134b2a184bd5d40104401f2a37fbc09ccf3f4bc9da161c6099be3691d
1231,D_27295_44,exact,A,A,explicit_text,85a39ab345d672ff8ca9b9c6876f3adcacf45ee7c1e2dbd2408fd338bd55e07e
1232,G_58793_right_1441,exact,B,B,explicit_text,38178a20b470cfd18299fb1593dd4ba706f1a83321dac051d01086efd8b7a96f
1233,G_96608_left_2757,exact,A,,unrecognized_review,687d30b674e29652b22817868284188c02e65ed641aaf07cb555627271e5107b
1234,G_47904_left_818,exact,B,B,explicit_text,246fe1d62488415b4a769126cc8fff9a718be090de06f8b705c972cb18fc8101
1235,G_89171_right_2534,exact,A,,contradictory_review,64ea5e7921222629b498d642c148624a5085ab4f088962aaee4aa85972cd0e18
1236,G_58398_right_1332,exact,A,,unrecognized_review,9820c92bff6a065920a7bc4613ac76610b997cd58bed00bd6c1493e21f28746f
1237,D_74850_213,exact,B,B,explicit_text,b1c9eb7c37e675fc517b6505924533cdce16186b5f0e203bf8eff78af200a1f9
1238,D_89171_252,exact,A,,contradictory_review,44bc7627f08c71a5ca09e06134a6255bbc7006b05f0bb156f1d2ace33820c97d
1239,D_96608_284,exact,A,,unrecognized_review,6ae8c5398e6ece01e5c5fca38662dd8b6398323a020087c4dcfea052b8888d63
1240,G_20294_right_243,exact,A,A,explicit_text,85a39ab345d672ff8ca9b9c6876f3adcacf45ee7c1e2dbd2408fd338bd55e07e
1241,D_65030_177,exact,A,,unrecognized_review,a7bc3eabc2c1ed47357a7d0cf0551b54f7ec89087111cf781de1d0e17eacedd6
1242,I_32467_58398_right_s,exact,A,,contradictory_review,9b3fbd1fc6e81086ca6c9b08e3c1208e2d0b5102a3c090944dcb4123b137aff6
1243,G_56583_right_939,exact,INVALID,,unrecognized_review,4a44dc15364204a80fe80e9039455cc1608281820fe2b24f1e5233ade6af1dd5
1244,D_32467_51,exact,A,,unrecognized_review,8657edf38f132c8980b43d5e149e1578d89e115570f81db370b583a3a65101ef
1245,G_20294_left_167,exact,A,,contradictory_review,482f75bbdc4ef24bb29901a2d9d7b9e4cd6f542aa4b8a8854eae3a874e2ed7a1
1246,G_58793_left_1374,exact,A,,unrecognized_review,1c97f00b2d386bbb96924c91110725ef780bea8f2eee6e0c62038f92ba218f6a
1247,I_47904_58398_right_x,exact,B,B,explicit_text,84f0c45b1fccd8a3c3b9d08f814978695444375fee7e814c4c721c86ce223047
1248,G_56583_right_904,exact,A,,contradictory_review,65d3b74816fb82d7f434449896fa28af150abbd09ee0de611dea8076a2c48f7b
1249,I_58793_96608_left_s,exact,A,,contradictory_review,52f39ec6193ae09f30c3f24253cdb2e07be27d51bb3481c1852d535ee268aaa2
1250,I_14493_44595_left_x,exact,B,,unrecognized_review,cf6116bd01b152d0a3843f5c612e60969127beb84b778e5324a18d53498ed5d6
1251,G_89171_left_2514,exact,B,B,explicit_text,84f0c45b1fccd8a3c3b9d08f814978695444375fee7e814c4c721c86ce223047
1252,I_65030_76957_left_x,exact,A,,unrecognized_review,5a385daf9f3cd82cf474dc4f6bdbb61e4e4361af88aac583eacdfa2203cff648
1253,G_44595_left_709,exact,A,A,explicit_text,85a39ab345d672ff8ca9b9c6876f3adcacf45ee7c1e2dbd2408fd338bd55e07e
1254,G_58793_right_1457,exact,A,,unrecognized_review,d0ca18b0381fe13b9411d918c2c411ed8a25012339d5f04b4b5411817d3bd9ef
1255,G_44595_left_756,exact,B,B,explicit_text,0114f7e9710aac21cd974a8a655e12599fab2012871193dfad40495b9d9455e8
1256,G_69658_left_1871,exact,B,B,explicit_text,84f0c45b1fccd8a3c3b9d08f814978695444375fee7e814c4c721c86ce223047
1257,D_43210_60,exact,A,,contradictory_review,2380b8b231783c8d0517ea9dc58ea451acb131d0750ab1903aedff414c1fe6f0
1258,I_69658_89171_right_s,exact,B,,unrecognized_review,3d6d26fa374d8b4bf5c9dbc0302591967aedc73183db7a681e67824a84261503
1259,G_65052_left_1733,exact,A,,unrecognized_review,bd69f4727222b0331f3c85d88eebefdd98248d02c57361f577bccd27bc26f8e1
1260,G_65030_left_1636,exact,A,,unrecognized_review,2f6cd3eb960e7602468fe7b0fc32489f1482cbdffc4b87143b2cbf1a5addfca1
1261,I_47904_56583_right_s,exact,A,,unrecognized_review,ff20bef6cdf79d09c8fd604b2d39ad93f7949c28c44712410662eebc24ebc652
1262,G_20294_right_287,exact,B,B,explicit_text,1ea442a134b2a184bd5d40104401f2a37fbc09ccf3f4bc9da161c6099be3691d
1263,G_99775_left_2888,exact,A,A,explicit_text,85a39ab345d672ff8ca9b9c6876f3adcacf45ee7c1e2dbd2408fd338bd55e07e
1264,G_65052_right_1799,exact,A,,contradictory_review,36f16f3d0afe6f6f63fba89b864eae4b28700934b47247af77964b8285b30739
1265,I_57145_65030_right_x,exact,A,,contradictory_review,3602e388f41abb1f88190b17600c869094a9e35218958be953c4f406445c3725
1266,I_56583_58398_left_x,exact,A,,unrecognized_review,5a811c03293190c32534d5eb0a778ec9cffd4409388dde2607e62be8e619ac4a
1267,G_69658_left_1864,exact,B,,unrecognized_review,c83ccf4941fb5f60e925c78bf6d56e913f0892f9ce667c6e13273f97bb1666eb
1268,G_65052_left_1790,exact,A,,contradictory_review,4df8ce9e2477ba0ff993c4ae0279199782f456ed8e312fb5bc7449c25326f6dc
1269,D_89171_261,exact,A,,unrecognized_review,376096bc44bef6a35492162be88ac5b525e1dbb2ecf61d9cd7ae7a80c541d92f
1270,I_32467_58398_right_x,exact,B,,unrecognized_review,825da753d4a7ef59a1b0c521840870ddc7c2764e66ff7f93bd822420f3d06325
1271,G_65052_right_1847,exact,A,,contradictory_review,abfc9e75ac711a31d959edf9928a367618f30196ecdb861d32064a2aab9162a7
1272,I_58398_96608_right_x,exact,A,,unrecognized_review,07bcd181a80761c35d8bc09b62411e18a30099a12c2d8896faf386ff1d2bf79d
1273,G_56583_left_868,exact,A,,unrecognized_review,43ad5eb268b7442207c5d885bbc7166c11e4d327f6286378c7fb2638fc295964
1274,D_99775_291,exact,A,,unrecognized_review,f53a6fb73afff4aba7bbfd4b55d0d8bace8dff1c709523b86b6bd860f61c797b
1275,D_58793_144,exact,A,,contradictory_review,c5fe8a3e07b2fdf3bdc7f06790d56cdd0d0c3698dd9daace6306b5414e7cf71c
1276,I_65030_83742_right_s,exact,A,,contradictory_review,908efd6d8175ba2f954fcaea89b3202b27f34bff04e83811bef58f35d1e6ddbc
1277,I_24101_87757_left_x,exact,A,,uncertainty_or_refusal_review,efcfeff537b28da4e7e66a823989253802dd17b789acdbeb6f561797e9e026da
1278,G_87757_left_2353,exact,A,,unrecognized_review,3f5c4f7a497f8d6b4015af45112f1a23754ceba12471eee0692e623c3ef5e545
1279,I_32467_83742_left_x,exact,A,,contradictory_review,3a8c465ffc7020f36fdd5f186cd7f97c94d28cc57d88fb833c2155b57502d114
1280,G_63029_right_1623,exact,B,,unrecognized_review,4a5d3f556bacdd0a57778e1ff559e95f733b8782428fbf8cf040b0e37d943954
1281,I_58793_99775_left_s,exact,A,,contradictory_review,afdc414618f6d2f488c00df193e87b69eb798ab157e3ea03778250ce9d25ba49
1282,D_14493_7,exact,B,,unrecognized_review,7af2413b4cf9da430f9f498e294cb12c796aa107bd37a975d2c11a52166e7203
1283,G_74850_right_2039,exact,A,,contradictory_review,ff5238b7160d011bfff54564c0b22f9937056e56c21e5d0dab3885f6cad7e3e9
1284,G_96608_left_2698,exact,A,,contradictory_review,09569bbd3a516818348ea8890a06b9a86b75e5d60a504f808f7c151f9f2b5388
1285,D_57833_121,exact,A,,unrecognized_review,f743aa656714d55f6efd4735f894dc0f77af69b7feb5e229d07c4e08eaf149ee
1286,D_63029_157,exact,A,,unrecognized_review,9c85944bdd8ec5990fb1dea85af042d758c855ee7adca94596edc273c04f8242
1287,I_24101_65052_right_x,exact,A,,contradictory_review,ddde5cf5b15c67577099226d6fc99284ffcecd624a056fca2b24e717a7d7dcfd
1288,G_74850_right_2072,exact,B,B,explicit_text,aed53647f8e7faae259182604b78104d4031fa6e48cacc54ece185cedba39b17
1289,I_20294_74850_left_x,exact,A,,contradictory_review,b41563220fa7e4a11d64d80c95a9a47d43381bf4ff7c10e1c994bd3c98dc167d
1290,D_32467_53,exact,A,,contradictory_review,ee43ee6b94d298e33034583178b667ded6d7c36528619f9db99acf506f1de1fe
1291,D_56583_98,exact,B,,unrecognized_review,949da6a3278e2d66078bda0e06f569110d872e46548e354c508af456e3c18715
1292,G_93812_left_2595,exact,A,,contradictory_review,9713efe3fa1e9ec3d0a1cd10fba2d4f5618f0d6162e2cb7fc3ab0fe6acc44253
1293,I_56583_63029_right_s,exact,B,,unrecognized_review,aff34784fc916e044abc52ac27a0e2df7003aaf57d1a8a36a6b23b8d8d8693fe
1294,D_83742_234,exact,A,A,explicit_text,85a39ab345d672ff8ca9b9c6876f3adcacf45ee7c1e2dbd2408fd338bd55e07e
1295,D_14493_10,exact,A,,unrecognized_review,5eef2c789cc6fedb122ac443e747a27f32683ca7fe2fdce245320820590e7daf
1296,I_24101_58398_left_x,exact,A,,unrecognized_review,a907e77290a0948e85c29d7b417f0b27ae9540bb9c616becca053395e9259bbd
1297,G_20294_left_197,exact,A,,contradictory_review,f462c5bd257c9df0f53aaa1f3c5bf24f78aaa659d38493d581ff7e0420c45d12
1298,G_93812_left_2638,exact,A,,contradictory_review,e3403c932fc2800f664ee7ed94872dfd6bb17cdf198d42acd41399ef92ad2e77
1299,G_65052_left_1746,exact,A,A,explicit_text,85a39ab345d672ff8ca9b9c6876f3adcacf45ee7c1e2dbd2408fd338bd55e07e
1300,G_99775_left_2880,exact,B,B,explicit_text,70307be4b69e7a70d88c458081673e449d4707f68a13bbecbb8ebe60afbbf9f1
1301,G_83742_left_2266,exact,A,,unrecognized_review,28297f37b651bffa9e7eb3b11ab097fdc182fc5011810ebd07d2008087285002
1302,I_14493_65052_right_s,exact,B,B,explicit_text,89f7d798759e13e879e9b8c87de8693da2fbf4708fdf832ecdc81a76ea750e3b
1303,G_14493_right_118,exact,INVALID,,unrecognized_review,32ebb1abcc1c601ceb9c4e3c4faba0caa5b85bb98c4f1e6612c40faa528a91c9
1304,D_56583_97,exact,B,B,explicit_text,38178a20b470cfd18299fb1593dd4ba706f1a83321dac051d01086efd8b7a96f
1305,G_43210_left_605,exact,B,,unrecognized_review,ce66c6da6e0ba6fd9192ea4138dac842b4cdce93be5550a68c69c17ac5db8fd7
1306,D_57833_129,exact,A,,unrecognized_review,dab42f3f3f761ac28ad48362c1b0a7a75d818f8571f7a8cd13dfdb3716582404
1307,I_63029_93812_left_s,exact,A,,contradictory_review,63769790817ef060e6152b32adf28584065eb450aa4aacecb7d768c6f899f4d1
1308,D_43210_68,exact,A,,unrecognized_review,9ad7d4b239b8d34ddc3960e5faeeb2cfff67bc377784b7801d5e00d270180cee
1309,I_56583_76957_left_s,exact,A,,contradictory_review,b30bf1e47d780b789d91488c7a9c353868ded773cd271f9756c6b4399119277d
1310,G_58398_right_1319,exact,A,,contradictory_review,47d795f45677a26a2ca6645cd77bab5d4e7b6543dfaf9cc4bb9fc84f2eb31893
1311,G_93812_right_2642,exact,A,,contradictory_review,73459f1c1774e3ae0d24e33b9d7ef444ba9a1a61d68c8653489c207e3b506175
1312,I_76957_83742_left_x,exact,A,,uncertainty_or_refusal_review,ab47cd0a0071460680141d9d869f324b39c36e0874bde03961ba508115219c3e
1313,G_47904_left_823,exact,A,,unrecognized_review,aaebe7ca8ba656feb6bdf3f9301be548f7932081b3383417ca170ee6a524a5d3
1314,I_20294_74850_right_s,exact,A,,unrecognized_review,edb489835a669eae4f9b71695fe2d292dfb6445089f89644a2b16bb14d5c266c
1315,I_76957_93812_left_s,exact,A,,contradictory_review,dc81c81690f1d499120874a56f71f875cd2692bce682a3923d5e7f9867fd232e
1316,D_32467_55,exact,B,,unrecognized_review,947b1db6811ebb3dd4ca26b3a7cf3c6a087191f6ad674aa19e617be865d4cf9f
1317,D_57145_111,exact,B,,unrecognized_review,a4e0af2e345ec11be861af7cbaac630fb455c14984d92ee249f5f1a26b5a90ac
1318,D_74850_206,exact,B,B,explicit_text,1ea442a134b2a184bd5d40104401f2a37fbc09ccf3f4bc9da161c6099be3691d
1319,G_14493_left_5,exact,A,,contradictory_review,60fd5bab648c6aa82cac1ccee99b4adbecb524cab35956af1433220bfd2d4ea3
1320,G_57833_left_1129,exact,A,,unrecognized_review,5a4bab775ee9894a45507da325308a5c212f85af9420548cfdaea89f373b76e3
1321,I_47904_96608_left_x,exact,A,,unrecognized_review,7e9a1bfbacbe2742b55ae6831998709406fc4ecba9467f7d35ff527010edd257
1322,D_83742_238,exact,B,,unrecognized_review,8a8b3bfb99f7dfed31f7be3b6fecaa349652554f06416e0740d4ddfc137ec90f
1323,G_89171_right_2585,exact,A,,unrecognized_review,512845284dc60d2fb61aacc310acc48f74cfee58de7b34fb6a3225a077036ffb
1324,D_57833_131,exact,A,,unrecognized_review,61e31b384382bc67d59e7351c1f35233a2c6e913a0d32ad114e766f64f2d32f8
1325,D_96608_286,exact,A,,unrecognized_review,db7854170df37b65fe5479779ad294b1fdb6b03a1558fe43932cc17f43ed6d13
1326,G_96608_left_2699,exact,B,,unrecognized_review,c7669d3e8ac7f074949b5f4634d22a4393019ee417f016f931a54edf5714ea6d
1327,G_58398_right_1331,exact,A,,unrecognized_review,7af4300cedcaf28c606b26dd39570dd2b1d0532915531503f3ad51fabafd56aa
1328,G_99775_left_2893,exact,B,,unrecognized_review,2776d5a495a567cbef7f55bfc7be6a8f02a12c5fc84eb93b9109b58bf744ff22
1329,G_58793_right_1436,exact,B,B,explicit_text,84f0c45b1fccd8a3c3b9d08f814978695444375fee7e814c4c721c86ce223047
1330,D_57833_125,exact,A,,unrecognized_review,c823de5c567c400b62b89912c851025923ee3a39b9a937d9baa16ad679dbcb45
1331,G_27295_right_396,exact,A,,contradictory_review,97332238ef3ee5a8963808c03e75c91f889c4c2e328b972f7ca9f7ff04080ff9
1332,I_63029_74850_left_s,exact,A,,unrecognized_review,fb49f03f21a0c22ce0e51d85e6d0bb095f9c0d3121d401a9e2b840c1b4b3111c
1333,D_87757_241,exact,B,,unrecognized_review,0ced12a54de4575c9747ac0b129e7b39655bc46a5425d154137811085c0d6173
1334,D_74850_215,exact,A,,contradictory_review,1d0b128ba8fddb33b0d50221caa857e57e28b742297e77debe0fa25624345fa4
1335,D_65052_189,exact,A,,uncertainty_or_refusal_review,fb42eab946eee61d9c25c900b6a6a5bd24eb21b1c1342d983eadb80c9e80b1bd
1336,G_83742_left_2220,exact,B,,unrecognized_review,d1a2fb52cbccdd0235d2ad616cc9325d7bfc7bf4e94fc4fdffa24a8ffe53c010
1337,G_65030_right_1690,exact,A,,uncertainty_or_refusal_review,48ff88d5a7a635d37e78c52b90e2a9e97480b1897517c609d6700a448d4f1251
1338,G_57833_left_1147,exact,B,B,explicit_text,aed53647f8e7faae259182604b78104d4031fa6e48cacc54ece185cedba39b17
1339,D_87757_250,exact,A,,unrecognized_review,13a51ab5287d88a0878b1ef8d78b3ee04de4715c4208101003b03f461f499ce2
1340,G_96608_left_2717,exact,A,,unrecognized_review,6c7a1a1d068395cc4c2c7b7323ca35a10235ce4d3e8bd25f2c7f473a956a8964
1341,I_57145_83742_left_s,exact,B,B,explicit_text,89f7d798759e13e879e9b8c87de8693da2fbf4708fdf832ecdc81a76ea750e3b
1342,G_83742_left_2262,exact,INVALID,,unrecognized_review,fbb0cff20674d434bdab74a3cada02fc15ce64052567e1cd4daead7e6184209f
1343,I_58398_87757_left_s,exact,A,,unrecognized_review,c6cc9370bfa26e5aca92fe6e78d2612701516e061a1892897831eedc91cd056a
1344,G_93812_left_2620,exact,B,,unrecognized_review,c83ccf4941fb5f60e925c78bf6d56e913f0892f9ce667c6e13273f97bb1666eb
1345,D_99775_299,exact,B,B,explicit_text,aed53647f8e7faae259182604b78104d4031fa6e48cacc54ece185cedba39b17
1346,D_69658_196,exact,B,,unrecognized_review,f10ea329b7c0ae0598f91be8fe5502b7e9ad8de62334cc739f6f720d544fc4c6
1347,I_24101_76957_left_x,exact,A,,contradictory_review,1fa3246b494e95085f837f4d6184280f3b66be5b309f8669d64fe4ba220b8823
1348,I_24101_69658_right_x,exact,A,,contradictory_review,a530cb2c5cfd7e9e99897c884663a9489216133d23e31aa454df24b56af02986
1349,G_14493_right_108,exact,B,B,explicit_text,aed53647f8e7faae259182604b78104d4031fa6e48cacc54ece185cedba39b17
1350,D_24101_28,exact,B,B,explicit_text,38178a20b470cfd18299fb1593dd4ba706f1a83321dac051d01086efd8b7a96f
1351,G_76957_right_2168,exact,B,,unrecognized_review,10aaf0b433df9b939b920209d1f663cfc931514548701de870de1292672e0553
1352,I_65030_89171_right_x,exact,A,,contradictory_review,2b9a0cf0f60460d938fa10da2c5aa4a81b49af4efe31ff05cc7f1cbb6ce9c16b
1353,G_63029_right_1569,exact,A,,unrecognized_review,5d2ced81e780f171d1cee8d100fca8840d5772a41f954ef2146d77b1f246d7ad
1354,G_14493_left_47,exact,A,,contradictory_review,bbd8902b2828ac7d85a894d2c148d528ea96a67684ef8c8c1cea07077d51199f
1355,G_69658_left_1861,exact,B,B,explicit_text,70307be4b69e7a70d88c458081673e449d4707f68a13bbecbb8ebe60afbbf9f1
1356,G_74850_right_2050,exact,B,B,explicit_text,aed53647f8e7faae259182604b78104d4031fa6e48cacc54ece185cedba39b17
1357,G_96608_right_2784,exact,A,,contradictory_review,469c42d9838279ec5f89bcb63ae26b42f19d598590f4b4f51db077b29656ffbc
1358,D_32467_59,exact,B,B,explicit_text,84f0c45b1fccd8a3c3b9d08f814978695444375fee7e814c4c721c86ce223047
1359,I_89171_99775_left_s,exact,B,B,explicit_text,89f7d798759e13e879e9b8c87de8693da2fbf4708fdf832ecdc81a76ea750e3b
1360,I_47904_57833_right_s,exact,A,,unrecognized_review,b7059e4b6218a57e4398bf3d25a420e91fc2678c7e76082833f2403e131e6aaa
1361,I_24101_58793_right_x,exact,A,,contradictory_review,0638b619e90fbe56659d86fdfecd4e594d9abf810dcf756031aee6bb78a87d0f
1362,D_83742_236,exact,A,,uncertainty_or_refusal_review,8e75eadfa216531dccb5a9d2ee88f028a0de3be34741f720c5086b2a6dac53ee
1363,I_58793_65052_right_x,exact,A,A,explicit_text,85a39ab345d672ff8ca9b9c6876f3adcacf45ee7c1e2dbd2408fd338bd55e07e
1364,I_20294_32467_left_x,exact,B,B,explicit_text,70307be4b69e7a70d88c458081673e449d4707f68a13bbecbb8ebe60afbbf9f1
1365,G_65030_left_1656,exact,A,,contradictory_review,210d6dd20a030152d2fe337098a05ef2cabe57d843dfa4b4caf8578a60b7610b
1366,D_76957_222,exact,B,B,explicit_text,70307be4b69e7a70d88c458081673e449d4707f68a13bbecbb8ebe60afbbf9f1
1367,I_58793_65030_right_x,exact,A,,unrecognized_review,846608e17e1e217b37eea14c9d1e592727a7dfb8e060c1c72840f3885cff5a31
1368,I_20294_65052_left_x,exact,A,,contradictory_review,3c71a4743bd47de47d5883da3c3e7fea16fcf5c054bf2f0053ff28a7d40fc961
1369,I_63029_65030_right_x,exact,B,B,explicit_text,70307be4b69e7a70d88c458081673e449d4707f68a13bbecbb8ebe60afbbf9f1
1370,I_63029_87757_right_s,exact,A,,contradictory_review,abc7aae8117dff3862d711228bac0649d5d1dec4446bc95ad347066b0c095210
1371,G_69658_right_1932,exact,A,,contradictory_review,29450eedcae055807c4ce6336b62d726b478d2aaae3269fc1eaa7c188ee40be2
1372,G_43210_left_551,exact,B,B,explicit_text,38178a20b470cfd18299fb1593dd4ba706f1a83321dac051d01086efd8b7a96f
1373,I_24101_57145_right_x,exact,B,B,explicit_text,70307be4b69e7a70d88c458081673e449d4707f68a13bbecbb8ebe60afbbf9f1
1374,G_32467_left_456,exact,A,,unrecognized_review,2dc39b8b885fd8ca4552c29dd192bb5c6ce307e3c6173625dd0ce18150649fbd
1375,I_20294_83742_right_s,exact,B,B,explicit_text,70307be4b69e7a70d88c458081673e449d4707f68a13bbecbb8ebe60afbbf9f1
1376,G_58398_left_1311,exact,A,,unrecognized_review,5dc528868e0f9f1edb336731b7badf9a9a13d977cb16d8d9a68b841dc12b1fd1
1377,G_96608_right_2785,exact,B,,unrecognized_review,f979bc49ac624bbde6e27443ed6fd0a842ee147b0f352b9b4803b48b181f1c4f
1378,D_27295_43,exact,B,,unrecognized_review,b5f3a88ffc39f3f43fc0fc740366b2a357d14e94dbcc17f27109640fc660df9e
1379,G_65030_right_1714,exact,A,,unrecognized_review,685303bbb71fee902af57b420c8b432b580b8495b3931fe9b7a9d013145d4100
1380,G_20294_right_228,exact,A,,contradictory_review,09a132eb8f3fe686ebe25103cdce11709863d435424588110b0776fd4b24a8a1
1381,I_32467_47904_left_x,exact,A,,contradictory_review,e05dec5957c0a0055023a0e347472f03084c0cce1862ae7faed37474e8b8b820
1382,I_27295_58793_left_x,exact,B,,unrecognized_review,71143cb2f4e5868ec2004d8cc3582485fed112e4368fecb14796dd402333daf8
1383,I_57145_58398_left_s,exact,B,,unrecognized_review,084b5057a5f7c50ad49991fdd08e4586855fcdfe2f8c8b2319f336503769fc1f
1384,I_58398_83742_left_x,exact,A,,unrecognized_review,bbac9ced7a0a213671996e897d5d2092f9b9b69194df72538644415d5eaafc1f
1385,G_43210_right_662,exact,A,,unrecognized_review,943f32a7f202d57f4250ed5bdd8fe20a8aad0cd2e7933a784d3d53a038a3037a
1386,I_65030_96608_left_x,exact,A,A,explicit_text,85a39ab345d672ff8ca9b9c6876f3adcacf45ee7c1e2dbd2408fd338bd55e07e
1387,G_57833_left_1171,exact,B,B,explicit_text,246fe1d62488415b4a769126cc8fff9a718be090de06f8b705c972cb18fc8101
1388,D_83742_232,exact,A,A,explicit_text,85a39ab345d672ff8ca9b9c6876f3adcacf45ee7c1e2dbd2408fd338bd55e07e
1389,I_57145_74850_left_x,exact,B,B,explicit_text,aed53647f8e7faae259182604b78104d4031fa6e48cacc54ece185cedba39b17
1390,I_69658_74850_right_s,exact,A,,unrecognized_review,f582249c22d0c14a23cc4a7c0274f93a9a45c73d5e2a65a37c50b5afa65801bc
1391,I_57145_74850_right_s,exact,A,A,explicit_text,85a39ab345d672ff8ca9b9c6876f3adcacf45ee7c1e2dbd2408fd338bd55e07e
1392,I_20294_93812_right_x,exact,A,,unrecognized_review,3c6a2e5775313278ad30e72b53ec47303992d853c65a2132bc6455036ea34089
1393,G_89171_right_2541,exact,A,,contradictory_review,2e11a6cb2b6949ecb97605a421e893c9582f49cf2a7f761580f934f0058885d9
1394,I_27295_65030_right_x,exact,B,,unrecognized_review,73034a96b707f4430a91aa9df21132afdd4ed877dd81e6730670a6ee2ec4b055
1395,D_96608_278,exact,A,,contradictory_review,1fd2008c3b55bb67a180dd6367b06ed2bc7a73f47840ac428faa5fe634101474
1396,G_69658_right_1917,exact,A,,unrecognized_review,8d411fd00c448e4eeafeb6ab667e2190a062c4905a9698db15db88863eb8af90
1397,G_58398_left_1297,exact,B,B,explicit_text,70307be4b69e7a70d88c458081673e449d4707f68a13bbecbb8ebe60afbbf9f1
1398,G_27295_right_405,exact,A,A,explicit_text,85a39ab345d672ff8ca9b9c6876f3adcacf45ee7c1e2dbd2408fd338bd55e07e
1399,G_63029_left_1552,exact,B,B,explicit_text,84f0c45b1fccd8a3c3b9d08f814978695444375fee7e814c4c721c86ce223047
1400,I_14493_20294_left_x,exact,A,,unrecognized_review,3f4a02feba241379d17401c2a0267fc27c37958471d838e2687851bc48750870
1401,G_74850_right_2020,exact,A,A,explicit_text,85a39ab345d672ff8ca9b9c6876f3adcacf45ee7c1e2dbd2408fd338bd55e07e
1402,I_58398_65030_right_x,exact,A,,contradictory_review,f0ac9b99047af5065c4be457a0c3ee31dc028e2915996f09935095ff93fac69e
1403,I_57145_89171_right_s,exact,A,,unrecognized_review,5aa9f2648d8ba125319a4cc853b56f713cf2882d69c979b2a6a7628927c75622
1404,I_47904_58398_left_s,exact,A,,uncertainty_or_refusal_review,4e9b1b481160553a0556e09dec6f6be8e7e4a56b522513d4df7d9f00d7bb5d28
1405,D_44595_83,exact,B,B,explicit_text,aed53647f8e7faae259182604b78104d4031fa6e48cacc54ece185cedba39b17
1406,I_20294_96608_left_x,exact,A,,unrecognized_review,5aa806f05bfd36d3ead7e5e276797359c49fc6bdf9ccd26e21a8ed6f39b4603c
1407,G_44595_right_776,exact,A,,contradictory_review,6a42cf84b1002399ba6bed3ab6e091d131ede7fb06e845154a172ff2aff52471
1408,G_56583_right_935,exact,B,,unrecognized_review,11a2d7b39cf36c4b01a68d0a69b75af529d5a28e37aaf857328d7c657ddad12e
1409,I_47904_69658_right_x,exact,A,A,explicit_text,85a39ab345d672ff8ca9b9c6876f3adcacf45ee7c1e2dbd2408fd338bd55e07e
1410,G_69658_right_1943,exact,B,,unrecognized_review,1879b6608872a2d1a5b0e30ccbb152deb46409e78c38ead6ce65f1848ad1a586
1411,G_69658_right_1933,exact,A,,contradictory_review,295b836261eccf6875b75214b48420bd79f994b0fa3d4528958c08b929e42fc1
1412,D_63029_156,exact,A,,contradictory_review,fcd518e15ea6ef65268ef08443f4b08da5b0f0f9a2035582a48e46ac4e77f57b
1413,D_20294_17,exact,A,,contradictory_review,5b870addcf29755b922caac62819b27995e33a14dd323f972f1a9d3064343b56
1414,G_27295_right_402,exact,A,,unrecognized_review,82e4c30a7d9cb067ab4dd2212eb545187198bb87eb05c92335c62b889cecb935
1415,G_57833_right_1206,exact,A,A,explicit_text,85a39ab345d672ff8ca9b9c6876f3adcacf45ee7c1e2dbd2408fd338bd55e07e
1416,D_32467_48,exact,A,A,explicit_text,85a39ab345d672ff8ca9b9c6876f3adcacf45ee7c1e2dbd2408fd338bd55e07e
1417,D_56583_105,exact,A,,contradictory_review,b9870f1605c9fd245a95c3bb54b72c63adc5248717a5d118554d3a39e1fbe2e7
1418,G_58398_left_1290,exact,A,A,explicit_text,85a39ab345d672ff8ca9b9c6876f3adcacf45ee7c1e2dbd2408fd338bd55e07e
1419,G_57145_left_971,exact,A,,unrecognized_review,dd581cec01204f2da2815880cb16aa4a4cbf8d53f7324208ab93a9ca5be6b868
1420,G_47904_right_825,exact,A,A,explicit_text,85a39ab345d672ff8ca9b9c6876f3adcacf45ee7c1e2dbd2408fd338bd55e07e
1421,I_57833_65052_left_s,exact,A,,unrecognized_review,ed41c2857608edc34b10d7a71c3f985f51b0555f756d3c50d2d9519bb2c444cd
1422,D_20294_12,exact,A,,unrecognized_review,e76e9edb6c69f086e99c36ddde852378e4069fe1d7a480226097d514a5dc1ed4
1423,G_76957_left_2084,exact,B,,unrecognized_review,ce92dcb3b4eba2a5ef5ff8c4234d9bc6b4f7b46dca7620374f9ffceb3a968bb7
1424,G_96608_right_2800,exact,A,,unrecognized_review,b514a406b6326d20f6fefe13b24b04d4e809f78c47fa4e133b2cb876212c63c1
1425,D_58793_147,exact,A,,unrecognized_review,f3d549a59e116951401be821f1cc2b664d9dd9e93e85fa6f748d85efbf9fe226
1426,G_87757_right_2430,exact,B,B,explicit_text,aed53647f8e7faae259182604b78104d4031fa6e48cacc54ece185cedba39b17
1427,I_74850_96608_left_s,exact,A,,unrecognized_review,e656f1afe1d9c1403f9b15107e67c9b5d418c89397f6ab30fb5761bc7f42cc79
1428,D_32467_54,exact,A,,unrecognized_review,43dc44cafa6ac246b3b6f03d3d5db458c8ea227c8b938bb1ff28110c5e85d91c
1429,I_47904_57833_right_x,exact,B,B,explicit_text,70307be4b69e7a70d88c458081673e449d4707f68a13bbecbb8ebe60afbbf9f1
1430,D_20294_22,exact,A,,unrecognized_review,5c80e9eb83201f32c16e4db19fd2bfdf29af954cc2fc689e831fbb1b5320a9ce
1431,I_58398_65030_right_s,exact,A,,unrecognized_review,a3898da4686b2dfad90ca523305d19f96a48413f2559708275b3ccb43aa5330e
1432,I_58398_87757_right_s,exact,A,,contradictory_review,614753c48e510ecf00472cb473b86fdcdc7a1b4d5fa6b10ef68b93e8376e8a8a
1433,I_58793_87757_right_s,exact,A,,unrecognized_review,917dc1ace6bf6e92dc056b5309e6a41f76ab54e4213cfae9cb1b0b78cfa35a46
1434,G_58398_left_1272,exact,A,,unrecognized_review,1f1c7093ab2b02330d071458eb506e008b90358395e332d81099ea261572429a
1435,I_65030_96608_right_x,exact,A,,unrecognized_review,07bcd181a80761c35d8bc09b62411e18a30099a12c2d8896faf386ff1d2bf79d
1436,D_74850_214,exact,A,,unrecognized_review,67340fdc0d91e50784249f2bf5c4f2b2a7d86eef02967494d2ebe536c793982b
1437,G_20294_left_198,exact,A,,contradictory_review,0c930251e730967661fc511ee3c068962831e2398ab5e6c79d0192aee6d65269
1438,D_65052_186,exact,A,,contradictory_review,eb4c64176988b804c4a38e534b50f2c6682f41494211e2527ffcea0dcf687338
1439,G_56583_right_900,exact,A,,unrecognized_review,8301558fa1309a314896bde83f592dc9f478440addf3e6cbf2fea7df348439b3
1440,G_57145_right_1060,exact,B,B,explicit_text,70307be4b69e7a70d88c458081673e449d4707f68a13bbecbb8ebe60afbbf9f1
1441,D_96608_285,exact,A,,unrecognized_review,288c14761dce2ef7435f3632bab2a1e991c0bb4751100e3fab8c05ebabaa65b6
1442,I_14493_99775_left_s,exact,A,A,explicit_text,747d39e9fc5cdde1e1fc822c31b31e99db7f403d683f5078f5a6c2616c4e83e6
1443,D_96608_282,exact,A,,unrecognized_review,ce82419f4ecc10c374b76dfff7c80b929332c70463d057ccd80e759f2c10d434
1444,I_83742_99775_right_x,exact,A,,contradictory_review,dca9abe3baec2ff736dad96c4c9404acb5dfc17436b647ade5281e6c9edfdeeb
1445,G_89171_right_2552,exact,A,,unrecognized_review,936345584b801d1ad6603874a47795f328be98cd8c0fc807e5851fa9ec672a02
1446,G_69658_left_1893,exact,B,,unrecognized_review,1879b6608872a2d1a5b0e30ccbb152deb46409e78c38ead6ce65f1848ad1a586
1447,I_14493_74850_right_x,exact,A,,unrecognized_review,e4357cf8cc51cd3f94751026e076ae3d705126fa56b4a68b572dae4f80603152
1448,G_56583_right_933,exact,B,,unrecognized_review,1e07e611e1d737c214292564d471f5d22dbada371844770680558e0c73684479
1449,D_32467_58,exact,B,B,explicit_text,84f0c45b1fccd8a3c3b9d08f814978695444375fee7e814c4c721c86ce223047
1450,G_99775_left_2846,exact,A,,unrecognized_review,9701e60728dee8da8e08b35ce31ca66cb12a83e635f327ebc7dc696dcb3c51c2
1451,I_47904_87757_right_x,exact,A,,unrecognized_review,9a51ec32c8d428560b1c87b129bca9f3674581d3021536920b2e32b8628ce28e
1452,G_99775_right_2918,exact,A,,uncertainty_or_refusal_review,13b6e754ebd7d62b7d6daf4dd4920ac50df59d032934d1ff0f6a0221645aeaaa
1453,G_76957_left_2117,exact,B,,unrecognized_review,7a4378eae549ae01c92cacbdb781415c1e078d39f5f5cc288dd68103183015e2
1454,I_65030_89171_left_s,exact,A,,uncertainty_or_refusal_review,f2c4f1246d9681ab615ea6beed36f5d311a5f544ea21e8b6ba2325fc666fae23
1455,D_65030_168,exact,B,B,explicit_text,89f7d798759e13e879e9b8c87de8693da2fbf4708fdf832ecdc81a76ea750e3b
1456,G_32467_right_533,exact,A,,contradictory_review,562918eb0ebf6e33e70045663ecb258e156af153c2cbd0b4423929e90ed42ade
1457,G_14493_left_36,exact,B,,unrecognized_review,028d06bac523c3dcf5d405d0920098d4ba9b01efeb128ed5a1f1e9682308982b
1458,G_27295_right_370,exact,A,,unrecognized_review,d8b68515bf9483a9c9a2648c6dc461cc159a354678c899c92556afad5cf519c0
1459,G_65052_right_1809,exact,A,,contradictory_review,552057ab1afb464479e8ffa6f9a4461215fcc656141dc125690315fe7707a689
1460,G_32467_left_427,exact,A,,contradictory_review,39d93ae0d418c629cc217ddfc252905133ffa0c50e2249807eedee7668fb6ba5
1461,I_93812_96608_right_s,exact,A,,contradictory_review,f83c1be51cb2c9c7fa2fabdb2f5a39bf32812f0755bc97d5b8ed2e58b37054e7
1462,G_89171_left_2518,exact,A,,unrecognized_review,525b09230129d8070c4f4b2465f0672be3e37e5533638ad32646ddb78b89d062
1463,I_43210_69658_left_s,exact,B,,unrecognized_review,9d3e743f9cbfa4c150020c46e316286894a4f360fcd2e78ded9d15f940214a70
1464,D_93812_273,exact,A,,unrecognized_review,13a51ab5287d88a0878b1ef8d78b3ee04de4715c4208101003b03f461f499ce2
1465,I_47904_87757_right_s,exact,A,A,explicit_text,85a39ab345d672ff8ca9b9c6876f3adcacf45ee7c1e2dbd2408fd338bd55e07e
1466,G_99775_left_2843,exact,A,,unrecognized_review,3b8238e47d6395dde9a14125c7a76d832c872ef43b3eabcc694920e492539648
1467,I_14493_32467_left_s,exact,B,,unrecognized_review,c2c9a08077abb272ef8cf0a962d2cd3d637521f9aef2d199af02aab06ea22dde
1468,G_96608_left_2718,exact,A,,contradictory_review,ec21d5f70eace43d72c0375b739de60f1f77191267ac3e2b4dc4d22e5c7e2d66
1469,G_57145_right_1051,exact,A,,unrecognized_review,3667e89be0d3893f37ccd89b2adf20dd0c5658eb0bb241b5759116b88ade559f
1470,I_74850_87757_right_s,exact,A,,uncertainty_or_refusal_review,b75013bcd8039dab7c7073dad23dcf8edc17022e68163d789aa2811d5f46ec03
1471,G_32467_right_526,exact,A,,uncertainty_or_refusal_review,6effd64f914eb016a0d227e69befd27bf0a1bacb8586ccc7fb3eeeb71c8fa9fc
1472,D_58398_134,exact,B,,unrecognized_review,b5f3a88ffc39f3f43fc0fc740366b2a357d14e94dbcc17f27109640fc660df9e
1473,I_27295_74850_left_x,exact,B,B,explicit_text,aed53647f8e7faae259182604b78104d4031fa6e48cacc54ece185cedba39b17
1474,I_65030_76957_right_x,exact,A,,unrecognized_review,78c53cfdc19edf4a2286033cb57d9e3395e3fd701c21e6cb4e02ebb00cb975ce
1475,G_43210_left_598,exact,A,,unrecognized_review,98299cdab487fdb5f26762555d4375d93b6706eecd515a88d422f96c68d9b06f
1476,I_20294_87757_right_x,exact,A,,contradictory_review,ac3f853d0dc662335e5f5fe5563d55864f056a648c6f202699b9fedc04f35181
1477,I_14493_89171_left_x,exact,A,A,explicit_text,1b7a09a3b821aa28ceb74d5cdfe18af6fe5ddc12ca0957e3281812b1c7899837
1478,I_74850_99775_left_s,exact,A,A,explicit_text,747d39e9fc5cdde1e1fc822c31b31e99db7f403d683f5078f5a6c2616c4e83e6
1479,G_83742_left_2236,exact,A,,unrecognized_review,91001332f058e5da0a1bc984eab221517b3699f4e0ea4ab5be4bf408cd383165
1480,G_87757_left_2395,exact,A,,contradictory_review,b7bb77f31a5edbee29da41f492fbbed26589c1357cc92bf36db1b6b17031c799
1481,D_57145_113,exact,A,,contradictory_review,e1a6572eadc53f9661a9525dd729640dba6cbc7538444d8ed5fa5b35a6a317ce
1482,D_87757_249,exact,A,,unrecognized_review,08f888b87544662608a6b0fe5dd5fd8ef892313b6d7195b1a3ae11dca6946575
1483,I_65052_74850_right_s,exact,A,A,explicit_text,85a39ab345d672ff8ca9b9c6876f3adcacf45ee7c1e2dbd2408fd338bd55e07e
1484,I_24101_32467_right_x,exact,A,,unrecognized_review,ca940fb8a7b3dd17f9a41ef894fd59764b59e9e2ef7c0df4e34405b8b149133a
